   9.9999999999900329        1.0000000000000000E-004         800      100000
   80.000000000000057        39.999999999999993     
   7.2067000000000000E+09  -3.3047106754082214E+00   7.8136307547910238E-09   4.2505827954826858E-19   6.6854875412901981E+02
   7.2142000000000000E+09  -5.4658779772883570E-01   4.5362411993640007E-09   2.4022343118224744E-19   6.8676705369904823E+02
   7.2217000000000000E+09  -1.0935503511135932E+01   2.3340487235325889E-09   1.0820431436483345E-19   7.8450193662712149E+02
   7.2292000000000000E+09  -3.6622275631381974E+01   1.4158646718747693E-09   5.8777950593119560E-20   8.7606430564762979E+02
   7.2367000000000000E+09  -6.9622737202182080E+01   1.1437902754723411E-09   4.7541734871649550E-20   8.7498388369430108E+02
   7.2442000000000000E+09  -1.2254469959364111E+02   1.0679080754867049E-09   4.4777413622745784E-20   8.6736829961988690E+02
   7.2517000000000000E+09  -1.9980598507590884E+02   1.0809683366449965E-09   4.3817665160599699E-20   8.9720651883339724E+02
   7.2592000000000000E+09  -2.9930781992869123E+02   1.0663061449626223E-09   4.3255531484261042E-20   8.9653848959770630E+02
   7.2667000000000000E+09  -4.5972169858656974E+02   1.0502019574719489E-09   4.2692349721027253E-20   8.9464645382168601E+02
   7.2742000000000000E+09  -6.9332553853907109E+02   1.0304123690676781E-09   4.1965399368670278E-20   8.9299367450137299E+02
   7.2817000000000000E+09  -1.0176026710983962E+03   1.0053588349635507E-09   4.1021073239672046E-20   8.9133869344951779E+02
   7.2892000000000000E+09  -1.4393767527428613E+03   9.7331794223624559E-10   3.9797534934108242E-20   8.8946166760417611E+02
   7.2967000000000000E+09  -1.9771209222499137E+03   9.2917958914018631E-10   3.8136361751803631E-20   8.8611294783833284E+02
   7.3042000000000000E+09  -2.8021798481714163E+03   8.6613955111414997E-10   3.5750915274870740E-20   8.8110848898022095E+02
   7.3117000000000000E+09  -4.2814005321496907E+03   7.7930289538095820E-10   3.2339312288246593E-20   8.7640367371453192E+02
   7.3192000000000000E+09  -6.7975670243634440E+03   6.6814747892839657E-10   2.7842163150078509E-20   8.7276644313424458E+02
   7.3267000000000000E+09  -1.0765067100001124E+04   5.4094751104759855E-10   2.2616315540430467E-20   8.6988521996347663E+02
   7.3342000000000000E+09  -1.6649968578800122E+04   4.1393511309198252E-10   1.7317174537832892E-20   8.6932849185446253E+02
   7.3417000000000000E+09  -2.4835655122610558E+04   3.0367411653636781E-10   1.2583585192453108E-20   8.7767163479791338E+02
   7.3492000000000000E+09  -3.5269886556220546E+04   2.1886493074905296E-10   8.7822636620733841E-21   9.0635510962720173E+02
   7.3567000000000000E+09  -4.6765706233977820E+04   1.5810400111005313E-10   5.9638512374372227E-21   9.6415029524937609E+02
   7.3642000000000000E+09  -5.6206547738780711E+04   1.1542866395689389E-10   3.9822172866509529E-21   1.0541863666330407E+03
   7.3717000000000000E+09  -6.0101569758589278E+04   8.5083844385247817E-11   2.6330756465299556E-21   1.1752018003156425E+03
   7.3792000000000000E+09  -5.9629966483353892E+04   6.2610275494858140E-11   1.7303995872733311E-21   1.3159151642923985E+03
   7.3867000000000000E+09  -5.3799760989324379E+04   4.5247369975194959E-11   1.1313221159122403E-21   1.4545737417582825E+03
   7.3942000000000000E+09  -4.0781226745325257E+04   3.1818589911571291E-11   7.3712087463183752E-22   1.5698960576652273E+03
   7.4017000000000000E+09  -2.5192349068687974E+04   2.1746306915275712E-11   4.7969502282666330E-22   1.6487278746084635E+03
   7.4092000000000000E+09  -1.2269919464971010E+04   1.4498907518847631E-11   3.1226578829075942E-22   1.6886496477705416E+03
   7.4167000000000000E+09  -5.5935140069838990E+03   9.4862857277248152E-12   2.0337960534291248E-22   1.6963578818106628E+03
   7.4242000000000000E+09  -4.0048201745740553E+03   6.1286942714025510E-12   1.3243238467655292E-22   1.6830710024030489E+03
   7.4317000000000000E+09  -4.3477151289890553E+03   3.9366698401231847E-12   8.6216226029138957E-23   1.6606138827986670E+03
   7.4392000000000000E+09  -8.1854322573110985E+03   2.5293933906484069E-12   5.6168005352488702E-23   1.6377818643970525E+03
   7.4467000000000000E+09  -1.6276025594100644E+04   1.6303768333413698E-12   3.6646117832266984E-23   1.6180379433442024E+03
   7.4542000000000000E+09  -2.5749786985043793E+04   1.0556065749722396E-12   2.3969625935904215E-23   1.6016569764894814E+03
   7.4617000000000000E+09  -3.4458406091637640E+04   6.8747572928103284E-13   1.5739852511267870E-23   1.5884933154734049E+03
   7.4692000000000000E+09  -4.1537743567874968E+04   4.5128042147651514E-13   1.0391472698472928E-23   1.5794215929948484E+03
   7.4767000000000000E+09  -4.7043517556782404E+04   2.9941567903725378E-13   6.9065918171937874E-24   1.5766650061368498E+03
   7.4842000000000000E+09  -5.1455002905511930E+04   2.0156567640565223E-13   4.6282830409185026E-24   1.5838912142677339E+03
   7.4917000000000000E+09  -5.5293641306741491E+04   1.3846145495034061E-13   3.1346270549558877E-24   1.6064665717541295E+03
   7.4992000000000000E+09  -5.8927973502867797E+04   9.7807621200408782E-14   2.1537433462475596E-24   1.6516097099610442E+03
   7.5067000000000000E+09  -6.2525710784297378E+04   7.1679762581423123E-14   1.5088029670215623E-24   1.7277969718031832E+03
   7.5142000000000000E+09  -6.6091064511564080E+04   5.4917307336998671E-14   1.0838031395549107E-24   1.8428394899100388E+03
   7.5217000000000000E+09  -6.9538274299618453E+04   4.4144773983819820E-14   8.0241558441140982E-25   2.0008227760321056E+03
   7.5292000000000000E+09  -7.2765680583045876E+04   3.7161803729478113E-14   6.1459552334648464E-25   2.1990549033890666E+03
   7.5367000000000000E+09  -7.5707250781481154E+04   3.2546594734209914E-14   4.8774073279664725E-25   2.4268627151987439E+03
   7.5442000000000000E+09  -7.8352586216426716E+04   2.9390993283115716E-14   4.0070509130739520E-25   2.6675838699500209E+03
   7.5517000000000000E+09  -8.0739122283392222E+04   2.7123195297223372E-14   3.3977089148942235E-25   2.9032428231022300E+03
   7.5592000000000000E+09  -8.2928884564480410E+04   2.5389782175994108E-14   2.9600785025346201E-25   3.1194959480551270E+03
   7.5667000000000000E+09  -8.4984420913945054E+04   2.3977095040907147E-14   2.6358396094378697E-25   3.3083105094268954E+03
   7.5742000000000000E+09  -8.6954147592202862E+04   2.2758772816898450E-14   2.3869054860707910E-25   3.4677062221904580E+03
   7.5817000000000000E+09  -8.8869357631025574E+04   2.1661399374081151E-14   2.1884695730401269E-25   3.5997693632171022E+03
   7.5892000000000000E+09  -9.0748579232458316E+04   2.0642896882463291E-14   2.0244211238899374E-25   3.7085015304001913E+03
   7.5967000000000000E+09  -9.2603394640936836E+04   1.9679531122661832E-14   1.8843048140631327E-25   3.7983262854855684E+03
   7.6042000000000000E+09  -9.4442269394090079E+04   1.8758298149041625E-14   1.7613205941876167E-25   3.8733228777782169E+03
   7.6117000000000000E+09  -9.6271968490508487E+04   1.7872428117776651E-14   1.6510244092988098E-25   3.9369395343534161E+03
   7.6192000000000000E+09  -9.8097664971020757E+04   1.7018658989093860E-14   1.5504907332036887E-25   3.9919476836580689E+03
   7.6267000000000000E+09  -9.9922854947705069E+04   1.6195576290185230E-14   1.4577732546827513E-25   4.0404999697940821E+03
   7.6342000000000000E+09  -1.0174952884047935E+05   1.5402636598552006E-14   1.3715570340399662E-25   4.0842270468632751E+03
   7.6417000000000000E+09  -1.0357851026125786E+05   1.4639628001788993E-14   1.2909342301179564E-25   4.1243413695833488E+03
   7.6492000000000000E+09  -1.0540979910901646E+05   1.3906401420994323E-14   1.2152598919757952E-25   4.1617335967153986E+03
   7.6567000000000000E+09  -1.0724287671354991E+05   1.3202755809400369E-14   1.1440595429527408E-25   4.1970548277322405E+03
   7.6642000000000000E+09  -1.0907696337441882E+05   1.2528395865343223E-14   1.0769700373936265E-25   4.2307808158470098E+03
   7.6717000000000000E+09  -1.1091122869602544E+05   1.1882921683052513E-14   1.0137016284927620E-25   4.2632595187029738E+03
   7.6792000000000000E+09  -1.1274495931549947E+05   1.1265833313746889E-14   9.5401353044581287E-26   4.2947458311692162E+03
   7.6867000000000000E+09  -1.1457767518946597E+05   1.0676541634029610E-14   8.9769810150032175E-26   4.3254268421484439E+03
   7.6942000000000000E+09  -1.1640918617843649E+05   1.0114381246460734E-14   8.4457057704619217E-26   4.3554401665306896E+03
   7.7017000000000000E+09  -1.1823959370088154E+05   9.5786234220877523E-15   7.9446240549970332E-26   4.3848872268011974E+03
   7.7092000000000000E+09  -1.2006925284465904E+05   9.0684883048569806E-15   7.4721693870353121E-26   4.4138428713045414E+03
   7.7167000000000000E+09  -1.2189871342747778E+05   8.5831561675391069E-15   7.0268666710282548E-26   4.4423623623692811E+03
   7.7242000000000000E+09  -1.2372865597638406E+05   8.1217777016990719E-15   6.6073146851270167E-26   4.4704864903815742E+03
   7.7317000000000000E+09  -1.2555983380683944E+05   7.6834833463785472E-15   6.2121751837081775E-26   4.4982453500488537E+03
   7.7392000000000000E+09  -1.2739302748907391E+05   7.2673916443883619E-15   5.8401662622400164E-26   4.5256611498402663E+03
   7.7467000000000000E+09  -1.2922901394244525E+05   6.8726166167690662E-15   5.4900584075107251E-26   4.5527503113341854E+03
   7.7542000000000000E+09  -1.3106854949794695E+05   6.4982741688181686E-15   5.1606721797332789E-26   4.5795250412659125E+03
   7.7617000000000000E+09  -1.3291236456379891E+05   6.1434875708556463E-15   4.8508768306194845E-26   4.6059945122797481E+03
   7.7692000000000000E+09  -1.3476116687903620E+05   5.8073920811336928E-15   4.5595894061699156E-26   4.6321657581227055E+03
   7.7767000000000000E+09  -1.3661565047648110E+05   5.4891387927520463E-15   4.2857740496177194E-26   4.6580443685602031E+03
   7.7842000000000000E+09  -1.3847650807463756E+05   5.1878977909305996E-15   4.0284413320327840E-26   4.6836350546458725E+03
   7.7917000000000000E+09  -1.4034444540770899E+05   4.9028607043891188E-15   3.7866475123934435E-26   4.7089421440159758E+03
   7.7992000000000000E+09  -1.4222019676223063E+05   4.6332427282926603E-15   3.5594936773466635E-26   4.7339700578603479E+03
   7.8067000000000000E+09  -1.4410454161318374E+05   4.3782841880652120E-15   3.3461247418559866E-26   4.7587238150076791E+03
   7.8142000000000000E+09  -1.4599832269260002E+05   4.1372517053929297E-15   3.1457283112762409E-26   4.7832096041603563E+03
   7.8217000000000000E+09  -1.4790246607775093E+05   3.9094390205814466E-15   2.9575334170910737E-26   4.8074354622890942E+03
   7.8292000000000000E+09  -1.4981800399251631E+05   3.6941675192252087E-15   2.7808091452168496E-26   4.8314120951537579E+03
   7.8367000000000000E+09  -1.5174610100068545E+05   3.4907865057497108E-15   2.6148631791527256E-26   4.8551538744054787E+03
   7.8442000000000000E+09  -1.5368808418552467E+05   3.2986732615362327E-15   2.4590402814737264E-26   4.8786800442475442E+03
   7.8517000000000000E+09  -1.5564547776447283E+05   3.1172329209934321E-15   2.3127207369854548E-26   4.9020161689490096E+03
   7.8592000000000000E+09  -1.5762004241071874E+05   2.9458981945533358E-15   2.1753187798043409E-26   4.9251958495888484E+03
   7.8667000000000000E+09  -1.5961381934144325E+05   2.7841289636221810E-15   2.0462810250644560E-26   4.9482627344856201E+03
   7.8742000000000000E+09  -1.6162917899140323E+05   2.6314117686410672E-15   1.9250849241373398E-26   4.9712728419337873E+03
   7.8817000000000000E+09  -1.6366887381713971E+05   2.4872592078700955E-15   1.8112372603554516E-26   4.9942972060475076E+03
   7.8892000000000000E+09  -1.6573609447641199E+05   2.3512092614326439E-15   1.7042727003578605E-26   5.0174248466240315E+03
   7.8967000000000000E+09  -1.6783452829512721E+05   2.2228245523420855E-15   1.6037524143712727E-26   5.0407660513806968E+03
   7.9042000000000000E+09  -1.6996841859248618E+05   2.1016915538991207E-15   1.5092627769918636E-26   5.0644559439128425E+03
   7.9117000000000000E+09  -1.7214262308537454E+05   1.9874197509492662E-15   1.4204141582924679E-26   5.0886582932459214E+03
   7.9192000000000000E+09  -1.7436266924985737E+05   1.8796407608765643E-15   1.3368398132561444E-26   5.1135695007408449E+03
   7.9267000000000000E+09  -1.7663480420025950E+05   1.7780074189779577E-15   1.2581948755172901E-26   5.1394226778256088E+03
   7.9342000000000000E+09  -1.7896603635125427E+05   1.6821928318113926E-15   1.1841554590377562E-26   5.1664917034898417E+03
   7.9417000000000000E+09  -1.8136416587227225E+05   1.5918894013059922E-15   1.1144178685195503E-26   5.1950951242582787E+03
   7.9492000000000000E+09  -1.8383780071406052E+05   1.5068078217709844E-15   1.0486979159250569E-26   5.2255997317056945E+03
   7.9567000000000000E+09  -1.8639635480275610E+05   1.4266760513111180E-15   9.8673033634049547E-27   5.2584236234583805E+03
   7.9642000000000000E+09  -1.8905002483994648E+05   1.3512382587412122E-15   9.2826829153834540E-27   5.2940385239115085E+03
   7.9717000000000000E+09  -1.9180974204526786E+05   1.2802537467428570E-15   8.7308294402206053E-27   5.3329711103672953E+03
   7.9792000000000000E+09  -1.9468709515367253E+05   1.2134958518390573E-15   8.2096307825214566E-27   5.3758030594548163E+03
   7.9867000000000000E+09  -1.9769422106612759E+05   1.1507508220627053E-15   7.7171473950136894E-27   5.4231694990453734E+03
   7.9942000000000000E+09  -2.0084365984147930E+05   1.0918166739927182E-15   7.2516085489943675E-27   5.4757555237653478E+03
   8.0017000000000000E+09  -2.0414817128108765E+05   1.0365020325736242E-15   6.8114079642459882E-27   5.5342904120996645E+03
   8.0092000000000000E+09  -2.0762051132378989E+05   9.8462496008837028E-16   6.3950984276861167E-27   5.5995391765209997E+03
   8.0167000000000000E+09  -2.1127316794306459E+05   9.3601178511396562E-16   6.0013849712105976E-27   5.6722910956336154E+03
   8.0242000000000000E+09  -2.1511805834851880E+05   8.9049594830845376E-16   5.6291162194261582E-27   5.7533449333891185E+03
   8.0317000000000000E+09  -2.1916619208581658E+05   8.4791688932503202E-16   5.2772736048525374E-27   5.8434906638996481E+03
   8.0392000000000000E+09  -2.2342730809826392E+05   8.0811900726397980E-16   4.9449582853487687E-27   5.9434877110016187E+03
   8.0467000000000000E+09  -2.2790949780504304E+05   7.7095073472206813E-16   4.6313757836274445E-27   6.0540399976833151E+03
   8.0542000000000000E+09  -2.3261883044364577E+05   7.3626377093300765E-16   4.3358185916966696E-27   6.1757684901264256E+03
   8.0617000000000000E+09  -2.3755900079441423E+05   7.0391252063821191E-16   4.0576472254174942E-27   6.3091824040559604E+03
   8.0692000000000000E+09  -2.4273102224774470E+05   6.7375378025902116E-16   3.7962704498245926E-27   6.4546507790562773E+03
   8.0767000000000000E+09  -2.4813298917862473E+05   6.4564670029003551E-16   3.5511255928961307E-27   6.6123766448651722E+03
   8.0842000000000000E+09  -2.5375993101450682E+05   6.1945303249287263E-16   3.3216599915054047E-27   6.7823763918863124E+03
   8.0917000000000000E+09  -2.5960377570722086E+05   5.9503764411006820E-16   3.1073146403458285E-27   6.9644670826008596E+03
   8.0992000000000000E+09  -2.6565343259768758E+05   5.7226925227423783E-16   2.9075110252194804E-27   7.1582641699106525E+03
   8.1067000000000000E+09  -2.7189499455959885E+05   5.5102130490470678E-16   2.7216419143181675E-27   7.3631913372009531E+03
   8.1142000000000000E+09  -2.7831204825092398E+05   5.3117291492036339E-16   2.5490665714499834E-27   7.5785029478174247E+03
   8.1217000000000000E+09  -2.8488607116176205E+05   5.1260974722343021E-16   2.3891104776640508E-27   7.8033180217372555E+03
   8.1292000000000000E+09  -2.9159688670573884E+05   4.9522476516424224E-16   2.2410692497572219E-27   8.0366630070067204E+03
   8.1367000000000000E+09  -2.9842314483354823E+05   4.7891876357944514E-16   2.1042160789503267E-27   8.2775192139230421E+03
   8.1442000000000000E+09  -3.0534279617603600E+05   4.6360064291531807E-16   1.9778117306328141E-27   8.5248699207272875E+03
   8.1517000000000000E+09  -3.1233353399540292E+05   4.4918740803446626E-16   1.8611159834871639E-27   8.7777420492938309E+03
   8.1592000000000000E+09  -3.1937319021567143E+05   4.3560391046617410E-16   1.7533993593094346E-27   9.0352381893968868E+03
   8.1667000000000000E+09  -3.2644008060065215E+05   4.2278240058048064E-16   1.6539540970829794E-27   9.2965568175385179E+03
   8.1742000000000000E+09  -3.3351328595263988E+05   4.1066198889088744E-16   1.5621035358543686E-27   9.5610011512705623E+03
   8.1817000000000000E+09  -3.4057284432148520E+05   3.9918806834416315E-16   1.4772093591272811E-27   9.8279781222991078E+03
   8.1892000000000000E+09  -3.4759986340360466E+05   3.8831163336402332E-16   1.3986764643684694E-27   1.0096987402484794E+04
   8.1967000000000000E+09  -3.5457663169992901E+05   3.7798844970132246E-16   1.3259554869390205E-27   1.0367600742713652E+04
   8.2042000000000000E+09  -3.6148676148430159E+05   3.6817832179590497E-16   1.2585432086871340E-27   1.0639439837081367E+04
   8.2117000000000000E+09  -3.6831521612228377E+05   3.5884478751961577E-16   1.1959812553813150E-27   1.0912165620659127E+04
   8.2192000000000000E+09  -3.7504811396104126E+05   3.4995502635366744E-16   1.1378536016617531E-27   1.1185477455726374E+04
   8.2267000000000000E+09  -3.8167255230066477E+05   3.4147933162313303E-16   1.0837833632099732E-27   1.1459102982682125E+04
   8.2342000000000000E+09  -3.8817662513934245E+05   3.3339035701645288E-16   1.0334292460505302E-27   1.1732781043601897E+04
   8.2417000000000000E+09  -3.9454935241929482E+05   3.2566295199565224E-16   9.8648197419399984E-28   1.2006263792894162E+04
   8.2492000000000000E+09  -4.0078048183666921E+05   3.1827414134159053E-16   9.4266094108168261E-28   1.2279325798200700E+04
   8.2567000000000000E+09  -4.0686039948056161E+05   3.1120279865264613E-16   9.0171119485025144E-28   1.2551762473685341E+04
   8.2642000000000000E+09  -4.1278006918925478E+05   3.0442936443816568E-16   8.6340079543676994E-28   1.2823387802544681E+04
   8.2717000000000000E+09  -4.1853090320233180E+05   2.9793583860273991E-16   8.2751856093570616E-28   1.3094040613375459E+04
   8.2792000000000000E+09  -4.2410474038116302E+05   2.9170577298990361E-16   7.9387213860024271E-28   1.3363590018320823E+04
   8.2867000000000000E+09  -4.2949401830762217E+05   2.8572400669309583E-16   7.6228629137047644E-28   1.3631928566683522E+04
   8.2942000000000000E+09  -4.3469189916206314E+05   2.7997648531263056E-16   7.3260136281125949E-28   1.3898966713824324E+04
   8.3017000000000000E+09  -4.3969231833710341E+05   2.7445025768188811E-16   7.0467190265011864E-28   1.4164634330226605E+04
   8.3092000000000000E+09  -4.4449005835775845E+05   2.6913345923484665E-16   6.7836540800977254E-28   1.4428881925342059E+04
   8.3167000000000000E+09  -4.4908082839800639E+05   2.6401525492081943E-16   6.5356114612856801E-28   1.4691680506596598E+04
   8.3242000000000000E+09  -4.5346132727111736E+05   2.5908575520127240E-16   6.3014904337380046E-28   1.4953020687102338E+04
   8.3317000000000000E+09  -4.5762927323712443E+05   2.5433591876617377E-16   6.0802863872785674E-28   1.5212911624734839E+04
   8.3392000000000000E+09  -4.6158339840590628E+05   2.4975744506464109E-16   5.8710810498959053E-28   1.5471379779334800E+04
   8.3467000000000000E+09  -4.6532341722892958E+05   2.4534265425792577E-16   5.6730334121938178E-28   1.5728467081913948E+04
   8.3542000000000000E+09  -4.6884998256085283E+05   2.4108435503829458E-16   5.4853714021549467E-28   1.5984228152356698E+04
   8.3617000000000000E+09  -4.7216464053122100E+05   2.3697570787115254E-16   5.3073843707393297E-28   1.6238726518635458E+04
   8.3692000000000000E+09  -4.7526978853339108E+05   2.3301009831224032E-16   5.1384164847153659E-28   1.6492030168779023E+04
   8.3767000000000000E+09  -4.7816862784987537E+05   2.2918103798664205E-16   4.9778611443520817E-28   1.6744206982229756E+04
   8.3842000000000000E+09  -4.8086508180691855E+05   2.2548210380585065E-16   4.8251565019794134E-28   1.6995320302230903E+04
   8.3917000000000000E+09  -4.8336360693633795E+05   2.2190692198010887E-16   4.6797820263768864E-28   1.7245425096855091E+04
   8.3992000000000000E+09  -4.8566877583036333E+05   2.1844918989550847E-16   4.5412559555276797E-28   1.7494564579099944E+04
   8.4067000000000000E+09  -4.8778451168224501E+05   2.1510274297761547E-16   4.4091337182322983E-28   1.7742767358569836E+04
   8.4142000000000000E+09  -4.8971293381907197E+05   2.1186178390811418E-16   4.2830081721893246E-28   1.7990051288200084E+04
   8.4217000000000000E+09  -4.9145302735367056E+05   2.0872145860659653E-16   4.1625131386257371E-28   1.8236444257756011E+04
   8.4292000000000000E+09  -4.9299971103779052E+05   2.0567886087516214E-16   4.0473305201752636E-28   1.8482029800068904E+04
   8.4367000000000000E+09  -4.9434416626048897E+05   2.0273414863370357E-16   3.9371970633981476E-28   1.8727009675001442E+04
   8.4442000000000000E+09  -4.9547634231053927E+05   1.9989083184238048E-16   3.8319009965526357E-28   1.8971744849820174E+04
   8.4517000000000000E+09  -4.9638963597619190E+05   1.9715396664594515E-16   3.7312565778397859E-28   1.9216712155782217E+04
   8.4592000000000000E+09  -4.9708532011786621E+05   1.9452584673623679E-16   3.6350548705520767E-28   1.9462338568105417E+04
   8.4667000000000000E+09  -4.9757387250184757E+05   1.9200117589359999E-16   3.5430143993634501E-28   1.9708775878670189E+04
   8.4742000000000000E+09  -4.9787698622138897E+05   1.8956527620300228E-16   3.4547694599995214E-28   1.9955765685343868E+04
   8.4817000000000000E+09  -4.9802947852659714E+05   1.8719664991693460E-16   3.3699061023543228E-28   2.0202678470848285E+04
   8.4892000000000000E+09  -4.9808098198939435E+05   1.8487431838014803E-16   3.2880451645822794E-28   2.0448784172038319E+04
   8.4967000000000000E+09  -4.9804926845912286E+05   1.8258785862305462E-16   3.2089465625020931E-28   2.0693697201790961E+04
   8.5042000000000000E+09  -4.9780137228838325E+05   1.8034569625106193E-16   3.1325875921576245E-28   2.0937809261775601E+04
   8.5117000000000000E+09  -4.9729248156920093E+05   1.7817325294079908E-16   3.0591297008051872E-28   2.1182308959205959E+04
   8.5192000000000000E+09  -4.9661300319574587E+05   1.7607771271630831E-16   2.9885418407205789E-28   2.1427609704235772E+04
   8.5267000000000000E+09  -4.9578659353199269E+05   1.7405265044527156E-16   2.9206494885464879E-28   2.1673541465241793E+04
   8.5342000000000000E+09  -4.9480620871589996E+05   1.7208942557722585E-16   2.8552548567372576E-28   2.1919870585907898E+04
   8.5417000000000000E+09  -4.9366281463299290E+05   1.7018189249842015E-16   2.7921880831153946E-28   2.2166511955118029E+04
   8.5492000000000000E+09  -4.9235312308410526E+05   1.6832640397276189E-16   2.7313102695734613E-28   2.2413510742391980E+04
   8.5567000000000000E+09  -4.9087822041206207E+05   1.6652071215553436E-16   2.6725046663915229E-28   2.2660968500893887E+04
   8.5642000000000000E+09  -4.8924106031918444E+05   1.6476314896593720E-16   2.6156693099633623E-28   2.2908989153790291E+04
   8.5717000000000000E+09  -4.8744496366472868E+05   1.6305218898704573E-16   2.5607121054246972E-28   2.3157653893070252E+04
   8.5792000000000000E+09  -4.8549292475291213E+05   1.6138626536753592E-16   2.5075476058052191E-28   2.3407016680029781E+04
   8.5867000000000000E+09  -4.8338732934386906E+05   1.5976374194029579E-16   2.4560951930618224E-28   2.3657111049905056E+04
   8.5942000000000000E+09  -4.8112989104249427E+05   1.5818296964216771E-16   2.4062783850232278E-28   2.3907960758096760E+04
   8.6017000000000000E+09  -4.7872171335352113E+05   1.5664237007468495E-16   2.3580248317967176E-28   2.4159589515356587E+04
   8.6092000000000000E+09  -4.7616341976459610E+05   1.5514050857801713E-16   2.3112665537681966E-28   2.4412027801078380E+04
   8.6167000000000000E+09  -4.7345531989003503E+05   1.5367613733898799E-16   2.2659400850268169E-28   2.4665316548452767E+04
   8.6242000000000000E+09  -4.7059759955774574E+05   1.5224819895552880E-16   2.2219863029256993E-28   2.4919508143818031E+04
   8.6317000000000000E+09  -4.6759053164956544E+05   1.5085578424995272E-16   2.1793498016672652E-28   2.5174665191476204E+04
   8.6392000000000000E+09  -4.6443471128566132E+05   1.4949804193178230E-16   2.1379777410354666E-28   2.5430857530528665E+04
   8.6467000000000000E+09  -4.6113133886844770E+05   1.4817404736338774E-16   2.0978182243628812E-28   2.5688158343215924E+04
   8.6542000000000000E+09  -4.5768261006338126E+05   1.4688265225811207E-16   2.0588184414671834E-28   2.5946640587320471E+04
   8.6617000000000000E+09  -4.5409229759866704E+05   1.4562234899506830E-16   2.0209229921115873E-28   2.6206374749023147E+04
   8.6692000000000000E+09  -4.5036657557966281E+05   1.4439118210670773E-16   1.9840728779273876E-28   2.6467427447857597E+04
   8.6767000000000000E+09  -4.4651499659424467E+05   1.4318671946233118E-16   1.9482055279805624E-28   2.6729857750663272E+04
   8.6842000000000000E+09  -4.4255128951618657E+05   1.4200606204535077E-16   1.9132559100882830E-28   2.6993705187868665E+04
   8.6917000000000000E+09  -4.3849339150049427E+05   1.4084584384349845E-16   1.8791584228951686E-28   2.7258962420593252E+04
   8.6992000000000000E+09  -4.3436202167900262E+05   1.3970218215532871E-16   1.8458491327757046E-28   2.7525528591337152E+04
   8.7067000000000000E+09  -4.3017729899476940E+05   1.3857060816801976E-16   1.8132682877657209E-28   2.7793147774000066E+04
   8.7142000000000000E+09  -4.2595344539801613E+05   1.3744613416614846E-16   1.7813639535531606E-28   2.8061349254379518E+04
   8.7217000000000000E+09  -4.2169235825335840E+05   1.3632374692975314E-16   1.7500986349669230E-28   2.8329419019199322E+04
   8.7292000000000000E+09  -4.1737740613901796E+05   1.3519965925171026E-16   1.7194609210488509E-28   2.8596439749381560E+04
   8.7367000000000000E+09  -4.1296861109531316E+05   1.3407348086813932E-16   1.6894826334556509E-28   2.8861429159373085E+04
   8.7442000000000000E+09  -4.0839903777317598E+05   1.3295102677766650E-16   1.6602588757403800E-28   2.9123566956381201E+04
   8.7517000000000000E+09  -4.0357144558141357E+05   1.3184697016588452E-16   1.6319650223298821E-28   2.9382448768973565E+04
   8.7592000000000000E+09  -3.9835799970243743E+05   1.3078631643045856E-16   1.6048609461610700E-28   2.9638319755144905E+04
   8.7667000000000000E+09  -3.9260783555708267E+05   1.2980350131178605E-16   1.5792681338730625E-28   2.9892291908922791E+04
   8.7742000000000000E+09  -3.8616336577443377E+05   1.2893764661012603E-16   1.5555026571645581E-28   3.0146553007216189E+04
   8.7817000000000000E+09  -3.7888004081221321E+05   1.2822321317057630E-16   1.5337542962416271E-28   3.0404617432660794E+04
   8.7892000000000000E+09  -3.7064024617044511E+05   1.2767775708108436E-16   1.5139299277751637E-28   3.0671721365733407E+04
   8.7967000000000000E+09  -3.6136827368084207E+05   1.2729132784480595E-16   1.4955226388927174E-28   3.0955263482071623E+04
   8.8042000000000000E+09  -3.5111105520979239E+05   1.2701991938662774E-16   1.4775808988974782E-28   3.1264338508837624E+04
   8.8117000000000000E+09  -3.4032192372439569E+05   1.2677625105241021E-16   1.4587719272603821E-28   3.1606702422861243E+04
   8.8192000000000000E+09  -3.3041489798524341E+05   1.2641450721070636E-16   1.4374122389079628E-28   3.1984845514312910E+04
   8.8267000000000000E+09  -3.2420765844401129E+05   1.2575026149556836E-16   1.4114578338999175E-28   3.2401839622929820E+04
   8.8342000000000000E+09  -3.2248321138708835E+05   1.2471205946099936E-16   1.3789658634419809E-28   3.2891495143713481E+04
   8.8417000000000000E+09  -3.2488129906365625E+05   1.2369128697747016E-16   1.3396243302245493E-28   3.3580314669040337E+04
   8.8492000000000000E+09  -3.3785071356649697E+05   1.2307153811422114E-16   1.2902955156278740E-28   3.4689426516650223E+04
   8.8567000000000000E+09  -3.8213157436121651E+05   1.2243051633125697E-16   1.2178308145490534E-28   3.6562122725636204E+04
   8.8642000000000000E+09  -4.6806148327277531E+05   1.1730083849818914E-16   1.1018451164869715E-28   3.8717672787439318E+04
   8.8717000000000000E+09  -5.9722633898721461E+05   1.0345075990320117E-16   9.4137836296065342E-29   3.9966687321403391E+04
   8.8792000000000000E+09  -7.7132334966862155E+05   8.3115727600307818E-17   7.6155857946912673E-29   3.9692511174261585E+04
   8.8867000000000000E+09  -9.7431030599144183E+05   6.2216571913946794E-17   6.0133223832879859E-29   3.7628791469683318E+04
   8.8942000000000000E+09  -1.1711096930122622E+06   4.5612945402062894E-17   4.8998761075155732E-29   3.3855692216006646E+04
   8.9017000000000000E+09  -1.3179148088221350E+06   3.5577015846307493E-17   4.3370329016536115E-29   2.9833587471531482E+04
   8.9092000000000000E+09  -1.3894122601808442E+06   3.0970550182813961E-17   4.1161369442990102E-29   2.7364516870770574E+04
   8.9167000000000000E+09  -1.4128328106996487E+06   2.9037255680729511E-17   4.0255049836356184E-29   2.6233961676942778E+04
   8.9242000000000000E+09  -1.4222041753293634E+06   2.7824985262000635E-17   3.9773222241267586E-29   2.5443265265153233E+04
   8.9317000000000000E+09  -1.4289050828694685E+06   2.6604150420054160E-17   3.9346218296566130E-29   2.4590937006446282E+04
   8.9392000000000000E+09  -1.4387174133598870E+06   2.5130038693168821E-17   3.8780719210524762E-29   2.3567090957412733E+04
   8.9467000000000000E+09  -1.4535976072160411E+06   2.3404881971041367E-17   3.8021310626956207E-29   2.2387626448446728E+04
   8.9542000000000000E+09  -1.4723927525001345E+06   2.1516086748357868E-17   3.7106739009613714E-29   2.1088183730256329E+04
   8.9617000000000000E+09  -1.4928765342958386E+06   1.9559872258893593E-17   3.6118837015218484E-29   1.9695224512696805E+04
   8.9692000000000000E+09  -1.5131869219083893E+06   1.7610312071945171E-17   3.5134444315955818E-29   1.8228991513689714E+04
   8.9767000000000000E+09  -1.5323041824716553E+06   1.5714816844983278E-17   3.4198813112868374E-29   1.6711943917597830E+04
   8.9842000000000000E+09  -1.5499184184578473E+06   1.3905319197640004E-17   3.3323722743620911E-29   1.5175958486696083E+04
   8.9917000000000000E+09  -1.5660731553560733E+06   1.2213299127061276E-17   3.2500022755106555E-29   1.3667151501328235E+04
   8.9992000000000000E+09  -1.5808364320128995E+06   1.0678236891013706E-17   3.1713190590397362E-29   1.2245831896078005E+04
   9.0067000000000000E+09  -1.5941393044411850E+06   9.3444950921850736E-18   3.0955204231419310E-29   1.0978698191811425E+04
   9.0142000000000000E+09  -1.6058096758621258E+06   8.2487377890408059E-18   3.0229849714433340E-29   9.9238499738186656E+03
   9.0217000000000000E+09  -1.6157009627506868E+06   7.4057321045647876E-18   2.9550900871336635E-29   9.1143552589440424E+03
   9.0292000000000000E+09  -1.6237426758399508E+06   6.8012371694923377E-18   2.8935118135223732E-29   8.5485280200638972E+03
   9.0367000000000000E+09  -1.6297882996979554E+06   6.3960410960372829E-18   2.8394904411003749E-29   8.1921805308025214E+03
   9.0442000000000000E+09  -1.6333246002034403E+06   6.1388541745778456E-18   2.7936232588427414E-29   7.9918653655169346E+03
   9.0517000000000000E+09  -1.6345313180049828E+06   5.9806961549169388E-18   2.7560390550483515E-29   7.8921449152944651E+03
   9.0592000000000000E+09  -1.6346362301238093E+06   5.8795428162189424E-18   2.7253548157839227E-29   7.8460159328957079E+03
   9.0667000000000000E+09  -1.6342355354254805E+06   5.8021465518380674E-18   2.6987059744340221E-29   7.8191906678609485E+03
   9.0742000000000000E+09  -1.6332993954299064E+06   5.7286056389267533E-18   2.6736964603985831E-29   7.7922971375290190E+03
   9.0817000000000000E+09  -1.6320344248582937E+06   5.6507831982928926E-18   2.6490073011828889E-29   7.7580784991115133E+03
   9.0892000000000000E+09  -1.6307110695823876E+06   5.5672354541394152E-18   2.6240407398270722E-29   7.7160973015496593E+03
   9.0967000000000000E+09  -1.6294496973183441E+06   5.4794182785409192E-18   2.5986585503715923E-29   7.6685616715313181E+03
   9.1042000000000000E+09  -1.6282603805186916E+06   5.3895130311496345E-18   2.5729922245943314E-29   7.6179783184029757E+03
   9.1117000000000000E+09  -1.6271023083770238E+06   5.2993945442142695E-18   2.5472784527745944E-29   7.5662121103707004E+03
   9.1192000000000000E+09  -1.6259260369409469E+06   5.2103296991630134E-18   2.5217455095536471E-29   7.5143709268403791E+03
   9.1267000000000000E+09  -1.6246966496768880E+06   5.1230023159563965E-18   2.4965491282863513E-29   7.4629943912487433E+03
   9.1342000000000000E+09  -1.6233988492298068E+06   5.0376518377503370E-18   2.4717558425966486E-29   7.4122704951535297E+03
   9.1417000000000000E+09  -1.6220313146037550E+06   4.9542463268827693E-18   2.4473639349552297E-29   7.3622018431504703E+03
   9.1492000000000000E+09  -1.6205989617978248E+06   4.8726377961732493E-18   2.4233386218582007E-29   7.3127159692973601E+03
   9.1567000000000000E+09  -1.6191076054109980E+06   4.7926658285652576E-18   2.3996406798831030E-29   7.2637286620051727E+03
   9.1642000000000000E+09  -1.6175615722782100E+06   4.7142055924716592E-18   2.3762408840680111E-29   7.2151727664694135E+03
   9.1717000000000000E+09  -1.6159632539399702E+06   4.6371768842462500E-18   2.3531228087340011E-29   7.1670056788344536E+03
   9.1792000000000000E+09  -1.6143135636796087E+06   4.5615340475076060E-18   2.3302795916760675E-29   7.1192061490173210E+03
   9.1867000000000000E+09  -1.6126126241521307E+06   4.4872509455566838E-18   2.3077091877827064E-29   7.0717672478480126E+03
   9.1942000000000000E+09  -1.6108603247817245E+06   4.4143085564808294E-18   2.2854106130170052E-29   7.0246894026716218E+03
   9.2017000000000000E+09  -1.6090566262226899E+06   4.3426877412486793E-18   2.2633819713776190E-29   6.9779753388004674E+03
   9.2092000000000000E+09  -1.6072016440809928E+06   4.2723666339056919E-18   2.2416199919763779E-29   6.9316272950685361E+03
   9.2167000000000000E+09  -1.6052956050932687E+06   4.2033208400444010E-18   2.2201203995871615E-29   6.8856460335988768E+03
   9.2242000000000000E+09  -1.6033387620518638E+06   4.1355246898752204E-18   2.1988785058182916E-29   6.8400309006628886E+03
   9.2317000000000000E+09  -1.6013313195821573E+06   4.0689524371205896E-18   2.1778896651888407E-29   6.7947803009692061E+03
   9.2392000000000000E+09  -1.5992733898972576E+06   4.0035789627887688E-18   2.1571494875039295E-29   6.7498921875865053E+03
   9.2467000000000000E+09  -1.5971649772962972E+06   3.9393799827285535E-18   2.1366538486471444E-29   6.7053643960793261E+03
   9.2542000000000000E+09  -1.5950059825424077E+06   3.8763319469512062E-18   2.1163987952664554E-29   6.6611948035178430E+03
   9.2617000000000000E+09  -1.5927962186842631E+06   3.8144118364010148E-18   2.0963804306866003E-29   6.6173813654309679E+03
   9.2692000000000000E+09  -1.5905354332856922E+06   3.7535970004516511E-18   2.0765948369078251E-29   6.5739220970401630E+03
   9.2767000000000000E+09  -1.5882233348930532E+06   3.6938650987744936E-18   2.0570380539943235E-29   6.5308150455841196E+03
   9.2842000000000000E+09  -1.5858596226432316E+06   3.6351941474011480E-18   2.0377061136884922E-29   6.4880582716608178E+03
   9.2917000000000000E+09  -1.5834440182422905E+06   3.5775626386126879E-18   2.0185951126113381E-29   6.4456498403345249E+03
   9.2992000000000000E+09  -1.5809763013440932E+06   3.5209497114749965E-18   1.9997013111665685E-29   6.4035878306998466E+03
   9.3067000000000000E+09  -1.5784563526888951E+06   3.4653353628763941E-18   1.9810212454990063E-29   6.3618703906631972E+03
   9.3142000000000000E+09  -1.5758842085119472E+06   3.4107006387792882E-18   1.9625518195306447E-29   6.3204958359459952E+03
   9.3217000000000000E+09  -1.5732601162570834E+06   3.3570276068264079E-18   1.9442902992218006E-29   6.2794626722101220E+03
   9.3292000000000000E+09  -1.5705845589164326E+06   3.3042988372019645E-18   1.9262341205367678E-29   6.2387692913236569E+03
   9.3367000000000000E+09  -1.5678582125392035E+06   3.2524964101527377E-18   1.9083805448194792E-29   6.1984132184419950E+03
   9.3442000000000000E+09  -1.5650818566747715E+06   3.2016011830457544E-18   1.8907264441660828E-29   6.1583903486328227E+03
   9.3517000000000000E+09  -1.5622563587196532E+06   3.1515935271480252E-18   1.8732686182880962E-29   6.1186952327065446E+03
   9.3592000000000000E+09  -1.5593828949088024E+06   3.1024558941178592E-18   1.8560046729216010E-29   6.0793231688462665E+03
   9.3667000000000000E+09  -1.5564634252470348E+06   3.0541753098553520E-18   1.8389336800036342E-29   6.0402730979758808E+03
   9.3742000000000000E+09  -1.5535011356571263E+06   3.0067423163182106E-18   1.8220554031853877E-29   6.0015483763911298E+03
   9.3817000000000000E+09  -1.5505003565096031E+06   2.9601447827262797E-18   1.8053677861309239E-29   5.9631528851368639E+03
   9.3892000000000000E+09  -1.5474655984808018E+06   2.9143600576099664E-18   1.7888644551561181E-29   5.9250831737806684E+03
   9.3967000000000000E+09  -1.5444000452119270E+06   2.8693530485886746E-18   1.7725351848942506E-29   5.8873221763850943E+03
   9.4042000000000000E+09  -1.5413048239853086E+06   2.8250856760725733E-18   1.7563704676486215E-29   5.8498425463975027E+03
   9.4117000000000000E+09  -1.5381798487375206E+06   2.7815326223913736E-18   1.7403673606713955E-29   5.8126196767785041E+03
   9.4192000000000000E+09  -1.5350256345269573E+06   2.7386903858228402E-18   1.7245316294907529E-29   5.7756444860225165E+03
   9.4267000000000000E+09  -1.5318449005927446E+06   2.6965711735822045E-18   1.7088735771927054E-29   5.7389261031697497E+03
   9.4342000000000000E+09  -1.5286428331936784E+06   2.6551855045436667E-18   1.6934001761435073E-29   5.7024823218670435E+03
   9.4417000000000000E+09  -1.5254257642629961E+06   2.6145267490397994E-18   1.6781094174058304E-29   5.6663251837655771E+03
   9.4492000000000000E+09  -1.5221992225415565E+06   2.5745687235277154E-18   1.6629908839720824E-29   5.6304525160306648E+03
   9.4567000000000000E+09  -1.5189666046918493E+06   2.5352760630189319E-18   1.6480313662274452E-29   5.5948501955920819E+03
   9.4642000000000000E+09  -1.5157290085272170E+06   2.4966177551762376E-18   1.6332208496042149E-29   5.5595010813978761E+03
   9.4717000000000000E+09  -1.5124858728631998E+06   2.4585744488724655E-18   1.6185550493273858E-29   5.5243930296979561E+03
   9.4792000000000000E+09  -1.5092357197611360E+06   2.4211373013228241E-18   1.6040340886865817E-29   5.4895216835543415E+03
   9.4867000000000000E+09  -1.5059765497495392E+06   2.3843023986519715E-18   1.5896594872411684E-29   5.4548888927502067E+03
   9.4942000000000000E+09  -1.5027058329530163E+06   2.3480656286964326E-18   1.5754317677005790E-29   5.4204995480827192E+03
   9.5017000000000000E+09  -1.4994202306472317E+06   2.3124201993293188E-18   1.5613496345947143E-29   5.3863586582273920E+03
   9.5092000000000000E+09  -1.4961152547565314E+06   2.2773567130636737E-18   1.5474104220092555E-29   5.3524697771084921E+03
   9.5167000000000000E+09  -1.4927853629953342E+06   2.2428651560789246E-18   1.5336109748509092E-29   5.3188364460637222E+03
   9.5242000000000000E+09  -1.4894243796042812E+06   2.2089367297136726E-18   1.5199482453345077E-29   5.2854644488217436E+03
   9.5317000000000000E+09  -1.4860253841726570E+06   2.1755634525734855E-18   1.5064195165707295E-29   5.2523601859443006E+03
   9.5392000000000000E+09  -1.4825805729266591E+06   2.1427375382144383E-18   1.4930225089477969E-29   5.2195288512242687E+03
   9.5467000000000000E+09  -1.4790816654791355E+06   2.1104518563029876E-18   1.4797553627706359E-29   5.1869756191911383E+03
   9.5542000000000000E+09  -1.4755202828597398E+06   2.0786999913532232E-18   1.4666164783992591E-29   5.1547063976229601E+03
   9.5617000000000000E+09  -1.4718881068155430E+06   2.0474757671333940E-18   1.4536043761155602E-29   5.1227271919037739E+03
   9.5692000000000000E+09  -1.4681770204680855E+06   2.0167729158293503E-18   1.4407176439467747E-29   5.0910434697624542E+03
   9.5767000000000000E+09  -1.4643792731912672E+06   1.9865849825714344E-18   1.4279549284313352E-29   5.0596599319826337E+03
   9.5842000000000000E+09  -1.4604876276691756E+06   1.9569053050541901E-18   1.4153149324878351E-29   5.0285804379391220E+03
   9.5917000000000000E+09  -1.4564954669401608E+06   1.9277269948010042E-18   1.4027964116359761E-29   4.9978079379140954E+03
   9.5992000000000000E+09  -1.4523968632303898E+06   1.8990429293072914E-18   1.3903981660044095E-29   4.9673444457944452E+03
   9.6067000000000000E+09  -1.4481866126023643E+06   1.8708457693377997E-18   1.3781190246144382E-29   4.9371911043854680E+03
   9.6142000000000000E+09  -1.4438602323492616E+06   1.8431279863600280E-18   1.3659578231545103E-29   4.9073483036383304E+03
   9.6217000000000000E+09  -1.4394139189541147E+06   1.8158818686506191E-18   1.3539133859582163E-29   4.8778157309089756E+03
   9.6292000000000000E+09  -1.4348444817897487E+06   1.7890995042621999E-18   1.3419845247246511E-29   4.8485922993123213E+03
   9.6367000000000000E+09  -1.4301492864313929E+06   1.7627727914735330E-18   1.3301700532297692E-29   4.8196760902467286E+03
   9.6442000000000000E+09  -1.4253262334994574E+06   1.7368935191477654E-18   1.3184688025901979E-29   4.7910644866367365E+03
   9.6517000000000000E+09  -1.4203737648393528E+06   1.7114534669226417E-18   1.3068796255881613E-29   4.7627544113466893E+03
   9.6592000000000000E+09  -1.4152908710722832E+06   1.6864444276782341E-18   1.2954013951140712E-29   4.7347423829242325E+03
   9.6667000000000000E+09  -1.4100770956286893E+06   1.6618581520520818E-18   1.2840330042402769E-29   4.7070243477994964E+03
   9.6742000000000000E+09  -1.4047325405977478E+06   1.6376862916997813E-18   1.2727733613001961E-29   4.6795955187594236E+03
   9.6817000000000000E+09  -1.3992578547907274E+06   1.6139203748223647E-18   1.2616213678352686E-29   4.6524503610148131E+03
   9.6892000000000000E+09  -1.3936541635795217E+06   1.5905517985902826E-18   1.2505758781389416E-29   4.6255826927072867E+03
   9.6967000000000000E+09  -1.3879229072109805E+06   1.5675718334137727E-18   1.2396356525795672E-29   4.5989858442573959E+03
   9.7042000000000000E+09  -1.3820655837326043E+06   1.5449716643463097E-18   1.2287993271053354E-29   4.5726528707049602E+03
   9.7117000000000000E+09  -1.3760834406729669E+06   1.5227424947842289E-18   1.2180654276701987E-29   4.5465767904880668E+03
   9.7192000000000000E+09  -1.3699772185415279E+06   1.5008756968834447E-18   1.2074324457240830E-29   4.5207507513701385E+03
   9.7267000000000000E+09  -1.3637470696382874E+06   1.4793629324052719E-18   1.1968989414652608E-29   4.4951680209129172E+03
   9.7342000000000000E+09  -1.3573926760881576E+06   1.4581961338146311E-18   1.1864635749337945E-29   4.4698218329289220E+03
   9.7417000000000000E+09  -1.3509133555698125E+06   1.4373672927039870E-18   1.1761249551661930E-29   4.4447053210634140E+03
   9.7492000000000000E+09  -1.3443077325078021E+06   1.4168681745545136E-18   1.1658813164364539E-29   4.4198118548624470E+03
   9.7567000000000000E+09  -1.3375726618649212E+06   1.3966902692011876E-18   1.1557302415280440E-29   4.3951359150447834E+03
   9.7642000000000000E+09  -1.3307016733324728E+06   1.3768252889570492E-18   1.1456687710797208E-29   4.3706742456855882E+03
   9.7717000000000000E+09  -1.3236839502206778E+06   1.3572661954809541E-18   1.1356940707016547E-29   4.3464266399816288E+03
   9.7792000000000000E+09  -1.3165050759497914E+06   1.3380082101417111E-18   1.1258044046786272E-29   4.3223956212031653E+03
   9.7867000000000000E+09  -1.3091499891269186E+06   1.3190489775300766E-18   1.1159998134120733E-29   4.2985846089742108E+03
   9.7942000000000000E+09  -1.3016071443932413E+06   1.3003873994264909E-18   1.1062819709490989E-29   4.2749948667523486E+03
   9.8017000000000000E+09  -1.2938718703126463E+06   1.2820215253911132E-18   1.0966532195308241E-29   4.2516223258876025E+03
   9.8092000000000000E+09  -1.2859472287718307E+06   1.2639466144233644E-18   1.0871153329543506E-29   4.2284557438789825E+03
   9.8167000000000000E+09  -1.2778421255628541E+06   1.2461544264213476E-18   1.0776686978244811E-29   4.2054771320939481E+03
   9.8242000000000000E+09  -1.2695679009257872E+06   1.2286339902623152E-18   1.0683122513160872E-29   4.1826641771941513E+03
   9.8317000000000000E+09  -1.2611351384623675E+06   1.2113732106632485E-18   1.0590440123035337E-29   4.1599933435561870E+03
   9.8392000000000000E+09  -1.2525518550950703E+06   1.1943603741623669E-18   1.0498617733465946E-29   4.1374422316917362E+03
   9.8467000000000000E+09  -1.2438232273518974E+06   1.1775849572420245E-18   1.0407635911077154E-29   4.1149905106074875E+03
   9.8542000000000000E+09  -1.2349522918459841E+06   1.1610376977443130E-18   1.0317479557843650E-29   4.0926196372296572E+03
   9.8617000000000000E+09  -1.2259409012534779E+06   1.1447102416620339E-18   1.0228137204246277E-29   4.0703120253561046E+03
   9.8692000000000000E+09  -1.2167904521986616E+06   1.1285947125083408E-18   1.0139599363267517E-29   4.0480502558435142E+03
   9.8767000000000000E+09  -1.2075022269415362E+06   1.1126834064021054E-18   1.0051857049284762E-29   4.0258166105607593E+03
   9.8842000000000000E+09  -1.1980774143200635E+06   1.0969686598787339E-18   9.9649009192610344E-30   4.0035929418625487E+03
   9.8917000000000000E+09  -1.1885169575723486E+06   1.0814428478991591E-18   9.8787210169374576E-30   3.9813607599625457E+03
   9.8992000000000000E+09  -1.1788213619093930E+06   1.0660984456923064E-18   9.7933068956394559E-30   3.9591014055490605E+03
   9.9067000000000000E+09  -1.1689905408945312E+06   1.0509281006267143E-18   9.7086478832921035E-30   3.9367962130367755E+03
   9.9142000000000000E+09  -1.1590237274537145E+06   1.0359246837071302E-18   9.6247333290328378E-30   3.9144266163129969E+03
   9.9217000000000000E+09  -1.1489194404624882E+06   1.0210813102412852E-18   9.5415527601250677E-30   3.8919741821426587E+03
   9.9292000000000000E+09  -1.1386754835405792E+06   1.0063913306985664E-18   9.4590959430265716E-30   3.8694205716331803E+03
   9.9367000000000000E+09  -1.1282889531537401E+06   9.9184829653285939E-19   9.3773528742636825E-30   3.8467474317273795E+03
   9.9442000000000000E+09  -1.1177562407064324E+06   9.7744590537698585E-19   9.2963137334803029E-30   3.8239362152746053E+03
   9.9517000000000000E+09  -1.1070730221531352E+06   9.6317792931204605E-19   9.2159688264500089E-30   3.8009679280037431E+03
   9.9592000000000000E+09  -1.0962342358540623E+06   9.4903813128636475E-19   9.1363085399671010E-30   3.7778228091772894E+03
   9.9667000000000000E+09  -1.0852340543923036E+06   9.3502017865504376E-19   9.0573233259361509E-30   3.7544799713114844E+03
   9.9742000000000000E+09  -1.0740658594158904E+06   9.2111756826449230E-19   8.9790037258836622E-30   3.7309170512277969E+03
   9.9817000000000000E+09  -1.0627222309559402E+06   9.0732358299226413E-19   8.9013404370525973E-30   3.7071099552765445E+03
   9.9892000000000000E+09  -1.0511949643872669E+06   8.9363130388658130E-19   8.8243244098761653E-30   3.6830328095643526E+03
   9.9967000000000000E+09  -1.0394751289517790E+06   8.8003370400804589E-19   8.7479469617572045E-30   3.6586582435402552E+03
   1.0004200000000000E+10  -1.0275531805862605E+06   8.6652384797330190E-19   8.6721998999329212E-30   3.6339581314267975E+03
   1.0011700000000000E+10  -1.0154191368853442E+06   8.5309521131349673E-19   8.5970756615807745E-30   3.6089048755989688E+03
   1.0019200000000000E+10  -1.0030628108237070E+06   8.3974211017159792E-19   8.5225674811818475E-30   3.5834732197728113E+03
   1.0026700000000000E+10  -9.9047407972410775E+05   8.2646018904356263E-19   8.4486695565953329E-30   3.5576424101657676E+03
   1.0034200000000000E+10  -9.7764313587690715E+05   8.1324685257538748E-19   8.3753770985313387E-30   3.5313982770764851E+03
   1.0041700000000000E+10  -9.6456062821835838E+05   8.0010145921724294E-19   8.3026860502685155E-30   3.5047345182945110E+03
   1.0049200000000000E+10  -9.5121756962068810E+05   7.8702504632878682E-19   8.2305922388063964E-30   3.4776522076409360E+03
   1.0056700000000000E+10  -9.3760486662167392E+05   7.7401936232506760E-19   8.1590898510773713E-30   3.4501564489124853E+03
   1.0064200000000000E+10  -9.2371234495036269E+05   7.6108506856727599E-19   8.0881694292891741E-30   3.4222492842473107E+03
   1.0071700000000000E+10  -9.0952720750137011E+05   7.4821914518677010E-19   8.0178159203935091E-30   3.3939185472259610E+03
   1.0079200000000000E+10  -8.9503197264751687E+05   7.3541176544058904E-19   7.9480074607033953E-30   3.3651233435818335E+03
   1.0086700000000000E+10  -8.8020208794825256E+05   7.2264315348481332E-19   7.8787153391668901E-30   3.3357781728577174E+03
   1.0094200000000000E+10  -8.6500357659204723E+05   7.0988118436655253E-19   7.8099050256414865E-30   3.3057392353980513E+03
   1.0101700000000000E+10  -8.4939122840022028E+05   6.9708072332458509E-19   7.7415376891226187E-30   3.2747980299735368E+03
   1.0109200000000000E+10  -8.3330797528770752E+05   6.8418594987569313E-19   7.6735718915538818E-30   3.2426887508856244E+03
   1.0116700000000000E+10  -8.1668618157620344E+05   6.7113715124023959E-19   7.6059664075450030E-30   3.2091170424773140E+03
   1.0124200000000000E+10  -7.9945154175133584E+05   6.5788342384206093E-19   7.5386860616108476E-30   3.1738176109672895E+03
   1.0131700000000000E+10  -7.8152962292303157E+05   6.4440140169037343E-19   7.4717095215211830E-30   3.1366436129067470E+03
   1.0139200000000000E+10  -7.6285290703681041E+05   6.3071632279570223E-19   7.4050306675968669E-30   3.0976752717199070E+03
   1.0146700000000000E+10  -7.4336314725907240E+05   6.1691758793009797E-19   7.3386461224821474E-30   3.0573128775453547E+03
   1.0154200000000000E+10  -7.2300484619172593E+05   6.0316408804121667E-19   7.2725418414170546E-30   3.0163235663316732E+03
   1.0161700000000000E+10  -7.0171280540058680E+05   5.8968432826364019E-19   7.2066914262201651E-30   2.9758589229209911E+03
   1.0169200000000000E+10  -6.7939344271790946E+05   5.7676640586670611E-19   7.1410097544952370E-30   2.9374400380708726E+03
   1.0176700000000000E+10  -6.5587253999750828E+05   5.6469580320029125E-19   7.0752038538668717E-30   2.9027142326993499E+03
   1.0184200000000000E+10  -6.3078972119311953E+05   5.5362473053730679E-19   7.0087075887729147E-30   2.8728054800347409E+03
   1.0191700000000000E+10  -6.0353463800707273E+05   5.4351575224427649E-19   6.9409835923946956E-30   2.8478676174906641E+03
   1.0199200000000000E+10  -5.7340135253749031E+05   5.3437665660070145E-19   6.8719722510155114E-30   2.8280999948983745E+03
   1.0206700000000000E+10  -5.3998661177124409E+05   5.2673599575214976E-19   6.8024067677709075E-30   2.8161713732374396E+03
   1.0214200000000000E+10  -5.0386998441405024E+05   5.2251972322103940E-19   6.7351114390833273E-30   2.8215424066863984E+03
   1.0221700000000000E+10  -4.6789196820938878E+05   5.2452561893439206E-19   6.6814158803263915E-30   2.8551365237265627E+03
   1.0229200000000000E+10  -4.3982323487874249E+05   5.4101485668586397E-19   6.6622024533269439E-30   2.9533848655751940E+03
   1.0236700000000000E+10  -4.2839380898649007E+05   5.8119851846420026E-19   6.6750506806787241E-30   3.1666393986497019E+03
   1.0244200000000000E+10  -4.4665860431133554E+05   6.7360441357729729E-19   6.7516066521300106E-30   3.6284945192143628E+03
   1.0251700000000000E+10  -5.5059983439990995E+05   8.8627987762462368E-19   6.9570674018399572E-30   4.6331179634003420E+03
   1.0259200000000000E+10  -7.4658443510924606E+05   1.1767039287326303E-18   7.0524307911458783E-30   6.0681603763554740E+03
   1.0266700000000000E+10  -9.5158307810477761E+05   1.3530788673359527E-18   6.9282121583659469E-30   7.1028167895736333E+03
   1.0274200000000000E+10  -1.1082738529010534E+06   1.3822862460173291E-18   6.6648583823944662E-30   7.5428546798389898E+03
   1.0281700000000000E+10  -1.1981459653089286E+06   1.3381779181888703E-18   6.3974745336967283E-30   7.6073600775862315E+03
   1.0289200000000000E+10  -1.2356098419530794E+06   1.2749947933650084E-18   6.2102927434779159E-30   7.4666366618325683E+03
   1.0296700000000000E+10  -1.2471927758036912E+06   1.2341231686039207E-18   6.1004889743152477E-30   7.3573690109854042E+03
   1.0304200000000000E+10  -1.2493484170784208E+06   1.2115270943667029E-18   6.0310269023760075E-30   7.3058465319847583E+03
   1.0311700000000000E+10  -1.2466949536651408E+06   1.1943844959991579E-18   5.9751629816551342E-30   7.2698103465732756E+03
   1.0319200000000000E+10  -1.2409376574107052E+06   1.1794344293509136E-18   5.9269561318022084E-30   7.2372032277769922E+03
   1.0326700000000000E+10  -1.2344323077108630E+06   1.1667774310757818E-18   5.8836304753556161E-30   7.2122589438936666E+03
   1.0334200000000000E+10  -1.2281005889475902E+06   1.1557118531772515E-18   5.8413764023140943E-30   7.1955344262308063E+03
   1.0341700000000000E+10  -1.2220723146337080E+06   1.1451964354162507E-18   5.7979271313515097E-30   7.1834969959777100E+03
   1.0349200000000000E+10  -1.2163701923755610E+06   1.1347083085424219E-18   5.7530267838524898E-30   7.1732591119651643E+03
   1.0356700000000000E+10  -1.2110218323686353E+06   1.1241688451004574E-18   5.7074301936672694E-30   7.1634068277483639E+03
   1.0364200000000000E+10  -1.2060622382451482E+06   1.1136433111894439E-18   5.6618735663820694E-30   7.1534348414711221E+03
   1.0371700000000000E+10  -1.2014640144719367E+06   1.1031347378730228E-18   5.6163246426174183E-30   7.1434011112775079E+03
   1.0379200000000000E+10  -1.1969102313003789E+06   1.0922666916272518E-18   5.5695427075797592E-30   7.1324351467178558E+03
   1.0386700000000000E+10  -1.1913883220544481E+06   1.0797693372671383E-18   5.5189776891761288E-30   7.1154280547095723E+03
   1.0394200000000000E+10  -1.1825925819101364E+06   1.0628198390444250E-18   5.4609118963729992E-30   7.0782054205723607E+03
   1.0401700000000000E+10  -1.1662071623597150E+06   1.0362517231644976E-18   5.3908231369915924E-30   6.9909929123990378E+03
   1.0409200000000000E+10  -1.1355932527555625E+06   9.9179276445792303E-19   5.3045735892668551E-30   6.7998469330106418E+03
   1.0416700000000000E+10  -1.0828174266985185E+06   9.1817112146620098E-19   5.2016515652527660E-30   6.4196455727057401E+03
   1.0424200000000000E+10  -1.0018249491824494E+06   8.0381031195551301E-19   5.0903984208287442E-30   5.7428897329807887E+03
   1.0431700000000000E+10  -8.9301555312660476E+05   6.4140205072609236E-19   4.9913735369631192E-30   4.6734645390461401E+03
   1.0439200000000000E+10  -7.6271786962925945E+05   4.3612419943134042E-19   4.9356323697781902E-30   3.2136313924469955E+03
   1.0446700000000000E+10  -6.1933429686965374E+05   2.1567840463869564E-19   4.9235842133287759E-30   1.5931401092028602E+03
   1.0454200000000000E+10  -4.9619777099275641E+05   5.0230018975087004E-20   4.9647965678588982E-30   3.6795148833903153E+02
   1.0461700000000000E+10  -4.7747003048015310E+05   1.4023854562409280E-20   5.0122543999621402E-30   1.0175669037476365E+02
   1.0469200000000000E+10  -4.8603691626836144E+05   1.2270279343344546E-20   5.0068490877620676E-30   8.9128916743014386E+01
   1.0476700000000000E+10  -4.8835273298459337E+05   1.1801549936966877E-20   4.9725096524803886E-30   8.6316156409126947E+01
   1.0484200000000000E+10  -4.8857139695602754E+05   1.1519763638583019E-20   4.9303384418677377E-30   8.4975849671908179E+01
   1.0491700000000000E+10  -4.8790830820473930E+05   1.1303364768777631E-20   4.8898333521856190E-30   8.4070254900772738E+01
   1.0499200000000000E+10  -4.8578146077935229E+05   1.1123450662468629E-20   4.8501456226301824E-30   8.3409099863038804E+01
   1.0506700000000000E+10  -4.8245553886240470E+05   1.0976669022149294E-20   4.8102108828174767E-30   8.2991790127383041E+01
   1.0514200000000000E+10  -4.7888433280946332E+05   1.0846001173124681E-20   4.7696686520088815E-30   8.2700877390112481E+01
   1.0521700000000000E+10  -4.7560790768845961E+05   1.0711344304883403E-20   4.7288541587067248E-30   8.2379042340608663E+01
   1.0529200000000000E+10  -4.7280435884411080E+05   1.0563683519552133E-20   4.6883782510010085E-30   8.1944803604533121E+01
   1.0536700000000000E+10  -4.7041611987985647E+05   1.0404979018719619E-20   4.6485536803989294E-30   8.1405179470475446E+01
   1.0544200000000000E+10  -4.6827999136728398E+05   1.0240628040295823E-20   4.6093536378812706E-30   8.0800722193006422E+01
   1.0551700000000000E+10  -4.6622968234667595E+05   1.0075836857912661E-20   4.5706357218722289E-30   8.0173934558805655E+01
   1.0559200000000000E+10  -4.6415043860724359E+05   9.9142983769103086E-21   4.5322677825215217E-30   7.9556396444244513E+01
   1.0566700000000000E+10  -4.6198932155642466E+05   9.7576222930905901E-21   4.4941604185270527E-30   7.8963085898504389E+01
   1.0574200000000000E+10  -4.5973986319661816E+05   9.6058475624416741E-21   4.4562727172900149E-30   7.8395766197118689E+01
   1.0581700000000000E+10  -4.5741984673937829E+05   9.4583432782854744E-21   4.4185992102252040E-30   7.7850093996921487E+01
   1.0589200000000000E+10  -4.5505335273688496E+05   9.3143054558287977E-21   4.3811503400124550E-30   7.7319849428589876E+01
   1.0596700000000000E+10  -4.5266054556600208E+05   9.1730601421437452E-21   4.3439397655312066E-30   7.6799629716036733E+01
   1.0604200000000000E+10  -4.5025413097542484E+05   9.0341667938552626E-21   4.3069784314991550E-30   7.6285867161079921E+01
   1.0611700000000000E+10  -4.4783981701105612E+05   8.8973993201903967E-21   4.2702728802392035E-30   7.5776777740565649E+01
   1.0619200000000000E+10  -4.4541836843739363E+05   8.7626810778947539E-21   4.2338257096544360E-30   7.5271870708553379E+01
   1.0626700000000000E+10  -4.4298778920190904E+05   8.6300182881980812E-21   4.1976367302491668E-30   7.4771405523097485E+01
   1.0634200000000000E+10  -4.4054502421271882E+05   8.4994493410958075E-21   4.1617040818239059E-30   7.4275959892001893E+01
   1.0641700000000000E+10  -4.3808707257240888E+05   8.3710124742168821E-21   4.1260250830894087E-30   7.3786142291437173E+01
   1.0649200000000000E+10  -4.3561160162394407E+05   8.2447286061141389E-21   4.0905968188169232E-30   7.3302429328590677E+01
   1.0656700000000000E+10  -4.3311718927120126E+05   8.1205950806460136E-21   4.0554165162422940E-30   7.2825096685655879E+01
   1.0664200000000000E+10  -4.3060330981075950E+05   7.9985865815237968E-21   4.0204817510809232E-30   7.2354214789518380E+01
   1.0671700000000000E+10  -4.2807016225711134E+05   7.8786601577032965E-21   3.9857905158138948E-30   7.1889684579918395E+01
   1.0679200000000000E+10  -4.2551842646116827E+05   7.7607619027782294E-21   3.9513411864791256E-30   7.1431292437388606E+01
   1.0686700000000000E+10  -4.2294901594777056E+05   7.6448334454673315E-21   3.9171324290387703E-30   7.0978767453782453E+01
   1.0694200000000000E+10  -4.2036287490523496E+05   7.5308170822696599E-21   3.8831630848782719E-30   7.0531829402105856E+01
   1.0701700000000000E+10  -4.1776084291712183E+05   7.4186590484482211E-21   3.8494320661325879E-30   7.0090221427139809E+01
   1.0709200000000000E+10  -4.1514358973131026E+05   7.3083109700900790E-21   3.8159382787104053E-30   6.9653726547847469E+01
   1.0716700000000000E+10  -4.1251160744990304E+05   7.1997298915567692E-21   3.7826805783700432E-30   6.9222170650851808E+01
   1.0724200000000000E+10  -4.0986524034726829E+05   7.0928774166253969E-21   3.7496577559800980E-30   6.8795416441262148E+01
   1.0731700000000000E+10  -4.0720473212980997E+05   6.9877184776285853E-21   3.7168685432424654E-30   6.8373353006112026E+01
   1.0739200000000000E+10  -4.0453027453924232E+05   6.8842201216970820E-21   3.6843116292257355E-30   6.7955884763042476E+01
   1.0746700000000000E+10  -4.0184204718725884E+05   6.7823505435859236E-21   3.6519856797253589E-30   6.7542922211761351E+01
   1.0754200000000000E+10  -3.9914024430309224E+05   6.6820784502953540E-21   3.6198893542671964E-30   6.7134375569224261E+01
   1.0761700000000000E+10  -3.9642508844174800E+05   6.5833727400923197E-21   3.5880213183447957E-30   6.6730151346499639E+01
   1.0769200000000000E+10  -3.9369683374604239E+05   6.4862024233752260E-21   3.5563802505730177E-30   6.6330151318857759E+01
   1.0776700000000000E+10  -3.9095576228676544E+05   6.3905366965569148E-21   3.5249648456472601E-30   6.5934273105596517E+01
   1.0784200000000000E+10  -3.8820217681813875E+05   6.2963450895477888E-21   3.4937738144473299E-30   6.5542411606251108E+01
   1.0791700000000000E+10  -3.8543639251618594E+05   6.2035976283432962E-21   3.4628058825700059E-30   6.5154460705132180E+01
   1.0799200000000000E+10  -3.8265872933918034E+05   6.1122649774331003E-21   3.4320597882711402E-30   6.4770314865405709E+01
   1.0806700000000000E+10  -3.7986950582762872E+05   6.0223185458757469E-21   3.4015342804417506E-30   6.4389870418447174E+01
   1.0814200000000000E+10  -3.7706903456326498E+05   5.9337305543485959E-21   3.3712281169326608E-30   6.4013026492197170E+01
   1.0821700000000000E+10  -3.7425761914828792E+05   5.8464740680093927E-21   3.3411400633215367E-30   6.3639685605189939E+01
   1.0829200000000000E+10  -3.7143555240294419E+05   5.7605230030085366E-21   3.3112688920859646E-30   6.3269753991077962E+01
   1.0836700000000000E+10  -3.6860311544951686E+05   5.6758521147746498E-21   3.2816133820900497E-30   6.2903141727967046E+01
   1.0844200000000000E+10  -3.6576057739398535E+05   5.5924369747168539E-21   3.2521723182857589E-30   6.2539762736250871E+01
   1.0851700000000000E+10  -3.6290819538752420E+05   5.5102539403536511E-21   3.2229444915529536E-30   6.2179534694652787E+01
   1.0859200000000000E+10  -3.6004621492210479E+05   5.4292801221705858E-21   3.1939286986239299E-30   6.1822378908098237E+01
   1.0866700000000000E+10  -3.5717487027175468E+05   5.3494933492043762E-21   3.1651237420558229E-30   6.1468220148259100E+01
   1.0874200000000000E+10  -3.5429438502854900E+05   5.2708721345799212E-21   3.1365284302241455E-30   6.1116986480047217E+01
   1.0881700000000000E+10  -3.5140497270196170E+05   5.1933956415365291E-21   3.1081415773241214E-30   6.0768609079991023E+01
   1.0889200000000000E+10  -3.4850683735803619E+05   5.1170436503917337E-21   3.0799620033775580E-30   6.0423022051617330E+01
   1.0896700000000000E+10  -3.4560017427761108E+05   5.0417965267047576E-21   3.0519885342517426E-30   6.0080162240952447E+01
   1.0904200000000000E+10  -3.4268517061508249E+05   4.9676351909206955E-21   3.0242200016917295E-30   5.9739969055822399E+01
   1.0911700000000000E+10  -3.3976200604084332E+05   4.8945410897495399E-21   2.9966552433622630E-30   5.9402384292673688E+01
   1.0919200000000000E+10  -3.3683085335342219E+05   4.8224961693744445E-21   2.9692931028939332E-30   5.9067351972971096E+01
   1.0926700000000000E+10  -3.3389187905055855E+05   4.7514828505894902E-21   2.9421324299280549E-30   5.8734818191432069E+01
   1.0934200000000000E+10  -3.3094524385236198E+05   4.6814840058740434E-21   2.9151720801583577E-30   5.8404730977262076E+01
   1.0941700000000000E+10  -3.2799110317410919E+05   4.6124829383076565E-21   2.8884109153651497E-30   5.8077040168363197E+01
   1.0949200000000000E+10  -3.2502960754898068E+05   4.5444633622481458E-21   2.8618478034400235E-30   5.7751697298642647E+01
   1.0956700000000000E+10  -3.2206090300347080E+05   4.4774093855683225E-21   2.8354816183983626E-30   5.7428655496912242E+01
   1.0964200000000000E+10  -3.1908513138843555E+05   4.4113054933026289E-21   2.8093112403825583E-30   5.7107869396333832E+01
   1.0971700000000000E+10  -3.1610243066954846E+05   4.3461365325502608E-21   2.7833355556614544E-30   5.6789295053150951E+01
   1.0979200000000000E+10  -3.1311293518241431E+05   4.2818876985056227E-21   2.7575534566311833E-30   5.6472889873661785E+01
   1.0986700000000000E+10  -3.1011677585845289E+05   4.2185445215232225E-21   2.7319638418139608E-30   5.6158612548954117E+01
   1.0994200000000000E+10  -3.0711408042725315E+05   4.1560928550929826E-21   2.7065656158489807E-30   5.5846422996497118E+01
   1.1001700000000000E+10  -3.0410497359887301E+05   4.0945188645848812E-21   2.6813576894715336E-30   5.5536282307321144E+01
   1.1009200000000000E+10  -3.0108957722780691E+05   4.0338090166656152E-21   2.6563389794836566E-30   5.5228152697853062E+01
   1.1016700000000000E+10  -2.9806801045996574E+05   3.9739500693219108E-21   2.6315084087216801E-30   5.4921997465792423E+01
   1.1024200000000000E+10  -2.9504038986489765E+05   3.9149290624326995E-21   2.6068649060234073E-30   5.4617780949523294E+01
   1.1031700000000000E+10  -2.9200682955589960E+05   3.8567333088485266E-21   2.5824074061940792E-30   5.4315468490813963E+01
   1.1039200000000000E+10  -2.8896744130068278E+05   3.7993503859219024E-21   2.5581348499688094E-30   5.4015026400351417E+01
   1.1046700000000000E+10  -2.8592233462501504E+05   3.7427681274316968E-21   2.5340461839712700E-30   5.3716421925559928E+01
   1.1054200000000000E+10  -2.8287161691149772E+05   3.6869746158597300E-21   2.5101403606687122E-30   5.3419623220315664E+01
   1.1061700000000000E+10  -2.7981539349561237E+05   3.6319581749912515E-21   2.4864163383232361E-30   5.3124599316335825E+01
   1.1069200000000000E+10  -2.7675376776072156E+05   3.5777073627827179E-21   2.4628730809371821E-30   5.2831320095625259E+01
   1.1076700000000000E+10  -2.7368684123244649E+05   3.5242109644826250E-21   2.4395095581914587E-30   5.2539756263920737E+01
   1.1084200000000000E+10  -2.7061471367185935E+05   3.4714579859493845E-21   2.4163247453792093E-30   5.2249879324358233E+01
   1.1091700000000000E+10  -2.6753748316684185E+05   3.4194376471738899E-21   2.3933176233409865E-30   5.1961661551414359E+01
   1.1099200000000000E+10  -2.6445524622223439E+05   3.3681393760300037E-21   2.3704871784042462E-30   5.1675075965493491E+01
   1.1106700000000000E+10  -2.6136809785079860E+05   3.3175528022551272E-21   2.3478324023226954E-30   5.1390096308395727E+01
   1.1114200000000000E+10  -2.5827613166628042E+05   3.2676677516482462E-21   2.3253522922085574E-30   5.1106697019735229E+01
   1.1121700000000000E+10  -2.5517943997768481E+05   3.2184742404532328E-21   2.3030458504559810E-30   5.0824853213951066E+01
   1.1129200000000000E+10  -2.5207811388282944E+05   3.1699624699089821E-21   2.2809120846584064E-30   5.0544540657638727E+01
   1.1136700000000000E+10  -2.4897224335937662E+05   3.1221228209912644E-21   2.2589500075253518E-30   5.0265735747548604E+01
   1.1144200000000000E+10  -2.4586191735277383E+05   3.0749458493346965E-21   2.2371586367988730E-30   4.9988415489152104E+01
   1.1151700000000000E+10  -2.4274722386076435E+05   3.0284222803590488E-21   2.2155369951690518E-30   4.9712557476274675E+01
   1.1159200000000000E+10  -2.3962825001447272E+05   2.9825430045888498E-21   2.1940841101865892E-30   4.9438139871775590E+01
   1.1166700000000000E+10  -2.3650508215568040E+05   2.9372990731511868E-21   2.1727990141720808E-30   4.9165141389146399E+01
   1.1174200000000000E+10  -2.3337780591022613E+05   2.8926816934604054E-21   2.1516807441218628E-30   4.8893541275281301E+01
   1.1181700000000000E+10  -2.3024650625754031E+05   2.8486822250802227E-21   2.1307283416105834E-30   4.8623319294373822E+01
   1.1189200000000000E+10  -2.2711126759636879E+05   2.8052921757479992E-21   2.1099408526879628E-30   4.8354455712849742E+01
   1.1196700000000000E+10  -2.2397217380587771E+05   2.7625031975471495E-21   2.0893173277682132E-30   4.8086931285231778E+01
   1.1204200000000000E+10  -2.2082930830044195E+05   2.7203070832105720E-21   2.0688568215150251E-30   4.7820727240661874E+01
   1.1211700000000000E+10  -2.1768275407691274E+05   2.6786957625482946E-21   2.0485583927266435E-30   4.7555825269931695E+01
   1.1219200000000000E+10  -2.1453259375512393E+05   2.6376612990230094E-21   2.0284211042244846E-30   4.7292207513433915E+01
   1.1226700000000000E+10  -2.1137890961408836E+05   2.5971958864869952E-21   2.0084440227409663E-30   4.7029856550479884E+01
   1.1234200000000000E+10  -2.0822178362570133E+05   2.5572918460524720E-21   1.9886262187998996E-30   4.6768755389754084E+01
   1.1241700000000000E+10  -2.0506129748544653E+05   2.5179416230562080E-21   1.9689667665874971E-30   4.6508887460328431E+01
   1.1249200000000000E+10  -2.0189753263867425E+05   2.4791377841122767E-21   1.9494647438180605E-30   4.6250236603082904E+01
   1.1256700000000000E+10  -1.9873057030173091E+05   2.4408730142541126E-21   1.9301192315994519E-30   4.5992787062481469E+01
   1.1264200000000000E+10  -1.9556049147818293E+05   2.4031401141696630E-21   1.9109293142983258E-30   4.5736523478825454E+01
   1.1271700000000000E+10  -1.9238737697095133E+05   2.3659319975278684E-21   1.8918940794044091E-30   4.5481430881024757E+01
   1.1279200000000000E+10  -1.8921130739093199E+05   2.3292416883882337E-21   1.8730126173929141E-30   4.5227494679807847E+01
   1.1286700000000000E+10  -1.8603236316250445E+05   2.2930623186859501E-21   1.8542840215845190E-30   4.4974700661287322E+01
   1.1294200000000000E+10  -1.8285062452638950E+05   2.2573871257918928E-21   1.8357073880038170E-30   4.4723034980890141E+01
   1.1301700000000000E+10  -1.7966617154046625E+05   2.2222094501397324E-21   1.8172818152361244E-30   4.4472484157544351E+01
   1.1309200000000000E+10  -1.7647908407891702E+05   2.1875227329207637E-21   1.7990064042819483E-30   4.4223035068188601E+01
   1.1316700000000000E+10  -1.7328944182921416E+05   2.1533205138263218E-21   1.7808802584063460E-30   4.3974674942301412E+01
   1.1324200000000000E+10  -1.7009732428542397E+05   2.1195964288296788E-21   1.7629024829866732E-30   4.3727391356211484E+01
   1.1331700000000000E+10  -1.6690281073642548E+05   2.0863442080114268E-21   1.7450721853634674E-30   4.3481172227155767E+01
   1.1339200000000000E+10  -1.6370598024985718E+05   2.0535576734503846E-21   1.7273884746978029E-30   4.3236005807469638E+01
   1.1346700000000000E+10  -1.6050691165418614E+05   2.0212307371914480E-21   1.7098504618315527E-30   4.2991880679277322E+01
   1.1354200000000000E+10  -1.5730568352047441E+05   1.9893573992784081E-21   1.6924572591453303E-30   4.2748785749614989E+01
   1.1361700000000000E+10  -1.5410237414308052E+05   1.9579317458290914E-21   1.6752079804124047E-30   4.2506710245585090E+01
   1.1369200000000000E+10  -1.5089706151741205E+05   1.9269479471455373E-21   1.6581017406521994E-30   4.2265643709305557E+01
   1.1376700000000000E+10  -1.4768982331369346E+05   1.8964002558676778E-21   1.6411376559883067E-30   4.2025575992717016E+01
   1.1384200000000000E+10  -1.4448073684655977E+05   1.8662830051861613E-21   1.6243148435121105E-30   4.1786497252581938E+01
   1.1391700000000000E+10  -1.4126987904106927E+05   1.8365906071072836E-21   1.6076324211509039E-30   4.1548397945583005E+01
   1.1399200000000000E+10  -1.3805732639519972E+05   1.8073175507755427E-21   1.5910895075398617E-30   4.1311268823692089E+01
   1.1406700000000000E+10  -1.3484315493897386E+05   1.7784584008476960E-21   1.5746852218980186E-30   4.1075100929705691E+01
   1.1414200000000000E+10  -1.3162744019020948E+05   1.7500077959226597E-21   1.5584186839092238E-30   4.0839885593055115E+01
   1.1421700000000000E+10  -1.2841025710736497E+05   1.7219604470246050E-21   1.5422890136077304E-30   4.0605614425879523E+01
   1.1429200000000000E+10  -1.2519168003964752E+05   1.6943111361404037E-21   1.5262953312686627E-30   4.0372279319422404E+01
   1.1436700000000000E+10  -1.2197178267382356E+05   1.6670547148006473E-21   1.5104367573006953E-30   4.0139872440606716E+01
   1.1444200000000000E+10  -1.1875063797608264E+05   1.6401861026960502E-21   1.4947124121432323E-30   3.9908386228557973E+01
   1.1451700000000000E+10  -1.1552831812731146E+05   1.6137002863318548E-21   1.4791214161723098E-30   3.9677813391041163E+01
   1.1459200000000000E+10  -1.1230489445239052E+05   1.5875923177367912E-21   1.4636628896191338E-30   3.9448146901134351E+01
   1.1466700000000000E+10  -1.0908043734596568E+05   1.5618573132409801E-21   1.4483359524981072E-30   3.9219379994630735E+01
   1.1474200000000000E+10  -1.0585501619663635E+05   1.5364904523099709E-21   1.4331397245395345E-30   3.8991506168052922E+01
   1.1481700000000000E+10  -1.0262869930894802E+05   1.5114869764186297E-21   1.4180733251248629E-30   3.8764519176982745E+01
   1.1489200000000000E+10  -9.9401553821486610E+04   1.4868421879524554E-21   1.4031358732274505E-30   3.8538413034339257E+01
   1.1496700000000000E+10  -9.6173645620076029E+04   1.4625514491457716E-21   1.3883264873629265E-30   3.8313182008752598E+01
   1.1504200000000000E+10  -9.2945039246317829E+04   1.4386101810653661E-21   1.3736442855502134E-30   3.8088820623258911E+01
   1.1511700000000000E+10  -8.9715797802151588E+04   1.4150138626357485E-21   1.3590883852819705E-30   3.7865323654294450E+01
   1.1519200000000000E+10  -8.6485982850998029E+04   1.3917580297043889E-21   1.3446579035034841E-30   3.7642686131014109E+01
   1.1526700000000000E+10  -8.3255654315872467E+04   1.3688382741439849E-21   1.3303519566001009E-30   3.7420903334893502E+01
   1.1534200000000000E+10  -8.0024870374938400E+04   1.3462502429896653E-21   1.3161696603934177E-30   3.7199970799589636E+01
   1.1541700000000000E+10  -7.6793687355269300E+04   1.3239896376118081E-21   1.3021101301461537E-30   3.6979884311117999E+01
   1.1549200000000000E+10  -7.3562159625613276E+04   1.3020522129208321E-21   1.2881724805751663E-30   3.6760639908299382E+01
   1.1556700000000000E+10  -7.0330339488301164E+04   1.2804337765962317E-21   1.2743558258703980E-30   3.6542233883355003E+01
   1.1564200000000000E+10  -6.7098277069106916E+04   1.2591301883305862E-21   1.2606592797200685E-30   3.6324662782397141E+01
   1.1571700000000000E+10  -6.3866020203632863E+04   1.2381373590848354E-21   1.2470819553456829E-30   3.6107923405608020E+01
   1.1579200000000000E+10  -6.0633614320829351E+04   1.2174512503681789E-21   1.2336229655504935E-30   3.5892012807388170E+01
   1.1586700000000000E+10  -5.7401102326697459E+04   1.1970678735533396E-21   1.2202814227796215E-30   3.5676928296866677E+01
   1.1594200000000000E+10  -5.4168524490924799E+04   1.1769832892215655E-21   1.2070564391867926E-30   3.5462667438799656E+01
   1.1601700000000000E+10  -5.0935918336622322E+04   1.1571936065164642E-21   1.1939471267044343E-30   3.5249228054359101E+01
   1.1609200000000000E+10  -4.7703318531738769E+04   1.1376949825004134E-21   1.1809525971194489E-30   3.5036608221550338E+01
   1.1616700000000000E+10  -4.4470756781425887E+04   1.1184836215157571E-21   1.1680719621582860E-30   3.4824806275201574E+01
   1.1624200000000000E+10  -4.1238261721962386E+04   1.0995557745599181E-21   1.1553043335818834E-30   3.4613820806779614E+01
   1.1631700000000000E+10  -3.8005858817355271E+04   1.0809077386694783E-21   1.1426488232900169E-30   3.4403650663892975E+01
   1.1639200000000000E+10  -3.4773570259562846E+04   1.0625358563131357E-21   1.1301045434332720E-30   3.4194294949527553E+01
   1.1646700000000000E+10  -3.1541414873055859E+04   1.0444365147911024E-21   1.1176706065327469E-30   3.3985753020927859E+01
   1.1654200000000000E+10  -2.8309408024564367E+04   1.0266061456393046E-21   1.1053461256070081E-30   3.3778024488074159E+01
   1.1661700000000000E+10  -2.5077561539003280E+04   1.0090412240387156E-21   1.0931302143070382E-30   3.3571109211729578E+01
   1.1669200000000000E+10  -2.1845883622717858E+04   9.9173826822800827E-22   1.0810219870576910E-30   3.3365007301027283E+01
   1.1676700000000000E+10  -1.8614378794549215E+04   9.7469383891697006E-22   1.0690205592045332E-30   3.3159719110527554E+01
   1.1684200000000000E+10  -1.5383047823920797E+04   9.5790453869190892E-22   1.0571250471648595E-30   3.2955245236456420E+01
   1.1691700000000000E+10  -1.2151887674774234E+04   9.4136701141087074E-22   1.0453345685848914E-30   3.2751586511939152E+01
   1.1699200000000000E+10  -8.9208914559910409E+03   9.2507794159821291E-22   1.0336482425088247E-30   3.2548744001328046E+01
   1.1706700000000000E+10  -5.6900483808596327E+03   9.0903405386229357E-22   1.0220651895696500E-30   3.2346718994114823E+01
   1.1714200000000000E+10  -2.4593437373633033E+03   8.9323211232482162E-22   1.0105845321945797E-30   3.2145512998257374E+01
   1.1721700000000000E+10   7.7124112925776433E+02   8.7766891998174962E-22   9.9920539475649233E-31   3.1945127732187864E+01
   1.1729200000000000E+10   4.0017288262864336E+03   8.6234131784870350E-22   9.8792690344756150E-31   3.1745565117119085E+01
   1.1736700000000000E+10   7.2321458911761320E+03   8.4724618491857300E-22   9.7674818713922500E-31   3.1546827266731945E+01
   1.1744200000000000E+10   1.0462522787361298E+04   8.3238043719773522E-22   9.6566837717154187E-31   3.1348916476962323E+01
   1.1751700000000000E+10   1.3692893878647961E+04   8.1774102710278727E-22   9.5468660756541220E-31   3.1151835214461229E+01
   1.1759200000000000E+10   1.6923297389932748E+04   8.0332494289905031E-22   9.4380201527749214E-31   3.0955586104455563E+01
   1.1766700000000000E+10   2.0153775356972001E+04   7.8912920809981508E-22   9.3301374041604737E-31   3.0760171917586884E+01
   1.1774200000000000E+10   2.3384373563753863E+04   7.7515088086613107E-22   9.2232092645659621E-31   3.0565595555896550E+01
   1.1781700000000000E+10   2.6615141466878460E+04   7.6138705341274107E-22   9.1172272046207806E-31   3.0371860037982504E+01
   1.1789200000000000E+10   2.9846132106619061E+04   7.4783485141947953E-22   9.0121827330597957E-31   3.0178968483322738E+01
   1.1796700000000000E+10   3.3077402004614793E+04   7.3449143345036193E-22   8.9080673989711253E-31   2.9986924095868691E+01
   1.1804200000000000E+10   3.6309011048982422E+04   7.2135399037653699E-22   8.8048727940504006E-31   2.9795730146760594E+01
   1.1811700000000000E+10   3.9541022368446502E+04   7.0841974480441500E-22   8.7025905548688515E-31   2.9605389956157598E+01
   1.1819200000000000E+10   4.2773502196533140E+04   6.9568595051262156E-22   8.6012123651693925E-31   2.9415906874253587E+01
   1.1826700000000000E+10   4.6006519725140475E+04   6.8314989190589529E-22   8.5007299581991920E-31   2.9227284261770819E+01
   1.1834200000000000E+10   4.9240146945934270E+04   6.7080888349023907E-22   8.4011351190570558E-31   2.9039525470193556E+01
   1.1841700000000000E+10   5.2474458479339650E+04   6.5866026936535122E-22   8.3024196870271588E-31   2.8852633821685743E+01
   1.1849200000000000E+10   5.5709531392592689E+04   6.4670142273155567E-22   8.2045755578944799E-31   2.8666612588595843E+01
   1.1856700000000000E+10   5.8945445008646595E+04   6.3492974541125416E-22   8.1075946862574299E-31   2.8481464972496340E+01
   1.1864200000000000E+10   6.2182280707038088E+04   6.2334266739131673E-22   8.0114690878442978E-31   2.8297194083025168E+01
   1.1871700000000000E+10   6.5420121717176553E+04   6.1193764638791862E-22   7.9161908418357925E-31   2.8113802916613238E+01
   1.1879200000000000E+10   6.8659052904484881E+04   6.0071216743628817E-22   7.8217520931835499E-31   2.7931294335279137E+01
   1.1886700000000000E+10   7.1899160550093293E+04   5.8966374250538557E-22   7.7281450549188703E-31   2.7749671045555875E+01
   1.1894200000000000E+10   7.5140532124916208E+04   5.7878991013850636E-22   7.6353620104487193E-31   2.7568935577654784E+01
   1.1901700000000000E+10   7.8383256059210893E+04   5.6808823511958300E-22   7.5433953158316208E-31   2.7389090264937074E+01
   1.1909200000000000E+10   8.1627421508748652E+04   5.5755630816554656E-22   7.4522374020349007E-31   2.7210137223763585E+01
   1.1916700000000000E+10   8.4873118118888626E+04   5.4719174564516292E-22   7.3618807771730408E-31   2.7032078333807288E+01
   1.1924200000000000E+10   8.8120435787502691E+04   5.3699218932616799E-22   7.2723180287294644E-31   2.6854915218980377E+01
   1.1931700000000000E+10   9.1369464427235085E+04   5.2695530615151074E-22   7.1835418257599932E-31   2.6678649229104572E+01
   1.1939200000000000E+10   9.4620293727446115E+04   5.1707878804555931E-22   7.0955449210663235E-31   2.6503281422501988E+01
   1.1946700000000000E+10   9.7873012916978332E+04   5.0736035174730271E-22   7.0083201533293693E-31   2.6328812549492454E+01
   1.1954200000000000E+10   1.0112771052972831E+05   4.9779773866798480E-22   6.9218604491981974E-31   2.6155243036774795E+01
   1.1961700000000000E+10   1.0438447417480270E+05   4.8838871477319835E-22   6.8361588253449518E-31   2.5982572972745366E+01
   1.1969200000000000E+10   1.0764339031206383E+05   4.7913107049133418E-22   6.7512083904852893E-31   2.5810802093953349E+01
   1.1976700000000000E+10   1.1090454403329706E+05   4.7002262064709667E-22   6.6670023473534640E-31   2.5639929772775346E+01
   1.1984200000000000E+10   1.1416801884952770E+05   4.6106120441936815E-22   6.5835339946211893E-31   2.5469955006425455E+01
   1.1991700000000000E+10   1.1743389648560375E+05   4.5224468531842056E-22   6.5007967287482752E-31   2.5300876407187346E+01
   1.1999200000000000E+10   1.2070225668312039E+05   4.4357095118205173E-22   6.4187840457615658E-31   2.5132692193962345E+01
   1.2006700000000000E+10   1.2397317701281577E+05   4.3503791418804809E-22   6.3374895429586674E-31   2.4965400185108063E+01
   1.2014200000000000E+10   1.2724673269726020E+05   4.2664351088169555E-22   6.2569069205328340E-31   2.4798997792611782E+01
   1.2021700000000000E+10   1.3052299644423222E+05   4.1838570221731585E-22   6.1770299831178127E-31   2.4633482017648241E+01
   1.2029200000000000E+10   1.3380203829038702E+05   4.1026247361417974E-22   6.0978526412517607E-31   2.4468849447653145E+01
   1.2036700000000000E+10   1.3708392545384960E+05   4.0227183502551533E-22   6.0193689127506640E-31   2.4305096254989678E+01
   1.2044200000000000E+10   1.4036872219517879E+05   3.9441182101780912E-22   5.9415729239580602E-31   2.4142218197289932E+01
   1.2051700000000000E+10   1.4365648968978113E+05   3.8668049084785068E-22   5.8644589108355201E-31   2.3980210618955301E+01
   1.2059200000000000E+10   1.4694728591824530E+05   3.7907592853009740E-22   5.7880212199157312E-31   2.3819068453318764E+01
   1.2066700000000000E+10   1.5024116557796637E+05   3.7159624289770565E-22   5.7122543091872548E-31   2.3658786225411827E+01
   1.2074200000000000E+10   1.5353818001024929E+05   3.6423956767591149E-22   5.6371527489323810E-31   2.3499358056475650E+01
   1.2081700000000000E+10   1.5683837713435656E+05   3.5700406156778890E-22   5.5627112224454435E-31   2.3340777670656625E+01
   1.2089200000000000E+10   1.6014180138663333E+05   3.4988790833490843E-22   5.4889245265541517E-31   2.3183038403213182E+01
   1.2096700000000000E+10   1.6344849366979525E+05   3.4288931685949288E-22   5.4157875719473759E-31   2.3026133209393421E+01
   1.2104200000000000E+10   1.6675849131693330E+05   3.3600652118991959E-22   5.3432953833607086E-31   2.2870054673882898E+01
   1.2111700000000000E+10   1.7007182807103993E+05   3.2923778057454374E-22   5.2714430996480192E-31   2.2714795021037709E+01
   1.2119200000000000E+10   1.7338853407857456E+05   3.2258137948483356E-22   5.2002259737352638E-31   2.2560346126008103E+01
   1.2126700000000000E+10   1.7670863589563221E+05   3.1603562762749064E-22   5.1296393724412415E-31   2.2406699526824497E+01
   1.2134200000000000E+10   1.8003215650587014E+05   3.0959885994284699E-22   5.0596787761533247E-31   2.2253846437334772E+01
   1.2141700000000000E+10   1.8335911534966651E+05   3.0326943658822480E-22   4.9903397783521589E-31   2.2101777760939946E+01
   1.2149200000000000E+10   1.8668952836389662E+05   2.9704574290272510E-22   4.9216180849815617E-31   2.1950484104892688E+01
   1.2156700000000000E+10   1.9002340803131595E+05   2.9092618935555557E-22   4.8535095136656898E-31   2.1799955795291552E+01
   1.2164200000000000E+10   1.9336076343850675E+05   2.8490921147465069E-22   4.7860099927630520E-31   2.1650182892568427E+01
   1.2171700000000000E+10   1.9670160034210802E+05   2.7899326975440691E-22   4.7191155602459585E-31   2.1501155207404469E+01
   1.2179200000000000E+10   2.0004592124451263E+05   2.7317684953925697E-22   4.6528223623980243E-31   2.1352862316817031E+01
   1.2186700000000000E+10   2.0339372548042957E+05   2.6745846088174384E-22   4.5871266523370196E-31   2.1205293580214512E+01
   1.2194200000000000E+10   2.0674500931342697E+05   2.6183663837945697E-22   4.5220247883705787E-31   2.1058438155653580E+01
   1.2201700000000000E+10   2.1009976603913493E+05   2.5630994099227524E-22   4.4575132321726629E-31   2.0912285016417833E+01
   1.2209200000000000E+10   2.1345798609224512E+05   2.5087695183868895E-22   4.3935885467442397E-31   2.0766822967943053E+01
   1.2216700000000000E+10   2.1681965715732708E+05   2.4553627796652202E-22   4.3302473941338166E-31   2.0622040664759723E+01
   1.2224200000000000E+10   2.2018476428487862E+05   2.4028655009685224E-22   4.2674865329126055E-31   2.0477926627283150E+01
   1.2231700000000000E+10   2.2355329001329083E+05   2.3512642234074240E-22   4.2053028154077118E-31   2.0334469258290522E+01
   1.2239200000000000E+10   2.2692521449615591E+05   2.3005457189232302E-22   4.1436931846844415E-31   2.0191656859312925E+01
   1.2246700000000000E+10   2.3030051563401459E+05   2.2506969869720048E-22   4.0826546712625081E-31   2.0049477646822258E+01
   1.2254200000000000E+10   2.3367916920979938E+05   2.2017052509729156E-22   4.0221843895527135E-31   1.9907919768259415E+01
   1.2261700000000000E+10   2.3706114902740819E+05   2.1535579545121942E-22   3.9622795340026811E-31   1.9766971317763911E+01
   1.2269200000000000E+10   2.4044642705280674E+05   2.1062427573189281E-22   3.9029373749425883E-31   1.9626620351666528E+01
   1.2276700000000000E+10   2.4383497355681250E+05   2.0597475310250332E-22   3.8441552541280274E-31   1.9486854903746266E+01
   1.2284200000000000E+10   2.4722675725856004E+05   2.0140603547042600E-22   3.7859305799780065E-31   1.9347663000081742E+01
   1.2291700000000000E+10   2.5062174546849614E+05   1.9691695102080824E-22   3.7282608225089299E-31   1.9209032673517605E+01
   1.2299200000000000E+10   2.5401990423111961E+05   1.9250634773179607E-22   3.6711435079708588E-31   1.9070951977760053E+01
   1.2306700000000000E+10   2.5742119846981965E+05   1.8817309287438833E-22   3.6145762131940812E-31   1.8933409001217328E+01
   1.2314200000000000E+10   2.6082559213550098E+05   1.8391607250173315E-22   3.5585565596606246E-31   1.8796391880872438E+01
   1.2321700000000000E+10   2.6423304835735878E+05   1.7973419092088548E-22   3.5030822073344633E-31   1.8659888815191362E+01
   1.2329200000000000E+10   2.6764352959145355E+05   1.7562637015244433E-22   3.4481508482846246E-31   1.8523888076259500E+01
   1.2336700000000000E+10   2.7105699776500632E+05   1.7159154938493686E-22   3.3937602001170662E-31   1.8388378021634018E+01
   1.2344200000000000E+10   2.7447341441760334E+05   1.6762868442597635E-22   3.3399079992383202E-31   1.8253347105905231E+01
   1.2351700000000000E+10   2.7789274084150209E+05   1.6373674715201719E-22   3.2865919939952479E-31   1.8118783891827913E+01
   1.2359200000000000E+10   2.8131493822168885E+05   1.5991472496178086E-22   3.2338099377465528E-31   1.7984677061183628E+01
   1.2366700000000000E+10   2.8473996777553234E+05   1.5616162023316068E-22   3.1815595819169634E-31   1.7851015425001432E+01
   1.2374200000000000E+10   2.8816779089147795E+05   1.5247644979087192E-22   3.1298386690853387E-31   1.7717787933597556E+01
   1.2381700000000000E+10   2.9159836926666379E+05   1.4885824438416438E-22   3.0786449261587032E-31   1.7584983686032466E+01
   1.2389200000000000E+10   2.9503166504315194E+05   1.4530604817961697E-22   3.0279760576861536E-31   1.7452591939221705E+01
   1.2396700000000000E+10   2.9846764094256895E+05   1.4181891827205367E-22   2.9778297393716405E-31   1.7320602116718199E+01
   1.2404200000000000E+10   3.0190626039874327E+05   1.3839592421494567E-22   2.9282036118431227E-31   1.7189003817008373E+01
   1.2411700000000000E+10   3.0534748768726515E+05   1.3503614757565802E-22   2.8790952747369628E-31   1.7057786821660404E+01
   1.2419200000000000E+10   3.0879128805182379E+05   1.3173868151541219E-22   2.8305022811497548E-31   1.6926941103066785E+01
   1.2426700000000000E+10   3.1223762782842602E+05   1.2850263039627118E-22   2.7824221325107941E-31   1.6796456831818364E+01
   1.2434200000000000E+10   3.1568647457009752E+05   1.2532710941648159E-22   2.7348522739370352E-31   1.6666324383590769E+01
   1.2441700000000000E+10   3.1913779717318481E+05   1.2221124427576911E-22   2.6877900901435355E-31   1.6536534345398149E+01
   1.2449200000000000E+10   3.2259156600267009E+05   1.1915417087724671E-22   2.6412329019689430E-31   1.6407077521858504E+01
   1.2456700000000000E+10   3.2604775301315181E+05   1.1615503506467257E-22   2.5951779635578597E-31   1.6277944941232278E+01
   1.2464200000000000E+10   3.2950633186501870E+05   1.1321299239684161E-22   2.5496224602400794E-31   1.6149127861422617E+01
   1.2471700000000000E+10   3.3296727803797892E+05   1.1032720795745587E-22   2.5045635071616676E-31   1.6020617775573374E+01
   1.2479200000000000E+10   3.3643056894410599E+05   1.0749685620197110E-22   2.4599981487329715E-31   1.5892406417269802E+01
   1.2486700000000000E+10   3.3989618404089403E+05   1.0472112084237593E-22   2.4159233589543326E-31   1.5764485765322000E+01
   1.2494200000000000E+10   3.4336410494400491E+05   1.0199919477277678E-22   2.3723360426754234E-31   1.5636848048460608E+01
   1.2501700000000000E+10   3.4683431553954893E+05   9.9330280035078128E-23   2.3292330378395678E-31   1.5509485749818538E+01
   1.2509200000000000E+10   3.5030680209597037E+05   9.6713587824776430E-23   2.2866111187665512E-31   1.5382391611176310E+01
   1.2516700000000000E+10   3.5378155337556114E+05   9.4148338537158302E-23   2.2444670005269687E-31   1.5255558637016073E+01
   1.2524200000000000E+10   3.5725856074534648E+05   9.1633761855098869E-23   2.2027973444593257E-31   1.5128980098621820E+01
   1.2531700000000000E+10   3.6073781828680553E+05   8.9169096875238304E-23   2.1615987648801628E-31   1.5002649537785942E+01
   1.2539200000000000E+10   3.6421932290321880E+05   8.6753592274077159E-23   2.1208678370286711E-31   1.4876560770514766E+01
   1.2546700000000000E+10   3.6770307442417380E+05   8.4386506512084885E-23   2.0806011062779199E-31   1.4750707890670833E+01
   1.2554200000000000E+10   3.7118907570894278E+05   8.2067108070783778E-23   2.0407950986335063E-31   1.4625085273016687E+01
   1.2561700000000000E+10   3.7467733275074564E+05   7.9794675724698311E-23   2.0014463325434181E-31   1.4499687576286924E+01
   1.2569200000000000E+10   3.7816785478237562E+05   7.7568498840839263E-23   1.9625513320266117E-31   1.4374509745439175E+01
   1.2576700000000000E+10   3.8166065437927650E+05   7.5387877708404871E-23   1.9241066411021008E-31   1.4249547014183710E+01
   1.2584200000000000E+10   3.8515574755745538E+05   7.3252123890854848E-23   1.8861088394611414E-31   1.4124794907326162E+01
   1.2591700000000000E+10   3.8865315386722522E+05   7.1160560596346972E-23   1.8485545593050760E-31   1.4000249243253323E+01
   1.2599200000000000E+10   3.9215289648708724E+05   6.9112523057612722E-23   1.8114405032545076E-31   1.3875906136045709E+01
   1.2606700000000000E+10   3.9565500232170988E+05   6.7107358916047892E-23   1.7747634632108023E-31   1.3751761997508970E+01
   1.2614200000000000E+10   3.9915950210717425E+05   6.5144428603464013E-23   1.7385203400127359E-31   1.3627813539418877E+01
   1.2621700000000000E+10   4.0266643052682350E+05   6.3223105712500830E-23   1.7027081636916546E-31   1.3504057776022256E+01
   1.2629200000000000E+10   4.0617582634113997E+05   6.1342777347231860E-23   1.6673241140932032E-31   1.3380492027123214E+01
   1.2636700000000000E+10   4.0968773253490712E+05   5.9502844444078451E-23   1.6323655415972919E-31   1.3257113921976920E+01
   1.2644200000000000E+10   4.1320219648368872E+05   5.7702722050570084E-23   1.5978299876348943E-31   1.3133921403766022E+01
   1.2651700000000000E+10   4.1671927013904997E+05   5.5941839551564950E-23   1.5637152046680815E-31   1.3010912734950081E+01
   1.2659200000000000E+10   4.2023901022817014E+05   5.4219640829434092E-23   1.5300191752705741E-31   1.2888086503116515E+01
   1.2666700000000000E+10   4.2376147845862410E+05   5.2535584346105092E-23   1.4967401299171844E-31   1.2765441627236655E+01
   1.2674200000000000E+10   4.2728674171519844E+05   5.0889143132278805E-23   1.4638765630658531E-31   1.2642977363519407E+01
   1.2681700000000000E+10   4.3081487223322201E+05   4.9279804670341878E-23   1.4314272471004781E-31   1.2520693310065813E+01
   1.2689200000000000E+10   4.3434594772947964E+05   4.7707070658241719E-23   1.3993912437041462E-31   1.2398589409267164E+01
   1.2696700000000000E+10   4.3788005146634055E+05   4.6170456646002316E-23   1.3677679122339709E-31   1.2276665947559520E+01
   1.2704200000000000E+10   4.4141727222206397E+05   4.4669491532483770E-23   1.3365569146628939E-31   1.2154923550731061E+01
   1.2711700000000000E+10   4.4495770414724440E+05   4.3203716924294382E-23   1.3057582166617647E-31   1.2033363176255614E+01
   1.2719200000000000E+10   4.4850144650665822E+05   4.1772686347476426E-23   1.2753720844284226E-31   1.1911986100598758E+01
   1.2726700000000000E+10   4.5204860332678817E+05   4.0375964319313236E-23   1.2453990769252940E-31   1.1790793903144943E+01
   1.2734200000000000E+10   4.5559928299560503E+05   3.9013125290729865E-23   1.2158400332450924E-31   1.1669788448882999E+01
   1.2741700000000000E+10   4.5915359789307078E+05   3.7683752471315322E-23   1.1866960548926044E-31   1.1548971872038647E+01
   1.2749200000000000E+10   4.6271166416467563E+05   3.6387436560517920E-23   1.1579684828549055E-31   1.1428346565918357E+01
   1.2756700000000000E+10   4.6627360178259079E+05   3.5123774407023475E-23   1.1296588694339897E-31   1.1307915183673778E+01
   1.2764200000000000E+10   4.6983953506001766E+05   3.3892367624622603E-23   1.1017689449319534E-31   1.1187680656484929E+01
   1.2771700000000000E+10   4.7340959378581750E+05   3.2692821188413370E-23   1.0743005794040384E-31   1.1067646234178175E+01
   1.2779200000000000E+10   4.7698391511713545E+05   3.1524742031964003E-23   1.0472557398289539E-31   1.0947815551839431E+01
   1.2786700000000000E+10   4.8056264629752591E+05   3.0387737663237264E-23   1.0206364431806032E-31   1.0828192724385492E+01
   1.2794200000000000E+10   4.8414594815186906E+05   2.9281414809594467E-23   9.9444470600937662E-32   1.0708782467577356E+01
   1.2801700000000000E+10   4.8773399914805556E+05   2.8205378077997190E-23   9.6868249124561673E-32   1.0589590233686938E+01
   1.2809200000000000E+10   4.9132699960934650E+05   2.7159228622203596E-23   9.4335165303364506E-32   1.0470622349027087E+01
   1.2816700000000000E+10   4.9492517543012759E+05   2.6142562789244913E-23   9.1845388046346798E-32   1.0351886130059306E+01
   1.2824200000000000E+10   4.9852878041271196E+05   2.5154970715465661E-23   8.9399064108845626E-32   1.0233389949559358E+01
   1.2831700000000000E+10   5.0213809615281032E+05   2.4196034843893594E-23   8.6996312507383584E-32   1.0115143220441942E+01
   1.2839200000000000E+10   5.0575342832253565E+05   2.3265328347639373E-23   8.4637219073307551E-32   9.9971562659188091E+00
   1.2846700000000000E+10   5.0937509829561383E+05   2.2362413458975780E-23   8.2321831208362500E-32   9.8794400478677442E+00
   1.2854200000000000E+10   5.1300342938577029E+05   2.1486839735946610E-23   8.0050152889505540E-32   9.7620057380013545E+00
   1.2861700000000000E+10   5.1663872758296889E+05   2.0638142354725833E-23   7.7822139950541400E-32   9.6448641445336527E+00
   1.2869200000000000E+10   5.2028125761746831E+05   1.9815840532359212E-23   7.5637695645451893E-32   9.5280250236383051E+00
   1.2876700000000000E+10   5.2393121643372515E+05   1.9019436262112438E-23   7.3496666477560333E-32   9.4114963553118898E+00
   1.2884200000000000E+10   5.2758870765819959E+05   1.8248413548912050E-23   7.1398838258869735E-32   9.2952836888936403E+00
   1.2891700000000000E+10   5.3125372222523764E+05   1.7502238368318109E-23   6.9343932349834768E-32   9.1793897091301080E+00
   1.2899200000000000E+10   5.3492613175252068E+05   1.6780359557517569E-23   6.7331602020213592E-32   9.0638142007739244E+00
   1.2906700000000000E+10   5.3860570220697497E+05   1.6082210760630889E-23   6.5361428867289235E-32   8.9485545800761876E+00
   1.2914200000000000E+10   5.4229213544993359E+05   1.5407213517593699E-23   6.3432919228369372E-32   8.8336071748206226E+00
   1.2921700000000000E+10   5.4598514503104636E+05   1.4754781373518548E-23   6.1545500522824951E-32   8.7189693420559689E+00
   1.2929200000000000E+10   5.4968456967515196E+05   1.4124324764647766E-23   5.9698517453048952E-32   8.6046424468765075E+00
   1.2936700000000000E+10   5.5339052306397376E+05   1.3515256200385946E-23   5.7891227973020042E-32   8.4906355693010731E+00
   1.2944200000000000E+10   5.5710357165427913E+05   1.2926995074000126E-23   5.6122798892182437E-32   8.3769696412618373E+00
   1.2951700000000000E+10   5.6082492361712747E+05   1.2358971266837171E-23   5.4392300912858889E-32   8.2636815248451239E+00
   1.2959200000000000E+10   5.6455660209678672E+05   1.1810626599736679E-23   5.2698702791313210E-32   8.1508273499911947E+00
   1.2966700000000000E+10   5.6830156582416350E+05   1.1281413186183339E-23   5.1040864164499476E-32   8.0384842787472301E+00
   1.2974200000000000E+10   5.7206373105762550E+05   1.0770787860616673E-23   4.9417526396326846E-32   7.9267497761419872E+00
   1.2981700000000000E+10   5.7584784271303145E+05   1.0278202139545276E-23   4.7827300563534878E-32   7.8157375047676432E+00
   1.2989200000000000E+10   5.7965914185445663E+05   9.8030876065261241E-24   4.6268651422172397E-32   7.7055691486834474E+00
   1.2996700000000000E+10   5.8350278458803089E+05   9.3448371933041411E-24   4.4739875881541054E-32   7.5963618544966804E+00
   1.3004200000000000E+10   5.8738298756244360E+05   8.9027834844872236E-24   4.3239074165203837E-32   7.4882115459562257E+00
   1.3011700000000000E+10   5.9130191185654909E+05   8.4761759514834646E-24   4.1764111467287366E-32   7.3811732118873215E+00
   1.3019200000000000E+10   5.9525835410596512E+05   8.0641601535832193E-24   4.0312567758813816E-32   7.2752406260644618E+00
   1.3026700000000000E+10   5.9924639068250079E+05   7.6657612070343315E-24   3.8881673844604848E-32   7.1703278501855596E+00
   1.3034200000000000E+10   6.0325420642006013E+05   7.2798734444173212E-24   3.7468233137573467E-32   7.0662548305380417E+00
   1.3041700000000000E+10   6.0726341944987432E+05   6.9052679631617897E-24   3.6068529728632318E-32   6.9627495941338395E+00
   1.3049200000000000E+10   6.1124928686054994E+05   6.5406161821427539E-24   3.4678226476704522E-32   6.8594684940896311E+00
   1.3056700000000000E+10   6.1518216843584913E+05   6.1845112632472151E-24   3.3292264863965393E-32   6.7560168404293890E+00
   1.3064200000000000E+10   6.1903044847117574E+05   5.8355288164733559E-24   3.1904784472142019E-32   6.6520128973585289E+00
   1.3071700000000000E+10   6.2276493523221707E+05   5.4923008743469978E-24   3.0509084592809174E-32   6.5471730951357126E+00
   1.3079200000000000E+10   6.2636444555230346E+05   5.1535772881623234E-24   2.9097653923538975E-32   6.4413885811269909E+00
   1.3086700000000000E+10   6.2982197857147630E+05   4.8183001030058103E-24   2.7662306944239717E-32   6.3348178218392954E+00
   1.3094200000000000E+10   6.3315082274322072E+05   4.4856711293719476E-24   2.6194457841929323E-32   6.2279726315165229E+00
   1.3101700000000000E+10   6.3639031738473545E+05   4.1551812064083606E-24   2.4685555239160955E-32   6.1217522247319467E+00
   1.3109200000000000E+10   6.3961175262704515E+05   3.8265833163806643E-24   2.3127723546522427E-32   6.0173734571177357E+00
   1.3116700000000000E+10   6.4292562995284284E+05   3.4999469986718396E-24   2.1514693092116369E-32   5.9163654493763476E+00
   1.3124200000000000E+10   6.4649164849247853E+05   3.1756461884073183E-24   1.9843044949450893E-32   5.8203951952001480E+00
   1.3131700000000000E+10   6.5053092284340400E+05   2.8544278268761924E-24   1.8113925722013629E-32   5.7310627513345844E+00
   1.3139200000000000E+10   6.5533460539315396E+05   2.5377134090865845E-24   1.6335203967933442E-32   5.6499771652723281E+00
   1.3146700000000000E+10   6.6125474460223119E+05   2.2278453581815077E-24   1.4523495419995924E-32   5.5788228294527800E+00
   1.3154200000000000E+10   6.6865466657112818E+05   1.9283086282270488E-24   1.2705601154988812E-32   5.5196305041820155E+00
   1.3161700000000000E+10   6.7779510360827635E+05   1.6453339337198392E-24   1.0919603222725561E-32   5.4799409223055164E+00
   1.3169200000000000E+10   6.8865033582129946E+05   1.3856899474929306E-24   9.2156869815609617E-33   5.4684850728956862E+00
   1.3176700000000000E+10   7.0067905274672352E+05   1.1558361199159311E-24   7.6686825408568397E-33   5.4815601251704731E+00
   1.3184200000000000E+10   7.1260189890547458E+05   9.7414059306247784E-25   6.4098870422049823E-33   5.5271333736488195E+00
   1.3191700000000000E+10   7.2233848302310007E+05   8.4031900653212395E-25   5.4399534214883473E-33   5.6179476144149154E+00
   1.3199200000000000E+10   7.2746703490437451E+05   5.1683904745600713E-25   3.7840892604843061E-33   4.9673255632460842E+00
   7.2067000000000000E+09  -1.9976210547312832E+01   6.3594110127949591E-10   1.1533534786810599E-20   6.6848559171423904E+02
   7.2142000000000000E+09  -2.6372813466582205E+01   2.3050687888232049E-09   4.0718428771575840E-20   6.8632602190041280E+02
   7.2217000000000000E+09  -6.2071297451170814E+01   5.3652307327072702E-09   8.2870727457569849E-20   7.8491899431863828E+02
   7.2292000000000000E+09  -1.0393596687809723E+02   9.6211946967250594E-09   1.3311143942847235E-19   8.7629676765766499E+02
   7.2367000000000000E+09  -1.3519058944098771E+02   1.3742727842867937E-08   1.9018304735410919E-19   8.7606984192371897E+02
   7.2442000000000000E+09  -2.0291352569629396E+02   1.8164148431632747E-08   2.5329070349733601E-19   8.6942751090564866E+02
   7.2517000000000000E+09  -2.9929649601550955E+02   2.3795632436397759E-08   3.2066878665914078E-19   8.9965945737327036E+02
   7.2592000000000000E+09  -3.9861186831285119E+02   2.8927919573328614E-08   3.8953744212045736E-19   9.0033799789754823E+02
   7.2667000000000000E+09  -5.5563978116998931E+02   3.3885654889445169E-08   4.5665293774560875E-19   8.9963680357818487E+02
   7.2742000000000000E+09  -7.7476881511348495E+02   3.8467320133578518E-08   5.1878806123506292E-19   8.9895829653442888E+02
   7.2817000000000000E+09  -1.0748486966981936E+03   4.2442936774065590E-08   5.7295803050130906E-19   8.9809070609637365E+02
   7.2892000000000000E+09  -1.4672836009338025E+03   4.5607128269813789E-08   6.1644011363117392E-19   8.9697310546440008E+02
   7.2967000000000000E+09  -1.9723707411202931E+03   4.7705039717585367E-08   6.4676567964310812E-19   8.9424162588274260E+02
   7.3042000000000000E+09  -2.7795822946311027E+03   4.8589189372876069E-08   6.6186389025456533E-19   8.9003800651533436E+02
   7.3117000000000000E+09  -4.2787790595328297E+03   4.8729278933462140E-08   6.6624913852598180E-19   8.8672899748128680E+02
   7.3192000000000000E+09  -6.8349784293662278E+03   4.8685897999886435E-08   6.6717854983751653E-19   8.8470543677503929E+02
   7.3267000000000000E+09  -1.0846043342816201E+04   4.8586422369030204E-08   6.6690595558730682E-19   8.8325867541190485E+02
   7.3342000000000000E+09  -1.6766853055744679E+04   4.8406977536769848E-08   6.6389959090055722E-19   8.8398145086897966E+02
   7.3417000000000000E+09  -2.4975748485468324E+04   4.7942417736003039E-08   6.5006216438202825E-19   8.9413403916709137E+02
   7.3492000000000000E+09  -3.5440677066416865E+04   4.6970895854071024E-08   6.1443064482207221E-19   9.2681608327947515E+02
   7.3567000000000000E+09  -4.7034704399901195E+04   4.5560360120789017E-08   5.5655477863716101E-19   9.9246869869812770E+02
   7.3642000000000000E+09  -5.6863071190835079E+04   4.3935210843816078E-08   4.8570196026067789E-19   1.0966813171208760E+03
   7.3717000000000000E+09  -6.1288067403662724E+04   4.2207813651942194E-08   4.1139158081690953E-19   1.2438701423558073E+03
   7.3792000000000000E+09  -6.1307394094682269E+04   4.0283802063616246E-08   3.4143095781289168E-19   1.4304251695632199E+03
   7.3867000000000000E+09  -5.6791973931978166E+04   3.7992988090542155E-08   2.8055606484881120E-19   1.6418042532846048E+03
   7.3942000000000000E+09  -4.5692386379553333E+04   3.5490602361645259E-08   2.3122187736586519E-19   1.8608957058233614E+03
   7.4017000000000000E+09  -3.1643935744582919E+04   3.3102673391341477E-08   1.9360238972647271E-19   2.0729553207855761E+03
   7.4092000000000000E+09  -1.9528075126929631E+04   3.1076608735642650E-08   1.6623518952262556E-19   2.2664609634485073E+03
   7.4167000000000000E+09  -1.2919974730637594E+04   2.9497285616038471E-08   1.4694727915275379E-19   2.4336498377232206E+03
   7.4242000000000000E+09  -1.1208576464609330E+04   2.8315259022967675E-08   1.3353766851187108E-19   2.5707173917451737E+03
   7.4317000000000000E+09  -1.1594384140834176E+04   2.7433159135149053E-08   1.2418902264480089E-19   2.6781210301808223E+03
   7.4392000000000000E+09  -1.4352652177181420E+04   2.6725333729423848E-08   1.1745725914750517E-19   2.7585500055055923E+03
   7.4467000000000000E+09  -1.9244440980273161E+04   2.6059073282545705E-08   1.1221988492020971E-19   2.8153133161762812E+03
   7.4542000000000000E+09  -2.4206980904528362E+04   2.5359413873250938E-08   1.0775559101336624E-19   2.8532313331385699E+03
   7.4617000000000000E+09  -2.8249308565760581E+04   2.4613949886067020E-08   1.0368889583409659E-19   2.8779725582763358E+03
   7.4692000000000000E+09  -3.1356163094992327E+04   2.3844794558439690E-08   9.9868992538149155E-20   2.8946796135107807E+03
   7.4767000000000000E+09  -3.3930055061471372E+04   2.3081058845131962E-08   9.6256625374577254E-20   2.9071181509702383E+03
   7.4842000000000000E+09  -3.6316339477814225E+04   2.2345941405858862E-08   9.2852129199079610E-20   2.9177251233796646E+03
   7.4917000000000000E+09  -3.8650804356750727E+04   2.1653188436306588E-08   8.9661148148901000E-20   2.9278926252344104E+03
   7.4992000000000000E+09  -4.0913982794849435E+04   2.1007180274819620E-08   8.6682482398064756E-20   2.9381503029111213E+03
   7.5067000000000000E+09  -4.3031658293028449E+04   2.0405605165211914E-08   8.3906306685006730E-20   2.9484411260972201E+03
   7.5142000000000000E+09  -4.4944637556222260E+04   1.9842692013792792E-08   8.1316660722629669E-20   2.9584119080081182E+03
   7.5217000000000000E+09  -4.6636845312779755E+04   1.9311948871068769E-08   7.8895071369003231E-20   2.9676577644856375E+03
   7.5292000000000000E+09  -4.8135227419188981E+04   1.8807785403750364E-08   7.6623548490926606E-20   2.9758633623803994E+03
   7.5367000000000000E+09  -4.9495420655353977E+04   1.8326093351102321E-08   7.4486246194823836E-20   2.9828498510881627E+03
   7.5442000000000000E+09  -5.0782911440318989E+04   1.7864112772566168E-08   7.2469898775364985E-20   2.9885558980069077E+03
   7.5517000000000000E+09  -5.2056152048295706E+04   1.7419985436288415E-08   7.0563523797952584E-20   2.9929889501036123E+03
   7.5592000000000000E+09  -5.3355927178569233E+04   1.6992392129688923E-08   6.8757876838648102E-20   2.9961920699115331E+03
   7.5667000000000000E+09  -5.4702275851506922E+04   1.6580335397345102E-08   6.7044954524905112E-20   2.9982289775725244E+03
   7.5742000000000000E+09  -5.6097227926840278E+04   1.6182985876685971E-08   6.5417655522107095E-20   2.9991712608644534E+03
   7.5817000000000000E+09  -5.7530592887240949E+04   1.5799590969376154E-08   6.3869592803807728E-20   2.9990885084336874E+03
   7.5892000000000000E+09  -5.8986419548309765E+04   1.5429440771804775E-08   6.2395002071157146E-20   2.9980437664031697E+03
   7.5967000000000000E+09  -6.0448480268980333E+04   1.5071868016707144E-08   6.0988689263857511E-20   2.9960935445796540E+03
   7.6042000000000000E+09  -6.1903961266027407E+04   1.4726260376957813E-08   5.9645981018790790E-20   2.9932905553775236E+03
   7.6117000000000000E+09  -6.3345162060670009E+04   1.4392057540958479E-08   5.8362666064163676E-20   2.9896844345122890E+03
   7.6192000000000000E+09  -6.4769466237590706E+04   1.4068732668975293E-08   5.7134931819040706E-20   2.9853197229756374E+03
   7.6267000000000000E+09  -6.6178230131034899E+04   1.3755781510507990E-08   5.5959305311818502E-20   2.9802352071667256E+03
   7.6342000000000000E+09  -6.7575294069157433E+04   1.3452722148123446E-08   5.4832604382560434E-20   2.9744651481787214E+03
   7.6417000000000000E+09  -6.8965548622836781E+04   1.3159091126296411E-08   5.3751900692881516E-20   2.9680393535792450E+03
   7.6492000000000000E+09  -7.0353806519719728E+04   1.2874442104400264E-08   5.2714493252579903E-20   2.9609833747284715E+03
   7.6567000000000000E+09  -7.1744143054736502E+04   1.2598352288014234E-08   5.1717889289826533E-20   2.9533202453149279E+03
   7.6642000000000000E+09  -7.3139665297700456E+04   1.2330425335768026E-08   5.0759788765264141E-20   2.9450714658489796E+03
   7.6717000000000000E+09  -7.4542567828002124E+04   1.2070290399733138E-08   4.9838069960011840E-20   2.9362571671236883E+03
   7.6792000000000000E+09  -7.5954356348290807E+04   1.1817601080137043E-08   4.8950774992017528E-20   2.9268963294160699E+03
   7.6867000000000000E+09  -7.7376134921081233E+04   1.1572034123999665E-08   4.8096095069463459E-20   2.9170070220909279E+03
   7.6942000000000000E+09  -7.8808872512382892E+04   1.1333287560476492E-08   4.7272355868155059E-20   2.9066065523458415E+03
   7.7017000000000000E+09  -8.0253601245688202E+04   1.1101078502835656E-08   4.6478003649285913E-20   2.8957115237605535E+03
   7.7092000000000000E+09  -8.1711532659914010E+04   1.0875141015497330E-08   4.5711592654991186E-20   2.8843378588689957E+03
   7.7167000000000000E+09  -8.3184101261350123E+04   1.0655224309718246E-08   4.4971774078601019E-20   2.8725008296803644E+03
   7.7242000000000000E+09  -8.4672956179914938E+04   1.0441091341116063E-08   4.4257286648147787E-20   2.8602151123965873E+03
   7.7317000000000000E+09  -8.6179924310823291E+04   1.0232517757405017E-08   4.3566948669820824E-20   2.8474948632382930E+03
   7.7392000000000000E+09  -8.7706965161995875E+04   1.0029291095681401E-08   4.2899651278648665E-20   2.8343538046769540E+03
   7.7467000000000000E+09  -8.9256131668416856E+04   9.8312101286214381E-09   4.2254352625591428E-20   2.8208053110559235E+03
   7.7542000000000000E+09  -9.0829544760529083E+04   9.6380842825860866E-09   4.1630072765851627E-20   2.8068624855094017E+03
   7.7617000000000000E+09  -9.2429383975295714E+04   9.4497330810463469E-09   4.1025889072781769E-20   2.7925382239562691E+03
   7.7692000000000000E+09  -9.4057892584880203E+04   9.2659855939225754E-09   4.0440932062209483E-20   2.7778452654928719E+03
   7.7767000000000000E+09  -9.5717393674555598E+04   9.0866798924350026E-09   3.9874381560002083E-20   2.7627962310509206E+03
   7.7842000000000000E+09  -9.7410313019485387E+04   8.9116625189125258E-09   3.9325463176639017E-20   2.7474036535097307E+03
   7.7917000000000000E+09  -9.9139205009960468E+04   8.7407879834433222E-09   3.8793445068119205E-20   2.7316800027230515E+03
   7.7992000000000000E+09  -1.0090677877067002E+05   8.5739182970394858E-09   3.8277634967142747E-20   2.7156377084921578E+03
   7.8067000000000000E+09  -1.0271592261989956E+05   8.4109225467484152E-09   3.7777377467158405E-20   2.6992891837454749E+03
   7.8142000000000000E+09  -1.0456972586258137E+05   8.2516765138821449E-09   3.7292051538602021E-20   2.6826468493805769E+03
   7.8217000000000000E+09  -1.0647149748224943E+05   8.0960623332923009E-09   3.6821068254053147E-20   2.6657231615502560E+03
   7.8292000000000000E+09  -1.0842478157283665E+05   7.9439681898101999E-09   3.6363868698257375E-20   2.6485306417237402E+03
   7.8367000000000000E+09  -1.1043336937929121E+05   7.7952880473915997E-09   3.5919922040094645E-20   2.6310819096007795E+03
   7.8442000000000000E+09  -1.1250130767392235E+05   7.6499214068042211E-09   3.5488723746093989E-20   2.6133897188624624E+03
   7.8517000000000000E+09  -1.1463290296218904E+05   7.5077730883584360E-09   3.5069793918272089E-20   2.5954669957162710E+03
   7.8592000000000000E+09  -1.1683272075227881E+05   7.3687530368498155E-09   3.4662675742286679E-20   2.5773268801695899E+03
   7.8667000000000000E+09  -1.1910557888191495E+05   7.2327761462916260E-09   3.4266934034682473E-20   2.5589827698891677E+03
   7.8742000000000000E+09  -1.2145653370248423E+05   7.0997621020519854E-09   3.3882153880255421E-20   2.5404483663348665E+03
   7.8817000000000000E+09  -1.2389085779472617E+05   6.9696352376611040E-09   3.3507939352341413E-20   2.5217377225733308E+03
   7.8892000000000000E+09  -1.2641400785314641E+05   6.8423244029310857E-09   3.3143912310363389E-20   2.5028652917937152E+03
   7.8967000000000000E+09  -1.2903158145607442E+05   6.7177628392504007E-09   3.2789711270554457E-20   2.4838459750748589E+03
   7.9042000000000000E+09  -1.3174926167366889E+05   6.5958880571180561E-09   3.2444990347650128E-20   2.4646951664216813E+03
   7.9117000000000000E+09  -1.3457274890205954E+05   6.4766417103365422E-09   3.2109418267580902E-20   2.4454287925572080E+03
   7.9192000000000000E+09  -1.3750767999128014E+05   6.3599694609299747E-09   3.1782677453803497E-20   2.4260633444870291E+03
   7.9267000000000000E+09  -1.4055953568880141E+05   6.2458208289249659E-09   3.1464463192570881E-20   2.4066158975327653E+03
   7.9342000000000000E+09  -1.4373353864901041E+05   6.1341490217811702E-09   3.1154482884824056E-20   2.3871041164645408E+03
   7.9417000000000000E+09  -1.4703454572221564E+05   6.0249107396019260E-09   3.0852455393900910E-20   2.3675462426643180E+03
   7.9492000000000000E+09  -1.5046693983983490E+05   5.9180659543853915E-09   3.0558110498408109E-20   2.3479610610241389E+03
   7.9567000000000000E+09  -1.5403452840515296E+05   5.8135776645512975E-09   3.0271188457875541E-20   2.3283678456178118E+03
   7.9642000000000000E+09  -1.5774045648131054E+05   5.7114116297109350E-09   2.9991439694935389E-20   2.3087862850962083E+03
   7.9717000000000000E+09  -1.6158714400479168E+05   5.6115360949383117E-09   2.9718624591698374E-20   2.2892363911894668E+03
   7.9792000000000000E+09  -1.6557625650292024E+05   5.5139215183153111E-09   2.9452513390068411E-20   2.2697383965041267E+03
   7.9867000000000000E+09  -1.6970871814488882E+05   5.4185403197179173E-09   2.9192886176650512E-20   2.2503126506973276E+03
   7.9942000000000000E+09  -1.7398477426422195E+05   5.3253666720256078E-09   2.8939532923649082E-20   2.2309795267199756E+03
   8.0017000000000000E+09  -1.7840410771619328E+05   5.2343763574693706E-09   2.8692253548974694E-20   2.2117593507085749E+03
   8.0092000000000000E+09  -1.8296600966843890E+05   5.1455467110424166E-09   2.8450857952905674E-20   2.1926723698357541E+03
   8.0167000000000000E+09  -1.8766960089671370E+05   5.0588566692770966E-09   2.8215165986240111E-20   2.1737387716120229E+03
   8.0242000000000000E+09  -1.9251409473221292E+05   4.9742869361622412E-09   2.7985007306641600E-20   2.1549787655795926E+03
   8.0317000000000000E+09  -1.9749908793257573E+05   4.8918202687063345E-09   2.7760221086129642E-20   2.1364127340112368E+03
   8.0392000000000000E+09  -2.0262486142675971E+05   4.8114418734088501E-09   2.7540655543054504E-20   2.1180614524054413E+03
   8.0467000000000000E+09  -2.0789266958928475E+05   4.7331398926052262E-09   2.7326167285615137E-20   2.0999463736753887E+03
   8.0542000000000000E+09  -2.1330499484219120E+05   4.6569059476757463E-09   2.7116620469765016E-20   2.0820899626616779E+03
   8.0617000000000000E+09  -2.1886574423906900E+05   4.5827356955567420E-09   2.6911885790770503E-20   2.0645160605976544E+03
   8.0692000000000000E+09  -2.2458036640048670E+05   4.5106293472734927E-09   2.6711839343325941E-20   2.0472502532400163E+03
   8.0767000000000000E+09  -2.3045587072501364E+05   4.4405920929547552E-09   2.6516361398799849E-20   2.0303202120370304E+03
   8.0842000000000000E+09  -2.3650073606118746E+05   4.3726343778612361E-09   2.6325335158949257E-20   2.0137559755434281E+03
   8.0917000000000000E+09  -2.4272470271757050E+05   4.3067719786201144E-09   2.6138645552601012E-20   1.9975901386235473E+03
   8.0992000000000000E+09  -2.4913844944737229E+05   4.2430258375795294E-09   2.5956178145133081E-20   1.9818579197285617E+03
   8.1067000000000000E+09  -2.5575316547140194E+05   4.1814216231679442E-09   2.5777818230828436E-20   1.9665970804246001E+03
   8.1142000000000000E+09  -2.6258003645810677E+05   4.1219889955704770E-09   2.5603450175093519E-20   1.9518476765127880E+03
   8.1217000000000000E+09  -2.6962967214973085E+05   4.0647605846051738E-09   2.5432957059852517E-20   1.9376516340853257E+03
   8.1292000000000000E+09  -2.7691150977398542E+05   4.0097707546316230E-09   2.5266220650927968E-20   1.9240521795730115E+03
   8.1367000000000000E+09  -2.8443322802718083E+05   3.9570542896720580E-09   2.5103121675620163E-20   1.9110931854336436E+03
   8.1442000000000000E+09  -2.9220020520481298E+05   3.9066449654537695E-09   2.4943540448323347E-20   1.8988184118055917E+03
   8.1517000000000000E+09  -3.0021507054381625E+05   3.8585734922221263E-09   2.4787357971975293E-20   1.8872703805003430E+03
   8.1592000000000000E+09  -3.0847742813598574E+05   3.8128643468796908E-09   2.4634457401369398E-20   1.8764886404402409E+03
   8.1667000000000000E+09  -3.1698379046970239E+05   3.7695330955277133E-09   2.4484725019914034E-20   1.8665082592776930E+03
   8.1742000000000000E+09  -3.2572755895569839E+05   3.7285887118211499E-09   2.4338049939327071E-20   1.8573608573720867E+03
   8.1817000000000000E+09  -3.3469878362018557E+05   3.6900419845920356E-09   2.4194324103612608E-20   1.8490787163782518E+03
   8.1892000000000000E+09  -3.4388396005085279E+05   3.6539069805224064E-09   2.4053445707378870E-20   1.8416952781373502E+03
   8.1967000000000000E+09  -3.5326685560677561E+05   3.6201777265334277E-09   2.3915323534682041E-20   1.8352330336406617E+03
   8.2042000000000000E+09  -3.6283026544378343E+05   3.5888004468906583E-09   2.3779873325041768E-20   1.8296893484022717E+03
   8.2117000000000000E+09  -3.7255620124181389E+05   3.5596936266786113E-09   2.3647007904202927E-20   1.8250468217200475E+03
   8.2192000000000000E+09  -3.8242332848603878E+05   3.5328131520197241E-09   2.3516637731151636E-20   1.8213064509067567E+03
   8.2267000000000000E+09  -3.9240617120859097E+05   3.5081463656431097E-09   2.3388680743689544E-20   1.8184843384440480E+03
   8.2342000000000000E+09  -4.0247842746558337E+05   3.4856159917288206E-09   2.3263061126593361E-20   1.8165621623222310E+03
   8.2417000000000000E+09  -4.1261338654818543E+05   3.4650913540316040E-09   2.3139701526015817E-20   1.8154927645483267E+03
   8.2492000000000000E+09  -4.2278162935806433E+05   3.4464451338329625E-09   2.3018525036589623E-20   1.8152291772016642E+03
   8.2567000000000000E+09  -4.3295166367205116E+05   3.4295351134364251E-09   2.2899459329659865E-20   1.8157147081238879E+03
   8.2642000000000000E+09  -4.4309111863164237E+05   3.4141847675507234E-09   2.2782433415993585E-20   1.8168726903798088E+03
   8.2717000000000000E+09  -4.5316583534600009E+05   3.4001934103188642E-09   2.2667376355981781E-20   1.8186115803379366E+03
   8.2792000000000000E+09  -4.6313928179778490E+05   3.3873510736568636E-09   2.2554226127949162E-20   1.8208319542719989E+03
   8.2867000000000000E+09  -4.7297521251297346E+05   3.3754312513953600E-09   2.2442937140993359E-20   1.8234218734878609E+03
   8.2942000000000000E+09  -4.8263983051780221E+05   3.3641896837653071E-09   2.2333477409297353E-20   1.8262562337465808E+03
   8.3017000000000000E+09  -4.9210220908643346E+05   3.3533775612643362E-09   2.2225824160298933E-20   1.8292041002061335E+03
   8.3092000000000000E+09  -5.0133506200966437E+05   3.3427530612311647E-09   2.2119963490005217E-20   1.8321350185958740E+03
   8.3167000000000000E+09  -5.1031579945510876E+05   3.3320907855341898E-09   2.2015890800199364E-20   1.8349242889597206E+03
   8.3242000000000000E+09  -5.1902747641965200E+05   3.3211896671257763E-09   2.1913609319783672E-20   1.8374576987129367E+03
   8.3317000000000000E+09  -5.2745934884831880E+05   3.3098793827546085E-09   2.1813126732504356E-20   1.8396357106121493E+03
   8.3392000000000000E+09  -5.3560695366656361E+05   3.2980249291562890E-09   2.1714451240040696E-20   1.8413767780830833E+03
   8.3467000000000000E+09  -5.4347175902332668E+05   3.2855289097865343E-09   2.1617588100960627E-20   1.8426194100462756E+03
   8.3542000000000000E+09  -5.5106047491993988E+05   3.2723312644630644E-09   2.1522537011668608E-20   1.8433227566532469E+03
   8.3617000000000000E+09  -5.5838411996038840E+05   3.2584065537928401E-09   2.1429290346150594E-20   1.8434657268975952E+03
   8.3692000000000000E+09  -5.6545692909926292E+05   3.2437594767906018E-09   2.1337832209714266E-20   1.8430449807412472E+03
   8.3767000000000000E+09  -5.7229519384277426E+05   3.2284192204841250E-09   2.1248138341725626E-20   1.8420721019980913E+03
   8.3842000000000000E+09  -5.7891628577936906E+05   3.2124304823171082E-09   2.1160176829551202E-20   1.8405686981737399E+03
   8.3917000000000000E+09  -5.8533767344472895E+05   3.1958479361721082E-09   2.1073909170800543E-20   1.8385633096460274E+03
   8.3992000000000000E+09  -5.9157584443685575E+05   3.1787346316232344E-09   2.0989291739211015E-20   1.8360904670694263E+03
   8.4067000000000000E+09  -5.9764593902131938E+05   3.1611516873312890E-09   2.0906277737517945E-20   1.8331846267353508E+03
   8.4142000000000000E+09  -6.0356147347183293E+05   3.1431536505515506E-09   2.0824818899568609E-20   1.8298772790084788E+03
   8.4217000000000000E+09  -6.0933395293351624E+05   3.1247889476864465E-09   2.0744866910215282E-20   1.8261969925680435E+03
   8.4292000000000000E+09  -6.1497289662362158E+05   3.1060974608985739E-09   2.0666374711930829E-20   1.8221677896707904E+03
   8.4367000000000000E+09  -6.2048594871598203E+05   3.0871101200067881E-09   2.0589297484152065E-20   1.8178087066147107E+03
   8.4442000000000000E+09  -6.2587908968926524E+05   3.0678493437221451E-09   2.0513593282237041E-20   1.8131338840266712E+03
   8.4517000000000000E+09  -6.3115690390545456E+05   3.0483301584569949E-09   2.0439223360501851E-20   1.8081530963486598E+03
   8.4592000000000000E+09  -6.3632287200552877E+05   3.0285617064229833E-09   2.0366152220093249E-20   1.8028725554183848E+03
   8.4667000000000000E+09  -6.4137965927390591E+05   3.0085489250222801E-09   2.0294347445826683E-20   1.7972958575250409E+03
   8.4742000000000000E+09  -6.4632937980572984E+05   2.9882942052301207E-09   2.0223779425345581E-20   1.7914249521487645E+03
   8.4817000000000000E+09  -6.5117382708459126E+05   2.9677988661416530E-09   2.0154421022199668E-20   1.7852610269044983E+03
   8.4892000000000000E+09  -6.5591466538223787E+05   2.9470643613762448E-09   2.0086247180204174E-20   1.7788052562868272E+03
   8.4967000000000000E+09  -6.6055356858490175E+05   2.9260932508901609E-09   2.0019234392012194E-20   1.7720594358584942E+03
   8.5042000000000000E+09  -6.6509229024769634E+05   2.9048900123104670E-09   1.9953360132941686E-20   1.7650265339388161E+03
   8.5117000000000000E+09  -6.6953267566423665E+05   2.8834616274283798E-09   1.9888602580302275E-20   1.7577110903714402E+03
   8.5192000000000000E+09  -6.7387666590991442E+05   2.8618177222181569E-09   1.9824940758493286E-20   1.7501193109875608E+03
   8.5267000000000000E+09  -6.7812633322115161E+05   2.8399701878291235E-09   1.9762354707983214E-20   1.7422588426268869E+03
   8.5342000000000000E+09  -6.8228391794258426E+05   2.8179326131426443E-09   1.9700825176749265E-20   1.7341384693677096E+03
   8.5417000000000000E+09  -6.8635180429494008E+05   2.7957199603430737E-09   1.9640333020490402E-20   1.7257679771431933E+03
   8.5492000000000000E+09  -6.9033243875962624E+05   2.7733484656498064E-09   1.9580858991381701E-20   1.7171581190467548E+03
   8.5567000000000000E+09  -6.9422826897218730E+05   2.7508353471193941E-09   1.9522384055564848E-20   1.7083204127828621E+03
   8.5642000000000000E+09  -6.9804174860400066E+05   2.7281981294073010E-09   1.9464889602861074E-20   1.6992667056900652E+03
   8.5717000000000000E+09  -7.0177536317397817E+05   2.7054538861431548E-09   1.9408357010040139E-20   1.6900087372672483E+03
   8.5792000000000000E+09  -7.0543160499555187E+05   2.6826187938390641E-09   1.9352766657056944E-20   1.6805579355962761E+03
   8.5867000000000000E+09  -7.0901286886482826E+05   2.6597081443421453E-09   1.9298096815808789E-20   1.6709255067744998E+03
   8.5942000000000000E+09  -7.1252127867193613E+05   2.6367368382889104E-09   1.9244322985476301E-20   1.6611227872437310E+03
   8.6017000000000000E+09  -7.1595847575724905E+05   2.6137204029394741E-09   1.9191418699754908E-20   1.6511618046295696E+03
   8.6092000000000000E+09  -7.1932544487003575E+05   2.5906763595793161E-09   1.9139358970048819E-20   1.6410558455580126E+03
   8.6167000000000000E+09  -7.2262251416989311E+05   2.5676251931379233E-09   1.9088126166335585E-20   1.6308195824217146E+03
   8.6242000000000000E+09  -7.2584965932295669E+05   2.5445897342020391E-09   1.9037715350340327E-20   1.6204682566150802E+03
   8.6317000000000000E+09  -7.2900710029934300E+05   2.5215921823090263E-09   1.8988134101182430E-20   1.6100158276141983E+03
   8.6392000000000000E+09  -7.3209594803836849E+05   2.4986495077391888E-09   1.8939393632127447E-20   1.5994727911631517E+03
   8.6467000000000000E+09  -7.3511850612092111E+05   2.4757697262618896E-09   1.8891493937948304E-20   1.5888449982551708E+03
   8.6542000000000000E+09  -7.3807793683736993E+05   2.4529519545146125E-09   1.8844411908695906E-20   1.5781345921355842E+03
   8.6617000000000000E+09  -7.4097736663064675E+05   2.4301912219546178E-09   1.8798101820452741E-20   1.5673429562989425E+03
   8.6692000000000000E+09  -7.4381889562706638E+05   2.4074856602562593E-09   1.8752510078702654E-20   1.5564740621266085E+03
   8.6767000000000000E+09  -7.4660307883768377E+05   2.3848415550680304E-09   1.8707595627476404E-20   1.5455360621763866E+03
   8.6842000000000000E+09  -7.4932918189282133E+05   2.3622731233190703E-09   1.8663343033692228E-20   1.5345401526372814E+03
   8.6917000000000000E+09  -7.5199613277353533E+05   2.3397982451770684E-09   1.8619760940160974E-20   1.5234980282357246E+03
   8.6992000000000000E+09  -7.5460382250602497E+05   2.3174346361581414E-09   1.8576868246644129E-20   1.5124205822733923E+03
   8.7067000000000000E+09  -7.5715400976121263E+05   2.2951982342773860E-09   1.8534674729548458E-20   1.5013184389805056E+03
   8.7142000000000000E+09  -7.5964933437599917E+05   2.2730982673803648E-09   1.8493163579451625E-20   1.4902000926516607E+03
   8.7217000000000000E+09  -7.6208933847161988E+05   2.2511245305745800E-09   1.8452291418693251E-20   1.4790634394408503E+03
   8.7292000000000000E+09  -7.6446717947331164E+05   2.2292442299331138E-09   1.8412024450447264E-20   1.4678906175749523E+03
   8.7367000000000000E+09  -7.6677763017161528E+05   2.2074435507997202E-09   1.8372383036527332E-20   1.4566717627681635E+03
   8.7442000000000000E+09  -7.6903282412605209E+05   2.1857825907004297E-09   1.8333413551154959E-20   1.4454438107699382E+03
   8.7517000000000000E+09  -7.7125026606676797E+05   2.1643438259321771E-09   1.8295118668123819E-20   1.4342623861580621E+03
   8.7592000000000000E+09  -7.7343445768582379E+05   2.1431637824328099E-09   1.8257458931835292E-20   1.4231563514726122E+03
   8.7667000000000000E+09  -7.7558508211477811E+05   2.1222538592900313E-09   1.8220386348586519E-20   1.4121386401608538E+03
   8.7742000000000000E+09  -7.7770107905777136E+05   2.1016070894945937E-09   1.8183846676283575E-20   1.4012103943629184E+03
   8.7817000000000000E+09  -7.7977580664519873E+05   2.0811825502217940E-09   1.8147789350423051E-20   1.3903496523471365E+03
   8.7892000000000000E+09  -7.8179861984440859E+05   2.0609178512434081E-09   1.8112192411634834E-20   1.3795175953744797E+03
   8.7967000000000000E+09  -7.8376003929537896E+05   2.0407567677157550E-09   1.8077070648127690E-20   1.3686763924467136E+03
   8.8042000000000000E+09  -7.8565578710823692E+05   2.0206709576705415E-09   1.8042458624975523E-20   1.3578052008372176E+03
   8.8117000000000000E+09  -7.8748729600828933E+05   2.0006637631888108E-09   1.8008383455495310E-20   1.3469049928778554E+03
   8.8192000000000000E+09  -7.8925915529820253E+05   1.9807578480180205E-09   1.7974848198565430E-20   1.3359916392255045E+03
   8.8267000000000000E+09  -7.9097586266783508E+05   1.9609782754552131E-09   1.7941834776805270E-20   1.3250843223955258E+03
   8.8342000000000000E+09  -7.9264003127985878E+05   1.9413420204214478E-09   1.7909318401628274E-20   1.3141973394190827E+03
   8.8417000000000000E+09  -7.9425249392473209E+05   1.9218568672812283E-09   1.7877279732712481E-20   1.3033383984163427E+03
   8.8492000000000000E+09  -7.9581335394029971E+05   1.9025257064013956E-09   1.7845708023059975E-20   1.2925112644463720E+03
   8.8567000000000000E+09  -7.9732289005458483E+05   1.8833509849286799E-09   1.7814597676878350E-20   1.2817190260410109E+03
   8.8642000000000000E+09  -7.9878186931141862E+05   1.8643367187354535E-09   1.7783943760881922E-20   1.2709657965618710E+03
   8.8717000000000000E+09  -8.0019141157246847E+05   1.8454882710126568E-09   1.7753739676691492E-20   1.2602567382633363E+03
   8.8792000000000000E+09  -8.0155271916392841E+05   1.8268111982130274E-09   1.7723977039506428E-20   1.2495972842935500E+03
   8.8867000000000000E+09  -8.0286687211357953E+05   1.8083101952483168E-09   1.7694646501955315E-20   1.2389923540563304E+03
   8.8942000000000000E+09  -8.0413473693670263E+05   1.7899885316504021E-09   1.7665738548655841E-20   1.2284459028308918E+03
   8.9017000000000000E+09  -8.0535695878999063E+05   1.7718479413256264E-09   1.7637243947378219E-20   1.2179608056561353E+03
   8.9092000000000000E+09  -8.0653399479853478E+05   1.7538887865035136E-09   1.7609153913277714E-20   1.2075389505556507E+03
   8.9167000000000000E+09  -8.0766615946963313E+05   1.7361103327479016E-09   1.7581460114989664E-20   1.1971814209690608E+03
   8.9242000000000000E+09  -8.0875366703032504E+05   1.7185110320424598E-09   1.7554154613122882E-20   1.1868886903857695E+03
   8.9317000000000000E+09  -8.0979666460232693E+05   1.7010887649759859E-09   1.7527229781714358E-20   1.1766607916645228E+03
   8.9392000000000000E+09  -8.1079525542676111E+05   1.6838410293606801E-09   1.7500678239783898E-20   1.1664974500212234E+03
   8.9467000000000000E+09  -8.1174951412659592E+05   1.6667650823019752E-09   1.7474492804724127E-20   1.1563981833599300E+03
   8.9542000000000000E+09  -8.1265949687506806E+05   1.6498580497154783E-09   1.7448666467790192E-20   1.1463623793451591E+03
   8.9617000000000000E+09  -8.1352524890832230E+05   1.6331170160349860E-09   1.7423192385163347E-20   1.1363893583161621E+03
   8.9692000000000000E+09  -8.1434681078785530E+05   1.6165391018161687E-09   1.7398063876298160E-20   1.1264784278348639E+03
   8.9767000000000000E+09  -8.1512422380095802E+05   1.6001215316784105E-09   1.7373274423111609E-20   1.1166289309046354E+03
   8.9842000000000000E+09  -8.1585753424773202E+05   1.5838616915727719E-09   1.7348817666894840E-20   1.1068402872700381E+03
   8.9917000000000000E+09  -8.1654679618200543E+05   1.5677571732440597E-09   1.7324687402833436E-20   1.0971120262174213E+03
   8.9992000000000000E+09  -8.1719207233867690E+05   1.5518058044338719E-09   1.7300877573762703E-20   1.0874438096494248E+03
   9.0067000000000000E+09  -8.1779343329970480E+05   1.5360056649013750E-09   1.7277382265164194E-20   1.0778354452555179E+03
   9.0142000000000000E+09  -8.1835095525889006E+05   1.5203550898563265E-09   1.7254195702861711E-20   1.0682868907135633E+03
   9.0217000000000000E+09  -8.1886471694470628E+05   1.5048526634098960E-09   1.7231312253953557E-20   1.0587982506468477E+03
   9.0292000000000000E+09  -8.1933479632732039E+05   1.4894972050217889E-09   1.7208726430697474E-20   1.0493697683984833E+03
   9.0367000000000000E+09  -8.1976126769443240E+05   1.4742877517671440E-09   1.7186432896521443E-20   1.0400018146318848E+03
   9.0442000000000000E+09  -8.2014419957191602E+05   1.4592235387640893E-09   1.7164426473096060E-20   1.0306948744584231E+03
   9.0517000000000000E+09  -8.2048365382537560E+05   1.4443039794955470E-09   1.7142702147398743E-20   1.0214495343778642E+03
   9.0592000000000000E+09  -8.2077968613420613E+05   1.4295286471372800E-09   1.7121255077797334E-20   1.0122664698798642E+03
   9.0667000000000000E+09  -8.2103234789704508E+05   1.4148972574569653E-09   1.7100080598338619E-20   1.0031464341615986E+03
   9.0742000000000000E+09  -8.2124168942033721E+05   1.4004096533263801E-09   1.7079174220033352E-20   9.9409024806902312E+02
   9.0817000000000000E+09  -8.2140776255455939E+05   1.3860657900021019E-09   1.7058531623528125E-20   9.8509879098862984E+02
   9.0892000000000000E+09  -8.2153064426516904E+05   1.3718657300083307E-09   1.7038148716345878E-20   9.7617299476247058E+02
   9.0967000000000000E+09  -8.2161072617269401E+05   1.3578096710351314E-09   1.7018022008716309E-20   9.6731384313161857E+02
   9.1042000000000000E+09  -8.2164719061854086E+05   1.3438974933951236E-09   1.6998145140076231E-20   9.5852224671393060E+02
   9.1117000000000000E+09  -8.2164055350041704E+05   1.3301300510720778E-09   1.6978518594055392E-20   9.4979941362179795E+02
   9.1192000000000000E+09  -8.2159177358643978E+05   1.3165072801079460E-09   1.6959136195754539E-20   9.4114626580030233E+02
   9.1267000000000000E+09  -8.2150038421695028E+05   1.3030294534398091E-09   1.6939994268131927E-20   9.3256381435013498E+02
   9.1342000000000000E+09  -8.2136647413240105E+05   1.2896969929341596E-09   1.6921090226292503E-20   9.2405310852206605E+02
   9.1417000000000000E+09  -8.2119043302613450E+05   1.2765101197900391E-09   1.6902420430523176E-20   9.1561510420954426E+02
   9.1492000000000000E+09  -8.2097252486303193E+05   1.2634689950884930E-09   1.6883981525393021E-20   9.0725068975744841E+02
   9.1567000000000000E+09  -8.2071302991423139E+05   1.2505736409704825E-09   1.6865770148895181E-20   8.9896064516487343E+02
   9.1642000000000000E+09  -8.2041223357002577E+05   1.2378238979658979E-09   1.6847782889272804E-20   8.9074561309364083E+02
   9.1717000000000000E+09  -8.2007041097114235E+05   1.2252193866539558E-09   1.6830016258341574E-20   8.8260607184826813E+02
   9.1792000000000000E+09  -8.1968780912437686E+05   1.2127594653026896E-09   1.6812466695296615E-20   8.7454230365780438E+02
   9.1867000000000000E+09  -8.1926462899408408E+05   1.2004431789052769E-09   1.6795130575501687E-20   8.6655435634391893E+02
   9.1942000000000000E+09  -8.1880100741298264E+05   1.1882692087234869E-09   1.6778004201325108E-20   8.5864200610807393E+02
   9.2017000000000000E+09  -8.1829699771807180E+05   1.1762358346062004E-09   1.6761083785607022E-20   8.5080472973098847E+02
   9.2092000000000000E+09  -8.1775254973284609E+05   1.1643409130937467E-09   1.6744365452548175E-20   8.4304168716652430E+02
   9.2167000000000000E+09  -8.1716749143783003E+05   1.1525818676418957E-09   1.6727845261310781E-20   8.3535171174281675E+02
   9.2242000000000000E+09  -8.1654151447647728E+05   1.1409556898906331E-09   1.6711519239472647E-20   8.2773330795385061E+02
   9.2317000000000000E+09  -8.1587416462882410E+05   1.1294589558525161E-09   1.6695383417532274E-20   8.2018466016764125E+02
   9.2392000000000000E+09  -8.1516483806345449E+05   1.1180878615327636E-09   1.6679433866768736E-20   8.1270365548961320E+02
   9.2467000000000000E+09  -8.1441278448440589E+05   1.1068382799999165E-09   1.6663666744705276E-20   8.0528792214114287E+02
   9.2542000000000000E+09  -8.1361711845017143E+05   1.0957058399784412E-09   1.6648078347892984E-20   7.9793488353325040E+02
   9.2617000000000000E+09  -8.1277683991752949E+05   1.0846860254387518E-09   1.6632665168966310E-20   7.9064182790815539E+02
   9.2692000000000000E+09  -8.1189086468136078E+05   1.0737742952468002E-09   1.6617423955175127E-20   7.8340599309211530E+02
   9.2767000000000000E+09  -8.1095806500052311E+05   1.0629662210574247E-09   1.6602351766236851E-20   7.7622466521539320E+02
   9.2842000000000000E+09  -8.0997732030473242E+05   1.0522576404740732E-09   1.6587446029236694E-20   7.6909528939293205E+02
   9.2917000000000000E+09  -8.0894757742823986E+05   1.0416448213739376E-09   1.6572704588132528E-20   7.6201558952074424E+02
   9.2992000000000000E+09  -8.0786791932956199E+05   1.0311246322462875E-09   1.6558125745501438E-20   7.5498369353943235E+02
   9.3067000000000000E+09  -8.0673764074638102E+05   1.0206947124069792E-09   1.6543708293459050E-20   7.4799825979181946E+02
   9.3142000000000000E+09  -8.0555632867534505E+05   1.0103536352255154E-09   1.6529451528986769E-20   7.4105859960371765E+02
   9.3217000000000000E+09  -8.0432394499368197E+05   1.0001010573271677E-09   1.6515355251814614E-20   7.3416479091083295E+02
   9.3292000000000000E+09  -8.0304090821276675E+05   9.8993784634019928E-10   1.6501419753456795E-20   7.2731777696607685E+02
   9.3367000000000000E+09  -8.0170817119193170E+05   9.7986617875740638E-10   1.6487645796003844E-20   7.2051944385321030E+02
   9.3442000000000000E+09  -8.0032729041080258E+05   9.6988960471580250E-10   1.6474034527779314E-20   7.1377267657320215E+02
   9.3517000000000000E+09  -7.9890048106097197E+05   9.6001309036135012E-10   1.6460587318791666E-20   7.0708140197277351E+02
   9.3592000000000000E+09  -7.9743065870083414E+05   9.5024302002896273E-10   1.6447305728391804E-20   7.0045059605905112E+02
   9.3667000000000000E+09  -7.9592147839976673E+05   9.4058703241333621E-10   1.6434191724056999E-20   6.9388615802554887E+02
   9.3742000000000000E+09  -7.9437735100357607E+05   9.3105367689185516E-10   1.6421247491560487E-20   6.8739466834413372E+02
   9.3817000000000000E+09  -7.9280335288218677E+05   9.2165256015063584E-10   1.6408474477986254E-20   6.8098353920864952E+02
   9.3892000000000000E+09  -7.9120511137599009E+05   9.1239468837269140E-10   1.6395873161341546E-20   6.7466127802632957E+02
   9.3967000000000000E+09  -7.8958886484138120E+05   9.0329117677649305E-10   1.6383444012526928E-20   6.6843649468746469E+02
   9.4042000000000000E+09  -7.8796136047442502E+05   8.9435264283996033E-10   1.6371187534254025E-20   6.6231745008951793E+02
   9.4117000000000000E+09  -7.8632953862392821E+05   8.8558986598956140E-10   1.6359103057850192E-20   6.5631259113807550E+02
   9.4192000000000000E+09  -7.8470035870209045E+05   8.7701316848241755E-10   1.6347188203873245E-20   6.5043011070664681E+02
   9.4267000000000000E+09  -7.8308063987142581E+05   8.6863160346852942E-10   1.6335439277654331E-20   6.4467732466173948E+02
   9.4342000000000000E+09  -7.8147680068430095E+05   8.6045266906426803E-10   1.6323851577856094E-20   6.3906044138964819E+02
   9.4417000000000000E+09  -7.7989458289092628E+05   8.5248187863629364E-10   1.6312419209617588E-20   6.3358424367623184E+02
   9.4492000000000000E+09  -7.7833877478215971E+05   8.4472228555590952E-10   1.6301134650688467E-20   6.2825174488186701E+02
   9.4567000000000000E+09  -7.7681292790820869E+05   8.3717413311919170E-10   1.6289988545966456E-20   6.2306392768362241E+02
   9.4642000000000000E+09  -7.7531908591838239E+05   8.2983462011036174E-10   1.6278970199817829E-20   6.1801954148459242E+02
   9.4717000000000000E+09  -7.7385755957417993E+05   8.2269761923828743E-10   1.6268068247938277E-20   6.1311485851109001E+02
   9.4792000000000000E+09  -7.7242674759926170E+05   8.1575336689702189E-10   1.6257270409439920E-20   6.0834344355836345E+02
   9.4867000000000000E+09  -7.7102297721393069E+05   8.0898850963953381E-10   1.6246563257715675E-20   6.0369618817424134E+02
   9.4942000000000000E+09  -7.6964040414529981E+05   8.0238658463595713E-10   1.6235933704477705E-20   5.9916160568666385E+02
   9.5017000000000000E+09  -7.6827107736919192E+05   7.9592816471497947E-10   1.6225370375917815E-20   5.9472588331830241E+02
   9.5092000000000000E+09  -7.6690517189402704E+05   7.8958961984359547E-10   1.6214861977986693E-20   5.9037201179724946E+02
   9.5167000000000000E+09  -7.6553103135222744E+05   7.8334402353897668E-10   1.6204395598971917E-20   5.8608051585182864E+02
   9.5242000000000000E+09  -7.6413512211053213E+05   7.7716488394323601E-10   1.6193959938769306E-20   5.8183212245526659E+02
   9.5317000000000000E+09  -7.6270256822442252E+05   7.7102538401821002E-10   1.6183548844709651E-20   5.7760706902922800E+02
   9.5392000000000000E+09  -7.6121780296200118E+05   7.6489651359202579E-10   1.6173159096682202E-20   5.7338378738323399E+02
   9.5467000000000000E+09  -7.5966482284702070E+05   7.5874907402064680E-10   1.6162787575092632E-20   5.6914050550994477E+02
   9.5542000000000000E+09  -7.5802745852940925E+05   7.5255555172736267E-10   1.6152432283577936E-20   5.6485661779591362E+02
   9.5617000000000000E+09  -7.5628981417124474E+05   7.4629057134986443E-10   1.6142093883069890E-20   5.6051297751011873E+02
   9.5692000000000000E+09  -7.5443669311594323E+05   7.3993120300213397E-10   1.6131775407026125E-20   5.5609214598514268E+02
   9.5767000000000000E+09  -7.5245393058490334E+05   7.3345739517841867E-10   1.6121481373058723E-20   5.5157875757878139E+02
   9.5842000000000000E+09  -7.5032864406779245E+05   7.2685236282822750E-10   1.6111217282197480E-20   5.4695983783013924E+02
   9.5917000000000000E+09  -7.4804941489278583E+05   7.2010279827590196E-10   1.6100989321028751E-20   5.4222498188899192E+02
   9.5992000000000000E+09  -7.4560639798104600E+05   7.1319890542069275E-10   1.6090803943094199E-20   5.3736640407990149E+02
   9.6067000000000000E+09  -7.4299135318675940E+05   7.0613431324127589E-10   1.6080667354023705E-20   5.3237889912525577E+02
   9.6142000000000000E+09  -7.4019760099899746E+05   6.9890589676658909E-10   1.6070585171313244E-20   5.2725972667949964E+02
   9.6217000000000000E+09  -7.3721992431798333E+05   6.9151348323440763E-10   1.6060562445709980E-20   5.2200839622404737E+02
   9.6292000000000000E+09  -7.3405445308251737E+05   6.8395944107000607E-10   1.6050603854546842E-20   5.1662635697204928E+02
   9.6367000000000000E+09  -7.3069856233330269E+05   6.7624825841115750E-10   1.6040713711776867E-20   5.1111668476625471E+02
   9.6442000000000000E+09  -7.2715079400091618E+05   6.6838627128967098E-10   1.6030895827626074E-20   5.0548388559588386E+02
   9.6517000000000000E+09  -7.2341080532299902E+05   6.6038156819347157E-10   1.6021153631659518E-20   4.9973382318415986E+02
   9.6592000000000000E+09  -7.1947935377159575E+05   6.5224392316721791E-10   1.6011490666012161E-20   4.9387365659784166E+02
   9.6667000000000000E+09  -7.1535831862219679E+05   6.4398464104106923E-10   1.6001910979684771E-20   4.8791171501195277E+02
   9.6742000000000000E+09  -7.1105072510327352E+05   6.3561633173171596E-10   1.5992418977006497E-20   4.8185733548039616E+02
   9.6817000000000000E+09  -7.0656071057463659E+05   6.2715263934909894E-10   1.5983018770935650E-20   4.7572068014983131E+02
   9.6892000000000000E+09  -7.0189337335357466E+05   6.1860786833763448E-10   1.5973713312606552E-20   4.6951247964569967E+02
   9.6967000000000000E+09  -6.9705446353031078E+05   6.0999642566390132E-10   1.5964503436873579E-20   4.6324363611311611E+02
   9.7042000000000000E+09  -6.9204991160113562E+05   6.0133209055552637E-10   1.5955387022621304E-20   4.5692468814617916E+02
   9.7117000000000000E+09  -6.8688526816578279E+05   5.9262727664771908E-10   1.5946358849820037E-20   4.5056524629951377E+02
   9.7192000000000000E+09  -6.8156523772793554E+05   5.8389257155825071E-10   1.5937411840977141E-20   4.4417359875267857E+02
   9.7267000000000000E+09  -6.7609353327396396E+05   5.7513679259568636E-10   1.5928539495051219E-20   4.3775667876564290E+02
   9.7342000000000000E+09  -6.7047310611814517E+05   5.6636746092566943E-10   1.5919737581782187E-20   4.3132037676676657E+02
   9.7417000000000000E+09  -6.6470639122464845E+05   5.5759106392950403E-10   1.5911002089245415E-20   4.2486979640735569E+02
   9.7492000000000000E+09  -6.5879483379913855E+05   5.4881221120702227E-10   1.5902322161238070E-20   4.1840879493382346E+02
   9.7567000000000000E+09  -6.5273713899168558E+05   5.4003136252681861E-10   1.5893671660325042E-20   4.1193845118799084E+02
   9.7642000000000000E+09  -6.4652667168058420E+05   5.3124221248091353E-10   1.5885007530872163E-20   4.0545507242690843E+02
   9.7717000000000000E+09  -6.4014970702696790E+05   5.2243105371707014E-10   1.5876281754809206E-20   3.9894935978500121E+02
   9.7792000000000000E+09  -6.3358662039709545E+05   5.1358010146378918E-10   1.5867464595115798E-20   3.9240834730963132E+02
   9.7867000000000000E+09  -6.2681679000632325E+05   5.0467446559251166E-10   1.5858566084611876E-20   3.8582023554863690E+02
   9.7942000000000000E+09  -6.1982555746027583E+05   4.9570968296097620E-10   1.5849640382463499E-20   3.7918013406756739E+02
   9.8017000000000000E+09  -6.1260987067225436E+05   4.8669579192220970E-10   1.5840767737322010E-20   3.7249371665653632E+02
   9.8092000000000000E+09  -6.0517972050393838E+05   4.7765581916850841E-10   1.5832023981886795E-20   3.6577685400033062E+02
   9.8167000000000000E+09  -5.9755490708670486E+05   4.6861983814556590E-10   1.5823455232502739E-20   3.5905165536037242E+02
   9.8242000000000000E+09  -5.8975920160797401E+05   4.5961794949267667E-10   1.5815070108773080E-20   3.5234121344893833E+02
   9.8317000000000000E+09  -5.8181487249699887E+05   4.5067531141580149E-10   1.5806849179910808E-20   3.4566550670895606E+02
   9.8392000000000000E+09  -5.7373957807118190E+05   4.4181043868692532E-10   1.5798762003220518E-20   3.3903965876981323E+02
   9.8467000000000000E+09  -5.6554589663670526E+05   4.3303607939319405E-10   1.5790781414769153E-20   3.3247427418437871E+02
   9.8542000000000000E+09  -5.5724252673768904E+05   4.2436116780689554E-10   1.5782890117732162E-20   3.2597679786599741E+02
   9.8617000000000000E+09  -5.4883592482879711E+05   4.1579261245105487E-10   1.5775080366781653E-20   3.1955290842168080E+02
   9.8692000000000000E+09  -5.4033155915193923E+05   4.0733636996099117E-10   1.5767350210185130E-20   3.1320743378769259E+02
   9.8767000000000000E+09  -5.3173451850563334E+05   3.9899782322217105E-10   1.5759699441063043E-20   3.0694473052032578E+02
   9.8842000000000000E+09  -5.2304959124496800E+05   3.9078173618419941E-10   1.5752126880799517E-20   3.0076870303431377E+02
   9.8917000000000000E+09  -5.1428106229096540E+05   3.8269206607083751E-10   1.5744629266137768E-20   2.9468267666719368E+02
   9.8992000000000000E+09  -5.0543244651081954E+05   3.7473181264485888E-10   1.5737201303272594E-20   2.8868927510149297E+02
   9.9067000000000000E+09  -4.9650628591055609E+05   3.6690297341020401E-10   1.5729836284822278E-20   2.8279036933172296E+02
   9.9142000000000000E+09  -4.8750405132623896E+05   3.5920659828320881E-10   1.5722526793563636E-20   2.7698710327116481E+02
   9.9217000000000000E+09  -4.7842613437335636E+05   3.5164290438061698E-10   1.5715265238815780E-20   2.7127997041571047E+02
   9.9292000000000000E+09  -4.6927189434392093E+05   3.4421140958121988E-10   1.5708044164455906E-20   2.6566891033166871E+02
   9.9367000000000000E+09  -4.6003972699243180E+05   3.3691105637782671E-10   1.5700856379817686E-20   2.6015340154230410E+02
   9.9442000000000000E+09  -4.5072713461278065E+05   3.2974031285581085E-10   1.5693694996932151E-20   2.5473253879588876E+02
   9.9517000000000000E+09  -4.4133078963088931E+05   3.2269724919042896E-10   1.5686553438012939E-20   2.4940509215661223E+02
   9.9592000000000000E+09  -4.3184659227842937E+05   3.1577959473475950E-10   1.5679425438179510E-20   2.4416955131092217E+02
   9.9667000000000000E+09  -4.2226972597656626E+05   3.0898478400344471E-10   1.5672305033414993E-20   2.3902416160233787E+02
   9.9742000000000000E+09  -4.1259471318508714E+05   3.0231000147134324E-10   1.5665186504007270E-20   2.3396695985220384E+02
   9.9817000000000000E+09  -4.0281547155122424E+05   2.9575223611097425E-10   1.5658064241606624E-20   2.2899581879005743E+02
   9.9892000000000000E+09  -3.9292536680168909E+05   2.8930835693287921E-10   1.5650932521166895E-20   2.2410850895295525E+02
   9.9967000000000000E+09  -3.8291725601125945E+05   2.8297521965317686E-10   1.5643785183471828E-20   2.1930278568536161E+02
   1.0004200000000000E+10  -3.7278351334006886E+05   2.7674981093469520E-10   1.5636615266421192E-20   2.1457650562978620E+02
   1.0011700000000000E+10  -3.6251603066888463E+05   2.7062942957012315E-10   1.5629414661642007E-20   2.0992777121255935E+02
   1.0019200000000000E+10  -3.5210618847582367E+05   2.6461189317221844E-10   1.5622173915015941E-20   2.0535509287529769E+02
   1.0026700000000000E+10  -3.4154479844623152E+05   2.5869574476408459E-10   1.5614882327940385E-20   2.0085754754332103E+02
   1.0034200000000000E+10  -3.3082202872936800E+05   2.5288041745376165E-10   1.5607528532050127E-20   1.9643489929363378E+02
   1.0041700000000000E+10  -3.1992733402376319E+05   2.4716629991569251E-10   1.5600101672321757E-20   1.9208763685762622E+02
   1.0049200000000000E+10  -3.0884942221726751E+05   2.4155463550590167E-10   1.5592593206806176E-20   1.8781687648503956E+02
   1.0056700000000000E+10  -2.9757629167221399E+05   2.3604719042683261E-10   1.5584999099201084E-20   1.8362408316579300E+02
   1.0064200000000000E+10  -2.8609536241687625E+05   2.3064564907518200E-10   1.5577321870682277E-20   1.7951058368063454E+02
   1.0071700000000000E+10  -2.7439369589936669E+05   2.2535074261303157E-10   1.5569571668312379E-20   1.7547688442667882E+02
   1.0079200000000000E+10  -2.6245824950071529E+05   2.2016118800344829E-10   1.5561765296661928E-20   1.7152186308453187E+02
   1.0086700000000000E+10  -2.5027604323855208E+05   2.1507259748935677E-10   1.5553922099073656E-20   1.6764196666900509E+02
   1.0094200000000000E+10  -2.3783402595731989E+05   2.1007659280353119E-10   1.5546055624373781E-20   1.6383060463722489E+02
   1.0101700000000000E+10  -2.2511831500814456E+05   2.0516040270211698E-10   1.5538160084682619E-20   1.6007795872258404E+02
   1.0109200000000000E+10  -2.1211234929153085E+05   2.0030721997343163E-10   1.5530190735445026E-20   1.5637142728896634E+02
   1.0116700000000000E+10  -1.9879335837482411E+05   1.9549753084005362E-10   1.5522037844511996E-20   1.5269686648404172E+02
   1.0124200000000000E+10  -1.8512645485765630E+05   1.9071148187749553E-10   1.5513495499229887E-20   1.4904065929415486E+02
   1.0131700000000000E+10  -1.7105567684628876E+05   1.8593207750344833E-10   1.5504229519010662E-20   1.4539240461452158E+02
   1.0139200000000000E+10  -1.5649152753027616E+05   1.8114857804778887E-10   1.5493752403198727E-20   1.4174766194775327E+02
   1.0146700000000000E+10  -1.4129503743820070E+05   1.7635895549250928E-10   1.5481415031132142E-20   1.3810978551402292E+02
   1.0154200000000000E+10  -1.2525909654337299E+05   1.7156989551416366E-10   1.5466421857354270E-20   1.3448963700795028E+02
   1.0161700000000000E+10  -1.0808865619161216E+05   1.6679303574979022E-10   1.5447869395436260E-20   1.3090218943476015E+02
   1.0169200000000000E+10  -8.9382211275190115E+04   1.6203731429461439E-10   1.5424804456956077E-20   1.2735997217616415E+02
   1.0176700000000000E+10  -6.8617656525899583E+04   1.5729925533345137E-10   1.5396305828966564E-20   1.2386474808347525E+02
   1.0184200000000000E+10  -4.5146510447453729E+04   1.5255454532939664E-10   1.5361595181911404E-20   1.2039998201906025E+02
   1.0191700000000000E+10  -1.8202445979499920E+04   1.4775587165066044E-10   1.5320138498247850E-20   1.1692830202745085E+02
   1.0199200000000000E+10   1.3067348601928124E+04   1.4285106568008703E-10   1.5271622527129285E-20   1.1340596278463023E+02
   1.0206700000000000E+10   4.9540048274036126E+04   1.3785548498391108E-10   1.5215774335311445E-20   1.0984178406257864E+02
   1.0214200000000000E+10   9.2008312891914247E+04   1.3300078352256936E-10   1.5152445517078777E-20   1.0641652048947225E+02
   1.0221700000000000E+10   1.4103587009317096E+05   1.2891188328627129E-10   1.5083370147769131E-20   1.0361727115358084E+02
   1.0229200000000000E+10   1.9671482438457102E+05   1.2683200827556298E-10   1.5017789972366240E-20   1.0239068045504818E+02
   1.0236700000000000E+10   2.5823024277354794E+05   1.2696676911373448E-10   1.4981999128973153E-20   1.0274433538354049E+02
   1.0244200000000000E+10   3.2313962508581870E+05   1.3158177304696091E-10   1.4990698796364344E-20   1.0641710556185403E+02
   1.0251700000000000E+10   3.8693701314135187E+05   1.5280525288407788E-10   1.5116223971719569E-20   1.2255542833747839E+02
   1.0259200000000000E+10   4.4334003171755129E+05   2.3255427277040317E-10   1.5567199103140970E-20   1.8111375281740399E+02
   1.0266700000000000E+10   4.7900893249873287E+05   4.9217349216147640E-10   1.6349633163806067E-20   3.6496212187437584E+02
   1.0274200000000000E+10   4.6096851036684692E+05   1.0137144192822331E-09   1.6883815382278563E-20   7.2791826298331227E+02
   1.0281700000000000E+10   3.7847360920284153E+05   1.6268634656403163E-09   1.6925346996267311E-20   1.1653358616495659E+03
   1.0289200000000000E+10   2.7842298426482297E+05   1.9881304973188078E-09   1.6449643623994306E-20   1.4652980784214751E+03
   1.0296700000000000E+10   2.2263968053938256E+05   2.0631714570959383E-09   1.5715113739060617E-20   1.5916786051040360E+03
   1.0304200000000000E+10   2.0707083265421871E+05   2.0630925812015353E-09   1.5340153502616055E-20   1.6305217570343775E+03
   1.0311700000000000E+10   2.0336859990891078E+05   2.0466374981631982E-09   1.5248653597809734E-20   1.6272227766262824E+03
   1.0319200000000000E+10   2.0288401850755591E+05   2.0200445436583667E-09   1.5214521342638469E-20   1.6096825596892743E+03
   1.0326700000000000E+10   2.0479300289620613E+05   1.9928797010303413E-09   1.5189155130214758E-20   1.5906881736162272E+03
   1.0334200000000000E+10   2.0961548411424685E+05   1.9672444601734825E-09   1.5173524547802468E-20   1.5718440146846908E+03
   1.0341700000000000E+10   2.1574954505347219E+05   1.9439360659375773E-09   1.5169809714868092E-20   1.5536007795086261E+03
   1.0349200000000000E+10   2.2184331452598001E+05   1.9238024428765946E-09   1.5171952291703981E-20   1.5372927881600885E+03
   1.0356700000000000E+10   2.2738910486026466E+05   1.9070789624367466E-09   1.5178396041711249E-20   1.5232822489404236E+03
   1.0364200000000000E+10   2.3213860137710755E+05   1.8929393605171549E-09   1.5186861713152085E-20   1.5111453867213086E+03
   1.0371700000000000E+10   2.3605176730323373E+05   1.8802281292369366E-09   1.5192260893679758E-20   1.5004644909689832E+03
   1.0379200000000000E+10   2.3947694271214088E+05   1.8674453535173080E-09   1.5192982527562377E-20   1.4901927630868611E+03
   1.0386700000000000E+10   2.4346775969721153E+05   1.8504155972239378E-09   1.5183960735142687E-20   1.4774806260271857E+03
   1.0394200000000000E+10   2.5015785679275359E+05   1.8198172454025893E-09   1.5154342666193993E-20   1.4558889821995385E+03
   1.0401700000000000E+10   2.6140462500414395E+05   1.7597582825766642E-09   1.5125513082897202E-20   1.4105240280645321E+03
   1.0409200000000000E+10   2.7157926844308927E+05   1.6408286052472620E-09   1.5129673363201658E-20   1.3148349900709500E+03
   1.0416700000000000E+10   2.7059581451928546E+05   1.4199098612238196E-09   1.5180385883278811E-20   1.1340065166521561E+03
   1.0424200000000000E+10   2.2837666274822739E+05   1.1122981588739692E-09   1.5450366191179738E-20   8.7281063123765477E+02
   1.0431700000000000E+10   9.4432968083444735E+04   7.9556776633335016E-10   1.6007058402731909E-20   6.0256407518834112E+02
   1.0439200000000000E+10  -1.1033983464900343E+05   4.9998412123135824E-10   1.6372274266813908E-20   3.7024123592135936E+02
   1.0446700000000000E+10  -3.0333961948535009E+05   2.6784504767578345E-10   1.6331962223387301E-20   1.9883042485306183E+02
   1.0454200000000000E+10  -4.2536187882134580E+05   1.5203713644573607E-10   1.5899970486544061E-20   1.1592869561768046E+02
   1.0461700000000000E+10  -4.7303025174442667E+05   1.1897123580338030E-10   1.5447432023515091E-20   9.3373420061954775E+01
   1.0469200000000000E+10  -4.8517440631190443E+05   1.1022331725145567E-10   1.5275331150273432E-20   8.7482347752905397E+01
   1.0476700000000000E+10  -4.8787775535446394E+05   1.0718633227255637E-10   1.5236874451671292E-20   8.5286660145403559E+01
   1.0484200000000000E+10  -4.8825681869044958E+05   1.0563073857930025E-10   1.5224885594395681E-20   8.4115080497429588E+01
   1.0491700000000000E+10  -4.8768442264445720E+05   1.0451933885102400E-10   1.5213924446952252E-20   8.3290023573488767E+01
   1.0499200000000000E+10  -4.8560723268518073E+05   1.0365721801157134E-10   1.5201177461517345E-20   8.2672278296172564E+01
   1.0506700000000000E+10  -4.8230410417898640E+05   1.0312637244518643E-10   1.5195651582861030E-20   8.2278809742138023E+01
   1.0514200000000000E+10  -4.7875092230041017E+05   1.0278361139499208E-10   1.5195683872976975E-20   8.2005165463657193E+01
   1.0521700000000000E+10  -4.7549404253955162E+05   1.0242121165340952E-10   1.5198363286005844E-20   8.1701621213502065E+01
   1.0529200000000000E+10  -4.7271235327745881E+05   1.0192781513567780E-10   1.5202072632080997E-20   8.1288198371193786E+01
   1.0536700000000000E+10  -4.7034526449618262E+05   1.0129356927247565E-10   1.5204403055076211E-20   8.0770000779811539E+01
   1.0544200000000000E+10  -4.6822702828787302E+05   1.0056526271216840E-10   1.5205120067459933E-20   8.0185478448196378E+01
   1.0551700000000000E+10  -4.6619056953537575E+05   9.9798780555068759E-11   1.5204749445656954E-20   7.9576265337781663E+01
   1.0559200000000000E+10  -4.6412153739457019E+05   9.9035890133687218E-11   1.5203589312325151E-20   7.8973987378541835E+01
   1.0566700000000000E+10  -4.6196782901371137E+05   9.8299183487338084E-11   1.5202135038143998E-20   7.8394015553682777E+01
   1.0574200000000000E+10  -4.5972377136549493E+05   9.7594169203922812E-11   1.5200804702892159E-20   7.7838575309239417E+01
   1.0581700000000000E+10  -4.5740774130370282E+05   9.6916564401737513E-11   1.5199701874082392E-20   7.7303743752774494E+01
   1.0589200000000000E+10  -4.5504422692810040E+05   9.6258824721589216E-11   1.5198810153387975E-20   7.6783614262843429E+01
   1.0596700000000000E+10  -4.5265366633076733E+05   9.5614031014529661E-11   1.5198067676655823E-20   7.6273002066893383E+01
   1.0604200000000000E+10  -4.5024895229001867E+05   9.4977433795237640E-11   1.5197405517397210E-20   7.5768478346364915E+01
   1.0611700000000000E+10  -4.4783592570203170E+05   9.4346550294371596E-11   1.5196769348345266E-20   7.5268340262962994E+01
   1.0619200000000000E+10  -4.4541544956861855E+05   9.3720608398252429E-11   1.5196125502681433E-20   7.4772140583923857E+01
   1.0626700000000000E+10  -4.4298560254906851E+05   9.3099863240666259E-11   1.5195458122682630E-20   7.4280160134748840E+01
   1.0634200000000000E+10  -4.4054338711884053E+05   9.2485032401457063E-11   1.5194763743940082E-20   7.3792986560649680E+01
   1.0641700000000000E+10  -4.3808584681160911E+05   9.1876911219981799E-11   1.5194046295422251E-20   7.3311233590715958E+01
   1.0649200000000000E+10  -4.3561068309945491E+05   9.1276149270360804E-11   1.5193313265894409E-20   7.2835382237020752E+01
   1.0656700000000000E+10  -4.3311649991066416E+05   9.0683149198671250E-11   1.5192572975894141E-20   7.2365713571336954E+01
   1.0664200000000000E+10  -4.3060279123953969E+05   9.0098051218842092E-11   1.5191832778606846E-20   7.1902304918864800E+01
   1.0671700000000000E+10  -4.2806977091822674E+05   8.9520772037775269E-11   1.5191098064667705E-20   7.1445065375637640E+01
   1.0679200000000000E+10  -4.2551812989604892E+05   8.8951071556068669E-11   1.5190371953705426E-20   7.0993790123435531E+01
   1.0686700000000000E+10  -4.2294878998944908E+05   8.8388625510564883E-11   1.5189655509905572E-20   7.0548217028035594E+01
   1.0694200000000000E+10  -4.2036270157406729E+05   8.7833088383054515E-11   1.5188948275480874E-20   7.0108074068661779E+01
   1.0701700000000000E+10  -4.1776070884846605E+05   8.7284137924029347E-11   1.5188248913622550E-20   6.9673111706568918E+01
   1.0709200000000000E+10  -4.1514348500149878E+05   8.6741499191581216E-11   1.5187555794486247E-20   6.9243119286815684E+01
   1.0716700000000000E+10  -4.1251152469891135E+05   8.6204950862416476E-11   1.5186867424701138E-20   6.8817928103518966E+01
   1.0724200000000000E+10  -4.0986517412243423E+05   8.5674319192095448E-11   1.5186182689005881E-20   6.8397405524086707E+01
   1.0731700000000000E+10  -4.0720467839477246E+05   8.5149465538237732E-11   1.5185500924532483E-20   6.7981444760457109E+01
   1.0739200000000000E+10  -4.0453023030686053E+05   8.4630272425469316E-11   1.5184821876710275E-20   6.7569954010121606E+01
   1.0746700000000000E+10  -4.0184201024590165E+05   8.4116631480553902E-11   1.5184145592306616E-20   6.7162847356278533E+01
   1.0754200000000000E+10  -3.9914021301319357E+05   8.3608434852082378E-11   1.5183472296389641E-20   6.6760038499745846E+01
   1.0761700000000000E+10  -3.9642506158515631E+05   8.3105570364798424E-11   1.5182802284230182E-20   6.6361437385417119E+01
   1.0769200000000000E+10  -3.9369681041485886E+05   8.2607919811923635E-11   1.5182135843008811E-20   6.5966949186617100E+01
   1.0776700000000000E+10  -3.9095574180151272E+05   8.2115359425697050E-11   1.5181473205706238E-20   6.5576474877352609E+01
   1.0784200000000000E+10  -3.8820215866766585E+05   8.1627761560784162E-11   1.5180814532033528E-20   6.5189912650265484E+01
   1.0791700000000000E+10  -3.8543637631352682E+05   8.1144996814886943E-11   1.5180159908188124E-20   6.4807159601128603E+01
   1.0799200000000000E+10  -3.8265871478913492E+05   8.0666936069952603E-11   1.5179509357279935E-20   6.4428113305343615E+01
   1.0806700000000000E+10  -3.7986949270293879E+05   8.0193452177749739E-11   1.5178862853967000E-20   6.4052673094859770E+01
   1.0814200000000000E+10  -3.7706902268706606E+05   7.9724421196474223E-11   1.5178220339061756E-20   6.3680740979300282E+01
   1.0821700000000000E+10  -3.7425760838119569E+05   7.9259723199474354E-11   1.5177581731883601E-20   6.3312222237220844E+01
   1.0829200000000000E+10  -3.7143554263353866E+05   7.8799242732821642E-11   1.5176946939604477E-20   6.2947025741356860E+01
   1.0836700000000000E+10  -3.6860310658731108E+05   7.8342869015039093E-11   1.5176315863747243E-20   6.2585064091099163E+01
   1.0844200000000000E+10  -3.6576056936424616E+05   7.7890495960853824E-11   1.5175688404406256E-20   6.2226253614693036E+01
   1.0851700000000000E+10  -3.6290818812744902E+05   7.7442022094954296E-11   1.5175064462872691E-20   6.1870514290650299E+01
   1.0859200000000000E+10  -3.6004620837801689E+05   7.6997350399902704E-11   1.5174443943260444E-20   6.1517769620932768E+01
   1.0866700000000000E+10  -3.5717486439699872E+05   7.6556388127468624E-11   1.5173826753561695E-20   6.1167946477376312E+01
   1.0874200000000000E+10  -3.5429437978196528E+05   7.6119046589922617E-11   1.5173212806373799E-20   6.0820974933497759E+01
   1.0881700000000000E+10  -3.5140496804672666E+05   7.5685240940201277E-11   1.5172602019396836E-20   6.0476788088351235E+01
   1.0889200000000000E+10  -3.4850683326081297E+05   7.5254889946893070E-11   1.5171994315736864E-20   6.0135321887009681E+01
   1.0896700000000000E+10  -3.4560017070789798E+05   7.4827915768361964E-11   1.5171389624029632E-20   5.9796514941032569E+01
   1.0904200000000000E+10  -3.4268516754472884E+05   7.4404243730461598E-11   1.5170787878404818E-20   5.9460308352372195E+01
   1.0911700000000000E+10  -3.3976200344367442E+05   7.3983802112807981E-11   1.5170189018308232E-20   5.9126645544599228E+01
   1.0919200000000000E+10  -3.3683085120494815E+05   7.3566521946163938E-11   1.5169592988208923E-20   5.8795472103365604E+01
   1.0926700000000000E+10  -3.3389187732775346E+05   7.3152336823947931E-11   1.5168999737222624E-20   5.8466735628379055E+01
   1.0934200000000000E+10  -3.3094524253348465E+05   7.2741182729572482E-11   1.5168409218693197E-20   5.8140385598085544E+01
   1.0941700000000000E+10  -3.2799110223856411E+05   7.2332997879753591E-11   1.5167821389761133E-20   5.7816373247061591E+01
   1.0949200000000000E+10  -3.2502960697720386E+05   7.1927722584000661E-11   1.5167236210946721E-20   5.7494651456183462E+01
   1.0956700000000000E+10  -3.2206090277684253E+05   7.1525299118536511E-11   1.5166653645755648E-20   5.7175174654152777E+01
   1.0964200000000000E+10  -3.1908513148920145E+05   7.1125671613427390E-11   1.5166073660307544E-20   5.6857898729409705E+01
   1.0971700000000000E+10  -3.1610243108075077E+05   7.0728785951282624E-11   1.5165496223002812E-20   5.6542780951073460E+01
   1.0979200000000000E+10  -3.1311293588784517E+05   7.0334589676358365E-11   1.5164921304244725E-20   5.6229779897925077E+01
   1.0986700000000000E+10  -3.1011677684260614E+05   6.9943031913635609E-11   1.5164348876221237E-20   5.5918855395083867E+01
   1.0994200000000000E+10  -3.0711408167528082E+05   6.9554063296452117E-11   1.5163778912728919E-20   5.5609968457318672E+01
   1.1001700000000000E+10  -3.0410497509655263E+05   6.9167635901148968E-11   1.5163211389015094E-20   5.5303081237858841E+01
   1.1009200000000000E+10  -3.0108957896150922E+05   6.8783703187481758E-11   1.5162646281626585E-20   5.4998156981752793E+01
   1.1016700000000000E+10  -2.9806801241662184E+05   6.8402219944044262E-11   1.5162083568273306E-20   5.4695159983145558E+01
   1.1024200000000000E+10  -2.9504039203197806E+05   6.8023142238166979E-11   1.5161523227712007E-20   5.4394055546030515E+01
   1.1031700000000000E+10  -2.9200683192138589E+05   6.7646427369952670E-11   1.5160965239656974E-20   5.4094809948184896E+01
   1.1039200000000000E+10  -2.8896744385304651E+05   6.7272033829969007E-11   1.5160409584714136E-20   5.3797390407923217E+01
   1.1046700000000000E+10  -2.8592233735319891E+05   6.6899921259699954E-11   1.5159856244337671E-20   5.3501765052957609E+01
   1.1054200000000000E+10  -2.8287161980489147E+05   6.6530050414574242E-11   1.5159305200801785E-20   5.3207902891249475E+01
   1.1061700000000000E+10  -2.7981539654403861E+05   6.6162383128951945E-11   1.5158756437195895E-20   5.2915773783331652E+01
   1.1069200000000000E+10  -2.7675377095441351E+05   6.5796882282585827E-11   1.5158209937426201E-20   5.2625348415777253E+01
   1.1076700000000000E+10  -2.7368684456203785E+05   6.5433511768129692E-11   1.5157665686214768E-20   5.2336598275504947E+01
   1.1084200000000000E+10  -2.7061471712836297E+05   6.5072236458957595E-11   1.5157123669086946E-20   5.2049495624363644E+01
   1.1091700000000000E+10  -2.6753748674163251E+05   6.4713022177249556E-11   1.5156583872354946E-20   5.1764013473932771E+01
   1.1099200000000000E+10  -2.6445524990704114E+05   6.4355835662870016E-11   1.5156046283122416E-20   5.1480125560874811E+01
   1.1106700000000000E+10  -2.6136810163768195E+05   6.4000644543557398E-11   1.5155510889310771E-20   5.1197806323254909E+01
   1.1114200000000000E+10  -2.5827613554762444E+05   6.3647417306098880E-11   1.5154977679687002E-20   5.0917030877638439E+01
   1.1121700000000000E+10  -2.5517944394618334E+05   6.3296123268288078E-11   1.5154446643875184E-20   5.0637774996864408E+01
   1.1129200000000000E+10  -2.5207811793146867E+05   6.2946732551068707E-11   1.5153917772342471E-20   5.0360015088046033E+01
   1.1136700000000000E+10  -2.4897224748143269E+05   6.2599216051470534E-11   1.5153391056375173E-20   5.0083728171228650E+01
   1.1144200000000000E+10  -2.4586192154179089E+05   6.2253545416225060E-11   1.5152866488052604E-20   4.9808891858589107E+01
   1.1151700000000000E+10  -2.4274722811054770E+05   6.1909693016705281E-11   1.5152344060219150E-20   4.9535484334690345E+01
   1.1159200000000000E+10  -2.3962825431907835E+05   6.1567631925067612E-11   1.5151823766455822E-20   4.9263484337689995E+01
   1.1166700000000000E+10  -2.3650508650940916E+05   6.1227335891616261E-11   1.5151305601049806E-20   4.8992871141524120E+01
   1.1174200000000000E+10  -2.3337781030760534E+05   6.0888779323552726E-11   1.5150789558961680E-20   4.8723624539197701E+01
   1.1181700000000000E+10  -2.3024651069332351E+05   6.0551937265085085E-11   1.5150275635797568E-20   4.8455724827138326E+01
   1.1189200000000000E+10  -2.2711127206552532E+05   6.0216785378874375E-11   1.5149763827774896E-20   4.8189152790631965E+01
   1.1196700000000000E+10  -2.2397217830358000E+05   5.9883299928524806E-11   1.5149254131673309E-20   4.7923889690132533E+01
   1.1204200000000000E+10  -2.2082931282206552E+05   5.9551457761782018E-11   1.5148746544766876E-20   4.7659917248187242E+01
   1.1211700000000000E+10  -2.1768275861802557E+05   5.9221236294379343E-11   1.5148241064749887E-20   4.7397217636889067E+01
   1.1219200000000000E+10  -2.1453259831147839E+05   5.8892613495117685E-11   1.5147737689686604E-20   4.7135773466230184E+01
   1.1226700000000000E+10  -2.1137891418161863E+05   5.8565567872695597E-11   1.5147236417987635E-20   4.6875567773764949E+01
   1.1234200000000000E+10  -2.0822178820051590E+05   5.8240078464004551E-11   1.5146737248392131E-20   4.6616584015421772E+01
   1.1241700000000000E+10  -2.0506130206382304E+05   5.7916124823052578E-11   1.5146240179935855E-20   4.6358806056856238E+01
   1.1249200000000000E+10  -2.0189753721705452E+05   5.7593687010299685E-11   1.5145745211900753E-20   4.6102218165183949E+01
   1.1256700000000000E+10  -1.9873057487671447E+05   5.7272745582445355E-11   1.5145252343765061E-20   4.5846805001065654E+01
   1.1264200000000000E+10  -1.9556049604652615E+05   5.6953281582818129E-11   1.5144761575157631E-20   4.5592551611254024E+01
   1.1271700000000000E+10  -1.9238738152955900E+05   5.6635276532468378E-11   1.5144272905824795E-20   4.5339443421658679E+01
   1.1279200000000000E+10  -1.8921131193685590E+05   5.6318712421761234E-11   1.5143786335595739E-20   4.5087466230810463E+01
   1.1286700000000000E+10  -1.8603236769293898E+05   5.6003571702487388E-11   1.5143301864354226E-20   4.4836606203715945E+01
   1.1294200000000000E+10  -1.8285062903866640E+05   5.5689837280372998E-11   1.5142819492016309E-20   4.4586849866008912E+01
   1.1301700000000000E+10  -1.7966617603205185E+05   5.5377492508000585E-11   1.5142339218513000E-20   4.4338184098412341E+01
   1.1309200000000000E+10  -1.7647908854741053E+05   5.5066521178059543E-11   1.5141861043773028E-20   4.4090596131460451E+01
   1.1316700000000000E+10  -1.7328944627234028E+05   5.4756907516616102E-11   1.5141384967690996E-20   4.3844073540275147E+01
   1.1324200000000000E+10  -1.7009732870103471E+05   5.4448636176002790E-11   1.5140910990078997E-20   4.3598604239080707E+01
   1.1331700000000000E+10  -1.6690281512249055E+05   5.4141692227420424E-11   1.5140439110608399E-20   4.3354176475509952E+01
   1.1339200000000000E+10  -1.6370598460446700E+05   5.3836061153728640E-11   1.5139969328777790E-20   4.3110778824979604E+01
   1.1346700000000000E+10  -1.6050691597554419E+05   5.3531728843004756E-11   1.5139501643906572E-20   4.2868400185603662E+01
   1.1354200000000000E+10  -1.5730568780689634E+05   5.3228681582614546E-11   1.5139036055129725E-20   4.2627029773511374E+01
   1.1361700000000000E+10  -1.5410237839299184E+05   5.2926906053266233E-11   1.5138572561378262E-20   4.2386657118189952E+01
   1.1369200000000000E+10  -1.5089706572934415E+05   5.2626389322730752E-11   1.5138111161335843E-20   4.2147272057623162E+01
   1.1376700000000000E+10  -1.4768982748628102E+05   5.2327118839382068E-11   1.5137651853392956E-20   4.1908864733287182E+01
   1.1384200000000000E+10  -1.4448074097853882E+05   5.2029082425971830E-11   1.5137194635604213E-20   4.1671425585319810E+01
   1.1391700000000000E+10  -1.4126988313127373E+05   5.1732268273562208E-11   1.5136739505650731E-20   4.1434945347797303E+01
   1.1399200000000000E+10  -1.3805733044255938E+05   5.1436664935788159E-11   1.5136286460802006E-20   4.1199415044271738E+01
   1.1406700000000000E+10  -1.3484315894251087E+05   5.1142261323328646E-11   1.5135835497878621E-20   4.0964825983468842E+01
   1.1414200000000000E+10  -1.3162744414903727E+05   5.0849046698717605E-11   1.5135386613218241E-20   4.0731169755244714E+01
   1.1421700000000000E+10  -1.2841026102068606E+05   5.0557010671524819E-11   1.5134939802646538E-20   4.0498438226821534E+01
   1.1429200000000000E+10  -1.2519168390675120E+05   5.0266143193899421E-11   1.5134495061444232E-20   4.0266623539320648E+01
   1.1436700000000000E+10  -1.2197178649408263E+05   4.9976434556323237E-11   1.5134052384303951E-20   4.0035718104486868E+01
   1.1444200000000000E+10  -1.1875064174895252E+05   4.9687875383201849E-11   1.5133611765263981E-20   3.9805714601338977E+01
   1.1451700000000000E+10  -1.1552832185232801E+05   4.9400456628343412E-11   1.5133173197634388E-20   3.9576605972743508E+01
   1.1459200000000000E+10  -1.1230489812916788E+05   4.9114169570804953E-11   1.5132736673943509E-20   3.9348385422222762E+01
   1.1466700000000000E+10  -1.0908044097419419E+05   4.8829005811728829E-11   1.5132302185914479E-20   3.9121046411473074E+01
   1.1474200000000000E+10  -1.0585501977608021E+05   4.8544957271980636E-11   1.5131869724450496E-20   3.8894582658500340E+01
   1.1481700000000000E+10  -1.0262870283944556E+05   4.8262016190096636E-11   1.5131439279598631E-20   3.8668988136056846E+01
   1.1489200000000000E+10  -9.9401557302947127E+04   4.7980175120135327E-11   1.5131010840500260E-20   3.8444257070031881E+01
   1.1496700000000000E+10  -9.6173649052478519E+04   4.7699426929624940E-11   1.5130584395335035E-20   3.8220383937931032E+01
   1.1504200000000000E+10  -9.2945042629709424E+04   4.7419764797941047E-11   1.5130159931273362E-20   3.7997363467673736E+01
   1.1511700000000000E+10  -8.9715801136645212E+04   4.7141182215071550E-11   1.5129737434433837E-20   3.7775190636684734E+01
   1.1519200000000000E+10  -8.6485986136773019E+04   4.6863672980814897E-11   1.5129316889849503E-20   3.7553860671307106E+01
   1.1526700000000000E+10  -8.3255657553170764E+04   4.6587231204332296E-11   1.5128898281433502E-20   3.7333369046497836E+01
   1.1534200000000000E+10  -8.0024873564065070E+04   4.6311851304046456E-11   1.5128481591954102E-20   3.7113711485775276E+01
   1.1541700000000000E+10  -7.6793690496589668E+04   4.6037528007957753E-11   1.5128066803017124E-20   3.6894883961481334E+01
   1.1549200000000000E+10  -7.3562162719552623E+04   4.5764256354315371E-11   1.5127653895055483E-20   3.6676882695309793E+01
   1.1556700000000000E+10  -7.0330342535343021E+04   4.5492031692453304E-11   1.5127242847311908E-20   3.6459704158982710E+01
   1.1564200000000000E+10  -6.7098280069792178E+04   4.5220849683430735E-11   1.5126833637801467E-20   3.6243345074817555E+01
   1.1571700000000000E+10  -6.3866023158556927E+04   4.4950706300283679E-11   1.5126426243270361E-20   3.6027802415988866E+01
   1.1579200000000000E+10  -6.0633617230642943E+04   4.4681597828279844E-11   1.5126020639171523E-20   3.5813073406749716E+01
   1.1586700000000000E+10  -5.7401105192103299E+04   4.4413520865759775E-11   1.5125616799683043E-20   3.5599155523020777E+01
   1.1594200000000000E+10  -5.4168527312677172E+04   4.4146472325492666E-11   1.5125214697741215E-20   3.5386046493359828E+01
   1.1601700000000000E+10  -5.0935921115525496E+04   4.3880449435850992E-11   1.5124814305059837E-20   3.5173744299821507E+01
   1.1609200000000000E+10  -4.7703321268645741E+04   4.3615449741485551E-11   1.5124415592137078E-20   3.4962247178447498E+01
   1.1616700000000000E+10  -4.4470759477236643E+04   4.3351471103453496E-11   1.5124018528258741E-20   3.4751553619327694E+01
   1.1624200000000000E+10  -4.1238264377622523E+04   4.3088511699165556E-11   1.5123623081514033E-20   3.4541662366488559E+01
   1.1631700000000000E+10  -3.8005861433854210E+04   4.2826570021978719E-11   1.5123229218823605E-20   3.4332572417471241E+01
   1.1639200000000000E+10  -3.4773572837932028E+04   4.2565644880464654E-11   1.5122836905974492E-20   3.4124283022636888E+01
   1.1646700000000000E+10  -3.1541417414367494E+04   4.2305735397260178E-11   1.5122446107663085E-20   3.3916793684122119E+01
   1.1654200000000000E+10  -2.8309410529929304E+04   4.2046841007438381E-11   1.5122056787548569E-20   3.3710104154390727E+01
   1.1661700000000000E+10  -2.5077564009568934E+04   4.1788961456357483E-11   1.5121668908314603E-20   3.3504214434353052E+01
   1.1669200000000000E+10  -2.1845886059666827E+04   4.1532096796978542E-11   1.5121282431747036E-20   3.3299124771029220E+01
   1.1676700000000000E+10  -1.8614381199096959E+04   4.1276247386488306E-11   1.5120897318803346E-20   3.3094835654679933E+01
   1.1684200000000000E+10  -1.5383050197313607E+04   4.1021413881874149E-11   1.5120513529672394E-20   3.2891347815123481E+01
   1.1691700000000000E+10  -1.2151890018286842E+04   4.0767597234206976E-11   1.5120131023822020E-20   3.2688662217047764E+01
   1.1699200000000000E+10  -8.9208937709245874E+03   4.0514798681859036E-11   1.5119749760070842E-20   3.2486780054419718E+01
   1.1706700000000000E+10  -5.6900506685388846E+03   4.0263019743263918E-11   1.5119369696685351E-20   3.2285702744478712E+01
   1.1714200000000000E+10  -2.4593459991348655E+03   4.0012262208994510E-11   1.5118990791498393E-20   3.2085431921144931E+01
   1.1721700000000000E+10   7.7123889202574037E+02   3.9762528132087941E-11   1.5118613002046955E-20   3.1885969426989789E+01
   1.1729200000000000E+10   4.0017266122081851E+03   3.9513819819406015E-11   1.5118236285698028E-20   3.1687317306071694E+01
   1.1736700000000000E+10   7.2321436988548048E+03   3.9266139818326107E-11   1.5117860599725695E-20   3.1489477793137514E+01
   1.1744200000000000E+10   1.0462520615390495E+04   3.9019490904517813E-11   1.5117485901369474E-20   3.1292453303738100E+01
   1.1751700000000000E+10   1.3692891725613166E+04   3.8773876068047710E-11   1.5117112147982179E-20   3.1096246422821906E+01
   1.1759200000000000E+10   1.6923295254414144E+04   3.8529298498535290E-11   1.5116739297148209E-20   3.0900859892637904E+01
   1.1766700000000000E+10   2.0153773237547506E+04   3.8285761569077676E-11   1.5116367306800459E-20   3.0706296599660963E+01
   1.1774200000000000E+10   2.3384371459001843E+04   3.8043268819132137E-11   1.5115996135349041E-20   3.0512559560664513E+01
   1.1781700000000000E+10   2.6615139375381117E+04   3.7801823936359568E-11   1.5115625741812266E-20   3.0319651907962808E+01
   1.1789200000000000E+10   2.9846130026965035E+04   3.7561430737428022E-11   1.5115256085951436E-20   3.0127576873818903E+01
   1.1796700000000000E+10   3.3077399935402347E+04   3.7322093147892320E-11   1.5114887128403215E-20   2.9936337774123984E+01
   1.1804200000000000E+10   3.6309008988822279E+04   3.7083815180935543E-11   1.5114518830800215E-20   2.9745937991193994E+01
   1.1811700000000000E+10   3.9541020315965223E+04   3.6846600914949028E-11   1.5114151155869508E-20   2.9556380955683718E+01
   1.1819200000000000E+10   4.2773500150375599E+04   3.6610454470097528E-11   1.5113784067534924E-20   2.9367670127683475E+01
   1.1826700000000000E+10   4.6006517683973187E+04   3.6375379984261554E-11   1.5113417531034744E-20   2.9179808977290588E+01
   1.1834200000000000E+10   4.9240144908448376E+04   3.6141381588680311E-11   1.5113051513053405E-20   2.8992800964918857E+01
   1.1841700000000000E+10   5.2474456444253177E+04   3.5908463383167941E-11   1.5112685981843674E-20   2.8806649521289756E+01
   1.1849200000000000E+10   5.5709529358654087E+04   3.5676629410760294E-11   1.5112320907331907E-20   2.8621358027003879E+01
   1.1856700000000000E+10   5.8945442974636768E+04   3.5445883631738429E-11   1.5111956261205905E-20   2.8436929791648680E+01
   1.1864200000000000E+10   6.2182278671773347E+04   3.5216229897384423E-11   1.5111592016998456E-20   2.8253368032701594E+01
   1.1871700000000000E+10   6.5420119679510542E+04   3.4987671923577772E-11   1.5111228150165312E-20   2.8070675854317255E+01
   1.1879200000000000E+10   6.8659050863312237E+04   3.4760213264461376E-11   1.5110864638161388E-20   2.7888856226174966E+01
   1.1886700000000000E+10   7.1899158504350358E+04   3.4533857286250310E-11   1.5110501460508523E-20   2.7707911962457121E+01
   1.1894200000000000E+10   7.5140530073584028E+04   3.4308607141307102E-11   1.5110138598855009E-20   2.7527845701056602E+01
   1.1901700000000000E+10   7.8383254001317458E+04   3.4084465742565328E-11   1.5109776037021159E-20   2.7348659883088597E+01
   1.1909200000000000E+10   8.1627419443369421E+04   3.3861435738408418E-11   1.5109413761038662E-20   2.7170356732777311E+01
   1.1916700000000000E+10   8.4873116045149844E+04   3.3639519488070230E-11   1.5109051759169629E-20   2.6992938237795755E+01
   1.1924200000000000E+10   8.8120433704581825E+04   3.3418719037811637E-11   1.5108690021928855E-20   2.6816406130219217E+01
   1.1931700000000000E+10   9.1369462334362586E+04   3.3199036098001236E-11   1.5108328542097687E-20   2.6640761868215950E+01
   1.1939200000000000E+10   9.4620291623906625E+04   3.2980472021325795E-11   1.5107967314733395E-20   2.6466006618648819E+01
   1.1946700000000000E+10   9.7873010802111239E+04   3.2763027782105565E-11   1.5107606337164721E-20   2.6292141240583870E+01
   1.1954200000000000E+10   1.0112770840292951E+05   3.2546703956647280E-11   1.5107245608962080E-20   2.6119166269670860E+01
   1.1961700000000000E+10   1.0438447203552394E+05   3.2331500704752130E-11   1.5106885131896210E-20   2.5947081903464344E+01
   1.1969200000000000E+10   1.0764338815981461E+05   3.2117417752626698E-11   1.5106524909894927E-20   2.5775887987867158E+01
   1.1976700000000000E+10   1.1090454186764320E+05   3.1904454377313396E-11   1.5106164948993988E-20   2.5605584004796633E+01
   1.1984200000000000E+10   1.1416801667009444E+05   3.1692609392767756E-11   1.5105805257285038E-20   2.5436169061170588E+01
   1.1991700000000000E+10   1.1743389429207235E+05   3.1481881137443469E-11   1.5105445844846664E-20   2.5267641879124930E+01
   1.1999200000000000E+10   1.2070225447522939E+05   3.1272267463488674E-11   1.5105086723667361E-20   2.5100000787530206E+01
   1.2006700000000000E+10   1.2397317479036140E+05   3.1063765727529682E-11   1.5104727907554553E-20   2.4933243714797399E+01
   1.2014200000000000E+10   1.2724673046009454E+05   3.0856372783124014E-11   1.5104369412040796E-20   2.4767368183019688E+01
   1.2021700000000000E+10   1.3052299419226334E+05   3.0650084974928688E-11   1.5104011254285331E-20   2.4602371303490205E+01
   1.2029200000000000E+10   1.3380203602357829E+05   3.0444898134792503E-11   1.5103653452990607E-20   2.4438249773731549E+01
   1.2036700000000000E+10   1.3708392317221753E+05   3.0240807579870416E-11   1.5103296028333206E-20   2.4274999876118311E+01
   1.2044200000000000E+10   1.4036871989879265E+05   3.0037808112797051E-11   1.5102939001883799E-20   2.4112617478164328E+01
   1.2051700000000000E+10   1.4365648737876309E+05   2.9835894023198072E-11   1.5102582396466824E-20   2.3951098033973381E+01
   1.2059200000000000E+10   1.4694728359276685E+05   2.9635059089905076E-11   1.5102226235954189E-20   2.3790436586348925E+01
   1.2066700000000000E+10   1.5024116323824835E+05   2.9435296583965643E-11   1.5101870545072140E-20   2.3630627769508070E+01
   1.2074200000000000E+10   1.5353817765655922E+05   2.9236599274015561E-11   1.5101515349300503E-20   2.3471665813535967E+01
   1.2081700000000000E+10   1.5683837476700879E+05   2.9038959434519557E-11   1.5101160674846514E-20   2.3313544551021980E+01
   1.2089200000000000E+10   1.6014179900598607E+05   2.8842368855824343E-11   1.5100806548582445E-20   2.3156257425205435E+01
   1.2096700000000000E+10   1.6344849127624906E+05   2.8646818854942359E-11   1.5100452997923576E-20   2.2999797498795999E+01
   1.2104200000000000E+10   1.6675848891092819E+05   2.8452300286981750E-11   1.5100100050670889E-20   2.2844157463359888E+01
   1.2111700000000000E+10   1.7007182565305621E+05   2.8258803557577062E-11   1.5099747734863875E-20   2.2689329649486002E+01
   1.2119200000000000E+10   1.7338853164912763E+05   2.8066318636504793E-11   1.5099396078652117E-20   2.2535306037868029E+01
   1.2126700000000000E+10   1.7670863345527436E+05   2.7874835072482007E-11   1.5099045110179350E-20   2.2382078271312039E+01
   1.2134200000000000E+10   1.8003215405518460E+05   2.7684342009088758E-11   1.5098694857471315E-20   2.2229637667635942E+01
   1.2141700000000000E+10   1.8335911288926852E+05   2.7494828201658464E-11   1.5098345348329761E-20   2.2077975233332829E+01
   1.2149200000000000E+10   1.8668952589443035E+05   2.7306282034910621E-11   1.5097996610231483E-20   2.1927081677819281E+01
   1.2156700000000000E+10   1.9002340555345253E+05   2.7118691541480778E-11   1.5097648670240650E-20   2.1776947428381696E+01
   1.2164200000000000E+10   1.9336076095294100E+05   2.6932044421069190E-11   1.5097301554929758E-20   2.1627562645604783E+01
   1.2171700000000000E+10   1.9670159784956029E+05   2.6746328060112186E-11   1.5096955290290593E-20   2.1478917239232356E+01
   1.2179200000000000E+10   2.0004591874572198E+05   2.6561529551674264E-11   1.5096609901630743E-20   2.1331000884223698E+01
   1.2186700000000000E+10   2.0339372297615511E+05   2.6377635715245235E-11   1.5096265413459193E-20   2.1183803036746113E+01
   1.2194200000000000E+10   2.0674500680444526E+05   2.6194633116874424E-11   1.5095921849399399E-20   2.1037312950396448E+01
   1.2201700000000000E+10   2.1009976352623702E+05   2.6012508089772800E-11   1.5095579232140584E-20   2.0891519692743795E+01
   1.2209200000000000E+10   2.1345798357623618E+05   2.5831246755357533E-11   1.5095237583404274E-20   2.0746412162207204E+01
   1.2216700000000000E+10   2.1681965463902327E+05   2.5650835044317727E-11   1.5094896923897535E-20   2.0601979104969978E+01
   1.2224200000000000E+10   2.2018476176510545E+05   2.5471258717453340E-11   1.5094557273251184E-20   2.0458209131733032E+01
   1.2231700000000000E+10   2.2355328749288205E+05   2.5292503386133281E-11   1.5094218649956635E-20   2.0315090734163956E+01
   1.2239200000000000E+10   2.2692521197595107E+05   2.5114554532663107E-11   1.5093881071312920E-20   2.0172612301259726E+01
   1.2246700000000000E+10   2.3030051311485691E+05   2.4937397530423283E-11   1.5093544553382183E-20   2.0030762135514177E+01
   1.2254200000000000E+10   2.3367916669253539E+05   2.4761017663805539E-11   1.5093209110951679E-20   1.9889528468915476E+01
   1.2261700000000000E+10   2.3706114651288360E+05   2.4585400147812661E-11   1.5092874757500231E-20   1.9748899478668573E+01
   1.2269200000000000E+10   2.4044642454186705E+05   2.4410530147346347E-11   1.5092541505171378E-20   1.9608863302659625E+01
   1.2276700000000000E+10   2.4383497105030011E+05   2.4236392796245175E-11   1.5092209364757011E-20   1.9469408054707781E+01
   1.2284200000000000E+10   2.4722675475731198E+05   2.4062973215818194E-11   1.5091878345691653E-20   1.9330521839400237E+01
   1.2291700000000000E+10   2.5062174297334257E+05   2.3890256532927120E-11   1.5091548456057042E-20   1.9192192766554196E+01
   1.2299200000000000E+10   2.5401990174288326E+05   2.3718227897555973E-11   1.5091219702565724E-20   1.9054408965296595E+01
   1.2306700000000000E+10   2.5742119598931301E+05   2.3546872500061760E-11   1.5090892090527349E-20   1.8917158597911051E+01
   1.2314200000000000E+10   2.6082558966352433E+05   2.3376175588428852E-11   1.5090565623801265E-20   1.8780429873705664E+01
   1.2321700000000000E+10   2.6423304589469783E+05   2.3206122484388909E-11   1.5090240304790315E-20   1.8644211061918412E+01
   1.2329200000000000E+10   2.6764352713887958E+05   2.3036698598632453E-11   1.5089916134471243E-20   1.8508490503849966E+01
   1.2336700000000000E+10   2.7105699532327411E+05   2.2867889445695577E-11   1.5089593112433190E-20   1.8373256624729507E+01
   1.2344200000000000E+10   2.7447341198744840E+05   2.2699680658442410E-11   1.5089271236891371E-20   1.8238497945289968E+01
   1.2351700000000000E+10   2.7789273842363898E+05   2.2532058001959776E-11   1.5088950504685249E-20   1.8104203092892345E+01
   1.2359200000000000E+10   2.8131493581681006E+05   2.2365007387140449E-11   1.5088630911273961E-20   1.7970360812404859E+01
   1.2366700000000000E+10   2.8473996538430761E+05   2.2198514883457719E-11   1.5088312450736246E-20   1.7836959976428645E+01
   1.2374200000000000E+10   2.8816778851455101E+05   2.2032566731545097E-11   1.5087995115775305E-20   1.7703989595362721E+01
   1.2381700000000000E+10   2.9159836690465192E+05   2.1867149355024982E-11   1.5087678897726560E-20   1.7571438826863989E+01
   1.2389200000000000E+10   2.9503166269664402E+05   2.1702249371928792E-11   1.5087363786564222E-20   1.7439296984982246E+01
   1.2396700000000000E+10   2.9846763861212507E+05   2.1537853605689509E-11   1.5087049770913523E-20   1.7307553548946810E+01
   1.2404200000000000E+10   3.0190625808489171E+05   2.1373949095578834E-11   1.5086736838071603E-20   1.7176198171499035E+01
   1.2411700000000000E+10   3.0534748539050296E+05   2.1210523106924311E-11   1.5086424974035189E-20   1.7045220687042512E+01
   1.2419200000000000E+10   3.0879128577261406E+05   2.1047563140846699E-11   1.5086114163526429E-20   1.6914611119412502E+01
   1.2426700000000000E+10   3.1223762556719821E+05   2.0885056943499775E-11   1.5085804389994633E-20   1.6784359689274609E+01
   1.2434200000000000E+10   3.1568647232724645E+05   2.0722992514648492E-11   1.5085495635591890E-20   1.6654456821021672E+01
   1.2441700000000000E+10   3.1913779494906904E+05   2.0561358115513449E-11   1.5085187881158480E-20   1.6524893149069833E+01
   1.2449200000000000E+10   3.2259156379761320E+05   2.0400142276620858E-11   1.5084881106245724E-20   1.6395659524118408E+01
   1.2456700000000000E+10   3.2604775082743901E+05   2.0239333805486566E-11   1.5084575289166892E-20   1.6266747019248019E+01
   1.2464200000000000E+10   3.2950632969889994E+05   2.0078921794149317E-11   1.5084270407032456E-20   1.6138146935917632E+01
   1.2471700000000000E+10   3.3296727589166485E+05   1.9918895626213786E-11   1.5083966435756622E-20   1.6009850809600483E+01
   1.2479200000000000E+10   3.3643056681777281E+05   1.9759244983353118E-11   1.5083663350052567E-20   1.5881850414998379E+01
   1.2486700000000000E+10   3.3989618193467904E+05   1.9599959851331289E-11   1.5083361123425483E-20   1.5754137770872612E+01
   1.2494200000000000E+10   3.4336410285800888E+05   1.9441030525871314E-11   1.5083059728172847E-20   1.5626705144743518E+01
   1.2501700000000000E+10   3.4683431347383920E+05   1.9282447618295676E-11   1.5082759135382374E-20   1.5499545057409815E+01
   1.2509200000000000E+10   3.5030680005057674E+05   1.9124202060859626E-11   1.5082459314931084E-20   1.5372650287220162E+01
   1.2516700000000000E+10   3.5378155135048111E+05   1.8966285111848624E-11   1.5082160235484093E-20   1.5246013874155731E+01
   1.2524200000000000E+10   3.5725855874054536E+05   1.8808688360730566E-11   1.5081861864496036E-20   1.5119629123954413E+01
   1.2531700000000000E+10   3.6073781630221586E+05   1.8651403732851346E-11   1.5081564168225133E-20   1.4993489611855754E+01
   1.2539200000000000E+10   3.6421932093874586E+05   1.8494423494091817E-11   1.5081267111757042E-20   1.4867589186306201E+01
   1.2546700000000000E+10   3.6770307247969584E+05   1.8337740255496128E-11   1.5080970659021426E-20   1.4741921972649880E+01
   1.2554200000000000E+10   3.7118907378431287E+05   1.8181346977124341E-11   1.5080674772787396E-20   1.4616482376217329E+01
   1.2561700000000000E+10   3.7467733084579429E+05   1.8025236971851233E-11   1.5080379414633068E-20   1.4491265085395801E+01
   1.2569200000000000E+10   3.7816785289691575E+05   1.7869403908214993E-11   1.5080084544944173E-20   1.4366265073906712E+01
   1.2576700000000000E+10   3.8166065251310490E+05   1.7713841813690218E-11   1.5079790122951536E-20   1.4241477603387578E+01
   1.2584200000000000E+10   3.8515574571035610E+05   1.7558545077704234E-11   1.5079496106783234E-20   1.4116898225755818E+01
   1.2591700000000000E+10   3.8865315203897347E+05   1.7403508454787001E-11   1.5079202453482123E-20   1.3992522785714860E+01
   1.2599200000000000E+10   3.9215289467745408E+05   1.7248727067202512E-11   1.5078909118976066E-20   1.3868347422887867E+01
   1.2606700000000000E+10   3.9565500053046545E+05   1.7094196407487689E-11   1.5078616058016117E-20   1.3744368573904961E+01
   1.2614200000000000E+10   3.9915950033409178E+05   1.6939912341155321E-11   1.5078323224080477E-20   1.3620582974650372E+01
   1.2621700000000000E+10   4.0266642877168505E+05   1.6785871109717982E-11   1.5078030569245980E-20   1.3496987662792224E+01
   1.2629200000000000E+10   4.0617582460373902E+05   1.6632069334422175E-11   1.5077738044024007E-20   1.3373579980908922E+01
   1.2636700000000000E+10   4.0968773081505520E+05   1.6478504020929508E-11   1.5077445597170332E-20   1.3250357580392293E+01
   1.2644200000000000E+10   4.1320219478121772E+05   1.6325172564752634E-11   1.5077153175477463E-20   1.3127318425964132E+01
   1.2651700000000000E+10   4.1671926845381700E+05   1.6172072757764615E-11   1.5076860723593578E-20   1.3004460801023489E+01
   1.2659200000000000E+10   4.2023900856006274E+05   1.6019202795479214E-11   1.5076568183905126E-20   1.2881783313551505E+01
   1.2666700000000000E+10   4.2376147680756351E+05   1.5866561284878516E-11   1.5076275496531877E-20   1.2759284902356463E+01
   1.2674200000000000E+10   4.2728674008114362E+05   1.5714147251964788E-11   1.5075982599464064E-20   1.2636964842978795E+01
   1.2681700000000000E+10   4.3081487061617180E+05   1.5561960147924098E-11   1.5075689428864221E-20   1.2514822752350712E+01
   1.2689200000000000E+10   4.3434594612947764E+05   1.5409999852719169E-11   1.5075395919579174E-20   1.2392858591231208E+01
   1.2696700000000000E+10   4.3788004988347640E+05   1.5258266675627316E-11   1.5075102005929796E-20   1.2271072663983663E+01
   1.2704200000000000E+10   4.4141727065647766E+05   1.5106761350483474E-11   1.5074807622757220E-20   1.2149465613926916E+01
   1.2711700000000000E+10   4.4495770259912510E+05   1.4955485027260187E-11   1.5074512706599728E-20   1.2028038415686337E+01
   1.2719200000000000E+10   4.4850144497624564E+05   1.4804439257313325E-11   1.5074217196777270E-20   1.1906792362579438E+01
   1.2726700000000000E+10   4.5204860181437369E+05   1.4653625973940720E-11   1.5073921036165839E-20   1.1785729050524923E+01
   1.2734200000000000E+10   4.5559928150152985E+05   1.4503047470908143E-11   1.5073624171361231E-20   1.1664850360824584E+01
   1.2741700000000000E+10   4.5915359641772578E+05   1.4352706381146653E-11   1.5073326551908058E-20   1.1544158443804404E+01
   1.2749200000000000E+10   4.6271166270849603E+05   1.4202605662033869E-11   1.5073028128239445E-20   1.1423655708689235E+01
   1.2756700000000000E+10   4.6627360034604889E+05   1.4052748592920025E-11   1.5072728848038886E-20   1.1303344824409768E+01
   1.2764200000000000E+10   4.6983953364362224E+05   1.3903138792821078E-11   1.5072428650891148E-20   1.1183228737727012E+01
   1.2771700000000000E+10   4.7340959239010257E+05   1.3753780264954807E-11   1.5072127461317644E-20   1.1063310713882437E+01
   1.2779200000000000E+10   4.7698391374265245E+05   1.3604677472829155E-11   1.5071825180671469E-20   1.0943594403131794E+01
   1.2786700000000000E+10   4.8056264494483330E+05   1.3455835451376431E-11   1.5071521678798668E-20   1.0824083935264314E+01
   1.2794200000000000E+10   4.8414594682152261E+05   1.3307259952404330E-11   1.5071216786842022E-20   1.0704784040537044E+01
   1.2801700000000000E+10   4.8773399784059852E+05   1.3158957611244430E-11   1.5070910293028825E-20   1.0585700185246987E+01
   1.2809200000000000E+10   4.9132699832529417E+05   1.3010936120480662E-11   1.5070601943665568E-20   1.0466838709210069E+01
   1.2816700000000000E+10   4.9492517416996590E+05   1.2863204383419853E-11   1.5070291451743001E-20   1.0348206941793430E+01
   1.2824200000000000E+10   4.9852877917688491E+05   1.2715772613496629E-11   1.5069978515436283E-20   1.0229813268168524E+01
   1.2831700000000000E+10   5.0213809494171804E+05   1.2568652339641699E-11   1.5069662848013127E-20   1.0111667113147110E+01
   1.2839200000000000E+10   5.0575342713653197E+05   1.2421856278421635E-11   1.5069344219258470E-20   9.9937788116046633E+00
   1.2846700000000000E+10   5.0937509713500919E+05   1.2275398035320245E-11   1.5069022506497896E-20   9.8761593370749843E+00
   1.2854200000000000E+10   5.1300342825082556E+05   1.2129291612164655E-11   1.5068697750720617E-20   9.7588198734125964E+00
   1.2861700000000000E+10   5.1663872647390550E+05   1.1983550729563467E-11   1.5068370210134746E-20   9.6417712417937960E+00
   1.2869200000000000E+10   5.2028125653445948E+05   1.1838187992941613E-11   1.5068040400153086E-20   9.5250232128206367E+00
   1.2876700000000000E+10   5.2393121537689504E+05   1.1693213990503480E-11   1.5067709105840029E-20   9.4085837827431469E+00
   1.2884200000000000E+10   5.2758870662761026E+05   1.1548636444043503E-11   1.5067377350963699E-20   9.2924585193602667E+00
   1.2891700000000000E+10   5.3125372122086317E+05   1.1404459590712479E-11   1.5067046307874863E-20   9.1766501281929695E+00
   1.2899200000000000E+10   5.3492613077422336E+05   1.1260684011082009E-11   1.5066717135365912E-20   9.0611584168105654E+00
   1.2906700000000000E+10   5.3860570125444594E+05   1.1117307112901231E-11   1.5066390738290416E-20   8.9459808257537112E+00
   1.2914200000000000E+10   5.4229213452264620E+05   1.0974324504130881E-11   1.5066067453509193E-20   8.8311137073331984E+00
   1.2921700000000000E+10   5.4598514412819012E+05   1.0831732385187953E-11   1.5065746681705111E-20   8.7165544418538765E+00
   1.2929200000000000E+10   5.4968456879557366E+05   1.0689531019195013E-11   1.5065426502993614E-20   8.6023044142995371E+00
   1.2936700000000000E+10   5.5339052220611845E+05   1.0547729157206785E-11   1.5065103334554233E-20   8.4883727190883409E+00
   1.2944200000000000E+10   5.5710357081615843E+05   1.0406349098788904E-11   1.5064771708377735E-20   8.3747802947887084E+00
   1.2951700000000000E+10   5.6082492279630865E+05   1.0265431837357895E-11   1.5064424263486017E-20   8.2615640006178044E+00
   1.2959200000000000E+10   5.6455660129042738E+05   1.0125041498353938E-11   1.5064052055756715E-20   8.1487799532385914E+00
   1.2966700000000000E+10   5.6830156502908876E+05   9.9852680811907591E-12   1.5063645285874559E-20   8.0365052911858310E+00
   1.2974200000000000E+10   5.7206373027046397E+05   9.8462273894492970E-12   1.5063194527550885E-20   7.9248374477615542E+00
   1.2981700000000000E+10   5.7584784193037776E+05   9.7080570483190358E-12   1.5062692498543046E-20   7.8138900495214623E+00
   1.2989200000000000E+10   5.7965914107308188E+05   9.5709076982266923E-12   1.5062136349327847E-20   7.7037847459570790E+00
   1.2996700000000000E+10   5.8350278380506218E+05   9.4349288685349448E-12   1.5061530340891084E-20   7.5946386584505357E+00
   1.3004200000000000E+10   5.8738298677550990E+05   9.3002496659886434E-12   1.5060888643551623E-20   7.4865477038363650E+00
   1.3011700000000000E+10   5.9130191106374760E+05   9.1669553937566485E-12   1.5060237843789873E-20   7.3795668917897990E+00
   1.3019200000000000E+10   5.9525835330560920E+05   9.0350626822089477E-12   1.5059618330309974E-20   7.2736900530745698E+00
   1.3026700000000000E+10   5.9924638987220346E+05   8.9044943632906561E-12   1.5059081584703951E-20   7.1688313494186842E+00
   1.3034200000000000E+10   6.0325420559752209E+05   8.7750609392570674E-12   1.5058689811822159E-20   7.0648108696197705E+00
   1.3041700000000000E+10   6.0726341861329786E+05   8.6464710546371089E-12   1.5058530166497458E-20   6.9613568182341794E+00
   1.3049200000000000E+10   6.1124928599996702E+05   8.5183199731554910E-12   1.5058651802735079E-20   6.8581257558384179E+00
   1.3056700000000000E+10   6.1518216753556475E+05   8.3901067719928178E-12   1.5059047995931270E-20   6.7547231942472870E+00
   1.3064200000000000E+10   6.1903044751244376E+05   8.2613879575575331E-12   1.5059787134574202E-20   6.6507675675398605E+00
   1.3071700000000000E+10   6.2276493418948993E+05   8.1317617599942945E-12   1.5060793805606539E-20   6.5459754171463462E+00
   1.3079200000000000E+10   6.2636444439154281E+05   8.0010276732259425E-12   1.5061958576697917E-20   6.4402378943646870E+00
   1.3086700000000000E+10   6.2982197725042177E+05   7.8692934012600790E-12   1.5063119460052114E-20   6.3337133456571912E+00
   1.3094200000000000E+10   6.3315082120775979E+05   7.7370516589230992E-12   1.5063998455543570E-20   6.2269133217144645E+00
   1.3101700000000000E+10   6.3639031556013762E+05   7.6052723633458206E-12   1.5064289880128238E-20   6.1207366494798476E+00
   1.3109200000000000E+10   6.3961175041848049E+05   7.4754128443804269E-12   1.5063853661744539E-20   6.0163996965153217E+00
   1.3116700000000000E+10   6.4292562725227082E+05   7.3491051960338350E-12   1.5062104478728018E-20   5.9154310214869836E+00
   1.3124200000000000E+10   6.4649164517066453E+05   7.2281184277759689E-12   1.5058350161165173E-20   5.8194970723282768E+00
   1.3131700000000000E+10   6.5053091877902788E+05   7.1142281309459913E-12   1.5052054878959671E-20   5.7301973672255686E+00
   1.3139200000000000E+10   6.5533460057832650E+05   7.0091341170741012E-12   1.5042485077173036E-20   5.6491403814477605E+00
   1.3146700000000000E+10   6.6125473934399604E+05   6.9147317532607062E-12   1.5029123546115703E-20   5.5780097457601423E+00
   1.3154200000000000E+10   6.6865466174259619E+05   6.8336519571629499E-12   1.5012155454487021E-20   5.5188347398890496E+00
   1.3161700000000000E+10   6.7779510087800969E+05   6.7758854345691471E-12   1.4993056961911916E-20   5.4791532762882920E+00
   1.3169200000000000E+10   6.8865033912700438E+05   6.7545679540594264E-12   1.4977209506498282E-20   5.4676946976804803E+00
   1.3176700000000000E+10   7.0067906412716326E+05   6.7687165183502606E-12   1.4972811657852847E-20   5.4807570400790322E+00
   1.3184200000000000E+10   7.1260188476668461E+05   6.8271913743615811E-12   1.4977680101817321E-20   5.5263083387208818E+00
   1.3191700000000000E+10   7.2233841888429236E+05   6.9076329510446457E-12   1.4909155023337732E-20   5.6171213763849783E+00
   1.3199200000000000E+10   7.2746708910702472E+05   5.2243466237343758E-12   1.2753339448857035E-20   4.9664452340163843E+00
   7.2067000000000000E+09  -4.4707900124583449E+02   3.5637929020488410E-16   1.2982006495006694E-26   6.6562496323156904E+02
   7.2142000000000000E+09  -2.3509084634942742E+01   3.4973701647695602E-13   1.2319332908315878E-23   6.8835643088920926E+02
   7.2217000000000000E+09  -4.8858333828358191E+01   8.0953387657129824E-13   2.4969379870750181E-23   7.8611527576389119E+02
   7.2292000000000000E+09  -8.4959855355603025E+01   1.6417464862537059E-12   4.5676570519043092E-23   8.7150838779199273E+02
   7.2367000000000000E+09  -1.2011793170551354E+02   2.6321849433145011E-12   7.2891317638856602E-23   8.7558752295437512E+02
   7.2442000000000000E+09  -1.9944273538876291E+02   4.1720487544934909E-12   1.1605640486062757E-22   8.7164416364378042E+02
   7.2517000000000000E+09  -3.1162165280478001E+02   7.0672596118026323E-12   1.9072058137171559E-22   8.9848834506494313E+02
   7.2592000000000000E+09  -4.5403674288565935E+02   1.1153779881262366E-11   3.0038823702882322E-22   9.0032251738006210E+02
   7.2667000000000000E+09  -6.8419620539496646E+02   1.7516229954164668E-11   4.7207897583634690E-22   8.9967353061521442E+02
   7.2742000000000000E+09  -1.0253532522400506E+03   2.7464369033769713E-11   7.4082566501291925E-22   8.9890246451945052E+02
   7.2817000000000000E+09  -1.5224960214572297E+03   4.2976734438643602E-11   1.1604568812465336E-21   8.9797318759585210E+02
   7.2892000000000000E+09  -2.2278039918598556E+03   6.7304093799939998E-11   1.8193884872856553E-21   8.9696398096492590E+02
   7.2967000000000000E+09  -3.1846920832062306E+03   1.0583736594037688E-10   2.8685198981061595E-21   8.9462312613496238E+02
   7.3042000000000000E+09  -4.4693817373708680E+03   1.6628239111567003E-10   4.5267888740756875E-21   8.9066622934386874E+02
   7.3117000000000000E+09  -6.2590621731319652E+03   2.5584295566356206E-10   6.9937358722168259E-21   8.8699914620507889E+02
   7.3192000000000000E+09  -8.8543374416365950E+03   3.7482453181389342E-10   1.0278986979748871E-20   8.8417179316605609E+02
   7.3267000000000000E+09  -1.2724221485987789E+04   5.1283169360574249E-10   1.4100838406843946E-20   8.8183815599704576E+02
   7.3342000000000000E+09  -1.8483405222017343E+04   6.5386706614017717E-10   1.7979035796816300E-20   8.8182423649575230E+02
   7.3417000000000000E+09  -2.6687573614286797E+04   7.8857172574368131E-10   2.1450024450193960E-20   8.9139947609896922E+02
   7.3492000000000000E+09  -3.7409052894547451E+04   9.2275385920645263E-10   2.4235121170860483E-20   9.2320817061797379E+02
   7.3567000000000000E+09  -4.9712183893464353E+04   1.0697267509854304E-09   2.6272909644947176E-20   9.8724205852768682E+02
   7.3642000000000000E+09  -6.1368815679737563E+04   1.2416847391352788E-09   2.7652735081098085E-20   1.0887601459176963E+03
   7.3717000000000000E+09  -6.9065188064920250E+04   1.4485066073972886E-09   2.8531730879342215E-20   1.2309809336677545E+03
   7.3792000000000000E+09  -7.1650208995073452E+04   1.6884161585466522E-09   2.9074499926518249E-20   1.4080763714453940E+03
   7.3867000000000000E+09  -7.1488850404582321E+04   1.9436608371584186E-09   2.9396862827670896E-20   1.6031658863176044E+03
   7.3942000000000000E+09  -6.8250471203316280E+04   2.1905279452591447E-09   2.9565939454666608E-20   1.7964539102813710E+03
   7.4017000000000000E+09  -5.9528391721274871E+04   2.4110106856626841E-09   2.9653600632360081E-20   1.9714268428113194E+03
   7.4092000000000000E+09  -4.6910669582996990E+04   2.5969161948629749E-09   2.9726273871407543E-20   2.1182461451431450E+03
   7.4167000000000000E+09  -3.4045195706075669E+04   2.7475517866045324E-09   2.9816775486114437E-20   2.2343138435560104E+03
   7.4242000000000000E+09  -2.3784888727539070E+04   2.8658821169201208E-09   2.9924920905445539E-20   2.3221179520704873E+03
   7.4317000000000000E+09  -1.8016721631796383E+04   2.9549163281664445E-09   3.0029495572020567E-20   2.3859213062848385E+03
   7.4392000000000000E+09  -1.6004765005693365E+04   3.0162798545324061E-09   3.0105590151964114E-20   2.4293128823978245E+03
   7.4467000000000000E+09  -1.5492170259641112E+04   3.0524136843936485E-09   3.0149454866469295E-20   2.4548383116640871E+03
   7.4542000000000000E+09  -1.5408441920293253E+04   3.0686225286448325E-09   3.0173293026901919E-20   2.4659242040281360E+03
   7.4617000000000000E+09  -1.5584723294637750E+04   3.0732100257336587E-09   3.0191652316120902E-20   2.4681089360678056E+03
   7.4692000000000000E+09  -1.6579820747757825E+04   3.0732402216547159E-09   3.0211339849232230E-20   2.4665248019467490E+03
   7.4767000000000000E+09  -1.8805244922947877E+04   3.0688859514373352E-09   3.0227653439125470E-20   2.4617008715737711E+03
   7.4842000000000000E+09  -2.1892144962872455E+04   3.0594938567193756E-09   3.0234599642341826E-20   2.4536031921816343E+03
   7.4917000000000000E+09  -2.5237506274828229E+04   3.0477981078710168E-09   3.0235041795377284E-20   2.4441878814922347E+03
   7.4992000000000000E+09  -2.8362695736735259E+04   3.0350900875212953E-09   3.0230796488031909E-20   2.4343384646443656E+03
   7.5067000000000000E+09  -3.0979301771751987E+04   3.0216695044711567E-09   3.0220253762054889E-20   2.4244197846196462E+03
   7.5142000000000000E+09  -3.2986647519399863E+04   3.0077021170321436E-09   3.0206990088405502E-20   2.4142727533504817E+03
   7.5217000000000000E+09  -3.4428860276354171E+04   2.9933580326542822E-09   3.0195462958058735E-20   2.4036760574093287E+03
   7.5292000000000000E+09  -3.5439943311062045E+04   2.9787212936801985E-09   3.0188674182873501E-20   2.3924606005919927E+03
   7.5367000000000000E+09  -3.6191319655684369E+04   2.9637180912096025E-09   3.0186449656399637E-20   2.3805856911521146E+03
   7.5442000000000000E+09  -3.6848571856266317E+04   2.9481874340896838E-09   3.0186189891832367E-20   2.3681311787282707E+03
   7.5517000000000000E+09  -3.7541503725537201E+04   2.9320402634698341E-09   3.0187040301299397E-20   2.3550946179491198E+03
   7.5592000000000000E+09  -3.8349998970304696E+04   2.9152650992758287E-09   3.0189252004782407E-20   2.3414487989357881E+03
   7.5667000000000000E+09  -3.9304917221923897E+04   2.8978570068222627E-09   3.0192130550661998E-20   2.3272452663209961E+03
   7.5742000000000000E+09  -4.0399113916657370E+04   2.8798160788051777E-09   3.0194715463742450E-20   2.3125587537751476E+03
   7.5817000000000000E+09  -4.1602387177644181E+04   2.8611724819445675E-09   3.0196406477899630E-20   2.2974588492828457E+03
   7.5892000000000000E+09  -4.2875721147390992E+04   2.8419962053290953E-09   3.0197113920118077E-20   2.2820072561541219E+03
   7.5967000000000000E+09  -4.4182247485608546E+04   2.8223846568373481E-09   3.0197259685493196E-20   2.2662490416176188E+03
   7.6042000000000000E+09  -4.5494019592615819E+04   2.8024330952981925E-09   3.0197182068508029E-20   2.2502346111049910E+03
   7.6117000000000000E+09  -4.6794732170634001E+04   2.7822209380709672E-09   3.0196912587173155E-20   2.2340250448722027E+03
   7.6192000000000000E+09  -4.8079123826995288E+04   2.7618184842699325E-09   3.0196574416508666E-20   2.2176674311432657E+03
   7.6267000000000000E+09  -4.9350326491081069E+04   2.7412866463940189E-09   3.0196408079841731E-20   2.2011930318109307E+03
   7.6342000000000000E+09  -5.0616554247127380E+04   2.7206692367708066E-09   3.0196403456572733E-20   2.1846380387225713E+03
   7.6417000000000000E+09  -5.1888058120847694E+04   2.6999987741719870E-09   3.0196517479949984E-20   2.1680319216203397E+03
   7.6492000000000000E+09  -5.3174791671285835E+04   2.6793035124267736E-09   3.0196861076660093E-20   2.1513896607202651E+03
   7.6567000000000000E+09  -5.4485023475914284E+04   2.6586047005354974E-09   3.0197416062358350E-20   2.1347299842168209E+03
   7.6642000000000000E+09  -5.5824860674904012E+04   2.6379183315923241E-09   3.0198088706300202E-20   2.1180726584633535E+03
   7.6717000000000000E+09  -5.7198408333351108E+04   2.6172594984978056E-09   3.0198826951225135E-20   2.1014336187570216E+03
   7.6792000000000000E+09  -5.8608279754998141E+04   2.5966438761224744E-09   3.0199606616649365E-20   2.0848272267192078E+03
   7.6867000000000000E+09  -6.0056228467095432E+04   2.5760875817438662E-09   3.0200419753072603E-20   2.0682670326661873E+03
   7.6942000000000000E+09  -6.1543729071819078E+04   2.5556066154054359E-09   3.0201267897174033E-20   2.0517658291463490E+03
   7.7017000000000000E+09  -6.3072406971795936E+04   2.5352163374449980E-09   3.0202158116108982E-20   2.0353355239805569E+03
   7.7092000000000000E+09  -6.4644286144225494E+04   2.5149310702106400E-09   3.0203100045515875E-20   2.0189870334381017E+03
   7.7167000000000000E+09  -6.6261874159304425E+04   2.4947638350671658E-09   3.0204103471632470E-20   2.0027302381499726E+03
   7.7242000000000000E+09  -6.7928130171663986E+04   2.4747262317390337E-09   3.0205176657558776E-20   1.9865739964367904E+03
   7.7317000000000000E+09  -6.9646368267083264E+04   2.4548284502139637E-09   3.0206325563872699E-20   1.9705262003268849E+03
   7.7392000000000000E+09  -7.1420141935505904E+04   2.4350793823274401E-09   3.0207553854113886E-20   1.9545938583902587E+03
   7.7467000000000000E+09  -7.3253142161266805E+04   2.4154867887469648E-09   3.0208863413147358E-20   1.9387831902540445E+03
   7.7542000000000000E+09  -7.5149126943698866E+04   2.3960574805703808E-09   3.0210255088764563E-20   1.9230997203798140E+03
   7.7617000000000000E+09  -7.7111887489717352E+04   2.3767974865994647E-09   3.0211729431976995E-20   1.9075483628246031E+03
   7.7692000000000000E+09  -7.9145247555888491E+04   2.3577121909698760E-09   3.0213287299784172E-20   1.8921334931570748E+03
   7.7767000000000000E+09  -8.1253087713499321E+04   2.3388064372358093E-09   3.0214930263238392E-20   1.8768590073964979E+03
   7.7842000000000000E+09  -8.3439384971810679E+04   2.3200846026228772E-09   3.0216660822621822E-20   1.8617283701025401E+03
   7.7917000000000000E+09  -8.5708259118808142E+04   2.3015506499537986E-09   3.0218482465338207E-20   1.8467446547508973E+03
   7.7992000000000000E+09  -8.8064019202362892E+04   2.2832081655169594E-09   3.0220399614549094E-20   1.8319105795545686E+03
   7.8067000000000000E+09  -9.0511205873499348E+04   2.2650603898437021E-09   3.0222417514224431E-20   1.8172285411934513E+03
   7.8142000000000000E+09  -9.3054627270101002E+04   2.2471102462841477E-09   3.0224542084132019E-20   1.8027006481643475E+03
   7.8217000000000000E+09  -9.5699387452622701E+04   2.2293603700740956E-09   3.0226779764965026E-20   1.7883287546257779E+03
   7.8292000000000000E+09  -9.8450907091258079E+04   2.2118131388846983E-09   3.0229137361125054E-20   1.7741144950724747E+03
   7.8367000000000000E+09  -1.0131493625762597E+05   2.1944707046696852E-09   3.0231621879584888E-20   1.7600593197895059E+03
   7.8442000000000000E+09  -1.0429755897344038E+05   2.1773350260504089E-09   3.0234240357981700E-20   1.7461645308745744E+03
   7.8517000000000000E+09  -1.0740518878598286E+05   2.1604079003390731E-09   3.0236999673111738E-20   1.7324313185941205E+03
   7.8592000000000000E+09  -1.1064455421787930E+05   2.1436909943064724E-09   3.0239906321278538E-20   1.7188607977976806E+03
   7.8667000000000000E+09  -1.1402267255899719E+05   2.1271858730057096E-09   3.0242966163602174E-20   1.7054540441587974E+03
   7.8742000000000000E+09  -1.1754681019617798E+05   2.1108940260790612E-09   3.0246184131861564E-20   1.6922121299459079E+03
   7.8817000000000000E+09  -1.2122442754083491E+05   2.0948168911192986E-09   3.0249563893571890E-20   1.6791361589587646E+03
   7.8892000000000000E+09  -1.2506310665519984E+05   2.0789558737314870E-09   3.0253107478969285E-20   1.6662273001094211E+03
   7.8967000000000000E+09  -1.2907045994306920E+05   2.0633123641497775E-09   3.0256814877744029E-20   1.6534868190278075E+03
   7.9042000000000000E+09  -1.3325401882957140E+05   2.0478877504237185E-09   3.0260683620020366E-20   1.6409161068728383E+03
   7.9117000000000000E+09  -1.3762110227657645E+05   2.0326834285655309E-09   3.0264708364240317E-20   1.6285167054476474E+03
   7.9192000000000000E+09  -1.4217866632495419E+05   2.0177008105137357E-09   3.0268880523872724E-20   1.6162903276734455E+03
   7.9267000000000000E+09  -1.4693313766280113E+05   2.0029413312711992E-09   3.0273187974249464E-20   1.6042388724864936E+03
   7.9342000000000000E+09  -1.5189023644235093E+05   1.9884064571570060E-09   3.0277614888888201E-20   1.5923644333922218E+03
   7.9417000000000000E+09  -1.5705479611049735E+05   1.9740976975651750E-09   3.0282141759547809E-20   1.5806693001625576E+03
   7.9492000000000000E+09  -1.6243059066358724E+05   1.9600166230057806E-09   3.0286745654043825E-20   1.5691559536276500E+03
   7.9567000000000000E+09  -1.6802018219591817E+05   1.9461648923284033E-09   3.0291400758776832E-20   1.5578270541099957E+03
   7.9642000000000000E+09  -1.7382480351548659E+05   1.9325442919291294E-09   3.0296079237868220E-20   1.5466854248368411E+03
   7.9717000000000000E+09  -1.7984429155630720E+05   1.9191567893152105E-09   3.0300752417570720E-20   1.5357340325425328E+03
   7.9792000000000000E+09  -1.8607708694554848E+05   1.9060046027446999E-09   3.0305392274210349E-20   1.5249759684400474E+03
   7.9867000000000000E+09  -1.9252031309384739E+05   1.8930902877549379E-09   3.0309973168733273E-20   1.5144144336473837E+03
   7.9942000000000000E+09  -1.9916994442731375E+05   1.8804168402781217E-09   3.0314473734495537E-20   1.5040527338456925E+03
   8.0017000000000000E+09  -2.0602106792279638E+05   1.8679878148514228E-09   3.0318878791678286E-20   1.4938942883205677E+03
   8.0092000000000000E+09  -2.1306823521754346E+05   1.8558074551576573E-09   3.0323181136324687E-20   1.4839426583850304E+03
   8.0167000000000000E+09  -2.2030589474383771E+05   1.8438808329214458E-09   3.0327383038784599E-20   1.4742015994433700E+03
   8.0242000000000000E+09  -2.2772888526757935E+05   1.8322139899880299E-09   3.0331497288415475E-20   1.4646751394900868E+03
   8.0317000000000000E+09  -2.3533296467737600E+05   1.8208140774577115E-09   3.0335547640162077E-20   1.4553676848155030E+03
   8.0392000000000000E+09  -2.4311534168680329E+05   1.8096894849595621E-09   3.0339568553435499E-20   1.4462841511298043E+03
   8.0467000000000000E+09  -2.5107517399165611E+05   1.7988499526328820E-09   3.0343604161917784E-20   1.4374301154738814E+03
   8.0542000000000000E+09  -2.5921399492866494E+05   1.7883066582197634E-09   3.0347706470225286E-20   1.4288119814507259E+03
   8.0617000000000000E+09  -2.6753603211156290E+05   1.7780722718300383E-09   3.0351932834557700E-20   1.4204371477204493E+03
   8.0692000000000000E+09  -2.7604838592725300E+05   1.7681609715291238E-09   3.0356342844204710E-20   1.4123141676861271E+03
   8.0767000000000000E+09  -2.8476104297319864E+05   1.7585884137983073E-09   3.0360994774333483E-20   1.4044528869603071E+03
   8.0842000000000000E+09  -2.9368670908594353E+05   1.7493716543973598E-09   3.0365941824093425E-20   1.3968645449012790E+03
   8.0917000000000000E+09  -3.0284045798873459E+05   1.7405290173053725E-09   3.0371228384715154E-20   1.3895618274095457E+03
   8.0992000000000000E+09  -3.1223920402533695E+05   1.7320799116019836E-09   3.0376886597337802E-20   1.3825588598485717E+03
   8.1067000000000000E+09  -3.2190102011760802E+05   1.7240445962159039E-09   3.0382933459823624E-20   1.3758711296159654E+03
   8.1142000000000000E+09  -3.3184433449492377E+05   1.7164438897853070E-09   3.0389368730808428E-20   1.3695153267635999E+03
   8.1217000000000000E+09  -3.4208705191648455E+05   1.7092988329517111E-09   3.0396173855331568E-20   1.3635091005818715E+03
   8.1292000000000000E+09  -3.5264565543458151E+05   1.7026303610014331E-09   3.0403312061055216E-20   1.3578707740068462E+03
   8.1367000000000000E+09  -3.6353434623424098E+05   1.6964590963609069E-09   3.0410729605477032E-20   1.3526191062342848E+03
   8.1442000000000000E+09  -3.7476426576789835E+05   1.6908052048693641E-09   3.0418358016945531E-20   1.3477730674508773E+03
   8.1517000000000000E+09  -3.8634283619175572E+05   1.6856877065854122E-09   3.0426117367738811E-20   1.3433511395608264E+03
   8.1592000000000000E+09  -3.9827329556838237E+05   1.6811223862045829E-09   3.0433920941793300E-20   1.3393694473460062E+03
   8.1667000000000000E+09  -4.1055456123867666E+05   1.6771193225991359E-09   3.0441680850451177E-20   1.3358395541986486E+03
   8.1742000000000000E+09  -4.2318143773568823E+05   1.6736853739009826E-09   3.0449311952561092E-20   1.3327702873189749E+03
   8.1817000000000000E+09  -4.3614481280563725E+05   1.6708368712801072E-09   3.0456731722004585E-20   1.3301778672438988E+03
   8.1892000000000000E+09  -4.4943139454291266E+05   1.6686094099200300E-09   3.0463859845131734E-20   1.3280937240670801E+03
   8.1967000000000000E+09  -4.6302350826979906E+05   1.6670319394403781E-09   3.0470624449417579E-20   1.3265436068661688E+03
   8.2042000000000000E+09  -4.7690028297488549E+05   1.6661044252119642E-09   3.0476969003873018E-20   1.3255295357177731E+03
   8.2117000000000000E+09  -4.9103922873429122E+05   1.6657354373767952E-09   3.0482844969581390E-20   1.3249805176136567E+03
   8.2192000000000000E+09  -5.0541613003538502E+05   1.6657863732638449E-09   3.0488197789170958E-20   1.3247883994520726E+03
   8.2267000000000000E+09  -5.2000279123193084E+05   1.6664744850774468E-09   3.0492969889803400E-20   1.3251282371328659E+03
   8.2342000000000000E+09  -5.3476464567243867E+05   1.6678664973985462E-09   3.0497102157779297E-20   1.3260554206937554E+03
   8.2417000000000000E+09  -5.4966583642710629E+05   1.6697566416270429E-09   3.0500480557775842E-20   1.3274111528399330E+03
   8.2492000000000000E+09  -5.6466624545864563E+05   1.6721053303980478E-09   3.0502831174954960E-20   1.3291758593921325E+03
   8.2567000000000000E+09  -5.7972031495550915E+05   1.6748840010482003E-09   3.0503886863687892E-20   1.3313385798117833E+03
   8.2642000000000000E+09  -5.9477713626800396E+05   1.6780485641437232E-09   3.0504059431063054E-20   1.3338464946742165E+03
   8.2717000000000000E+09  -6.0978074802043801E+05   1.6815340136074275E-09   3.0503661699027011E-20   1.3366344351111961E+03
   8.2792000000000000E+09  -6.2467097442346090E+05   1.6852486823426634E-09   3.0501935631807510E-20   1.3396629934396071E+03
   8.2867000000000000E+09  -6.3938481576413894E+05   1.6890975931261516E-09   3.0498525659219068E-20   1.3428727537922020E+03
   8.2942000000000000E+09  -6.5385823208652367E+05   1.6929944722278644E-09   3.0493731166714305E-20   1.3461824907198170E+03
   8.3017000000000000E+09  -6.6802838908571063E+05   1.6968546800840711E-09   3.0487698283538557E-20   1.3495189192643641E+03
   8.3092000000000000E+09  -6.8183622693203646E+05   1.7005951228050611E-09   3.0480538137934663E-20   1.3528114288983234E+03
   8.3167000000000000E+09  -6.9522901765667158E+05   1.7041384760105426E-09   3.0472381963874662E-20   1.3559929865182423E+03
   8.3242000000000000E+09  -7.0816260404304590E+05   1.7074177597066779E-09   3.0463402363169241E-20   1.3590028027102446E+03
   8.3317000000000000E+09  -7.2060309780278686E+05   1.7103793642022348E-09   3.0453810459361907E-20   1.3617888450652158E+03
   8.3392000000000000E+09  -7.3252789362123981E+05   1.7129843116525675E-09   3.0443838820921778E-20   1.3643096035596400E+03
   8.3467000000000000E+09  -7.4392592269827996E+05   1.7152081588190377E-09   3.0433720907712945E-20   1.3665349544076912E+03
   8.3542000000000000E+09  -7.5479714534682862E+05   1.7170398128437227E-09   3.0423673281064785E-20   1.3684460532089367E+03
   8.3617000000000000E+09  -7.6515137070797582E+05   1.7184796472418787E-09   3.0413882436059657E-20   1.3700344720668352E+03
   8.3692000000000000E+09  -7.7500657207222946E+05   1.7195404628799075E-09   3.0404496189647866E-20   1.3713034006515618E+03
   8.3767000000000000E+09  -7.8438682187678129E+05   1.7202505656944025E-09   3.0395619144296452E-20   1.3722703499686031E+03
   8.3842000000000000E+09  -7.9331996977298800E+05   1.7205897294736579E-09   3.0387312504288244E-20   1.3729161023027407E+03
   8.3917000000000000E+09  -8.0183624656009115E+05   1.7205970430623952E-09   3.0379597348490599E-20   1.3732706032027277E+03
   8.3992000000000000E+09  -8.0996551676175499E+05   1.7203355335517845E-09   3.0372459776233333E-20   1.3733845545645254E+03
   8.4067000000000000E+09  -8.1773622446912725E+05   1.7197958879032666E-09   3.0365858865364848E-20   1.3732521944783521E+03
   8.4142000000000000E+09  -8.2517438431179582E+05   1.7189868237735940E-09   3.0359735204943259E-20   1.3728830183054747E+03
   8.4217000000000000E+09  -8.3230267706435896E+05   1.7179300159545022E-09   3.0354018654223376E-20   1.3722973851420757E+03
   8.4292000000000000E+09  -8.3914018662654096E+05   1.7166363001789786E-09   3.0348635861512948E-20   1.3715071683120500E+03
   8.4367000000000000E+09  -8.4570240801467700E+05   1.7151126613648690E-09   3.0343516271728481E-20   1.3705210532892797E+03
   8.4442000000000000E+09  -8.5200150836150500E+05   1.7133631987089997E-09   3.0338596664719203E-20   1.3693450961598751E+03
   8.4517000000000000E+09  -8.5804677327873546E+05   1.7113897425684662E-09   3.0333824110754775E-20   1.3679830778915275E+03
   8.4592000000000000E+09  -8.6384515868241119E+05   1.7091925776103901E-09   3.0329157455961342E-20   1.3664370121682246E+03
   8.4667000000000000E+09  -8.6940188127876527E+05   1.7067711328724504E-09   3.0324567528251210E-20   1.3647076865269685E+03
   8.4742000000000000E+09  -8.7472099082074163E+05   1.7041245925921819E-09   3.0320036339993205E-20   1.3627951869910328E+03
   8.4817000000000000E+09  -8.7980588396964653E+05   1.7012523658343723E-09   3.0315555630652651E-20   1.3606993406689580E+03
   8.4892000000000000E+09  -8.8465973828276456E+05   1.6981544232275531E-09   3.0311125065106156E-20   1.3584200682461026E+03
   8.4967000000000000E+09  -8.8928585587429197E+05   1.6948315950574990E-09   3.0306750249033844E-20   1.3559577140599488E+03
   8.5042000000000000E+09  -8.9368790538163763E+05   1.6912858898187587E-09   3.0302440620062057E-20   1.3533133980531654E+03
   8.5117000000000000E+09  -8.9787005376503582E+05   1.6875207017108099E-09   3.0298207429355774E-20   1.3504892744569563E+03
   8.5192000000000000E+09  -9.0183700408370548E+05   1.6835406800134031E-09   3.0294062223680034E-20   1.3474884969048555E+03
   8.5267000000000000E+09  -9.0559398263148672E+05   1.6793512887565148E-09   3.0290015993064983E-20   1.3443149052058548E+03
   8.5342000000000000E+09  -9.0914670747515443E+05   1.6749584421100768E-09   3.0286078612775368E-20   1.3409727588534681E+03
   8.5417000000000000E+09  -9.1250132916057925E+05   1.6703685099353139E-09   3.0282258177516497E-20   1.3374667709834052E+03
   8.5492000000000000E+09  -9.1566432486969244E+05   1.6655884825871330E-09   3.0278560410691896E-20   1.3338022659516657E+03
   8.5567000000000000E+09  -9.1864236549393169E+05   1.6606258682894657E-09   3.0274988587510699E-20   1.3299850996291093E+03
   8.5642000000000000E+09  -9.2144219875211408E+05   1.6554882692591212E-09   3.0271543917305985E-20   1.3260213019086143E+03
   8.5717000000000000E+09  -9.2407056404711260E+05   1.6501829780306856E-09   3.0268225908824995E-20   1.3219167359881869E+03
   8.5792000000000000E+09  -9.2653412075461925E+05   1.6447168641091749E-09   3.0265032486596275E-20   1.3176770010194787E+03
   8.5867000000000000E+09  -9.2883937380600430E+05   1.6390965359388333E-09   3.0261960028362276E-20   1.3133075587141479E+03
   8.5942000000000000E+09  -9.3099260003771668E+05   1.6333286717416348E-09   3.0259003512495775E-20   1.3088139905390656E+03
   8.6017000000000000E+09  -9.3299978498996806E+05   1.6274204625510334E-09   3.0256156806339462E-20   1.3042023389537901E+03
   8.6092000000000000E+09  -9.3486657629221119E+05   1.6213800405555885E-09   3.0253413129015225E-20   1.2994794297646804E+03
   8.6167000000000000E+09  -9.3659826278372249E+05   1.6152165749307884E-09   3.0250765792615626E-20   1.2946529165953632E+03
   8.6242000000000000E+09  -9.3819979622723185E+05   1.6089396710356206E-09   3.0248209212904810E-20   1.2897307561454588E+03
   8.6317000000000000E+09  -9.3967586917456624E+05   1.6025580252621957E-09   3.0245739873466417E-20   1.2847200894548509E+03
   8.6392000000000000E+09  -9.4103103891250084E+05   1.5960778758759105E-09   3.0243356675994539E-20   1.2796259860900395E+03
   8.6467000000000000E+09  -9.4226985265014018E+05   1.5895022227933313E-09   3.0241060204735197E-20   1.2744508505452645E+03
   8.6542000000000000E+09  -9.4339690775440249E+05   1.5828315803810846E-09   3.0238850910983624E-20   1.2691951023896740E+03
   8.6617000000000000E+09  -9.4441679248833773E+05   1.5760660947465651E-09   3.0236726725372408E-20   1.2638589730742517E+03
   8.6692000000000000E+09  -9.4533389038206334E+05   1.5692077862258208E-09   3.0234680831930603E-20   1.2584443946489423E+03
   8.6767000000000000E+09  -9.4615208131870790E+05   1.5622614364246112E-09   3.0232700952725896E-20   1.2529557370098744E+03
   8.6842000000000000E+09  -9.4687448349046602E+05   1.5552337842404927E-09   3.0230773501224089E-20   1.2473989872066325E+03
   8.6917000000000000E+09  -9.4750363431964931E+05   1.5481324679637079E-09   3.0228896279569336E-20   1.2417803781998332E+03
   8.6992000000000000E+09  -9.4804266005299881E+05   1.5409662305905404E-09   3.0227092055921657E-20   1.2361060087061551E+03
   8.7067000000000000E+09  -9.4849710325745936E+05   1.5337444417306282E-09   3.0225391772472365E-20   1.2303821666750950E+03
   8.7142000000000000E+09  -9.4887453096619213E+05   1.5264705382619324E-09   3.0223762023669977E-20   1.2246130135792203E+03
   8.7217000000000000E+09  -9.4917712107897655E+05   1.5191309869655015E-09   3.0222048220908362E-20   1.2187939590919284E+03
   8.7292000000000000E+09  -9.4938733659626602E+05   1.5117015719738738E-09   3.0220123989334077E-20   1.2129105888410775E+03
   8.7367000000000000E+09  -9.4948261491915619E+05   1.5041924960375695E-09   3.0218250832608881E-20   1.2069605094402357E+03
   8.7442000000000000E+09  -9.4950195482423401E+05   1.4966683346601900E-09   3.0216932474419654E-20   1.2009755361207810E+03
   8.7517000000000000E+09  -9.4949710474877700E+05   1.4891660302485039E-09   3.0216108898067583E-20   1.1949880120660769E+03
   8.7592000000000000E+09  -9.4946302116080676E+05   1.4816883036115845E-09   3.0215520781007227E-20   1.1890106190640336E+03
   8.7667000000000000E+09  -9.4939695228971972E+05   1.4742395000502598E-09   3.0215076653566697E-20   1.1830505658834159E+03
   8.7742000000000000E+09  -9.4930718540926010E+05   1.4668040371719116E-09   3.0214531050476684E-20   1.1771049966021703E+03
   8.7817000000000000E+09  -9.4918358611550427E+05   1.4593468782881831E-09   3.0213612796185551E-20   1.1711562460373364E+03
   8.7892000000000000E+09  -9.4900499688027776E+05   1.4518308289835021E-09   3.0212212876304335E-20   1.1651784474929043E+03
   8.7967000000000000E+09  -9.4875072743504052E+05   1.4442342179744984E-09   3.0210447382477662E-20   1.1591494631043404E+03
   8.8042000000000000E+09  -9.4840971965802030E+05   1.4365574929332451E-09   3.0208571468987621E-20   1.1530596850335812E+03
   8.8117000000000000E+09  -9.4798311551885644E+05   1.4288166443888898E-09   3.0206821141782012E-20   1.1469129099864347E+03
   8.8192000000000000E+09  -9.4748016401332943E+05   1.4210305788255339E-09   3.0205300584895800E-20   1.1407204472165622E+03
   8.8267000000000000E+09  -9.4691156445981131E+05   1.4132120384019494E-09   3.0203980149372337E-20   1.1344937738914102E+03
   8.8342000000000000E+09  -9.4628491328485275E+05   1.4053661868177922E-09   3.0202772545175223E-20   1.1282404155036238E+03
   8.8417000000000000E+09  -9.4560397894709511E+05   1.3974942279262662E-09   3.0201608850958489E-20   1.1219639658008516E+03
   8.8492000000000000E+09  -9.4487042494614702E+05   1.3895973405194626E-09   3.0200466836243489E-20   1.1156662171451662E+03
   8.8567000000000000E+09  -9.4408574520985724E+05   1.3816783991319908E-09   3.0199357459419838E-20   1.1093490860991990E+03
   8.8642000000000000E+09  -9.4325218633261044E+05   1.3737416935312079E-09   3.0198299505792268E-20   1.1030153492370493E+03
   8.8717000000000000E+09  -9.4237268315077922E+05   1.3657919191721373E-09   3.0197303585621145E-20   1.0966684220770749E+03
   8.8792000000000000E+09  -9.4145037212409999E+05   1.3578333515210984E-09   3.0196368986809910E-20   1.0903118012522655E+03
   8.8867000000000000E+09  -9.4048814406328369E+05   1.3498694534573383E-09   3.0195487451710238E-20   1.0839486017204053E+03
   8.8942000000000000E+09  -9.3948840656593826E+05   1.3419028074678382E-09   3.0194647941075136E-20   1.0775813242201991E+03
   8.9017000000000000E+09  -9.3845303349345806E+05   1.3339352099828997E-09   3.0193839806848636E-20   1.0712118153839024E+03
   8.9092000000000000E+09  -9.3738342182421754E+05   1.3259678214398058E-09   3.0193054224874552E-20   1.0648413380068134E+03
   8.9167000000000000E+09  -9.3628058924272610E+05   1.3180013184295146E-09   3.0192284512439476E-20   1.0584706839306723E+03
   8.9242000000000000E+09  -9.3514527330241003E+05   1.3100360238086892E-09   3.0191525896723636E-20   1.0521002887974439E+03
   8.9317000000000000E+09  -9.3397801438844763E+05   1.3020720075612795E-09   3.0190775090133438E-20   1.0457303297308049E+03
   8.9392000000000000E+09  -9.3277921804856707E+05   1.2941091617107447E-09   3.0190029873686618E-20   1.0393608013787862E+03
   8.9467000000000000E+09  -9.3154919949674723E+05   1.2861472574598617E-09   3.0189288783598185E-20   1.0329915736357057E+03
   8.9542000000000000E+09  -9.3028821581422631E+05   1.2781859926654831E-09   3.0188550918809999E-20   1.0266224371002968E+03
   8.9617000000000000E+09  -9.2899649100164883E+05   1.2702250348431016E-09   3.0187815839345021E-20   1.0202531416367946E+03
   8.9692000000000000E+09  -9.2767423712073814E+05   1.2622640614154891E-09   3.0187083508773785E-20   1.0138834311177460E+03
   8.9767000000000000E+09  -9.2632167266431754E+05   1.2543027963893632E-09   3.0186354241336576E-20   1.0075130750745132E+03
   8.9842000000000000E+09  -9.2493903785248660E+05   1.2463410416069430E-09   3.0185628632997677E-20   1.0011418964606032E+03
   8.9917000000000000E+09  -9.2352660603079596E+05   1.2383787009535219E-09   3.0184907474431075E-20   9.9476979426893581E+02
   8.9992000000000000E+09  -9.2208469056637667E+05   1.2304157968309926E-09   3.0184191656017853E-20   9.8839676009097616E+02
   9.0067000000000000E+09  -9.2061364723174553E+05   1.2224524792632347E-09   3.0183482078774925E-20   9.8202288844581847E+02
   9.0142000000000000E+09  -9.1911387268410425E+05   1.2144890287892928E-09   3.0182779582782484E-20   9.7564838144145290E+02
   9.0217000000000000E+09  -9.1758580007388792E+05   1.2065258546993265E-09   3.0182084899460447E-20   9.6927354883825478E+02
   9.0292000000000000E+09  -9.1602989298495953E+05   1.1985634902092621E-09   3.0181398628744076E-20   9.6289880479771443E+02
   9.0367000000000000E+09  -9.1444663885648327E+05   1.1906025859750675E-09   3.0180721238370644E-20   9.5652466256650678E+02
   9.0442000000000000E+09  -9.1283654284328385E+05   1.1826439030384461E-09   3.0180053080419051E-20   9.5015172815838218E+02
   9.0517000000000000E+09  -9.1120012281454564E+05   1.1746883059517075E-09   3.0179394419574838E-20   9.4378069383291722E+02
   9.0592000000000000E+09  -9.0953790592285281E+05   1.1667367565152011E-09   3.0178745467754774E-20   9.3741233190335208E+02
   9.0667000000000000E+09  -9.0785042692605150E+05   1.1587903082694356E-09   3.0178106420238323E-20   9.3104748914690310E+02
   9.0742000000000000E+09  -9.0613822822089901E+05   1.1508501016556225E-09   3.0177477488970373E-20   9.2468708188339644E+02
   9.0817000000000000E+09  -9.0440186134443758E+05   1.1429173595820962E-09   3.0176858929125916E-20   9.1833209162610331E+02
   9.0892000000000000E+09  -9.0264188952648360E+05   1.1349933827310619E-09   3.0176251055617273E-20   9.1198356086035744E+02
   9.0967000000000000E+09  -9.0085889087616256E+05   1.1270795398975318E-09   3.0175654247416336E-20   9.0564258521575948E+02
   9.1042000000000000E+09  -8.9905346098519163E+05   1.1191772680524224E-09   3.0175068938771791E-20   8.9931031384652954E+02
   9.1117000000000000E+09  -8.9722621469150460E+05   1.1112880758386875E-09   3.0174495597210307E-20   8.9298795294979027E+02
   9.1192000000000000E+09  -8.9537778829169681E+05   1.1034134932631997E-09   3.0173934686375040E-20   8.8667672646548385E+02
   9.1267000000000000E+09  -8.9350883720682783E+05   1.0955550711346501E-09   3.0173386611352204E-20   8.8037787721094605E+02
   9.1342000000000000E+09  -8.9162003067965433E+05   1.0877143904951545E-09   3.0172851651471865E-20   8.7409267634066259E+02
   9.1417000000000000E+09  -8.8971204458293878E+05   1.0798930113726080E-09   3.0172329891711295E-20   8.6782238400034646E+02
   9.1492000000000000E+09  -8.8778555017134955E+05   1.0720924442520914E-09   3.0171821158345226E-20   8.6156822802870374E+02
   9.1567000000000000E+09  -8.8584120002338279E+05   1.0643141156325360E-09   3.0171324952392084E-20   8.5533137788793545E+02
   9.1642000000000000E+09  -8.8387961061207496E+05   1.0565593356297714E-09   3.0170840374747904E-20   8.4911292039047805E+02
   9.1717000000000000E+09  -8.8190134106516256E+05   1.0488292668269966E-09   3.0170366055546551E-20   8.4291383621925684E+02
   9.1792000000000000E+09  -8.7990686897304200E+05   1.0411248877924387E-09   3.0169900110752884E-20   8.3673497132266732E+02
   9.1867000000000000E+09  -8.7789656517001917E+05   1.0334469498803351E-09   3.0169440132646589E-20   8.3057700192863217E+02
   9.1942000000000000E+09  -8.7587066899726680E+05   1.0257959351796335E-09   3.0168983201795083E-20   8.2444039988585439E+02
   9.2017000000000000E+09  -8.7382926463996223E+05   1.0181720239285852E-09   3.0168525914334578E-20   8.1832540521611850E+02
   9.2092000000000000E+09  -8.7177225930733490E+05   1.0105750726201401E-09   3.0168064436101239E-20   8.1223200657325117E+02
   9.2167000000000000E+09  -8.6969936497183796E+05   1.0030046003035959E-09   3.0167594596270386E-20   8.0615992730297035E+02
   9.2242000000000000E+09  -8.6761008577707189E+05   9.9545978331020625E-10   3.0167112020209646E-20   8.0010861734853904E+02
   9.2317000000000000E+09  -8.6550371286039741E+05   9.8793946200069686E-10   3.0166612294249685E-20   7.9407725413892638E+02
   9.2392000000000000E+09  -8.6337932793207921E+05   9.8044216314546583E-10   3.0166091157941148E-20   7.8806475551967571E+02
   9.2467000000000000E+09  -8.6123581683379598E+05   9.7296613967196185E-10   3.0165544721863455E-20   7.8206980620694617E+02
   9.2542000000000000E+09  -8.5907189420067833E+05   9.6550942825948032E-10   3.0164969706654248E-20   7.7609089829612208E+02
   9.2617000000000000E+09  -8.5688614004751761E+05   9.5806992489093206E-10   3.0164363695235287E-20   7.7012638614671016E+02
   9.2692000000000000E+09  -8.5467704863416508E+05   9.5064547807304879E-10   3.0163725388086589E-20   7.6417455568763739E+02
   9.2767000000000000E+09  -8.5244308943408926E+05   9.4323399867892566E-10   3.0163054850331451E-20   7.5823370759097247E+02
   9.2842000000000000E+09  -8.5018277946544474E+05   9.3583358437472839E-10   3.0162353738229434E-20   7.5230225297742561E+02
   9.2917000000000000E+09  -8.4789476564269757E+05   9.2844265561391700E-10   3.0161625491769674E-20   7.4637881953428450E+02
   9.2992000000000000E+09  -8.4557791518815851E+05   9.2106009926677258E-10   3.0160875480922024E-20   7.4046236514845873E+02
   9.3067000000000000E+09  -8.4323141153207317E+05   9.1368541519217217E-10   3.0160111097224005E-20   7.3455229542477127E+02
   9.3142000000000000E+09  -8.4085485254488059E+05   9.0631886053675286E-10   3.0159341787637037E-20   7.2864858089773281E+02
   9.3217000000000000E+09  -8.3844834741664981E+05   8.9896158579858859E-10   3.0158579023418872E-20   7.2275186923534511E+02
   9.3292000000000000E+09  -8.3601260814426083E+05   8.9161575434193655E-10   3.0157836163335488E-20   7.1686358662173984E+02
   9.3367000000000000E+09  -8.3354903157185635E+05   8.8428463401888711E-10   3.0157128086005838E-20   7.1098602199223762E+02
   9.3442000000000000E+09  -8.3105976807706244E+05   8.7697265519206561E-10   3.0156470367420418E-20   7.0512239443675469E+02
   9.3517000000000000E+09  -8.2854777251966519E+05   8.6968545238255522E-10   3.0155878037207957E-20   6.9927691620464941E+02
   9.3592000000000000E+09  -8.2601683172103949E+05   8.6242992239926471E-10   3.0155365585202661E-20   6.9345483870805845E+02
   9.3667000000000000E+09  -8.2347156241421332E+05   8.5521428171928593E-10   3.0154953214848704E-20   6.8766235540645300E+02
   9.3742000000000000E+09  -8.2091737728693674E+05   8.4804793521469585E-10   3.0154684119399774E-20   6.8190611079827977E+02
   9.3817000000000000E+09  -8.1836042605040397E+05   8.4094073479475918E-10   3.0154580035599951E-20   6.7619362231917603E+02
   9.3892000000000000E+09  -8.1580751462514640E+05   8.3390256690075314E-10   3.0154573957389969E-20   6.7053442377461079E+02
   9.3967000000000000E+09  -8.1326597247862688E+05   8.2694480484003820E-10   3.0154673291569504E-20   6.6493755220717662E+02
   9.4042000000000000E+09  -8.1074345807210333E+05   8.2007993943586961E-10   3.0154968064911331E-20   6.5941114070776177E+02
   9.4117000000000000E+09  -8.0824775216730929E+05   8.1331936206042510E-10   3.0155455468278373E-20   6.5396451502438288E+02
   9.4192000000000000E+09  -8.0578654203767527E+05   8.0667338515894643E-10   3.0156095647412616E-20   6.4860692458633184E+02
   9.4267000000000000E+09  -8.0336715884378518E+05   8.0015176328533977E-10   3.0156876399259873E-20   6.4334654843746307E+02
   9.4342000000000000E+09  -8.0099628194633941E+05   7.9376314580260457E-10   3.0157786267349696E-20   6.3819064916618333E+02
   9.4417000000000000E+09  -7.9867963738602959E+05   7.8751441203286615E-10   3.0158805608995940E-20   6.3314522673805016E+02
   9.4492000000000000E+09  -7.9642169770811743E+05   7.8141020138132613E-10   3.0159906435753306E-20   6.2821463772207369E+02
   9.4567000000000000E+09  -7.9422538924269855E+05   7.7545261030329962E-10   3.0161053991915196E-20   6.2340131325364609E+02
   9.4642000000000000E+09  -7.9209181972272508E+05   7.6964096178157775E-10   3.0162208509676111E-20   6.1870553381442755E+02
   9.4717000000000000E+09  -7.9002004394334159E+05   7.6397154350150541E-10   3.0163327885303160E-20   6.1412516221675958E+02
   9.4792000000000000E+09  -7.8800688261263201E+05   7.5843735228004509E-10   3.0164370315467088E-20   6.0965538512722355E+02
   9.4867000000000000E+09  -7.8604680607952422E+05   7.5302796078546087E-10   3.0165290702713110E-20   6.0528868024479425E+02
   9.4942000000000000E+09  -7.8413190226824291E+05   7.4772939009277940E-10   3.0166022093006594E-20   6.0101508304516449E+02
   9.5017000000000000E+09  -7.8225194373352814E+05   7.4252425318501619E-10   3.0166447822245944E-20   5.9682283933903364E+02
   9.5092000000000000E+09  -7.8039452370795410E+05   7.3739347887318951E-10   3.0166574867531159E-20   5.9269635227239007E+02
   9.5167000000000000E+09  -7.7854524560304347E+05   7.3231648187370631E-10   3.0166528799092159E-20   5.8861650230421822E+02
   9.5242000000000000E+09  -7.7668804268583888E+05   7.2726882597459314E-10   3.0166192558235878E-20   5.8456584646545468E+02
   9.5317000000000000E+09  -7.7480562658423930E+05   7.2222425727273617E-10   3.0165397432040830E-20   5.8052641280119406E+02
   9.5392000000000000E+09  -7.7287994022170163E+05   7.1715758234556007E-10   3.0164179602408131E-20   5.7647707495536156E+02
   9.5467000000000000E+09  -7.7089259837710671E+05   7.1204403488424986E-10   3.0162597046931906E-20   5.7239665210568921E+02
   9.5542000000000000E+09  -7.6882536252864706E+05   7.0685921478285051E-10   3.0160656769880214E-20   5.6826524337997250E+02
   9.5617000000000000E+09  -7.6666061876279558E+05   7.0158015993006804E-10   3.0158364404638749E-20   5.6406412522662026E+02
   9.5692000000000000E+09  -7.6438180684484483E+05   6.9618610275032027E-10   3.0155739566426235E-20   5.5977607207347535E+02
   9.5767000000000000E+09  -7.6197377554379322E+05   6.9065890616685804E-10   3.0152812942038665E-20   5.5538576940573432E+02
   9.5842000000000000E+09  -7.5942305422704376E+05   6.8498335547005355E-10   3.0149621123595769E-20   5.5088015096435970E+02
   9.5917000000000000E+09  -7.5671803581568832E+05   6.7914732812698875E-10   3.0146203468271309E-20   5.4624859771036984E+02
   9.5992000000000000E+09  -7.5384906849453622E+05   6.7314184152026681E-10   3.0142600155772586E-20   5.4148301518321500E+02
   9.6067000000000000E+09  -7.5080845565091306E+05   6.6696100263843871E-10   3.0138850486998708E-20   5.3657782654399091E+02
   9.6142000000000000E+09  -7.4759036953033973E+05   6.6060186799820196E-10   3.0134991340376071E-20   5.3152988936460474E+02
   9.6217000000000000E+09  -7.4419069989646808E+05   6.5406419162722377E-10   3.0131056177598282E-20   5.2633831131390889E+02
   9.6292000000000000E+09  -7.4060687711793697E+05   6.4735007280745528E-10   3.0127074882214376E-20   5.2100416957240304E+02
   9.6367000000000000E+09  -7.3683770965672925E+05   6.4046361359185689E-10   3.0123074271031941E-20   5.1553022603937325E+02
   9.6442000000000000E+09  -7.3288325577404816E+05   6.3341072237888623E-10   3.0119078891246856E-20   5.0992075538582247E+02
   9.6517000000000000E+09  -7.2874473215930781E+05   6.2619906505046188E-10   3.0115111898141124E-20   5.0418149108882773E+02
   9.6592000000000000E+09  -7.2442446123535372E+05   6.1883802226901750E-10   3.0111195914830623E-20   4.9831957747191325E+02
   9.6667000000000000E+09  -7.1992585285956843E+05   6.1133855596296340E-10   3.0107353505371897E-20   4.9234345571383460E+02
   9.6742000000000000E+09  -7.1525338909882517E+05   6.0371300427303648E-10   3.0103606694891696E-20   4.8626270793297874E+02
   9.6817000000000000E+09  -7.1041255405949953E+05   5.9597481989146535E-10   3.0099975223154529E-20   4.8008787498281731E+02
   9.6892000000000000E+09  -7.0540964784755360E+05   5.8813818927013574E-10   3.0096473635245234E-20   4.7383019404381736E+02
   9.6967000000000000E+09  -7.0025144234334095E+05   5.8021746073096880E-10   3.0093107696202106E-20   4.6750118859996786E+02
   9.7042000000000000E+09  -6.9494467706406105E+05   5.7222640907287325E-10   3.0089871344378074E-20   4.6111211322440005E+02
   9.7117000000000000E+09  -6.8949547498627694E+05   5.6417751702022683E-10   3.0086746472312355E-20   4.5467336461052156E+02
   9.7192000000000000E+09  -6.8390886953591660E+05   5.5608156413659503E-10   3.0083707811830331E-20   4.4819406348144389E+02
   9.7267000000000000E+09  -6.7818867454473162E+05   5.4794774106369938E-10   3.0080732060700623E-20   4.4168200366575610E+02
   9.7342000000000000E+09  -6.7233774758615938E+05   5.3978413657542791E-10   3.0077804437439214E-20   4.3514395086564105E+02
   9.7417000000000000E+09  -6.6635827077622397E+05   5.3159791049910879E-10   3.0074912229395142E-20   4.2858588244834323E+02
   9.7492000000000000E+09  -6.6025129442018713E+05   5.2339427000633753E-10   3.0072021026991928E-20   4.2201249722590018E+02
   9.7567000000000000E+09  -6.5401497845057759E+05   5.1517405342158415E-10   3.0069046263505048E-20   4.1542563579234320E+02
   9.7642000000000000E+09  -6.4764197849232890E+05   5.0693118367175797E-10   3.0065848106292650E-20   4.0882223967834381E+02
   9.7717000000000000E+09  -6.4111771454044827E+05   4.9865237763380952E-10   3.0062272582404162E-20   4.0219350274899966E+02
   9.7792000000000000E+09  -6.3442163379760284E+05   4.9032091868029763E-10   3.0058230320046350E-20   3.9552685756118836E+02
   9.7867000000000000E+09  -6.2753222155581438E+05   4.8192383676813862E-10   3.0053767808633420E-20   3.8881091266834665E+02
   9.7942000000000000E+09  -6.2043404921749327E+05   4.7345916512412707E-10   3.0049079067391560E-20   3.8204131054028045E+02
   9.8017000000000000E+09  -6.1312343197403022E+05   4.6493934072984297E-10   3.0044441218182915E-20   3.7522444935942383E+02
   9.8092000000000000E+09  -6.0560980086142023E+05   4.5638899773818081E-10   3.0040109469584893E-20   3.6837709604636672E+02
   9.8167000000000000E+09  -5.9791236829986493E+05   4.4783870068566880E-10   3.0036232400191358E-20   3.6152233207707059E+02
   9.8242000000000000E+09  -5.9005421140517760E+05   4.3931808849287580E-10   3.0032828603600607E-20   3.5468417537021878E+02
   9.8317000000000000E+09  -5.8205677586091019E+05   4.3085137399861716E-10   3.0029821934623082E-20   3.4788338717377826E+02
   9.8392000000000000E+09  -5.7393679827061656E+05   4.2245611775243829E-10   3.0027101177729381E-20   3.4113569224319428E+02
   9.8467000000000000E+09  -5.6570589116013935E+05   4.1414438123148302E-10   3.0024568709518622E-20   3.3445212572976465E+02
   9.8542000000000000E+09  -5.5737179682429170E+05   4.0592472887776050E-10   3.0022162011943897E-20   3.2784042926346586E+02
   9.8617000000000000E+09  -5.4894006360217591E+05   3.9780392632095390E-10   3.0019851687992628E-20   3.2130648246830555E+02
   9.8692000000000000E+09  -5.4041532190539048E+05   3.8978789228272222E-10   3.0017628309278658E-20   3.1485524603166482E+02
   9.8767000000000000E+09  -5.3180190311129577E+05   3.8188198798208938E-10   3.0015488842753245E-20   3.0849115645700516E+02
   9.8842000000000000E+09  -5.2310392160545720E+05   3.7409093299047231E-10   3.0013427885468747E-20   3.0221815297994186E+02
   9.8917000000000000E+09  -5.1432507101810211E+05   3.6641861604415489E-10   3.0011434306419588E-20   2.9603955520910409E+02
   9.8992000000000000E+09  -5.0546835461280769E+05   3.5886796070481639E-10   3.0009491626519246E-20   2.8995794497695681E+02
   9.9067000000000000E+09  -4.9653587793272990E+05   3.5144089926089934E-10   3.0007580063228336E-20   2.8397512062603505E+02
   9.9142000000000000E+09  -4.8752874473805685E+05   3.4413844044839708E-10   3.0005678700392146E-20   2.7809212864069571E+02
   9.9217000000000000E+09  -4.7844704232018895E+05   3.3696078986062430E-10   3.0003767017572078E-20   2.7230934638727859E+02
   9.9292000000000000E+09  -4.6928988124810846E+05   3.2990748335738176E-10   3.0001825640509320E-20   2.6662658412189859E+02
   9.9367000000000000E+09  -4.6005545685727947E+05   3.2297750766950049E-10   2.9999836518585220E-20   2.6104318249112941E+02
   9.9442000000000000E+09  -4.5074111220635375E+05   3.1616939732513873E-10   2.9997782824085218E-20   2.5555809342710151E+02
   9.9517000000000000E+09  -4.4134339497404487E+05   3.0948130770129314E-10   2.9995648803774605E-20   2.5016994198000546E+02
   9.9592000000000000E+09  -4.3185810902787140E+05   3.0291106987220752E-10   2.9993419698068265E-20   2.4487707266765349E+02
   9.9667000000000000E+09  -4.2228036438624398E+05   2.9645623560356826E-10   2.9991081742166235E-20   2.3967758706004770E+02
   9.9742000000000000E+09  -4.1260462836322223E+05   2.9011412210696922E-10   2.9988622201950243E-20   2.3456938084023147E+02
   9.9817000000000000E+09  -4.0282477772052435E+05   2.8388186693009846E-10   2.9986029374119014E-20   2.2955018931259346E+02
   9.9892000000000000E+09  -3.9293414823148597E+05   2.7775650348663737E-10   2.9983292483610905E-20   2.2461765031925410E+02
   9.9967000000000000E+09  -3.8292557523403037E+05   2.7173506641812741E-10   2.9980401431318361E-20   2.1976939224372614E+02
   1.0004200000000000E+10  -3.7279141720020171E+05   2.6581473222808296E-10   2.9977346376720446E-20   2.1500315147768416E+02
   1.0011700000000000E+10  -3.6252355468532338E+05   2.5999299365289822E-10   2.9974117184412463E-20   2.1031691777317099E+02
   1.0019200000000000E+10  -3.5211335993613157E+05   2.5426785577551962E-10   2.9970702823086780E-20   2.0570909708423861E+02
   1.0026700000000000E+10  -3.4155163859005086E+05   2.4863802835012896E-10   2.9967090875447127E-20   2.0117867019160227E+02
   1.0034200000000000E+10  -3.3082855432404007E+05   2.4310307356689958E-10   2.9963267377040421E-20   1.9672531285638235E+02
   1.0041700000000000E+10  -3.1993355858168012E+05   2.3766345435057194E-10   2.9959217212081392E-20   1.9234943195702880E+02
   1.0049200000000000E+10  -3.0885535704905342E+05   2.3232041998885538E-10   2.9954925209396433E-20   1.8805206606331265E+02
   1.0056700000000000E+10  -2.9758194690693251E+05   2.2707567001081689E-10   2.9950377873490979E-20   1.8383460356025631E+02
   1.0064200000000000E+10  -2.8610074804679898E+05   2.2193076072192351E-10   2.9945565365347794E-20   1.7969829215619603E+02
   1.0071700000000000E+10  -2.7439882282534748E+05   2.1688626575258812E-10   2.9940482962820878E-20   1.7564355333316885E+02
   1.0079200000000000E+10  -2.6246313047523436E+05   2.1194076972862046E-10   2.9935130830978504E-20   1.7166917158654215E+02
   1.0086700000000000E+10  -2.5028069354409614E+05   2.0708985110348216E-10   2.9929510525073258E-20   1.6777149178859773E+02
   1.0094200000000000E+10  -2.3783846363400627E+05   2.0232527779481468E-10   2.9923616196419118E-20   1.6394381396875605E+02
   1.0101700000000000E+10  -2.2512256046511835E+05   1.9763467817526948E-10   2.9917417977754048E-20   1.6017620745875911E+02
   1.0109200000000000E+10  -2.1211642420233393E+05   1.9300194467996887E-10   2.9910834673920017E-20   1.5645596200507822E+02
   1.0116700000000000E+10  -1.9879728387111271E+05   1.8840856246776845E-10   2.9903693129998765E-20   1.5276883730462612E+02
   1.0124200000000000E+10  -1.8513024921407615E+05   1.8383590475182032E-10   2.9895673125330445E-20   1.4910114039449752E+02
   1.0131700000000000E+10  -1.7105935310590811E+05   1.7926826113963943E-10   2.9886239841887832E-20   1.4544242036965446E+02
   1.0139200000000000E+10  -1.5649509181577514E+05   1.7469595050819883E-10   2.9874570774356686E-20   1.4178821283779735E+02
   1.0146700000000000E+10  -1.4129848888008262E+05   1.7011739644234292E-10   2.9859489320380452E-20   1.3814186543139911E+02
   1.0154200000000000E+10  -1.2526242957903011E+05   1.6553875078974321E-10   2.9839421263912863E-20   1.3451423388850552E+02
   1.0161700000000000E+10  -1.0809186523504040E+05   1.6096991740987718E-10   2.9812390930731059E-20   1.3092026581176526E+02
   1.0169200000000000E+10  -8.9385296594989297E+04   1.5641696739536132E-10   2.9776070884730490E-20   1.2737243065969774E+02
   1.0176700000000000E+10  -6.8620629441443642E+04   1.5187272059203196E-10   2.9727898513127212E-20   1.2387239308657558E+02
   1.0184200000000000E+10  -4.5149396092222880E+04   1.4730878870413344E-10   2.9665287455194813E-20   1.2040348628109157E+02
   1.0191700000000000E+10  -1.8205279517661002E+04   1.4267449683741185E-10   2.9585988494172201E-20   1.1692819087490663E+02
   1.0199200000000000E+10   1.3064546734364611E+04   1.3791738137057661E-10   2.9488633095917400E-20   1.1340268188639237E+02
   1.0206700000000000E+10   4.9537336405838490E+04   1.3305748516312076E-10   2.9373372079179905E-20   1.0983593942954769E+02
   1.0214200000000000E+10   9.2005914005290149E+04   1.2833141910470164E-10   2.9242413201387723E-20   1.0640909558759552E+02
   1.0221700000000000E+10   1.4103423647551140E+05   1.2435236346075208E-10   2.9101421857104158E-20   1.0360931443917217E+02
   1.0229200000000000E+10   1.9671456942055697E+05   1.2230963575034703E-10   2.8964953578205024E-20   1.0238746740677733E+02
   1.0236700000000000E+10   2.5823099066832740E+05   1.2233204263499536E-10   2.8868167591412106E-20   1.0274956080804314E+02
   1.0244200000000000E+10   3.2314527142765670E+05   1.2657670308861796E-10   2.8836940397327774E-20   1.0642987802250660E+02
   1.0251700000000000E+10   3.8692343652231887E+05   1.4602290172025965E-10   2.8879961824307111E-20   1.2259798273334802E+02
   1.0259200000000000E+10   4.4295082077325520E+05   2.1776900000759725E-10   2.9062038339778031E-20   1.8168913201398308E+02
   1.0266700000000000E+10   4.8366870350585697E+05   4.4421219089692630E-10   2.9409736432566423E-20   3.6623370063779686E+02
   1.0274200000000000E+10   5.0365262753822212E+05   8.5168040710144060E-10   2.9792160765081542E-20   6.9316019982568253E+02
   1.0281700000000000E+10   5.0871581506487954E+05   1.2756950930316048E-09   3.0042238485638511E-20   1.0296119164267570E+03
   1.0289200000000000E+10   5.0990014122182661E+05   1.5667103324643614E-09   3.0167839830394261E-20   1.2592253517781730E+03
   1.0296700000000000E+10   5.0946821415189991E+05   1.6886233902337982E-09   3.0234938864840057E-20   1.3541995668947795E+03
   1.0304200000000000E+10   5.0588974846164108E+05   1.7143155463296517E-09   3.0271344384882485E-20   1.3731501205262664E+03
   1.0311700000000000E+10   4.9924986122451461E+05   1.7116218300839969E-09   3.0271806282738716E-20   1.3709715608626530E+03
   1.0319200000000000E+10   4.9340266265036940E+05   1.6984662718220276E-09   3.0238338581356442E-20   1.3619399716093594E+03
   1.0326700000000000E+10   4.9065531266366405E+05   1.6803123819520073E-09   3.0182148432279464E-20   1.3498914349196307E+03
   1.0334200000000000E+10   4.9018750944174192E+05   1.6634536189508952E-09   3.0146348146872351E-20   1.3379348018189562E+03
   1.0341700000000000E+10   4.9033930315337569E+05   1.6484251752392434E-09   3.0131814246988053E-20   1.3264867668500099E+03
   1.0349200000000000E+10   4.9097925532826385E+05   1.6352326134543263E-09   3.0126722929520118E-20   1.3160930979984387E+03
   1.0356700000000000E+10   4.9197014764511382E+05   1.6242067834093869E-09   3.0127300832375661E-20   1.3071940445213024E+03
   1.0364200000000000E+10   4.9276478034652089E+05   1.6150209990107433E-09   3.0132182490566624E-20   1.2995905635173219E+03
   1.0371700000000000E+10   4.9309423407856823E+05   1.6069052819923136E-09   3.0139109143928609E-20   1.2927627560208311E+03
   1.0379200000000000E+10   4.9313511354527558E+05   1.5990402757290935E-09   3.0145636934940988E-20   1.2861567549426663E+03
   1.0386700000000000E+10   4.9294720911167352E+05   1.5900024683818409E-09   3.0157619551379814E-20   1.2783792273462350E+03
   1.0394200000000000E+10   4.9179694480845181E+05   1.5766722899764567E-09   3.0195154995760004E-20   1.2660857956049801E+03
   1.0401700000000000E+10   4.8708358283458994E+05   1.5543015751849967E-09   3.0332430886848772E-20   1.2424732150865009E+03
   1.0409200000000000E+10   4.7026560115824145E+05   1.5146963110518841E-09   3.0856440189146815E-20   1.1902514274250736E+03
   1.0416700000000000E+10   4.1337784219080140E+05   1.4266573026772988E-09   3.2039318371580591E-20   1.0796807554609552E+03
   1.0424200000000000E+10   2.8877074926765688E+05   1.2150901738757309E-09   3.3481212365898539E-20   8.7996682205641264E+02
   1.0431700000000000E+10   1.0276166333939845E+05   8.8089982076168678E-10   3.4315876515153586E-20   6.2242981834231512E+02
   1.0439200000000000E+10  -1.1136291786501788E+05   5.3494534084676259E-10   3.4387107132438827E-20   3.7720091047600710E+02
   1.0446700000000000E+10  -3.0361271221728268E+05   2.7615109678885479E-10   3.3490401914450648E-20   1.9993341202825496E+02
   1.0454200000000000E+10  -4.2539127371361101E+05   1.5221950441593429E-10   3.1803196244520287E-20   1.1605356856879457E+02
   1.0461700000000000E+10  -4.7303719962707296E+05   1.1811154417737705E-10   3.0665373476330707E-20   9.3390575956409137E+01
   1.0469200000000000E+10  -4.8517626917421882E+05   1.0930764150217448E-10   3.0295368543971110E-20   8.7484929942859395E+01
   1.0476700000000000E+10  -4.8787852000813989E+05   1.0625549364399197E-10   3.0208403537179706E-20   8.5286950040631979E+01
   1.0484200000000000E+10  -4.8825726919904689E+05   1.0469855954662224E-10   3.0180495902089894E-20   8.4114971062359700E+01
   1.0491700000000000E+10  -4.8768477088237944E+05   1.0358751457167622E-10   3.0155945783830531E-20   8.3290107724770394E+01
   1.0499200000000000E+10  -4.8560747389739600E+05   1.0272837189689952E-10   3.0129269985368223E-20   8.2672440984365750E+01
   1.0506700000000000E+10  -4.8230424652060302E+05   1.0220216200484445E-10   3.0118346523379481E-20   8.2278794873948570E+01
   1.0514200000000000E+10  -4.7875103629402834E+05   1.0186454982896164E-10   3.0119075950718828E-20   8.2005011017061889E+01
   1.0521700000000000E+10  -4.7549418693722493E+05   1.0151147644452983E-10   3.0126216009227166E-20   8.1701404693031179E+01
   1.0529200000000000E+10  -4.7271254647915484E+05   1.0103146449054411E-10   3.0136272597613319E-20   8.1287932432168859E+01
   1.0536700000000000E+10  -4.7034549649760546E+05   1.0041030872911090E-10   3.0143169757578586E-20   8.0769677292810528E+01
   1.0544200000000000E+10  -4.6822727932341205E+05   9.9691876535444238E-11   3.0145677549001651E-20   8.0185102039213945E+01
   1.0551700000000000E+10  -4.6619082278762496E+05   9.8934926621050785E-11   3.0145847817090387E-20   7.9575815550016614E+01
   1.0559200000000000E+10  -4.6412178228989500E+05   9.8182042608082304E-11   3.0144623946314665E-20   7.8973458452926707E+01
   1.0566700000000000E+10  -4.6196806135208509E+05   9.7454307000654838E-11   3.0142576484440093E-20   7.8393423470652110E+01
   1.0574200000000000E+10  -4.5972399160200969E+05   9.6757794030552385E-11   3.0140723026423984E-20   7.7837926242493069E+01
   1.0581700000000000E+10  -4.5740795182582474E+05   9.6088661025066956E-11   3.0139393142266408E-20   7.7303045262763803E+01
   1.0589200000000000E+10  -4.5504443031392450E+05   9.5439439525750712E-11   3.0138559141228372E-20   7.6782873169756698E+01
   1.0596700000000000E+10  -4.5265386454796616E+05   9.4803168201923025E-11   3.0138067831743029E-20   7.6272223962011253E+01
   1.0604200000000000E+10  -4.5024914651814825E+05   9.4175053321310760E-11   3.0137756519353209E-20   7.5767667811495983E+01
   1.0611700000000000E+10  -4.4783611646648339E+05   9.3552578664143719E-11   3.0137500414385947E-20   7.5267501194430409E+01
   1.0619200000000000E+10  -4.4541563697070052E+05   9.2934947779660096E-11   3.0137222831694476E-20   7.4771276442091732E+01
   1.0626700000000000E+10  -4.4298578647542052E+05   9.2322400582620012E-11   3.0136887878565818E-20   7.4279274094720876E+01
   1.0634200000000000E+10  -4.4054356739051361E+05   9.1715647563163310E-11   3.0136488016653480E-20   7.3792081583799131E+01
   1.0641700000000000E+10  -4.3808602327362576E+05   9.1115483107312236E-11   3.0136032559317475E-20   7.3310312449315560E+01
   1.0649200000000000E+10  -4.3561085566450021E+05   9.0522559902729265E-11   3.0135538844670506E-20   7.2834447519135082E+01
   1.0656700000000000E+10  -4.3311666857100005E+05   8.9937285976064171E-11   3.0135025984269141E-20   7.2364767681514707E+01
   1.0664200000000000E+10  -4.3060295605880563E+05   8.9359807721776245E-11   3.0134510771572228E-20   7.1901350080640739E+01
   1.0671700000000000E+10  -4.2806993201244902E+05   8.8790047744307784E-11   3.0134005445333153E-20   7.1444103636911379E+01
   1.0679200000000000E+10  -4.2551828741128161E+05   8.8227770900543824E-11   3.0133517025211697E-20   7.0992823364047581E+01
   1.0686700000000000E+10  -4.2294894408141775E+05   8.7672656688918395E-11   3.0133047837447592E-20   7.0547246968676802E+01
   1.0694200000000000E+10  -4.2036285239297344E+05   8.7124362222491748E-11   3.0132596754289165E-20   7.0107102280524671E+01
   1.0701700000000000E+10  -4.1776085653004213E+05   8.6582567010414309E-11   3.0132160670402255E-20   6.9672139621305362E+01
   1.0709200000000000E+10  -4.1514362966374238E+05   8.6046997324591574E-11   3.0131735838846748E-20   6.9242148206583678E+01
   1.0716700000000000E+10  -4.1251166644300817E+05   8.5517432814241049E-11   3.0131318843755650E-20   6.8816959210827434E+01
   1.0724200000000000E+10  -4.0986531303607102E+05   8.4993700692008636E-11   3.0130907142301821E-20   6.8396439891275534E+01
   1.0731700000000000E+10  -4.0720481455625070E+05   8.4475663389473144E-11   3.0130499225896118E-20   6.7980483358617889E+01
   1.0739200000000000E+10  -4.0453036378887907E+05   8.3963204671838047E-11   3.0130094514022470E-20   6.7568997717377925E+01
   1.0746700000000000E+10  -4.0184214111841045E+05   8.3456217564299301E-11   3.0129693107639856E-20   6.7161896965344098E+01
   1.0754200000000000E+10  -3.9914034134515008E+05   8.2954595731119344E-11   3.0129295508371388E-20   6.6759094724829325E+01
   1.0761700000000000E+10  -3.9642518744532758E+05   8.2458228578936580E-11   3.0128902373286336E-20   6.6360500868460491E+01
   1.0769200000000000E+10  -3.9369693387191003E+05   8.1966999502021583E-11   3.0128514338304067E-20   6.5966020502980030E+01
   1.0776700000000000E+10  -3.9095586292368046E+05   8.1480786316604052E-11   3.0128131914961896E-20   6.5575554541044212E+01
   1.0784200000000000E+10  -3.8820227752226958E+05   8.0999462920344858E-11   3.0127755448424625E-20   6.5189001118707637E+01
   1.0791700000000000E+10  -3.8543649296645541E+05   8.0522901400021544E-11   3.0127385117896691E-20   6.4806257279620468E+01
   1.0799200000000000E+10  -3.8265882930442953E+05   8.0050974067609030E-11   3.0127020960863238E-20   6.4427220551140977E+01
   1.0806700000000000E+10  -3.7986960514249874E+05   7.9583555145873380E-11   3.0126662906562614E-20   6.4051790220985978E+01
   1.0814200000000000E+10  -3.7706913311046769E+05   7.9120522007629124E-11   3.0126310809172138E-20   6.3679868258081953E+01
   1.0821700000000000E+10  -3.7425771684562712E+05   7.8661755988094139E-11   3.0125964475736938E-20   6.3311359903549018E+01
   1.0829200000000000E+10  -3.7143564919379354E+05   7.8207142846280199E-11   3.0125623687228634E-20   6.2946173995743933E+01
   1.0836700000000000E+10  -3.6860321129584551E+05   7.7756572968086213E-11   3.0125288213126507E-20   6.2584223102460399E+01
   1.0844200000000000E+10  -3.6576067227126105E+05   7.7309941393126725E-11   3.0124957820855781E-20   6.2225423522950180E+01
   1.0851700000000000E+10  -3.6290828928098985E+05   7.6867147731125223E-11   3.0124632281620980E-20   6.1869695209123790E+01
   1.0859200000000000E+10  -3.6004630782407662E+05   7.6428096012247883E-11   3.0124311373987899E-20   6.1516961638563217E+01
   1.0866700000000000E+10  -3.5717496217963152E+05   7.5992694500627871E-11   3.0123994886166530E-20   6.1167149660759399E+01
   1.0874200000000000E+10  -3.5429447594338824E+05   7.5560855487776715E-11   3.0123682617550260E-20   6.0820189328780231E+01
   1.0881700000000000E+10  -3.5140506262743095E+05   7.5132495074753400E-11   3.0123374379748158E-20   6.0476013722971139E+01
   1.0889200000000000E+10  -3.4850692629965820E+05   7.4707532949091347E-11   3.0123069997187656E-20   6.0134558771321529E+01
   1.0896700000000000E+10  -3.4560026224221924E+05   7.4285892160712524E-11   3.0122769307322222E-20   5.9795763069799236E+01
   1.0904200000000000E+10  -3.4268525761041924E+05   7.3867498901292159E-11   3.0122472160483464E-20   5.9459567706137612E+01
   1.0911700000000000E+10  -3.3976209207527549E+05   7.3452282292056357E-11   3.0122178419416537E-20   5.9125916090983957E+01
   1.0919200000000000E+10  -3.3683093843573175E+05   7.3040174182477191E-11   3.0121887958562916E-20   5.8794753798246113E+01
   1.0926700000000000E+10  -3.3389196318979311E+05   7.2631108962977915E-11   3.0121600663161583E-20   5.8466028416988635E+01
   1.0934200000000000E+10  -3.3094532705772482E+05   7.2225023393315058E-11   3.0121316428260623E-20   5.8139689416032461E+01
   1.0941700000000000E+10  -3.2799118545488291E+05   7.1821856446808344E-11   3.0121035157706050E-20   5.7815688021264066E+01
   1.0949200000000000E+10  -3.2502968891446898E+05   7.1421549170680958E-11   3.0120756763171396E-20   5.7493977105746239E+01
   1.0956700000000000E+10  -3.2206098346296290E+05   7.1024044560732114E-11   3.0120481163246156E-20   5.7174511091171034E+01
   1.0964200000000000E+10  -3.1908521095117426E+05   7.0629287449167178E-11   3.0120208282584920E-20   5.6857245859713323E+01
   1.0971700000000000E+10  -3.1610250934470718E+05   7.0237224403950106E-11   3.0119938051148354E-20   5.6542138674917197E+01
   1.0979200000000000E+10  -3.1311301297908754E+05   6.9847803638492871E-11   3.0119670403561707E-20   5.6229148110622219E+01
   1.0986700000000000E+10  -3.1011685278564808E+05   6.9460974931259843E-11   3.0119405278597558E-20   5.5918233987587982E+01
   1.0994200000000000E+10  -3.0711415649387933E+05   6.9076689553914883E-11   3.0119142618756072E-20   5.5609357316772382E+01
   1.1001700000000000E+10  -3.0410504881373752E+05   6.8694900206427906E-11   3.0118882369889704E-20   5.5302480248094952E+01
   1.1009200000000000E+10  -3.0108965159961896E+05   6.8315560957915512E-11   3.0118624480853133E-20   5.4997566023738258E+01
   1.1016700000000000E+10  -2.9806808399732475E+05   6.7938627192530090E-11   3.0118368903187127E-20   5.4694578935422470E+01
   1.1024200000000000E+10  -2.9504046257630293E+05   6.7564055559732407E-11   3.0118115590850851E-20   5.4393484285094907E+01
   1.1031700000000000E+10  -2.9200690144974442E+05   6.7191803928722387E-11   3.0117864500010006E-20   5.4094248348844147E+01
   1.1039200000000000E+10  -2.8896751238525746E+05   6.6821831346499573E-11   3.0117615588877962E-20   5.3796838343622866E+01
   1.1046700000000000E+10  -2.8592240490850923E+05   6.6454097998656479E-11   3.0117368817598452E-20   5.3501222396081985E+01
   1.1054200000000000E+10  -2.8287168640199926E+05   6.6088565172774720E-11   3.0117124148178783E-20   5.3207369513398952E+01
   1.1061700000000000E+10  -2.7981546220110712E+05   6.5725195223736653E-11   3.0116881544456859E-20   5.2915249555579905E+01
   1.1069200000000000E+10  -2.7675383568909951E+05   6.5363951540490741E-11   3.0116640972094298E-20   5.2624833208880176E+01
   1.1076700000000000E+10  -2.7368690839150280E+05   6.5004798513931811E-11   3.0116402398566905E-20   5.2336091960122154E+01
   1.1084200000000000E+10  -2.7061478006929148E+05   6.4647701505052651E-11   3.0116165793134189E-20   5.2048998071263014E+01
   1.1091700000000000E+10  -2.6753754881025315E+05   6.4292626813301228E-11   3.0115931126805634E-20   5.1763524554127812E+01
   1.1099200000000000E+10  -2.6445531111914065E+05   6.3939541645849375E-11   3.0115698372339459E-20   5.1479645145815006E+01
   1.1106700000000000E+10  -2.6136816200862115E+05   6.3588414087995602E-11   3.0115467504281166E-20   5.1197334284943643E+01
   1.1114200000000000E+10  -2.5827619509235281E+05   6.3239213074668131E-11   3.0115238499009368E-20   5.0916567088772574E+01
   1.1121700000000000E+10  -2.5517950267925425E+05   6.2891908362643689E-11   3.0115011334747269E-20   5.0637319330952863E+01
   1.1129200000000000E+10  -2.5207817586705423E+05   6.2546470502956028E-11   3.0114785991531677E-20   5.0359567419501062E+01
   1.1136700000000000E+10  -2.4897230463333274E+05   6.2202870814112766E-11   3.0114562451152981E-20   5.0083288375466708E+01
   1.1144200000000000E+10  -2.4586197792345402E+05   6.1861081355941301E-11   3.0114340697092989E-20   4.9808459812103337E+01
   1.1151700000000000E+10  -2.4274728373507856E+05   6.1521074904791943E-11   3.0114120714460105E-20   4.9535059915130290E+01
   1.1159200000000000E+10  -2.3962830919924844E+05   6.1182824929895136E-11   3.0113902489919165E-20   4.9263067423926181E+01
   1.1166700000000000E+10  -2.3650514065767039E+05   6.0846305570932100E-11   3.0113686011615001E-20   4.8992461613703135E+01
   1.1174200000000000E+10  -2.3337786373610143E+05   6.0511491616989128E-11   3.0113471269096359E-20   4.8723222278787865E+01
   1.1181700000000000E+10  -2.3024656341389709E+05   6.0178358486860881E-11   3.0113258253245081E-20   4.8455329716974198E+01
   1.1189200000000000E+10  -2.2711132408973030E+05   5.9846882210680642E-11   3.0113046956197578E-20   4.8188764714950352E+01
   1.1196700000000000E+10  -2.2397222964269045E+05   5.9517039412585691E-11   3.0112837371238059E-20   4.7923508534598518E+01
   1.1204200000000000E+10  -2.2082936348708280E+05   5.9188807294105095E-11   3.0112629492654975E-20   4.7659542899926770E+01
   1.1211700000000000E+10  -2.1768280861969027E+05   5.8862163618164226E-11   3.0112423315589829E-20   4.7396849984500399E+01
   1.1219200000000000E+10  -2.1453264766027415E+05   5.8537086694335804E-11   3.0112218835923799E-20   4.7135412399808203E+01
   1.1226700000000000E+10  -2.1137896288778394E+05   5.8213555365790746E-11   3.0112016050219147E-20   4.6875213184904979E+01
   1.1234200000000000E+10  -2.0822183627404785E+05   5.7891548997739835E-11   3.0111814955671395E-20   4.6616235797233465E+01
   1.1241700000000000E+10  -2.0506134951448726E+05   5.7571047466480511E-11   3.0111615550038706E-20   4.6358464103964963E+01
   1.1249200000000000E+10  -2.0189758405438974E+05   5.7252031148884528E-11   3.0111417831542952E-20   4.6101882373733687E+01
   1.1256700000000000E+10  -1.9873062111004058E+05   5.6934480912307532E-11   3.0111221798761884E-20   4.5846475268718258E+01
   1.1264200000000000E+10  -1.9556054168494916E+05   5.6618378105117868E-11   3.0111027450541073E-20   4.5592227837185597E+01
   1.1271700000000000E+10  -1.9238742658197775E+05   5.6303704547897995E-11   3.0110834785917448E-20   4.5339125506553600E+01
   1.1279200000000000E+10  -1.8921135641196807E+05   5.5990442525170821E-11   3.0110643804055022E-20   4.5087154076853750E+01
   1.1286700000000000E+10  -1.8603241159924597E+05   5.5678574777623995E-11   3.0110454504184693E-20   4.4836299714584698E+01
   1.1294200000000000E+10  -1.8285067238447952E+05   5.5368084494732140E-11   3.0110266885559097E-20   4.4586548946860475E+01
   1.1301700000000000E+10  -1.7966621882549682E+05   5.5058955307787236E-11   3.0110080947416687E-20   4.4337888655870863E+01
   1.1309200000000000E+10  -1.7647913079643296E+05   5.4751171283265896E-11   3.0109896688948626E-20   4.4090306073606790E+01
   1.1316700000000000E+10  -1.7328948798471063E+05   5.4444716916210511E-11   3.0109714109242395E-20   4.3843788776628529E+01
   1.1324200000000000E+10  -1.7009736988435275E+05   5.4139577123234138E-11   3.0109533207186782E-20   4.3598324680583730E+01
   1.1331700000000000E+10  -1.6690285578419126E+05   5.3835737235255452E-11   3.0109353981369935E-20   4.3353902034512956E+01
   1.1339200000000000E+10  -1.6370602475182284E+05   5.3533182990387157E-11   3.0109176430011850E-20   4.3110509415224101E+01
   1.1346700000000000E+10  -1.6050695561567234E+05   5.3231900527593261E-11   3.0109000550951911E-20   4.2868135722204080E+01
   1.1354200000000000E+10  -1.5730572694676137E+05   5.2931876380858565E-11   3.0108826341640739E-20   4.2626770172936041E+01
   1.1361700000000000E+10  -1.5410241703940960E+05   5.2633097473341440E-11   3.0108653799103062E-20   4.2386402298243183E+01
   1.1369200000000000E+10  -1.5089710388898806E+05   5.2335551111205019E-11   3.0108482919861962E-20   4.2147021937425741E+01
   1.1376700000000000E+10  -1.4768986516568210E+05   5.2039224977255868E-11   3.0108313699848167E-20   4.1908619233259877E+01
   1.1384200000000000E+10  -1.4448077818409388E+05   5.1744107124819157E-11   3.0108146134325838E-20   4.1671184627159661E+01
   1.1391700000000000E+10  -1.4126991986924593E+05   5.1450185971769300E-11   3.0107980217817276E-20   4.1434708854462180E+01
   1.1399200000000000E+10  -1.3805736671908473E+05   5.1157450294878284E-11   3.0107815944032080E-20   4.1199182939958710E+01
   1.1406700000000000E+10  -1.3484319476359853E+05   5.0865889224384535E-11   3.0107653305799357E-20   4.0964598193595940E+01
   1.1414200000000000E+10  -1.3162747952057549E+05   5.0575492238881085E-11   3.0107492295000524E-20   4.0730946206430453E+01
   1.1421700000000000E+10  -1.2841029594844453E+05   5.0286249160578622E-11   3.0107332902513806E-20   4.0498218846866152E+01
   1.1429200000000000E+10  -1.2519171839638469E+05   4.9998150150931200E-11   3.0107175118154691E-20   4.0266408257186761E+01
   1.1436700000000000E+10  -1.2197182055113280E+05   4.9711185706474425E-11   3.0107018930597972E-20   4.0035506850281180E+01
   1.1444200000000000E+10  -1.1875067537885244E+05   4.9425346654489631E-11   3.0106864327249566E-20   3.9805507306291730E+01
   1.1451700000000000E+10  -1.1552835506040415E+05   4.9140624148572756E-11   3.0106711294109544E-20   3.9576402569191409E+01
   1.1459200000000000E+10  -1.1230493092064383E+05   4.8857009664548295E-11   3.0106559815668868E-20   3.9348185843588993E+01
   1.1466700000000000E+10  -1.0908047335419241E+05   4.8574494997371023E-11   3.0106409874864179E-20   3.9120850592249838E+01
   1.1474200000000000E+10  -1.0585505174962505E+05   4.8293072258812230E-11   3.0106261453044372E-20   3.8894390534231547E+01
   1.1481700000000000E+10  -1.0262873441146509E+05   4.8012733875474989E-11   3.0106114529909534E-20   3.8668799643318991E+01
   1.1489200000000000E+10  -9.9401588478276681E+04   4.7733472586701224E-11   3.0105969083413254E-20   3.8444072146416595E+01
   1.1496700000000000E+10  -9.6173679835862058E+04   4.7455281442584615E-11   3.0105825089659569E-20   3.8220202522028686E+01
   1.1504200000000000E+10  -9.2945073025802310E+04   4.7178153802397473E-11   3.0105682522811106E-20   3.7997185499055036E+01
   1.1511700000000000E+10  -8.9715831150016253E+04   4.6902083333417080E-11   3.0105541355012682E-20   3.7775016055885111E+01
   1.1519200000000000E+10  -8.6486015771906066E+04   4.6627064010162305E-11   3.0105401556322696E-20   3.7553689419810205E+01
   1.1526700000000000E+10  -8.3255686814467161E+04   4.6353090113995499E-11   3.0105263094651549E-20   3.7333201066718608E+01
   1.1534200000000000E+10  -8.0024902455846139E+04   4.6080156233062645E-11   3.0105125935714083E-20   3.7113546721043875E+01
   1.1541700000000000E+10  -7.6793719023097030E+04   4.5808257262652078E-11   3.0104990042998139E-20   3.6894722356028943E+01
   1.1549200000000000E+10  -7.3562190884951226E+04   4.5537388405902422E-11   3.0104855377748704E-20   3.6676724194251904E+01
   1.1556700000000000E+10  -7.0330370343723189E+04   4.5267545174678109E-11   3.0104721898937440E-20   3.6459548708304382E+01
   1.1564200000000000E+10  -6.7098307525169832E+04   4.4998723390259554E-11   3.0104589563200217E-20   3.6243192621358595E+01
   1.1571700000000000E+10  -6.3866050264876671E+04   4.4730919183629996E-11   3.0104458324756325E-20   3.6027652907429392E+01
   1.1579200000000000E+10  -6.0633643991779703E+04   4.4464128995781973E-11   3.0104328135372944E-20   3.5812926791595700E+01
   1.1586700000000000E+10  -5.7401131611863013E+04   4.4198349578583554E-11   3.0104198944398327E-20   3.5599011750590655E+01
   1.1594200000000000E+10  -5.4168553394799208E+04   4.3933577996162723E-11   3.0104070698830231E-20   3.5385905513769892E+01
   1.1601700000000000E+10  -5.0935946863683959E+04   4.3669811626124397E-11   3.0103943343362991E-20   3.5173606063973764E+01
   1.1609200000000000E+10  -4.7703346686451179E+04   4.3407048160256283E-11   3.0103816820404969E-20   3.4962111638014854E+01
   1.1616700000000000E+10  -4.4470784568237294E+04   4.3145285604704280E-11   3.0103691070093641E-20   3.4751420726742559E+01
   1.1624200000000000E+10  -4.1238289145306393E+04   4.2884522279961279E-11   3.0103566030335978E-20   3.4541532074929705E+01
   1.1631700000000000E+10  -3.8005885881650553E+04   4.2624756820500247E-11   3.0103441636869891E-20   3.4332444680851047E+01
   1.1639200000000000E+10  -3.4773596969212631E+04   4.2365988174083891E-11   3.0103317823338727E-20   3.4124157795589781E+01
   1.1646700000000000E+10  -3.1541441232448869E+04   4.2108215600661235E-11   3.0103194521385515E-20   3.3916670921992868E+01
   1.1654200000000000E+10  -2.8309434038073781E+04   4.1851438670777017E-11   3.0103071660761618E-20   3.3709983813222451E+01
   1.1661700000000000E+10  -2.5077587210986592E+04   4.1595657263479350E-11   3.0102949169464073E-20   3.3504096470876277E+01
   1.1669200000000000E+10  -2.1845908957517062E+04   4.1340871563672679E-11   3.0102826973888197E-20   3.3299009142650810E+01
   1.1676700000000000E+10  -1.8614403796490049E+04   4.1087082058801684E-11   3.0102704998980204E-20   3.3094722319472083E+01
   1.1684200000000000E+10  -1.5383072497312811E+04   4.0834289534478950E-11   3.0102583168361546E-20   3.2891236731813564E+01
   1.1691700000000000E+10  -1.2151912023909834E+04   4.0582495068840914E-11   3.0102461404441417E-20   3.2688553345007946E+01
   1.1699200000000000E+10  -8.9209154851453513E+03   4.0331700025823723E-11   3.0102339628563562E-20   3.2486673353656911E+01
   1.1706700000000000E+10  -5.6900720942896560E+03   4.0081906047989957E-11   3.0102217761209692E-20   3.2285598175624699E+01
   1.1714200000000000E+10  -2.4593671393077857E+03   3.9833115048666404E-11   3.0102095722238738E-20   3.2085329445447002E+01
   1.1721700000000000E+10   7.7121803457675026E+02   3.9585329202344593E-11   3.0101973431172385E-20   3.1885869006301235E+01
   1.1729200000000000E+10   4.0017060346655453E+03   3.9338550936105785E-11   3.0101850807452562E-20   3.1687218902843103E+01
   1.1736700000000000E+10   7.2321233984353066E+03   3.9092782916395338E-11   3.0101727770602102E-20   3.1489381370408498E+01
   1.1744200000000000E+10   1.0462500589343414E+04   3.8848028036884545E-11   3.0101604240356208E-20   3.1292358825128005E+01
   1.1751700000000000E+10   1.3692871971218301E+04   3.8604289404652958E-11   3.0101480136960455E-20   3.1096153852521507E+01
   1.1759200000000000E+10   1.6923275768979918E+04   3.8361570325429286E-11   3.0101355381414085E-20   3.0900769195402024E+01
   1.1766700000000000E+10   2.0153754018409116E+04   3.8119874287607078E-11   3.0101229895714902E-20   3.0706207740800153E+01
   1.1774200000000000E+10   2.3384352503519131E+04   3.7879204945209413E-11   3.0101103603117410E-20   3.0512472506037419E+01
   1.1781700000000000E+10   2.6615120680936736E+04   3.7639566099826522E-11   3.0100976428403618E-20   3.0319566623968996E+01
   1.1789200000000000E+10   2.9846111590962621E+04   3.7400961681508646E-11   3.0100848298156975E-20   3.0127493327391324E+01
   1.1796700000000000E+10   3.3077381755264512E+04   3.7163395728738099E-11   3.0100719141031606E-20   2.9936255932722329E+01
   1.1804200000000000E+10   3.6308991061989022E+04   3.6926872367261457E-11   3.0100588887996192E-20   2.9745857822797738E+01
   1.1811700000000000E+10   3.9541002639891791E+04   3.6691395787773394E-11   3.0100457472542390E-20   2.9556302428785255E+01
   1.1819200000000000E+10   4.2773482722530804E+04   3.6456970222578468E-11   3.0100324830893283E-20   2.9367593211282006E+01
   1.1826700000000000E+10   4.6006500501837450E+04   3.6223599921620148E-11   3.0100190902235322E-20   2.9179733640885907E+01
   1.1834200000000000E+10   4.9240127969512454E+04   3.5991289128214712E-11   3.0100055628982630E-20   2.8992727178505262E+01
   1.1841700000000000E+10   5.2474439746016425E+04   3.5760042054357805E-11   3.0099918957022839E-20   2.8806577255349918E+01
   1.1849200000000000E+10   5.5709512898622743E+04   3.5529862855455775E-11   3.0099780835924194E-20   2.8621287252503215E+01
   1.1856700000000000E+10   5.8945426750322658E+04   3.5300755604440467E-11   3.0099641219114481E-20   2.8436860480029484E+01
   1.1864200000000000E+10   6.2182262680692482E+04   3.5072724265606024E-11   3.0099500064043054E-20   2.8253300155877984E+01
   1.1871700000000000E+10   6.5420103919181951E+04   3.4845772668286290E-11   3.0099357332335181E-20   2.8070609384669236E+01
   1.1879200000000000E+10   6.8659035331256295E+04   3.4619904480599518E-11   3.0099212989941231E-20   2.7888791136543652E+01
   1.1886700000000000E+10   7.1899143198088597E+04   3.4395123183325617E-11   3.0099067007264833E-20   2.7707848226139202E+01
   1.1894200000000000E+10   7.5140514990637239E+04   3.4171432044048585E-11   3.0098919359274927E-20   2.7527783291799533E+01
   1.1901700000000000E+10   7.8383239139204990E+04   3.3948834091646948E-11   3.0098770025593665E-20   2.7348598775085698E+01
   1.1909200000000000E+10   8.1627404799609474E+04   3.3727332091221220E-11   3.0098618990559822E-20   2.7170296900662482E+01
   1.1916700000000000E+10   8.4873101617257213E+04   3.3506928519558579E-11   3.0098466243267761E-20   2.6992879656638888E+01
   1.1924200000000000E+10   8.8120419490068452E+04   3.3287625541345180E-11   3.0098311777592771E-20   2.6816348775521551E+01
   1.1931700000000000E+10   9.1369448330736966E+04   3.3069424986290599E-11   3.0098155592211800E-20   2.6640705715905078E+01
   1.1939200000000000E+10   9.4620277828673221E+04   3.2852328327369447E-11   3.0097997690608576E-20   2.6465951645073911E+01
   1.1946700000000000E+10   9.7872997212771123E+04   3.2636336660161520E-11   3.0097838081050089E-20   2.6292087422511475E+01
   1.1954200000000000E+10   1.0112769501697933E+05   3.2421450683224832E-11   3.0097676776514536E-20   2.6119113584279823E+01
   1.1961700000000000E+10   1.0438445885045653E+05   3.2207670679623136E-11   3.0097513794598754E-20   2.5947030328341651E+01
   1.1969200000000000E+10   1.0764337517311935E+05   3.1994996499835769E-11   3.0097349157410818E-20   2.5775837501002680E+01
   1.1976700000000000E+10   1.1090452907680580E+05   3.1783427546196994E-11   3.0097182891462953E-20   2.5605534584579527E+01
   1.1984200000000000E+10   1.1416800407259820E+05   3.1572962758956899E-11   3.0097015027545777E-20   2.5436120686383376E+01
   1.1991700000000000E+10   1.1743388188539795E+05   3.1363600603858920E-11   3.0096845600577394E-20   2.5267594528939842E+01
   1.1999200000000000E+10   1.2070224225685545E+05   3.1155339061312963E-11   3.0096674649430478E-20   2.5099954441505076E+01
   1.2006700000000000E+10   1.2397316275776616E+05   3.0948175617155119E-11   3.0096502216738805E-20   2.4933198352868995E+01
   1.2014200000000000E+10   1.2724671861075562E+05   3.0742107255068415E-11   3.0096328348687488E-20   2.4767323785501532E+01
   1.2021700000000000E+10   1.3052298252365938E+05   3.0537130450712779E-11   3.0096153094804829E-20   2.4602327851065539E+01
   1.2029200000000000E+10   1.3380202453318902E+05   3.0333241167771128E-11   3.0095976507770243E-20   2.4438207247451736E+01
   1.2036700000000000E+10   1.3708391185752617E+05   3.0130434856005041E-11   3.0095798643260229E-20   2.4274958257393930E+01
   1.2044200000000000E+10   1.4036870875728672E+05   2.9928706451378731E-11   3.0095619559769268E-20   2.4112576748764191E+01
   1.2051700000000000E+10   1.4365647640793415E+05   2.9728050377508684E-11   3.0095439318319729E-20   2.3951058176017202E+01
   1.2059200000000000E+10   1.4694727279011306E+05   2.9528460547828624E-11   3.0095257982039858E-20   2.3790397582304696E+01
   1.2066700000000000E+10   1.5024115260127600E+05   2.9329930368534407E-11   3.0095075615766718E-20   2.3630589602184163E+01
   1.2074200000000000E+10   1.5353816718278307E+05   2.9132452743897549E-11   3.0094892285832883E-20   2.3471628466079228E+01
   1.2081700000000000E+10   1.5683836445395314E+05   2.8936020084404161E-11   3.0094708059978482E-20   2.3313508006912119E+01
   1.2089200000000000E+10   1.6014178885118748E+05   2.8740624316733658E-11   3.0094523007219874E-20   2.3156221668248669E+01
   1.2096700000000000E+10   1.6344848127725691E+05   2.8546256894460948E-11   3.0094337197589268E-20   2.2999762513120629E+01
   1.2104200000000000E+10   1.6675847906530555E+05   2.8352908809412217E-11   3.0094150701812993E-20   2.2844123233413022E+01
   1.2111700000000000E+10   1.7007181595838207E+05   2.8160570604017858E-11   3.0093963591014150E-20   2.2689296160026704E+01
   1.2119200000000000E+10   1.7338852210299767E+05   2.7969232384842882E-11   3.0093775936440639E-20   2.2535273273961835E+01
   1.2126700000000000E+10   1.7670862405530270E+05   2.7778883837303951E-11   3.0093587809225226E-20   2.2382046218325829E+01
   1.2134200000000000E+10   1.8003214479900431E+05   2.7589514241512171E-11   3.0093399280152824E-20   2.2229606311236410E+01
   1.2141700000000000E+10   1.8335910377453378E+05   2.7401112489064610E-11   3.0093210419436260E-20   2.2077944559476698E+01
   1.2149200000000000E+10   1.8668951691881684E+05   2.7213667100607496E-11   3.0093021296512219E-20   2.1927051672751602E+01
   1.2156700000000000E+10   1.9002339671465888E+05   2.7027166244272873E-11   3.0092831979857122E-20   2.1776918078628619E+01
   1.2164200000000000E+10   1.9336075224869073E+05   2.6841597754743384E-11   3.0092642536820359E-20   2.1627533937968007E+01
   1.2171700000000000E+10   1.9670158927760171E+05   2.6656949152854817E-11   3.0092453033449934E-20   2.1478889160788128E+01
   1.2179200000000000E+10   2.0004591030383037E+05   2.6473207665390715E-11   3.0092263534276117E-20   2.1330973422311608E+01
   1.2186700000000000E+10   2.0339371466213255E+05   2.6290360244825824E-11   3.0092074102089002E-20   2.1183776178969708E+01
   1.2194200000000000E+10   2.0674499861612241E+05   2.6108393589372795E-11   3.0091884797761096E-20   2.1037286684614724E+01
   1.2201700000000000E+10   2.1009975546147366E+05   2.5927294163512898E-11   3.0091695680146308E-20   2.0891494007065809E+01
   1.2209200000000000E+10   2.1345797563292237E+05   2.5747048218971436E-11   3.0091506806011520E-20   2.0746387044989529E+01
   1.2216700000000000E+10   2.1681964681507935E+05   2.5567641815709954E-11   3.0091318229942118E-20   2.0601954544811562E+01
   1.2224200000000000E+10   2.2018475405848413E+05   2.5389060842697493E-11   3.0091130004220799E-20   2.0458185117467611E+01
   1.2231700000000000E+10   2.2355327990156758E+05   2.5211291038313970E-11   3.0090942178704713E-20   2.0315067254857333E+01
   1.2239200000000000E+10   2.2692520449796066E+05   2.5034318010655871E-11   3.0090754800723475E-20   2.0172589346203839E+01
   1.2246700000000000E+10   2.3030050574824051E+05   2.4858127257620132E-11   3.0090567914992362E-20   2.0030739694223321E+01
   1.2254200000000000E+10   2.3367915943537766E+05   2.4682704186782939E-11   3.0090381563538795E-20   1.9889506531119896E+01
   1.2261700000000000E+10   2.3706113936330244E+05   2.4508034134958217E-11   3.0090195785642471E-20   1.9748878034313172E+01
   1.2269200000000000E+10   2.4044641749801466E+05   2.4334102387425496E-11   3.0090010617780834E-20   1.9608842341895933E+01
   1.2276700000000000E+10   2.4383496411036458E+05   2.4160894196929777E-11   3.0089826093605627E-20   1.9469387567888209E+01
   1.2284200000000000E+10   2.4722674791951565E+05   2.3988394802178955E-11   3.0089642243935227E-20   1.9330501817077330E+01
   1.2291700000000000E+10   2.5062173623594281E+05   2.3816589445878675E-11   3.0089459096765919E-20   1.9192173199474574E+01
   1.2299200000000000E+10   2.5401989510417276E+05   2.3645463392274507E-11   3.0089276677253125E-20   1.9054389844395715E+01
   1.2306700000000000E+10   2.5742118944762010E+05   2.3475001944361854E-11   3.0089095007635044E-20   1.8917139914310940E+01
   1.2314200000000000E+10   2.6082558321721191E+05   2.3305190461112117E-11   3.0088914107154234E-20   1.8780411618708619E+01
   1.2321700000000000E+10   2.6423303954216506E+05   2.3136014373567282E-11   3.0088733992051080E-20   1.8644193227001871E+01
   1.2329200000000000E+10   2.6764352087856084E+05   2.2967459200036489E-11   3.0088554675638182E-20   1.8508473080662888E+01
   1.2336700000000000E+10   2.7105698915363825E+05   2.2799510560964032E-11   3.0088376168379225E-20   1.8373239605093033E+01
   1.2344200000000000E+10   2.7447340590699902E+05   2.2632154193381450E-11   3.0088198477921819E-20   1.8238481321188999E+01
   1.2351700000000000E+10   2.7789273243091535E+05   2.2465375964791623E-11   3.0088021609101089E-20   1.8104186856470864E+01
   1.2359200000000000E+10   2.8131492991038540E+05   2.2299161886740040E-11   3.0087845563935397E-20   1.7970344955963899E+01
   1.2366700000000000E+10   2.8473995956278959E+05   2.2133498127576960E-11   3.0087670341635925E-20   1.7836944492420994E+01
   1.2374200000000000E+10   2.8816778277658013E+05   2.1968371025038000E-11   3.0087495938624879E-20   1.7703974476394936E+01
   1.2381700000000000E+10   2.9159836124890443E+05   2.1803767098039458E-11   3.0087322348552846E-20   1.7571424065679665E+01
   1.2389200000000000E+10   2.9503165712182678E+05   2.1639673058135860E-11   3.0087149562323293E-20   1.7439282574476522E+01
   1.2396700000000000E+10   2.9846763311697886E+05   2.1476075820473631E-11   3.0086977568126171E-20   1.7307539482150567E+01
   1.2404200000000000E+10   3.0190625266819104E+05   2.1312962514232728E-11   3.0086806351479641E-20   1.7176184441571223E+01
   1.2411700000000000E+10   3.0534748005105148E+05   2.1150320492875141E-11   3.0086635895297702E-20   1.7045207287284395E+01
   1.2419200000000000E+10   3.0879128050924913E+05   2.0988137343841232E-11   3.0086466179946364E-20   1.6914598043248326E+01
   1.2426700000000000E+10   3.1223762037878641E+05   2.0826400897823815E-11   3.0086297183253794E-20   1.6784346930256941E+01
   1.2434200000000000E+10   3.1568646721268643E+05   2.0665099237339113E-11   3.0086128880474992E-20   1.6654444372822407E+01
   1.2441700000000000E+10   3.1913778990728874E+05   2.0504220704590514E-11   3.0085961244267862E-20   1.6524881005481060E+01
   1.2449200000000000E+10   3.2259155882756930E+05   2.0343753909327172E-11   3.0085794244748971E-20   1.6395647679051528E+01
   1.2456700000000000E+10   3.2604774592811830E+05   2.0183687736522471E-11   3.0085627849595263E-20   1.6266735466724729E+01
   1.2464200000000000E+10   3.2950632486931526E+05   2.0024011353934303E-11   3.0085462024119487E-20   1.6138135670075602E+01
   1.2471700000000000E+10   3.3296727113085880E+05   1.9864714219140798E-11   3.0085296731297084E-20   1.6009839824680228E+01
   1.2479200000000000E+10   3.3643056212481373E+05   1.9705786086078773E-11   3.0085131931758418E-20   1.5881839705351425E+01
   1.2486700000000000E+10   3.3989617730866262E+05   1.9547217011058157E-11   3.0084967583788404E-20   1.5754127330948162E+01
   1.2494200000000000E+10   3.4336409829805628E+05   1.9388997358665581E-11   3.0084803643330320E-20   1.5626694969093730E+01
   1.2501700000000000E+10   3.4683430897909700E+05   1.9231117807410036E-11   3.0084640063989781E-20   1.5499535140686191E+01
   1.2509200000000000E+10   3.5030679562021542E+05   1.9073569355076642E-11   3.0084476797041977E-20   1.5372640624172277E+01
   1.2516700000000000E+10   3.5378154698369582E+05   1.8916343323828430E-11   3.0084313791432652E-20   1.5246004459621659E+01
   1.2524200000000000E+10   3.5725855443655525E+05   1.8759431365394837E-11   3.0084150993791834E-20   1.5119619952864939E+01
   1.2531700000000000E+10   3.6073781206026091E+05   1.8602825465780845E-11   3.0083988348466332E-20   1.4993480679236425E+01
   1.2539200000000000E+10   3.6421931675808987E+05   1.8446517949923857E-11   3.0083825797575194E-20   1.4867580487264384E+01
   1.2546700000000000E+10   3.6770306835962279E+05   1.8290501486369635E-11   3.0083663281053896E-20   1.4741913502383744E+01
   1.2554200000000000E+10   3.7118906972412951E+05   1.8134769091109285E-11   3.0083500736649314E-20   1.4616474129997737E+01
   1.2561700000000000E+10   3.7467732684482593E+05   1.7979314131450215E-11   3.0083338099878631E-20   1.4491257058584310E+01
   1.2569200000000000E+10   3.7816784895450686E+05   1.7824130328850040E-11   3.0083175304031708E-20   1.4366257261944964E+01
   1.2576700000000000E+10   3.8166064862862026E+05   1.7669211762216754E-11   3.0083012280256157E-20   1.4241470001790503E+01
   1.2584200000000000E+10   3.8515574188317714E+05   1.7514552870964905E-11   3.0082848957666552E-20   1.4116890830120957E+01
   1.2591700000000000E+10   3.8865314826850093E+05   1.7360148458154445E-11   3.0082685263388001E-20   1.3992515591705551E+01
   1.2599200000000000E+10   3.9215289096310490E+05   1.7205993693181568E-11   3.0082521122509599E-20   1.3868340426244302E+01
   1.2606700000000000E+10   3.9565499687167269E+05   1.7052084114320357E-11   3.0082356457965092E-20   1.3744361770441625E+01
   1.2614200000000000E+10   3.9915949673030392E+05   1.6898415631446677E-11   3.0082191190347900E-20   1.3620576360253722E+01
   1.2621700000000000E+10   4.0266642522236664E+05   1.6744984529069809E-11   3.0082025237662814E-20   1.3496981233408096E+01
   1.2629200000000000E+10   4.0617582110836823E+05   1.6591787470116235E-11   3.0081858515001872E-20   1.3373573732557137E+01
   1.2636700000000000E+10   4.0968772737312462E+05   1.6438821500589985E-11   3.0081690934160034E-20   1.3250351509157092E+01
   1.2644200000000000E+10   4.1320219139223365E+05   1.6286084055035335E-11   3.0081522403234873E-20   1.3127312527991709E+01
   1.2651700000000000E+10   4.1671926511729823E+05   1.6133572963061601E-11   3.0081352826262312E-20   1.3004455072527035E+01
   1.2659200000000000E+10   4.2023900527554029E+05   1.5981286456622066E-11   3.0081182102995003E-20   1.2881777750804643E+01
   1.2666700000000000E+10   4.2376147357458074E+05   1.5829223177862523E-11   3.0081010128904631E-20   1.2759279501694238E+01
   1.2674200000000000E+10   4.2728673689925572E+05   1.5677382186683389E-11   3.0080836795483310E-20   1.2636959600790503E+01
   1.2681700000000000E+10   4.3081486748494289E+05   1.5525762966958148E-11   3.0080661990874662E-20   1.2514817665097766E+01
   1.2689200000000000E+10   4.3434594304848410E+05   1.5374365430111475E-11   3.0080485600951784E-20   1.2392853655418316E+01
   1.2696700000000000E+10   4.3788004685230431E+05   1.5223189915763051E-11   3.0080307510942703E-20   1.2271067876178902E+01
   1.2704200000000000E+10   4.4141726767471834E+05   1.5072237187006565E-11   3.0080127607585212E-20   1.2149460970758851E+01
   1.2711700000000000E+10   4.4495769966638146E+05   1.4921508422042237E-11   3.0079945781530926E-20   1.2028033913831539E+01
   1.2719200000000000E+10   4.4850144209212664E+05   1.4771005199529379E-11   3.0079761929576529E-20   1.1906787998770140E+01
   1.2726700000000000E+10   4.5204859897849435E+05   1.4620729479204167E-11   3.0079575956245471E-20   1.1785724821544663E+01
   1.2734200000000000E+10   4.5559927871351043E+05   1.4470683580482974E-11   3.0079387774136360E-20   1.1664846263510785E+01
   1.2741700000000000E+10   4.5915359367719031E+05   1.4320870161196365E-11   3.0079197302352724E-20   1.1544154475047854E+01
   1.2749200000000000E+10   4.6271166001507221E+05   1.4171292202866678E-11   3.0079004462306191E-20   1.1423651865430582E+01
   1.2756700000000000E+10   4.6627359769936913E+05   1.4021953008181253E-11   3.0078809170317934E-20   1.1303341103633775E+01
   1.2764200000000000E+10   4.6983953104332113E+05   1.3872856218581602E-11   3.0078611326728692E-20   1.1183225136474048E+01
   1.2771700000000000E+10   4.7340958983582072E+05   1.3724005858574101E-11   3.0078410801751742E-20   1.1063307229231715E+01
   1.2779200000000000E+10   4.7698391123403324E+05   1.3575406411604505E-11   3.0078207419017799E-20   1.0943591032223008E+01
   1.2786700000000000E+10   4.8056264248152910E+05   1.3427062930816880E-11   3.0078000938676026E-20   1.0824080675267952E+01
   1.2794200000000000E+10   4.8414594440319185E+05   1.3278981184246689E-11   3.0077791042853695E-20   1.0704780888685194E+01
   1.2801700000000000E+10   4.8773399546691414E+05   1.3131167821092643E-11   3.0077577327229808E-20   1.0585697138795563E+01
   1.2809200000000000E+10   4.9132699599593453E+05   1.2983630545359556E-11   3.0077359303217206E-20   1.0466835765492570E+01
   1.2816700000000000E+10   4.9492517188462534E+05   1.2836378269182886E-11   3.0077136415662508E-20   1.0348204098164322E+01
   1.2824200000000000E+10   4.9852877693526988E+05   1.2689421212587552E-11   3.0076908080638537E-20   1.0229810522035519E+01
   1.2831700000000000E+10   5.0213809274354088E+05   1.2542770909399789E-11   3.0076673746387670E-20   1.0111664461976101E+01
   1.2839200000000000E+10   5.0575342498151370E+05   1.2396440080294776E-11   3.0076432977584552E-20   9.9937762528910277E+00
   1.2846700000000000E+10   5.0937509502286615E+05   1.2250442335481179E-11   3.0076185558985177E-20   9.8761568683729308E+00
   1.2854200000000000E+10   5.1300342618126638E+05   1.2104791683709346E-11   3.0075931609266165E-20   9.7588174923105893E+00
   1.2861700000000000E+10   5.1663872444661398E+05   1.1959501856581114E-11   3.0075671689441750E-20   9.6417689459408891E+00
   1.2869200000000000E+10   5.2028125454908959E+05   1.1814585476276505E-11   3.0075406883517135E-20   9.5250209999016899E+00
   1.2876700000000000E+10   5.2393121343306033E+05   1.1670053154917836E-11   3.0075138823052720E-20   9.4085816504823825E+00
   1.2884200000000000E+10   5.2758870472487400E+05   1.1525912645975597E-11   3.0074869623531904E-20   9.2924564655236850E+00
   1.2891700000000000E+10   5.3125371935874235E+05   1.1382168225411622E-11   3.0074601700691812E-20   9.1766481505646773E+00
   1.2899200000000000E+10   5.3492612895219156E+05   1.1238820517586801E-11   3.0074337440949855E-20   9.0611565131971474E+00
   1.2906700000000000E+10   5.3860569947194890E+05   1.1095866974954696E-11   3.0074078713600559E-20   8.9459789939763983E+00
   1.2914200000000000E+10   5.4229213277912745E+05   1.0953303245059666E-11   3.0073826234362722E-20   8.8311119452327489E+00
   1.2921700000000000E+10   5.4598514242312592E+05   1.0811125554915873E-11   3.0073578820180430E-20   8.7165527472797351E+00
   1.2929200000000000E+10   5.4968456712851732E+05   1.0669334172138853E-11   3.0073332612422973E-20   8.6023027851064793E+00
   1.2936700000000000E+10   5.5339052057674411E+05   1.0527937820764852E-11   3.0073080386605527E-20   8.4883711531629231E+00
   1.2944200000000000E+10   5.5710356922431104E+05   1.0386958733388757E-11   3.0072811106796827E-20   8.3747787900334654E+00
   1.2951700000000000E+10   5.6082492124203220E+05   1.0246437791000288E-11   3.0072509915519137E-20   8.2615625550103111E+00
   1.2959200000000000E+10   5.6455659977398743E+05   1.0106438960257623E-11   3.0072158767369275E-20   8.1487785648201303E+00
   1.2966700000000000E+10   5.6830156355095864E+05   9.9670520414823128E-12   3.0071737908785064E-20   8.0365039581229638E+00
   1.2974200000000000E+10   5.7206372883127769E+05   9.8283926130346937E-12   3.0071228368051324E-20   7.9248361683690964E+00
   1.2981700000000000E+10   5.7584784053084860E+05   9.6905980723298703E-12   3.0070615539574808E-20   7.8138888222989342E+00
   1.2989200000000000E+10   5.7965913971386873E+05   9.5538188670228725E-12   3.0069893823950946E-20   7.7037835696347310E+00
   1.2996700000000000E+10   5.8350278248661745E+05   9.4182044278676281E-12   3.0069072092456834E-20   7.5946375319971438E+00
   1.3004200000000000E+10   5.8738298549789237E+05   9.2838838607586411E-12   3.0068179197521708E-20   7.4865466264293454E+00
   1.3011700000000000E+10   5.9130190982641326E+05   9.1509422066722341E-12   3.0067267682867251E-20   7.3795658627889242E+00
   1.3019200000000000E+10   5.9525835210723139E+05   9.0193955105978412E-12   3.0066416131853287E-20   7.2736890718064497E+00
   1.3026700000000000E+10   5.9924638871060638E+05   8.8891703539595960E-12   3.0065739270098009E-20   7.1688304157149751E+00
   1.3034200000000000E+10   6.0325420447034354E+05   8.7600879453661468E-12   3.0065397186935023E-20   7.0648099809278131E+00
   1.3041700000000000E+10   6.0726341751714540E+05   8.6318337519185345E-12   3.0065483323883004E-20   6.9613559717370004E+00
   1.3049200000000000E+10   6.1124928492888040E+05   8.5039892890846333E-12   3.0066043089350598E-20   6.8581249544585052E+00
   1.3056700000000000E+10   6.1518216648616688E+05   8.3761242804530239E-12   3.0067309639020424E-20   6.7547224267550190E+00
   1.3064200000000000E+10   6.1903044648149365E+05   8.2477405585776740E-12   3.0069224919889272E-20   6.6507668333339964E+00
   1.3071700000000000E+10   6.2276493317494181E+05   8.1184449618863131E-12   3.0071666220247496E-20   6.5459747109709214E+00
   1.3079200000000000E+10   6.2636444339335931E+05   7.9880412131923529E-12   3.0074429493630350E-20   6.4402372124212537E+00
   1.3086700000000000E+10   6.2982197627087485E+05   7.8566363064998086E-12   3.0077189741213508E-20   6.3337126855201245E+00
   1.3094200000000000E+10   6.3315082025249302E+05   7.7247251611210402E-12   3.0079403919897819E-20   6.2269126792762615E+00
   1.3101700000000000E+10   6.3639031463847449E+05   7.5932573067498499E-12   3.0080387880602303E-20   6.1207360201097565E+00
   1.3109200000000000E+10   6.3961174953829765E+05   7.4636643606935953E-12   3.0079764347715902E-20   6.0163990799614693E+00
   1.3116700000000000E+10   6.4292562642263842E+05   7.3376719512481971E-12   3.0076750132404223E-20   5.9154303943686752E+00
   1.3124200000000000E+10   6.4649164440138533E+05   7.2169765053904467E-12   3.0069683088675108E-20   5.8194964173292343E+00
   1.3131700000000000E+10   6.5053091807792697E+05   7.1033178480408438E-12   3.0057349797256689E-20   5.7301966626898162E+00
   1.3139200000000000E+10   6.5533459995196154E+05   6.9984371858462428E-12   3.0038464332881425E-20   5.6491396039760353E+00
   1.3146700000000000E+10   6.6125473879862577E+05   6.9042251007631617E-12   3.0011983811067661E-20   5.5780089088322118E+00
   1.3154200000000000E+10   6.6865466130538494E+05   6.8233055813820213E-12   2.9978262246755056E-20   5.5188340077779356E+00
   1.3161700000000000E+10   6.7779510064370523E+05   6.7656605792707961E-12   2.9940271930561984E-20   5.4791530327829703E+00
   1.3169200000000000E+10   6.8865033911391278E+05   6.7443890168864329E-12   2.9908680200493985E-20   5.4676955970789924E+00
   1.3176700000000000E+10   7.0067906431255327E+05   6.7584557041598959E-12   2.9899620662709152E-20   5.4807596594433887E+00
   1.3184200000000000E+10   7.1260188524424133E+05   6.8166434882246154E-12   2.9908465248621860E-20   5.5263122223273058E+00
   1.3191700000000000E+10   7.2233841559268930E+05   6.8946080626350166E-12   2.9761517913630798E-20   5.6171170005589923E+00
   1.3199200000000000E+10   7.2746707180383371E+05   5.2001791946330209E-12   2.5388054837716526E-20   4.9664703419435634E+00
   7.2067000000000000E+09  -4.5595880717673865E+00   8.4302735072273346E-09   8.3388988157776702E-23   6.6701806196727341E+02
   7.2142000000000000E+09  -9.2527508102758524E+00   6.0158273877369377E-09   6.5743066851191428E-23   6.0374160770031222E+02
   7.2217000000000000E+09  -4.6563899724827209E+01   6.7869741848724257E-09   6.4735840697759032E-23   6.9173081141816192E+02
   7.2292000000000000E+09  -9.5297235962719412E+01   1.0056358491247249E-08   8.3116237995395293E-23   7.9828848655142474E+02
   7.2367000000000000E+09  -1.3014520570776193E+02   1.4157100358166521E-08   1.1214414615536136E-22   8.3291823511934888E+02
   7.2442000000000000E+09  -1.9844105699154375E+02   1.8705743240791161E-08   1.4599820759499549E-22   8.4534098569903711E+02
   7.2517000000000000E+09  -2.9496674584639391E+02   2.4381700052021673E-08   1.8251222683123060E-22   8.8140676253784181E+02
   7.2592000000000000E+09  -3.9508906193306996E+02   2.9604975970193203E-08   2.1991908862609567E-22   8.8819038030848617E+02
   7.2667000000000000E+09  -5.5280666622474382E+02   3.4616029229215073E-08   2.5638855056588561E-22   8.9080542367396060E+02
   7.2742000000000000E+09  -7.7280589995415596E+02   3.9231319552591505E-08   2.9014434467849694E-22   8.9211944602537289E+02
   7.2817000000000000E+09  -1.0739579193315931E+03   4.3226814704426355E-08   3.1956704529350668E-22   8.9247369891437972E+02
   7.2892000000000000E+09  -1.4677936114855129E+03   4.6400616789146388E-08   3.4318775567198903E-22   8.9206424754064835E+02
   7.2967000000000000E+09  -1.9750930473760577E+03   4.8513645943918365E-08   3.5967534343353658E-22   8.8993319156491646E+02
   7.3042000000000000E+09  -2.7856382093670431E+03   4.9426399727277007E-08   3.6791041246817008E-22   8.8638225592847300E+02
   7.3117000000000000E+09  -4.2889964218115229E+03   4.9593936339113902E-08   3.7034927051625057E-22   8.8352988457949380E+02
   7.3192000000000000E+09  -6.8496959568018683E+03   4.9580987260757662E-08   3.7093316176384045E-22   8.8190878414191741E+02
   7.3267000000000000E+09  -1.0864578603038923E+04   4.9524183189954639E-08   3.7087672676600928E-22   8.8103244701331073E+02
   7.3342000000000000E+09  -1.6788596620369604E+04   4.9400267022530701E-08   3.6933458272502579E-22   8.8249751449437167E+02
   7.3417000000000000E+09  -2.5002474077642742E+04   4.9016104237464020E-08   3.6188986259342906E-22   8.9364814192252049E+02
   7.3492000000000000E+09  -3.5477775182197540E+04   4.8146319557511089E-08   3.4256707245539217E-22   9.2730303846829565E+02
   7.3567000000000000E+09  -4.7095295149000805E+04   4.6871277735095037E-08   3.1111365500108285E-22   9.9401273643867421E+02
   7.3642000000000000E+09  -5.6985716760952309E+04   4.5481270964778298E-08   2.7257081882194302E-22   1.1009243816412513E+03
   7.3717000000000000E+09  -6.1545743754698051E+04   4.4220794754871167E-08   2.3212480711822062E-22   1.2569247470177238E+03
   7.3792000000000000E+09  -6.1726391194280186E+04   4.3091649585676389E-08   1.9403548085398343E-22   1.4652654388400963E+03
   7.3867000000000000E+09  -5.7518880729373188E+04   4.1487685703766896E-08   1.6088580111202941E-22   1.7013979035027385E+03
   7.3942000000000000E+09  -4.7041723011569295E+04   3.9044258431628090E-08   1.3401214389443026E-22   1.9222837461852821E+03
   7.4017000000000000E+09  -3.3621091856308187E+04   3.6252683379318396E-08   1.1351640086484135E-22   2.1071045831413417E+03
   7.4092000000000000E+09  -2.1770004990067948E+04   3.3705307061984916E-08   9.8612301997661678E-23   2.2551312613415957E+03
   7.4167000000000000E+09  -1.4861953565028438E+04   3.1684022001675122E-08   8.8120504094193239E-23   2.3722915522672274E+03
   7.4242000000000000E+09  -1.2473235813395109E+04   3.0204576949489300E-08   8.0839418545720333E-23   2.4652126817563112E+03
   7.4317000000000000E+09  -1.2285481426149170E+04   2.9164834525101205E-08   7.5771864961600952E-23   2.5395479998870269E+03
   7.4392000000000000E+09  -1.4539433335370526E+04   2.8411383434353120E-08   7.2123627912213485E-23   2.5990806657484559E+03
   7.4467000000000000E+09  -1.8799832382306002E+04   2.7785775384177573E-08   6.9281791775498943E-23   2.6461130865651730E+03
   7.4542000000000000E+09  -2.3126556126698310E+04   2.7184028170466184E-08   6.6856465988831913E-23   2.6827205283007870E+03
   7.4617000000000000E+09  -2.6640139780449288E+04   2.6562971362103877E-08   6.4646833190598847E-23   2.7110309734426301E+03
   7.4692000000000000E+09  -2.9415140620428116E+04   2.5917806171699500E-08   6.2572391123484213E-23   2.7328802888284522E+03
   7.4767000000000000E+09  -3.1877780344862385E+04   2.5259164738107876E-08   6.0610312245592333E-23   2.7496513247469411E+03
   7.4842000000000000E+09  -3.4296951920694875E+04   2.4600527412670853E-08   5.8759028733915275E-23   2.7623265000410506E+03
   7.4917000000000000E+09  -3.6715679145156544E+04   2.3953632450144148E-08   5.7022314784034589E-23   2.7716078024687990E+03
   7.4992000000000000E+09  -3.9050421045927476E+04   2.3325839738036647E-08   5.5399962428235061E-23   2.7780054282098749E+03
   7.5067000000000000E+09  -4.1192519456467402E+04   2.2720262626668801E-08   5.3886154496645024E-23   2.7818996659923846E+03
   7.5142000000000000E+09  -4.3071562913632224E+04   2.2137887610695167E-08   5.2473157393864821E-23   2.7835839381070650E+03
   7.5217000000000000E+09  -4.4675957949945107E+04   2.1578289902339245E-08   5.1152116936386754E-23   2.7832920928172020E+03
   7.5292000000000000E+09  -4.6045944627540281E+04   2.1040305301617335E-08   4.9914050461741808E-23   2.7812154351706076E+03
   7.5367000000000000E+09  -4.7253830344682181E+04   2.0522384512066942E-08   4.8750281187976561E-23   2.7775132305715961E+03
   7.5442000000000000E+09  -4.8381077610111817E+04   2.0022902240234527E-08   4.7652878604268530E-23   2.7723200190826569E+03
   7.5517000000000000E+09  -4.9498543597329124E+04   1.9540661783725302E-08   4.6615630930837475E-23   2.7657518358339639E+03
   7.5592000000000000E+09  -5.0654643768627975E+04   1.9074764111576710E-08   4.5633573973440970E-23   2.7579109159159252E+03
   7.5667000000000000E+09  -5.1872503509494993E+04   1.8624310281219476E-08   4.4702162192503568E-23   2.7488892498308151E+03
   7.5742000000000000E+09  -5.3153662935651882E+04   1.8188443120439975E-08   4.3817268925672698E-23   2.7387716792739561E+03
   7.5817000000000000E+09  -5.4485191469401456E+04   1.7766405774012442E-08   4.2975254501661256E-23   2.7276381680217837E+03
   7.5892000000000000E+09  -5.5847451208357466E+04   1.7357556841346845E-08   4.2172957239078676E-23   2.7155650565782116E+03
   7.5967000000000000E+09  -5.7220616358942258E+04   1.6961368668926033E-08   4.1407665091527001E-23   2.7026254012610307E+03
   7.6042000000000000E+09  -5.8589087564050584E+04   1.6577353946249116E-08   4.0676926698861068E-23   2.6888886050872861E+03
   7.6117000000000000E+09  -5.9943527643926922E+04   1.6205031372181782E-08   3.9978458741279663E-23   2.6744198864692844E+03
   7.6192000000000000E+09  -6.1280799405556150E+04   1.5843959961790496E-08   3.9310219838836852E-23   2.6592799418765921E+03
   7.6267000000000000E+09  -6.2602629443817314E+04   1.5493732632460361E-08   3.8670385379777343E-23   2.6435247526475964E+03
   7.6342000000000000E+09  -6.3913835795649808E+04   1.5153929819304644E-08   3.8057220823571861E-23   2.6272055644433008E+03
   7.6417000000000000E+09  -6.5220565083937654E+04   1.4824141835807562E-08   3.7469120804274981E-23   2.6103692343081088E+03
   7.6492000000000000E+09  -6.6528892720153803E+04   1.4503989745998719E-08   3.6904645589032940E-23   2.5930587562254982E+03
   7.6567000000000000E+09  -6.7844020667395074E+04   1.4193096137387971E-08   3.6362433630128281E-23   2.5753137364391741E+03
   7.6642000000000000E+09  -6.9169968963163003E+04   1.3891093061358711E-08   3.5841207711816125E-23   2.5571709114759806E+03
   7.6717000000000000E+09  -7.0509623454444649E+04   1.3597635944123359E-08   3.5339799003226467E-23   2.5386646329198652E+03
   7.6792000000000000E+09  -7.1865009717973211E+04   1.3312402231425147E-08   3.4857135421550734E-23   2.5198272262316768E+03
   7.6867000000000000E+09  -7.3237650320555491E+04   1.3035089359422337E-08   3.4392230437572560E-23   2.5006892377818945E+03
   7.6942000000000000E+09  -7.4628900438657671E+04   1.2765412644893644E-08   3.3944173282381836E-23   2.4812795948463249E+03
   7.7017000000000000E+09  -7.6040200693228588E+04   1.2503103202017270E-08   3.3512120316017191E-23   2.4616257058239103E+03
   7.7092000000000000E+09  -7.7473227438175410E+04   1.2247905978004539E-08   3.3095287361935026E-23   2.4417535259479096E+03
   7.7167000000000000E+09  -7.8929950051685024E+04   1.1999578044065004E-08   3.2692943046531642E-23   2.4216876086307520E+03
   7.7242000000000000E+09  -8.0412620370879129E+04   1.1757887241660108E-08   3.2304403219122253E-23   2.4014511558470040E+03
   7.7317000000000000E+09  -8.1923723704502656E+04   1.1522611196921045E-08   3.1929026409812501E-23   2.3810660742896744E+03
   7.7392000000000000E+09  -8.3465917566892487E+04   1.1293536641174114E-08   3.1566210157933441E-23   2.3605530387196259E+03
   7.7467000000000000E+09  -8.5041977037652017E+04   1.1070458941888588E-08   3.1215387989644966E-23   2.3399315605626193E+03
   7.7542000000000000E+09  -8.6654757429692370E+04   1.0853181751392046E-08   3.0876026837897328E-23   2.3192200583440244E+03
   7.7617000000000000E+09  -8.8307177765856075E+04   1.0641516703260068E-08   3.0547624748073526E-23   2.2984359265221001E+03
   7.7692000000000000E+09  -9.0002223449056401E+04   1.0435283113735776E-08   3.0229708769563747E-23   2.2775956000943211E+03
   7.7767000000000000E+09  -9.1742963666713811E+04   1.0234307669298144E-08   2.9921832981153614E-23   2.2567146134806317E+03
   7.7842000000000000E+09  -9.3532578152968214E+04   1.0038424098158552E-08   2.9623576631002539E-23   2.2358076532459941E+03
   7.7917000000000000E+09  -9.5374388344229985E+04   9.8474728324788900E-09   2.9334542389649176E-23   2.2148886050049750E+03
   7.7992000000000000E+09  -9.7271889074664155E+04   9.6613006710043247E-09   2.9054354720373148E-23   2.1939705952923009E+03
   7.8067000000000000E+09  -9.9228778246117101E+04   9.4797604507428794E-09   2.8782658369866192E-23   2.1730660293138494E+03
   7.8142000000000000E+09  -1.0124898302411965E+05   9.3027107332662920E-09   2.8519116977083779E-23   2.1521866254131614E+03
   7.8217000000000000E+09  -1.0333668188010759E+05   9.1300155079492120E-09   2.8263411793108212E-23   2.1313434468912237E+03
   7.8292000000000000E+09  -1.0549632218970622E+05   8.9615439117750199E-09   2.8015240500979411E-23   2.1105469315924665E+03
   7.8367000000000000E+09  -1.0773263316369905E+05   8.7971699636794941E-09   2.7774316122591336E-23   2.0898069194753425E+03
   7.8442000000000000E+09  -1.1005063373250994E+05   8.6367723107296476E-09   2.7540365999688734E-23   2.0691326782497258E+03
   7.8517000000000000E+09  -1.1245563472893432E+05   8.4802339835104893E-09   2.7313130837189169E-23   2.0485329270925431E+03
   7.8592000000000000E+09  -1.1495323440382192E+05   8.3274421586122970E-09   2.7092363798880428E-23   2.0280158584376093E+03
   7.8667000000000000E+09  -1.1754930602153778E+05   8.1782879268194004E-09   2.6877829647510635E-23   2.0075891578607748E+03
   7.8742000000000000E+09  -1.2024997605736477E+05   8.0326660663815379E-09   2.6669303923182332E-23   1.9872600221394721E+03
   7.8817000000000000E+09  -1.2306159138194611E+05   7.8904748215212483E-09   2.6466572155782383E-23   1.9670351756392079E+03
   7.8892000000000000E+09  -1.2599067379738778E+05   7.7516156871683066E-09   2.6269429109091314E-23   1.9469208852749318E+03
   7.8967000000000000E+09  -1.2904386042226842E+05   7.6159932018695254E-09   2.6077678056484171E-23   1.9269229744087916E+03
   7.9042000000000000E+09  -1.3222782875962631E+05   7.4835147519486483E-09   2.5891130090966948E-23   1.9070468361782368E+03
   7.9117000000000000E+09  -1.3554920587906239E+05   7.3540903912724611E-09   2.5709603475730900E-23   1.8872974468978889E+03
   7.9192000000000000E+09  -1.3901446205325320E+05   7.2276326823192938E-09   2.5532923045346696E-23   1.8676793803323440E+03
   7.9267000000000000E+09  -1.4262979044837566E+05   7.1040565654498893E-09   2.5360919671721401E-23   1.8481968237793096E+03
   7.9342000000000000E+09  -1.4640097606499746E+05   6.9832792640714474E-09   2.5193429812430772E-23   1.8288535970003031E+03
   7.9417000000000000E+09  -1.5033325900438501E+05   6.8652202334719301E-09   2.5030295161191804E-23   1.8096531750641252E+03
   7.9492000000000000E+09  -1.5443119916059441E+05   6.7498011601720877E-09   2.4871362420263270E-23   1.7905987160852783E+03
   7.9567000000000000E+09  -1.5869855141149648E+05   6.6369460165111449E-09   2.4716483211697076E-23   1.7716930946266825E+03
   7.9642000000000000E+09  -1.6313816203976804E+05   6.5265811717553092E-09   2.4565514138155825E-23   1.7529389411722091E+03
   7.9717000000000000E+09  -1.6775189815969308E+05   6.4186355564300983E-09   2.4418316994388292E-23   1.7343386875693329E+03
   7.9792000000000000E+09  -1.7254062205753353E+05   6.3130408711431143E-09   2.4274759117863371E-23   1.7158946177199557E+03
   7.9867000000000000E+09  -1.7750422131812631E+05   6.2097318254234081E-09   2.4134713852544224E-23   1.6976089221096670E+03
   7.9942000000000000E+09  -1.8264170325120731E+05   6.1086463867411981E-09   2.3998061084831970E-23   1.6794837540851581E+03
   8.0017000000000000E+09  -1.8795135842725713E+05   6.0097260156259671E-09   2.3864687797207667E-23   1.6615212851943038E+03
   8.0092000000000000E+09  -1.9343099323077867E+05   5.9129158603953982E-09   2.3734488574998378E-23   1.6437237564833831E+03
   8.0167000000000000E+09  -1.9907822556108431E+05   5.8181648849934043E-09   2.3607365996786194E-23   1.6260935224725672E+03
   8.0242000000000000E+09  -2.0489083163352884E+05   5.7254259060840061E-09   2.3483230840502500E-23   1.6086330846523040E+03
   8.0317000000000000E+09  -2.1086712583799061E+05   5.6346555208457917E-09   2.3362002045758365E-23   1.5913451117827856E+03
   8.0392000000000000E+09  -2.1700635042240709E+05   5.5458139144510024E-09   2.3243606388084562E-23   1.5742324450119988E+03
   8.0467000000000000E+09  -2.2330904796716172E+05   5.4588645453304464E-09   2.3127977841337983E-23   1.5572980868017598E+03
   8.0542000000000000E+09  -2.2977738768712702E+05   5.3737737161465470E-09   2.3015056628716053E-23   1.5405451737829674E+03
   8.0617000000000000E+09  -2.3641541684709542E+05   5.2905100479827184E-09   2.2904787988408014E-23   1.5239769348495636E+03
   8.0692000000000000E+09  -2.4322921113341942E+05   5.2090438837379398E-09   2.2797120704680532E-23   1.5075966369396699E+03
   8.0767000000000000E+09  -2.5022690262425304E+05   5.1293466534238846E-09   2.2692005477206366E-23   1.4914075219526489E+03
   8.0842000000000000E+09  -2.5741857081390847E+05   5.0513902385052694E-09   2.2589393219169520E-23   1.4754127390272231E+03
   8.0917000000000000E+09  -2.6481599059729662E+05   4.9751463743628251E-09   2.2489233386915653E-23   1.4596152769116363E+03
   8.0992000000000000E+09  -2.7243224070248043E+05   4.9005861292444767E-09   2.2391472449827958E-23   1.4440179013400543E+03
   8.1067000000000000E+09  -2.8028118620830908E+05   4.8276794949405496E-09   2.2296052609109917E-23   1.4286231021670390E+03
   8.1142000000000000E+09  -2.8837685915762617E+05   4.7563951193117365E-09   2.2202910869483796E-23   1.4134330544961729E+03
   8.1217000000000000E+09  -2.9673277155276883E+05   4.6867002030645292E-09   2.2111978553863436E-23   1.3984495972211848E+03
   8.1292000000000000E+09  -3.0536120318214881E+05   4.6185605698924410E-09   2.2023181311785472E-23   1.3836742313436919E+03
   8.1367000000000000E+09  -3.1427250792415312E+05   4.5519409005495533E-09   2.1936439609851558E-23   1.3691081389263702E+03
   8.1442000000000000E+09  -3.2347447654339520E+05   4.4868051100394123E-09   2.1851669682000051E-23   1.3547522205238290E+03
   8.1517000000000000E+09  -3.3297180061080505E+05   4.4231168490513936E-09   2.1768785019566329E-23   1.3406071428660739E+03
   8.1592000000000000E+09  -3.4276571659204277E+05   4.3608400819916871E-09   2.1687698437770896E-23   1.3266733824554149E+03
   8.1667000000000000E+09  -3.5285390505737136E+05   4.2999396064490982E-09   2.1608324135386258E-23   1.3129512612788606E+03
   8.1742000000000000E+09  -3.6323055170655285E+05   4.2403814292166581E-09   2.1530578598009284E-23   1.2994410172491187E+03
   8.1817000000000000E+09  -3.7388626790711749E+05   4.1821332997605214E-09   2.1454380564179293E-23   1.2861429841109630E+03
   8.1892000000000000E+09  -3.8480785638911196E+05   4.1251656320510687E-09   2.1379652776119229E-23   1.2730577883613526E+03
   8.1967000000000000E+09  -3.9597873216145625E+05   4.0694512346893226E-09   2.1306326035859351E-23   1.2601860507737258E+03
   8.2042000000000000E+09  -4.0738045392586797E+05   4.0149617027613209E-09   2.1234339105260184E-23   1.2475273023960849E+03
   8.2117000000000000E+09  -4.1899344824322860E+05   3.9616661802092618E-09   2.1163631335210876E-23   1.2350800406401154E+03
   8.2192000000000000E+09  -4.3079539628690429E+05   3.9095376755799448E-09   2.1094139150911105E-23   1.2228438996551665E+03
   8.2267000000000000E+09  -4.4275986472460668E+05   3.8585522540429151E-09   2.1025802227073095E-23   1.2108190582391831E+03
   8.2342000000000000E+09  -4.5485736446833267E+05   3.8086800891355445E-09   2.0958563218796627E-23   1.1990034627691073E+03
   8.2417000000000000E+09  -4.6705753693116573E+05   3.7598840776388601E-09   2.0892348999112461E-23   1.1873934350009383E+03
   8.2492000000000000E+09  -4.7932645308623381E+05   3.7121185237997247E-09   2.0827043180257742E-23   1.1759847448633791E+03
   8.2567000000000000E+09  -4.9162667007995595E+05   3.6653375680646594E-09   2.0762533707137895E-23   1.1647725027816923E+03
   8.2642000000000000E+09  -5.0391877146527974E+05   3.6195281764214189E-09   2.0698894003630192E-23   1.1537515924868546E+03
   8.2717000000000000E+09  -5.1616009704636689E+05   3.5746680474190892E-09   2.0636170585742908E-23   1.1429154709844997E+03
   8.2792000000000000E+09  -5.2830344372985500E+05   3.5306788657038540E-09   2.0574123431278588E-23   1.1322553701920549E+03
   8.2867000000000000E+09  -5.4030091204636090E+05   3.4875045477481129E-09   2.0512630974870773E-23   1.1217625504854298E+03
   8.2942000000000000E+09  -5.5210632551965408E+05   3.4451241184075536E-09   2.0451757275365377E-23   1.1114291267209587E+03
   8.3017000000000000E+09  -5.6367538937938667E+05   3.4035107978529466E-09   2.0391529702959236E-23   1.1012473240750471E+03
   8.3092000000000000E+09  -5.7496732872866059E+05   3.3626380781844804E-09   2.0331970930080261E-23   1.0912096418270360E+03
   8.3167000000000000E+09  -5.8594663621081912E+05   3.3224834205744097E-09   2.0273114164429806E-23   1.0813092371800121E+03
   8.3242000000000000E+09  -5.9658460005959868E+05   3.2830299095977514E-09   2.0215008129922223E-23   1.0715402370402289E+03
   8.3317000000000000E+09  -6.0686035745382786E+05   3.2442661284980984E-09   2.0157714457004564E-23   1.0618978857976736E+03
   8.3392000000000000E+09  -6.1676137032570038E+05   3.2061849667027731E-09   2.0101300893375277E-23   1.0523785547564580E+03
   8.3467000000000000E+09  -6.2628332933057577E+05   3.1687820988363489E-09   2.0045833827621830E-23   1.0429796586191519E+03
   8.3542000000000000E+09  -6.3542954506324558E+05   3.1320545308266627E-09   1.9991372023083149E-23   1.0336995082531473E+03
   8.3617000000000000E+09  -6.4420992016194528E+05   3.0959993383985755E-09   1.9937962076830966E-23   1.0245371183515265E+03
   8.3692000000000000E+09  -6.5263962041608861E+05   3.0606126424332262E-09   1.9885635561323032E-23   1.0154919924058649E+03
   8.3767000000000000E+09  -6.6073754797102849E+05   3.0258888768164541E-09   1.9834407737083329E-23   1.0065639147557442E+03
   8.3842000000000000E+09  -6.6852481369112001E+05   2.9918201725728517E-09   1.9784277891249438E-23   9.9775269377257780E+02
   8.3917000000000000E+09  -6.7602359124428267E+05   2.9583961245262328E-09   1.9735230806209461E-23   9.8905797457111623E+02
   8.3992000000000000E+09  -6.8325534956806130E+05   2.9256043112821216E-09   1.9687238957597369E-23   9.8047927037398290E+02
   8.4067000000000000E+09  -6.9024020514522668E+05   2.8934302092991571E-09   1.9640265742533346E-23   9.7201574688837729E+02
   8.4142000000000000E+09  -6.9699634405031765E+05   2.8618574262477733E-09   1.9594268727764289E-23   9.6366611960022783E+02
   8.4217000000000000E+09  -7.0353942066996370E+05   2.8308684750363758E-09   1.9549202533684062E-23   9.5542875916890944E+02
   8.4292000000000000E+09  -7.0988246356151730E+05   2.8004452080735300E-09   1.9505021591365062E-23   9.4730169747606146E+02
   8.4367000000000000E+09  -7.1603594284765830E+05   2.7705692833990832E-09   1.9461682310244593E-23   9.3928268023224655E+02
   8.4442000000000000E+09  -7.2200800109393743E+05   2.7412225817524145E-09   1.9419144660776420E-23   9.3136923711156203E+02
   8.4517000000000000E+09  -7.2780479399038025E+05   2.7123875484229947E-09   1.9377373154448820E-23   9.2355875964784605E+02
   8.4592000000000000E+09  -7.3343088947533793E+05   2.6840474487743682E-09   1.9336337274038929E-23   9.1584857879117021E+02
   8.4667000000000000E+09  -7.3888968076164939E+05   2.6561865385059141E-09   1.9296011440853079E-23   9.0823603672170225E+02
   8.4742000000000000E+09  -7.4418377776643529E+05   2.6287901581359707E-09   1.9256374644928688E-23   9.0071854884211905E+02
   8.4817000000000000E+09  -7.4931535472939233E+05   2.6018447629558264E-09   1.9217409870558215E-23   8.9329365257970721E+02
   8.4892000000000000E+09  -7.5428644204346032E+05   2.5753378939983274E-09   1.9179103390721901E-23   8.8595904078948490E+02
   8.4967000000000000E+09  -7.5909915039606974E+05   2.5492580976307394E-09   1.9141443937849274E-23   8.7871258152515600E+02
   8.5042000000000000E+09  -7.6375581271044316E+05   2.5235948267709704E-09   1.9104421821861801E-23   8.7155233189186833E+02
   8.5117000000000000E+09  -7.6825904565293167E+05   2.4983383730222775E-09   1.9068028228197644E-23   8.6447655235145112E+02
   8.5192000000000000E+09  -7.7261176608372724E+05   2.4734798228993144E-09   1.9032254883721851E-23   8.5748371119875162E+02
   8.5267000000000000E+09  -7.7681720454027015E+05   2.4490109464976051E-09   1.8997093916758400E-23   8.5057245602938679E+02
   8.5342000000000000E+09  -7.8087891317817743E+05   2.4249239871365167E-09   1.8962537537324881E-23   8.4374155798771903E+02
   8.5417000000000000E+09  -7.8480072737692238E+05   2.4012115028323751E-09   1.8928577529554026E-23   8.3698988097874894E+02
   8.5492000000000000E+09  -7.8858667358626949E+05   2.3778663605266122E-09   1.8895204975984735E-23   8.3031639255492826E+02
   8.5567000000000000E+09  -7.9224087624839274E+05   2.3548817310523260E-09   1.8862410409420081E-23   8.2372015589741602E+02
   8.5642000000000000E+09  -7.9576750970744644E+05   2.3322509680974164E-09   1.8830184031087780E-23   8.1720027849201574E+02
   8.5717000000000000E+09  -7.9917077707637101E+05   2.3099674407448540E-09   1.8798515572366045E-23   8.1075585979471634E+02
   8.5792000000000000E+09  -8.0245486708589678E+05   2.2880244028448924E-09   1.8767393791074496E-23   8.0438596669722676E+02
   8.5867000000000000E+09  -8.0562386532647384E+05   2.2664149347232857E-09   1.8736805876910679E-23   7.9808963710043429E+02
   8.5942000000000000E+09  -8.0868162617551372E+05   2.2451320066601046E-09   1.8706737129849589E-23   7.9186591379069625E+02
   8.6017000000000000E+09  -8.1163162441942608E+05   2.2241687755367908E-09   1.8677171477907158E-23   7.8571392515292348E+02
   8.6092000000000000E+09  -8.1447682876578614E+05   2.2035191990050680E-09   1.8648093476895495E-23   7.7963301812922577E+02
   8.6167000000000000E+09  -8.1721967824675539E+05   2.1831788134075021E-09   1.8619491712533085E-23   7.7362289606517845E+02
   8.6242000000000000E+09  -8.1986224924320658E+05   2.1631451547020726E-09   1.8591361977832862E-23   7.6768364678077671E+02
   8.6317000000000000E+09  -8.2240662472581596E+05   2.1434171528813314E-09   1.8563707440572004E-23   7.6181553522669719E+02
   8.6392000000000000E+09  -8.2485533250848367E+05   2.1239932745452211E-09   1.8536533904258644E-23   7.5601854859876505E+02
   8.6467000000000000E+09  -8.2721160419778002E+05   2.1048691676386093E-09   1.8509841525026592E-23   7.5029189443126722E+02
   8.6542000000000000E+09  -8.2947924088527926E+05   2.0860363585275324E-09   1.8483617849015242E-23   7.4463380161655061E+02
   8.6617000000000000E+09  -8.3166208111366408E+05   2.0674832573427245E-09   1.8457837429721467E-23   7.3904186937457189E+02
   8.6692000000000000E+09  -8.3376332029164874E+05   2.0491982127534254E-09   1.8432469245785020E-23   7.3351384261439568E+02
   8.6767000000000000E+09  -8.3578503673028992E+05   2.0311727471086631E-09   1.8407487613190166E-23   7.2804833410003027E+02
   8.6842000000000000E+09  -8.3772819404626556E+05   2.0134029491806894E-09   1.8382880436064578E-23   7.2264501519253020E+02
   8.6917000000000000E+09  -8.3959327559536532E+05   1.9958885962917541E-09   1.8358651819850534E-23   7.1730422617012505E+02
   8.6992000000000000E+09  -8.4138158404489479E+05   1.9786311294377369E-09   1.8334818245434375E-23   7.1202642428513730E+02
   8.7067000000000000E+09  -8.4309658151371987E+05   1.9616309795432009E-09   1.8311393452921376E-23   7.0681182197152168E+02
   8.7142000000000000E+09  -8.4474310197622003E+05   1.9448831518497291E-09   1.8288359204462225E-23   7.0165990944044643E+02
   8.7217000000000000E+09  -8.4632174412736832E+05   1.9283727136136877E-09   1.8265649828351501E-23   6.9656836467061191E+02
   8.7292000000000000E+09  -8.4782074607048871E+05   1.9120805480140354E-09   1.8243212544121842E-23   6.9153277204332335E+02
   8.7367000000000000E+09  -8.4922739686830353E+05   1.8960090913942806E-09   1.8221129590718268E-23   6.8655134760914507E+02
   8.7442000000000000E+09  -8.5056656027498073E+05   1.8801921272834360E-09   1.8199563273863813E-23   6.8163074829322261E+02
   8.7517000000000000E+09  -8.5187111536307901E+05   1.8646455096467006E-09   1.8178498717503376E-23   6.7677791805551237E+02
   8.7592000000000000E+09  -8.5314099830493366E+05   1.8493595313819517E-09   1.8157843885175805E-23   6.7199337386208276E+02
   8.7667000000000000E+09  -8.5437480503174802E+05   1.8343248025175197E-09   1.8137547768399831E-23   6.6727613403033752E+02
   8.7742000000000000E+09  -8.5557553009976028E+05   1.8195212147652295E-09   1.8117514054466902E-23   6.6262290453730839E+02
   8.7817000000000000E+09  -8.5673473988672637E+05   1.8049180872906061E-09   1.8097641436013972E-23   6.5802659847720327E+02
   8.7892000000000000E+09  -8.5783696973425522E+05   1.7904890171681446E-09   1.8077888298593766E-23   6.5347939443465259E+02
   8.7967000000000000E+09  -8.5886781035210541E+05   1.7762228738903217E-09   1.8058294279820395E-23   6.4897605260701755E+02
   8.8042000000000000E+09  -8.5982018770465022E+05   1.7621244826172448E-09   1.8038947620443306E-23   6.4451544721293828E+02
   8.8117000000000000E+09  -8.6069566365350643E+05   1.7482053589179925E-09   1.8019927295426210E-23   6.4009931067182083E+02
   8.8192000000000000E+09  -8.6150108448001416E+05   1.7344732485375698E-09   1.8001263318961366E-23   6.3572980316259589E+02
   8.8267000000000000E+09  -8.6224378571720677E+05   1.7209281259160953E-09   1.7982937785336173E-23   6.3140794894324176E+02
   8.8342000000000000E+09  -8.6292861455496016E+05   1.7075647706083136E-09   1.7964913451802904E-23   6.2713352089860166E+02
   8.8417000000000000E+09  -8.6355772474579560E+05   1.6943772350368272E-09   1.7947161038952845E-23   6.2290570683519775E+02
   8.8492000000000000E+09  -8.6413195813821652E+05   1.6813614056395116E-09   1.7929668648964388E-23   6.1872373439734702E+02
   8.8567000000000000E+09  -8.6465220680910582E+05   1.6685150955317135E-09   1.7912436218204603E-23   6.1458711666884710E+02
   8.8642000000000000E+09  -8.6511998146478902E+05   1.6558370014866924E-09   1.7895466173236326E-23   6.1049560167929280E+02
   8.8717000000000000E+09  -8.6553729434650484E+05   1.6433257668735176E-09   1.7878757810300591E-23   6.0644902122771919E+02
   8.8792000000000000E+09  -8.6590628715538757E+05   1.6309795599129891E-09   1.7862306372993416E-23   6.0244716306172540E+02
   8.8867000000000000E+09  -8.6622891827531927E+05   1.6187960323556279E-09   1.7846104528098503E-23   5.9848970145620103E+02
   8.8942000000000000E+09  -8.6650680815257155E+05   1.6067724283527044E-09   1.7830144093889463E-23   5.9457617668193575E+02
   8.9017000000000000E+09  -8.6674121398928610E+05   1.5949057114219536E-09   1.7814417148762158E-23   5.9070600398344629E+02
   8.9092000000000000E+09  -8.6693307444760622E+05   1.5831926678096657E-09   1.7798916510395135E-23   5.8687849609293539E+02
   8.9167000000000000E+09  -8.6708307876652828E+05   1.5716299819435872E-09   1.7783635825958433E-23   5.8309288887997002E+02
   8.9242000000000000E+09  -8.6719173460291745E+05   1.5602142878288651E-09   1.7768569475864418E-23   5.7934836437956028E+02
   8.9317000000000000E+09  -8.6725942344435980E+05   1.5489422023516487E-09   1.7753712415333757E-23   5.7564406908748083E+02
   8.9392000000000000E+09  -8.6728644128925959E+05   1.5378103476225462E-09   1.7739060023721339E-23   5.7197912780243701E+02
   8.9467000000000000E+09  -8.6727302698178159E+05   1.5268153687707492E-09   1.7724607993860495E-23   5.6835265435637848E+02
   8.9542000000000000E+09  -8.6721938228613185E+05   1.5159539512972847E-09   1.7710352266343109E-23   5.6476376065012732E+02
   8.9617000000000000E+09  -8.6712568734999152E+05   1.5052228393879078E-09   1.7696288996988218E-23   5.6121156494568254E+02
   8.9692000000000000E+09  -8.6699211376137345E+05   1.4946188545070507E-09   1.7682414540278359E-23   5.5769519974847060E+02
   8.9767000000000000E+09  -8.6681883589776512E+05   1.4841389126434764E-09   1.7668725434524839E-23   5.5421381913747746E+02
   8.9842000000000000E+09  -8.6660604027250852E+05   1.4737800386268229E-09   1.7655218381425887E-23   5.5076660518013125E+02
   8.9917000000000000E+09  -8.6635393225757405E+05   1.4635393765780738E-09   1.7641890219409324E-23   5.4735277308742729E+02
   8.9992000000000000E+09  -8.6606273975983064E+05   1.4534141963351889E-09   1.7628737894385762E-23   5.4397157492294866E+02
   9.0067000000000000E+09  -8.6573271387635544E+05   1.4434018963066015E-09   1.7615758432790597E-23   5.4062230187511011E+02
   9.0142000000000000E+09  -8.6536412700450304E+05   1.4335000035296728E-09   1.7602948920855494E-23   5.3730428526005517E+02
   9.0217000000000000E+09  -8.6495726918424352E+05   1.4237061717776365E-09   1.7590306492129322E-23   5.3401689651294441E+02
   9.0292000000000000E+09  -8.6451244356243615E+05   1.4140181784624001E-09   1.7577828323380348E-23   5.3075954645073932E+02
   9.0367000000000000E+09  -8.6402996182145458E+05   1.4044339209087170E-09   1.7565511637671958E-23   5.2753168406687416E+02
   9.0442000000000000E+09  -8.6351014026697632E+05   1.3949514123967588E-09   1.7553353712711705E-23   5.2433279507125417E+02
   9.0517000000000000E+09  -8.6295329707665765E+05   1.3855687782134615E-09   1.7541351892387266E-23   5.2116240033382076E+02
   9.0592000000000000E+09  -8.6235975100940384E+05   1.3762842518112359E-09   1.7529503599497013E-23   5.1802005433145212E+02
   9.0667000000000000E+09  -8.6172982168933086E+05   1.3670961710641441E-09   1.7517806347915632E-23   5.1490534364783753E+02
   9.0742000000000000E+09  -8.6106383136653795E+05   1.3580029744884740E-09   1.7506257752359054E-23   5.1181788552945886E+02
   9.0817000000000000E+09  -8.6036210707075463E+05   1.3490031970274878E-09   1.7494855531625996E-23   5.0875732646401218E+02
   9.0892000000000000E+09  -8.5962499427183031E+05   1.3400954685260957E-09   1.7483597544239976E-23   5.0572334083338495E+02
   9.0967000000000000E+09  -8.5885301140969119E+05   1.3312785234521643E-09   1.7472481994155563E-23   5.0271562891800397E+02
   9.1042000000000000E+09  -8.5804604735284415E+05   1.3225510497439058E-09   1.7461505538055463E-23   4.9973391437078362E+02
   9.1117000000000000E+09  -8.5720469920102088E+05   1.3139120888558209E-09   1.7450668566354999E-23   4.9677794419040754E+02
   9.1192000000000000E+09  -8.5632981556830381E+05   1.3053604673123989E-09   1.7439967844775732E-23   4.9384748466041384E+02
   9.1267000000000000E+09  -8.5542149613871926E+05   1.2968951535226326E-09   1.7429401482463787E-23   4.9094231445762250E+02
   9.1342000000000000E+09  -8.5448014006745513E+05   1.2885151995418947E-09   1.7418968148702540E-23   4.8806222496572911E+02
   9.1417000000000000E+09  -8.5350630965402618E+05   1.2802196351913358E-09   1.7408665885847496E-23   4.8520701418372846E+02
   9.1492000000000000E+09  -8.5250049781981006E+05   1.2720075023682666E-09   1.7398492820567636E-23   4.8237647943820059E+02
   9.1567000000000000E+09  -8.5146319689790765E+05   1.2638778206284558E-09   1.7388446987447620E-23   4.7957040931639045E+02
   9.1642000000000000E+09  -8.5039488446757663E+05   1.2558295637177613E-09   1.7378526285120278E-23   4.7678857590143730E+02
   9.1717000000000000E+09  -8.4929600516087352E+05   1.2478616418563500E-09   1.7368728442526634E-23   4.7403072885201658E+02
   9.1792000000000000E+09  -8.4816694972767215E+05   1.2399728836819559E-09   1.7359051009176212E-23   4.7129658865299859E+02
   9.1867000000000000E+09  -8.4700803360985115E+05   1.2321620105256183E-09   1.7349491357340751E-23   4.6858583660162378E+02
   9.1942000000000000E+09  -8.4581947566601902E+05   1.2244276105388769E-09   1.7340046680324966E-23   4.6589810481773634E+02
   9.2017000000000000E+09  -8.4460137673668354E+05   1.2167681204207239E-09   1.7330713990892719E-23   4.6323296911580280E+02
   9.2092000000000000E+09  -8.4335369872820494E+05   1.2091818137877810E-09   1.7321490136480365E-23   4.6058994394395268E+02
   9.2167000000000000E+09  -8.4207624626713037E+05   1.2016667942227479E-09   1.7312371837520751E-23   4.5796847849981549E+02
   9.2242000000000000E+09  -8.4076865306731605E+05   1.1942209934020325E-09   1.7303355741799997E-23   4.5536795439061029E+02
   9.2317000000000000E+09  -8.3943037443837535E+05   1.1868421764152106E-09   1.7294438488071346E-23   4.5278768584211718E+02
   9.2392000000000000E+09  -8.3806068699664134E+05   1.1795279561609799E-09   1.7285616778973956E-23   4.5022692319173296E+02
   9.2467000000000000E+09  -8.3665869674525422E+05   1.1722758177586261E-09   1.7276887465042675E-23   4.4768485999710208E+02
   9.2542000000000000E+09  -8.3522335673043225E+05   1.1650831533083678E-09   1.7268247638475808E-23   4.4516064394363531E+02
   9.2617000000000000E+09  -8.3375349521929666E+05   1.1579473070897591E-09   1.7259694732818574E-23   4.4265339170386147E+02
   9.2692000000000000E+09  -8.3224785492178483E+05   1.1508656310221421E-09   1.7251226624279531E-23   4.4016220780709256E+02
   9.2767000000000000E+09  -8.3070514332563337E+05   1.1438355497786873E-09   1.7242841730448673E-23   4.3768620740613738E+02
   9.2842000000000000E+09  -8.2912409373691108E+05   1.1368546344116623E-09   1.7234539101805769E-23   4.3522454262758214E+02
   9.2917000000000000E+09  -8.2750353609616961E+05   1.1299206828028731E-09   1.7226318501068003E-23   4.3277643198592830E+02
   9.2992000000000000E+09  -8.2584247609026218E+05   1.1230318047550611E-09   1.7218180465705332E-23   4.3034119213638587E+02
   9.3067000000000000E+09  -8.2414018052242580E+05   1.1161865090857518E-09   1.7210126349688828E-23   4.2791827104057410E+02
   9.3142000000000000E+09  -8.2239626633256115E+05   1.1093837896494871E-09   1.7202158341044539E-23   4.2550728143179919E+02
   9.3217000000000000E+09  -8.2061079010314203E+05   1.1026232068599106E-09   1.7194279452231179E-23   4.2310803331144996E+02
   9.3292000000000000E+09  -8.1878433453069360E+05   1.0959049607227673E-09   1.7186493476951730E-23   4.2072056406813215E+02
   9.3367000000000000E+09  -8.1691808823632158E+05   1.0892299489305747E-09   1.7178804878569123E-23   4.1834516454636287E+02
   9.3442000000000000E+09  -8.1501391472316661E+05   1.0825997998450992E-09   1.7171218520400080E-23   4.1598239924609464E+02
   9.3517000000000000E+09  -8.1307440541950683E+05   1.0760168798012981E-09   1.7163739237733772E-23   4.1363312026576841E+02
   9.3592000000000000E+09  -8.1110291476747871E+05   1.0694843179850082E-09   1.7156371822017716E-23   4.1129847777686700E+02
   9.3667000000000000E+09  -8.0910358116745611E+05   1.0630061355026606E-09   1.7149122841538066E-23   4.0897992677011740E+02
   9.3742000000000000E+09  -8.0708132296210167E+05   1.0565874857058403E-09   1.7142005239144205E-23   4.0667921218737439E+02
   9.3817000000000000E+09  -8.0504175329372112E+05   1.0502336777265208E-09   1.7135025717145859E-23   4.0439829530312403E+02
   9.3892000000000000E+09  -8.0299106903656013E+05   1.0439488140571517E-09   1.7128166302639047E-23   4.0213925776404704E+02
   9.3967000000000000E+09  -8.0093605357254739E+05   1.0377389573082576E-09   1.7121429267359097E-23   3.9990445665738133E+02
   9.4042000000000000E+09  -7.9888392883803509E+05   1.0316121167305780E-09   1.7114839382100547E-23   3.9769648060211910E+02
   9.4117000000000000E+09  -7.9684205736428220E+05   1.0255743686509249E-09   1.7108395518569968E-23   3.9551778701234326E+02
   9.4192000000000000E+09  -7.9481776136523776E+05   1.0196308636992460E-09   1.7102085537096617E-23   3.9337073111745735E+02
   9.4267000000000000E+09  -7.9281812558005564E+05   1.0137869431898348E-09   1.7095904106428390E-23   3.9125758181031330E+02
   9.4342000000000000E+09  -7.9084971425249230E+05   1.0080473143605484E-09   1.7089845550627398E-23   3.8918037016227089E+02
   9.4417000000000000E+09  -7.8891828110499645E+05   1.0024155789049600E-09   1.7083901316674688E-23   3.8714076404802813E+02
   9.4492000000000000E+09  -7.8702848138583952E+05   9.9689394173240079E-10   1.7078059694942770E-23   3.8513995960683422E+02
   9.4567000000000000E+09  -7.8518358418561064E+05   9.9148297746347507E-10   1.7072306136906450E-23   3.8317858134831914E+02
   9.4642000000000000E+09  -7.8338520058563608E+05   9.8618150028567930E-10   1.7066624000666304E-23   3.8125661283895994E+02
   9.4717000000000000E+09  -7.8163305411548843E+05   9.8098650272888958E-10   1.7060995644795848E-23   3.7937334679979620E+02
   9.4792000000000000E+09  -7.7992480075244408E+05   9.7589288934909786E-10   1.7055403010797748E-23   3.7752726790027117E+02
   9.4867000000000000E+09  -7.7825588950671826E+05   9.7089328746876955E-10   1.7049826520297437E-23   3.7571600269270380E+02
   9.4942000000000000E+09  -7.7661949236621533E+05   9.6597799361355231E-10   1.7044240831636092E-23   3.7393639018563414E+02
   9.5017000000000000E+09  -7.7500656693207833E+05   9.6113457562761065E-10   1.7038608009569348E-23   3.7218447310760024E+02
   9.5092000000000000E+09  -7.7340606315463351E+05   9.5635054425020002E-10   1.7032923806305330E-23   3.7045551890698806E+02
   9.5167000000000000E+09  -7.7180503380058636E+05   9.5161348386333524E-10   1.7027215364118490E-23   3.6874413614982444E+02
   9.5242000000000000E+09  -7.7018872437667241E+05   9.4690597364904237E-10   1.7021444680502506E-23   3.6704440192149411E+02
   9.5317000000000000E+09  -7.6854108980746812E+05   9.4220909586334846E-10   1.7015562498587200E-23   3.6535003153484627E+02
   9.5392000000000000E+09  -7.6684537647713418E+05   9.3750649605541774E-10   1.7009576911425291E-23   3.6365448039662181E+02
   9.5467000000000000E+09  -7.6508444611855689E+05   9.3278185741445113E-10   1.7003501997604534E-23   3.6195108515487732E+02
   9.5542000000000000E+09  -7.6324113830439909E+05   9.2801838180462963E-10   1.6997338576618146E-23   3.6023327256706551E+02
   9.5617000000000000E+09  -7.6129873370864149E+05   9.2320008055246165E-10   1.6991088541054087E-23   3.5849475148831425E+02
   9.5692000000000000E+09  -7.5924138314624748E+05   9.1831230217115060E-10   1.6984758879253294E-23   3.5672963413765922E+02
   9.5767000000000000E+09  -7.5705445123043354E+05   9.1334195120257955E-10   1.6978360399938594E-23   3.5493255097237591E+02
   9.5842000000000000E+09  -7.5472477683846827E+05   9.0827763382750984E-10   1.6971906053917939E-23   3.5309874512016478E+02
   9.5917000000000000E+09  -7.5224085538040439E+05   9.0310975066593625E-10   1.6965409917485655E-23   3.5122413189308583E+02
   9.5992000000000000E+09  -7.4959293999101187E+05   8.9783051181600202E-10   1.6958886436035628E-23   3.4930532230802424E+02
   9.6067000000000000E+09  -7.4677305786990491E+05   8.9243388689223989E-10   1.6952349680912937E-23   3.4733962069517770E+02
   9.6142000000000000E+09  -7.4377494580391725E+05   8.8691552520882040E-10   1.6945812744214583E-23   3.4532500741922024E+02
   9.6217000000000000E+09  -7.4059392637950112E+05   8.8127264551014254E-10   1.6939287479879027E-23   3.4326010227056793E+02
   9.6292000000000000E+09  -7.3722676297428529E+05   8.7550385176015443E-10   1.6932784564978960E-23   3.4114409229879692E+02
   9.6367000000000000E+09  -7.3367152866821678E+05   8.6960889701242569E-10   1.6926313644340176E-23   3.3897663757367144E+02
   9.6442000000000000E+09  -7.2992750393483287E+05   8.6358855828293126E-10   1.6919883471070492E-23   3.3675782015466910E+02
   9.6517000000000000E+09  -7.2599510587461549E+05   8.5744471406624771E-10   1.6913502212364155E-23   3.3448816878152724E+02
   9.6592000000000000E+09  -7.2187585494009557E+05   8.5118040948304791E-10   1.6907177951869165E-23   3.3216867512467866E+02
   9.6667000000000000E+09  -7.1757237718400906E+05   8.4479979068876870E-10   1.6900919033004230E-23   3.2980076250601530E+02
   9.6742000000000000E+09  -7.1308840930957824E+05   8.3830799189313364E-10   1.6894733845912905E-23   3.2738624708077373E+02
   9.6817000000000000E+09  -7.0842874718493025E+05   8.3171098619542794E-10   1.6888630000301212E-23   3.2492729639762922E+02
   9.6892000000000000E+09  -7.0359907768794510E+05   8.2501533327886629E-10   1.6882613060073181E-23   3.2242635515105201E+02
   9.6967000000000000E+09  -6.9860565243789880E+05   8.1822776670210138E-10   1.6876685048291182E-23   3.1988601120238621E+02
   9.7042000000000000E+09  -6.9345480045314389E+05   8.1135464963913939E-10   1.6870843161186612E-23   3.1730880446213064E+02
   9.7117000000000000E+09  -6.8815235621359607E+05   8.0440144212488424E-10   1.6865079630740987E-23   3.1469701712008003E+02
   9.7192000000000000E+09  -6.8270319013040664E+05   7.9737241000440462E-10   1.6859383729582076E-23   3.1205251812081241E+02
   9.7267000000000000E+09  -6.7711107055521919E+05   7.9027075404366284E-10   1.6853745579001539E-23   3.0937674051268988E+02
   9.7342000000000000E+09  -6.7137890978804522E+05   7.8309903155773881E-10   1.6848158854655855E-23   3.0667079699897278E+02
   9.7417000000000000E+09  -6.6550902643775486E+05   7.7585927122085655E-10   1.6842617913972643E-23   3.0393557888218129E+02
   9.7492000000000000E+09  -6.5950268006384163E+05   7.6855197966503552E-10   1.6837107485698604E-23   3.0117155125920215E+02
   9.7567000000000000E+09  -6.5335831670875475E+05   7.6117383518825048E-10   1.6831590334105856E-23   2.9837805884149572E+02
   9.7642000000000000E+09  -6.4706896203677030E+05   7.5371523151976499E-10   1.6826004977989649E-23   2.9555238233755671E+02
   9.7717000000000000E+09  -6.4062048086291680E+05   7.4615996287077784E-10   1.6820283387814754E-23   2.9268928220836750E+02
   9.7792000000000000E+09  -6.3399280267033272E+05   7.3848883500495903E-10   1.6814385061414775E-23   2.8978181691234738E+02
   9.7867000000000000E+09  -6.2716487685326452E+05   7.3068654764778271E-10   1.6808328108998437E-23   2.8682353303626303E+02
   9.7942000000000000E+09  -6.2012167557986162E+05   7.2274848713333849E-10   1.6802194799150619E-23   2.8381109051540903E+02
   9.8017000000000000E+09  -6.1285984362184745E+05   7.1468353879998283E-10   1.6796104211695706E-23   2.8074588894705664E+02
   9.8092000000000000E+09  -6.0538910343758820E+05   7.0651143031301645E-10   1.6790167060422653E-23   2.7763381593399009E+02
   9.8167000000000000E+09  -5.9772897250817681E+05   6.9825652085592176E-10   1.6784448872068897E-23   2.7448341108935711E+02
   9.8242000000000000E+09  -5.8990288709479349E+05   6.8994162687728392E-10   1.6778959397017337E-23   2.7130357294466876E+02
   9.8317000000000000E+09  -5.8193271770807460E+05   6.8158452361239628E-10   1.6773667340950558E-23   2.6810189474879809E+02
   9.8392000000000000E+09  -5.7383567627648159E+05   6.7319754426439307E-10   1.6768525873760833E-23   2.6488406139396892E+02
   9.8467000000000000E+09  -5.6562387296813040E+05   6.6478907363561102E-10   1.6763493648233617E-23   2.6165409025671460E+02
   9.8542000000000000E+09  -5.5730554250784207E+05   6.5636543495373704E-10   1.6758544239461013E-23   2.5841493051771283E+02
   9.8617000000000000E+09  -5.4888670063364273E+05   6.4793224706931920E-10   1.6753665433128860E-23   2.5516902091472548E+02
   9.8692000000000000E+09  -5.4037240877345135E+05   6.3949502903496995E-10   1.6748853601523949E-23   2.5191862530048860E+02
   9.8767000000000000E+09  -5.3176738777767168E+05   6.3105924133966793E-10   1.6744107806736530E-23   2.4866594441940262E+02
   9.8842000000000000E+09  -5.2307609844366345E+05   6.2263005912515260E-10   1.6739425937154430E-23   2.4541308559048349E+02
   9.8917000000000000E+09  -5.1430253819344949E+05   6.1421210991796486E-10   1.6734803188019705E-23   2.4216197993565450E+02
   9.8992000000000000E+09  -5.0544997303937568E+05   6.0580929851986388E-10   1.6730232194261955E-23   2.3891430849249952E+02
   9.9067000000000000E+09  -4.9652073260057718E+05   5.9742474879013178E-10   1.6725703922624924E-23   2.3567146380094053E+02
   9.9142000000000000E+09  -4.8751610902491095E+05   5.8906083762773725E-10   1.6721208645081196E-23   2.3243454774979949E+02
   9.9217000000000000E+09  -4.7843634573451045E+05   5.8071927836816159E-10   1.6716736646884421E-23   2.2920439372286992E+02
   9.9292000000000000E+09  -4.6928068086281960E+05   5.7240121611779299E-10   1.6712278598403427E-23   2.2598159888249111E+02
   9.9367000000000000E+09  -4.6004741250437417E+05   5.6410731201591912E-10   1.6707825674647210E-23   2.2276655593923701E+02
   9.9442000000000000E+09  -4.5073396533729159E+05   5.5583780724586263E-10   1.6703369548120482E-23   2.1955947878168044E+02
   9.9517000000000000E+09  -4.4133695096442243E+05   5.4759256686905856E-10   1.6698902352509423E-23   2.1636042054532584E+02
   9.9592000000000000E+09  -4.3185222262016736E+05   5.3937110851718203E-10   1.6694416662168969E-23   2.1316928548010043E+02
   9.9667000000000000E+09  -4.2227492791761231E+05   5.3117262366940590E-10   1.6689905485878313E-23   2.0998583769771616E+02
   9.9742000000000000E+09  -4.1259956240847067E+05   5.2299600153842599E-10   1.6685362245828831E-23   2.0680971113380235E+02
   9.9817000000000000E+09  -4.0282002378593467E+05   5.1483986824024469E-10   1.6680780705312365E-23   2.0364042616548409E+02
   9.9892000000000000E+09  -3.9292966315548425E+05   5.0670265643533668E-10   1.6676154816696974E-23   2.0047741917891554E+02
   9.9967000000000000E+09  -3.8292132697994681E+05   4.9858272158041000E-10   1.6671478480005171E-23   1.9732009150872236E+02
   1.0004200000000000E+10  -3.7278738175978005E+05   4.9047851850167592E-10   1.6666745228686188E-23   1.9416788290603549E+02
   1.0011700000000000E+10  -3.6251971384583315E+05   4.8238884449456354E-10   1.6661947892135437E-23   1.9102037138166065E+02
   1.0019200000000000E+10  -3.5210969969698385E+05   4.7431314135324889E-10   1.6657078323596033E-23   1.8787739544648608E+02
   1.0026700000000000E+10  -3.4154814804549568E+05   4.6625182816015697E-10   1.6652127321908681E-23   1.8473918630731308E+02
   1.0034200000000000E+10  -3.3082522485693527E+05   4.5820661004175738E-10   1.6647084900425352E-23   1.8160648692260310E+02
   1.0041700000000000E+10  -3.1993038324066141E+05   4.5018067833454310E-10   1.6641941038574319E-23   1.7848062339258348E+02
   1.0049200000000000E+10  -3.0885233000990469E+05   4.4217869132243792E-10   1.6636686959509906E-23   1.7536348482010936E+02
   1.0056700000000000E+10  -2.9757906295117445E+05   4.3420641329863889E-10   1.6631316794373343E-23   1.7225736508418697E+02
   1.0064200000000000E+10  -2.8609800202818395E+05   4.2626990821995936E-10   1.6625829237915171E-23   1.6916462955247462E+02
   1.0071700000000000E+10  -2.7439620913654868E+05   4.1837424639521357E-10   1.6620228527322078E-23   1.6608719643028485E+02
   1.0079200000000000E+10  -2.6246064256727113E+05   4.1052179262865333E-10   1.6614523852723499E-23   1.6302586724856846E+02
   1.0086700000000000E+10  -2.5027832358123228E+05   4.0271028897756475E-10   1.6608726164157202E-23   1.5997959865478074E+02
   1.0094200000000000E+10  -2.3783620237883923E+05   3.9493109392920722E-10   1.6602841243539910E-23   1.5694486644998986E+02
   1.0101700000000000E+10  -2.2512039747793187E+05   3.8716805345481130E-10   1.6596857813860314E-23   1.5391531774337506E+02
   1.0109200000000000E+10  -2.1211434840522910E+05   3.7939752447809560E-10   1.6590729430650718E-23   1.5088192400966020E+02
   1.0116700000000000E+10  -1.9879528446922186E+05   3.7159001999498371E-10   1.6584349259355499E-23   1.4783382269370051E+02
   1.0124200000000000E+10  -1.8512831687526195E+05   3.6371375231216268E-10   1.6577518104935875E-23   1.4475994581155757E+02
   1.0131700000000000E+10  -1.7105748116965129E+05   3.5573993032957301E-10   1.6569908573522540E-23   1.4165134518171033E+02
   1.0139200000000000E+10  -1.5649327715132825E+05   3.4764892673246192E-10   1.6561031550276828E-23   1.3850380574850072E+02
   1.0146700000000000E+10  -1.4129673191943383E+05   3.3943541599775825E-10   1.6550213611702596E-23   1.3531992459406993E+02
   1.0154200000000000E+10  -1.2526073314121587E+05   3.3110967069385304E-10   1.6536593453701080E-23   1.3210948828672963E+02
   1.0161700000000000E+10  -1.0809023214323372E+05   3.2269218247510683E-10   1.6519141788721297E-23   1.2888701176371700E+02
   1.0169200000000000E+10  -8.9383726679849162E+04   3.1420059103767906E-10   1.6496706562860246E-23   1.2566604146509268E+02
   1.0176700000000000E+10  -6.8619116893528451E+04   3.0563174591166044E-10   1.6468089129581564E-23   1.2245130945444322E+02
   1.0184200000000000E+10  -4.5147928053682146E+04   2.9694577946445883E-10   1.6432162138836074E-23   1.1923139279571414E+02
   1.0191700000000000E+10  -1.8203838006411999E+04   2.8806202992672930E-10   1.6388022937929035E-23   1.1597586343549557E+02
   1.0199200000000000E+10   1.3065972220442658E+04   2.7888905954673838E-10   1.6335128660403700E-23   1.1264633487310320E+02
   1.0206700000000000E+10   4.9538716273416780E+04   2.6945138578261559E-10   1.6273371812640791E-23   1.0924737381989927E+02
   1.0214200000000000E+10   9.2007134792941535E+04   2.6018239490250999E-10   1.6203272384369877E-23   1.0594568853909364E+02
   1.0221700000000000E+10   1.4103506791224351E+05   2.5229349085043163E-10   1.6127315688784645E-23   1.0321719510792246E+02
   1.0229200000000000E+10   1.9671469916667350E+05   2.4783183093027999E-10   1.6054491884896160E-23   1.0185177379270444E+02
   1.0236700000000000E+10   2.5823060970741868E+05   2.4742939301296342E-10   1.6008677689862568E-23   1.0197739040905751E+02
   1.0244200000000000E+10   3.2314239329400478E+05   2.5553928639723130E-10   1.6004914892716252E-23   1.0534462183663804E+02
   1.0251700000000000E+10   3.8693038000681298E+05   2.9130245328462629E-10   1.6084933502788699E-23   1.1949037171553421E+02
   1.0259200000000000E+10   4.4315212383277970E+05   4.0948923544691995E-10   1.6379903506442919E-23   1.6494500467600582E+02
   1.0266700000000000E+10   4.8121544131487136E+05   6.7621180494368416E-10   1.6900324061772203E-23   2.6399503782051465E+02
   1.0274200000000000E+10   4.8097589944762294E+05   1.0164964829387951E-09   1.7295092889599124E-23   3.8778501561969858E+02
   1.0281700000000000E+10   4.3971369293689227E+05   1.2803285843336637E-09   1.7385743531154327E-23   4.8588827075463837E+02
   1.0289200000000000E+10   3.8915005227954919E+05   1.3948413743890793E-09   1.7161038496421991E-23   5.3627765777860668E+02
   1.0296700000000000E+10   3.6327549475230224E+05   1.4013383496081626E-09   1.6779558443913765E-23   5.5102452024481568E+02
   1.0304200000000000E+10   3.5547929150092159E+05   1.3886613881045212E-09   1.6585407710782377E-23   5.5243164089429706E+02
   1.0311700000000000E+10   3.5076172278339643E+05   1.3787892144442408E-09   1.6535738249258810E-23   5.5015187458644743E+02
   1.0319200000000000E+10   3.4768816802457342E+05   1.3682031810671287E-09   1.6508056233145802E-23   5.4684338040663795E+02
   1.0326700000000000E+10   3.4726260632938298E+05   1.3574448845720138E-09   1.6478961771256367E-23   5.4350138730563663E+02
   1.0334200000000000E+10   3.4943745688952907E+05   1.3479007950373906E-09   1.6460713827357876E-23   5.4027833905818761E+02
   1.0341700000000000E+10   3.5257398336421646E+05   1.3399480817233661E-09   1.6454737354560910E-23   5.3728572821781745E+02
   1.0349200000000000E+10   3.5592931589246326E+05   1.3334210396774397E-09   1.6454517965928010E-23   5.3467567534261354E+02
   1.0356700000000000E+10   3.5917899641637265E+05   1.3283235528125554E-09   1.6458181971420391E-23   5.3251310616813464E+02
   1.0364200000000000E+10   3.6193277080250962E+05   1.3242054180703059E-09   1.6464117422696641E-23   5.3067080351019263E+02
   1.0371700000000000E+10   3.6405314471342781E+05   1.3203617839054822E-09   1.6468940523729423E-23   5.2897552008378864E+02
   1.0379200000000000E+10   3.6580373781616148E+05   1.3163088582443113E-09   1.6471109523282378E-23   5.2728235538355079E+02
   1.0386700000000000E+10   3.6777530145319941E+05   1.3109964147548019E-09   1.6469460368643312E-23   5.2520689564110216E+02
   1.0394200000000000E+10   3.7075189170633006E+05   1.3019831789293658E-09   1.6463555705804092E-23   5.2178310690525450E+02
   1.0401700000000000E+10   3.7439684335167002E+05   1.2876820868869255E-09   1.6485220549474869E-23   5.1537362054842299E+02
   1.0409200000000000E+10   3.7189399030209257E+05   1.2684009316727874E-09   1.6630072953821569E-23   5.0323488855066324E+02
   1.0416700000000000E+10   3.4390793620845670E+05   1.2305079500225641E-09   1.6979544566934962E-23   4.7815293457199778E+02
   1.0424200000000000E+10   2.5978432675939161E+05   1.1418737662299829E-09   1.7518824743522609E-23   4.3005289537349660E+02
   1.0431700000000000E+10   9.8741866628794975E+04   9.7831455556310365E-10   1.8048902852347562E-23   3.5763227588809582E+02
   1.0439200000000000E+10  -1.1086389761811697E+05   7.4103425238826552E-10   1.8267039505878576E-23   2.6765729738797290E+02
   1.0446700000000000E+10  -3.0347787311887951E+05   4.7726170248638662E-10   1.8001098551394526E-23   1.7493083114576714E+02
   1.0454200000000000E+10  -4.2537657716920780E+05   2.9670423954692566E-10   1.7306898322211800E-23   1.1311313341245955E+02
   1.0461700000000000E+10  -4.7303371276994032E+05   2.3547915589576728E-10   1.6751009119569268E-23   9.2751268258973226E+01
   1.0469200000000000E+10  -4.8517533384431206E+05   2.1899914821269563E-10   1.6556667970120995E-23   8.7272577330130716E+01
   1.0476700000000000E+10  -4.8787813601331698E+05   2.1315290185046745E-10   1.6512075380448127E-23   8.5172205365895593E+01
   1.0484200000000000E+10  -4.8825704294658528E+05   2.1008766011469990E-10   1.6497956970811543E-23   8.4019226520717012E+01
   1.0491700000000000E+10  -4.8768459598370316E+05   2.0784901217673219E-10   1.6485311465958884E-23   8.3187697750777801E+01
   1.0499200000000000E+10  -4.8560735274838662E+05   2.0612288385079602E-10   1.6471115670976162E-23   8.2567947201247009E+01
   1.0506700000000000E+10  -4.8230417502946011E+05   2.0508807940431600E-10   1.6465136046685378E-23   8.2183264520265510E+01
   1.0514200000000000E+10  -4.7875097904131090E+05   2.0442539438576284E-10   1.6465352103983554E-23   8.1916637380714135E+01
   1.0521700000000000E+10  -4.7549411441641382E+05   2.0371874352966166E-10   1.6468753150520544E-23   8.1616612388621462E+01
   1.0529200000000000E+10  -4.7271244945184101E+05   2.0275514332026453E-10   1.6473508314635456E-23   8.1207114239585110E+01
   1.0536700000000000E+10  -4.7034537998916331E+05   2.0151085377400547E-10   1.6476653342161487E-23   8.0693348349083038E+01
   1.0544200000000000E+10  -4.6822715325851622E+05   2.0007643734490524E-10   1.6477725943276401E-23   8.0113732977534440E+01
   1.0551700000000000E+10  -4.6619069561144285E+05   1.9856669288856054E-10   1.6477570578940836E-23   7.9509957381859252E+01
   1.0559200000000000E+10  -4.6412165931251150E+05   1.9706420493649014E-10   1.6476606195089027E-23   7.8912950567155320E+01
   1.0566700000000000E+10  -4.6196794468194916E+05   1.9561163189252925E-10   1.6475257629254901E-23   7.8337689770534936E+01
   1.0574200000000000E+10  -4.5972388101032871E+05   1.9422085083531199E-10   1.6474029302657878E-23   7.7786515267155920E+01
   1.0581700000000000E+10  -4.5740784611371858E+05   1.9288382069063573E-10   1.6473067257155793E-23   7.7255538894784493E+01
   1.0589200000000000E+10  -4.5504432818683266E+05   1.9158568108515960E-10   1.6472355033682024E-23   7.6738914355279093E+01
   1.0596700000000000E+10  -4.5265376501783368E+05   1.9031272008689864E-10   1.6471817280149368E-23   7.6231523322622522E+01
   1.0604200000000000E+10  -4.5024904899264756E+05   1.8905552201678766E-10   1.6471372215243539E-23   7.5729987201280395E+01
   1.0611700000000000E+10  -4.4783602068174985E+05   1.8780916749677874E-10   1.6470956316973418E-23   7.5232634473566080E+01
   1.0619200000000000E+10  -4.4541554287579964E+05   1.8657213314984722E-10   1.6470530396705206E-23   7.4739035675512625E+01
   1.0626700000000000E+10  -4.4298569412719790E+05   1.8534494077640050E-10   1.6470076057732317E-23   7.4249482165527297E+01
   1.0634200000000000E+10  -4.4054347687874292E+05   1.8412903835920423E-10   1.6469589363427536E-23   7.3764569457025459E+01
   1.0641700000000000E+10  -4.3808593467604410E+05   1.8292603482692698E-10   1.6469074986235529E-23   7.3284918890968896E+01
   1.0649200000000000E+10  -4.3561076902487420E+05   1.8173725310224435E-10   1.6468541719495454E-23   7.2811019679464621E+01
   1.0656700000000000E+10  -4.3311658389314607E+05   1.8056352605103994E-10   1.6467999291777523E-23   7.2343161703476596E+01
   1.0664200000000000E+10  -4.3060287331070786E+05   1.7940516330291647E-10   1.6467456274431059E-23   7.1881431422994837E+01
   1.0671700000000000E+10  -4.2806985113579506E+05   1.7826202720862229E-10   1.6466918931383870E-23   7.1425747071781316E+01
   1.0679200000000000E+10  -4.2551820833268779E+05   1.7713366491892291E-10   1.6466390870490475E-23   7.0975912709022779E+01
   1.0686700000000000E+10  -4.2294886672264885E+05   1.7601945295291651E-10   1.6465873303884962E-23   7.0531674634885775E+01
   1.0694200000000000E+10  -4.2036277667857072E+05   1.7491872280496151E-10   1.6465365675562131E-23   7.0092768712316698E+01
   1.0701700000000000E+10  -4.1776078239181370E+05   1.7383085013337212E-10   1.6464866413024013E-23   6.9658952690651532E+01
   1.0709200000000000E+10  -4.1514355704240175E+05   1.7275530316955987E-10   1.6464373609712197E-23   6.9230022609771325E+01
   1.0716700000000000E+10  -4.1251159528771107E+05   1.7169165572845421E-10   1.6463885523426919E-23   6.8805815899574469E+01
   1.0724200000000000E+10  -4.0986524330275139E+05   1.7063957548417726E-10   1.6463400855302475E-23   6.8386205555751275E+01
   1.0731700000000000E+10  -4.0720474620555580E+05   1.6959879929304680E-10   1.6462918834096909E-23   6.7971089968242694E+01
   1.0739200000000000E+10  -4.0453029678427026E+05   1.6856910551087309E-10   1.6462439163305943E-23   6.7560382116714692E+01
   1.0746700000000000E+10  -4.0184207542473113E+05   1.6755028997411605E-10   1.6461961895852808E-23   6.7154000517944894E+01
   1.0754200000000000E+10  -3.9914027692774334E+05   1.6654214889444803E-10   1.6461487290718630E-23   6.6751862995526281E+01
   1.0761700000000000E+10  -3.9642512426963419E+05   1.6554446919076139E-10   1.6461015687388028E-23   6.6353883335615237E+01
   1.0769200000000000E+10  -3.9369687190342345E+05   1.6455702508252461E-10   1.6460547415187714E-23   6.5959970293261520E+01
   1.0776700000000000E+10  -3.9095580212811113E+05   1.6357957903812583E-10   1.6460082740102673E-23   6.5570028181811310E+01
   1.0784200000000000E+10  -3.8820221786579007E+05   1.6261188515408068E-10   1.6459621842972137E-23   6.5183958305170989E+01
   1.0791700000000000E+10  -3.8543643441595783E+05   1.6165369341555681E-10   1.6459164819468982E-23   6.4801660655070052E+01
   1.0799200000000000E+10  -3.8265877182773524E+05   1.6070475380460998E-10   1.6458711692369940E-23   6.4423035499771203E+01
   1.0806700000000000E+10  -3.7986954870850535E+05   1.5976481970216823E-10   1.6458262428628697E-23   6.4047984673203118E+01
   1.0814200000000000E+10  -3.7706907768924045E+05   1.5883365039396114E-10   1.6457816956354933E-23   6.3676412507991863E+01
   1.0821700000000000E+10  -3.7425766240843129E+05   1.5791101272173723E-10   1.6457375179136459E-23   6.3308226438648425E+01
   1.0829200000000000E+10  -3.7143559571309743E+05   1.5699668203153007E-10   1.6456936986855457E-23   6.2943337338442731E+01
   1.0836700000000000E+10  -3.6860315874529193E+05   1.5609044260401559E-10   1.6456502263192625E-23   6.2581659662759527E+01
   1.0844200000000000E+10  -3.6576062062562589E+05   1.5519208773200878E-10   1.6456070890492331E-23   6.2223111461977062E+01
   1.0851700000000000E+10  -3.6290823851613188E+05   1.5430141957497528E-10   1.6455642752778660E-23   6.1867614312518619E+01
   1.0859200000000000E+10  -3.6004625791688589E+05   1.5341824888053970E-10   1.6455217737614905E-23   6.1515093199255951E+01
   1.0866700000000000E+10  -3.5717491310797224E+05   1.5254239463043821E-10   1.6454795737299263E-23   6.1165476370278149E+01
   1.0874200000000000E+10  -3.5429442768604733E+05   1.5167368364504882E-10   1.6454376649679230E-23   6.0818695176559437E+01
   1.0881700000000000E+10  -3.5140501516406285E+05   1.5081195016382989E-10   1.6453960378703253E-23   6.0474683902979528E+01
   1.0889200000000000E+10  -3.4850687961073662E+05   1.4995703541382142E-10   1.6453546834749797E-23   6.0133379595383197E+01
   1.0896700000000000E+10  -3.4560021630898427E+05   1.4910878717521153E-10   1.6453135934751133E-23   5.9794721887193106E+01
   1.0904200000000000E+10  -3.4268521241483529E+05   1.4826705935266960E-10   1.6452727602133671E-23   5.9458652828958797E+01
   1.0911700000000000E+10  -3.3976204759998602E+05   1.4743171156239156E-10   1.6452321766594776E-23   5.9125116724733779E+01
   1.0919200000000000E+10  -3.3683089466401824E+05   1.4660260874040445E-10   1.6451918363748172E-23   5.8794059977371106E+01
   1.0926700000000000E+10  -3.3389192010553920E+05   1.4577962077812878E-10   1.6451517334674492E-23   5.8465430944998872E+01
   1.0934200000000000E+10  -3.3094528464538138E+05   1.4496262218839076E-10   1.6451118625424504E-23   5.8139179809778760E+01
   1.0941700000000000E+10  -3.2799114369943668E+05   1.4415149180271959E-10   1.6450722186509151E-23   5.7815258459161100E+01
   1.0949200000000000E+10  -3.2502964780141436E+05   1.4334611250007840E-10   1.6450327972408644E-23   5.7493620379586275E+01
   1.0956700000000000E+10  -3.2206094297827617E+05   1.4254637096395552E-10   1.6449935941109773E-23   5.7174220561374995E+01
   1.0964200000000000E+10  -3.1908517108128977E+05   1.4175215746485402E-10   1.6449546053672250E-23   5.6857015413624573E+01
   1.0971700000000000E+10  -3.1610247007649438E+05   1.4096336566573080E-10   1.6449158273840836E-23   5.6541962688078861E+01
   1.0979200000000000E+10  -3.1311297429983254E+05   1.4017989244736633E-10   1.6448772567719553E-23   5.6229021410714722E+01
   1.0986700000000000E+10  -3.1011681468303315E+05   1.3940163775336349E-10   1.6448388903512203E-23   5.5918151820920819E+01
   1.0994200000000000E+10  -3.0711411895596702E+05   1.3862850445165429E-10   1.6448007251312322E-23   5.5609315317084899E+01
   1.1001700000000000E+10  -3.0410501182895590E+05   1.3786039820971780E-10   1.6447627582915152E-23   5.5302474407568546E+01
   1.1009200000000000E+10  -3.0108961515674333E+05   1.3709722738092805E-10   1.6447249871640075E-23   5.4997592666077253E+01
   1.1016700000000000E+10  -2.9806804808546737E+05   1.3633890290043396E-10   1.6446874092170345E-23   5.4694634690764602E+01
   1.1024200000000000E+10  -2.9504042718489718E+05   1.3558533818981580E-10   1.6446500220416997E-23   5.4393566066748910E+01
   1.1031700000000000E+10  -2.9200686656853399E+05   1.3483644906958753E-10   1.6446128233412577E-23   5.4094353331653728E+01
   1.1039200000000000E+10  -2.8896747800428385E+05   1.3409215367874664E-10   1.6445758109232069E-23   5.3796963943866217E+01
   1.1046700000000000E+10  -2.8592237101810140E+05   1.3335237239962875E-10   1.6445389826937350E-23   5.3501366252829797E+01
   1.1054200000000000E+10  -2.8287165299276193E+05   1.3261702778756417E-10   1.6445023366543662E-23   5.3207529471178205E+01
   1.1061700000000000E+10  -2.7981542926391371E+05   1.3188604450426389E-10   1.6444658709008025E-23   5.2915423648284140E+01
   1.1069200000000000E+10  -2.7675380321507802E+05   1.3115934925400599E-10   1.6444295836228203E-23   5.2625019644889186E+01
   1.1076700000000000E+10  -2.7368687637203018E+05   1.3043687072168286E-10   1.6443934731039627E-23   5.2336289108480102E+01
   1.1084200000000000E+10  -2.7061474849598418E+05   1.2971853951113629E-10   1.6443575377200242E-23   5.2049204448811686E+01
   1.1091700000000000E+10  -2.6753751767495676E+05   1.2900428808417084E-10   1.6443217759372404E-23   5.1763738813703149E+01
   1.1099200000000000E+10  -2.6445528041392291E+05   1.2829405070060642E-10   1.6442861863125014E-23   5.1479866065179955E+01
   1.1106700000000000E+10  -2.6136813172576379E+05   1.2758776336106300E-10   1.6442507674958365E-23   5.1197560756635511E+01
   1.1114200000000000E+10  -2.5827616522434418E+05   1.2688536375142664E-10   1.6442155182331711E-23   5.0916798110655677E+01
   1.1121700000000000E+10  -2.5517947321878187E+05   1.2618679118882855E-10   1.6441804373672684E-23   5.0637553997503616E+01
   1.1129200000000000E+10  -2.5207814680699704E+05   1.2549198656783723E-10   1.6441455238361225E-23   5.0359804913763760E+01
   1.1136700000000000E+10  -2.4897227596675695E+05   1.2480089230806020E-10   1.6441107766700234E-23   5.0083527961584700E+01
   1.1144200000000000E+10  -2.4586194964360222E+05   1.2411345230308159E-10   1.6440761949884426E-23   4.9808700828455713E+01
   1.1151700000000000E+10  -2.4274725583536617E+05   1.2342961187185345E-10   1.6440417779967487E-23   4.9535301767964953E+01
   1.1159200000000000E+10  -2.3962828167325835E+05   1.2274931771246007E-10   1.6440075249827505E-23   4.9263309581507386E+01
   1.1166700000000000E+10  -2.3650511349914601E+05   1.2207251785816413E-10   1.6439734353129596E-23   4.8992703600908825E+01
   1.1174200000000000E+10  -2.3337783693894112E+05   1.2139916163615921E-10   1.6439395084287364E-23   4.8723463672131871E+01
   1.1181700000000000E+10  -2.3024653697215047E+05   1.2072919962895925E-10   1.6439057438428472E-23   4.8455570140020342E+01
   1.1189200000000000E+10  -2.2711129799759205E+05   1.2006258363836392E-10   1.6438721411354643E-23   4.8189003834086890E+01
   1.1196700000000000E+10  -2.2397220389449593E+05   1.1939926665150092E-10   1.6438386999485892E-23   4.7923746055172828E+01
   1.1204200000000000E+10  -2.2082933807730436E+05   1.1873920280816421E-10   1.6438054199784568E-23   4.7659778562678177E+01
   1.1211700000000000E+10  -2.1768278354293137E+05   1.1808234736937480E-10   1.6437723009673835E-23   4.7397083562287953E+01
   1.1219200000000000E+10  -2.1453262291126724E+05   1.1742865668837761E-10   1.6437393426979470E-23   4.7135643694598883E+01
   1.1226700000000000E+10  -2.1137893846138485E+05   1.1677808818505702E-10   1.6437065449901063E-23   4.6875442025026537E+01
   1.1234200000000000E+10  -2.0822181216523348E+05   1.1613060032319985E-10   1.6436739076989328E-23   4.6616462034832871E+01
   1.1241700000000000E+10  -2.0506132571835100E+05   1.1548615258909316E-10   1.6436414307109484E-23   4.6358687612724687E+01
   1.1249200000000000E+10  -2.0189756056613894E+05   1.1484470547074647E-10   1.6436091139386913E-23   4.6102103046747054E+01
   1.1256700000000000E+10  -1.9873059792499259E+05   1.1420622043806591E-10   1.6435769573150657E-23   4.5846693016557879E+01
   1.1264200000000000E+10  -1.9556051879852868E+05   1.1357065992420103E-10   1.6435449607884607E-23   4.5592442586144891E+01
   1.1271700000000000E+10  -1.9238740398971376E+05   1.1293798730819946E-10   1.6435131243188642E-23   4.5339337197034020E+01
   1.1279200000000000E+10  -1.8921133410949053E+05   1.1230816689871589E-10   1.6434814478742331E-23   4.5087362661908983E+01
   1.1286700000000000E+10  -1.8603238958228347E+05   1.1168116391861899E-10   1.6434499314273134E-23   4.4836505158574319E+01
   1.1294200000000000E+10  -1.8285065064885616E+05   1.1105694449047777E-10   1.6434185749532000E-23   4.4586751224247173E+01
   1.1301700000000000E+10  -1.7966619736713002E+05   1.1043547562274237E-10   1.6433873784274156E-23   4.4338087750110489E+01
   1.1309200000000000E+10  -1.7647910961133061E+05   1.0981672519664526E-10   1.6433563418240731E-23   4.4090501976150307E+01
   1.1316700000000000E+10  -1.7328946706896854E+05   1.0920066195307608E-10   1.6433254651126055E-23   4.3843981486017810E+01
   1.1324200000000000E+10  -1.7009734923415264E+05   1.0858725547870388E-10   1.6432947482525499E-23   4.3598514201637023E+01
   1.1331700000000000E+10  -1.6690283539579756E+05   1.0797647619148436E-10   1.6432641911876033E-23   4.3354088377578783E+01
   1.1339200000000000E+10  -1.6370600462158173E+05   1.0736829532652257E-10   1.6432337938420429E-23   4.3110692595509484E+01
   1.1346700000000000E+10  -1.6050693574000796E+05   1.0676268492343251E-10   1.6432035561200372E-23   4.2868315759160929E+01
   1.1354200000000000E+10  -1.5730570732217451E+05   1.0615961781477145E-10   1.6431734779051399E-23   4.2626947089725775E+01
   1.1361700000000000E+10  -1.5410239766247591E+05   1.0555906761436152E-10   1.6431435590582152E-23   4.2386576121246854E+01
   1.1369200000000000E+10  -1.5089708475635460E+05   1.0496100870495370E-10   1.6431137994130160E-23   4.2147192695799994E+01
   1.1376700000000000E+10  -1.4768984627406759E+05   1.0436541622555281E-10   1.6430841987712221E-23   4.1908786958549918E+01
   1.1384200000000000E+10  -1.4448075953028435E+05   1.0377226605911818E-10   1.6430547568980970E-23   4.1671349352936197E+01
   1.1391700000000000E+10  -1.4126990145009477E+05   1.0318153482066790E-10   1.6430254735183899E-23   4.1434870616010713E+01
   1.1399200000000000E+10  -1.3805734853150902E+05   1.0259319984594682E-10   1.6429963483123365E-23   4.1199341773994774E+01
   1.1406700000000000E+10  -1.3484317680457921E+05   1.0200723918055896E-10   1.6429673809117824E-23   4.0964754138015756E+01
   1.1414200000000000E+10  -1.3162746178715423E+05   1.0142363156972406E-10   1.6429385708965045E-23   4.0731099300085646E+01
   1.1421700000000000E+10  -1.2841027843772253E+05   1.0084235644879093E-10   1.6429099177911184E-23   4.0498369129365422E+01
   1.1429200000000000E+10  -1.2519170110552094E+05   1.0026339393446207E-10   1.6428814210616659E-23   4.0266555768720131E+01
   1.1436700000000000E+10  -1.2197180347734313E+05   9.9686724816433936E-11   1.6428530801111434E-23   4.0035651631463082E+01
   1.1444200000000000E+10  -1.1875065851940721E+05   9.9112330548715269E-11   1.6428248942724113E-23   3.9805649398030653E+01
   1.1451700000000000E+10  -1.1552833841262733E+05   9.8540193240698603E-11   1.6427968628004432E-23   3.9576542012567202E+01
   1.1459200000000000E+10  -1.1230491448191105E+05   9.7970295648968266E-11   1.6427689848666077E-23   3.9348322679750872E+01
   1.1466700000000000E+10  -1.0908045712193009E+05   9.7402621171039691E-11   1.6427412595561581E-23   3.9120984862313456E+01
   1.1474200000000000E+10  -1.0585503572130899E+05   9.6837153840756084E-11   1.6427136858665212E-23   3.8894522279205148E+01
   1.1481700000000000E+10  -1.0262871858461939E+05   9.6273878324268213E-11   1.6426862627036672E-23   3.8668928904037259E+01
   1.1489200000000000E+10  -9.9401572850472061E+04   9.5712779915795172E-11   1.6426589888767541E-23   3.8444198963474534E+01
   1.1496700000000000E+10  -9.6173664404715208E+04   9.5153844533641534E-11   1.6426318630922721E-23   3.8220326935737724E+01
   1.1504200000000000E+10  -9.2945057788974387E+04   9.4597058716989837E-11   1.6426048839489613E-23   3.7997307549395337E+01
   1.1511700000000000E+10  -8.9715816105211910E+04   9.4042409623520972E-11   1.6425780499334135E-23   3.7775135782468084E+01
   1.1519200000000000E+10  -8.6486000916872610E+04   9.3489885027866212E-11   1.6425513594163703E-23   3.7553806861848372E+01
   1.1526700000000000E+10  -8.3255672146993427E+04   9.2939473320770887E-11   1.6425248106491781E-23   3.7333316262999567E+01
   1.1534200000000000E+10  -8.0024887973761142E+04   9.2391163508944801E-11   1.6424984017611340E-23   3.7113659709908404E+01
   1.1541700000000000E+10  -7.6793704724269832E+04   9.1844945215745617E-11   1.6424721307576756E-23   3.6894833175351636E+01
   1.1549200000000000E+10  -7.3562176767289420E+04   9.1300808682570324E-11   1.6424459955193791E-23   3.6676832881427941E+01
   1.1556700000000000E+10  -7.0330356405171842E+04   9.0758744770580537E-11   1.6424199938001896E-23   3.6459655300241018E+01
   1.1564200000000000E+10  -6.7098293763711437E+04   9.0218744962031459E-11   1.6423941232236827E-23   3.6243297154465871E+01
   1.1571700000000000E+10  -6.3866036678529541E+04   8.9680801360831187E-11   1.6423683812786231E-23   3.6027755417619169E+01
   1.1579200000000000E+10  -6.0633630578597134E+04   8.9144906693079543E-11   1.6423427653166714E-23   3.5813027314271558E+01
   1.1586700000000000E+10  -5.7401118369933029E+04   8.8611054308797140E-11   1.6423172725542864E-23   3.5599110320646034E+01
   1.1594200000000000E+10  -5.4168540322243214E+04   8.8079238184665998E-11   1.6422919000763902E-23   3.5386002165587037E+01
   1.1601700000000000E+10  -5.0935933958656184E+04   8.7549452926438788E-11   1.6422666448386946E-23   3.5173700831428420E+01
   1.1609200000000000E+10  -4.7703333947137799E+04   8.7021693770299643E-11   1.6422415036685528E-23   3.4962204554474368E+01
   1.1616700000000000E+10  -4.4470771992855785E+04   8.6495956583203824E-11   1.6422164732655476E-23   3.4751511825076705E+01
   1.1624200000000000E+10  -4.1238276732104496E+04   8.5972237862769341E-11   1.6421915502034464E-23   3.4541621387504641E+01
   1.1631700000000000E+10  -3.8005873628905538E+04   8.5450534736545810E-11   1.6421667309334010E-23   3.4332532239540313E+01
   1.1639200000000000E+10  -3.4773584875230641E+04   8.4930844960564837E-11   1.6421420117878749E-23   3.4124243631773609E+01
   1.1646700000000000E+10  -3.1541429295563830E+04   8.4413166917108575E-11   1.6421173889855472E-23   3.3916755066566196E+01
   1.1654200000000000E+10  -2.8309422256646834E+04   8.3897499611492001E-11   1.6420928586371773E-23   3.3710066296603749E+01
   1.1661700000000000E+10  -2.5077575583405142E+04   8.3383842667790297E-11   1.6420684167526984E-23   3.3504177323004157E+01
   1.1669200000000000E+10  -2.1845897482193999E+04   8.2872196323556706E-11   1.6420440592495988E-23   3.3299088392999622E+01
   1.1676700000000000E+10  -1.8614392471862935E+04   8.2362561423085628E-11   1.6420197819608549E-23   3.3094799997049904E+01
   1.1684200000000000E+10  -1.5383061321842833E+04   8.1854939408660964E-11   1.6419955806415673E-23   3.2891312865178143E+01
   1.1691700000000000E+10  -1.2151900996081113E+04   8.1349332309152173E-11   1.6419714509746089E-23   3.2688627962265471E+01
   1.1699200000000000E+10  -8.9209046034639505E+03   8.0845742726542867E-11   1.6419473885785316E-23   3.2486746482474636E+01
   1.1706700000000000E+10  -5.6900613572826323E+03   8.0344173821461708E-11   1.6419233890183813E-23   3.2285669843220951E+01
   1.1714200000000000E+10  -2.4593565455223556E+03   7.9844629297517242E-11   1.6418994478186585E-23   3.2085399678628782E+01
   1.1721700000000000E+10   7.7122848657415830E+02   7.9347113381909505E-11   1.6418755604785869E-23   3.1885937831456019E+01
   1.1729200000000000E+10   4.0017163462902272E+03   7.8851630808219011E-11   1.6418517224859674E-23   3.1687286345931614E+01
   1.1736700000000000E+10   7.2321335710852718E+03   7.8358186789891053E-11   1.6418279293257474E-23   3.1489447456964815E+01
   1.1744200000000000E+10   1.0462510624400335E+04   7.7866786995958058E-11   1.6418041764867706E-23   3.1292423580293821E+01
   1.1751700000000000E+10   1.3692881870048495E+04   7.7377437523222675E-11   1.6417804594779355E-23   3.1096217301037914E+01
   1.1759200000000000E+10   1.6923285532935297E+04   7.6890144866685257E-11   1.6417567738412511E-23   3.0900831361613083E+01
   1.1766700000000000E+10   2.0153763648828120E+04   7.6404915887486748E-11   1.6417331151648641E-23   3.0706268648657844E+01
   1.1774200000000000E+10   2.3384362001727794E+04   7.5921757778775290E-11   1.6417094790970873E-23   3.0512532179113855E+01
   1.1781700000000000E+10   2.6615130048249601E+04   7.5440678029460649E-11   1.6416858613608974E-23   3.0319625085457517E+01
   1.1789200000000000E+10   2.9846120828683655E+04   7.4961684385914118E-11   1.6416622577687258E-23   3.0127550600109142E+01
   1.1796700000000000E+10   3.3077390864688132E+04   7.4484784811841795E-11   1.6416386642369849E-23   2.9936312039121134E+01
   1.1804200000000000E+10   3.6309000044400877E+04   7.4009987445829190E-11   1.6416150767992710E-23   2.9745912784962673E+01
   1.1811700000000000E+10   3.9541011496569823E+04   7.3537300556634408E-11   1.6415914916173939E-23   2.9556356268445462E+01
   1.1819200000000000E+10   4.2773491454746116E+04   7.3066732496400185E-11   1.6415679049926166E-23   2.9367645949814584E+01
   1.1826700000000000E+10   4.6006509110855266E+04   7.2598291652614396E-11   1.6415443133783735E-23   2.9179785299315384E+01
   1.1834200000000000E+10   4.9240136456592758E+04   7.2131986399505860E-11   1.6415207133946278E-23   2.8992777777510437E+01
   1.1841700000000000E+10   5.2474448112414866E+04   7.1667825048562405E-11   1.6414971018412097E-23   2.8806626815268615E+01
   1.1849200000000000E+10   5.5709521145591447E+04   7.1205815797910103E-11   1.6414734757091819E-23   2.8621335793337064E+01
   1.1856700000000000E+10   5.8945434879110915E+04   7.0745966680449847E-11   1.6414498321904892E-23   2.8436908021447866E+01
   1.1864200000000000E+10   6.2182270692547419E+04   7.0288285511448690E-11   1.6414261686869122E-23   2.8253346717220914E+01
   1.1871700000000000E+10   6.5420111815349155E+04   6.9832779835815268E-11   1.6414024828185132E-23   2.8070654984951084E+01
   1.1879200000000000E+10   6.8659043112980595E+04   6.9379456875516543E-11   1.6413787724318408E-23   2.7888835794458522E+01
   1.1886700000000000E+10   7.1899150866614204E+04   6.8928323477253883E-11   1.6413550356071055E-23   2.7707891960062494E+01
   1.1894200000000000E+10   7.5140522547208719E+04   6.8479386060691547E-11   1.6413312706644678E-23   2.7527826119793236E+01
   1.1901700000000000E+10   7.8383246585067522E+04   6.8032650567361529E-11   1.6413074761689118E-23   2.7348640714899854E+01
   1.1909200000000000E+10   8.1627412136008803E+04   6.7588122410481759E-11   1.6412836509341097E-23   2.7170337969741432E+01
   1.1916700000000000E+10   8.4873108845440729E+04   6.7145806425811982E-11   1.6412597940245203E-23   2.6992919872123203E+01
   1.1924200000000000E+10   8.8120426611284958E+04   6.6705706824044730E-11   1.6412359047572895E-23   2.6816388154250635E+01
   1.1931700000000000E+10   9.1369455346236893E+04   6.6267827145014546E-11   1.6412119827035699E-23   2.6640744274421390E+01
   1.1939200000000000E+10   9.4620284739708979E+04   6.5832170214148976E-11   1.6411880276891692E-23   2.6465989399626487E+01
   1.1946700000000000E+10   9.7873004020596811E+04   6.5398738101118756E-11   1.6411640397936677E-23   2.6292124389056852E+01
   1.1954200000000000E+10   1.0112770172285117E+05   6.4967532080581447E-11   1.6411400193468375E-23   2.6119149778490339E+01
   1.1961700000000000E+10   1.0438446545563266E+05   6.4538552595194044E-11   1.6411159669238716E-23   2.5947065765603927E+01
   1.1969200000000000E+10   1.0764338167885953E+05   6.4111799221450813E-11   1.6410918833401099E-23   2.5775872196423386E+01
   1.1976700000000000E+10   1.1090453548437163E+05   6.3687270638542451E-11   1.6410677696454481E-23   2.5605568552985861E+01
   1.1984200000000000E+10   1.1416801038325239E+05   6.3264964600505174E-11   1.6410436271180870E-23   2.5436153942329071E+01
   1.1991700000000000E+10   1.1743388810040455E+05   6.2844877911378194E-11   1.6410194572566701E-23   2.5267627086707819E+01
   1.1999200000000000E+10   1.2070224837747942E+05   6.2427006403571393E-11   1.6409952617713891E-23   2.5099986315109536E+01
   1.2006700000000000E+10   1.2397316878527266E+05   6.2011344919412868E-11   1.6409710425737667E-23   2.4933229556060411E+01
   1.2014200000000000E+10   1.2724672454641006E+05   6.1597887296015928E-11   1.6409468017658440E-23   2.4767354331766587E+01
   1.2021700000000000E+10   1.3052298836872660E+05   6.1186626353594549E-11   1.6409225416291605E-23   2.4602357753636316E+01
   1.2029200000000000E+10   1.3380203028893331E+05   6.0777553887575911E-11   1.6408982646149824E-23   2.4438236519301842E+01
   1.2036700000000000E+10   1.3708391752520995E+05   6.0370660664791514E-11   1.6408739733363552E-23   2.4274986911246664E+01
   1.2044200000000000E+10   1.4036871433817028E+05   5.9965936423760357E-11   1.6408496705588703E-23   2.4112604797091016E+01
   1.2051700000000000E+10   1.4365648190327571E+05   5.9563369877673396E-11   1.6408253591851381E-23   2.3951085631048848E+01
   1.2059200000000000E+10   1.4694727820116741E+05   5.9162948718748519E-11   1.6408010422320759E-23   2.3790424456029903E+01
   1.2066700000000000E+10   1.5024115792929396E+05   5.8764659624200152E-11   1.6407767228095937E-23   2.3630615906356962E+01
   1.2074200000000000E+10   1.5353817242901106E+05   5.8368488266906660E-11   1.6407524041093070E-23   2.3471654212215931E+01
   1.2081700000000000E+10   1.5683836961963278E+05   5.7974419331803385E-11   1.6407280894007173E-23   2.3313533206295553E+01
   1.2089200000000000E+10   1.6014179393755423E+05   5.7582436535916942E-11   1.6407037820242471E-23   2.3156246331933907E+01
   1.2096700000000000E+10   1.6344848628553975E+05   5.7192522649852916E-11   1.6406794853775116E-23   2.2999786651940553E+01
   1.2104200000000000E+10   1.6675848399672657E+05   5.6804659520570352E-11   1.6406552028980036E-23   2.2844146857978849E+01
   1.2111700000000000E+10   1.7007182081415536E+05   5.6418828096170699E-11   1.6406309380469929E-23   2.2689319280732573E+01
   1.2119200000000000E+10   1.7338852688432889E+05   5.6035008453046836E-11   1.6406066942951366E-23   2.2535295900990000E+01
   1.2126700000000000E+10   1.7670862876338832E+05   5.5653179825399308E-11   1.6405824751096400E-23   2.2382068361652063E+01
   1.2134200000000000E+10   1.8003214943503114E+05   5.5273320636979630E-11   1.6405582839418225E-23   2.2229627980624912E+01
   1.2141700000000000E+10   1.8335910833967812E+05   5.4895408534794798E-11   1.6405341242152458E-23   2.2077965764488358E+01
   1.2149200000000000E+10   1.8668952141424411E+05   5.4519420424305595E-11   1.6405099993146681E-23   2.1927072422749312E+01
   1.2156700000000000E+10   1.9002340114152306E+05   5.4145332506387210E-11   1.6404859125762621E-23   2.1776938382783122E+01
   1.2164200000000000E+10   1.9336075660813323E+05   5.3773120315530187E-11   1.6404618672787757E-23   2.1627553805257978E+01
   1.2171700000000000E+10   1.9670159357075146E+05   5.3402758759116877E-11   1.6404378666339421E-23   2.1478908599999187E+01
   1.2179200000000000E+10   2.0004591453180285E+05   5.3034222157124945E-11   1.6404139137749593E-23   2.1330992442047371E+01
   1.2186700000000000E+10   2.0339371882602977E+05   5.2667484281660607E-11   1.6403900117442146E-23   2.1183794787654076E+01
   1.2194200000000000E+10   2.0674500271703189E+05   5.2302518397129305E-11   1.6403661634837237E-23   2.1037304890494834E+01
   1.2201700000000000E+10   2.1009975950046850E+05   5.1939297301375978E-11   1.6403423718297313E-23   2.0891511818216539E+01
   1.2209200000000000E+10   2.1345797961106038E+05   5.1577793367697218E-11   1.6403186395090296E-23   2.0746404469313621E+01
   1.2216700000000000E+10   2.1681965073340308E+05   5.1217978586901079E-11   1.6402949691338430E-23   2.0601971590041966E+01
   1.2224200000000000E+10   2.2018475791802001E+05   5.0859824608929016E-11   1.6402713631951654E-23   2.0458201791175934E+01
   1.2231700000000000E+10   2.2355328370332625E+05   5.0503302783710268E-11   1.6402478240559821E-23   2.0315083564457183E+01
   1.2239200000000000E+10   2.2692520824293600E+05   5.0148384201829549E-11   1.6402243539456115E-23   2.0172605298953645E+01
   1.2246700000000000E+10   2.3030050943741019E+05   4.9795039734751927E-11   1.6402009549549202E-23   2.0030755297229316E+01
   1.2254200000000000E+10   2.3367916306970184E+05   4.9443240074633071E-11   1.6401776290322542E-23   1.9889521791338620E+01
   1.2261700000000000E+10   2.3706114294372452E+05   4.9092955773473528E-11   1.6401543779799860E-23   1.9748892958549977E+01
   1.2269200000000000E+10   2.4044642102546105E+05   4.8744157281662017E-11   1.6401312034515673E-23   1.9608856936818057E+01
   1.2276700000000000E+10   2.4383496758574361E+05   4.8396814985982312E-11   1.6401081069500021E-23   1.9469401840024453E+01
   1.2284200000000000E+10   2.4722675134371838E+05   4.8050899246648586E-11   1.6400850898273264E-23   1.9330515772817108E+01
   1.2291700000000000E+10   2.5062173960984274E+05   4.7706380433439533E-11   1.6400621532851646E-23   1.9192186845076648E+01
   1.2299200000000000E+10   2.5401989842862581E+05   4.7363228960791085E-11   1.6400392983733243E-23   1.9054403185988924E+01
   1.2306700000000000E+10   2.5742119272346425E+05   4.7021415322269372E-11   1.6400165259858864E-23   1.8917152957898661E+01
   1.2314200000000000E+10   2.6082558644526778E+05   4.6680910125033826E-11   1.6399938368564905E-23   1.8780424370168255E+01
   1.2321700000000000E+10   2.6423304272323515E+05   4.6341684122055554E-11   1.6399712315578193E-23   1.8644205692085507E+01
   1.2329200000000000E+10   2.6764352401342988E+05   4.6003708242578202E-11   1.6399487105052777E-23   1.8508485265018500E+01
   1.2336700000000000E+10   2.7105699224307376E+05   4.5666953621769689E-11   1.6399262739612338E-23   1.8373251514242263E+01
   1.2344200000000000E+10   2.7447340895175107E+05   4.5331391629747627E-11   1.6399039220366576E-23   1.8238492960546132E+01
   1.2351700000000000E+10   2.7789273543171614E+05   4.4996993899300379E-11   1.6398816546911182E-23   1.8104198231336824E+01
   1.2359200000000000E+10   2.8131493286795018E+05   4.4663732353076668E-11   1.6398594717324187E-23   1.7970356071533175E+01
   1.2366700000000000E+10   2.8473996247781621E+05   4.4331579229116077E-11   1.6398373728168541E-23   1.7836955353787772E+01
   1.2374200000000000E+10   2.8816778564975009E+05   4.4000507105986864E-11   1.6398153574499695E-23   1.7703985088546649E+01
   1.2381700000000000E+10   2.9159836408088118E+05   4.3670488926440328E-11   1.6397934249874569E-23   1.7571434433512216E+01
   1.2389200000000000E+10   2.9503165991325863E+05   4.3341498020256336E-11   1.6397715746361758E-23   1.7439292702781046E+01
   1.2396700000000000E+10   2.9846763586849696E+05   4.3013508126219242E-11   1.6397498054557371E-23   1.7307549375627417E+01
   1.2404200000000000E+10   3.0190625538040971E+05   4.2686493412982957E-11   1.6397281163607729E-23   1.7176194104834423E+01
   1.2411700000000000E+10   3.0534748272457032E+05   4.2360428499526363E-11   1.6397065061242833E-23   1.7045216724851109E+01
   1.2419200000000000E+10   3.0879128314465098E+05   4.2035288474596833E-11   1.6396849733805714E-23   1.6914607259549172E+01
   1.2426700000000000E+10   3.1223762297663937E+05   4.1711048915239612E-11   1.6396635166256144E-23   1.6784355929640235E+01
   1.2434200000000000E+10   3.1568646977354266E+05   4.1387685903919186E-11   1.6396421342147735E-23   1.6654453159554521E+01
   1.2441700000000000E+10   3.1913779243168543E+05   4.1065176044247417E-11   1.6396208243613526E-23   1.6524889583749900E+01
   1.2449200000000000E+10   3.2259156131602958E+05   4.0743496476664807E-11   1.6395995851393542E-23   1.6395656052959968E+01
   1.2456700000000000E+10   3.2604774838114996E+05   4.0422624893831411E-11   1.6395784144890217E-23   1.6266743640299616E+01
   1.2464200000000000E+10   3.2950632728741312E+05   4.0102539555736184E-11   1.6395573102208094E-23   1.6138143647275825E+01
   1.2471700000000000E+10   3.3296727351450286E+05   3.9783219303696791E-11   1.6395362700164668E-23   1.6009847609382504E+01
   1.2479200000000000E+10   3.3643056447447103E+05   3.9464643573500258E-11   1.6395152914285723E-23   1.5881847301365562E+01
   1.2486700000000000E+10   3.3989617962478637E+05   3.9146792407377267E-11   1.6394943718801425E-23   1.5754134742017985E+01
   1.2494200000000000E+10   3.4336410058108711E+05   3.8829646465773602E-11   1.6394735086647493E-23   1.5626702198888621E+01
   1.2501700000000000E+10   3.4683431122946268E+05   3.8513187038671213E-11   1.6394526989465186E-23   1.5499542192811184E+01
   1.2509200000000000E+10   3.5030679783833167E+05   3.8197396056256409E-11   1.6394319397602759E-23   1.5372647502169418E+01
   1.2516700000000000E+10   3.5378154916996619E+05   3.7882256099118112E-11   1.6394112280115069E-23   1.5246011166975194E+01
   1.2524200000000000E+10   3.5725855659137125E+05   3.7567750408585081E-11   1.6393905604768088E-23   1.5119626492998217E+01
   1.2531700000000000E+10   3.6073781418400351E+05   3.7253862896101088E-11   1.6393699338055401E-23   1.4993487055498059E+01
   1.2539200000000000E+10   3.6421931885112805E+05   3.6940578152628576E-11   1.6393493445226278E-23   1.4867586702958091E+01
   1.2546700000000000E+10   3.6770307042231550E+05   3.6627881457848067E-11   1.6393287890306701E-23   1.4741919560745041E+01
   1.2554200000000000E+10   3.7118907175682433E+05   3.6315758787938522E-11   1.6393082636095547E-23   1.4616480034220757E+01
   1.2561700000000000E+10   3.7467732884786109E+05   3.6004196823168525E-11   1.6392877644136797E-23   1.4491262811798952E+01
   1.2569200000000000E+10   3.7816785092821106E+05   3.5693182953626514E-11   1.6392672874719465E-23   1.4366262867227585E+01
   1.2576700000000000E+10   3.8166065057331190E+05   3.5382705285790452E-11   1.6392468286921123E-23   1.4241475462171255E+01
   1.2584200000000000E+10   3.8515574379916629E+05   3.5072752648566799E-11   1.6392263838665997E-23   1.4116896148569651E+01
   1.2591700000000000E+10   3.8865315015608812E+05   3.4763314599637099E-11   1.6392059486746374E-23   1.3992520771153865E+01
   1.2599200000000000E+10   3.9215289282258245E+05   3.4454381430716923E-11   1.6391855186793741E-23   1.3868345469568620E+01
   1.2606700000000000E+10   3.9565499870332476E+05   3.4145944172689111E-11   1.6391650893212645E-23   1.3744366680473894E+01
   1.2614200000000000E+10   3.9915949853440706E+05   3.3837994600972217E-11   1.6391446559078123E-23   1.3620581139768719E+01
   1.2621700000000000E+10   4.0266642699918937E+05   3.3530525241665390E-11   1.6391242135998166E-23   1.3496985885151833E+01
   1.2629200000000000E+10   4.0617582285817218E+05   3.3223529378968369E-11   1.6391037573936250E-23   1.3373578259222226E+01
   1.2636700000000000E+10   4.0968772909616417E+05   3.2917001064581947E-11   1.6390832821003265E-23   1.3250355913394012E+01
   1.2644200000000000E+10   4.1320219308875635E+05   3.2610935128597635E-11   1.6390627823235570E-23   1.3127316812412907E+01
   1.2651700000000000E+10   4.1671926678754541E+05   3.2305327192496393E-11   1.6390422524397340E-23   1.3004459239693103E+01
   1.2659200000000000E+10   4.2023900691974704E+05   3.2000173683765811E-11   1.6390216865856378E-23   1.2881781803239656E+01
   1.2666700000000000E+10   4.2376147519297595E+05   3.1695471851533360E-11   1.6390010786582043E-23   1.2759283441880115E+01
   1.2674200000000000E+10   4.2728673849206261E+05   3.1391219781709377E-11   1.6389804223301888E-23   1.2636963431177211E+01
   1.2681700000000000E+10   4.3081486905237997E+05   3.1087416409305098E-11   1.6389597110837664E-23   1.2514821388075230E+01
   1.2689200000000000E+10   4.3434594459076377E+05   3.0784061525721315E-11   1.6389389382677264E-23   1.2392857273359146E+01
   1.2696700000000000E+10   4.3788004836963414E+05   3.0481155779800950E-11   1.6389180971846822E-23   1.2271071391404620E+01
   1.2704200000000000E+10   4.4141726916730322E+05   3.0178700668429989E-11   1.6388971812066428E-23   1.2149464385549358E+01
   1.2711700000000000E+10   4.4495770113442064E+05   2.9876698519745669E-11   1.6388761839044762E-23   1.2028037230437583E+01
   1.2719200000000000E+10   4.4850144353581604E+05   2.9575152463714662E-11   1.6388550991676460E-23   1.1906791219407515E+01
   1.2726700000000000E+10   4.5204860039802716E+05   2.9274066393283921E-11   1.6388339212893921E-23   1.1785727948383970E+01
   1.2734200000000000E+10   4.5559928010907705E+05   2.8973444921604839E-11   1.6388126449851227E-23   1.1664849298701741E+01
   1.2741700000000000E+10   4.5915359504897922E+05   2.8673293339391718E-11   1.6387912653077303E-23   1.1544157420715642E+01
   1.2749200000000000E+10   4.6271166136327013E+05   2.8373617585470093E-11   1.6387697774212651E-23   1.1423654723669337E+01
   1.2756700000000000E+10   4.6627359902416042E+05   2.8074424241777659E-11   1.6387481762016245E-23   1.1303343876501788E+01
   1.2764200000000000E+10   4.6983953234488895E+05   2.7775720568743263E-11   1.6387264556491208E-23   1.1183227826019410E+01
   1.2771700000000000E+10   4.7340959111434530E+05   2.7477514594002399E-11   1.6387046081245044E-23   1.1063309837479554E+01
   1.2779200000000000E+10   4.7698391248969350E+05   2.7179815264415446E-11   1.6386826234601232E-23   1.0943593561166363E+01
   1.2786700000000000E+10   4.8056264371449937E+05   2.6882632667906649E-11   1.6386604880462819E-23   1.0824083126863345E+01
   1.2794200000000000E+10   4.8414594561364315E+05   2.6585978324217713E-11   1.6386381840439603E-23   1.0704783264863160E+01
   1.2801700000000000E+10   4.8773399665501068E+05   2.6289865517736074E-11   1.6386156889262868E-23   1.0585699441469707E+01
   1.2809200000000000E+10   4.9132699716183759E+05   2.5994309644751976E-11   1.6385929755920508E-23   1.0466837996478205E+01
   1.2816700000000000E+10   4.9492517302848824E+05   2.5699328520436886E-11   1.6385700133156293E-23   1.0348206259227444E+01
   1.2824200000000000E+10   4.9852877805723972E+05   2.5404942577990321E-11   1.6385467697821575E-23   1.0229812614891360E+01
   1.2831700000000000E+10   5.0213809384376206E+05   2.5111174879702859E-11   1.6385232143734867E-23   1.0111666488214158E+01
   1.2839200000000000E+10   5.0575342606012616E+05   2.4818050862531750E-11   1.6384993227154350E-23   9.9937782140724369E+00
   1.2846700000000000E+10   5.0937509608001210E+05   2.4525597741743017E-11   1.6384750822749283E-23   9.8761587659662951E+00
   1.2854200000000000E+10   5.1300342721709202E+05   2.4233843527542011E-11   1.6384504985119529E-23   9.7588193277302100E+00
   1.2861700000000000E+10   5.1663872546127776E+05   2.3942815671857006E-11   1.6384256007442250E-23   9.6417707205687613E+00
   1.2869200000000000E+10   5.2028125554276491E+05   2.3652539402022524E-11   1.6384004465179174E-23   9.5250227150971494E+00
   1.2876700000000000E+10   5.2393121440594108E+05   2.3363035918333736E-11   1.6383751229534478E-23   9.4085833076619654E+00
   1.2884200000000000E+10   5.2758870567717892E+05   2.3074320696208731E-11   1.6383497433297728E-23   9.2924580662128431E+00
   1.2891700000000000E+10   5.3125372029071348E+05   2.2786402249128125E-11   1.6383244371820743E-23   9.1766496964693651E+00
   1.2899200000000000E+10   5.3492612986409268E+05   2.2499281782799615E-11   1.6382993325098554E-23   9.0611580063367327E+00
   1.2906700000000000E+10   5.3860570036405756E+05   2.2212954158041108E-11   1.6382745294215709E-23   8.9459804365969902E+00
   1.2914200000000000E+10   5.4229213365172246E+05   2.1927410631165228E-11   1.6382500657249653E-23   8.8311133398655457E+00
   1.2921700000000000E+10   5.4598514327646955E+05   2.1642643630410258E-11   1.6382258766124383E-23   8.7165540967469664E+00
   1.2929200000000000E+10   5.4968456796283356E+05   2.1358653686989272E-11   1.6382017526046589E-23   8.6023040924158494E+00
   1.2936700000000000E+10   5.5339052139219618E+05   2.1075458276002949E-11   1.6381773021353231E-23   8.4883724213671954E+00
   1.2944200000000000E+10   5.5710357002097683E+05   2.0793101928898538E-11   1.6381519273309093E-23   8.3747800220466129E+00
   1.2951700000000000E+10   5.6082492201988993E+05   2.0511666518064156E-11   1.6381248233124424E-23   8.2615637531926644E+00
   1.2959200000000000E+10   5.6455660053290450E+05   2.0231280132705817E-11   1.6380950122979376E-23   8.1487797308087142E+00
   1.2966700000000000E+10   5.6830156429069838E+05   1.9952122567682031E-11   1.6380614234842023E-23   8.0365050922028658E+00
   1.2974200000000000E+10   5.7206372955152311E+05   1.9674425199051718E-11   1.6380230276433813E-23   7.9248372692626488E+00
   1.2981700000000000E+10   5.7584784123124287E+05   1.9398463041807534E-11   1.6379790310353981E-23   7.8138898866317232E+00
   1.2989200000000000E+10   5.7965914039408253E+05   1.9124537175343435E-11   1.6379291262208191E-23   7.7037845915988479E+00
   1.2996700000000000E+10   5.8350278314642457E+05   1.8852946550486206E-11   1.6378737864832897E-23   7.5946385031223338E+00
   1.3004200000000000E+10   5.8738298613726359E+05   1.8583949372195171E-11   1.6378145680898829E-23   7.4865475361209768E+00
   1.3011700000000000E+10   5.9130191044562124E+05   1.8317715978589290E-11   1.6377543476719191E-23   7.3795666987059327E+00
   1.3019200000000000E+10   5.9525835270694026E+05   1.8054279045070878E-11   1.6376974615567441E-23   7.2736898219206418E+00
   1.3026700000000000E+10   5.9924638929190498E+05   1.7793487975430863E-11   1.6376498332257278E-23   7.1688310634116856E+00
   1.3034200000000000E+10   6.0325420503441396E+05   1.7534974562084576E-11   1.6376192041240227E-23   7.0648105425772281E+00
   1.3041700000000000E+10   6.0726341806568601E+05   1.7278132986438554E-11   1.6376128599435597E-23   6.9613564899974456E+00
   1.3049200000000000E+10   6.1124928546487459E+05   1.7022139802651674E-11   1.6376347113033392E-23   6.8581253746889015E+00
   1.3056700000000000E+10   6.1518216701130336E+05   1.6766064098506283E-11   1.6376907366505439E-23   6.7547228141194227E+00
   1.3064200000000000E+10   6.1903044699739490E+05   1.6508964257228988E-11   1.6377830780718780E-23   6.6507672618985572E+00
   1.3071700000000000E+10   6.2276493368263147E+05   1.6250045231801087E-11   1.6379042924022867E-23   6.5459752070753723E+00
   1.3079200000000000E+10   6.2636444389285636E+05   1.5988910257381770E-11   1.6380428719117740E-23   6.4402378072066240E+00
   1.3086700000000000E+10   6.2982197676104237E+05   1.5725774020337493E-11   1.6381811575116454E-23   6.3337134050813342E+00
   1.3094200000000000E+10   6.3315082073050726E+05   1.5461624077577309E-11   1.6382892433983318E-23   6.2269135227415493E+00
   1.3101700000000000E+10   6.3639031509967032E+05   1.5198379770537680E-11   1.6383318775972125E-23   6.1207369505771663E+00
   1.3109200000000000E+10   6.3961174997873523E+05   1.4938930488323873E-11   1.6382911711901229E-23   6.0164002467569784E+00
   1.3116700000000000E+10   6.4292562683777756E+05   1.4686634489468733E-11   1.6381139590196156E-23   5.9154321893557915E+00
   1.3124200000000000E+10   6.4649164478632156E+05   1.4444956564858376E-11   1.6377173438100386E-23   5.8194989791152718E+00
   1.3131700000000000E+10   6.5053091842874640E+05   1.4217412646709154E-11   1.6370391467695916E-23   5.7302003524716740E+00
   1.3139200000000000E+10   6.5533460026538314E+05   1.4007443757529666E-11   1.6360044557630067E-23   5.6491447994679849E+00
   1.3146700000000000E+10   6.6125473907151818E+05   1.3818835322045779E-11   1.6345567457669776E-23   5.5780157718446777E+00
   1.3154200000000000E+10   6.6865466152415611E+05   1.3656834294973664E-11   1.6327157269562046E-23   5.5188394317733893E+00
   1.3161700000000000E+10   6.7779510076094593E+05   1.3541404247751135E-11   1.6306426124853290E-23   5.4791501943489900E+00
   1.3169200000000000E+10   6.8865033912046358E+05   1.3498765500280733E-11   1.6289205347880114E-23   5.4676718039856205E+00
   1.3176700000000000E+10   7.0067906421978795E+05   1.3526904584251459E-11   1.6284346801641051E-23   5.4807041889294457E+00
   1.3184200000000000E+10   7.1260188500527840E+05   1.3643497533600243E-11   1.6289402959860877E-23   5.5262283476248504E+00
   1.3191700000000000E+10   7.2233841724004329E+05   1.3802913243830918E-11   1.6212125051433863E-23   5.6174482846722151E+00
   1.3199200000000000E+10   7.2746708047550824E+05   1.0421858125873920E-11   1.3848844562815272E-23   4.9652358364864035E+00
