   1.0000000000000000E+02
  10.0000000000000000
 Godunov
 F
   5.0000000000000003E-02
 Godunov
       390
           2.0000E+06
         3
          -3.3029E-03
                          SOLAR ZENITH ANGLE:   62.99 DEGREES
           ALT         TAU       PHOT RATE      PHOTOE      PHOTO FREQ  
          200.0       0.401       237.365      0.36097       1.729E-07
          220.0       0.206       171.741      0.35416       2.091E-07
          240.0       0.109       116.663      0.35006       2.298E-07
          260.0       0.059        57.385      0.00000       1.789E-07
          280.0       0.033        37.792      0.00000       1.836E-07
          300.0       0.019        24.931      0.00000       1.862E-07
          320.0       0.011        16.422      0.00000       1.877E-07
          340.0       0.007        10.852      0.00000       1.885E-07
          360.0       0.004         7.195      0.00000       1.890E-07
          380.0       0.003         4.786      0.00000       1.893E-07
          400.0       0.002         3.194      0.00000       1.895E-07
          420.0       0.001         2.129      0.00000       1.896E-07
          440.0       0.001         1.430      0.00000       1.897E-07
          460.0       0.000         0.963      0.00000       1.897E-07
          480.0       0.000         0.650      0.00000       1.897E-07
          500.0       0.000         0.439      0.00000       1.898E-07
          520.0       0.000         0.298      0.00000       1.898E-07
          540.0       0.000         0.202      0.00000       1.898E-07
          560.0       0.000         0.138      0.00000       1.898E-07
          580.0       0.000         0.094      0.00000       1.898E-07
          600.0       0.000         0.064      0.00000       1.898E-07
          620.0       0.000         0.044      0.00000       1.898E-07
          640.0       0.000         0.030      0.00000       1.898E-07
          660.0       0.000         0.021      0.00000       1.898E-07
          680.0       0.000         0.014      0.00000       1.898E-07
          700.0       0.000         0.010      0.00000       1.898E-07
          720.0       0.000         0.007      0.00000       1.898E-07
          740.0       0.000         0.005      0.00000       1.898E-07
          760.0       0.000         0.003      0.00000       1.898E-07
          780.0       0.000         0.002      0.00000       1.898E-07
          800.0       0.000         0.002      0.00000       1.898E-07
          820.0       0.000         0.001      0.00000       1.898E-07
          840.0       0.000         0.001      0.00000       1.898E-07
          860.0       0.000         0.001      0.00000       1.898E-07
          880.0       0.000         0.000      0.00000       1.898E-07
          900.0       0.000         0.000      0.00000       1.898E-07
          920.0       0.000         0.000      0.00000       1.898E-07
          940.0       0.000         0.000      0.00000       1.898E-07
          960.0       0.000         0.000      0.00000       1.898E-07
          980.0       0.000         0.000      0.00000       1.898E-07
   IDATE   UTG      SEC       GLAT     GLONG     STL    F107A     F107      AP(3) IART    GMLAT      GMLONG      SZAD    
   76183 ******** ********    86.12   228.69    12.00    60.00    60.00     4.00   1      79.87     199.76       62.99
        2.200E+07        2.731E-07
        2.400E+07        3.154E-07
        2.600E+07        2.805E-07
        2.800E+07        2.953E-07
        3.000E+07        3.033E-07
        3.200E+07        3.068E-07
        3.400E+07        3.077E-07
        3.600E+07        3.070E-07
        3.800E+07        3.055E-07
        4.000E+07        3.036E-07
        4.200E+07        3.016E-07
        4.400E+07        2.996E-07
        4.600E+07        2.978E-07
        4.800E+07        2.979E-07
        5.000E+07        2.979E-07
        5.200E+07        2.979E-07
        5.400E+07        2.979E-07
        5.600E+07        2.979E-07
        5.800E+07        2.979E-07
        6.000E+07        2.979E-07
        6.200E+07        2.979E-07
        6.400E+07        2.979E-07
        6.600E+07        2.979E-07
        6.800E+07        2.979E-07
        7.000E+07        2.979E-07
        7.200E+07        2.979E-07
        7.400E+07        2.979E-07
        7.600E+07        2.979E-07
        7.800E+07        2.979E-07
        8.000E+07        2.979E-07
        8.200E+07        2.979E-07
        8.400E+07        2.979E-07
        8.600E+07        2.979E-07
        8.800E+07        2.979E-07
        9.000E+07        2.979E-07
        9.200E+07        2.979E-07
        9.400E+07        2.979E-07
        9.600E+07        2.979E-07
        9.800E+07        2.979E-07
        1.000E+08        2.979E-07
           1.0000E-02
           0.0000E+00
           0.0000E+00
           5.0000E-06
           0.0000E+00
     2.2000E+07     0.0000E+00     0.0000E+00     0.0000E+00     0.0000E+00
     4.2000E+07     0.0000E+00     0.0000E+00     0.0000E+00     0.0000E+00
     6.2000E+07     0.0000E+00     0.0000E+00     0.0000E+00     0.0000E+00
     8.2000E+07     0.0000E+00     0.0000E+00     0.0000E+00     0.0000E+00
     1.0200E+08     0.0000E+00     0.0000E+00     0.0000E+00     0.0000E+00
     1.2200E+08     0.0000E+00     0.0000E+00     0.0000E+00     0.0000E+00
     1.4200E+08     0.0000E+00     0.0000E+00     0.0000E+00     0.0000E+00
     1.6200E+08     0.0000E+00     0.0000E+00     0.0000E+00     0.0000E+00
     1.8200E+08     0.0000E+00     0.0000E+00     0.0000E+00     0.0000E+00
     2.0200E+08     0.0000E+00     0.0000E+00     0.0000E+00     0.0000E+00
     2.2200E+08     0.0000E+00     0.0000E+00     0.0000E+00     0.0000E+00
     2.4200E+08     0.0000E+00     0.0000E+00     0.0000E+00     0.0000E+00
     2.6200E+08     0.0000E+00     0.0000E+00     0.0000E+00     0.0000E+00
     2.8200E+08     0.0000E+00     0.0000E+00     0.0000E+00     0.0000E+00
     3.0200E+08     0.0000E+00     0.0000E+00     0.0000E+00     0.0000E+00
     3.2200E+08     0.0000E+00     0.0000E+00     0.0000E+00     0.0000E+00
     3.4200E+08     0.0000E+00     0.0000E+00     0.0000E+00     0.0000E+00
     3.6200E+08     0.0000E+00     0.0000E+00     0.0000E+00     0.0000E+00
     3.8200E+08     0.0000E+00     0.0000E+00     0.0000E+00     0.0000E+00
     4.0200E+08     0.0000E+00     0.0000E+00     0.0000E+00     0.0000E+00
     4.2200E+08     0.0000E+00     0.0000E+00     0.0000E+00     0.0000E+00
     4.4200E+08     0.0000E+00     0.0000E+00     0.0000E+00     0.0000E+00
     4.6200E+08     0.0000E+00     0.0000E+00     0.0000E+00     0.0000E+00
     4.8200E+08     0.0000E+00     0.0000E+00     0.0000E+00     0.0000E+00
     5.0200E+08     0.0000E+00     0.0000E+00     0.0000E+00     0.0000E+00
     5.2200E+08     0.0000E+00     0.0000E+00     0.0000E+00     0.0000E+00
     5.4200E+08     0.0000E+00     0.0000E+00     0.0000E+00     0.0000E+00
     5.6200E+08     0.0000E+00     0.0000E+00     0.0000E+00     0.0000E+00
     5.8200E+08     0.0000E+00     0.0000E+00     0.0000E+00     0.0000E+00
     6.0200E+08     0.0000E+00     0.0000E+00     0.0000E+00     0.0000E+00
     6.2200E+08     0.0000E+00     0.0000E+00     0.0000E+00     0.0000E+00
     6.4200E+08     0.0000E+00     0.0000E+00     0.0000E+00     0.0000E+00
     6.6200E+08     0.0000E+00     0.0000E+00     0.0000E+00     0.0000E+00
     6.8200E+08     0.0000E+00     0.0000E+00     0.0000E+00     0.0000E+00
     7.0200E+08     0.0000E+00     0.0000E+00     0.0000E+00     0.0000E+00
     7.2200E+08     0.0000E+00     0.0000E+00     0.0000E+00     0.0000E+00
     7.4200E+08     0.0000E+00     0.0000E+00     0.0000E+00     0.0000E+00
     7.6200E+08     0.0000E+00     0.0000E+00     0.0000E+00     0.0000E+00
     7.8200E+08     0.0000E+00     0.0000E+00     0.0000E+00     0.0000E+00
           0.0000E+00     5.0000E+01
           5.0000E-02
         0
1     NUMBER OF CELLS= 390
     NEXP=3
     GAMMA=1.67
     RGAS(OXYGEN)=5.1982E+06       CP(OXYGEN)=1.2995E+07       CV(OXYGEN)=7.7973E+06
     RGAS(HELIUM)=2.0771E+07       CP(HELIUM)=5.1929E+07       CV(HELIUM)=3.1157E+07
     RGAS(HYDROGEN)=8.2483E+07     CP(HYDROGEN)=2.0621E+08     CV(HYDROGEN)=1.2372E+08
     RGAS(ELECTRON)=1.5156E+11     CP(ELECTRON)=3.7891E+11     CV(ELECTRON)=2.2735E+11
0     LOWER BOUNDARY PLASMA PARAMETERS:
     OXYGEN:
     VELOCITY= 0.0000E+00   PRESSURE=7.9674E-09   MASS DENSITY=1.9190E-18   TEMPERATURE=7.9870E+02   SOUND VELOCITY=8.3184E+04
     HELIUM:
     VELOCITY= 0.0000E+00   PRESSURE=5.9372E-16   MASS DENSITY=3.5788E-26   TEMPERATURE=7.9870E+02   SOUND VELOCITY=1.6628E+05
     HYDROGEN:
     VELOCITY= 0.0000E+00   PRESSURE=1.3747E-12   MASS DENSITY=2.0867E-23   TEMPERATURE=7.9870E+02   SOUND VELOCITY=3.3136E+05
     ELECTRONS:
     VELOCITY= 0.0000E+00   PRESSURE=7.9688E-09   MASS DENSITY=6.5829E-23   TEMPERATURE=7.9870E+02   SOUND VELOCITY=1.4204E+07
0     UPPER BOUNDARY INITIAL PLASMA PARAMETERS:
     OXYGEN:
     VELOCITY= 1.0355E+05   PRESSURE=2.7840E-11   MASS DENSITY=2.7180E-21   TEMPERATURE=1.9705E+03   SOUND VELOCITY=1.3066E+05
     HELIUM:
     VELOCITY= 7.0636E+05   PRESSURE=2.2696E-14   MASS DENSITY=3.1340E-25   TEMPERATURE=3.4864E+03   SOUND VELOCITY=3.4742E+05
     HYDROGEN:
     VELOCITY= 1.8219E+06   PRESSURE=6.4078E-12   MASS DENSITY=1.6535E-23   TEMPERATURE=4.6983E+03   SOUND VELOCITY=8.0367E+05
     ELECTRONS:
     VELOCITY= 2.0130E+06   PRESSURE=1.8769E-10   MASS DENSITY=1.0226E-25   TEMPERATURE=1.2110E+04   SOUND VELOCITY=5.5308E+07
0     TOPSIDE ELECTRON HEATING RATE:1.0000E-02 ERGS/CM**3/SEC
0     ENERGY COLLISION TERM COEFFICIENTS
0     CTOXN2=5.6694E+06     CTOXO2=5.1969E+06    CTOXO=7.7973E+06
     CTOXHE=1.2473E+07     CTOXH=1.4670E+07     CTOXHD=1.4670E+07     CTOXHL=1.2473E+07     CTOXEL=1.5594E+07
     CTHEN2=7.7937E+06     CTHEO2=6.9278E+06    CTHEO=1.2473E+07
     CTHEHE=3.1157E+07     CTHEH=4.9779E+07     CTHEOX=1.2473E+07     CTHEHD=4.9779E+07     CTHEEL=6.2306E+07
     CTHN2=8.5983E+06      CTHO2=7.5564E+06     CTHO=1.4670E+07
     CTHHE=4.9779E+07      CTHH=1.2372E+08      CTHOX=1.4670E+07      CTHHL=4.9779E+07      CTHEL=2.4731E+08
     CTELN2=8.9077E+06     CTELO2=7.7942E+06    CTELO=1.5594E+07
     CTELHE=6.2306E+07     CTELH=2.4731E+08     CTELOX=1.5594E+07     CTELHL=6.2306E+07     CTELHD=2.4731E+08     
0     CMOXN2=6.3645E-01     CMOXO2=6.6675E-01    CMOXO=5.0000E-01
     CMOXHE=2.0016E-01     CMOXH=5.9285E-02     CMOXHD=5.9285E-02     CMOXHL=2.0016E-01     CMOXEL=3.4296E-05
     CMHEN2=8.7493E-01     CMHEO2=8.8882E-01    CMHEO=7.9984E-01
     CMHEHE=5.0000E-01     CMHEH=2.0117E-01     CMHEOX=7.9984E-01     CMHEHD=2.0117E-01     CMHEEL=1.3703E-04
     CMHN2=9.6525E-01      CMHO2=9.6946E-01     CMHO=9.4071E-01
     CMHHE=7.9883E-01      CMHH=5.0000E-01      CMHOX=9.4071E-01      CMHHL=7.9883E-01      CMHEL=5.4391E-04
     CMELN2=9.9998E-01     CMELO2=9.9998E-01    CMELO=9.9997E-01
     CMELHE=9.9986E-01     CMELH=9.9946E-01     CMELOX=9.9997E-01     CMELHL=9.9986E-01     CMELHD=9.9946E-01     
0     HEAT CONDUCTION COEFFICIENTS AT UPPER BOUNDARY
0     CZHN2=1.0116E-57      CZHO2=3.4872E-67      CZHO=5.7011E-35       CZHOX=3.2459E+24
     CZHEN2=4.8172E-58     CZHEO2=1.6673E-67     CZHEHE=2.7678E-13     CZHEO=8.7112E-34
     CZHEH=7.0964E-07      CZHEOX=2.3993E+23     CZHEHD=1.8702E+24
     XTNMAX=8.3415E+02
1                                             NEUTRAL ATMOSPHERE NUMBER DENSITIES
                ALT             N2             O2               O              HE               H               T
     0        200.00       2.63107E+09     1.79169E+08     1.37283E+09     6.13087E+05     2.08505E+05     7.98696E+02
     1        220.00       1.19532E+09     7.29671E+07     8.21338E+08     5.42041E+05     1.84993E+05     8.15418E+02
     2        240.00       5.57423E+08     3.05610E+07     5.07712E+08     4.83697E+05     1.72807E+05     8.24216E+02
     3        260.00       2.64016E+08     1.30196E+07     3.20807E+08     4.33603E+05     1.65222E+05     8.28863E+02
     4        280.00       1.26326E+08     5.60929E+06     2.05838E+08     3.89735E+05     1.59639E+05     8.31326E+02
     5        300.00       6.08925E+07     2.43670E+06     1.33895E+08     3.50898E+05     1.55001E+05     8.32637E+02
     6        320.00       2.95264E+07     1.06560E+06     8.75082E+07     3.16305E+05     1.50785E+05     8.33337E+02
     7        340.00       1.43910E+07     4.68721E+05     5.75699E+07     2.85384E+05     1.46791E+05     8.33713E+02
     8        360.00       7.04725E+06     2.07282E+05     3.80720E+07     2.57682E+05     1.43075E+05     8.33915E+02
     9        380.00       3.46646E+06     9.21333E+04     2.52859E+07     2.32830E+05     1.39485E+05     8.34024E+02
    10        400.00       1.71248E+06     4.11538E+04     1.68556E+07     2.10511E+05     1.36011E+05     8.34083E+02
    11        420.00       8.49571E+05     1.84712E+04     1.12293E+07     1.90448E+05     1.32645E+05     8.34115E+02
    12        440.00       4.23229E+05     8.32991E+03     7.54082E+06     1.72401E+05     1.29383E+05     8.34133E+02
    13        460.00       2.11704E+05     3.77414E+03     5.07580E+06     1.56157E+05     1.26221E+05     8.34142E+02
    14        480.00       1.06327E+05     1.71793E+03     3.42450E+06     1.41525E+05     1.23154E+05     8.34148E+02
    16        520.00       2.71445E+04     3.60857E+02     1.56950E+06     1.16446E+05     1.17292E+05     8.34152E+02
    18        560.00       7.03981E+03     7.71762E+01     7.25830E+05     9.60265E+04     1.11773E+05     8.34154E+02
    20        600.00       1.85422E+03     1.68001E+01     3.38649E+05     7.93633E+04     1.06572E+05     8.34154E+02
    22        640.00       4.95870E+02     3.72127E+00     1.59382E+05     6.57342E+04     1.01668E+05     8.34154E+02
    24        680.00       1.34607E+02     8.38473E-01     7.56550E+04     5.45622E+04     9.70422E+04     8.34154E+02
    26        720.00       3.70807E+01     1.92124E-01     3.62146E+04     4.53840E+04     9.26752E+04     8.34154E+02
    28        760.00       1.03635E+01     4.47557E-02     1.74790E+04     3.78278E+04     8.85504E+04     8.34154E+02
    30        800.00       2.93788E+00     1.05966E-02     8.50503E+03     3.15937E+04     8.46521E+04     8.34154E+02
    35        900.00       1.33562E-01     3.09779E-04     1.45418E+03     2.03159E+04     7.58048E+04     8.34154E+02
    40       1000.00       6.60272E-03     9.96611E-06     2.60829E+02     1.32212E+04     6.80856E+04     8.34154E+02
    45       1100.00       3.53747E-04     3.51495E-07     4.89838E+01     8.70353E+03     6.13284E+04     8.34154E+02
    50       1200.00       2.04743E-05     1.35411E-08     9.61433E+00     5.79311E+03     5.53944E+04     8.34154E+02
    55       1300.00       1.27633E-06     5.67841E-10     1.96882E+00     3.89703E+03     5.01673E+04     8.34154E+02
    60       1400.00       8.54490E-08     2.58358E-11     4.19956E-01     2.64840E+03     4.55495E+04     8.34154E+02
    70       1600.00       4.69368E-10     6.74751E-14     2.14617E-02     1.25921E+03     3.78235E+04     8.34154E+02
    80       1800.00       3.32564E-12     2.35729E-16     1.26853E-03     6.20879E+02     3.16949E+04     8.34154E+02
    90       2000.00       2.98452E-14     1.07891E-18     8.58193E-05     3.16649E+02     2.67844E+04     8.34154E+02
   100       2200.00       3.33680E-16     6.34817E-21     6.58290E-06     1.66643E+02     2.28131E+04     8.34154E+02
   110       2400.00       4.57846E-18     4.72009E-23     5.67633E-07     9.03024E+01     1.95732E+04     8.34154E+02
   120       2600.00       7.60498E-20     4.36613E-25     5.45935E-08     5.02884E+01     1.69085E+04     8.34154E+02
   130       2800.00       1.51022E-21     4.95322E-27     5.81482E-09     2.87287E+01     1.47000E+04     8.34154E+02
   140       3000.00       3.54472E-23     6.80221E-29     6.81425E-10     1.68088E+01     1.28565E+04     8.34154E+02
   150       3200.00       9.73145E-25     1.11735E-30     8.73347E-11     1.00572E+01     1.13073E+04     8.34154E+02
   160       3400.00       3.09492E-26     2.17134E-32     1.21746E-11     6.14534E+00     9.99710E+03     8.34154E+02
   170       3600.00       1.13020E-27     4.94172E-34     1.83667E-12     3.82992E+00     8.88250E+03     8.34154E+02
   180       3800.00       4.70068E-29     1.30496E-35     2.98464E-13     2.43167E+00     7.92892E+03     8.34154E+02
   190       4000.00       2.21001E-30     3.96414E-37     5.20197E-14     1.57117E+00     7.10876E+03     8.34154E+02
   200       4200.00       1.16637E-31     1.37431E-38     9.68580E-15     1.03209E+00     6.39980E+03     8.34154E+02
   210       4400.00       6.86588E-33     5.39771E-40     1.91954E-15     6.88623E-01     5.78406E+03     8.34154E+02
   220       4600.00       4.48104E-34     2.38540E-41     4.03528E-16     4.66284E-01     5.24687E+03     8.34154E+02
   230       4800.00       3.22462E-35     1.17866E-42     8.96990E-17     3.20169E-01     4.77620E+03     8.34154E+02
   240       5000.00       2.54542E-36     6.47349E-44     2.10214E-17     2.22765E-01     4.36214E+03     8.34154E+02
   250       5200.00       2.19350E-37     3.93033E-45     5.17973E-18     1.56949E-01     3.99648E+03     8.34154E+02
   260       5400.00       2.05435E-38     2.62447E-46     1.33849E-18     1.11901E-01     3.67237E+03     8.34154E+02
   270       5600.00       2.08237E-39     1.91826E-47     3.61865E-19     8.06898E-02     3.38409E+03     8.34154E+02
   280       5800.00       2.27559E-40     1.52789E-48     1.02127E-19     5.88121E-02     3.12683E+03     8.34154E+02
   290       6000.00       2.67117E-41     1.32064E-49     3.00252E-20     4.33065E-02     2.89652E+03     8.34154E+02
   300       6200.00       3.35658E-42     1.23395E-50     9.17785E-21     3.22008E-02     2.68970E+03     8.34154E+02
   310       6400.00       4.50083E-43     1.24175E-51     2.91145E-21     2.41663E-02     2.50346E+03     8.34154E+02
   320       6600.00       6.42073E-44     1.34125E-52     9.56858E-22     1.82976E-02     2.33526E+03     8.34154E+02
   330       6800.00       9.71732E-45     1.54997E-53     3.25278E-22     1.39716E-02     2.18298E+03     8.34154E+02
   340       7000.00       1.55607E-45     1.91056E-54     1.14202E-22     1.07548E-02     2.04474E+03     8.34154E+02
   350       7200.00       2.62995E-46     2.50485E-55     4.13508E-23     8.34263E-03     1.91895E+03     8.34154E+02
   360       7400.00       4.68037E-47     3.48353E-56     1.54207E-23     6.51940E-03     1.80422E+03     8.34154E+02
   370       7600.00       8.75120E-48     5.12597E-57     5.91536E-24     5.13071E-03     1.69935E+03     8.34154E+02
   380       7800.00       1.71554E-48     7.96184E-58     2.33131E-24     4.06520E-03     1.60328E+03     8.34154E+02
   390       8000.00       3.51901E-49     1.30242E-58     9.42906E-25     3.24190E-03     1.51509E+03     8.34154E+02
   391       8020.00       3.01074E-49     1.08975E-58     8.62494E-25     3.17045E-03     1.50667E+03     8.34154E+02
1                                                       SOURCE COEFFICIENTS:
            ALT      GRAVTY     FFOX1     FFOX2     FFOX3     FFOX4     FFOX5     FFOX6    FFHYD1    FFHYD2    FFHE1     FFHE2
     1    220.00   -9.16E+02  6.00E-21  2.87E-01 -4.62E-06 -1.83E-03 -3.26E-03 -2.06E-03  2.91E-07 -1.81E-02  1.39E-25 -1.99E+00
     2    240.00   -9.10E+02  4.29E-21  1.77E-01 -4.32E-06 -8.53E-04 -1.52E-03 -8.62E-04  2.72E-07 -1.12E-02  1.24E-25 -9.25E-01
     3    260.00   -9.04E+02  2.41E-21  1.12E-01 -4.13E-06 -4.04E-04 -7.21E-04 -3.67E-04  2.60E-07 -7.06E-03  1.12E-25 -4.37E-01
     4    280.00   -8.99E+02  1.63E-21  7.19E-02 -3.99E-06 -1.93E-04 -3.45E-04 -1.58E-04  2.52E-07 -4.53E-03  1.00E-25 -2.08E-01
     5    300.00   -8.94E+02  1.09E-21  4.67E-02 -3.88E-06 -9.32E-05 -1.66E-04 -6.87E-05  2.44E-07 -2.95E-03  9.03E-26 -1.00E-01
     6    320.00   -8.88E+02  7.19E-22  3.05E-02 -3.77E-06 -4.52E-05 -8.06E-05 -3.00E-05  2.38E-07 -1.93E-03  8.14E-26 -4.84E-02
     7    340.00   -8.83E+02  4.74E-22  2.01E-02 -3.67E-06 -2.20E-05 -3.93E-05 -1.32E-05  2.31E-07 -1.27E-03  7.34E-26 -2.35E-02
     8    360.00   -8.78E+02  3.13E-22  1.33E-02 -3.58E-06 -1.08E-05 -1.92E-05 -5.85E-06  2.25E-07 -8.38E-04  6.63E-26 -1.15E-02
     9    380.00   -8.73E+02  2.07E-22  8.83E-03 -3.49E-06 -5.30E-06 -9.46E-06 -2.60E-06  2.20E-07 -5.56E-04  5.99E-26 -5.65E-03
    10    400.00   -8.67E+02  1.37E-22  5.88E-03 -3.40E-06 -2.62E-06 -4.68E-06 -1.16E-06  2.14E-07 -3.71E-04  5.42E-26 -2.79E-03
    11    420.00   -8.62E+02  9.06E-23  3.92E-03 -3.32E-06 -1.30E-06 -2.32E-06 -5.21E-07  2.09E-07 -2.47E-04  4.90E-26 -1.38E-03
    12    440.00   -8.57E+02  6.05E-23  2.63E-03 -3.23E-06 -6.48E-07 -1.16E-06 -2.35E-07  2.04E-07 -1.66E-04  4.43E-26 -6.86E-04
    13    460.00   -8.52E+02  4.05E-23  1.77E-03 -3.16E-06 -3.24E-07 -5.78E-07 -1.06E-07  1.99E-07 -1.12E-04  4.02E-26 -3.43E-04
    14    480.00   -8.47E+02  2.73E-23  1.20E-03 -3.08E-06 -1.63E-07 -2.90E-07 -4.84E-08  1.94E-07 -7.53E-05  3.64E-26 -1.72E-04
    16    520.00   -8.37E+02  1.25E-23  5.48E-04 -2.93E-06 -4.15E-08 -7.41E-08 -1.02E-08  1.85E-07 -3.45E-05  3.00E-26 -4.38E-05
    18    560.00   -8.28E+02  5.79E-24  2.53E-04 -2.79E-06 -1.08E-08 -1.92E-08 -2.18E-09  1.76E-07 -1.60E-05  2.47E-26 -1.13E-05
    20    600.00   -8.18E+02  2.70E-24  1.18E-04 -2.66E-06 -2.84E-09 -5.06E-09 -4.74E-10  1.68E-07 -7.45E-06  2.04E-26 -2.99E-06
    22    640.00   -8.09E+02  1.27E-24  5.56E-05 -2.54E-06 -7.59E-10 -1.35E-09 -1.05E-10  1.60E-07 -3.51E-06  1.69E-26 -7.97E-07
    24    680.00   -8.00E+02  6.03E-25  2.64E-05 -2.43E-06 -2.06E-10 -3.67E-10 -2.36E-11  1.53E-07 -1.66E-06  1.40E-26 -2.16E-07
    26    720.00   -7.91E+02  2.89E-25  1.26E-05 -2.32E-06 -5.67E-11 -1.01E-10 -5.42E-12  1.46E-07 -7.97E-07  1.17E-26 -5.95E-08
    28    760.00   -7.82E+02  1.39E-25  6.10E-06 -2.21E-06 -1.59E-11 -2.83E-11 -1.26E-12  1.40E-07 -3.85E-07  9.73E-27 -1.66E-08
    30    800.00   -7.73E+02  6.78E-26  2.97E-06 -2.12E-06 -4.49E-12 -8.02E-12 -2.99E-13  1.33E-07 -1.87E-07  8.13E-27 -4.71E-09
    35    900.00   -7.52E+02  1.16E-26  5.08E-07 -1.90E-06 -2.04E-13 -3.65E-13 -8.74E-15  1.19E-07 -3.20E-08  5.23E-27 -2.14E-10
    40   1000.00   -7.32E+02  2.08E-27  9.11E-08 -1.70E-06 -1.01E-14 -1.80E-14 -2.81E-16  1.07E-07 -5.74E-09  3.40E-27 -1.06E-11
    45   1100.00   -7.12E+02  3.91E-28  1.71E-08 -1.53E-06 -5.41E-16 -9.66E-16 -9.91E-18  9.66E-08 -1.08E-09  2.24E-27 -5.66E-13
    50   1200.00   -6.93E+02  7.67E-29  3.36E-09 -1.38E-06 -3.13E-17 -5.59E-17 -3.82E-19  8.73E-08 -2.12E-10  1.49E-27 -3.28E-14
    55   1300.00   -6.75E+02  1.57E-29  6.87E-10 -1.25E-06 -1.95E-18 -3.48E-18 -1.60E-20  7.90E-08 -4.33E-11  1.00E-27 -2.04E-15
    60   1400.00   -6.58E+02  3.35E-30  1.47E-10 -1.14E-06 -1.31E-19 -2.33E-19 -7.29E-22  7.18E-08 -9.24E-12  6.81E-28 -1.37E-16
    70   1600.00   -6.25E+02  1.71E-31  7.49E-12 -9.46E-07 -7.18E-22 -1.28E-21 -1.90E-24  5.96E-08 -4.72E-13  3.24E-28 -7.51E-19
    80   1800.00   -5.95E+02  1.01E-32  4.43E-13 -7.92E-07 -5.09E-24 -9.08E-24 -6.65E-27  4.99E-08 -2.79E-14  1.60E-28 -5.32E-21
    90   2000.00   -5.67E+02  6.84E-34  3.00E-14 -6.70E-07 -4.57E-26 -8.15E-26 -3.04E-29  4.22E-08 -1.89E-15  8.15E-29 -4.78E-23
   100   2200.00   -5.41E+02  5.25E-35  2.30E-15 -5.70E-07 -5.11E-28 -9.11E-28 -1.79E-31  3.59E-08 -1.45E-16  4.29E-29 -5.34E-25
   110   2400.00   -5.16E+02  4.53E-36  1.98E-16 -4.89E-07 -7.01E-30 -1.25E-29 -1.33E-33  3.08E-08 -1.25E-17  2.32E-29 -7.33E-27
   120   2600.00   -4.94E+02  4.35E-37  1.91E-17 -4.23E-07 -1.16E-31 -2.08E-31 -1.23E-35  2.66E-08 -1.20E-18  1.29E-29 -1.22E-28
   130   2800.00   -4.72E+02  4.64E-38  2.03E-18 -3.67E-07 -2.31E-33 -4.12E-33 -1.40E-37  2.32E-08 -1.28E-19  7.39E-30 -2.42E-30
   140   3000.00   -4.52E+02  5.43E-39  2.38E-19 -3.21E-07 -5.42E-35 -9.68E-35 -1.92E-39  2.03E-08 -1.50E-20  4.32E-30 -5.67E-32
   150   3200.00   -4.34E+02  6.96E-40  3.05E-20 -2.83E-07 -1.49E-36 -2.66E-36 -3.15E-41  1.78E-08 -1.92E-21  2.59E-30 -1.56E-33
   160   3400.00   -4.16E+02  9.71E-41  4.25E-21 -2.50E-07 -4.74E-38 -8.45E-38 -6.12E-43  1.58E-08 -2.68E-22  1.58E-30 -4.95E-35
   170   3600.00   -3.99E+02  1.46E-41  6.41E-22 -2.22E-07 -1.73E-39 -3.09E-39 -1.39E-44  1.40E-08 -4.04E-23  9.85E-31 -1.81E-36
   180   3800.00   -3.84E+02  2.38E-42  1.04E-22 -1.98E-07 -7.19E-41 -1.28E-40 -3.68E-46  1.25E-08 -6.57E-24  6.26E-31 -7.52E-38
   190   4000.00   -3.69E+02  4.15E-43  1.82E-23 -1.78E-07 -3.38E-42 -6.03E-42 -1.12E-47  1.12E-08 -1.14E-24  4.04E-31 -3.54E-39
   200   4200.00   -3.55E+02  7.72E-44  3.38E-24 -1.60E-07 -1.78E-43 -3.18E-43 -3.88E-49  1.01E-08 -2.13E-25  2.65E-31 -1.87E-40
   210   4400.00   -3.42E+02  1.53E-44  6.70E-25 -1.45E-07 -1.05E-44 -1.87E-44 -1.52E-50  9.11E-09 -4.22E-26  1.77E-31 -1.10E-41
   220   4600.00   -3.30E+02  3.22E-45  1.41E-25 -1.31E-07 -6.86E-46 -1.22E-45 -6.73E-52  8.27E-09 -8.88E-27  1.20E-31 -7.17E-43
   230   4800.00   -3.18E+02  7.15E-46  3.13E-26 -1.19E-07 -4.93E-47 -8.80E-47 -3.32E-53  7.53E-09 -1.97E-27  8.24E-32 -5.16E-44
   240   5000.00   -3.07E+02  1.68E-46  7.34E-27 -1.09E-07 -3.89E-48 -6.95E-48 -1.83E-54  6.87E-09 -4.62E-28  5.73E-32 -4.07E-45
   250   5200.00   -2.96E+02  4.13E-47  1.81E-27 -9.99E-08 -3.36E-49 -5.99E-49 -1.11E-55  6.30E-09 -1.14E-28  4.04E-32 -3.51E-46
   260   5400.00   -2.86E+02  1.07E-47  4.67E-28 -9.18E-08 -3.14E-50 -5.61E-50 -7.40E-57  5.79E-09 -2.94E-29  2.88E-32 -3.29E-47
   270   5600.00   -2.77E+02  2.89E-48  1.26E-28 -8.46E-08 -3.19E-51 -5.68E-51 -5.41E-58  5.33E-09 -7.96E-30  2.08E-32 -3.33E-48
   280   5800.00   -2.68E+02  8.14E-49  3.57E-29 -7.82E-08 -3.48E-52 -6.21E-52 -4.31E-59  4.93E-09 -2.25E-30  1.51E-32 -3.64E-49
   290   6000.00   -2.59E+02  2.39E-49  1.05E-29 -7.24E-08 -4.09E-53 -7.29E-53 -3.72E-60  4.56E-09 -6.61E-31  1.11E-32 -4.27E-50
   300   6200.00   -2.51E+02  7.32E-50  3.20E-30 -6.72E-08 -5.14E-54 -9.16E-54 -3.48E-61  4.24E-09 -2.02E-31  8.28E-33 -5.37E-51
   310   6400.00   -2.43E+02  2.32E-50  1.02E-30 -6.26E-08 -6.89E-55 -1.23E-54 -3.50E-62  3.94E-09 -6.41E-32  6.22E-33 -7.20E-52
   320   6600.00   -2.36E+02  7.63E-51  3.34E-31 -5.84E-08 -9.82E-56 -1.75E-55 -3.78E-63  3.68E-09 -2.11E-32  4.71E-33 -1.03E-52
   330   6800.00   -2.29E+02  2.59E-51  1.14E-31 -5.46E-08 -1.49E-56 -2.65E-56 -4.37E-64  3.44E-09 -7.16E-33  3.59E-33 -1.55E-53
   340   7000.00   -2.22E+02  9.11E-52  3.99E-32 -5.11E-08 -2.38E-57 -4.25E-57 -5.39E-65  3.22E-09 -2.51E-33  2.77E-33 -2.49E-54
   350   7200.00   -2.15E+02  3.30E-52  1.44E-32 -4.80E-08 -4.02E-58 -7.18E-58 -7.06E-66  3.02E-09 -9.10E-34  2.15E-33 -4.21E-55
   360   7400.00   -2.09E+02  1.23E-52  5.38E-33 -4.51E-08 -7.16E-59 -1.28E-58 -9.82E-67  2.84E-09 -3.39E-34  1.68E-33 -7.49E-56
   370   7600.00   -2.03E+02  4.72E-53  2.06E-33 -4.25E-08 -1.34E-59 -2.39E-59 -1.45E-67  2.68E-09 -1.30E-34  1.32E-33 -1.40E-56
   380   7800.00   -1.98E+02  1.86E-53  8.14E-34 -4.01E-08 -2.62E-60 -4.68E-60 -2.25E-68  2.53E-09 -5.13E-35  1.05E-33 -2.74E-57
   390   8000.00   -1.92E+02  7.52E-54  3.29E-34 -3.79E-08 -5.38E-61 -9.61E-61 -3.67E-69  2.39E-09 -2.07E-35  8.34E-34 -5.63E-58
1                                                  COLLISION COEFFICIENTS FOR OXYGEN
            ALT       CLOXN2      CLOXO2      CLOXO       CLOXHE      CLOXH       CLOXHL      CLOXHD      CLOXEL
     1    220.00    0.0000E+00  0.0000E+00  3.0143E-02  0.0000E+00  8.5652E-07  2.3548E+23  3.2243E+24  2.0418E+24
     2    240.00    0.0000E+00  0.0000E+00  1.8633E-02  0.0000E+00  8.0010E-07  2.3548E+23  3.2243E+24  2.0418E+24
     3    260.00    0.0000E+00  0.0000E+00  1.1774E-02  0.0000E+00  7.6498E-07  2.3548E+23  3.2243E+24  2.0418E+24
     4    280.00    0.0000E+00  0.0000E+00  7.5542E-03  0.0000E+00  7.3913E-07  2.3548E+23  3.2243E+24  2.0418E+24
     5    300.00    0.0000E+00  0.0000E+00  4.9140E-03  0.0000E+00  7.1766E-07  2.3548E+23  3.2243E+24  2.0418E+24
     6    320.00    0.0000E+00  0.0000E+00  3.2115E-03  0.0000E+00  6.9813E-07  2.3548E+23  3.2243E+24  2.0418E+24
     7    340.00    0.0000E+00  0.0000E+00  2.1128E-03  0.0000E+00  6.7964E-07  2.3548E+23  3.2243E+24  2.0418E+24
     8    360.00    0.0000E+00  0.0000E+00  1.3972E-03  0.0000E+00  6.6244E-07  2.3548E+23  3.2243E+24  2.0418E+24
     9    380.00    0.0000E+00  0.0000E+00  9.2799E-04  0.0000E+00  6.4582E-07  2.3548E+23  3.2243E+24  2.0418E+24
    10    400.00    0.0000E+00  0.0000E+00  6.1860E-04  0.0000E+00  6.2973E-07  2.3548E+23  3.2243E+24  2.0418E+24
    11    420.00    0.0000E+00  0.0000E+00  4.1211E-04  0.0000E+00  6.1415E-07  2.3548E+23  3.2243E+24  2.0418E+24
    12    440.00    0.0000E+00  0.0000E+00  2.7675E-04  0.0000E+00  5.9904E-07  2.3548E+23  3.2243E+24  2.0418E+24
    13    460.00    0.0000E+00  0.0000E+00  1.8628E-04  0.0000E+00  5.8440E-07  2.3548E+23  3.2243E+24  2.0418E+24
    14    480.00    0.0000E+00  0.0000E+00  1.2568E-04  0.0000E+00  5.7020E-07  2.3548E+23  3.2243E+24  2.0418E+24
    16    520.00    0.0000E+00  0.0000E+00  5.7601E-05  0.0000E+00  5.4306E-07  2.3548E+23  3.2243E+24  2.0418E+24
    18    560.00    0.0000E+00  0.0000E+00  2.6638E-05  0.0000E+00  5.1751E-07  2.3548E+23  3.2243E+24  2.0418E+24
    20    600.00    0.0000E+00  0.0000E+00  1.2428E-05  0.0000E+00  4.9343E-07  2.3548E+23  3.2243E+24  2.0418E+24
    22    640.00    0.0000E+00  0.0000E+00  5.8493E-06  0.0000E+00  4.7072E-07  2.3548E+23  3.2243E+24  2.0418E+24
    24    680.00    0.0000E+00  0.0000E+00  2.7765E-06  0.0000E+00  4.4931E-07  2.3548E+23  3.2243E+24  2.0418E+24
    26    720.00    0.0000E+00  0.0000E+00  1.3291E-06  0.0000E+00  4.2909E-07  2.3548E+23  3.2243E+24  2.0418E+24
    28    760.00    0.0000E+00  0.0000E+00  6.4148E-07  0.0000E+00  4.0999E-07  2.3548E+23  3.2243E+24  2.0418E+24
    30    800.00    0.0000E+00  0.0000E+00  3.1213E-07  0.0000E+00  3.9194E-07  2.3548E+23  3.2243E+24  2.0418E+24
    35    900.00    0.0000E+00  0.0000E+00  5.3368E-08  0.0000E+00  3.5098E-07  2.3548E+23  3.2243E+24  2.0418E+24
    40   1000.00    0.0000E+00  0.0000E+00  9.5724E-09  0.0000E+00  3.1524E-07  2.3548E+23  3.2243E+24  2.0418E+24
    45   1100.00    0.0000E+00  0.0000E+00  1.7977E-09  0.0000E+00  2.8395E-07  2.3548E+23  3.2243E+24  2.0418E+24
    50   1200.00    0.0000E+00  0.0000E+00  3.5285E-10  0.0000E+00  2.5648E-07  2.3548E+23  3.2243E+24  2.0418E+24
    55   1300.00    0.0000E+00  0.0000E+00  7.2256E-11  0.0000E+00  2.3227E-07  2.3548E+23  3.2243E+24  2.0418E+24
    60   1400.00    0.0000E+00  0.0000E+00  1.5412E-11  0.0000E+00  2.1089E-07  2.3548E+23  3.2243E+24  2.0418E+24
    70   1600.00    0.0000E+00  0.0000E+00  7.8765E-13  0.0000E+00  1.7512E-07  2.3548E+23  3.2243E+24  2.0418E+24
    80   1800.00    0.0000E+00  0.0000E+00  4.6555E-14  0.0000E+00  1.4675E-07  2.3548E+23  3.2243E+24  2.0418E+24
    90   2000.00    0.0000E+00  0.0000E+00  3.1496E-15  0.0000E+00  1.2401E-07  2.3548E+23  3.2243E+24  2.0418E+24
   100   2200.00    0.0000E+00  0.0000E+00  2.4159E-16  0.0000E+00  1.0562E-07  2.3548E+23  3.2243E+24  2.0418E+24
   110   2400.00    0.0000E+00  0.0000E+00  2.0832E-17  0.0000E+00  9.0624E-08  2.3548E+23  3.2243E+24  2.0418E+24
   120   2600.00    0.0000E+00  0.0000E+00  2.0036E-18  0.0000E+00  7.8286E-08  2.3548E+23  3.2243E+24  2.0418E+24
   130   2800.00    0.0000E+00  0.0000E+00  2.1340E-19  0.0000E+00  6.8061E-08  2.3548E+23  3.2243E+24  2.0418E+24
   140   3000.00    0.0000E+00  0.0000E+00  2.5008E-20  0.0000E+00  5.9525E-08  2.3548E+23  3.2243E+24  2.0418E+24
   150   3200.00    0.0000E+00  0.0000E+00  3.2052E-21  0.0000E+00  5.2353E-08  2.3548E+23  3.2243E+24  2.0418E+24
   160   3400.00    0.0000E+00  0.0000E+00  4.4681E-22  0.0000E+00  4.6287E-08  2.3548E+23  3.2243E+24  2.0418E+24
   170   3600.00    0.0000E+00  0.0000E+00  6.7406E-23  0.0000E+00  4.1126E-08  2.3548E+23  3.2243E+24  2.0418E+24
   180   3800.00    0.0000E+00  0.0000E+00  1.0954E-23  0.0000E+00  3.6711E-08  2.3548E+23  3.2243E+24  2.0418E+24
   190   4000.00    0.0000E+00  0.0000E+00  1.9091E-24  0.0000E+00  3.2914E-08  2.3548E+23  3.2243E+24  2.0418E+24
   200   4200.00    0.0000E+00  0.0000E+00  3.5547E-25  0.0000E+00  2.9631E-08  2.3548E+23  3.2243E+24  2.0418E+24
   210   4400.00    0.0000E+00  0.0000E+00  7.0447E-26  0.0000E+00  2.6780E-08  2.3548E+23  3.2243E+24  2.0418E+24
   220   4600.00    0.0000E+00  0.0000E+00  1.4809E-26  0.0000E+00  2.4293E-08  2.3548E+23  3.2243E+24  2.0418E+24
   230   4800.00    0.0000E+00  0.0000E+00  3.2920E-27  0.0000E+00  2.2114E-08  2.3548E+23  3.2243E+24  2.0418E+24
   240   5000.00    0.0000E+00  0.0000E+00  7.7149E-28  0.0000E+00  2.0197E-08  2.3548E+23  3.2243E+24  2.0418E+24
   250   5200.00    0.0000E+00  0.0000E+00  1.9010E-28  0.0000E+00  1.8504E-08  2.3548E+23  3.2243E+24  2.0418E+24
   260   5400.00    0.0000E+00  0.0000E+00  4.9122E-29  0.0000E+00  1.7003E-08  2.3548E+23  3.2243E+24  2.0418E+24
   270   5600.00    0.0000E+00  0.0000E+00  1.3280E-29  0.0000E+00  1.5668E-08  2.3548E+23  3.2243E+24  2.0418E+24
   280   5800.00    0.0000E+00  0.0000E+00  3.7480E-30  0.0000E+00  1.4477E-08  2.3548E+23  3.2243E+24  2.0418E+24
   290   6000.00    0.0000E+00  0.0000E+00  1.1019E-30  0.0000E+00  1.3411E-08  2.3548E+23  3.2243E+24  2.0418E+24
   300   6200.00    0.0000E+00  0.0000E+00  3.3683E-31  0.0000E+00  1.2453E-08  2.3548E+23  3.2243E+24  2.0418E+24
   310   6400.00    0.0000E+00  0.0000E+00  1.0685E-31  0.0000E+00  1.1591E-08  2.3548E+23  3.2243E+24  2.0418E+24
   320   6600.00    0.0000E+00  0.0000E+00  3.5117E-32  0.0000E+00  1.0812E-08  2.3548E+23  3.2243E+24  2.0418E+24
   330   6800.00    0.0000E+00  0.0000E+00  1.1938E-32  0.0000E+00  1.0107E-08  2.3548E+23  3.2243E+24  2.0418E+24
   340   7000.00    0.0000E+00  0.0000E+00  4.1912E-33  0.0000E+00  9.4671E-09  2.3548E+23  3.2243E+24  2.0418E+24
   350   7200.00    0.0000E+00  0.0000E+00  1.5176E-33  0.0000E+00  8.8847E-09  2.3548E+23  3.2243E+24  2.0418E+24
   360   7400.00    0.0000E+00  0.0000E+00  5.6594E-34  0.0000E+00  8.3535E-09  2.3548E+23  3.2243E+24  2.0418E+24
   370   7600.00    0.0000E+00  0.0000E+00  2.1709E-34  0.0000E+00  7.8680E-09  2.3548E+23  3.2243E+24  2.0418E+24
   380   7800.00    0.0000E+00  0.0000E+00  8.5559E-35  0.0000E+00  7.4232E-09  2.3548E+23  3.2243E+24  2.0418E+24
   390   8000.00    0.0000E+00  0.0000E+00  3.4605E-35  0.0000E+00  7.0149E-09  2.3548E+23  3.2243E+24  2.0418E+24
1                                                  COLLISION COEFFICIENTS FOR HELIUM
            ALT       CLHEN2      CLHEO2      CLHEO       CLHEHE      CLHEH       CLHEOX      CLHEHD      CLHEEL
     1    220.00    0.0000E+00  0.0000E+00  0.0000E+00  4.7320E-05  0.0000E+00  2.3993E+23  1.8702E+24  8.1563E+24
     2    240.00    0.0000E+00  0.0000E+00  0.0000E+00  4.2227E-05  0.0000E+00  2.3993E+23  1.8702E+24  8.1563E+24
     3    260.00    0.0000E+00  0.0000E+00  0.0000E+00  3.7854E-05  0.0000E+00  2.3993E+23  1.8702E+24  8.1563E+24
     4    280.00    0.0000E+00  0.0000E+00  0.0000E+00  3.4024E-05  0.0000E+00  2.3993E+23  1.8702E+24  8.1563E+24
     5    300.00    0.0000E+00  0.0000E+00  0.0000E+00  3.0633E-05  0.0000E+00  2.3993E+23  1.8702E+24  8.1563E+24
     6    320.00    0.0000E+00  0.0000E+00  0.0000E+00  2.7613E-05  0.0000E+00  2.3993E+23  1.8702E+24  8.1563E+24
     7    340.00    0.0000E+00  0.0000E+00  0.0000E+00  2.4914E-05  0.0000E+00  2.3993E+23  1.8702E+24  8.1563E+24
     8    360.00    0.0000E+00  0.0000E+00  0.0000E+00  2.2496E-05  0.0000E+00  2.3993E+23  1.8702E+24  8.1563E+24
     9    380.00    0.0000E+00  0.0000E+00  0.0000E+00  2.0326E-05  0.0000E+00  2.3993E+23  1.8702E+24  8.1563E+24
    10    400.00    0.0000E+00  0.0000E+00  0.0000E+00  1.8378E-05  0.0000E+00  2.3993E+23  1.8702E+24  8.1563E+24
    11    420.00    0.0000E+00  0.0000E+00  0.0000E+00  1.6626E-05  0.0000E+00  2.3993E+23  1.8702E+24  8.1563E+24
    12    440.00    0.0000E+00  0.0000E+00  0.0000E+00  1.5051E-05  0.0000E+00  2.3993E+23  1.8702E+24  8.1563E+24
    13    460.00    0.0000E+00  0.0000E+00  0.0000E+00  1.3632E-05  0.0000E+00  2.3993E+23  1.8702E+24  8.1563E+24
    14    480.00    0.0000E+00  0.0000E+00  0.0000E+00  1.2355E-05  0.0000E+00  2.3993E+23  1.8702E+24  8.1563E+24
    16    520.00    0.0000E+00  0.0000E+00  0.0000E+00  1.0166E-05  0.0000E+00  2.3993E+23  1.8702E+24  8.1563E+24
    18    560.00    0.0000E+00  0.0000E+00  0.0000E+00  8.3831E-06  0.0000E+00  2.3993E+23  1.8702E+24  8.1563E+24
    20    600.00    0.0000E+00  0.0000E+00  0.0000E+00  6.9284E-06  0.0000E+00  2.3993E+23  1.8702E+24  8.1563E+24
    22    640.00    0.0000E+00  0.0000E+00  0.0000E+00  5.7386E-06  0.0000E+00  2.3993E+23  1.8702E+24  8.1563E+24
    24    680.00    0.0000E+00  0.0000E+00  0.0000E+00  4.7633E-06  0.0000E+00  2.3993E+23  1.8702E+24  8.1563E+24
    26    720.00    0.0000E+00  0.0000E+00  0.0000E+00  3.9620E-06  0.0000E+00  2.3993E+23  1.8702E+24  8.1563E+24
    28    760.00    0.0000E+00  0.0000E+00  0.0000E+00  3.3024E-06  0.0000E+00  2.3993E+23  1.8702E+24  8.1563E+24
    30    800.00    0.0000E+00  0.0000E+00  0.0000E+00  2.7581E-06  0.0000E+00  2.3993E+23  1.8702E+24  8.1563E+24
    35    900.00    0.0000E+00  0.0000E+00  0.0000E+00  1.7736E-06  0.0000E+00  2.3993E+23  1.8702E+24  8.1563E+24
    40   1000.00    0.0000E+00  0.0000E+00  0.0000E+00  1.1542E-06  0.0000E+00  2.3993E+23  1.8702E+24  8.1563E+24
    45   1100.00    0.0000E+00  0.0000E+00  0.0000E+00  7.5982E-07  0.0000E+00  2.3993E+23  1.8702E+24  8.1563E+24
    50   1200.00    0.0000E+00  0.0000E+00  0.0000E+00  5.0574E-07  0.0000E+00  2.3993E+23  1.8702E+24  8.1563E+24
    55   1300.00    0.0000E+00  0.0000E+00  0.0000E+00  3.4021E-07  0.0000E+00  2.3993E+23  1.8702E+24  8.1563E+24
    60   1400.00    0.0000E+00  0.0000E+00  0.0000E+00  2.3121E-07  0.0000E+00  2.3993E+23  1.8702E+24  8.1563E+24
    70   1600.00    0.0000E+00  0.0000E+00  0.0000E+00  1.0993E-07  0.0000E+00  2.3993E+23  1.8702E+24  8.1563E+24
    80   1800.00    0.0000E+00  0.0000E+00  0.0000E+00  5.4203E-08  0.0000E+00  2.3993E+23  1.8702E+24  8.1563E+24
    90   2000.00    0.0000E+00  0.0000E+00  0.0000E+00  2.7643E-08  0.0000E+00  2.3993E+23  1.8702E+24  8.1563E+24
   100   2200.00    0.0000E+00  0.0000E+00  0.0000E+00  1.4548E-08  0.0000E+00  2.3993E+23  1.8702E+24  8.1563E+24
   110   2400.00    0.0000E+00  0.0000E+00  0.0000E+00  7.8834E-09  0.0000E+00  2.3993E+23  1.8702E+24  8.1563E+24
   120   2600.00    0.0000E+00  0.0000E+00  0.0000E+00  4.3902E-09  0.0000E+00  2.3993E+23  1.8702E+24  8.1563E+24
   130   2800.00    0.0000E+00  0.0000E+00  0.0000E+00  2.5080E-09  0.0000E+00  2.3993E+23  1.8702E+24  8.1563E+24
   140   3000.00    0.0000E+00  0.0000E+00  0.0000E+00  1.4674E-09  0.0000E+00  2.3993E+23  1.8702E+24  8.1563E+24
   150   3200.00    0.0000E+00  0.0000E+00  0.0000E+00  8.7800E-10  0.0000E+00  2.3993E+23  1.8702E+24  8.1563E+24
   160   3400.00    0.0000E+00  0.0000E+00  0.0000E+00  5.3649E-10  0.0000E+00  2.3993E+23  1.8702E+24  8.1563E+24
   170   3600.00    0.0000E+00  0.0000E+00  0.0000E+00  3.3435E-10  0.0000E+00  2.3993E+23  1.8702E+24  8.1563E+24
   180   3800.00    0.0000E+00  0.0000E+00  0.0000E+00  2.1228E-10  0.0000E+00  2.3993E+23  1.8702E+24  8.1563E+24
   190   4000.00    0.0000E+00  0.0000E+00  0.0000E+00  1.3716E-10  0.0000E+00  2.3993E+23  1.8702E+24  8.1563E+24
   200   4200.00    0.0000E+00  0.0000E+00  0.0000E+00  9.0101E-11  0.0000E+00  2.3993E+23  1.8702E+24  8.1563E+24
   210   4400.00    0.0000E+00  0.0000E+00  0.0000E+00  6.0117E-11  0.0000E+00  2.3993E+23  1.8702E+24  8.1563E+24
   220   4600.00    0.0000E+00  0.0000E+00  0.0000E+00  4.0707E-11  0.0000E+00  2.3993E+23  1.8702E+24  8.1563E+24
   230   4800.00    0.0000E+00  0.0000E+00  0.0000E+00  2.7951E-11  0.0000E+00  2.3993E+23  1.8702E+24  8.1563E+24
   240   5000.00    0.0000E+00  0.0000E+00  0.0000E+00  1.9447E-11  0.0000E+00  2.3993E+23  1.8702E+24  8.1563E+24
   250   5200.00    0.0000E+00  0.0000E+00  0.0000E+00  1.3702E-11  0.0000E+00  2.3993E+23  1.8702E+24  8.1563E+24
   260   5400.00    0.0000E+00  0.0000E+00  0.0000E+00  9.7690E-12  0.0000E+00  2.3993E+23  1.8702E+24  8.1563E+24
   270   5600.00    0.0000E+00  0.0000E+00  0.0000E+00  7.0442E-12  0.0000E+00  2.3993E+23  1.8702E+24  8.1563E+24
   280   5800.00    0.0000E+00  0.0000E+00  0.0000E+00  5.1343E-12  0.0000E+00  2.3993E+23  1.8702E+24  8.1563E+24
   290   6000.00    0.0000E+00  0.0000E+00  0.0000E+00  3.7807E-12  0.0000E+00  2.3993E+23  1.8702E+24  8.1563E+24
   300   6200.00    0.0000E+00  0.0000E+00  0.0000E+00  2.8111E-12  0.0000E+00  2.3993E+23  1.8702E+24  8.1563E+24
   310   6400.00    0.0000E+00  0.0000E+00  0.0000E+00  2.1097E-12  0.0000E+00  2.3993E+23  1.8702E+24  8.1563E+24
   320   6600.00    0.0000E+00  0.0000E+00  0.0000E+00  1.5974E-12  0.0000E+00  2.3993E+23  1.8702E+24  8.1563E+24
   330   6800.00    0.0000E+00  0.0000E+00  0.0000E+00  1.2197E-12  0.0000E+00  2.3993E+23  1.8702E+24  8.1563E+24
   340   7000.00    0.0000E+00  0.0000E+00  0.0000E+00  9.3889E-13  0.0000E+00  2.3993E+23  1.8702E+24  8.1563E+24
   350   7200.00    0.0000E+00  0.0000E+00  0.0000E+00  7.2831E-13  0.0000E+00  2.3993E+23  1.8702E+24  8.1563E+24
   360   7400.00    0.0000E+00  0.0000E+00  0.0000E+00  5.6914E-13  0.0000E+00  2.3993E+23  1.8702E+24  8.1563E+24
   370   7600.00    0.0000E+00  0.0000E+00  0.0000E+00  4.4791E-13  0.0000E+00  2.3993E+23  1.8702E+24  8.1563E+24
   380   7800.00    0.0000E+00  0.0000E+00  0.0000E+00  3.5489E-13  0.0000E+00  2.3993E+23  1.8702E+24  8.1563E+24
   390   8000.00    0.0000E+00  0.0000E+00  0.0000E+00  2.8302E-13  0.0000E+00  2.3993E+23  1.8702E+24  8.1563E+24
1                                                  COLLISION COEFFICIENTS FOR HYDROGEN
            ALT       CLHN2       CLHO2       CLHO        CLHHE       CLHH        CLHOX       CLHHL       CLHEL
     1    220.00    0.0000E+00  0.0000E+00  5.4290E-02  0.0000E+00  4.9023E-05  3.2459E+24  1.9175E+24  3.2603E+25
     2    240.00    0.0000E+00  0.0000E+00  3.3560E-02  0.0000E+00  4.5794E-05  3.2459E+24  1.9175E+24  3.2603E+25
     3    260.00    0.0000E+00  0.0000E+00  2.1205E-02  0.0000E+00  4.3784E-05  3.2459E+24  1.9175E+24  3.2603E+25
     4    280.00    0.0000E+00  0.0000E+00  1.3606E-02  0.0000E+00  4.2304E-05  3.2459E+24  1.9175E+24  3.2603E+25
     5    300.00    0.0000E+00  0.0000E+00  8.8505E-03  0.0000E+00  4.1075E-05  3.2459E+24  1.9175E+24  3.2603E+25
     6    320.00    0.0000E+00  0.0000E+00  5.7843E-03  0.0000E+00  3.9958E-05  3.2459E+24  1.9175E+24  3.2603E+25
     7    340.00    0.0000E+00  0.0000E+00  3.8054E-03  0.0000E+00  3.8900E-05  3.2459E+24  1.9175E+24  3.2603E+25
     8    360.00    0.0000E+00  0.0000E+00  2.5166E-03  0.0000E+00  3.7915E-05  3.2459E+24  1.9175E+24  3.2603E+25
     9    380.00    0.0000E+00  0.0000E+00  1.6714E-03  0.0000E+00  3.6964E-05  3.2459E+24  1.9175E+24  3.2603E+25
    10    400.00    0.0000E+00  0.0000E+00  1.1142E-03  0.0000E+00  3.6043E-05  3.2459E+24  1.9175E+24  3.2603E+25
    11    420.00    0.0000E+00  0.0000E+00  7.4225E-04  0.0000E+00  3.5151E-05  3.2459E+24  1.9175E+24  3.2603E+25
    12    440.00    0.0000E+00  0.0000E+00  4.9845E-04  0.0000E+00  3.4287E-05  3.2459E+24  1.9175E+24  3.2603E+25
    13    460.00    0.0000E+00  0.0000E+00  3.3551E-04  0.0000E+00  3.3448E-05  3.2459E+24  1.9175E+24  3.2603E+25
    14    480.00    0.0000E+00  0.0000E+00  2.2636E-04  0.0000E+00  3.2636E-05  3.2459E+24  1.9175E+24  3.2603E+25
    16    520.00    0.0000E+00  0.0000E+00  1.0374E-04  0.0000E+00  3.1082E-05  3.2459E+24  1.9175E+24  3.2603E+25
    18    560.00    0.0000E+00  0.0000E+00  4.7977E-05  0.0000E+00  2.9620E-05  3.2459E+24  1.9175E+24  3.2603E+25
    20    600.00    0.0000E+00  0.0000E+00  2.2385E-05  0.0000E+00  2.8242E-05  3.2459E+24  1.9175E+24  3.2603E+25
    22    640.00    0.0000E+00  0.0000E+00  1.0535E-05  0.0000E+00  2.6942E-05  3.2459E+24  1.9175E+24  3.2603E+25
    24    680.00    0.0000E+00  0.0000E+00  5.0008E-06  0.0000E+00  2.5716E-05  3.2459E+24  1.9175E+24  3.2603E+25
    26    720.00    0.0000E+00  0.0000E+00  2.3938E-06  0.0000E+00  2.4559E-05  3.2459E+24  1.9175E+24  3.2603E+25
    28    760.00    0.0000E+00  0.0000E+00  1.1554E-06  0.0000E+00  2.3466E-05  3.2459E+24  1.9175E+24  3.2603E+25
    30    800.00    0.0000E+00  0.0000E+00  5.6218E-07  0.0000E+00  2.2433E-05  3.2459E+24  1.9175E+24  3.2603E+25
    35    900.00    0.0000E+00  0.0000E+00  9.6121E-08  0.0000E+00  2.0088E-05  3.2459E+24  1.9175E+24  3.2603E+25
    40   1000.00    0.0000E+00  0.0000E+00  1.7241E-08  0.0000E+00  1.8043E-05  3.2459E+24  1.9175E+24  3.2603E+25
    45   1100.00    0.0000E+00  0.0000E+00  3.2378E-09  0.0000E+00  1.6252E-05  3.2459E+24  1.9175E+24  3.2603E+25
    50   1200.00    0.0000E+00  0.0000E+00  6.3551E-10  0.0000E+00  1.4680E-05  3.2459E+24  1.9175E+24  3.2603E+25
    55   1300.00    0.0000E+00  0.0000E+00  1.3014E-10  0.0000E+00  1.3294E-05  3.2459E+24  1.9175E+24  3.2603E+25
    60   1400.00    0.0000E+00  0.0000E+00  2.7759E-11  0.0000E+00  1.2071E-05  3.2459E+24  1.9175E+24  3.2603E+25
    70   1600.00    0.0000E+00  0.0000E+00  1.4186E-12  0.0000E+00  1.0023E-05  3.2459E+24  1.9175E+24  3.2603E+25
    80   1800.00    0.0000E+00  0.0000E+00  8.3850E-14  0.0000E+00  8.3991E-06  3.2459E+24  1.9175E+24  3.2603E+25
    90   2000.00    0.0000E+00  0.0000E+00  5.6727E-15  0.0000E+00  7.0979E-06  3.2459E+24  1.9175E+24  3.2603E+25
   100   2200.00    0.0000E+00  0.0000E+00  4.3513E-16  0.0000E+00  6.0455E-06  3.2459E+24  1.9175E+24  3.2603E+25
   110   2400.00    0.0000E+00  0.0000E+00  3.7521E-17  0.0000E+00  5.1869E-06  3.2459E+24  1.9175E+24  3.2603E+25
   120   2600.00    0.0000E+00  0.0000E+00  3.6086E-18  0.0000E+00  4.4807E-06  3.2459E+24  1.9175E+24  3.2603E+25
   130   2800.00    0.0000E+00  0.0000E+00  3.8436E-19  0.0000E+00  3.8955E-06  3.2459E+24  1.9175E+24  3.2603E+25
   140   3000.00    0.0000E+00  0.0000E+00  4.5042E-20  0.0000E+00  3.4070E-06  3.2459E+24  1.9175E+24  3.2603E+25
   150   3200.00    0.0000E+00  0.0000E+00  5.7728E-21  0.0000E+00  2.9964E-06  3.2459E+24  1.9175E+24  3.2603E+25
   160   3400.00    0.0000E+00  0.0000E+00  8.0474E-22  0.0000E+00  2.6492E-06  3.2459E+24  1.9175E+24  3.2603E+25
   170   3600.00    0.0000E+00  0.0000E+00  1.2140E-22  0.0000E+00  2.3539E-06  3.2459E+24  1.9175E+24  3.2603E+25
   180   3800.00    0.0000E+00  0.0000E+00  1.9728E-23  0.0000E+00  2.1012E-06  3.2459E+24  1.9175E+24  3.2603E+25
   190   4000.00    0.0000E+00  0.0000E+00  3.4385E-24  0.0000E+00  1.8838E-06  3.2459E+24  1.9175E+24  3.2603E+25
   200   4200.00    0.0000E+00  0.0000E+00  6.4023E-25  0.0000E+00  1.6959E-06  3.2459E+24  1.9175E+24  3.2603E+25
   210   4400.00    0.0000E+00  0.0000E+00  1.2688E-25  0.0000E+00  1.5328E-06  3.2459E+24  1.9175E+24  3.2603E+25
   220   4600.00    0.0000E+00  0.0000E+00  2.6673E-26  0.0000E+00  1.3904E-06  3.2459E+24  1.9175E+24  3.2603E+25
   230   4800.00    0.0000E+00  0.0000E+00  5.9291E-27  0.0000E+00  1.2657E-06  3.2459E+24  1.9175E+24  3.2603E+25
   240   5000.00    0.0000E+00  0.0000E+00  1.3895E-27  0.0000E+00  1.1560E-06  3.2459E+24  1.9175E+24  3.2603E+25
   250   5200.00    0.0000E+00  0.0000E+00  3.4238E-28  0.0000E+00  1.0591E-06  3.2459E+24  1.9175E+24  3.2603E+25
   260   5400.00    0.0000E+00  0.0000E+00  8.8474E-29  0.0000E+00  9.7318E-07  3.2459E+24  1.9175E+24  3.2603E+25
   270   5600.00    0.0000E+00  0.0000E+00  2.3919E-29  0.0000E+00  8.9678E-07  3.2459E+24  1.9175E+24  3.2603E+25
   280   5800.00    0.0000E+00  0.0000E+00  6.7506E-30  0.0000E+00  8.2861E-07  3.2459E+24  1.9175E+24  3.2603E+25
   290   6000.00    0.0000E+00  0.0000E+00  1.9847E-30  0.0000E+00  7.6758E-07  3.2459E+24  1.9175E+24  3.2603E+25
   300   6200.00    0.0000E+00  0.0000E+00  6.0666E-31  0.0000E+00  7.1277E-07  3.2459E+24  1.9175E+24  3.2603E+25
   310   6400.00    0.0000E+00  0.0000E+00  1.9245E-31  0.0000E+00  6.6342E-07  3.2459E+24  1.9175E+24  3.2603E+25
   320   6600.00    0.0000E+00  0.0000E+00  6.3248E-32  0.0000E+00  6.1885E-07  3.2459E+24  1.9175E+24  3.2603E+25
   330   6800.00    0.0000E+00  0.0000E+00  2.1501E-32  0.0000E+00  5.7849E-07  3.2459E+24  1.9175E+24  3.2603E+25
   340   7000.00    0.0000E+00  0.0000E+00  7.5487E-33  0.0000E+00  5.4186E-07  3.2459E+24  1.9175E+24  3.2603E+25
   350   7200.00    0.0000E+00  0.0000E+00  2.7333E-33  0.0000E+00  5.0852E-07  3.2459E+24  1.9175E+24  3.2603E+25
   360   7400.00    0.0000E+00  0.0000E+00  1.0193E-33  0.0000E+00  4.7812E-07  3.2459E+24  1.9175E+24  3.2603E+25
   370   7600.00    0.0000E+00  0.0000E+00  3.9101E-34  0.0000E+00  4.5033E-07  3.2459E+24  1.9175E+24  3.2603E+25
   380   7800.00    0.0000E+00  0.0000E+00  1.5410E-34  0.0000E+00  4.2487E-07  3.2459E+24  1.9175E+24  3.2603E+25
   390   8000.00    0.0000E+00  0.0000E+00  6.2326E-35  0.0000E+00  4.0150E-07  3.2459E+24  1.9175E+24  3.2603E+25
1                                                  COLLISION COEFFICIENTS FOR ELECTRONS
            ALT      CLELN2      CLELO2      CLELO       CLELHE      CLELH       CLELOX      CLELHL      CLELHD
     1    220.00    0.0000E+00  0.0000E+00  0.0000E+00  0.0000E+00  0.0000E+00  2.0519E+24  8.1992E+24  3.2559E+25
     2    240.00    0.0000E+00  0.0000E+00  0.0000E+00  0.0000E+00  0.0000E+00  2.0519E+24  8.1992E+24  3.2559E+25
     3    260.00    0.0000E+00  0.0000E+00  0.0000E+00  0.0000E+00  0.0000E+00  2.0519E+24  8.1992E+24  3.2559E+25
     4    280.00    0.0000E+00  0.0000E+00  0.0000E+00  0.0000E+00  0.0000E+00  2.0519E+24  8.1992E+24  3.2559E+25
     5    300.00    0.0000E+00  0.0000E+00  0.0000E+00  0.0000E+00  0.0000E+00  2.0519E+24  8.1992E+24  3.2559E+25
     6    320.00    0.0000E+00  0.0000E+00  0.0000E+00  0.0000E+00  0.0000E+00  2.0519E+24  8.1992E+24  3.2559E+25
     7    340.00    0.0000E+00  0.0000E+00  0.0000E+00  0.0000E+00  0.0000E+00  2.0519E+24  8.1992E+24  3.2559E+25
     8    360.00    0.0000E+00  0.0000E+00  0.0000E+00  0.0000E+00  0.0000E+00  2.0519E+24  8.1992E+24  3.2559E+25
     9    380.00    0.0000E+00  0.0000E+00  0.0000E+00  0.0000E+00  0.0000E+00  2.0519E+24  8.1992E+24  3.2559E+25
    10    400.00    0.0000E+00  0.0000E+00  0.0000E+00  0.0000E+00  0.0000E+00  2.0519E+24  8.1992E+24  3.2559E+25
    11    420.00    0.0000E+00  0.0000E+00  0.0000E+00  0.0000E+00  0.0000E+00  2.0519E+24  8.1992E+24  3.2559E+25
    12    440.00    0.0000E+00  0.0000E+00  0.0000E+00  0.0000E+00  0.0000E+00  2.0519E+24  8.1992E+24  3.2559E+25
    13    460.00    0.0000E+00  0.0000E+00  0.0000E+00  0.0000E+00  0.0000E+00  2.0519E+24  8.1992E+24  3.2559E+25
    14    480.00    0.0000E+00  0.0000E+00  0.0000E+00  0.0000E+00  0.0000E+00  2.0519E+24  8.1992E+24  3.2559E+25
    16    520.00    0.0000E+00  0.0000E+00  0.0000E+00  0.0000E+00  0.0000E+00  2.0519E+24  8.1992E+24  3.2559E+25
    18    560.00    0.0000E+00  0.0000E+00  0.0000E+00  0.0000E+00  0.0000E+00  2.0519E+24  8.1992E+24  3.2559E+25
    20    600.00    0.0000E+00  0.0000E+00  0.0000E+00  0.0000E+00  0.0000E+00  2.0519E+24  8.1992E+24  3.2559E+25
    22    640.00    0.0000E+00  0.0000E+00  0.0000E+00  0.0000E+00  0.0000E+00  2.0519E+24  8.1992E+24  3.2559E+25
    24    680.00    0.0000E+00  0.0000E+00  0.0000E+00  0.0000E+00  0.0000E+00  2.0519E+24  8.1992E+24  3.2559E+25
    26    720.00    0.0000E+00  0.0000E+00  0.0000E+00  0.0000E+00  0.0000E+00  2.0519E+24  8.1992E+24  3.2559E+25
    28    760.00    0.0000E+00  0.0000E+00  0.0000E+00  0.0000E+00  0.0000E+00  2.0519E+24  8.1992E+24  3.2559E+25
    30    800.00    0.0000E+00  0.0000E+00  0.0000E+00  0.0000E+00  0.0000E+00  2.0519E+24  8.1992E+24  3.2559E+25
    35    900.00    0.0000E+00  0.0000E+00  0.0000E+00  0.0000E+00  0.0000E+00  2.0519E+24  8.1992E+24  3.2559E+25
    40   1000.00    0.0000E+00  0.0000E+00  0.0000E+00  0.0000E+00  0.0000E+00  2.0519E+24  8.1992E+24  3.2559E+25
    45   1100.00    0.0000E+00  0.0000E+00  0.0000E+00  0.0000E+00  0.0000E+00  2.0519E+24  8.1992E+24  3.2559E+25
    50   1200.00    0.0000E+00  0.0000E+00  0.0000E+00  0.0000E+00  0.0000E+00  2.0519E+24  8.1992E+24  3.2559E+25
    55   1300.00    0.0000E+00  0.0000E+00  0.0000E+00  0.0000E+00  0.0000E+00  2.0519E+24  8.1992E+24  3.2559E+25
    60   1400.00    0.0000E+00  0.0000E+00  0.0000E+00  0.0000E+00  0.0000E+00  2.0519E+24  8.1992E+24  3.2559E+25
    70   1600.00    0.0000E+00  0.0000E+00  0.0000E+00  0.0000E+00  0.0000E+00  2.0519E+24  8.1992E+24  3.2559E+25
    80   1800.00    0.0000E+00  0.0000E+00  0.0000E+00  0.0000E+00  0.0000E+00  2.0519E+24  8.1992E+24  3.2559E+25
    90   2000.00    0.0000E+00  0.0000E+00  0.0000E+00  0.0000E+00  0.0000E+00  2.0519E+24  8.1992E+24  3.2559E+25
   100   2200.00    0.0000E+00  0.0000E+00  0.0000E+00  0.0000E+00  0.0000E+00  2.0519E+24  8.1992E+24  3.2559E+25
   110   2400.00    0.0000E+00  0.0000E+00  0.0000E+00  0.0000E+00  0.0000E+00  2.0519E+24  8.1992E+24  3.2559E+25
   120   2600.00    0.0000E+00  0.0000E+00  0.0000E+00  0.0000E+00  0.0000E+00  2.0519E+24  8.1992E+24  3.2559E+25
   130   2800.00    0.0000E+00  0.0000E+00  0.0000E+00  0.0000E+00  0.0000E+00  2.0519E+24  8.1992E+24  3.2559E+25
   140   3000.00    0.0000E+00  0.0000E+00  0.0000E+00  0.0000E+00  0.0000E+00  2.0519E+24  8.1992E+24  3.2559E+25
   150   3200.00    0.0000E+00  0.0000E+00  0.0000E+00  0.0000E+00  0.0000E+00  2.0519E+24  8.1992E+24  3.2559E+25
   160   3400.00    0.0000E+00  0.0000E+00  0.0000E+00  0.0000E+00  0.0000E+00  2.0519E+24  8.1992E+24  3.2559E+25
   170   3600.00    0.0000E+00  0.0000E+00  0.0000E+00  0.0000E+00  0.0000E+00  2.0519E+24  8.1992E+24  3.2559E+25
   180   3800.00    0.0000E+00  0.0000E+00  0.0000E+00  0.0000E+00  0.0000E+00  2.0519E+24  8.1992E+24  3.2559E+25
   190   4000.00    0.0000E+00  0.0000E+00  0.0000E+00  0.0000E+00  0.0000E+00  2.0519E+24  8.1992E+24  3.2559E+25
   200   4200.00    0.0000E+00  0.0000E+00  0.0000E+00  0.0000E+00  0.0000E+00  2.0519E+24  8.1992E+24  3.2559E+25
   210   4400.00    0.0000E+00  0.0000E+00  0.0000E+00  0.0000E+00  0.0000E+00  2.0519E+24  8.1992E+24  3.2559E+25
   220   4600.00    0.0000E+00  0.0000E+00  0.0000E+00  0.0000E+00  0.0000E+00  2.0519E+24  8.1992E+24  3.2559E+25
   230   4800.00    0.0000E+00  0.0000E+00  0.0000E+00  0.0000E+00  0.0000E+00  2.0519E+24  8.1992E+24  3.2559E+25
   240   5000.00    0.0000E+00  0.0000E+00  0.0000E+00  0.0000E+00  0.0000E+00  2.0519E+24  8.1992E+24  3.2559E+25
   250   5200.00    0.0000E+00  0.0000E+00  0.0000E+00  0.0000E+00  0.0000E+00  2.0519E+24  8.1992E+24  3.2559E+25
   260   5400.00    0.0000E+00  0.0000E+00  0.0000E+00  0.0000E+00  0.0000E+00  2.0519E+24  8.1992E+24  3.2559E+25
   270   5600.00    0.0000E+00  0.0000E+00  0.0000E+00  0.0000E+00  0.0000E+00  2.0519E+24  8.1992E+24  3.2559E+25
   280   5800.00    0.0000E+00  0.0000E+00  0.0000E+00  0.0000E+00  0.0000E+00  2.0519E+24  8.1992E+24  3.2559E+25
   290   6000.00    0.0000E+00  0.0000E+00  0.0000E+00  0.0000E+00  0.0000E+00  2.0519E+24  8.1992E+24  3.2559E+25
   300   6200.00    0.0000E+00  0.0000E+00  0.0000E+00  0.0000E+00  0.0000E+00  2.0519E+24  8.1992E+24  3.2559E+25
   310   6400.00    0.0000E+00  0.0000E+00  0.0000E+00  0.0000E+00  0.0000E+00  2.0519E+24  8.1992E+24  3.2559E+25
   320   6600.00    0.0000E+00  0.0000E+00  0.0000E+00  0.0000E+00  0.0000E+00  2.0519E+24  8.1992E+24  3.2559E+25
   330   6800.00    0.0000E+00  0.0000E+00  0.0000E+00  0.0000E+00  0.0000E+00  2.0519E+24  8.1992E+24  3.2559E+25
   340   7000.00    0.0000E+00  0.0000E+00  0.0000E+00  0.0000E+00  0.0000E+00  2.0519E+24  8.1992E+24  3.2559E+25
   350   7200.00    0.0000E+00  0.0000E+00  0.0000E+00  0.0000E+00  0.0000E+00  2.0519E+24  8.1992E+24  3.2559E+25
   360   7400.00    0.0000E+00  0.0000E+00  0.0000E+00  0.0000E+00  0.0000E+00  2.0519E+24  8.1992E+24  3.2559E+25
   370   7600.00    0.0000E+00  0.0000E+00  0.0000E+00  0.0000E+00  0.0000E+00  2.0519E+24  8.1992E+24  3.2559E+25
   380   7800.00    0.0000E+00  0.0000E+00  0.0000E+00  0.0000E+00  0.0000E+00  2.0519E+24  8.1992E+24  3.2559E+25
   390   8000.00    0.0000E+00  0.0000E+00  0.0000E+00  0.0000E+00  0.0000E+00  2.0519E+24  8.1992E+24  3.2559E+25
1                                                  COLLISION FREQUENCIES FOR OXYGEN
            ALT       CFOXN2      CFOXO2      CFOXO       CFOXHE      CFOXH       CFOXHL      CFOXHD      CFOXEL
     1    220.00    8.1521E-01  4.8450E-02  5.7035E-01  7.1549E-05  2.5214E-05  7.4575E-08  6.9593E-05  1.5589E-03
     2    240.00    3.8016E-01  2.0292E-02  3.5464E-01  6.3848E-05  2.3684E-05  1.4099E-07  1.1654E-04  1.2749E-03
     3    260.00    1.8006E-01  8.6450E-03  2.2505E-01  5.7236E-05  2.2714E-05  2.6964E-07  1.7235E-04  1.0683E-03
     4    280.00    8.6154E-02  3.7246E-03  1.4491E-01  5.1445E-05  2.1986E-05  5.5064E-07  2.3768E-04  8.8292E-04
     5    300.00    4.1529E-02  1.6180E-03  9.4604E-02  4.6319E-05  2.1373E-05  1.2846E-06  3.1499E-04  7.2525E-04
     6    320.00    2.0137E-02  7.0756E-04  6.2092E-02  4.1752E-05  2.0811E-05  3.1813E-06  4.1259E-04  6.0016E-04
     7    340.00    9.8147E-03  3.1123E-04  4.1067E-02  3.7671E-05  2.0279E-05  7.1054E-06  5.3614E-04  5.0270E-04
     8    360.00    4.8062E-03  1.3764E-04  2.7348E-02  3.4014E-05  1.9787E-05  1.3218E-05  6.8658E-04  4.2695E-04
     9    380.00    2.3641E-03  6.1176E-05  1.8338E-02  3.0734E-05  1.9319E-05  2.0383E-05  8.4772E-04  3.6741E-04
    10    400.00    1.1679E-03  2.7326E-05  1.2395E-02  2.7787E-05  1.8877E-05  2.6449E-05  9.7652E-04  3.1963E-04
    11    420.00    5.7941E-04  1.2265E-05  8.4277E-03  2.5139E-05  1.8468E-05  2.9304E-05  1.0232E-03  2.8019E-04
    12    440.00    2.8864E-04  5.5311E-06  5.8146E-03  2.2757E-05  1.8093E-05  2.8493E-05  9.9047E-04  2.4702E-04
    13    460.00    1.4438E-04  2.5060E-06  4.0381E-03  2.0613E-05  1.7745E-05  2.5638E-05  9.3082E-04  2.1893E-04
    14    480.00    7.2515E-05  1.1407E-06  2.8125E-03  1.8681E-05  1.7414E-05  2.2375E-05  8.7865E-04  1.9523E-04
    16    520.00    1.8513E-05  2.3961E-07  1.3632E-03  1.5371E-05  1.6770E-05  1.7138E-05  8.1359E-04  1.5825E-04
    18    560.00    4.8012E-06  5.1245E-08  6.5739E-04  1.2675E-05  1.6128E-05  1.3782E-05  7.7349E-04  1.3128E-04
    20    600.00    1.2646E-06  1.1155E-08  3.1607E-04  1.0476E-05  1.5485E-05  1.1566E-05  7.3794E-04  1.1094E-04
    22    640.00    3.3818E-07  2.4709E-09  1.5201E-04  8.6769E-06  1.4851E-05  9.9869E-06  7.0093E-04  9.5153E-05
    24    680.00    9.1802E-08  5.5675E-10  7.3302E-05  7.2022E-06  1.4232E-05  8.7858E-06  6.6178E-04  8.2657E-05
    26    720.00    2.5289E-08  1.2757E-10  3.5507E-05  5.9907E-06  1.3633E-05  7.8285E-06  6.2143E-04  7.2603E-05
    28    760.00    7.0679E-09  2.9718E-11  1.7295E-05  4.9933E-06  1.3058E-05  7.0408E-06  5.8111E-04  6.4387E-05
    30    800.00    2.0036E-09  7.0361E-12  8.4766E-06  4.1704E-06  1.2507E-05  6.3778E-06  5.4182E-04  5.7572E-05
    35    900.00    9.1089E-11  2.0569E-13  1.4680E-06  2.6817E-06  1.1239E-05  5.0957E-06  4.5170E-04  4.4763E-05
    40   1000.00    4.5031E-12  6.6175E-15  2.6542E-07  1.7452E-06  1.0117E-05  4.1671E-06  3.7512E-04  3.5845E-05
    45   1100.00    2.4126E-13  2.3339E-16  5.0098E-08  1.1489E-06  9.1262E-06  3.4659E-06  3.1150E-04  2.9321E-05
    50   1200.00    1.3963E-14  8.9913E-18  9.8624E-09  7.6469E-07  8.2502E-06  2.9220E-06  2.5925E-04  2.4382E-05
    55   1300.00    8.7045E-16  3.7705E-19  2.0226E-09  5.1441E-07  7.4748E-06  2.4915E-06  2.1665E-04  2.0545E-05
    60   1400.00    5.8276E-17  1.7155E-20  4.3157E-10  3.4959E-07  6.7874E-06  2.1451E-06  1.8203E-04  1.7504E-05
    70   1600.00    3.2011E-19  4.4803E-23  2.2017E-11  1.6622E-07  5.6333E-06  1.6290E-06  1.3108E-04  1.3048E-05
    80   1800.00    2.2681E-21  1.5652E-25  1.2962E-12  8.1956E-08  4.7153E-06  1.2696E-06  9.7169E-05  1.0007E-05
    90   2000.00    2.0354E-23  7.1639E-28  8.7220E-14  4.1798E-08  3.9787E-06  1.0103E-06  7.4137E-05  7.8472E-06
   100   2200.00    2.2757E-25  4.2152E-30  6.6484E-15  2.1997E-08  3.3829E-06  8.1798E-07  5.8106E-05  6.2674E-06
   110   2400.00    3.1225E-27  3.1341E-32  5.6936E-16  1.1920E-08  2.8970E-06  6.7234E-07  4.6650E-05  5.0833E-06
   120   2600.00    5.1866E-29  2.8991E-34  5.4365E-17  6.6381E-09  2.4977E-06  5.6012E-07  3.8251E-05  4.1778E-06
   130   2800.00    1.0300E-30  3.2889E-36  5.7476E-18  3.7922E-09  2.1671E-06  4.7240E-07  3.1944E-05  3.4735E-06
   140   3000.00    2.4175E-32  4.5167E-38  6.6851E-19  2.2188E-09  1.8916E-06  4.0297E-07  2.7103E-05  2.9175E-06
   150   3200.00    6.6368E-34  7.4192E-40  8.5036E-20  1.3276E-09  1.6604E-06  3.4734E-07  2.3295E-05  2.4727E-06
   160   3400.00    2.1107E-35  1.4418E-41  1.1766E-20  8.1119E-10  1.4652E-06  3.0229E-07  2.0265E-05  2.1131E-06
   170   3600.00    7.7080E-37  3.2813E-43  1.7620E-21  5.0555E-10  1.2994E-06  2.6540E-07  1.7807E-05  1.8191E-06
   180   3800.00    3.2059E-38  8.6649E-45  2.8426E-22  3.2098E-10  1.1578E-06  2.3489E-07  1.5782E-05  1.5765E-06
   190   4000.00    1.5072E-39  2.6322E-46  4.9194E-23  2.0739E-10  1.0362E-06  2.0937E-07  1.4099E-05  1.3747E-06
   200   4200.00    7.9547E-41  9.1254E-48  9.0968E-24  1.3624E-10  9.3131E-07  1.8775E-07  1.2681E-05  1.2055E-06
   210   4400.00    4.6825E-42  3.5841E-49  1.7908E-24  9.0898E-11  8.4035E-07  1.6943E-07  1.1473E-05  1.0626E-06
   220   4600.00    3.0561E-43  1.5839E-50  3.7406E-25  6.1549E-11  7.6114E-07  1.5377E-07  1.0433E-05  9.4105E-07
   230   4800.00    2.1992E-44  7.8263E-52  8.2638E-26  4.2262E-11  6.9186E-07  1.4025E-07  9.5295E-06  8.3714E-07
   240   5000.00    1.7360E-45  4.2984E-53  1.9253E-26  2.9405E-11  6.3102E-07  1.2849E-07  8.7390E-06  7.4777E-07
   250   5200.00    1.4960E-46  2.6097E-54  4.7176E-27  2.0717E-11  5.7738E-07  1.1818E-07  8.0419E-06  6.7051E-07
   260   5400.00    1.4011E-47  1.7426E-55  1.2127E-27  1.4771E-11  5.2992E-07  1.0909E-07  7.4233E-06  6.0339E-07
   270   5600.00    1.4202E-48  1.2737E-56  3.2625E-28  1.0651E-11  4.8778E-07  1.0101E-07  6.8712E-06  5.4483E-07
   280   5800.00    1.5520E-49  1.0145E-57  9.1656E-29  7.7632E-12  4.5024E-07  9.3792E-08  6.3758E-06  4.9354E-07
   290   6000.00    1.8217E-50  8.7691E-59  2.6835E-29  5.7165E-12  4.1669E-07  8.7306E-08  5.9292E-06  4.4844E-07
   300   6200.00    2.2892E-51  8.1934E-60  8.1715E-30  4.2505E-12  3.8662E-07  8.1441E-08  5.5248E-06  4.0861E-07
   310   6400.00    3.0696E-52  8.2452E-61  2.5834E-30  3.1899E-12  3.5958E-07  7.6109E-08  5.1571E-06  3.7331E-07
   320   6600.00    4.3789E-53  8.9059E-62  8.4652E-31  2.4153E-12  3.3521E-07  7.1236E-08  4.8216E-06  3.4190E-07
   330   6800.00    6.6272E-54  1.0292E-62  2.8703E-31  1.8442E-12  3.1317E-07  6.6763E-08  4.5144E-06  3.1386E-07
   340   7000.00    1.0612E-54  1.2686E-63  1.0056E-31  1.4196E-12  2.9320E-07  6.2639E-08  4.2324E-06  2.8875E-07
   350   7200.00    1.7936E-55  1.6632E-64  3.6347E-32  1.1012E-12  2.7506E-07  5.8821E-08  3.9729E-06  2.6622E-07
   360   7400.00    3.1920E-56  2.3131E-65  1.3537E-32  8.6056E-13  2.5855E-07  5.5275E-08  3.7337E-06  2.4593E-07
   370   7600.00    5.9683E-57  3.4036E-66  5.1881E-33  6.7725E-13  2.4347E-07  5.1971E-08  3.5127E-06  2.2763E-07
   380   7800.00    1.1700E-57  5.2867E-67  2.0437E-33  5.3661E-13  2.2968E-07  4.8883E-08  3.3081E-06  2.1108E-07
   390   8000.00    2.4000E-58  8.6481E-68  8.2646E-34  4.2793E-13  2.1704E-07  4.6222E-08  3.1285E-06  1.9701E-07
1                                                  COLLISION FREQUENCIES FOR HELIUM
            ALT       CFHEN2      CFHEO2      CFHEO       CFHEHE      CFHEH       CFHEOX      CFHEHD      CFHEEL
     1    220.00    1.9125E+00  1.1164E-01  8.2955E-01  7.2271E-04  8.7132E-05  3.4622E+00  2.5785E-04  6.2273E-03
     2    240.00    8.9188E-01  4.6758E-02  5.1279E-01  6.4884E-04  8.1392E-05  3.9440E+00  4.3228E-04  5.0928E-03
     3    260.00    4.2243E-01  1.9920E-02  3.2401E-01  5.8471E-04  7.7820E-05  3.8948E+00  6.3892E-04  4.2673E-03
     4    280.00    2.0212E-01  8.5822E-03  2.0790E-01  5.2851E-04  7.5190E-05  3.5478E+00  8.7916E-04  3.5269E-03
     5    300.00    9.7428E-02  3.7281E-03  1.3523E-01  4.7814E-04  7.3006E-05  3.1185E+00  1.1643E-03  2.8971E-03
     6    320.00    4.7242E-02  1.6304E-03  8.8383E-02  4.3221E-04  7.1020E-05  2.7348E+00  1.5291E-03  2.3974E-03
     7    340.00    2.3026E-02  7.1714E-04  5.8146E-02  3.9108E-04  6.9138E-05  2.3893E+00  1.9943E-03  2.0081E-03
     8    360.00    1.1276E-02  3.1714E-04  3.8453E-02  3.5479E-04  6.7389E-05  2.0682E+00  2.5616E-03  1.7055E-03
     9    380.00    5.5463E-03  1.4096E-04  2.5539E-02  3.2304E-04  6.5698E-05  1.7647E+00  3.1704E-03  1.4677E-03
    10    400.00    2.7400E-03  6.2965E-05  1.7024E-02  2.9563E-04  6.4061E-05  1.4693E+00  3.6615E-03  1.2768E-03
    11    420.00    1.3593E-03  2.8261E-05  1.1342E-02  2.7239E-04  6.2476E-05  1.1797E+00  3.8483E-03  1.1193E-03
    12    440.00    6.7717E-04  1.2745E-05  7.6162E-03  2.5274E-04  6.0939E-05  9.1478E-01  3.7327E-03  9.8674E-04
    13    460.00    3.3873E-04  5.7744E-06  5.1266E-03  2.3552E-04  5.9450E-05  6.9916E-01  3.5071E-03  8.7456E-04
    14    480.00    1.7012E-04  2.6284E-06  3.4587E-03  2.1965E-04  5.8005E-05  5.3913E-01  3.3026E-03  7.7986E-04
    16    520.00    4.3431E-05  5.5211E-07  1.5852E-03  1.8988E-04  5.5245E-05  3.4468E-01  3.0364E-03  6.3216E-04
    18    560.00    1.1264E-05  1.1808E-07  7.3309E-04  1.6237E-04  5.2645E-05  2.4354E-01  2.8692E-03  5.2442E-04
    20    600.00    2.9668E-06  2.5704E-08  3.4204E-04  1.3772E-04  5.0195E-05  1.8538E-01  2.7263E-03  4.4314E-04
    22    640.00    7.9339E-07  5.6935E-09  1.6098E-04  1.1623E-04  4.7886E-05  1.4854E-01  2.5832E-03  3.8010E-04
    24    680.00    2.1537E-07  1.2829E-09  7.6412E-05  9.7825E-05  4.5707E-05  1.2339E-01  2.4356E-03  3.3019E-04
    26    720.00    5.9329E-08  2.9395E-10  3.6577E-05  8.2240E-05  4.3650E-05  1.0523E-01  2.2856E-03  2.9002E-04
    28    760.00    1.6582E-08  6.8476E-11  1.7654E-05  6.9125E-05  4.1707E-05  9.1529E-02  2.1370E-03  2.5720E-04
    30    800.00    4.7006E-09  1.6213E-11  8.5901E-06  5.8126E-05  3.9871E-05  8.0807E-02  1.9929E-03  2.2998E-04
    35    900.00    2.1370E-10  4.7396E-13  1.4687E-06  3.7853E-05  3.5704E-05  6.1904E-02  1.6636E-03  1.7881E-04
    40   1000.00    1.0564E-11  1.5248E-14  2.6344E-07  2.4854E-05  3.2068E-05  4.9472E-02  1.3843E-03  1.4319E-04
    45   1100.00    5.6600E-13  5.3779E-16  4.9474E-08  1.6472E-05  2.8886E-05  4.0650E-02  1.1523E-03  1.1713E-04
    50   1200.00    3.2759E-14  2.0718E-17  9.7105E-09  1.1021E-05  2.6091E-05  3.4078E-02  9.6150E-04  9.7398E-05
    55   1300.00    2.0421E-15  8.6880E-19  1.9885E-09  7.4449E-06  2.3629E-05  2.9010E-02  8.0565E-04  8.2072E-05
    60   1400.00    1.3672E-16  3.9529E-20  4.2416E-10  5.0768E-06  2.1454E-05  2.4997E-02  6.7871E-04  6.9921E-05
    70   1600.00    7.5099E-19  1.0324E-22  2.1676E-11  2.4266E-06  1.7815E-05  1.9082E-02  4.9106E-04  5.2123E-05
    80   1800.00    5.3210E-21  3.6067E-25  1.2812E-12  1.2013E-06  1.4928E-05  1.4974E-02  3.6533E-04  3.9972E-05
    90   2000.00    4.7752E-23  1.6507E-27  8.6677E-14  6.1467E-07  1.2615E-05  1.1992E-02  2.7943E-04  3.1347E-05
   100   2200.00    5.3389E-25  9.7127E-30  6.6487E-15  3.2440E-07  1.0745E-05  9.7583E-03  2.1931E-04  2.5036E-05
   110   2400.00    7.3255E-27  7.2217E-32  5.7331E-16  1.7623E-07  9.2190E-06  8.0465E-03  1.7616E-04  2.0306E-05
   120   2600.00    1.2168E-28  6.6802E-34  5.5139E-17  9.8357E-08  7.9639E-06  6.7117E-03  1.4443E-04  1.6689E-05
   130   2800.00    2.4163E-30  7.5784E-36  5.8730E-18  5.6295E-08  6.9237E-06  5.6561E-03  1.2054E-04  1.3875E-05
   140   3000.00    5.6716E-32  1.0407E-37  6.8824E-19  3.2989E-08  6.0554E-06  4.8111E-03  1.0218E-04  1.1654E-05
   150   3200.00    1.5570E-33  1.7095E-39  8.8208E-20  1.9762E-08  5.3257E-06  4.1275E-03  8.7725E-05  9.8776E-06
   160   3400.00    4.9519E-35  3.3221E-41  1.2296E-20  1.2086E-08  4.7086E-06  3.5693E-03  7.6223E-05  8.4409E-06
   170   3600.00    1.8083E-36  7.5608E-43  1.8550E-21  7.5361E-09  4.1837E-06  3.1092E-03  6.6900E-05  7.2666E-06
   180   3800.00    7.5211E-38  1.9966E-44  3.0145E-22  4.7857E-09  3.7345E-06  2.7268E-03  5.9224E-05  6.2977E-06
   190   4000.00    3.5360E-39  6.0651E-46  5.2540E-23  3.0919E-09  3.3482E-06  2.4062E-03  5.2851E-05  5.4915E-06
   200   4200.00    1.8662E-40  2.1027E-47  9.7827E-24  2.0303E-09  3.0143E-06  2.1352E-03  4.7488E-05  4.8155E-06
   210   4400.00    1.0985E-41  8.2585E-49  1.9387E-24  1.3539E-09  2.7243E-06  1.9047E-03  4.2925E-05  4.2445E-06
   220   4600.00    7.1697E-43  3.6497E-50  4.0756E-25  9.1603E-10  2.4713E-06  1.7072E-03  3.9004E-05  3.7592E-06
   230   4800.00    5.1594E-44  1.8034E-51  9.0596E-26  6.2837E-10  2.2496E-06  1.5369E-03  3.5606E-05  3.3441E-06
   240   5000.00    4.0727E-45  9.9044E-53  2.1232E-26  4.3672E-10  2.0546E-06  1.3892E-03  3.2636E-05  2.9871E-06
   250   5200.00    3.5096E-46  6.0134E-54  5.2315E-27  3.0731E-10  1.8823E-06  1.2604E-03  3.0022E-05  2.6784E-06
   260   5400.00    3.2870E-47  4.0154E-55  1.3519E-27  2.1882E-10  1.7297E-06  1.1473E-03  2.7706E-05  2.4103E-06
   270   5600.00    3.3318E-48  2.9349E-56  3.6548E-28  1.5757E-10  1.5939E-06  1.0475E-03  2.5641E-05  2.1764E-06
   280   5800.00    3.6409E-49  2.3377E-57  1.0315E-28  1.1468E-10  1.4727E-06  9.5912E-04  2.3791E-05  1.9715E-06
   290   6000.00    4.2739E-50  2.0206E-58  3.0325E-29  8.4330E-11  1.3643E-06  8.8040E-04  2.2126E-05  1.7913E-06
   300   6200.00    5.3705E-51  1.8879E-59  9.2696E-30  6.2619E-11  1.2669E-06  8.0994E-04  2.0619E-05  1.6323E-06
   310   6400.00    7.2013E-52  1.8999E-60  2.9406E-30  4.6933E-11  1.1791E-06  7.4655E-04  1.9250E-05  1.4912E-06
   320   6600.00    1.0273E-52  2.0521E-61  9.6643E-31  3.5492E-11  1.0999E-06  6.8928E-04  1.8001E-05  1.3658E-06
   330   6800.00    1.5548E-53  2.3715E-62  3.2853E-31  2.7070E-11  1.0282E-06  6.3731E-04  1.6857E-05  1.2537E-06
   340   7000.00    2.4897E-54  2.9232E-63  1.1534E-31  2.0817E-11  9.6307E-07  5.8998E-04  1.5808E-05  1.1535E-06
   350   7200.00    4.2079E-55  3.8324E-64  4.1764E-32  1.6135E-11  9.0382E-07  5.4674E-04  1.4842E-05  1.0634E-06
   360   7400.00    7.4886E-56  5.3298E-65  1.5575E-32  1.2600E-11  8.4979E-07  5.0712E-04  1.3950E-05  9.8242E-07
   370   7600.00    1.4002E-56  7.8427E-66  5.9745E-33  9.9117E-12  8.0039E-07  4.7072E-04  1.3126E-05  9.0931E-07
   380   7800.00    2.7449E-57  1.2182E-66  2.3546E-33  7.8512E-12  7.5514E-07  4.3721E-04  1.2363E-05  8.4319E-07
   390   8000.00    5.6304E-58  1.9927E-67  9.5234E-34  6.2608E-12  7.1361E-07  4.0829E-04  1.1692E-05  7.8696E-07
1                                                  COLLISION FREQUENCIES FOR HYDROGEN
            ALT       CFHN2       CFHO2       CFHO        CFHHE       CFHH        CFHOX       CFHHL       CFHEL
     1    220.00    4.0163E+00  2.3349E-01  1.2256E+00  5.7456E-04  8.2742E-04  6.4330E+00  5.3276E-07  2.4892E-02
     2    240.00    1.8729E+00  9.7795E-02  7.6700E-01  5.1272E-04  7.7905E-04  7.2502E+00  9.9758E-07  2.0358E-02
     3    260.00    8.8710E-01  4.1663E-02  4.8923E-01  4.5962E-04  7.4903E-04  7.1511E+00  1.9045E-06  1.7058E-02
     4    280.00    4.2445E-01  1.7950E-02  3.1658E-01  4.1312E-04  7.2710E-04  6.5575E+00  3.9066E-06  1.4098E-02
     5    300.00    2.0460E-01  7.7974E-03  2.0794E-01  3.7195E-04  7.0954E-04  5.7621E+00  9.1042E-06  1.1581E-02
     6    320.00    9.9209E-02  3.4099E-03  1.3739E-01  3.3528E-04  6.9407E-04  4.9788E+00  2.2275E-05  9.5832E-03
     7    340.00    4.8354E-02  1.4999E-03  9.1562E-02  3.0251E-04  6.8011E-04  4.2665E+00  4.8978E-05  8.0270E-03
     8    360.00    2.3679E-02  6.6330E-04  6.1516E-02  2.7314E-04  6.6825E-04  3.6351E+00  8.9950E-05  6.8174E-03
     9    380.00    1.1647E-02  2.9483E-04  4.1732E-02  2.4680E-04  6.5865E-04  3.0589E+00  1.3713E-04  5.8667E-03
    10    400.00    5.7539E-03  1.3169E-04  2.8698E-02  2.2314E-04  6.5288E-04  2.5034E+00  1.7534E-04  5.1038E-03
    11    420.00    2.8546E-03  5.9108E-05  1.9989E-02  2.0188E-04  6.5235E-04  1.9661E+00  1.9060E-04  4.4741E-03
    12    440.00    1.4220E-03  2.6656E-05  1.4164E-02  1.8275E-04  6.5601E-04  1.4998E+00  1.8269E-04  3.9443E-03
    13    460.00    7.1133E-04  1.2077E-05  1.0052E-02  1.6553E-04  6.6032E-04  1.1482E+00  1.6462E-04  3.4959E-03
    14    480.00    3.5726E-04  5.4974E-06  7.0994E-03  1.5002E-04  6.6257E-04  9.0242E-01  1.4608E-04  3.1173E-03
    16    520.00    9.1206E-05  1.1547E-06  3.4803E-03  1.2343E-04  6.5858E-04  6.1062E-01  1.1758E-04  2.5269E-03
    18    560.00    2.3654E-05  2.4696E-07  1.6828E-03  1.0179E-04  6.4622E-04  4.5285E-01  9.8648E-05  2.0963E-03
    20    600.00    6.2302E-06  5.3760E-08  8.1013E-04  8.4125E-05  6.2922E-04  3.5594E-01  8.5138E-05  1.7714E-03
    22    640.00    1.6661E-06  1.1908E-08  3.9029E-04  6.9678E-05  6.0988E-04  2.9069E-01  7.4745E-05  1.5194E-03
    24    680.00    4.5228E-07  2.6831E-09  1.8868E-04  5.7836E-05  5.8949E-04  2.4394E-01  6.6336E-05  1.3199E-03
    26    720.00    1.2459E-07  6.1480E-10  9.1673E-05  4.8107E-05  5.6880E-04  2.0893E-01  5.9324E-05  1.1593E-03
    28    760.00    3.4821E-08  1.4322E-10  4.4804E-05  4.0097E-05  5.4825E-04  1.8180E-01  5.3370E-05  1.0281E-03
    30    800.00    9.8713E-09  3.3909E-11  2.2039E-05  3.3489E-05  5.2811E-04  1.6017E-01  4.8251E-05  9.1929E-04
    35    900.00    4.4877E-10  9.9129E-13  3.8541E-06  2.1535E-05  4.8050E-04  1.2122E-01  3.8135E-05  7.1476E-04
    40   1000.00    2.2185E-11  3.1892E-14  7.0436E-07  1.4014E-05  4.3737E-04  9.5106E-02  3.0678E-05  5.7236E-04
    45   1100.00    1.1886E-12  1.1248E-15  1.3449E-07  9.2257E-06  3.9868E-04  7.6404E-02  2.5006E-05  4.6819E-04
    50   1200.00    6.8794E-14  4.3331E-17  2.6800E-08  6.1407E-06  3.6406E-04  6.2457E-02  2.0611E-05  3.8933E-04
    55   1300.00    4.2885E-15  1.8171E-18  5.5651E-09  4.1309E-06  3.3306E-04  5.1773E-02  1.7159E-05  3.2807E-04
    60   1400.00    2.8711E-16  8.2674E-20  1.2024E-09  2.8073E-06  3.0525E-04  4.3427E-02  1.4419E-05  2.7950E-04
    70   1600.00    1.5771E-18  2.1592E-22  6.2845E-11  1.3348E-06  2.5770E-04  3.1484E-02  1.0448E-05  2.0835E-04
    80   1800.00    1.1174E-20  7.5433E-25  3.7839E-12  6.5813E-07  2.1892E-04  2.3610E-02  7.8100E-06  1.5978E-04
    90   2000.00    1.0028E-22  3.4525E-27  2.5982E-13  3.3565E-07  1.8705E-04  1.8211E-02  6.0004E-06  1.2530E-04
   100   2200.00    1.1212E-24  2.0314E-29  2.0164E-14  1.7664E-07  1.6072E-04  1.4383E-02  4.7222E-06  1.0008E-04
   110   2400.00    1.5384E-26  1.5104E-31  1.7545E-15  9.5721E-08  1.3883E-04  1.1591E-02  3.7953E-06  8.1169E-05
   120   2600.00    2.5553E-28  1.3972E-33  1.6989E-16  5.3306E-08  1.2054E-04  9.5022E-03  3.1071E-06  6.6710E-05
   130   2800.00    5.0743E-30  1.5850E-35  1.8187E-17  3.0452E-08  1.0520E-04  7.9052E-03  2.5854E-06  5.5464E-05
   140   3000.00    1.1910E-31  2.1767E-37  2.1389E-18  1.7817E-08  9.2252E-05  6.6605E-03  2.1825E-06  4.6586E-05
   150   3200.00    3.2698E-33  3.5755E-39  2.7479E-19  1.0661E-08  8.1284E-05  5.6736E-03  1.8658E-06  3.9484E-05
   160   3400.00    1.0399E-34  6.9483E-41  3.8364E-20  6.5141E-09  7.1947E-05  4.8796E-03  1.6130E-06  3.3741E-05
   170   3600.00    3.7975E-36  1.5814E-42  5.7920E-21  4.0597E-09  6.3963E-05  4.2322E-03  1.4084E-06  2.9047E-05
   180   3800.00    1.5794E-37  4.1759E-44  9.4139E-22  2.5776E-09  5.7104E-05  3.6979E-03  1.2404E-06  2.5174E-05
   190   4000.00    7.4256E-39  1.2685E-45  1.6403E-22  1.6654E-09  5.1187E-05  3.2524E-03  1.1008E-06  2.1951E-05
   200   4200.00    3.9190E-40  4.3978E-47  3.0523E-23  1.0940E-09  4.6061E-05  2.8773E-03  9.8319E-07  1.9249E-05
   210   4400.00    2.3069E-41  1.7273E-48  6.0439E-24  7.2994E-10  4.1602E-05  2.5588E-03  8.8378E-07  1.6967E-05
   220   4600.00    1.5056E-42  7.6333E-50  1.2692E-24  4.9426E-10  3.7708E-05  2.2863E-03  7.9893E-07  1.5026E-05
   230   4800.00    1.0835E-43  3.7717E-51  2.8180E-25  3.3938E-10  3.4295E-05  2.0514E-03  7.2580E-07  1.3367E-05
   240   5000.00    8.5526E-45  2.0715E-52  6.5958E-26  2.3613E-10  3.1292E-05  1.8476E-03  6.6224E-07  1.1940E-05
   250   5200.00    7.3702E-46  1.2577E-53  1.6231E-26  1.6637E-10  2.8641E-05  1.6699E-03  6.0658E-07  1.0707E-05
   260   5400.00    6.9026E-47  8.3983E-55  4.1890E-27  1.1862E-10  2.6293E-05  1.5139E-03  5.5751E-07  9.6348E-06
   270   5600.00    6.9967E-48  6.1384E-56  1.1311E-27  8.5531E-11  2.4207E-05  1.3765E-03  5.1400E-07  8.6997E-06
   280   5800.00    7.6460E-49  4.8892E-57  3.1885E-28  6.2341E-11  2.2346E-05  1.2549E-03  4.7520E-07  7.8806E-06
   290   6000.00    8.9751E-50  4.2261E-58  9.3637E-29  4.5905E-11  2.0683E-05  1.1469E-03  4.4043E-07  7.1605E-06
   300   6200.00    1.1278E-50  3.9486E-59  2.8593E-29  3.4133E-11  1.9192E-05  1.0506E-03  4.0912E-07  6.5246E-06
   310   6400.00    1.5123E-51  3.9736E-60  9.0621E-30  2.5616E-11  1.7850E-05  9.6431E-04  3.8079E-07  5.9609E-06
   320   6600.00    2.1574E-52  4.2920E-61  2.9758E-30  1.9395E-11  1.6641E-05  8.8678E-04  3.5506E-07  5.4593E-06
   330   6800.00    3.2650E-53  4.9599E-62  1.0109E-30  1.4810E-11  1.5547E-05  8.1690E-04  3.3161E-07  5.0116E-06
   340   7000.00    5.2284E-54  6.1138E-63  3.5471E-31  1.1400E-11  1.4556E-05  7.5374E-04  3.1016E-07  4.6107E-06
   350   7200.00    8.8366E-55  8.0155E-64  1.2837E-31  8.8432E-12  1.3656E-05  6.9654E-04  2.9050E-07  4.2509E-06
   360   7400.00    1.5726E-55  1.1147E-64  4.7855E-32  6.9106E-12  1.2836E-05  6.4463E-04  2.7243E-07  3.9270E-06
   370   7600.00    2.9404E-56  1.6403E-65  1.8352E-32  5.4386E-12  1.2087E-05  5.9741E-04  2.5577E-07  3.6348E-06
   380   7800.00    5.7642E-57  2.5478E-66  7.2318E-33  4.3091E-12  1.1403E-05  5.5439E-04  2.4038E-07  3.3705E-06
   390   8000.00    1.1824E-57  4.1677E-67  2.9248E-33  3.4364E-12  1.0775E-05  5.1764E-04  2.2726E-07  3.1457E-06
1                                                  COLLISION FREQUENCIES FOR ELECTRONS
            ALT       CFELN2      CFELO2      CFELO       CFELHE      CFELH       CFELOX      CFELHL      CFELHD
     1    220.00    4.0880E+00  2.3714E-01  1.8562E+00  6.3961E-04  3.9033E-04  4.5670E+01  4.0051E-06  7.8922E-03
     2    240.00    1.9064E+00  9.9323E-02  1.1474E+00  5.7076E-04  3.6462E-04  3.7347E+01  5.4355E-06  9.5898E-03
     3    260.00    9.0294E-01  4.2314E-02  7.2502E-01  5.1165E-04  3.4862E-04  3.1289E+01  8.8195E-06  1.2046E-02
     4    280.00    4.3203E-01  1.8230E-02  4.6519E-01  4.5989E-04  3.3684E-04  2.5855E+01  1.6338E-05  1.4970E-02
     5    300.00    2.0825E-01  7.9193E-03  3.0260E-01  4.1406E-04  3.2705E-04  2.1232E+01  3.5609E-05  1.8541E-02
     6    320.00    1.0098E-01  3.4632E-03  1.9777E-01  3.7324E-04  3.1816E-04  1.7562E+01  8.3179E-05  2.3247E-02
     7    340.00    4.9217E-02  1.5233E-03  1.3011E-01  3.3675E-04  3.0973E-04  1.4700E+01  1.7799E-04  2.9508E-02
     8    360.00    2.4102E-02  6.7367E-04  8.6043E-02  3.0407E-04  3.0189E-04  1.2472E+01  3.2454E-04  3.7629E-02
     9    380.00    1.1855E-02  2.9943E-04  5.7146E-02  2.7474E-04  2.9431E-04  1.0717E+01  5.0403E-04  4.7445E-02
    10    400.00    5.8567E-03  1.3375E-04  3.8094E-02  2.4840E-04  2.8698E-04  9.3069E+00  6.8210E-04  5.7993E-02
    11    420.00    2.9055E-03  6.0032E-05  2.5378E-02  2.2473E-04  2.7988E-04  8.1415E+00  8.2337E-04  6.7684E-02
    12    440.00    1.4474E-03  2.7072E-05  1.7042E-02  2.0343E-04  2.7300E-04  7.1614E+00  9.0818E-04  7.5548E-02
    13    460.00    7.2403E-04  1.2266E-05  1.1471E-02  1.8426E-04  2.6633E-04  6.3321E+00  9.4535E-04  8.1997E-02
    14    480.00    3.6364E-04  5.5833E-06  7.7394E-03  1.6700E-04  2.5985E-04  5.6318E+00  9.5161E-04  8.7594E-02
    16    520.00    9.2834E-05  1.1728E-06  3.5471E-03  1.3741E-04  2.4749E-04  4.5394E+00  9.1894E-04  9.6617E-02
    18    560.00    2.4076E-05  2.5082E-07  1.6404E-03  1.1331E-04  2.3584E-04  3.7436E+00  8.6256E-04  1.0214E-01
    20    600.00    6.3414E-06  5.4600E-08  7.6535E-04  9.3649E-05  2.2487E-04  3.1455E+00  7.9903E-04  1.0417E-01
    22    640.00    1.6959E-06  1.2094E-08  3.6020E-04  7.7566E-05  2.1452E-04  2.6840E+00  7.3472E-04  1.0338E-01
    24    680.00    4.6035E-07  2.7250E-09  1.7098E-04  6.4383E-05  2.0476E-04  2.3207E+00  6.7278E-04  1.0057E-01
    26    720.00    1.2682E-07  6.2440E-10  8.1845E-05  5.3553E-05  1.9554E-04  2.0303E+00  6.1494E-04  9.6462E-02
    28    760.00    3.5443E-08  1.4546E-10  3.9503E-05  4.4637E-05  1.8684E-04  1.7944E+00  5.6200E-04  9.1621E-02
    30    800.00    1.0048E-08  3.4439E-11  1.9221E-05  3.7281E-05  1.7862E-04  1.5999E+00  5.1413E-04  8.6457E-02
    35    900.00    4.5678E-10  1.0068E-12  3.2865E-06  2.3973E-05  1.5995E-04  1.2375E+00  4.1475E-04  7.3664E-02
    40   1000.00    2.2581E-11  3.2390E-14  5.8947E-07  1.5601E-05  1.4366E-04  9.8771E-01  3.3873E-04  6.2232E-02
    45   1100.00    1.2098E-12  1.1424E-15  1.1070E-07  1.0270E-05  1.2940E-04  8.0634E-01  2.7992E-04  5.2514E-02
    50   1200.00    7.0022E-14  4.4008E-17  2.1728E-08  6.8359E-06  1.1688E-04  6.6978E-01  2.3382E-04  4.4411E-02
    55   1300.00    4.3650E-15  1.8455E-18  4.4495E-09  4.5985E-06  1.0585E-04  5.6410E-01  1.9725E-04  3.7707E-02
    60   1400.00    2.9224E-16  8.3966E-20  9.4910E-10  3.1251E-06  9.6109E-05  4.8054E-01  1.6789E-04  3.2176E-02
    70   1600.00    1.6052E-18  2.1929E-22  4.8503E-11  1.4859E-06  7.9808E-05  3.5837E-01  1.2456E-04  2.3835E-02
    80   1800.00    1.1374E-20  7.6612E-25  2.8669E-12  7.3264E-07  6.6876E-05  2.7503E-01  9.4938E-05  1.8081E-02
    90   2000.00    1.0207E-22  3.5064E-27  1.9395E-13  3.7365E-07  5.6515E-05  2.1582E-01  7.4026E-05  1.4035E-02
   100   2200.00    1.1412E-24  2.0632E-29  1.4877E-14  1.9664E-07  4.8136E-05  1.7245E-01  5.8856E-05  1.1129E-02
   110   2400.00    1.5658E-26  1.5340E-31  1.2829E-15  1.0656E-07  4.1300E-05  1.3990E-01  4.7595E-05  8.9946E-03
   120   2600.00    2.6009E-28  1.4190E-33  1.2338E-16  5.9340E-08  3.5677E-05  1.1498E-01  3.9068E-05  7.3937E-03
   130   2800.00    5.1649E-30  1.6098E-35  1.3142E-17  3.3900E-08  3.1017E-05  9.5575E-02  3.2501E-05  6.1694E-03
   140   3000.00    1.2123E-31  2.2107E-37  1.5400E-18  1.9834E-08  2.7127E-05  8.0242E-02  2.7364E-05  5.2159E-03
   150   3200.00    3.3282E-33  3.6314E-39  1.9738E-19  1.1868E-08  2.3858E-05  6.7972E-02  2.3289E-05  4.4581E-03
   160   3400.00    1.0585E-34  7.0568E-41  2.7515E-20  7.2515E-09  2.1094E-05  5.8044E-02  2.0015E-05  3.8506E-03
   170   3600.00    3.8653E-36  1.6061E-42  4.1509E-21  4.5193E-09  1.8742E-05  4.9929E-02  1.7352E-05  3.3558E-03
   180   3800.00    1.6076E-37  4.2411E-44  6.7453E-22  2.8694E-09  1.6730E-05  4.3232E-02  1.5162E-05  2.9474E-03
   190   4000.00    7.5582E-39  1.2883E-45  1.1756E-22  1.8540E-09  1.4999E-05  3.7660E-02  1.3341E-05  2.6078E-03
   200   4200.00    3.9890E-40  4.4665E-47  2.1890E-23  1.2179E-09  1.3504E-05  3.2988E-02  1.1810E-05  2.3224E-03
   210   4400.00    2.3481E-41  1.7543E-48  4.3382E-24  8.1258E-10  1.2204E-05  2.9043E-02  1.0519E-05  2.0801E-03
   220   4600.00    1.5325E-42  7.7525E-50  9.1197E-25  5.5021E-10  1.1071E-05  2.5692E-02  9.4215E-06  1.8727E-03
   230   4800.00    1.1028E-43  3.8307E-51  2.0272E-25  3.7780E-10  1.0078E-05  2.2827E-02  8.4807E-06  1.6939E-03
   240   5000.00    8.7053E-45  2.1039E-52  4.7508E-26  2.6286E-10  9.2041E-06  2.0364E-02  7.6683E-06  1.5386E-03
   250   5200.00    7.5018E-46  1.2774E-53  1.1706E-26  1.8520E-10  8.4326E-06  1.8237E-02  6.9622E-06  1.4030E-03
   260   5400.00    7.0259E-47  8.5295E-55  3.0250E-27  1.3204E-10  7.7487E-06  1.6390E-02  6.3449E-06  1.2838E-03
   270   5600.00    7.1217E-48  6.2343E-56  8.1781E-28  9.5214E-11  7.1404E-06  1.4780E-02  5.8024E-06  1.1785E-03
   280   5800.00    7.7825E-49  4.9656E-57  2.3081E-28  6.9398E-11  6.5976E-06  1.3371E-02  5.3234E-06  1.0851E-03
   290   6000.00    9.1354E-50  4.2921E-58  6.7857E-29  5.1102E-11  6.1116E-06  1.2133E-02  4.8986E-06  1.0019E-03
   300   6200.00    1.1480E-50  4.0103E-59  2.0742E-29  3.7997E-11  5.6753E-06  1.1041E-02  4.5200E-06  9.2747E-04
   310   6400.00    1.5393E-51  4.0357E-60  6.5799E-30  2.8516E-11  5.2823E-06  1.0074E-02  4.1812E-06  8.6057E-04
   320   6600.00    2.1959E-52  4.3591E-61  2.1625E-30  2.1591E-11  4.9274E-06  9.2138E-03  3.8770E-06  8.0025E-04
   330   6800.00    3.3233E-53  5.0374E-62  7.3513E-31  1.6486E-11  4.6061E-06  8.4471E-03  3.6028E-06  7.4568E-04
   340   7000.00    5.3218E-54  6.2093E-63  2.5810E-31  1.2691E-11  4.3144E-06  7.7612E-03  3.3549E-06  6.9616E-04
   350   7200.00    8.9944E-55  8.1408E-64  9.3453E-32  9.8443E-12  4.0490E-06  7.1462E-03  3.1302E-06  6.5111E-04
   360   7400.00    1.6007E-55  1.1321E-64  3.4851E-32  7.6929E-12  3.8069E-06  6.5932E-03  2.9259E-06  6.1002E-04
   370   7600.00    2.9929E-56  1.6659E-65  1.3369E-32  6.0542E-12  3.5856E-06  6.0947E-03  2.7396E-06  5.7244E-04
   380   7800.00    5.8671E-57  2.5876E-66  5.2688E-33  4.7969E-12  3.3829E-06  5.6443E-03  2.5694E-06  5.3800E-04
   390   8000.00    1.2035E-57  4.2329E-67  2.1310E-33  3.8254E-12  3.1968E-06  5.2620E-03  2.4254E-06  5.0802E-04
1                                             INITIAL OXYGEN PARAMETERS
                ALT          VELOCITY        MACH NO         DENSITY         PRESSURE      TEMPERATURE

     0        200.00       0.00000E+00     0.00000E+00     7.22510E+04     7.96741E-09     7.98696E+02
     1        220.00      -4.57865E+03    -5.43700E-02     1.46659E+05     1.65750E-08     8.18566E+02
     2        240.00      -4.58369E+03    -5.39827E-02     1.72035E+05     1.97665E-08     8.32185E+02
     3        260.00      -4.31249E+03    -5.04295E-02     1.74976E+05     2.03917E-08     8.44082E+02
     4        280.00      -3.24203E+03    -3.76616E-02     1.64961E+05     1.94808E-08     8.55329E+02
     5        300.00      -1.38302E+03    -1.59456E-02     1.49613E+05     1.79365E-08     8.68310E+02
     6        320.00       9.91012E+02     1.13216E-02     1.33982E+05     1.63599E-08     8.84390E+02
     7        340.00       3.78607E+03     4.27498E-02     1.19793E+05     1.49738E-08     9.05330E+02
     8        360.00       6.83735E+03     7.60303E-02     1.07520E+05     1.38575E-08     9.33470E+02
     9        380.00       1.00742E+04     1.09725E-01     9.70297E+04     1.30347E-08     9.72980E+02
    10        400.00       1.34709E+04     1.42458E-01     8.79840E+04     1.25377E-08     1.03210E+03
    11        420.00       1.68744E+04     1.71133E-01     8.00025E+04     1.23961E-08     1.12225E+03
    12        440.00       1.99555E+04     1.91848E-01     7.28743E+04     1.25654E-08     1.24885E+03
    13        460.00       2.25199E+04     2.04083E-01     6.65173E+04     1.29076E-08     1.40546E+03
    14        480.00       2.45504E+04     2.10028E-01     6.09115E+04     1.32633E-08     1.57710E+03
    16        520.00       2.72982E+04     2.12115E-01     5.17054E+04     1.36475E-08     1.91172E+03
    18        560.00       2.85767E+04     2.07345E-01     4.45964E+04     1.34998E-08     2.19248E+03
    20        600.00       2.86650E+04     1.98313E-01     3.89778E+04     1.29781E-08     2.41158E+03
    22        640.00       2.79561E+04     1.87033E-01     3.44451E+04     1.22640E-08     2.57878E+03
    24        680.00       2.68866E+04     1.75582E-01     3.07367E+04     1.14857E-08     2.70649E+03
    26        720.00       2.58022E+04     1.65503E-01     2.76686E+04     1.07171E-08     2.80543E+03
    28        760.00       2.48921E+04     1.57484E-01     2.51000E+04     9.99350E-09     2.88371E+03
    30        800.00       2.42100E+04     1.51515E-01     2.29211E+04     9.32620E-09     2.94698E+03
    35        900.00       2.33069E+04     1.43114E-01     1.86785E+04     7.89469E-09     3.06127E+03
    40       1000.00       2.30476E+04     1.39854E-01     1.55746E+04     6.74071E-09     3.13471E+03
    45       1100.00       2.30780E+04     1.39005E-01     1.31987E+04     5.79771E-09     3.18150E+03
    50       1200.00       2.32623E+04     1.39506E-01     1.13244E+04     5.01798E-09     3.20939E+03
    55       1300.00       2.35470E+04     1.40908E-01     9.81257E+03     4.36689E-09     3.22328E+03
    60       1400.00       2.39081E+04     1.42998E-01     8.57207E+03     3.81863E-09     3.22649E+03
    70       1600.00       2.48169E+04     1.48816E-01     6.67153E+03     2.95673E-09     3.20992E+03
    80       1800.00       2.59371E+04     1.56441E-01     5.30151E+03     2.32236E-09     3.17277E+03
    90       2000.00       2.72357E+04     1.65579E-01     4.28274E+03     1.84663E-09     3.12295E+03
   100       2200.00       2.86895E+04     1.76045E-01     3.50704E+03     1.48433E-09     3.06547E+03
   110       2400.00       3.02901E+04     1.87771E-01     2.90532E+03     1.20485E-09     3.00362E+03
   120       2600.00       3.20326E+04     2.00723E-01     2.43135E+03     9.86795E-10     2.93959E+03
   130       2800.00       3.39080E+04     2.14852E-01     2.05305E+03     8.14921E-10     2.87491E+03
   140       3000.00       3.59063E+04     2.30103E-01     1.74763E+03     6.78166E-10     2.81057E+03
   150       3200.00       3.80216E+04     2.46449E-01     1.49852E+03     5.68406E-10     2.74729E+03
   160       3400.00       4.02283E+04     2.63734E-01     1.29353E+03     4.79622E-10     2.68553E+03
   170       3600.00       4.25408E+04     2.82059E-01     1.12341E+03     4.07252E-10     2.62562E+03
   180       3800.00       4.49435E+04     3.01325E-01     9.81132E+02     3.47842E-10     2.56781E+03
   190       4000.00       4.74306E+04     3.21496E-01     8.61289E+02     2.98748E-10     2.51226E+03
   200       4200.00       4.99996E+04     3.42553E-01     7.59701E+02     2.57935E-10     2.45910E+03
   210       4400.00       5.26442E+04     3.64446E-01     6.73073E+02     2.23814E-10     2.40843E+03
   220       4600.00       5.53571E+04     3.87112E-01     5.98793E+02     1.95137E-10     2.36033E+03
   230       4800.00       5.81328E+04     4.10495E-01     5.34773E+02     1.70918E-10     2.31486E+03
   240       5000.00       6.09675E+04     4.34545E-01     4.79330E+02     1.50367E-10     2.27209E+03
   250       5200.00       6.38577E+04     4.59207E-01     4.31096E+02     1.32854E-10     2.23207E+03
   260       5400.00       6.67971E+04     4.84400E-01     3.88956E+02     1.17868E-10     2.19485E+03
   270       5600.00       6.97721E+04     5.09984E-01     3.52003E+02     1.05000E-10     2.16047E+03
   280       5800.00       7.27650E+04     5.35781E-01     3.19492E+02     9.39120E-11     2.12896E+03
   290       6000.00       7.57693E+04     5.61692E-01     2.90790E+02     8.43258E-11     2.10034E+03
   300       6200.00       7.87920E+04     5.87712E-01     2.65352E+02     7.60061E-11     2.07460E+03
   310       6400.00       8.18398E+04     6.13835E-01     2.42726E+02     6.87593E-11     2.05175E+03
   320       6600.00       8.49140E+04     6.40013E-01     2.22533E+02     6.24260E-11     2.03179E+03
   330       6800.00       8.80133E+04     6.66178E-01     2.04457E+02     5.68735E-11     2.01472E+03
   340       7000.00       9.11344E+04     6.92247E-01     1.88234E+02     5.19915E-11     2.00051E+03
   350       7200.00       9.42700E+04     7.18110E-01     1.73640E+02     4.76875E-11     1.98913E+03
   360       7400.00       9.74174E+04     7.43697E-01     1.60479E+02     4.38823E-11     1.98052E+03
   370       7600.00       1.00577E+05     7.68959E-01     1.48582E+02     4.05082E-11     1.97463E+03
   380       7800.00       1.03744E+05     7.93832E-01     1.37804E+02     3.75078E-11     1.97137E+03
   390       8000.00       1.03554E+05     7.92550E-01     1.28647E+02     3.50000E-11     1.97050E+03
   391       8020.00       1.03554E+05     7.92550E-01     1.02331E+02     2.78404E-11     1.97050E+03
1                                             INITIAL HELIUM PARAMETERS
                ALT          VELOCITY        MACH NO         DENSITY         PRESSURE      TEMPERATURE

     0        200.00       0.00000E+00     0.00000E+00     5.38406E-03     5.93722E-16     7.98696E+02
     1        220.00      -7.16251E+03    -4.20122E-02     1.28615E-02     1.49089E-15     8.39584E+02
     2        240.00      -6.75238E+03    -3.92071E-02     2.50383E-02     2.96186E-15     8.56777E+02
     3        260.00      -6.48912E+03    -3.72849E-02     4.93204E-02     5.95810E-15     8.74962E+02
     4        280.00      -5.87629E+03    -3.33406E-02     1.04239E-01     1.29141E-14     8.97312E+02
     5        300.00      -4.38426E+03    -2.45996E-02     2.50921E-01     3.17871E-14     9.17530E+02
     6        320.00      -1.68498E+03    -9.39331E-03     6.34575E-01     8.14346E-14     9.29467E+02
     7        340.00       1.75206E+03     9.70154E-03     1.45045E+00     1.88667E-13     9.42108E+02
     8        360.00       5.39978E+03     2.95642E-02     2.79779E+00     3.72230E-13     9.63616E+02
     9        380.00       9.13811E+03     4.91297E-02     4.56318E+00     6.29605E-13     9.99328E+02
    10        400.00       1.30020E+04     6.79618E-02     6.44832E+00     9.41269E-13     1.05724E+03
    11        420.00       1.69165E+04     8.48382E-02     8.09085E+00     1.28295E-12     1.14848E+03
    12        440.00       2.05971E+04     9.78933E-02     9.24158E+00     1.63166E-12     1.27877E+03
    13        460.00       2.38860E+04     1.06999E-01     9.93079E+00     1.97374E-12     1.43951E+03
    14        480.00       2.68081E+04     1.13410E-01     1.02922E+01     2.29356E-12     1.61403E+03
    16        520.00       3.19818E+04     1.23149E-01     1.04670E+01     2.81541E-12     1.94818E+03
    18        560.00       3.65645E+04     1.31807E-01     1.02753E+01     3.15361E-12     2.22291E+03
    20        600.00       4.05815E+04     1.39754E-01     9.90116E+00     3.32955E-12     2.43561E+03
    22        640.00       4.40495E+04     1.46855E-01     9.42918E+00     3.38339E-12     2.59888E+03
    24        680.00       4.71014E+04     1.53339E-01     8.91069E+00     3.35313E-12     2.72550E+03
    26        720.00       4.99449E+04     1.59693E-01     8.38044E+00     3.26929E-12     2.82550E+03
    28        760.00       5.27787E+04     1.66392E-01     7.86107E+00     3.15434E-12     2.90626E+03
    30        800.00       5.57339E+04     1.73723E-01     7.36556E+00     3.02345E-12     2.97307E+03
    35        900.00       6.38817E+04     1.94985E-01     6.26002E+00     2.67979E-12     3.10051E+03
    40       1000.00       7.28676E+04     2.19164E-01     5.34124E+00     2.35476E-12     3.19310E+03
    45       1100.00       8.22893E+04     2.44793E-01     4.58185E+00     2.06493E-12     3.26417E+03
    50       1200.00       9.19226E+04     2.71124E-01     3.95335E+00     1.81237E-12     3.32040E+03
    55       1300.00       1.01671E+05     2.97842E-01     3.43115E+00     1.59453E-12     3.36590E+03
    60       1400.00       1.11498E+05     3.24826E-01     2.99499E+00     1.40736E-12     3.40344E+03
    70       1600.00       1.31377E+05     3.79477E-01     2.31877E+00     1.10842E-12     3.46221E+03
    80       1800.00       1.51608E+05     4.35082E-01     1.83005E+00     8.86217E-13     3.50739E+03
    90       2000.00       1.72247E+05     4.91696E-01     1.46896E+00     7.18945E-13     3.54483E+03
   100       2200.00       1.93294E+05     5.49254E-01     1.19690E+00     5.91186E-13     3.57745E+03
   110       2400.00       2.14686E+05     6.07586E-01     9.88378E-01     4.92142E-13     3.60641E+03
   120       2600.00       2.36332E+05     6.66489E-01     8.26118E-01     4.14263E-13     3.63197E+03
   130       2800.00       2.58124E+05     7.25749E-01     6.98148E-01     3.52214E-13     3.65398E+03
   140       3000.00       2.79948E+05     7.85155E-01     5.95967E-01     3.02164E-13     3.67221E+03
   150       3200.00       3.01707E+05     8.44540E-01     5.13425E-01     2.61325E-13     3.68649E+03
   160       3400.00       3.23271E+05     9.03652E-01     4.46029E-01     2.27651E-13     3.69671E+03
   170       3600.00       3.44583E+05     9.62420E-01     3.90425E-01     1.99605E-13     3.70290E+03
   180       3800.00       3.65620E+05     1.02085E+00     3.44099E-01     1.76032E-13     3.70523E+03
   190       4000.00       3.86324E+05     1.07882E+00     3.05122E-01     1.56046E-13     3.70413E+03
   200       4200.00       4.06737E+05     1.13646E+00     2.71977E-01     1.38940E-13     3.69999E+03
   210       4400.00       4.26621E+05     1.19312E+00     2.43774E-01     1.24301E-13     3.69314E+03
   220       4600.00       4.45996E+05     1.24889E+00     2.19586E-01     1.11685E-13     3.68383E+03
   230       4800.00       4.64888E+05     1.30381E+00     1.98682E-01     1.00740E-13     3.67242E+03
   240       5000.00       4.83309E+05     1.35790E+00     1.80495E-01     9.11914E-14     3.65929E+03
   250       5200.00       5.01269E+05     1.41116E+00     1.64578E-01     8.28210E-14     3.64481E+03
   260       5400.00       5.18777E+05     1.46355E+00     1.50574E-01     7.54529E-14     3.62939E+03
   270       5600.00       5.35832E+05     1.51500E+00     1.38194E-01     6.89439E-14     3.61338E+03
   280       5800.00       5.52428E+05     1.56545E+00     1.27204E-01     6.31756E-14     3.59713E+03
   290       6000.00       5.68578E+05     1.61484E+00     1.17406E-01     5.80474E-14     3.58098E+03
   300       6200.00       5.84311E+05     1.66319E+00     1.08633E-01     5.34738E-14     3.56524E+03
   310       6400.00       5.99656E+05     1.71048E+00     1.00748E-01     4.93834E-14     3.55021E+03
   320       6600.00       6.14635E+05     1.75667E+00     9.36366E-02     4.57165E-14     3.53619E+03
   330       6800.00       6.29262E+05     1.80173E+00     8.72039E-02     4.24225E-14     3.52345E+03
   340       7000.00       6.43547E+05     1.84556E+00     8.13679E-02     3.94577E-14     3.51226E+03
   350       7200.00       6.57496E+05     1.88810E+00     7.60590E-02     3.67843E-14     3.50284E+03
   360       7400.00       6.71122E+05     1.92928E+00     7.12169E-02     3.43693E-14     3.49539E+03
   370       7600.00       6.84440E+05     1.96906E+00     6.67890E-02     3.21836E-14     3.49009E+03
   380       7800.00       6.97463E+05     2.00739E+00     6.27303E-02     3.02018E-14     3.48710E+03
   390       8000.00       7.06357E+05     2.03318E+00     5.92956E-02     2.85428E-14     3.48644E+03
   391       8020.00       7.06357E+05     2.03318E+00     4.71497E-02     2.26962E-14     3.48644E+03
1                                             INITIAL HYDROGEN PARAMETERS
                ALT          VELOCITY        MACH NO         DENSITY         PRESSURE      TEMPERATURE

     0        200.00       0.00000E+00     0.00000E+00     1.24658E+01     1.37466E-12     7.98696E+02
     1        220.00      -1.20386E+04    -3.36776E-02     2.53441E+01     3.25259E-12     9.29524E+02
     2        240.00      -9.52899E+03    -2.62966E-02     4.41745E+01     5.82567E-12     9.55173E+02
     3        260.00      -7.57623E+03    -2.06913E-02     6.73645E+01     9.07078E-12     9.75263E+02
     4        280.00      -5.21835E+03    -1.41186E-02     9.55094E+01     1.31041E-11     9.93731E+02
     5        300.00      -2.49464E+03    -6.67750E-03     1.30649E+02     1.83137E-11     1.01526E+03
     6        320.00       3.57971E+02     9.46705E-04     1.77356E+02     2.54678E-11     1.04005E+03
     7        340.00       3.37541E+03     8.80014E-03     2.40464E+02     3.55307E-11     1.07019E+03
     8        360.00       6.50650E+03     1.66696E-02     3.24397E+02     4.96365E-11     1.10824E+03
     9        380.00       9.79152E+03     2.45046E-02     4.29542E+02     6.88797E-11     1.16143E+03
    10        400.00       1.32951E+04     3.21468E-02     5.48242E+02     9.41808E-11     1.24422E+03
    11        420.00       1.69436E+04     3.90023E-02     6.65101E+02     1.26067E-10     1.37284E+03
    12        440.00       2.05002E+04     4.44667E-02     7.68770E+02     1.64106E-10     1.54610E+03
    13        460.00       2.39286E+04     4.89494E-02     8.61366E+02     2.06733E-10     1.73832E+03
    14        480.00       2.73350E+04     5.31580E-02     9.47374E+02     2.51595E-10     1.92349E+03
    16        520.00       3.46294E+04     6.25083E-02     1.10050E+03     3.39221E-10     2.23255E+03
    18        560.00       4.27643E+04     7.34759E-02     1.21680E+03     4.13974E-10     2.46412E+03
    20        600.00       5.13340E+04     8.51931E-02     1.29086E+03     4.70720E-10     2.64114E+03
    22        640.00       5.99116E+04     9.68881E-02     1.32676E+03     5.09511E-10     2.78144E+03
    24        680.00       6.83073E+04     1.08249E-01     1.33202E+03     5.32690E-10     2.89648E+03
    26        720.00       7.65545E+04     1.19334E-01     1.31460E+03     5.43359E-10     2.99366E+03
    28        760.00       8.48034E+04     1.30369E-01     1.28157E+03     5.44627E-10     3.07798E+03
    30        800.00       9.32133E+04     1.41584E-01     1.23860E+03     5.39192E-10     3.15297E+03
    35        900.00       1.15571E+05     1.71212E-01     1.11185E+03     5.08804E-10     3.31447E+03
    40       1000.00       1.40201E+05     2.03433E-01     9.81288E+02     4.68101E-10     3.45502E+03
    45       1100.00       1.67081E+05     2.38016E-01     8.59588E+02     4.25415E-10     3.58451E+03
    50       1200.00       1.96041E+05     2.74626E-01     7.50876E+02     3.84292E-10     3.70681E+03
    55       1300.00       2.26853E+05     3.12919E-01     6.55909E+02     3.46220E-10     3.82310E+03
    60       1400.00       2.59238E+05     3.52539E-01     5.73972E+02     3.11714E-10     3.93344E+03
    70       1600.00       3.27475E+05     4.34360E-01     4.43712E+02     2.53302E-10     4.13471E+03
    80       1800.00       3.98306E+05     5.17587E-01     3.48533E+02     2.07297E-10     4.30781E+03
    90       2000.00       4.69743E+05     6.00447E-01     2.78513E+02     1.71197E-10     4.45205E+03
   100       2200.00       5.40424E+05     6.81901E-01     2.26317E+02     1.42766E-10     4.56894E+03
   110       2400.00       6.09538E+05     7.61454E-01     1.86785E+02     1.20210E-10     4.66127E+03
   120       2600.00       6.76661E+05     8.38936E-01     1.56344E+02     1.02152E-10     4.73231E+03
   130       2800.00       7.41589E+05     9.14323E-01     1.32524E+02     8.75593E-11     4.78537E+03
   140       3000.00       8.04242E+05     9.87647E-01     1.13599E+02     7.56531E-11     4.82347E+03
   150       3200.00       8.65083E+05     1.05952E+00     9.82836E+01     6.58055E-11     4.84941E+03
   160       3400.00       9.23407E+05     1.12907E+00     8.58125E+01     5.76469E-11     4.86556E+03
   170       3600.00       9.79568E+05     1.19673E+00     7.55077E+01     5.08103E-11     4.87381E+03
   180       3800.00       1.03377E+06     1.26268E+00     6.68893E+01     4.50293E-11     4.87581E+03
   190       4000.00       1.08575E+06     1.32657E+00     5.96421E+01     4.01268E-11     4.87292E+03
   200       4200.00       1.13574E+06     1.38859E+00     5.34842E+01     3.59348E-11     4.86629E+03
   210       4400.00       1.18388E+06     1.44885E+00     4.82058E+01     3.23258E-11     4.85689E+03
   220       4600.00       1.23029E+06     1.50741E+00     4.36471E+01     2.92003E-11     4.84552E+03
   230       4800.00       1.27506E+06     1.56431E+00     3.96832E+01     2.64791E-11     4.83286E+03
   240       5000.00       1.31828E+06     1.61957E+00     3.62153E+01     2.40981E-11     4.81947E+03
   250       5200.00       1.36004E+06     1.67326E+00     3.31641E+01     2.20053E-11     4.80581E+03
   260       5400.00       1.40043E+06     1.72538E+00     3.04656E+01     2.01577E-11     4.79225E+03
   270       5600.00       1.43950E+06     1.77596E+00     2.80681E+01     1.85204E-11     4.77908E+03
   280       5800.00       1.47730E+06     1.82499E+00     2.59292E+01     1.70642E-11     4.76654E+03
   290       6000.00       1.51388E+06     1.87249E+00     2.40134E+01     1.57645E-11     4.75482E+03
   300       6200.00       1.54935E+06     1.91853E+00     2.22906E+01     1.46003E-11     4.74405E+03
   310       6400.00       1.58378E+06     1.96318E+00     2.07357E+01     1.35541E-11     4.73432E+03
   320       6600.00       1.61725E+06     2.00649E+00     1.93277E+01     1.26107E-11     4.72572E+03
   330       6800.00       1.64981E+06     2.04850E+00     1.80488E+01     1.17578E-11     4.71829E+03
   340       7000.00       1.68150E+06     2.08923E+00     1.68841E+01     1.09845E-11     4.71205E+03
   350       7200.00       1.71236E+06     2.12871E+00     1.58208E+01     1.02817E-11     4.70700E+03
   360       7400.00       1.74241E+06     2.16696E+00     1.48478E+01     9.64141E-12     4.70313E+03
   370       7600.00       1.77170E+06     2.20403E+00     1.39554E+01     9.05672E-12     4.70042E+03
   380       7800.00       1.80026E+06     2.23993E+00     1.31352E+01     8.52154E-12     4.69882E+03
   390       8000.00       1.82194E+06     2.26703E+00     1.24202E+01     8.05680E-12     4.69832E+03
   391       8020.00       1.82194E+06     2.26703E+00     9.87815E+00     6.40782E-12     4.69832E+03
1                                             INITIAL ELECTRON PARAMETERS
                ALT          VELOCITY        MACH NO         DENSITY         PRESSURE      TEMPERATURE

     0        200.00       0.00000E+00     0.00000E+00     7.22634E+04     7.96878E-09     7.98696E+02
     1        220.00      -1.86966E+05    -6.65039E-03     1.46684E+05     6.33669E-08     3.12883E+03
     2        240.00      -1.58645E+05    -5.00359E-03     1.72079E+05     9.45511E-08     3.97961E+03
     3        260.00      -1.54396E+05    -4.56477E-03     1.75043E+05     1.09453E-07     4.52884E+03
     4        280.00      -1.60972E+05    -4.55461E-03     1.65056E+05     1.12688E-07     4.94481E+03
     5        300.00      -1.73679E+05    -4.75406E-03     1.49744E+05     1.09235E-07     5.28344E+03
     6        320.00      -1.89596E+05    -5.05417E-03     1.34160E+05     1.03188E-07     5.57073E+03
     7        340.00      -2.07325E+05    -5.40659E-03     1.20035E+05     9.64744E-08     5.82115E+03
     8        360.00      -2.26038E+05    -5.78507E-03     1.07848E+05     8.99920E-08     6.04363E+03
     9        380.00      -2.45324E+05    -6.17702E-03     9.74638E+04     8.40255E-08     6.24413E+03
    10        400.00      -2.65183E+05    -6.58147E-03     8.85387E+04     7.85643E-08     6.42683E+03
    11        420.00      -2.86237E+05    -7.01297E-03     8.06757E+04     7.34575E-08     6.59475E+03
    12        440.00      -3.09132E+05    -7.48623E-03     7.36523E+04     6.86429E-08     6.75017E+03
    13        460.00      -3.33988E+05    -8.00287E-03     6.73885E+04     6.41510E-08     6.89483E+03
    14        480.00      -3.60341E+05    -8.55084E-03     6.18691E+04     6.00524E-08     7.03014E+03
    16        520.00      -4.15637E+05    -9.69429E-03     5.28164E+04     5.30656E-08     7.27702E+03
    18        560.00      -4.72943E+05    -1.08673E-02     4.58234E+04     4.74364E-08     7.49780E+03
    20        600.00      -5.31804E+05    -1.20603E-02     4.02786E+04     4.28064E-08     7.69742E+03
    22        640.00      -5.91816E+05    -1.32653E-02     3.57813E+04     3.89263E-08     7.87950E+03
    24        680.00      -6.52300E+05    -1.44682E-02     3.20776E+04     3.56380E-08     8.04678E+03
    26        720.00      -7.12579E+05    -1.56555E-02     2.89916E+04     3.28284E-08     8.20140E+03
    28        760.00      -7.72271E+05    -1.68203E-02     2.63895E+04     3.04053E-08     8.34506E+03
    30        800.00      -8.31332E+05    -1.79629E-02     2.41671E+04     2.82922E-08     8.47914E+03
    35        900.00      -9.77488E+05    -2.07568E-02     1.97966E+04     2.39960E-08     8.77927E+03
    40       1000.00      -1.12414E+06    -2.35254E-02     1.65612E+04     2.06682E-08     9.03901E+03
    45       1100.00      -1.27333E+06    -2.63177E-02     1.40629E+04     1.79931E-08     9.26700E+03
    50       1200.00      -1.42602E+06    -2.91571E-02     1.20792E+04     1.57924E-08     9.46933E+03
    55       1300.00      -1.58271E+06    -3.20557E-02     1.04719E+04     1.39529E-08     9.65046E+03
    60       1400.00      -1.74366E+06    -3.50204E-02     9.14904E+03     1.23966E-08     9.81378E+03
    70       1600.00      -2.07890E+06    -4.11638E-02     7.11756E+03     9.92234E-09     1.00970E+04
    80       1800.00      -2.43229E+06    -4.76049E-02     5.65187E+03     8.06427E-09     1.03343E+04
    90       2000.00      -2.80379E+06    -5.43479E-02     4.56272E+03     6.63735E-09     1.05361E+04
   100       2200.00      -3.19295E+06    -6.13880E-02     3.73455E+03     5.52211E-09     1.07096E+04
   110       2400.00      -3.59895E+06    -6.87121E-02     3.09310E+03     4.63794E-09     1.08603E+04
   120       2600.00      -4.02070E+06    -7.63030E-02     2.58852E+03     3.92843E-09     1.09920E+04
   130       2800.00      -4.45713E+06    -8.41426E-02     2.18627E+03     3.35298E-09     1.11080E+04
   140       3000.00      -4.90709E+06    -9.22120E-02     1.86182E+03     2.88177E-09     1.12106E+04
   150       3200.00      -5.36971E+06    -1.00497E-01     1.59732E+03     2.49250E-09     1.13019E+04
   160       3400.00      -5.84333E+06    -1.08968E-01     1.37979E+03     2.16861E-09     1.13835E+04
   170       3600.00      -6.32711E+06    -1.17613E-01     1.19931E+03     1.89706E-09     1.14567E+04
   180       3800.00      -6.82028E+06    -1.26417E-01     1.04837E+03     1.66783E-09     1.15225E+04
   190       4000.00      -7.32175E+06    -1.35364E-01     9.21236E+02     1.47313E-09     1.15819E+04
   200       4200.00      -7.83066E+06    -1.44438E-01     8.13457E+02     1.30682E-09     1.16356E+04
   210       4400.00      -8.34623E+06    -1.53626E-01     7.21522E+02     1.16399E-09     1.16844E+04
   220       4600.00      -8.86767E+06    -1.62915E-01     6.42659E+02     1.04070E-09     1.17288E+04
   230       4800.00      -9.39423E+06    -1.72292E-01     5.74655E+02     9.33785E-10     1.17692E+04
   240       5000.00      -9.92524E+06    -1.81746E-01     5.15726E+02     8.40657E-10     1.18061E+04
   250       5200.00      -1.04601E+07    -1.91267E-01     4.64425E+02     7.59198E-10     1.18399E+04
   260       5400.00      -1.09982E+07    -2.00844E-01     4.19572E+02     6.87669E-10     1.18708E+04
   270       5600.00      -1.15387E+07    -2.10463E-01     3.80210E+02     6.24645E-10     1.18992E+04
   280       5800.00      -1.20805E+07    -2.20104E-01     3.45549E+02     5.68946E-10     1.19253E+04
   290       6000.00      -1.26229E+07    -2.29755E-01     3.14921E+02     5.19560E-10     1.19493E+04
   300       6200.00      -1.31657E+07    -2.39414E-01     2.87751E+02     4.75615E-10     1.19714E+04
   310       6400.00      -1.37092E+07    -2.49085E-01     2.63562E+02     4.36375E-10     1.19918E+04
   320       6600.00      -1.42532E+07    -2.58766E-01     2.41954E+02     4.01228E-10     1.20107E+04
   330       6800.00      -1.47976E+07    -2.68456E-01     2.22593E+02     3.69658E-10     1.20281E+04
   340       7000.00      -1.53422E+07    -2.78148E-01     2.05200E+02     3.41229E-10     1.20442E+04
   350       7200.00      -1.58862E+07    -2.87834E-01     1.89537E+02     3.15573E-10     1.20591E+04
   360       7400.00      -1.64294E+07    -2.97506E-01     1.75398E+02     2.92366E-10     1.20729E+04
   370       7600.00      -1.69716E+07    -3.07160E-01     1.62604E+02     2.71328E-10     1.20857E+04
   380       7800.00      -1.75124E+07    -3.16791E-01     1.51002E+02     2.52216E-10     1.20976E+04
   390       8000.00      -1.79686E+07    -3.24897E-01     1.41126E+02     2.35936E-10     1.21086E+04
   391       8020.00       2.01304E+06     3.63970E-02     1.12256E+02     1.87686E-10     1.21096E+04
1                                        INITIAL ELECTRIC FIELD AND SOURCE PARAMETERS
             ALT      EFIELD      FCLSNO      ECLSNO      FCLSHE      ECLSHE      FCLSNH      ECLSNH      FCLSNE      ECLSNE
     1     220.00   -3.0723E-10 -7.3747E-16  1.7659E-10  6.6249E-22 -4.7069E-17  7.5616E-19 -9.6375E-14  1.2677E-15 -9.3400E-12
     2     240.00   -1.3939E-10 -7.6310E-16  1.4889E-10  1.2992E-21 -1.0656E-16  1.2307E-18 -9.6793E-14  9.8059E-16 -1.5473E-10
     3     260.00   -5.3929E-11 -1.1929E-15  1.1251E-10  2.8361E-21 -2.8949E-16  1.6360E-18 -1.0869E-13  7.9023E-16 -1.8128E-10
     4     280.00    6.8591E-13 -1.1636E-15  8.6230E-11  7.4760E-21 -8.8340E-16  2.1939E-18 -1.5243E-13  6.3572E-16 -1.5680E-10
     5     300.00    3.3018E-11 -9.1999E-16  6.3710E-11  1.9356E-20 -2.2623E-15  3.0541E-18 -2.4752E-13  5.1176E-16 -1.1798E-10
     6     320.00    4.9504E-11 -6.7559E-16  4.9408E-11  4.1512E-20 -4.1360E-15  4.3253E-18 -3.6929E-13  4.1662E-16 -8.3025E-11
     7     340.00    5.7216E-11 -4.7183E-16  4.0003E-11  7.2520E-20 -5.3202E-15  6.1005E-18 -5.1370E-13  3.4413E-16 -5.5788E-11
     8     360.00    6.0076E-11 -3.1874E-16  3.3487E-11  1.0652E-19 -4.8258E-15  8.3940E-18 -6.6568E-13  2.8869E-16 -3.5804E-11
     9     380.00    6.1023E-11 -1.8605E-16  2.8455E-11  1.3627E-19 -2.8010E-15  1.1154E-17 -8.5623E-13  2.4563E-16 -2.1333E-11
    10     400.00    6.2120E-11 -3.8435E-17  2.4245E-11  1.5735E-19 -1.5658E-16  1.4266E-17 -1.1641E-12  2.1144E-16 -1.0589E-11
    11     420.00    6.4003E-11  1.2260E-16  2.1028E-11  1.6894E-19  2.2342E-15  1.7428E-17 -1.5597E-12  1.8349E-16 -2.1124E-12
    12     440.00    6.5760E-11  2.4893E-16  1.8584E-11  1.7208E-19  3.4483E-15  2.0091E-17 -1.7508E-12  1.6021E-16  4.8062E-12
    13     460.00    6.6342E-11  3.0997E-16  1.6903E-11  1.6755E-19  4.6267E-15  2.1775E-17 -1.4451E-12  1.4066E-16  1.0330E-11
    14     480.00    6.5488E-11  3.1073E-16  1.5715E-11  1.5517E-19  6.0582E-15  2.2314E-17 -7.4382E-13  1.2428E-16  1.4519E-11
    16     520.00    6.1677E-11  2.3904E-16  1.4187E-11  1.1677E-19  8.7012E-15  2.0606E-17  9.2720E-13  9.8934E-17  1.9706E-11
    18     560.00    5.7810E-11  1.6758E-16  1.2751E-11  7.7089E-20  9.9238E-15  1.6808E-17  2.1696E-12  8.0630E-17  2.2192E-11
    20     600.00    5.4655E-11  1.1701E-16  1.0968E-11  4.5086E-20  9.8148E-15  1.2519E-17  2.8430E-12  6.6954E-17  2.3252E-11
    22     640.00    5.1884E-11  7.8706E-17  9.0122E-12  2.1540E-20  8.9830E-15  8.5473E-18  3.0987E-12  5.6444E-17  2.3548E-11
    24     680.00    4.9248E-11  4.7204E-17  7.1664E-12  4.9647E-21  7.9124E-15  5.2037E-18  3.1006E-12  4.8198E-17  2.3412E-11
    26     720.00    4.6760E-11  2.1854E-17  5.6153E-12 -6.2526E-21  6.8702E-15  2.5707E-18  2.9701E-12  4.1620E-17  2.3023E-11
    28     760.00    4.4540E-11  3.1241E-18  4.4105E-12 -1.3475E-20  5.9643E-15  6.1345E-19  2.7859E-12  3.6291E-17  2.2485E-11
    30     800.00    4.2667E-11 -9.4084E-18  3.5148E-12 -1.7836E-20  5.2133E-15 -7.7155E-19  2.5934E-12  3.1909E-17  2.1862E-11
    35     900.00    3.9348E-11 -2.2374E-17  2.1839E-12 -2.1531E-20  3.8771E-15 -2.5471E-18  2.1865E-12  2.3798E-17  2.0156E-11
    40    1000.00    3.7246E-11 -2.3428E-17  1.5258E-12 -2.0584E-20  3.0416E-15 -3.0442E-18  1.9122E-12  1.8290E-17  1.8445E-11
    45    1100.00    3.5729E-11 -2.1173E-17  1.1519E-12 -1.8122E-20  2.5001E-15 -2.9930E-18  1.7377E-12  1.4368E-17  1.6834E-11
    50    1200.00    3.4521E-11 -1.8281E-17  9.1065E-13 -1.5327E-20  2.1389E-15 -2.7062E-18  1.6280E-12  1.1480E-17  1.5354E-11
    55    1300.00    3.3500E-11 -1.5523E-17  7.3952E-13 -1.2670E-20  1.8900E-15 -2.3314E-18  1.5573E-12  9.2993E-18  1.4008E-11
    60    1400.00    3.2603E-11 -1.3097E-17  6.1025E-13 -1.0321E-20  1.7117E-15 -1.9424E-18  1.5078E-12  7.6202E-18  1.2791E-11
    70    1600.00    3.1057E-11 -9.2776E-18  4.2731E-13 -6.6500E-21  1.4761E-15 -1.2481E-18  1.4314E-12  5.2630E-18  1.0705E-11
    80    1800.00    2.9726E-11 -6.5730E-18  3.0690E-13 -4.1424E-21  1.3252E-15 -7.2571E-19  1.3549E-12  3.7465E-18  9.0093E-12
    90    2000.00    2.8535E-11 -4.6621E-18  2.2548E-13 -2.4705E-21  1.2157E-15 -3.6438E-19  1.2690E-12  2.7321E-18  7.6266E-12
   100    2200.00    2.7439E-11 -3.3150E-18  1.6935E-13 -1.3688E-21  1.1273E-15 -1.2735E-19  1.1763E-12  2.0327E-18  6.4925E-12
   110    2400.00    2.6412E-11 -2.3655E-18  1.2991E-13 -6.4885E-22  1.0501E-15  2.1842E-20  1.0816E-12  1.5382E-18  5.5566E-12
   120    2600.00    2.5444E-11 -1.6895E-18  1.0181E-13 -1.8183E-22  9.7974E-16  1.1217E-19  9.8929E-13  1.1814E-18  4.7793E-12
   130    2800.00    2.4529E-11 -1.2036E-18  8.1523E-14  1.1727E-22  9.1418E-16  1.6407E-19  9.0207E-13  9.1931E-19  4.1298E-12
   140    3000.00    2.3662E-11 -8.5136E-19  6.6655E-14  3.0455E-22  8.5254E-16  1.9130E-19  8.2130E-13  7.2370E-19  3.5839E-12
   150    3200.00    2.2838E-11 -5.9698E-19  5.5487E-14  4.1638E-22  7.9419E-16  2.0220E-19  7.4720E-13  5.7567E-19  3.1227E-12
   160    3400.00    2.2055E-11 -4.1132E-19  4.7006E-14  4.7841E-22  7.3912E-16  2.0378E-19  6.7992E-13  4.6231E-19  2.7310E-12
   170    3600.00    2.1312E-11 -2.7518E-19  4.0455E-14  5.0758E-22  6.8733E-16  1.9943E-19  6.1910E-13  3.7449E-19  2.3968E-12
   180    3800.00    2.0612E-11 -1.7217E-19  3.5448E-14  5.1590E-22  6.3926E-16  1.9173E-19  5.6446E-13  3.0577E-19  2.1104E-12
   190    4000.00    1.9942E-11 -9.8260E-20  3.1378E-14  5.0933E-22  5.9405E-16  1.8211E-19  5.1519E-13  2.5147E-19  1.8640E-12
   200    4200.00    1.9307E-11 -4.3537E-20  2.8113E-14  4.9370E-22  5.5191E-16  1.7166E-19  4.7093E-13  2.0822E-19  1.6512E-12
   210    4400.00    1.8702E-11 -3.5563E-21  2.5437E-14  4.7352E-22  5.1287E-16  1.6093E-19  4.3111E-13  1.7349E-19  1.4666E-12
   220    4600.00    1.8126E-11  2.5149E-20  2.3196E-14  4.5058E-22  4.7672E-16  1.5030E-19  3.9523E-13  1.4539E-19  1.3061E-12
   230    4800.00    1.7577E-11  4.5445E-20  2.1295E-14  4.2624E-22  4.4329E-16  1.4001E-19  3.6287E-13  1.2250E-19  1.1661E-12
   240    5000.00    1.7053E-11  5.9621E-20  1.9669E-14  4.0158E-22  4.1243E-16  1.3022E-19  3.3365E-13  1.0375E-19  1.0435E-12
   250    5200.00    1.6554E-11  6.9223E-20  1.8265E-14  3.7728E-22  3.8394E-16  1.2100E-19  3.0723E-13  8.8282E-20  9.3591E-13
   260    5400.00    1.6075E-11  7.4893E-20  1.7004E-14  3.5357E-22  3.5757E-16  1.1235E-19  2.8326E-13  7.5460E-20  8.4120E-13
   270    5600.00    1.5610E-11  7.6834E-20  1.5804E-14  3.3045E-22  3.3299E-16  1.0420E-19  2.6139E-13  6.4774E-20  7.5763E-13
   280    5800.00    1.5160E-11  7.6224E-20  1.4665E-14  3.0825E-22  3.1011E-16  9.6568E-20  2.4141E-13  5.5828E-20  6.8370E-13
   290    6000.00    1.4731E-11  7.5043E-20  1.3674E-14  2.8763E-22  2.8911E-16  8.9559E-20  2.2329E-13  4.8303E-20  6.1814E-13
   300    6200.00    1.4328E-11  7.4007E-20  1.2849E-14  2.6877E-22  2.6996E-16  8.3170E-20  2.0690E-13  4.1944E-20  5.5987E-13
   310    6400.00    1.3946E-11  7.2828E-20  1.2143E-14  2.5142E-22  2.5241E-16  7.7322E-20  1.9203E-13  3.6546E-20  5.0797E-13
   320    6600.00    1.3582E-11  7.1319E-20  1.1516E-14  2.3539E-22  2.3628E-16  7.1948E-20  1.7847E-13  3.1945E-20  4.6166E-13
   330    6800.00    1.3234E-11  6.9414E-20  1.0943E-14  2.2053E-22  2.2138E-16  6.6995E-20  1.6607E-13  2.8009E-20  4.2024E-13
   340    7000.00    1.2897E-11  6.6992E-20  1.0393E-14  2.0665E-22  2.0755E-16  6.2406E-20  1.5468E-13  2.4628E-20  3.8312E-13
   350    7200.00    1.2571E-11  6.4111E-20  9.8557E-15  1.9367E-22  1.9466E-16  5.8146E-20  1.4418E-13  2.1716E-20  3.4981E-13
   360    7400.00    1.2258E-11  6.1205E-20  9.3579E-15  1.8165E-22  1.8274E-16  5.4217E-20  1.3454E-13  1.9199E-20  3.1985E-13
   370    7600.00    1.1956E-11  5.8275E-20  8.8914E-15  1.7050E-22  1.7168E-16  5.0588E-20  1.2567E-13  1.7018E-20  2.9287E-13
   380    7800.00    1.1658E-11  5.4897E-20  8.4045E-15  1.5993E-22  1.6126E-16  4.7190E-20  1.1742E-13  1.5121E-20  2.6852E-13
   390    8000.00    0.0000E+00 -6.5070E-19 -6.4943E-14 -1.7338E-22 -7.7136E-17 -2.3705E-20 -1.3769E-14  1.3531E-20  2.4651E-13
1                                             HEAT CONDUCTIVITIES
                ALT          OXYGEN          HELIUM         HYDROGEN         ELECTRONS

     0        200.00       2.86653E-08     1.22730E-16     3.69773E-13     9.75374E-11
     1        220.00       3.04816E-08     3.52898E-16     1.06268E-12     2.96261E-09
     2        240.00       3.17626E-08     7.92786E-16     2.19000E-12     5.40528E-09
     3        260.00       3.29058E-08     1.81090E-15     3.90050E-12     7.46768E-09
     4        280.00       3.40063E-08     4.56350E-15     6.53620E-12     9.30233E-09
     5        300.00       3.53008E-08     1.31954E-14     1.07571E-11     1.09776E-08
     6        320.00       3.69411E-08     3.93199E-14     1.76732E-11     1.25314E-08
     7        340.00       3.91399E-08     1.05555E-13     2.91427E-11     1.39875E-08
     8        360.00       4.22094E-08     2.42371E-13     4.81617E-11     1.53625E-08
     9        380.00       4.67518E-08     4.82542E-13     7.97892E-11     1.66686E-08
    10        400.00       5.40824E-08     8.68274E-13     1.33633E-10     1.79147E-08
    11        420.00       6.65366E-08     1.47514E-12     2.27993E-10     1.91080E-08
    12        440.00       8.67242E-08     2.41905E-12     3.88988E-10     2.02537E-08
    13        460.00       1.16244E-07     3.82573E-12     6.39140E-10     2.13564E-08
    14        480.00       1.54651E-07     5.75807E-12     9.87268E-10     2.24196E-08
    16        520.00       2.48774E-07     1.10177E-11     1.95478E-09     2.44400E-08
    18        560.00       3.48361E-07     1.73924E-11     3.19543E-09     2.63362E-08
    20        600.00       4.39514E-07     2.40166E-11     4.59433E-09     2.81242E-08
    22        640.00       5.16993E-07     3.03281E-11     6.05617E-09     2.98170E-08
    24        680.00       5.80696E-07     3.60424E-11     7.51010E-09     3.14249E-08
    26        720.00       6.32691E-07     4.10665E-11     8.90934E-09     3.29563E-08
    28        760.00       6.75459E-07     4.54271E-11     1.02302E-08     3.44185E-08
    30        800.00       7.11100E-07     4.92081E-11     1.14675E-08     3.58176E-08
    35        900.00       7.78005E-07     5.67151E-11     1.42397E-08     3.90719E-08
    40       1000.00       8.22801E-07     6.22398E-11     1.66669E-08     4.20262E-08
    45       1100.00       8.52145E-07     6.63827E-11     1.88503E-08     4.47266E-08
    50       1200.00       8.69981E-07     6.95152E-11     2.08477E-08     4.72080E-08
    55       1300.00       8.78978E-07     7.18988E-11     2.26927E-08     4.94980E-08
    60       1400.00       8.81074E-07     7.37255E-11     2.44048E-08     5.16189E-08
    70       1600.00       8.70176E-07     7.62492E-11     2.74733E-08     5.54237E-08
    80       1800.00       8.45827E-07     7.78670E-11     3.01107E-08     5.87382E-08
    90       2000.00       8.13559E-07     7.90264E-11     3.23630E-08     6.16477E-08
   100       2200.00       7.77004E-07     7.99704E-11     3.42804E-08     6.42176E-08
   110       2400.00       7.38566E-07     8.08130E-11     3.59118E-08     6.64994E-08
   120       2600.00       6.99828E-07     8.16021E-11     3.73029E-08     6.85344E-08
   130       2800.00       6.61808E-07     8.23535E-11     3.84952E-08     7.03563E-08
   140       3000.00       6.25135E-07     8.30654E-11     3.95242E-08     7.19932E-08
   150       3200.00       5.90214E-07     8.37582E-11     4.03962E-08     7.34682E-08
   160       3400.00       5.57206E-07     8.43580E-11     4.11717E-08     7.48011E-08
   170       3600.00       5.26216E-07     8.48817E-11     4.18561E-08     7.60086E-08
   180       3800.00       4.97277E-07     8.53219E-11     4.24608E-08     7.71050E-08
   190       4000.00       4.70344E-07     8.56742E-11     4.30213E-08     7.81027E-08
   200       4200.00       4.45374E-07     8.59169E-11     4.35426E-08     7.90122E-08
   210       4400.00       4.22302E-07     8.61222E-11     4.40324E-08     7.98429E-08
   220       4600.00       4.01054E-07     8.62838E-11     4.44992E-08     8.06029E-08
   230       4800.00       3.81551E-07     8.63986E-11     4.49508E-08     8.12993E-08
   240       5000.00       3.63712E-07     8.64714E-11     4.53941E-08     8.19382E-08
   250       5200.00       3.47461E-07     8.65121E-11     4.58350E-08     8.25254E-08
   260       5400.00       3.32724E-07     8.65327E-11     4.62785E-08     8.30655E-08
   270       5600.00       3.19428E-07     8.65459E-11     4.67282E-08     8.35630E-08
   280       5800.00       3.07503E-07     8.65630E-11     4.71864E-08     8.40217E-08
   290       6000.00       2.96878E-07     8.65968E-11     4.76558E-08     8.44452E-08
   300       6200.00       2.87486E-07     8.66624E-11     4.81399E-08     8.48364E-08
   310       6400.00       2.79267E-07     8.67764E-11     4.86418E-08     8.51983E-08
   320       6600.00       2.72168E-07     8.69558E-11     4.91638E-08     8.55332E-08
   330       6800.00       2.66137E-07     8.72170E-11     4.97079E-08     8.58435E-08
   340       7000.00       2.61128E-07     8.75743E-11     5.02750E-08     8.61311E-08
   350       7200.00       2.57094E-07     8.80404E-11     5.08654E-08     8.63979E-08
   360       7400.00       2.53993E-07     8.86272E-11     5.14794E-08     8.66455E-08
   370       7600.00       2.51783E-07     8.93460E-11     5.21171E-08     8.68755E-08
   380       7800.00       2.50424E-07     9.02070E-11     5.27784E-08     8.70892E-08
   390       8000.00       2.49868E-07     9.12296E-11     5.33832E-08     8.72880E-08
   391       8020.00       2.49871E-07     9.11398E-11     5.33764E-08     8.73062E-08
 time:  0.0000000000000000E+000
 time:  10.0000000000000071
 time:  20.0000000000001492
 time:  30.0000000000002913
 time:  40.0499999999998622
 time:  50.0499999999992937
       390
           2.0000E+06
         3
           8.2220E-02
                          SOLAR ZENITH ANGLE:   54.64 DEGREES
           ALT         TAU       PHOT RATE      PHOTOE      PHOTO FREQ  
          200.0       0.328       316.213      0.36058       1.861E-07
          220.0       0.168       221.700      0.35389       2.172E-07
          240.0       0.089       147.791      0.34984       2.343E-07
          260.0       0.049        71.732      0.00000       1.808E-07
          280.0       0.028        46.697      0.00000       1.846E-07
          300.0       0.016        30.468      0.00000       1.868E-07
          320.0       0.010        19.845      0.00000       1.880E-07
          340.0       0.006        12.964      0.00000       1.887E-07
          360.0       0.004         8.496      0.00000       1.891E-07
          380.0       0.002         5.585      0.00000       1.894E-07
          400.0       0.001         3.682      0.00000       1.895E-07
          420.0       0.001         2.427      0.00000       1.896E-07
          440.0       0.001         1.611      0.00000       1.897E-07
          460.0       0.000         1.071      0.00000       1.897E-07
          480.0       0.000         0.714      0.00000       1.898E-07
          500.0       0.000         0.477      0.00000       1.898E-07
          520.0       0.000         0.319      0.00000       1.898E-07
          540.0       0.000         0.214      0.00000       1.898E-07
          560.0       0.000         0.144      0.00000       1.898E-07
          580.0       0.000         0.097      0.00000       1.898E-07
          600.0       0.000         0.066      0.00000       1.898E-07
          620.0       0.000         0.045      0.00000       1.898E-07
          640.0       0.000         0.030      0.00000       1.898E-07
          660.0       0.000         0.021      0.00000       1.898E-07
          680.0       0.000         0.014      0.00000       1.898E-07
          700.0       0.000         0.010      0.00000       1.898E-07
          720.0       0.000         0.007      0.00000       1.898E-07
          740.0       0.000         0.005      0.00000       1.898E-07
          760.0       0.000         0.003      0.00000       1.898E-07
          780.0       0.000         0.002      0.00000       1.898E-07
          800.0       0.000         0.001      0.00000       1.898E-07
          820.0       0.000         0.001      0.00000       1.898E-07
          840.0       0.000         0.001      0.00000       1.898E-07
          860.0       0.000         0.000      0.00000       1.898E-07
          880.0       0.000         0.000      0.00000       1.898E-07
          900.0       0.000         0.000      0.00000       1.898E-07
          920.0       0.000         0.000      0.00000       1.898E-07
          940.0       0.000         0.000      0.00000       1.898E-07
          960.0       0.000         0.000      0.00000       1.898E-07
          980.0       0.000         0.000      0.00000       1.898E-07
   IDATE   UTG      SEC       GLAT     GLONG     STL    F107A     F107      AP(3) IART    GMLAT      GMLONG      SZAD    
   76183 ******** ********    77.78   340.82    12.00    60.00    60.00     4.00   1      79.93     110.61       54.64
        2.200E+07        2.795E-07
        2.400E+07        3.183E-07
        2.600E+07        2.808E-07
        2.800E+07        2.951E-07
        3.000E+07        3.029E-07
        3.200E+07        3.065E-07
        3.400E+07        3.076E-07
        3.600E+07        3.070E-07
        3.800E+07        3.056E-07
        4.000E+07        3.038E-07
        4.200E+07        3.018E-07
        4.400E+07        2.998E-07
        4.600E+07        2.980E-07
        4.800E+07        2.980E-07
        5.000E+07        2.980E-07
        5.200E+07        2.980E-07
        5.400E+07        2.980E-07
        5.600E+07        2.981E-07
        5.800E+07        2.981E-07
        6.000E+07        2.981E-07
        6.200E+07        2.981E-07
        6.400E+07        2.981E-07
        6.600E+07        2.981E-07
        6.800E+07        2.981E-07
        7.000E+07        2.981E-07
        7.200E+07        2.981E-07
        7.400E+07        2.981E-07
        7.600E+07        2.981E-07
        7.800E+07        2.981E-07
        8.000E+07        2.981E-07
        8.200E+07        2.981E-07
        8.400E+07        2.981E-07
        8.600E+07        2.981E-07
        8.800E+07        2.981E-07
        9.000E+07        2.981E-07
        9.200E+07        2.981E-07
        9.400E+07        2.981E-07
        9.600E+07        2.981E-07
        9.800E+07        2.981E-07
        1.000E+08        2.981E-07
           1.0000E-02
           0.0000E+00
           0.0000E+00
           5.0000E-06
           0.0000E+00
     2.2000E+07     0.0000E+00     0.0000E+00     0.0000E+00     0.0000E+00
     4.2000E+07     0.0000E+00     0.0000E+00     0.0000E+00     0.0000E+00
     6.2000E+07     0.0000E+00     0.0000E+00     0.0000E+00     0.0000E+00
     8.2000E+07     0.0000E+00     0.0000E+00     0.0000E+00     0.0000E+00
     1.0200E+08     0.0000E+00     0.0000E+00     0.0000E+00     0.0000E+00
     1.2200E+08     0.0000E+00     0.0000E+00     0.0000E+00     0.0000E+00
     1.4200E+08     0.0000E+00     0.0000E+00     0.0000E+00     0.0000E+00
     1.6200E+08     0.0000E+00     0.0000E+00     0.0000E+00     0.0000E+00
     1.8200E+08     0.0000E+00     0.0000E+00     0.0000E+00     0.0000E+00
     2.0200E+08     0.0000E+00     0.0000E+00     0.0000E+00     0.0000E+00
     2.2200E+08     0.0000E+00     0.0000E+00     0.0000E+00     0.0000E+00
     2.4200E+08     0.0000E+00     0.0000E+00     0.0000E+00     0.0000E+00
     2.6200E+08     0.0000E+00     0.0000E+00     0.0000E+00     0.0000E+00
     2.8200E+08     0.0000E+00     0.0000E+00     0.0000E+00     0.0000E+00
     3.0200E+08     0.0000E+00     0.0000E+00     0.0000E+00     0.0000E+00
     3.2200E+08     0.0000E+00     0.0000E+00     0.0000E+00     0.0000E+00
     3.4200E+08     0.0000E+00     0.0000E+00     0.0000E+00     0.0000E+00
     3.6200E+08     0.0000E+00     0.0000E+00     0.0000E+00     0.0000E+00
     3.8200E+08     0.0000E+00     0.0000E+00     0.0000E+00     0.0000E+00
     4.0200E+08     0.0000E+00     0.0000E+00     0.0000E+00     0.0000E+00
     4.2200E+08     0.0000E+00     0.0000E+00     0.0000E+00     0.0000E+00
     4.4200E+08     0.0000E+00     0.0000E+00     0.0000E+00     0.0000E+00
     4.6200E+08     0.0000E+00     0.0000E+00     0.0000E+00     0.0000E+00
     4.8200E+08     0.0000E+00     0.0000E+00     0.0000E+00     0.0000E+00
     5.0200E+08     0.0000E+00     0.0000E+00     0.0000E+00     0.0000E+00
     5.2200E+08     0.0000E+00     0.0000E+00     0.0000E+00     0.0000E+00
     5.4200E+08     0.0000E+00     0.0000E+00     0.0000E+00     0.0000E+00
     5.6200E+08     0.0000E+00     0.0000E+00     0.0000E+00     0.0000E+00
     5.8200E+08     0.0000E+00     0.0000E+00     0.0000E+00     0.0000E+00
     6.0200E+08     0.0000E+00     0.0000E+00     0.0000E+00     0.0000E+00
     6.2200E+08     0.0000E+00     0.0000E+00     0.0000E+00     0.0000E+00
     6.4200E+08     0.0000E+00     0.0000E+00     0.0000E+00     0.0000E+00
     6.6200E+08     0.0000E+00     0.0000E+00     0.0000E+00     0.0000E+00
     6.8200E+08     0.0000E+00     0.0000E+00     0.0000E+00     0.0000E+00
     7.0200E+08     0.0000E+00     0.0000E+00     0.0000E+00     0.0000E+00
     7.2200E+08     0.0000E+00     0.0000E+00     0.0000E+00     0.0000E+00
     7.4200E+08     0.0000E+00     0.0000E+00     0.0000E+00     0.0000E+00
     7.6200E+08     0.0000E+00     0.0000E+00     0.0000E+00     0.0000E+00
     7.8200E+08     0.0000E+00     0.0000E+00     0.0000E+00     0.0000E+00
           0.0000E+00     5.0000E+01
           5.0000E-02
         0
1     NUMBER OF CELLS= 390
     NEXP=3
     GAMMA=1.67
     RGAS(OXYGEN)=5.1982E+06       CP(OXYGEN)=1.2995E+07       CV(OXYGEN)=7.7973E+06
     RGAS(HELIUM)=2.0771E+07       CP(HELIUM)=5.1929E+07       CV(HELIUM)=3.1157E+07
     RGAS(HYDROGEN)=8.2483E+07     CP(HYDROGEN)=2.0621E+08     CV(HYDROGEN)=1.2372E+08
     RGAS(ELECTRON)=1.5156E+11     CP(ELECTRON)=3.7891E+11     CV(ELECTRON)=2.2735E+11
0     LOWER BOUNDARY PLASMA PARAMETERS:
     OXYGEN:
     VELOCITY= 0.0000E+00   PRESSURE=1.0515E-08   MASS DENSITY=2.5950E-18   TEMPERATURE=7.7949E+02   SOUND VELOCITY=8.2178E+04
     HELIUM:
     VELOCITY= 0.0000E+00   PRESSURE=7.1525E-16   MASS DENSITY=4.4175E-26   TEMPERATURE=7.7949E+02   SOUND VELOCITY=1.6427E+05
     HYDROGEN:
     VELOCITY= 0.0000E+00   PRESSURE=1.1617E-12   MASS DENSITY=1.8069E-23   TEMPERATURE=7.7949E+02   SOUND VELOCITY=3.2735E+05
     ELECTRONS:
     VELOCITY= 0.0000E+00   PRESSURE=1.0516E-08   MASS DENSITY=8.9011E-23   TEMPERATURE=7.7949E+02   SOUND VELOCITY=1.4032E+07
0     UPPER BOUNDARY INITIAL PLASMA PARAMETERS:
     OXYGEN:
     VELOCITY= 1.0355E+05   PRESSURE=2.7840E-11   MASS DENSITY=2.7180E-21   TEMPERATURE=1.9705E+03   SOUND VELOCITY=1.3066E+05
     HELIUM:
     VELOCITY= 7.0636E+05   PRESSURE=2.2696E-14   MASS DENSITY=3.1340E-25   TEMPERATURE=3.4864E+03   SOUND VELOCITY=3.4742E+05
     HYDROGEN:
     VELOCITY= 1.8219E+06   PRESSURE=6.4078E-12   MASS DENSITY=1.6535E-23   TEMPERATURE=4.6983E+03   SOUND VELOCITY=8.0367E+05
     ELECTRONS:
     VELOCITY=-4.3508E+07   PRESSURE=1.8769E-10   MASS DENSITY=1.0226E-25   TEMPERATURE=1.2110E+04   SOUND VELOCITY=5.5308E+07
0     TOPSIDE ELECTRON HEATING RATE:1.0000E-02 ERGS/CM**3/SEC
0     ENERGY COLLISION TERM COEFFICIENTS
0     CTOXN2=5.6694E+06     CTOXO2=5.1969E+06    CTOXO=7.7973E+06
     CTOXHE=1.2473E+07     CTOXH=1.4670E+07     CTOXHD=1.4670E+07     CTOXHL=1.2473E+07     CTOXEL=1.5594E+07
     CTHEN2=7.7937E+06     CTHEO2=6.9278E+06    CTHEO=1.2473E+07
     CTHEHE=3.1157E+07     CTHEH=4.9779E+07     CTHEOX=1.2473E+07     CTHEHD=4.9779E+07     CTHEEL=6.2306E+07
     CTHN2=8.5983E+06      CTHO2=7.5564E+06     CTHO=1.4670E+07
     CTHHE=4.9779E+07      CTHH=1.2372E+08      CTHOX=1.4670E+07      CTHHL=4.9779E+07      CTHEL=2.4731E+08
     CTELN2=8.9077E+06     CTELO2=7.7942E+06    CTELO=1.5594E+07
     CTELHE=6.2306E+07     CTELH=2.4731E+08     CTELOX=1.5594E+07     CTELHL=6.2306E+07     CTELHD=2.4731E+08     
0     CMOXN2=6.3645E-01     CMOXO2=6.6675E-01    CMOXO=5.0000E-01
     CMOXHE=2.0016E-01     CMOXH=5.9285E-02     CMOXHD=5.9285E-02     CMOXHL=2.0016E-01     CMOXEL=3.4296E-05
     CMHEN2=8.7493E-01     CMHEO2=8.8882E-01    CMHEO=7.9984E-01
     CMHEHE=5.0000E-01     CMHEH=2.0117E-01     CMHEOX=7.9984E-01     CMHEHD=2.0117E-01     CMHEEL=1.3703E-04
     CMHN2=9.6525E-01      CMHO2=9.6946E-01     CMHO=9.4071E-01
     CMHHE=7.9883E-01      CMHH=5.0000E-01      CMHOX=9.4071E-01      CMHHL=7.9883E-01      CMHEL=5.4391E-04
     CMELN2=9.9998E-01     CMELO2=9.9998E-01    CMELO=9.9997E-01
     CMELHE=9.9986E-01     CMELH=9.9946E-01     CMELOX=9.9997E-01     CMELHL=9.9986E-01     CMELHD=9.9946E-01     
0     HEAT CONDUCTION COEFFICIENTS AT UPPER BOUNDARY
0     CZHN2=1.6552E-59      CZHO2=3.0372E-69      CZHO=7.1544E-36       CZHOX=3.2459E+24
     CZHEN2=7.8817E-60     CZHEO2=1.4521E-69     CZHEHE=1.8676E-13     CZHEO=1.0932E-34
     CZHEH=4.8409E-07      CZHEOX=2.3993E+23     CZHEHD=1.8702E+24
     XTNMAX=8.0892E+02
1                                             NEUTRAL ATMOSPHERE NUMBER DENSITIES
                ALT             N2             O2               O              HE               H               T
     0        200.00       2.57828E+09     1.67858E+08     1.69959E+09     7.40136E+05     1.65300E+05     7.79486E+02
     1        220.00       1.15119E+09     6.69943E+07     1.02094E+09     6.53482E+05     1.46129E+05     7.93874E+02
     2        240.00       5.26568E+08     2.74403E+07     6.30703E+08     5.81946E+05     1.36267E+05     8.01199E+02
     3        260.00       2.44325E+08     1.14170E+07     3.96858E+08     5.20375E+05     1.30154E+05     8.04943E+02
     4        280.00       1.14441E+08     4.80016E+06     2.52916E+08     4.66431E+05     1.25658E+05     8.06864E+02
     5        300.00       5.39798E+07     2.03405E+06     1.63126E+08     4.18719E+05     1.21921E+05     8.07854E+02
     6        320.00       2.56081E+07     8.67522E+05     1.05563E+08     3.76298E+05     1.18517E+05     8.08367E+02
     7        340.00       1.22104E+07     3.72139E+05     6.87062E+07     3.38468E+05     1.15289E+05     8.08632E+02
     8        360.00       5.84978E+06     1.60498E+05     4.49267E+07     3.04668E+05     1.12287E+05     8.08771E+02
     9        380.00       2.81524E+06     6.95786E+04     2.94934E+07     2.74432E+05     1.09387E+05     8.08844E+02
    10        400.00       1.36084E+06     3.03157E+04     1.94286E+07     2.47357E+05     1.06580E+05     8.08882E+02
    11        420.00       6.60656E+05     1.32741E+04     1.28002E+07     2.23093E+05     1.03864E+05     8.08902E+02
    12        440.00       3.22105E+05     5.84063E+03     8.49068E+06     2.01333E+05     1.01232E+05     8.08913E+02
    13        460.00       1.57707E+05     2.58230E+03     5.64565E+06     1.81805E+05     9.86824E+04     8.08918E+02
    14        480.00       7.75381E+04     1.14716E+03     3.76289E+06     1.64270E+05     9.62114E+04     8.08921E+02
    16        520.00       1.89765E+04     2.29613E+02     1.68348E+06     1.34347E+05     9.14943E+04     8.08924E+02
    18        560.00       4.72029E+03     4.68196E+01     7.60192E+05     1.10131E+05     8.70589E+04     8.08924E+02
    20        600.00       1.19303E+03     9.72255E+00     3.46417E+05     9.04851E+04     8.28859E+04     8.08925E+02
    22        640.00       3.06299E+02     2.05550E+00     1.59282E+05     7.45108E+04     7.89571E+04     8.08925E+02
    24        680.00       7.98611E+01     4.42288E-01     7.38859E+04     6.14918E+04     7.52559E+04     8.08925E+02
    26        720.00       2.11401E+01     9.68311E-02     3.45714E+04     5.08576E+04     7.17671E+04     8.08925E+02
    28        760.00       5.68002E+00     2.15636E-02     1.63143E+04     4.21521E+04     6.84764E+04     8.08925E+02
    30        800.00       1.54866E+00     4.88314E-03     7.76352E+03     3.50100E+04     6.53709E+04     8.08925E+02
    35        900.00       6.39912E-02     1.27989E-04     1.25689E+03     2.22076E+04     5.83394E+04     8.08925E+02
    40       1000.00       2.88275E-03     3.70280E-06     2.13784E+02     1.42617E+04     5.22251E+04     8.08925E+02
    45       1100.00       1.41095E-04     1.17774E-07     3.81271E+01     9.26799E+03     4.68903E+04     8.08925E+02
    50       1200.00       7.47840E-06     4.10301E-09     7.11640E+00     6.09175E+03     4.22204E+04     8.08925E+02
    55       1300.00       4.27902E-07     1.56007E-10     1.38765E+00     4.04806E+03     3.81196E+04     8.08925E+02
    60       1400.00       2.63534E-08     6.45217E-12     2.82203E-01     2.71843E+03     3.45077E+04     8.08925E+02
    70       1600.00       1.23277E-10     1.40250E-14     1.31571E-02     1.26319E+03     2.84907E+04     8.08925E+02
    80       1800.00       7.49758E-13     4.11504E-17     7.12683E-04     6.09398E+02     2.37444E+04     8.08925E+02
    90       2000.00       5.81815E-15     1.59511E-19     4.43715E-05     3.04406E+02     1.99618E+04     8.08925E+02
   100       2200.00       5.66331E-17     8.01101E-22     3.14451E-06     1.57060E+02     1.69181E+04     8.08925E+02
   110       2400.00       6.80845E-19     5.12126E-24     2.51419E-07     8.35173E+01     1.44471E+04     8.08925E+02
   120       2600.00       9.96759E-21     4.10065E-26     2.24976E-08     4.56784E+01     1.24241E+04     8.08925E+02
   130       2800.00       1.75429E-22     4.05249E-28     2.23651E-09     2.56489E+01     1.07548E+04     8.08925E+02
   140       3000.00       3.66827E-24     4.87679E-30     2.45345E-10     1.47612E+01     9.36735E+03     8.08925E+02
   150       3200.00       9.01538E-26     7.05881E-32     2.95172E-11     8.69352E+00     8.20607E+03     8.08925E+02
   160       3400.00       2.57847E-27     1.21504E-33     3.87262E-12     5.23213E+00     7.22780E+03     8.08925E+02
   170       3600.00       8.50419E-29     2.46143E-35     5.51192E-13     3.21368E+00     6.39863E+03     8.08925E+02
   180       3800.00       3.20737E-30     5.81231E-37     8.47000E-14     2.01209E+00     5.69178E+03     8.08925E+02
   190       4000.00       1.37259E-31     1.58572E-38     1.39901E-14     1.28272E+00     5.08592E+03     8.08925E+02
   200       4200.00       6.61755E-33     4.95748E-40     2.47366E-15     8.31787E-01     4.56393E+03     8.08925E+02
   210       4400.00       3.57054E-34     1.76263E-41     4.66433E-16     5.48118E-01     4.11202E+03     8.08925E+02
   220       4600.00       2.14279E-35     7.07734E-43     9.34640E-17     3.66723E-01     3.71895E+03     8.08925E+02
   230       4800.00       1.42218E-36     3.18827E-44     1.98375E-17     2.48914E-01     3.37558E+03     8.08925E+02
   240       5000.00       1.03837E-37     1.60169E-45     4.44630E-18     1.71268E-01     3.07437E+03     8.08925E+02
   250       5200.00       8.29891E-39     8.92254E-47     1.04943E-18     1.19376E-01     2.80909E+03     8.08925E+02
   260       5400.00       7.22713E-40     5.48273E-48     2.60140E-19     8.42324E-02     2.57458E+03     8.08925E+02
   270       5600.00       6.82837E-41     3.69802E-49     6.75606E-20     6.01313E-02     2.36653E+03     8.08925E+02
   280       5800.00       6.97155E-42     2.72528E-50     1.83407E-20     4.34041E-02     2.18132E+03     8.08925E+02
   290       6000.00       7.66251E-43     2.18504E-51     5.19325E-21     3.16619E-02     2.01591E+03     8.08925E+02
   300       6200.00       9.03472E-44     1.89831E-52     1.53071E-21     2.33292E-02     1.86772E+03     8.08925E+02
   310       6400.00       1.13901E-44     1.78031E-53     4.68767E-22     1.73547E-02     1.73456E+03     8.08925E+02
   320       6600.00       1.53061E-45     1.79601E-54     1.48889E-22     1.30285E-02     1.61458E+03     8.08925E+02
   330       6800.00       2.18607E-46     1.94252E-55     4.89657E-23     9.86621E-03     1.50617E+03     8.08925E+02
   340       7000.00       3.30932E-47     2.24548E-56     1.66481E-23     7.53387E-03     1.40796E+03     8.08925E+02
   350       7200.00       5.29630E-48     2.76606E-57     5.84305E-24     5.79879E-03     1.31877E+03     8.08925E+02
   360       7400.00       8.93947E-49     3.62093E-58     2.11407E-24     4.49735E-03     1.23759E+03     8.08925E+02
   370       7600.00       1.58769E-49     5.02404E-59     7.87473E-25     3.51347E-03     1.16351E+03     8.08925E+02
   380       7800.00       2.96072E-50     7.37037E-60     3.01616E-25     2.76402E-03     1.09578E+03     8.08925E+02
   390       8000.00       5.78526E-51     1.14056E-60     1.18650E-25     2.18899E-03     1.03371E+03     8.08925E+02
   391       8020.00       4.92605E-51     9.49118E-61     1.08235E-25     2.13929E-03     1.02779E+03     8.08925E+02
1                                                       SOURCE COEFFICIENTS:
            ALT      GRAVTY     FFOX1     FFOX2     FFOX3     FFOX4     FFOX5     FFOX6    FFHYD1    FFHYD2    FFHE1     FFHE2
     1    220.00   -9.16E+02  7.64E-21  3.56E-01 -3.65E-06 -1.76E-03 -3.14E-03 -1.89E-03  2.30E-07 -2.25E-02  1.68E-25 -1.92E+00
     2    240.00   -9.10E+02  5.37E-21  2.20E-01 -3.41E-06 -8.06E-04 -1.44E-03 -7.74E-04  2.15E-07 -1.39E-02  1.50E-25 -8.73E-01
     3    260.00   -9.04E+02  2.98E-21  1.39E-01 -3.25E-06 -3.74E-04 -6.67E-04 -3.22E-04  2.05E-07 -8.73E-03  1.34E-25 -4.03E-01
     4    280.00   -8.99E+02  2.00E-21  8.83E-02 -3.14E-06 -1.75E-04 -3.12E-04 -1.35E-04  1.98E-07 -5.56E-03  1.20E-25 -1.88E-01
     5    300.00   -8.94E+02  1.32E-21  5.69E-02 -3.05E-06 -8.26E-05 -1.47E-04 -5.74E-05  1.92E-07 -3.59E-03  1.08E-25 -8.86E-02
     6    320.00   -8.88E+02  8.66E-22  3.69E-02 -2.96E-06 -3.92E-05 -6.99E-05 -2.45E-05  1.87E-07 -2.32E-03  9.68E-26 -4.19E-02
     7    340.00   -8.83E+02  5.66E-22  2.40E-02 -2.88E-06 -1.87E-05 -3.33E-05 -1.05E-05  1.82E-07 -1.51E-03  8.71E-26 -1.99E-02
     8    360.00   -8.78E+02  3.69E-22  1.57E-02 -2.81E-06 -8.95E-06 -1.60E-05 -4.53E-06  1.77E-07 -9.88E-04  7.84E-26 -9.54E-03
     9    380.00   -8.73E+02  2.41E-22  1.03E-02 -2.73E-06 -4.31E-06 -7.69E-06 -1.96E-06  1.72E-07 -6.49E-04  7.06E-26 -4.58E-03
    10    400.00   -8.67E+02  1.58E-22  6.78E-03 -2.66E-06 -2.08E-06 -3.72E-06 -8.55E-07  1.68E-07 -4.27E-04  6.36E-26 -2.21E-03
    11    420.00   -8.62E+02  1.03E-22  4.47E-03 -2.60E-06 -1.01E-06 -1.80E-06 -3.74E-07  1.64E-07 -2.82E-04  5.74E-26 -1.07E-03
    12    440.00   -8.57E+02  6.81E-23  2.96E-03 -2.53E-06 -4.93E-07 -8.79E-07 -1.65E-07  1.59E-07 -1.87E-04  5.18E-26 -5.22E-04
    13    460.00   -8.52E+02  4.50E-23  1.97E-03 -2.47E-06 -2.41E-07 -4.31E-07 -7.28E-08  1.55E-07 -1.24E-04  4.68E-26 -2.55E-04
    14    480.00   -8.47E+02  3.00E-23  1.31E-03 -2.41E-06 -1.19E-07 -2.12E-07 -3.23E-08  1.52E-07 -8.28E-05  4.23E-26 -1.25E-04
    16    520.00   -8.37E+02  1.34E-23  5.88E-04 -2.29E-06 -2.90E-08 -5.18E-08 -6.48E-09  1.44E-07 -3.70E-05  3.46E-26 -3.06E-05
    18    560.00   -8.28E+02  6.06E-24  2.65E-04 -2.18E-06 -7.22E-09 -1.29E-08 -1.32E-09  1.37E-07 -1.67E-05  2.83E-26 -7.60E-06
    20    600.00   -8.18E+02  2.76E-24  1.21E-04 -2.07E-06 -1.83E-09 -3.26E-09 -2.74E-10  1.31E-07 -7.62E-06  2.33E-26 -1.92E-06
    22    640.00   -8.09E+02  1.27E-24  5.56E-05 -1.97E-06 -4.69E-10 -8.36E-10 -5.80E-11  1.24E-07 -3.50E-06  1.92E-26 -4.92E-07
    24    680.00   -8.00E+02  5.89E-25  2.58E-05 -1.88E-06 -1.22E-10 -2.18E-10 -1.25E-11  1.19E-07 -1.63E-06  1.58E-26 -1.28E-07
    26    720.00   -7.91E+02  2.76E-25  1.21E-05 -1.79E-06 -3.23E-11 -5.77E-11 -2.73E-12  1.13E-07 -7.61E-07  1.31E-26 -3.39E-08
    28    760.00   -7.82E+02  1.30E-25  5.70E-06 -1.71E-06 -8.69E-12 -1.55E-11 -6.08E-13  1.08E-07 -3.59E-07  1.08E-26 -9.11E-09
    30    800.00   -7.73E+02  6.19E-26  2.71E-06 -1.63E-06 -2.37E-12 -4.23E-12 -1.38E-13  1.03E-07 -1.71E-07  9.01E-27 -2.48E-09
    35    900.00   -7.52E+02  1.00E-26  4.39E-07 -1.46E-06 -9.79E-14 -1.75E-13 -3.61E-15  9.19E-08 -2.77E-08  5.71E-27 -1.03E-10
    40   1000.00   -7.32E+02  1.71E-27  7.46E-08 -1.31E-06 -4.41E-15 -7.87E-15 -1.04E-16  8.23E-08 -4.70E-09  3.67E-27 -4.62E-12
    45   1100.00   -7.12E+02  3.04E-28  1.33E-08 -1.17E-06 -2.16E-16 -3.85E-16 -3.32E-18  7.39E-08 -8.39E-10  2.38E-27 -2.26E-13
    50   1200.00   -6.93E+02  5.68E-29  2.48E-09 -1.06E-06 -1.14E-17 -2.04E-17 -1.16E-19  6.65E-08 -1.57E-10  1.57E-27 -1.20E-14
    55   1300.00   -6.75E+02  1.11E-29  4.84E-10 -9.53E-07 -6.55E-19 -1.17E-18 -4.40E-21  6.01E-08 -3.05E-11  1.04E-27 -6.85E-16
    60   1400.00   -6.58E+02  2.25E-30  9.85E-11 -8.63E-07 -4.03E-20 -7.19E-20 -1.82E-22  5.44E-08 -6.21E-12  6.99E-28 -4.22E-17
    70   1600.00   -6.25E+02  1.05E-31  4.59E-12 -7.12E-07 -1.89E-22 -3.37E-22 -3.96E-25  4.49E-08 -2.89E-13  3.25E-28 -1.97E-19
    80   1800.00   -5.95E+02  5.68E-33  2.49E-13 -5.94E-07 -1.15E-24 -2.05E-24 -1.16E-27  3.74E-08 -1.57E-14  1.57E-28 -1.20E-21
    90   2000.00   -5.67E+02  3.54E-34  1.55E-14 -4.99E-07 -8.90E-27 -1.59E-26 -4.50E-30  3.15E-08 -9.76E-16  7.83E-29 -9.31E-24
   100   2200.00   -5.41E+02  2.51E-35  1.10E-15 -4.23E-07 -8.66E-29 -1.55E-28 -2.26E-32  2.67E-08 -6.92E-17  4.04E-29 -9.06E-26
   110   2400.00   -5.16E+02  2.01E-36  8.78E-17 -3.61E-07 -1.04E-30 -1.86E-30 -1.44E-34  2.28E-08 -5.53E-18  2.15E-29 -1.09E-27
   120   2600.00   -4.94E+02  1.79E-37  7.85E-18 -3.11E-07 -1.53E-32 -2.72E-32 -1.16E-36  1.96E-08 -4.95E-19  1.18E-29 -1.59E-29
   130   2800.00   -4.72E+02  1.78E-38  7.81E-19 -2.69E-07 -2.68E-34 -4.79E-34 -1.14E-38  1.69E-08 -4.92E-20  6.60E-30 -2.81E-31
   140   3000.00   -4.52E+02  1.96E-39  8.56E-20 -2.34E-07 -5.61E-36 -1.00E-35 -1.38E-40  1.48E-08 -5.40E-21  3.80E-30 -5.87E-33
   150   3200.00   -4.34E+02  2.35E-40  1.03E-20 -2.05E-07 -1.38E-37 -2.46E-37 -1.99E-42  1.29E-08 -6.49E-22  2.24E-30 -1.44E-34
   160   3400.00   -4.16E+02  3.09E-41  1.35E-21 -1.81E-07 -3.95E-39 -7.04E-39 -3.43E-44  1.14E-08 -8.52E-23  1.35E-30 -4.13E-36
   170   3600.00   -3.99E+02  4.40E-42  1.92E-22 -1.60E-07 -1.30E-40 -2.32E-40 -6.94E-46  1.01E-08 -1.21E-23  8.27E-31 -1.36E-37
   180   3800.00   -3.84E+02  6.76E-43  2.96E-23 -1.42E-07 -4.91E-42 -8.76E-42 -1.64E-47  8.97E-09 -1.86E-24  5.18E-31 -5.13E-39
   190   4000.00   -3.69E+02  1.12E-43  4.88E-24 -1.27E-07 -2.10E-43 -3.75E-43 -4.47E-49  8.01E-09 -3.08E-25  3.30E-31 -2.20E-40
   200   4200.00   -3.55E+02  1.97E-44  8.64E-25 -1.14E-07 -1.01E-44 -1.81E-44 -1.40E-50  7.19E-09 -5.44E-26  2.14E-31 -1.06E-41
   210   4400.00   -3.42E+02  3.72E-45  1.63E-25 -1.03E-07 -5.46E-46 -9.75E-46 -4.97E-52  6.48E-09 -1.03E-26  1.41E-31 -5.71E-43
   220   4600.00   -3.30E+02  7.46E-46  3.26E-26 -9.30E-08 -3.28E-47 -5.85E-47 -2.00E-53  5.86E-09 -2.06E-27  9.43E-32 -3.43E-44
   230   4800.00   -3.18E+02  1.58E-46  6.92E-27 -8.44E-08 -2.18E-48 -3.88E-48 -8.99E-55  5.32E-09 -4.36E-28  6.40E-32 -2.28E-45
   240   5000.00   -3.07E+02  3.55E-47  1.55E-27 -7.69E-08 -1.59E-49 -2.83E-49 -4.52E-56  4.84E-09 -9.78E-29  4.41E-32 -1.66E-46
   250   5200.00   -2.96E+02  8.37E-48  3.66E-28 -7.02E-08 -1.27E-50 -2.27E-50 -2.52E-57  4.43E-09 -2.31E-29  3.07E-32 -1.33E-47
   260   5400.00   -2.86E+02  2.08E-48  9.08E-29 -6.44E-08 -1.11E-51 -1.97E-51 -1.55E-58  4.06E-09 -5.72E-30  2.17E-32 -1.16E-48
   270   5600.00   -2.77E+02  5.39E-49  2.36E-29 -5.92E-08 -1.04E-52 -1.86E-52 -1.04E-59  3.73E-09 -1.49E-30  1.55E-32 -1.09E-49
   280   5800.00   -2.68E+02  1.46E-49  6.40E-30 -5.45E-08 -1.07E-53 -1.90E-53 -7.69E-61  3.44E-09 -4.03E-31  1.12E-32 -1.12E-50
   290   6000.00   -2.59E+02  4.14E-50  1.81E-30 -5.04E-08 -1.17E-54 -2.09E-54 -6.16E-62  3.18E-09 -1.14E-31  8.14E-33 -1.23E-51
   300   6200.00   -2.51E+02  1.22E-50  5.34E-31 -4.67E-08 -1.38E-55 -2.47E-55 -5.35E-63  2.94E-09 -3.37E-32  6.00E-33 -1.45E-52
   310   6400.00   -2.43E+02  3.74E-51  1.64E-31 -4.34E-08 -1.74E-56 -3.11E-56 -5.02E-64  2.73E-09 -1.03E-32  4.46E-33 -1.82E-53
   320   6600.00   -2.36E+02  1.19E-51  5.20E-32 -4.04E-08 -2.34E-57 -4.18E-57 -5.06E-65  2.54E-09 -3.28E-33  3.35E-33 -2.45E-54
   330   6800.00   -2.29E+02  3.91E-52  1.71E-32 -3.77E-08 -3.34E-58 -5.97E-58 -5.48E-66  2.37E-09 -1.08E-33  2.54E-33 -3.50E-55
   340   7000.00   -2.22E+02  1.33E-52  5.81E-33 -3.52E-08 -5.06E-59 -9.03E-59 -6.33E-67  2.22E-09 -3.66E-34  1.94E-33 -5.29E-56
   350   7200.00   -2.15E+02  4.66E-53  2.04E-33 -3.30E-08 -8.10E-60 -1.45E-59 -7.80E-68  2.08E-09 -1.29E-34  1.49E-33 -8.47E-57
   360   7400.00   -2.09E+02  1.69E-53  7.38E-34 -3.09E-08 -1.37E-60 -2.44E-60 -1.02E-68  1.95E-09 -4.65E-35  1.16E-33 -1.43E-57
   370   7600.00   -2.03E+02  6.28E-54  2.75E-34 -2.91E-08 -2.43E-61 -4.33E-61 -1.42E-69  1.83E-09 -1.73E-35  9.04E-34 -2.54E-58
   380   7800.00   -1.98E+02  2.41E-54  1.05E-34 -2.74E-08 -4.53E-62 -8.08E-62 -2.08E-70  1.73E-09 -6.64E-36  7.11E-34 -4.74E-59
   390   8000.00   -1.92E+02  9.46E-55  4.14E-35 -2.58E-08 -8.85E-63 -1.58E-62 -3.22E-71  1.63E-09 -2.61E-36  5.63E-34 -9.26E-60
1                                                  COLLISION COEFFICIENTS FOR OXYGEN
            ALT       CLOXN2      CLOXO2      CLOXO       CLOXHE      CLOXH       CLOXHL      CLOXHD      CLOXEL
     1    220.00    0.0000E+00  0.0000E+00  3.7469E-02  0.0000E+00  6.7658E-07  2.3548E+23  3.2243E+24  2.0418E+24
     2    240.00    0.0000E+00  0.0000E+00  2.3147E-02  0.0000E+00  6.3092E-07  2.3548E+23  3.2243E+24  2.0418E+24
     3    260.00    0.0000E+00  0.0000E+00  1.4565E-02  0.0000E+00  6.0261E-07  2.3548E+23  3.2243E+24  2.0418E+24
     4    280.00    0.0000E+00  0.0000E+00  9.2820E-03  0.0000E+00  5.8180E-07  2.3548E+23  3.2243E+24  2.0418E+24
     5    300.00    0.0000E+00  0.0000E+00  5.9867E-03  0.0000E+00  5.6449E-07  2.3548E+23  3.2243E+24  2.0418E+24
     6    320.00    0.0000E+00  0.0000E+00  3.8742E-03  0.0000E+00  5.4873E-07  2.3548E+23  3.2243E+24  2.0418E+24
     7    340.00    0.0000E+00  0.0000E+00  2.5215E-03  0.0000E+00  5.3379E-07  2.3548E+23  3.2243E+24  2.0418E+24
     8    360.00    0.0000E+00  0.0000E+00  1.6488E-03  0.0000E+00  5.1989E-07  2.3548E+23  3.2243E+24  2.0418E+24
     9    380.00    0.0000E+00  0.0000E+00  1.0824E-03  0.0000E+00  5.0646E-07  2.3548E+23  3.2243E+24  2.0418E+24
    10    400.00    0.0000E+00  0.0000E+00  7.1303E-04  0.0000E+00  4.9347E-07  2.3548E+23  3.2243E+24  2.0418E+24
    11    420.00    0.0000E+00  0.0000E+00  4.6977E-04  0.0000E+00  4.8089E-07  2.3548E+23  3.2243E+24  2.0418E+24
    12    440.00    0.0000E+00  0.0000E+00  3.1161E-04  0.0000E+00  4.6870E-07  2.3548E+23  3.2243E+24  2.0418E+24
    13    460.00    0.0000E+00  0.0000E+00  2.0720E-04  0.0000E+00  4.5690E-07  2.3548E+23  3.2243E+24  2.0418E+24
    14    480.00    0.0000E+00  0.0000E+00  1.3810E-04  0.0000E+00  4.4546E-07  2.3548E+23  3.2243E+24  2.0418E+24
    16    520.00    0.0000E+00  0.0000E+00  6.1784E-05  0.0000E+00  4.2362E-07  2.3548E+23  3.2243E+24  2.0418E+24
    18    560.00    0.0000E+00  0.0000E+00  2.7899E-05  0.0000E+00  4.0308E-07  2.3548E+23  3.2243E+24  2.0418E+24
    20    600.00    0.0000E+00  0.0000E+00  1.2714E-05  0.0000E+00  3.8376E-07  2.3548E+23  3.2243E+24  2.0418E+24
    22    640.00    0.0000E+00  0.0000E+00  5.8457E-06  0.0000E+00  3.6557E-07  2.3548E+23  3.2243E+24  2.0418E+24
    24    680.00    0.0000E+00  0.0000E+00  2.7116E-06  0.0000E+00  3.4843E-07  2.3548E+23  3.2243E+24  2.0418E+24
    26    720.00    0.0000E+00  0.0000E+00  1.2688E-06  0.0000E+00  3.3228E-07  2.3548E+23  3.2243E+24  2.0418E+24
    28    760.00    0.0000E+00  0.0000E+00  5.9874E-07  0.0000E+00  3.1705E-07  2.3548E+23  3.2243E+24  2.0418E+24
    30    800.00    0.0000E+00  0.0000E+00  2.8492E-07  0.0000E+00  3.0267E-07  2.3548E+23  3.2243E+24  2.0418E+24
    35    900.00    0.0000E+00  0.0000E+00  4.6128E-08  0.0000E+00  2.7011E-07  2.3548E+23  3.2243E+24  2.0418E+24
    40   1000.00    0.0000E+00  0.0000E+00  7.8459E-09  0.0000E+00  2.4180E-07  2.3548E+23  3.2243E+24  2.0418E+24
    45   1100.00    0.0000E+00  0.0000E+00  1.3993E-09  0.0000E+00  2.1710E-07  2.3548E+23  3.2243E+24  2.0418E+24
    50   1200.00    0.0000E+00  0.0000E+00  2.6117E-10  0.0000E+00  1.9548E-07  2.3548E+23  3.2243E+24  2.0418E+24
    55   1300.00    0.0000E+00  0.0000E+00  5.0927E-11  0.0000E+00  1.7649E-07  2.3548E+23  3.2243E+24  2.0418E+24
    60   1400.00    0.0000E+00  0.0000E+00  1.0357E-11  0.0000E+00  1.5977E-07  2.3548E+23  3.2243E+24  2.0418E+24
    70   1600.00    0.0000E+00  0.0000E+00  4.8287E-13  0.0000E+00  1.3191E-07  2.3548E+23  3.2243E+24  2.0418E+24
    80   1800.00    0.0000E+00  0.0000E+00  2.6155E-14  0.0000E+00  1.0994E-07  2.3548E+23  3.2243E+24  2.0418E+24
    90   2000.00    0.0000E+00  0.0000E+00  1.6284E-15  0.0000E+00  9.2423E-08  2.3548E+23  3.2243E+24  2.0418E+24
   100   2200.00    0.0000E+00  0.0000E+00  1.1540E-16  0.0000E+00  7.8331E-08  2.3548E+23  3.2243E+24  2.0418E+24
   110   2400.00    0.0000E+00  0.0000E+00  9.2271E-18  0.0000E+00  6.6890E-08  2.3548E+23  3.2243E+24  2.0418E+24
   120   2600.00    0.0000E+00  0.0000E+00  8.2566E-19  0.0000E+00  5.7523E-08  2.3548E+23  3.2243E+24  2.0418E+24
   130   2800.00    0.0000E+00  0.0000E+00  8.2080E-20  0.0000E+00  4.9795E-08  2.3548E+23  3.2243E+24  2.0418E+24
   140   3000.00    0.0000E+00  0.0000E+00  9.0041E-21  0.0000E+00  4.3371E-08  2.3548E+23  3.2243E+24  2.0418E+24
   150   3200.00    0.0000E+00  0.0000E+00  1.0833E-21  0.0000E+00  3.7994E-08  2.3548E+23  3.2243E+24  2.0418E+24
   160   3400.00    0.0000E+00  0.0000E+00  1.4213E-22  0.0000E+00  3.3465E-08  2.3548E+23  3.2243E+24  2.0418E+24
   170   3600.00    0.0000E+00  0.0000E+00  2.0229E-23  0.0000E+00  2.9626E-08  2.3548E+23  3.2243E+24  2.0418E+24
   180   3800.00    0.0000E+00  0.0000E+00  3.1085E-24  0.0000E+00  2.6353E-08  2.3548E+23  3.2243E+24  2.0418E+24
   190   4000.00    0.0000E+00  0.0000E+00  5.1344E-25  0.0000E+00  2.3548E-08  2.3548E+23  3.2243E+24  2.0418E+24
   200   4200.00    0.0000E+00  0.0000E+00  9.0783E-26  0.0000E+00  2.1131E-08  2.3548E+23  3.2243E+24  2.0418E+24
   210   4400.00    0.0000E+00  0.0000E+00  1.7118E-26  0.0000E+00  1.9039E-08  2.3548E+23  3.2243E+24  2.0418E+24
   220   4600.00    0.0000E+00  0.0000E+00  3.4301E-27  0.0000E+00  1.7219E-08  2.3548E+23  3.2243E+24  2.0418E+24
   230   4800.00    0.0000E+00  0.0000E+00  7.2804E-28  0.0000E+00  1.5629E-08  2.3548E+23  3.2243E+24  2.0418E+24
   240   5000.00    0.0000E+00  0.0000E+00  1.6318E-28  0.0000E+00  1.4234E-08  2.3548E+23  3.2243E+24  2.0418E+24
   250   5200.00    0.0000E+00  0.0000E+00  3.8514E-29  0.0000E+00  1.3006E-08  2.3548E+23  3.2243E+24  2.0418E+24
   260   5400.00    0.0000E+00  0.0000E+00  9.5471E-30  0.0000E+00  1.1920E-08  2.3548E+23  3.2243E+24  2.0418E+24
   270   5600.00    0.0000E+00  0.0000E+00  2.4795E-30  0.0000E+00  1.0957E-08  2.3548E+23  3.2243E+24  2.0418E+24
   280   5800.00    0.0000E+00  0.0000E+00  6.7310E-31  0.0000E+00  1.0100E-08  2.3548E+23  3.2243E+24  2.0418E+24
   290   6000.00    0.0000E+00  0.0000E+00  1.9059E-31  0.0000E+00  9.3337E-09  2.3548E+23  3.2243E+24  2.0418E+24
   300   6200.00    0.0000E+00  0.0000E+00  5.6177E-32  0.0000E+00  8.6475E-09  2.3548E+23  3.2243E+24  2.0418E+24
   310   6400.00    0.0000E+00  0.0000E+00  1.7204E-32  0.0000E+00  8.0310E-09  2.3548E+23  3.2243E+24  2.0418E+24
   320   6600.00    0.0000E+00  0.0000E+00  5.4642E-33  0.0000E+00  7.4755E-09  2.3548E+23  3.2243E+24  2.0418E+24
   330   6800.00    0.0000E+00  0.0000E+00  1.7970E-33  0.0000E+00  6.9736E-09  2.3548E+23  3.2243E+24  2.0418E+24
   340   7000.00    0.0000E+00  0.0000E+00  6.1098E-34  0.0000E+00  6.5189E-09  2.3548E+23  3.2243E+24  2.0418E+24
   350   7200.00    0.0000E+00  0.0000E+00  2.1444E-34  0.0000E+00  6.1059E-09  2.3548E+23  3.2243E+24  2.0418E+24
   360   7400.00    0.0000E+00  0.0000E+00  7.7586E-35  0.0000E+00  5.7300E-09  2.3548E+23  3.2243E+24  2.0418E+24
   370   7600.00    0.0000E+00  0.0000E+00  2.8900E-35  0.0000E+00  5.3871E-09  2.3548E+23  3.2243E+24  2.0418E+24
   380   7800.00    0.0000E+00  0.0000E+00  1.1069E-35  0.0000E+00  5.0734E-09  2.3548E+23  3.2243E+24  2.0418E+24
   390   8000.00    0.0000E+00  0.0000E+00  4.3545E-36  0.0000E+00  4.7861E-09  2.3548E+23  3.2243E+24  2.0418E+24
1                                                  COLLISION COEFFICIENTS FOR HELIUM
            ALT       CLHEN2      CLHEO2      CLHEO       CLHEHE      CLHEH       CLHEOX      CLHEHD      CLHEEL
     1    220.00    0.0000E+00  0.0000E+00  0.0000E+00  5.7049E-05  0.0000E+00  2.3993E+23  1.8702E+24  8.1563E+24
     2    240.00    0.0000E+00  0.0000E+00  0.0000E+00  5.0804E-05  0.0000E+00  2.3993E+23  1.8702E+24  8.1563E+24
     3    260.00    0.0000E+00  0.0000E+00  0.0000E+00  4.5429E-05  0.0000E+00  2.3993E+23  1.8702E+24  8.1563E+24
     4    280.00    0.0000E+00  0.0000E+00  0.0000E+00  4.0719E-05  0.0000E+00  2.3993E+23  1.8702E+24  8.1563E+24
     5    300.00    0.0000E+00  0.0000E+00  0.0000E+00  3.6554E-05  0.0000E+00  2.3993E+23  1.8702E+24  8.1563E+24
     6    320.00    0.0000E+00  0.0000E+00  0.0000E+00  3.2851E-05  0.0000E+00  2.3993E+23  1.8702E+24  8.1563E+24
     7    340.00    0.0000E+00  0.0000E+00  0.0000E+00  2.9548E-05  0.0000E+00  2.3993E+23  1.8702E+24  8.1563E+24
     8    360.00    0.0000E+00  0.0000E+00  0.0000E+00  2.6598E-05  0.0000E+00  2.3993E+23  1.8702E+24  8.1563E+24
     9    380.00    0.0000E+00  0.0000E+00  0.0000E+00  2.3958E-05  0.0000E+00  2.3993E+23  1.8702E+24  8.1563E+24
    10    400.00    0.0000E+00  0.0000E+00  0.0000E+00  2.1594E-05  0.0000E+00  2.3993E+23  1.8702E+24  8.1563E+24
    11    420.00    0.0000E+00  0.0000E+00  0.0000E+00  1.9476E-05  0.0000E+00  2.3993E+23  1.8702E+24  8.1563E+24
    12    440.00    0.0000E+00  0.0000E+00  0.0000E+00  1.7576E-05  0.0000E+00  2.3993E+23  1.8702E+24  8.1563E+24
    13    460.00    0.0000E+00  0.0000E+00  0.0000E+00  1.5872E-05  0.0000E+00  2.3993E+23  1.8702E+24  8.1563E+24
    14    480.00    0.0000E+00  0.0000E+00  0.0000E+00  1.4341E-05  0.0000E+00  2.3993E+23  1.8702E+24  8.1563E+24
    16    520.00    0.0000E+00  0.0000E+00  0.0000E+00  1.1729E-05  0.0000E+00  2.3993E+23  1.8702E+24  8.1563E+24
    18    560.00    0.0000E+00  0.0000E+00  0.0000E+00  9.6144E-06  0.0000E+00  2.3993E+23  1.8702E+24  8.1563E+24
    20    600.00    0.0000E+00  0.0000E+00  0.0000E+00  7.8993E-06  0.0000E+00  2.3993E+23  1.8702E+24  8.1563E+24
    22    640.00    0.0000E+00  0.0000E+00  0.0000E+00  6.5048E-06  0.0000E+00  2.3993E+23  1.8702E+24  8.1563E+24
    24    680.00    0.0000E+00  0.0000E+00  0.0000E+00  5.3682E-06  0.0000E+00  2.3993E+23  1.8702E+24  8.1563E+24
    26    720.00    0.0000E+00  0.0000E+00  0.0000E+00  4.4399E-06  0.0000E+00  2.3993E+23  1.8702E+24  8.1563E+24
    28    760.00    0.0000E+00  0.0000E+00  0.0000E+00  3.6799E-06  0.0000E+00  2.3993E+23  1.8702E+24  8.1563E+24
    30    800.00    0.0000E+00  0.0000E+00  0.0000E+00  3.0564E-06  0.0000E+00  2.3993E+23  1.8702E+24  8.1563E+24
    35    900.00    0.0000E+00  0.0000E+00  0.0000E+00  1.9387E-06  0.0000E+00  2.3993E+23  1.8702E+24  8.1563E+24
    40   1000.00    0.0000E+00  0.0000E+00  0.0000E+00  1.2450E-06  0.0000E+00  2.3993E+23  1.8702E+24  8.1563E+24
    45   1100.00    0.0000E+00  0.0000E+00  0.0000E+00  8.0910E-07  0.0000E+00  2.3993E+23  1.8702E+24  8.1563E+24
    50   1200.00    0.0000E+00  0.0000E+00  0.0000E+00  5.3181E-07  0.0000E+00  2.3993E+23  1.8702E+24  8.1563E+24
    55   1300.00    0.0000E+00  0.0000E+00  0.0000E+00  3.5340E-07  0.0000E+00  2.3993E+23  1.8702E+24  8.1563E+24
    60   1400.00    0.0000E+00  0.0000E+00  0.0000E+00  2.3732E-07  0.0000E+00  2.3993E+23  1.8702E+24  8.1563E+24
    70   1600.00    0.0000E+00  0.0000E+00  0.0000E+00  1.1028E-07  0.0000E+00  2.3993E+23  1.8702E+24  8.1563E+24
    80   1800.00    0.0000E+00  0.0000E+00  0.0000E+00  5.3200E-08  0.0000E+00  2.3993E+23  1.8702E+24  8.1563E+24
    90   2000.00    0.0000E+00  0.0000E+00  0.0000E+00  2.6575E-08  0.0000E+00  2.3993E+23  1.8702E+24  8.1563E+24
   100   2200.00    0.0000E+00  0.0000E+00  0.0000E+00  1.3711E-08  0.0000E+00  2.3993E+23  1.8702E+24  8.1563E+24
   110   2400.00    0.0000E+00  0.0000E+00  0.0000E+00  7.2911E-09  0.0000E+00  2.3993E+23  1.8702E+24  8.1563E+24
   120   2600.00    0.0000E+00  0.0000E+00  0.0000E+00  3.9877E-09  0.0000E+00  2.3993E+23  1.8702E+24  8.1563E+24
   130   2800.00    0.0000E+00  0.0000E+00  0.0000E+00  2.2392E-09  0.0000E+00  2.3993E+23  1.8702E+24  8.1563E+24
   140   3000.00    0.0000E+00  0.0000E+00  0.0000E+00  1.2887E-09  0.0000E+00  2.3993E+23  1.8702E+24  8.1563E+24
   150   3200.00    0.0000E+00  0.0000E+00  0.0000E+00  7.5894E-10  0.0000E+00  2.3993E+23  1.8702E+24  8.1563E+24
   160   3400.00    0.0000E+00  0.0000E+00  0.0000E+00  4.5676E-10  0.0000E+00  2.3993E+23  1.8702E+24  8.1563E+24
   170   3600.00    0.0000E+00  0.0000E+00  0.0000E+00  2.8055E-10  0.0000E+00  2.3993E+23  1.8702E+24  8.1563E+24
   180   3800.00    0.0000E+00  0.0000E+00  0.0000E+00  1.7566E-10  0.0000E+00  2.3993E+23  1.8702E+24  8.1563E+24
   190   4000.00    0.0000E+00  0.0000E+00  0.0000E+00  1.1198E-10  0.0000E+00  2.3993E+23  1.8702E+24  8.1563E+24
   200   4200.00    0.0000E+00  0.0000E+00  0.0000E+00  7.2615E-11  0.0000E+00  2.3993E+23  1.8702E+24  8.1563E+24
   210   4400.00    0.0000E+00  0.0000E+00  0.0000E+00  4.7851E-11  0.0000E+00  2.3993E+23  1.8702E+24  8.1563E+24
   220   4600.00    0.0000E+00  0.0000E+00  0.0000E+00  3.2015E-11  0.0000E+00  2.3993E+23  1.8702E+24  8.1563E+24
   230   4800.00    0.0000E+00  0.0000E+00  0.0000E+00  2.1730E-11  0.0000E+00  2.3993E+23  1.8702E+24  8.1563E+24
   240   5000.00    0.0000E+00  0.0000E+00  0.0000E+00  1.4952E-11  0.0000E+00  2.3993E+23  1.8702E+24  8.1563E+24
   250   5200.00    0.0000E+00  0.0000E+00  0.0000E+00  1.0421E-11  0.0000E+00  2.3993E+23  1.8702E+24  8.1563E+24
   260   5400.00    0.0000E+00  0.0000E+00  0.0000E+00  7.3535E-12  0.0000E+00  2.3993E+23  1.8702E+24  8.1563E+24
   270   5600.00    0.0000E+00  0.0000E+00  0.0000E+00  5.2495E-12  0.0000E+00  2.3993E+23  1.8702E+24  8.1563E+24
   280   5800.00    0.0000E+00  0.0000E+00  0.0000E+00  3.7892E-12  0.0000E+00  2.3993E+23  1.8702E+24  8.1563E+24
   290   6000.00    0.0000E+00  0.0000E+00  0.0000E+00  2.7641E-12  0.0000E+00  2.3993E+23  1.8702E+24  8.1563E+24
   300   6200.00    0.0000E+00  0.0000E+00  0.0000E+00  2.0366E-12  0.0000E+00  2.3993E+23  1.8702E+24  8.1563E+24
   310   6400.00    0.0000E+00  0.0000E+00  0.0000E+00  1.5151E-12  0.0000E+00  2.3993E+23  1.8702E+24  8.1563E+24
   320   6600.00    0.0000E+00  0.0000E+00  0.0000E+00  1.1374E-12  0.0000E+00  2.3993E+23  1.8702E+24  8.1563E+24
   330   6800.00    0.0000E+00  0.0000E+00  0.0000E+00  8.6132E-13  0.0000E+00  2.3993E+23  1.8702E+24  8.1563E+24
   340   7000.00    0.0000E+00  0.0000E+00  0.0000E+00  6.5771E-13  0.0000E+00  2.3993E+23  1.8702E+24  8.1563E+24
   350   7200.00    0.0000E+00  0.0000E+00  0.0000E+00  5.0623E-13  0.0000E+00  2.3993E+23  1.8702E+24  8.1563E+24
   360   7400.00    0.0000E+00  0.0000E+00  0.0000E+00  3.9262E-13  0.0000E+00  2.3993E+23  1.8702E+24  8.1563E+24
   370   7600.00    0.0000E+00  0.0000E+00  0.0000E+00  3.0673E-13  0.0000E+00  2.3993E+23  1.8702E+24  8.1563E+24
   380   7800.00    0.0000E+00  0.0000E+00  0.0000E+00  2.4130E-13  0.0000E+00  2.3993E+23  1.8702E+24  8.1563E+24
   390   8000.00    0.0000E+00  0.0000E+00  0.0000E+00  1.9110E-13  0.0000E+00  2.3993E+23  1.8702E+24  8.1563E+24
1                                                  COLLISION COEFFICIENTS FOR HYDROGEN
            ALT       CLHN2       CLHO2       CLHO        CLHHE       CLHH        CLHOX       CLHHL       CLHEL
     1    220.00    0.0000E+00  0.0000E+00  6.7484E-02  0.0000E+00  3.8724E-05  3.2459E+24  1.9175E+24  3.2603E+25
     2    240.00    0.0000E+00  0.0000E+00  4.1689E-02  0.0000E+00  3.6111E-05  3.2459E+24  1.9175E+24  3.2603E+25
     3    260.00    0.0000E+00  0.0000E+00  2.6232E-02  0.0000E+00  3.4491E-05  3.2459E+24  1.9175E+24  3.2603E+25
     4    280.00    0.0000E+00  0.0000E+00  1.6718E-02  0.0000E+00  3.3299E-05  3.2459E+24  1.9175E+24  3.2603E+25
     5    300.00    0.0000E+00  0.0000E+00  1.0783E-02  0.0000E+00  3.2309E-05  3.2459E+24  1.9175E+24  3.2603E+25
     6    320.00    0.0000E+00  0.0000E+00  6.9777E-03  0.0000E+00  3.1407E-05  3.2459E+24  1.9175E+24  3.2603E+25
     7    340.00    0.0000E+00  0.0000E+00  4.5415E-03  0.0000E+00  3.0551E-05  3.2459E+24  1.9175E+24  3.2603E+25
     8    360.00    0.0000E+00  0.0000E+00  2.9697E-03  0.0000E+00  2.9756E-05  3.2459E+24  1.9175E+24  3.2603E+25
     9    380.00    0.0000E+00  0.0000E+00  1.9495E-03  0.0000E+00  2.8987E-05  3.2459E+24  1.9175E+24  3.2603E+25
    10    400.00    0.0000E+00  0.0000E+00  1.2842E-03  0.0000E+00  2.8244E-05  3.2459E+24  1.9175E+24  3.2603E+25
    11    420.00    0.0000E+00  0.0000E+00  8.4610E-04  0.0000E+00  2.7524E-05  3.2459E+24  1.9175E+24  3.2603E+25
    12    440.00    0.0000E+00  0.0000E+00  5.6123E-04  0.0000E+00  2.6826E-05  3.2459E+24  1.9175E+24  3.2603E+25
    13    460.00    0.0000E+00  0.0000E+00  3.7318E-04  0.0000E+00  2.6151E-05  3.2459E+24  1.9175E+24  3.2603E+25
    14    480.00    0.0000E+00  0.0000E+00  2.4873E-04  0.0000E+00  2.5496E-05  3.2459E+24  1.9175E+24  3.2603E+25
    16    520.00    0.0000E+00  0.0000E+00  1.1128E-04  0.0000E+00  2.4246E-05  3.2459E+24  1.9175E+24  3.2603E+25
    18    560.00    0.0000E+00  0.0000E+00  5.0249E-05  0.0000E+00  2.3071E-05  3.2459E+24  1.9175E+24  3.2603E+25
    20    600.00    0.0000E+00  0.0000E+00  2.2898E-05  0.0000E+00  2.1965E-05  3.2459E+24  1.9175E+24  3.2603E+25
    22    640.00    0.0000E+00  0.0000E+00  1.0529E-05  0.0000E+00  2.0924E-05  3.2459E+24  1.9175E+24  3.2603E+25
    24    680.00    0.0000E+00  0.0000E+00  4.8839E-06  0.0000E+00  1.9943E-05  3.2459E+24  1.9175E+24  3.2603E+25
    26    720.00    0.0000E+00  0.0000E+00  2.2852E-06  0.0000E+00  1.9018E-05  3.2459E+24  1.9175E+24  3.2603E+25
    28    760.00    0.0000E+00  0.0000E+00  1.0784E-06  0.0000E+00  1.8146E-05  3.2459E+24  1.9175E+24  3.2603E+25
    30    800.00    0.0000E+00  0.0000E+00  5.1317E-07  0.0000E+00  1.7323E-05  3.2459E+24  1.9175E+24  3.2603E+25
    35    900.00    0.0000E+00  0.0000E+00  8.3080E-08  0.0000E+00  1.5460E-05  3.2459E+24  1.9175E+24  3.2603E+25
    40   1000.00    0.0000E+00  0.0000E+00  1.4131E-08  0.0000E+00  1.3840E-05  3.2459E+24  1.9175E+24  3.2603E+25
    45   1100.00    0.0000E+00  0.0000E+00  2.5202E-09  0.0000E+00  1.2426E-05  3.2459E+24  1.9175E+24  3.2603E+25
    50   1200.00    0.0000E+00  0.0000E+00  4.7039E-10  0.0000E+00  1.1188E-05  3.2459E+24  1.9175E+24  3.2603E+25
    55   1300.00    0.0000E+00  0.0000E+00  9.1724E-11  0.0000E+00  1.0102E-05  3.2459E+24  1.9175E+24  3.2603E+25
    60   1400.00    0.0000E+00  0.0000E+00  1.8654E-11  0.0000E+00  9.1445E-06  3.2459E+24  1.9175E+24  3.2603E+25
    70   1600.00    0.0000E+00  0.0000E+00  8.6968E-13  0.0000E+00  7.5500E-06  3.2459E+24  1.9175E+24  3.2603E+25
    80   1800.00    0.0000E+00  0.0000E+00  4.7108E-14  0.0000E+00  6.2923E-06  3.2459E+24  1.9175E+24  3.2603E+25
    90   2000.00    0.0000E+00  0.0000E+00  2.9330E-15  0.0000E+00  5.2899E-06  3.2459E+24  1.9175E+24  3.2603E+25
   100   2200.00    0.0000E+00  0.0000E+00  2.0785E-16  0.0000E+00  4.4833E-06  3.2459E+24  1.9175E+24  3.2603E+25
   110   2400.00    0.0000E+00  0.0000E+00  1.6619E-17  0.0000E+00  3.8285E-06  3.2459E+24  1.9175E+24  3.2603E+25
   120   2600.00    0.0000E+00  0.0000E+00  1.4871E-18  0.0000E+00  3.2924E-06  3.2459E+24  1.9175E+24  3.2603E+25
   130   2800.00    0.0000E+00  0.0000E+00  1.4783E-19  0.0000E+00  2.8500E-06  3.2459E+24  1.9175E+24  3.2603E+25
   140   3000.00    0.0000E+00  0.0000E+00  1.6217E-20  0.0000E+00  2.4823E-06  3.2459E+24  1.9175E+24  3.2603E+25
   150   3200.00    0.0000E+00  0.0000E+00  1.9511E-21  0.0000E+00  2.1746E-06  3.2459E+24  1.9175E+24  3.2603E+25
   160   3400.00    0.0000E+00  0.0000E+00  2.5598E-22  0.0000E+00  1.9154E-06  3.2459E+24  1.9175E+24  3.2603E+25
   170   3600.00    0.0000E+00  0.0000E+00  3.6434E-23  0.0000E+00  1.6956E-06  3.2459E+24  1.9175E+24  3.2603E+25
   180   3800.00    0.0000E+00  0.0000E+00  5.5987E-24  0.0000E+00  1.5083E-06  3.2459E+24  1.9175E+24  3.2603E+25
   190   4000.00    0.0000E+00  0.0000E+00  9.2475E-25  0.0000E+00  1.3478E-06  3.2459E+24  1.9175E+24  3.2603E+25
   200   4200.00    0.0000E+00  0.0000E+00  1.6351E-25  0.0000E+00  1.2094E-06  3.2459E+24  1.9175E+24  3.2603E+25
   210   4400.00    0.0000E+00  0.0000E+00  3.0831E-26  0.0000E+00  1.0897E-06  3.2459E+24  1.9175E+24  3.2603E+25
   220   4600.00    0.0000E+00  0.0000E+00  6.1780E-27  0.0000E+00  9.8552E-07  3.2459E+24  1.9175E+24  3.2603E+25
   230   4800.00    0.0000E+00  0.0000E+00  1.3113E-27  0.0000E+00  8.9453E-07  3.2459E+24  1.9175E+24  3.2603E+25
   240   5000.00    0.0000E+00  0.0000E+00  2.9390E-28  0.0000E+00  8.1471E-07  3.2459E+24  1.9175E+24  3.2603E+25
   250   5200.00    0.0000E+00  0.0000E+00  6.9367E-29  0.0000E+00  7.4441E-07  3.2459E+24  1.9175E+24  3.2603E+25
   260   5400.00    0.0000E+00  0.0000E+00  1.7195E-29  0.0000E+00  6.8226E-07  3.2459E+24  1.9175E+24  3.2603E+25
   270   5600.00    0.0000E+00  0.0000E+00  4.4658E-30  0.0000E+00  6.2713E-07  3.2459E+24  1.9175E+24  3.2603E+25
   280   5800.00    0.0000E+00  0.0000E+00  1.2123E-30  0.0000E+00  5.7805E-07  3.2459E+24  1.9175E+24  3.2603E+25
   290   6000.00    0.0000E+00  0.0000E+00  3.4327E-31  0.0000E+00  5.3422E-07  3.2459E+24  1.9175E+24  3.2603E+25
   300   6200.00    0.0000E+00  0.0000E+00  1.0118E-31  0.0000E+00  4.9495E-07  3.2459E+24  1.9175E+24  3.2603E+25
   310   6400.00    0.0000E+00  0.0000E+00  3.0985E-32  0.0000E+00  4.5966E-07  3.2459E+24  1.9175E+24  3.2603E+25
   320   6600.00    0.0000E+00  0.0000E+00  9.8416E-33  0.0000E+00  4.2786E-07  3.2459E+24  1.9175E+24  3.2603E+25
   330   6800.00    0.0000E+00  0.0000E+00  3.2366E-33  0.0000E+00  3.9913E-07  3.2459E+24  1.9175E+24  3.2603E+25
   340   7000.00    0.0000E+00  0.0000E+00  1.1004E-33  0.0000E+00  3.7311E-07  3.2459E+24  1.9175E+24  3.2603E+25
   350   7200.00    0.0000E+00  0.0000E+00  3.8623E-34  0.0000E+00  3.4948E-07  3.2459E+24  1.9175E+24  3.2603E+25
   360   7400.00    0.0000E+00  0.0000E+00  1.3974E-34  0.0000E+00  3.2796E-07  3.2459E+24  1.9175E+24  3.2603E+25
   370   7600.00    0.0000E+00  0.0000E+00  5.2052E-35  0.0000E+00  3.0833E-07  3.2459E+24  1.9175E+24  3.2603E+25
   380   7800.00    0.0000E+00  0.0000E+00  1.9937E-35  0.0000E+00  2.9038E-07  3.2459E+24  1.9175E+24  3.2603E+25
   390   8000.00    0.0000E+00  0.0000E+00  7.8428E-36  0.0000E+00  2.7393E-07  3.2459E+24  1.9175E+24  3.2603E+25
1                                                  COLLISION COEFFICIENTS FOR ELECTRONS
            ALT      CLELN2      CLELO2      CLELO       CLELHE      CLELH       CLELOX      CLELHL      CLELHD
     1    220.00    0.0000E+00  0.0000E+00  0.0000E+00  0.0000E+00  0.0000E+00  2.0519E+24  8.1992E+24  3.2559E+25
     2    240.00    0.0000E+00  0.0000E+00  0.0000E+00  0.0000E+00  0.0000E+00  2.0519E+24  8.1992E+24  3.2559E+25
     3    260.00    0.0000E+00  0.0000E+00  0.0000E+00  0.0000E+00  0.0000E+00  2.0519E+24  8.1992E+24  3.2559E+25
     4    280.00    0.0000E+00  0.0000E+00  0.0000E+00  0.0000E+00  0.0000E+00  2.0519E+24  8.1992E+24  3.2559E+25
     5    300.00    0.0000E+00  0.0000E+00  0.0000E+00  0.0000E+00  0.0000E+00  2.0519E+24  8.1992E+24  3.2559E+25
     6    320.00    0.0000E+00  0.0000E+00  0.0000E+00  0.0000E+00  0.0000E+00  2.0519E+24  8.1992E+24  3.2559E+25
     7    340.00    0.0000E+00  0.0000E+00  0.0000E+00  0.0000E+00  0.0000E+00  2.0519E+24  8.1992E+24  3.2559E+25
     8    360.00    0.0000E+00  0.0000E+00  0.0000E+00  0.0000E+00  0.0000E+00  2.0519E+24  8.1992E+24  3.2559E+25
     9    380.00    0.0000E+00  0.0000E+00  0.0000E+00  0.0000E+00  0.0000E+00  2.0519E+24  8.1992E+24  3.2559E+25
    10    400.00    0.0000E+00  0.0000E+00  0.0000E+00  0.0000E+00  0.0000E+00  2.0519E+24  8.1992E+24  3.2559E+25
    11    420.00    0.0000E+00  0.0000E+00  0.0000E+00  0.0000E+00  0.0000E+00  2.0519E+24  8.1992E+24  3.2559E+25
    12    440.00    0.0000E+00  0.0000E+00  0.0000E+00  0.0000E+00  0.0000E+00  2.0519E+24  8.1992E+24  3.2559E+25
    13    460.00    0.0000E+00  0.0000E+00  0.0000E+00  0.0000E+00  0.0000E+00  2.0519E+24  8.1992E+24  3.2559E+25
    14    480.00    0.0000E+00  0.0000E+00  0.0000E+00  0.0000E+00  0.0000E+00  2.0519E+24  8.1992E+24  3.2559E+25
    16    520.00    0.0000E+00  0.0000E+00  0.0000E+00  0.0000E+00  0.0000E+00  2.0519E+24  8.1992E+24  3.2559E+25
    18    560.00    0.0000E+00  0.0000E+00  0.0000E+00  0.0000E+00  0.0000E+00  2.0519E+24  8.1992E+24  3.2559E+25
    20    600.00    0.0000E+00  0.0000E+00  0.0000E+00  0.0000E+00  0.0000E+00  2.0519E+24  8.1992E+24  3.2559E+25
    22    640.00    0.0000E+00  0.0000E+00  0.0000E+00  0.0000E+00  0.0000E+00  2.0519E+24  8.1992E+24  3.2559E+25
    24    680.00    0.0000E+00  0.0000E+00  0.0000E+00  0.0000E+00  0.0000E+00  2.0519E+24  8.1992E+24  3.2559E+25
    26    720.00    0.0000E+00  0.0000E+00  0.0000E+00  0.0000E+00  0.0000E+00  2.0519E+24  8.1992E+24  3.2559E+25
    28    760.00    0.0000E+00  0.0000E+00  0.0000E+00  0.0000E+00  0.0000E+00  2.0519E+24  8.1992E+24  3.2559E+25
    30    800.00    0.0000E+00  0.0000E+00  0.0000E+00  0.0000E+00  0.0000E+00  2.0519E+24  8.1992E+24  3.2559E+25
    35    900.00    0.0000E+00  0.0000E+00  0.0000E+00  0.0000E+00  0.0000E+00  2.0519E+24  8.1992E+24  3.2559E+25
    40   1000.00    0.0000E+00  0.0000E+00  0.0000E+00  0.0000E+00  0.0000E+00  2.0519E+24  8.1992E+24  3.2559E+25
    45   1100.00    0.0000E+00  0.0000E+00  0.0000E+00  0.0000E+00  0.0000E+00  2.0519E+24  8.1992E+24  3.2559E+25
    50   1200.00    0.0000E+00  0.0000E+00  0.0000E+00  0.0000E+00  0.0000E+00  2.0519E+24  8.1992E+24  3.2559E+25
    55   1300.00    0.0000E+00  0.0000E+00  0.0000E+00  0.0000E+00  0.0000E+00  2.0519E+24  8.1992E+24  3.2559E+25
    60   1400.00    0.0000E+00  0.0000E+00  0.0000E+00  0.0000E+00  0.0000E+00  2.0519E+24  8.1992E+24  3.2559E+25
    70   1600.00    0.0000E+00  0.0000E+00  0.0000E+00  0.0000E+00  0.0000E+00  2.0519E+24  8.1992E+24  3.2559E+25
    80   1800.00    0.0000E+00  0.0000E+00  0.0000E+00  0.0000E+00  0.0000E+00  2.0519E+24  8.1992E+24  3.2559E+25
    90   2000.00    0.0000E+00  0.0000E+00  0.0000E+00  0.0000E+00  0.0000E+00  2.0519E+24  8.1992E+24  3.2559E+25
   100   2200.00    0.0000E+00  0.0000E+00  0.0000E+00  0.0000E+00  0.0000E+00  2.0519E+24  8.1992E+24  3.2559E+25
   110   2400.00    0.0000E+00  0.0000E+00  0.0000E+00  0.0000E+00  0.0000E+00  2.0519E+24  8.1992E+24  3.2559E+25
   120   2600.00    0.0000E+00  0.0000E+00  0.0000E+00  0.0000E+00  0.0000E+00  2.0519E+24  8.1992E+24  3.2559E+25
   130   2800.00    0.0000E+00  0.0000E+00  0.0000E+00  0.0000E+00  0.0000E+00  2.0519E+24  8.1992E+24  3.2559E+25
   140   3000.00    0.0000E+00  0.0000E+00  0.0000E+00  0.0000E+00  0.0000E+00  2.0519E+24  8.1992E+24  3.2559E+25
   150   3200.00    0.0000E+00  0.0000E+00  0.0000E+00  0.0000E+00  0.0000E+00  2.0519E+24  8.1992E+24  3.2559E+25
   160   3400.00    0.0000E+00  0.0000E+00  0.0000E+00  0.0000E+00  0.0000E+00  2.0519E+24  8.1992E+24  3.2559E+25
   170   3600.00    0.0000E+00  0.0000E+00  0.0000E+00  0.0000E+00  0.0000E+00  2.0519E+24  8.1992E+24  3.2559E+25
   180   3800.00    0.0000E+00  0.0000E+00  0.0000E+00  0.0000E+00  0.0000E+00  2.0519E+24  8.1992E+24  3.2559E+25
   190   4000.00    0.0000E+00  0.0000E+00  0.0000E+00  0.0000E+00  0.0000E+00  2.0519E+24  8.1992E+24  3.2559E+25
   200   4200.00    0.0000E+00  0.0000E+00  0.0000E+00  0.0000E+00  0.0000E+00  2.0519E+24  8.1992E+24  3.2559E+25
   210   4400.00    0.0000E+00  0.0000E+00  0.0000E+00  0.0000E+00  0.0000E+00  2.0519E+24  8.1992E+24  3.2559E+25
   220   4600.00    0.0000E+00  0.0000E+00  0.0000E+00  0.0000E+00  0.0000E+00  2.0519E+24  8.1992E+24  3.2559E+25
   230   4800.00    0.0000E+00  0.0000E+00  0.0000E+00  0.0000E+00  0.0000E+00  2.0519E+24  8.1992E+24  3.2559E+25
   240   5000.00    0.0000E+00  0.0000E+00  0.0000E+00  0.0000E+00  0.0000E+00  2.0519E+24  8.1992E+24  3.2559E+25
   250   5200.00    0.0000E+00  0.0000E+00  0.0000E+00  0.0000E+00  0.0000E+00  2.0519E+24  8.1992E+24  3.2559E+25
   260   5400.00    0.0000E+00  0.0000E+00  0.0000E+00  0.0000E+00  0.0000E+00  2.0519E+24  8.1992E+24  3.2559E+25
   270   5600.00    0.0000E+00  0.0000E+00  0.0000E+00  0.0000E+00  0.0000E+00  2.0519E+24  8.1992E+24  3.2559E+25
   280   5800.00    0.0000E+00  0.0000E+00  0.0000E+00  0.0000E+00  0.0000E+00  2.0519E+24  8.1992E+24  3.2559E+25
   290   6000.00    0.0000E+00  0.0000E+00  0.0000E+00  0.0000E+00  0.0000E+00  2.0519E+24  8.1992E+24  3.2559E+25
   300   6200.00    0.0000E+00  0.0000E+00  0.0000E+00  0.0000E+00  0.0000E+00  2.0519E+24  8.1992E+24  3.2559E+25
   310   6400.00    0.0000E+00  0.0000E+00  0.0000E+00  0.0000E+00  0.0000E+00  2.0519E+24  8.1992E+24  3.2559E+25
   320   6600.00    0.0000E+00  0.0000E+00  0.0000E+00  0.0000E+00  0.0000E+00  2.0519E+24  8.1992E+24  3.2559E+25
   330   6800.00    0.0000E+00  0.0000E+00  0.0000E+00  0.0000E+00  0.0000E+00  2.0519E+24  8.1992E+24  3.2559E+25
   340   7000.00    0.0000E+00  0.0000E+00  0.0000E+00  0.0000E+00  0.0000E+00  2.0519E+24  8.1992E+24  3.2559E+25
   350   7200.00    0.0000E+00  0.0000E+00  0.0000E+00  0.0000E+00  0.0000E+00  2.0519E+24  8.1992E+24  3.2559E+25
   360   7400.00    0.0000E+00  0.0000E+00  0.0000E+00  0.0000E+00  0.0000E+00  2.0519E+24  8.1992E+24  3.2559E+25
   370   7600.00    0.0000E+00  0.0000E+00  0.0000E+00  0.0000E+00  0.0000E+00  2.0519E+24  8.1992E+24  3.2559E+25
   380   7800.00    0.0000E+00  0.0000E+00  0.0000E+00  0.0000E+00  0.0000E+00  2.0519E+24  8.1992E+24  3.2559E+25
   390   8000.00    0.0000E+00  0.0000E+00  0.0000E+00  0.0000E+00  0.0000E+00  2.0519E+24  8.1992E+24  3.2559E+25
1                                                  COLLISION FREQUENCIES FOR OXYGEN
            ALT       CFOXN2      CFOXO2      CFOXO       CFOXHE      CFOXH       CFOXHL      CFOXHD      CFOXEL
     1    220.00    7.8511E-01  4.4484E-02  7.0490E-01  8.6260E-05  1.9668E-05  7.4575E-08  6.9593E-05  1.5589E-03
     2    240.00    3.5912E-01  1.8220E-02  4.3790E-01  7.6817E-05  1.8429E-05  1.4099E-07  1.1654E-04  1.2749E-03
     3    260.00    1.6663E-01  7.5809E-03  2.7667E-01  6.8689E-05  1.7648E-05  2.6964E-07  1.7235E-04  1.0683E-03
     4    280.00    7.8049E-02  3.1873E-03  1.7693E-01  6.1569E-05  1.7065E-05  5.5064E-07  2.3768E-04  8.8292E-04
     5    300.00    3.6814E-02  1.3506E-03  1.1453E-01  5.5271E-05  1.6575E-05  1.2846E-06  3.1499E-04  7.2525E-04
     6    320.00    1.7465E-02  5.7603E-04  7.4431E-02  4.9671E-05  1.6126E-05  3.1813E-06  4.1259E-04  6.0016E-04
     7    340.00    8.3275E-03  2.4710E-04  4.8705E-02  4.4678E-05  1.5701E-05  7.1054E-06  5.3614E-04  5.0270E-04
     8    360.00    3.9895E-03  1.0657E-04  3.2073E-02  4.0216E-05  1.5309E-05  1.3218E-05  6.8658E-04  4.2695E-04
     9    380.00    1.9200E-03  4.6200E-05  2.1261E-02  3.6225E-05  1.4935E-05  2.0383E-05  8.4772E-04  3.6741E-04
    10    400.00    9.2809E-04  2.0130E-05  1.4204E-02  3.2651E-05  1.4584E-05  2.6449E-05  9.7652E-04  3.1963E-04
    11    420.00    4.5057E-04  8.8140E-06  9.5531E-03  2.9448E-05  1.4258E-05  2.9304E-05  1.0232E-03  2.8019E-04
    12    440.00    2.1968E-04  3.8782E-06  6.5127E-03  2.6576E-05  1.3959E-05  2.8493E-05  9.9047E-04  2.4702E-04
    13    460.00    1.0756E-04  1.7146E-06  4.4696E-03  2.3998E-05  1.3682E-05  2.5638E-05  9.3082E-04  2.1893E-04
    14    480.00    5.2881E-05  7.6171E-07  3.0764E-03  2.1684E-05  1.3419E-05  2.2375E-05  8.7865E-04  1.9523E-04
    16    520.00    1.2942E-05  1.5246E-07  1.4564E-03  1.7734E-05  1.2908E-05  1.7138E-05  8.1359E-04  1.5825E-04
    18    560.00    3.2192E-06  3.1088E-08  6.8603E-04  1.4537E-05  1.2397E-05  1.3782E-05  7.7349E-04  1.3128E-04
    20    600.00    8.1365E-07  6.4558E-09  3.2224E-04  1.1944E-05  1.1888E-05  1.1566E-05  7.3794E-04  1.1094E-04
    22    640.00    2.0890E-07  1.3648E-09  1.5143E-04  9.8354E-06  1.1386E-05  9.9869E-06  7.0093E-04  9.5153E-05
    24    680.00    5.4465E-08  2.9368E-10  7.1368E-05  8.1169E-06  1.0897E-05  8.7858E-06  6.6178E-04  8.2657E-05
    26    720.00    1.4418E-08  6.4296E-11  3.3794E-05  6.7132E-06  1.0425E-05  7.8285E-06  6.2143E-04  7.2603E-05
    28    760.00    3.8738E-09  1.4318E-11  1.6095E-05  5.5641E-06  9.9714E-06  7.0408E-06  5.8111E-04  6.4387E-05
    30    800.00    1.0562E-09  3.2424E-12  7.7153E-06  4.6213E-06  9.5381E-06  6.3778E-06  5.4182E-04  5.7572E-05
    35    900.00    4.3642E-11  8.4985E-14  1.2653E-06  2.9314E-06  8.5428E-06  5.0957E-06  4.5170E-04  4.4763E-05
    40   1000.00    1.9660E-12  2.4587E-15  2.1695E-07  1.8825E-06  7.6650E-06  4.1671E-06  3.7512E-04  3.5845E-05
    45   1100.00    9.6227E-14  7.8202E-17  3.8889E-08  1.2234E-06  6.8920E-06  3.4659E-06  3.1150E-04  2.9321E-05
    50   1200.00    5.1003E-15  2.7244E-18  7.2804E-09  8.0411E-07  6.2110E-06  2.9220E-06  2.5925E-04  2.4382E-05
    55   1300.00    2.9183E-16  1.0359E-19  1.4217E-09  5.3434E-07  5.6101E-06  2.4915E-06  2.1665E-04  2.0545E-05
    60   1400.00    1.7973E-17  4.2842E-21  2.8923E-10  3.5883E-07  5.0790E-06  2.1451E-06  1.8203E-04  1.7504E-05
    70   1600.00    8.4075E-20  9.3126E-24  1.3461E-11  1.6674E-07  4.1913E-06  1.6290E-06  1.3108E-04  1.3048E-05
    80   1800.00    5.1133E-22  2.7324E-26  7.2624E-13  8.0441E-08  3.4890E-06  1.2696E-06  9.7169E-05  1.0007E-05
    90   2000.00    3.9680E-24  1.0592E-28  4.4972E-14  4.0182E-08  2.9287E-06  1.0103E-06  7.4137E-05  7.8472E-06
   100   2200.00    3.8624E-26  5.3193E-31  3.1670E-15  2.0732E-08  2.4777E-06  8.1798E-07  5.8106E-05  6.2674E-06
   110   2400.00    4.6434E-28  3.4005E-33  2.5147E-16  1.1024E-08  2.1117E-06  6.7234E-07  4.6650E-05  5.0833E-06
   120   2600.00    6.7979E-30  2.7228E-35  2.2339E-17  6.0296E-09  1.8124E-06  5.6012E-07  3.8251E-05  4.1778E-06
   130   2800.00    1.1964E-31  2.6909E-37  2.2042E-18  3.3857E-09  1.5657E-06  4.7240E-07  3.1944E-05  3.4735E-06
   140   3000.00    2.5018E-33  3.2382E-39  2.3998E-19  1.9485E-09  1.3609E-06  4.0297E-07  2.7103E-05  2.9175E-06
   150   3200.00    6.1485E-35  4.6870E-41  2.8653E-20  1.1475E-09  1.1898E-06  3.4734E-07  2.3295E-05  2.4727E-06
   160   3400.00    1.7585E-36  8.0679E-43  3.7311E-21  6.9064E-10  1.0459E-06  3.0229E-07  2.0265E-05  2.1131E-06
   170   3600.00    5.7999E-38  1.6344E-44  5.2711E-22  4.2421E-10  9.2412E-07  2.6540E-07  1.7807E-05  1.8191E-06
   180   3800.00    2.1874E-39  3.8594E-46  8.0411E-23  2.6560E-10  8.2051E-07  2.3489E-07  1.5782E-05  1.5765E-06
   190   4000.00    9.3611E-41  1.0529E-47  1.3187E-23  1.6932E-10  7.3186E-07  2.0937E-07  1.4099E-05  1.3747E-06
   200   4200.00    4.5132E-42  3.2918E-49  2.3156E-24  1.0980E-10  6.5561E-07  1.8775E-07  1.2681E-05  1.2055E-06
   210   4400.00    2.4351E-43  1.1704E-50  4.3370E-25  7.2352E-11  5.8972E-07  1.6943E-07  1.1473E-05  1.0626E-06
   220   4600.00    1.4614E-44  4.6994E-52  8.6344E-26  4.8407E-11  5.3252E-07  1.5377E-07  1.0433E-05  9.4105E-07
   230   4800.00    9.6993E-46  2.1170E-53  1.8213E-26  3.2857E-11  4.8263E-07  1.4025E-07  9.5295E-06  8.3714E-07
   240   5000.00    7.0817E-47  1.0635E-54  4.0580E-27  2.2607E-11  4.3895E-07  1.2849E-07  8.7390E-06  7.4777E-07
   250   5200.00    5.6599E-48  5.9246E-56  9.5241E-28  1.5758E-11  4.0054E-07  1.1818E-07  8.0419E-06  6.7051E-07
   260   5400.00    4.9289E-49  3.6405E-57  2.3484E-28  1.1119E-11  3.6665E-07  1.0909E-07  7.4233E-06  6.0339E-07
   270   5600.00    4.6569E-50  2.4555E-58  6.0689E-29  7.9373E-12  3.3664E-07  1.0101E-07  6.8712E-06  5.4483E-07
   280   5800.00    4.7546E-51  1.8096E-59  1.6400E-29  5.7293E-12  3.0997E-07  9.3792E-08  6.3758E-06  4.9354E-07
   290   6000.00    5.2258E-52  1.4509E-60  4.6242E-30  4.1794E-12  2.8619E-07  8.7306E-08  5.9292E-06  4.4844E-07
   300   6200.00    6.1617E-53  1.2605E-61  1.3578E-30  3.0795E-12  2.6493E-07  8.1441E-08  5.5248E-06  4.0861E-07
   310   6400.00    7.7680E-54  1.1821E-62  4.1439E-31  2.2908E-12  2.4585E-07  7.6109E-08  5.1571E-06  3.7331E-07
   320   6600.00    1.0439E-54  1.1926E-63  1.3122E-31  1.7198E-12  2.2870E-07  7.1236E-08  4.8216E-06  3.4190E-07
   330   6800.00    1.4909E-55  1.2898E-64  4.3043E-32  1.3023E-12  2.1322E-07  6.6763E-08  4.5144E-06  3.1386E-07
   340   7000.00    2.2570E-56  1.4910E-65  1.4603E-32  9.9447E-13  1.9922E-07  6.2639E-08  4.2324E-06  2.8875E-07
   350   7200.00    3.6121E-57  1.8367E-66  5.1162E-33  7.6544E-13  1.8653E-07  5.8821E-08  3.9729E-06  2.6622E-07
   360   7400.00    6.0967E-58  2.4043E-67  1.8486E-33  5.9365E-13  1.7500E-07  5.5275E-08  3.7337E-06  2.4593E-07
   370   7600.00    1.0828E-58  3.3360E-68  6.8798E-34  4.6378E-13  1.6449E-07  5.1971E-08  3.5127E-06  2.2763E-07
   380   7800.00    2.0192E-59  4.8939E-69  2.6337E-34  3.6485E-13  1.5490E-07  4.8883E-08  3.3081E-06  2.1108E-07
   390   8000.00    3.9455E-60  7.5733E-70  1.0359E-34  2.8895E-13  1.4612E-07  4.6222E-08  3.1285E-06  1.9701E-07
1                                                  COLLISION FREQUENCIES FOR HELIUM
            ALT       CFHEN2      CFHEO2      CFHEO       CFHEHE      CFHEH       CFHEOX      CFHEHD      CFHEEL
     1    220.00    1.8419E+00  1.0250E-01  1.0312E+00  8.6687E-04  6.8827E-05  3.4622E+00  2.5785E-04  6.2273E-03
     2    240.00    8.4251E-01  4.1984E-02  6.3701E-01  7.7646E-04  6.4182E-05  3.9440E+00  4.3228E-04  5.0928E-03
     3    260.00    3.9092E-01  1.7468E-02  4.0083E-01  6.9787E-04  6.1303E-05  3.8948E+00  6.3892E-04  4.2673E-03
     4    280.00    1.8311E-01  7.3442E-03  2.5545E-01  6.2903E-04  5.9185E-05  3.5478E+00  8.7916E-04  3.5269E-03
     5    300.00    8.6368E-02  3.1121E-03  1.6476E-01  5.6740E-04  5.7425E-05  3.1185E+00  1.1643E-03  2.8971E-03
     6    320.00    4.0973E-02  1.3273E-03  1.0662E-01  5.1135E-04  5.5821E-05  2.7348E+00  1.5291E-03  2.3974E-03
     7    340.00    1.9537E-02  5.6937E-04  6.9393E-02  4.6126E-04  5.4301E-05  2.3893E+00  1.9943E-03  2.0081E-03
     8    360.00    9.3596E-03  2.4556E-04  4.5376E-02  4.1719E-04  5.2887E-05  2.0682E+00  2.5616E-03  1.7055E-03
     9    380.00    4.5044E-03  1.0646E-04  2.9788E-02  3.7872E-04  5.1521E-05  1.7647E+00  3.1704E-03  1.4677E-03
    10    400.00    2.1773E-03  4.6383E-05  1.9623E-02  3.4556E-04  5.0199E-05  1.4693E+00  3.6615E-03  1.2768E-03
    11    420.00    1.0570E-03  2.0309E-05  1.2928E-02  3.1750E-04  4.8920E-05  1.1797E+00  3.8483E-03  1.1193E-03
    12    440.00    5.1537E-04  8.9362E-06  8.5756E-03  2.9378E-04  4.7680E-05  9.1478E-01  3.7327E-03  9.8674E-04
    13    460.00    2.5233E-04  3.9509E-06  5.7021E-03  2.7302E-04  4.6479E-05  6.9916E-01  3.5071E-03  8.7456E-04
    14    480.00    1.2406E-04  1.7552E-06  3.8005E-03  2.5393E-04  4.5316E-05  5.3913E-01  3.3026E-03  7.7986E-04
    16    520.00    3.0362E-05  3.5131E-07  1.7003E-03  2.1830E-04  4.3094E-05  3.4468E-01  3.0364E-03  6.3216E-04
    18    560.00    7.5525E-06  7.1634E-08  7.6779E-04  1.8563E-04  4.1005E-05  2.4354E-01  2.8692E-03  5.2442E-04
    20    600.00    1.9088E-06  1.4876E-08  3.4988E-04  1.5655E-04  3.9039E-05  1.8538E-01  2.7263E-03  4.4314E-04
    22    640.00    4.9008E-07  3.1449E-09  1.6088E-04  1.3137E-04  3.7189E-05  1.4854E-01  2.5832E-03  3.8010E-04
    24    680.00    1.2778E-07  6.7670E-10  7.4625E-05  1.0995E-04  3.5446E-05  1.2339E-01  2.4356E-03  3.3019E-04
    26    720.00    3.3824E-08  1.4815E-10  3.4917E-05  9.1914E-05  3.3802E-05  1.0523E-01  2.2856E-03  2.9002E-04
    28    760.00    9.0880E-09  3.2992E-11  1.6477E-05  7.6827E-05  3.2252E-05  9.1529E-02  2.1370E-03  2.5720E-04
    30    800.00    2.4779E-09  7.4712E-12  7.8412E-06  6.4247E-05  3.0790E-05  8.0807E-02  1.9929E-03  2.2998E-04
    35    900.00    1.0239E-10  1.9582E-13  1.2695E-06  4.1275E-05  2.7478E-05  6.1904E-02  1.6636E-03  1.7881E-04
    40   1000.00    4.6124E-12  5.6653E-15  2.1592E-07  2.6746E-05  2.4598E-05  4.9472E-02  1.3843E-03  1.4319E-04
    45   1100.00    2.2575E-13  1.8019E-16  3.8508E-08  1.7499E-05  2.2085E-05  4.0650E-02  1.1523E-03  1.1713E-04
    50   1200.00    1.1965E-14  6.2776E-18  7.1876E-09  1.1562E-05  1.9886E-05  3.4078E-02  9.6150E-04  9.7398E-05
    55   1300.00    6.8464E-16  2.3869E-19  1.4015E-09  7.7156E-06  1.7954E-05  2.9010E-02  8.0565E-04  8.2072E-05
    60   1400.00    4.2165E-17  9.8718E-21  2.8503E-10  5.1991E-06  1.6253E-05  2.4997E-02  6.7871E-04  6.9921E-05
    70   1600.00    1.9724E-19  2.1458E-23  1.3289E-11  2.4288E-06  1.3419E-05  1.9082E-02  4.9106E-04  5.2123E-05
    80   1800.00    1.1996E-21  6.2960E-26  7.1981E-13  1.1764E-06  1.1184E-05  1.4974E-02  3.6533E-04  3.9972E-05
    90   2000.00    9.3090E-24  2.4405E-28  4.4815E-14  5.8960E-07  9.4020E-06  1.1992E-02  2.7943E-04  3.1347E-05
   100   2200.00    9.0613E-26  1.2257E-30  3.1760E-15  3.0508E-07  7.9684E-06  9.7583E-03  2.1931E-04  2.5036E-05
   110   2400.00    1.0894E-27  7.8355E-33  2.5393E-16  1.6263E-07  6.8046E-06  8.0465E-03  1.7616E-04  2.0306E-05
   120   2600.00    1.5948E-29  6.2740E-35  2.2723E-17  8.9147E-08  5.8517E-06  6.7117E-03  1.4443E-04  1.6689E-05
   130   2800.00    2.8069E-31  6.2003E-37  2.2589E-18  5.0152E-08  5.0655E-06  5.6561E-03  1.2054E-04  1.3875E-05
   140   3000.00    5.8692E-33  7.4615E-39  2.4780E-19  2.8908E-08  4.4120E-06  4.8111E-03  1.0218E-04  1.1654E-05
   150   3200.00    1.4425E-34  1.0800E-40  2.9812E-20  1.7046E-08  3.8651E-06  4.1275E-03  8.7725E-05  9.8776E-06
   160   3400.00    4.1255E-36  1.8590E-42  3.9113E-21  1.0268E-08  3.4043E-06  3.5693E-03  7.6223E-05  8.4409E-06
   170   3600.00    1.3607E-37  3.7660E-44  5.5670E-22  6.3101E-09  3.0138E-06  3.1092E-03  6.6900E-05  7.2666E-06
   180   3800.00    5.1318E-39  8.8928E-46  8.5547E-23  3.9515E-09  2.6808E-06  2.7268E-03  5.9224E-05  6.2977E-06
   190   4000.00    2.1961E-40  2.4261E-47  1.4130E-23  2.5189E-09  2.3955E-06  2.4062E-03  5.2851E-05  5.4915E-06
   200   4200.00    1.0588E-41  7.5849E-49  2.4984E-24  1.6328E-09  2.1496E-06  2.1352E-03  4.7488E-05  4.8155E-06
   210   4400.00    5.7129E-43  2.6968E-50  4.7110E-25  1.0753E-09  1.9368E-06  1.9047E-03  4.2925E-05  4.2445E-06
   220   4600.00    3.4285E-44  1.0828E-51  9.4399E-26  7.1889E-10  1.7516E-06  1.7072E-03  3.9004E-05  3.7592E-06
   230   4800.00    2.2755E-45  4.8781E-53  2.0036E-26  4.8748E-10  1.5899E-06  1.5369E-03  3.5606E-05  3.3441E-06
   240   5000.00    1.6614E-46  2.4506E-54  4.4908E-27  3.3504E-10  1.4480E-06  1.3892E-03  3.2636E-05  2.9871E-06
   250   5200.00    1.3278E-47  1.3651E-55  1.0599E-27  2.3323E-10  1.3231E-06  1.2604E-03  3.0022E-05  2.6784E-06
   260   5400.00    1.1563E-48  8.3886E-57  2.6274E-28  1.6435E-10  1.2126E-06  1.1473E-03  2.7706E-05  2.4103E-06
   270   5600.00    1.0925E-49  5.6580E-58  6.8236E-29  1.1717E-10  1.1146E-06  1.0475E-03  2.5641E-05  2.1764E-06
   280   5800.00    1.1154E-50  4.1697E-59  1.8524E-29  8.4454E-11  1.0274E-06  9.5912E-04  2.3791E-05  1.9715E-06
   290   6000.00    1.2260E-51  3.3431E-60  5.2452E-30  6.1520E-11  9.4949E-07  8.8040E-04  2.2126E-05  1.7913E-06
   300   6200.00    1.4456E-52  2.9044E-61  1.5460E-30  4.5267E-11  8.7970E-07  8.0994E-04  2.0619E-05  1.6323E-06
   310   6400.00    1.8224E-53  2.7239E-62  4.7345E-31  3.3630E-11  8.1698E-07  7.4655E-04  1.9250E-05  1.4912E-06
   320   6600.00    2.4490E-54  2.7479E-63  1.5038E-31  2.5215E-11  7.6047E-07  6.8928E-04  1.8001E-05  1.3658E-06
   330   6800.00    3.4977E-55  2.9721E-64  4.9455E-32  1.9074E-11  7.0941E-07  6.3731E-04  1.6857E-05  1.2537E-06
   340   7000.00    5.2949E-56  3.4356E-65  1.6815E-32  1.4550E-11  6.6315E-07  5.8998E-04  1.5808E-05  1.1535E-06
   350   7200.00    8.4741E-57  4.2321E-66  5.9015E-33  1.1190E-11  6.2114E-07  5.4674E-04  1.4842E-05  1.0634E-06
   360   7400.00    1.4303E-57  5.5400E-67  2.1352E-33  8.6728E-12  5.8290E-07  5.0712E-04  1.3950E-05  9.8242E-07
   370   7600.00    2.5403E-58  7.6868E-68  7.9535E-34  6.7723E-12  5.4801E-07  4.7072E-04  1.3126E-05  9.0931E-07
   380   7800.00    4.7371E-59  1.1277E-68  3.0463E-34  5.3263E-12  5.1611E-07  4.3721E-04  1.2363E-05  8.4319E-07
   390   8000.00    9.2564E-60  1.7451E-69  1.1984E-34  4.2179E-12  4.8688E-07  4.0829E-04  1.1692E-05  7.8696E-07
1                                                  COLLISION FREQUENCIES FOR HYDROGEN
            ALT       CFHN2       CFHO2       CFHO        CFHHE       CFHH        CFHOX       CFHHL       CFHEL
     1    220.00    3.8680E+00  2.1438E-01  1.5234E+00  6.9269E-04  6.5031E-04  6.4330E+00  5.3276E-07  2.4892E-02
     2    240.00    1.7693E+00  8.7809E-02  9.5280E-01  6.1686E-04  6.1109E-04  7.2502E+00  9.9758E-07  2.0358E-02
     3    260.00    8.2093E-01  3.6534E-02  6.0520E-01  5.5160E-04  5.8687E-04  7.1511E+00  1.9045E-06  1.7058E-02
     4    280.00    3.8452E-01  1.5361E-02  3.8898E-01  4.9442E-04  5.6922E-04  6.5575E+00  3.9066E-06  1.4098E-02
     5    300.00    1.8137E-01  6.5090E-03  2.5333E-01  4.4384E-04  5.5507E-04  5.7621E+00  9.1042E-06  1.1581E-02
     6    320.00    8.6043E-02  2.7761E-03  1.6574E-01  3.9888E-04  5.4259E-04  4.9788E+00  2.2275E-05  9.5832E-03
     7    340.00    4.1027E-02  1.1908E-03  1.0927E-01  3.5878E-04  5.3130E-04  4.2665E+00  4.8978E-05  8.0270E-03
     8    360.00    1.9655E-02  5.1359E-04  7.2591E-02  3.2295E-04  5.2170E-04  3.6351E+00  8.9950E-05  6.8174E-03
     9    380.00    9.4592E-03  2.2265E-04  4.8676E-02  2.9090E-04  5.1388E-04  3.0589E+00  1.3713E-04  5.8667E-03
    10    400.00    4.5724E-03  9.7010E-05  3.3079E-02  2.6220E-04  5.0910E-04  2.5034E+00  1.7534E-04  5.1038E-03
    11    420.00    2.2198E-03  4.2477E-05  2.2785E-02  2.3648E-04  5.0844E-04  1.9661E+00  1.9060E-04  4.4741E-03
    12    440.00    1.0823E-03  1.8690E-05  1.5948E-02  2.1341E-04  5.1108E-04  1.4998E+00  1.8269E-04  3.9443E-03
    13    460.00    5.2989E-04  8.2633E-06  1.1181E-02  1.9271E-04  5.1421E-04  1.1482E+00  1.6462E-04  3.4959E-03
    14    480.00    2.6053E-04  3.6709E-06  7.8009E-03  1.7413E-04  5.1571E-04  9.0242E-01  1.4608E-04  3.1173E-03
    16    520.00    6.3761E-05  7.3476E-07  3.7330E-03  1.4241E-04  5.1203E-04  6.1062E-01  1.1758E-04  2.5269E-03
    18    560.00    1.5860E-05  1.4982E-07  1.7625E-03  1.1674E-04  5.0178E-04  4.5285E-01  9.8648E-05  2.0963E-03
    20    600.00    4.0086E-06  3.1112E-08  8.2871E-04  9.5914E-05  4.8794E-04  3.5594E-01  8.5138E-05  1.7714E-03
    22    640.00    1.0292E-06  6.5776E-09  3.9005E-04  7.8981E-05  4.7231E-04  2.9069E-01  7.4745E-05  1.5194E-03
    24    680.00    2.6833E-07  1.4153E-09  1.8427E-04  6.5181E-05  4.5590E-04  2.4394E-01  6.6336E-05  1.3199E-03
    26    720.00    7.1031E-08  3.0986E-10  8.7513E-05  5.3909E-05  4.3931E-04  2.0893E-01  5.9324E-05  1.1593E-03
    28    760.00    1.9085E-08  6.9004E-11  4.1819E-05  4.4681E-05  4.2286E-04  1.8180E-01  5.3370E-05  1.0281E-03
    30    800.00    5.2035E-09  1.5626E-11  2.0118E-05  3.7111E-05  4.0679E-04  1.6017E-01  4.8251E-05  9.1929E-04
    35    900.00    2.1501E-10  4.0956E-13  3.3312E-06  2.3540E-05  3.6889E-04  1.2122E-01  3.8135E-05  7.1476E-04
    40   1000.00    9.6861E-12  1.1849E-14  5.7732E-07  1.5117E-05  3.3469E-04  9.5106E-02  3.0678E-05  5.7236E-04
    45   1100.00    4.7408E-13  3.7688E-16  1.0468E-07  9.8241E-06  3.0412E-04  7.6404E-02  2.5006E-05  4.6819E-04
    50   1200.00    2.5127E-14  1.3130E-17  1.9837E-08  6.4573E-06  2.7686E-04  6.2457E-02  2.0611E-05  3.8933E-04
    55   1300.00    1.4377E-15  4.9922E-19  3.9224E-09  4.2909E-06  2.5253E-04  5.1773E-02  1.7159E-05  3.2807E-04
    60   1400.00    8.8547E-17  2.0647E-20  8.0798E-10  2.8815E-06  2.3076E-04  4.3427E-02  1.4419E-05  2.7950E-04
    70   1600.00    4.1421E-19  4.4880E-23  3.8527E-11  1.3390E-06  1.9372E-04  3.1484E-02  1.0448E-05  2.0835E-04
    80   1800.00    2.5192E-21  1.3168E-25  2.1259E-12  6.4596E-07  1.6368E-04  2.3610E-02  7.8100E-06  1.5978E-04
    90   2000.00    1.9549E-23  5.1043E-28  1.3433E-13  3.2267E-07  1.3914E-04  1.8211E-02  6.0004E-06  1.2530E-04
   100   2200.00    1.9029E-25  2.5635E-30  9.6319E-15  1.6648E-07  1.1897E-04  1.4383E-02  4.7222E-06  1.0008E-04
   110   2400.00    2.2876E-27  1.6388E-32  7.7709E-16  8.8528E-08  1.0228E-04  1.1591E-02  3.7953E-06  8.1169E-05
   120   2600.00    3.3491E-29  1.3122E-34  7.0012E-17  4.8419E-08  8.8413E-05  9.5022E-03  3.1071E-06  6.6710E-05
   130   2800.00    5.8944E-31  1.2968E-36  6.9950E-18  2.7188E-08  7.6826E-05  7.9052E-03  2.5854E-06  5.5464E-05
   140   3000.00    1.2325E-32  1.5606E-38  7.7010E-19  1.5647E-08  6.7096E-05  6.6605E-03  2.1825E-06  4.6586E-05
   150   3200.00    3.0292E-34  2.2588E-40  9.2874E-20  9.2151E-09  5.8886E-05  5.6736E-03  1.8658E-06  3.9484E-05
   160   3400.00    8.6636E-36  3.8881E-42  1.2203E-20  5.5461E-09  5.1925E-05  4.8796E-03  1.6130E-06  3.3741E-05
   170   3600.00    2.8574E-37  7.8766E-44  1.7382E-21  3.4065E-09  4.5995E-05  4.2322E-03  1.4084E-06  2.9047E-05
   180   3800.00    1.0777E-38  1.8599E-45  2.6716E-22  2.1328E-09  4.0920E-05  3.6979E-03  1.2404E-06  2.5174E-05
   190   4000.00    4.6119E-40  5.0743E-47  4.4115E-23  1.3597E-09  3.6557E-05  3.2524E-03  1.1008E-06  2.1951E-05
   200   4200.00    2.2235E-41  1.5864E-48  7.7954E-24  8.8169E-10  3.2789E-05  2.8773E-03  9.8319E-07  1.9249E-05
   210   4400.00    1.1997E-42  5.6404E-50  1.4686E-24  5.8101E-10  2.9523E-05  2.5588E-03  8.8378E-07  1.6967E-05
   220   4600.00    7.1998E-44  2.2647E-51  2.9397E-25  3.8873E-10  2.6680E-05  2.2863E-03  7.9893E-07  1.5026E-05
   230   4800.00    4.7785E-45  1.0202E-52  6.2321E-26  2.6385E-10  2.4195E-05  2.0514E-03  7.2580E-07  1.3367E-05
   240   5000.00    3.4889E-46  5.1254E-54  1.3951E-26  1.8154E-10  2.2015E-05  1.8476E-03  6.6224E-07  1.1940E-05
   250   5200.00    2.7884E-47  2.8552E-55  3.2885E-27  1.2654E-10  2.0096E-05  1.6699E-03  6.0658E-07  1.0707E-05
   260   5400.00    2.4283E-48  1.7545E-56  8.1415E-28  8.9286E-11  1.8400E-05  1.5139E-03  5.5751E-07  9.6348E-06
   270   5600.00    2.2943E-49  1.1834E-57  2.1118E-28  6.3739E-11  1.6897E-05  1.3765E-03  5.1400E-07  8.6997E-06
   280   5800.00    2.3424E-50  8.7209E-59  5.7261E-29  4.6008E-11  1.5561E-05  1.2549E-03  4.7520E-07  7.8806E-06
   290   6000.00    2.5746E-51  6.9921E-60  1.6196E-29  3.3562E-11  1.4369E-05  1.1469E-03  4.4043E-07  7.1605E-06
   300   6200.00    3.0357E-52  6.0746E-61  4.7688E-30  2.4729E-11  1.3302E-05  1.0506E-03  4.0912E-07  6.5246E-06
   310   6400.00    3.8271E-53  5.6970E-62  1.4591E-30  1.8396E-11  1.2345E-05  9.6431E-04  3.8079E-07  5.9609E-06
   320   6600.00    5.1429E-54  5.7472E-63  4.6305E-31  1.3810E-11  1.1484E-05  8.8678E-04  3.5506E-07  5.4593E-06
   330   6800.00    7.3452E-55  6.2161E-64  1.5218E-31  1.0458E-11  1.0708E-05  8.1690E-04  3.3161E-07  5.0116E-06
   340   7000.00    1.1119E-55  7.1855E-65  5.1708E-32  7.9859E-12  1.0005E-05  7.5374E-04  3.1016E-07  4.6107E-06
   350   7200.00    1.7796E-56  8.8514E-66  1.8139E-32  6.1467E-12  9.3677E-06  6.9654E-04  2.9050E-07  4.2509E-06
   360   7400.00    3.0037E-57  1.1587E-66  6.5606E-33  4.7672E-12  8.7885E-06  6.4463E-04  2.7243E-07  3.9270E-06
   370   7600.00    5.3346E-58  1.6077E-67  2.4431E-33  3.7243E-12  8.2608E-06  5.9741E-04  2.5577E-07  3.6348E-06
   380   7800.00    9.9480E-59  2.3585E-68  9.3562E-34  2.9299E-12  7.7790E-06  5.5439E-04  2.4038E-07  3.3705E-06
   390   8000.00    1.9438E-59  3.6498E-69  3.6804E-34  2.3203E-12  7.3381E-06  5.1764E-04  2.2726E-07  3.1457E-06
1                                                  COLLISION FREQUENCIES FOR ELECTRONS
            ALT       CFELN2      CFELO2      CFELO       CFELHE      CFELH       CFELOX      CFELHL      CFELHD
     1    220.00    3.9371E+00  2.1773E-01  2.3073E+00  7.7111E-04  3.0833E-04  4.5670E+01  4.0051E-06  7.8922E-03
     2    240.00    1.8009E+00  8.9181E-02  1.4254E+00  6.8670E-04  2.8752E-04  3.7347E+01  5.4355E-06  9.5898E-03
     3    260.00    8.3559E-01  3.7105E-02  8.9690E-01  6.1404E-04  2.7463E-04  3.1289E+01  8.8195E-06  1.2046E-02
     4    280.00    3.9139E-01  1.5601E-02  5.7159E-01  5.5039E-04  2.6514E-04  2.5855E+01  1.6338E-05  1.4970E-02
     5    300.00    1.8461E-01  6.6107E-03  3.6867E-01  4.9409E-04  2.5725E-04  2.1232E+01  3.5609E-05  1.8541E-02
     6    320.00    8.7580E-02  2.8194E-03  2.3857E-01  4.4403E-04  2.5007E-04  1.7562E+01  8.3179E-05  2.3247E-02
     7    340.00    4.1760E-02  1.2095E-03  1.5528E-01  3.9939E-04  2.4326E-04  1.4700E+01  1.7799E-04  2.9508E-02
     8    360.00    2.0006E-02  5.2162E-04  1.0153E-01  3.5951E-04  2.3693E-04  1.2472E+01  3.2454E-04  3.7629E-02
     9    380.00    9.6281E-03  2.2613E-04  6.6655E-02  3.2383E-04  2.3081E-04  1.0717E+01  5.0403E-04  4.7445E-02
    10    400.00    4.6541E-03  9.8526E-05  4.3909E-02  2.9188E-04  2.2488E-04  9.3069E+00  6.8210E-04  5.7993E-02
    11    420.00    2.2594E-03  4.3141E-05  2.8929E-02  2.6325E-04  2.1915E-04  8.1415E+00  8.2337E-04  6.7684E-02
    12    440.00    1.1016E-03  1.8982E-05  1.9189E-02  2.3757E-04  2.1360E-04  7.1614E+00  9.0818E-04  7.5548E-02
    13    460.00    5.3936E-04  8.3925E-06  1.2759E-02  2.1453E-04  2.0822E-04  6.3321E+00  9.4535E-04  8.1997E-02
    14    480.00    2.6518E-04  3.7283E-06  8.5041E-03  1.9384E-04  2.0301E-04  5.6318E+00  9.5161E-04  8.7594E-02
    16    520.00    6.4899E-05  7.4624E-07  3.8047E-03  1.5853E-04  1.9305E-04  4.5394E+00  9.1894E-04  9.6617E-02
    18    560.00    1.6143E-05  1.5216E-07  1.7180E-03  1.2995E-04  1.8369E-04  3.7436E+00  8.6256E-04  1.0214E-01
    20    600.00    4.0802E-06  3.1598E-08  7.8290E-04  1.0677E-04  1.7489E-04  3.1455E+00  7.9903E-04  1.0417E-01
    22    640.00    1.0475E-06  6.6804E-09  3.5998E-04  8.7923E-05  1.6660E-04  2.6840E+00  7.3472E-04  1.0338E-01
    24    680.00    2.7313E-07  1.4374E-09  1.6698E-04  7.2560E-05  1.5879E-04  2.3207E+00  6.7278E-04  1.0057E-01
    26    720.00    7.2299E-08  3.1470E-10  7.8131E-05  6.0012E-05  1.5143E-04  2.0303E+00  6.1494E-04  9.6462E-02
    28    760.00    1.9426E-08  7.0082E-11  3.6870E-05  4.9740E-05  1.4449E-04  1.7944E+00  5.6200E-04  9.1621E-02
    30    800.00    5.2964E-09  1.5870E-11  1.7546E-05  4.1312E-05  1.3793E-04  1.5999E+00  5.1413E-04  8.6457E-02
    35    900.00    2.1885E-10  4.1596E-13  2.8406E-06  2.6205E-05  1.2310E-04  1.2375E+00  4.1475E-04  7.3664E-02
    40   1000.00    9.8590E-12  1.2034E-14  4.8315E-07  1.6829E-05  1.1019E-04  9.8771E-01  3.3873E-04  6.2232E-02
    45   1100.00    4.8255E-13  3.8277E-16  8.6167E-08  1.0936E-05  9.8938E-05  8.0634E-01  2.7992E-04  5.2514E-02
    50   1200.00    2.5576E-14  1.3335E-17  1.6083E-08  7.1883E-06  8.9085E-05  6.6978E-01  2.3382E-04  4.4411E-02
    55   1300.00    1.4634E-15  5.0702E-19  3.1361E-09  4.7767E-06  8.0432E-05  5.6410E-01  1.9725E-04  3.7707E-02
    60   1400.00    9.0129E-17  2.0970E-20  6.3778E-10  3.2077E-06  7.2811E-05  4.8054E-01  1.6789E-04  3.2176E-02
    70   1600.00    4.2161E-19  4.5581E-23  2.9735E-11  1.4906E-06  6.0115E-05  3.5837E-01  1.2456E-04  2.3835E-02
    80   1800.00    2.5642E-21  1.3374E-25  1.6107E-12  7.1909E-07  5.0101E-05  2.7503E-01  9.4938E-05  1.8081E-02
    90   2000.00    1.9898E-23  5.1841E-28  1.0028E-13  3.5920E-07  4.2119E-05  2.1582E-01  7.4026E-05  1.4035E-02
   100   2200.00    1.9369E-25  2.6036E-30  7.1066E-15  1.8533E-07  3.5697E-05  1.7245E-01  5.8856E-05  1.1129E-02
   110   2400.00    2.3285E-27  1.6644E-32  5.6821E-16  9.8550E-08  3.0483E-05  1.3990E-01  4.7595E-05  8.9946E-03
   120   2600.00    3.4089E-29  1.3327E-34  5.0845E-17  5.3901E-08  2.6215E-05  1.1498E-01  3.9068E-05  7.3937E-03
   130   2800.00    5.9997E-31  1.3171E-36  5.0545E-18  3.0266E-08  2.2693E-05  9.5575E-02  3.2501E-05  6.1694E-03
   140   3000.00    1.2545E-32  1.5850E-38  5.5448E-19  1.7418E-08  1.9765E-05  8.0242E-02  2.7364E-05  5.2159E-03
   150   3200.00    3.0833E-34  2.2941E-40  6.6709E-20  1.0258E-08  1.7315E-05  6.7972E-02  2.3289E-05  4.4581E-03
   160   3400.00    8.8184E-36  3.9489E-42  8.7521E-21  6.1739E-09  1.5251E-05  5.8044E-02  2.0015E-05  3.8506E-03
   170   3600.00    2.9084E-37  7.9996E-44  1.2457E-21  3.7921E-09  1.3501E-05  4.9929E-02  1.7352E-05  3.3558E-03
   180   3800.00    1.0969E-38  1.8890E-45  1.9142E-22  2.3743E-09  1.2010E-05  4.3232E-02  1.5162E-05  2.9474E-03
   190   4000.00    4.6943E-40  5.1536E-47  3.1618E-23  1.5136E-09  1.0731E-05  3.7660E-02  1.3341E-05  2.6078E-03
   200   4200.00    2.2632E-41  1.6112E-48  5.5905E-24  9.8151E-10  9.6299E-06  3.2988E-02  1.1810E-05  2.3224E-03
   210   4400.00    1.2211E-42  5.7285E-50  1.0541E-24  6.4678E-10  8.6764E-06  2.9043E-02  1.0519E-05  2.0801E-03
   220   4600.00    7.3284E-44  2.3001E-51  2.1123E-25  4.3273E-10  7.8470E-06  2.5692E-02  9.4215E-06  1.8727E-03
   230   4800.00    4.8639E-45  1.0362E-52  4.4833E-26  2.9372E-10  7.1225E-06  2.2827E-02  8.4807E-06  1.6939E-03
   240   5000.00    3.5512E-46  5.2055E-54  1.0049E-26  2.0210E-10  6.4869E-06  2.0364E-02  7.6683E-06  1.5386E-03
   250   5200.00    2.8382E-47  2.8998E-55  2.3717E-27  1.4086E-10  5.9272E-06  1.8237E-02  6.9622E-06  1.4030E-03
   260   5400.00    2.4717E-48  1.7819E-56  5.8792E-28  9.9394E-11  5.4324E-06  1.6390E-02  6.3449E-06  1.2838E-03
   270   5600.00    2.3353E-49  1.2019E-57  1.5269E-28  7.0955E-11  4.9934E-06  1.4780E-02  5.8024E-06  1.1785E-03
   280   5800.00    2.3843E-50  8.8572E-59  4.1450E-29  5.1217E-11  4.6026E-06  1.3371E-02  5.3234E-06  1.0851E-03
   290   6000.00    2.6206E-51  7.1014E-60  1.1737E-29  3.7361E-11  4.2536E-06  1.2133E-02  4.8986E-06  1.0019E-03
   300   6200.00    3.0899E-52  6.1695E-61  3.4594E-30  2.7528E-11  3.9409E-06  1.1041E-02  4.5200E-06  9.2747E-04
   310   6400.00    3.8954E-53  5.7860E-62  1.0594E-30  2.0479E-11  3.6599E-06  1.0074E-02  4.1812E-06  8.6057E-04
   320   6600.00    5.2347E-54  5.8370E-63  3.3649E-31  1.5374E-11  3.4068E-06  9.2138E-03  3.8770E-06  8.0025E-04
   330   6800.00    7.4764E-55  6.3132E-64  1.1066E-31  1.1642E-11  3.1780E-06  8.4471E-03  3.6028E-06  7.4568E-04
   340   7000.00    1.1318E-55  7.2978E-65  3.7625E-32  8.8900E-12  2.9708E-06  7.7612E-03  3.3549E-06  6.9616E-04
   350   7200.00    1.8113E-56  8.9897E-66  1.3205E-32  6.8426E-12  2.7826E-06  7.1462E-03  3.1302E-06  6.5111E-04
   360   7400.00    3.0573E-57  1.1768E-66  4.7778E-33  5.3069E-12  2.6113E-06  6.5932E-03  2.9259E-06  6.1002E-04
   370   7600.00    5.4299E-58  1.6328E-67  1.7797E-33  4.1459E-12  2.4550E-06  6.0947E-03  2.7396E-06  5.7244E-04
   380   7800.00    1.0126E-58  2.3954E-68  6.8165E-34  3.2615E-12  2.3121E-06  5.6443E-03  2.5694E-06  5.3800E-04
   390   8000.00    1.9786E-59  3.7068E-69  2.6815E-34  2.5830E-12  2.1811E-06  5.2620E-03  2.4254E-06  5.0802E-04
1                                             INITIAL OXYGEN PARAMETERS
                ALT          VELOCITY        MACH NO         DENSITY         PRESSURE      TEMPERATURE

     0        200.00       0.00000E+00     0.00000E+00     9.77008E+04     1.05147E-08     7.79486E+02
     1        220.00      -4.57865E+03    -5.43700E-02     1.46659E+05     1.65750E-08     8.18566E+02
     2        240.00      -4.58369E+03    -5.39827E-02     1.72035E+05     1.97665E-08     8.32185E+02
     3        260.00      -4.31249E+03    -5.04295E-02     1.74976E+05     2.03917E-08     8.44082E+02
     4        280.00      -3.24203E+03    -3.76616E-02     1.64961E+05     1.94808E-08     8.55329E+02
     5        300.00      -1.38302E+03    -1.59456E-02     1.49613E+05     1.79365E-08     8.68310E+02
     6        320.00       9.91012E+02     1.13216E-02     1.33982E+05     1.63599E-08     8.84390E+02
     7        340.00       3.78607E+03     4.27498E-02     1.19793E+05     1.49738E-08     9.05330E+02
     8        360.00       6.83735E+03     7.60303E-02     1.07520E+05     1.38575E-08     9.33470E+02
     9        380.00       1.00742E+04     1.09725E-01     9.70297E+04     1.30347E-08     9.72980E+02
    10        400.00       1.34709E+04     1.42458E-01     8.79840E+04     1.25377E-08     1.03210E+03
    11        420.00       1.68744E+04     1.71133E-01     8.00025E+04     1.23961E-08     1.12225E+03
    12        440.00       1.99555E+04     1.91848E-01     7.28743E+04     1.25654E-08     1.24885E+03
    13        460.00       2.25199E+04     2.04083E-01     6.65173E+04     1.29076E-08     1.40546E+03
    14        480.00       2.45504E+04     2.10028E-01     6.09115E+04     1.32633E-08     1.57710E+03
    16        520.00       2.72982E+04     2.12115E-01     5.17054E+04     1.36475E-08     1.91172E+03
    18        560.00       2.85767E+04     2.07345E-01     4.45964E+04     1.34998E-08     2.19248E+03
    20        600.00       2.86650E+04     1.98313E-01     3.89778E+04     1.29781E-08     2.41158E+03
    22        640.00       2.79561E+04     1.87033E-01     3.44451E+04     1.22640E-08     2.57878E+03
    24        680.00       2.68866E+04     1.75582E-01     3.07367E+04     1.14857E-08     2.70649E+03
    26        720.00       2.58022E+04     1.65503E-01     2.76686E+04     1.07171E-08     2.80543E+03
    28        760.00       2.48921E+04     1.57484E-01     2.51000E+04     9.99350E-09     2.88371E+03
    30        800.00       2.42100E+04     1.51515E-01     2.29211E+04     9.32620E-09     2.94698E+03
    35        900.00       2.33069E+04     1.43114E-01     1.86785E+04     7.89469E-09     3.06127E+03
    40       1000.00       2.30476E+04     1.39854E-01     1.55746E+04     6.74071E-09     3.13471E+03
    45       1100.00       2.30780E+04     1.39005E-01     1.31987E+04     5.79771E-09     3.18150E+03
    50       1200.00       2.32623E+04     1.39506E-01     1.13244E+04     5.01798E-09     3.20939E+03
    55       1300.00       2.35470E+04     1.40908E-01     9.81257E+03     4.36689E-09     3.22328E+03
    60       1400.00       2.39081E+04     1.42998E-01     8.57207E+03     3.81863E-09     3.22649E+03
    70       1600.00       2.48169E+04     1.48816E-01     6.67153E+03     2.95673E-09     3.20992E+03
    80       1800.00       2.59371E+04     1.56441E-01     5.30151E+03     2.32236E-09     3.17277E+03
    90       2000.00       2.72357E+04     1.65579E-01     4.28274E+03     1.84663E-09     3.12295E+03
   100       2200.00       2.86895E+04     1.76045E-01     3.50704E+03     1.48433E-09     3.06547E+03
   110       2400.00       3.02901E+04     1.87771E-01     2.90532E+03     1.20485E-09     3.00362E+03
   120       2600.00       3.20326E+04     2.00723E-01     2.43135E+03     9.86795E-10     2.93959E+03
   130       2800.00       3.39080E+04     2.14852E-01     2.05305E+03     8.14921E-10     2.87491E+03
   140       3000.00       3.59063E+04     2.30103E-01     1.74763E+03     6.78166E-10     2.81057E+03
   150       3200.00       3.80216E+04     2.46449E-01     1.49852E+03     5.68406E-10     2.74729E+03
   160       3400.00       4.02283E+04     2.63734E-01     1.29353E+03     4.79622E-10     2.68553E+03
   170       3600.00       4.25408E+04     2.82059E-01     1.12341E+03     4.07252E-10     2.62562E+03
   180       3800.00       4.49435E+04     3.01325E-01     9.81132E+02     3.47842E-10     2.56781E+03
   190       4000.00       4.74306E+04     3.21496E-01     8.61289E+02     2.98748E-10     2.51226E+03
   200       4200.00       4.99996E+04     3.42553E-01     7.59701E+02     2.57935E-10     2.45910E+03
   210       4400.00       5.26442E+04     3.64446E-01     6.73073E+02     2.23814E-10     2.40843E+03
   220       4600.00       5.53571E+04     3.87112E-01     5.98793E+02     1.95137E-10     2.36033E+03
   230       4800.00       5.81328E+04     4.10495E-01     5.34773E+02     1.70918E-10     2.31486E+03
   240       5000.00       6.09675E+04     4.34545E-01     4.79330E+02     1.50367E-10     2.27209E+03
   250       5200.00       6.38577E+04     4.59207E-01     4.31096E+02     1.32854E-10     2.23207E+03
   260       5400.00       6.67971E+04     4.84400E-01     3.88956E+02     1.17868E-10     2.19485E+03
   270       5600.00       6.97721E+04     5.09984E-01     3.52003E+02     1.05000E-10     2.16047E+03
   280       5800.00       7.27650E+04     5.35781E-01     3.19492E+02     9.39120E-11     2.12896E+03
   290       6000.00       7.57693E+04     5.61692E-01     2.90790E+02     8.43258E-11     2.10034E+03
   300       6200.00       7.87920E+04     5.87712E-01     2.65352E+02     7.60061E-11     2.07460E+03
   310       6400.00       8.18398E+04     6.13835E-01     2.42726E+02     6.87593E-11     2.05175E+03
   320       6600.00       8.49140E+04     6.40013E-01     2.22533E+02     6.24260E-11     2.03179E+03
   330       6800.00       8.80133E+04     6.66178E-01     2.04457E+02     5.68735E-11     2.01472E+03
   340       7000.00       9.11344E+04     6.92247E-01     1.88234E+02     5.19915E-11     2.00051E+03
   350       7200.00       9.42700E+04     7.18110E-01     1.73640E+02     4.76875E-11     1.98913E+03
   360       7400.00       9.74174E+04     7.43697E-01     1.60479E+02     4.38823E-11     1.98052E+03
   370       7600.00       1.00577E+05     7.68959E-01     1.48582E+02     4.05082E-11     1.97463E+03
   380       7800.00       1.03744E+05     7.93832E-01     1.37804E+02     3.75078E-11     1.97137E+03
   390       8000.00       1.03554E+05     7.92550E-01     1.28647E+02     3.50000E-11     1.97050E+03
   391       8020.00       1.03554E+05     7.92550E-01     1.02331E+02     2.78404E-11     1.97050E+03
1                                             INITIAL HELIUM PARAMETERS
                ALT          VELOCITY        MACH NO         DENSITY         PRESSURE      TEMPERATURE

     0        200.00       0.00000E+00     0.00000E+00     6.64595E-03     7.15249E-16     7.79486E+02
     1        220.00      -7.16251E+03    -4.20122E-02     1.28615E-02     1.49089E-15     8.39584E+02
     2        240.00      -6.75238E+03    -3.92071E-02     2.50383E-02     2.96186E-15     8.56777E+02
     3        260.00      -6.48912E+03    -3.72849E-02     4.93204E-02     5.95810E-15     8.74962E+02
     4        280.00      -5.87629E+03    -3.33406E-02     1.04239E-01     1.29141E-14     8.97312E+02
     5        300.00      -4.38426E+03    -2.45996E-02     2.50921E-01     3.17871E-14     9.17530E+02
     6        320.00      -1.68498E+03    -9.39331E-03     6.34575E-01     8.14346E-14     9.29467E+02
     7        340.00       1.75206E+03     9.70154E-03     1.45045E+00     1.88667E-13     9.42108E+02
     8        360.00       5.39978E+03     2.95642E-02     2.79779E+00     3.72230E-13     9.63616E+02
     9        380.00       9.13811E+03     4.91297E-02     4.56318E+00     6.29605E-13     9.99328E+02
    10        400.00       1.30020E+04     6.79618E-02     6.44832E+00     9.41269E-13     1.05724E+03
    11        420.00       1.69165E+04     8.48382E-02     8.09085E+00     1.28295E-12     1.14848E+03
    12        440.00       2.05971E+04     9.78933E-02     9.24158E+00     1.63166E-12     1.27877E+03
    13        460.00       2.38860E+04     1.06999E-01     9.93079E+00     1.97374E-12     1.43951E+03
    14        480.00       2.68081E+04     1.13410E-01     1.02922E+01     2.29356E-12     1.61403E+03
    16        520.00       3.19818E+04     1.23149E-01     1.04670E+01     2.81541E-12     1.94818E+03
    18        560.00       3.65645E+04     1.31807E-01     1.02753E+01     3.15361E-12     2.22291E+03
    20        600.00       4.05815E+04     1.39754E-01     9.90116E+00     3.32955E-12     2.43561E+03
    22        640.00       4.40495E+04     1.46855E-01     9.42918E+00     3.38339E-12     2.59888E+03
    24        680.00       4.71014E+04     1.53339E-01     8.91069E+00     3.35313E-12     2.72550E+03
    26        720.00       4.99449E+04     1.59693E-01     8.38044E+00     3.26929E-12     2.82550E+03
    28        760.00       5.27787E+04     1.66392E-01     7.86107E+00     3.15434E-12     2.90626E+03
    30        800.00       5.57339E+04     1.73723E-01     7.36556E+00     3.02345E-12     2.97307E+03
    35        900.00       6.38817E+04     1.94985E-01     6.26002E+00     2.67979E-12     3.10051E+03
    40       1000.00       7.28676E+04     2.19164E-01     5.34124E+00     2.35476E-12     3.19310E+03
    45       1100.00       8.22893E+04     2.44793E-01     4.58185E+00     2.06493E-12     3.26417E+03
    50       1200.00       9.19226E+04     2.71124E-01     3.95335E+00     1.81237E-12     3.32040E+03
    55       1300.00       1.01671E+05     2.97842E-01     3.43115E+00     1.59453E-12     3.36590E+03
    60       1400.00       1.11498E+05     3.24826E-01     2.99499E+00     1.40736E-12     3.40344E+03
    70       1600.00       1.31377E+05     3.79477E-01     2.31877E+00     1.10842E-12     3.46221E+03
    80       1800.00       1.51608E+05     4.35082E-01     1.83005E+00     8.86217E-13     3.50739E+03
    90       2000.00       1.72247E+05     4.91696E-01     1.46896E+00     7.18945E-13     3.54483E+03
   100       2200.00       1.93294E+05     5.49254E-01     1.19690E+00     5.91186E-13     3.57745E+03
   110       2400.00       2.14686E+05     6.07586E-01     9.88378E-01     4.92142E-13     3.60641E+03
   120       2600.00       2.36332E+05     6.66489E-01     8.26118E-01     4.14263E-13     3.63197E+03
   130       2800.00       2.58124E+05     7.25749E-01     6.98148E-01     3.52214E-13     3.65398E+03
   140       3000.00       2.79948E+05     7.85155E-01     5.95967E-01     3.02164E-13     3.67221E+03
   150       3200.00       3.01707E+05     8.44540E-01     5.13425E-01     2.61325E-13     3.68649E+03
   160       3400.00       3.23271E+05     9.03652E-01     4.46029E-01     2.27651E-13     3.69671E+03
   170       3600.00       3.44583E+05     9.62420E-01     3.90425E-01     1.99605E-13     3.70290E+03
   180       3800.00       3.65620E+05     1.02085E+00     3.44099E-01     1.76032E-13     3.70523E+03
   190       4000.00       3.86324E+05     1.07882E+00     3.05122E-01     1.56046E-13     3.70413E+03
   200       4200.00       4.06737E+05     1.13646E+00     2.71977E-01     1.38940E-13     3.69999E+03
   210       4400.00       4.26621E+05     1.19312E+00     2.43774E-01     1.24301E-13     3.69314E+03
   220       4600.00       4.45996E+05     1.24889E+00     2.19586E-01     1.11685E-13     3.68383E+03
   230       4800.00       4.64888E+05     1.30381E+00     1.98682E-01     1.00740E-13     3.67242E+03
   240       5000.00       4.83309E+05     1.35790E+00     1.80495E-01     9.11914E-14     3.65929E+03
   250       5200.00       5.01269E+05     1.41116E+00     1.64578E-01     8.28210E-14     3.64481E+03
   260       5400.00       5.18777E+05     1.46355E+00     1.50574E-01     7.54529E-14     3.62939E+03
   270       5600.00       5.35832E+05     1.51500E+00     1.38194E-01     6.89439E-14     3.61338E+03
   280       5800.00       5.52428E+05     1.56545E+00     1.27204E-01     6.31756E-14     3.59713E+03
   290       6000.00       5.68578E+05     1.61484E+00     1.17406E-01     5.80474E-14     3.58098E+03
   300       6200.00       5.84311E+05     1.66319E+00     1.08633E-01     5.34738E-14     3.56524E+03
   310       6400.00       5.99656E+05     1.71048E+00     1.00748E-01     4.93834E-14     3.55021E+03
   320       6600.00       6.14635E+05     1.75667E+00     9.36366E-02     4.57165E-14     3.53619E+03
   330       6800.00       6.29262E+05     1.80173E+00     8.72039E-02     4.24225E-14     3.52345E+03
   340       7000.00       6.43547E+05     1.84556E+00     8.13679E-02     3.94577E-14     3.51226E+03
   350       7200.00       6.57496E+05     1.88810E+00     7.60590E-02     3.67843E-14     3.50284E+03
   360       7400.00       6.71122E+05     1.92928E+00     7.12169E-02     3.43693E-14     3.49539E+03
   370       7600.00       6.84440E+05     1.96906E+00     6.67890E-02     3.21836E-14     3.49009E+03
   380       7800.00       6.97463E+05     2.00739E+00     6.27303E-02     3.02018E-14     3.48710E+03
   390       8000.00       7.06357E+05     2.03318E+00     5.92956E-02     2.85428E-14     3.48644E+03
   391       8020.00       7.06357E+05     2.03318E+00     4.71497E-02     2.26962E-14     3.48644E+03
1                                             INITIAL HYDROGEN PARAMETERS
                ALT          VELOCITY        MACH NO         DENSITY         PRESSURE      TEMPERATURE

     0        200.00       0.00000E+00     0.00000E+00     1.07946E+01     1.16173E-12     7.79486E+02
     1        220.00      -1.20386E+04    -3.36776E-02     2.53441E+01     3.25259E-12     9.29524E+02
     2        240.00      -9.52899E+03    -2.62966E-02     4.41745E+01     5.82567E-12     9.55173E+02
     3        260.00      -7.57623E+03    -2.06913E-02     6.73645E+01     9.07078E-12     9.75263E+02
     4        280.00      -5.21835E+03    -1.41186E-02     9.55094E+01     1.31041E-11     9.93731E+02
     5        300.00      -2.49464E+03    -6.67750E-03     1.30649E+02     1.83137E-11     1.01526E+03
     6        320.00       3.57971E+02     9.46705E-04     1.77356E+02     2.54678E-11     1.04005E+03
     7        340.00       3.37541E+03     8.80014E-03     2.40464E+02     3.55307E-11     1.07019E+03
     8        360.00       6.50650E+03     1.66696E-02     3.24397E+02     4.96365E-11     1.10824E+03
     9        380.00       9.79152E+03     2.45046E-02     4.29542E+02     6.88797E-11     1.16143E+03
    10        400.00       1.32951E+04     3.21468E-02     5.48242E+02     9.41808E-11     1.24422E+03
    11        420.00       1.69436E+04     3.90023E-02     6.65101E+02     1.26067E-10     1.37284E+03
    12        440.00       2.05002E+04     4.44667E-02     7.68770E+02     1.64106E-10     1.54610E+03
    13        460.00       2.39286E+04     4.89494E-02     8.61366E+02     2.06733E-10     1.73832E+03
    14        480.00       2.73350E+04     5.31580E-02     9.47374E+02     2.51595E-10     1.92349E+03
    16        520.00       3.46294E+04     6.25083E-02     1.10050E+03     3.39221E-10     2.23255E+03
    18        560.00       4.27643E+04     7.34759E-02     1.21680E+03     4.13974E-10     2.46412E+03
    20        600.00       5.13340E+04     8.51931E-02     1.29086E+03     4.70720E-10     2.64114E+03
    22        640.00       5.99116E+04     9.68881E-02     1.32676E+03     5.09511E-10     2.78144E+03
    24        680.00       6.83073E+04     1.08249E-01     1.33202E+03     5.32690E-10     2.89648E+03
    26        720.00       7.65545E+04     1.19334E-01     1.31460E+03     5.43359E-10     2.99366E+03
    28        760.00       8.48034E+04     1.30369E-01     1.28157E+03     5.44627E-10     3.07798E+03
    30        800.00       9.32133E+04     1.41584E-01     1.23860E+03     5.39192E-10     3.15297E+03
    35        900.00       1.15571E+05     1.71212E-01     1.11185E+03     5.08804E-10     3.31447E+03
    40       1000.00       1.40201E+05     2.03433E-01     9.81288E+02     4.68101E-10     3.45502E+03
    45       1100.00       1.67081E+05     2.38016E-01     8.59588E+02     4.25415E-10     3.58451E+03
    50       1200.00       1.96041E+05     2.74626E-01     7.50876E+02     3.84292E-10     3.70681E+03
    55       1300.00       2.26853E+05     3.12919E-01     6.55909E+02     3.46220E-10     3.82310E+03
    60       1400.00       2.59238E+05     3.52539E-01     5.73972E+02     3.11714E-10     3.93344E+03
    70       1600.00       3.27475E+05     4.34360E-01     4.43712E+02     2.53302E-10     4.13471E+03
    80       1800.00       3.98306E+05     5.17587E-01     3.48533E+02     2.07297E-10     4.30781E+03
    90       2000.00       4.69743E+05     6.00447E-01     2.78513E+02     1.71197E-10     4.45205E+03
   100       2200.00       5.40424E+05     6.81901E-01     2.26317E+02     1.42766E-10     4.56894E+03
   110       2400.00       6.09538E+05     7.61454E-01     1.86785E+02     1.20210E-10     4.66127E+03
   120       2600.00       6.76661E+05     8.38936E-01     1.56344E+02     1.02152E-10     4.73231E+03
   130       2800.00       7.41589E+05     9.14323E-01     1.32524E+02     8.75593E-11     4.78537E+03
   140       3000.00       8.04242E+05     9.87647E-01     1.13599E+02     7.56531E-11     4.82347E+03
   150       3200.00       8.65083E+05     1.05952E+00     9.82836E+01     6.58055E-11     4.84941E+03
   160       3400.00       9.23407E+05     1.12907E+00     8.58125E+01     5.76469E-11     4.86556E+03
   170       3600.00       9.79568E+05     1.19673E+00     7.55077E+01     5.08103E-11     4.87381E+03
   180       3800.00       1.03377E+06     1.26268E+00     6.68893E+01     4.50293E-11     4.87581E+03
   190       4000.00       1.08575E+06     1.32657E+00     5.96421E+01     4.01268E-11     4.87292E+03
   200       4200.00       1.13574E+06     1.38859E+00     5.34842E+01     3.59348E-11     4.86629E+03
   210       4400.00       1.18388E+06     1.44885E+00     4.82058E+01     3.23258E-11     4.85689E+03
   220       4600.00       1.23029E+06     1.50741E+00     4.36471E+01     2.92003E-11     4.84552E+03
   230       4800.00       1.27506E+06     1.56431E+00     3.96832E+01     2.64791E-11     4.83286E+03
   240       5000.00       1.31828E+06     1.61957E+00     3.62153E+01     2.40981E-11     4.81947E+03
   250       5200.00       1.36004E+06     1.67326E+00     3.31641E+01     2.20053E-11     4.80581E+03
   260       5400.00       1.40043E+06     1.72538E+00     3.04656E+01     2.01577E-11     4.79225E+03
   270       5600.00       1.43950E+06     1.77596E+00     2.80681E+01     1.85204E-11     4.77908E+03
   280       5800.00       1.47730E+06     1.82499E+00     2.59292E+01     1.70642E-11     4.76654E+03
   290       6000.00       1.51388E+06     1.87249E+00     2.40134E+01     1.57645E-11     4.75482E+03
   300       6200.00       1.54935E+06     1.91853E+00     2.22906E+01     1.46003E-11     4.74405E+03
   310       6400.00       1.58378E+06     1.96318E+00     2.07357E+01     1.35541E-11     4.73432E+03
   320       6600.00       1.61725E+06     2.00649E+00     1.93277E+01     1.26107E-11     4.72572E+03
   330       6800.00       1.64981E+06     2.04850E+00     1.80488E+01     1.17578E-11     4.71829E+03
   340       7000.00       1.68150E+06     2.08923E+00     1.68841E+01     1.09845E-11     4.71205E+03
   350       7200.00       1.71236E+06     2.12871E+00     1.58208E+01     1.02817E-11     4.70700E+03
   360       7400.00       1.74241E+06     2.16696E+00     1.48478E+01     9.64141E-12     4.70313E+03
   370       7600.00       1.77170E+06     2.20403E+00     1.39554E+01     9.05672E-12     4.70042E+03
   380       7800.00       1.80026E+06     2.23993E+00     1.31352E+01     8.52154E-12     4.69882E+03
   390       8000.00       1.82194E+06     2.26703E+00     1.24202E+01     8.05680E-12     4.69832E+03
   391       8020.00       1.82194E+06     2.26703E+00     9.87815E+00     6.40782E-12     4.69832E+03
1                                             INITIAL ELECTRON PARAMETERS
                ALT          VELOCITY        MACH NO         DENSITY         PRESSURE      TEMPERATURE

     0        200.00       0.00000E+00     0.00000E+00     9.77116E+04     1.05159E-08     7.79486E+02
     1        220.00      -1.86966E+05    -6.65039E-03     1.46684E+05     6.33669E-08     3.12883E+03
     2        240.00      -1.58645E+05    -5.00359E-03     1.72079E+05     9.45511E-08     3.97961E+03
     3        260.00      -1.54396E+05    -4.56477E-03     1.75043E+05     1.09453E-07     4.52884E+03
     4        280.00      -1.60972E+05    -4.55461E-03     1.65056E+05     1.12688E-07     4.94481E+03
     5        300.00      -1.73679E+05    -4.75406E-03     1.49744E+05     1.09235E-07     5.28344E+03
     6        320.00      -1.89596E+05    -5.05417E-03     1.34160E+05     1.03188E-07     5.57073E+03
     7        340.00      -2.07325E+05    -5.40659E-03     1.20035E+05     9.64744E-08     5.82115E+03
     8        360.00      -2.26038E+05    -5.78507E-03     1.07848E+05     8.99920E-08     6.04363E+03
     9        380.00      -2.45324E+05    -6.17702E-03     9.74638E+04     8.40255E-08     6.24413E+03
    10        400.00      -2.65183E+05    -6.58147E-03     8.85387E+04     7.85643E-08     6.42683E+03
    11        420.00      -2.86237E+05    -7.01297E-03     8.06757E+04     7.34575E-08     6.59475E+03
    12        440.00      -3.09132E+05    -7.48623E-03     7.36523E+04     6.86429E-08     6.75017E+03
    13        460.00      -3.33988E+05    -8.00287E-03     6.73885E+04     6.41510E-08     6.89483E+03
    14        480.00      -3.60341E+05    -8.55084E-03     6.18691E+04     6.00524E-08     7.03014E+03
    16        520.00      -4.15637E+05    -9.69429E-03     5.28164E+04     5.30656E-08     7.27702E+03
    18        560.00      -4.72943E+05    -1.08673E-02     4.58234E+04     4.74364E-08     7.49780E+03
    20        600.00      -5.31804E+05    -1.20603E-02     4.02786E+04     4.28064E-08     7.69742E+03
    22        640.00      -5.91816E+05    -1.32653E-02     3.57813E+04     3.89263E-08     7.87950E+03
    24        680.00      -6.52300E+05    -1.44682E-02     3.20776E+04     3.56380E-08     8.04678E+03
    26        720.00      -7.12579E+05    -1.56555E-02     2.89916E+04     3.28284E-08     8.20140E+03
    28        760.00      -7.72271E+05    -1.68203E-02     2.63895E+04     3.04053E-08     8.34506E+03
    30        800.00      -8.31332E+05    -1.79629E-02     2.41671E+04     2.82922E-08     8.47914E+03
    35        900.00      -9.77488E+05    -2.07568E-02     1.97966E+04     2.39960E-08     8.77927E+03
    40       1000.00      -1.12414E+06    -2.35254E-02     1.65612E+04     2.06682E-08     9.03901E+03
    45       1100.00      -1.27333E+06    -2.63177E-02     1.40629E+04     1.79931E-08     9.26700E+03
    50       1200.00      -1.42602E+06    -2.91571E-02     1.20792E+04     1.57924E-08     9.46933E+03
    55       1300.00      -1.58271E+06    -3.20557E-02     1.04719E+04     1.39529E-08     9.65046E+03
    60       1400.00      -1.74366E+06    -3.50204E-02     9.14904E+03     1.23966E-08     9.81378E+03
    70       1600.00      -2.07890E+06    -4.11638E-02     7.11756E+03     9.92234E-09     1.00970E+04
    80       1800.00      -2.43229E+06    -4.76049E-02     5.65187E+03     8.06427E-09     1.03343E+04
    90       2000.00      -2.80379E+06    -5.43479E-02     4.56272E+03     6.63735E-09     1.05361E+04
   100       2200.00      -3.19295E+06    -6.13880E-02     3.73455E+03     5.52211E-09     1.07096E+04
   110       2400.00      -3.59895E+06    -6.87121E-02     3.09310E+03     4.63794E-09     1.08603E+04
   120       2600.00      -4.02070E+06    -7.63030E-02     2.58852E+03     3.92843E-09     1.09920E+04
   130       2800.00      -4.45713E+06    -8.41426E-02     2.18627E+03     3.35298E-09     1.11080E+04
   140       3000.00      -4.90709E+06    -9.22120E-02     1.86182E+03     2.88177E-09     1.12106E+04
   150       3200.00      -5.36971E+06    -1.00497E-01     1.59732E+03     2.49250E-09     1.13019E+04
   160       3400.00      -5.84333E+06    -1.08968E-01     1.37979E+03     2.16861E-09     1.13835E+04
   170       3600.00      -6.32711E+06    -1.17613E-01     1.19931E+03     1.89706E-09     1.14567E+04
   180       3800.00      -6.82028E+06    -1.26417E-01     1.04837E+03     1.66783E-09     1.15225E+04
   190       4000.00      -7.32175E+06    -1.35364E-01     9.21236E+02     1.47313E-09     1.15819E+04
   200       4200.00      -7.83066E+06    -1.44438E-01     8.13457E+02     1.30682E-09     1.16356E+04
   210       4400.00      -8.34623E+06    -1.53626E-01     7.21522E+02     1.16399E-09     1.16844E+04
   220       4600.00      -8.86767E+06    -1.62915E-01     6.42659E+02     1.04070E-09     1.17288E+04
   230       4800.00      -9.39423E+06    -1.72292E-01     5.74655E+02     9.33785E-10     1.17692E+04
   240       5000.00      -9.92524E+06    -1.81746E-01     5.15726E+02     8.40657E-10     1.18061E+04
   250       5200.00      -1.04601E+07    -1.91267E-01     4.64425E+02     7.59198E-10     1.18399E+04
   260       5400.00      -1.09982E+07    -2.00844E-01     4.19572E+02     6.87669E-10     1.18708E+04
   270       5600.00      -1.15387E+07    -2.10463E-01     3.80210E+02     6.24645E-10     1.18992E+04
   280       5800.00      -1.20805E+07    -2.20104E-01     3.45549E+02     5.68946E-10     1.19253E+04
   290       6000.00      -1.26229E+07    -2.29755E-01     3.14921E+02     5.19560E-10     1.19493E+04
   300       6200.00      -1.31657E+07    -2.39414E-01     2.87751E+02     4.75615E-10     1.19714E+04
   310       6400.00      -1.37092E+07    -2.49085E-01     2.63562E+02     4.36375E-10     1.19918E+04
   320       6600.00      -1.42532E+07    -2.58766E-01     2.41954E+02     4.01228E-10     1.20107E+04
   330       6800.00      -1.47976E+07    -2.68456E-01     2.22593E+02     3.69658E-10     1.20281E+04
   340       7000.00      -1.53422E+07    -2.78148E-01     2.05200E+02     3.41229E-10     1.20442E+04
   350       7200.00      -1.58862E+07    -2.87834E-01     1.89537E+02     3.15573E-10     1.20591E+04
   360       7400.00      -1.64294E+07    -2.97506E-01     1.75398E+02     2.92366E-10     1.20729E+04
   370       7600.00      -1.69716E+07    -3.07160E-01     1.62604E+02     2.71328E-10     1.20857E+04
   380       7800.00      -1.75124E+07    -3.16791E-01     1.51002E+02     2.52216E-10     1.20976E+04
   390       8000.00      -1.79686E+07    -3.24897E-01     1.41126E+02     2.35936E-10     1.21086E+04
   391       8020.00      -4.35080E+07    -7.86650E-01     1.12256E+02     1.87686E-10     1.21096E+04
1                                        INITIAL ELECTRIC FIELD AND SOURCE PARAMETERS
             ALT      EFIELD      FCLSNO      ECLSNO      FCLSHE      ECLSHE      FCLSNH      ECLSNH      FCLSNE      ECLSNE
     1     220.00   -2.9820E-10  1.6814E-15 -6.9565E-10  5.4053E-22 -1.0213E-16  1.0913E-18 -1.6534E-13  1.2747E-15 -9.9466E-12
     2     240.00   -1.3939E-10  4.8941E-16 -4.5653E-10  1.1482E-21 -1.6889E-16  1.4196E-18 -1.6537E-13  9.8463E-16 -1.5587E-10
     3     260.00   -5.3929E-11 -4.5267E-16 -2.6130E-10  2.7121E-21 -3.6374E-16  1.7804E-18 -1.7092E-13  7.9267E-16 -1.8218E-10
     4     280.00    6.8591E-13 -8.3354E-16 -1.3267E-10  7.3909E-21 -9.8249E-16  2.2849E-18 -2.0644E-13  6.3725E-16 -1.5739E-10
     5     300.00    3.3018E-11 -8.3846E-16 -6.3680E-11  1.9328E-20 -2.4162E-15  3.0930E-18 -2.9452E-13  5.1273E-16 -1.1832E-10
     6     320.00    4.9504E-11 -7.0892E-16 -2.5930E-11  4.1524E-20 -4.3849E-15  4.3203E-18 -4.1093E-13  4.1724E-16 -8.3211E-11
     7     340.00    5.7216E-11 -5.4430E-16 -5.9600E-12  7.2474E-20 -5.6900E-15  6.0591E-18 -5.5146E-13  3.4453E-16 -5.5884E-11
     8     360.00    6.0076E-11 -3.9330E-16  4.4274E-12  1.0627E-19 -5.3066E-15  8.3235E-18 -7.0039E-13  2.8894E-16 -3.5850E-11
     9     380.00    6.1023E-11 -2.4868E-16  9.3676E-12  1.3575E-19 -3.3523E-15  1.1061E-17 -8.8811E-13  2.4579E-16 -2.1353E-11
    10     400.00    6.2120E-11 -8.6192E-17  1.1155E-11  1.5662E-19 -7.3018E-16  1.4159E-17 -1.1928E-12  2.1154E-16 -1.0595E-11
    11     420.00    6.4003E-11  8.8407E-17  1.1658E-11  1.6812E-19  1.6795E-15  1.7313E-17 -1.5840E-12  1.8355E-16 -2.1117E-12
    12     440.00    6.5760E-11  2.2606E-16  1.1744E-11  1.7134E-19  2.9474E-15  1.9978E-17 -1.7681E-12  1.6024E-16  4.8098E-12
    13     460.00    6.6342E-11  2.9558E-16  1.1971E-11  1.6696E-19  4.2040E-15  2.1670E-17 -1.4526E-12  1.4068E-16  1.0335E-11
    14     480.00    6.5488E-11  3.0221E-16  1.2286E-11  1.5475E-19  5.7234E-15  2.2219E-17 -7.3937E-13  1.2429E-16  1.4523E-11
    16     520.00    6.1677E-11  2.3672E-16  1.2758E-11  1.1660E-19  8.5209E-15  2.0530E-17  9.5560E-13  9.8938E-17  1.9710E-11
    18     560.00    5.7810E-11  1.6745E-16  1.2284E-11  7.7038E-20  9.8403E-15  1.6745E-17  2.2167E-12  8.0631E-17  2.2195E-11
    20     600.00    5.4655E-11  1.1749E-16  1.0884E-11  4.5087E-20  9.7824E-15  1.2466E-17  2.9025E-12  6.6954E-17  2.3255E-11
    22     640.00    5.1884E-11  7.9263E-17  9.0533E-12  2.1558E-20  8.9767E-15  8.4996E-18  3.1651E-12  5.6443E-17  2.3550E-11
    24     680.00    4.9248E-11  4.7694E-17  7.2375E-12  4.9865E-21  7.9201E-15  5.1604E-18  3.1702E-12  4.8197E-17  2.3414E-11
    26     720.00    4.6760E-11  2.2261E-17  5.6864E-12 -6.2313E-21  6.8860E-15  2.5309E-18  3.0404E-12  4.1620E-17  2.3025E-11
    28     760.00    4.4540E-11  3.4618E-18  4.4744E-12 -1.3456E-20  5.9850E-15  5.7665E-19  2.8552E-12  3.6291E-17  2.2487E-11
    30     800.00    4.2667E-11 -9.1239E-18  3.5712E-12 -1.7818E-20  5.2369E-15 -8.0577E-19  2.6605E-12  3.1908E-17  2.1863E-11
    35     900.00    3.9348E-11 -2.2175E-17  2.2264E-12 -2.1518E-20  3.9029E-15 -2.5762E-18  2.2460E-12  2.3797E-17  2.0156E-11
    40    1000.00    3.7246E-11 -2.3279E-17  1.5593E-12 -2.0574E-20  3.0659E-15 -3.0693E-18  1.9632E-12  1.8290E-17  1.8446E-11
    45    1100.00    3.5729E-11 -2.1057E-17  1.1786E-12 -1.8115E-20  2.5214E-15 -3.0151E-18  1.7806E-12  1.4367E-17  1.6834E-11
    50    1200.00    3.4521E-11 -1.8190E-17  9.3212E-13 -1.5322E-20  2.1570E-15 -2.7259E-18  1.6639E-12  1.1479E-17  1.5354E-11
    55    1300.00    3.3500E-11 -1.5450E-17  7.5680E-13 -1.2667E-20  1.9050E-15 -2.3490E-18  1.5871E-12  9.2989E-18  1.4008E-11
    60    1400.00    3.2603E-11 -1.3038E-17  6.2420E-13 -1.0319E-20  1.7240E-15 -1.9582E-18  1.5325E-12  7.6199E-18  1.2791E-11
    70    1600.00    3.1057E-11 -9.2369E-18  4.3651E-13 -6.6499E-21  1.4844E-15 -1.2612E-18  1.4483E-12  5.2627E-18  1.0704E-11
    80    1800.00    2.9726E-11 -6.5443E-18  3.1307E-13 -4.1427E-21  1.3309E-15 -7.3636E-19  1.3663E-12  3.7462E-18  9.0090E-12
    90    2000.00    2.8535E-11 -4.6412E-18  2.2969E-13 -2.4709E-21  1.2196E-15 -3.7306E-19  1.2768E-12  2.7320E-18  7.6262E-12
   100    2200.00    2.7439E-11 -3.2995E-18  1.7228E-13 -1.3692E-21  1.1301E-15 -1.3438E-19  1.1815E-12  2.0325E-18  6.4922E-12
   110    2400.00    2.6412E-11 -2.3537E-18  1.3198E-13 -6.4918E-22  1.0521E-15  1.6177E-20  1.0852E-12  1.5381E-18  5.5563E-12
   120    2600.00    2.5444E-11 -1.6804E-18  1.0330E-13 -1.8208E-22  9.8116E-16  1.0761E-19  9.9173E-13  1.1814E-18  4.7790E-12
   130    2800.00    2.4529E-11 -1.1964E-18  8.2612E-14  1.1708E-22  9.1523E-16  1.6041E-19  9.0373E-13  9.1924E-19  4.1295E-12
   140    3000.00    2.3662E-11 -8.4567E-19  6.7462E-14  3.0441E-22  8.5331E-16  1.8836E-19  8.2244E-13  7.2364E-19  3.5836E-12
   150    3200.00    2.2838E-11 -5.9239E-19  5.6094E-14  4.1628E-22  7.9477E-16  1.9983E-19  7.4798E-13  5.7562E-19  3.1224E-12
   160    3400.00    2.2055E-11 -4.0758E-19  4.7469E-14  4.7834E-22  7.3956E-16  2.0187E-19  6.8045E-13  4.6227E-19  2.7308E-12
   170    3600.00    2.1312E-11 -2.7210E-19  4.0813E-14  5.0752E-22  6.8768E-16  1.9788E-19  6.1946E-13  3.7446E-19  2.3966E-12
   180    3800.00    2.0612E-11 -1.6961E-19  3.5728E-14  5.1586E-22  6.3953E-16  1.9047E-19  5.6470E-13  3.0573E-19  2.1102E-12
   190    4000.00    1.9942E-11 -9.6123E-20  3.1601E-14  5.0930E-22  5.9425E-16  1.8109E-19  5.1535E-13  2.5145E-19  1.8638E-12
   200    4200.00    1.9307E-11 -4.1736E-20  2.8292E-14  4.9368E-22  5.5207E-16  1.7083E-19  4.7104E-13  2.0820E-19  1.6510E-12
   210    4400.00    1.8702E-11 -2.0267E-21  2.5582E-14  4.7351E-22  5.1299E-16  1.6025E-19  4.3119E-13  1.7347E-19  1.4665E-12
   220    4600.00    1.8126E-11  2.6457E-20  2.3316E-14  4.5057E-22  4.7682E-16  1.4974E-19  3.9528E-13  1.4537E-19  1.3060E-12
   230    4800.00    1.7577E-11  4.6568E-20  2.1394E-14  4.2623E-22  4.4337E-16  1.3955E-19  3.6290E-13  1.2249E-19  1.1660E-12
   240    5000.00    1.7053E-11  6.0592E-20  1.9752E-14  4.0157E-22  4.1249E-16  1.2984E-19  3.3367E-13  1.0374E-19  1.0434E-12
   250    5200.00    1.6554E-11  7.0067E-20  1.8335E-14  3.7727E-22  3.8400E-16  1.2069E-19  3.0725E-13  8.8271E-20  9.3580E-13
   260    5400.00    1.6075E-11  7.5629E-20  1.7064E-14  3.5356E-22  3.5761E-16  1.1209E-19  2.8328E-13  7.5450E-20  8.4110E-13
   270    5600.00    1.5610E-11  7.7480E-20  1.5856E-14  3.3045E-22  3.3302E-16  1.0398E-19  2.6139E-13  6.4765E-20  7.5753E-13
   280    5800.00    1.5160E-11  7.6793E-20  1.4710E-14  3.0825E-22  3.1014E-16  9.6387E-20  2.4141E-13  5.5820E-20  6.8361E-13
   290    6000.00    1.4731E-11  7.5545E-20  1.3713E-14  2.8763E-22  2.8913E-16  8.9407E-20  2.2329E-13  4.8297E-20  6.1805E-13
   300    6200.00    1.4328E-11  7.4453E-20  1.2884E-14  2.6877E-22  2.6997E-16  8.3042E-20  2.0691E-13  4.1938E-20  5.5979E-13
   310    6400.00    1.3946E-11  7.3224E-20  1.2173E-14  2.5142E-22  2.5243E-16  7.7214E-20  1.9203E-13  3.6541E-20  5.0790E-13
   320    6600.00    1.3582E-11  7.1673E-20  1.1544E-14  2.3539E-22  2.3629E-16  7.1857E-20  1.7848E-13  3.1941E-20  4.6159E-13
   330    6800.00    1.3234E-11  6.9731E-20  1.0967E-14  2.2053E-22  2.2139E-16  6.6918E-20  1.6608E-13  2.8004E-20  4.2017E-13
   340    7000.00    1.2897E-11  6.7277E-20  1.0416E-14  2.0665E-22  2.0755E-16  6.2340E-20  1.5469E-13  2.4624E-20  3.8306E-13
   350    7200.00    1.2571E-11  6.4368E-20  9.8760E-15  1.9366E-22  1.9467E-16  5.8090E-20  1.4419E-13  2.1713E-20  3.4975E-13
   360    7400.00    1.2258E-11  6.1437E-20  9.3765E-15  1.8165E-22  1.8274E-16  5.4170E-20  1.3455E-13  1.9196E-20  3.1980E-13
   370    7600.00    1.1956E-11  5.8486E-20  8.9084E-15  1.7050E-22  1.7168E-16  5.0548E-20  1.2568E-13  1.7015E-20  2.9282E-13
   380    7800.00    1.1658E-11  5.5088E-20  8.4201E-15  1.5993E-22  1.6127E-16  4.7155E-20  1.1742E-13  1.5118E-20  2.6847E-13
   390    8000.00    3.7722E-13 -6.2722E-19 -6.2516E-14 -1.6263E-22 -6.9544E-17 -2.1484E-20 -9.6622E-15  1.3529E-20  2.4647E-13
1                                             HEAT CONDUCTIVITIES
                ALT          OXYGEN          HELIUM         HYDROGEN         ELECTRONS

     0        200.00       2.69743E-08     1.29752E-16     2.73547E-13     9.17779E-11
     1        220.00       3.04816E-08     3.46653E-16     1.04399E-12     2.96261E-09
     2        240.00       3.17626E-08     7.83567E-16     2.16382E-12     5.40528E-09
     3        260.00       3.29058E-08     1.79620E-15     3.86722E-12     7.46768E-09
     4        280.00       3.40063E-08     4.53603E-15     6.49437E-12     9.30233E-09
     5        300.00       3.53008E-08     1.31344E-14     1.07033E-11     1.09776E-08
     6        320.00       3.69411E-08     3.91817E-14     1.76040E-11     1.25314E-08
     7        340.00       3.91399E-08     1.05274E-13     2.90534E-11     1.39875E-08
     8        360.00       4.22094E-08     2.41884E-13     4.80464E-11     1.53625E-08
     9        380.00       4.67518E-08     4.81806E-13     7.96390E-11     1.66686E-08
    10        400.00       5.40824E-08     8.67256E-13     1.33430E-10     1.79147E-08
    11        420.00       6.65366E-08     1.47377E-12     2.27700E-10     1.91080E-08
    12        440.00       8.67242E-08     2.41723E-12     3.88556E-10     2.02537E-08
    13        460.00       1.16244E-07     3.82339E-12     6.38538E-10     2.13564E-08
    14        480.00       1.54651E-07     5.75526E-12     9.86517E-10     2.24196E-08
    16        520.00       2.48774E-07     1.10146E-11     1.95397E-09     2.44400E-08
    18        560.00       3.48361E-07     1.73901E-11     3.19486E-09     2.63362E-08
    20        600.00       4.39514E-07     2.40155E-11     4.59409E-09     2.81242E-08
    22        640.00       5.16993E-07     3.03284E-11     6.05618E-09     2.98170E-08
    24        680.00       5.80696E-07     3.60440E-11     7.51025E-09     3.14249E-08
    26        720.00       6.32691E-07     4.10694E-11     8.90954E-09     3.29563E-08
    28        760.00       6.75459E-07     4.54314E-11     1.02304E-08     3.44185E-08
    30        800.00       7.11100E-07     4.92138E-11     1.14676E-08     3.58176E-08
    35        900.00       7.78005E-07     5.67247E-11     1.42398E-08     3.90719E-08
    40       1000.00       8.22801E-07     6.22535E-11     1.66670E-08     4.20262E-08
    45       1100.00       8.52145E-07     6.64001E-11     1.88503E-08     4.47266E-08
    50       1200.00       8.69981E-07     6.95360E-11     2.08477E-08     4.72080E-08
    55       1300.00       8.78978E-07     7.19225E-11     2.26927E-08     4.94980E-08
    60       1400.00       8.81074E-07     7.37518E-11     2.44048E-08     5.16189E-08
    70       1600.00       8.70176E-07     7.62799E-11     2.74733E-08     5.54237E-08
    80       1800.00       8.45827E-07     7.79013E-11     3.01107E-08     5.87382E-08
    90       2000.00       8.13559E-07     7.90638E-11     3.23630E-08     6.16477E-08
   100       2200.00       7.77004E-07     8.00106E-11     3.42804E-08     6.42176E-08
   110       2400.00       7.38566E-07     8.08558E-11     3.59118E-08     6.64994E-08
   120       2600.00       6.99828E-07     8.16474E-11     3.73029E-08     6.85344E-08
   130       2800.00       6.61808E-07     8.24013E-11     3.84952E-08     7.03563E-08
   140       3000.00       6.25135E-07     8.31155E-11     3.95242E-08     7.19932E-08
   150       3200.00       5.90214E-07     8.37823E-11     4.03962E-08     7.34682E-08
   160       3400.00       5.57206E-07     8.43834E-11     4.11717E-08     7.48011E-08
   170       3600.00       5.26216E-07     8.49081E-11     4.18561E-08     7.60086E-08
   180       3800.00       4.97277E-07     8.53494E-11     4.24608E-08     7.71050E-08
   190       4000.00       4.70344E-07     8.57027E-11     4.30213E-08     7.81027E-08
   200       4200.00       4.45374E-07     8.59463E-11     4.35426E-08     7.90122E-08
   210       4400.00       4.22302E-07     8.61524E-11     4.40324E-08     7.98429E-08
   220       4600.00       4.01054E-07     8.63149E-11     4.44992E-08     8.06029E-08
   230       4800.00       3.81551E-07     8.64304E-11     4.49508E-08     8.12993E-08
   240       5000.00       3.63712E-07     8.65040E-11     4.53941E-08     8.19382E-08
   250       5200.00       3.47461E-07     8.65454E-11     4.58350E-08     8.25254E-08
   260       5400.00       3.32724E-07     8.65667E-11     4.62785E-08     8.30655E-08
   270       5600.00       3.19428E-07     8.65805E-11     4.67282E-08     8.35630E-08
   280       5800.00       3.07503E-07     8.65983E-11     4.71864E-08     8.40217E-08
   290       6000.00       2.96878E-07     8.66328E-11     4.76558E-08     8.44452E-08
   300       6200.00       2.87486E-07     8.66990E-11     4.81399E-08     8.48364E-08
   310       6400.00       2.79267E-07     8.68137E-11     4.86418E-08     8.51983E-08
   320       6600.00       2.72168E-07     8.69940E-11     4.91638E-08     8.55332E-08
   330       6800.00       2.66137E-07     8.72559E-11     4.97079E-08     8.58435E-08
   340       7000.00       2.61128E-07     8.76142E-11     5.02750E-08     8.61311E-08
   350       7200.00       2.57094E-07     8.80813E-11     5.08654E-08     8.63979E-08
   360       7400.00       2.53993E-07     8.86692E-11     5.14794E-08     8.66455E-08
   370       7600.00       2.51783E-07     8.93892E-11     5.21171E-08     8.68755E-08
   380       7800.00       2.50424E-07     9.02516E-11     5.27784E-08     8.70892E-08
   390       8000.00       2.49868E-07     9.12756E-11     5.33832E-08     8.72880E-08
   391       8020.00       2.49871E-07     9.11971E-11     5.33764E-08     8.73062E-08
 time:  0.0000000000000000E+000
 time:  10.0000000000000071
 time:  20.0000000000001492
 time:  30.0000000000002913
 time:  40.0499999999998622
 time:  50.0499999999992937
       390
           2.0000E+06
         3
           4.2871E-02
                          SOLAR ZENITH ANGLE:   46.10 DEGREES
           ALT         TAU       PHOT RATE      PHOTOE      PHOTO FREQ  
          200.0       0.282       322.260      0.35757       1.943E-07
          220.0       0.146       221.917      0.35210       2.217E-07
          240.0       0.078       147.391      0.34877       2.367E-07
          260.0       0.043        71.824      0.00000       1.818E-07
          280.0       0.025        47.084      0.00000       1.852E-07
          300.0       0.014        30.992      0.00000       1.871E-07
          320.0       0.009        20.391      0.00000       1.882E-07
          340.0       0.005        13.464      0.00000       1.888E-07
          360.0       0.003         8.920      0.00000       1.892E-07
          380.0       0.002         5.929      0.00000       1.894E-07
          400.0       0.001         3.953      0.00000       1.895E-07
          420.0       0.001         2.634      0.00000       1.896E-07
          440.0       0.001         1.768      0.00000       1.897E-07
          460.0       0.000         1.189      0.00000       1.897E-07
          480.0       0.000         0.801      0.00000       1.898E-07
          500.0       0.000         0.541      0.00000       1.898E-07
          520.0       0.000         0.367      0.00000       1.898E-07
          540.0       0.000         0.249      0.00000       1.898E-07
          560.0       0.000         0.169      0.00000       1.898E-07
          580.0       0.000         0.115      0.00000       1.898E-07
          600.0       0.000         0.079      0.00000       1.898E-07
          620.0       0.000         0.054      0.00000       1.898E-07
          640.0       0.000         0.037      0.00000       1.898E-07
          660.0       0.000         0.025      0.00000       1.898E-07
          680.0       0.000         0.018      0.00000       1.898E-07
          700.0       0.000         0.012      0.00000       1.898E-07
          720.0       0.000         0.008      0.00000       1.898E-07
          740.0       0.000         0.006      0.00000       1.898E-07
          760.0       0.000         0.004      0.00000       1.898E-07
          780.0       0.000         0.003      0.00000       1.898E-07
          800.0       0.000         0.002      0.00000       1.898E-07
          820.0       0.000         0.001      0.00000       1.898E-07
          840.0       0.000         0.001      0.00000       1.898E-07
          860.0       0.000         0.001      0.00000       1.898E-07
          880.0       0.000         0.000      0.00000       1.898E-07
          900.0       0.000         0.000      0.00000       1.898E-07
          920.0       0.000         0.000      0.00000       1.898E-07
          940.0       0.000         0.000      0.00000       1.898E-07
          960.0       0.000         0.000      0.00000       1.898E-07
          980.0       0.000         0.000      0.00000       1.898E-07
   IDATE   UTG      SEC       GLAT     GLONG     STL    F107A     F107      AP(3) IART    GMLAT      GMLONG      SZAD    
   76183 ******** ********    69.24   299.72    12.00    60.00    60.00     4.00   1      80.30      20.37       46.10
        2.200E+07        2.828E-07
        2.400E+07        3.193E-07
        2.600E+07        2.806E-07
        2.800E+07        2.947E-07
        3.000E+07        3.027E-07
        3.200E+07        3.065E-07
        3.400E+07        3.077E-07
        3.600E+07        3.074E-07
        3.800E+07        3.061E-07
        4.000E+07        3.044E-07
        4.200E+07        3.024E-07
        4.400E+07        3.005E-07
        4.600E+07        2.987E-07
        4.800E+07        2.987E-07
        5.000E+07        2.987E-07
        5.200E+07        2.987E-07
        5.400E+07        2.987E-07
        5.600E+07        2.987E-07
        5.800E+07        2.987E-07
        6.000E+07        2.987E-07
        6.200E+07        2.987E-07
        6.400E+07        2.987E-07
        6.600E+07        2.987E-07
        6.800E+07        2.987E-07
        7.000E+07        2.987E-07
        7.200E+07        2.987E-07
        7.400E+07        2.987E-07
        7.600E+07        2.987E-07
        7.800E+07        2.987E-07
        8.000E+07        2.987E-07
        8.200E+07        2.987E-07
        8.400E+07        2.987E-07
        8.600E+07        2.987E-07
        8.800E+07        2.987E-07
        9.000E+07        2.987E-07
        9.200E+07        2.987E-07
        9.400E+07        2.987E-07
        9.600E+07        2.987E-07
        9.800E+07        2.987E-07
        1.000E+08        2.987E-07
           1.0000E-02
           0.0000E+00
           0.0000E+00
           5.0000E-06
           0.0000E+00
     2.2000E+07     0.0000E+00     0.0000E+00     0.0000E+00     0.0000E+00
     4.2000E+07     0.0000E+00     0.0000E+00     0.0000E+00     0.0000E+00
     6.2000E+07     0.0000E+00     0.0000E+00     0.0000E+00     0.0000E+00
     8.2000E+07     0.0000E+00     0.0000E+00     0.0000E+00     0.0000E+00
     1.0200E+08     0.0000E+00     0.0000E+00     0.0000E+00     0.0000E+00
     1.2200E+08     0.0000E+00     0.0000E+00     0.0000E+00     0.0000E+00
     1.4200E+08     0.0000E+00     0.0000E+00     0.0000E+00     0.0000E+00
     1.6200E+08     0.0000E+00     0.0000E+00     0.0000E+00     0.0000E+00
     1.8200E+08     0.0000E+00     0.0000E+00     0.0000E+00     0.0000E+00
     2.0200E+08     0.0000E+00     0.0000E+00     0.0000E+00     0.0000E+00
     2.2200E+08     0.0000E+00     0.0000E+00     0.0000E+00     0.0000E+00
     2.4200E+08     0.0000E+00     0.0000E+00     0.0000E+00     0.0000E+00
     2.6200E+08     0.0000E+00     0.0000E+00     0.0000E+00     0.0000E+00
     2.8200E+08     0.0000E+00     0.0000E+00     0.0000E+00     0.0000E+00
     3.0200E+08     0.0000E+00     0.0000E+00     0.0000E+00     0.0000E+00
     3.2200E+08     0.0000E+00     0.0000E+00     0.0000E+00     0.0000E+00
     3.4200E+08     0.0000E+00     0.0000E+00     0.0000E+00     0.0000E+00
     3.6200E+08     0.0000E+00     0.0000E+00     0.0000E+00     0.0000E+00
     3.8200E+08     0.0000E+00     0.0000E+00     0.0000E+00     0.0000E+00
     4.0200E+08     0.0000E+00     0.0000E+00     0.0000E+00     0.0000E+00
     4.2200E+08     0.0000E+00     0.0000E+00     0.0000E+00     0.0000E+00
     4.4200E+08     0.0000E+00     0.0000E+00     0.0000E+00     0.0000E+00
     4.6200E+08     0.0000E+00     0.0000E+00     0.0000E+00     0.0000E+00
     4.8200E+08     0.0000E+00     0.0000E+00     0.0000E+00     0.0000E+00
     5.0200E+08     0.0000E+00     0.0000E+00     0.0000E+00     0.0000E+00
     5.2200E+08     0.0000E+00     0.0000E+00     0.0000E+00     0.0000E+00
     5.4200E+08     0.0000E+00     0.0000E+00     0.0000E+00     0.0000E+00
     5.6200E+08     0.0000E+00     0.0000E+00     0.0000E+00     0.0000E+00
     5.8200E+08     0.0000E+00     0.0000E+00     0.0000E+00     0.0000E+00
     6.0200E+08     0.0000E+00     0.0000E+00     0.0000E+00     0.0000E+00
     6.2200E+08     0.0000E+00     0.0000E+00     0.0000E+00     0.0000E+00
     6.4200E+08     0.0000E+00     0.0000E+00     0.0000E+00     0.0000E+00
     6.6200E+08     0.0000E+00     0.0000E+00     0.0000E+00     0.0000E+00
     6.8200E+08     0.0000E+00     0.0000E+00     0.0000E+00     0.0000E+00
     7.0200E+08     0.0000E+00     0.0000E+00     0.0000E+00     0.0000E+00
     7.2200E+08     0.0000E+00     0.0000E+00     0.0000E+00     0.0000E+00
     7.4200E+08     0.0000E+00     0.0000E+00     0.0000E+00     0.0000E+00
     7.6200E+08     0.0000E+00     0.0000E+00     0.0000E+00     0.0000E+00
     7.8200E+08     0.0000E+00     0.0000E+00     0.0000E+00     0.0000E+00
           5.0100E+01     1.0000E+02
           5.0000E-02
         0
1     NUMBER OF CELLS= 390
     NEXP=3
     GAMMA=1.67
     RGAS(OXYGEN)=5.1982E+06       CP(OXYGEN)=1.2995E+07       CV(OXYGEN)=7.7973E+06
     RGAS(HELIUM)=2.0771E+07       CP(HELIUM)=5.1929E+07       CV(HELIUM)=3.1157E+07
     RGAS(HYDROGEN)=8.2483E+07     CP(HYDROGEN)=2.0621E+08     CV(HYDROGEN)=1.2372E+08
     RGAS(ELECTRON)=1.5156E+11     CP(ELECTRON)=3.7891E+11     CV(ELECTRON)=2.2735E+11
0     LOWER BOUNDARY PLASMA PARAMETERS:
     OXYGEN:
     VELOCITY= 0.0000E+00   PRESSURE=1.0178E-08   MASS DENSITY=2.4629E-18   TEMPERATURE=7.9497E+02   SOUND VELOCITY=8.2990E+04
     HELIUM:
     VELOCITY= 0.0000E+00   PRESSURE=7.1069E-16   MASS DENSITY=4.3039E-26   TEMPERATURE=7.9497E+02   SOUND VELOCITY=1.6590E+05
     HYDROGEN:
     VELOCITY= 0.0000E+00   PRESSURE=1.2513E-12   MASS DENSITY=1.9083E-23   TEMPERATURE=7.9497E+02   SOUND VELOCITY=3.3058E+05
     ELECTRONS:
     VELOCITY= 0.0000E+00   PRESSURE=1.0179E-08   MASS DENSITY=8.4479E-23   TEMPERATURE=7.9497E+02   SOUND VELOCITY=1.4171E+07
0     UPPER BOUNDARY INITIAL PLASMA PARAMETERS:
     OXYGEN:
     VELOCITY= 1.0409E+05   PRESSURE=2.8035E-11   MASS DENSITY=2.7340E-21   TEMPERATURE=1.9727E+03   SOUND VELOCITY=1.3073E+05
     HELIUM:
     VELOCITY= 7.1293E+05   PRESSURE=2.2882E-14   MASS DENSITY=3.1467E-25   TEMPERATURE=3.5009E+03   SOUND VELOCITY=3.4814E+05
     HYDROGEN:
     VELOCITY= 1.8585E+06   PRESSURE=6.6426E-12   MASS DENSITY=1.6747E-23   TEMPERATURE=4.8087E+03   SOUND VELOCITY=8.1306E+05
     ELECTRONS:
     VELOCITY=-2.2412E+07   PRESSURE=1.8933E-10   MASS DENSITY=1.0292E-25   TEMPERATURE=1.2137E+04   SOUND VELOCITY=5.5370E+07
0     TOPSIDE ELECTRON HEATING RATE:1.0000E-02 ERGS/CM**3/SEC
0     ENERGY COLLISION TERM COEFFICIENTS
0     CTOXN2=5.6694E+06     CTOXO2=5.1969E+06    CTOXO=7.7973E+06
     CTOXHE=1.2473E+07     CTOXH=1.4670E+07     CTOXHD=1.4670E+07     CTOXHL=1.2473E+07     CTOXEL=1.5594E+07
     CTHEN2=7.7937E+06     CTHEO2=6.9278E+06    CTHEO=1.2473E+07
     CTHEHE=3.1157E+07     CTHEH=4.9779E+07     CTHEOX=1.2473E+07     CTHEHD=4.9779E+07     CTHEEL=6.2306E+07
     CTHN2=8.5983E+06      CTHO2=7.5564E+06     CTHO=1.4670E+07
     CTHHE=4.9779E+07      CTHH=1.2372E+08      CTHOX=1.4670E+07      CTHHL=4.9779E+07      CTHEL=2.4731E+08
     CTELN2=8.9077E+06     CTELO2=7.7942E+06    CTELO=1.5594E+07
     CTELHE=6.2306E+07     CTELH=2.4731E+08     CTELOX=1.5594E+07     CTELHL=6.2306E+07     CTELHD=2.4731E+08     
0     CMOXN2=6.3645E-01     CMOXO2=6.6675E-01    CMOXO=5.0000E-01
     CMOXHE=2.0016E-01     CMOXH=5.9285E-02     CMOXHD=5.9285E-02     CMOXHL=2.0016E-01     CMOXEL=3.4296E-05
     CMHEN2=8.7493E-01     CMHEO2=8.8882E-01    CMHEO=7.9984E-01
     CMHEHE=5.0000E-01     CMHEH=2.0117E-01     CMHEOX=7.9984E-01     CMHEHD=2.0117E-01     CMHEEL=1.3703E-04
     CMHN2=9.6525E-01      CMHO2=9.6946E-01     CMHO=9.4071E-01
     CMHHE=7.9883E-01      CMHH=5.0000E-01      CMHOX=9.4071E-01      CMHHL=7.9883E-01      CMHEL=5.4391E-04
     CMELN2=9.9998E-01     CMELO2=9.9998E-01    CMELO=9.9997E-01
     CMELHE=9.9986E-01     CMELH=9.9946E-01     CMELOX=9.9997E-01     CMELHL=9.9986E-01     CMELHD=9.9946E-01     
0     HEAT CONDUCTION COEFFICIENTS AT UPPER BOUNDARY
0     CZHN2=7.2949E-58      CZHO2=2.5181E-67      CZHO=5.9579E-35       CZHOX=3.2459E+24
     CZHEN2=3.4738E-58     CZHEO2=1.2040E-67     CZHEHE=3.1644E-13     CZHEO=9.1037E-34
     CZHEH=6.0139E-07      CZHEOX=2.3993E+23     CZHEHD=1.8702E+24
     XTNMAX=8.3124E+02
1                                             NEUTRAL ATMOSPHERE NUMBER DENSITIES
                ALT             N2             O2               O              HE               H               T
     0        200.00       2.61428E+09     1.86590E+08     1.65878E+09     7.34176E+05     1.79527E+05     7.94973E+02
     1        220.00       1.18374E+09     7.57049E+07     1.00091E+09     6.48644E+05     1.58884E+05     8.11986E+02
     2        240.00       5.50468E+08     3.16067E+07     6.22621E+08     5.78517E+05     1.48240E+05     8.20979E+02
     3        260.00       2.60069E+08     1.34269E+07     3.95140E+08     5.18376E+05     1.41657E+05     8.25752E+02
     4        280.00       1.24150E+08     5.76959E+06     2.54260E+08     4.65754E+05     1.36821E+05     8.28295E+02
     5        300.00       5.97128E+07     2.50010E+06     1.65666E+08     4.19199E+05     1.32826E+05     8.29654E+02
     6        320.00       2.88935E+07     1.09070E+06     1.08370E+08     3.77752E+05     1.29194E+05     8.30384E+02
     7        340.00       1.40537E+07     4.78642E+05     7.13150E+07     3.40720E+05     1.25756E+05     8.30777E+02
     8        360.00       6.86822E+06     2.11183E+05     4.71553E+07     3.07557E+05     1.22563E+05     8.30990E+02
     9        380.00       3.37170E+06     9.36549E+04     3.13051E+07     2.77815E+05     1.19479E+05     8.31105E+02
    10        400.00       1.66241E+06     4.17398E+04     2.08545E+07     2.51112E+05     1.16494E+05     8.31168E+02
    11        420.00       8.23126E+05     1.86927E+04     1.38925E+07     2.27117E+05     1.13603E+05     8.31202E+02
    12        440.00       4.09266E+05     8.41126E+03     9.31901E+06     2.05539E+05     1.10802E+05     8.31221E+02
    13        460.00       2.04329E+05     3.80269E+03     6.26588E+06     1.86121E+05     1.08086E+05     8.31231E+02
    14        480.00       1.02429E+05     1.72718E+03     4.22284E+06     1.68636E+05     1.05453E+05     8.31237E+02
    16        520.00       2.60515E+04     3.61251E+02     1.93125E+06     1.38678E+05     1.00420E+05     8.31242E+02
    18        560.00       6.73147E+03     7.69352E+01     8.91243E+05     1.14300E+05     9.56821E+04     8.31243E+02
    20        600.00       1.76657E+03     1.66782E+01     4.14962E+05     9.44167E+04     9.12182E+04     8.31244E+02
    22        640.00       4.70740E+02     3.67917E+00     1.94898E+05     7.81626E+04     8.70099E+04     8.31244E+02
    24        680.00       1.27335E+02     8.25649E-01     9.23275E+04     6.48455E+04     8.30403E+04     8.31244E+02
    26        720.00       3.49556E+01     1.88435E-01     4.41077E+04     5.39108E+04     7.92936E+04     8.31244E+02
    28        760.00       9.73607E+00     4.37244E-02     2.12469E+04     4.49129E+04     7.57551E+04     8.31244E+02
    30        800.00       2.75070E+00     1.03125E-02     1.03185E+04     3.74930E+04     7.24114E+04     8.31244E+02
    35        900.00       1.24025E-01     2.98644E-04     1.75594E+03     2.40810E+04     6.48243E+04     8.31244E+02
    40       1000.00       6.08260E-03     9.52079E-06     3.13523E+02     1.56536E+04     5.82067E+04     8.31244E+02
    45       1100.00       3.23382E-04     3.32848E-07     5.86214E+01     1.02935E+04     5.24154E+04     8.31244E+02
    50       1200.00       1.85781E-05     1.27141E-08     1.14571E+01     6.84409E+03     4.73313E+04     8.31244E+02
    55       1300.00       1.14981E-06     5.28795E-10     2.33656E+00     4.59929E+03     4.28540E+04     8.31244E+02
    60       1400.00       7.64447E-08     2.38685E-11     4.96416E-01     3.12254E+03     3.88997E+04     8.31244E+02
    70       1600.00       4.14372E-10     6.13988E-14     2.51775E-02     1.48184E+03     3.22864E+04     8.31244E+02
    80       1800.00       2.89961E-12     2.11468E-16     1.47760E-03     7.29350E+02     2.70429E+04     8.31244E+02
    90       2000.00       2.57187E-14     9.54991E-19     9.92963E-05     3.71347E+02     2.28436E+04     8.31244E+02
   100       2200.00       2.84389E-16     5.54862E-21     7.56878E-06     1.95121E+02     1.94489E+04     8.31244E+02
   110       2400.00       3.86170E-18     4.07679E-23     6.48773E-07     1.05577E+02     1.66806E+04     8.31244E+02
   120       2600.00       6.35161E-20     3.72891E-25     6.20475E-08     5.87121E+01     1.44046E+04     8.31244E+02
   130       2800.00       1.24964E-21     4.18554E-27     6.57369E-09     3.34965E+01     1.25190E+04     8.31244E+02
   140       3000.00       2.90734E-23     5.69033E-29     7.66483E-10     1.95737E+01     1.09455E+04     8.31244E+02
   150       3200.00       7.91514E-25     9.25814E-31     9.77676E-11     1.16976E+01     9.62372E+03     8.31244E+02
   160       3400.00       2.49736E-26     1.78287E-32     1.35673E-11     7.13954E+00     8.50622E+03     8.31244E+02
   170       3600.00       9.05122E-28     4.02274E-34     2.03795E-12     4.44473E+00     7.55580E+03     8.31244E+02
   180       3800.00       3.73756E-29     1.05359E-35     3.29814E-13     2.81912E+00     6.74291E+03     8.31244E+02
   190       4000.00       1.74520E-30     3.17559E-37     5.72592E-14     1.81974E+00     6.04395E+03     8.31244E+02
   200       4200.00       9.15065E-32     1.09274E-38     1.06216E-14     1.19425E+00     5.43992E+03     8.31244E+02
   210       4400.00       5.35304E-33     4.26131E-40     2.09752E-15     7.96110E-01     4.91544E+03     8.31244E+02
   220       4600.00       3.47291E-34     1.87040E-41     4.39441E-16     5.38607E-01     4.45797E+03     8.31244E+02
   230       4800.00       2.48494E-35     9.18189E-43     9.73642E-17     3.69527E-01     4.05724E+03     8.31244E+02
   240       5000.00       1.95085E-36     5.01153E-44     2.27467E-17     2.56907E-01     3.70479E+03     8.31244E+02
   250       5200.00       1.67236E-37     3.02457E-45     5.58811E-18     1.80869E-01     3.39359E+03     8.31244E+02
   260       5400.00       1.55843E-38     2.00810E-46     1.43988E-18     1.28863E-01     3.11782E+03     8.31244E+02
   270       5600.00       1.57209E-39     1.45969E-47     3.88207E-19     9.28566E-02     2.87258E+03     8.31244E+02
   280       5800.00       1.71004E-40     1.15651E-48     1.09272E-19     6.76354E-02     2.65377E+03     8.31244E+02
   290       6000.00       1.99840E-41     9.94571E-50     3.20443E-20     4.97720E-02     2.45791E+03     8.31244E+02
   300       6200.00       2.50046E-42     9.24747E-51     9.77113E-21     3.69856E-02     2.28206E+03     8.31244E+02
   310       6400.00       3.33909E-43     9.26228E-52     3.09238E-21     2.77409E-02     2.12373E+03     8.31244E+02
   320       6600.00       4.74458E-44     9.95923E-53     1.01402E-21     2.09922E-02     1.98077E+03     8.31244E+02
   330       6800.00       7.15321E-45     1.14589E-53     3.43958E-22     1.60204E-02     1.85134E+03     8.31244E+02
   340       7000.00       1.14125E-45     1.40654E-54     1.20506E-22     1.23253E-02     1.73388E+03     8.31244E+02
   350       7200.00       1.92201E-46     1.83657E-55     4.35449E-23     9.55611E-03     1.62701E+03     8.31244E+02
   360       7400.00       3.40878E-47     2.54414E-56     1.62071E-23     7.46402E-03     1.52955E+03     8.31244E+02
   370       7600.00       6.35253E-48     3.72952E-57     6.20526E-24     5.87133E-03     1.44047E+03     8.31244E+02
   380       7800.00       1.24133E-48     5.77163E-58     2.44108E-24     4.64989E-03     1.35888E+03     8.31244E+02
   390       8000.00       2.53841E-49     9.40802E-59     9.85559E-25     3.70653E-03     1.28399E+03     8.31244E+02
   391       8020.00       2.17111E-49     7.86905E-59     9.01352E-25     3.62469E-03     1.27684E+03     8.31244E+02
1                                                       SOURCE COEFFICIENTS:
            ALT      GRAVTY     FFOX1     FFOX2     FFOX3     FFOX4     FFOX5     FFOX6    FFHYD1    FFHYD2    FFHE1     FFHE2
     1    220.00   -9.16E+02  7.58E-21  3.49E-01 -3.97E-06 -1.81E-03 -3.23E-03 -2.13E-03  2.50E-07 -2.20E-02  1.67E-25 -1.98E+00
     2    240.00   -9.10E+02  5.32E-21  2.17E-01 -3.71E-06 -8.42E-04 -1.50E-03 -8.91E-04  2.34E-07 -1.37E-02  1.49E-25 -9.16E-01
     3    260.00   -9.04E+02  2.97E-21  1.38E-01 -3.54E-06 -3.98E-04 -7.10E-04 -3.79E-04  2.23E-07 -8.69E-03  1.33E-25 -4.31E-01
     4    280.00   -8.99E+02  2.01E-21  8.88E-02 -3.42E-06 -1.90E-04 -3.39E-04 -1.63E-04  2.16E-07 -5.59E-03  1.20E-25 -2.05E-01
     5    300.00   -8.94E+02  1.34E-21  5.78E-02 -3.32E-06 -9.14E-05 -1.63E-04 -7.05E-05  2.09E-07 -3.64E-03  1.08E-25 -9.83E-02
     6    320.00   -8.88E+02  8.89E-22  3.78E-02 -3.23E-06 -4.42E-05 -7.89E-05 -3.08E-05  2.04E-07 -2.38E-03  9.72E-26 -4.74E-02
     7    340.00   -8.83E+02  5.87E-22  2.49E-02 -3.14E-06 -2.15E-05 -3.84E-05 -1.35E-05  1.98E-07 -1.57E-03  8.76E-26 -2.30E-02
     8    360.00   -8.78E+02  3.88E-22  1.65E-02 -3.06E-06 -1.05E-05 -1.88E-05 -5.96E-06  1.93E-07 -1.04E-03  7.91E-26 -1.12E-02
     9    380.00   -8.73E+02  2.56E-22  1.09E-02 -2.99E-06 -5.16E-06 -9.20E-06 -2.64E-06  1.88E-07 -6.89E-04  7.15E-26 -5.50E-03
    10    400.00   -8.67E+02  1.70E-22  7.28E-03 -2.91E-06 -2.54E-06 -4.54E-06 -1.18E-06  1.84E-07 -4.59E-04  6.46E-26 -2.71E-03
    11    420.00   -8.62E+02  1.12E-22  4.85E-03 -2.84E-06 -1.26E-06 -2.25E-06 -5.27E-07  1.79E-07 -3.06E-04  5.84E-26 -1.34E-03
    12    440.00   -8.57E+02  7.49E-23  3.25E-03 -2.77E-06 -6.26E-07 -1.12E-06 -2.37E-07  1.75E-07 -2.05E-04  5.29E-26 -6.64E-04
    13    460.00   -8.52E+02  5.01E-23  2.19E-03 -2.70E-06 -3.13E-07 -5.58E-07 -1.07E-07  1.70E-07 -1.38E-04  4.79E-26 -3.31E-04
    14    480.00   -8.47E+02  3.38E-23  1.47E-03 -2.64E-06 -1.57E-07 -2.80E-07 -4.87E-08  1.66E-07 -9.29E-05  4.34E-26 -1.66E-04
    16    520.00   -8.37E+02  1.54E-23  6.74E-04 -2.51E-06 -3.99E-08 -7.11E-08 -1.02E-08  1.58E-07 -4.25E-05  3.57E-26 -4.21E-05
    18    560.00   -8.28E+02  7.12E-24  3.11E-04 -2.39E-06 -1.03E-08 -1.84E-08 -2.17E-09  1.51E-07 -1.96E-05  2.94E-26 -1.09E-05
    20    600.00   -8.18E+02  3.32E-24  1.45E-04 -2.28E-06 -2.70E-09 -4.82E-09 -4.70E-10  1.44E-07 -9.13E-06  2.43E-26 -2.84E-06
    22    640.00   -8.09E+02  1.56E-24  6.80E-05 -2.18E-06 -7.20E-10 -1.29E-09 -1.04E-10  1.37E-07 -4.29E-06  2.01E-26 -7.57E-07
    24    680.00   -8.00E+02  7.38E-25  3.22E-05 -2.08E-06 -1.95E-10 -3.48E-10 -2.33E-11  1.31E-07 -2.03E-06  1.67E-26 -2.05E-07
    26    720.00   -7.91E+02  3.53E-25  1.54E-05 -1.98E-06 -5.35E-11 -9.54E-11 -5.31E-12  1.25E-07 -9.70E-07  1.39E-26 -5.61E-08
    28    760.00   -7.82E+02  1.70E-25  7.42E-06 -1.89E-06 -1.49E-11 -2.66E-11 -1.23E-12  1.19E-07 -4.67E-07  1.16E-26 -1.56E-08
    30    800.00   -7.73E+02  8.25E-26  3.60E-06 -1.81E-06 -4.21E-12 -7.51E-12 -2.91E-13  1.14E-07 -2.27E-07  9.64E-27 -4.41E-09
    35    900.00   -7.52E+02  1.40E-26  6.13E-07 -1.62E-06 -1.90E-13 -3.39E-13 -8.42E-15  1.02E-07 -3.86E-08  6.19E-27 -1.99E-10
    40   1000.00   -7.32E+02  2.51E-27  1.09E-07 -1.46E-06 -9.31E-15 -1.66E-14 -2.68E-16  9.17E-08 -6.90E-09  4.03E-27 -9.74E-12
    45   1100.00   -7.12E+02  4.69E-28  2.05E-08 -1.31E-06 -4.95E-16 -8.83E-16 -9.39E-18  8.26E-08 -1.29E-09  2.65E-27 -5.18E-13
    50   1200.00   -6.93E+02  9.16E-29  4.00E-09 -1.18E-06 -2.84E-17 -5.07E-17 -3.59E-19  7.46E-08 -2.52E-10  1.76E-27 -2.97E-14
    55   1300.00   -6.75E+02  1.87E-29  8.16E-10 -1.07E-06 -1.76E-18 -3.14E-18 -1.49E-20  6.75E-08 -5.14E-11  1.18E-27 -1.84E-15
    60   1400.00   -6.58E+02  3.97E-30  1.73E-10 -9.72E-07 -1.17E-19 -2.09E-19 -6.73E-22  6.13E-08 -1.09E-11  8.03E-28 -1.22E-16
    70   1600.00   -6.25E+02  2.01E-31  8.79E-12 -8.07E-07 -6.34E-22 -1.13E-21 -1.73E-24  5.09E-08 -5.54E-13  3.81E-28 -6.63E-19
    80   1800.00   -5.95E+02  1.18E-32  5.16E-13 -6.76E-07 -4.44E-24 -7.92E-24 -5.96E-27  4.26E-08 -3.25E-14  1.88E-28 -4.64E-21
    90   2000.00   -5.67E+02  7.94E-34  3.47E-14 -5.71E-07 -3.93E-26 -7.02E-26 -2.69E-29  3.60E-08 -2.18E-15  9.55E-29 -4.12E-23
   100   2200.00   -5.41E+02  6.05E-35  2.64E-15 -4.86E-07 -4.35E-28 -7.76E-28 -1.56E-31  3.06E-08 -1.67E-16  5.02E-29 -4.55E-25
   110   2400.00   -5.16E+02  5.19E-36  2.26E-16 -4.17E-07 -5.91E-30 -1.05E-29 -1.15E-33  2.63E-08 -1.43E-17  2.72E-29 -6.18E-27
   120   2600.00   -4.94E+02  4.96E-37  2.17E-17 -3.60E-07 -9.72E-32 -1.73E-31 -1.05E-35  2.27E-08 -1.37E-18  1.51E-29 -1.02E-28
   130   2800.00   -4.72E+02  5.26E-38  2.29E-18 -3.13E-07 -1.91E-33 -3.41E-33 -1.18E-37  1.97E-08 -1.45E-19  8.62E-30 -2.00E-30
   140   3000.00   -4.52E+02  6.13E-39  2.68E-19 -2.74E-07 -4.45E-35 -7.94E-35 -1.60E-39  1.72E-08 -1.69E-20  5.04E-30 -4.65E-32
   150   3200.00   -4.34E+02  7.82E-40  3.41E-20 -2.41E-07 -1.21E-36 -2.16E-36 -2.61E-41  1.52E-08 -2.15E-21  3.01E-30 -1.27E-33
   160   3400.00   -4.16E+02  1.08E-40  4.74E-21 -2.13E-07 -3.82E-38 -6.82E-38 -5.03E-43  1.34E-08 -2.98E-22  1.84E-30 -4.00E-35
   170   3600.00   -3.99E+02  1.63E-41  7.11E-22 -1.89E-07 -1.38E-39 -2.47E-39 -1.13E-44  1.19E-08 -4.48E-23  1.14E-30 -1.45E-36
   180   3800.00   -3.84E+02  2.64E-42  1.15E-22 -1.69E-07 -5.72E-41 -1.02E-40 -2.97E-46  1.06E-08 -7.26E-24  7.25E-31 -5.98E-38
   190   4000.00   -3.69E+02  4.58E-43  2.00E-23 -1.51E-07 -2.67E-42 -4.76E-42 -8.96E-48  9.52E-09 -1.26E-24  4.68E-31 -2.79E-39
   200   4200.00   -3.55E+02  8.49E-44  3.71E-24 -1.36E-07 -1.40E-43 -2.50E-43 -3.08E-49  8.57E-09 -2.34E-25  3.07E-31 -1.46E-40
   210   4400.00   -3.42E+02  1.68E-44  7.32E-25 -1.23E-07 -8.19E-45 -1.46E-44 -1.20E-50  7.74E-09 -4.61E-26  2.05E-31 -8.56E-42
   220   4600.00   -3.30E+02  3.51E-45  1.53E-25 -1.11E-07 -5.31E-46 -9.48E-46 -5.27E-52  7.02E-09 -9.67E-27  1.39E-31 -5.56E-43
   230   4800.00   -3.18E+02  7.78E-46  3.40E-26 -1.01E-07 -3.80E-47 -6.78E-47 -2.59E-53  6.39E-09 -2.14E-27  9.51E-32 -3.98E-44
   240   5000.00   -3.07E+02  1.82E-46  7.94E-27 -9.26E-08 -2.98E-48 -5.33E-48 -1.41E-54  5.84E-09 -5.00E-28  6.61E-32 -3.12E-45
   250   5200.00   -2.96E+02  4.47E-47  1.95E-27 -8.48E-08 -2.56E-49 -4.57E-49 -8.53E-56  5.35E-09 -1.23E-28  4.65E-32 -2.68E-46
   260   5400.00   -2.86E+02  1.15E-47  5.03E-28 -7.79E-08 -2.38E-50 -4.25E-50 -5.66E-57  4.91E-09 -3.17E-29  3.31E-32 -2.49E-47
   270   5600.00   -2.77E+02  3.10E-48  1.36E-28 -7.18E-08 -2.41E-51 -4.29E-51 -4.12E-58  4.53E-09 -8.54E-30  2.39E-32 -2.52E-48
   280   5800.00   -2.68E+02  8.74E-49  3.81E-29 -6.63E-08 -2.62E-52 -4.67E-52 -3.26E-59  4.18E-09 -2.40E-30  1.74E-32 -2.74E-49
   290   6000.00   -2.59E+02  2.56E-49  1.12E-29 -6.14E-08 -3.06E-53 -5.46E-53 -2.80E-60  3.87E-09 -7.05E-31  1.28E-32 -3.20E-50
   300   6200.00   -2.51E+02  7.81E-50  3.41E-30 -5.71E-08 -3.83E-54 -6.83E-54 -2.61E-61  3.60E-09 -2.15E-31  9.51E-33 -4.00E-51
   310   6400.00   -2.43E+02  2.47E-50  1.08E-30 -5.31E-08 -5.11E-55 -9.12E-55 -2.61E-62  3.35E-09 -6.80E-32  7.14E-33 -5.34E-52
   320   6600.00   -2.36E+02  8.11E-51  3.54E-31 -4.95E-08 -7.26E-56 -1.30E-55 -2.81E-63  3.12E-09 -2.23E-32  5.40E-33 -7.59E-53
   330   6800.00   -2.29E+02  2.75E-51  1.20E-31 -4.63E-08 -1.09E-56 -1.95E-56 -3.23E-64  2.92E-09 -7.57E-33  4.12E-33 -1.14E-53
   340   7000.00   -2.22E+02  9.63E-52  4.21E-32 -4.33E-08 -1.75E-57 -3.12E-57 -3.97E-65  2.73E-09 -2.65E-33  3.17E-33 -1.83E-54
   350   7200.00   -2.15E+02  3.48E-52  1.52E-32 -4.07E-08 -2.94E-58 -5.25E-58 -5.18E-66  2.56E-09 -9.58E-34  2.46E-33 -3.08E-55
   360   7400.00   -2.09E+02  1.30E-52  5.66E-33 -3.82E-08 -5.22E-59 -9.31E-59 -7.17E-67  2.41E-09 -3.57E-34  1.92E-33 -5.45E-56
   370   7600.00   -2.03E+02  4.96E-53  2.17E-33 -3.60E-08 -9.72E-60 -1.73E-59 -1.05E-67  2.27E-09 -1.37E-34  1.51E-33 -1.02E-56
   380   7800.00   -1.98E+02  1.95E-53  8.52E-34 -3.40E-08 -1.90E-60 -3.39E-60 -1.63E-68  2.14E-09 -5.37E-35  1.20E-33 -1.99E-57
   390   8000.00   -1.92E+02  7.88E-54  3.44E-34 -3.21E-08 -3.88E-61 -6.93E-61 -2.65E-69  2.02E-09 -2.17E-35  9.53E-34 -4.06E-58
1                                                  COLLISION COEFFICIENTS FOR OXYGEN
            ALT       CLOXN2      CLOXO2      CLOXO       CLOXHE      CLOXH       CLOXHL      CLOXHD      CLOXEL
     1    220.00    0.0000E+00  0.0000E+00  3.6734E-02  0.0000E+00  7.3563E-07  2.3548E+23  3.2243E+24  2.0418E+24
     2    240.00    0.0000E+00  0.0000E+00  2.2850E-02  0.0000E+00  6.8635E-07  2.3548E+23  3.2243E+24  2.0418E+24
     3    260.00    0.0000E+00  0.0000E+00  1.4502E-02  0.0000E+00  6.5587E-07  2.3548E+23  3.2243E+24  2.0418E+24
     4    280.00    0.0000E+00  0.0000E+00  9.3313E-03  0.0000E+00  6.3348E-07  2.3548E+23  3.2243E+24  2.0418E+24
     5    300.00    0.0000E+00  0.0000E+00  6.0799E-03  0.0000E+00  6.1498E-07  2.3548E+23  3.2243E+24  2.0418E+24
     6    320.00    0.0000E+00  0.0000E+00  3.9772E-03  0.0000E+00  5.9817E-07  2.3548E+23  3.2243E+24  2.0418E+24
     7    340.00    0.0000E+00  0.0000E+00  2.6173E-03  0.0000E+00  5.8225E-07  2.3548E+23  3.2243E+24  2.0418E+24
     8    360.00    0.0000E+00  0.0000E+00  1.7306E-03  0.0000E+00  5.6747E-07  2.3548E+23  3.2243E+24  2.0418E+24
     9    380.00    0.0000E+00  0.0000E+00  1.1489E-03  0.0000E+00  5.5319E-07  2.3548E+23  3.2243E+24  2.0418E+24
    10    400.00    0.0000E+00  0.0000E+00  7.6536E-04  0.0000E+00  5.3937E-07  2.3548E+23  3.2243E+24  2.0418E+24
    11    420.00    0.0000E+00  0.0000E+00  5.0985E-04  0.0000E+00  5.2598E-07  2.3548E+23  3.2243E+24  2.0418E+24
    12    440.00    0.0000E+00  0.0000E+00  3.4201E-04  0.0000E+00  5.1301E-07  2.3548E+23  3.2243E+24  2.0418E+24
    13    460.00    0.0000E+00  0.0000E+00  2.2996E-04  0.0000E+00  5.0044E-07  2.3548E+23  3.2243E+24  2.0418E+24
    14    480.00    0.0000E+00  0.0000E+00  1.5498E-04  0.0000E+00  4.8825E-07  2.3548E+23  3.2243E+24  2.0418E+24
    16    520.00    0.0000E+00  0.0000E+00  7.0877E-05  0.0000E+00  4.6495E-07  2.3548E+23  3.2243E+24  2.0418E+24
    18    560.00    0.0000E+00  0.0000E+00  3.2709E-05  0.0000E+00  4.4301E-07  2.3548E+23  3.2243E+24  2.0418E+24
    20    600.00    0.0000E+00  0.0000E+00  1.5229E-05  0.0000E+00  4.2234E-07  2.3548E+23  3.2243E+24  2.0418E+24
    22    640.00    0.0000E+00  0.0000E+00  7.1528E-06  0.0000E+00  4.0286E-07  2.3548E+23  3.2243E+24  2.0418E+24
    24    680.00    0.0000E+00  0.0000E+00  3.3884E-06  0.0000E+00  3.8448E-07  2.3548E+23  3.2243E+24  2.0418E+24
    26    720.00    0.0000E+00  0.0000E+00  1.6188E-06  0.0000E+00  3.6713E-07  2.3548E+23  3.2243E+24  2.0418E+24
    28    760.00    0.0000E+00  0.0000E+00  7.7976E-07  0.0000E+00  3.5075E-07  2.3548E+23  3.2243E+24  2.0418E+24
    30    800.00    0.0000E+00  0.0000E+00  3.7869E-07  0.0000E+00  3.3526E-07  2.3548E+23  3.2243E+24  2.0418E+24
    35    900.00    0.0000E+00  0.0000E+00  6.4443E-08  0.0000E+00  3.0014E-07  2.3548E+23  3.2243E+24  2.0418E+24
    40   1000.00    0.0000E+00  0.0000E+00  1.1506E-08  0.0000E+00  2.6950E-07  2.3548E+23  3.2243E+24  2.0418E+24
    45   1100.00    0.0000E+00  0.0000E+00  2.1514E-09  0.0000E+00  2.4268E-07  2.3548E+23  3.2243E+24  2.0418E+24
    50   1200.00    0.0000E+00  0.0000E+00  4.2048E-10  0.0000E+00  2.1914E-07  2.3548E+23  3.2243E+24  2.0418E+24
    55   1300.00    0.0000E+00  0.0000E+00  8.5752E-11  0.0000E+00  1.9841E-07  2.3548E+23  3.2243E+24  2.0418E+24
    60   1400.00    0.0000E+00  0.0000E+00  1.8218E-11  0.0000E+00  1.8011E-07  2.3548E+23  3.2243E+24  2.0418E+24
    70   1600.00    0.0000E+00  0.0000E+00  9.2402E-13  0.0000E+00  1.4949E-07  2.3548E+23  3.2243E+24  2.0418E+24
    80   1800.00    0.0000E+00  0.0000E+00  5.4228E-14  0.0000E+00  1.2521E-07  2.3548E+23  3.2243E+24  2.0418E+24
    90   2000.00    0.0000E+00  0.0000E+00  3.6442E-15  0.0000E+00  1.0577E-07  2.3548E+23  3.2243E+24  2.0418E+24
   100   2200.00    0.0000E+00  0.0000E+00  2.7777E-16  0.0000E+00  9.0048E-08  2.3548E+23  3.2243E+24  2.0418E+24
   110   2400.00    0.0000E+00  0.0000E+00  2.3810E-17  0.0000E+00  7.7231E-08  2.3548E+23  3.2243E+24  2.0418E+24
   120   2600.00    0.0000E+00  0.0000E+00  2.2771E-18  0.0000E+00  6.6693E-08  2.3548E+23  3.2243E+24  2.0418E+24
   130   2800.00    0.0000E+00  0.0000E+00  2.4125E-19  0.0000E+00  5.7963E-08  2.3548E+23  3.2243E+24  2.0418E+24
   140   3000.00    0.0000E+00  0.0000E+00  2.8130E-20  0.0000E+00  5.0678E-08  2.3548E+23  3.2243E+24  2.0418E+24
   150   3200.00    0.0000E+00  0.0000E+00  3.5881E-21  0.0000E+00  4.4558E-08  2.3548E+23  3.2243E+24  2.0418E+24
   160   3400.00    0.0000E+00  0.0000E+00  4.9792E-22  0.0000E+00  3.9384E-08  2.3548E+23  3.2243E+24  2.0418E+24
   170   3600.00    0.0000E+00  0.0000E+00  7.4793E-23  0.0000E+00  3.4983E-08  2.3548E+23  3.2243E+24  2.0418E+24
   180   3800.00    0.0000E+00  0.0000E+00  1.2104E-23  0.0000E+00  3.1220E-08  2.3548E+23  3.2243E+24  2.0418E+24
   190   4000.00    0.0000E+00  0.0000E+00  2.1014E-24  0.0000E+00  2.7984E-08  2.3548E+23  3.2243E+24  2.0418E+24
   200   4200.00    0.0000E+00  0.0000E+00  3.8981E-25  0.0000E+00  2.5187E-08  2.3548E+23  3.2243E+24  2.0418E+24
   210   4400.00    0.0000E+00  0.0000E+00  7.6979E-26  0.0000E+00  2.2758E-08  2.3548E+23  3.2243E+24  2.0418E+24
   220   4600.00    0.0000E+00  0.0000E+00  1.6127E-26  0.0000E+00  2.0640E-08  2.3548E+23  3.2243E+24  2.0418E+24
   230   4800.00    0.0000E+00  0.0000E+00  3.5733E-27  0.0000E+00  1.8785E-08  2.3548E+23  3.2243E+24  2.0418E+24
   240   5000.00    0.0000E+00  0.0000E+00  8.3480E-28  0.0000E+00  1.7153E-08  2.3548E+23  3.2243E+24  2.0418E+24
   250   5200.00    0.0000E+00  0.0000E+00  2.0508E-28  0.0000E+00  1.5712E-08  2.3548E+23  3.2243E+24  2.0418E+24
   260   5400.00    0.0000E+00  0.0000E+00  5.2844E-29  0.0000E+00  1.4436E-08  2.3548E+23  3.2243E+24  2.0418E+24
   270   5600.00    0.0000E+00  0.0000E+00  1.4247E-29  0.0000E+00  1.3300E-08  2.3548E+23  3.2243E+24  2.0418E+24
   280   5800.00    0.0000E+00  0.0000E+00  4.0103E-30  0.0000E+00  1.2287E-08  2.3548E+23  3.2243E+24  2.0418E+24
   290   6000.00    0.0000E+00  0.0000E+00  1.1760E-30  0.0000E+00  1.1380E-08  2.3548E+23  3.2243E+24  2.0418E+24
   300   6200.00    0.0000E+00  0.0000E+00  3.5860E-31  0.0000E+00  1.0566E-08  2.3548E+23  3.2243E+24  2.0418E+24
   310   6400.00    0.0000E+00  0.0000E+00  1.1349E-31  0.0000E+00  9.8329E-09  2.3548E+23  3.2243E+24  2.0418E+24
   320   6600.00    0.0000E+00  0.0000E+00  3.7215E-32  0.0000E+00  9.1710E-09  2.3548E+23  3.2243E+24  2.0418E+24
   330   6800.00    0.0000E+00  0.0000E+00  1.2623E-32  0.0000E+00  8.5717E-09  2.3548E+23  3.2243E+24  2.0418E+24
   340   7000.00    0.0000E+00  0.0000E+00  4.4226E-33  0.0000E+00  8.0279E-09  2.3548E+23  3.2243E+24  2.0418E+24
   350   7200.00    0.0000E+00  0.0000E+00  1.5981E-33  0.0000E+00  7.5330E-09  2.3548E+23  3.2243E+24  2.0418E+24
   360   7400.00    0.0000E+00  0.0000E+00  5.9480E-34  0.0000E+00  7.0818E-09  2.3548E+23  3.2243E+24  2.0418E+24
   370   7600.00    0.0000E+00  0.0000E+00  2.2773E-34  0.0000E+00  6.6694E-09  2.3548E+23  3.2243E+24  2.0418E+24
   380   7800.00    0.0000E+00  0.0000E+00  8.9588E-35  0.0000E+00  6.2916E-09  2.3548E+23  3.2243E+24  2.0418E+24
   390   8000.00    0.0000E+00  0.0000E+00  3.6170E-35  0.0000E+00  5.9449E-09  2.3548E+23  3.2243E+24  2.0418E+24
1                                                  COLLISION COEFFICIENTS FOR HELIUM
            ALT       CLHEN2      CLHEO2      CLHEO       CLHEHE      CLHEH       CLHEOX      CLHEHD      CLHEEL
     1    220.00    0.0000E+00  0.0000E+00  0.0000E+00  5.6627E-05  0.0000E+00  2.3993E+23  1.8702E+24  8.1563E+24
     2    240.00    0.0000E+00  0.0000E+00  0.0000E+00  5.0505E-05  0.0000E+00  2.3993E+23  1.8702E+24  8.1563E+24
     3    260.00    0.0000E+00  0.0000E+00  0.0000E+00  4.5254E-05  0.0000E+00  2.3993E+23  1.8702E+24  8.1563E+24
     4    280.00    0.0000E+00  0.0000E+00  0.0000E+00  4.0660E-05  0.0000E+00  2.3993E+23  1.8702E+24  8.1563E+24
     5    300.00    0.0000E+00  0.0000E+00  0.0000E+00  3.6596E-05  0.0000E+00  2.3993E+23  1.8702E+24  8.1563E+24
     6    320.00    0.0000E+00  0.0000E+00  0.0000E+00  3.2978E-05  0.0000E+00  2.3993E+23  1.8702E+24  8.1563E+24
     7    340.00    0.0000E+00  0.0000E+00  0.0000E+00  2.9745E-05  0.0000E+00  2.3993E+23  1.8702E+24  8.1563E+24
     8    360.00    0.0000E+00  0.0000E+00  0.0000E+00  2.6850E-05  0.0000E+00  2.3993E+23  1.8702E+24  8.1563E+24
     9    380.00    0.0000E+00  0.0000E+00  0.0000E+00  2.4253E-05  0.0000E+00  2.3993E+23  1.8702E+24  8.1563E+24
    10    400.00    0.0000E+00  0.0000E+00  0.0000E+00  2.1922E-05  0.0000E+00  2.3993E+23  1.8702E+24  8.1563E+24
    11    420.00    0.0000E+00  0.0000E+00  0.0000E+00  1.9827E-05  0.0000E+00  2.3993E+23  1.8702E+24  8.1563E+24
    12    440.00    0.0000E+00  0.0000E+00  0.0000E+00  1.7944E-05  0.0000E+00  2.3993E+23  1.8702E+24  8.1563E+24
    13    460.00    0.0000E+00  0.0000E+00  0.0000E+00  1.6248E-05  0.0000E+00  2.3993E+23  1.8702E+24  8.1563E+24
    14    480.00    0.0000E+00  0.0000E+00  0.0000E+00  1.4722E-05  0.0000E+00  2.3993E+23  1.8702E+24  8.1563E+24
    16    520.00    0.0000E+00  0.0000E+00  0.0000E+00  1.2107E-05  0.0000E+00  2.3993E+23  1.8702E+24  8.1563E+24
    18    560.00    0.0000E+00  0.0000E+00  0.0000E+00  9.9784E-06  0.0000E+00  2.3993E+23  1.8702E+24  8.1563E+24
    20    600.00    0.0000E+00  0.0000E+00  0.0000E+00  8.2426E-06  0.0000E+00  2.3993E+23  1.8702E+24  8.1563E+24
    22    640.00    0.0000E+00  0.0000E+00  0.0000E+00  6.8236E-06  0.0000E+00  2.3993E+23  1.8702E+24  8.1563E+24
    24    680.00    0.0000E+00  0.0000E+00  0.0000E+00  5.6610E-06  0.0000E+00  2.3993E+23  1.8702E+24  8.1563E+24
    26    720.00    0.0000E+00  0.0000E+00  0.0000E+00  4.7064E-06  0.0000E+00  2.3993E+23  1.8702E+24  8.1563E+24
    28    760.00    0.0000E+00  0.0000E+00  0.0000E+00  3.9209E-06  0.0000E+00  2.3993E+23  1.8702E+24  8.1563E+24
    30    800.00    0.0000E+00  0.0000E+00  0.0000E+00  3.2731E-06  0.0000E+00  2.3993E+23  1.8702E+24  8.1563E+24
    35    900.00    0.0000E+00  0.0000E+00  0.0000E+00  2.1023E-06  0.0000E+00  2.3993E+23  1.8702E+24  8.1563E+24
    40   1000.00    0.0000E+00  0.0000E+00  0.0000E+00  1.3666E-06  0.0000E+00  2.3993E+23  1.8702E+24  8.1563E+24
    45   1100.00    0.0000E+00  0.0000E+00  0.0000E+00  8.9862E-07  0.0000E+00  2.3993E+23  1.8702E+24  8.1563E+24
    50   1200.00    0.0000E+00  0.0000E+00  0.0000E+00  5.9749E-07  0.0000E+00  2.3993E+23  1.8702E+24  8.1563E+24
    55   1300.00    0.0000E+00  0.0000E+00  0.0000E+00  4.0152E-07  0.0000E+00  2.3993E+23  1.8702E+24  8.1563E+24
    60   1400.00    0.0000E+00  0.0000E+00  0.0000E+00  2.7260E-07  0.0000E+00  2.3993E+23  1.8702E+24  8.1563E+24
    70   1600.00    0.0000E+00  0.0000E+00  0.0000E+00  1.2936E-07  0.0000E+00  2.3993E+23  1.8702E+24  8.1563E+24
    80   1800.00    0.0000E+00  0.0000E+00  0.0000E+00  6.3672E-08  0.0000E+00  2.3993E+23  1.8702E+24  8.1563E+24
    90   2000.00    0.0000E+00  0.0000E+00  0.0000E+00  3.2419E-08  0.0000E+00  2.3993E+23  1.8702E+24  8.1563E+24
   100   2200.00    0.0000E+00  0.0000E+00  0.0000E+00  1.7034E-08  0.0000E+00  2.3993E+23  1.8702E+24  8.1563E+24
   110   2400.00    0.0000E+00  0.0000E+00  0.0000E+00  9.2169E-09  0.0000E+00  2.3993E+23  1.8702E+24  8.1563E+24
   120   2600.00    0.0000E+00  0.0000E+00  0.0000E+00  5.1256E-09  0.0000E+00  2.3993E+23  1.8702E+24  8.1563E+24
   130   2800.00    0.0000E+00  0.0000E+00  0.0000E+00  2.9242E-09  0.0000E+00  2.3993E+23  1.8702E+24  8.1563E+24
   140   3000.00    0.0000E+00  0.0000E+00  0.0000E+00  1.7088E-09  0.0000E+00  2.3993E+23  1.8702E+24  8.1563E+24
   150   3200.00    0.0000E+00  0.0000E+00  0.0000E+00  1.0212E-09  0.0000E+00  2.3993E+23  1.8702E+24  8.1563E+24
   160   3400.00    0.0000E+00  0.0000E+00  0.0000E+00  6.2328E-10  0.0000E+00  2.3993E+23  1.8702E+24  8.1563E+24
   170   3600.00    0.0000E+00  0.0000E+00  0.0000E+00  3.8803E-10  0.0000E+00  2.3993E+23  1.8702E+24  8.1563E+24
   180   3800.00    0.0000E+00  0.0000E+00  0.0000E+00  2.4611E-10  0.0000E+00  2.3993E+23  1.8702E+24  8.1563E+24
   190   4000.00    0.0000E+00  0.0000E+00  0.0000E+00  1.5886E-10  0.0000E+00  2.3993E+23  1.8702E+24  8.1563E+24
   200   4200.00    0.0000E+00  0.0000E+00  0.0000E+00  1.0426E-10  0.0000E+00  2.3993E+23  1.8702E+24  8.1563E+24
   210   4400.00    0.0000E+00  0.0000E+00  0.0000E+00  6.9500E-11  0.0000E+00  2.3993E+23  1.8702E+24  8.1563E+24
   220   4600.00    0.0000E+00  0.0000E+00  0.0000E+00  4.7020E-11  0.0000E+00  2.3993E+23  1.8702E+24  8.1563E+24
   230   4800.00    0.0000E+00  0.0000E+00  0.0000E+00  3.2260E-11  0.0000E+00  2.3993E+23  1.8702E+24  8.1563E+24
   240   5000.00    0.0000E+00  0.0000E+00  0.0000E+00  2.2428E-11  0.0000E+00  2.3993E+23  1.8702E+24  8.1563E+24
   250   5200.00    0.0000E+00  0.0000E+00  0.0000E+00  1.5790E-11  0.0000E+00  2.3993E+23  1.8702E+24  8.1563E+24
   260   5400.00    0.0000E+00  0.0000E+00  0.0000E+00  1.1250E-11  0.0000E+00  2.3993E+23  1.8702E+24  8.1563E+24
   270   5600.00    0.0000E+00  0.0000E+00  0.0000E+00  8.1064E-12  0.0000E+00  2.3993E+23  1.8702E+24  8.1563E+24
   280   5800.00    0.0000E+00  0.0000E+00  0.0000E+00  5.9046E-12  0.0000E+00  2.3993E+23  1.8702E+24  8.1563E+24
   290   6000.00    0.0000E+00  0.0000E+00  0.0000E+00  4.3451E-12  0.0000E+00  2.3993E+23  1.8702E+24  8.1563E+24
   300   6200.00    0.0000E+00  0.0000E+00  0.0000E+00  3.2288E-12  0.0000E+00  2.3993E+23  1.8702E+24  8.1563E+24
   310   6400.00    0.0000E+00  0.0000E+00  0.0000E+00  2.4218E-12  0.0000E+00  2.3993E+23  1.8702E+24  8.1563E+24
   320   6600.00    0.0000E+00  0.0000E+00  0.0000E+00  1.8326E-12  0.0000E+00  2.3993E+23  1.8702E+24  8.1563E+24
   330   6800.00    0.0000E+00  0.0000E+00  0.0000E+00  1.3986E-12  0.0000E+00  2.3993E+23  1.8702E+24  8.1563E+24
   340   7000.00    0.0000E+00  0.0000E+00  0.0000E+00  1.0760E-12  0.0000E+00  2.3993E+23  1.8702E+24  8.1563E+24
   350   7200.00    0.0000E+00  0.0000E+00  0.0000E+00  8.3425E-13  0.0000E+00  2.3993E+23  1.8702E+24  8.1563E+24
   360   7400.00    0.0000E+00  0.0000E+00  0.0000E+00  6.5161E-13  0.0000E+00  2.3993E+23  1.8702E+24  8.1563E+24
   370   7600.00    0.0000E+00  0.0000E+00  0.0000E+00  5.1257E-13  0.0000E+00  2.3993E+23  1.8702E+24  8.1563E+24
   380   7800.00    0.0000E+00  0.0000E+00  0.0000E+00  4.0594E-13  0.0000E+00  2.3993E+23  1.8702E+24  8.1563E+24
   390   8000.00    0.0000E+00  0.0000E+00  0.0000E+00  3.2358E-13  0.0000E+00  2.3993E+23  1.8702E+24  8.1563E+24
1                                                  COLLISION COEFFICIENTS FOR HYDROGEN
            ALT       CLHN2       CLHO2       CLHO        CLHHE       CLHH        CLHOX       CLHHL       CLHEL
     1    220.00    0.0000E+00  0.0000E+00  6.6160E-02  0.0000E+00  4.2104E-05  3.2459E+24  1.9175E+24  3.2603E+25
     2    240.00    0.0000E+00  0.0000E+00  4.1155E-02  0.0000E+00  3.9284E-05  3.2459E+24  1.9175E+24  3.2603E+25
     3    260.00    0.0000E+00  0.0000E+00  2.6119E-02  0.0000E+00  3.7539E-05  3.2459E+24  1.9175E+24  3.2603E+25
     4    280.00    0.0000E+00  0.0000E+00  1.6807E-02  0.0000E+00  3.6258E-05  3.2459E+24  1.9175E+24  3.2603E+25
     5    300.00    0.0000E+00  0.0000E+00  1.0951E-02  0.0000E+00  3.5199E-05  3.2459E+24  1.9175E+24  3.2603E+25
     6    320.00    0.0000E+00  0.0000E+00  7.1632E-03  0.0000E+00  3.4236E-05  3.2459E+24  1.9175E+24  3.2603E+25
     7    340.00    0.0000E+00  0.0000E+00  4.7139E-03  0.0000E+00  3.3325E-05  3.2459E+24  1.9175E+24  3.2603E+25
     8    360.00    0.0000E+00  0.0000E+00  3.1170E-03  0.0000E+00  3.2479E-05  3.2459E+24  1.9175E+24  3.2603E+25
     9    380.00    0.0000E+00  0.0000E+00  2.0693E-03  0.0000E+00  3.1662E-05  3.2459E+24  1.9175E+24  3.2603E+25
    10    400.00    0.0000E+00  0.0000E+00  1.3785E-03  0.0000E+00  3.0871E-05  3.2459E+24  1.9175E+24  3.2603E+25
    11    420.00    0.0000E+00  0.0000E+00  9.1829E-04  0.0000E+00  3.0105E-05  3.2459E+24  1.9175E+24  3.2603E+25
    12    440.00    0.0000E+00  0.0000E+00  6.1599E-04  0.0000E+00  2.9363E-05  3.2459E+24  1.9175E+24  3.2603E+25
    13    460.00    0.0000E+00  0.0000E+00  4.1417E-04  0.0000E+00  2.8643E-05  3.2459E+24  1.9175E+24  3.2603E+25
    14    480.00    0.0000E+00  0.0000E+00  2.7913E-04  0.0000E+00  2.7945E-05  3.2459E+24  1.9175E+24  3.2603E+25
    16    520.00    0.0000E+00  0.0000E+00  1.2766E-04  0.0000E+00  2.6611E-05  3.2459E+24  1.9175E+24  3.2603E+25
    18    560.00    0.0000E+00  0.0000E+00  5.8911E-05  0.0000E+00  2.5356E-05  3.2459E+24  1.9175E+24  3.2603E+25
    20    600.00    0.0000E+00  0.0000E+00  2.7429E-05  0.0000E+00  2.4173E-05  3.2459E+24  1.9175E+24  3.2603E+25
    22    640.00    0.0000E+00  0.0000E+00  1.2883E-05  0.0000E+00  2.3058E-05  3.2459E+24  1.9175E+24  3.2603E+25
    24    680.00    0.0000E+00  0.0000E+00  6.1028E-06  0.0000E+00  2.2006E-05  3.2459E+24  1.9175E+24  3.2603E+25
    26    720.00    0.0000E+00  0.0000E+00  2.9155E-06  0.0000E+00  2.1013E-05  3.2459E+24  1.9175E+24  3.2603E+25
    28    760.00    0.0000E+00  0.0000E+00  1.4044E-06  0.0000E+00  2.0075E-05  3.2459E+24  1.9175E+24  3.2603E+25
    30    800.00    0.0000E+00  0.0000E+00  6.8205E-07  0.0000E+00  1.9189E-05  3.2459E+24  1.9175E+24  3.2603E+25
    35    900.00    0.0000E+00  0.0000E+00  1.1607E-07  0.0000E+00  1.7178E-05  3.2459E+24  1.9175E+24  3.2603E+25
    40   1000.00    0.0000E+00  0.0000E+00  2.0724E-08  0.0000E+00  1.5425E-05  3.2459E+24  1.9175E+24  3.2603E+25
    45   1100.00    0.0000E+00  0.0000E+00  3.8749E-09  0.0000E+00  1.3890E-05  3.2459E+24  1.9175E+24  3.2603E+25
    50   1200.00    0.0000E+00  0.0000E+00  7.5732E-10  0.0000E+00  1.2543E-05  3.2459E+24  1.9175E+24  3.2603E+25
    55   1300.00    0.0000E+00  0.0000E+00  1.5445E-10  0.0000E+00  1.1356E-05  3.2459E+24  1.9175E+24  3.2603E+25
    60   1400.00    0.0000E+00  0.0000E+00  3.2813E-11  0.0000E+00  1.0308E-05  3.2459E+24  1.9175E+24  3.2603E+25
    70   1600.00    0.0000E+00  0.0000E+00  1.6642E-12  0.0000E+00  8.5559E-06  3.2459E+24  1.9175E+24  3.2603E+25
    80   1800.00    0.0000E+00  0.0000E+00  9.7669E-14  0.0000E+00  7.1664E-06  3.2459E+24  1.9175E+24  3.2603E+25
    90   2000.00    0.0000E+00  0.0000E+00  6.5635E-15  0.0000E+00  6.0535E-06  3.2459E+24  1.9175E+24  3.2603E+25
   100   2200.00    0.0000E+00  0.0000E+00  5.0030E-16  0.0000E+00  5.1540E-06  3.2459E+24  1.9175E+24  3.2603E+25
   110   2400.00    0.0000E+00  0.0000E+00  4.2884E-17  0.0000E+00  4.4204E-06  3.2459E+24  1.9175E+24  3.2603E+25
   120   2600.00    0.0000E+00  0.0000E+00  4.1013E-18  0.0000E+00  3.8172E-06  3.2459E+24  1.9175E+24  3.2603E+25
   130   2800.00    0.0000E+00  0.0000E+00  4.3452E-19  0.0000E+00  3.3175E-06  3.2459E+24  1.9175E+24  3.2603E+25
   140   3000.00    0.0000E+00  0.0000E+00  5.0665E-20  0.0000E+00  2.9006E-06  3.2459E+24  1.9175E+24  3.2603E+25
   150   3200.00    0.0000E+00  0.0000E+00  6.4624E-21  0.0000E+00  2.5503E-06  3.2459E+24  1.9175E+24  3.2603E+25
   160   3400.00    0.0000E+00  0.0000E+00  8.9680E-22  0.0000E+00  2.2541E-06  3.2459E+24  1.9175E+24  3.2603E+25
   170   3600.00    0.0000E+00  0.0000E+00  1.3471E-22  0.0000E+00  2.0023E-06  3.2459E+24  1.9175E+24  3.2603E+25
   180   3800.00    0.0000E+00  0.0000E+00  2.1801E-23  0.0000E+00  1.7869E-06  3.2459E+24  1.9175E+24  3.2603E+25
   190   4000.00    0.0000E+00  0.0000E+00  3.7848E-24  0.0000E+00  1.6016E-06  3.2459E+24  1.9175E+24  3.2603E+25
   200   4200.00    0.0000E+00  0.0000E+00  7.0209E-25  0.0000E+00  1.4416E-06  3.2459E+24  1.9175E+24  3.2603E+25
   210   4400.00    0.0000E+00  0.0000E+00  1.3865E-25  0.0000E+00  1.3026E-06  3.2459E+24  1.9175E+24  3.2603E+25
   220   4600.00    0.0000E+00  0.0000E+00  2.9047E-26  0.0000E+00  1.1814E-06  3.2459E+24  1.9175E+24  3.2603E+25
   230   4800.00    0.0000E+00  0.0000E+00  6.4358E-27  0.0000E+00  1.0752E-06  3.2459E+24  1.9175E+24  3.2603E+25
   240   5000.00    0.0000E+00  0.0000E+00  1.5036E-27  0.0000E+00  9.8177E-07  3.2459E+24  1.9175E+24  3.2603E+25
   250   5200.00    0.0000E+00  0.0000E+00  3.6937E-28  0.0000E+00  8.9930E-07  3.2459E+24  1.9175E+24  3.2603E+25
   260   5400.00    0.0000E+00  0.0000E+00  9.5176E-29  0.0000E+00  8.2622E-07  3.2459E+24  1.9175E+24  3.2603E+25
   270   5600.00    0.0000E+00  0.0000E+00  2.5660E-29  0.0000E+00  7.6123E-07  3.2459E+24  1.9175E+24  3.2603E+25
   280   5800.00    0.0000E+00  0.0000E+00  7.2229E-30  0.0000E+00  7.0325E-07  3.2459E+24  1.9175E+24  3.2603E+25
   290   6000.00    0.0000E+00  0.0000E+00  2.1181E-30  0.0000E+00  6.5135E-07  3.2459E+24  1.9175E+24  3.2603E+25
   300   6200.00    0.0000E+00  0.0000E+00  6.4587E-31  0.0000E+00  6.0475E-07  3.2459E+24  1.9175E+24  3.2603E+25
   310   6400.00    0.0000E+00  0.0000E+00  2.0441E-31  0.0000E+00  5.6279E-07  3.2459E+24  1.9175E+24  3.2603E+25
   320   6600.00    0.0000E+00  0.0000E+00  6.7027E-32  0.0000E+00  5.2490E-07  3.2459E+24  1.9175E+24  3.2603E+25
   330   6800.00    0.0000E+00  0.0000E+00  2.2736E-32  0.0000E+00  4.9061E-07  3.2459E+24  1.9175E+24  3.2603E+25
   340   7000.00    0.0000E+00  0.0000E+00  7.9655E-33  0.0000E+00  4.5948E-07  3.2459E+24  1.9175E+24  3.2603E+25
   350   7200.00    0.0000E+00  0.0000E+00  2.8783E-33  0.0000E+00  4.3116E-07  3.2459E+24  1.9175E+24  3.2603E+25
   360   7400.00    0.0000E+00  0.0000E+00  1.0713E-33  0.0000E+00  4.0533E-07  3.2459E+24  1.9175E+24  3.2603E+25
   370   7600.00    0.0000E+00  0.0000E+00  4.1017E-34  0.0000E+00  3.8172E-07  3.2459E+24  1.9175E+24  3.2603E+25
   380   7800.00    0.0000E+00  0.0000E+00  1.6136E-34  0.0000E+00  3.6010E-07  3.2459E+24  1.9175E+24  3.2603E+25
   390   8000.00    0.0000E+00  0.0000E+00  6.5145E-35  0.0000E+00  3.4026E-07  3.2459E+24  1.9175E+24  3.2603E+25
1                                                  COLLISION COEFFICIENTS FOR ELECTRONS
            ALT      CLELN2      CLELO2      CLELO       CLELHE      CLELH       CLELOX      CLELHL      CLELHD
     1    220.00    0.0000E+00  0.0000E+00  0.0000E+00  0.0000E+00  0.0000E+00  2.0519E+24  8.1992E+24  3.2559E+25
     2    240.00    0.0000E+00  0.0000E+00  0.0000E+00  0.0000E+00  0.0000E+00  2.0519E+24  8.1992E+24  3.2559E+25
     3    260.00    0.0000E+00  0.0000E+00  0.0000E+00  0.0000E+00  0.0000E+00  2.0519E+24  8.1992E+24  3.2559E+25
     4    280.00    0.0000E+00  0.0000E+00  0.0000E+00  0.0000E+00  0.0000E+00  2.0519E+24  8.1992E+24  3.2559E+25
     5    300.00    0.0000E+00  0.0000E+00  0.0000E+00  0.0000E+00  0.0000E+00  2.0519E+24  8.1992E+24  3.2559E+25
     6    320.00    0.0000E+00  0.0000E+00  0.0000E+00  0.0000E+00  0.0000E+00  2.0519E+24  8.1992E+24  3.2559E+25
     7    340.00    0.0000E+00  0.0000E+00  0.0000E+00  0.0000E+00  0.0000E+00  2.0519E+24  8.1992E+24  3.2559E+25
     8    360.00    0.0000E+00  0.0000E+00  0.0000E+00  0.0000E+00  0.0000E+00  2.0519E+24  8.1992E+24  3.2559E+25
     9    380.00    0.0000E+00  0.0000E+00  0.0000E+00  0.0000E+00  0.0000E+00  2.0519E+24  8.1992E+24  3.2559E+25
    10    400.00    0.0000E+00  0.0000E+00  0.0000E+00  0.0000E+00  0.0000E+00  2.0519E+24  8.1992E+24  3.2559E+25
    11    420.00    0.0000E+00  0.0000E+00  0.0000E+00  0.0000E+00  0.0000E+00  2.0519E+24  8.1992E+24  3.2559E+25
    12    440.00    0.0000E+00  0.0000E+00  0.0000E+00  0.0000E+00  0.0000E+00  2.0519E+24  8.1992E+24  3.2559E+25
    13    460.00    0.0000E+00  0.0000E+00  0.0000E+00  0.0000E+00  0.0000E+00  2.0519E+24  8.1992E+24  3.2559E+25
    14    480.00    0.0000E+00  0.0000E+00  0.0000E+00  0.0000E+00  0.0000E+00  2.0519E+24  8.1992E+24  3.2559E+25
    16    520.00    0.0000E+00  0.0000E+00  0.0000E+00  0.0000E+00  0.0000E+00  2.0519E+24  8.1992E+24  3.2559E+25
    18    560.00    0.0000E+00  0.0000E+00  0.0000E+00  0.0000E+00  0.0000E+00  2.0519E+24  8.1992E+24  3.2559E+25
    20    600.00    0.0000E+00  0.0000E+00  0.0000E+00  0.0000E+00  0.0000E+00  2.0519E+24  8.1992E+24  3.2559E+25
    22    640.00    0.0000E+00  0.0000E+00  0.0000E+00  0.0000E+00  0.0000E+00  2.0519E+24  8.1992E+24  3.2559E+25
    24    680.00    0.0000E+00  0.0000E+00  0.0000E+00  0.0000E+00  0.0000E+00  2.0519E+24  8.1992E+24  3.2559E+25
    26    720.00    0.0000E+00  0.0000E+00  0.0000E+00  0.0000E+00  0.0000E+00  2.0519E+24  8.1992E+24  3.2559E+25
    28    760.00    0.0000E+00  0.0000E+00  0.0000E+00  0.0000E+00  0.0000E+00  2.0519E+24  8.1992E+24  3.2559E+25
    30    800.00    0.0000E+00  0.0000E+00  0.0000E+00  0.0000E+00  0.0000E+00  2.0519E+24  8.1992E+24  3.2559E+25
    35    900.00    0.0000E+00  0.0000E+00  0.0000E+00  0.0000E+00  0.0000E+00  2.0519E+24  8.1992E+24  3.2559E+25
    40   1000.00    0.0000E+00  0.0000E+00  0.0000E+00  0.0000E+00  0.0000E+00  2.0519E+24  8.1992E+24  3.2559E+25
    45   1100.00    0.0000E+00  0.0000E+00  0.0000E+00  0.0000E+00  0.0000E+00  2.0519E+24  8.1992E+24  3.2559E+25
    50   1200.00    0.0000E+00  0.0000E+00  0.0000E+00  0.0000E+00  0.0000E+00  2.0519E+24  8.1992E+24  3.2559E+25
    55   1300.00    0.0000E+00  0.0000E+00  0.0000E+00  0.0000E+00  0.0000E+00  2.0519E+24  8.1992E+24  3.2559E+25
    60   1400.00    0.0000E+00  0.0000E+00  0.0000E+00  0.0000E+00  0.0000E+00  2.0519E+24  8.1992E+24  3.2559E+25
    70   1600.00    0.0000E+00  0.0000E+00  0.0000E+00  0.0000E+00  0.0000E+00  2.0519E+24  8.1992E+24  3.2559E+25
    80   1800.00    0.0000E+00  0.0000E+00  0.0000E+00  0.0000E+00  0.0000E+00  2.0519E+24  8.1992E+24  3.2559E+25
    90   2000.00    0.0000E+00  0.0000E+00  0.0000E+00  0.0000E+00  0.0000E+00  2.0519E+24  8.1992E+24  3.2559E+25
   100   2200.00    0.0000E+00  0.0000E+00  0.0000E+00  0.0000E+00  0.0000E+00  2.0519E+24  8.1992E+24  3.2559E+25
   110   2400.00    0.0000E+00  0.0000E+00  0.0000E+00  0.0000E+00  0.0000E+00  2.0519E+24  8.1992E+24  3.2559E+25
   120   2600.00    0.0000E+00  0.0000E+00  0.0000E+00  0.0000E+00  0.0000E+00  2.0519E+24  8.1992E+24  3.2559E+25
   130   2800.00    0.0000E+00  0.0000E+00  0.0000E+00  0.0000E+00  0.0000E+00  2.0519E+24  8.1992E+24  3.2559E+25
   140   3000.00    0.0000E+00  0.0000E+00  0.0000E+00  0.0000E+00  0.0000E+00  2.0519E+24  8.1992E+24  3.2559E+25
   150   3200.00    0.0000E+00  0.0000E+00  0.0000E+00  0.0000E+00  0.0000E+00  2.0519E+24  8.1992E+24  3.2559E+25
   160   3400.00    0.0000E+00  0.0000E+00  0.0000E+00  0.0000E+00  0.0000E+00  2.0519E+24  8.1992E+24  3.2559E+25
   170   3600.00    0.0000E+00  0.0000E+00  0.0000E+00  0.0000E+00  0.0000E+00  2.0519E+24  8.1992E+24  3.2559E+25
   180   3800.00    0.0000E+00  0.0000E+00  0.0000E+00  0.0000E+00  0.0000E+00  2.0519E+24  8.1992E+24  3.2559E+25
   190   4000.00    0.0000E+00  0.0000E+00  0.0000E+00  0.0000E+00  0.0000E+00  2.0519E+24  8.1992E+24  3.2559E+25
   200   4200.00    0.0000E+00  0.0000E+00  0.0000E+00  0.0000E+00  0.0000E+00  2.0519E+24  8.1992E+24  3.2559E+25
   210   4400.00    0.0000E+00  0.0000E+00  0.0000E+00  0.0000E+00  0.0000E+00  2.0519E+24  8.1992E+24  3.2559E+25
   220   4600.00    0.0000E+00  0.0000E+00  0.0000E+00  0.0000E+00  0.0000E+00  2.0519E+24  8.1992E+24  3.2559E+25
   230   4800.00    0.0000E+00  0.0000E+00  0.0000E+00  0.0000E+00  0.0000E+00  2.0519E+24  8.1992E+24  3.2559E+25
   240   5000.00    0.0000E+00  0.0000E+00  0.0000E+00  0.0000E+00  0.0000E+00  2.0519E+24  8.1992E+24  3.2559E+25
   250   5200.00    0.0000E+00  0.0000E+00  0.0000E+00  0.0000E+00  0.0000E+00  2.0519E+24  8.1992E+24  3.2559E+25
   260   5400.00    0.0000E+00  0.0000E+00  0.0000E+00  0.0000E+00  0.0000E+00  2.0519E+24  8.1992E+24  3.2559E+25
   270   5600.00    0.0000E+00  0.0000E+00  0.0000E+00  0.0000E+00  0.0000E+00  2.0519E+24  8.1992E+24  3.2559E+25
   280   5800.00    0.0000E+00  0.0000E+00  0.0000E+00  0.0000E+00  0.0000E+00  2.0519E+24  8.1992E+24  3.2559E+25
   290   6000.00    0.0000E+00  0.0000E+00  0.0000E+00  0.0000E+00  0.0000E+00  2.0519E+24  8.1992E+24  3.2559E+25
   300   6200.00    0.0000E+00  0.0000E+00  0.0000E+00  0.0000E+00  0.0000E+00  2.0519E+24  8.1992E+24  3.2559E+25
   310   6400.00    0.0000E+00  0.0000E+00  0.0000E+00  0.0000E+00  0.0000E+00  2.0519E+24  8.1992E+24  3.2559E+25
   320   6600.00    0.0000E+00  0.0000E+00  0.0000E+00  0.0000E+00  0.0000E+00  2.0519E+24  8.1992E+24  3.2559E+25
   330   6800.00    0.0000E+00  0.0000E+00  0.0000E+00  0.0000E+00  0.0000E+00  2.0519E+24  8.1992E+24  3.2559E+25
   340   7000.00    0.0000E+00  0.0000E+00  0.0000E+00  0.0000E+00  0.0000E+00  2.0519E+24  8.1992E+24  3.2559E+25
   350   7200.00    0.0000E+00  0.0000E+00  0.0000E+00  0.0000E+00  0.0000E+00  2.0519E+24  8.1992E+24  3.2559E+25
   360   7400.00    0.0000E+00  0.0000E+00  0.0000E+00  0.0000E+00  0.0000E+00  2.0519E+24  8.1992E+24  3.2559E+25
   370   7600.00    0.0000E+00  0.0000E+00  0.0000E+00  0.0000E+00  0.0000E+00  2.0519E+24  8.1992E+24  3.2559E+25
   380   7800.00    0.0000E+00  0.0000E+00  0.0000E+00  0.0000E+00  0.0000E+00  2.0519E+24  8.1992E+24  3.2559E+25
   390   8000.00    0.0000E+00  0.0000E+00  0.0000E+00  0.0000E+00  0.0000E+00  2.0519E+24  8.1992E+24  3.2559E+25
1                                                  COLLISION FREQUENCIES FOR OXYGEN
            ALT       CFOXN2      CFOXO2      CFOXO       CFOXHE      CFOXH       CFOXHL      CFOXHD      CFOXEL
     1    220.00    8.0731E-01  5.0268E-02  6.9437E-01  8.5621E-05  2.1612E-05  7.4603E-08  6.6655E-05  1.4847E-03
     2    240.00    3.7542E-01  2.0987E-02  4.3448E-01  7.6364E-05  2.0279E-05  1.4106E-07  1.1074E-04  1.2043E-03
     3    260.00    1.7737E-01  8.9154E-03  2.7691E-01  6.8426E-05  1.9439E-05  2.6915E-07  1.6445E-04  1.0127E-03
     4    280.00    8.4670E-02  3.8310E-03  1.7879E-01  6.1480E-05  1.8810E-05  5.3855E-07  2.2773E-04  8.4018E-04
     5    300.00    4.0724E-02  1.6601E-03  1.1690E-01  5.5334E-05  1.8283E-05  1.1851E-06  3.0218E-04  6.9149E-04
     6    320.00    1.9705E-02  7.2423E-04  7.6784E-02  4.9863E-05  1.7800E-05  2.7360E-06  3.9489E-04  5.7293E-04
     7    340.00    9.5846E-03  3.1782E-04  5.0790E-02  4.4975E-05  1.7342E-05  5.8404E-06  5.1021E-04  4.8066E-04
     8    360.00    4.6841E-03  1.4023E-04  3.3808E-02  4.0598E-05  1.6920E-05  1.0694E-05  6.4850E-04  4.0907E-04
     9    380.00    2.2995E-03  6.2187E-05  2.2643E-02  3.6672E-05  1.6516E-05  1.6607E-05  7.9810E-04  3.5287E-04
    10    400.00    1.1338E-03  2.7715E-05  1.5269E-02  3.3147E-05  1.6133E-05  2.2115E-05  9.2835E-04  3.0789E-04
    11    420.00    5.6137E-04  1.2412E-05  1.0349E-02  2.9979E-05  1.5775E-05  2.5548E-05  9.9692E-04  2.7093E-04
    12    440.00    2.7912E-04  5.5851E-06  7.1050E-03  2.7131E-05  1.5442E-05  2.6048E-05  9.8807E-04  2.3995E-04
    13    460.00    1.3935E-04  2.5250E-06  4.9116E-03  2.4568E-05  1.5134E-05  2.4362E-05  9.3491E-04  2.1370E-04
    14    480.00    6.9856E-05  1.1468E-06  3.4092E-03  2.2260E-05  1.4842E-05  2.1818E-05  8.7581E-04  1.9149E-04
    16    520.00    1.7767E-05  2.3987E-07  1.6471E-03  1.8305E-05  1.4284E-05  1.7087E-05  7.9010E-04  1.5682E-04
    18    560.00    4.5909E-06  5.1085E-08  7.9417E-04  1.5088E-05  1.3736E-05  1.3806E-05  7.3659E-04  1.3160E-04
    20    600.00    1.2048E-06  1.1074E-08  3.8227E-04  1.2463E-05  1.3195E-05  1.1594E-05  6.9521E-04  1.1255E-04
    22    640.00    3.2104E-07  2.4430E-09  1.8412E-04  1.0317E-05  1.2662E-05  1.0019E-05  6.5769E-04  9.7566E-05
    24    680.00    8.6842E-08  5.4823E-10  8.8906E-05  8.5596E-06  1.2143E-05  8.8269E-06  6.2137E-04  8.5383E-05
    26    720.00    2.3840E-08  1.2512E-10  4.3097E-05  7.1162E-06  1.1638E-05  7.8777E-06  5.8554E-04  7.5248E-05
    28    760.00    6.6400E-09  2.9033E-11  2.0992E-05  5.9285E-06  1.1152E-05  7.0927E-06  5.5011E-04  6.6710E-05
    30    800.00    1.8760E-09  6.8475E-12  1.0281E-05  4.9491E-06  1.0684E-05  6.4262E-06  5.1515E-04  5.9476E-05
    35    900.00    8.4585E-11  1.9830E-13  1.7738E-06  3.1787E-06  9.6003E-06  5.1218E-06  4.3159E-04  4.5764E-05
    40   1000.00    4.1483E-12  6.3218E-15  3.1919E-07  2.0663E-06  8.6391E-06  4.1756E-06  3.5761E-04  3.6369E-05
    45   1100.00    2.2055E-13  2.2101E-16  5.9969E-08  1.3587E-06  7.7901E-06  3.4664E-06  2.9572E-04  2.9623E-05
    50   1200.00    1.2670E-14  8.4422E-18  1.1754E-08  9.0342E-07  7.0402E-06  2.9187E-06  2.4525E-04  2.4571E-05
    55   1300.00    7.8417E-16  3.5112E-19  2.4005E-09  6.0711E-07  6.3768E-06  2.4860E-06  2.0446E-04  2.0670E-05
    60   1400.00    5.2135E-17  1.5849E-20  5.1016E-10  4.1218E-07  5.7889E-06  2.1380E-06  1.7158E-04  1.7590E-05
    70   1600.00    2.8260E-19  4.0769E-23  2.5829E-11  1.9560E-07  4.8023E-06  1.6202E-06  1.2361E-04  1.3094E-05
    80   1800.00    1.9775E-21  1.4041E-25  1.5098E-12  9.6274E-08  4.0179E-06  1.2605E-06  9.1944E-05  1.0034E-05
    90   2000.00    1.7540E-23  6.3411E-28  1.0092E-13  4.9018E-08  3.3888E-06  1.0018E-06  7.0517E-05  7.8657E-06
   100   2200.00    1.9395E-25  3.6843E-30  7.6440E-15  2.5756E-08  2.8802E-06  8.1052E-07  5.5592E-05  6.2807E-06
   110   2400.00    2.6337E-27  2.7070E-32  6.5073E-16  1.3936E-08  2.4655E-06  6.6603E-07  4.4887E-05  5.0932E-06
   120   2600.00    4.3318E-29  2.4760E-34  6.1786E-17  7.7500E-09  2.1249E-06  5.5491E-07  3.6993E-05  4.1852E-06
   130   2800.00    8.5225E-31  2.7792E-36  6.4975E-18  4.4215E-09  1.8431E-06  4.6813E-07  3.1024E-05  3.4790E-06
   140   3000.00    1.9828E-32  3.7784E-38  7.5191E-19  2.5837E-09  1.6082E-06  3.9946E-07  2.6392E-05  2.9214E-06
   150   3200.00    5.3981E-34  6.1474E-40  9.5188E-20  1.5441E-09  1.4112E-06  3.4449E-07  2.2743E-05  2.4757E-06
   160   3400.00    1.7032E-35  1.1838E-41  1.3111E-20  9.4242E-10  1.2449E-06  2.9995E-07  1.9823E-05  2.1151E-06
   170   3600.00    6.1729E-37  2.6711E-43  1.9548E-21  5.8670E-10  1.1038E-06  2.6349E-07  1.7446E-05  1.8205E-06
   180   3800.00    2.5490E-38  6.9958E-45  3.1407E-22  3.7212E-10  9.8322E-07  2.3323E-07  1.5482E-05  1.5775E-06
   190   4000.00    1.1902E-39  2.1086E-46  5.4141E-23  2.4021E-10  8.7975E-07  2.0799E-07  1.3838E-05  1.3752E-06
   200   4200.00    6.2407E-41  7.2558E-48  9.9741E-24  1.5764E-10  7.9050E-07  1.8665E-07  1.2451E-05  1.2057E-06
   210   4400.00    3.6508E-42  2.8295E-49  1.9565E-24  1.0509E-10  7.1313E-07  1.6850E-07  1.1266E-05  1.0625E-06
   220   4600.00    2.3685E-43  1.2419E-50  4.0727E-25  7.1096E-11  6.4577E-07  1.5297E-07  1.0246E-05  9.4085E-07
   230   4800.00    1.6947E-44  6.0968E-52  8.9679E-26  4.8778E-11  5.8686E-07  1.3957E-07  9.3591E-06  8.3682E-07
   240   5000.00    1.3305E-45  3.3277E-53  2.0828E-26  3.3912E-11  5.3515E-07  1.2791E-07  8.5822E-06  7.4736E-07
   250   5200.00    1.1406E-46  2.0083E-54  5.0883E-27  2.3875E-11  4.8956E-07  1.1768E-07  7.8968E-06  6.7004E-07
   260   5400.00    1.0629E-47  1.3334E-55  1.3042E-27  1.7010E-11  4.4924E-07  1.0866E-07  7.2884E-06  6.0289E-07
   270   5600.00    1.0722E-48  9.6923E-57  3.4990E-28  1.2257E-11  4.1344E-07  1.0064E-07  6.7452E-06  5.4432E-07
   280   5800.00    1.1662E-49  7.6792E-58  9.8040E-29  8.9279E-12  3.8156E-07  9.3475E-08  6.2577E-06  4.9304E-07
   290   6000.00    1.3629E-50  6.6040E-59  2.8630E-29  6.5699E-12  3.5307E-07  8.7031E-08  5.8182E-06  4.4795E-07
   300   6200.00    1.7053E-51  6.1403E-60  8.6970E-30  4.8821E-12  3.2754E-07  8.1201E-08  5.4201E-06  4.0813E-07
   310   6400.00    2.2773E-52  6.1502E-61  2.7431E-30  3.6618E-12  3.0459E-07  7.5897E-08  5.0581E-06  3.7283E-07
   320   6600.00    3.2358E-53  6.6129E-62  8.9681E-31  2.7710E-12  2.8390E-07  7.1047E-08  4.7277E-06  3.4143E-07
   330   6800.00    4.8785E-54  7.6087E-63  3.0342E-31  2.1147E-12  2.6520E-07  6.6590E-08  4.4253E-06  3.1340E-07
   340   7000.00    7.7834E-55  9.3394E-64  1.0608E-31  1.6269E-12  2.4826E-07  6.2478E-08  4.1477E-06  2.8831E-07
   350   7200.00    1.3108E-55  1.2195E-64  3.8265E-32  1.2614E-12  2.3287E-07  5.8669E-08  3.8922E-06  2.6580E-07
   360   7400.00    2.3248E-56  1.6893E-65  1.4224E-32  9.8525E-13  2.1886E-07  5.5129E-08  3.6566E-06  2.4553E-07
   370   7600.00    4.3324E-57  2.4764E-66  5.4413E-33  7.7502E-13  2.0608E-07  5.1828E-08  3.4390E-06  2.2725E-07
   380   7800.00    8.4659E-58  3.8324E-67  2.1396E-33  6.1379E-13  1.9439E-07  4.8745E-08  3.2377E-06  2.1075E-07
   390   8000.00    1.7312E-58  6.2469E-68  8.6374E-34  4.8926E-13  1.8367E-07  4.6147E-08  3.0637E-06  1.9761E-07
1                                                  COLLISION FREQUENCIES FOR HELIUM
            ALT       CFHEN2      CFHEO2      CFHEO       CFHEHE      CFHEH       CFHEOX      CFHEHD      CFHEEL
     1    220.00    1.8940E+00  1.1583E-01  1.0109E+00  8.6412E-04  7.4834E-05  3.3101E+00  2.4693E-04  5.9310E-03
     2    240.00    8.8075E-01  4.8358E-02  6.2885E-01  7.7538E-04  6.9821E-05  3.7418E+00  4.1072E-04  4.8107E-03
     3    260.00    4.1611E-01  2.0543E-02  3.9909E-01  6.9822E-04  6.6720E-05  3.7162E+00  6.0977E-04  4.0455E-03
     4    280.00    1.9864E-01  8.8275E-03  2.5680E-01  6.3042E-04  6.4443E-05  3.4136E+00  8.4318E-04  3.3562E-03
     5    300.00    9.5541E-02  3.8252E-03  1.6732E-01  5.6991E-04  6.2561E-05  3.0146E+00  1.1183E-03  2.7623E-03
     6    320.00    4.6230E-02  1.6688E-03  1.0945E-01  5.1512E-04  6.0850E-05  2.6437E+00  1.4642E-03  2.2886E-03
     7    340.00    2.2486E-02  7.3232E-04  7.2028E-02  4.6605E-04  5.9231E-05  2.3110E+00  1.8973E-03  1.9201E-03
     8    360.00    1.0989E-02  3.2311E-04  4.7627E-02  4.2264E-04  5.7727E-05  2.0066E+00  2.4174E-03  1.6341E-03
     9    380.00    5.3947E-03  1.4329E-04  3.1618E-02  3.8447E-04  5.6275E-05  1.7241E+00  2.9805E-03  1.4096E-03
    10    400.00    2.6598E-03  6.3862E-05  2.1063E-02  3.5119E-04  5.4869E-05  1.4555E+00  3.4731E-03  1.2299E-03
    11    420.00    1.3170E-03  2.8600E-05  1.4031E-02  3.2258E-04  5.3507E-05  1.1949E+00  3.7377E-03  1.0823E-03
    12    440.00    6.5483E-04  1.2869E-05  9.4122E-03  2.9815E-04  5.2188E-05  9.5130E-01  3.7120E-03  9.5850E-04
    13    460.00    3.2693E-04  5.8181E-06  6.3285E-03  2.7689E-04  5.0909E-05  7.4329E-01  3.5146E-03  8.5365E-04
    14    480.00    1.6389E-04  2.6426E-06  4.2651E-03  2.5765E-04  4.9668E-05  5.8132E-01  3.2889E-03  7.6494E-04
    16    520.00    4.1682E-05  5.5271E-07  1.9506E-03  2.2250E-04  4.7298E-05  3.7519E-01  2.9512E-03  6.2643E-04
    18    560.00    1.0770E-05  1.1771E-07  9.0016E-04  1.9055E-04  4.5066E-05  2.6484E-01  2.7359E-03  5.2567E-04
    20    600.00    2.8265E-06  2.5518E-08  4.1911E-04  1.6197E-04  4.2964E-05  2.0095E-01  2.5715E-03  4.4958E-04
    22    640.00    7.5318E-07  5.6291E-09  1.9685E-04  1.3701E-04  4.0982E-05  1.6032E-01  2.4260E-03  3.8974E-04
    24    680.00    2.0374E-07  1.2632E-09  9.3251E-05  1.1556E-04  3.9112E-05  1.3237E-01  2.2882E-03  3.4107E-04
    26    720.00    5.5929E-08  2.8831E-10  4.4549E-05  9.7316E-05  3.7347E-05  1.1196E-01  2.1544E-03  3.0059E-04
    28    760.00    1.5578E-08  6.6898E-11  2.1459E-05  8.1907E-05  3.5681E-05  9.6442E-02  2.0234E-03  2.6648E-04
    30    800.00    4.4011E-09  1.5778E-11  1.0422E-05  6.8938E-05  3.4106E-05  8.4305E-02  1.8951E-03  2.3758E-04
    35    900.00    1.9844E-10  4.5693E-13  1.7735E-06  4.4919E-05  3.0532E-05  6.3366E-02  1.5905E-03  1.8281E-04
    40   1000.00    9.7322E-12  1.4567E-14  3.1666E-07  2.9471E-05  2.7415E-05  5.0173E-02  1.3215E-03  1.4528E-04
    45   1100.00    5.1741E-13  5.0926E-16  5.9208E-08  1.9512E-05  2.4688E-05  4.1034E-02  1.0962E-03  1.1833E-04
    50   1200.00    2.9725E-14  1.9453E-17  1.1572E-08  1.3044E-05  2.2293E-05  3.4282E-02  9.1184E-04  9.8150E-05
    55   1300.00    1.8397E-15  8.0906E-19  2.3599E-09  8.8054E-06  2.0184E-05  2.9093E-02  7.6238E-04  8.2571E-05
    60   1400.00    1.2231E-16  3.6519E-20  5.0138E-10  6.0011E-06  1.8322E-05  2.4994E-02  6.4150E-04  7.0267E-05
    70   1600.00    6.6299E-19  9.3940E-23  2.5429E-11  2.8654E-06  1.5207E-05  1.8979E-02  4.6433E-04  5.2307E-05
    80   1800.00    4.6394E-21  3.2355E-25  1.4924E-12  1.4170E-06  1.2737E-05  1.4831E-02  3.4662E-04  4.0083E-05
    90   2000.00    4.1150E-23  1.4611E-27  1.0029E-13  7.2419E-07  1.0759E-05  1.1842E-02  2.6648E-04  3.1421E-05
   100   2200.00    4.5502E-25  8.4894E-30  7.6445E-15  3.8170E-07  9.1604E-06  9.6185E-03  2.1038E-04  2.5089E-05
   110   2400.00    6.1787E-27  6.2375E-32  6.5526E-16  2.0707E-07  7.8566E-06  7.9230E-03  1.6997E-04  2.0345E-05
   120   2600.00    1.0163E-28  5.7052E-34  6.2668E-17  1.1540E-07  6.7846E-06  6.6060E-03  1.4008E-04  1.6718E-05
   130   2800.00    1.9994E-30  6.4039E-36  6.6394E-18  6.5951E-08  5.8964E-06  5.5672E-03  1.1742E-04  1.3897E-05
   140   3000.00    4.6517E-32  8.7062E-38  7.7415E-19  3.8590E-08  5.1553E-06  4.7372E-03  9.9805E-05  1.1670E-05
   150   3200.00    1.2664E-33  1.4165E-39  9.8745E-20  2.3085E-08  4.5328E-06  4.0665E-03  8.5920E-05  9.8893E-06
   160   3400.00    3.9958E-35  2.7278E-41  1.3703E-20  1.4098E-08  4.0064E-06  3.5189E-03  7.4806E-05  8.4492E-06
   170   3600.00    1.4482E-36  6.1548E-43  2.0583E-21  8.7789E-09  3.5588E-06  3.0676E-03  6.5767E-05  7.2722E-06
   180   3800.00    5.9801E-38  1.6120E-44  3.3311E-22  5.5678E-09  3.1759E-06  2.6923E-03  5.8300E-05  6.3014E-06
   190   4000.00    2.7923E-39  4.8586E-46  5.7832E-23  3.5928E-09  2.8467E-06  2.3774E-03  5.2055E-05  5.4935E-06
   200   4200.00    1.4641E-40  1.6719E-47  1.0728E-23  2.3565E-09  2.5622E-06  2.1112E-03  4.6792E-05  4.8162E-06
   210   4400.00    8.5649E-42  6.5198E-49  2.1185E-24  1.5696E-09  2.3152E-06  1.8845E-03  4.2306E-05  4.2443E-06
   220   4600.00    5.5567E-43  2.8617E-50  4.4384E-25  1.0609E-09  2.0997E-06  1.6902E-03  3.8446E-05  3.7583E-06
   230   4800.00    3.9759E-44  1.4048E-51  9.8338E-26  7.2700E-10  1.9110E-06  1.5226E-03  3.5097E-05  3.3428E-06
   240   5000.00    3.1214E-45  7.6676E-53  2.2974E-26  5.0478E-10  1.7450E-06  1.3771E-03  3.2168E-05  2.9854E-06
   250   5200.00    2.6758E-46  4.6276E-54  5.6440E-27  3.5488E-10  1.5984E-06  1.2500E-03  2.9589E-05  2.6766E-06
   260   5400.00    2.4935E-47  3.0724E-55  1.4543E-27  2.5247E-10  1.4685E-06  1.1384E-03  2.7302E-05  2.4083E-06
   270   5600.00    2.5153E-48  2.2333E-56  3.9209E-28  1.8165E-10  1.3530E-06  1.0399E-03  2.5264E-05  2.1744E-06
   280   5800.00    2.7361E-49  1.7695E-57  1.1036E-28  1.3211E-10  1.2499E-06  9.5260E-04  2.3437E-05  1.9695E-06
   290   6000.00    3.1974E-50  1.5217E-58  3.2365E-29  9.7069E-11  1.1577E-06  8.7478E-04  2.1792E-05  1.7894E-06
   300   6200.00    4.0007E-51  1.4149E-59  9.8688E-30  7.2026E-11  1.0749E-06  8.0505E-04  2.0303E-05  1.6303E-06
   310   6400.00    5.3425E-52  1.4171E-60  3.1233E-30  5.3947E-11  1.0003E-06  7.4227E-04  1.8950E-05  1.4893E-06
   320   6600.00    7.5913E-53  1.5238E-61  1.0242E-30  4.0769E-11  9.3294E-07  6.8550E-04  1.7715E-05  1.3639E-06
   330   6800.00    1.1445E-53  1.7532E-62  3.4740E-31  3.1077E-11  8.7198E-07  6.3394E-04  1.6586E-05  1.2519E-06
   340   7000.00    1.8260E-54  2.1520E-63  1.2171E-31  2.3884E-11  8.1666E-07  5.8696E-04  1.5548E-05  1.1517E-06
   350   7200.00    3.0752E-55  2.8099E-64  4.3980E-32  1.8502E-11  7.6632E-07  5.4400E-04  1.4594E-05  1.0618E-06
   360   7400.00    5.4541E-56  3.8925E-65  1.6369E-32  1.4441E-11  7.2042E-07  5.0461E-04  1.3712E-05  9.8080E-07
   370   7600.00    1.0164E-56  5.7062E-66  6.2673E-33  1.1354E-11  6.7846E-07  4.6839E-04  1.2898E-05  9.0776E-07
   380   7800.00    1.9861E-57  8.8306E-67  2.4655E-33  8.9896E-12  6.4003E-07  4.3509E-04  1.2144E-05  8.4186E-07
   390   8000.00    4.0615E-58  1.4394E-67  9.9541E-34  7.1654E-12  6.0476E-07  4.0835E-04  1.1491E-05  7.8938E-07
1                                                  COLLISION FREQUENCIES FOR HYDROGEN
            ALT       CFHN2       CFHO2       CFHO        CFHHE       CFHH        CFHOX       CFHHL       CFHEL
     1    220.00    3.9774E+00  2.4226E-01  1.4929E+00  6.8756E-04  7.0992E-04  6.1571E+00  5.3346E-07  2.3708E-02
     2    240.00    1.8496E+00  1.0114E-01  9.4028E-01  6.1323E-04  6.6770E-04  6.8802E+00  9.9832E-07  1.9230E-02
     3    260.00    8.7383E-01  4.2966E-02  6.0219E-01  5.4948E-04  6.4155E-04  6.8177E+00  1.9000E-06  1.6171E-02
     4    280.00    4.1714E-01  1.8463E-02  3.9060E-01  4.9370E-04  6.2241E-04  6.2855E+00  3.8100E-06  1.3416E-02
     5    300.00    2.0064E-01  8.0003E-03  2.5681E-01  4.4435E-04  6.0710E-04  5.5451E+00  8.3718E-06  1.1042E-02
     6    320.00    9.7082E-02  3.4903E-03  1.6970E-01  4.0042E-04  5.9354E-04  4.8094E+00  1.9152E-05  9.1484E-03
     7    340.00    4.7220E-02  1.5317E-03  1.1301E-01  3.6116E-04  5.8124E-04  4.1414E+00  4.0389E-05  7.6751E-03
     8    360.00    2.3077E-02  6.7579E-04  7.5810E-02  3.2601E-04  5.7064E-04  3.5521E+00  7.3231E-05  6.5319E-03
     9    380.00    1.1329E-02  2.9970E-04  5.1271E-02  2.9448E-04  5.6160E-04  3.0225E+00  1.1283E-04  5.6346E-03
    10    400.00    5.5857E-03  1.3357E-04  3.5054E-02  2.6618E-04  5.5507E-04  2.5233E+00  1.4885E-04  4.9163E-03
    11    420.00    2.7657E-03  5.9817E-05  2.4227E-02  2.4074E-04  5.5213E-04  2.0402E+00  1.6971E-04  4.3262E-03
    12    440.00    1.3751E-03  2.6916E-05  1.7031E-02  2.1787E-04  5.5277E-04  1.5996E+00  1.7075E-04  3.8314E-03
    13    460.00    6.8655E-04  1.2169E-05  1.2040E-02  1.9729E-04  5.5510E-04  1.2430E+00  1.5893E-04  3.4123E-03
    14    480.00    3.4416E-04  5.5270E-06  8.4995E-03  1.7875E-04  5.5686E-04  9.8044E-01  1.4340E-04  3.0577E-03
    16    520.00    8.7533E-05  1.1560E-06  4.1790E-03  1.4700E-04  5.5483E-04  6.6010E-01  1.1653E-04  2.5040E-03
    18    560.00    2.2618E-05  2.4619E-07  2.0271E-03  1.2116E-04  5.4602E-04  4.8723E-01  9.7901E-05  2.1013E-03
    20    600.00    5.9357E-06  5.3370E-08  9.7812E-04  1.0008E-04  5.3305E-04  3.8233E-01  8.4673E-05  1.7971E-03
    22    640.00    1.5817E-06  1.1773E-08  4.7199E-04  8.2852E-05  5.1784E-04  3.1193E-01  7.4618E-05  1.5579E-03
    24    680.00    4.2784E-07  2.6421E-09  2.2844E-04  6.8736E-05  5.0153E-04  2.6100E-01  6.6513E-05  1.3634E-03
    26    720.00    1.1745E-07  6.0299E-10  1.1109E-04  5.7145E-05  4.8480E-04  2.2221E-01  5.9696E-05  1.2015E-03
    28    760.00    3.2713E-08  1.3992E-10  5.4322E-05  4.7608E-05  4.6804E-04  1.9166E-01  5.3801E-05  1.0652E-03
    30    800.00    9.2423E-09  3.3000E-11  2.6728E-05  3.9743E-05  4.5150E-04  1.6710E-01  4.8625E-05  9.4969E-04
    35    900.00    4.1672E-10  9.5566E-13  4.6713E-06  2.5526E-05  4.1188E-04  1.2340E-01  3.8142E-05  7.3075E-04
    40   1000.00    2.0438E-11  3.0467E-14  8.5208E-07  1.6593E-05  3.7552E-04  9.5246E-02  3.0397E-05  5.8074E-04
    45   1100.00    1.0866E-12  1.0651E-15  1.6228E-07  1.0911E-05  3.4268E-04  7.5731E-02  2.4608E-05  4.7301E-04
    50   1200.00    6.2422E-14  4.0685E-17  3.2248E-08  7.2547E-06  3.1318E-04  6.1455E-02  2.0186E-05  3.9234E-04
    55   1300.00    3.8634E-15  1.6921E-18  6.6772E-09  4.8753E-06  2.8672E-04  5.0647E-02  1.6746E-05  3.3006E-04
    60   1400.00    2.5685E-16  7.6379E-20  1.4385E-09  3.3099E-06  2.6293E-04  4.2277E-02  1.4032E-05  2.8088E-04
    70   1600.00    1.3923E-18  1.9648E-22  7.4747E-11  1.5707E-06  2.2217E-04  3.0421E-02  1.0124E-05  2.0909E-04
    80   1800.00    9.7427E-21  6.7670E-25  4.4739E-12  7.7311E-07  1.8883E-04  2.2692E-02  7.5449E-06  1.6022E-04
    90   2000.00    8.6415E-23  3.0560E-27  3.0539E-13  3.9363E-07  1.6139E-04  1.7439E-02  5.7852E-06  1.2560E-04
   100   2200.00    9.5555E-25  1.7756E-29  2.3563E-14  2.0683E-07  1.3867E-04  1.3741E-02  4.5473E-06  1.0029E-04
   110   2400.00    1.2975E-26  1.3046E-31  2.0385E-15  1.1191E-07  1.1976E-04  1.1057E-02  3.6525E-06  8.1326E-05
   120   2600.00    2.1341E-28  1.1932E-33  1.9630E-16  6.2235E-08  1.0396E-04  9.0578E-03  2.9897E-06  6.6828E-05
   130   2800.00    4.1988E-30  1.3394E-35  2.0900E-17  3.5506E-08  9.0688E-05  7.5338E-03  2.4880E-06  5.5552E-05
   140   3000.00    9.7687E-32  1.8209E-37  2.4451E-18  2.0748E-08  7.9493E-05  6.3484E-03  2.1008E-06  4.6648E-05
   150   3200.00    2.6595E-33  2.9626E-39  3.1256E-19  1.2399E-08  7.0008E-05  5.4102E-03  1.7968E-06  3.9531E-05
   160   3400.00    8.3911E-35  5.7052E-41  4.3426E-20  7.5679E-09  6.1934E-05  4.6560E-03  1.5542E-06  3.3774E-05
   170   3600.00    3.0412E-36  1.2873E-42  6.5257E-21  4.7114E-09  5.5031E-05  4.0413E-03  1.3579E-06  2.9069E-05
   180   3800.00    1.2558E-37  3.3715E-44  1.0559E-21  2.9883E-09  4.9104E-05  3.5344E-03  1.1964E-06  2.5189E-05
   190   4000.00    5.8639E-39  1.0162E-45  1.8320E-22  1.9289E-09  4.3992E-05  3.1115E-03  1.0626E-06  2.1959E-05
   200   4200.00    3.0746E-40  3.4968E-47  3.3950E-23  1.2659E-09  3.9566E-05  2.7553E-03  9.5000E-07  1.9252E-05
   210   4400.00    1.7986E-41  1.3636E-48  6.6959E-24  8.4388E-10  3.5718E-05  2.4526E-03  8.5451E-07  1.6966E-05
   220   4600.00    1.1669E-42  5.9853E-50  1.4009E-24  5.7092E-10  3.2359E-05  2.1934E-03  7.7295E-07  1.5023E-05
   230   4800.00    8.3494E-44  2.9382E-51  3.0992E-25  3.9170E-10  2.9417E-05  1.9697E-03  7.0264E-07  1.3362E-05
   240   5000.00    6.5549E-45  1.6037E-52  7.2291E-26  2.7232E-10  2.6830E-05  1.7756E-03  6.4149E-07  1.1934E-05
   250   5200.00    5.6191E-46  9.6786E-54  1.7732E-26  1.9172E-10  2.4547E-05  1.6060E-03  5.8791E-07  1.0699E-05
   260   5400.00    5.2363E-47  6.4259E-55  4.5619E-27  1.3659E-10  2.2526E-05  1.4571E-03  5.4064E-07  9.6268E-06
   270   5600.00    5.2822E-48  4.6710E-56  1.2281E-27  9.8428E-11  2.0731E-05  1.3258E-03  4.9869E-07  8.6916E-06
   280   5800.00    5.7457E-49  3.7008E-57  3.4520E-28  7.1693E-11  1.9131E-05  1.2095E-03  4.6125E-07  7.8728E-06
   290   6000.00    6.7146E-50  3.1826E-58  1.0110E-28  5.2758E-11  1.7701E-05  1.1060E-03  4.2768E-07  7.1527E-06
   300   6200.00    8.4016E-51  2.9592E-59  3.0790E-29  3.9205E-11  1.6420E-05  1.0136E-03  3.9741E-07  6.5169E-06
   310   6400.00    1.1219E-51  2.9639E-60  9.7338E-30  2.9405E-11  1.5268E-05  9.3078E-04  3.7001E-07  5.9533E-06
   320   6600.00    1.5942E-52  3.1870E-61  3.1887E-30  2.2252E-11  1.4230E-05  8.5628E-04  3.4509E-07  5.4519E-06
   330   6800.00    2.4035E-53  3.6669E-62  1.0807E-30  1.6982E-11  1.3292E-05  7.8906E-04  3.2236E-07  5.0043E-06
   340   7000.00    3.8346E-54  4.5009E-63  3.7836E-31  1.3065E-11  1.2442E-05  7.2828E-04  3.0156E-07  4.6037E-06
   350   7200.00    6.4580E-55  5.8770E-64  1.3664E-31  1.0129E-11  1.1670E-05  6.7319E-04  2.8248E-07  4.2442E-06
   360   7400.00    1.1454E-55  8.1413E-65  5.0834E-32  7.9119E-12  1.0967E-05  6.2315E-04  2.6493E-07  3.9206E-06
   370   7600.00    2.1344E-56  1.1934E-65  1.9457E-32  6.2236E-12  1.0326E-05  5.7760E-04  2.4874E-07  3.6286E-06
   380   7800.00    4.1709E-57  1.8469E-66  7.6523E-33  4.9289E-12  9.7393E-06  5.3619E-04  2.3381E-07  3.3652E-06
   390   8000.00    8.5290E-58  3.0106E-67  3.0892E-33  3.9289E-12  9.2019E-06  5.0324E-04  2.2135E-07  3.1554E-06
1                                                  COLLISION FREQUENCIES FOR ELECTRONS
            ALT       CFELN2      CFELO2      CFELO       CFELHE      CFELH       CFELOX      CFELHL      CFELHD
     1    220.00    4.0484E+00  2.4604E-01  2.2621E+00  7.6540E-04  3.3524E-04  4.3497E+01  3.9913E-06  7.5219E-03
     2    240.00    1.8826E+00  1.0272E-01  1.4071E+00  6.8265E-04  3.1279E-04  3.5278E+01  5.4148E-06  9.0701E-03
     3    260.00    8.8944E-01  4.3637E-02  8.9302E-01  6.1168E-04  2.9890E-04  2.9663E+01  8.7470E-06  1.1429E-02
     4    280.00    4.2459E-01  1.8751E-02  5.7463E-01  5.4959E-04  2.8869E-04  2.4604E+01  1.5804E-05  1.4240E-02
     5    300.00    2.0422E-01  8.1253E-03  3.7440E-01  4.9465E-04  2.8026E-04  2.0244E+01  3.2402E-05  1.7622E-02
     6    320.00    9.8816E-02  3.5448E-03  2.4492E-01  4.4575E-04  2.7260E-04  1.6765E+01  7.0643E-05  2.1989E-02
     7    340.00    4.8064E-02  1.5556E-03  1.6117E-01  4.0205E-04  2.6534E-04  1.4056E+01  1.4463E-04  2.7662E-02
     8    360.00    2.3489E-02  6.8635E-04  1.0657E-01  3.6292E-04  2.5861E-04  1.1951E+01  2.5932E-04  3.4853E-02
     9    380.00    1.1531E-02  3.0438E-04  7.0749E-02  3.2782E-04  2.5210E-04  1.0296E+01  4.0378E-04  4.3428E-02
    10    400.00    5.6854E-03  1.3565E-04  4.7131E-02  2.9631E-04  2.4580E-04  8.9683E+00  5.5481E-04  5.2707E-02
    11    420.00    2.8151E-03  6.0751E-05  3.1397E-02  2.6800E-04  2.3970E-04  7.8765E+00  6.8564E-04  6.1481E-02
    12    440.00    1.3997E-03  2.7337E-05  2.1061E-02  2.4254E-04  2.3379E-04  6.9613E+00  7.7605E-04  6.8689E-02
    13    460.00    6.9881E-04  1.2359E-05  1.4161E-02  2.1962E-04  2.2806E-04  6.1865E+00  8.2555E-04  7.4328E-02
    14    480.00    3.5031E-04  5.6133E-06  9.5436E-03  1.9899E-04  2.2251E-04  5.5312E+00  8.4522E-04  7.8926E-02
    16    520.00    8.9096E-05  1.1741E-06  4.3646E-03  1.6364E-04  2.1189E-04  4.5079E+00  8.3588E-04  8.6191E-02
    18    560.00    2.3022E-05  2.5004E-07  2.0142E-03  1.3487E-04  2.0189E-04  3.7642E+00  7.9894E-04  9.0902E-02
    20    600.00    6.0417E-06  5.4204E-08  9.3781E-04  1.1141E-04  1.9247E-04  3.2039E+00  7.5265E-04  9.3062E-02
    22    640.00    1.6099E-06  1.1957E-08  4.4047E-04  9.2232E-05  1.8359E-04  2.7649E+00  7.0352E-04  9.3125E-02
    24    680.00    4.3548E-07  2.6834E-09  2.0866E-04  7.6518E-05  1.7522E-04  2.4095E+00  6.5421E-04  9.1631E-02
    26    720.00    1.1955E-07  6.1241E-10  9.9683E-05  6.3615E-05  1.6731E-04  2.1152E+00  6.0595E-04  8.9035E-02
    28    760.00    3.3297E-08  1.4210E-10  4.8018E-05  5.2997E-05  1.5984E-04  1.8684E+00  5.5947E-04  8.5667E-02
    30    800.00    9.4074E-09  3.3516E-11  2.3320E-05  4.4242E-05  1.5279E-04  1.6604E+00  5.1531E-04  8.1770E-02
    35    900.00    4.2417E-10  9.7059E-13  3.9684E-06  2.8416E-05  1.3678E-04  1.2696E+00  4.1781E-04  7.0933E-02
    40   1000.00    2.0802E-11  3.0943E-14  7.0856E-07  1.8471E-05  1.2282E-04  1.0050E+00  3.4055E-04  6.0278E-02
    45   1100.00    1.1060E-12  1.0818E-15  1.3248E-07  1.2146E-05  1.1060E-04  8.1675E-01  2.8091E-04  5.0946E-02
    50   1200.00    6.3537E-14  4.1321E-17  2.5893E-08  8.0760E-06  9.9869E-05  6.7658E-01  2.3452E-04  4.3131E-02
    55   1300.00    3.9324E-15  1.7186E-18  5.2806E-09  5.4272E-06  9.0422E-05  5.6879E-01  1.9788E-04  3.6679E-02
    60   1400.00    2.6144E-16  7.7573E-20  1.1219E-09  3.6846E-06  8.2078E-05  4.8388E-01  1.6853E-04  3.1369E-02
    70   1600.00    1.4172E-18  1.9955E-22  5.6901E-11  1.7486E-06  6.8124E-05  3.6018E-01  1.2519E-04  2.3378E-02
    80   1800.00    9.9167E-21  6.8727E-25  3.3394E-12  8.6063E-07  5.7060E-05  2.7605E-01  9.5523E-05  1.7867E-02
    90   2000.00    8.7958E-23  3.1037E-27  2.2441E-13  4.3819E-07  4.8200E-05  2.1642E-01  7.4538E-05  1.3979E-02
   100   2200.00    9.7261E-25  1.8033E-29  1.7105E-14  2.3024E-07  4.1037E-05  1.7280E-01  5.9287E-05  1.1168E-02
   110   2400.00    1.3207E-26  1.3250E-31  1.4662E-15  1.2458E-07  3.5196E-05  1.4010E-01  4.7951E-05  9.0852E-03
   120   2600.00    2.1723E-28  1.2119E-33  1.4023E-16  6.9280E-08  3.0394E-05  1.1508E-01  3.9359E-05  7.5081E-03
   130   2800.00    4.2738E-30  1.3603E-35  1.4857E-17  3.9526E-08  2.6415E-05  9.5616E-02  3.2735E-05  6.2898E-03
   140   3000.00    9.9431E-32  1.8494E-37  1.7323E-18  2.3097E-08  2.3095E-05  8.0244E-02  2.7550E-05  5.3289E-03
   150   3200.00    2.7070E-33  3.0089E-39  2.2095E-19  1.3803E-08  2.0306E-05  6.7953E-02  2.3437E-05  4.5631E-03
   160   3400.00    8.5410E-35  5.7943E-41  3.0662E-20  8.4247E-09  1.7948E-05  5.8010E-02  2.0132E-05  3.9452E-03
   170   3600.00    3.0955E-36  1.3074E-42  4.6058E-21  5.2448E-09  1.5943E-05  4.9885E-02  1.7445E-05  3.4400E-03
   180   3800.00    1.2782E-37  3.4242E-44  7.4538E-22  3.3266E-09  1.4228E-05  4.3184E-02  1.5231E-05  3.0218E-03
   190   4000.00    5.9686E-39  1.0321E-45  1.2941E-22  2.1473E-09  1.2753E-05  3.7610E-02  1.3397E-05  2.6720E-03
   200   4200.00    3.1295E-40  3.5514E-47  2.4005E-23  1.4092E-09  1.1478E-05  3.2938E-02  1.1856E-05  2.3776E-03
   210   4400.00    1.8307E-41  1.3849E-48  4.7404E-24  9.3941E-10  1.0372E-05  2.8995E-02  1.0555E-05  2.1276E-03
   220   4600.00    1.1877E-42  6.0788E-50  9.9314E-25  6.3556E-10  9.4063E-06  2.5645E-02  9.4496E-06  1.9136E-03
   230   4800.00    8.4985E-44  2.9841E-51  2.2004E-25  4.3604E-10  8.5608E-06  2.2782E-02  8.5024E-06  1.7291E-03
   240   5000.00    6.6719E-45  1.6287E-52  5.1408E-26  3.0315E-10  7.8171E-06  2.0322E-02  7.6851E-06  1.5690E-03
   250   5200.00    5.7195E-46  9.8298E-54  1.2629E-26  2.1342E-10  7.1605E-06  1.8197E-02  6.9751E-06  1.4293E-03
   260   5400.00    5.3298E-47  6.5263E-55  3.2541E-27  1.5206E-10  6.5786E-06  1.6352E-02  6.3548E-06  1.3066E-03
   270   5600.00    5.3766E-48  4.7440E-56  8.7735E-28  1.0957E-10  6.0611E-06  1.4745E-02  5.8099E-06  1.1984E-03
   280   5800.00    5.8483E-49  3.7587E-57  2.4695E-28  7.9810E-11  5.5994E-06  1.3339E-02  5.3291E-06  1.1025E-03
   290   6000.00    6.8345E-50  3.2324E-58  7.2420E-29  5.8731E-11  5.1862E-06  1.2103E-02  4.9027E-06  1.0171E-03
   300   6200.00    8.5516E-51  3.0054E-59  2.2083E-29  4.3643E-11  4.8151E-06  1.1013E-02  4.5228E-06  9.4074E-04
   310   6400.00    1.1420E-51  3.0102E-60  6.9888E-30  3.2734E-11  4.4811E-06  1.0048E-02  4.1830E-06  8.7222E-04
   320   6600.00    1.6226E-52  3.2367E-61  2.2917E-30  2.4771E-11  4.1794E-06  9.1899E-03  3.8779E-06  8.1051E-04
   330   6800.00    2.4464E-53  3.7241E-62  7.7734E-31  1.8904E-11  3.9063E-06  8.4247E-03  3.6029E-06  7.5474E-04
   340   7000.00    3.9031E-54  4.5712E-63  2.7234E-31  1.4544E-11  3.6585E-06  7.7404E-03  3.3545E-06  7.0418E-04
   350   7200.00    6.5733E-55  5.9688E-64  9.8411E-32  1.1276E-11  3.4330E-06  7.1268E-03  3.1293E-06  6.5821E-04
   360   7400.00    1.1658E-55  8.2685E-65  3.6628E-32  8.8075E-12  3.2273E-06  6.5751E-03  2.9246E-06  6.1632E-04
   370   7600.00    2.1726E-56  1.2121E-65  1.4024E-32  6.9282E-12  3.0394E-06  6.0778E-03  2.7381E-06  5.7804E-04
   380   7800.00    4.2453E-57  1.8758E-66  5.5169E-33  5.4869E-12  2.8672E-06  5.6296E-03  2.5679E-06  5.4301E-04
   390   8000.00    8.6814E-58  3.0576E-67  2.2274E-33  4.3737E-12  2.7092E-06  5.2748E-03  2.4270E-06  5.1296E-04
1                                             INITIAL OXYGEN PARAMETERS
                ALT          VELOCITY        MACH NO         DENSITY         PRESSURE      TEMPERATURE

     0        200.00       0.00000E+00     0.00000E+00     9.27255E+04     1.01776E-08     7.94973E+02
     1        220.00      -4.51894E+03    -5.36696E-02     1.40169E+05     1.58364E-08     8.18301E+02
     2        240.00      -4.58689E+03    -5.40378E-02     1.63080E+05     1.87255E-08     8.31651E+02
     3        260.00      -4.42828E+03    -5.18104E-02     1.66463E+05     1.93796E-08     8.43207E+02
     4        280.00      -3.39990E+03    -3.95280E-02     1.57522E+05     1.85717E-08     8.53924E+02
     5        300.00      -1.52337E+03    -1.75847E-02     1.43142E+05     1.71197E-08     8.66240E+02
     6        320.00       8.28612E+02     9.48084E-03     1.28342E+05     1.56231E-08     8.81672E+02
     7        340.00       3.49790E+03     3.95732E-02     1.14935E+05     1.43106E-08     9.01802E+02
     8        360.00       6.32784E+03     7.05516E-02     1.03374E+05     1.32526E-08     9.28529E+02
     9        380.00       9.27139E+03     1.01414E-01     9.35218E+04     1.24566E-08     9.64703E+02
    10        400.00       1.23506E+04     1.31636E-01     8.50638E+04     1.19334E-08     1.01608E+03
    11        420.00       1.55176E+04     1.59559E-01     7.76536E+04     1.17046E-08     1.09170E+03
    12        440.00       1.85722E+04     1.82307E-01     7.10695E+04     1.17542E-08     1.19789E+03
    13        460.00       2.13621E+04     1.98802E-01     6.52006E+04     1.19975E-08     1.33275E+03
    14        480.00       2.38623E+04     2.10308E-01     6.00183E+04     1.23136E-08     1.48597E+03
    16        520.00       2.83100E+04     2.26636E-01     5.15158E+04     1.28100E-08     1.80102E+03
    18        560.00       3.22730E+04     2.40237E-01     4.49918E+04     1.29397E-08     2.08304E+03
    20        600.00       3.56424E+04     2.51550E-01     3.98388E+04     1.27463E-08     2.31731E+03
    22        640.00       3.81631E+04     2.58947E-01     3.56119E+04     1.23268E-08     2.50705E+03
    24        680.00       3.96563E+04     2.61279E-01     3.20321E+04     1.17596E-08     2.65897E+03
    26        720.00       4.01148E+04     2.58510E-01     2.89379E+04     1.11048E-08     2.77941E+03
    28        760.00       3.97143E+04     2.51684E-01     2.62398E+04     1.04120E-08     2.87398E+03
    30        800.00       3.87542E+04     2.42505E-01     2.38850E+04     9.72102E-09     2.94778E+03
    35        900.00       3.58259E+04     2.19666E-01     1.92445E+04     8.15762E-09     3.07019E+03
    40       1000.00       3.38625E+04     2.05246E-01     1.59168E+04     6.90456E-09     3.14187E+03
    45       1100.00       3.28920E+04     1.97960E-01     1.34277E+04     5.90772E-09     3.18658E+03
    50       1200.00       3.24562E+04     1.94521E-01     1.14897E+04     5.09755E-09     3.21337E+03
    55       1300.00       3.23022E+04     1.93197E-01     9.93763E+03     4.42728E-09     3.22673E+03
    60       1400.00       3.23194E+04     1.93211E-01     8.66957E+03     3.86589E-09     3.22968E+03
    70       1600.00       3.26884E+04     1.95927E-01     6.73436E+03     2.98733E-09     3.21288E+03
    80       1800.00       3.33761E+04     2.01219E-01     5.34423E+03     2.34319E-09     3.17563E+03
    90       2000.00       3.43059E+04     2.08468E-01     4.31295E+03     1.86133E-09     3.12577E+03
   100       2200.00       3.54294E+04     2.17303E-01     3.52905E+03     1.49501E-09     3.06828E+03
   110       2400.00       3.67190E+04     2.27519E-01     2.92165E+03     1.21274E-09     3.00639E+03
   120       2600.00       3.81644E+04     2.39036E-01     2.44362E+03     9.92691E-10     2.94230E+03
   130       2800.00       3.97575E+04     2.51803E-01     2.06240E+03     8.19374E-10     2.87751E+03
   140       3000.00       4.14966E+04     2.65811E-01     1.75481E+03     6.81551E-10     2.81305E+03
   150       3200.00       4.33462E+04     2.80842E-01     1.50417E+03     5.71035E-10     2.74963E+03
   160       3400.00       4.53131E+04     2.96948E-01     1.29796E+03     4.81658E-10     2.68772E+03
   170       3600.00       4.73928E+04     3.14107E-01     1.12689E+03     4.08829E-10     2.62766E+03
   180       3800.00       4.95869E+04     3.32335E-01     9.83915E+02     3.49084E-10     2.56969E+03
   190       4000.00       5.18714E+04     3.51475E-01     8.63519E+02     2.99729E-10     2.51400E+03
   200       4200.00       5.42476E+04     3.71535E-01     7.61494E+02     2.58713E-10     2.46071E+03
   210       4400.00       5.67092E+04     3.92466E-01     6.74525E+02     2.24435E-10     2.40991E+03
   220       4600.00       5.92479E+04     4.14199E-01     5.99976E+02     1.95637E-10     2.36170E+03
   230       4800.00       6.18570E+04     4.36673E-01     5.35742E+02     1.71321E-10     2.31613E+03
   240       5000.00       6.45322E+04     4.59833E-01     4.80124E+02     1.50694E-10     2.27327E+03
   250       5200.00       6.72693E+04     4.83621E-01     4.31749E+02     1.33120E-10     2.23317E+03
   260       5400.00       7.00590E+04     5.07936E-01     3.89499E+02     1.18088E-10     2.19588E+03
   270       5600.00       7.28846E+04     5.32616E-01     3.52466E+02     1.05184E-10     2.16143E+03
   280       5800.00       7.57318E+04     5.57508E-01     3.19893E+02     9.40694E-11     2.12986E+03
   290       6000.00       7.86000E+04     5.82559E-01     2.91133E+02     8.44593E-11     2.10118E+03
   300       6200.00       8.14968E+04     6.07770E-01     2.65643E+02     7.61188E-11     2.07540E+03
   310       6400.00       8.44263E+04     6.33114E-01     2.42970E+02     6.88550E-11     2.05253E+03
   320       6600.00       8.73884E+04     6.58533E-01     2.22739E+02     6.25084E-11     2.03259E+03
   330       6800.00       9.03803E+04     6.83949E-01     2.04632E+02     5.69461E-11     2.01557E+03
   340       7000.00       9.33963E+04     7.09258E-01     1.88383E+02     5.20575E-11     2.00147E+03
   350       7200.00       9.64292E+04     7.34352E-01     1.73768E+02     4.77495E-11     1.99025E+03
   360       7400.00       9.94781E+04     7.59171E-01     1.60588E+02     4.39421E-11     1.98187E+03
   370       7600.00       1.02542E+05     7.83660E-01     1.48675E+02     4.05673E-11     1.97627E+03
   380       7800.00       1.05558E+05     8.07306E-01     1.37912E+02     3.75754E-11     1.97337E+03
   390       8000.00       1.04094E+05     7.96249E-01     1.29396E+02     3.52423E-11     1.97266E+03
   391       8020.00       1.04094E+05     7.96249E-01     1.02932E+02     2.80347E-11     1.97266E+03
1                                             INITIAL HELIUM PARAMETERS
                ALT          VELOCITY        MACH NO         DENSITY         PRESSURE      TEMPERATURE

     0        200.00       0.00000E+00     0.00000E+00     6.47492E-03     7.10688E-16     7.94973E+02
     1        220.00      -7.15423E+03    -4.19676E-02     1.28621E-02     1.49068E-15     8.39424E+02
     2        240.00      -6.82430E+03    -3.96350E-02     2.50313E-02     2.95948E-15     8.56329E+02
     3        260.00      -6.61182E+03    -3.80313E-02     4.90862E-02     5.91690E-15     8.73057E+02
     4        280.00      -5.85044E+03    -3.32915E-02     1.01181E-01     1.24619E-14     8.92060E+02
     5        300.00      -4.24146E+03    -2.38934E-02     2.29112E-01     2.87937E-14     9.10244E+02
     6        320.00      -1.68856E+03    -9.44537E-03     5.40787E-01     6.89280E-14     9.23161E+02
     7        340.00       1.48023E+03     8.21996E-03     1.18261E+00     1.52944E-13     9.36698E+02
     8        360.00       4.82235E+03     2.64850E-02     2.24307E+00     2.96576E-13     9.57637E+02
     9        380.00       8.21887E+03     4.43903E-02     3.66780E+00     5.01451E-13     9.90218E+02
    10        400.00       1.17217E+04     6.17712E-02     5.26234E+00     7.55725E-13     1.04014E+03
    11        420.00       1.53392E+04     7.80355E-02     6.75962E+00     1.04164E-12     1.11610E+03
    12        440.00       1.88988E+04     9.17779E-02     7.92291E+00     1.33984E-12     1.22483E+03
    13        460.00       2.22579E+04     1.02454E-01     8.70064E+00     1.63772E-12     1.36332E+03
    14        480.00       2.54012E+04     1.10743E-01     9.17141E+00     1.92437E-12     1.51971E+03
    16        520.00       3.14391E+04     1.24673E-01     9.55235E+00     2.42257E-12     1.83685E+03
    18        560.00       3.75444E+04     1.38746E-01     9.54939E+00     2.78871E-12     2.11512E+03
    20        600.00       4.37487E+04     1.53629E-01     9.35873E+00     3.02672E-12     2.34242E+03
    22        640.00       4.98504E+04     1.68605E-01     9.06124E+00     3.15906E-12     2.52510E+03
    24        680.00       5.56052E+04     1.82814E-01     8.69700E+00     3.20889E-12     2.67235E+03
    26        720.00       6.08097E+04     1.95596E-01     8.28985E+00     3.19555E-12     2.79195E+03
    28        760.00       6.53509E+04     2.06618E-01     7.85692E+00     3.13471E-12     2.88970E+03
    30        800.00       6.92374E+04     2.15928E-01     7.41268E+00     3.03958E-12     2.96993E+03
    35        900.00       7.70717E+04     2.34694E-01     6.33316E+00     2.72384E-12     3.11508E+03
    40       1000.00       8.44733E+04     2.53335E-01     5.39328E+00     2.39155E-12     3.21169E+03
    45       1100.00       9.27693E+04     2.75132E-01     4.61829E+00     2.09403E-12     3.28404E+03
    50       1200.00       1.01931E+05     2.99632E-01     3.98266E+00     1.83816E-12     3.34286E+03
    55       1300.00       1.11672E+05     3.25859E-01     3.45731E+00     1.61936E-12     3.39244E+03
    60       1400.00       1.21787E+05     3.53171E-01     3.01944E+00     1.43197E-12     3.43491E+03
    70       1600.00       1.42695E+05     4.09713E-01     2.34067E+00     1.13234E-12     3.50384E+03
    80       1800.00       1.64143E+05     4.67720E-01     1.84930E+00     9.08348E-13     3.55756E+03
    90       2000.00       1.85917E+05     5.26564E-01     1.48543E+00     7.38529E-13     3.60099E+03
   100       2200.00       2.07908E+05     5.85918E-01     1.21077E+00     6.08003E-13     3.63706E+03
   110       2400.00       2.30017E+05     6.45544E-01     9.99961E-01     5.06324E-13     3.66736E+03
   120       2600.00       2.52153E+05     7.05245E-01     8.35727E-01     4.26079E-13     3.69261E+03
   130       2800.00       2.74230E+05     7.64868E-01     7.06075E-01     3.61979E-13     3.71313E+03
   140       3000.00       2.96190E+05     8.24347E-01     6.02467E-01     3.10190E-13     3.72909E+03
   150       3200.00       3.17896E+05     8.83397E-01     5.18794E-01     2.67935E-13     3.74061E+03
   160       3400.00       3.39329E+05     9.42053E-01     4.50454E-01     2.33086E-13     3.74778E+03
   170       3600.00       3.60435E+05     1.00024E+00     3.94081E-01     2.04081E-13     3.75081E+03
   180       3800.00       3.81257E+05     1.05812E+00     3.47024E-01     1.79679E-13     3.75012E+03
   190       4000.00       4.01622E+05     1.11524E+00     3.07583E-01     1.59087E-13     3.74612E+03
   200       4200.00       4.21622E+05     1.17187E+00     2.74104E-01     1.41507E-13     3.73913E+03
   210       4400.00       4.41148E+05     1.22771E+00     2.45552E-01     1.26443E-13     3.72956E+03
   220       4600.00       4.60145E+05     1.28262E+00     2.21079E-01     1.13479E-13     3.71771E+03
   230       4800.00       4.78646E+05     1.33667E+00     1.99943E-01     1.02249E-13     3.70392E+03
   240       5000.00       4.96670E+05     1.38989E+00     1.81568E-01     9.24680E-14     3.68858E+03
   250       5200.00       5.14231E+05     1.44226E+00     1.65497E-01     8.39061E-14     3.67207E+03
   260       5400.00       5.31334E+05     1.49376E+00     1.51365E-01     7.63797E-14     3.65476E+03
   270       5600.00       5.47978E+05     1.54430E+00     1.38880E-01     6.97395E-14     3.63702E+03
   280       5800.00       5.64166E+05     1.59383E+00     1.27801E-01     6.38615E-14     3.61919E+03
   290       6000.00       5.79918E+05     1.64233E+00     1.17927E-01     5.86412E-14     3.60160E+03
   300       6200.00       5.95264E+05     1.68979E+00     1.09090E-01     5.39900E-14     3.58456E+03
   310       6400.00       6.10231E+05     1.73620E+00     1.01150E-01     4.98342E-14     3.56838E+03
   320       6600.00       6.24839E+05     1.78152E+00     9.39897E-02     4.61117E-14     3.55336E+03
   330       6800.00       6.39103E+05     1.82568E+00     8.75140E-02     4.27706E-14     3.53977E+03
   340       7000.00       6.53034E+05     1.86862E+00     8.16408E-02     3.97661E-14     3.52788E+03
   350       7200.00       6.66637E+05     1.91024E+00     7.63002E-02     3.70599E-14     3.51792E+03
   360       7400.00       6.79926E+05     1.95049E+00     7.14309E-02     3.46177E-14     3.51010E+03
   370       7600.00       6.92915E+05     1.98931E+00     6.69801E-02     3.24098E-14     3.50460E+03
   380       7800.00       7.05538E+05     2.02643E+00     6.29069E-02     3.04125E-14     3.50156E+03
   390       8000.00       7.12927E+05     2.04784E+00     5.95358E-02     2.87774E-14     3.50091E+03
   391       8020.00       7.12927E+05     2.04784E+00     4.73402E-02     2.28825E-14     3.50091E+03
1                                             INITIAL HYDROGEN PARAMETERS
                ALT          VELOCITY        MACH NO         DENSITY         PRESSURE      TEMPERATURE

     0        200.00       0.00000E+00     0.00000E+00     1.14003E+01     1.25130E-12     7.94973E+02
     1        220.00      -1.20640E+04    -3.37652E-02     2.42394E+01     3.10775E-12     9.28608E+02
     2        240.00      -9.72703E+03    -2.68528E-02     4.19286E+01     5.52552E-12     9.54489E+02
     3        260.00      -7.89253E+03    -2.15706E-02     6.41391E+01     8.62406E-12     9.73861E+02
     4        280.00      -5.50035E+03    -1.49007E-02     9.11673E+01     1.24764E-11     9.91193E+02
     5        300.00      -2.66920E+03    -7.15895E-03     1.24604E+02     1.73970E-11     1.01123E+03
     6        320.00       2.31495E+02     6.13976E-04     1.68333E+02     2.40341E-11     1.03411E+03
     7        340.00       3.17565E+03     8.31238E-03     2.26187E+02     3.31561E-11     1.06171E+03
     8        360.00       6.13245E+03     1.57989E-02     3.01470E+02     4.56186E-11     1.09599E+03
     9        380.00       9.16849E+03     2.31410E-02     3.94479E+02     6.21921E-11     1.14188E+03
    10        400.00       1.23944E+04     3.03979E-02     4.99923E+02     8.34744E-11     1.20937E+03
    11        420.00       1.58285E+04     3.72717E-02     6.06136E+02     1.09792E-10     1.31193E+03
    12        440.00       1.93063E+04     4.31647E-02     7.01264E+02     1.40898E-10     1.45523E+03
    13        460.00       2.27250E+04     4.80681E-02     7.83352E+02     1.75845E-10     1.62585E+03
    14        480.00       2.61000E+04     5.24440E-02     8.56423E+02     2.13039E-10     1.80168E+03
    16        520.00       3.32509E+04     6.16663E-02     9.84977E+02     2.87618E-10     2.11494E+03
    18        560.00       4.15136E+04     7.28571E-02     1.08652E+03     3.54287E-10     2.36171E+03
    20        600.00       5.08885E+04     8.58474E-02     1.15717E+03     4.08380E-10     2.55608E+03
    22        640.00       6.10729E+04     9.99891E-02     1.19943E+03     4.49414E-10     2.71382E+03
    24        680.00       7.17173E+04     1.14656E-01     1.21814E+03     4.78669E-10     2.84606E+03
    26        720.00       8.24915E+04     1.29317E-01     1.21807E+03     4.97809E-10     2.96005E+03
    28        760.00       9.31237E+04     1.43570E-01     1.20307E+03     5.08353E-10     3.06043E+03
    30        800.00       1.03452E+05     1.57202E-01     1.17626E+03     5.11617E-10     3.15029E+03
    35        900.00       1.28114E+05     1.89009E-01     1.07520E+03     4.96135E-10     3.34210E+03
    40       1000.00       1.52979E+05     2.20409E-01     9.54623E+02     4.61867E-10     3.50423E+03
    45       1100.00       1.79838E+05     2.53865E-01     8.37574E+02     4.22145E-10     3.65045E+03
    50       1200.00       2.09170E+05     2.89887E-01     7.32455E+02     3.83002E-10     3.78729E+03
    55       1300.00       2.40841E+05     3.28209E-01     6.40841E+02     3.46570E-10     3.91696E+03
    60       1400.00       2.74542E+05     3.68407E-01     5.62032E+02     3.13475E-10     4.03971E+03
    70       1600.00       3.46594E+05     4.52764E-01     4.37105E+02     2.57256E-10     4.26273E+03
    80       1800.00       4.22514E+05     5.40010E-01     3.45897E+02     2.12670E-10     4.45315E+03
    90       2000.00       4.99864E+05     6.27880E-01     2.78581E+02     1.77330E-10     4.61040E+03
   100       2200.00       5.76742E+05     7.14743E-01     2.28065E+02     1.49143E-10     4.73644E+03
   110       2400.00       6.51798E+05     7.99516E-01     1.89460E+02     1.26465E-10     4.83460E+03
   120       2600.00       7.24197E+05     8.81590E-01     1.59423E+02     1.08047E-10     4.90873E+03
   130       2800.00       7.93516E+05     9.60712E-01     1.35668E+02     9.29574E-11     4.96265E+03
   140       3000.00       8.60069E+05     1.03740E+00     1.16535E+02     8.04479E-11     4.99996E+03
   150       3200.00       9.23275E+05     1.11097E+00     1.01005E+02     7.00620E-11     5.02396E+03
   160       3400.00       9.83222E+05     1.18155E+00     8.82722E+01     6.13906E-11     5.03716E+03
   170       3600.00       1.04023E+06     1.24949E+00     7.77101E+01     5.40945E-11     5.04177E+03
   180       3800.00       1.09468E+06     1.31516E+00     6.88486E+01     4.79061E-11     5.03968E+03
   190       4000.00       1.14681E+06     1.37877E+00     6.13476E+01     4.26259E-11     5.03249E+03
   200       4200.00       1.19656E+06     1.44016E+00     5.49677E+01     3.81095E-11     5.02150E+03
   210       4400.00       1.24417E+06     1.49952E+00     4.94965E+01     3.42225E-11     5.00778E+03
   220       4600.00       1.28984E+06     1.55698E+00     4.47707E+01     3.08589E-11     4.99222E+03
   230       4800.00       1.33371E+06     1.61263E+00     4.06625E+01     2.79336E-11     4.97554E+03
   240       5000.00       1.37591E+06     1.66654E+00     3.70702E+01     2.53779E-11     4.95835E+03
   250       5200.00       1.41656E+06     1.71877E+00     3.39121E+01     2.31352E-11     4.94113E+03
   260       5400.00       1.45576E+06     1.76935E+00     3.11220E+01     2.11592E-11     4.92426E+03
   270       5600.00       1.49358E+06     1.81831E+00     2.86458E+01     1.94117E-11     4.90805E+03
   280       5800.00       1.53008E+06     1.86566E+00     2.64391E+01     1.78604E-11     4.89273E+03
   290       6000.00       1.56536E+06     1.91146E+00     2.44645E+01     1.64783E-11     4.87849E+03
   300       6200.00       1.59952E+06     1.95579E+00     2.26906E+01     1.52426E-11     4.86545E+03
   310       6400.00       1.63264E+06     1.99871E+00     2.10913E+01     1.41341E-11     4.85370E+03
   320       6600.00       1.66480E+06     2.04026E+00     1.96447E+01     1.31365E-11     4.84331E+03
   330       6800.00       1.69604E+06     2.08048E+00     1.83322E+01     1.22361E-11     4.83431E+03
   340       7000.00       1.72643E+06     2.11942E+00     1.71381E+01     1.14210E-11     4.82670E+03
   350       7200.00       1.75599E+06     2.15711E+00     1.60489E+01     1.06814E-11     4.82048E+03
   360       7400.00       1.78477E+06     2.19357E+00     1.50528E+01     1.00083E-11     4.81561E+03
   370       7600.00       1.81281E+06     2.22885E+00     1.41400E+01     9.39450E-12     4.81206E+03
   380       7800.00       1.84000E+06     2.26283E+00     1.33026E+01     8.83387E-12     4.80976E+03
   390       8000.00       1.85852E+06     2.28584E+00     1.25833E+01     8.35446E-12     4.80874E+03
   391       8020.00       1.85852E+06     2.28584E+00     1.00049E+01     6.64258E-12     4.80874E+03
1                                             INITIAL ELECTRON PARAMETERS
                ALT          VELOCITY        MACH NO         DENSITY         PRESSURE      TEMPERATURE

     0        200.00       0.00000E+00     0.00000E+00     9.27369E+04     1.01788E-08     7.94973E+02
     1        220.00      -1.98440E+05    -7.05022E-03     1.40193E+05     6.07055E-08     3.13613E+03
     2        240.00      -1.69739E+05    -5.34708E-03     1.63122E+05     8.98439E-08     3.98899E+03
     3        260.00      -1.64740E+05    -4.86483E-03     1.66527E+05     1.04375E-07     4.53941E+03
     4        280.00      -1.71252E+05    -4.83980E-03     1.57613E+05     1.07859E-07     4.95626E+03
     5        300.00      -1.84525E+05    -5.04505E-03     1.43267E+05     1.04754E-07     5.29558E+03
     6        320.00      -2.01357E+05    -5.36148E-03     1.28511E+05     9.90719E-08     5.58343E+03
     7        340.00      -2.20106E+05    -5.73333E-03     1.15163E+05     9.27706E-08     5.83431E+03
     8        360.00      -2.39834E+05    -6.13119E-03     1.03678E+05     8.67092E-08     6.05718E+03
     9        380.00      -2.60052E+05    -6.54052E-03     9.39200E+04     8.11525E-08     6.25801E+03
    10        400.00      -2.80639E+05    -6.95732E-03     8.55690E+04     7.60986E-08     6.44101E+03
    11        420.00      -3.01979E+05    -7.39050E-03     7.82665E+04     7.14217E-08     6.60920E+03
    12        440.00      -3.24570E+05    -7.85146E-03     7.17787E+04     6.70441E-08     6.76490E+03
    13        460.00      -3.48582E+05    -8.34340E-03     6.59927E+04     6.29603E-08     6.90985E+03
    14        480.00      -3.73601E+05    -8.85578E-03     6.08839E+04     5.92260E-08     7.04545E+03
    16        520.00      -4.24483E+05    -9.88964E-03     5.25103E+04     5.28751E-08     7.29302E+03
    18        560.00      -4.74604E+05    -1.08932E-02     4.60879E+04     4.78178E-08     7.51461E+03
    20        600.00      -5.24101E+05    -1.18719E-02     4.10053E+04     4.36797E-08     7.71520E+03
    22        640.00      -5.74292E+05    -1.28571E-02     3.68204E+04     4.01526E-08     7.89836E+03
    24        680.00      -6.26522E+05    -1.38793E-02     3.32590E+04     3.70418E-08     8.06678E+03
    26        720.00      -6.81585E+05    -1.49555E-02     3.01643E+04     3.42434E-08     8.22254E+03
    28        760.00      -7.39539E+05    -1.60863E-02     2.74507E+04     3.17111E-08     8.36726E+03
    30        800.00      -7.99800E+05    -1.72584E-02     2.50686E+04     2.94266E-08     8.50228E+03
    35        900.00      -9.54925E+05    -2.02492E-02     2.03260E+04     2.47070E-08     8.80425E+03
    40       1000.00      -1.11028E+06    -2.32020E-02     1.68768E+04     2.11227E-08     9.06522E+03
    45       1100.00      -1.26558E+06    -2.61196E-02     1.42699E+04     1.83110E-08     9.29409E+03
    50       1200.00      -1.42278E+06    -2.90486E-02     1.22261E+04     1.60312E-08     9.49709E+03
    55       1300.00      -1.58316E+06    -3.20181E-02     1.05819E+04     1.41407E-08     9.67874E+03
    60       1400.00      -1.74733E+06    -3.50432E-02     9.23462E+03     1.25490E-08     9.84247E+03
    70       1600.00      -2.08821E+06    -4.12885E-02     7.17381E+03     1.00297E-08     1.01263E+04
    80       1800.00      -2.44656E+06    -4.78157E-02     5.69197E+03     8.14480E-09     1.03640E+04
    90       2000.00      -2.82259E+06    -5.46348E-02     4.59302E+03     6.70044E-09     1.05661E+04
   100       2200.00      -3.21612E+06    -6.17464E-02     3.75833E+03     5.57292E-09     1.07399E+04
   110       2400.00      -3.62661E+06    -6.91439E-02     3.11211E+03     4.67948E-09     1.08906E+04
   120       2600.00      -4.05320E+06    -7.68136E-02     2.60388E+03     3.96268E-09     1.10225E+04
   130       2800.00      -4.49485E+06    -8.47388E-02     2.19878E+03     3.38139E-09     1.11385E+04
   140       3000.00      -4.95078E+06    -9.29068E-02     1.87194E+03     2.90531E-09     1.12411E+04
   150       3200.00      -5.41934E+06    -1.01289E-01     1.60569E+03     2.51231E-09     1.13324E+04
   160       3400.00      -5.89958E+06    -1.09871E-01     1.38668E+03     2.18526E-09     1.14139E+04
   170       3600.00      -6.39048E+06    -1.18634E-01     1.20499E+03     1.91109E-09     1.14870E+04
   180       3800.00      -6.89082E+06    -1.27558E-01     1.05311E+03     1.67976E-09     1.15527E+04
   190       4000.00      -7.40013E+06    -1.36636E-01     9.25174E+02     1.48328E-09     1.16120E+04
   200       4200.00      -7.91719E+06    -1.45846E-01     8.16736E+02     1.31547E-09     1.16657E+04
   210       4400.00      -8.44113E+06    -1.55174E-01     7.24267E+02     1.17140E-09     1.17143E+04
   220       4600.00      -8.97113E+06    -1.64607E-01     6.44968E+02     1.04709E-09     1.17586E+04
   230       4800.00      -9.50646E+06    -1.74131E-01     5.76604E+02     9.39308E-10     1.17989E+04
   240       5000.00      -1.00464E+07    -1.83736E-01     5.17376E+02     8.45449E-10     1.18356E+04
   250       5200.00      -1.05904E+07    -1.93410E-01     4.65826E+02     7.63374E-10     1.18692E+04
   260       5400.00      -1.11376E+07    -2.03141E-01     4.20772E+02     6.91331E-10     1.19000E+04
   270       5600.00      -1.16870E+07    -2.12909E-01     3.81251E+02     6.27883E-10     1.19283E+04
   280       5800.00      -1.22376E+07    -2.22697E-01     3.46460E+02     5.71826E-10     1.19542E+04
   290       6000.00      -1.27890E+07    -2.32500E-01     3.15716E+02     5.22124E-10     1.19781E+04
   300       6200.00      -1.33412E+07    -2.42316E-01     2.88443E+02     4.77895E-10     1.20000E+04
   310       6400.00      -1.38942E+07    -2.52147E-01     2.64163E+02     4.38407E-10     1.20203E+04
   320       6600.00      -1.44477E+07    -2.61988E-01     2.42478E+02     4.03043E-10     1.20390E+04
   330       6800.00      -1.50016E+07    -2.71838E-01     2.23052E+02     3.71285E-10     1.20562E+04
   340       7000.00      -1.55556E+07    -2.81690E-01     2.05603E+02     3.42694E-10     1.20722E+04
   350       7200.00      -1.61090E+07    -2.91534E-01     1.89893E+02     3.16896E-10     1.20869E+04
   360       7400.00      -1.66617E+07    -3.01365E-01     1.75713E+02     2.93563E-10     1.21006E+04
   370       7600.00      -1.72133E+07    -3.11180E-01     1.62882E+02     2.72412E-10     1.21133E+04
   380       7800.00      -1.77602E+07    -3.20911E-01     1.51278E+02     2.53249E-10     1.21250E+04
   390       8000.00      -1.81399E+07    -3.27626E-01     1.42038E+02     2.37995E-10     1.21359E+04
   391       8020.00      -2.24119E+07    -4.04765E-01     1.12985E+02     1.89330E-10     1.21369E+04
1                                        INITIAL ELECTRIC FIELD AND SOURCE PARAMETERS
             ALT      EFIELD      FCLSNO      ECLSNO      FCLSHE      ECLSHE      FCLSNH      ECLSNH      FCLSNE      ECLSNE
     1     220.00   -2.9578E-10  1.7101E-15  1.9380E-11  6.0741E-22 -5.9542E-17  1.0289E-18 -1.2041E-13  1.2436E-15  1.8814E-11
     2     240.00   -1.3934E-10  7.8043E-16  3.6879E-11  1.2304E-21 -1.1933E-16  1.3766E-18 -1.2676E-13  9.5156E-16 -1.2023E-10
     3     260.00   -5.6308E-11 -1.5779E-16  3.4579E-11  2.6697E-21 -2.8124E-16  1.7248E-18 -1.3439E-13  7.6731E-16 -1.5025E-10
     4     280.00   -1.2509E-12 -6.4965E-16  3.2842E-11  6.5248E-21 -7.4296E-16  2.1822E-18 -1.6587E-13  6.1835E-16 -1.3182E-10
     5     300.00    3.1922E-11 -7.6397E-16  2.5719E-11  1.5783E-20 -1.7486E-15  2.8933E-18 -2.3953E-13  4.9806E-16 -9.8320E-11
     6     320.00    4.8529E-11 -7.0628E-16  2.0730E-11  3.2786E-20 -3.0915E-15  3.9450E-18 -3.2663E-13  4.0555E-16 -6.7498E-11
     7     340.00    5.5870E-11 -5.8665E-16  1.7475E-11  5.6872E-20 -3.9765E-15  5.3906E-18 -4.1978E-13  3.3526E-16 -4.3505E-11
     8     360.00    5.8321E-11 -4.6079E-16  1.5380E-11  8.4151E-20 -3.7128E-15  7.2188E-18 -5.0079E-13  2.8164E-16 -2.5979E-11
     9     380.00    5.8797E-11 -3.3706E-16  1.3868E-11  1.0929E-19 -2.3153E-15  9.3661E-18 -5.8295E-13  2.4010E-16 -1.3378E-11
    10     400.00    5.9184E-11 -2.0293E-16  1.2425E-11  1.2838E-19 -3.3912E-16  1.1741E-17 -7.1874E-13  2.0721E-16 -4.1550E-12
    11     420.00    6.0208E-11 -5.8819E-17  1.1144E-11  1.3990E-19  1.6793E-15  1.4162E-17 -9.3196E-13  1.8046E-16  2.9597E-12
    12     440.00    6.1349E-11  6.2729E-17  1.0118E-11  1.4442E-19  2.9333E-15  1.6309E-17 -1.1108E-12  1.5824E-16  8.6979E-12
    13     460.00    6.1654E-11  1.3249E-16  9.5886E-12  1.4300E-19  3.8352E-15  1.7830E-17 -1.0197E-12  1.3958E-16  1.3322E-11
    14     480.00    6.0623E-11  1.4506E-16  9.3220E-12  1.3559E-19  4.8745E-15  1.8528E-17 -6.1543E-13  1.2391E-16  1.6883E-11
    16     520.00    5.6090E-11  8.3515E-17  8.9109E-12  1.0802E-19  6.9751E-15  1.7730E-17  6.0123E-13  9.9641E-17  2.1320E-11
    18     560.00    5.1398E-11  1.6450E-17  8.1069E-12  7.6199E-20  8.3336E-15  1.5112E-17  1.6603E-12  8.2138E-17  2.3363E-11
    20     600.00    4.8239E-11 -1.5582E-17  7.1138E-12  4.8900E-20  8.8076E-15  1.1972E-17  2.3338E-12  6.9029E-17  2.4130E-11
    22     640.00    4.6649E-11 -1.8988E-17  6.3390E-12  2.8031E-20  8.6311E-15  9.0058E-18  2.6844E-12  5.8813E-17  2.4240E-11
    24     680.00    4.6086E-11 -8.4325E-18  5.8595E-12  1.2813E-20  8.0559E-15  6.4496E-18  2.8196E-12  5.0593E-17  2.4006E-11
    26     720.00    4.5912E-11  4.0781E-18  5.4907E-12  1.8884E-21  7.2779E-15  4.3098E-18  2.8241E-12  4.3835E-17  2.3580E-11
    28     760.00    4.5614E-11  1.1665E-17  5.0370E-12 -5.9577E-21  6.4318E-15  2.5175E-18  2.7499E-12  3.8209E-17  2.3041E-11
    30     800.00    4.4925E-11  1.2500E-17  4.4402E-12 -1.1578E-20  5.6041E-15  1.0141E-18  2.6258E-12  3.3497E-17  2.2429E-11
    35     900.00    4.1844E-11 -1.5175E-18  2.8279E-12 -1.8735E-20  3.9190E-15 -1.5546E-18  2.2279E-12  2.4724E-17  2.0741E-11
    40    1000.00    3.8809E-11 -1.2948E-17  1.7762E-12 -1.9542E-20  2.8987E-15 -2.5838E-18  1.8946E-12  1.8858E-17  1.9007E-11
    45    1100.00    3.6682E-11 -1.6163E-17  1.2281E-12 -1.7785E-20  2.3113E-15 -2.7229E-18  1.6935E-12  1.4750E-17  1.7352E-11
    50    1200.00    3.5164E-11 -1.5646E-17  9.2150E-13 -1.5406E-20  1.9475E-15 -2.5098E-18  1.5846E-12  1.1755E-17  1.5824E-11
    55    1300.00    3.3973E-11 -1.3990E-17  7.2627E-13 -1.3037E-20  1.7109E-15 -2.1817E-18  1.5262E-12  9.5071E-18  1.4434E-11
    60    1400.00    3.2972E-11 -1.2129E-17  5.8925E-13 -1.0870E-20  1.5540E-15 -1.8321E-18  1.4929E-12  7.7816E-18  1.3176E-11
    70    1600.00    3.1303E-11 -8.8045E-18  4.0801E-13 -7.3222E-21  1.3736E-15 -1.2014E-18  1.4493E-12  5.3669E-18  1.1022E-11
    80    1800.00    2.9902E-11 -6.2825E-18  2.9525E-13 -4.7558E-21  1.2767E-15 -7.2061E-19  1.4003E-12  3.8175E-18  9.2732E-12
    90    2000.00    2.8669E-11 -4.4481E-18  2.2119E-13 -2.9634E-21  1.2090E-15 -3.8090E-19  1.3349E-12  2.7828E-18  7.8483E-12
   100    2200.00    2.7554E-11 -3.1314E-18  1.7075E-13 -1.7375E-21  1.1492E-15 -1.5073E-19  1.2558E-12  2.0699E-18  6.6804E-12
   110    2400.00    2.6520E-11 -2.1987E-18  1.3499E-13 -9.1350E-22  1.0891E-15 -7.8912E-23  1.1682E-12  1.5661E-18  5.7169E-12
   120    2600.00    2.5549E-11 -1.5408E-18  1.0878E-13 -3.6792E-22  1.0271E-15  9.5042E-20  1.0774E-12  1.2026E-18  4.9170E-12
   130    2800.00    2.4632E-11 -1.0738E-18  8.9178E-14 -1.1949E-23  9.6399E-16  1.5244E-19  9.8763E-13  9.3564E-19  4.2486E-12
   140    3000.00    2.3769E-11 -7.3551E-19  7.4454E-14  2.1697E-22  9.0183E-16  1.8427E-19  9.0184E-13  7.3637E-19  3.6870E-12
   150    3200.00    2.2936E-11 -5.0453E-19  6.2579E-14  3.5472E-22  8.3983E-16  1.9894E-19  8.2069E-13  5.8566E-19  3.2125E-12
   160    3400.00    2.2152E-11 -3.3243E-19  5.3532E-14  4.3662E-22  7.8105E-16  2.0358E-19  7.4633E-13  4.7023E-19  2.8096E-12
   170    3600.00    2.1406E-11 -2.0944E-19  4.6291E-14  4.7898E-22  7.2509E-16  2.0129E-19  6.7842E-13  3.8083E-19  2.4658E-12
   180    3800.00    2.0700E-11 -1.1876E-19  4.0559E-14  4.9559E-22  6.7259E-16  1.9484E-19  6.1698E-13  3.1088E-19  2.1712E-12
   190    4000.00    2.0030E-11 -5.2297E-20  3.5951E-14  4.9633E-22  6.2380E-16  1.8593E-19  5.6161E-13  2.5562E-19  1.9177E-12
   200    4200.00    1.9389E-11 -5.9517E-21  3.2084E-14  4.8527E-22  5.7811E-16  1.7569E-19  5.1168E-13  2.1161E-19  1.6987E-12
   210    4400.00    1.8779E-11  2.7119E-20  2.8872E-14  4.6783E-22  5.3581E-16  1.6497E-19  4.6682E-13  1.7628E-19  1.5089E-12
   220    4600.00    1.8198E-11  5.0358E-20  2.6173E-14  4.4683E-22  4.9680E-16  1.5423E-19  4.2652E-13  1.4770E-19  1.3438E-12
   230    4800.00    1.7645E-11  6.6360E-20  2.3882E-14  4.2391E-22  4.6089E-16  1.4376E-19  3.9030E-13  1.2443E-19  1.1997E-12
   240    5000.00    1.7117E-11  7.6979E-20  2.1917E-14  4.0023E-22  4.2785E-16  1.3373E-19  3.5771E-13  1.0536E-19  1.0736E-12
   250    5200.00    1.6612E-11  8.3369E-20  2.0199E-14  3.7649E-22  3.9742E-16  1.2424E-19  3.2833E-13  8.9643E-20  9.6294E-13
   260    5400.00    1.6126E-11  8.5956E-20  1.8634E-14  3.5297E-22  3.6925E-16  1.1527E-19  3.0173E-13  7.6613E-20  8.6551E-13
   270    5600.00    1.5653E-11  8.5333E-20  1.7163E-14  3.2992E-22  3.4308E-16  1.0681E-19  2.7754E-13  6.5757E-20  7.7953E-13
   280    5800.00    1.5200E-11  8.3273E-20  1.5836E-14  3.0798E-22  3.1896E-16  9.8955E-20  2.5563E-13  5.6671E-20  7.0347E-13
   290    6000.00    1.4771E-11  8.1299E-20  1.4716E-14  2.8771E-22  2.9698E-16  9.1764E-20  2.3588E-13  4.9029E-20  6.3603E-13
   300    6200.00    1.4366E-11  7.9421E-20  1.3769E-14  2.6904E-22  2.7693E-16  8.5189E-20  2.1806E-13  4.2570E-20  5.7608E-13
   310    6400.00    1.3981E-11  7.7330E-20  1.2940E-14  2.5176E-22  2.5856E-16  7.9153E-20  2.0191E-13  3.7088E-20  5.2269E-13
   320    6600.00    1.3614E-11  7.4985E-20  1.2202E-14  2.3573E-22  2.4168E-16  7.3602E-20  1.8722E-13  3.2416E-20  4.7504E-13
   330    6800.00    1.3262E-11  7.2342E-20  1.1527E-14  2.2084E-22  2.2611E-16  6.8484E-20  1.7383E-13  2.8419E-20  4.3243E-13
   340    7000.00    1.2921E-11  6.9236E-20  1.0882E-14  2.0690E-22  2.1168E-16  6.3739E-20  1.6155E-13  2.4987E-20  3.9425E-13
   350    7200.00    1.2593E-11  6.5963E-20  1.0278E-14  1.9394E-22  1.9831E-16  5.9354E-20  1.5029E-13  2.2031E-20  3.5997E-13
   360    7400.00    1.2277E-11  6.2716E-20  9.7204E-15  1.8193E-22  1.8597E-16  5.5311E-20  1.3999E-13  1.9477E-20  3.2915E-13
   370    7600.00    1.1973E-11  5.9470E-20  9.1988E-15  1.7077E-22  1.7453E-16  5.1575E-20  1.3052E-13  1.7262E-20  3.0138E-13
   380    7800.00    1.1425E-11  3.9414E-20  6.9275E-15  1.5270E-22  1.5849E-16  4.6495E-20  1.1882E-13  1.5340E-20  2.7633E-13
   390    8000.00    1.9603E-13 -6.4238E-19 -6.4369E-14 -1.6949E-22 -7.4331E-17 -2.2728E-20 -1.2006E-14  1.3791E-20  2.5369E-13
1                                             HEAT CONDUCTIVITIES
                ALT          OXYGEN          HELIUM         HYDROGEN         ELECTRONS

     0        200.00       2.83339E-08     1.31790E-16     3.01262E-13     9.64050E-11
     1        220.00       3.04569E-08     3.53508E-16     1.01587E-12     2.97990E-09
     2        240.00       3.17116E-08     8.09792E-16     2.12030E-12     5.43719E-09
     3        260.00       3.28205E-08     1.84724E-15     3.80743E-12     7.51131E-09
     4        280.00       3.38668E-08     4.51440E-15     6.39585E-12     9.35626E-09
     5        300.00       3.50909E-08     1.22416E-14     1.05012E-11     1.10408E-08
     6        320.00       3.66584E-08     3.41694E-14     1.71207E-11     1.26029E-08
     7        340.00       3.87612E-08     8.79648E-14     2.78350E-11     1.40667E-08
     8        360.00       4.16574E-08     1.98201E-13     4.50692E-11     1.54487E-08
     9        380.00       4.57737E-08     3.92148E-13     7.26242E-11     1.67613E-08
    10        400.00       5.20263E-08     7.02210E-13     1.17139E-10     1.80137E-08
    11        420.00       6.21322E-08     1.18067E-12     1.90864E-10     1.92128E-08
    12        440.00       7.82006E-08     1.90833E-12     3.12544E-10     2.03644E-08
    13        460.00       1.01883E-07     2.98465E-12     5.01673E-10     2.14728E-08
    14        480.00       1.33440E-07     4.48109E-12     7.69456E-10     2.25419E-08
    16        520.00       2.14767E-07     8.72009E-12     1.53606E-09     2.45746E-08
    18        560.00       3.07447E-07     1.41759E-11     2.55007E-09     2.64841E-08
    20        600.00       3.99397E-07     2.02067E-11     3.72648E-09     2.82869E-08
    22        640.00       4.84054E-07     2.63398E-11     5.00200E-09     2.99958E-08
    24        680.00       5.58390E-07     3.22922E-11     6.33887E-09     3.16205E-08
    26        720.00       6.21344E-07     3.78935E-11     7.71286E-09     3.31690E-08
    28        760.00       6.73119E-07     4.30252E-11     9.10096E-09     3.46478E-08
    30        800.00       7.14840E-07     4.76021E-11     1.04761E-08     3.60626E-08
    35        900.00       7.86403E-07     5.64955E-11     1.36929E-08     3.93504E-08
    40       1000.00       8.29879E-07     6.25136E-11     1.64835E-08     4.23316E-08
    45       1100.00       8.57769E-07     6.68858E-11     1.89450E-08     4.50542E-08
    50       1200.00       8.74778E-07     7.02920E-11     2.12002E-08     4.75547E-08
    55       1300.00       8.83287E-07     7.30227E-11     2.33123E-08     4.98614E-08
    60       1400.00       8.85023E-07     7.52340E-11     2.53073E-08     5.19970E-08
    70       1600.00       8.73496E-07     7.85115E-11     2.89790E-08     5.58269E-08
    80       1800.00       8.48547E-07     8.07471E-11     3.22388E-08     5.91617E-08
    90       2000.00       8.15732E-07     8.23410E-11     3.50936E-08     6.20880E-08
   100       2200.00       7.78712E-07     8.35506E-11     3.75598E-08     6.46719E-08
   110       2400.00       7.39886E-07     8.45259E-11     3.96635E-08     6.69654E-08
   120       2600.00       7.00823E-07     8.53440E-11     4.14362E-08     6.90102E-08
   130       2800.00       6.62538E-07     8.60455E-11     4.29150E-08     7.08403E-08
   140       3000.00       6.25686E-07     8.66545E-11     4.41171E-08     7.24839E-08
   150       3200.00       5.90606E-07     8.71812E-11     4.51155E-08     7.39644E-08
   160       3400.00       5.57471E-07     8.76202E-11     4.59556E-08     7.53018E-08
   170       3600.00       5.26375E-07     8.79726E-11     4.66637E-08     7.65129E-08
   180       3800.00       4.97351E-07     8.82138E-11     4.72560E-08     7.76122E-08
   190       4000.00       4.70369E-07     8.84098E-11     4.77596E-08     7.86120E-08
   200       4200.00       4.45360E-07     8.85115E-11     4.82101E-08     7.95231E-08
   210       4400.00       4.22260E-07     8.85548E-11     4.86203E-08     8.03549E-08
   220       4600.00       4.00991E-07     8.85635E-11     4.90025E-08     8.11155E-08
   230       4800.00       3.81473E-07     8.85355E-11     4.93681E-08     8.18121E-08
   240       5000.00       3.63624E-07     8.84767E-11     4.97268E-08     8.24510E-08
   250       5200.00       3.47367E-07     8.83959E-11     5.00870E-08     8.30377E-08
   260       5400.00       3.32627E-07     8.83040E-11     5.04545E-08     8.35773E-08
   270       5600.00       3.19330E-07     8.82120E-11     5.08336E-08     8.40739E-08
   280       5800.00       3.07403E-07     8.81319E-11     5.12273E-08     8.45317E-08
   290       6000.00       2.96778E-07     8.80780E-11     5.16393E-08     8.49540E-08
   300       6200.00       2.87389E-07     8.80663E-11     5.20739E-08     8.53440E-08
   310       6400.00       2.79180E-07     8.81124E-11     5.25341E-08     8.57045E-08
   320       6600.00       2.72099E-07     8.82325E-11     5.30222E-08     8.60380E-08
   330       6800.00       2.66098E-07     8.84428E-11     5.35395E-08     8.63467E-08
   340       7000.00       2.61134E-07     8.87590E-11     5.40863E-08     8.66326E-08
   350       7200.00       2.57162E-07     8.91947E-11     5.46624E-08     8.68977E-08
   360       7400.00       2.54141E-07     8.97634E-11     5.52679E-08     8.71436E-08
   370       7600.00       2.52032E-07     9.04768E-11     5.59027E-08     8.73719E-08
   380       7800.00       2.50799E-07     9.13343E-11     5.65584E-08     8.75838E-08
   390       8000.00       2.50393E-07     9.20452E-11     5.69502E-08     8.77810E-08
   391       8020.00       2.50404E-07     9.19500E-11     5.69247E-08     8.77991E-08
 time:  50.0999999999992909
 time:  60.0499999999987253
 time:  70.0499999999981640
 time:  80.0499999999975955
 time:  90.0499999999970271
 time:   1.0004999999999646E+02
       390
           2.0000E+06
         3
           8.3479E-02
                          SOLAR ZENITH ANGLE:   54.70 DEGREES
           ALT         TAU       PHOT RATE      PHOTOE      PHOTO FREQ  
          200.0       0.328       316.319      0.36062       1.860E-07
          220.0       0.169       221.804      0.35391       2.171E-07
          240.0       0.089       147.859      0.34986       2.343E-07
          260.0       0.049        71.759      0.00000       1.807E-07
          280.0       0.028        46.709      0.00000       1.846E-07
          300.0       0.016        30.472      0.00000       1.868E-07
          320.0       0.010        19.844      0.00000       1.880E-07
          340.0       0.006        12.962      0.00000       1.887E-07
          360.0       0.004         8.493      0.00000       1.891E-07
          380.0       0.002         5.582      0.00000       1.894E-07
          400.0       0.001         3.680      0.00000       1.895E-07
          420.0       0.001         2.425      0.00000       1.896E-07
          440.0       0.001         1.609      0.00000       1.897E-07
          460.0       0.000         1.070      0.00000       1.897E-07
          480.0       0.000         0.713      0.00000       1.898E-07
          500.0       0.000         0.476      0.00000       1.898E-07
          520.0       0.000         0.319      0.00000       1.898E-07
          540.0       0.000         0.214      0.00000       1.898E-07
          560.0       0.000         0.144      0.00000       1.898E-07
          580.0       0.000         0.097      0.00000       1.898E-07
          600.0       0.000         0.066      0.00000       1.898E-07
          620.0       0.000         0.044      0.00000       1.898E-07
          640.0       0.000         0.030      0.00000       1.898E-07
          660.0       0.000         0.021      0.00000       1.898E-07
          680.0       0.000         0.014      0.00000       1.898E-07
          700.0       0.000         0.010      0.00000       1.898E-07
          720.0       0.000         0.007      0.00000       1.898E-07
          740.0       0.000         0.004      0.00000       1.898E-07
          760.0       0.000         0.003      0.00000       1.898E-07
          780.0       0.000         0.002      0.00000       1.898E-07
          800.0       0.000         0.001      0.00000       1.898E-07
          820.0       0.000         0.001      0.00000       1.898E-07
          840.0       0.000         0.001      0.00000       1.898E-07
          860.0       0.000         0.000      0.00000       1.898E-07
          880.0       0.000         0.000      0.00000       1.898E-07
          900.0       0.000         0.000      0.00000       1.898E-07
          920.0       0.000         0.000      0.00000       1.898E-07
          940.0       0.000         0.000      0.00000       1.898E-07
          960.0       0.000         0.000      0.00000       1.898E-07
          980.0       0.000         0.000      0.00000       1.898E-07
   IDATE   UTG      SEC       GLAT     GLONG     STL    F107A     F107      AP(3) IART    GMLAT      GMLONG      SZAD    
   76183 ******** ********    77.84   341.34    12.00    60.00    60.00     4.00   1      79.87     111.23       54.70
        2.200E+07        2.795E-07
        2.400E+07        3.183E-07
        2.600E+07        2.808E-07
        2.800E+07        2.951E-07
        3.000E+07        3.029E-07
        3.200E+07        3.065E-07
        3.400E+07        3.076E-07
        3.600E+07        3.070E-07
        3.800E+07        3.056E-07
        4.000E+07        3.038E-07
        4.200E+07        3.018E-07
        4.400E+07        2.998E-07
        4.600E+07        2.980E-07
        4.800E+07        2.980E-07
        5.000E+07        2.980E-07
        5.200E+07        2.980E-07
        5.400E+07        2.980E-07
        5.600E+07        2.980E-07
        5.800E+07        2.981E-07
        6.000E+07        2.981E-07
        6.200E+07        2.981E-07
        6.400E+07        2.981E-07
        6.600E+07        2.981E-07
        6.800E+07        2.981E-07
        7.000E+07        2.981E-07
        7.200E+07        2.981E-07
        7.400E+07        2.981E-07
        7.600E+07        2.981E-07
        7.800E+07        2.981E-07
        8.000E+07        2.981E-07
        8.200E+07        2.981E-07
        8.400E+07        2.981E-07
        8.600E+07        2.981E-07
        8.800E+07        2.981E-07
        9.000E+07        2.981E-07
        9.200E+07        2.981E-07
        9.400E+07        2.981E-07
        9.600E+07        2.981E-07
        9.800E+07        2.981E-07
        1.000E+08        2.981E-07
           1.0000E-02
           0.0000E+00
           0.0000E+00
           5.0000E-06
           0.0000E+00
     2.2000E+07     0.0000E+00     0.0000E+00     0.0000E+00     0.0000E+00
     4.2000E+07     0.0000E+00     0.0000E+00     0.0000E+00     0.0000E+00
     6.2000E+07     0.0000E+00     0.0000E+00     0.0000E+00     0.0000E+00
     8.2000E+07     0.0000E+00     0.0000E+00     0.0000E+00     0.0000E+00
     1.0200E+08     0.0000E+00     0.0000E+00     0.0000E+00     0.0000E+00
     1.2200E+08     0.0000E+00     0.0000E+00     0.0000E+00     0.0000E+00
     1.4200E+08     0.0000E+00     0.0000E+00     0.0000E+00     0.0000E+00
     1.6200E+08     0.0000E+00     0.0000E+00     0.0000E+00     0.0000E+00
     1.8200E+08     0.0000E+00     0.0000E+00     0.0000E+00     0.0000E+00
     2.0200E+08     0.0000E+00     0.0000E+00     0.0000E+00     0.0000E+00
     2.2200E+08     0.0000E+00     0.0000E+00     0.0000E+00     0.0000E+00
     2.4200E+08     0.0000E+00     0.0000E+00     0.0000E+00     0.0000E+00
     2.6200E+08     0.0000E+00     0.0000E+00     0.0000E+00     0.0000E+00
     2.8200E+08     0.0000E+00     0.0000E+00     0.0000E+00     0.0000E+00
     3.0200E+08     0.0000E+00     0.0000E+00     0.0000E+00     0.0000E+00
     3.2200E+08     0.0000E+00     0.0000E+00     0.0000E+00     0.0000E+00
     3.4200E+08     0.0000E+00     0.0000E+00     0.0000E+00     0.0000E+00
     3.6200E+08     0.0000E+00     0.0000E+00     0.0000E+00     0.0000E+00
     3.8200E+08     0.0000E+00     0.0000E+00     0.0000E+00     0.0000E+00
     4.0200E+08     0.0000E+00     0.0000E+00     0.0000E+00     0.0000E+00
     4.2200E+08     0.0000E+00     0.0000E+00     0.0000E+00     0.0000E+00
     4.4200E+08     0.0000E+00     0.0000E+00     0.0000E+00     0.0000E+00
     4.6200E+08     0.0000E+00     0.0000E+00     0.0000E+00     0.0000E+00
     4.8200E+08     0.0000E+00     0.0000E+00     0.0000E+00     0.0000E+00
     5.0200E+08     0.0000E+00     0.0000E+00     0.0000E+00     0.0000E+00
     5.2200E+08     0.0000E+00     0.0000E+00     0.0000E+00     0.0000E+00
     5.4200E+08     0.0000E+00     0.0000E+00     0.0000E+00     0.0000E+00
     5.6200E+08     0.0000E+00     0.0000E+00     0.0000E+00     0.0000E+00
     5.8200E+08     0.0000E+00     0.0000E+00     0.0000E+00     0.0000E+00
     6.0200E+08     0.0000E+00     0.0000E+00     0.0000E+00     0.0000E+00
     6.2200E+08     0.0000E+00     0.0000E+00     0.0000E+00     0.0000E+00
     6.4200E+08     0.0000E+00     0.0000E+00     0.0000E+00     0.0000E+00
     6.6200E+08     0.0000E+00     0.0000E+00     0.0000E+00     0.0000E+00
     6.8200E+08     0.0000E+00     0.0000E+00     0.0000E+00     0.0000E+00
     7.0200E+08     0.0000E+00     0.0000E+00     0.0000E+00     0.0000E+00
     7.2200E+08     0.0000E+00     0.0000E+00     0.0000E+00     0.0000E+00
     7.4200E+08     0.0000E+00     0.0000E+00     0.0000E+00     0.0000E+00
     7.6200E+08     0.0000E+00     0.0000E+00     0.0000E+00     0.0000E+00
     7.8200E+08     0.0000E+00     0.0000E+00     0.0000E+00     0.0000E+00
           5.0100E+01     1.0000E+02
           5.0000E-02
         0
1     NUMBER OF CELLS= 390
     NEXP=3
     GAMMA=1.67
     RGAS(OXYGEN)=5.1982E+06       CP(OXYGEN)=1.2995E+07       CV(OXYGEN)=7.7973E+06
     RGAS(HELIUM)=2.0771E+07       CP(HELIUM)=5.1929E+07       CV(HELIUM)=3.1157E+07
     RGAS(HYDROGEN)=8.2483E+07     CP(HYDROGEN)=2.0621E+08     CV(HYDROGEN)=1.2372E+08
     RGAS(ELECTRON)=1.5156E+11     CP(ELECTRON)=3.7891E+11     CV(ELECTRON)=2.2735E+11
0     LOWER BOUNDARY PLASMA PARAMETERS:
     OXYGEN:
     VELOCITY= 0.0000E+00   PRESSURE=1.0524E-08   MASS DENSITY=2.5981E-18   TEMPERATURE=7.7925E+02   SOUND VELOCITY=8.2166E+04
     HELIUM:
     VELOCITY= 0.0000E+00   PRESSURE=7.1628E-16   MASS DENSITY=4.4252E-26   TEMPERATURE=7.7925E+02   SOUND VELOCITY=1.6425E+05
     HYDROGEN:
     VELOCITY= 0.0000E+00   PRESSURE=1.1613E-12   MASS DENSITY=1.8068E-23   TEMPERATURE=7.7925E+02   SOUND VELOCITY=3.2730E+05
     ELECTRONS:
     VELOCITY= 0.0000E+00   PRESSURE=1.0526E-08   MASS DENSITY=8.9119E-23   TEMPERATURE=7.7925E+02   SOUND VELOCITY=1.4030E+07
0     UPPER BOUNDARY INITIAL PLASMA PARAMETERS:
     OXYGEN:
     VELOCITY= 1.0367E+05   PRESSURE=2.7952E-11   MASS DENSITY=2.7268E-21   TEMPERATURE=1.9720E+03   SOUND VELOCITY=1.3071E+05
     HELIUM:
     VELOCITY= 7.0895E+05   PRESSURE=2.2837E-14   MASS DENSITY=3.1414E-25   TEMPERATURE=3.4998E+03   SOUND VELOCITY=3.4808E+05
     HYDROGEN:
     VELOCITY= 1.8418E+06   PRESSURE=6.6430E-12   MASS DENSITY=1.6740E-23   TEMPERATURE=4.8111E+03   SOUND VELOCITY=8.1326E+05
     ELECTRONS:
     VELOCITY=-4.3996E+07   PRESSURE=2.1142E-10   MASS DENSITY=1.0267E-25   TEMPERATURE=1.3586E+04   SOUND VELOCITY=5.8583E+07
0     TOPSIDE ELECTRON HEATING RATE:1.0000E-02 ERGS/CM**3/SEC
0     ENERGY COLLISION TERM COEFFICIENTS
0     CTOXN2=5.6694E+06     CTOXO2=5.1969E+06    CTOXO=7.7973E+06
     CTOXHE=1.2473E+07     CTOXH=1.4670E+07     CTOXHD=1.4670E+07     CTOXHL=1.2473E+07     CTOXEL=1.5594E+07
     CTHEN2=7.7937E+06     CTHEO2=6.9278E+06    CTHEO=1.2473E+07
     CTHEHE=3.1157E+07     CTHEH=4.9779E+07     CTHEOX=1.2473E+07     CTHEHD=4.9779E+07     CTHEEL=6.2306E+07
     CTHN2=8.5983E+06      CTHO2=7.5564E+06     CTHO=1.4670E+07
     CTHHE=4.9779E+07      CTHH=1.2372E+08      CTHOX=1.4670E+07      CTHHL=4.9779E+07      CTHEL=2.4731E+08
     CTELN2=8.9077E+06     CTELO2=7.7942E+06    CTELO=1.5594E+07
     CTELHE=6.2306E+07     CTELH=2.4731E+08     CTELOX=1.5594E+07     CTELHL=6.2306E+07     CTELHD=2.4731E+08     
0     CMOXN2=6.3645E-01     CMOXO2=6.6675E-01    CMOXO=5.0000E-01
     CMOXHE=2.0016E-01     CMOXH=5.9285E-02     CMOXHD=5.9285E-02     CMOXHL=2.0016E-01     CMOXEL=3.4296E-05
     CMHEN2=8.7493E-01     CMHEO2=8.8882E-01    CMHEO=7.9984E-01
     CMHEHE=5.0000E-01     CMHEH=2.0117E-01     CMHEOX=7.9984E-01     CMHEHD=2.0117E-01     CMHEEL=1.3703E-04
     CMHN2=9.6525E-01      CMHO2=9.6946E-01     CMHO=9.4071E-01
     CMHHE=7.9883E-01      CMHH=5.0000E-01      CMHOX=9.4071E-01      CMHHL=7.9883E-01      CMHEL=5.4391E-04
     CMELN2=9.9998E-01     CMELO2=9.9998E-01    CMELO=9.9997E-01
     CMELHE=9.9986E-01     CMELH=9.9946E-01     CMELOX=9.9997E-01     CMELHL=9.9986E-01     CMELHD=9.9946E-01     
0     HEAT CONDUCTION COEFFICIENTS AT UPPER BOUNDARY
0     CZHN2=1.5683E-59      CZHO2=2.8526E-69      CZHO=6.9446E-36       CZHOX=3.2459E+24
     CZHEN2=7.4680E-60     CZHEO2=1.3639E-69     CZHEHE=1.8561E-13     CZHEO=1.0611E-34
     CZHEH=4.8290E-07      CZHEOX=2.3993E+23     CZHEHD=1.8702E+24
     XTNMAX=8.0861E+02
1                                             NEUTRAL ATMOSPHERE NUMBER DENSITIES
                ALT             N2             O2               O              HE               H               T
     0        200.00       2.57759E+09     1.67627E+08     1.70077E+09     7.41188E+05     1.65206E+05     7.79254E+02
     1        220.00       1.15063E+09     6.68854E+07     1.02159E+09     6.54402E+05     1.46045E+05     7.93610E+02
     2        240.00       5.26185E+08     2.73879E+07     6.31041E+08     5.82751E+05     1.36188E+05     8.00915E+02
     3        260.00       2.44083E+08     1.13917E+07     3.97023E+08     5.21078E+05     1.30078E+05     8.04646E+02
     4        280.00       1.14296E+08     4.78802E+06     2.52987E+08     4.67045E+05     1.25584E+05     8.06561E+02
     5        300.00       5.38962E+07     2.02825E+06     1.63148E+08     4.19254E+05     1.21848E+05     8.07546E+02
     6        320.00       2.55611E+07     8.64768E+05     1.05561E+08     3.76764E+05     1.18445E+05     8.08056E+02
     7        340.00       1.21846E+07     3.70837E+05     6.86943E+07     3.38873E+05     1.15218E+05     8.08321E+02
     8        360.00       5.83572E+06     1.59884E+05     4.49118E+07     3.05021E+05     1.12217E+05     8.08459E+02
     9        380.00       2.80768E+06     6.92900E+04     2.94789E+07     2.74738E+05     1.09317E+05     8.08531E+02
    10        400.00       1.35680E+06     3.01802E+04     1.94160E+07     2.47623E+05     1.06512E+05     8.08569E+02
    11        420.00       6.58509E+05     1.32105E+04     1.27899E+07     2.23324E+05     1.03796E+05     8.08589E+02
    12        440.00       3.20968E+05     5.81079E+03     8.48247E+06     2.01534E+05     1.01165E+05     8.08599E+02
    13        460.00       1.57106E+05     2.56828E+03     5.63930E+06     1.81979E+05     9.86158E+04     8.08605E+02
    14        480.00       7.72215E+04     1.14057E+03     3.75806E+06     1.64421E+05     9.61456E+04     8.08608E+02
    16        520.00       1.88886E+04     2.28151E+02     1.68079E+06     1.34460E+05     9.14298E+04     8.08610E+02
    18        560.00       4.69588E+03     4.64927E+01     7.58742E+05     1.10214E+05     8.69959E+04     8.08611E+02
    20        600.00       1.18622E+03     9.64874E+00     3.45650E+05     9.05469E+04     8.28243E+04     8.08611E+02
    22        640.00       3.04390E+02     2.03865E+00     1.58881E+05     7.45560E+04     7.88969E+04     8.08611E+02
    24        680.00       7.93217E+01     4.38400E-01     7.36779E+04     6.15246E+04     7.51972E+04     8.08611E+02
    26        720.00       2.09864E+01     9.59231E-02     3.44638E+04     5.08810E+04     7.17097E+04     8.08611E+02
    28        760.00       5.63583E+00     2.13489E-02     1.62588E+04     4.21684E+04     6.84205E+04     8.08611E+02
    30        800.00       1.53583E+00     4.83171E-03     7.73485E+03     3.50209E+04     6.53163E+04     8.08611E+02
    35        900.00       6.33821E-02     1.26461E-04     1.25135E+03     2.22106E+04     5.82880E+04     8.08611E+02
    40       1000.00       2.85186E-03     3.65352E-06     2.12695E+02     1.42611E+04     5.21768E+04     8.08611E+02
    45       1100.00       1.39419E-04     1.16050E-07     3.79075E+01     9.26607E+03     4.68450E+04     8.08611E+02
    50       1200.00       7.38105E-06     4.03765E-09     7.07076E+00     6.08949E+03     4.21779E+04     8.08611E+02
    55       1300.00       4.21859E-07     1.53325E-10     1.37787E+00     4.04591E+03     3.80797E+04     8.08611E+02
    60       1400.00       2.59529E-08     6.33338E-12     2.80040E-01     2.71656E+03     3.44702E+04     8.08611E+02
    70       1600.00       1.21149E-10     1.37338E-14     1.30406E-02     1.26194E+03     2.84577E+04     8.08611E+02
    80       1800.00       7.35347E-13     4.02042E-17     7.05565E-04     6.08624E+02     2.37152E+04     8.08611E+02
    90       2000.00       5.69548E-15     1.55504E-19     4.38806E-05     3.03936E+02     1.99359E+04     8.08611E+02
   100       2200.00       5.53385E-17     7.79363E-22     3.10650E-06     1.56777E+02     1.68951E+04     8.08611E+02
   110       2400.00       6.64131E-19     4.97244E-24     2.48134E-07     8.33463E+01     1.44265E+04     8.08611E+02
   120       2600.00       9.70682E-21     3.97397E-26     2.21827E-08     4.55741E+01     1.24056E+04     8.08611E+02
   130       2800.00       1.70569E-22     3.92020E-28     2.20321E-09     2.55846E+01     1.07383E+04     8.08611E+02
   140       3000.00       3.56125E-24     4.70943E-30     2.41483E-10     1.47210E+01     9.35241E+03     8.08611E+02
   150       3200.00       8.73965E-26     6.80525E-32     2.90284E-11     8.66803E+00     8.19256E+03     8.08611E+02
   160       3400.00       2.49612E-27     1.16953E-33     3.80547E-12     5.21575E+00     7.21553E+03     8.08611E+02
   170       3600.00       8.22160E-29     2.36561E-35     5.41220E-13     3.20301E+00     6.38747E+03     8.08611E+02
   180       3800.00       3.09680E-30     5.57785E-37     8.31065E-14     2.00504E+00     5.68159E+03     8.08611E+02
   190       4000.00       1.32364E-31     1.51960E-38     1.37172E-14     1.27800E+00     5.07659E+03     8.08611E+02
   200       4200.00       6.37395E-33     4.74433E-40     2.42376E-15     8.28585E-01     4.55537E+03     8.08611E+02
   210       4400.00       3.43517E-34     1.68464E-41     4.56725E-16     5.45919E-01     4.10413E+03     8.08611E+02
   220       4600.00       2.05927E-35     6.75566E-43     9.14609E-17     3.65194E-01     3.71168E+03     8.08611E+02
   230       4800.00       1.36529E-36     3.03965E-44     1.94005E-17     2.47838E-01     3.36885E+03     8.08611E+02
   240       5000.00       9.95808E-38     1.52524E-45     4.34581E-18     1.70503E-01     3.06812E+03     8.08611E+02
   250       5200.00       7.95088E-39     8.48701E-47     1.02513E-18     1.18825E-01     2.80328E+03     8.08611E+02
   260       5400.00       6.91741E-40     5.20939E-48     2.53977E-19     8.38327E-02     2.56917E+03     8.08611E+02
   270       5600.00       6.52968E-41     3.50994E-49     6.59252E-20     5.98380E-02     2.36148E+03     8.08611E+02
   280       5800.00       6.66063E-42     2.58403E-50     1.78875E-20     4.31869E-02     2.17659E+03     8.08611E+02
   290       6000.00       7.31443E-43     2.06973E-51     5.06243E-21     3.14995E-02     2.01148E+03     8.08611E+02
   300       6200.00       8.61705E-44     1.79640E-52     1.49143E-21     2.32068E-02     1.86356E+03     8.08611E+02
   310       6400.00       1.08547E-44     1.68317E-53     4.56527E-22     1.72616E-02     1.73065E+03     8.08611E+02
   320       6600.00       1.45751E-45     1.69649E-54     1.44936E-22     1.29571E-02     1.61089E+03     8.08611E+02
   330       6800.00       2.08008E-46     1.83328E-55     4.76448E-23     9.81112E-03     1.50269E+03     8.08611E+02
   340       7000.00       3.14654E-47     2.11740E-56     1.61921E-23     7.49101E-03     1.40467E+03     8.08611E+02
   350       7200.00       5.03214E-48     2.60614E-57     5.68068E-24     5.76520E-03     1.31566E+03     8.08611E+02
   360       7400.00       8.48767E-49     3.40886E-58     2.05450E-24     4.47086E-03     1.23463E+03     8.08611E+02
   370       7600.00       1.50642E-49     4.72612E-59     7.64987E-25     3.49243E-03     1.16070E+03     8.08611E+02
   380       7800.00       2.80732E-50     6.92808E-60     2.92892E-25     2.74721E-03     1.09311E+03     8.08611E+02
   390       8000.00       5.48199E-51     1.07133E-60     1.15176E-25     2.17548E-03     1.03117E+03     8.08611E+02
   391       8020.00       4.66753E-51     8.91442E-61     1.05063E-25     2.12607E-03     1.02526E+03     8.08611E+02
1                                                       SOURCE COEFFICIENTS:
            ALT      GRAVTY     FFOX1     FFOX2     FFOX3     FFOX4     FFOX5     FFOX6    FFHYD1    FFHYD2    FFHE1     FFHE2
     1    220.00   -9.16E+02  7.64E-21  3.57E-01 -3.65E-06 -1.76E-03 -3.14E-03 -1.89E-03  2.30E-07 -2.25E-02  1.68E-25 -1.91E+00
     2    240.00   -9.10E+02  5.37E-21  2.20E-01 -3.40E-06 -8.05E-04 -1.44E-03 -7.72E-04  2.15E-07 -1.39E-02  1.50E-25 -8.72E-01
     3    260.00   -9.04E+02  2.98E-21  1.39E-01 -3.25E-06 -3.73E-04 -6.66E-04 -3.21E-04  2.05E-07 -8.73E-03  1.34E-25 -4.03E-01
     4    280.00   -8.99E+02  2.00E-21  8.83E-02 -3.14E-06 -1.75E-04 -3.12E-04 -1.35E-04  1.98E-07 -5.57E-03  1.20E-25 -1.88E-01
     5    300.00   -8.94E+02  1.32E-21  5.70E-02 -3.05E-06 -8.25E-05 -1.47E-04 -5.72E-05  1.92E-07 -3.59E-03  1.08E-25 -8.85E-02
     6    320.00   -8.88E+02  8.66E-22  3.68E-02 -2.96E-06 -3.91E-05 -6.98E-05 -2.44E-05  1.87E-07 -2.32E-03  9.69E-26 -4.18E-02
     7    340.00   -8.83E+02  5.65E-22  2.40E-02 -2.88E-06 -1.86E-05 -3.33E-05 -1.05E-05  1.82E-07 -1.51E-03  8.72E-26 -1.99E-02
     8    360.00   -8.78E+02  3.69E-22  1.57E-02 -2.81E-06 -8.93E-06 -1.59E-05 -4.51E-06  1.77E-07 -9.88E-04  7.85E-26 -9.51E-03
     9    380.00   -8.73E+02  2.41E-22  1.03E-02 -2.73E-06 -4.30E-06 -7.66E-06 -1.95E-06  1.72E-07 -6.49E-04  7.07E-26 -4.57E-03
    10    400.00   -8.67E+02  1.58E-22  6.78E-03 -2.66E-06 -2.08E-06 -3.70E-06 -8.51E-07  1.68E-07 -4.27E-04  6.37E-26 -2.20E-03
    11    420.00   -8.62E+02  1.03E-22  4.46E-03 -2.59E-06 -1.01E-06 -1.80E-06 -3.73E-07  1.64E-07 -2.81E-04  5.74E-26 -1.07E-03
    12    440.00   -8.57E+02  6.81E-23  2.96E-03 -2.53E-06 -4.91E-07 -8.76E-07 -1.64E-07  1.59E-07 -1.87E-04  5.18E-26 -5.20E-04
    13    460.00   -8.52E+02  4.50E-23  1.97E-03 -2.47E-06 -2.40E-07 -4.29E-07 -7.24E-08  1.55E-07 -1.24E-04  4.68E-26 -2.54E-04
    14    480.00   -8.47E+02  3.00E-23  1.31E-03 -2.40E-06 -1.18E-07 -2.11E-07 -3.22E-08  1.51E-07 -8.27E-05  4.23E-26 -1.25E-04
    16    520.00   -8.37E+02  1.34E-23  5.87E-04 -2.29E-06 -2.89E-08 -5.16E-08 -6.43E-09  1.44E-07 -3.70E-05  3.46E-26 -3.05E-05
    18    560.00   -8.28E+02  6.05E-24  2.65E-04 -2.17E-06 -7.18E-09 -1.28E-08 -1.31E-09  1.37E-07 -1.67E-05  2.84E-26 -7.56E-06
    20    600.00   -8.18E+02  2.76E-24  1.21E-04 -2.07E-06 -1.81E-09 -3.24E-09 -2.72E-10  1.30E-07 -7.60E-06  2.33E-26 -1.91E-06
    22    640.00   -8.09E+02  1.27E-24  5.55E-05 -1.97E-06 -4.66E-10 -8.31E-10 -5.75E-11  1.24E-07 -3.50E-06  1.92E-26 -4.89E-07
    24    680.00   -8.00E+02  5.88E-25  2.57E-05 -1.88E-06 -1.21E-10 -2.17E-10 -1.24E-11  1.18E-07 -1.62E-06  1.58E-26 -1.27E-07
    26    720.00   -7.91E+02  2.75E-25  1.20E-05 -1.79E-06 -3.21E-11 -5.73E-11 -2.71E-12  1.13E-07 -7.58E-07  1.31E-26 -3.37E-08
    28    760.00   -7.82E+02  1.30E-25  5.68E-06 -1.71E-06 -8.62E-12 -1.54E-11 -6.02E-13  1.08E-07 -3.58E-07  1.08E-26 -9.04E-09
    30    800.00   -7.73E+02  6.17E-26  2.70E-06 -1.63E-06 -2.35E-12 -4.19E-12 -1.36E-13  1.03E-07 -1.70E-07  9.01E-27 -2.46E-09
    35    900.00   -7.52E+02  9.98E-27  4.37E-07 -1.46E-06 -9.70E-14 -1.73E-13 -3.57E-15  9.18E-08 -2.75E-08  5.71E-27 -1.02E-10
    40   1000.00   -7.32E+02  1.70E-27  7.42E-08 -1.30E-06 -4.36E-15 -7.79E-15 -1.03E-16  8.22E-08 -4.68E-09  3.67E-27 -4.57E-12
    45   1100.00   -7.12E+02  3.02E-28  1.32E-08 -1.17E-06 -2.13E-16 -3.81E-16 -3.27E-18  7.38E-08 -8.34E-10  2.38E-27 -2.23E-13
    50   1200.00   -6.93E+02  5.64E-29  2.47E-09 -1.05E-06 -1.13E-17 -2.02E-17 -1.14E-19  6.65E-08 -1.56E-10  1.57E-27 -1.18E-14
    55   1300.00   -6.75E+02  1.10E-29  4.81E-10 -9.52E-07 -6.45E-19 -1.15E-18 -4.32E-21  6.00E-08 -3.03E-11  1.04E-27 -6.75E-16
    60   1400.00   -6.58E+02  2.23E-30  9.78E-11 -8.62E-07 -3.97E-20 -7.09E-20 -1.79E-22  5.43E-08 -6.16E-12  6.99E-28 -4.15E-17
    70   1600.00   -6.25E+02  1.04E-31  4.55E-12 -7.11E-07 -1.85E-22 -3.31E-22 -3.87E-25  4.48E-08 -2.87E-13  3.25E-28 -1.94E-19
    80   1800.00   -5.95E+02  5.63E-33  2.46E-13 -5.93E-07 -1.13E-24 -2.01E-24 -1.13E-27  3.74E-08 -1.55E-14  1.57E-28 -1.18E-21
    90   2000.00   -5.67E+02  3.50E-34  1.53E-14 -4.98E-07 -8.71E-27 -1.55E-26 -4.39E-30  3.14E-08 -9.65E-16  7.82E-29 -9.11E-24
   100   2200.00   -5.41E+02  2.48E-35  1.08E-15 -4.22E-07 -8.47E-29 -1.51E-28 -2.20E-32  2.66E-08 -6.83E-17  4.03E-29 -8.85E-26
   110   2400.00   -5.16E+02  1.98E-36  8.66E-17 -3.61E-07 -1.02E-30 -1.81E-30 -1.40E-34  2.27E-08 -5.46E-18  2.14E-29 -1.06E-27
   120   2600.00   -4.94E+02  1.77E-37  7.74E-18 -3.10E-07 -1.49E-32 -2.65E-32 -1.12E-36  1.95E-08 -4.88E-19  1.17E-29 -1.55E-29
   130   2800.00   -4.72E+02  1.76E-38  7.69E-19 -2.68E-07 -2.61E-34 -4.66E-34 -1.11E-38  1.69E-08 -4.85E-20  6.58E-30 -2.73E-31
   140   3000.00   -4.52E+02  1.93E-39  8.43E-20 -2.34E-07 -5.45E-36 -9.72E-36 -1.33E-40  1.47E-08 -5.31E-21  3.79E-30 -5.70E-33
   150   3200.00   -4.34E+02  2.32E-40  1.01E-20 -2.05E-07 -1.34E-37 -2.39E-37 -1.92E-42  1.29E-08 -6.39E-22  2.23E-30 -1.40E-34
   160   3400.00   -4.16E+02  3.04E-41  1.33E-21 -1.80E-07 -3.82E-39 -6.81E-39 -3.30E-44  1.14E-08 -8.37E-23  1.34E-30 -3.99E-36
   170   3600.00   -3.99E+02  4.32E-42  1.89E-22 -1.60E-07 -1.26E-40 -2.24E-40 -6.67E-46  1.01E-08 -1.19E-23  8.24E-31 -1.32E-37
   180   3800.00   -3.84E+02  6.63E-43  2.90E-23 -1.42E-07 -4.74E-42 -8.45E-42 -1.57E-47  8.95E-09 -1.83E-24  5.16E-31 -4.95E-39
   190   4000.00   -3.69E+02  1.09E-43  4.79E-24 -1.27E-07 -2.03E-43 -3.61E-43 -4.29E-49  8.00E-09 -3.02E-25  3.29E-31 -2.12E-40
   200   4200.00   -3.55E+02  1.93E-44  8.46E-25 -1.14E-07 -9.75E-45 -1.74E-44 -1.34E-50  7.18E-09 -5.33E-26  2.13E-31 -1.02E-41
   210   4400.00   -3.42E+02  3.64E-45  1.59E-25 -1.03E-07 -5.26E-46 -9.38E-46 -4.75E-52  6.47E-09 -1.00E-26  1.40E-31 -5.50E-43
   220   4600.00   -3.30E+02  7.30E-46  3.19E-26 -9.28E-08 -3.15E-47 -5.62E-47 -1.91E-53  5.85E-09 -2.01E-27  9.39E-32 -3.29E-44
   230   4800.00   -3.18E+02  1.55E-46  6.77E-27 -8.42E-08 -2.09E-48 -3.73E-48 -8.57E-55  5.31E-09 -4.27E-28  6.38E-32 -2.18E-45
   240   5000.00   -3.07E+02  3.47E-47  1.52E-27 -7.67E-08 -1.52E-49 -2.72E-49 -4.30E-56  4.83E-09 -9.56E-29  4.39E-32 -1.59E-46
   250   5200.00   -2.96E+02  8.18E-48  3.58E-28 -7.01E-08 -1.22E-50 -2.17E-50 -2.39E-57  4.42E-09 -2.26E-29  3.06E-32 -1.27E-47
   260   5400.00   -2.86E+02  2.03E-48  8.87E-29 -6.42E-08 -1.06E-51 -1.89E-51 -1.47E-58  4.05E-09 -5.59E-30  2.16E-32 -1.11E-48
   270   5600.00   -2.77E+02  5.26E-49  2.30E-29 -5.90E-08 -9.99E-53 -1.78E-52 -9.90E-60  3.72E-09 -1.45E-30  1.54E-32 -1.04E-49
   280   5800.00   -2.68E+02  1.43E-49  6.24E-30 -5.44E-08 -1.02E-53 -1.82E-53 -7.29E-61  3.43E-09 -3.94E-31  1.11E-32 -1.07E-50
   290   6000.00   -2.59E+02  4.04E-50  1.77E-30 -5.03E-08 -1.12E-54 -2.00E-54 -5.84E-62  3.17E-09 -1.11E-31  8.10E-33 -1.17E-51
   300   6200.00   -2.51E+02  1.19E-50  5.21E-31 -4.66E-08 -1.32E-55 -2.35E-55 -5.07E-63  2.94E-09 -3.28E-32  5.97E-33 -1.38E-52
   310   6400.00   -2.43E+02  3.64E-51  1.59E-31 -4.33E-08 -1.66E-56 -2.96E-56 -4.75E-64  2.73E-09 -1.00E-32  4.44E-33 -1.74E-53
   320   6600.00   -2.36E+02  1.16E-51  5.06E-32 -4.03E-08 -2.23E-57 -3.98E-57 -4.78E-65  2.54E-09 -3.19E-33  3.33E-33 -2.33E-54
   330   6800.00   -2.29E+02  3.80E-52  1.66E-32 -3.76E-08 -3.18E-58 -5.68E-58 -5.17E-66  2.37E-09 -1.05E-33  2.52E-33 -3.33E-55
   340   7000.00   -2.22E+02  1.29E-52  5.65E-33 -3.51E-08 -4.81E-59 -8.59E-59 -5.97E-67  2.21E-09 -3.56E-34  1.93E-33 -5.03E-56
   350   7200.00   -2.15E+02  4.53E-53  1.98E-33 -3.29E-08 -7.70E-60 -1.37E-59 -7.35E-68  2.07E-09 -1.25E-34  1.48E-33 -8.05E-57
   360   7400.00   -2.09E+02  1.64E-53  7.17E-34 -3.09E-08 -1.30E-60 -2.32E-60 -9.61E-69  1.95E-09 -4.52E-35  1.15E-33 -1.36E-57
   370   7600.00   -2.03E+02  6.10E-54  2.67E-34 -2.90E-08 -2.30E-61 -4.11E-61 -1.33E-69  1.83E-09 -1.68E-35  8.98E-34 -2.41E-58
   380   7800.00   -1.98E+02  2.34E-54  1.02E-34 -2.73E-08 -4.30E-62 -7.66E-62 -1.95E-70  1.72E-09 -6.44E-36  7.07E-34 -4.49E-59
   390   8000.00   -1.92E+02  9.19E-55  4.02E-35 -2.58E-08 -8.39E-63 -1.50E-62 -3.02E-71  1.62E-09 -2.53E-36  5.60E-34 -8.77E-60
1                                                  COLLISION COEFFICIENTS FOR OXYGEN
            ALT       CLOXN2      CLOXO2      CLOXO       CLOXHE      CLOXH       CLOXHL      CLOXHD      CLOXEL
     1    220.00    0.0000E+00  0.0000E+00  3.7492E-02  0.0000E+00  6.7619E-07  2.3548E+23  3.2243E+24  2.0418E+24
     2    240.00    0.0000E+00  0.0000E+00  2.3159E-02  0.0000E+00  6.3055E-07  2.3548E+23  3.2243E+24  2.0418E+24
     3    260.00    0.0000E+00  0.0000E+00  1.4571E-02  0.0000E+00  6.0226E-07  2.3548E+23  3.2243E+24  2.0418E+24
     4    280.00    0.0000E+00  0.0000E+00  9.2846E-03  0.0000E+00  5.8145E-07  2.3548E+23  3.2243E+24  2.0418E+24
     5    300.00    0.0000E+00  0.0000E+00  5.9875E-03  0.0000E+00  5.6416E-07  2.3548E+23  3.2243E+24  2.0418E+24
     6    320.00    0.0000E+00  0.0000E+00  3.8741E-03  0.0000E+00  5.4840E-07  2.3548E+23  3.2243E+24  2.0418E+24
     7    340.00    0.0000E+00  0.0000E+00  2.5211E-03  0.0000E+00  5.3346E-07  2.3548E+23  3.2243E+24  2.0418E+24
     8    360.00    0.0000E+00  0.0000E+00  1.6483E-03  0.0000E+00  5.1956E-07  2.3548E+23  3.2243E+24  2.0418E+24
     9    380.00    0.0000E+00  0.0000E+00  1.0819E-03  0.0000E+00  5.0614E-07  2.3548E+23  3.2243E+24  2.0418E+24
    10    400.00    0.0000E+00  0.0000E+00  7.1257E-04  0.0000E+00  4.9315E-07  2.3548E+23  3.2243E+24  2.0418E+24
    11    420.00    0.0000E+00  0.0000E+00  4.6939E-04  0.0000E+00  4.8057E-07  2.3548E+23  3.2243E+24  2.0418E+24
    12    440.00    0.0000E+00  0.0000E+00  3.1131E-04  0.0000E+00  4.6839E-07  2.3548E+23  3.2243E+24  2.0418E+24
    13    460.00    0.0000E+00  0.0000E+00  2.0696E-04  0.0000E+00  4.5659E-07  2.3548E+23  3.2243E+24  2.0418E+24
    14    480.00    0.0000E+00  0.0000E+00  1.3792E-04  0.0000E+00  4.4515E-07  2.3548E+23  3.2243E+24  2.0418E+24
    16    520.00    0.0000E+00  0.0000E+00  6.1685E-05  0.0000E+00  4.2332E-07  2.3548E+23  3.2243E+24  2.0418E+24
    18    560.00    0.0000E+00  0.0000E+00  2.7846E-05  0.0000E+00  4.0279E-07  2.3548E+23  3.2243E+24  2.0418E+24
    20    600.00    0.0000E+00  0.0000E+00  1.2685E-05  0.0000E+00  3.8348E-07  2.3548E+23  3.2243E+24  2.0418E+24
    22    640.00    0.0000E+00  0.0000E+00  5.8310E-06  0.0000E+00  3.6529E-07  2.3548E+23  3.2243E+24  2.0418E+24
    24    680.00    0.0000E+00  0.0000E+00  2.7040E-06  0.0000E+00  3.4816E-07  2.3548E+23  3.2243E+24  2.0418E+24
    26    720.00    0.0000E+00  0.0000E+00  1.2648E-06  0.0000E+00  3.3202E-07  2.3548E+23  3.2243E+24  2.0418E+24
    28    760.00    0.0000E+00  0.0000E+00  5.9670E-07  0.0000E+00  3.1679E-07  2.3548E+23  3.2243E+24  2.0418E+24
    30    800.00    0.0000E+00  0.0000E+00  2.8387E-07  0.0000E+00  3.0241E-07  2.3548E+23  3.2243E+24  2.0418E+24
    35    900.00    0.0000E+00  0.0000E+00  4.5925E-08  0.0000E+00  2.6987E-07  2.3548E+23  3.2243E+24  2.0418E+24
    40   1000.00    0.0000E+00  0.0000E+00  7.8059E-09  0.0000E+00  2.4158E-07  2.3548E+23  3.2243E+24  2.0418E+24
    45   1100.00    0.0000E+00  0.0000E+00  1.3912E-09  0.0000E+00  2.1689E-07  2.3548E+23  3.2243E+24  2.0418E+24
    50   1200.00    0.0000E+00  0.0000E+00  2.5950E-10  0.0000E+00  1.9528E-07  2.3548E+23  3.2243E+24  2.0418E+24
    55   1300.00    0.0000E+00  0.0000E+00  5.0568E-11  0.0000E+00  1.7631E-07  2.3548E+23  3.2243E+24  2.0418E+24
    60   1400.00    0.0000E+00  0.0000E+00  1.0277E-11  0.0000E+00  1.5960E-07  2.3548E+23  3.2243E+24  2.0418E+24
    70   1600.00    0.0000E+00  0.0000E+00  4.7859E-13  0.0000E+00  1.3176E-07  2.3548E+23  3.2243E+24  2.0418E+24
    80   1800.00    0.0000E+00  0.0000E+00  2.5894E-14  0.0000E+00  1.0980E-07  2.3548E+23  3.2243E+24  2.0418E+24
    90   2000.00    0.0000E+00  0.0000E+00  1.6104E-15  0.0000E+00  9.2303E-08  2.3548E+23  3.2243E+24  2.0418E+24
   100   2200.00    0.0000E+00  0.0000E+00  1.1401E-16  0.0000E+00  7.8224E-08  2.3548E+23  3.2243E+24  2.0418E+24
   110   2400.00    0.0000E+00  0.0000E+00  9.1065E-18  0.0000E+00  6.6795E-08  2.3548E+23  3.2243E+24  2.0418E+24
   120   2600.00    0.0000E+00  0.0000E+00  8.1410E-19  0.0000E+00  5.7438E-08  2.3548E+23  3.2243E+24  2.0418E+24
   130   2800.00    0.0000E+00  0.0000E+00  8.0858E-20  0.0000E+00  4.9718E-08  2.3548E+23  3.2243E+24  2.0418E+24
   140   3000.00    0.0000E+00  0.0000E+00  8.8624E-21  0.0000E+00  4.3302E-08  2.3548E+23  3.2243E+24  2.0418E+24
   150   3200.00    0.0000E+00  0.0000E+00  1.0653E-21  0.0000E+00  3.7932E-08  2.3548E+23  3.2243E+24  2.0418E+24
   160   3400.00    0.0000E+00  0.0000E+00  1.3966E-22  0.0000E+00  3.3408E-08  2.3548E+23  3.2243E+24  2.0418E+24
   170   3600.00    0.0000E+00  0.0000E+00  1.9863E-23  0.0000E+00  2.9574E-08  2.3548E+23  3.2243E+24  2.0418E+24
   180   3800.00    0.0000E+00  0.0000E+00  3.0500E-24  0.0000E+00  2.6306E-08  2.3548E+23  3.2243E+24  2.0418E+24
   190   4000.00    0.0000E+00  0.0000E+00  5.0342E-25  0.0000E+00  2.3505E-08  2.3548E+23  3.2243E+24  2.0418E+24
   200   4200.00    0.0000E+00  0.0000E+00  8.8952E-26  0.0000E+00  2.1091E-08  2.3548E+23  3.2243E+24  2.0418E+24
   210   4400.00    0.0000E+00  0.0000E+00  1.6762E-26  0.0000E+00  1.9002E-08  2.3548E+23  3.2243E+24  2.0418E+24
   220   4600.00    0.0000E+00  0.0000E+00  3.3566E-27  0.0000E+00  1.7185E-08  2.3548E+23  3.2243E+24  2.0418E+24
   230   4800.00    0.0000E+00  0.0000E+00  7.1200E-28  0.0000E+00  1.5598E-08  2.3548E+23  3.2243E+24  2.0418E+24
   240   5000.00    0.0000E+00  0.0000E+00  1.5949E-28  0.0000E+00  1.4205E-08  2.3548E+23  3.2243E+24  2.0418E+24
   250   5200.00    0.0000E+00  0.0000E+00  3.7622E-29  0.0000E+00  1.2979E-08  2.3548E+23  3.2243E+24  2.0418E+24
   260   5400.00    0.0000E+00  0.0000E+00  9.3210E-30  0.0000E+00  1.1895E-08  2.3548E+23  3.2243E+24  2.0418E+24
   270   5600.00    0.0000E+00  0.0000E+00  2.4195E-30  0.0000E+00  1.0934E-08  2.3548E+23  3.2243E+24  2.0418E+24
   280   5800.00    0.0000E+00  0.0000E+00  6.5647E-31  0.0000E+00  1.0078E-08  2.3548E+23  3.2243E+24  2.0418E+24
   290   6000.00    0.0000E+00  0.0000E+00  1.8579E-31  0.0000E+00  9.3131E-09  2.3548E+23  3.2243E+24  2.0418E+24
   300   6200.00    0.0000E+00  0.0000E+00  5.4736E-32  0.0000E+00  8.6283E-09  2.3548E+23  3.2243E+24  2.0418E+24
   310   6400.00    0.0000E+00  0.0000E+00  1.6755E-32  0.0000E+00  8.0129E-09  2.3548E+23  3.2243E+24  2.0418E+24
   320   6600.00    0.0000E+00  0.0000E+00  5.3192E-33  0.0000E+00  7.4584E-09  2.3548E+23  3.2243E+24  2.0418E+24
   330   6800.00    0.0000E+00  0.0000E+00  1.7486E-33  0.0000E+00  6.9574E-09  2.3548E+23  3.2243E+24  2.0418E+24
   340   7000.00    0.0000E+00  0.0000E+00  5.9425E-34  0.0000E+00  6.5036E-09  2.3548E+23  3.2243E+24  2.0418E+24
   350   7200.00    0.0000E+00  0.0000E+00  2.0848E-34  0.0000E+00  6.0915E-09  2.3548E+23  3.2243E+24  2.0418E+24
   360   7400.00    0.0000E+00  0.0000E+00  7.5400E-35  0.0000E+00  5.7163E-09  2.3548E+23  3.2243E+24  2.0418E+24
   370   7600.00    0.0000E+00  0.0000E+00  2.8075E-35  0.0000E+00  5.3741E-09  2.3548E+23  3.2243E+24  2.0418E+24
   380   7800.00    0.0000E+00  0.0000E+00  1.0749E-35  0.0000E+00  5.0611E-09  2.3548E+23  3.2243E+24  2.0418E+24
   390   8000.00    0.0000E+00  0.0000E+00  4.2270E-36  0.0000E+00  4.7743E-09  2.3548E+23  3.2243E+24  2.0418E+24
1                                                  COLLISION COEFFICIENTS FOR HELIUM
            ALT       CLHEN2      CLHEO2      CLHEO       CLHEHE      CLHEH       CLHEOX      CLHEHD      CLHEEL
     1    220.00    0.0000E+00  0.0000E+00  0.0000E+00  5.7129E-05  0.0000E+00  2.3993E+23  1.8702E+24  8.1563E+24
     2    240.00    0.0000E+00  0.0000E+00  0.0000E+00  5.0874E-05  0.0000E+00  2.3993E+23  1.8702E+24  8.1563E+24
     3    260.00    0.0000E+00  0.0000E+00  0.0000E+00  4.5490E-05  0.0000E+00  2.3993E+23  1.8702E+24  8.1563E+24
     4    280.00    0.0000E+00  0.0000E+00  0.0000E+00  4.0773E-05  0.0000E+00  2.3993E+23  1.8702E+24  8.1563E+24
     5    300.00    0.0000E+00  0.0000E+00  0.0000E+00  3.6601E-05  0.0000E+00  2.3993E+23  1.8702E+24  8.1563E+24
     6    320.00    0.0000E+00  0.0000E+00  0.0000E+00  3.2891E-05  0.0000E+00  2.3993E+23  1.8702E+24  8.1563E+24
     7    340.00    0.0000E+00  0.0000E+00  0.0000E+00  2.9584E-05  0.0000E+00  2.3993E+23  1.8702E+24  8.1563E+24
     8    360.00    0.0000E+00  0.0000E+00  0.0000E+00  2.6628E-05  0.0000E+00  2.3993E+23  1.8702E+24  8.1563E+24
     9    380.00    0.0000E+00  0.0000E+00  0.0000E+00  2.3985E-05  0.0000E+00  2.3993E+23  1.8702E+24  8.1563E+24
    10    400.00    0.0000E+00  0.0000E+00  0.0000E+00  2.1617E-05  0.0000E+00  2.3993E+23  1.8702E+24  8.1563E+24
    11    420.00    0.0000E+00  0.0000E+00  0.0000E+00  1.9496E-05  0.0000E+00  2.3993E+23  1.8702E+24  8.1563E+24
    12    440.00    0.0000E+00  0.0000E+00  0.0000E+00  1.7594E-05  0.0000E+00  2.3993E+23  1.8702E+24  8.1563E+24
    13    460.00    0.0000E+00  0.0000E+00  0.0000E+00  1.5887E-05  0.0000E+00  2.3993E+23  1.8702E+24  8.1563E+24
    14    480.00    0.0000E+00  0.0000E+00  0.0000E+00  1.4354E-05  0.0000E+00  2.3993E+23  1.8702E+24  8.1563E+24
    16    520.00    0.0000E+00  0.0000E+00  0.0000E+00  1.1738E-05  0.0000E+00  2.3993E+23  1.8702E+24  8.1563E+24
    18    560.00    0.0000E+00  0.0000E+00  0.0000E+00  9.6217E-06  0.0000E+00  2.3993E+23  1.8702E+24  8.1563E+24
    20    600.00    0.0000E+00  0.0000E+00  0.0000E+00  7.9047E-06  0.0000E+00  2.3993E+23  1.8702E+24  8.1563E+24
    22    640.00    0.0000E+00  0.0000E+00  0.0000E+00  6.5087E-06  0.0000E+00  2.3993E+23  1.8702E+24  8.1563E+24
    24    680.00    0.0000E+00  0.0000E+00  0.0000E+00  5.3711E-06  0.0000E+00  2.3993E+23  1.8702E+24  8.1563E+24
    26    720.00    0.0000E+00  0.0000E+00  0.0000E+00  4.4419E-06  0.0000E+00  2.3993E+23  1.8702E+24  8.1563E+24
    28    760.00    0.0000E+00  0.0000E+00  0.0000E+00  3.6813E-06  0.0000E+00  2.3993E+23  1.8702E+24  8.1563E+24
    30    800.00    0.0000E+00  0.0000E+00  0.0000E+00  3.0573E-06  0.0000E+00  2.3993E+23  1.8702E+24  8.1563E+24
    35    900.00    0.0000E+00  0.0000E+00  0.0000E+00  1.9390E-06  0.0000E+00  2.3993E+23  1.8702E+24  8.1563E+24
    40   1000.00    0.0000E+00  0.0000E+00  0.0000E+00  1.2450E-06  0.0000E+00  2.3993E+23  1.8702E+24  8.1563E+24
    45   1100.00    0.0000E+00  0.0000E+00  0.0000E+00  8.0893E-07  0.0000E+00  2.3993E+23  1.8702E+24  8.1563E+24
    50   1200.00    0.0000E+00  0.0000E+00  0.0000E+00  5.3161E-07  0.0000E+00  2.3993E+23  1.8702E+24  8.1563E+24
    55   1300.00    0.0000E+00  0.0000E+00  0.0000E+00  3.5321E-07  0.0000E+00  2.3993E+23  1.8702E+24  8.1563E+24
    60   1400.00    0.0000E+00  0.0000E+00  0.0000E+00  2.3716E-07  0.0000E+00  2.3993E+23  1.8702E+24  8.1563E+24
    70   1600.00    0.0000E+00  0.0000E+00  0.0000E+00  1.1017E-07  0.0000E+00  2.3993E+23  1.8702E+24  8.1563E+24
    80   1800.00    0.0000E+00  0.0000E+00  0.0000E+00  5.3133E-08  0.0000E+00  2.3993E+23  1.8702E+24  8.1563E+24
    90   2000.00    0.0000E+00  0.0000E+00  0.0000E+00  2.6534E-08  0.0000E+00  2.3993E+23  1.8702E+24  8.1563E+24
   100   2200.00    0.0000E+00  0.0000E+00  0.0000E+00  1.3687E-08  0.0000E+00  2.3993E+23  1.8702E+24  8.1563E+24
   110   2400.00    0.0000E+00  0.0000E+00  0.0000E+00  7.2761E-09  0.0000E+00  2.3993E+23  1.8702E+24  8.1563E+24
   120   2600.00    0.0000E+00  0.0000E+00  0.0000E+00  3.9786E-09  0.0000E+00  2.3993E+23  1.8702E+24  8.1563E+24
   130   2800.00    0.0000E+00  0.0000E+00  0.0000E+00  2.2335E-09  0.0000E+00  2.3993E+23  1.8702E+24  8.1563E+24
   140   3000.00    0.0000E+00  0.0000E+00  0.0000E+00  1.2851E-09  0.0000E+00  2.3993E+23  1.8702E+24  8.1563E+24
   150   3200.00    0.0000E+00  0.0000E+00  0.0000E+00  7.5672E-10  0.0000E+00  2.3993E+23  1.8702E+24  8.1563E+24
   160   3400.00    0.0000E+00  0.0000E+00  0.0000E+00  4.5533E-10  0.0000E+00  2.3993E+23  1.8702E+24  8.1563E+24
   170   3600.00    0.0000E+00  0.0000E+00  0.0000E+00  2.7962E-10  0.0000E+00  2.3993E+23  1.8702E+24  8.1563E+24
   180   3800.00    0.0000E+00  0.0000E+00  0.0000E+00  1.7504E-10  0.0000E+00  2.3993E+23  1.8702E+24  8.1563E+24
   190   4000.00    0.0000E+00  0.0000E+00  0.0000E+00  1.1157E-10  0.0000E+00  2.3993E+23  1.8702E+24  8.1563E+24
   200   4200.00    0.0000E+00  0.0000E+00  0.0000E+00  7.2335E-11  0.0000E+00  2.3993E+23  1.8702E+24  8.1563E+24
   210   4400.00    0.0000E+00  0.0000E+00  0.0000E+00  4.7659E-11  0.0000E+00  2.3993E+23  1.8702E+24  8.1563E+24
   220   4600.00    0.0000E+00  0.0000E+00  0.0000E+00  3.1881E-11  0.0000E+00  2.3993E+23  1.8702E+24  8.1563E+24
   230   4800.00    0.0000E+00  0.0000E+00  0.0000E+00  2.1636E-11  0.0000E+00  2.3993E+23  1.8702E+24  8.1563E+24
   240   5000.00    0.0000E+00  0.0000E+00  0.0000E+00  1.4885E-11  0.0000E+00  2.3993E+23  1.8702E+24  8.1563E+24
   250   5200.00    0.0000E+00  0.0000E+00  0.0000E+00  1.0373E-11  0.0000E+00  2.3993E+23  1.8702E+24  8.1563E+24
   260   5400.00    0.0000E+00  0.0000E+00  0.0000E+00  7.3186E-12  0.0000E+00  2.3993E+23  1.8702E+24  8.1563E+24
   270   5600.00    0.0000E+00  0.0000E+00  0.0000E+00  5.2239E-12  0.0000E+00  2.3993E+23  1.8702E+24  8.1563E+24
   280   5800.00    0.0000E+00  0.0000E+00  0.0000E+00  3.7702E-12  0.0000E+00  2.3993E+23  1.8702E+24  8.1563E+24
   290   6000.00    0.0000E+00  0.0000E+00  0.0000E+00  2.7499E-12  0.0000E+00  2.3993E+23  1.8702E+24  8.1563E+24
   300   6200.00    0.0000E+00  0.0000E+00  0.0000E+00  2.0260E-12  0.0000E+00  2.3993E+23  1.8702E+24  8.1563E+24
   310   6400.00    0.0000E+00  0.0000E+00  0.0000E+00  1.5069E-12  0.0000E+00  2.3993E+23  1.8702E+24  8.1563E+24
   320   6600.00    0.0000E+00  0.0000E+00  0.0000E+00  1.1312E-12  0.0000E+00  2.3993E+23  1.8702E+24  8.1563E+24
   330   6800.00    0.0000E+00  0.0000E+00  0.0000E+00  8.5651E-13  0.0000E+00  2.3993E+23  1.8702E+24  8.1563E+24
   340   7000.00    0.0000E+00  0.0000E+00  0.0000E+00  6.5397E-13  0.0000E+00  2.3993E+23  1.8702E+24  8.1563E+24
   350   7200.00    0.0000E+00  0.0000E+00  0.0000E+00  5.0330E-13  0.0000E+00  2.3993E+23  1.8702E+24  8.1563E+24
   360   7400.00    0.0000E+00  0.0000E+00  0.0000E+00  3.9031E-13  0.0000E+00  2.3993E+23  1.8702E+24  8.1563E+24
   370   7600.00    0.0000E+00  0.0000E+00  0.0000E+00  3.0489E-13  0.0000E+00  2.3993E+23  1.8702E+24  8.1563E+24
   380   7800.00    0.0000E+00  0.0000E+00  0.0000E+00  2.3983E-13  0.0000E+00  2.3993E+23  1.8702E+24  8.1563E+24
   390   8000.00    0.0000E+00  0.0000E+00  0.0000E+00  1.8992E-13  0.0000E+00  2.3993E+23  1.8702E+24  8.1563E+24
1                                                  COLLISION COEFFICIENTS FOR HYDROGEN
            ALT       CLHN2       CLHO2       CLHO        CLHHE       CLHH        CLHOX       CLHHL       CLHEL
     1    220.00    0.0000E+00  0.0000E+00  6.7527E-02  0.0000E+00  3.8702E-05  3.2459E+24  1.9175E+24  3.2603E+25
     2    240.00    0.0000E+00  0.0000E+00  4.1712E-02  0.0000E+00  3.6090E-05  3.2459E+24  1.9175E+24  3.2603E+25
     3    260.00    0.0000E+00  0.0000E+00  2.6243E-02  0.0000E+00  3.4471E-05  3.2459E+24  1.9175E+24  3.2603E+25
     4    280.00    0.0000E+00  0.0000E+00  1.6722E-02  0.0000E+00  3.3280E-05  3.2459E+24  1.9175E+24  3.2603E+25
     5    300.00    0.0000E+00  0.0000E+00  1.0784E-02  0.0000E+00  3.2290E-05  3.2459E+24  1.9175E+24  3.2603E+25
     6    320.00    0.0000E+00  0.0000E+00  6.9776E-03  0.0000E+00  3.1388E-05  3.2459E+24  1.9175E+24  3.2603E+25
     7    340.00    0.0000E+00  0.0000E+00  4.5407E-03  0.0000E+00  3.0533E-05  3.2459E+24  1.9175E+24  3.2603E+25
     8    360.00    0.0000E+00  0.0000E+00  2.9687E-03  0.0000E+00  2.9738E-05  3.2459E+24  1.9175E+24  3.2603E+25
     9    380.00    0.0000E+00  0.0000E+00  1.9486E-03  0.0000E+00  2.8969E-05  3.2459E+24  1.9175E+24  3.2603E+25
    10    400.00    0.0000E+00  0.0000E+00  1.2834E-03  0.0000E+00  2.8226E-05  3.2459E+24  1.9175E+24  3.2603E+25
    11    420.00    0.0000E+00  0.0000E+00  8.4541E-04  0.0000E+00  2.7506E-05  3.2459E+24  1.9175E+24  3.2603E+25
    12    440.00    0.0000E+00  0.0000E+00  5.6069E-04  0.0000E+00  2.6809E-05  3.2459E+24  1.9175E+24  3.2603E+25
    13    460.00    0.0000E+00  0.0000E+00  3.7276E-04  0.0000E+00  2.6133E-05  3.2459E+24  1.9175E+24  3.2603E+25
    14    480.00    0.0000E+00  0.0000E+00  2.4841E-04  0.0000E+00  2.5479E-05  3.2459E+24  1.9175E+24  3.2603E+25
    16    520.00    0.0000E+00  0.0000E+00  1.1110E-04  0.0000E+00  2.4229E-05  3.2459E+24  1.9175E+24  3.2603E+25
    18    560.00    0.0000E+00  0.0000E+00  5.0153E-05  0.0000E+00  2.3054E-05  3.2459E+24  1.9175E+24  3.2603E+25
    20    600.00    0.0000E+00  0.0000E+00  2.2847E-05  0.0000E+00  2.1948E-05  3.2459E+24  1.9175E+24  3.2603E+25
    22    640.00    0.0000E+00  0.0000E+00  1.0502E-05  0.0000E+00  2.0908E-05  3.2459E+24  1.9175E+24  3.2603E+25
    24    680.00    0.0000E+00  0.0000E+00  4.8701E-06  0.0000E+00  1.9927E-05  3.2459E+24  1.9175E+24  3.2603E+25
    26    720.00    0.0000E+00  0.0000E+00  2.2781E-06  0.0000E+00  1.9003E-05  3.2459E+24  1.9175E+24  3.2603E+25
    28    760.00    0.0000E+00  0.0000E+00  1.0747E-06  0.0000E+00  1.8131E-05  3.2459E+24  1.9175E+24  3.2603E+25
    30    800.00    0.0000E+00  0.0000E+00  5.1127E-07  0.0000E+00  1.7309E-05  3.2459E+24  1.9175E+24  3.2603E+25
    35    900.00    0.0000E+00  0.0000E+00  8.2714E-08  0.0000E+00  1.5446E-05  3.2459E+24  1.9175E+24  3.2603E+25
    40   1000.00    0.0000E+00  0.0000E+00  1.4059E-08  0.0000E+00  1.3827E-05  3.2459E+24  1.9175E+24  3.2603E+25
    45   1100.00    0.0000E+00  0.0000E+00  2.5057E-09  0.0000E+00  1.2414E-05  3.2459E+24  1.9175E+24  3.2603E+25
    50   1200.00    0.0000E+00  0.0000E+00  4.6738E-10  0.0000E+00  1.1177E-05  3.2459E+24  1.9175E+24  3.2603E+25
    55   1300.00    0.0000E+00  0.0000E+00  9.1077E-11  0.0000E+00  1.0091E-05  3.2459E+24  1.9175E+24  3.2603E+25
    60   1400.00    0.0000E+00  0.0000E+00  1.8511E-11  0.0000E+00  9.1346E-06  3.2459E+24  1.9175E+24  3.2603E+25
    70   1600.00    0.0000E+00  0.0000E+00  8.6198E-13  0.0000E+00  7.5413E-06  3.2459E+24  1.9175E+24  3.2603E+25
    80   1800.00    0.0000E+00  0.0000E+00  4.6638E-14  0.0000E+00  6.2845E-06  3.2459E+24  1.9175E+24  3.2603E+25
    90   2000.00    0.0000E+00  0.0000E+00  2.9005E-15  0.0000E+00  5.2830E-06  3.2459E+24  1.9175E+24  3.2603E+25
   100   2200.00    0.0000E+00  0.0000E+00  2.0534E-16  0.0000E+00  4.4772E-06  3.2459E+24  1.9175E+24  3.2603E+25
   110   2400.00    0.0000E+00  0.0000E+00  1.6402E-17  0.0000E+00  3.8230E-06  3.2459E+24  1.9175E+24  3.2603E+25
   120   2600.00    0.0000E+00  0.0000E+00  1.4663E-18  0.0000E+00  3.2875E-06  3.2459E+24  1.9175E+24  3.2603E+25
   130   2800.00    0.0000E+00  0.0000E+00  1.4563E-19  0.0000E+00  2.8456E-06  3.2459E+24  1.9175E+24  3.2603E+25
   140   3000.00    0.0000E+00  0.0000E+00  1.5962E-20  0.0000E+00  2.4784E-06  3.2459E+24  1.9175E+24  3.2603E+25
   150   3200.00    0.0000E+00  0.0000E+00  1.9188E-21  0.0000E+00  2.1710E-06  3.2459E+24  1.9175E+24  3.2603E+25
   160   3400.00    0.0000E+00  0.0000E+00  2.5154E-22  0.0000E+00  1.9121E-06  3.2459E+24  1.9175E+24  3.2603E+25
   170   3600.00    0.0000E+00  0.0000E+00  3.5775E-23  0.0000E+00  1.6927E-06  3.2459E+24  1.9175E+24  3.2603E+25
   180   3800.00    0.0000E+00  0.0000E+00  5.4933E-24  0.0000E+00  1.5056E-06  3.2459E+24  1.9175E+24  3.2603E+25
   190   4000.00    0.0000E+00  0.0000E+00  9.0671E-25  0.0000E+00  1.3453E-06  3.2459E+24  1.9175E+24  3.2603E+25
   200   4200.00    0.0000E+00  0.0000E+00  1.6021E-25  0.0000E+00  1.2072E-06  3.2459E+24  1.9175E+24  3.2603E+25
   210   4400.00    0.0000E+00  0.0000E+00  3.0190E-26  0.0000E+00  1.0876E-06  3.2459E+24  1.9175E+24  3.2603E+25
   220   4600.00    0.0000E+00  0.0000E+00  6.0456E-27  0.0000E+00  9.8359E-07  3.2459E+24  1.9175E+24  3.2603E+25
   230   4800.00    0.0000E+00  0.0000E+00  1.2824E-27  0.0000E+00  8.9274E-07  3.2459E+24  1.9175E+24  3.2603E+25
   240   5000.00    0.0000E+00  0.0000E+00  2.8726E-28  0.0000E+00  8.1305E-07  3.2459E+24  1.9175E+24  3.2603E+25
   250   5200.00    0.0000E+00  0.0000E+00  6.7761E-29  0.0000E+00  7.4287E-07  3.2459E+24  1.9175E+24  3.2603E+25
   260   5400.00    0.0000E+00  0.0000E+00  1.6788E-29  0.0000E+00  6.8083E-07  3.2459E+24  1.9175E+24  3.2603E+25
   270   5600.00    0.0000E+00  0.0000E+00  4.3577E-30  0.0000E+00  6.2579E-07  3.2459E+24  1.9175E+24  3.2603E+25
   280   5800.00    0.0000E+00  0.0000E+00  1.1824E-30  0.0000E+00  5.7680E-07  3.2459E+24  1.9175E+24  3.2603E+25
   290   6000.00    0.0000E+00  0.0000E+00  3.3463E-31  0.0000E+00  5.3304E-07  3.2459E+24  1.9175E+24  3.2603E+25
   300   6200.00    0.0000E+00  0.0000E+00  9.8584E-32  0.0000E+00  4.9384E-07  3.2459E+24  1.9175E+24  3.2603E+25
   310   6400.00    0.0000E+00  0.0000E+00  3.0176E-32  0.0000E+00  4.5862E-07  3.2459E+24  1.9175E+24  3.2603E+25
   320   6600.00    0.0000E+00  0.0000E+00  9.5803E-33  0.0000E+00  4.2689E-07  3.2459E+24  1.9175E+24  3.2603E+25
   330   6800.00    0.0000E+00  0.0000E+00  3.1493E-33  0.0000E+00  3.9821E-07  3.2459E+24  1.9175E+24  3.2603E+25
   340   7000.00    0.0000E+00  0.0000E+00  1.0703E-33  0.0000E+00  3.7224E-07  3.2459E+24  1.9175E+24  3.2603E+25
   350   7200.00    0.0000E+00  0.0000E+00  3.7549E-34  0.0000E+00  3.4865E-07  3.2459E+24  1.9175E+24  3.2603E+25
   360   7400.00    0.0000E+00  0.0000E+00  1.3580E-34  0.0000E+00  3.2718E-07  3.2459E+24  1.9175E+24  3.2603E+25
   370   7600.00    0.0000E+00  0.0000E+00  5.0566E-35  0.0000E+00  3.0759E-07  3.2459E+24  1.9175E+24  3.2603E+25
   380   7800.00    0.0000E+00  0.0000E+00  1.9360E-35  0.0000E+00  2.8967E-07  3.2459E+24  1.9175E+24  3.2603E+25
   390   8000.00    0.0000E+00  0.0000E+00  7.6132E-36  0.0000E+00  2.7326E-07  3.2459E+24  1.9175E+24  3.2603E+25
1                                                  COLLISION COEFFICIENTS FOR ELECTRONS
            ALT      CLELN2      CLELO2      CLELO       CLELHE      CLELH       CLELOX      CLELHL      CLELHD
     1    220.00    0.0000E+00  0.0000E+00  0.0000E+00  0.0000E+00  0.0000E+00  2.0519E+24  8.1992E+24  3.2559E+25
     2    240.00    0.0000E+00  0.0000E+00  0.0000E+00  0.0000E+00  0.0000E+00  2.0519E+24  8.1992E+24  3.2559E+25
     3    260.00    0.0000E+00  0.0000E+00  0.0000E+00  0.0000E+00  0.0000E+00  2.0519E+24  8.1992E+24  3.2559E+25
     4    280.00    0.0000E+00  0.0000E+00  0.0000E+00  0.0000E+00  0.0000E+00  2.0519E+24  8.1992E+24  3.2559E+25
     5    300.00    0.0000E+00  0.0000E+00  0.0000E+00  0.0000E+00  0.0000E+00  2.0519E+24  8.1992E+24  3.2559E+25
     6    320.00    0.0000E+00  0.0000E+00  0.0000E+00  0.0000E+00  0.0000E+00  2.0519E+24  8.1992E+24  3.2559E+25
     7    340.00    0.0000E+00  0.0000E+00  0.0000E+00  0.0000E+00  0.0000E+00  2.0519E+24  8.1992E+24  3.2559E+25
     8    360.00    0.0000E+00  0.0000E+00  0.0000E+00  0.0000E+00  0.0000E+00  2.0519E+24  8.1992E+24  3.2559E+25
     9    380.00    0.0000E+00  0.0000E+00  0.0000E+00  0.0000E+00  0.0000E+00  2.0519E+24  8.1992E+24  3.2559E+25
    10    400.00    0.0000E+00  0.0000E+00  0.0000E+00  0.0000E+00  0.0000E+00  2.0519E+24  8.1992E+24  3.2559E+25
    11    420.00    0.0000E+00  0.0000E+00  0.0000E+00  0.0000E+00  0.0000E+00  2.0519E+24  8.1992E+24  3.2559E+25
    12    440.00    0.0000E+00  0.0000E+00  0.0000E+00  0.0000E+00  0.0000E+00  2.0519E+24  8.1992E+24  3.2559E+25
    13    460.00    0.0000E+00  0.0000E+00  0.0000E+00  0.0000E+00  0.0000E+00  2.0519E+24  8.1992E+24  3.2559E+25
    14    480.00    0.0000E+00  0.0000E+00  0.0000E+00  0.0000E+00  0.0000E+00  2.0519E+24  8.1992E+24  3.2559E+25
    16    520.00    0.0000E+00  0.0000E+00  0.0000E+00  0.0000E+00  0.0000E+00  2.0519E+24  8.1992E+24  3.2559E+25
    18    560.00    0.0000E+00  0.0000E+00  0.0000E+00  0.0000E+00  0.0000E+00  2.0519E+24  8.1992E+24  3.2559E+25
    20    600.00    0.0000E+00  0.0000E+00  0.0000E+00  0.0000E+00  0.0000E+00  2.0519E+24  8.1992E+24  3.2559E+25
    22    640.00    0.0000E+00  0.0000E+00  0.0000E+00  0.0000E+00  0.0000E+00  2.0519E+24  8.1992E+24  3.2559E+25
    24    680.00    0.0000E+00  0.0000E+00  0.0000E+00  0.0000E+00  0.0000E+00  2.0519E+24  8.1992E+24  3.2559E+25
    26    720.00    0.0000E+00  0.0000E+00  0.0000E+00  0.0000E+00  0.0000E+00  2.0519E+24  8.1992E+24  3.2559E+25
    28    760.00    0.0000E+00  0.0000E+00  0.0000E+00  0.0000E+00  0.0000E+00  2.0519E+24  8.1992E+24  3.2559E+25
    30    800.00    0.0000E+00  0.0000E+00  0.0000E+00  0.0000E+00  0.0000E+00  2.0519E+24  8.1992E+24  3.2559E+25
    35    900.00    0.0000E+00  0.0000E+00  0.0000E+00  0.0000E+00  0.0000E+00  2.0519E+24  8.1992E+24  3.2559E+25
    40   1000.00    0.0000E+00  0.0000E+00  0.0000E+00  0.0000E+00  0.0000E+00  2.0519E+24  8.1992E+24  3.2559E+25
    45   1100.00    0.0000E+00  0.0000E+00  0.0000E+00  0.0000E+00  0.0000E+00  2.0519E+24  8.1992E+24  3.2559E+25
    50   1200.00    0.0000E+00  0.0000E+00  0.0000E+00  0.0000E+00  0.0000E+00  2.0519E+24  8.1992E+24  3.2559E+25
    55   1300.00    0.0000E+00  0.0000E+00  0.0000E+00  0.0000E+00  0.0000E+00  2.0519E+24  8.1992E+24  3.2559E+25
    60   1400.00    0.0000E+00  0.0000E+00  0.0000E+00  0.0000E+00  0.0000E+00  2.0519E+24  8.1992E+24  3.2559E+25
    70   1600.00    0.0000E+00  0.0000E+00  0.0000E+00  0.0000E+00  0.0000E+00  2.0519E+24  8.1992E+24  3.2559E+25
    80   1800.00    0.0000E+00  0.0000E+00  0.0000E+00  0.0000E+00  0.0000E+00  2.0519E+24  8.1992E+24  3.2559E+25
    90   2000.00    0.0000E+00  0.0000E+00  0.0000E+00  0.0000E+00  0.0000E+00  2.0519E+24  8.1992E+24  3.2559E+25
   100   2200.00    0.0000E+00  0.0000E+00  0.0000E+00  0.0000E+00  0.0000E+00  2.0519E+24  8.1992E+24  3.2559E+25
   110   2400.00    0.0000E+00  0.0000E+00  0.0000E+00  0.0000E+00  0.0000E+00  2.0519E+24  8.1992E+24  3.2559E+25
   120   2600.00    0.0000E+00  0.0000E+00  0.0000E+00  0.0000E+00  0.0000E+00  2.0519E+24  8.1992E+24  3.2559E+25
   130   2800.00    0.0000E+00  0.0000E+00  0.0000E+00  0.0000E+00  0.0000E+00  2.0519E+24  8.1992E+24  3.2559E+25
   140   3000.00    0.0000E+00  0.0000E+00  0.0000E+00  0.0000E+00  0.0000E+00  2.0519E+24  8.1992E+24  3.2559E+25
   150   3200.00    0.0000E+00  0.0000E+00  0.0000E+00  0.0000E+00  0.0000E+00  2.0519E+24  8.1992E+24  3.2559E+25
   160   3400.00    0.0000E+00  0.0000E+00  0.0000E+00  0.0000E+00  0.0000E+00  2.0519E+24  8.1992E+24  3.2559E+25
   170   3600.00    0.0000E+00  0.0000E+00  0.0000E+00  0.0000E+00  0.0000E+00  2.0519E+24  8.1992E+24  3.2559E+25
   180   3800.00    0.0000E+00  0.0000E+00  0.0000E+00  0.0000E+00  0.0000E+00  2.0519E+24  8.1992E+24  3.2559E+25
   190   4000.00    0.0000E+00  0.0000E+00  0.0000E+00  0.0000E+00  0.0000E+00  2.0519E+24  8.1992E+24  3.2559E+25
   200   4200.00    0.0000E+00  0.0000E+00  0.0000E+00  0.0000E+00  0.0000E+00  2.0519E+24  8.1992E+24  3.2559E+25
   210   4400.00    0.0000E+00  0.0000E+00  0.0000E+00  0.0000E+00  0.0000E+00  2.0519E+24  8.1992E+24  3.2559E+25
   220   4600.00    0.0000E+00  0.0000E+00  0.0000E+00  0.0000E+00  0.0000E+00  2.0519E+24  8.1992E+24  3.2559E+25
   230   4800.00    0.0000E+00  0.0000E+00  0.0000E+00  0.0000E+00  0.0000E+00  2.0519E+24  8.1992E+24  3.2559E+25
   240   5000.00    0.0000E+00  0.0000E+00  0.0000E+00  0.0000E+00  0.0000E+00  2.0519E+24  8.1992E+24  3.2559E+25
   250   5200.00    0.0000E+00  0.0000E+00  0.0000E+00  0.0000E+00  0.0000E+00  2.0519E+24  8.1992E+24  3.2559E+25
   260   5400.00    0.0000E+00  0.0000E+00  0.0000E+00  0.0000E+00  0.0000E+00  2.0519E+24  8.1992E+24  3.2559E+25
   270   5600.00    0.0000E+00  0.0000E+00  0.0000E+00  0.0000E+00  0.0000E+00  2.0519E+24  8.1992E+24  3.2559E+25
   280   5800.00    0.0000E+00  0.0000E+00  0.0000E+00  0.0000E+00  0.0000E+00  2.0519E+24  8.1992E+24  3.2559E+25
   290   6000.00    0.0000E+00  0.0000E+00  0.0000E+00  0.0000E+00  0.0000E+00  2.0519E+24  8.1992E+24  3.2559E+25
   300   6200.00    0.0000E+00  0.0000E+00  0.0000E+00  0.0000E+00  0.0000E+00  2.0519E+24  8.1992E+24  3.2559E+25
   310   6400.00    0.0000E+00  0.0000E+00  0.0000E+00  0.0000E+00  0.0000E+00  2.0519E+24  8.1992E+24  3.2559E+25
   320   6600.00    0.0000E+00  0.0000E+00  0.0000E+00  0.0000E+00  0.0000E+00  2.0519E+24  8.1992E+24  3.2559E+25
   330   6800.00    0.0000E+00  0.0000E+00  0.0000E+00  0.0000E+00  0.0000E+00  2.0519E+24  8.1992E+24  3.2559E+25
   340   7000.00    0.0000E+00  0.0000E+00  0.0000E+00  0.0000E+00  0.0000E+00  2.0519E+24  8.1992E+24  3.2559E+25
   350   7200.00    0.0000E+00  0.0000E+00  0.0000E+00  0.0000E+00  0.0000E+00  2.0519E+24  8.1992E+24  3.2559E+25
   360   7400.00    0.0000E+00  0.0000E+00  0.0000E+00  0.0000E+00  0.0000E+00  2.0519E+24  8.1992E+24  3.2559E+25
   370   7600.00    0.0000E+00  0.0000E+00  0.0000E+00  0.0000E+00  0.0000E+00  2.0519E+24  8.1992E+24  3.2559E+25
   380   7800.00    0.0000E+00  0.0000E+00  0.0000E+00  0.0000E+00  0.0000E+00  2.0519E+24  8.1992E+24  3.2559E+25
   390   8000.00    0.0000E+00  0.0000E+00  0.0000E+00  0.0000E+00  0.0000E+00  2.0519E+24  8.1992E+24  3.2559E+25
1                                                  COLLISION FREQUENCIES FOR OXYGEN
            ALT       CFOXN2      CFOXO2      CFOXO       CFOXHE      CFOXH       CFOXHL      CFOXHD      CFOXEL
     1    220.00    7.8473E-01  4.4412E-02  7.0196E-01  8.6381E-05  1.9641E-05  7.9782E-08  6.3340E-05  1.2116E-03
     2    240.00    3.5886E-01  1.8186E-02  4.3579E-01  7.6923E-05  1.8402E-05  1.5387E-07  1.0549E-04  9.6111E-04
     3    260.00    1.6646E-01  7.5641E-03  2.7520E-01  6.8782E-05  1.7621E-05  3.0007E-07  1.5793E-04  8.0130E-04
     4    280.00    7.7950E-02  3.1792E-03  1.7589E-01  6.1650E-05  1.7037E-05  6.1569E-07  2.2098E-04  6.6153E-04
     5    300.00    3.6757E-02  1.3468E-03  1.1380E-01  5.5341E-05  1.6547E-05  1.3753E-06  2.9669E-04  5.4319E-04
     6    320.00    1.7433E-02  5.7421E-04  7.3935E-02  4.9733E-05  1.6098E-05  3.1388E-06  3.9226E-04  4.4987E-04
     7    340.00    8.3099E-03  2.4624E-04  4.8381E-02  4.4731E-05  1.5674E-05  6.5047E-06  5.1124E-04  3.7769E-04
     8    360.00    3.9800E-03  1.0616E-04  3.1868E-02  4.0263E-05  1.5283E-05  1.1530E-05  6.5263E-04  3.2183E-04
     9    380.00    1.9148E-03  4.6009E-05  2.1125E-02  3.6265E-05  1.4910E-05  1.7422E-05  8.0378E-04  2.7802E-04
    10    400.00    9.2534E-04  2.0040E-05  1.4100E-02  3.2686E-05  1.4557E-05  2.2737E-05  9.3372E-04  2.4295E-04
    11    420.00    4.4910E-04  8.7718E-06  9.4608E-03  2.9479E-05  1.4226E-05  2.5916E-05  1.0002E-03  2.1416E-04
    12    440.00    2.1890E-04  3.8584E-06  6.4279E-03  2.6602E-05  1.3919E-05  2.6175E-05  9.8759E-04  1.9004E-04
    13    460.00    1.0715E-04  1.7053E-06  4.3971E-03  2.4021E-05  1.3634E-05  2.4380E-05  9.2980E-04  1.6960E-04
    14    480.00    5.2665E-05  7.5734E-07  3.0198E-03  2.1704E-05  1.3365E-05  2.1797E-05  8.6702E-04  1.5225E-04
    16    520.00    1.2882E-05  1.5149E-07  1.4281E-03  1.7749E-05  1.2848E-05  1.7060E-05  7.7809E-04  1.2499E-04
    18    560.00    3.2026E-06  3.0871E-08  6.7386E-04  1.4548E-05  1.2342E-05  1.3787E-05  7.2290E-04  1.0500E-04
    20    600.00    8.0900E-07  6.4068E-09  3.1744E-04  1.1952E-05  1.1841E-05  1.1579E-05  6.8076E-04  8.9838E-05
    22    640.00    2.0759E-07  1.3537E-09  1.4966E-04  9.8414E-06  1.1349E-05  1.0005E-05  6.4298E-04  7.7903E-05
    24    680.00    5.4097E-08  2.9110E-10  7.0748E-05  8.1212E-06  1.0870E-05  8.8127E-06  6.0677E-04  6.8203E-05
    26    720.00    1.4313E-08  6.3693E-11  3.3583E-05  6.7163E-06  1.0406E-05  7.8636E-06  5.7138E-04  6.0142E-05
    28    760.00    3.8436E-09  1.4176E-11  1.6022E-05  5.5662E-06  9.9586E-06  7.0792E-06  5.3665E-04  5.3351E-05
    30    800.00    1.0474E-09  3.2083E-12  7.6874E-06  4.6228E-06  9.5290E-06  6.4134E-06  5.0256E-04  4.7595E-05
    35    900.00    4.3227E-11  8.3970E-14  1.2610E-06  2.9318E-06  8.5364E-06  5.1102E-06  4.2129E-04  3.6674E-05
    40   1000.00    1.9450E-12  2.4259E-15  2.1602E-07  1.8825E-06  7.6584E-06  4.1650E-06  3.4922E-04  2.9183E-05
    45   1100.00    9.5084E-14  7.7057E-17  3.8685E-08  1.2231E-06  6.8854E-06  3.4571E-06  2.8892E-04  2.3802E-05
    50   1200.00    5.0339E-15  2.6810E-18  7.2365E-09  8.0381E-07  6.2045E-06  2.9108E-06  2.3978E-04  1.9770E-05
    55   1300.00    2.8771E-16  1.0181E-19  1.4122E-09  5.3406E-07  5.6040E-06  2.4794E-06  2.0009E-04  1.6654E-05
    60   1400.00    1.7700E-17  4.2054E-21  2.8710E-10  3.5859E-07  5.0732E-06  2.1326E-06  1.6810E-04  1.4191E-05
    70   1600.00    8.2624E-20  9.1192E-24  1.3346E-11  1.6658E-07  4.1862E-06  1.6164E-06  1.2141E-04  1.0590E-05
    80   1800.00    5.0151E-22  2.6696E-26  7.1919E-13  8.0338E-08  3.4845E-06  1.2579E-06  9.0519E-05  8.1343E-06
    90   2000.00    3.8843E-24  1.0325E-28  4.4487E-14  4.0120E-08  2.9247E-06  9.9998E-07  6.9571E-05  6.3904E-06
   100   2200.00    3.7741E-26  5.1750E-31  3.1296E-15  2.0695E-08  2.4741E-06  8.0927E-07  5.4948E-05  5.1133E-06
   110   2400.00    4.5294E-28  3.3017E-33  2.4826E-16  1.1002E-08  2.1086E-06  6.6516E-07  4.4438E-05  4.1547E-06
   120   2600.00    6.6200E-30  2.6387E-35  2.2033E-17  6.0158E-09  1.8095E-06  5.5430E-07  3.6674E-05  3.4205E-06
   130   2800.00    1.1633E-31  2.6030E-37  2.1720E-18  3.3772E-09  1.5631E-06  4.6771E-07  3.0793E-05  2.8484E-06
   140   3000.00    2.4288E-33  3.1271E-39  2.3626E-19  1.9432E-09  1.3586E-06  3.9916E-07  2.6221E-05  2.3960E-06
   150   3200.00    5.9604E-35  4.5187E-41  2.8186E-20  1.1442E-09  1.1877E-06  3.4428E-07  2.2617E-05  2.0339E-06
   160   3400.00    1.7024E-36  7.7657E-43  3.6673E-21  6.8848E-10  1.0440E-06  2.9981E-07  1.9728E-05  1.7405E-06
   170   3600.00    5.6071E-38  1.5708E-44  5.1770E-22  4.2280E-10  9.2243E-07  2.6337E-07  1.7375E-05  1.5003E-06
   180   3800.00    2.1120E-39  3.7037E-46  7.8916E-23  2.6467E-10  8.1896E-07  2.3316E-07  1.5428E-05  1.3020E-06
   190   4000.00    9.0272E-41  1.0090E-47  1.2933E-23  1.6870E-10  7.3044E-07  2.0795E-07  1.3796E-05  1.1367E-06
   200   4200.00    4.3470E-42  3.1502E-49  2.2693E-24  1.0937E-10  6.5431E-07  1.8663E-07  1.2419E-05  9.9796E-07
   210   4400.00    2.3428E-43  1.1186E-50  4.2475E-25  7.2061E-11  5.8853E-07  1.6849E-07  1.1242E-05  8.8066E-07
   220   4600.00    1.4044E-44  4.4858E-52  8.4508E-26  4.8206E-11  5.3141E-07  1.5297E-07  1.0228E-05  7.8084E-07
   230   4800.00    9.3113E-46  2.0183E-53  1.7814E-26  3.2715E-11  4.8161E-07  1.3957E-07  9.3453E-06  6.9539E-07
   240   5000.00    6.7914E-47  1.0128E-54  3.9669E-27  2.2506E-11  4.3800E-07  1.2792E-07  8.5719E-06  6.2182E-07
   250   5200.00    5.4225E-48  5.6354E-56  9.3048E-28  1.5685E-11  3.9967E-07  1.1770E-07  7.8893E-06  5.5815E-07
   260   5400.00    4.7177E-49  3.4590E-57  2.2931E-28  1.1066E-11  3.6584E-07  1.0867E-07  7.2831E-06  5.0280E-07
   270   5600.00    4.4532E-50  2.3306E-58  5.9227E-29  7.8986E-12  3.3588E-07  1.0066E-07  6.7415E-06  4.5447E-07
   280   5800.00    4.5425E-51  1.7158E-59  1.5996E-29  5.7007E-12  3.0926E-07  9.3491E-08  6.2553E-06  4.1210E-07
   290   6000.00    4.9884E-52  1.3743E-60  4.5082E-30  4.1579E-12  2.8553E-07  8.7048E-08  5.8166E-06  3.7481E-07
   300   6200.00    5.8768E-53  1.1928E-61  1.3231E-30  3.0633E-12  2.6430E-07  8.1218E-08  5.4192E-06  3.4184E-07
   310   6400.00    7.4029E-54  1.1176E-62  4.0360E-31  2.2785E-12  2.4527E-07  7.5915E-08  5.0577E-06  3.1259E-07
   320   6600.00    9.9402E-55  1.1265E-63  1.2775E-31  1.7103E-12  2.2814E-07  7.1065E-08  4.7278E-06  2.8654E-07
   330   6800.00    1.4186E-55  1.2173E-64  4.1887E-32  1.2951E-12  2.1270E-07  6.6609E-08  4.4257E-06  2.6327E-07
   340   7000.00    2.1459E-56  1.4060E-65  1.4204E-32  9.8881E-13  1.9873E-07  6.2499E-08  4.1483E-06  2.4242E-07
   350   7200.00    3.4319E-57  1.7305E-66  4.9747E-33  7.6101E-13  1.8607E-07  5.8692E-08  3.8930E-06  2.2369E-07
   360   7400.00    5.7886E-58  2.2635E-67  1.7968E-33  5.9015E-13  1.7456E-07  5.5154E-08  3.6575E-06  2.0681E-07
   370   7600.00    1.0274E-58  3.1381E-68  6.6845E-34  4.6100E-13  1.6407E-07  5.1855E-08  3.4399E-06  1.9158E-07
   380   7800.00    1.9146E-59  4.6002E-69  2.5581E-34  3.6263E-13  1.5450E-07  4.8773E-08  3.2384E-06  1.7779E-07
   390   8000.00    3.7387E-60  7.1136E-70  1.0058E-34  2.8716E-13  1.4574E-07  4.6101E-08  3.0607E-06  1.6645E-07
1                                                  COLLISION FREQUENCIES FOR HELIUM
            ALT       CFHEN2      CFHEO2      CFHEO       CFHEHE      CFHEH       CFHEOX      CFHEHD      CFHEEL
     1    220.00    1.8410E+00  1.0233E-01  1.0318E+00  8.6439E-04  6.8787E-05  3.4960E+00  2.3466E-04  4.8399E-03
     2    240.00    8.4190E-01  4.1903E-02  6.3735E-01  7.7374E-04  6.4145E-05  3.9064E+00  3.9108E-04  3.8393E-03
     3    260.00    3.9053E-01  1.7429E-02  4.0099E-01  6.9488E-04  6.1267E-05  3.8623E+00  5.8515E-04  3.2009E-03
     4    280.00    1.8287E-01  7.3257E-03  2.5552E-01  6.2547E-04  5.9150E-05  3.5447E+00  8.1770E-04  2.6426E-03
     5    300.00    8.6234E-02  3.1032E-03  1.6478E-01  5.6354E-04  5.7390E-05  3.1353E+00  1.0979E-03  2.1698E-03
     6    320.00    4.0898E-02  1.3231E-03  1.0662E-01  5.0790E-04  5.5788E-05  2.7488E+00  1.4545E-03  1.7970E-03
     7    340.00    1.9495E-02  5.6738E-04  6.9381E-02  4.5848E-04  5.4267E-05  2.3942E+00  1.9007E-03  1.5087E-03
     8    360.00    9.3372E-03  2.4462E-04  4.5361E-02  4.1500E-04  5.2854E-05  2.0664E+00  2.4314E-03  1.2856E-03
     9    380.00    4.4923E-03  1.0601E-04  2.9774E-02  3.7687E-04  5.1488E-05  1.7634E+00  2.9992E-03  1.1106E-03
    10    400.00    2.1709E-03  4.6176E-05  1.9610E-02  3.4365E-04  5.0167E-05  1.4793E+00  3.4897E-03  9.7051E-04
    11    420.00    1.0536E-03  2.0212E-05  1.2918E-02  3.1508E-04  4.8888E-05  1.2086E+00  3.7459E-03  8.5551E-04
    12    440.00    5.1355E-04  8.8905E-06  8.5673E-03  2.9067E-04  4.7649E-05  9.5894E-01  3.7063E-03  7.5915E-04
    13    460.00    2.5137E-04  3.9295E-06  5.6957E-03  2.6938E-04  4.6448E-05  7.4813E-01  3.4927E-03  6.7747E-04
    14    480.00    1.2355E-04  1.7451E-06  3.7956E-03  2.5010E-04  4.5285E-05  5.8476E-01  3.2543E-03  6.0816E-04
    16    520.00    3.0222E-05  3.4907E-07  1.6976E-03  2.1496E-04  4.3063E-05  3.7723E-01  2.9064E-03  4.9927E-04
    18    560.00    7.5134E-06  7.1134E-08  7.6633E-04  1.8316E-04  4.0975E-05  2.6610E-01  2.6863E-03  4.1943E-04
    20    600.00    1.8980E-06  1.4763E-08  3.4911E-04  1.5490E-04  3.9010E-05  2.0172E-01  2.5199E-03  3.5887E-04
    22    640.00    4.8702E-07  3.1191E-09  1.6047E-04  1.3036E-04  3.7160E-05  1.6079E-01  2.3740E-03  3.1119E-04
    24    680.00    1.2691E-07  6.7075E-10  7.4415E-05  1.0939E-04  3.5418E-05  1.3263E-01  2.2370E-03  2.7245E-04
    26    720.00    3.3578E-08  1.4676E-10  3.4808E-05  9.1660E-05  3.3775E-05  1.1210E-01  2.1050E-03  2.4024E-04
    28    760.00    9.0173E-09  3.2664E-11  1.6421E-05  7.6762E-05  3.2226E-05  9.6487E-02  1.9766E-03  2.1312E-04
    30    800.00    2.4573E-09  7.3925E-12  7.8122E-06  6.4288E-05  3.0764E-05  8.4282E-02  1.8515E-03  1.9013E-04
    35    900.00    1.0141E-10  1.9349E-13  1.2639E-06  4.1376E-05  2.7454E-05  6.3256E-02  1.5551E-03  1.4650E-04
    40   1000.00    4.5630E-12  5.5899E-15  2.1482E-07  2.6818E-05  2.4575E-05  5.0048E-02  1.2929E-03  1.1658E-04
    45   1100.00    2.2307E-13  1.7756E-16  3.8287E-08  1.7545E-05  2.2064E-05  4.0919E-02  1.0730E-03  9.5080E-05
    50   1200.00    1.1810E-14  6.1776E-18  7.1415E-09  1.1593E-05  1.9866E-05  3.4182E-02  8.9324E-04  7.8973E-05
    55   1300.00    6.7497E-16  2.3459E-19  1.3917E-09  7.7377E-06  1.7936E-05  2.9005E-02  7.4754E-04  6.6527E-05
    60   1400.00    4.1525E-17  9.6901E-21  2.8284E-10  5.2153E-06  1.6235E-05  2.4918E-02  6.2970E-04  5.6689E-05
    70   1600.00    1.9384E-19  2.1013E-23  1.3171E-11  2.4376E-06  1.3404E-05  1.8923E-02  4.5685E-04  4.2305E-05
    80   1800.00    1.1766E-21  6.1512E-26  7.1262E-13  1.1811E-06  1.1170E-05  1.4790E-02  3.4178E-04  3.2494E-05
    90   2000.00    9.1128E-24  2.3792E-28  4.4319E-14  5.9202E-07  9.3898E-06  1.1813E-02  2.6328E-04  2.5527E-05
   100   2200.00    8.8542E-26  1.1924E-30  3.1376E-15  3.0631E-07  7.9576E-06  9.5969E-03  2.0820E-04  2.0426E-05
   110   2400.00    1.0626E-27  7.6078E-33  2.5062E-16  1.6325E-07  6.7949E-06  7.9072E-03  1.6846E-04  1.6596E-05
   120   2600.00    1.5531E-29  6.0802E-35  2.2405E-17  8.9452E-08  5.8431E-06  6.5943E-03  1.3901E-04  1.3663E-05
   130   2800.00    2.7291E-31  5.9979E-37  2.2252E-18  5.0301E-08  5.0577E-06  5.5586E-03  1.1665E-04  1.1378E-05
   140   3000.00    5.6980E-33  7.2054E-39  2.4390E-19  2.8980E-08  4.4050E-06  4.7308E-03  9.9240E-05  9.5713E-06
   150   3200.00    1.3983E-34  1.0412E-40  2.9319E-20  1.7080E-08  3.8587E-06  4.0617E-03  8.5508E-05  8.1245E-06
   160   3400.00    3.9938E-36  1.7894E-42  3.8435E-21  1.0283E-08  3.3985E-06  3.5153E-03  7.4499E-05  6.9525E-06
   170   3600.00    1.3155E-37  3.6194E-44  5.4663E-22  6.3161E-09  3.0085E-06  3.0649E-03  6.5536E-05  5.9932E-06
   180   3800.00    4.9549E-39  8.5341E-46  8.3938E-23  3.9535E-09  2.6760E-06  2.6902E-03  5.8127E-05  5.2010E-06
   190   4000.00    2.1178E-40  2.3250E-47  1.3854E-23  2.5190E-09  2.3911E-06  2.3758E-03  5.1925E-05  4.5407E-06
   200   4200.00    1.0198E-41  7.2588E-49  2.4480E-24  1.6322E-09  2.1456E-06  2.1100E-03  4.6693E-05  3.9865E-06
   210   4400.00    5.4963E-43  2.5775E-50  4.6129E-25  1.0745E-09  1.9330E-06  1.8836E-03  4.2232E-05  3.5179E-06
   220   4600.00    3.2948E-44  1.0336E-51  9.2375E-26  7.1804E-10  1.7482E-06  1.6895E-03  3.8392E-05  3.1192E-06
   230   4800.00    2.1845E-45  4.6507E-53  1.9595E-26  4.8672E-10  1.5867E-06  1.5221E-03  3.5057E-05  2.7778E-06
   240   5000.00    1.5933E-46  2.3336E-54  4.3893E-27  3.3440E-10  1.4451E-06  1.3767E-03  3.2140E-05  2.4839E-06
   250   5200.00    1.2721E-47  1.2985E-55  1.0354E-27  2.3272E-10  1.3203E-06  1.2497E-03  2.9569E-05  2.2296E-06
   260   5400.00    1.1068E-48  7.9704E-57  2.5652E-28  1.6394E-10  1.2101E-06  1.1382E-03  2.7289E-05  2.0085E-06
   270   5600.00    1.0447E-49  5.3702E-58  6.6584E-29  1.1684E-10  1.1123E-06  1.0398E-03  2.5256E-05  1.8154E-06
   280   5800.00    1.0657E-50  3.9536E-59  1.8066E-29  8.4194E-11  1.0252E-06  9.5249E-04  2.3433E-05  1.6462E-06
   290   6000.00    1.1703E-51  3.1667E-60  5.1131E-30  6.1315E-11  9.4741E-07  8.7470E-04  2.1790E-05  1.4972E-06
   300   6200.00    1.3787E-52  2.7485E-61  1.5063E-30  4.5106E-11  8.7774E-07  8.0500E-04  2.0303E-05  1.3655E-06
   310   6400.00    1.7368E-53  2.5753E-62  4.6109E-31  3.3503E-11  8.1514E-07  7.4225E-04  1.8952E-05  1.2487E-06
   320   6600.00    2.3320E-54  2.5956E-63  1.4639E-31  2.5115E-11  7.5873E-07  6.8550E-04  1.7718E-05  1.1446E-06
   330   6800.00    3.3281E-55  2.8049E-64  4.8121E-32  1.8994E-11  7.0777E-07  6.3397E-04  1.6590E-05  1.0517E-06
   340   7000.00    5.0345E-56  3.2396E-65  1.6354E-32  1.4487E-11  6.6160E-07  5.8701E-04  1.5553E-05  9.6838E-07
   350   7200.00    8.0514E-57  3.9874E-66  5.7375E-33  1.1139E-11  6.1967E-07  5.4408E-04  1.4599E-05  8.9355E-07
   360   7400.00    1.3580E-57  5.2156E-67  2.0750E-33  8.6324E-12  5.8151E-07  5.0472E-04  1.3718E-05  8.2615E-07
   370   7600.00    2.4103E-58  7.2310E-68  7.7264E-34  6.7398E-12  5.4669E-07  4.6853E-04  1.2903E-05  7.6527E-07
   380   7800.00    4.4917E-59  1.0600E-68  2.9582E-34  5.3001E-12  5.1485E-07  4.3522E-04  1.2148E-05  7.1022E-07
   390   8000.00    8.7712E-60  1.6391E-69  1.1633E-34  4.1968E-12  4.8568E-07  4.0748E-04  1.1481E-05  6.6489E-07
1                                                  COLLISION FREQUENCIES FOR HYDROGEN
            ALT       CFHN2       CFHO2       CFHO        CFHHE       CFHH        CFHOX       CFHHL       CFHEL
     1    220.00    3.8661E+00  2.1403E-01  1.5098E+00  6.9367E-04  6.4690E-04  6.4968E+00  5.7000E-07  1.9346E-02
     2    240.00    1.7680E+00  8.7641E-02  9.4178E-01  6.1772E-04  6.0712E-04  7.2089E+00  1.0924E-06  1.5347E-02
     3    260.00    8.2012E-01  3.6453E-02  5.9699E-01  5.5234E-04  5.8249E-04  7.1293E+00  2.1296E-06  1.2795E-02
     4    280.00    3.8403E-01  1.5322E-02  3.8303E-01  4.9507E-04  5.6449E-04  6.5666E+00  4.3795E-06  1.0563E-02
     5    300.00    1.8109E-01  6.4904E-03  2.4910E-01  4.4441E-04  5.5007E-04  5.7912E+00  9.7550E-06  8.6735E-03
     6    320.00    8.5885E-02  2.7673E-03  1.6281E-01  3.9937E-04  5.3743E-04  5.0199E+00  2.2057E-05  7.1834E-03
     7    340.00    4.0940E-02  1.1867E-03  1.0730E-01  3.5921E-04  5.2614E-04  4.3129E+00  4.5207E-05  6.0309E-03
     8    360.00    1.9608E-02  5.1163E-04  7.1284E-02  3.2332E-04  5.1659E-04  3.6828E+00  7.9447E-05  5.1389E-03
     9    380.00    9.4338E-03  2.2173E-04  4.7759E-02  2.9122E-04  5.0858E-04  3.1163E+00  1.1922E-04  4.4393E-03
    10    400.00    4.5588E-03  9.6577E-05  3.2347E-02  2.6248E-04  5.0284E-04  2.5877E+00  1.5425E-04  3.8794E-03
    11    420.00    2.2126E-03  4.2274E-05  2.2145E-02  2.3672E-04  5.0033E-04  2.0829E+00  1.7358E-04  3.4197E-03
    12    440.00    1.0785E-03  1.8595E-05  1.5417E-02  2.1363E-04  5.0108E-04  1.6269E+00  1.7294E-04  3.0345E-03
    13    460.00    5.2788E-04  8.2185E-06  1.0793E-02  1.9290E-04  5.0339E-04  1.2598E+00  1.6002E-04  2.7081E-03
    14    480.00    2.5946E-04  3.6498E-06  7.5446E-03  1.7429E-04  5.0515E-04  9.9065E-01  1.4383E-04  2.4310E-03
    16    520.00    6.3466E-05  7.3008E-07  3.6346E-03  1.4253E-04  5.0337E-04  6.6405E-01  1.1641E-04  1.9958E-03
    18    560.00    1.5778E-05  1.4878E-07  1.7269E-03  1.1683E-04  4.9525E-04  4.8824E-01  9.7547E-05  1.6766E-03
    20    600.00    3.9857E-06  3.0876E-08  8.1606E-04  9.5980E-05  4.8323E-04  3.8182E-01  8.4189E-05  1.4345E-03
    22    640.00    1.0228E-06  6.5237E-09  3.8568E-04  7.9029E-05  4.6911E-04  3.1061E-01  7.4055E-05  1.2439E-03
    24    680.00    2.6652E-07  1.4029E-09  1.8286E-04  6.5216E-05  4.5399E-04  2.5927E-01  6.5906E-05  1.0891E-03
    26    720.00    7.0514E-08  3.0695E-10  8.7114E-05  5.3934E-05  4.3849E-04  2.2028E-01  5.9073E-05  9.6033E-04
    28    760.00    1.8936E-08  6.8316E-11  4.1743E-05  4.4698E-05  4.2298E-04  1.8964E-01  5.3182E-05  8.5190E-04
    30    800.00    5.1604E-09  1.5461E-11  2.0129E-05  3.7122E-05  4.0767E-04  1.6506E-01  4.8020E-05  7.5999E-04
    35    900.00    2.1296E-10  4.0467E-13  3.3476E-06  2.3543E-05  3.7102E-04  1.2148E-01  3.7591E-05  5.8559E-04
    40   1000.00    9.5822E-12  1.1691E-14  5.8162E-07  1.5117E-05  3.3741E-04  9.3554E-02  2.9910E-05  4.6599E-04
    45   1100.00    4.6845E-13  3.7136E-16  1.0562E-07  9.8220E-06  3.0707E-04  7.4295E-02  2.4190E-05  3.8006E-04
    50   1200.00    2.4800E-14  1.2920E-17  2.0032E-08  6.4549E-06  2.7987E-04  6.0256E-02  1.9836E-05  3.1568E-04
    55   1300.00    1.4174E-15  4.9064E-19  3.9633E-09  4.2887E-06  2.5551E-04  4.9656E-02  1.6456E-05  2.6593E-04
    60   1400.00    8.7202E-17  2.0267E-20  8.1670E-10  2.8796E-06  2.3366E-04  4.1461E-02  1.3793E-05  2.2660E-04
    70   1600.00    4.0706E-19  4.3948E-23  3.8947E-11  1.3377E-06  1.9635E-04  2.9868E-02  9.9626E-06  1.6911E-04
    80   1800.00    2.4708E-21  1.2865E-25  2.1480E-12  6.4514E-07  1.6599E-04  2.2314E-02  7.4359E-06  1.2989E-04
    90   2000.00    1.9137E-23  4.9761E-28  1.3562E-13  3.2217E-07  1.4113E-04  1.7177E-02  5.7102E-06  1.0204E-04
   100   2200.00    1.8594E-25  2.4940E-30  9.7136E-15  1.6618E-07  1.2066E-04  1.3556E-02  4.4949E-06  8.1648E-05
   110   2400.00    2.2315E-27  1.5912E-32  7.8271E-16  8.8347E-08  1.0372E-04  1.0924E-02  3.6152E-06  6.6341E-05
   120   2600.00    3.2615E-29  1.2717E-34  7.0424E-17  4.8309E-08  8.9627E-05  8.9609E-03  2.9626E-06  5.4617E-05
   130   2800.00    5.7311E-31  1.2545E-36  7.0264E-18  2.7120E-08  7.7850E-05  7.4620E-03  2.4681E-06  4.5483E-05
   140   3000.00    1.1966E-32  1.5070E-38  7.7247E-19  1.5604E-08  6.7960E-05  6.2944E-03  2.0859E-06  3.8259E-05
   150   3200.00    2.9365E-34  2.1777E-40  9.3031E-20  9.1881E-09  5.9616E-05  5.3692E-03  1.7855E-06  3.2476E-05
   160   3400.00    8.3870E-36  3.7425E-42  1.2207E-20  5.5287E-09  5.2543E-05  4.6244E-03  1.5456E-06  2.7791E-05
   170   3600.00    2.7625E-37  7.5700E-44  1.7364E-21  3.3952E-09  4.6520E-05  4.0169E-03  1.3511E-06  2.3957E-05
   180   3800.00    1.0405E-38  1.7849E-45  2.6653E-22  2.1253E-09  4.1366E-05  3.5153E-03  1.1912E-06  2.0790E-05
   190   4000.00    4.4474E-40  4.8627E-47  4.3956E-23  1.3547E-09  3.6938E-05  3.0965E-03  1.0585E-06  1.8151E-05
   200   4200.00    2.1416E-41  1.5182E-48  7.7578E-24  8.7830E-10  3.3117E-05  2.7434E-03  9.4675E-07  1.5935E-05
   210   4400.00    1.1542E-42  5.3908E-50  1.4598E-24  5.7867E-10  2.9805E-05  2.4432E-03  8.5192E-07  1.4062E-05
   220   4600.00    6.9192E-44  2.1618E-51  2.9189E-25  3.8711E-10  2.6923E-05  2.1858E-03  7.7089E-07  1.2468E-05
   230   4800.00    4.5874E-45  9.7269E-53  6.1814E-26  2.6271E-10  2.4406E-05  1.9637E-03  7.0098E-07  1.1104E-05
   240   5000.00    3.3459E-46  4.8808E-54  1.3824E-26  1.8073E-10  2.2199E-05  1.7707E-03  6.4016E-07  9.9290E-06
   250   5200.00    2.6715E-47  2.7158E-55  3.2554E-27  1.2595E-10  2.0257E-05  1.6021E-03  5.8683E-07  8.9124E-06
   260   5400.00    2.3243E-48  1.6670E-56  8.0523E-28  8.8863E-11  1.8543E-05  1.4539E-03  5.3977E-07  8.0285E-06
   270   5600.00    2.1940E-49  1.1232E-57  2.0869E-28  6.3428E-11  1.7024E-05  1.3232E-03  4.9798E-07  7.2568E-06
   280   5800.00    2.2380E-50  8.2689E-59  5.6540E-29  4.5778E-11  1.5673E-05  1.2073E-03  4.6068E-07  6.5803E-06
   290   6000.00    2.4576E-51  6.6231E-60  1.5980E-29  3.3390E-11  1.4469E-05  1.1043E-03  4.2721E-07  5.9848E-06
   300   6200.00    2.8953E-52  5.7485E-61  4.7019E-30  2.4599E-11  1.3392E-05  1.0122E-03  3.9703E-07  5.4585E-06
   310   6400.00    3.6472E-53  5.3862E-62  1.4376E-30  1.8297E-11  1.2426E-05  9.2959E-04  3.6969E-07  4.9914E-06
   320   6600.00    4.8972E-54  5.4288E-63  4.5595E-31  1.3735E-11  1.1558E-05  8.5529E-04  3.4483E-07  4.5755E-06
   330   6800.00    6.9891E-55  5.8665E-64  1.4975E-31  1.0400E-11  1.0774E-05  7.8823E-04  3.2215E-07  4.2039E-06
   340   7000.00    1.0572E-55  6.7757E-65  5.0856E-32  7.9405E-12  1.0066E-05  7.2758E-04  3.0139E-07  3.8709E-06
   350   7200.00    1.6908E-56  8.3396E-66  1.7831E-32  6.1111E-12  9.4237E-06  6.7259E-04  2.8234E-07  3.5718E-06
   360   7400.00    2.8519E-57  1.0908E-66  6.4457E-33  4.7391E-12  8.8401E-06  6.2264E-04  2.6481E-07  3.3024E-06
   370   7600.00    5.0616E-58  1.5124E-67  2.3992E-33  3.7020E-12  8.3085E-06  5.7716E-04  2.4864E-07  3.0590E-06
   380   7800.00    9.4326E-59  2.2170E-68  9.1838E-34  2.9120E-12  7.8233E-06  5.3574E-04  2.3371E-07  2.8390E-06
   390   8000.00    1.8419E-59  3.4283E-69  3.6110E-34  2.3060E-12  7.3794E-06  5.0158E-04  2.2090E-07  2.6578E-06
1                                                  COLLISION FREQUENCIES FOR ELECTRONS
            ALT       CFELN2      CFELO2      CFELO       CFELHE      CFELH       CFELOX      CFELHL      CFELHD
     1    220.00    3.9352E+00  2.1738E-01  2.3088E+00  7.7219E-04  3.0815E-04  3.5496E+01  3.2980E-06  5.5280E-03
     2    240.00    1.7996E+00  8.9011E-02  1.4262E+00  6.8765E-04  2.8736E-04  2.8155E+01  4.5152E-06  6.5815E-03
     3    260.00    8.3476E-01  3.7023E-02  8.9727E-01  6.1487E-04  2.7447E-04  2.3471E+01  7.4241E-06  8.3055E-03
     4    280.00    3.9089E-01  1.5561E-02  5.7175E-01  5.5111E-04  2.6498E-04  1.9373E+01  1.3700E-05  1.0414E-02
     5    300.00    1.8432E-01  6.5918E-03  3.6871E-01  4.9472E-04  2.5710E-04  1.5903E+01  2.8402E-05  1.3015E-02
     6    320.00    8.7419E-02  2.8105E-03  2.3857E-01  4.4458E-04  2.4992E-04  1.3165E+01  6.1205E-05  1.6433E-02
     7    340.00    4.1671E-02  1.2052E-03  1.5525E-01  3.9987E-04  2.4311E-04  1.1046E+01  1.2218E-04  2.0916E-02
     8    360.00    1.9958E-02  5.1962E-04  1.0150E-01  3.5992E-04  2.3678E-04  9.4031E+00  2.1362E-04  2.6618E-02
     9    380.00    9.6023E-03  2.2519E-04  6.6622E-02  3.2419E-04  2.3066E-04  8.1124E+00  3.2632E-04  3.3424E-02
    10    400.00    4.6402E-03  9.8086E-05  4.3880E-02  2.9220E-04  2.2474E-04  7.0776E+00  4.4290E-04  4.0794E-02
    11    420.00    2.2521E-03  4.2934E-05  2.8905E-02  2.6352E-04  2.1901E-04  6.2269E+00  5.4361E-04  4.7764E-02
    12    440.00    1.0977E-03  1.8885E-05  1.9170E-02  2.3781E-04  2.1346E-04  5.5143E+00  6.1283E-04  5.3473E-02
    13    460.00    5.3730E-04  8.3469E-06  1.2745E-02  2.1474E-04  2.0808E-04  4.9108E+00  6.5155E-04  5.7898E-02
    14    480.00    2.6410E-04  3.7069E-06  8.4932E-03  1.9402E-04  2.0287E-04  4.3988E+00  6.6757E-04  6.1498E-02
    16    520.00    6.4599E-05  7.4149E-07  3.7986E-03  1.5866E-04  1.9292E-04  3.5943E+00  6.6181E-04  6.7275E-02
    18    560.00    1.6060E-05  1.5110E-07  1.7148E-03  1.3005E-04  1.8356E-04  3.0049E+00  6.3388E-04  7.1070E-02
    20    600.00    4.0569E-06  3.1358E-08  7.8117E-04  1.0685E-04  1.7476E-04  2.5589E+00  5.9804E-04  7.2879E-02
    22    640.00    1.0410E-06  6.6256E-09  3.5907E-04  8.7976E-05  1.6647E-04  2.2090E+00  5.5965E-04  7.3046E-02
    24    680.00    2.7128E-07  1.4248E-09  1.6651E-04  7.2599E-05  1.5867E-04  1.9259E+00  5.2100E-04  7.1998E-02
    26    720.00    7.1774E-08  3.1175E-10  7.7888E-05  6.0040E-05  1.5131E-04  1.6916E+00  4.8314E-04  7.0094E-02
    28    760.00    1.9275E-08  6.9384E-11  3.6745E-05  4.9759E-05  1.4437E-04  1.4952E+00  4.4664E-04  6.7589E-02
    30    800.00    5.2525E-09  1.5703E-11  1.7481E-05  4.1325E-05  1.3782E-04  1.3295E+00  4.1190E-04  6.4662E-02
    35    900.00    2.1677E-10  4.1100E-13  2.8281E-06  2.6208E-05  1.2299E-04  1.0179E+00  3.3479E-04  5.6387E-02
    40   1000.00    9.7534E-12  1.1874E-14  4.8069E-07  1.6828E-05  1.1009E-04  8.0672E-01  2.7333E-04  4.8104E-02
    45   1100.00    4.7681E-13  3.7716E-16  8.5671E-08  1.0934E-05  9.8843E-05  6.5642E-01  2.2579E-04  4.0777E-02
    50   1200.00    2.5243E-14  1.3122E-17  1.5980E-08  7.1856E-06  8.8995E-05  5.4448E-01  1.8878E-04  3.4611E-02
    55   1300.00    1.4428E-15  4.9831E-19  3.1140E-09  4.7742E-06  8.0348E-05  4.5832E-01  1.5951E-04  2.9502E-02
    60   1400.00    8.8759E-17  2.0583E-20  6.3289E-10  3.2055E-06  7.2732E-05  3.9040E-01  1.3603E-04  2.5285E-02
    70   1600.00    4.1433E-19  4.4635E-23  2.9472E-11  1.4891E-06  6.0046E-05  2.9130E-01  1.0131E-04  1.8914E-02
    80   1800.00    2.5149E-21  1.3066E-25  1.5946E-12  7.1818E-07  5.0039E-05  2.2377E-01  7.7484E-05  1.4500E-02
    90   2000.00    1.9479E-23  5.0539E-28  9.9170E-14  3.5865E-07  4.2065E-05  1.7581E-01  6.0594E-05  1.1375E-02
   100   2200.00    1.8926E-25  2.5329E-30  7.0207E-15  1.8500E-07  3.5649E-05  1.4067E-01  4.8296E-05  9.1080E-03
   110   2400.00    2.2713E-27  1.6160E-32  5.6078E-16  9.8349E-08  3.0440E-05  1.1427E-01  3.9138E-05  7.4252E-03
   120   2600.00    3.3197E-29  1.2915E-34  5.0133E-17  5.3777E-08  2.6176E-05  9.4043E-02  3.2184E-05  6.1482E-03
   130   2800.00    5.8335E-31  1.2741E-36  4.9793E-18  3.0190E-08  2.2658E-05  7.8276E-02  2.6815E-05  5.1599E-03
   140   3000.00    1.2179E-32  1.5306E-38  5.4575E-19  1.7371E-08  1.9734E-05  6.5805E-02  2.2606E-05  4.3790E-03
   150   3200.00    2.9890E-34  2.2117E-40  6.5604E-20  1.0228E-08  1.7286E-05  5.5819E-02  1.9263E-05  3.7560E-03
   160   3400.00    8.5367E-36  3.8010E-42  8.6004E-21  6.1546E-09  1.5225E-05  4.7728E-02  1.6573E-05  3.2524E-03
   170   3600.00    2.8118E-37  7.6882E-44  1.2232E-21  3.7795E-09  1.3478E-05  4.1107E-02  1.4382E-05  2.8402E-03
   180   3800.00    1.0591E-38  1.8128E-45  1.8782E-22  2.3659E-09  1.1988E-05  3.5639E-02  1.2576E-05  2.4985E-03
   190   4000.00    4.5268E-40  4.9387E-47  3.1001E-23  1.5080E-09  1.0712E-05  3.1084E-02  1.1077E-05  2.2123E-03
   200   4200.00    2.1799E-41  1.5419E-48  5.4777E-24  9.7773E-10  9.6118E-06  2.7260E-02  9.8167E-06  1.9712E-03
   210   4400.00    1.1748E-42  5.4751E-50  1.0322E-24  6.4418E-10  8.6597E-06  2.4029E-02  8.7511E-06  1.7663E-03
   220   4600.00    7.0427E-44  2.1956E-51  2.0670E-25  4.3093E-10  7.8316E-06  2.1281E-02  7.8447E-06  1.5906E-03
   230   4800.00    4.6693E-45  9.8789E-53  4.3845E-26  2.9245E-10  7.1083E-06  1.8929E-02  7.0673E-06  1.4390E-03
   240   5000.00    3.4057E-46  4.9570E-54  9.8215E-27  2.0119E-10  6.4737E-06  1.6906E-02  6.3957E-06  1.3073E-03
   250   5200.00    2.7192E-47  2.7583E-55  2.3168E-27  1.4021E-10  5.9149E-06  1.5156E-02  5.8117E-06  1.1923E-03
   260   5400.00    2.3658E-48  1.6931E-56  5.7399E-28  9.8923E-11  5.4209E-06  1.3636E-02  5.3009E-06  1.0911E-03
   270   5600.00    2.2332E-49  1.1407E-57  1.4899E-28  7.0609E-11  4.9827E-06  1.2310E-02  4.8518E-06  1.0019E-03
   280   5800.00    2.2779E-50  8.3981E-59  4.0426E-29  5.0961E-11  4.5926E-06  1.1148E-02  4.4551E-06  9.2263E-04
   290   6000.00    2.5015E-51  6.7266E-60  1.1441E-29  3.7169E-11  4.2442E-06  1.0126E-02  4.1029E-06  8.5204E-04
   300   6200.00    2.9470E-52  5.8383E-61  3.3706E-30  2.7384E-11  3.9321E-06  9.2238E-03  3.7889E-06  7.8886E-04
   310   6400.00    3.7123E-53  5.4703E-62  1.0317E-30  2.0369E-11  3.6517E-06  8.4237E-03  3.5077E-06  7.3211E-04
   320   6600.00    4.9847E-54  5.5136E-63  3.2756E-31  1.5289E-11  3.3990E-06  7.7118E-03  3.2550E-06  6.8096E-04
   330   6800.00    7.1139E-55  5.9582E-64  1.0768E-31  1.1577E-11  3.1707E-06  7.0765E-03  3.0271E-06  6.3468E-04
   340   7000.00    1.0761E-55  6.8815E-65  3.6594E-32  8.8394E-12  2.9639E-06  6.5077E-03  2.8210E-06  5.9270E-04
   350   7200.00    1.7210E-56  8.4699E-66  1.2838E-32  6.8029E-12  2.7760E-06  5.9972E-03  2.6339E-06  5.5450E-04
   360   7400.00    2.9028E-57  1.1079E-66  4.6432E-33  5.2756E-12  2.6051E-06  5.5378E-03  2.4638E-06  5.1964E-04
   370   7600.00    5.1520E-58  1.5360E-67  1.7289E-33  4.1211E-12  2.4491E-06  5.1233E-03  2.3086E-06  4.8776E-04
   380   7800.00    9.6010E-59  2.2516E-68  6.6194E-34  3.2417E-12  2.3065E-06  4.7489E-03  2.1667E-06  4.5855E-04
   390   8000.00    1.8748E-59  3.4818E-69  2.6030E-34  2.5671E-12  2.1758E-06  4.4420E-03  2.0461E-06  4.3299E-04
1                                             INITIAL OXYGEN PARAMETERS
                ALT          VELOCITY        MACH NO         DENSITY         PRESSURE      TEMPERATURE

     0        200.00       0.00000E+00     0.00000E+00     9.78193E+04     1.05244E-08     7.79254E+02
     1        220.00      -5.22439E+03    -6.27176E-02     1.43444E+05     1.58623E-08     8.00924E+02
     2        240.00      -5.19011E+03    -6.18672E-02     1.64330E+05     1.84306E-08     8.12326E+02
     3        260.00      -4.94673E+03    -5.85998E-02     1.66553E+05     1.89141E-08     8.22513E+02
     4        280.00      -3.62364E+03    -4.26806E-02     1.56901E+05     1.80237E-08     8.32008E+02
     5        300.00      -1.26804E+03    -1.48338E-02     1.42240E+05     1.65643E-08     8.43450E+02
     6        320.00       1.66235E+03     1.92723E-02     1.27448E+05     1.51114E-08     8.58775E+02
     7        340.00       4.95621E+03     5.67592E-02     1.14177E+05     1.38738E-08     8.80086E+02
     8        360.00       8.40982E+03     9.47451E-02     1.02775E+05     1.29044E-08     9.09405E+02
     9        380.00       1.19440E+04     1.31719E-01     9.30734E+04     1.21960E-08     9.49071E+02
    10        400.00       1.55673E+04     1.66904E-01     8.47491E+04     1.17494E-08     1.00413E+03
    11        420.00       1.92047E+04     1.98255E-01     7.74666E+04     1.15843E-08     1.08309E+03
    12        440.00       2.26353E+04     2.22739E-01     7.10066E+04     1.16861E-08     1.19201E+03
    13        460.00       2.57059E+04     2.39570E-01     6.52475E+04     1.19716E-08     1.32892E+03
    14        480.00       2.83951E+04     2.50453E-01     6.01462E+04     1.23206E-08     1.48365E+03
    16        520.00       3.29798E+04     2.64054E-01     5.17121E+04     1.28556E-08     1.80056E+03
    18        560.00       3.68518E+04     2.74304E-01     4.51773E+04     1.29946E-08     2.08329E+03
    20        600.00       4.00404E+04     2.82576E-01     3.99881E+04     1.27952E-08     2.31753E+03
    22        640.00       4.23854E+04     2.87599E-01     3.57277E+04     1.23667E-08     2.50702E+03
    24        680.00       4.37390E+04     2.88189E-01     3.21246E+04     1.17926E-08     2.65878E+03
    26        720.00       4.40831E+04     2.84091E-01     2.90154E+04     1.11339E-08     2.77925E+03
    28        760.00       4.35705E+04     2.76121E-01     2.63064E+04     1.04385E-08     2.87398E+03
    30        800.00       4.24855E+04     2.65845E-01     2.39423E+04     9.74498E-09     2.94797E+03
    35        900.00       3.92113E+04     2.40410E-01     1.92810E+04     8.17407E-09     3.07055E+03
    40       1000.00       3.69641E+04     2.24038E-01     1.59398E+04     6.91499E-09     3.14207E+03
    45       1100.00       3.57993E+04     2.15455E-01     1.34435E+04     5.91475E-09     3.18664E+03
    50       1200.00       3.52216E+04     2.11095E-01     1.15013E+04     5.10267E-09     3.21336E+03
    55       1300.00       3.49522E+04     2.09047E-01     9.94651E+03     4.43121E-09     3.22671E+03
    60       1400.00       3.48684E+04     2.08451E-01     8.67659E+03     3.86899E-09     3.22966E+03
    70       1600.00       3.50590E+04     2.10136E-01     6.73899E+03     2.98939E-09     3.21289E+03
    80       1800.00       3.55854E+04     2.14538E-01     5.34743E+03     2.34462E-09     3.17567E+03
    90       2000.00       3.63628E+04     2.20965E-01     4.31524E+03     1.86236E-09     3.12584E+03
   100       2200.00       3.73389E+04     2.29011E-01     3.53073E+03     1.49577E-09     3.06837E+03
   110       2400.00       3.84835E+04     2.38447E-01     2.92291E+03     1.21331E-09     3.00651E+03
   120       2600.00       3.97854E+04     2.49183E-01     2.44458E+03     9.93128E-10     2.94244E+03
   130       2800.00       4.12364E+04     2.61162E-01     2.06314E+03     8.19712E-10     2.87767E+03
   140       3000.00       4.28343E+04     2.74372E-01     1.75538E+03     6.81816E-10     2.81322E+03
   150       3200.00       4.45449E+04     2.88599E-01     1.50462E+03     5.71244E-10     2.74981E+03
   160       3400.00       4.63741E+04     3.03891E-01     1.29832E+03     4.81823E-10     2.68791E+03
   170       3600.00       4.83179E+04     3.20226E-01     1.12717E+03     4.08962E-10     2.62785E+03
   180       3800.00       5.03782E+04     3.37626E-01     9.84144E+02     3.49192E-10     2.56988E+03
   190       4000.00       5.25309E+04     3.55930E-01     8.63705E+02     2.99817E-10     2.51419E+03
   200       4200.00       5.47774E+04     3.75149E-01     7.61646E+02     2.58785E-10     2.46090E+03
   210       4400.00       5.71115E+04     3.95234E-01     6.74649E+02     2.24495E-10     2.41010E+03
   220       4600.00       5.95249E+04     4.16119E-01     6.00078E+02     1.95686E-10     2.36189E+03
   230       4800.00       6.20111E+04     4.37743E-01     5.35826E+02     1.71362E-10     2.31632E+03
   240       5000.00       6.45657E+04     4.60053E-01     4.80194E+02     1.50729E-10     2.27346E+03
   250       5200.00       6.71845E+04     4.82992E-01     4.31807E+02     1.33149E-10     2.23335E+03
   260       5400.00       6.98587E+04     5.06463E-01     3.89548E+02     1.18113E-10     2.19606E+03
   270       5600.00       7.25722E+04     5.30311E-01     3.52506E+02     1.05205E-10     2.16161E+03
   280       5800.00       7.53107E+04     5.54386E-01     3.19926E+02     9.40870E-11     2.13004E+03
   290       6000.00       7.80731E+04     5.78629E-01     2.91162E+02     8.44746E-11     2.10136E+03
   300       6200.00       8.08659E+04     6.03039E-01     2.65667E+02     7.61322E-11     2.07558E+03
   310       6400.00       8.36933E+04     6.27590E-01     2.42991E+02     6.88667E-11     2.05271E+03
   320       6600.00       8.65551E+04     6.52227E-01     2.22756E+02     6.25185E-11     2.03276E+03
   330       6800.00       8.94490E+04     6.76875E-01     2.04647E+02     5.69547E-11     2.01573E+03
   340       7000.00       9.23696E+04     7.01439E-01     1.88396E+02     5.20643E-11     2.00160E+03
   350       7200.00       9.53102E+04     7.25818E-01     1.73778E+02     4.77541E-11     1.99032E+03
   360       7400.00       9.82693E+04     7.49951E-01     1.60597E+02     4.39438E-11     1.98184E+03
   370       7600.00       1.01246E+05     7.73794E-01     1.48683E+02     4.05654E-11     1.97607E+03
   380       7800.00       1.04220E+05     7.97156E-01     1.37901E+02     3.75640E-11     1.97294E+03
   390       8000.00       1.03667E+05     7.93109E-01     1.29060E+02     3.51400E-11     1.97205E+03
   391       8020.00       1.03667E+05     7.93109E-01     1.02662E+02     2.79523E-11     1.97205E+03
1                                             INITIAL HELIUM PARAMETERS
                ALT          VELOCITY        MACH NO         DENSITY         PRESSURE      TEMPERATURE

     0        200.00       0.00000E+00     0.00000E+00     6.65749E-03     7.16278E-16     7.79254E+02
     1        220.00      -8.15695E+03    -4.83528E-02     1.33279E-02     1.51269E-15     8.22043E+02
     2        240.00      -7.56825E+03    -4.44782E-02     2.63534E-02     3.04305E-15     8.36334E+02
     3        260.00      -7.17828E+03    -4.18189E-02     5.26829E-02     6.19071E-15     8.51096E+02
     4        280.00      -5.97310E+03    -3.44717E-02     1.10956E-01     1.32862E-14     8.67277E+02
     5        300.00      -3.67949E+03    -2.10542E-02     2.54037E-01     3.09435E-14     8.82225E+02
     6        320.00      -4.43187E+02    -2.51869E-03     5.92514E-01     7.31644E-14     8.94354E+02
     7        340.00       3.33997E+03     1.88171E-02     1.26297E+00     1.58689E-13     9.10044E+02
     8        360.00       7.26397E+03     4.03783E-02     2.33484E+00     3.01360E-13     9.34836E+02
     9        380.00       1.12193E+04     6.11656E-02     3.74380E+00     5.02350E-13     9.71855E+02
    10        400.00       1.52572E+04     8.09545E-02     5.30338E+00     7.51268E-13     1.02601E+03
    11        420.00       1.93672E+04     9.89986E-02     6.76283E+00     1.03223E-12     1.10550E+03
    12        440.00       2.33553E+04     1.13770E-01     7.89120E+00     1.32627E-12     1.21730E+03
    13        460.00       2.70839E+04     1.24922E-01     8.65690E+00     1.62285E-12     1.35776E+03
    14        480.00       3.05455E+04     1.33353E-01     9.12793E+00     1.91001E-12     1.51555E+03
    16        520.00       3.70594E+04     1.47055E-01     9.52157E+00     2.41168E-12     1.83450E+03
    18        560.00       4.34477E+04     1.60606E-01     9.53010E+00     2.78151E-12     2.11393E+03
    20        600.00       4.98298E+04     1.74994E-01     9.34569E+00     3.02217E-12     2.34215E+03
    22        640.00       5.60932E+04     1.89693E-01     9.05157E+00     3.15659E-12     2.52582E+03
    24        680.00       6.20423E+04     2.03904E-01     8.69036E+00     3.20876E-12     2.67428E+03
    26        720.00       6.74756E+04     2.16906E-01     8.28695E+00     3.19831E-12     2.79533E+03
    28        760.00       7.22510E+04     2.28237E-01     7.85816E+00     3.14061E-12     2.89468E+03
    30        800.00       7.63401E+04     2.37818E-01     7.41757E+00     3.04828E-12     2.97647E+03
    35        900.00       8.44413E+04     2.56751E-01     6.34183E+00     2.73574E-12     3.12441E+03
    40       1000.00       9.19021E+04     2.75166E-01     5.40076E+00     2.40266E-12     3.22214E+03
    45       1100.00       1.00241E+05     2.96802E-01     4.62425E+00     2.10363E-12     3.29486E+03
    50       1200.00       1.09455E+05     3.21223E-01     3.98768E+00     1.84651E-12     3.35381E+03
    55       1300.00       1.19236E+05     3.47370E-01     3.46169E+00     1.62665E-12     3.40340E+03
    60       1400.00       1.29364E+05     3.74553E-01     3.02330E+00     1.43834E-12     3.44577E+03
    70       1600.00       1.50210E+05     4.30650E-01     2.34369E+00     1.13717E-12     3.51424E+03
    80       1800.00       1.71489E+05     4.87990E-01     1.85166E+00     9.11981E-13     3.56724E+03
    90       2000.00       1.93013E+05     5.45991E-01     1.48727E+00     7.41256E-13     3.60983E+03
   100       2200.00       2.14690E+05     6.04371E-01     1.21220E+00     6.10056E-13     3.64504E+03
   110       2400.00       2.36438E+05     6.62919E-01     1.00108E+00     5.07877E-13     3.67449E+03
   120       2600.00       2.58173E+05     7.21464E-01     8.36611E-01     4.27260E-13     3.69894E+03
   130       2800.00       2.79821E+05     7.79876E-01     7.06775E-01     3.62883E-13     3.71872E+03
   140       3000.00       3.01331E+05     8.38104E-01     6.03028E-01     3.10889E-13     3.73401E+03
   150       3200.00       3.22575E+05     8.95883E-01     5.19244E-01     2.68477E-13     3.74493E+03
   160       3400.00       3.43536E+05     9.53252E-01     4.50819E-01     2.33510E-13     3.75155E+03
   170       3600.00       3.64179E+05     1.01019E+00     3.94360E-01     2.04405E-13     3.75410E+03
   180       3800.00       3.84504E+05     1.06673E+00     3.47272E-01     1.79945E-13     3.75300E+03
   190       4000.00       4.04389E+05     1.12255E+00     3.07789E-01     1.59301E-13     3.74863E+03
   200       4200.00       4.23911E+05     1.17789E+00     2.74277E-01     1.41679E-13     3.74131E+03
   210       4400.00       4.42963E+05     1.23245E+00     2.45698E-01     1.26581E-13     3.73144E+03
   220       4600.00       4.61488E+05     1.28609E+00     2.21203E-01     1.13592E-13     3.71933E+03
   230       4800.00       4.79524E+05     1.33887E+00     2.00049E-01     1.02342E-13     3.70531E+03
   240       5000.00       4.97088E+05     1.39083E+00     1.81659E-01     9.25441E-14     3.68977E+03
   250       5200.00       5.14194E+05     1.44196E+00     1.65576E-01     8.39690E-14     3.67307E+03
   260       5400.00       5.30851E+05     1.49223E+00     1.51434E-01     7.64319E-14     3.65561E+03
   270       5600.00       5.47058E+05     1.54156E+00     1.38939E-01     6.97827E-14     3.63773E+03
   280       5800.00       5.62819E+05     1.58990E+00     1.27853E-01     6.38974E-14     3.61977E+03
   290       6000.00       5.78155E+05     1.63723E+00     1.17972E-01     5.86710E-14     3.60207E+03
   300       6200.00       5.93095E+05     1.68355E+00     1.09130E-01     5.40150E-14     3.58492E+03
   310       6400.00       6.07661E+05     1.72883E+00     1.01185E-01     4.98552E-14     3.56864E+03
   320       6600.00       6.21875E+05     1.77303E+00     9.40213E-02     4.61293E-14     3.55351E+03
   330       6800.00       6.35751E+05     1.81610E+00     8.75423E-02     4.27849E-14     3.53981E+03
   340       7000.00       6.49302E+05     1.85796E+00     8.16661E-02     3.97775E-14     3.52779E+03
   350       7200.00       6.62535E+05     1.89855E+00     7.63226E-02     3.70682E-14     3.51768E+03
   360       7400.00       6.75465E+05     1.93781E+00     7.14509E-02     3.46231E-14     3.50967E+03
   370       7600.00       6.88103E+05     1.97568E+00     6.69979E-02     3.24125E-14     3.50396E+03
   380       7800.00       7.00443E+05     2.01205E+00     6.29189E-02     3.04105E-14     3.50066E+03
   390       8000.00       7.08948E+05     2.03672E+00     5.94492E-02     2.87268E-14     3.49985E+03
   391       8020.00       7.08948E+05     2.03672E+00     4.72605E-02     2.28370E-14     3.49985E+03
1                                             INITIAL HYDROGEN PARAMETERS
                ALT          VELOCITY        MACH NO         DENSITY         PRESSURE      TEMPERATURE

     0        200.00       0.00000E+00     0.00000E+00     1.07941E+01     1.16133E-12     7.79254E+02
     1        220.00      -1.36284E+04    -3.85339E-02     2.23394E+01     2.80647E-12     9.09904E+02
     2        240.00      -1.07135E+04    -2.99656E-02     3.84140E+01     4.93163E-12     9.29842E+02
     3        260.00      -8.56046E+03    -2.37459E-02     5.89376E+01     7.69289E-12     9.45377E+02
     4        280.00      -5.68334E+03    -1.56456E-02     8.43456E+01     1.11780E-11     9.59866E+02
     5        300.00      -2.23811E+03    -6.10416E-03     1.16404E+02     1.57166E-11     9.77908E+02
     6        320.00       1.33054E+03     3.58866E-03     1.59081E+02     2.19631E-11     9.99959E+02
     7        340.00       4.97505E+03     1.32313E-02     2.16199E+02     3.06990E-11     1.02844E+03
     8        360.00       8.63315E+03     2.25587E-02     2.90932E+02     4.27939E-11     1.06536E+03
     9        380.00       1.23492E+04     3.15449E-02     3.83470E+02     5.90239E-11     1.11482E+03
    10        400.00       1.62360E+04     4.02130E-02     4.88479E+02     7.99744E-11     1.18580E+03
    11        420.00       2.03062E+04     4.81948E-02     5.94207E+02     1.05944E-10     1.29136E+03
    12        440.00       2.44017E+04     5.48915E-02     6.88557E+02     1.36664E-10     1.43754E+03
    13        460.00       2.84229E+04     6.03832E-02     7.69273E+02     1.71186E-10     1.61174E+03
    14        480.00       3.23610E+04     6.52098E-02     8.40879E+02     2.07986E-10     1.79146E+03
    16        520.00       4.05115E+04     7.51884E-02     9.67905E+02     2.82208E-10     2.11176E+03
    18        560.00       4.95598E+04     8.69160E-02     1.06852E+03     3.48917E-10     2.36510E+03
    20        600.00       5.95939E+04     1.00354E-01     1.13889E+03     4.03368E-10     2.56523E+03
    22        640.00       7.04373E+04     1.15017E-01     1.18141E+03     4.45005E-10     2.72818E+03
    24        680.00       8.18272E+04     1.30378E-01     1.20094E+03     4.75103E-10     2.86532E+03
    26        720.00       9.34579E+04     1.45919E-01     1.20227E+03     4.95328E-10     2.98401E+03
    28        760.00       1.05029E+05     1.61177E-01     1.18914E+03     5.07140E-10     3.08889E+03
    30        800.00       1.16323E+05     1.75850E-01     1.16444E+03     5.11734E-10     3.18299E+03
    35        900.00       1.43246E+05     2.10029E-01     1.06814E+03     4.99017E-10     3.38373E+03
    40       1000.00       1.70075E+05     2.43377E-01     9.50469E+02     4.66167E-10     3.55232E+03
    45       1100.00       1.98728E+05     2.78534E-01     8.35104E+02     4.26955E-10     3.70296E+03
    50       1200.00       2.29710E+05     3.16050E-01     7.31093E+02     3.87884E-10     3.84270E+03
    55       1300.00       2.62850E+05     3.55619E-01     6.40246E+02     3.51297E-10     3.97407E+03
    60       1400.00       2.97799E+05     3.96785E-01     5.61957E+02     3.17921E-10     4.09755E+03
    70       1600.00       3.71627E+05     4.82249E-01     4.37566E+02     2.60974E-10     4.31977E+03
    80       1800.00       4.48429E+05     5.69670E-01     3.46512E+02     2.15645E-10     4.50743E+03
    90       2000.00       5.25944E+05     6.57051E-01     2.79189E+02     1.79663E-10     4.66090E+03
   100       2200.00       6.02452E+05     7.42983E-01     2.28609E+02     1.50960E-10     4.78274E+03
   110       2400.00       6.76745E+05     8.26530E-01     1.89927E+02     1.27879E-10     4.87666E+03
   120       2600.00       7.48091E+05     9.07174E-01     1.59818E+02     1.09153E-10     4.94670E+03
   130       2800.00       8.16142E+05     9.84723E-01     1.36001E+02     9.38264E-11     4.99680E+03
   140       3000.00       8.81284E+05     1.05974E+00     1.16811E+02     8.11336E-11     5.03064E+03
   150       3200.00       9.42902E+05     1.13150E+00     1.01244E+02     7.06120E-11     5.05145E+03
   160       3400.00       1.00123E+06     1.20026E+00     8.84735E+01     6.18309E-11     5.06174E+03
   170       3600.00       1.05655E+06     1.26634E+00     7.78807E+01     5.44494E-11     5.06373E+03
   180       3800.00       1.10927E+06     1.33011E+00     6.89941E+01     4.81941E-11     5.05928E+03
   190       4000.00       1.15965E+06     1.39180E+00     6.14724E+01     4.28609E-11     5.04998E+03
   200       4200.00       1.20763E+06     1.45124E+00     5.50753E+01     3.83026E-11     5.03709E+03
   210       4400.00       1.25348E+06     1.50864E+00     4.95898E+01     3.43821E-11     5.02167E+03
   220       4600.00       1.29737E+06     1.56413E+00     4.48521E+01     3.09916E-11     5.00459E+03
   230       4800.00       1.33947E+06     1.61781E+00     4.07339E+01     2.80446E-11     4.98657E+03
   240       5000.00       1.37992E+06     1.66974E+00     3.71330E+01     2.54712E-11     4.96817E+03
   250       5200.00       1.41882E+06     1.71999E+00     3.39676E+01     2.32141E-11     4.94988E+03
   260       5400.00       1.45630E+06     1.76860E+00     3.11712E+01     2.12263E-11     4.93207E+03
   270       5600.00       1.49241E+06     1.81560E+00     2.86896E+01     1.94689E-11     4.91502E+03
   280       5800.00       1.52724E+06     1.86101E+00     2.64780E+01     1.79094E-11     4.89896E+03
   290       6000.00       1.56088E+06     1.90491E+00     2.44989E+01     1.65204E-11     4.88407E+03
   300       6200.00       1.59344E+06     1.94735E+00     2.27212E+01     1.52789E-11     4.87046E+03
   310       6400.00       1.62498E+06     1.98840E+00     2.11187E+01     1.41656E-11     4.85822E+03
   320       6600.00       1.65558E+06     2.02810E+00     1.96694E+01     1.31641E-11     4.84740E+03
   330       6800.00       1.68530E+06     2.06651E+00     1.83547E+01     1.22605E-11     4.83802E+03
   340       7000.00       1.71418E+06     2.10365E+00     1.71585E+01     1.14427E-11     4.83009E+03
   350       7200.00       1.74227E+06     2.13956E+00     1.60674E+01     1.07006E-11     4.82359E+03
   360       7400.00       1.76961E+06     2.17428E+00     1.50697E+01     1.00255E-11     4.81849E+03
   370       7600.00       1.79624E+06     2.20786E+00     1.41552E+01     9.40983E-12     4.81474E+03
   380       7800.00       1.82216E+06     2.24029E+00     1.33156E+01     8.84718E-12     4.81229E+03
   390       8000.00       1.84181E+06     2.26472E+00     1.25801E+01     8.35649E-12     4.81114E+03
   391       8020.00       1.84181E+06     2.26472E+00     1.00006E+01     6.64300E-12     4.81114E+03
1                                             INITIAL ELECTRON PARAMETERS
                ALT          VELOCITY        MACH NO         DENSITY         PRESSURE      TEMPERATURE

     0        200.00       0.00000E+00     0.00000E+00     9.78301E+04     1.05255E-08     7.79254E+02
     1        220.00      -3.62922E+05    -1.19569E-02     1.43466E+05     7.22416E-08     3.64700E+03
     2        240.00      -3.14569E+05    -9.16851E-03     1.64368E+05     1.05755E-07     4.65985E+03
     3        260.00      -3.07401E+05    -8.39456E-03     1.66612E+05     1.22115E-07     5.30822E+03
     4        280.00      -3.21731E+05    -8.40722E-03     1.56985E+05     1.25657E-07     5.79715E+03
     5        300.00      -3.48912E+05    -8.82069E-03     1.42357E+05     1.21745E-07     6.19381E+03
     6        320.00      -3.82687E+05    -9.42269E-03     1.27607E+05     1.15043E-07     6.52935E+03
     7        340.00      -4.19957E+05    -1.01168E-02     1.14395E+05     1.07739E-07     6.82106E+03
     8        360.00      -4.58994E+05    -1.08535E-02     1.03069E+05     1.00751E-07     7.07964E+03
     9        380.00      -4.98933E+05    -1.16088E-02     9.34606E+04     9.43599E-08     7.31218E+03
    10        400.00      -5.39599E+05    -1.23773E-02     8.52428E+04     8.85520E-08     7.52368E+03
    11        420.00      -5.81632E+05    -1.31726E-02     7.80675E+04     8.31896E-08     7.71775E+03
    12        440.00      -6.25767E+05    -1.40104E-02     7.17031E+04     7.81827E-08     7.89710E+03
    13        460.00      -6.72261E+05    -1.48950E-02     6.60254E+04     7.35112E-08     8.06381E+03
    14        480.00      -7.20487E+05    -1.58116E-02     6.09962E+04     6.92230E-08     8.21953E+03
    16        520.00      -8.18849E+05    -1.76680E-02     5.26896E+04     6.18591E-08     8.50321E+03
    18        560.00      -9.16592E+05    -1.94890E-02     4.62554E+04     5.59218E-08     8.75641E+03
    20        600.00      -1.01345E+06    -2.12726E-02     4.11363E+04     5.10308E-08     8.98499E+03
    22        640.00      -1.11115E+06    -2.30579E-02     3.69181E+04     4.68589E-08     9.19321E+03
    24        680.00      -1.21176E+06    -2.48886E-02     3.33342E+04     4.31885E-08     9.38421E+03
    26        720.00      -1.31670E+06    -2.67937E-02     3.02259E+04     3.98964E-08     9.56045E+03
    28        760.00      -1.42630E+06    -2.87793E-02     2.75034E+04     3.69229E-08     9.72382E+03
    30        800.00      -1.53982E+06    -3.08297E-02     2.51141E+04     3.42426E-08     9.87591E+03
    35        900.00      -1.83199E+06    -3.60658E-02     2.03555E+04     2.87068E-08     1.02148E+04
    40       1000.00      -2.12555E+06    -4.12607E-02     1.68957E+04     2.45072E-08     1.05060E+04
    45       1100.00      -2.41969E+06    -4.64124E-02     1.42832E+04     2.12190E-08     1.07601E+04
    50       1200.00      -2.71779E+06    -5.15953E-02     1.22363E+04     1.85571E-08     1.09843E+04
    55       1300.00      -3.02210E+06    -5.68581E-02     1.05902E+04     1.63526E-08     1.11840E+04
    60       1400.00      -3.33376E+06    -6.22255E-02     9.24157E+03     1.44985E-08     1.13630E+04
    70       1600.00      -3.98115E+06    -7.33224E-02     7.17890E+03     1.15677E-08     1.16709E+04
    80       1800.00      -4.66198E+06    -8.49379E-02     5.69579E+03     9.37861E-09     1.19261E+04
    90       2000.00      -5.37654E+06    -9.70875E-02     4.59592E+03     7.70369E-09     1.21405E+04
   100       2200.00      -6.12438E+06    -1.09771E-01     3.76055E+03     6.39808E-09     1.23228E+04
   110       2400.00      -6.90442E+06    -1.22975E-01     3.11384E+03     5.36496E-09     1.24791E+04
   120       2600.00      -7.71499E+06    -1.36675E-01     2.60524E+03     4.53719E-09     1.26140E+04
   130       2800.00      -8.55413E+06    -1.50842E-01     2.19985E+03     3.86676E-09     1.27311E+04
   140       3000.00      -9.42032E+06    -1.65453E-01     1.87280E+03     3.31832E-09     1.28333E+04
   150       3200.00      -1.03104E+07    -1.80457E-01     1.60638E+03     2.86615E-09     1.29229E+04
   160       3400.00      -1.12226E+07    -1.95828E-01     1.38724E+03     2.49025E-09     1.30017E+04
   170       3600.00      -1.21551E+07    -2.11533E-01     1.20545E+03     2.17548E-09     1.30713E+04
   180       3800.00      -1.31055E+07    -2.27538E-01     1.05349E+03     1.91018E-09     1.31328E+04
   190       4000.00      -1.40729E+07    -2.43828E-01     9.25485E+02     1.68505E-09     1.31873E+04
   200       4200.00      -1.50550E+07    -2.60367E-01     8.16995E+02     1.49298E-09     1.32357E+04
   210       4400.00      -1.60501E+07    -2.77127E-01     7.24484E+02     1.32824E-09     1.32787E+04
   220       4600.00      -1.70568E+07    -2.94084E-01     6.45152E+02     1.18621E-09     1.33171E+04
   230       4800.00      -1.80736E+07    -3.11217E-01     5.76760E+02     1.06318E-09     1.33512E+04
   240       5000.00      -1.90993E+07    -3.28503E-01     5.17509E+02     9.56135E-10     1.33817E+04
   250       5200.00      -2.01325E+07    -3.45923E-01     4.65940E+02     8.62609E-10     1.34089E+04
   260       5400.00      -2.11719E+07    -3.63454E-01     4.20870E+02     7.80580E-10     1.34332E+04
   270       5600.00      -2.22156E+07    -3.81063E-01     3.81335E+02     7.08395E-10     1.34548E+04
   280       5800.00      -2.32615E+07    -3.98716E-01     3.46532E+02     6.44668E-10     1.34742E+04
   290       6000.00      -2.43088E+07    -4.16403E-01     3.15778E+02     5.88207E-10     1.34914E+04
   300       6200.00      -2.53577E+07    -4.34123E-01     2.88498E+02     5.38002E-10     1.35068E+04
   310       6400.00      -2.64080E+07    -4.51876E-01     2.64211E+02     4.93209E-10     1.35204E+04
   320       6600.00      -2.74595E+07    -4.69657E-01     2.42520E+02     4.53124E-10     1.35325E+04
   330       6800.00      -2.85117E+07    -4.87460E-01     2.23089E+02     4.17151E-10     1.35433E+04
   340       7000.00      -2.95640E+07    -5.05274E-01     2.05636E+02     3.84785E-10     1.35528E+04
   350       7200.00      -3.06153E+07    -5.23080E-01     1.89922E+02     3.55601E-10     1.35612E+04
   360       7400.00      -3.16651E+07    -5.40871E-01     1.75738E+02     3.29222E-10     1.35685E+04
   370       7600.00      -3.27131E+07    -5.58640E-01     1.62905E+02     3.05325E-10     1.35749E+04
   380       7800.00      -3.37561E+07    -5.76332E-01     1.51279E+02     2.83652E-10     1.35805E+04
   390       8000.00      -3.45565E+07    -5.89893E-01     1.41700E+02     2.65784E-10     1.35853E+04
   391       8020.00      -4.39964E+07    -7.51014E-01     1.12710E+02     2.11420E-10     1.35861E+04
1                                        INITIAL ELECTRIC FIELD AND SOURCE PARAMETERS
             ALT      EFIELD      FCLSNO      ECLSNO      FCLSHE      ECLSHE      FCLSNH      ECLSNH      FCLSNE      ECLSNE
     1     220.00   -3.4554E-10  1.5214E-15  5.8598E-12  6.2447E-22 -6.4464E-17  9.0462E-19 -1.0595E-13  1.9661E-15  4.7130E-10
     2     240.00   -1.5792E-10  6.6617E-16  2.7561E-11  1.3025E-21 -1.3018E-16  1.2229E-18 -1.1569E-13  1.4607E-15  1.7629E-10
     3     260.00   -6.2174E-11 -2.2575E-16  2.9852E-11  2.8793E-21 -3.0604E-16  1.5495E-18 -1.2493E-13  1.1604E-15  8.5898E-11
     4     280.00    1.2197E-12 -6.5651E-16  3.1040E-11  7.0091E-21 -7.7869E-16  1.9940E-18 -1.5659E-13  9.2683E-16  6.9685E-11
     5     300.00    3.8797E-11 -7.1345E-16  2.5136E-11  1.6468E-20 -1.7192E-15  2.6973E-18 -2.2787E-13  7.4289E-16  7.8774E-11
     6     320.00    5.7116E-11 -6.1274E-16  2.0253E-11  3.3148E-20 -2.8352E-15  3.7453E-18 -3.1276E-13  6.0359E-16  9.0950E-11
     7     340.00    6.5012E-11 -4.5304E-16  1.6655E-11  5.6375E-20 -3.4006E-15  5.1953E-18 -4.0365E-13  4.9873E-16  1.0029E-10
     8     360.00    6.7545E-11 -2.9541E-16  1.4662E-11  8.2834E-20 -2.9006E-15  7.0365E-18 -4.7936E-13  4.1911E-16  1.0608E-10
     9     380.00    6.7920E-11 -1.5100E-16  1.4078E-11  1.0792E-19 -1.4142E-15  9.2007E-18 -5.4646E-13  3.5759E-16  1.0907E-10
    10     400.00    6.8184E-11 -5.3308E-18  1.4269E-11  1.2810E-19  5.9937E-16  1.1591E-17 -6.5267E-13  3.0895E-16  1.1021E-10
    11     420.00    6.9111E-11  1.4325E-16  1.4993E-11  1.4140E-19  2.7209E-15  1.4024E-17 -8.2864E-13  2.6945E-16  1.1037E-10
    12     440.00    7.0229E-11  2.6511E-16  1.5899E-11  1.4809E-19  3.9014E-15  1.6183E-17 -9.8024E-13  2.3669E-16  1.1002E-10
    13     460.00    7.0601E-11  3.3317E-16  1.6814E-11  1.4897E-19  4.9930E-15  1.7742E-17 -8.8413E-13  2.0918E-16  1.0927E-10
    14     480.00    6.9675E-11  3.4167E-16  1.7299E-11  1.4330E-19  6.1870E-15  1.8530E-17 -4.8262E-13  1.8601E-16  1.0809E-10
    16     520.00    6.5226E-11  2.6394E-16  1.6821E-11  1.1765E-19  8.3853E-15  1.7931E-17  7.2932E-13  1.4992E-16  1.0453E-10
    18     560.00    6.0348E-11  1.7430E-16  1.5113E-11  8.6232E-20  9.6420E-15  1.5467E-17  1.7749E-12  1.2372E-16  1.0004E-10
    20     600.00    5.6858E-11  1.2005E-16  1.3207E-11  5.8665E-20  9.9733E-15  1.2429E-17  2.4439E-12  1.0401E-16  9.5293E-11
    22     640.00    5.4937E-11  9.8058E-17  1.1708E-11  3.7422E-20  9.7008E-15  9.5403E-18  2.8088E-12  8.8645E-17  9.0634E-11
    24     680.00    5.4129E-11  9.4218E-17  1.0666E-11  2.1955E-20  9.0945E-15  7.0611E-18  2.9794E-12  7.6287E-17  8.6203E-11
    26     720.00    5.3796E-11  9.5593E-17  9.8187E-12  1.0900E-20  8.3318E-15  4.9996E-18  3.0361E-12  6.6133E-17  8.2042E-11
    28     760.00    5.3378E-11  9.3972E-17  8.9042E-12  2.9338E-21  7.5171E-15  3.2727E-18  3.0215E-12  5.7682E-17  7.8145E-11
    30     800.00    5.2550E-11  8.6526E-17  7.8416E-12 -2.9024E-21  6.7103E-15  1.8059E-18  2.9536E-12  5.0600E-17  7.4495E-11
    35     900.00    4.8922E-11  5.4204E-17  5.1734E-12 -1.1078E-20  4.9861E-15 -8.0042E-19  2.6445E-12  3.7399E-17  6.6315E-11
    40    1000.00    4.5295E-11  2.9271E-17  3.4275E-12 -1.2963E-20  3.8849E-15 -1.9103E-18  2.3435E-12  2.8564E-17  5.9287E-11
    45    1100.00    4.2728E-11  1.7041E-17  2.4719E-12 -1.2022E-20  3.2373E-15 -2.0925E-18  2.1564E-12  2.2372E-17  5.3218E-11
    50    1200.00    4.0888E-11  1.1288E-17  1.9064E-12 -1.0288E-20  2.8253E-15 -1.9047E-18  2.0519E-12  1.7854E-17  4.7951E-11
    55    1300.00    3.9442E-11  8.3019E-18  1.5305E-12 -8.4684E-21  2.5429E-15 -1.6009E-18  1.9897E-12  1.4459E-17  4.3354E-11
    60    1400.00    3.8224E-11  6.5740E-18  1.2595E-12 -6.7882E-21  2.3397E-15 -1.2792E-18  1.9455E-12  1.1850E-17  3.9319E-11
    70    1600.00    3.6186E-11  4.7355E-18  8.9299E-13 -4.0639E-21  2.0664E-15 -7.1485E-19  1.8664E-12  8.1935E-18  3.2609E-11
    80    1800.00    3.4466E-11  3.7806E-18  6.5990E-13 -2.1577E-21  1.8800E-15 -3.0555E-19  1.7732E-12  5.8417E-18  2.7301E-11
    90    2000.00    3.2945E-11  3.1717E-18  5.0287E-13 -8.9067E-22  1.7305E-15 -3.3797E-20  1.6625E-12  4.2677E-18  2.3044E-11
   100    2200.00    3.1561E-11  2.7192E-18  3.9269E-13 -8.0668E-23  1.5979E-15  1.3637E-19  1.5405E-12  3.1809E-18  1.9589E-11
   110    2400.00    3.0273E-11  2.3410E-18  3.1245E-13  4.1412E-22  1.4742E-15  2.3605E-19  1.4140E-12  2.4115E-18  1.6756E-11
   120    2600.00    2.9057E-11  2.0103E-18  2.5229E-13  6.9876E-22  1.3568E-15  2.8876E-19  1.2884E-12  1.8553E-18  1.4413E-11
   130    2800.00    2.7905E-11  1.7219E-18  2.0628E-13  8.4755E-22  1.2460E-15  3.1127E-19  1.1681E-12  1.4460E-18  1.2459E-11
   140    3000.00    2.6814E-11  1.4746E-18  1.7060E-13  9.1071E-22  1.1425E-15  3.1429E-19  1.0556E-12  1.1400E-18  1.0820E-11
   150    3200.00    2.5761E-11  1.2508E-18  1.4197E-13  9.1653E-22  1.0451E-15  3.0562E-19  9.5135E-13  9.0822E-19  9.4358E-12
   160    3400.00    2.4765E-11  1.0641E-18  1.1927E-13  8.9200E-22  9.5574E-16  2.9103E-19  8.5700E-13  7.3039E-19  8.2604E-12
   170    3600.00    2.3811E-11  9.0281E-19  1.0081E-13  8.4814E-22  8.7334E-16  2.7295E-19  7.7185E-13  5.9244E-19  7.2573E-12
   180    3800.00    2.2904E-11  7.6701E-19  8.5808E-14  7.9495E-22  7.9798E-16  2.5348E-19  6.9555E-13  4.8435E-19  6.3972E-12
   190    4000.00    2.2040E-11  6.5198E-19  7.3443E-14  7.3862E-22  7.2938E-16  2.3380E-19  6.2736E-13  3.9884E-19  5.6567E-12
   200    4200.00    2.1209E-11  5.5203E-19  6.3033E-14  6.8065E-22  6.6644E-16  2.1462E-19  5.6636E-13  3.3063E-19  5.0165E-12
   210    4400.00    2.0415E-11  4.6682E-19  5.4277E-14  6.2456E-22  6.0910E-16  1.9646E-19  5.1193E-13  2.7580E-19  4.4610E-12
   220    4600.00    1.9655E-11  3.9409E-19  4.6849E-14  5.7164E-22  5.5699E-16  1.7950E-19  4.6336E-13  2.3139E-19  3.9774E-12
   230    4800.00    1.8927E-11  3.3200E-19  4.0507E-14  5.2222E-22  5.0962E-16  1.6381E-19  4.1996E-13  1.9518E-19  3.5550E-12
   240    5000.00    1.8230E-11  2.7893E-19  3.5055E-14  4.7646E-22  4.6656E-16  1.4941E-19  3.8115E-13  1.6548E-19  3.1848E-12
   250    5200.00    1.7561E-11  2.3330E-19  3.0326E-14  4.3429E-22  4.2735E-16  1.3623E-19  3.4636E-13  1.4095E-19  2.8596E-12
   260    5400.00    1.6915E-11  1.9341E-19  2.6159E-14  3.9538E-22  3.9150E-16  1.2415E-19  3.1507E-13  1.2061E-19  2.5730E-12
   270    5600.00    1.6288E-11  1.5818E-19  2.2439E-14  3.5947E-22  3.5862E-16  1.1308E-19  2.8682E-13  1.0363E-19  2.3199E-12
   280    5800.00    1.5685E-11  1.2792E-19  1.9165E-14  3.2678E-22  3.2864E-16  1.0302E-19  2.6139E-13  8.9411E-20  2.0957E-12
   290    6000.00    1.5112E-11  1.0292E-19  1.6352E-14  2.9749E-22  3.0153E-16  9.3965E-20  2.3858E-13  7.7436E-20  1.8966E-12
   300    6200.00    1.4566E-11  8.2234E-20  1.3929E-14  2.7124E-22  2.7699E-16  8.5814E-20  2.1810E-13  6.7305E-20  1.7196E-12
   310    6400.00    1.4043E-11  6.4789E-20  1.1812E-14  2.4757E-22  2.5466E-16  7.8442E-20  1.9963E-13  5.8696E-20  1.5617E-12
   320    6600.00    1.3542E-11  4.9954E-20  9.9466E-15  2.2618E-22  2.3431E-16  7.1761E-20  1.8293E-13  5.1352E-20  1.4207E-12
   330    6800.00    1.3060E-11  3.7224E-20  8.2900E-15  2.0679E-22  2.1571E-16  6.5690E-20  1.6779E-13  4.5063E-20  1.2944E-12
   340    7000.00    1.2593E-11  2.6093E-20  6.7962E-15  1.8913E-22  1.9864E-16  6.0150E-20  1.5401E-13  3.9658E-20  1.1812E-12
   350    7200.00    1.2142E-11  1.6465E-20  5.4558E-15  1.7307E-22  1.8299E-16  5.5100E-20  1.4146E-13  3.4998E-20  1.0794E-12
   360    7400.00    1.1708E-11  8.2605E-21  4.2630E-15  1.5851E-22  1.6866E-16  5.0505E-20  1.3005E-13  3.0967E-20  9.8785E-13
   370    7600.00    1.1289E-11  1.2260E-21  3.1948E-15  1.4527E-22  1.5551E-16  4.6315E-20  1.1963E-13  2.7470E-20  9.0527E-13
   380    7800.00    1.0818E-11 -9.1100E-21  1.7880E-15  1.3125E-22  1.4206E-16  4.2074E-20  1.0937E-13  2.4429E-20  8.3070E-13
   390    8000.00    3.2228E-13 -6.4040E-19 -6.3924E-14 -1.6830E-22 -7.3532E-17 -2.2451E-20 -1.1728E-14  2.1927E-20  7.6324E-13
1                                             HEAT CONDUCTIVITIES
                ALT          OXYGEN          HELIUM         HYDROGEN         ELECTRONS

     0        200.00       2.69542E-08     1.29869E-16     2.73304E-13     9.17097E-11
     1        220.00       2.88661E-08     3.49749E-16     8.97090E-13     4.34567E-09
     2        240.00       2.99021E-08     8.10971E-16     1.84173E-12     8.01951E-09
     3        260.00       3.08447E-08     1.87981E-15     3.29078E-12     1.11068E-08
     4        280.00       3.17367E-08     4.67073E-15     5.53545E-12     1.38437E-08
     5        300.00       3.28299E-08     1.27225E-14     9.14414E-12     1.63348E-08
     6        320.00       3.43267E-08     3.50329E-14     1.50624E-11     1.86377E-08
     7        340.00       3.64723E-08     8.83766E-14     2.48354E-11     2.07897E-08
     8        360.00       3.95488E-08     1.96025E-13     4.08823E-11     2.28163E-08
     9        380.00       4.39462E-08     3.84759E-13     6.69715E-11     2.47363E-08
    10        400.00       5.05161E-08     6.87746E-13     1.09584E-10     2.65640E-08
    11        420.00       6.09225E-08     1.15802E-12     1.80602E-10     2.83103E-08
    12        440.00       7.72569E-08     1.87586E-12     2.98381E-10     2.99838E-08
    13        460.00       1.01175E-07     2.94126E-12     4.82429E-10     3.15913E-08
    14        480.00       1.32958E-07     4.42574E-12     7.44353E-10     3.31387E-08
    16        520.00       2.14717E-07     8.64210E-12     1.50009E-09     3.60724E-08
    18        560.00       3.07687E-07     1.40853E-11     2.50945E-09     3.88180E-08
    20        600.00       3.99711E-07     2.01175E-11     3.69047E-09     4.14011E-08
    22        640.00       4.84324E-07     2.62675E-11     4.98056E-09     4.38415E-08
    24        680.00       5.58636E-07     3.22566E-11     6.34245E-09     4.61543E-08
    26        720.00       6.21647E-07     3.79179E-11     7.75283E-09     4.83519E-08
    28        760.00       6.73539E-07     4.31310E-11     9.18918E-09     5.04441E-08
    30        800.00       7.15375E-07     4.78017E-11     1.06233E-08     5.24398E-08
    35        900.00       7.86983E-07     5.69013E-11     1.40104E-08     5.70542E-08
    40       1000.00       8.30281E-07     6.30266E-11     1.69616E-08     6.12087E-08
    45       1100.00       8.58014E-07     6.74504E-11     1.95575E-08     6.49772E-08
    50       1200.00       8.74925E-07     7.08895E-11     2.19250E-08     6.84153E-08
    55       1300.00       8.83370E-07     7.36416E-11     2.41301E-08     7.15661E-08
    60       1400.00       8.85061E-07     7.58641E-11     2.61997E-08     7.44643E-08
    70       1600.00       8.73480E-07     7.91378E-11     2.99686E-08     7.96117E-08
    80       1800.00       8.48510E-07     8.13463E-11     3.32672E-08     8.40350E-08
    90       2000.00       8.15694E-07     8.29010E-11     3.61183E-08     8.78645E-08
   100       2200.00       7.78684E-07     8.40666E-11     3.85532E-08     9.11995E-08
   110       2400.00       7.39869E-07     8.49974E-11     4.06091E-08     9.41179E-08
   120       2600.00       7.00819E-07     8.57724E-11     4.23250E-08     9.66820E-08
   130       2800.00       6.62544E-07     8.64334E-11     4.37428E-08     9.89424E-08
   140       3000.00       6.25701E-07     8.70056E-11     4.48830E-08     1.00941E-07
   150       3200.00       5.90626E-07     8.74979E-11     4.58236E-08     1.02712E-07
   160       3400.00       5.57496E-07     8.79061E-11     4.66057E-08     1.04285E-07
   170       3600.00       5.26404E-07     8.82265E-11     4.72592E-08     1.05685E-07
   180       3800.00       4.97382E-07     8.84487E-11     4.78007E-08     1.06932E-07
   190       4000.00       4.70402E-07     8.86228E-11     4.82572E-08     1.08045E-07
   200       4200.00       4.45394E-07     8.87050E-11     4.86647E-08     1.09039E-07
   210       4400.00       4.22295E-07     8.87308E-11     4.90356E-08     1.09928E-07
   220       4600.00       4.01026E-07     8.87239E-11     4.93822E-08     1.10723E-07
   230       4800.00       3.81508E-07     8.86821E-11     4.97156E-08     1.11435E-07
   240       5000.00       3.63659E-07     8.86109E-11     5.00452E-08     1.12072E-07
   250       5200.00       3.47401E-07     8.85193E-11     5.03791E-08     1.12642E-07
   260       5400.00       3.32660E-07     8.84176E-11     5.07231E-08     1.13153E-07
   270       5600.00       3.19362E-07     8.83169E-11     5.10810E-08     1.13610E-07
   280       5800.00       3.07436E-07     8.82287E-11     5.14554E-08     1.14018E-07
   290       6000.00       2.96810E-07     8.81676E-11     5.18499E-08     1.14383E-07
   300       6200.00       2.87422E-07     8.81496E-11     5.22688E-08     1.14708E-07
   310       6400.00       2.79213E-07     8.81900E-11     5.27153E-08     1.14999E-07
   320       6600.00       2.72130E-07     8.83041E-11     5.31917E-08     1.15257E-07
   330       6800.00       2.66125E-07     8.85079E-11     5.36990E-08     1.15486E-07
   340       7000.00       2.61151E-07     8.88165E-11     5.42373E-08     1.15688E-07
   350       7200.00       2.57160E-07     8.92429E-11     5.48057E-08     1.15867E-07
   360       7400.00       2.54108E-07     8.98003E-11     5.54043E-08     1.16024E-07
   370       7600.00       2.51948E-07     9.05003E-11     5.60329E-08     1.16161E-07
   380       7800.00       2.50638E-07     9.13473E-11     5.66877E-08     1.16280E-07
   390       8000.00       2.50147E-07     9.21209E-11     5.71429E-08     1.16384E-07
   391       8020.00       2.50161E-07     9.20199E-11     5.71098E-08     1.16400E-07
 time:  50.0999999999992909
 time:  60.0499999999987253
 time:  70.0499999999981640
 time:  80.0499999999975955
 time:  90.0499999999970271
 time:   1.0004999999999646E+02
