  99.9999999999964615   5.0000000000000003E-02 390 2001
  70.2566475946719464  19.9410055213452644
   6.5767700000000000E+08  -9.7479888731091739E+02   2.6241915005290131E-08   4.4074732664316955E-18   1.1453887397489962E+03
   6.5967700000000000E+08  -9.1788707624734934E+02   3.0946018707506620E-08   5.0103677078470772E-18   1.1881800485673643E+03
   6.6167700000000000E+08  -8.3703593386859973E+02   3.2053826523284687E-08   5.0581386861266220E-18   1.2190912688413266E+03
   6.6367700000000000E+08  -7.4223897438823587E+02   3.1533168225832916E-08   4.8908551956500834E-18   1.2403089411353035E+03
   6.6567700000000000E+08  -5.2328196531024389E+02   2.9728366712605554E-08   4.5551301254159938E-18   1.2555017812015517E+03
   6.6767700000000000E+08  -2.1160802345357706E+02   2.7238992803731528E-08   4.1373070439782713E-18   1.2665442391166077E+03
   6.6967700000000000E+08   1.5947972533657477E+02   2.4554910938388324E-08   3.7055881209368536E-18   1.2747595942451196E+03
   6.7167700000000000E+08   5.6270618228657804E+02   2.1973986726751547E-08   3.2996968729029709E-18   1.2810966164692713E+03
   6.7367700000000000E+08   9.8057413507344825E+02   1.9635385520157133E-08   2.9366808586831743E-18   1.2862629244679265E+03
   6.7567700000000000E+08   1.3989634729779707E+03   1.7582358499784101E-08   2.6203992982295648E-18   1.2907933758960237E+03
   6.7767700000000000E+08   1.7996204956157871E+03   1.5810472957311593E-08   2.3484866039359667E-18   1.2951016179827213E+03
   6.7967700000000000E+08   2.1582251653439562E+03   1.4295802442246588E-08   2.1162131778476917E-18   1.2995595796178804E+03
   6.8167700000000000E+08   2.4538083887274256E+03   1.3008341199433769E-08   1.9181110864307372E-18   1.3046536560456043E+03
   6.8367700000000000E+08   2.6770630741863915E+03   1.1920347870610710E-08   1.7486537470598692E-18   1.3113909379131796E+03
   6.8567700000000000E+08   2.8304303392357624E+03   1.1012313457494201E-08   1.6023784414379952E-18   1.3220885468968861E+03
   6.8767700000000000E+08   2.9079105619814045E+03   1.0275030799369585E-08   1.4740805373096593E-18   1.3409389064850800E+03
   6.8967700000000000E+08   2.8748171671629202E+03   9.7040216932548838E-09   1.3592897967570336E-18   1.3733675235026433E+03
   6.9167700000000000E+08   2.6799311095265889E+03   9.2887678974800490E-09   1.2549222961781674E-18   1.4239290397229026E+03
   6.9367700000000000E+08   2.3053335958495577E+03   9.0054925975654554E-09   1.1595717752999260E-18   1.4940217131183194E+03
   6.9567700000000000E+08   1.8118607923794939E+03   8.8201529202521968E-09   1.0730859219117094E-18   1.5812068570921697E+03
   6.9767700000000000E+08   1.3380478230173574E+03   8.6983536141816987E-09   9.9573542187849830E-19   1.6805064115833879E+03
   6.9967700000000000E+08   1.0554692785608620E+03   8.6134779556817978E-09   9.2756308896234870E-19   1.7864141903896284E+03
   7.0167700000000000E+08   1.1140968719875152E+03   8.5486262917480207E-09   8.6814927246129054E-19   1.8943010410456204E+03
   7.0367700000000000E+08   1.6051074061599436E+03   8.4941684974914480E-09   8.1667173666490881E-19   2.0008771171299215E+03
   7.0567700000000000E+08   2.5493855464030466E+03   8.4443955896813385E-09   7.7207462728887374E-19   2.1040514789187114E+03
   7.0767700000000000E+08   3.9065052810783882E+03   8.3951946922089158E-09   7.3323470734868648E-19   2.2025959172048006E+03
   7.0967700000000000E+08   5.5941975241410264E+03   8.3429946570967743E-09   6.9908229463668831E-19   2.2958353249959787E+03
   7.1167700000000000E+08   7.5094195566957360E+03   8.2845320203114075E-09   6.6867134389290634E-19   2.3834296659239594E+03
   7.1367700000000000E+08   9.5458006965416589E+03   8.2169687065824337E-09   6.4120893901785194E-19   2.4652396057629935E+03
   7.1567700000000000E+08   1.1605645344754384E+04   8.1380712890026795E-09   6.1605744833169291E-19   2.5412497489228763E+03
   7.1767700000000000E+08   1.3606004296075957E+04   8.0463213135862641E-09   5.9272088978110427E-19   2.6115251284640885E+03
   7.1967700000000000E+08   1.5482307825890923E+04   7.9409713267459625E-09   5.7082662885631483E-19   2.6761871113682751E+03
   7.2167700000000000E+08   1.7190330500995133E+04   7.8220641011418577E-09   5.5010699360225718E-19   2.7354027292556907E+03
   7.2367700000000000E+08   1.8704633790589531E+04   7.6903616589128976E-09   5.3037879002761465E-19   2.7893800303881644E+03
   7.2567700000000000E+08   2.0015772891600947E+04   7.5471924182410247E-09   5.1152219098009521E-19   2.8383635106911820E+03
   7.2767700000000000E+08   2.1127068715969133E+04   7.3942776700889231E-09   4.9346246793666119E-19   2.8826286603220683E+03
   7.2967700000000000E+08   2.2051194768701000E+04   7.2335574444511881E-09   4.7615476647143280E-19   2.9224754399234639E+03
   7.3167700000000000E+08   2.2806897299043863E+04   7.0670321922987343E-09   4.5957200547594128E-19   2.9582207232011547E+03
   7.3367700000000000E+08   2.3416086994307956E+04   6.8966327448852660E-09   4.4369585783155991E-19   2.9901900843495687E+03
   7.3567700000000000E+08   2.3901471779019656E+04   6.7241255827152214E-09   4.2851059398527435E-19   3.0187095177946289E+03
   7.3767700000000000E+08   2.4284814447190623E+04   6.5510544365210177E-09   4.1399937456251200E-19   3.0440977545403575E+03
   7.3967700000000000E+08   2.4585810093622222E+04   6.3787146763293901E-09   4.0014247770927522E-19   3.0666597341422530E+03
   7.4167700000000000E+08   2.4821509127461071E+04   6.2081535294692095E-09   3.8691688797908204E-19   3.0866816072115948E+03
   7.4367700000000000E+08   2.5006164638008744E+04   6.0401880774242900E-09   3.7429672268318389E-19   3.1044274062656946E+03
   7.4567700000000000E+08   2.5151369930410030E+04   5.8754333702104837E-09   3.6225406749153238E-19   3.1201373084496045E+03
   7.4767700000000000E+08   2.5266362850718768E+04   5.7143344745704098E-09   3.5075991725283312E-19   3.1340272602856471E+03
   7.4967700000000000E+08   2.5358399471269597E+04   5.5571981249126229E-09   3.3978503672283111E-19   3.1462896547994951E+03
   7.5167700000000000E+08   2.5433130277272096E+04   5.4042214023889086E-09   3.2930065179370854E-19   3.1570947370972267E+03
   7.5367700000000000E+08   2.5494939953534053E+04   5.2555162569226354E-09   3.1927894806355273E-19   3.1665924462562275E+03
   7.5567700000000000E+08   2.5547233419219534E+04   5.1111296354011665E-09   3.0969339231830053E-19   3.1749144577142010E+03
   7.5767700000000000E+08   2.5592665084942910E+04   4.9710595325344870E-09   3.0051891014145198E-19   3.1821762534475529E+03
   7.5967700000000000E+08   2.5633316377732295E+04   4.8352675381401268E-09   2.9173195677092298E-19   3.1884791054523289E+03
   7.6167700000000000E+08   2.5670830085244994E+04   4.7036885201104922E-09   2.8331051473359980E-19   3.1939119055106785E+03
   7.6367700000000000E+08   2.5706510703879376E+04   4.5762380414134877E-09   2.7523404512426410E-19   3.1985528093827520E+03
   7.6567700000000000E+08   2.5741399083646382E+04   4.4528180215780958E-09   2.6748341231491193E-19   3.2024706874290514E+03
   7.6767700000000000E+08   2.5776328161234855E+04   4.3333210541799020E-09   2.6004079570283917E-19   3.2057263884318995E+03
   7.6967700000000000E+08   2.5811964998900414E+04   4.2176337004560726E-09   2.5288959728817578E-19   3.2083738314712873E+03
   7.7167700000000000E+08   2.5848842963770570E+04   4.1056390027908019E-09   2.4601435039768661E-19   3.2104609442767096E+03
   7.7367700000000000E+08   2.5887386780886023E+04   3.9972184016268032E-09   2.3940063251800566E-19   3.2120304672160692E+03
   7.7567700000000000E+08   2.5927932371545499E+04   3.8922531936314122E-09   2.3303498369201008E-19   3.2131206412104207E+03
   7.7767700000000000E+08   2.5970742802899204E+04   3.7906256349288822E-09   2.2690483101472061E-19   3.2137657961910154E+03
   7.7967700000000000E+08   2.6016021270906131E+04   3.6922197681489831E-09   2.2099841924022850E-19   3.2139968547452690E+03
   7.8167700000000000E+08   2.6063921766414234E+04   3.5969220335923310E-09   2.1530474723349508E-19   3.2138417636205800E+03
   7.8367700000000000E+08   2.6114557892568711E+04   3.5046217111506308E-09   2.0981350987176279E-19   3.2133258639181308E+03
   7.8567700000000000E+08   2.6168010180809226E+04   3.4152112293945383E-09   2.0451504495588922E-19   3.2124722091763338E+03
   7.8767700000000000E+08   2.6224332171184891E+04   3.3285863704882174E-09   1.9940028469286123E-19   3.2113018391302635E+03
   7.8967700000000000E+08   2.6283555466425580E+04   3.2446463936284875E-09   1.9446071133385261E-19   3.2098340157284983E+03
   7.9167700000000000E+08   2.6345693928964032E+04   3.1632940950644323E-09   1.8968831658445362E-19   3.2080864269707590E+03
   7.9367700000000000E+08   2.6410747160133345E+04   3.0844358190975602E-09   1.8507556443820026E-19   3.2060753632728529E+03
   7.9567700000000000E+08   2.6478703377514383E+04   3.0079814315588849E-09   1.8061535711793540E-19   3.2038158703455956E+03
   7.9767700000000000E+08   2.6549541787731956E+04   2.9338442649376225E-09   1.7630100384038986E-19   3.2013218819694102E+03
   7.9967700000000000E+08   2.6623234536594267E+04   2.8619410424715807E-09   1.7212619214726903E-19   3.1986063355369329E+03
   8.0167700000000000E+08   2.6699748305543333E+04   2.7921917870088566E-09   1.6808496157114738E-19   3.1956812728067694E+03
   8.0367700000000000E+08   2.6779045612456710E+04   2.7245197192408786E-09   1.6417167942683396E-19   3.1925579279487806E+03
   8.0567700000000000E+08   2.6861085865575322E+04   2.6588511489325827E-09   1.6038101853890875E-19   3.1892468046543595E+03
   8.0767700000000000E+08   2.6945826211501968E+04   2.5951153619917041E-09   1.5670793673414009E-19   3.1857577438250528E+03
   8.0967700000000000E+08   2.7033222211648168E+04   2.5332445055892727E-09   1.5314765794370646E-19   3.1820999831320391E+03
   8.1167700000000000E+08   2.7123228376052106E+04   2.4731734730394235E-09   1.4969565477482697E-19   3.1782822095515307E+03
   8.1367700000000000E+08   2.7215798579023187E+04   2.4148397897437916E-09   1.4634763242468522E-19   3.1743126058217222E+03
   8.1567700000000000E+08   2.7310886377457049E+04   2.3581835011852813E-09   1.4309951382156852E-19   3.1701988916315072E+03
   8.1767700000000000E+08   2.7408445249795372E+04   2.3031470637020427E-09   1.3994742588907255E-19   3.1659483602359769E+03
   8.1967700000000000E+08   2.7508428771349005E+04   2.2496752385713924E-09   1.3688768683908453E-19   3.1615679110959600E+03
   8.2167700000000000E+08   2.7610790739939293E+04   2.1977149897750263E-09   1.3391679440817954E-19   3.1570640790556527E+03
   8.2367700000000000E+08   2.7715485264415136E+04   2.1472153856918365E-09   1.3103141496006482E-19   3.1524430605018565E+03
   8.2567700000000000E+08   2.7822466827436820E+04   2.0981275048659922E-09   1.2822837338386743E-19   3.1477107368883208E+03
   8.2767700000000000E+08   2.7931690332876740E+04   2.0504043459197257E-09   1.2550464372442715E-19   3.1428726959576011E+03
   8.2967700000000000E+08   2.8043111147143183E+04   2.0040007416175530E-09   1.2285734048636135E-19   3.1379342509493595E+03
   8.3167700000000000E+08   2.8156685142608694E+04   1.9588732770384010E-09   1.2028371055861678E-19   3.1329004580466813E+03
   8.3367700000000000E+08   2.8272368750047168E+04   1.9149802117707665E-09   1.1778112571052255E-19   3.1277761322798601E+03
   8.3567700000000000E+08   2.8390119025508284E+04   1.8722814060126205E-09   1.1534707561414258E-19   3.1225658620792019E+03
   8.3767700000000000E+08   2.8509893735394093E+04   1.8307382504300194E-09   1.1297916135101876E-19   3.1172740226438727E+03
   8.3967700000000000E+08   2.8631651461674770E+04   1.7903135996065883E-09   1.1067508936433951E-19   3.1119047882721402E+03
   8.4167700000000000E+08   2.8755351727253517E+04   1.7509717088987678E-09   1.0843266582018833E-19   3.1064621437789415E+03
   8.4367700000000000E+08   2.8880955139547055E+04   1.7126781745001717E-09   1.0624979134398713E-19   3.1009498951090882E+03
   8.4567700000000000E+08   2.9008423548527026E+04   1.6753998765111115E-09   1.0412445610052639E-19   3.0953716792386113E+03
   8.4767700000000000E+08   2.9137720213838904E+04   1.6391049248078776E-09   1.0205473518823968E-19   3.0897309734421101E+03
   8.4967700000000000E+08   2.9268809974333362E+04   1.6037626075093227E-09   1.0003878432058639E-19   3.0840311039909793E+03
   8.5167700000000000E+08   2.9401659412473295E+04   1.5693433418464370E-09   9.8074835769657374E-20   3.0782752543355123E+03
   8.5367700000000000E+08   2.9536237005712821E+04   1.5358186272527163E-09   9.6161194549366993E-20   3.0724664728135681E+03
   8.5567700000000000E+08   2.9672513257085728E+04   1.5031610005090229E-09   9.4296234817874979E-20   3.0666076799193861E+03
   8.5767700000000000E+08   2.9810460797912729E+04   1.4713439927951084E-09   9.2478396481133046E-20   3.0607016751587544E+03
   8.5967700000000000E+08   2.9950054456671071E+04   1.4403420885202229E-09   9.0706181981667491E-20   3.0547511435105575E+03
   8.6167700000000000E+08   3.0091271289603188E+04   1.4101306858258516E-09   8.8978153258811787E-20   3.0487586615102459E+03
   8.6367700000000000E+08   3.0234090570449218E+04   1.3806860586739142E-09   8.7292928868577874E-20   3.0427267029675854E+03
   8.6567700000000000E+08   3.0378493738652192E+04   1.3519853204523069E-09   8.5649181253129817E-20   3.0366576443291610E+03
   8.6767700000000000E+08   3.0524464307362923E+04   1.3240063890459145E-09   8.4045634151377595E-20   3.0305537696954411E+03
   8.6967700000000000E+08   3.0671987734435057E+04   1.2967279533344324E-09   8.2481060143510825E-20   3.0244172755024947E+03
   8.7167700000000000E+08   3.0821051261224577E+04   1.2701294410880945E-09   8.0954278323330659E-20   3.0182502748794036E+03
   8.7367700000000000E+08   3.0971643725304537E+04   1.2441909882387196E-09   7.9464152093015836E-20   3.0120548016939829E+03
   8.7567700000000000E+08   3.1123755354106244E+04   1.2188934095063171E-09   7.8009587075484883E-20   3.0058328143012518E+03
   8.7767700000000000E+08   3.1277377546966567E+04   1.1942181703614210E-09   7.6589529139835078E-20   2.9995861990108792E+03
   8.7967700000000000E+08   3.1432502653112901E+04   1.1701473603005732E-09   7.5202962535458956E-20   2.9933167732916963E+03
   8.8167700000000000E+08   3.1589123752760061E+04   1.1466636674078590E-09   7.3848908130433401E-20   2.9870262887326739E+03
   8.8367700000000000E+08   3.1747234447827203E+04   1.1237503541695210E-09   7.2526421749659641E-20   2.9807164337808931E+03
   8.8567700000000000E+08   3.1906828667880611E+04   1.1013912345021376E-09   7.1234592608057712E-20   2.9743888362776024E+03
   8.8767700000000000E+08   3.2067900495945734E+04   1.0795706519478921E-09   6.9972541833896865E-20   2.9680450658135592E+03
   8.8967700000000000E+08   3.2230444018104852E+04   1.0582734589828880E-09   6.8739421077060798E-20   2.9616866359245714E+03
   8.9167700000000000E+08   3.2394453200899297E+04   1.0374849973746368E-09   6.7534411196585778E-20   2.9553150061478527E+03
   8.9367700000000000E+08   3.2559921802745106E+04   1.0171910795089435E-09   6.6356721020908866E-20   2.9489315839600231E+03
   8.9567700000000000E+08   3.2726843332482797E+04   9.9737797057530471E-10   6.5205586172293288E-20   2.9425377266194587E+03
   8.9767700000000000E+08   3.2895211084683862E+04   9.7803237143744613E-10   6.4080267942717951E-20   2.9361347429423245E+03
   8.9967700000000000E+08   3.3065018315267611E+04   9.5914140189656104E-10   6.2980052200351634E-20   2.9297238950571946E+03
   9.0167700000000000E+08   3.3236258681290921E+04   9.4069258385417103E-10   6.1904248291713769E-20   2.9233064002155738E+03
   9.0367700000000000E+08   3.3408927156611251E+04   9.2267382360807078E-10   6.0852187885082820E-20   2.9168834327931381E+03
   9.0567700000000000E+08   3.3583021720495482E+04   9.0507339229248326E-10   5.9823223683758380E-20   2.9104561267012705E+03
   9.0767700000000000E+08   3.3758546096929669E+04   8.8787990367230618E-10   5.8816727948482987E-20   2.9040255785192571E+03
   9.0967700000000000E+08   3.3935513484614334E+04   8.7108228983743773E-10   5.7832090856366751E-20   2.8975928516784325E+03
   9.1167700000000000E+08   3.4113950271378315E+04   8.5466977869576112E-10   5.6868718952036041E-20   2.8911589818259185E+03
   9.1367700000000000E+08   3.4293897051637949E+04   8.3863188268031730E-10   5.5926034331772990E-20   2.8847249828577046E+03
   9.1567700000000000E+08   3.4475402461124380E+04   8.2295841337954500E-10   5.5003475587743759E-20   2.8782918519317436E+03
   9.1767700000000000E+08   3.4658505329727261E+04   8.0763953527162824E-10   5.4100501477499106E-20   2.8718605703746339E+03
   9.1967700000000000E+08   3.4843205329451383E+04   7.9266585427037919E-10   5.3216597130656124E-20   2.8654320968623433E+03
   9.2167700000000000E+08   3.5029432921263906E+04   7.7802850115703479E-10   5.2351280159447464E-20   2.8590073512279555E+03
   9.2367700000000000E+08   3.5217040684518834E+04   7.6371913494267018E-10   5.1504101531201342E-20   2.8525871925750216E+03
   9.2567700000000000E+08   3.5405837013525415E+04   7.4972980247593200E-10   5.0674636624084585E-20   2.8461724018803611E+03
   9.2767700000000000E+08   3.5595657192865197E+04   7.3605267942395701E-10   4.9862467812612338E-20   2.8397636811510911E+03
   9.2967700000000000E+08   3.5786427543207472E+04   7.2267984420853701E-10   4.9067168709040721E-20   2.8333616729622527E+03
   9.3167700000000000E+08   3.5978171758893157E+04   7.0960327888480631E-10   4.8288303516614689E-20   2.8269669892970778E+03
   9.3367700000000000E+08   3.6170949010606979E+04   6.9681508445647275E-10   4.7525441206432086E-20   2.8205802313247746E+03
   9.3567700000000000E+08   3.6364784335821882E+04   6.8430768499755911E-10   4.6778169472014865E-20   2.8142019903081391E+03
   9.3767700000000000E+08   3.6559707136523939E+04   6.7207400455536405E-10   4.6046107139246509E-20   2.8078328408075022E+03
   9.3967700000000000E+08   3.6755891693020305E+04   6.6010769439151330E-10   4.5328919839460170E-20   2.8014733557483528E+03
   9.4167700000000000E+08   3.6953665414229516E+04   6.4840300684160638E-10   4.4626311106382670E-20   2.7951241523268482E+03
   9.4367700000000000E+08   3.7153230316645262E+04   6.3695389038802352E-10   4.3937959984829984E-20   2.7887859196355662E+03
   9.4567700000000000E+08   3.7354341826170858E+04   6.2575296477956372E-10   4.3263450808611938E-20   2.7824593641043025E+03
   9.4767700000000000E+08   3.7556338701028384E+04   6.1479162588938729E-10   4.2602281270647985E-20   2.7761450868427428E+03
   9.4967700000000000E+08   3.7758552844052560E+04   6.0406144929742249E-10   4.1953960161857029E-20   2.7698434924532221E+03
   9.5167700000000000E+08   3.7960735878189065E+04   5.9355558166985372E-10   4.1318103757316466E-20   2.7635548133738835E+03
   9.5367700000000000E+08   3.8163181427870324E+04   5.8326903649369807E-10   4.0694455688474184E-20   2.7572792314249227E+03
   9.5567700000000000E+08   3.8366664517207551E+04   5.7319803294262116E-10   4.0082840125847165E-20   2.7510170141331591E+03
   9.5767700000000000E+08   3.8571861851334121E+04   5.6333883725176442E-10   3.9483080624895565E-20   2.7447685817172041E+03
   9.5967700000000000E+08   3.8778799790671510E+04   5.5368686869640047E-10   3.8894938088233600E-20   2.7385344640862218E+03
   9.6167700000000000E+08   3.8987237867854550E+04   5.4423692941536565E-10   3.8318127901763132E-20   2.7323151895096062E+03
   9.6367700000000000E+08   3.9197024368603656E+04   5.3498385952395516E-10   3.7752366416585447E-20   2.7261112281811920E+03
   9.6567700000000000E+08   3.9408069166881985E+04   5.2592271718484526E-10   3.7197383433974840E-20   2.7199230066138457E+03
   9.6767700000000000E+08   3.9620316802977293E+04   5.1704875631508837E-10   3.6652920564089790E-20   2.7137509200374134E+03
   9.6967700000000000E+08   3.9833730540359691E+04   5.0835739859776124E-10   3.6118729233431678E-20   2.7075953403822673E+03
   9.7167700000000000E+08   4.0048284664422616E+04   4.9984421634719894E-10   3.5594569491960260E-20   2.7014566209879522E+03
   9.7367700000000000E+08   4.0263960648053071E+04   4.9150492065041150E-10   3.5080209209016380E-20   2.6953350996206368E+03
   9.7567700000000000E+08   4.0480744908483321E+04   4.8333535154991424E-10   3.4575423420150035E-20   2.6892311005889696E+03
   9.7767700000000000E+08   4.0698627096151606E+04   4.7533147004838602E-10   3.4079993806090893E-20   2.6831449362769872E+03
   9.7967700000000000E+08   4.0917598767277341E+04   4.6748935160026693E-10   3.3593708279231845E-20   2.6770769082361026E+03
   9.8167700000000000E+08   4.1137652576337190E+04   4.5980518040591239E-10   3.3116360627776597E-20   2.6710273079661147E+03
   9.8367700000000000E+08   4.1358781874717752E+04   4.5227524441574489E-10   3.2647750209808061E-20   2.6649964175092227E+03
   9.8567700000000000E+08   4.1580980483452178E+04   4.4489593124689841E-10   3.2187681711498110E-20   2.6589845099347644E+03
   9.8767700000000000E+08   4.1804242528656679E+04   4.3766372483717908E-10   3.1735964957145611E-20   2.6529918497525828E+03
   9.8967700000000000E+08   4.2028562252285323E+04   4.3057520245784750E-10   3.1292414744030954E-20   2.6470186932720262E+03
   9.9167700000000000E+08   4.2253933714723753E+04   4.2362703185168570E-10   3.0856850685431024E-20   2.6410652889011308E+03
   9.9367700000000000E+08   4.2480350545424568E+04   4.1681596846024770E-10   3.0429097059298898E-20   2.6351318773761473E+03
   9.9567700000000000E+08   4.2707806219619546E+04   4.1013885310467316E-10   3.0008982688820099E-20   2.6292186919591991E+03
   9.9767700000000000E+08   4.2936295428683028E+04   4.0359261104581576E-10   2.9596340921722981E-20   2.6233259587328680E+03
   9.9967700000000000E+08   4.3165816717741371E+04   3.9717425326887183E-10   2.9191009769761379E-20   2.6174538972008304E+03
   1.0016770000000000E+09   4.3396375771285391E+04   3.9088087978137016E-10   2.8792832193451593E-20   2.6116027213904540E+03
   1.0036770000000000E+09   4.3627988226076755E+04   3.8470968378186018E-10   2.8401656449859331E-20   2.6057726415088982E+03
   1.0056770000000000E+09   4.3860679930074832E+04   3.7865795150864186E-10   2.8017336122526029E-20   2.5999638659921120E+03
   1.0076770000000000E+09   4.4094483065043518E+04   3.7272305091631307E-10   2.7639729326236198E-20   2.5941766034234179E+03
   1.0096770000000000E+09   4.4329428408896150E+04   3.6690241404924801E-10   2.7268697444429360E-20   2.5884110634618637E+03
   1.0116770000000000E+09   4.4565536185375015E+04   3.6119352080296597E-10   2.6904103970057189E-20   2.5826674561892269E+03
   1.0136770000000000E+09   4.4802808204954126E+04   3.5559388650950933E-10   2.6545813631959036E-20   2.5769459898780442E+03
   1.0156770000000000E+09   4.5041223352704874E+04   3.5010105361334715E-10   2.6193691825692133E-20   2.5712468675887385E+03
   1.0176770000000000E+09   4.5280735601360670E+04   3.4471258831042720E-10   2.5847604411505505E-20   2.5655702832528341E+03
   1.0196770000000000E+09   4.5521278528141462E+04   3.3942608669663979E-10   2.5507418221038499E-20   2.5599164177969474E+03
   1.0216770000000000E+09   4.5762776832493510E+04   3.3423919036021414E-10   2.5173002268144642E-20   2.5542854364089185E+03
   1.0236770000000000E+09   4.6005157866923357E+04   3.2914960423767960E-10   2.4844229124601787E-20   2.5486774878906072E+03
   1.0256770000000000E+09   4.6248361307853316E+04   3.2415511007255426E-10   2.4520975962088536E-20   2.5430927059950577E+03
   1.0276770000000000E+09   4.6492345177877614E+04   3.1925357339140560E-10   2.4203125103439504E-20   2.5375312122494720E+03
   1.0296770000000000E+09   4.6737087522858317E+04   3.1444294351309569E-10   2.3890564046714617E-20   2.5319931195382778E+03
   1.0316770000000000E+09   4.6982584298349801E+04   3.0972124788177520E-10   2.3583185059724873E-20   2.5264785356917282E+03
   1.0336770000000000E+09   4.7228844809068425E+04   3.0508658303474244E-10   2.3280884520083250E-20   2.5209875664912283E+03
   1.0356770000000000E+09   4.7475886246962844E+04   3.0053710464376103E-10   2.2983562185789535E-20   2.5155203177673425E+03
   1.0376770000000000E+09   4.7723728610533559E+04   2.9607101853385911E-10   2.2691120541014921E-20   2.5100768965307434E+03
   1.0396770000000000E+09   4.7972390794739295E+04   2.9168657374678016E-10   2.2403464298246226E-20   2.5046574112725889E+03
   1.0416770000000000E+09   4.8221888132099542E+04   2.8738205791340094E-10   2.2120500076803655E-20   2.4992619716736558E+03
   1.0436770000000000E+09   4.8472231275562634E+04   2.8315579464118695E-10   2.1842136235089112E-20   2.4938906879795841E+03
   1.0456770000000000E+09   4.8723426095637180E+04   2.7900614235852635E-10   2.1568282813660891E-20   2.4885436702599204E+03
   1.0476770000000000E+09   4.8975474206546947E+04   2.7493149402491302E-10   2.1298851543678914E-20   2.4832210277025310E+03
   1.0496770000000000E+09   4.9228373784855670E+04   2.7093027722017763E-10   2.1033755883250704E-20   2.4779228680280598E+03
   1.0516770000000000E+09   4.9482120438761318E+04   2.6700095428329807E-10   2.0772911056310285E-20   2.4726492970554955E+03
   1.0536770000000000E+09   4.9736707985570196E+04   2.6314202232011112E-10   2.0516234080136061E-20   2.4674004184145551E+03
   1.0556770000000000E+09   4.9992129075840443E+04   2.5935201300973254E-10   2.0263643776151284E-20   2.4621763333819517E+03
   1.0576770000000000E+09   5.0248375656052645E+04   2.5562949220913904E-10   2.0015060764041002E-20   2.4569771408124157E+03
   1.0596770000000000E+09   5.0505439290058210E+04   2.5197305939123306E-10   1.9770407441999331E-20   2.4518029371365888E+03
   1.0616770000000000E+09   5.0763311370474476E+04   2.4838134696313003E-10   1.9529607956805996E-20   2.4466538164027688E+03
   1.0636770000000000E+09   5.1021983251088182E+04   2.4485301950922485E-10   1.9292588167258347E-20   2.4415298703452972E+03
   1.0656770000000000E+09   5.1281446326054000E+04   2.4138677299531593E-10   1.9059275603837239E-20   2.4364311884676690E+03
   1.0676770000000000E+09   5.1541692075264982E+04   2.3798133396005353E-10   1.8829599426700260E-20   2.4313578581326888E+03
   1.0696770000000000E+09   5.1802712089427900E+04   2.3463545871130288E-10   1.8603490383415138E-20   2.4263099646549399E+03
   1.0716770000000000E+09   5.2064498083975654E+04   2.3134793253838110E-10   1.8380880767323634E-20   2.4212875913929829E+03
   1.0736770000000000E+09   5.2327041907852537E+04   2.2811756894648673E-10   1.8161704377060291E-20   2.4162908198399618E+03
   1.0756770000000000E+09   5.2590335550980002E+04   2.2494320891649264E-10   1.7945896477500693E-20   2.4113197297121765E+03
   1.0776770000000000E+09   5.2854371152515254E+04   2.2182372019101339E-10   1.7733393762234186E-20   2.4063743990356093E+03
   1.0796770000000000E+09   5.3119141010610569E+04   2.1875799658611225E-10   1.7524134317531656E-20   2.4014549042306808E+03
   1.0816770000000000E+09   5.3384637593347215E+04   2.1574495732690631E-10   1.7318057587689776E-20   2.3965613201954943E+03
   1.0836770000000000E+09   5.3650853549875195E+04   2.1278354640488067E-10   1.7115104341595838E-20   2.3916937203877515E+03
   1.0856770000000000E+09   5.3917781720637766E+04   2.0987273195474127E-10   1.6915216640357267E-20   2.3868521769053755E+03
   1.0876770000000000E+09   5.4185415145787061E+04   2.0701150564906386E-10   1.6718337805873090E-20   2.3820367605657079E+03
   1.0896770000000000E+09   5.4453747071340978E+04   2.0419888210959700E-10   1.6524412390271863E-20   2.3772475409830336E+03
   1.0916770000000000E+09   5.4722770953078507E+04   2.0143389833462324E-10   1.6333386146183653E-20   2.3724845866441656E+03
   1.0936770000000000E+09   5.4992480458459344E+04   1.9871561314214482E-10   1.6145205997842237E-20   2.3677479649818279E+03
   1.0956770000000000E+09   5.5262869466931203E+04   1.9604310662877180E-10   1.5959820013022398E-20   2.3630377424456165E+03
   1.0976770000000000E+09   5.5533932068869944E+04   1.9341547964410522E-10   1.5777177375809533E-20   2.3583539845703949E+03
   1.0996770000000000E+09   5.5805662563154903E+04   1.9083185328026079E-10   1.5597228360186789E-20   2.3536967560419657E+03
   1.1016770000000000E+09   5.6078055453157271E+04   1.8829136837598139E-10   1.5419924304408070E-20   2.3490661207599214E+03
   1.1036770000000000E+09   5.6351105440708190E+04   1.8579318503469990E-10   1.5245217586117977E-20   2.3444621418974857E+03
   1.1056770000000000E+09   5.6624807417521144E+04   1.8333648215589194E-10   1.5073061598177422E-20   2.3398848819581635E+03
   1.1076770000000000E+09   5.6899156453523923E+04   1.8092045697909379E-10   1.4903410725156342E-20   2.3353344028289066E+03
   1.1096770000000000E+09   5.7174147781595158E+04   1.7854432464009314E-10   1.4736220320465028E-20   2.3308107658295130E+03
   1.1116770000000000E+09   5.7449776778291773E+04   1.7620731773888562E-10   1.4571446684102903E-20   2.3263140317578700E+03
   1.1136770000000000E+09   5.7726038940238315E+04   1.7390868591911763E-10   1.4409047041013227E-20   2.3218442609306667E+03
   1.1156770000000000E+09   5.8002929855946379E+04   1.7164769545879611E-10   1.4248979520037444E-20   2.3174015132191494E+03
   1.1176770000000000E+09   5.8280445172905725E+04   1.6942362887211407E-10   1.4091203133467892E-20   2.3129858480795183E+03
   1.1196770000000000E+09   5.8558580559871392E+04   1.6723578452224459E-10   1.3935677757197852E-20   2.3085973245775549E+03
   1.1216770000000000E+09   5.8837331664345787E+04   1.6508347624494912E-10   1.3782364111467276E-20   2.3042360014070455E+03
   1.1236770000000000E+09   5.9116694065324089E+04   1.6296603298282725E-10   1.3631223742200088E-20   2.2999019369016664E+03
   1.1256770000000000E+09   5.9396663221466253E+04   1.6088279842997602E-10   1.3482219002924249E-20   2.2955951890399315E+03
   1.1276770000000000E+09   5.9677234414971586E+04   1.5883313068677202E-10   1.3335313037260130E-20   2.2913158154429170E+03
   1.1296770000000000E+09   5.9958402691541705E+04   1.5681640192441008E-10   1.3190469761955776E-20   2.2870638733644787E+03
   1.1316770000000000E+09   6.0240162796962759E+04   1.5483199805876283E-10   1.3047653850440820E-20   2.2828394196737590E+03
   1.1336770000000000E+09   6.0522509111003201E+04   1.5287931843302241E-10   1.2906830716861325E-20   2.2786425108298449E+03
   1.1356770000000000E+09   6.0805435579492296E+04   1.5095777550850192E-10   1.2767966500549560E-20   2.2744732028485387E+03
   1.1376770000000000E+09   6.1088935645636819E+04   1.4906679456288142E-10   1.2631028050873758E-20   2.2703315512612858E+03
   1.1396770000000000E+09   6.1373002181829892E+04   1.4720581339509634E-10   1.2495982912404043E-20   2.2662176110664418E+03
   1.1416770000000000E+09   6.1657627423409736E+04   1.4537428203598382E-10   1.2362799310322113E-20   2.2621314366732054E+03
   1.1436770000000000E+09   6.1942802906015510E+04   1.4357166246374355E-10   1.2231446135995927E-20   2.2580730818386360E+03
   1.1456770000000000E+09   6.2228519408369713E+04   1.4179742832322548E-10   1.2101892932634622E-20   2.2540425995984451E+03
   1.1476770000000000E+09   6.2514766902472467E+04   1.4005106464802877E-10   1.1974109880935212E-20   2.2500400421923114E+03
   1.1496770000000000E+09   6.2801534513300285E+04   1.3833206758442077E-10   1.1848067784632748E-20   2.2460654609847224E+03
   1.1516770000000000E+09   6.3088810490168777E+04   1.3663994411611832E-10   1.1723738055866718E-20   2.2421189063825145E+03
   1.1536770000000000E+09   6.3376582191913498E+04   1.3497421178906747E-10   1.1601092700283185E-20   2.2382004277504593E+03
   1.1556770000000000E+09   6.3664836087962460E+04   1.3333439843547871E-10   1.1480104301801298E-20   2.2343100733263886E+03
   1.1576770000000000E+09   6.3953557777201895E+04   1.3172004189655258E-10   1.1360746006986812E-20   2.2304478901375755E+03
   1.1596770000000000E+09   6.4242732026268110E+04   1.3013068974353970E-10   1.1242991508993188E-20   2.2266139239201193E+03
   1.1616770000000000E+09   6.4532342828526067E+04   1.2856589899704424E-10   1.1126815031053310E-20   2.2228082190432433E+03
   1.1636770000000000E+09   6.4822373484520402E+04   1.2702523584477187E-10   1.1012191309530603E-20   2.2190308184404407E+03
   1.1656770000000000E+09   6.5112806704112088E+04   1.2550827535824813E-10   1.0899095576567662E-20   2.2152817635493866E+03
   1.1676770000000000E+09   6.5403624729856099E+04   1.2401460120938010E-10   1.0787503542402183E-20   2.2115610942624880E+03
   1.1696770000000000E+09   6.5694809480446216E+04   1.2254380538807568E-10   1.0677391377452036E-20   2.2078688488898133E+03
   1.1716770000000000E+09   6.5986342712278594E+04   1.2109548792248419E-10   1.0568735694304696E-20   2.2042050641359506E+03
   1.1736770000000000E+09   6.6278206196415136E+04   1.1966925660371066E-10   1.0461513529774859E-20   2.2005697750921136E+03
   1.1756770000000000E+09   6.6570381907455696E+04   1.1826472671711936E-10   1.0355702327221261E-20   2.1969630152444493E+03
   1.1776770000000000E+09   6.6862852220154207E+04   1.1688152078251404E-10   1.0251279919332967E-20   2.1933848164991700E+03
   1.1796770000000000E+09   6.7155600109020481E+04   1.1551926830557203E-10   1.0148224511607793E-20   2.1898352092247137E+03
   1.1816770000000000E+09   6.7448609345726334E+04   1.1417760554289069E-10   1.0046514666748707E-20   2.1863142223106493E+03
   1.1836770000000000E+09   6.7741864688890913E+04   1.1285617528286322E-10   9.9461292901956983E-21   2.1828218832426237E+03
   1.1856770000000000E+09   6.8035352060797421E+04   1.1155462664434787E-10   9.8470476169925642E-21   2.1793582181921456E+03
   1.1876770000000000E+09   6.8329058705797419E+04   1.1027261489472285E-10   9.7492492001584766E-21   2.1759232521195891E+03
   1.1896770000000000E+09   6.8622973325606567E+04   1.0900980128844803E-10   9.6527139006952917E-21   2.1725170088883588E+03
   1.1916770000000000E+09   6.8917086187371984E+04   1.0776585292670180E-10   9.5574218793140720E-21   2.1691395113878634E+03
   1.1936770000000000E+09   6.9211389201254307E+04   1.0654044263805983E-10   9.4633535899116882E-21   2.1657907816626412E+03
   1.1956770000000000E+09   6.9505875965293264E+04   1.0533324887956370E-10   9.3704897747728296E-21   2.1624708410448075E+03
   1.1976770000000000E+09   6.9800541776452708E+04   1.0414395565692420E-10   9.2788114614172459E-21   2.1591797102869441E+03
   1.1996770000000000E+09   7.0095383607925280E+04   1.0297225246203794E-10   9.1882999609591984E-21   2.1559174096925217E+03
   1.2016770000000000E+09   7.0390400053913268E+04   1.0181783422553558E-10   9.0989368678010953E-21   2.1526839592410897E+03
   1.2036770000000000E+09   7.0685591244217256E+04   1.0068040128168688E-10   9.0107040604438845E-21   2.1494793787056788E+03
   1.2056770000000000E+09   7.0980958731909006E+04   9.9559659342736891E-11   8.9235837031693269E-21   2.1463036877601103E+03
   1.2076770000000000E+09   7.1276505358199502E+04   9.8455319479606086E-11   8.8375582483311919E-21   2.1431569060743127E+03
   1.2096770000000000E+09   7.1572235099247031E+04   9.7367098105857509E-11   8.7526104389843965E-21   2.1400390533960945E+03
   1.2116770000000000E+09   7.1868152900078741E+04   9.6294716961945905E-11   8.6687233115857475E-21   2.1369501496182756E+03
   1.2136770000000000E+09   7.2164264501053025E+04   9.5237903096942605E-11   8.5858801985108494E-21   2.1338902148305679E+03
   1.2156770000000000E+09   7.2460576262297545E+04   9.4196388845230370E-11   8.5040647301544282E-21   2.1308592693559608E+03
   1.2176770000000000E+09   7.2757094991381149E+04   9.3169911796026089E-11   8.4232608364098071E-21   2.1278573337718908E+03
   1.2196770000000000E+09   7.3053827779081112E+04   9.2158214754016356E-11   8.3434527473588468E-21   2.1248844289167851E+03
   1.2216770000000000E+09   7.3350781847503633E+04   9.1161045689884387E-11   8.2646249930454848E-21   2.1219405758830071E+03
   1.2236770000000000E+09   7.3647964414047354E+04   9.0178157680013531E-11   8.1867624022506058E-21   2.1190257959974292E+03
   1.2256770000000000E+09   7.3945382573756418E+04   8.9209308835193339E-11   8.1098501002340941E-21   2.1161401107911352E+03
   1.2276770000000000E+09   7.4243043201595152E+04   8.8254262218666342E-11   8.0338735054567348E-21   2.1132835419598564E+03
   1.2296770000000000E+09   7.4540952875093775E+04   8.7312785754345710E-11   7.9588183253402959E-21   2.1104561113168234E+03
   1.2316770000000000E+09   7.4839117816821847E+04   8.6384652126425238E-11   7.8846705511616741E-21   2.1076578407396560E+03
   1.2336770000000000E+09   7.5137543855229582E+04   8.5469638671931013E-11   7.8114164522090954E-21   2.1048887521128368E+03
   1.2356770000000000E+09   7.5436236401704096E+04   8.4567527267949106E-11   7.7390425693481295E-21   2.1021488672671458E+03
   1.2376770000000000E+09   7.5735200441227149E+04   8.3678104215333059E-11   7.6675357081544942E-21   2.0994382079172487E+03
   1.2396770000000000E+09   7.6034440533805988E+04   8.2801160120645506E-11   7.5968829317691793E-21   2.0967567955983795E+03
   1.2416770000000000E+09   7.6333960823878471E+04   8.1936489777940734E-11   7.5270715536205330E-21   2.0941046516028778E+03
   1.2436770000000000E+09   7.6633765055123629E+04   8.1083892051759448E-11   7.4580891301389401E-21   2.0914817969170858E+03
   1.2456770000000000E+09   7.6933856588438779E+04   8.0243169762465361E-11   7.3899234535693990E-21   2.0888882521589703E+03
   1.2476770000000000E+09   7.7234238421270245E+04   7.9414129574769860E-11   7.3225625449629719E-21   2.0863240375166283E+03
   1.2496770000000000E+09   7.7534913206894780E+04   7.8596581890049637E-11   7.2559946474068646E-21   2.0837891726877660E+03
   1.2516770000000000E+09   7.7835883272625157E+04   7.7790340742846951E-11   7.1902082195338983E-21   2.0812836768201137E+03
   1.2536770000000000E+09   7.8137150636253107E+04   7.6995223701759670E-11   7.1251919293356846E-21   2.0788075684526966E+03
   1.2556770000000000E+09   7.8438717020314114E+04   7.6211051774791471E-11   7.0609346482913537E-21   2.0763608654578329E+03
   1.2576770000000000E+09   7.8740583863990250E+04   7.5437649319122435E-11   6.9974254458135000E-21   2.0739435849837178E+03
   1.2596770000000000E+09   7.9042752332661039E+04   7.4674843955170653E-11   6.9346535840044674E-21   2.0715557433974486E+03
   1.2616770000000000E+09   7.9345223325244981E+04   7.3922466484768258E-11   6.8726085127115612E-21   2.0691973562283415E+03
   1.2636770000000000E+09   7.9647997479589903E+04   7.3180350813225088E-11   6.8112798648646460E-21   2.0668684381114258E+03
   1.2656770000000000E+09   7.9951075176194907E+04   7.2448333875050957E-11   6.7506574520791091E-21   2.0645690027310015E+03
   1.2676770000000000E+09   8.0254456540554442E+04   7.1726255563110786E-11   6.6907312605070501E-21   2.0622990627641825E+03
   1.2696770000000000E+09   8.0558141444364723E+04   7.1013958661005901E-11   6.6314914469209762E-21   2.0600586298243675E+03
   1.2716770000000000E+09   8.0862129505750097E+04   7.0311288778510166E-11   6.5729283350173333E-21   2.0578477144045905E+03
   1.2736770000000000E+09   8.1166420088601575E+04   6.9618094289911630E-11   6.5150324119289849E-21   2.0556663258207091E+03
   1.2756770000000000E+09   8.1471012301048497E+04   6.8934226275135663E-11   6.4577943249378589E-21   2.0535144721544198E+03
   1.2776770000000000E+09   8.1775904993044809E+04   6.8259538463532922E-11   6.4012048783795948E-21   2.0513921601960546E+03
   1.2796770000000000E+09   8.2081096753010264E+04   6.7593887180222542E-11   6.3452550307324159E-21   2.0492993953871551E+03
   1.2816770000000000E+09   8.2386585903458821E+04   6.6937131294874322E-11   6.2899358918817832E-21   2.0472361817627786E+03
   1.2836770000000000E+09   8.2692370495501396E+04   6.6289132172814794E-11   6.2352387205522730E-21   2.0452025218935210E+03
   1.2856770000000000E+09   8.2998448302071891E+04   6.5649753628342466E-11   6.1811549218980671E-21   2.0431984168272136E+03
   1.2876770000000000E+09   8.3304816809655051E+04   6.5018861880144904E-11   6.1276760452439980E-21   2.0412238660302571E+03
   1.2896770000000000E+09   8.3611473208202544E+04   6.4396325508723751E-11   6.0747937819702345E-21   2.0392788673285495E+03
   1.2916770000000000E+09   8.3918414378804620E+04   6.3782015415755534E-11   6.0224999635357207E-21   2.0373634168479273E+03
   1.2936770000000000E+09   8.4225636878524048E+04   6.3175804785349937E-11   5.9707865596385997E-21   2.0354775089540317E+03
   1.2956770000000000E+09   8.4533136921614030E+04   6.2577569047209838E-11   5.9196456765158615E-21   2.0336211361914905E+03
   1.2976770000000000E+09   8.4840910356142616E+04   6.1987185841741752E-11   5.8690695553887519E-21   2.0317942892222443E+03
   1.2996770000000000E+09   8.5148952634916946E+04   6.1404534987199719E-11   5.8190505710638316E-21   2.0299969567628059E+03
   1.3016770000000000E+09   8.5457258779664407E+04   6.0829498448925038E-11   5.7695812306976931E-21   2.0282291255201969E+03
   1.3036770000000000E+09   8.5765823337849055E+04   6.0261960310639680E-11   5.7206541727235046E-21   2.0264907801262639E+03
   1.3056770000000000E+09   8.6074640332591240E+04   5.9701806747478071E-11   5.6722621659115165E-21   2.0247819030700466E+03
   1.3076770000000000E+09   8.6383703208072126E+04   5.9148925999977948E-11   5.6243981084909596E-21   2.0231024746279877E+03
   1.3096770000000000E+09   8.6693004775849011E+04   5.8603208347515882E-11   5.5770550271898426E-21   2.0214524727919065E+03
   1.3116770000000000E+09   8.7002537171550051E+04   5.8064546078731198E-11   5.5302260759575078E-21   2.0198318731950289E+03
   1.3136770000000000E+09   8.7312291836190154E+04   5.7532833455409929E-11   5.4839045340295863E-21   2.0182406490369735E+03
   1.3156770000000000E+09   8.7622259540914500E+04   5.7007966665340342E-11   5.4380838028995625E-21   2.0166787710093390E+03
   1.3176770000000000E+09   8.7932430476862966E+04   5.6489843759182615E-11   5.3927574017115718E-21   2.0151462072245763E+03
   1.3196770000000000E+09   8.8242794431033530E+04   5.5978364566891640E-11   5.3479189606316391E-21   2.0136429231518844E+03
   1.3216770000000000E+09   8.8553341062337277E+04   5.5473430591182487E-11   5.3035622119373899E-21   2.0121688815647735E+03
   1.3236770000000000E+09   8.8864060277866272E+04   5.4974944879254271E-11   5.2596809789216604E-21   2.0107240425053840E+03
   1.3256770000000000E+09   8.9174942687709103E+04   5.4482811879399629E-11   5.2162691632268899E-21   2.0093083632702326E+03
   1.3276770000000000E+09   8.9485980090044613E+04   5.3996937295470275E-11   5.1733207318439847E-21   2.0079217984204668E+03
   1.3296770000000000E+09   8.9797165912603334E+04   5.3517227957958024E-11   5.1308297055793437E-21   2.0065642998168451E+03
   1.3316770000000000E+09   9.0108495520651268E+04   5.3043591733545192E-11   5.0887901511104029E-21   2.0052358166756399E+03
   1.3336770000000000E+09   9.0419966305107402E+04   5.2575937493153379E-11   5.0471961785956612E-21   2.0039362956372026E+03
   1.3356770000000000E+09   9.0731577494353041E+04   5.2114175150268772E-11   5.0060419460291793E-21   2.0026656808351274E+03
   1.3376770000000000E+09   9.1043329689789549E+04   5.1658215766942951E-11   4.9653216701538115E-21   2.0014239139520155E+03
   1.3396770000000000E+09   9.1355224197986245E+04   5.1207971707097590E-11   4.9250296420295158E-21   2.0002109342490405E+03
   1.3416770000000000E+09   9.1667262300250179E+04   5.0763356800843304E-11   4.8851602437960646E-21   1.9990266785612448E+03
   1.3436770000000000E+09   9.1979444636960776E+04   5.0324286475788549E-11   4.8457079623872411E-21   1.9978710812581248E+03
   1.3456770000000000E+09   9.2291770866490479E+04   4.9890677816879026E-11   4.8066673964494161E-21   1.9967440741777348E+03
   1.3476770000000000E+09   9.2604239681176070E+04   4.9462449536109579E-11   4.7680332545960507E-21   1.9956455865493801E+03
   1.3496770000000000E+09   9.2916849144896361E+04   4.9039521862460138E-11   4.7298003459187862E-21   1.9945755449225157E+03
   1.3516770000000000E+09   9.3229597201271274E+04   4.8621816390171354E-11   4.6919635663731385E-21   1.9935338731160218E+03
   1.3536770000000000E+09   9.3542482139770655E+04   4.8209255937808359E-11   4.6545178860798790E-21   1.9925204921937402E+03
   1.3556770000000000E+09   9.3855502834041778E+04   4.7801764463454546E-11   4.6174583419429123E-21   1.9915353204618632E+03
   1.3576770000000000E+09   9.4168658678163076E+04   4.7399267054195099E-11   4.5807800373911520E-21   1.9905782734759819E+03
   1.3596770000000000E+09   9.4481949292704914E+04   4.7001689972720856E-11   4.5444781476430603E-21   1.9896492640437286E+03
   1.3616770000000000E+09   9.4795374178626967E+04   4.6608960718131443E-11   4.5085479263796939E-21   1.9887482022138311E+03
   1.3636770000000000E+09   9.5108932504181168E+04   4.6221008055742936E-11   4.4729847094542673E-21   1.9878749952512555E+03
   1.3656770000000000E+09   9.5422623113262700E+04   4.5837761993210095E-11   4.4377839134117146E-21   1.9870295476061422E+03
   1.3676770000000000E+09   9.5736444702233173E+04   4.5459153713907262E-11   4.4029410298384708E-21   1.9862117608868909E+03
   1.3696770000000000E+09   9.6050396016085288E+04   4.5085115502293453E-11   4.3684516188818202E-21   1.9854215338440629E+03
   1.3716770000000000E+09   9.6364475925170700E+04   4.4715580695215891E-11   4.3343113052321218E-21   1.9846587623644716E+03
   1.3736770000000000E+09   9.6678683347602477E+04   4.4350483669997395E-11   4.3005157776426150E-21   1.9839233394691876E+03
   1.3756770000000000E+09   9.6993017099209246E+04   4.3989759852725609E-11   4.2670607904030469E-21   1.9832151553087906E+03
   1.3776770000000000E+09   9.7307475794213286E+04   4.3633345718959682E-11   4.2339421640801498E-21   1.9825340971537032E+03
   1.3796770000000000E+09   9.7622057859838213E+04   4.3281178771062062E-11   4.2011557839822612E-21   1.9818800493829158E+03
   1.3816770000000000E+09   9.7936761624217819E+04   4.2933197499512514E-11   4.1686975970459621E-21   1.9812528934763363E+03
   1.3836770000000000E+09   9.8251585377812618E+04   4.2589341349745288E-11   4.1365636092290868E-21   1.9806525080133054E+03
   1.3856770000000000E+09   9.8566527329602177E+04   4.2249550711671452E-11   4.1047498850847116E-21   1.9800787686750159E+03
   1.3876770000000000E+09   9.8881585416788948E+04   4.1913766937756543E-11   4.0732525501036874E-21   1.9795315482451224E+03
   1.3896770000000000E+09   9.9196756837074296E+04   4.1581932405292971E-11   4.0420677973680789E-21   1.9790107166001342E+03
   1.3916770000000000E+09   9.9512036750780113E+04   4.1253990705452186E-11   4.0111919065872336E-21   1.9785161406717721E+03
   1.3936770000000000E+09   9.9827414466237067E+04   4.0929887224537486E-11   3.9806213014491612E-21   1.9780476843297749E+03
   1.3956770000000000E+09   1.0014286266714378E+05   4.0609570821346191E-11   3.9503527140954479E-21   1.9776052080408933E+03
   1.3976770000000000E+09   1.0045830885324102E+05   4.0292998318706928E-11   3.9203836247350325E-21   1.9771885679339030E+03
   1.3996770000000000E+09   1.0077356455233005E+05   3.9980145706722158E-11   3.8907133576974026E-21   1.9767976133900702E+03
   1.4016770000000000E+09   1.0108816255145770E+05   3.9671034071932860E-11   3.8613456183646362E-21   1.9764321812129556E+03
   1.4036770000000000E+09   1.0140101466137344E+05   3.9365784583749460E-11   3.8322938749001504E-21   1.9760920824323432E+03
   1.4056770000000000E+09   1.0170976856408329E+05   3.9064723078811318E-11   3.8035916002993539E-21   1.9757770745828018E+03
   1.4076770000000000E+09   1.0200976927302666E+05   3.8768552033472991E-11   3.7753091306286932E-21   1.9754868083322949E+03
   1.4096770000000000E+09   1.0229273670316811E+05   3.8478576718858724E-11   3.7475758797726587E-21   1.9752207351654256E+03
   1.4116770000000000E+09   1.0254579187470040E+05   3.8196888435717906E-11   3.7205984632865825E-21   1.9749779687834184E+03
   1.4136770000000000E+09   1.0275224429321082E+05   3.7926272436245573E-11   3.6946520492306739E-21   1.9747571172393446E+03
   1.4156770000000000E+09   1.0289594407091354E+05   3.7669516486331868E-11   3.6700132167010223E-21   1.9745561538233769E+03
   1.4176770000000000E+09   1.0296960847129172E+05   3.7427982943865371E-11   3.6468206875241080E-21   1.9743724603997905E+03
   1.4196770000000000E+09   1.0298344809764286E+05   3.7199984782522277E-11   3.6249162999660391E-21   1.9742031960647078E+03
   1.4216770000000000E+09   1.0296632783944055E+05   3.6980334243283101E-11   3.6037996087818475E-21   1.9740460060402381E+03
   1.4236770000000000E+09   1.0295482799915029E+05   3.6762158966032995E-11   3.5828034669496941E-21   1.9738997607469091E+03
   1.4256770000000000E+09   1.0297897824907720E+05   3.6539791125723924E-11   3.5613752279710638E-21   1.9737647949921266E+03
   1.4276770000000000E+09   1.0306243188062703E+05   3.6309329579878776E-11   3.5391324262491603E-21   1.9736424990560322E+03
   1.4296770000000000E+09   1.0323897315357486E+05   3.6065906470557795E-11   3.5155970445226773E-21   1.9735350001898596E+03
   1.4316770000000000E+09   1.0354011930764145E+05   3.5801593642162479E-11   3.4899911256137955E-21   1.9734453666141167E+03
   1.4336770000000000E+09   1.0414500123254690E+05   3.5520476754809631E-11   3.4627008207109279E-21   1.9733807520169200E+03
   1.4356770000000000E+09   1.0317313096581012E+05   3.5112213294325758E-11   3.4229823054024843E-21   1.9733341122066277E+03
   6.5767700000000000E+08  -3.6764842427172171E+03   5.3900342218080175E-13   5.4375029198260406E-24   1.2017928218905945E+03
   6.5967700000000000E+08  -3.2159918120384364E+03   8.2205840753735882E-13   7.8658424195904885E-24   1.2670536957931120E+03
   6.6167700000000000E+08  -2.8036419320301161E+03   1.1174772521701387E-12   1.0258324024710600E-23   1.3206868838086432E+03
   6.6367700000000000E+08  -2.3451546048592431E+03   1.4384446196661832E-12   1.2840883428396820E-23   1.3581127583257612E+03
   6.6567700000000000E+08  -1.6314361069171732E+03   1.7692059763787122E-12   1.5457081770958398E-23   1.3876772859023840E+03
   6.6767700000000000E+08  -8.2475803869802292E+02   2.1093619472479840E-12   1.8100313913528257E-23   1.4128712454429071E+03
   6.6967700000000000E+08  -1.3106396851263665E+02   2.4743184456298326E-12   2.0826523602554798E-23   1.4403777239500334E+03
   6.7167700000000000E+08   5.0297961161917932E+01   2.9093263153962618E-12   2.3654055871578829E-23   1.4911605423166834E+03
   6.7367700000000000E+08  -1.4595502063016067E+03   3.5209119832298539E-12   2.5890190783668092E-23   1.6487602335944043E+03
   6.7567700000000000E+08  -7.3815043782279399E+03   4.5351647270275612E-12   2.6566907156806566E-23   2.0696154342101390E+03
   6.7767700000000000E+08  -1.9561571605019482E+04   6.1144301940369910E-12   2.7619458693310655E-23   2.6839746820527685E+03
   6.7967700000000000E+08  -3.6280986522772240E+04   8.2962492944981434E-12   3.1056239904584019E-23   3.2386984029281252E+03
   6.8167700000000000E+08  -5.4608801017240519E+04   1.1276723498830385E-11   3.7927204777813859E-23   3.6047046071610766E+03
   6.8367700000000000E+08  -7.0589460821082102E+04   1.5402116627135243E-11   4.9494193178338109E-23   3.7727996650848504E+03
   6.8567700000000000E+08  -8.0986773619472195E+04   2.1102236256125641E-11   6.7459081771699392E-23   3.7925004577350765E+03
   6.8767700000000000E+08  -8.4876523107781773E+04   2.8838374448242113E-11   9.3870900965336690E-23   3.7245805985064653E+03
   6.8967700000000000E+08  -8.3330643267895546E+04   3.9046445042295438E-11   1.3086498761667411E-22   3.6173923671244479E+03
   6.9167700000000000E+08  -7.8225993854869113E+04   5.2064469333388574E-11   1.8024518353327168E-22   3.5019937292076543E+03
   6.9367700000000000E+08  -7.1310890933783623E+04   6.8047836376365180E-11   2.4297922553933082E-22   3.3953360447199611E+03
   6.9567700000000000E+08  -6.3796403046635554E+04   8.6894321903234651E-11   3.1876404768652201E-22   3.3049101119413258E+03
   6.9767700000000000E+08  -5.6325193388943335E+04   1.0821496713764011E-10   4.0585384227016454E-22   3.2326244720892632E+03
   6.9967700000000000E+08  -4.9120843526801553E+04   1.3137514884105696E-10   5.0125733669017136E-22   3.1775329674333229E+03
   7.0167700000000000E+08  -4.2170246204452989E+04   1.5559573333717138E-10   6.0123940148431442E-22   3.1375296333933529E+03
   7.0367700000000000E+08  -3.5364803411326677E+04   1.8007589639323336E-10   7.0193269109263598E-22   3.1102672137373816E+03
   7.0567700000000000E+08  -2.8585339478615151E+04   2.0409649927980036E-10   7.9985718106323139E-22   3.0935753155584298E+03
   7.0767700000000000E+08  -2.1742220834363266E+04   2.2708094858986587E-10   8.9223360519190854E-22   3.0856005944633289E+03
   7.0967700000000000E+08  -1.4786785280167205E+04   2.4861268799339629E-10   9.7708381316834713E-22   3.0848145231769195E+03
   7.1167700000000000E+08  -7.7073215802799550E+03   2.6842229511958036E-10   1.0531782167823472E-21   3.0899702911567265E+03
   7.1367700000000000E+08  -5.1769134360057330E+02   2.8636047530989895E-10   1.1199073800858309E-21   3.1000489704991014E+03
   7.1567700000000000E+08   6.7729164885300661E+03   3.0238074171029981E-10   1.1771817036091921E-21   3.1142122654515315E+03
   7.1767700000000000E+08   1.4117563846277684E+04   3.1645109672775453E-10   1.2250354161067180E-21   3.1318110133038708E+03
   7.1967700000000000E+08   2.1430849875890108E+04   3.2859694465745264E-10   1.2637876151375647E-21   3.1522961549447632E+03
   7.2167700000000000E+08   2.8663760727577654E+04   3.3893619997769073E-10   1.2942122414847812E-21   3.1750461261684900E+03
   7.2367700000000000E+08   3.5800094264011313E+04   3.4756841140342288E-10   1.3170038745258376E-21   3.1995642279412386E+03
   7.2567700000000000E+08   4.2825177464950153E+04   3.5459650014371262E-10   1.3328522380061446E-21   3.2254478581578037E+03
   7.2767700000000000E+08   4.9727874591082909E+04   3.6012522385137571E-10   1.3424294217565188E-21   3.2523678968661980E+03
   7.2967700000000000E+08   5.6501628972501632E+04   3.6426073733753937E-10   1.3463840011271645E-21   3.2800540959651908E+03
   7.3167700000000000E+08   6.3144733428451174E+04   3.6711046949656610E-10   1.3453382910892400E-21   3.3082845231011602E+03
   7.3367700000000000E+08   6.9660026356735267E+04   3.6878284461177126E-10   1.3398865399806431E-21   3.3368775637357858E+03
   7.3567700000000000E+08   7.6054206432307372E+04   3.6938662220561614E-10   1.3305929377032591E-21   3.3656855265556046E+03
   7.3767700000000000E+08   8.2336937733645653E+04   3.6902982460262922E-10   1.3179890968539443E-21   3.3945892813452624E+03
   7.3967700000000000E+08   8.8519893334985245E+04   3.6781836007021581E-10   1.3025711883536507E-21   3.4234936156215194E+03
   7.4167700000000000E+08   9.4615859217485049E+04   3.6585452660682117E-10   1.2847971889183669E-21   3.4523231572011241E+03
   7.4367700000000000E+08   1.0063797598653554E+05   3.6323559521735101E-10   1.2650847433328538E-21   3.4810187985408024E+03
   7.4567700000000000E+08   1.0659915707978814E+05   3.6005263262392122E-10   1.2438100138141209E-21   3.5095345973342974E+03
   7.4767700000000000E+08   1.1251168622224183E+05   3.5638965977405348E-10   1.2213076868722937E-21   3.5378351357025695E+03
   7.4967700000000000E+08   1.1838697316566894E+05   3.5232317538197004E-10   1.1978721070434393E-21   3.5658933129481638E+03
   7.5167700000000000E+08   1.2423543470643881E+05   3.4792201991988428E-10   1.1737593591749020E-21   3.5936885353316734E+03
   7.5367700000000000E+08   1.3006646564782559E+05   3.4324752173401060E-10   1.1491900429571433E-21   3.6212052569615826E+03
   7.5567700000000000E+08   1.3588846815522030E+05   3.3835385283054605E-10   1.1243524680217963E-21   3.6484318211858831E+03
   7.5767700000000000E+08   1.4170891457474820E+05   3.3328852263874950E-10   1.0994060259343985E-21   3.6753595518943930E+03
   7.5967700000000000E+08   1.4753442586924558E+05   3.2809294782143411E-10   1.0744845459250644E-21   3.7019820477374287E+03
   7.6167700000000000E+08   1.5337085402842649E+05   3.2280304981770222E-10   1.0496994974954846E-21   3.7282946379731661E+03
   7.6367700000000000E+08   1.5922336160078831E+05   3.1744984566892386E-10   1.0251429544768990E-21   3.7542939651845995E+03
   7.6567700000000000E+08   1.6509649485225114E+05   3.1206000977068640E-10   1.0008902765701954E-21   3.7799776665399777E+03
   7.6767700000000000E+08   1.7099424920990050E+05   3.0665639370259551E-10   9.7700249468018444E-22   3.8053441310681051E+03
   7.6967700000000000E+08   1.7692012690378423E+05   3.0125849818039574E-10   9.5352840652525767E-22   3.8303923153415399E+03
   7.7167700000000000E+08   1.8287718736217383E+05   2.9588289581406384E-10   9.3050640109464160E-22   3.8551216039662499E+03
   7.7367700000000000E+08   1.8886809117513048E+05   2.9054360624250706E-10   9.0796603672544852E-22   3.8795317044404414E+03
   7.7567700000000000E+08   1.9489513848286177E+05   2.8525242683999572E-10   8.8592939979959774E-22   3.9036225683931948E+03
   7.7767700000000000E+08   2.0096030257882070E+05   2.8001922296150348E-10   8.6441227081423047E-22   3.9273943330827456E+03
   7.7967700000000000E+08   2.0706525941000393E+05   2.7485218192535265E-10   8.4342512293337804E-22   3.9508472784516648E+03
   7.8167700000000000E+08   2.1321141354597730E+05   2.6975803484259507E-10   8.2297397580272857E-22   3.9739817961096601E+03
   7.8367700000000000E+08   2.1939992109165146E+05   2.6474225014074995E-10   8.0306112485410579E-22   3.9967983674303528E+03
   7.8567700000000000E+08   2.2563170994284126E+05   2.5980920228789256E-10   7.8368576380354738E-22   4.0192975485719262E+03
   7.8767700000000000E+08   2.3190749772740560E+05   2.5496231885737500E-10   7.6484451569469438E-22   4.0414799607127284E+03
   7.8967700000000000E+08   2.3822780773447856E+05   2.5020420871474218E-10   7.4653188571845901E-22   4.0633462841673008E+03
   7.9167700000000000E+08   2.4459298310508835E+05   2.4553677377259479E-10   7.2874064716675883E-22   4.0848972553423682E+03
   7.9367700000000000E+08   2.5100319953471274E+05   2.4096130645312331E-10   7.1146217024467964E-22   4.1061336657244246E+03
   7.9567700000000000E+08   2.5745847671837886E+05   2.3647857472366042E-10   6.9468670205238145E-22   4.1270563622748305E+03
   7.9767700000000000E+08   2.6395868874930916E+05   2.3208889632708400E-10   6.7840360483188909E-22   4.1476662487542671E+03
   7.9967700000000000E+08   2.7050357366137707E+05   2.2779220361430672E-10   6.6260155853074863E-22   4.1679642876141243E+03
   8.0167700000000000E+08   2.7709274228336610E+05   2.2358810019791202E-10   6.4726873284196281E-22   4.1879515021832758E+03
   8.0367700000000000E+08   2.8372568654942006E+05   2.1947591048169941E-10   6.3239293311738932E-22   4.2076289789499242E+03
   8.0567700000000000E+08   2.9040178738577192E+05   2.1545472297798744E-10   6.1796172390202529E-22   4.2269978697931028E+03
   8.0767700000000000E+08   2.9712032226973167E+05   2.1152342820064075E-10   6.0396253328353856E-22   4.2460593940606086E+03
   8.0967700000000000E+08   3.0388047253386443E+05   2.0768075181474028E-10   5.9038274078128671E-22   4.2648148404220638E+03
   8.1167700000000000E+08   3.1068133046709507E+05   2.0392528363159224E-10   5.7720975109995269E-22   4.2832655684496212E+03
   8.1367700000000000E+08   3.1752190624577814E+05   2.0025550295849940E-10   5.6443105573430170E-22   4.3014130098966352E+03
   8.1567700000000000E+08   3.2440113471194886E+05   1.9666980074471101E-10   5.5203428412443629E-22   4.3192586696576227E+03
   8.1767700000000000E+08   3.3131788200328872E+05   1.9316649890670718E-10   5.4000724581746950E-22   4.3368041264024878E+03
   8.1967700000000000E+08   3.3827095202976477E+05   1.8974386716609370E-10   5.2833796488502657E-22   4.3540510328851360E+03
   8.2167700000000000E+08   3.4525909278537310E+05   1.8640013769068226E-10   5.1701470767069926E-22   4.3710011159318892E+03
   8.2367700000000000E+08   3.5228100247959455E+05   1.8313351779279200E-10   5.0602600479269907E-22   4.3876561761193461E+03
   8.2567700000000000E+08   3.5933533547174244E+05   1.7994220090750694E-10   4.9536066820034948E-22   4.4040180871545244E+03
   8.2767700000000000E+08   3.6642070799197321E+05   1.7682437604680150E-10   4.8500780397528232E-22   4.4200887949728412E+03
   8.2967700000000000E+08   3.7353570363475959E+05   1.7377823590246588E-10   4.7495682147642670E-22   4.4358703165716825E+03
   8.3167700000000000E+08   3.8067887861380354E+05   1.7080198375103151E-10   4.6519743934956980E-22   4.4513647385991762E+03
   8.3367700000000000E+08   3.8784876677106816E+05   1.6789383929696968E-10   4.5571968885547773E-22   4.4665742157192180E+03
   8.3567700000000000E+08   3.9504388433654909E+05   1.6505204357587046E-10   4.4651391491344447E-22   4.4815009687749034E+03
   8.3767700000000000E+08   4.0226273443911277E+05   1.6227486302675828E-10   4.3757077520825293E-22   4.4961472827732186E+03
   8.3967700000000000E+08   4.0950381137198786E+05   1.5956059283181254E-10   4.2888123766648282E-22   4.5105155047140743E+03
   8.4167700000000000E+08   4.1676560461894877E+05   1.5690755961229423E-10   4.2043657657188537E-22   4.5246080412865331E+03
   8.4367700000000000E+08   4.2404660264888784E+05   1.5431412356110733E-10   4.1222836755796955E-22   4.5384273564545101E+03
   8.4567700000000000E+08   4.3134529648715281E+05   1.5177868008496929E-10   4.0424848168831973E-22   4.5519759689529346E+03
   8.4767700000000000E+08   4.3866018307181186E+05   1.4929966102241584E-10   3.9648907881064879E-22   4.5652564497140766E+03
   8.4967700000000000E+08   4.4598976840205444E+05   1.4687553549762400E-10   3.8894260034855972E-22   4.5782714192417370E+03
   8.5167700000000000E+08   4.5333257048434881E+05   1.4450481046421551E-10   3.8160176167499262E-22   4.5910235449490256E+03
   8.5367700000000000E+08   4.6068712208006100E+05   1.4218603098766601E-10   3.7445954419293204E-22   4.6035155384732334E+03
   8.5567700000000000E+08   4.6805197325619560E+05   1.3991778030964922E-10   3.6750918723190351E-22   4.6157501529790889E+03
   8.5767700000000000E+08   4.7542569373904390E+05   1.3769867973254683E-10   3.6074417985289906E-22   4.6277301804595063E+03
   8.5967700000000000E+08   4.8280687506901240E+05   1.3552738835746317E-10   3.5415825263956848E-22   4.6394584490411062E+03
   8.6167700000000000E+08   4.9019413255399052E+05   1.3340260270440379E-10   3.4774536953977124E-22   4.6509378202998705E+03
   8.6367700000000000E+08   4.9758610701834696E+05   1.3132305623887288E-10   3.4149971980894981E-22   4.6621711865912184E+03
   8.6567700000000000E+08   5.0498146634521068E+05   1.2928751882502183E-10   3.3541571009528261E-22   4.6731614683974731E+03
   8.6767700000000000E+08   5.1237890681089205E+05   1.2729479612174533E-10   3.2948795669635262E-22   4.6839116116953064E+03
   8.6967700000000000E+08   5.1977715421224548E+05   1.2534372893476270E-10   3.2371127800810552E-22   4.6944245853452876E+03
   8.7167700000000000E+08   5.2717496479016251E+05   1.2343319253481465E-10   3.1808068717927656E-22   4.7047033785057729E+03
   8.7367700000000000E+08   5.3457112595515139E+05   1.2156209594964622E-10   3.1259138497820172E-22   4.7147509980736149E+03
   8.7567700000000000E+08   5.4196445682380104E+05   1.1972938123545751E-10   3.0723875287401395E-22   4.7245704661546279E+03
   8.7767700000000000E+08   5.4935380857773253E+05   1.1793402273194623E-10   3.0201834633051073E-22   4.7341648175673672E+03
   8.7967700000000000E+08   5.5673806465914473E+05   1.1617502630393456E-10   2.9692588830843954E-22   4.7435370973843656E+03
   8.8167700000000000E+08   5.6411614081918763E+05   1.1445142857179535E-10   2.9195726297036037E-22   4.7526903585155069E+03
   8.8367700000000000E+08   5.7148698503710178E+05   1.1276229613241431E-10   2.8710850958143798E-22   4.7616276593388575E+03
   8.8567700000000000E+08   5.7884957732953527E+05   1.1110672477215147E-10   2.8237581659926543E-22   4.7703520613845130E+03
   8.8767700000000000E+08   5.8620292947133584E+05   1.0948383867305054E-10   2.7775551594570288E-22   4.7788666270773883E+03
   8.8967700000000000E+08   5.9354608465304563E+05   1.0789278961316658E-10   2.7324407745318563E-22   4.7871744175451186E+03
   8.9167700000000000E+08   6.0087811711005121E+05   1.0633275616088607E-10   2.6883810347585044E-22   4.7952784904976070E+03
   8.9367700000000000E+08   6.0819813178176491E+05   1.0480294286068437E-10   2.6453432365010051E-22   4.8031818981856841E+03
   8.9567700000000000E+08   6.1550526411132119E+05   1.0330257940246302E-10   2.6032958977626548E-22   4.8108876854483988E+03
   8.9767700000000000E+08   6.2279868020198296E+05   1.0183091975623817E-10   2.5622087076735831E-22   4.8183988878626969E+03
   8.9967700000000000E+08   6.3007757773743814E+05   1.0038724123611929E-10   2.5220524756669094E-22   4.8257185300167812E+03
   9.0167700000000000E+08   6.3734118836689473E+05   9.8970843431973061E-11   2.4827990787286790E-22   4.8328496239402430E+03
   9.0367700000000000E+08   6.4458878259346716E+05   9.7581046921803299E-11   2.4444214044847103E-22   4.8397951677392639E+03
   9.0567700000000000E+08   6.5181967832888488E+05   9.6217191679287238E-11   2.4068932879418567E-22   4.8465581445001762E+03
   9.0767700000000000E+08   6.5903325357859838E+05   9.4878635175653102E-11   2.3701894418390344E-22   4.8531415215306779E+03
   9.0967700000000000E+08   6.6622896121000871E+05   9.3564750425564534E-11   2.3342853868187046E-22   4.8595482499921263E+03
   9.1167700000000000E+08   6.7340633855555882E+05   9.2274924698672463E-11   2.2991573993501420E-22   4.8657812649198913E+03
   9.1367700000000000E+08   6.8056499741909688E+05   9.1008560208084159E-11   2.2647825098887320E-22   4.8718434855019941E+03
   9.1567700000000000E+08   6.8770457548373961E+05   8.9765078347715535E-11   2.2311385900487129E-22   4.8777378152319816E+03
   9.1767700000000000E+08   6.9482463771317317E+05   8.8543928156651598E-11   2.1982045452471394E-22   4.8834671410915944E+03
   9.1967700000000000E+08   7.0192454579973337E+05   8.7344596923525359E-11   2.1659605608761813E-22   4.8890343302881874E+03
   9.2167700000000000E+08   7.0900336105246167E+05   8.6166616804355865E-11   2.1343882506289913E-22   4.8944422227279965E+03
   9.2367700000000000E+08   7.1605987682332296E+05   8.5009559198425516E-11   2.1034705036389598E-22   4.8996936186779731E+03
   9.2567700000000000E+08   7.2309283608767670E+05   8.3873012930651612E-11   2.0731909334061873E-22   4.9047912649849031E+03
   9.2767700000000000E+08   7.3010125548589323E+05   8.2756554472989198E-11   2.0435331306377725E-22   4.9097378490096089E+03
   9.2967700000000000E+08   7.3708463939150819E+05   8.1659729546755099E-11   2.0144801938412950E-22   4.9145360115612120E+03
   9.3167700000000000E+08   7.4404294420964678E+05   8.0582056433991998E-11   1.9860147920877156E-22   4.9191883753397133E+03
   9.3367700000000000E+08   7.5097644194915891E+05   7.9523035479614701E-11   1.9581193803560521E-22   4.9236975746940943E+03
   9.3567700000000000E+08   7.5788595405922120E+05   7.8482112893304863E-11   1.9307752926484085E-22   4.9280662797894247E+03
   9.3767700000000000E+08   7.6477423506886011E+05   7.7458505480631065E-11   1.9039584397834034E-22   4.9322971752900039E+03
   9.3967700000000000E+08   7.7164845369034226E+05   7.6450911393765728E-11   1.8776322416589830E-22   4.9363929037660027E+03
   9.4167700000000000E+08   7.7852116210135212E+05   7.5457450343562416E-11   1.8517461623719813E-22   4.9403561649823096E+03
   9.4367700000000000E+08   7.8540634836299985E+05   7.4476210406762170E-11   1.8262490313795307E-22   4.9441900688736059E+03
   9.4567700000000000E+08   7.9231141150637751E+05   7.3506200353194118E-11   1.8011122834986547E-22   4.9478983879888028E+03
   9.4767700000000000E+08   7.9923108155926527E+05   7.2547943412598406E-11   1.7763445160643791E-22   4.9514852802982950E+03
   9.4967700000000000E+08   8.0614890819386044E+05   7.1603140294646484E-11   1.7519833656239449E-22   4.9549545757188334E+03
   9.5167700000000000E+08   8.1304532125188562E+05   7.0673671017881971E-11   1.7280712177105101E-22   4.9583091342051675E+03
   9.5367700000000000E+08   8.1990882144430326E+05   6.9761012145306607E-11   1.7046410799556925E-22   4.9615504203732244E+03
   9.5567700000000000E+08   8.2670317330745107E+05   6.8868183039944469E-11   1.6817650813485721E-22   4.9646756480722415E+03
   9.5767700000000000E+08   8.3336466086772725E+05   6.8000591288453864E-11   1.6595663633030324E-22   4.9677033252629190E+03
   9.5967700000000000E+08   8.3996841384297062E+05   6.7150218428926305E-11   1.6378543748989843E-22   4.9706104773009492E+03
   9.6167700000000000E+08   8.4653476333645964E+05   6.6314577073575584E-11   1.6165619752818050E-22   4.9734096354198018E+03
   9.6367700000000000E+08   8.5307004133011156E+05   6.5492717421589798E-11   1.5956633883640940E-22   4.9761024860248244E+03
   9.6567700000000000E+08   8.5957600922825187E+05   6.4684187795349976E-11   1.5751451458460030E-22   4.9786905830472233E+03
   9.6767700000000000E+08   8.6605317187294737E+05   6.3888669326388357E-11   1.5549970049948149E-22   4.9811758305291032E+03
   9.6967700000000000E+08   8.7250166629041941E+05   6.3105883996339330E-11   1.5352097788841723E-22   4.9835602485327654E+03
   9.7167700000000000E+08   8.7892150724147039E+05   6.2335571973414730E-11   1.5157748134387225E-22   4.9858458685904743E+03
   9.7367700000000000E+08   8.8531267131110339E+05   6.1577484261831270E-11   1.4966838135630092E-22   4.9880347036405710E+03
   9.7567700000000000E+08   8.9167513115963351E+05   6.0831379374434199E-11   1.4779287602128028E-22   4.9901287408474755E+03
   9.7767700000000000E+08   8.9800886948209559E+05   6.0097021775191895E-11   1.4595018689955403E-22   4.9921299401775186E+03
   9.7967700000000000E+08   9.0431388391459943E+05   5.9374181277398561E-11   1.4413955718406966E-22   4.9940402342299376E+03
   9.8167700000000000E+08   9.1059018805372703E+05   5.8662632873500867E-11   1.4236025092634044E-22   4.9958615283124018E+03
   9.8367700000000000E+08   9.1683781056138396E+05   5.7962156720869593E-11   1.4061155265351279E-22   4.9975957006459321E+03
   9.8567700000000000E+08   9.2305679333307885E+05   5.7272538157283881E-11   1.3889276707125083E-22   4.9992446026075095E+03
   9.8767700000000000E+08   9.2924718963581079E+05   5.6593567680529613E-11   1.3720321869643302E-22   5.0008100588755869E+03
   9.8967700000000000E+08   9.3540906227229012E+05   5.5925040911998699E-11   1.3554225146696465E-22   5.0022938674890902E+03
   9.9167700000000000E+08   9.4154248035209009E+05   5.5266758672261500E-11   1.3390922863538576E-22   5.0036977999213532E+03
   9.9367700000000000E+08   9.4764751232165459E+05   5.4618527340137854E-11   1.3230353335905500E-22   5.0050236012336882E+03
   9.9567700000000000E+08   9.5372421350528731E+05   5.3980159573269502E-11   1.3072457017368627E-22   5.0062729903346772E+03
   9.9767700000000000E+08   9.5977260954513168E+05   5.3351475193951132E-11   1.2917176687687215E-22   5.0074476602222894E+03
   9.9967700000000000E+08   9.6579268225240172E+05   5.2732301688244790E-11   1.2764457549230554E-22   5.0085492779175356E+03
   1.0016770000000000E+09   9.7178436856206111E+05   5.2122473575715021E-11   1.2614247052010613E-22   5.0095794840149510E+03
   1.0036770000000000E+09   9.7774758500238112E+05   5.1521829964471471E-11   1.2466494282975932E-22   5.0105398913692861E+03
   1.0056770000000000E+09   9.8368228096591332E+05   5.0930210383152997E-11   1.2321148939877915E-22   5.0114320837896530E+03
   1.0076770000000000E+09   9.8958850988339318E+05   5.0347449968526502E-11   1.2178160147923699E-22   5.0122576159701430E+03
   1.0096770000000000E+09   9.9546649660693470E+05   4.9773375633626834E-11   1.2037475510704360E-22   5.0130180153263555E+03
   1.0116770000000000E+09   1.0013166764187679E+06   4.9207804691915679E-11   1.1899040751111292E-22   5.0137147861105323E+03
   1.0136770000000000E+09   1.0071396916075184E+06   4.8650546346683234E-11   1.1762800043064883E-22   5.0143494148508216E+03
   1.0156770000000000E+09   1.0129363535237152E+06   4.8101405532390184E-11   1.1628696924501441E-22   5.0149233706601990E+03
   1.0176770000000000E+09   1.0187075454008844E+06   4.7560190207121355E-11   1.1496676029570449E-22   5.0154381119459922E+03
   1.0196770000000000E+09   1.0244540901137483E+06   4.7026719601705056E-11   1.1366685057122390E-22   5.0158950910741360E+03
   1.0216770000000000E+09   1.0301766474843416E+06   4.6500829727682134E-11   1.1238676103498323E-22   5.0162957472255939E+03
   1.0236770000000000E+09   1.0358756465107239E+06   4.5982376258274436E-11   1.1112606350849759E-22   5.0166415032393752E+03
   1.0256770000000000E+09   1.0415512612101502E+06   4.5471234440104812E-11   1.0988438041481484E-22   5.0169337609982495E+03
   1.0276770000000000E+09   1.0472034301372844E+06   4.4967296414253722E-11   1.0866137827502334E-22   5.0171738964264596E+03
   1.0296770000000000E+09   1.0528319083060028E+06   4.4470466908891659E-11   1.0745675724797212E-22   5.0173632557683477E+03
   1.0316770000000000E+09   1.0584363355589544E+06   4.3980658395861879E-11   1.0627023934593158E-22   5.0175031535332710E+03
   1.0336770000000000E+09   1.0640163059334960E+06   4.3497786634240916E-11   1.0510155755816834E-22   5.0175948720533625E+03
   1.0356770000000000E+09   1.0695714265765129E+06   4.3021767189313844E-11   1.0395044731116738E-22   5.0176396623197334E+03
   1.0376770000000000E+09   1.0751013601116592E+06   4.2552513156355186E-11   1.0281664082885861E-22   5.0176387456397333E+03
   1.0396770000000000E+09   1.0806058492784498E+06   4.2089934032092392E-11   1.0169986426341061E-22   5.0175933156748333E+03
   1.0416770000000000E+09   1.0860847261108286E+06   4.1633935504262620E-11   1.0059983704832131E-22   5.0175045405211849E+03
   1.0436770000000000E+09   1.0915379096473600E+06   4.1184419866850009E-11   9.9516272771181980E-23   5.0173735646233026E+03
   1.0456770000000000E+09   1.0969653964670103E+06   4.0741286784588106E-11   9.8448880899991270E-23   5.0172015104210777E+03
   1.0476770000000000E+09   1.1023672477526225E+06   4.0304434188272718E-11   9.7397368835489491E-23   5.0169894797047264E+03
   1.0496770000000000E+09   1.1077435755984536E+06   3.9873759152562180E-11   9.6361443930568521E-23   5.0167385546964933E+03
   1.0516770000000000E+09   1.1130945302632060E+06   3.9449158671415145E-11   9.5340815270757381E-23   5.0164497988989106E+03
   1.0536770000000000E+09   1.1184202892350466E+06   3.9030530294372231E-11   9.4335195125800278E-23   5.0161242577539961E+03
   1.0556770000000000E+09   1.1237210483896108E+06   3.8617772618330502E-11   9.3344300058378728E-23   5.0157629591543273E+03
   1.0576770000000000E+09   1.1289970151664536E+06   3.8210785647161784E-11   9.2367851718905306E-23   5.0153669138417199E+03
   1.0596770000000000E+09   1.1342484035109661E+06   3.7809471039429517E-11   9.1405577374547255E-23   5.0149371157229589E+03
   1.0616770000000000E+09   1.1394754302672995E+06   3.7413732266284295E-11   9.0457210225177157E-23   5.0144745421262724E+03
   1.0636770000000000E+09   1.1446783127116645E+06   3.7023474700227311E-11   8.9522489555706040E-23   5.0139801540170547E+03
   1.0656770000000000E+09   1.1498572669498634E+06   3.6638605652645424E-11   8.8601160767619628E-23   5.0134548961875571E+03
   1.0676770000000000E+09   1.1550125069476143E+06   3.6259034374859071E-11   8.7692975324993097E-23   5.0128996974311922E+03
   1.0696770000000000E+09   1.1601442440062084E+06   3.5884672034414066E-11   8.6797690643057772E-23   5.0123154707093954E+03
   1.0716770000000000E+09   1.1652526865359123E+06   3.5515431675658828E-11   8.5915069940959372E-23   5.0117031133163146E+03
   1.0736770000000000E+09   1.1703380400145908E+06   3.5151228171327064E-11   8.5044882074789585E-23   5.0110635070446133E+03
   1.0756770000000000E+09   1.1754005070495126E+06   3.4791978169888837E-11   8.4186901362282371E-23   5.0103975183540115E+03
   1.0776770000000000E+09   1.1804402874863844E+06   3.4437600041834269E-11   8.3340907406731881E-23   5.0097059985431561E+03
   1.0796770000000000E+09   1.1854575785308389E+06   3.4088013826814506E-11   8.2506684924711004E-23   5.0089897839246005E+03
   1.0816770000000000E+09   1.1904525748635221E+06   3.3743141182672449E-11   8.1684023580023482E-23   5.0082496960024573E+03
   1.0836770000000000E+09   1.1954254687404716E+06   3.3402905336818251E-11   8.0872717824929369E-23   5.0074865416522416E+03
   1.0856770000000000E+09   1.2003764500764923E+06   3.3067231040072493E-11   8.0072566748886228E-23   5.0067011133023261E+03
   1.0876770000000000E+09   1.2053057065117755E+06   3.2736044522946038E-11   7.9283373934672393E-23   5.0058941891168233E+03
   1.0896770000000000E+09   1.2102134234627928E+06   3.2409273454260904E-11   7.8504947321611448E-23   5.0050665331793116E+03
   1.0916770000000000E+09   1.2150997841584377E+06   3.2086846901999374E-11   7.7737099075570726E-23   5.0042188956772625E+03
   1.0936770000000000E+09   1.2199649696625781E+06   3.1768695296251731E-11   7.6979645465374552E-23   5.0033520130866709E+03
   1.0956770000000000E+09   1.2248091588845325E+06   3.1454750394116252E-11   7.6232406745231307E-23   5.0024666083565389E+03
   1.0976770000000000E+09   1.2296325285796656E+06   3.1144945246384903E-11   7.5495207042726945E-23   5.0015633910928500E+03
   1.0996770000000000E+09   1.2344352533427584E+06   3.0839214165836328E-11   7.4767874251909912E-23   5.0006430577417141E+03
   1.1016770000000000E+09   1.2392175055970978E+06   3.0537492696955034E-11   7.4050239930985921E-23   4.9997062917714302E+03
   1.1036770000000000E+09   1.2439794555820306E+06   3.0239717586908331E-11   7.3342139204172758E-23   4.9987537638532895E+03
   1.1056770000000000E+09   1.2487212713412140E+06   2.9945826757633572E-11   7.2643410667316122E-23   4.9977861320409902E+03
   1.1076770000000000E+09   1.2534431187130597E+06   2.9655759278914632E-11   7.1953896296932934E-23   4.9968040419485887E+03
   1.1096770000000000E+09   1.2581451613240244E+06   2.9369455342354623E-11   7.1273441362416854E-23   4.9958081269269378E+03
   1.1116770000000000E+09   1.2628275605847177E+06   2.9086856236173585E-11   7.0601894341196687E-23   4.9947990082384958E+03
   1.1136770000000000E+09   1.2674904756881336E+06   2.8807904320781046E-11   6.9939106836688453E-23   4.9937772952305413E+03
   1.1156770000000000E+09   1.2721340636089821E+06   2.8532543005084296E-11   6.9284933498913358E-23   4.9927435855066060E+03
   1.1176770000000000E+09   1.2767584791028211E+06   2.8260716723505292E-11   6.8639231947680742E-23   4.9916984650961940E+03
   1.1196770000000000E+09   1.2813638747036597E+06   2.7992370913683006E-11   6.8001862698249938E-23   4.9906425086225863E+03
   1.1216770000000000E+09   1.2859504007188154E+06   2.7727451994840529E-11   6.7372689089390107E-23   4.9895762794686680E+03
   1.1236770000000000E+09   1.2905182052198718E+06   2.7465907346801607E-11   6.6751577213771016E-23   4.9885003299407617E+03
   1.1256770000000000E+09   1.2950674340289515E+06   2.7207685289636930E-11   6.6138395850610429E-23   4.9874152014302754E+03
   1.1276770000000000E+09   1.2995982306997178E+06   2.6952735063923784E-11   6.5533016400511100E-23   4.9863214245731333E+03
   1.1296770000000000E+09   1.3041107364929197E+06   2.6701006811598137E-11   6.4935312822410882E-23   4.9852195194068863E+03
   1.1316770000000000E+09   1.3086050903466241E+06   2.6452451557377929E-11   6.4345161572569946E-23   4.9841099955254249E+03
   1.1336770000000000E+09   1.3130814288417089E+06   2.6207021190731233E-11   6.3762441545506966E-23   4.9829933522312176E+03
   1.1356770000000000E+09   1.3175398861636028E+06   2.5964668448359506E-11   6.3187034016788922E-23   4.9818700786850422E+03
   1.1376770000000000E+09   1.3219805940616534E+06   2.5725346897162354E-11   6.2618822587570482E-23   4.9807406540531383E+03
   1.1396770000000000E+09   1.3264036818080221E+06   2.5489010917643221E-11   6.2057693130762161E-23   4.9796055476517831E+03
   1.1416770000000000E+09   1.3308092761583044E+06   2.5255615687713984E-11   6.1503533738703281E-23   4.9784652190893294E+03
   1.1436770000000000E+09   1.3351975013166077E+06   2.5025117166848771E-11   6.0956234672198779E-23   4.9773201184056570E+03
   1.1456770000000000E+09   1.3395684789080832E+06   2.4797472080536866E-11   6.0415688310775789E-23   4.9761706862092014E+03
   1.1476770000000000E+09   1.3439223279622614E+06   2.4572637904981016E-11   5.9881789104010195E-23   4.9750173538115541E+03
   1.1496770000000000E+09   1.3482591649107011E+06   2.4350572851988527E-11   5.9354433523773228E-23   4.9738605433599050E+03
   1.1516770000000000E+09   1.3525791036026618E+06   2.4131235854001721E-11   5.8833520017250122E-23   4.9727006679672977E+03
   1.1536770000000000E+09   1.3568822553424025E+06   2.3914586549220891E-11   5.8318948960594663E-23   4.9715381318411210E+03
   1.1556770000000000E+09   1.3611687289515911E+06   2.3700585266776741E-11   5.7810622613097448E-23   4.9703733304098587E+03
   1.1576770000000000E+09   1.3654386308599522E+06   2.3489193011918636E-11   5.7308445071764726E-23   4.9692066504485610E+03
   1.1596770000000000E+09   1.3696920652267460E+06   2.3280371451195149E-11   5.6812322226233702E-23   4.9680384702031342E+03
   1.1616770000000000E+09   1.3739291340949284E+06   2.3074082897617111E-11   5.6322161713980756E-23   4.9668691595139207E+03
   1.1636770000000000E+09   1.3781499375788972E+06   2.2870290295807633E-11   5.5837872875816054E-23   4.9656990799388432E+03
   1.1656770000000000E+09   1.3823545740856617E+06   2.2668957207158702E-11   5.5359366711697302E-23   4.9645285848763360E+03
   1.1676770000000000E+09   1.3865431405678911E+06   2.2470047795033869E-11   5.4886555836940101E-23   4.9633580196886196E+03
   1.1696770000000000E+09   1.3907157328059867E+06   2.2273526810069911E-11   5.4419354438942579E-23   4.9621877218253685E+03
   1.1716770000000000E+09   1.3948724457147995E+06   2.2079359575649161E-11   5.3957678234583377E-23   4.9610180209482360E+03
   1.1736770000000000E+09   1.3990133736691750E+06   2.1887511973627107E-11   5.3501444428488716E-23   4.9598492390563806E+03
   1.1756770000000000E+09   1.4031386108411499E+06   2.1697950430411217E-11   5.3050571672391769E-23   4.9586816906132153E+03
   1.1776770000000000E+09   1.4072482515404746E+06   2.1510641903493527E-11   5.2604980025827076E-23   4.9575156826743914E+03
   1.1796770000000000E+09   1.4113423905491431E+06   2.1325553868544229E-11   5.2164590918412645E-23   4.9563515150172389E+03
   1.1816770000000000E+09   1.4154211234401916E+06   2.1142654307166885E-11   5.1729327113962917E-23   4.9551894802713605E+03
   1.1836770000000000E+09   1.4194845468707727E+06   2.0961911695411037E-11   5.1299112676660347E-23   4.9540298640504489E+03
   1.1856770000000000E+09   1.4235327588399141E+06   2.0783294993120931E-11   5.0873872939477333E-23   4.9528729450849469E+03
   1.1876770000000000E+09   1.4275658589021447E+06   2.0606773634181461E-11   5.0453534474995761E-23   4.9517189953552925E+03
   1.1896770000000000E+09   1.4315839483294459E+06   2.0432317517697679E-11   5.0038025068713987E-23   4.9505682802252759E+03
   1.1916770000000000E+09   1.4355871302156062E+06   2.0259897000119096E-11   4.9627273694867964E-23   4.9494210585751543E+03
   1.1936770000000000E+09   1.4395755095191153E+06   2.0089482888289495E-11   4.9221210494722345E-23   4.9482775829337997E+03
   1.1956770000000000E+09   1.4435491930428259E+06   1.9921046433378134E-11   4.8819766757222133E-23   4.9471380996095977E+03
   1.1976770000000000E+09   1.4475082893510314E+06   1.9754559325617917E-11   4.8422874901826350E-23   4.9460028488192238E+03
   1.1996770000000000E+09   1.4514529086267427E+06   1.9589993689756806E-11   4.8030468463291437E-23   4.9448720648140634E+03
   1.2016770000000000E+09   1.4553831624741917E+06   1.9427322081105999E-11   4.7642482078120797E-23   4.9437459760035181E+03
   1.2036770000000000E+09   1.4592991636733888E+06   1.9266517482057013E-11   4.7258851472364154E-23   4.9426248050748745E+03
   1.2056770000000000E+09   1.4632010258951320E+06   1.9107553298930635E-11   4.6879513450427534E-23   4.9415087691093913E+03
   1.2076770000000000E+09   1.4670888633861043E+06   1.8950403359016900E-11   4.6504405884545824E-23   4.9403980796941441E+03
   1.2096770000000000E+09   1.4709627906344042E+06   1.8795041907669447E-11   4.6133467704575479E-23   4.9392929430296281E+03
   1.2116770000000000E+09   1.4748229220262778E+06   1.8641443605323886E-11   4.5766638887782060E-23   4.9381935600328470E+03
   1.2136770000000000E+09   1.4786693715047778E+06   1.8489583524321644E-11   4.5403860448323286E-23   4.9371001264359538E+03
   1.2156770000000000E+09   1.4825022522405963E+06   1.8339437145436966E-11   4.5045074426167603E-23   4.9360128328805031E+03
   1.2176770000000000E+09   1.4863216763245773E+06   1.8190980354022072E-11   4.4690223875230361E-23   4.9349318650074256E+03
   1.2196770000000000E+09   1.4901277544901699E+06   1.8044189435707498E-11   4.4339252850562214E-23   4.9338574035430092E+03
   1.2216770000000000E+09   1.4939205958726285E+06   1.7899041071616913E-11   4.3992106394479305E-23   4.9327896243811665E+03
   1.2236770000000000E+09   1.4977003078099950E+06   1.7755512333079721E-11   4.3648730521583235E-23   4.9317286986623403E+03
   1.2256770000000000E+09   1.5014669956889399E+06   1.7613580675847958E-11   4.3309072202676884E-23   4.9306747928493678E+03
   1.2276770000000000E+09   1.5052207628364649E+06   1.7473223933848330E-11   4.2973079347639314E-23   4.9296280688009383E+03
   1.2296770000000000E+09   1.5089617104565327E+06   1.7334420312517856E-11   4.2640700787371540E-23   4.9285886838427969E+03
   1.2316770000000000E+09   1.5126899376088097E+06   1.7197148381790308E-11   4.2311886254966960E-23   4.9275567908373359E+03
   1.2336770000000000E+09   1.5164055412252180E+06   1.7061387068810767E-11   4.1986586366290058E-23   4.9265325382517849E+03
   1.2356770000000000E+09   1.5201086161588822E+06   1.6927115650463312E-11   4.1664752600163562E-23   4.9255160702255243E+03
   1.2376770000000000E+09   1.5237992552594505E+06   1.6794313745795171E-11   4.1346337278365614E-23   4.9245075266364966E+03
   1.2396770000000000E+09   1.5274775494685355E+06   1.6662961308419924E-11   4.1031293545631999E-23   4.9235070431673130E+03
   1.2416770000000000E+09   1.5311435879293429E+06   1.6533038618970091E-11   4.0719575349836344E-23   4.9225147513707698E+03
   1.2436770000000000E+09   1.5347974581050274E+06   1.6404526277661976E-11   4.0411137422497612E-23   4.9215307787351412E+03
   1.2456770000000000E+09   1.5384392459010782E+06   1.6277405197022194E-11   4.0105935259735256E-23   4.9205552487491914E+03
   1.2476770000000000E+09   1.5420690357878590E+06   1.6151656594813420E-11   3.9803925103762915E-23   4.9195882809668828E+03
   1.2496770000000000E+09   1.5456869109201848E+06   1.6027261987187145E-11   3.9505063924987641E-23   4.9186299910717853E+03
   1.2516770000000000E+09   1.5492929532515553E+06   1.5904203182081240E-11   3.9209309404757374E-23   4.9176804909411485E+03
   1.2536770000000000E+09   1.5528872436412543E+06   1.5782462272873377E-11   3.8916619918782191E-23   4.9167398887097124E+03
   1.2556770000000000E+09   1.5564698619530972E+06   1.5662021632293960E-11   3.8626954521239205E-23   4.9158082888329845E+03
   1.2576770000000000E+09   1.5600408871449968E+06   1.5542863906598850E-11   3.8340272929559259E-23   4.9148857921501813E+03
   1.2596770000000000E+09   1.5636003973488964E+06   1.5424972009997419E-11   3.8056535509884625E-23   4.9139724959466503E+03
   1.2616770000000000E+09   1.5671484699409446E+06   1.5308329119328085E-11   3.7775703263178304E-23   4.9130684940156652E+03
   1.2636770000000000E+09   1.5706851816018904E+06   1.5192918668973851E-11   3.7497737811963606E-23   4.9121738767198040E+03
   1.2656770000000000E+09   1.5742106083679001E+06   1.5078724346005609E-11   3.7222601387666908E-23   4.9112887310513834E+03
   1.2676770000000000E+09   1.5777248256719080E+06   1.4965730085545450E-11   3.6950256818539017E-23   4.9104131406925153E+03
   1.2696770000000000E+09   1.5812279083756967E+06   1.4853920066337934E-11   3.6680667518128684E-23   4.9095471860742200E+03
   1.2716770000000000E+09   1.5847199307927436E+06   1.4743278706521190E-11   3.6413797474285116E-23   4.9086909444348412E+03
   1.2736770000000000E+09   1.5882009667019180E+06   1.4633790659588023E-11   3.6149611238664558E-23   4.9078444898777425E+03
   1.2756770000000000E+09   1.5916710893520385E+06   1.4525440810528218E-11   3.5888073916718806E-23   4.9070078934281664E+03
   1.2776770000000000E+09   1.5951303714573949E+06   1.4418214272141517E-11   3.5629151158139380E-23   4.9061812230891737E+03
   1.2796770000000000E+09   1.5985788851843567E+06   1.4312096381511871E-11   3.5372809147731415E-23   4.9053645438968688E+03
   1.2816770000000000E+09   1.6020167021293165E+06   1.4207072696630884E-11   3.5119014596689341E-23   4.9045579179745200E+03
   1.2836770000000000E+09   1.6054438932882412E+06   1.4103128993159835E-11   3.4867734734244554E-23   4.9037614045859027E+03
   1.2856770000000000E+09   1.6088605290182214E+06   1.4000251261317152E-11   3.4618937299654308E-23   4.9029750601875021E+03
   1.2876770000000000E+09   1.6122666789913278E+06   1.3898425702881032E-11   3.4372590534502805E-23   4.9021989384799017E+03
   1.2896770000000000E+09   1.6156624121411517E+06   1.3797638728294520E-11   3.4128663175285208E-23   4.9014330904579247E+03
   1.2916770000000000E+09   1.6190477966022086E+06   1.3697876953864521E-11   3.3887124446249788E-23   4.9006775644598947E+03
   1.2936770000000000E+09   1.6224228996422598E+06   1.3599127199045904E-11   3.3647944052477031E-23   4.8999324062157602E+03
   1.2956770000000000E+09   1.6257877875873402E+06   1.3501376483805237E-11   3.3411092173180494E-23   4.8991976588941870E+03
   1.2976770000000000E+09   1.6291425257390377E+06   1.3404612026061009E-11   3.3176539455220553E-23   4.8984733631486233E+03
   1.2996770000000000E+09   1.6324871782834344E+06   1.3308821239198713E-11   3.2944257006825122E-23   4.8977595571624561E+03
   1.3016770000000000E+09   1.6358218081913518E+06   1.3213991729658266E-11   3.2714216391509450E-23   4.8970562766934017E+03
   1.3036770000000000E+09   1.6391464771104460E+06   1.3120111294585195E-11   3.2486389622172030E-23   4.8963635551172338E+03
   1.3056770000000000E+09   1.6424612452516670E+06   1.3027167919524349E-11   3.2260749155311290E-23   4.8956814234711592E+03
   1.3076770000000000E+09   1.6457661712760245E+06   1.2935149776111308E-11   3.2037267885251632E-23   4.8950099104967885E+03
   1.3096770000000000E+09   1.6490613121925632E+06   1.2844045219684947E-11   3.1815919138187132E-23   4.8943490426828930E+03
   1.3116770000000000E+09   1.6523467232849130E+06   1.2753842786702561E-11   3.1596676665750347E-23   4.8936988443076152E+03
   1.3136770000000000E+09   1.6556224580907575E+06   1.2664531191796501E-11   3.1379514637709860E-23   4.8930593374795308E+03
   1.3156770000000000E+09   1.6588885684644792E+06   1.2576099324278981E-11   3.1164407633320395E-23   4.8924305421768149E+03
   1.3176770000000000E+09   1.6621451047554666E+06   1.2488536243896530E-11   3.0951330630839452E-23   4.8918124762832276E+03
   1.3196770000000000E+09   1.6653921161299602E+06   1.2401831175679666E-11   3.0740258994830696E-23   4.8912051556199685E+03
   1.3216770000000000E+09   1.6686296510498293E+06   1.2315973503842805E-11   3.0531168461142458E-23   4.8906085939728655E+03
   1.3236770000000000E+09   1.6718577578955779E+06   1.2230952764874040E-11   3.0324035119897602E-23   4.8900228031159659E+03
   1.3256770000000000E+09   1.6750764856848055E+06   1.2146758640194516E-11   3.0118835397417514E-23   4.8894477928341394E+03
   1.3276770000000000E+09   1.6782858847966860E+06   1.2063380949027318E-11   2.9915546038633289E-23   4.8888835709500963E+03
   1.3296770000000000E+09   1.6814860075788007E+06   1.1980809642311601E-11   2.9714144092019749E-23   4.8883301433622046E+03
   1.3316770000000000E+09   1.6846769086985791E+06   1.1899034798547457E-11   2.9514606899215016E-23   4.8877875140995993E+03
   1.3336770000000000E+09   1.6878586451214086E+06   1.1818046622272241E-11   2.9316912091050184E-23   4.8872556853982642E+03
   1.3356770000000000E+09   1.6910312756584438E+06   1.1737835445418396E-11   2.9121037590636837E-23   4.8867346577952621E+03
   1.3376770000000000E+09   1.6941948601236285E+06   1.1658391731144330E-11   2.8926961622571034E-23   4.8862244302305080E+03
   1.3396770000000000E+09   1.6973494582499729E+06   1.1579706079019343E-11   2.8734662725588530E-23   4.8857250001380589E+03
   1.3416770000000000E+09   1.7004951286039017E+06   1.1501769229923773E-11   2.8544119764723889E-23   4.8852363635060701E+03
   1.3436770000000000E+09   1.7036319277641589E+06   1.1424572068943378E-11   2.8355311938779862E-23   4.8847585148902554E+03
   1.3456770000000000E+09   1.7067599099724658E+06   1.1348105625028178E-11   2.8168218780043324E-23   4.8842914473798655E+03
   1.3476770000000000E+09   1.7098791273210265E+06   1.1272361067183194E-11   2.7982820145543671E-23   4.8838351525351000E+03
   1.3496770000000000E+09   1.7129896303597805E+06   1.1197329698143772E-11   2.7799096202005293E-23   4.8833896203312261E+03
   1.3516770000000000E+09   1.7160914688553715E+06   1.1123002947387542E-11   2.7617027408870530E-23   4.8829548391483877E+03
   1.3536770000000000E+09   1.7191846923854896E+06   1.1049372365512680E-11   2.7436594504314287E-23   4.8825307958302637E+03
   1.3556770000000000E+09   1.7222693505399777E+06   1.0976429621314411E-11   2.7257778497622058E-23   4.8821174758036886E+03
   1.3576770000000000E+09   1.7253454926929795E+06   1.0904166501587662E-11   2.7080560668246288E-23   4.8817148632184426E+03
   1.3596770000000000E+09   1.7284131675176164E+06   1.0832574912395560E-11   2.6904922568731105E-23   4.8813229410505537E+03
   1.3616770000000000E+09   1.7314724225273952E+06   1.0761646879956014E-11   2.6730846027128029E-23   4.8809416911289263E+03
   1.3636770000000000E+09   1.7345233038838836E+06   1.0691374549730227E-11   2.6558313145357641E-23   4.8805710940865438E+03
   1.3656770000000000E+09   1.7375658565339779E+06   1.0621750183497647E-11   2.6387306292704303E-23   4.8802111292837144E+03
   1.3676770000000000E+09   1.7406001245418335E+06   1.0552766155416323E-11   2.6217808096563068E-23   4.8798617747692088E+03
   1.3696770000000000E+09   1.7436261513854847E+06   1.0484414948533221E-11   2.6049801433869491E-23   4.8795230073198654E+03
   1.3716770000000000E+09   1.7466439800528409E+06   1.0416689152666300E-11   2.5883269425595259E-23   4.8791948025449283E+03
   1.3736770000000000E+09   1.7496536529400311E+06   1.0349581463480568E-11   2.5718195434201550E-23   4.8788771349950075E+03
   1.3756770000000000E+09   1.7526552116968604E+06   1.0283084681772461E-11   2.5554563061921907E-23   4.8785699782146839E+03
   1.3776770000000000E+09   1.7556486971749295E+06   1.0217191712042883E-11   2.5392356147653142E-23   4.8782733047238626E+03
   1.3796770000000000E+09   1.7586341495183122E+06   1.0151895560237530E-11   2.5231558761916020E-23   4.8779870859702714E+03
   1.3816770000000000E+09   1.7616116083018694E+06   1.0087189331320175E-11   2.5072155201235735E-23   4.8777112923109435E+03
   1.3836770000000000E+09   1.7645811125788896E+06   1.0023066227468402E-11   2.4914129983838811E-23   4.8774458930369074E+03
   1.3856770000000000E+09   1.7675427007529477E+06   9.9595195471752599E-12   2.4757467847731682E-23   4.8771908563720981E+03
   1.3876770000000000E+09   1.7704964102039763E+06   9.8965426852201425E-12   2.4602153751845596E-23   4.8769461492917217E+03
   1.3896770000000000E+09   1.7734422763444514E+06   9.8341291344571702E-12   2.4448172883949606E-23   4.8767117368841618E+03
   1.3916770000000000E+09   1.7763803299097202E+06   9.7722724940690267E-12   2.4295510689560066E-23   4.8764875807005101E+03
   1.3936770000000000E+09   1.7793105890656393E+06   9.7109664983802044E-12   2.4144152962552479E-23   4.8762736349052220E+03
   1.3956770000000000E+09   1.7822330376134738E+06   9.6502051035254946E-12   2.3994086100789276E-23   4.8760698379864170E+03
   1.3976770000000000E+09   1.7851475686240466E+06   9.5899827238792154E-12   2.3845297770365671E-23   4.8758760967609742E+03
   1.3996770000000000E+09   1.7880538485516557E+06   9.5302948262598233E-12   2.3697778505851127E-23   4.8756922602827872E+03
   1.4016770000000000E+09   1.7909510149011610E+06   9.4711393002847852E-12   2.3551525261389635E-23   4.8755180885531872E+03
   1.4036770000000000E+09   1.7938370658747074E+06   9.4125193151083004E-12   2.3406548554649970E-23   4.8753532417848128E+03
   1.4056770000000000E+09   1.7967077724986039E+06   9.3544485631635693E-12   2.3262885144894136E-23   4.8751973538239099E+03
   1.4076770000000000E+09   1.7995550514974927E+06   9.2969593272701483E-12   2.3120616883266224E-23   4.8750502878346906E+03
   1.4096770000000000E+09   1.8023651665559879E+06   9.2401116822030622E-12   2.2979891318765499E-23   4.8749126280229675E+03
   1.4116770000000000E+09   1.8051180110716072E+06   9.1839975190985274E-12   2.2840929332509369E-23   4.8747862100009625E+03
   1.4136770000000000E+09   1.8077897518562085E+06   9.1287274459578226E-12   2.2703993272017097E-23   4.8746740060734182E+03
   1.4156770000000000E+09   1.8103609808493271E+06   9.0743889282255878E-12   2.2569290933477613E-23   4.8745784094737646E+03
   1.4176770000000000E+09   1.8128292491462764E+06   9.0209815292368145E-12   2.2436829228798962E-23   4.8744980102714835E+03
   1.4196770000000000E+09   1.8152185349671284E+06   8.9683700128123137E-12   2.2306305212668833E-23   4.8744258012226865E+03
   1.4216770000000000E+09   1.8175750824872763E+06   8.9163132650248435E-12   2.2177158348756976E-23   4.8743533355530772E+03
   1.4236770000000000E+09   1.8199487595155665E+06   8.8645708410025539E-12   2.2048794061125000E-23   4.8742798527810091E+03
   1.4256770000000000E+09   1.8223782682937861E+06   8.8129788062038921E-12   2.1920762961737751E-23   4.8742145992177357E+03
   1.4276770000000000E+09   1.8248998055782705E+06   8.7613832291015462E-12   2.1792662765612205E-23   4.8741620624476718E+03
   1.4296770000000000E+09   1.8275689675322939E+06   8.7094845052973870E-12   2.1663876928080583E-23   4.8740935152167067E+03
   1.4316770000000000E+09   1.8304107470492988E+06   8.6571159369714383E-12   2.1534154982495441E-23   4.8739715028103255E+03
   1.4336770000000000E+09   1.8339095807037237E+06   8.6001678623952171E-12   2.1397880072480568E-23   4.8727459062946573E+03
   1.4356770000000000E+09   1.8342112176568529E+06   8.5630026366983724E-12   2.1299863670561851E-23   4.8740147632024691E+03
   6.5767700000000000E+08  -2.1037661664609836E+03   3.7131420888216625E-15   1.5444404030339389E-25   1.1574509212908276E+03
   6.5967700000000000E+08  -2.1500802526210050E+03   6.2016353793593349E-15   2.4767769636356769E-25   1.2054563799085961E+03
   6.6167700000000000E+08  -2.2029288486363457E+03   1.0029196250045851E-14   3.8924993559961670E-25   1.2404228307388694E+03
   6.6367700000000000E+08  -2.2580647435978199E+03   1.5874597677158547E-14   6.0373971908390219E-25   1.2658584644207165E+03
   6.6567700000000000E+08  -2.2070813823183253E+03   2.4810770098104428E-14   9.2927235497303042E-25   1.2853736654041136E+03
   6.6767700000000000E+08  -2.1594996461986157E+03   3.8641217460634533E-14   1.4288351199452847E-24   1.3019696352558610E+03
   6.6967700000000000E+08  -2.2414879250729973E+03   6.0754656928985410E-14   2.2187339795027952E-24   1.3182764964962314E+03
   6.7167700000000000E+08  -2.4823497749083003E+03   9.7884136785305221E-14   3.5306819770634512E-24   1.3347068380137439E+03
   6.7367700000000000E+08  -2.6682431156049461E+03   1.6208697508487410E-13   5.7900940438947737E-24   1.3477044754821450E+03
   6.7567700000000000E+08  -2.4895901431351381E+03   2.6993910589138792E-13   9.6029202492128857E-24   1.3533017823241421E+03
   6.7767700000000000E+08  -1.8648121368825794E+03   4.3593483227723377E-13   1.5522560972913558E-23   1.3520425767135669E+03
   6.7967700000000000E+08  -9.4237801018728123E+02   6.6229503437512276E-13   2.3658645806047578E-23   1.3477017344017436E+03
   6.8167700000000000E+08   9.5291321907821313E+01   9.3308619808261699E-13   3.3425935711145614E-23   1.3439105486942028E+03
   6.8367700000000000E+08   1.1280640203542278E+03   1.2187973701763309E-12   4.3677501049547338E-23   1.3434017091874732E+03
   6.8567700000000000E+08   2.0977133656292726E+03   1.4887735586586697E-12   5.3126227073986367E-23   1.3491239235775611E+03
   6.8767700000000000E+08   2.9733057748038282E+03   1.7228514078535424E-12   6.0752803677747645E-23   1.3652546613843576E+03
   6.8967700000000000E+08   3.7199029412491300E+03   1.9155755767949590E-12   6.6021994156738496E-23   1.3968276533824594E+03
   6.9167700000000000E+08   4.2951079799743256E+03   2.0724992253646209E-12   6.8916109772030208E-23   1.4477907369962659E+03
   6.9367700000000000E+08   4.6876206343089179E+03   2.2031005259243118E-12   6.9843640418128376E-23   1.5185867885248670E+03
   6.9567700000000000E+08   4.9527963832574933E+03   2.3141375765707391E-12   6.9383760384052585E-23   1.6056966884967271E+03
   6.9767700000000000E+08   5.2061688634655729E+03   2.4083436002696163E-12   6.8067160765145560E-23   1.7033856467516641E+03
   6.9967700000000000E+08   5.5898973484877270E+03   2.4865055495705664E-12   6.6297755009540845E-23   1.8056051353553796E+03
   7.0167700000000000E+08   6.2369692826953815E+03   2.5492299032116580E-12   6.4340208042831158E-23   1.9074743833332293E+03
   7.0367700000000000E+08   7.2459123019997505E+03   2.5976739502508866E-12   6.2350774115738956E-23   2.0057414993552629E+03
   7.0567700000000000E+08   8.6701638816118357E+03   2.6334802795819012E-12   6.0413518348772111E-23   2.0985924815241933E+03
   7.0767700000000000E+08   1.0518631685226272E+04   2.6584291310567270E-12   5.8567700566734580E-23   2.1852397140491321E+03
   7.0967700000000000E+08   1.2763178967630984E+04   2.6741357209374011E-12   5.6825766509212922E-23   2.2655325884726030E+03
   7.1167700000000000E+08   1.5349371919891792E+04   2.6818978064446955E-12   5.5184826571001774E-23   2.3396705789387947E+03
   7.1367700000000000E+08   1.8207737029362735E+04   2.6826767337335601E-12   5.3634051815730042E-23   2.4080189836803479E+03
   7.1567700000000000E+08   2.1264038065044453E+04   2.6771583707669292E-12   5.2159443142203157E-23   2.4710030864973583E+03
   7.1767700000000000E+08   2.4444571417681476E+04   2.6658264555408198E-12   5.0746542885282585E-23   2.5290509763232899E+03
   7.1967700000000000E+08   2.7679988070877000E+04   2.6490254107989611E-12   4.9381832701295673E-23   2.5825639912201168E+03
   7.2167700000000000E+08   3.0910622181773084E+04   2.6270376049765342E-12   4.8053852162682698E-23   2.6319052627964588E+03
   7.2367700000000000E+08   3.4088319694566620E+04   2.6001511513270080E-12   4.6753841608906254E-23   2.6774012674857913E+03
   7.2567700000000000E+08   3.7176461611519539E+04   2.5686927024499555E-12   4.5475723877825343E-23   2.7193474572157124E+03
   7.2767700000000000E+08   4.0149515959027667E+04   2.5330413048305036E-12   4.4215847968218949E-23   2.7580141132235726E+03
   7.2967700000000000E+08   4.2992005325519865E+04   2.4936294213641024E-12   4.2972616191685921E-23   2.7936518958755337E+03
   7.3167700000000000E+08   4.5697136700470641E+04   2.4509344588311471E-12   4.1746052553173092E-23   2.8264965075480250E+03
   7.3367700000000000E+08   4.8265237259039503E+04   2.4054640967652570E-12   4.0537358190200581E-23   2.8567721777605507E+03
   7.3567700000000000E+08   5.0702123294898993E+04   2.3577383703207870E-12   3.9348488179409684E-23   2.8846938680278113E+03
   7.3767700000000000E+08   5.3017517609519382E+04   2.3082711817613199E-12   3.8181776599839174E-23   2.9104682644792647E+03
   7.3967700000000000E+08   5.5223613699247268E+04   2.2575534629840503E-12   3.7039628605569198E-23   2.9342937695191886E+03
   7.4167700000000000E+08   5.7333861065983328E+04   2.2060395780372201E-12   3.5924289101112088E-23   2.9563597979499732E+03
   7.4367700000000000E+08   5.9362008710488582E+04   2.1541378194802120E-12   3.4837688393171225E-23   2.9768457128024706E+03
   7.4567700000000000E+08   6.1321410907117875E+04   2.1022051230435254E-12   3.3781357023194040E-23   2.9959197049836639E+03
   7.4767700000000000E+08   6.3224571252695947E+04   2.0505455659618452E-12   3.2756396762776589E-23   3.0137378488194040E+03
   7.4967700000000000E+08   6.5082883945136164E+04   1.9994118727222182E-12   3.1763492580002033E-23   3.0304434761520492E+03
   7.5167700000000000E+08   6.6906524696900131E+04   1.9490090302966546E-12   3.0802950907612696E-23   3.0461669265290370E+03
   7.5367700000000000E+08   6.8704445530599085E+04   1.8994991613933826E-12   2.9874751827428589E-23   3.0610256639222494E+03
   7.5567700000000000E+08   7.0484434643324974E+04   1.8510069511848070E-12   2.8978605854982610E-23   3.0751247067558911E+03
   7.5767700000000000E+08   7.2253211553168163E+04   1.8036251080904701E-12   2.8114009086188485E-23   3.0885572966219770E+03
   7.5967700000000000E+08   7.4016536658817378E+04   1.7574195183215387E-12   2.7280293083739440E-23   3.1014057270356807E+03
   7.6167700000000000E+08   7.5779321909025559E+04   1.7124339027225045E-12   2.6476667844351776E-23   3.1137422608672455E+03
   7.6367700000000000E+08   7.7545735029004121E+04   1.6686938946842460E-12   2.5702257504247618E-23   3.1256300781777054E+03
   7.6567700000000000E+08   7.9319293730043501E+04   1.6262105314405307E-12   2.4956129219104156E-23   3.1371242109478671E+03
   7.6767700000000000E+08   8.1102948839031713E+04   1.5849831947376078E-12   2.4237316039781008E-23   3.1482724350125545E+03
   7.6967700000000000E+08   8.2899156706130438E+04   1.5450020588128715E-12   2.3544834731576302E-23   3.1591161010688193E+03
   7.7167700000000000E+08   8.4709941935549228E+04   1.5062501112063108E-12   2.2877699459899875E-23   3.1696908955060849E+03
   7.7367700000000000E+08   8.6536951718327895E+04   1.4687048109341462E-12   2.2234932164793355E-23   3.1800275281468084E+03
   7.7567700000000000E+08   8.8381503029304367E+04   1.4323394430566292E-12   2.1615570318815365E-23   3.1901523481945414E+03
   7.7767700000000000E+08   9.0244623815024301E+04   1.3971242213052019E-12   2.1018672634850408E-23   3.2000878922482025E+03
   7.7967700000000000E+08   9.2127089124015067E+04   1.3630271827510326E-12   2.0443323175828119E-23   3.2098533696142872E+03
   7.8167700000000000E+08   9.4029452957864924E+04   1.3300149113149132E-12   1.9888634222038846E-23   3.2194650907150190E+03
   7.8367700000000000E+08   9.5952076470066939E+04   1.2980531205934066E-12   1.9353748173898600E-23   3.2289368444411939E+03
   7.8567700000000000E+08   9.7895153015506381E+04   1.2671071210995189E-12   1.8837838706636143E-23   3.2382802300455969E+03
   7.8767700000000000E+08   9.9858730455881116E+04   1.2371421925406466E-12   1.8340111345663187E-23   3.2475049487585384E+03
   7.8967700000000000E+08   1.0184273105138217E+05   1.2081238780761679E-12   1.7859803594569552E-23   3.2566190598250255E+03
   7.9167700000000000E+08   1.0384696921204175E+05   1.1800182144881656E-12   1.7396184719319700E-23   3.2656292051687501E+03
   7.9367700000000000E+08   1.0587116733897848E+05   1.1527919097438250E-12   1.6948555270321206E-23   3.2745408064147209E+03
   7.9567700000000000E+08   1.0791496995273307E+05   1.1264124774235318E-12   1.6516246407035199E-23   3.2833582375652009E+03
   7.9767700000000000E+08   1.0997795628024396E+05   1.1008483358481962E-12   1.6098619076511230E-23   3.2920849762299495E+03
   7.9967700000000000E+08   1.1205965145166017E+05   1.0760688783924610E-12   1.5695063086765350E-23   3.3007237359618794E+03
   8.0167700000000000E+08   1.1415953644163237E+05   1.0520445203610439E-12   1.5304996107617938E-23   3.3092765819412784E+03
   8.0367700000000000E+08   1.1627705687593168E+05   1.0287467268883394E-12   1.4927862624970511E-23   3.3177450319818386E+03
   8.0567700000000000E+08   1.1841163081245970E+05   1.0061480255610053E-12   1.4563132869161877E-23   3.3261301445957824E+03
   8.0767700000000000E+08   1.2056265559543336E+05   9.8422200683105194E-13   1.4210301733727103E-23   3.3344325956490529E+03
   8.0967700000000000E+08   1.2272951387240321E+05   9.6294331476011192E-13   1.3868887697375837E-23   3.3426527449573186E+03
   8.1167700000000000E+08   1.2491157885554984E+05   9.4228763019574908E-13   1.3538431759150850E-23   3.3507906940154844E+03
   8.1367700000000000E+08   1.2710821890126623E+05   9.2223164811300730E-13   1.3218496394396868E-23   3.3588463359149214E+03
   8.1567700000000000E+08   1.2931880147523357E+05   9.0275305054674852E-13   1.2908664537265849E-23   3.3668193983809028E+03
   8.1767700000000000E+08   1.3154269656392653E+05   8.8383047628346064E-13   1.2608538593941196E-23   3.3747094807553513E+03
   8.1967700000000000E+08   1.3377927958787457E+05   8.6544348826581515E-13   1.2317739489498736E-23   3.3825160856556427E+03
   8.2167700000000000E+08   1.3602793386676940E+05   8.4757253948438008E-13   1.2035905750315473E-23   3.3902386459565510E+03
   8.2367700000000000E+08   1.3828805268192815E+05   8.3019893798128546E-13   1.1762692623120849E-23   3.3978765476687281E+03
   8.2567700000000000E+08   1.4055904097736257E+05   8.1330481146777546E-13   1.1497771231158547E-23   3.4054291492217790E+03
   8.2767700000000000E+08   1.4284031673719361E+05   7.9687307195506706E-13   1.1240827767425187E-23   3.4128957976024130E+03
   8.2967700000000000E+08   1.4513131207379850E+05   7.8088738071547605E-13   1.0991562724596534E-23   3.4202758417470704E+03
   8.3167700000000000E+08   1.4743147405848620E+05   7.6533211382257389E-13   1.0749690160978760E-23   3.4275686435433727E+03
   8.3367700000000000E+08   1.4974026532408429E+05   7.5019232846497455E-13   1.0514937001646309E-23   3.4347735867550105E+03
   8.3567700000000000E+08   1.5205716446685948E+05   7.3545373018465185E-13   1.0287042373813563E-23   3.4418900841494078E+03
   8.3767700000000000E+08   1.5438166627346305E+05   7.2110264115604363E-13   1.0065756975426747E-23   3.4489175830764225E+03
   8.3967700000000000E+08   1.5671328179709063E+05   7.0712596959446803E-13   9.8508424759365161E-24   3.4558555697187644E+03
   8.4167700000000000E+08   1.5905153830560448E+05   6.9351118036029790E-13   9.6420709482120416E-24   3.4627035722102360E+03
   8.4367700000000000E+08   1.6139597912302794E+05   6.8024626680701022E-13   9.4392243305651644E-24   3.4694611627960603E+03
   8.4567700000000000E+08   1.6374616338430755E+05   6.6731972390631180E-13   9.2420939178713605E-24   3.4761279591897073E+03
   8.4767700000000000E+08   1.6610166572180786E+05   6.5472052266992951E-13   9.0504798807780109E-24   3.4827036252629973E+03
   8.4967700000000000E+08   1.6846207590031199E+05   6.4243808587565108E-13   8.8641908119910032E-24   3.4891878711897812E+03
   8.5167700000000000E+08   1.7082699841550112E+05   6.3046226509396794E-13   8.6830432986184228E-24   3.4955804531488302E+03
   8.5367700000000000E+08   1.7319605206906988E+05   6.1878331900043742E-13   8.5068615195200624E-24   3.5018811726776612E+03
   8.5567700000000000E+08   1.7556886953154666E+05   6.0739189294869128E-13   8.3354768665792786E-24   3.5080898757565096E+03
   8.5767700000000000E+08   1.7794509690189813E+05   5.9627899976897497E-13   8.1687275887707609E-24   3.5142064516898349E+03
   8.5967700000000000E+08   1.8032439327111348E+05   5.8543600174737168E-13   8.0064584578471411E-24   3.5202308318420687E+03
   8.6167700000000000E+08   1.8270643029492104E+05   5.7485459373300447E-13   7.8485204544325715E-24   3.5261629882744978E+03
   8.6367700000000000E+08   1.8509089177917226E+05   5.6452678731299961E-13   7.6947704732727625E-24   3.5320029323212625E+03
   8.6567700000000000E+08   1.8747747327985617E+05   5.5444489598956395E-13   7.5450710463728052E-24   3.5377507131344973E+03
   8.6767700000000000E+08   1.8986588171849021E+05   5.4460152128948244E-13   7.3992900827476530E-24   3.5434064162217878E+03
   8.6967700000000000E+08   1.9225583501259112E+05   5.3498953973443775E-13   7.2573006235267455E-24   3.5489701619930515E+03
   8.7167700000000000E+08   1.9464706172027896E+05   5.2560209060017872E-13   7.1189806111856453E-24   3.5544421043289467E+03
   8.7367700000000000E+08   1.9703930069752617E+05   5.1643256439443133E-13   6.9842126717338753E-24   3.5598224291789193E+03
   8.7567700000000000E+08   1.9943230076644928E+05   5.0747459198634914E-13   6.8528839087542083E-24   3.5651113531935816E+03
   8.7767700000000000E+08   2.0182582039294532E+05   4.9872203432511408E-13   6.7248857082754623E-24   3.5703091223939023E+03
   8.7967700000000000E+08   2.0421962737222607E+05   4.9016897269055438E-13   6.6001135535504610E-24   3.5754160108777951E+03
   8.8167700000000000E+08   2.0661349852088606E+05   4.8180969942533189E-13   6.4784668489159388E-24   3.5804323195636071E+03
   8.8367700000000000E+08   2.0900721937469731E+05   4.7363870910433791E-13   6.3598487520053512E-24   3.5853583749693962E+03
   8.8567700000000000E+08   2.1140058389164158E+05   4.6565069010376609E-13   6.2441660136874734E-24   3.5901945280265763E+03
   8.8767700000000000E+08   2.1379339416064747E+05   4.5784051653788750E-13   6.1313288251860859E-24   3.5949411529267049E+03
   8.8967700000000000E+08   2.1618546011798459E+05   4.5020324053648576E-13   6.0212506719085295E-24   3.5995986460007066E+03
   8.9167700000000000E+08   2.1857659927715405E+05   4.4273408483779024E-13   5.9138481935404243E-24   3.6041674246311031E+03
   8.9367700000000000E+08   2.2096663648670327E+05   4.3542843566944552E-13   5.8090410499349573E-24   3.6086479262007097E+03
   8.9567700000000000E+08   2.2335540375027506E+05   4.2828183587780301E-13   5.7067517921590243E-24   3.6130406070875661E+03
   8.9767700000000000E+08   2.2574274018436723E+05   4.2128997823753539E-13   5.6069057376705133E-24   3.6173459417297031E+03
   8.9967700000000000E+08   2.2812849226857186E+05   4.1444869881699871E-13   5.5094308478215632E-24   3.6215644218117213E+03
   9.0167700000000000E+08   2.3051251467440074E+05   4.0775397018411285E-13   5.4142576046261112E-24   3.6256965556790569E+03
   9.0367700000000000E+08   2.3289467213384112E+05   4.0120189412439660E-13   5.3213188821427556E-24   3.6297428681773222E+03
   9.0567700000000000E+08   2.3527484294070935E+05   3.9478869348032012E-13   5.2305498068821270E-24   3.6337039012454579E+03
   9.0767700000000000E+08   2.3765292452282662E+05   3.8851070289160868E-13   5.1418876038108207E-24   3.6375802157288763E+03
   9.0967700000000000E+08   2.4002884062283181E+05   3.8236435894040872E-13   5.0552714341544482E-24   3.6413723949102759E+03
   9.1167700000000000E+08   2.4240254745279194E+05   3.7634619180983104E-13   4.9706422528245156E-24   3.6450810499521845E+03
   9.1367700000000000E+08   2.4477403274254370E+05   3.7045282294125057E-13   4.8879427457133439E-24   3.6487068264955783E+03
   9.1567700000000000E+08   2.4714329854865506E+05   3.6468097500440573E-13   4.8071174329253317E-24   3.6522504098872937E+03
   9.1767700000000000E+08   2.4951032030190362E+05   3.5902749870012117E-13   4.7281130021328746E-24   3.6557125243450841E+03
   9.1967700000000000E+08   2.5187498631883177E+05   3.5348941183956182E-13   4.6508788169754242E-24   3.6590939203597109E+03
   9.2167700000000000E+08   2.5423704456738167E+05   3.4806392987933560E-13   4.5753673279826650E-24   3.6623953472871021E+03
   9.2367700000000000E+08   2.5659610345758835E+05   3.4274845363736417E-13   4.5015339286386236E-24   3.6656175160921744E+03
   9.2567700000000000E+08   2.5895172381339892E+05   3.3754048851384401E-13   4.4293359029185256E-24   3.6687610681034480E+03
   9.2767700000000000E+08   2.6130357990196065E+05   3.3243751470165982E-13   4.3587307010123050E-24   3.6718265709449861E+03
   9.2967700000000000E+08   2.6365158781380666E+05   3.2743688557477114E-13   4.2896745490945877E-24   3.6748145523927510E+03
   9.3167700000000000E+08   2.6599589112274849E+05   3.2253584327756050E-13   4.2221225779632184E-24   3.6777255571627975E+03
   9.3367700000000000E+08   2.6833668635387783E+05   3.1773168354246398E-13   4.1560309245039743E-24   3.6805601900952570E+03
   9.3567700000000000E+08   2.7067400576811365E+05   3.1302194963883189E-13   4.0913592587785526E-24   3.6833191142636483E+03
   9.3767700000000000E+08   2.7300766399054602E+05   3.0840442296053416E-13   4.0280706893503211E-24   3.6860030074753604E+03
   9.3967700000000000E+08   2.7533745402600267E+05   3.0387692469726336E-13   3.9661291974597233E-24   3.6886125209804227E+03
   9.4167700000000000E+08   2.7766337022078462E+05   2.9943731851725377E-13   3.9054996528301011E-24   3.6911482832845400E+03
   9.4367700000000000E+08   2.7998556511144212E+05   2.9508386908363142E-13   3.8461524338304443E-24   3.6936109370460590E+03
   9.4567700000000000E+08   2.8230408796613244E+05   2.9081545137929935E-13   3.7880661120038607E-24   3.6960011548701336E+03
   9.4767700000000000E+08   2.8461870829092152E+05   2.8663111227578160E-13   3.7312217436159427E-24   3.6983196093361053E+03
   9.4967700000000000E+08   2.8692894878010888E+05   2.8252925680942535E-13   3.6755923147737052E-24   3.7005669273563058E+03
   9.5167700000000000E+08   2.8923418378960167E+05   2.7850713103801159E-13   3.6211360570375553E-24   3.7027436646000674E+03
   9.5367700000000000E+08   2.9153374966376217E+05   2.7456098364389634E-13   3.5677985812913622E-24   3.7048503010491481E+03
   9.5567700000000000E+08   2.9382796728852793E+05   2.7068711353038480E-13   3.5155264979028782E-24   3.7068872463802486E+03
   9.5767700000000000E+08   2.9611811934397789E+05   2.6688345145786770E-13   3.4642877593209463E-24   3.7088550205815136E+03
   9.5967700000000000E+08   2.9840468254972011E+05   2.6314929097397726E-13   3.4140679791775038E-24   3.7107543971336331E+03
   9.6167700000000000E+08   3.0068740814928670E+05   2.5948377243135432E-13   3.3648509069274027E-24   3.7125862184884104E+03
   9.6367700000000000E+08   3.0296614445231808E+05   2.5588563860187651E-13   3.3166153712759893E-24   3.7143512764347288E+03
   9.6567700000000000E+08   3.0524080053547380E+05   2.5235348341661324E-13   3.2693384791002289E-24   3.7160503421508683E+03
   9.6767700000000000E+08   3.0751132003479660E+05   2.4888585992924731E-13   3.2229970032866792E-24   3.7176841741722633E+03
   9.6967700000000000E+08   3.0977766183524468E+05   2.4548132566080249E-13   3.1775679583603800E-24   3.7192535245413455E+03
   9.7167700000000000E+08   3.1203978661330964E+05   2.4213846438437503E-13   3.1330288735277979E-24   3.7207591412067209E+03
   9.7367700000000000E+08   3.1429764578404021E+05   2.3885589976738995E-13   3.0893579621528641E-24   3.7222017679703454E+03
   9.7567700000000000E+08   3.1655117292717396E+05   2.3563230421333093E-13   3.0465342305382622E-24   3.7235821425806503E+03
   9.7767700000000000E+08   3.1880027965454775E+05   2.3246640225101609E-13   3.0045375171348237E-24   3.7249009936037742E+03
   9.7967700000000000E+08   3.2104485819052107E+05   2.2935696734277798E-13   2.9633484469953967E-24   3.7261590369676314E+03
   9.8167700000000000E+08   3.2328479084545659E+05   2.2630281276281621E-13   2.9229483091772297E-24   3.7273569733191684E+03
   9.8367700000000000E+08   3.2551996334468259E+05   2.2330277962829210E-13   2.8833188963366448E-24   3.7284954871989103E+03
   9.8567700000000000E+08   3.2775027736696409E+05   2.2035572616164051E-13   2.8444423590404557E-24   3.7295752484191844E+03
   9.8767700000000000E+08   3.2997565856965806E+05   2.1746052120625761E-13   2.8063011141530237E-24   3.7305969152675175E+03
   9.8967700000000000E+08   3.3219605859523127E+05   2.1461604293624601E-13   2.7688778200651049E-24   3.7315611386483074E+03
   9.9167700000000000E+08   3.3441145176768862E+05   2.1182118172257618E-13   2.7321554060142096E-24   3.7324685661664330E+03
   9.9367700000000000E+08   3.3662182875468780E+05   2.0907484480317715E-13   2.6961171255995397E-24   3.7333198453815644E+03
   9.9567700000000000E+08   3.3882718997337448E+05   2.0637596007467173E-13   2.6607466000559304E-24   3.7341156258875490E+03
   9.9767700000000000E+08   3.4102754137736908E+05   2.0372347678469468E-13   2.6260278224845755E-24   3.7348565603770126E+03
   9.9967700000000000E+08   3.4322290155348676E+05   2.0111635723204842E-13   2.5919450460232025E-24   3.7355433062218517E+03
   1.0016770000000000E+09   3.4541347175234562E+05   1.9855345279834461E-13   2.5584811749413586E-24   3.7361765371941874E+03
   1.0036770000000000E+09   3.4760171681777615E+05   1.9603201939655583E-13   2.5255986261931641E-24   3.7367569589576560E+03
   1.0056770000000000E+09   3.4979497252932086E+05   1.9354597266962319E-13   2.4932166906255296E-24   3.7372855713412296E+03
   1.0076770000000000E+09   3.5199784042821004E+05   1.9109141576345857E-13   2.4612822679681563E-24   3.7377644234450381E+03
   1.0096770000000000E+09   3.5420629815263487E+05   1.8867066204014382E-13   2.4298219888047710E-24   3.7381961539765462E+03
   1.0116770000000000E+09   3.5641291390767117E+05   1.8628916939933790E-13   2.3989035425888032E-24   3.7385826951112217E+03
   1.0136770000000000E+09   3.5861364124257915E+05   1.8395083742811858E-13   2.3685753102639435E-24   3.7389249017274615E+03
   1.0156770000000000E+09   3.6078845617647923E+05   1.8166234368449175E-13   2.3389219142997494E-24   3.7392229512562631E+03
   1.0176770000000000E+09   3.6294727962129452E+05   1.7941850386673080E-13   2.3098754101535304E-24   3.7394768255761755E+03
   1.0196770000000000E+09   3.6509887830735941E+05   1.7721288089888049E-13   2.2813524708492315E-24   3.7396853875070442E+03
   1.0216770000000000E+09   3.6724466733312933E+05   1.7504383954219147E-13   2.2533306039482220E-24   3.7398491643925272E+03
   1.0236770000000000E+09   3.6938493664428935E+05   1.7291048628434805E-13   2.2257969590181848E-24   3.7399686202763942E+03
   1.0256770000000000E+09   3.7151975440963864E+05   1.7081208824450645E-13   2.1987407615159275E-24   3.7400442910748948E+03
   1.0276770000000000E+09   3.7364913525916246E+05   1.6874794618933726E-13   2.1721517117135206E-24   3.7400767275287990E+03
   1.0296770000000000E+09   3.7577308776399930E+05   1.6671736172229252E-13   2.1460195673693631E-24   3.7400664840092613E+03
   1.0316770000000000E+09   3.7789163230745180E+05   1.6471963104626448E-13   2.1203340625585247E-24   3.7400141170106349E+03
   1.0336770000000000E+09   3.8000481014853995E+05   1.6275404550535498E-13   2.0950849123054579E-24   3.7399201861841848E+03
   1.0356770000000000E+09   3.8211269639337942E+05   1.6081988936920157E-13   2.0702617812761687E-24   3.7397852562904209E+03
   1.0376770000000000E+09   3.8421542229183891E+05   1.5891643151131741E-13   2.0458541732767423E-24   3.7396099003878094E+03
   1.0396770000000000E+09   3.8631319896861893E+05   1.5704291580591349E-13   2.0218513031433639E-24   3.7393947052569038E+03
   1.0416770000000000E+09   3.8840632337102125E+05   1.5519856123061543E-13   1.9982420925164390E-24   3.7391402791242067E+03
   1.0436770000000000E+09   3.9049514907946385E+05   1.5338258077468909E-13   1.9750154079105067E-24   3.7388472595821922E+03
   1.0456770000000000E+09   3.9258002139858529E+05   1.5159421822720355E-13   1.9521605313279517E-24   3.7385163178322900E+03
   1.0476770000000000E+09   3.9466119678201817E+05   1.4983279071836905E-13   1.9296677091407608E-24   3.7381481556490944E+03
   1.0496770000000000E+09   3.9673877681942732E+05   1.4809772041245463E-13   1.9075285658162134E-24   3.7377434939709242E+03
   1.0516770000000000E+09   3.9881268074228329E+05   1.4638854349353845E-13   1.8857362282594769E-24   3.7373030553547942E+03
   1.0536770000000000E+09   4.0088266310811357E+05   1.4470489470021914E-13   1.8642851356379381E-24   3.7368275448318977E+03
   1.0556770000000000E+09   4.0294836584884161E+05   1.4304647491323148E-13   1.8431706287055682E-24   3.7363176339397082E+03
   1.0576770000000000E+09   4.0500938449581707E+05   1.4141301349081417E-13   1.8223884676646607E-24   3.7357739511347017E+03
   1.0596770000000000E+09   4.0706532897154673E+05   1.3980423576268299E-13   1.8019344124417298E-24   3.7351970794559584E+03
   1.0616770000000000E+09   4.0911586650877784E+05   1.3821984159987809E-13   1.7818039424699283E-24   3.7345875602975011E+03
   1.0636770000000000E+09   4.1116074303042993E+05   1.3665949610134054E-13   1.7619921307709945E-24   3.7339459010562268E+03
   1.0656770000000000E+09   4.1319978600272245E+05   1.3512283004674541E-13   1.7424936434085001E-24   3.7332725842890095E+03
   1.0676770000000000E+09   4.1523289498687355E+05   1.3360944637945836E-13   1.7233028171654740E-24   3.7325680765207890E+03
   1.0696770000000000E+09   4.1726002633322054E+05   1.3211892917347234E-13   1.7044137702853200E-24   3.7318328355950707E+03
   1.0716770000000000E+09   4.1928117695616430E+05   1.3065085253806688E-13   1.6858205136060391E-24   3.7310673161477807E+03
   1.0736770000000000E+09   4.2129637012412271E+05   1.2920478806301014E-13   1.6675170439710342E-24   3.7302719732670666E+03
   1.0756770000000000E+09   4.2330564447029860E+05   1.2778031032728925E-13   1.6494974135398097E-24   3.7294472646561858E+03
   1.0776770000000000E+09   4.2530904628228286E+05   1.2637700056600866E-13   1.6317557759690744E-24   3.7285936516941961E+03
   1.0796770000000000E+09   4.2730662454227608E+05   1.2499444885482423E-13   1.6142864138805116E-24   3.7277115997600663E+03
   1.0816770000000000E+09   4.2929842800930963E+05   1.2363225522868722E-13   1.5970837528248860E-24   3.7268015781096401E+03
   1.0836770000000000E+09   4.3128450368181226E+05   1.2229003010118840E-13   1.5801423663538395E-24   3.7258640595108282E+03
   1.0856770000000000E+09   4.3326489612061396E+05   1.2096739426161189E-13   1.5634569757032810E-24   3.7248995197701502E+03
   1.0876770000000000E+09   4.3523964726637455E+05   1.1966397863902819E-13   1.5470224464904795E-24   3.7239084372300522E+03
   1.0896770000000000E+09   4.3720879651565867E+05   1.1837942395222272E-13   1.5308337839369212E-24   3.7228912922800087E+03
   1.0916770000000000E+09   4.3917238091430761E+05   1.1711338031482014E-13   1.5148861275030267E-24   3.7218485669018119E+03
   1.0936770000000000E+09   4.4113043538991001E+05   1.1586550683301377E-13   1.4991747454149801E-24   3.7207807442566259E+03
   1.0956770000000000E+09   4.4308299298358546E+05   1.1463547121449097E-13   1.4836950293243876E-24   3.7196883083143225E+03
   1.0976770000000000E+09   4.4503008506340551E+05   1.1342294939676653E-13   1.4684424892088280E-24   3.7185717435225379E+03
   1.0996770000000000E+09   4.4697174151336530E+05   1.1222762519792647E-13   1.4534127485545570E-24   3.7174315345115701E+03
   1.1016770000000000E+09   4.4890799089755368E+05   1.1104918999033405E-13   1.4386015398309086E-24   3.7162681658310698E+03
   1.1036770000000000E+09   4.5083886060141353E+05   1.0988734239688333E-13   1.4240047002532426E-24   3.7150821217146754E+03
   1.1056770000000000E+09   4.5276437695282482E+05   1.0874178800893862E-13   1.4096181678252148E-24   3.7138738858691686E+03
   1.1076770000000000E+09   4.5468456532561837E+05   1.0761223912496087E-13   1.3954379776491057E-24   3.7126439412851446E+03
   1.1096770000000000E+09   4.5659945022776851E+05   1.0649841450871870E-13   1.3814602584913451E-24   3.7113927700666095E+03
   1.1116770000000000E+09   4.5850905537623953E+05   1.0540003916583753E-13   1.3676812295883224E-24   3.7101208532771793E+03
   1.1136770000000000E+09   4.6041340375980642E+05   1.0431684413744249E-13   1.3540971976773669E-24   3.7088286708009623E+03
   1.1156770000000000E+09   4.6231251769096457E+05   1.0324856630952881E-13   1.3407045542361125E-24   3.7075167012162588E+03
   1.1176770000000000E+09   4.6420641884762957E+05   1.0219494823670053E-13   1.3274997729133611E-24   3.7061854216805441E+03
   1.1196770000000000E+09   4.6609512830505363E+05   1.0115573797891629E-13   1.3144794071344535E-24   3.7048353078252408E+03
   1.1216770000000000E+09   4.6797866655828070E+05   1.0013068894988197E-13   1.3016400878640474E-24   3.7034668336589539E+03
   1.1236770000000000E+09   4.6985705353512260E+05   9.9119559775831885E-14   1.2889785215104571E-24   3.7020804714778519E+03
   1.1256770000000000E+09   4.7173030859983538E+05   9.8122114163419378E-14   1.2764914879553192E-24   3.7006766917820623E+03
   1.1276770000000000E+09   4.7359845054742577E+05   9.7138120775580275E-14   1.2641758386941664E-24   3.6992559631968952E+03
   1.1296770000000000E+09   4.7546149758881470E+05   9.6167353114231993E-14   1.2520284950733793E-24   3.6978187523978290E+03
   1.1316770000000000E+09   4.7731946732709097E+05   9.5209589408797084E-14   1.2400464466105589E-24   3.6963655240382723E+03
   1.1336770000000000E+09   4.7917237672534416E+05   9.4264612509606237E-14   1.2282267493861568E-24   3.6948967406791367E+03
   1.1356770000000000E+09   4.8102024206701311E+05   9.3332209785275114E-14   1.2165665244946469E-24   3.6934128627193681E+03
   1.1376770000000000E+09   4.8286307890967489E+05   9.2412173023351142E-14   1.2050629565460488E-24   3.6919143483267171E+03
   1.1396770000000000E+09   4.8470090203408827E+05   9.1504298333469614E-14   1.1937132922078385E-24   3.6904016533680920E+03
   1.1416770000000000E+09   4.8653372539018368E+05   9.0608386052513945E-14   1.1825148387805037E-24   3.6888752313390364E+03
   1.1436770000000000E+09   4.8836156204256706E+05   8.9724240651235262E-14   1.1714649627994310E-24   3.6873355332920169E+03
   1.1456770000000000E+09   4.9018442411823181E+05   8.8851670641952144E-14   1.1605610886578847E-24   3.6857830077634135E+03
   1.1476770000000000E+09   4.9200232275946281E+05   8.7990488487040968E-14   1.1498006972469404E-24   3.6842181006993123E+03
   1.1496770000000000E+09   4.9381526808539307E+05   8.7140510507931322E-14   1.1391813246082411E-24   3.6826412553803548E+03
   1.1516770000000000E+09   4.9562326916555222E+05   8.6301556794452761E-14   1.1287005605970517E-24   3.6810529123462884E+03
   1.1536770000000000E+09   4.9742633400875179E+05   8.5473451114412414E-14   1.1183560475535414E-24   3.6794535093208528E+03
   1.1556770000000000E+09   4.9922446957058395E+05   8.4656020823302054E-14   1.1081454789803601E-24   3.6778434811380803E+03
   1.1576770000000000E+09   5.0101768178226682E+05   8.3849096774108262E-14   1.0980665982255808E-24   3.6762232596710801E+03
   1.1596770000000000E+09   5.0280597560316225E+05   8.3052513227212822E-14   1.0881171971702025E-24   3.6745932737646735E+03
   1.1616770000000000E+09   5.0458935509848566E+05   8.2266107760426950E-14   1.0782951149201689E-24   3.6729539491732794E+03
   1.1636770000000000E+09   5.0636782354304881E+05   8.1489721179209881E-14   1.0685982365029635E-24   3.6713057085055157E+03
   1.1656770000000000E+09   5.0814138355065417E+05   8.0723197427241280E-14   1.0590244915704205E-24   3.6696489711770560E+03
   1.1676770000000000E+09   5.0991003722811083E+05   7.9966383497476576E-14   1.0495718531089335E-24   3.6679841533731565E+03
   1.1696770000000000E+09   5.1167378635156096E+05   7.9219129343936995E-14   1.0402383361599213E-24   3.6663116680221669E+03
   1.1716770000000000E+09   5.1343263256178360E+05   7.8481287794545398E-14   1.0310219965542536E-24   3.6646319247812385E+03
   1.1736770000000000E+09   5.1518657757447695E+05   7.7752714465311473E-14   1.0219209296643755E-24   3.6629453300351079E+03
   1.1756770000000000E+09   5.1693562340037629E+05   7.7033267676298077E-14   1.0129332691796298E-24   3.6612522869086692E+03
   1.1776770000000000E+09   5.1867977256965335E+05   7.6322808369779820E-14   1.0040571859101542E-24   3.6595531952936194E+03
   1.1796770000000000E+09   5.2041902835459099E+05   7.5621200031028912E-14   9.9529088662513672E-25   3.6578484518892355E+03
   1.1816770000000000E+09   5.2215339498419646E+05   7.4928308612190890E-14   9.8663261293171783E-25   3.6561384502568840E+03
   1.1836770000000000E+09   5.2388287784458656E+05   7.4244002459661796E-14   9.7808064020025939E-25   3.6544235808875310E+03
   1.1856770000000000E+09   5.2560748365926032E+05   7.3568152245340601E-14   9.6963327654129999E-25   3.6527042312812146E+03
   1.1876770000000000E+09   5.2732722064391105E+05   7.2900630902069523E-14   9.6128886183880830E-25   3.6509807860370374E+03
   1.1896770000000000E+09   5.2904209863131831E+05   7.2241313563467871E-14   9.5304576684300068E-25   3.6492536269519901E+03
   1.1916770000000000E+09   5.3075212916267151E+05   7.1590077508312337E-14   9.4490239232533756E-25   3.6475231331266850E+03
   1.1936770000000000E+09   5.3245732554303820E+05   7.0946802109456001E-14   9.3685716829619673E-25   3.6457896810759585E+03
   1.1956770000000000E+09   5.3415770285982639E+05   7.0311368787195474E-14   9.2890855328468486E-25   3.6440536448420053E+03
   1.1976770000000000E+09   5.3585327796427766E+05   6.9683660966908108E-14   9.2105503367876858E-25   3.6423153961080143E+03
   1.1996770000000000E+09   5.3754406941750180E+05   6.9063564040636081E-14   9.1329512312205782E-25   3.6405753043098857E+03
   1.2016770000000000E+09   5.3923009740347764E+05   6.8450965332265081E-14   9.0562736196298901E-25   3.6388337367442173E+03
   1.2036770000000000E+09   5.4091138361266779E+05   6.7845754065835709E-14   8.9805031675075100E-25   3.6370910586704049E+03
   1.2056770000000000E+09   5.4258795110069378E+05   6.7247821336500141E-14   8.9056257977174327E-25   3.6353476334054035E+03
   1.2076770000000000E+09   5.4425982412711927E+05   6.6657060083615623E-14   8.8316276862004803E-25   3.6336038224096455E+03
   1.2096770000000000E+09   5.4592702798005985E+05   6.6073365065423589E-14   8.7584952579469633E-25   3.6318599853630244E+03
   1.2116770000000000E+09   5.4758958879232593E+05   6.5496632834822591E-14   8.6862151831716346E-25   3.6301164802302701E+03
   1.2136770000000000E+09   5.4924753335513198E+05   6.4926761715719568E-14   8.6147743736214641E-25   3.6283736633152030E+03
   1.2156770000000000E+09   5.5090088893492951E+05   6.4363651779540983E-14   8.5441599789583794E-25   3.6266318893038224E+03
   1.2176770000000000E+09   5.5254968309885543E+05   6.3807204821487517E-14   8.4743593831586662E-25   3.6248915112964210E+03
   1.2196770000000000E+09   5.5419394355349732E+05   6.3257324336225735E-14   8.4053602008844744E-25   3.6231528808292533E+03
   1.2216770000000000E+09   5.5583369800097612E+05   6.2713915492777465E-14   8.3371502737913570E-25   3.6214163478864884E+03
   1.2236770000000000E+09   5.5746897401541879E+05   6.2176885108457449E-14   8.2697176667472119E-25   3.6196822609034248E+03
   1.2256770000000000E+09   5.5909979894182773E+05   6.1646141621803353E-14   8.2030506639502942E-25   3.6179509667620810E+03
   1.2276770000000000E+09   5.6072619981821347E+05   6.1121595064535719E-14   8.1371377649464127E-25   3.6162228107803467E+03
   1.2296770000000000E+09   5.6234820332071651E+05   6.0603157032671622E-14   8.0719676805570067E-25   3.6144981366959619E+03
   1.2316770000000000E+09   5.6396583573046548E+05   6.0090740656977263E-14   8.0075293287384155E-25   3.6127772866465239E+03
   1.2336770000000000E+09   5.6557912291988276E+05   5.9584260573019386E-14   7.9438118304029914E-25   3.6110606011466693E+03
   1.2356770000000000E+09   5.6718809035570046E+05   5.9083632891071204E-14   7.8808045052329165E-25   3.6093484190634094E+03
   1.2376770000000000E+09   5.6879276311535493E+05   5.8588775166163344E-14   7.8184968675225717E-25   3.6076410775905406E+03
   1.2396770000000000E+09   5.7039316591338348E+05   5.8099606368542544E-14   7.7568786220824379E-25   3.6059389122228158E+03
   1.2416770000000000E+09   5.7198932313463243E+05   5.7616046854749096E-14   7.6959396602313899E-25   3.6042422567303151E+03
   1.2436770000000000E+09   5.7358125887123717E+05   5.7138018339504908E-14   7.6356700559017166E-25   3.6025514431334996E+03
   1.2456770000000000E+09   5.7516899696084531E+05   5.6665443868531691E-14   7.5760600618724719E-25   3.6008668016790907E+03
   1.2476770000000000E+09   5.7675256102393591E+05   5.6198247792384523E-14   7.5171001061423893E-25   3.5991886608168543E+03
   1.2496770000000000E+09   5.7833197449860733E+05   5.5736355741326227E-14   7.4587807884456748E-25   3.5975173471773419E+03
   1.2516770000000000E+09   5.7990726067152014E+05   5.5279694601249660E-14   7.4010928769120796E-25   3.5958531855504143E+03
   1.2536770000000000E+09   5.8147844270409818E+05   5.4828192490614725E-14   7.3440273048669150E-25   3.5941964988645227E+03
   1.2556770000000000E+09   5.8304554365327407E+05   5.4381778738363135E-14   7.2875751677667540E-25   3.5925476081664292E+03
   1.2576770000000000E+09   5.8460858648645983E+05   5.3940383862738552E-14   7.2317277202613211E-25   3.5909068326012693E+03
   1.2596770000000000E+09   5.8616759409049305E+05   5.3503939550950752E-14   7.1764763733738823E-25   3.5892744893926883E+03
   1.2616770000000000E+09   5.8772258927457838E+05   5.3072378639598251E-14   7.1218126917890487E-25   3.5876508938228044E+03
   1.2636770000000000E+09   5.8927359476728016E+05   5.2645635095781047E-14   7.0677283912390319E-25   3.5860363592118415E+03
   1.2656770000000000E+09   5.9082063320783689E+05   5.2223643998809607E-14   7.0142153359761373E-25   3.5844311968971570E+03
   1.2676770000000000E+09   5.9236372713202925E+05   5.1806341522435906E-14   6.9612655363215931E-25   3.5828357162115140E+03
   1.2696770000000000E+09   5.9390289895286399E+05   5.1393664917534670E-14   6.9088711462812488E-25   3.5812502244603807E+03
   1.2716770000000000E+09   5.9543817093642184E+05   5.0985552495153120E-14   6.8570244612170795E-25   3.5796750268981514E+03
   1.2736770000000000E+09   5.9696956517313607E+05   5.0581943609869781E-14   6.8057179155666152E-25   3.5781104267030591E+03
   1.2756770000000000E+09   5.9849710354500567E+05   5.0182778643372568E-14   6.7549440805979955E-25   3.5765567249507208E+03
   1.2776770000000000E+09   6.0002080768905731E+05   4.9787998988204146E-14   6.7046956621935415E-25   3.5750142205861603E+03
   1.2796770000000000E+09   6.0154069895775802E+05   4.9397547031576249E-14   6.6549654986484171E-25   3.5734832103942099E+03
   1.2816770000000000E+09   6.0305679837688839E+05   4.9011366139195609E-14   6.6057465584762907E-25   3.5719639889682499E+03
   1.2836770000000000E+09   6.0456912660166062E+05   4.8629400639013410E-14   6.5570319382098962E-25   3.5704568486771623E+03
   1.2856770000000000E+09   6.0607770387178962E+05   4.8251595804833356E-14   6.5088148601872393E-25   3.5689620796305376E+03
   1.2876770000000000E+09   6.0758254996612121E+05   4.7877897839732923E-14   6.4610886703169165E-25   3.5674799696420787E+03
   1.2896770000000000E+09   6.0908368415755115E+05   4.7508253859241381E-14   6.4138468358144123E-25   3.5660108041912367E+03
   1.2916770000000000E+09   6.1058112516855262E+05   4.7142611874275815E-14   6.3670829429090828E-25   3.5645548663830691E+03
   1.2936770000000000E+09   6.1207489112757065E+05   4.6780920773838162E-14   6.3207906945215888E-25   3.5631124369064346E+03
   1.2956770000000000E+09   6.1356499952625413E+05   4.6423130307510335E-14   6.2749639079164534E-25   3.5616837939904622E+03
   1.2976770000000000E+09   6.1505146717701596E+05   4.6069191067833064E-14   6.2295965123407292E-25   3.5602692133594278E+03
   1.2996770000000000E+09   6.1653431017034966E+05   4.5719054472656632E-14   6.1846825466604104E-25   3.5588689681860037E+03
   1.3016770000000000E+09   6.1801354383120919E+05   4.5372672747571230E-14   6.1402161570089027E-25   3.5574833290428746E+03
   1.3036770000000000E+09   6.1948918267400458E+05   4.5029998908523429E-14   6.0961915944617490E-25   3.5561125638527201E+03
   1.3056770000000000E+09   6.2096124035696301E+05   4.4690986744648636E-14   6.0526032127415441E-25   3.5547569378365165E+03
   1.3076770000000000E+09   6.2242972963834356E+05   4.4355590801263205E-14   6.0094454659452977E-25   3.5534167134601448E+03
   1.3096770000000000E+09   6.2389466234000167E+05   4.4023766362790834E-14   5.9667129062633463E-25   3.5520921503794070E+03
   1.3116770000000000E+09   6.2535604932764487E+05   4.3695469435189439E-14   5.9244001816302891E-25   3.5507835053837480E+03
   1.3136770000000000E+09   6.2681390052150411E+05   4.3370656727215185E-14   5.8825020332166850E-25   3.5494910323392614E+03
   1.3156770000000000E+09   6.2826822495499952E+05   4.3049285629668029E-14   5.8410132926430188E-25   3.5482149821321395E+03
   1.3176770000000000E+09   6.2971903090087860E+05   4.2731314191684448E-14   5.7999288787858635E-25   3.5469556026141499E+03
   1.3196770000000000E+09   6.3116632608220889E+05   4.2416701093288947E-14   5.7592437940644645E-25   3.5457131385525627E+03
   1.3216770000000000E+09   6.3261011797751777E+05   4.2105405613882233E-14   5.7189531201585929E-25   3.5444878315873548E+03
   1.3236770000000000E+09   6.3405041421438067E+05   4.1797387597164171E-14   5.6790520132195827E-25   3.5432799201988983E+03
   1.3256770000000000E+09   6.3548722302407352E+05   4.1492607414131931E-14   5.6395356987925111E-25   3.5420896396891508E+03
   1.3276770000000000E+09   6.3692055370505725E+05   4.1191025927058624E-14   5.6003994668421301E-25   3.5409172221782610E+03
   1.3296770000000000E+09   6.3835041702115512E+05   4.0892604458398774E-14   5.5616386674203100E-25   3.5397628966170064E+03
   1.3316770000000000E+09   6.3977682544978033E+05   4.0597304768960536E-14   5.5232487075719483E-25   3.5386268888127324E+03
   1.3336770000000000E+09   6.4119979320524447E+05   4.0305089048978564E-14   5.4852250499856133E-25   3.5375094214637638E+03
   1.3356770000000000E+09   6.4261933599696599E+05   4.0015919923718860E-14   5.4475632136273596E-25   3.5364107141945474E+03
   1.3376770000000000E+09   6.4403547053983808E+05   3.9729760472148250E-14   5.4102587761756803E-25   3.5353309835825876E+03
   1.3396770000000000E+09   6.4544821390224737E+05   3.9446574253650301E-14   5.3733073775899814E-25   3.5342704431685102E+03
   1.3416770000000000E+09   6.4685758283423074E+05   3.9166325334977147E-14   5.3367047237573829E-25   3.5332293034436193E+03
   1.3436770000000000E+09   6.4826359324022115E+05   3.8888978308763080E-14   5.3004465890345255E-25   3.5322077718142036E+03
   1.3456770000000000E+09   6.4966625993022963E+05   3.8614498296810377E-14   5.2645288167468739E-25   3.5312060525475367E+03
   1.3476770000000000E+09   6.5106559670023643E+05   3.8342850935899664E-14   5.2289473173186083E-25   3.5302243467094245E+03
   1.3496770000000000E+09   6.5246161668164330E+05   3.8074002349654765E-14   5.1936980644919248E-25   3.5292628521051179E+03
   1.3516770000000000E+09   6.5385433280308917E+05   3.7807919114850128E-14   5.1587770907627638E-25   3.5283217632333399E+03
   1.3536770000000000E+09   6.5524375817112753E+05   3.7544568232191099E-14   5.1241804833955386E-25   3.5274012712576668E+03
   1.3556770000000000E+09   6.5662990622252238E+05   3.7283917108983691E-14   5.0899043820366507E-25   3.5265015639920512E+03
   1.3576770000000000E+09   6.5801279061525560E+05   3.7025933555152760E-14   5.0559449781423506E-25   3.5256228258918936E+03
   1.3596770000000000E+09   6.5939242495417886E+05   3.6770585787558041E-14   5.0222985155492516E-25   3.5247652380404534E+03
   1.3616770000000000E+09   6.6076882252331136E+05   3.6517842433883762E-14   4.9889612910060338E-25   3.5239289781242487E+03
   1.3636770000000000E+09   6.6214199617692863E+05   3.6267672528593935E-14   4.9559296536385526E-25   3.5231142203980221E+03
   1.3656770000000000E+09   6.6351195843708829E+05   3.6020045498844346E-14   4.9232000030481224E-25   3.5223211356459615E+03
   1.3676770000000000E+09   6.6487872172014031E+05   3.5774931144547405E-14   4.8907687866021183E-25   3.5215498911478958E+03
   1.3696770000000000E+09   6.6624229854777909E+05   3.5532299620103329E-14   4.8586324969362889E-25   3.5208006506556917E+03
   1.3716770000000000E+09   6.6760270162991353E+05   3.5292121423678825E-14   4.8267876704761292E-25   3.5200735743784903E+03
   1.3736770000000000E+09   6.6895994380825246E+05   3.5054367394828142E-14   4.7952308870965055E-25   3.5193688189707182E+03
   1.3756770000000000E+09   6.7031403794299904E+05   3.4819008716516761E-14   4.7639587703909367E-25   3.5186865375164321E+03
   1.3776770000000000E+09   6.7166499684153881E+05   3.4586016916596335E-14   4.7329679878754665E-25   3.5180268795084680E+03
   1.3796770000000000E+09   6.7301283326435287E+05   3.4355363866598143E-14   4.7022552508304698E-25   3.5173899908255089E+03
   1.3816770000000000E+09   6.7435755996055296E+05   3.4127021779511334E-14   4.6718173140013245E-25   3.5167760137118967E+03
   1.3836770000000000E+09   6.7569918965459603E+05   3.3900963209578939E-14   4.6416509755714843E-25   3.5161850867614166E+03
   1.3856770000000000E+09   6.7703773493496946E+05   3.3677161055675993E-14   4.6117530776275357E-25   3.5156173449012967E+03
   1.3876770000000000E+09   6.7837320800970530E+05   3.3455588568720752E-14   4.5821205071887781E-25   3.5150729193684710E+03
   1.3896770000000000E+09   6.7970562015229010E+05   3.3236219368614997E-14   4.5527501985685527E-25   3.5145519376669417E+03
   1.3916770000000000E+09   6.8103498016119690E+05   3.3019027494766838E-14   4.5236391403945737E-25   3.5140545234814081E+03
   1.3936770000000000E+09   6.8236128987430129E+05   3.2803987561148857E-14   4.4947843970937199E-25   3.5135807964829919E+03
   1.3956770000000000E+09   6.8368453171448293E+05   3.2591075197933890E-14   4.4661831699928614E-25   3.5131308718703131E+03
   1.3976770000000000E+09   6.8500463629951316E+05   3.2380268214194567E-14   4.4378329580219340E-25   3.5127048593114150E+03
   1.3996770000000000E+09   6.8632140389639779E+05   3.2171549438947946E-14   4.4097319500636700E-25   3.5123028606552689E+03
   1.4016770000000000E+09   6.8763432845208293E+05   3.1964913128339430E-14   4.3818799091153632E-25   3.5119249653752686E+03
   1.4036770000000000E+09   6.8894223922594998E+05   3.1760378106685255E-14   4.3542799845128485E-25   3.5115712422975430E+03
   1.4056770000000000E+09   6.9024265447931155E+05   3.1558011665831280E-14   4.3269420063616535E-25   3.5112417259395370E+03
   1.4076770000000000E+09   6.9153079741845210E+05   3.1357966359090751E-14   4.2998875576964956E-25   3.5109363956376324E+03
   1.4096770000000000E+09   6.9279846912078536E+05   3.1160522927656523E-14   4.2731559009804764E-25   3.5106551443719331E+03
   1.4116770000000000E+09   6.9403349913732673E+05   3.0966112877032923E-14   4.2468071359084356E-25   3.5103977293139951E+03
   1.4136770000000000E+09   6.9522114244493982E+05   3.0775268925548332E-14   4.2209155028292454E-25   3.5101636884896066E+03
   1.4156770000000000E+09   6.9634881212493335E+05   3.0588448308301995E-14   4.1955452885324536E-25   3.5099522160775064E+03
   1.4176770000000000E+09   6.9741370081907290E+05   3.0405740793238626E-14   4.1707108808903217E-25   3.5097620574597927E+03
   1.4196770000000000E+09   6.9842900757030630E+05   3.0226621535175485E-14   4.1463427028717933E-25   3.5095916220878053E+03
   1.4216770000000000E+09   6.9942218501220958E+05   3.0050009283111205E-14   4.1222945239774082E-25   3.5094395325842966E+03
   1.4236770000000000E+09   7.0042390687898442E+05   2.9874700764658908E-14   4.0984021266263929E-25   3.5093054154248653E+03
   1.4256770000000000E+09   7.0145829886622261E+05   2.9699781651013676E-14   4.0745395077609206E-25   3.5091900891412970E+03
   1.4276770000000000E+09   7.0254720631917950E+05   2.9524484249213792E-14   4.0506003838683468E-25   3.5090947201534359E+03
   1.4296770000000000E+09   7.0372392763866321E+05   2.9347603661134649E-14   4.0264203412498780E-25   3.5090188786598142E+03
   1.4316770000000000E+09   7.0500156289775821E+05   2.9168870073856198E-14   4.0019471720069682E-25   3.5089762233945116E+03
   1.4336770000000000E+09   7.0667473753061914E+05   2.8975194644206699E-14   3.9755335600170661E-25   3.5088363137397546E+03
   1.4356770000000000E+09   7.0625570144470583E+05   2.8871472093936674E-14   3.9611324250788182E-25   3.5089868238263343E+03
   6.5767700000000000E+08  -9.7502733638063501E+02   4.2251710139835875E-08   1.5116635985155010E-22   1.8441791147170422E+03
   6.5967700000000000E+08  -9.1809746362499550E+02   5.7892244397269151E-08   1.7184520159835922E-22   2.2228116638165311E+03
   6.6167700000000000E+08  -8.3724972230955041E+02   6.5423033658710448E-08   1.7348492716936741E-22   2.4882398179403212E+03
   6.6367700000000000E+08  -7.4246031339386002E+02   6.8558725521600911E-08   1.6774902993919604E-22   2.6966799315153094E+03
   6.6567700000000000E+08  -5.2350666904047580E+02   6.7961783217189575E-08   1.5623611509535323E-22   2.8702077644161709E+03
   6.6767700000000000E+08  -2.1183185097023153E+02   6.4943310009424420E-08   1.4190751831450478E-22   3.0196835223100934E+03
   6.6967700000000000E+08   1.5925047448317812E+02   6.0703630124615004E-08   1.2710241995340995E-22   3.1513323177740026E+03
   6.7167700000000000E+08   5.6241496347743384E+02   5.6076285654568804E-08   1.1318326162432357E-22   3.2691129181293027E+03
   6.7367700000000000E+08   9.7995918582413060E+02   5.1536474359398367E-08   1.0073440580893651E-22   3.3757346105683932E+03
   6.7567700000000000E+08   1.3972222190797013E+03   4.7314576288481787E-08   8.9887768646837904E-23   3.4731521233241606E+03
   6.7767700000000000E+08   1.7952375208265316E+03   4.3501611573483399E-08   8.0563346461930806E-23   3.5628311356755494E+03
   6.7967700000000000E+08   2.1488072415385204E+03   4.0115890125962585E-08   7.2600035957128517E-23   3.6459028365764607E+03
   6.8167700000000000E+08   2.4353857416479063E+03   3.7136134692122161E-08   6.5810794272005656E-23   3.7232605513812400E+03
   6.8367700000000000E+08   2.6436279826365831E+03   3.4519110082050237E-08   6.0006605386641637E-23   3.7956233669507224E+03
   6.8567700000000000E+08   2.7739617522103085E+03   3.2206061923580718E-08   5.5000863900183005E-23   3.8635798356847054E+03
   6.8767700000000000E+08   2.8188645105790470E+03   3.0129775064400322E-08   5.0616041630991082E-23   3.9276182904630014E+03
   6.8967700000000000E+08   2.7430240202431505E+03   2.8227052612956724E-08   4.6699911274808597E-23   3.9881480057027593E+03
   6.9167700000000000E+08   2.4958262361147595E+03   2.6455096598043048E-08   4.3147682559955256E-23   4.0455149626622106E+03
   6.9367700000000000E+08   2.0614404475806500E+03   2.4800731141266777E-08   3.9911707526551086E-23   4.1000150586394884E+03
   6.9567700000000000E+08   1.5043473771011588E+03   2.3274134059776995E-08   3.6986676756458367E-23   4.1519056027474253E+03
   6.9767700000000000E+08   9.6801236743890195E+02   2.1892647131035887E-08   3.4380996623573482E-23   4.2014142876111582E+03
   6.9967700000000000E+08   6.2959102017998441E+02   2.0667183340041745E-08   3.2094562989534681E-23   4.2487449458832889E+03
   7.0167700000000000E+08   6.4452355343714498E+02   1.9597017332374917E-08   3.0110986646122844E-23   4.2940805707842246E+03
   7.0367700000000000E+08   1.1087724798040622E+03   1.8670960449207651E-08   2.8399984091783211E-23   4.3375848101076226E+03
   7.0567700000000000E+08   2.0470940122887218E+03   1.7871117319831011E-08   2.6923460285080379E-23   4.3794030204099854E+03
   7.0767700000000000E+08   3.4220437334102171E+03   1.7176751478098048E-08   2.5641384375071257E-23   4.4196634809059997E+03
   7.0967700000000000E+08   5.1535615859403379E+03   1.6567229798407815E-08   2.4515994582606107E-23   4.4584789279958859E+03
   7.1167700000000000E+08   7.1401483729715646E+03   1.6023847049978980E-08   2.3514174785661553E-23   4.4959483278804910E+03
   7.1367700000000000E+08   9.2764130048918778E+03   1.5530717687332215E-08   2.2608397147271623E-23   4.5321587270583695E+03
   7.1567700000000000E+08   1.1465700380414393E+04   1.5075030972943545E-08   2.1776742095349718E-23   4.5671870414345467E+03
   7.1767700000000000E+08   1.3624860313193005E+04   1.4646789067569791E-08   2.1002215549385321E-23   4.6011016681900892E+03
   7.1967700000000000E+08   1.5687195065960856E+04   1.4238608122764087E-08   2.0272209044234279E-23   4.6339638733206466E+03
   7.2167700000000000E+08   1.7606680813210041E+04   1.3845479687081930E-08   1.9577961834086921E-23   4.6658289952512641E+03
   7.2367700000000000E+08   1.9356622785466185E+04   1.3464183917868439E-08   1.8913567699886788E-23   4.6967474651069642E+03
   7.2567700000000000E+08   2.0925856581743603E+04   1.3092884480938570E-08   1.8275291444069350E-23   4.7267656199375324E+03
   7.2767700000000000E+08   2.2315589766817568E+04   1.2730733754373969E-08   1.7660935355459264E-23   4.7559263360422628E+03
   7.2967700000000000E+08   2.3536097811414897E+04   1.2377534443565752E-08   1.7069313801204281E-23   4.7842695194077332E+03
   7.3167700000000000E+08   2.4603575828951638E+04   1.2033463589217332E-08   1.6499836652096482E-23   4.8118324804272288E+03
   7.3367700000000000E+08   2.5537367043272265E+04   1.1698861846651546E-08   1.5952198902236989E-23   4.8386502183400598E+03
   7.3567700000000000E+08   2.6357720888049473E+04   1.1374086241238819E-08   1.5426168379822169E-23   4.8647556382093462E+03
   7.3767700000000000E+08   2.7084150903826878E+04   1.1059419232738470E-08   1.4921457172482091E-23   4.8901797199650900E+03
   7.3967700000000000E+08   2.7734379382666259E+04   1.0755023755170350E-08   1.4437659229305953E-23   4.9149516551334364E+03
   7.4167700000000000E+08   2.8323793248203448E+04   1.0460931700631433E-08   1.3974234731216506E-23   4.9390989629401538E+03
   7.4367700000000000E+08   2.8865294096116537E+04   1.0177053845980526E-08   1.3530523529004716E-23   4.9626475937966588E+03
   7.4567700000000000E+08   2.9369415836171120E+04   9.9032010314368261E-09   1.3105773164127394E-23   4.9856220251080240E+03
   7.4767700000000000E+08   2.9844595144665596E+04   9.6391090839834453E-09   1.2699171135828729E-23   5.0080453520472511E+03
   7.4967700000000000E+08   3.0297505031425804E+04   9.3844626925336942E-09   1.2309875040219319E-23   5.0299393744078670E+03
   7.5167700000000000E+08   3.0733390516830586E+04   9.1389157257862749E-09   1.1937037415857752E-23   5.0513246797596948E+03
   7.5367700000000000E+08   3.1156371252990233E+04   8.9021071236779361E-09   1.1579824360297344E-23   5.0722207227191666E+03
   7.5567700000000000E+08   3.1569695618812231E+04   8.6736725009716463E-09   1.1237428302558026E-23   5.0926459000353789E+03
   7.5767700000000000E+08   3.1975943787076470E+04   8.4532521043570223E-09   1.0909075937246877E-23   5.1126176212473292E+03
   7.5967700000000000E+08   3.2377184489604449E+04   8.2404959250478203E-09   1.0594032487798398E-23   5.1321523747890596E+03
   7.6167700000000000E+08   3.2775093290092038E+04   8.0350667324466478E-09   1.0291603374125495E-23   5.1512657895495422E+03
   7.6367700000000000E+08   3.3171040675876204E+04   7.8366416677805401E-09   1.0001134159592673E-23   5.1699726920035446E+03
   7.6567700000000000E+08   3.3566157427528713E+04   7.6449128866789249E-09   9.7220094320453975E-24   5.1882871591089624E+03
   7.6767700000000000E+08   3.3961383344063754E+04   7.4595876018649924E-09   9.4536510782862536E-24   5.2062225672152927E+03
   7.6967700000000000E+08   3.4357503971059414E+04   7.2803877657173341E-09   9.1955162571494768E-24   5.2237916372527661E+03
   7.7167700000000000E+08   3.4755178730556458E+04   7.1070495495494732E-09   8.9470952637587804E-24   5.2410064764784684E+03
   7.7367700000000000E+08   3.5154962862563159E+04   6.9393227184096453E-09   8.7079094001903181E-24   5.2578786170505055E+03
   7.7567700000000000E+08   3.5557324853247075E+04   6.7769699614915277E-09   8.4775089171875981E-24   5.2744190516887656E+03
   7.7767700000000000E+08   3.5962660503602776E+04   6.6197662134582962E-09   8.2554710599620042E-24   5.2906382666643422E+03
   7.7967700000000000E+08   3.6371304434775520E+04   6.4674979866665351E-09   8.0413982321991997E-24   5.3065462723415367E+03
   7.8167700000000000E+08   3.6783539586691826E+04   6.3199627251083439E-09   7.8349162815899935E-24   5.3221526314780294E+03
   7.8367700000000000E+08   3.7199605108504576E+04   6.1769681855584599E-09   7.6356729043749188E-24   5.3374664854711200E+03
   7.8567700000000000E+08   3.7619702935420573E+04   6.0383318483900558E-09   7.4433361634868568E-24   5.3524965787212677E+03
   7.8767700000000000E+08   3.8044003277630844E+04   5.9038803588441491E-09   7.2575931136217439E-24   5.3672512812687628E+03
   7.8967700000000000E+08   3.8472649200498796E+04   5.7734489986179192E-09   7.0781485262007987E-24   5.3817386098453208E+03
   7.9167700000000000E+08   3.8905760442519451E+04   5.6468811871343051E-09   6.9047237072709326E-24   5.3959662474695724E+03
   7.9367700000000000E+08   3.9343436593574625E+04   5.5240280115756757E-09   6.7370554016813409E-24   5.4099415617037666E+03
   7.9567700000000000E+08   3.9785759737423330E+04   5.4047477846049008E-09   6.5748947772486475E-24   5.4236716216785744E+03
   7.9767700000000000E+08   4.0232796647245304E+04   5.2889056286023430E-09   6.4180064830175015E-24   5.4371632139833018E+03
   7.9967700000000000E+08   4.0684600610249312E+04   5.1763730851906432E-09   6.2661677761112431E-24   5.4504228575102861E+03
   8.0167700000000000E+08   4.1141212946222804E+04   5.0670277487883282E-09   6.1191677120383828E-24   5.4634568173343660E+03
   8.0367700000000000E+08   4.1602664275095121E+04   4.9607529229213555E-09   5.9768063936717738E-24   5.4762711177014417E+03
   8.0567700000000000E+08   4.2068975579914586E+04   4.8574372980259563E-09   5.8388942744502765E-24   5.4888715541935571E+03
   8.0767700000000000E+08   4.2540159104006045E+04   4.7569746494952017E-09   5.7052515116688105E-24   5.5012637051322945E+03
   8.0967700000000000E+08   4.3016219114427171E+04   4.6592635547521983E-09   5.5757073660224275E-24   5.5134529422769692E+03
   8.1167700000000000E+08   4.3497152558128480E+04   4.5642071281747604E-09   5.4500996438559782E-24   5.5254444408693671E+03
   8.1367700000000000E+08   4.3982949632405987E+04   4.4717127727461356E-09   5.3282741788418133E-24   5.5372431890724238E+03
   8.1567700000000000E+08   4.4473594287248110E+04   4.3816919473623487E-09   5.2100843500642777E-24   5.5488539968463001E+03
   8.1767700000000000E+08   4.4969064673951929E+04   4.2940599487873354E-09   5.0953906337318543E-24   5.5602815043018463E+03
   8.1967700000000000E+08   4.5469333551826327E+04   4.2087357073084997E-09   4.9840601859635595E-24   5.5715301895680086E+03
   8.2167700000000000E+08   4.5974368662806759E+04   4.1256415952075421E-09   4.8759664543065874E-24   5.5826043762069858E+03
   8.2367700000000000E+08   4.6484133082267064E+04   4.0447032472206836E-09   4.7709888158355101E-24   5.5935082402081025E+03
   8.2567700000000000E+08   4.6998585553099074E+04   3.9658493922184743E-09   4.6690122398598927E-24   5.6042458165889730E+03
   8.2767700000000000E+08   4.7517680809139492E+04   3.8890116953865008E-09   4.5699269734268532E-24   5.6148210056303215E+03
   8.2967700000000000E+08   4.8041369893129959E+04   3.8141246102330483E-09   4.4736282479473031E-24   5.6252375787687470E+03
   8.3167700000000000E+08   4.8569600473518316E+04   3.7411252397892457E-09   4.3800160054016619E-24   5.6354991841698311E+03
   8.3367700000000000E+08   4.9102317163476931E+04   3.6699532063997511E-09   4.2889946426919544E-24   5.6456093520023851E+03
   8.3567700000000000E+08   4.9639461844472091E+04   3.6005505295298930E-09   4.2004727728058301E-24   5.6555714994329683E+03
   8.3767700000000000E+08   5.0180973995570654E+04   3.5328615110378247E-09   4.1143630015443979E-24   5.6653889353584391E+03
   8.3967700000000000E+08   5.0726791028422100E+04   3.4668326273805457E-09   4.0305817186438483E-24   5.6750648648929691E+03
   8.4167700000000000E+08   5.1276848626558713E+04   3.4024124282404134E-09   3.9490489021909380E-24   5.6846023936247539E+03
   8.4367700000000000E+08   5.1831081086361250E+04   3.3395514410778349E-09   3.8696879352996617E-24   5.6940045316565356E+03
   8.4567700000000000E+08   5.2389421655870909E+04   3.2782020811348722E-09   3.7924254340794457E-24   5.7032741974431174E+03
   8.4767700000000000E+08   5.2951802866610880E+04   3.2183185664377456E-09   3.7171910859896300E-24   5.7124142214378817E+03
   8.4967700000000000E+08   5.3518156852859342E+04   3.1598568373720963E-09   3.6439174977386052E-24   5.7214273495598136E+03
   8.5167700000000000E+08   5.4088415652406082E+04   3.1027744804354979E-09   3.5725400519523570E-24   5.7303162464914667E+03
   8.5367700000000000E+08   5.4662511482816430E+04   3.0470306558056765E-09   3.5029967719042317E-24   5.7390834988175720E+03
   8.5567700000000000E+08   5.5240376987592404E+04   2.9925860284010555E-09   3.4352281936666672E-24   5.7477316180136186E+03
   8.5767700000000000E+08   5.5821945447387239E+04   2.9394027021498755E-09   3.3691772451142049E-24   5.7562630432927299E+03
   8.5967700000000000E+08   5.6407150952517615E+04   2.8874441572257628E-09   3.3047891312750418E-24   5.7646801443188870E+03
   8.6167700000000000E+08   5.6995928534385457E+04   2.8366751900478897E-09   3.2420112255930088E-24   5.7729852237938439E+03
   8.6367700000000000E+08   5.7588214254948805E+04   2.7870618558828314E-09   3.1807929667227365E-24   5.7811805199247710E+03
   8.6567700000000000E+08   5.8183945254986495E+04   2.7385714139200443E-09   3.1210857605353405E-24   5.7892682087790290E+03
   8.6767700000000000E+08   5.8783059763461293E+04   2.6911722747232959E-09   3.0628428870597387E-24   5.7972504065322555E+03
   8.6967700000000000E+08   5.9385497071709447E+04   2.6448339499848385E-09   3.0060194121244582E-24   5.8051291716154728E+03
   8.7167700000000000E+08   5.9991197477372436E+04   2.5995270045273786E-09   2.9505721034963021E-24   5.8129065067665160E+03
   8.7367700000000000E+08   6.0600102203883449E+04   2.5552230105109290E-09   2.8964593513355047E-24   5.8205843609909871E+03
   8.7567700000000000E+08   6.1212153301880571E+04   2.5118945038072298E-09   2.8436410928023818E-24   5.8281646314373320E+03
   8.7767700000000000E+08   6.1827293539118218E+04   2.4695149425051741E-09   2.7920787406594041E-24   5.8356491651906608E+03
   8.7967700000000000E+08   6.2445466285323950E+04   2.4280586675063090E-09   2.7417351157153782E-24   5.8430397609894226E+03
   8.8167700000000000E+08   6.3066615398001151E+04   2.3875008651623105E-09   2.6925743829573461E-24   5.8503381708689994E+03
   8.8367700000000000E+08   6.3690685114514854E+04   2.3478175318963953E-09   2.6445619912114345E-24   5.8575461017358548E+03
   8.8567700000000000E+08   6.4317619954990230E+04   2.3089854407396668E-09   2.5976646161677149E-24   5.8646652168758719E+03
   8.8767700000000000E+08   6.4947364639779837E+04   2.2709821097011852E-09   2.5518501065965025E-24   5.8716971374001787E+03
   8.8967700000000000E+08   6.5579864024849972E+04   2.2337857718765659E-09   2.5070874335735374E-24   5.8786434436315067E+03
   8.9167700000000000E+08   6.6215063059098538E+04   2.1973753471800762E-09   2.4633466425145487E-24   5.8855056764341743E+03
   8.9367700000000000E+08   6.6852906770859103E+04   2.1617304155501372E-09   2.4205988077856805E-24   5.8922853384903465E+03
   8.9567700000000000E+08   6.7493340299844422E+04   2.1268311914070403E-09   2.3788159895816133E-24   5.8989838955253599E+03
   8.9767700000000000E+08   6.8136309011407880E+04   2.0926584989962267E-09   2.3379711926058347E-24   5.9056027774844788E+03
   8.9967700000000000E+08   6.8781758771578679E+04   2.0591937479726938E-09   2.2980383257832452E-24   5.9121433796636657E+03
   9.0167700000000000E+08   6.9429636534260149E+04   2.0264189081124678E-09   2.2589921617199052E-24   5.9186070637968051E+03
   9.0367700000000000E+08   7.0079891496751676E+04   1.9943164813927677E-09   2.2208082939204385E-24   5.9249951591018662E+03
   9.0567700000000000E+08   7.0732477178689835E+04   1.9628694691424306E-09   2.1834630891949768E-24   5.9313089632888796E+03
   9.0767700000000000E+08   7.1387354748006896E+04   1.9320613323691991E-09   2.1469336331710949E-24   5.9375497435326452E+03
   9.0967700000000000E+08   7.2044497498995552E+04   1.9018759463639961E-09   2.1111976701873856E-24   5.9437187374131263E+03
   9.1167700000000000E+08   7.2703895240334969E+04   1.8722975583110963E-09   2.0762335473188057E-24   5.9498171538254901E+03
   9.1367700000000000E+08   7.3365555347537433E+04   1.8433107693400358E-09   2.0420201862862920E-24   5.9558461738592678E+03
   9.1567700000000000E+08   7.4029495117962186E+04   1.8149005749628180E-09   2.0085371205991887E-24   5.9618069516416335E+03
   9.1767700000000000E+08   7.4695720147717089E+04   1.7870524952172426E-09   1.9757646319378933E-24   5.9677006151346195E+03
   9.1967700000000000E+08   7.5364189155523592E+04   1.7597527870463042E-09   1.9436839764914120E-24   5.9735282668740711E+03
   9.2167700000000000E+08   7.6034778384769947E+04   1.7329886504610593E-09   1.9122776026595950E-24   5.9792909846451876E+03
   9.2367700000000000E+08   7.6707271996575975E+04   1.7067482583448968E-09   1.8815291726380784E-24   5.9849898221086432E+03
   9.2567700000000000E+08   7.7381403063655889E+04   1.6810204605663687E-09   1.8514232255223571E-24   5.9906258094158702E+03
   9.2767700000000000E+08   7.8056938706414716E+04   1.6557942110703470E-09   1.8219445391444717E-24   5.9961999538607361E+03
   9.2967700000000000E+08   7.8733756335366343E+04   1.6310580552544553E-09   1.7930775638630005E-24   6.0017132405872835E+03
   9.3167700000000000E+08   7.9411849221111799E+04   1.6068001124262144E-09   1.7648064038146085E-24   6.0071666333208395E+03
   9.3367700000000000E+08   8.0091252460395204E+04   1.5830085306307719E-09   1.7371153151460920E-24   6.0125610750505330E+03
   9.3567700000000000E+08   8.0771959133997254E+04   1.5596718834840222E-09   1.7099891356079141E-24   6.0178974886103688E+03
   9.3767700000000000E+08   8.1453930272999671E+04   1.5367793530041971E-09   1.6834134760352973E-24   6.0231767771982641E+03
   9.3967700000000000E+08   8.2137187081456752E+04   1.5143208747820527E-09   1.6573748729042316E-24   6.0283998249303495E+03
   9.4167700000000000E+08   8.2821813787322768E+04   1.4922867861864662E-09   1.6318604032647466E-24   6.0335674974224421E+03
   9.4367700000000000E+08   8.3507786323274806E+04   1.4706665309443428E-09   1.6068562704864343E-24   6.0386806422616610E+03
   9.4567700000000000E+08   8.4194808909300467E+04   1.4494476153664235E-09   1.5823466609585169E-24   6.0437400893064059E+03
   9.4767700000000000E+08   8.4882391492189083E+04   1.4286165949359152E-09   1.5583148123036423E-24   6.0487466509572423E+03
   9.4967700000000000E+08   8.5570131140834565E+04   1.4081617490144999E-09   1.5347459220097327E-24   6.0537011226186287E+03
   9.5167700000000000E+08   8.6257958272906821E+04   1.3880749051679557E-09   1.5116291303778631E-24   6.0586042834659320E+03
   9.5367700000000000E+08   8.6946552325399840E+04   1.3683513796201484E-09   1.4889574335740524E-24   6.0634568973487840E+03
   9.5567700000000000E+08   8.7636583768726210E+04   1.3489909663065768E-09   1.4667287191774367E-24   6.0682597132982237E+03
   9.5767700000000000E+08   8.8328533900478549E+04   1.3299957922132715E-09   1.4449436327437559E-24   6.0730134657090875E+03
   9.5967700000000000E+08   8.9022350230863041E+04   1.3113502787841903E-09   1.4235836019951613E-24   6.0777188743675388E+03
   9.6167700000000000E+08   8.9717540341413856E+04   1.2930436283594975E-09   1.4026352094060781E-24   6.0823766445669107E+03
   9.6367700000000000E+08   9.0413918915687391E+04   1.2750670532082658E-09   1.3820873209913993E-24   6.0869874675474712E+03
   9.6567700000000000E+08   9.1111394123617021E+04   1.2574127405101371E-09   1.3619299336333600E-24   6.0915520209298702E+03
   9.6767700000000000E+08   9.1809904720944673E+04   1.2400733555226299E-09   1.3421536247169820E-24   6.0960709690987151E+03
   9.6967700000000000E+08   9.2509402823105411E+04   1.2230418747447328E-09   1.3227493657901361E-24   6.1005449635538280E+03
   9.7167700000000000E+08   9.3209848775491366E+04   1.2063115249354644E-09   1.3037084532287826E-24   6.1049746432410466E+03
   9.7367700000000000E+08   9.3911208798123087E+04   1.1898757512630162E-09   1.2850224712204740E-24   6.1093606348680387E+03
   9.7567700000000000E+08   9.4613453331744342E+04   1.1737281945152887E-09   1.2666832648643253E-24   6.1137035532079699E+03
   9.7767700000000000E+08   9.5316555638235775E+04   1.1578626744235970E-09   1.2486829200536022E-24   6.1180040013926264E+03
   9.7967700000000000E+08   9.6020490769397889E+04   1.1422731774303294E-09   1.2310137482895649E-24   6.1222625711958572E+03
   9.8167700000000000E+08   9.6725235069467293E+04   1.1269538467026853E-09   1.2136682740389522E-24   6.1264798433079286E+03
   9.8367700000000000E+08   9.7430766033661188E+04   1.1118989738237082E-09   1.1966392240110487E-24   6.1306563876014907E+03
   9.8567700000000000E+08   9.8137062237458769E+04   1.0971029924816673E-09   1.1799195186833296E-24   6.1347927633896425E+03
   9.8767700000000000E+08   9.8844103240147218E+04   1.0825604737062577E-09   1.1635022655738782E-24   6.1388895196764834E+03
   9.8967700000000000E+08   9.9551869433915039E+04   1.0682661218248015E-09   1.1473807533616437E-24   6.1429471954000992E+03
   9.9167700000000000E+08   1.0026034181568908E+05   1.0542147707691568E-09   1.1315484464484332E-24   6.1469663196686515E+03
   9.9367700000000000E+08   1.0096950186530738E+05   1.0404013808696336E-09   1.1159989800975903E-24   6.1509474119893657E+03
   9.9567700000000000E+08   1.0167933193225382E+05   1.0268210370739001E-09   1.1007261571452668E-24   6.1548909824911443E+03
   9.9767700000000000E+08   1.0238981646410911E+05   1.0134689504930277E-09   1.0857239483164435E-24   6.1587975321412569E+03
   9.9967700000000000E+08   1.0310094395805142E+05   1.0003404645586385E-09   1.0709864975181871E-24   6.1626675529567738E+03
   1.0016770000000000E+09   1.0381270888708704E+05   9.8743106422540704E-10   1.0565081304326058E-24   6.1665015282111108E+03
   1.0036770000000000E+09   1.0452511263751863E+05   9.7473638269183006E-10   1.0422833604985168E-24   6.1702999326352883E+03
   1.0056770000000000E+09   1.0523816224351541E+05   9.6225219529741632E-10   1.0283068812509139E-24   6.1740632326132427E+03
   1.0076770000000000E+09   1.0595186648158220E+05   9.4997439802989580E-10   1.0145735423010041E-24   6.1777918863696113E+03
   1.0096770000000000E+09   1.0666623001898537E+05   9.3789896973229871E-10   1.0010783080114019E-24   6.1814863441497919E+03
   1.0116770000000000E+09   1.0738124764376073E+05   9.2602192890047274E-10   9.8781621048686003E-25   6.1851470483920284E+03
   1.0136770000000000E+09   1.0809689946624055E+05   9.1433930027682380E-10   9.7478231314360659E-25   6.1887744338921739E+03
   1.0156770000000000E+09   1.0881314485664746E+05   9.0284710911833123E-10   9.6197170377006439E-25   6.1923689279632508E+03
   1.0176770000000000E+09   1.0952993191648176E+05   8.9154135960669833E-10   9.4937947114895730E-25   6.1959309505922556E+03
   1.0196770000000000E+09   1.1024719701320140E+05   8.8041808008352112E-10   9.3700075194912015E-25   6.1994609145954228E+03
   1.0216770000000000E+09   1.1096487513173108E+05   8.6947337906490319E-10   9.2483078995173178E-25   6.2029592257734002E+03
   1.0236770000000000E+09   1.1168290854770993E+05   8.5870348731903741E-10   9.1286497996321411E-25   6.2064262830665284E+03
   1.0256770000000000E+09   1.1240125324558407E+05   8.4810479113614915E-10   9.0109890237541353E-25   6.2098624787090766E+03
   1.0276770000000000E+09   1.1311988219729984E+05   8.3767384736692028E-10   8.8952833831334949E-25   6.2132681983808552E+03
   1.0296770000000000E+09   1.1383878531082402E+05   8.2740737957458934E-10   8.7814926471093734E-25   6.2166438213546517E+03
   1.0316770000000000E+09   1.1455796670531253E+05   8.1730225965578771E-10   8.6695783398013801E-25   6.2199897206383057E+03
   1.0336770000000000E+09   1.1527744044861911E+05   8.0735548166674683E-10   8.5595034545821985E-25   6.2233062631108005E+03
   1.0356770000000000E+09   1.1599722593607924E+05   7.9756413453258102E-10   8.4512321573924091E-25   6.2265938096525852E+03
   1.0376770000000000E+09   1.1671734381803292E+05   7.8792537859556466E-10   8.3447295315201813E-25   6.2298527152704737E+03
   1.0396770000000000E+09   1.1743781298570921E+05   7.7843642857562773E-10   8.2399613910613120E-25   6.2330833292178568E+03
   1.0416770000000000E+09   1.1815864875118244E+05   7.6909454334095606E-10   8.1368941671339178E-25   6.2362859951110831E+03
   1.0436770000000000E+09   1.1887986208635251E+05   7.5989702142583996E-10   8.0354948554204842E-25   6.2394610510425164E+03
   1.0456770000000000E+09   1.1960145964393178E+05   7.5084120057735091E-10   7.9357310066838839E-25   6.2426088296908556E+03
   1.0476770000000000E+09   1.2032344425678198E+05   7.4192445957836957E-10   7.8375707415850845E-25   6.2457296584290289E+03
   1.0496770000000000E+09   1.2104581565821101E+05   7.3314422092775284E-10   7.7409827747055807E-25   6.2488238594297582E+03
   1.0516770000000000E+09   1.2176857123993849E+05   7.2449795343311780E-10   7.6459364377416983E-25   6.2518917497689554E+03
   1.0536770000000000E+09   1.2249170673886221E+05   7.1598317421733806E-10   7.5524016965814143E-25   6.2549336415269590E+03
   1.0556770000000000E+09   1.2321521680420480E+05   7.0759744996969596E-10   7.4603491604795602E-25   6.2579498418876210E+03
   1.0576770000000000E+09   1.2393909543635829E+05   6.9933839747595338E-10   7.3697500837046862E-25   6.2609406532350849E+03
   1.0596770000000000E+09   1.2466333631006343E+05   6.9120368355971987E-10   7.2805763610682417E-25   6.2639063732485547E+03
   1.0616770000000000E+09   1.2538793300347918E+05   6.8319102459136059E-10   7.1928005189971001E-25   6.2668472949947836E+03
   1.0636770000000000E+09   1.2611287915550520E+05   6.7529818570570688E-10   7.1063957036482671E-25   6.2697637070184082E+03
   1.0656770000000000E+09   1.2683816857061771E+05   6.6752297984005494E-10   7.0213356672463351E-25   6.2726558934302957E+03
   1.0676770000000000E+09   1.2756379528651532E+05   6.5986326667242178E-10   6.9375947534890580E-25   6.2755241339936692E+03
   1.0696770000000000E+09   1.2828975361602483E+05   6.5231695151473690E-10   6.8551478825964879E-25   6.2783687042083229E+03
   1.0716770000000000E+09   1.2901603817169917E+05   6.4488198419705371E-10   6.7739705363820125E-25   6.2811898753927462E+03
   1.0736770000000000E+09   1.2974264387925841E+05   6.3755635796615502E-10   6.6940387435878429E-25   6.2839879147645270E+03
   1.0756770000000000E+09   1.3046956598421956E+05   6.3033810841286206E-10   6.6153290656323782E-25   6.2867630855186180E+03
   1.0776770000000000E+09   1.3119680005460180E+05   6.2322531243561772E-10   6.5378185828444875E-25   6.2895156469040012E+03
   1.0796770000000000E+09   1.3192434198132166E+05   6.1621608724267276E-10   6.4614848812055840E-25   6.2922458542984214E+03
   1.0816770000000000E+09   1.3265218797696082E+05   6.0930858939135354E-10   6.3863060395792156E-25   6.2949539592815236E+03
   1.0836770000000000E+09   1.3338033457293944E+05   6.0250101386080408E-10   6.3122606173866596E-25   6.2976402097061882E+03
   1.0856770000000000E+09   1.3410877861487208E+05   5.9579159315406244E-10   6.2393276426812119E-25   6.3003048497683058E+03
   1.0876770000000000E+09   1.3483751725590104E+05   5.8917859642603981E-10   6.1674866005815924E-25   6.3029481200749651E+03
   1.0896770000000000E+09   1.3556654794798186E+05   5.8266032863529959E-10   6.0967174220391692E-25   6.3055702577110396E+03
   1.0916770000000000E+09   1.3629586843129082E+05   5.7623512971884740E-10   6.0270004729272808E-25   6.3081714963043123E+03
   1.0936770000000000E+09   1.3702547672203172E+05   5.6990137378996938E-10   5.9583165434500760E-25   6.3107520660891214E+03
   1.0956770000000000E+09   1.3775537109890379E+05   5.6365746835938496E-10   5.8906468378706577E-25   6.3133121939685079E+03
   1.0976770000000000E+09   1.3848555008837767E+05   5.5750185357969499E-10   5.8239729645553345E-25   6.3158521035751264E+03
   1.0996770000000000E+09   1.3921601244872255E+05   5.5143300151262853E-10   5.7582769263263255E-25   6.3183720153306222E+03
   1.1016770000000000E+09   1.3994675715257358E+05   5.4544941541808158E-10   5.6935411111095057E-25   6.3208721465037916E+03
   1.1036770000000000E+09   1.4067778336765917E+05   5.3954962906366295E-10   5.6297482828613525E-25   6.3233527112674747E+03
   1.1056770000000000E+09   1.4140909043522694E+05   5.3373220605340901E-10   5.5668815727587705E-25   6.3258139207541135E+03
   1.1076770000000000E+09   1.4214067784567564E+05   5.2799573917445595E-10   5.5049244706367307E-25   6.3282559831101271E+03
   1.1096770000000000E+09   1.4287254521088471E+05   5.2233884976080317E-10   5.4438608166624914E-25   6.3306791035490887E+03
   1.1116770000000000E+09   1.4360469223277966E+05   5.1676018707356951E-10   5.3836747932380009E-25   6.3330834844037990E+03
   1.1136770000000000E+09   1.4433711866769285E+05   5.1125842769746148E-10   5.3243509171256003E-25   6.3354693251771050E+03
   1.1156770000000000E+09   1.4506982428613811E+05   5.0583227495338538E-10   5.2658740317942058E-25   6.3378368225917193E+03
   1.1176770000000000E+09   1.4580280882765551E+05   5.0048045832728084E-10   5.2082292999849179E-25   6.3401861706389318E+03
   1.1196770000000000E+09   1.4653607195045520E+05   4.9520173291527312E-10   5.1514021964952344E-25   6.3425175606262583E+03
   1.1216770000000000E+09   1.4726961317566462E+05   4.8999487888521769E-10   5.0953785011808333E-25   6.3448311812240572E+03
   1.1236770000000000E+09   1.4800343182606675E+05   4.8485870095463314E-10   5.0401442921731160E-25   6.3471272185111238E+03
   1.1256770000000000E+09   1.4873752695934341E+05   4.7979202788486081E-10   4.9856859393090887E-25   6.3494058560194126E+03
   1.1276770000000000E+09   1.4947189729599078E+05   4.7479371199107694E-10   4.9319900977682127E-25   6.3516672747776875E+03
   1.1296770000000000E+09   1.5020654114223507E+05   4.6986262866756837E-10   4.8790437019084598E-25   6.3539116533542465E+03
   1.1316770000000000E+09   1.5094145630847986E+05   4.6499767592745112E-10   4.8268339592914473E-25   6.3561391678988384E+03
   1.1336770000000000E+09   1.5167664002405584E+05   4.6019777395565412E-10   4.7753483448832266E-25   6.3583499921835419E+03
   1.1356770000000000E+09   1.5241208884928917E+05   4.5546186467375545E-10   4.7245745954144017E-25   6.3605442976429504E+03
   1.1376770000000000E+09   1.5314779858618218E+05   4.5078891131489174E-10   4.6745007038801693E-25   6.3627222534133443E+03
   1.1396770000000000E+09   1.5388376418928691E+05   4.4617789800670432E-10   4.6251149141577093E-25   6.3648840263711099E+03
   1.1416770000000000E+09   1.5461997967865394E+05   4.4162782935996125E-10   4.5764057157154177E-25   6.3670297811704440E+03
   1.1436770000000000E+09   1.5535643805702039E+05   4.3713773006026085E-10   4.5283618383861782E-25   6.3691596802800932E+03
   1.1456770000000000E+09   1.5609313123367750E+05   4.3270664446003303E-10   4.4809722471748286E-25   6.3712738840194370E+03
   1.1476770000000000E+09   1.5683004995770671E+05   4.2833363616791023E-10   4.4342261370686548E-25   6.3733725505938073E+03
   1.1496770000000000E+09   1.5756718376344570E+05   4.2401778763252940E-10   4.3881129278197877E-25   6.3754558361291520E+03
   1.1516770000000000E+09   1.5830452093118522E+05   4.1975819971784735E-10   4.3426222586688040E-25   6.3775238947058233E+03
   1.1536770000000000E+09   1.5904204846611974E+05   4.1555399126730115E-10   4.2977439829811592E-25   6.3795768783918693E+03
   1.1556770000000000E+09   1.5977975209851158E+05   4.1140429865441028E-10   4.2534681627713126E-25   6.3816149372755681E+03
   1.1576770000000000E+09   1.6051761630782613E+05   4.0730827531790333E-10   4.2097850630943191E-25   6.3836382194972903E+03
   1.1596770000000000E+09   1.6125562437326842E+05   4.0326509128006499E-10   4.1666851462909336E-25   6.3856468712808692E+03
   1.1616770000000000E+09   1.6199375845266526E+05   3.9927393264772520E-10   4.1241590660802142E-25   6.3876410369641899E+03
   1.1636770000000000E+09   1.6273199969100827E+05   3.9533400109622509E-10   4.0821976615025536E-25   6.3896208590293472E+03
   1.1656770000000000E+09   1.6347032835919649E+05   3.9144451333765622E-10   4.0407919507264319E-25   6.3915864781321698E+03
   1.1676770000000000E+09   1.6420872402260275E+05   3.8760470057576996E-10   3.9999331247432222E-25   6.3935380331313008E+03
   1.1696770000000000E+09   1.6494716573807303E+05   3.8381380795102146E-10   3.9596125409856376E-25   6.3954756611165649E+03
   1.1716770000000000E+09   1.6568563227685276E+05   3.8007109398038459E-10   3.9198217169170538E-25   6.3973994974369371E+03
   1.1736770000000000E+09   1.6642410236983027E+05   3.7637582999754015E-10   3.8805523236489748E-25   6.3993096757281364E+03
   1.1756770000000000E+09   1.6716255497034953E+05   3.7272729959995362E-10   3.8417961796533732E-25   6.4012063279395898E+03
   1.1776770000000000E+09   1.6790096952884187E+05   3.6912479811004594E-10   3.8035452446433490E-25   6.4030895843608523E+03
   1.1796770000000000E+09   1.6863932627262507E+05   3.6556763205811248E-10   3.7657916136998569E-25   6.4049595736478868E+03
   1.1816770000000000E+09   1.6937760648354841E+05   3.6205511869470761E-10   3.7285275117232928E-25   6.4068164228486694E+03
   1.1836770000000000E+09   1.7011579276575285E+05   3.5858658553998897E-10   3.6917452882857826E-25   6.4086602574283743E+03
   1.1856770000000000E+09   1.7085386929571425E+05   3.5516136997689720E-10   3.6554374129536174E-25   6.4104912012942214E+03
   1.1876770000000000E+09   1.7159182204697109E+05   3.5177881889404248E-10   3.6195964711389217E-25   6.4123093768198132E+03
   1.1896770000000000E+09   1.7232963898252958E+05   3.4843828838286663E-10   3.5842151605259387E-25   6.4141149048692350E+03
   1.1916770000000000E+09   1.7306731020886006E+05   3.4513914349201286E-10   3.5492862881007322E-25   6.4159079048205285E+03
   1.1936770000000000E+09   1.7380482808661924E+05   3.4188075804007602E-10   3.5148027677946396E-25   6.4176884945888551E+03
   1.1956770000000000E+09   1.7454218729467958E+05   3.3866251448600225E-10   3.4807576187324139E-25   6.4194567906493139E+03
   1.1976770000000000E+09   1.7527938484567311E+05   3.3548380385450137E-10   3.4471439640566036E-25   6.4212129080592340E+03
   1.1996770000000000E+09   1.7601642005297108E+05   3.3234402571205470E-10   3.4139550302812493E-25   6.4229569604801745E+03
   1.2016770000000000E+09   1.7675329445067744E+05   3.2924258818752698E-10   3.3811841471123145E-25   6.4246890601993200E+03
   1.2036770000000000E+09   1.7749001166985417E+05   3.2617890803008897E-10   3.3488247476585378E-25   6.4264093181507997E+03
   1.2056770000000000E+09   1.7822657727560046E+05   3.2315241069613876E-10   3.3168703689468704E-25   6.4281178439363330E+03
   1.2076770000000000E+09   1.7896299857084994E+05   3.2016253045633792E-10   3.2853146526504115E-25   6.4298147458454469E+03
   1.2096770000000000E+09   1.7969928437371849E+05   3.1720871051358339E-10   3.2541513459340195E-25   6.4315001308755873E+03
   1.2116770000000000E+09   1.8043544477589373E+05   3.1429040312283292E-10   3.2233743023244913E-25   6.4331741047514279E+03
   1.2136770000000000E+09   1.8117149088997385E+05   3.1140706970413594E-10   3.1929774825160446E-25   6.4348367719442258E+03
   1.2156770000000000E+09   1.8190743459371378E+05   3.0855818094089869E-10   3.1629549550298646E-25   6.4364882356903636E+03
   1.2176770000000000E+09   1.8264328827891807E+05   3.0574321685645285E-10   3.1333008966564647E-25   6.4381285980099110E+03
   1.2196770000000000E+09   1.8337906461217962E+05   3.0296166686312830E-10   3.1040095926220975E-25   6.4397579597245149E+03
   1.2216770000000000E+09   1.8411477631381346E+05   3.0021302977950347E-10   3.0750754364350938E-25   6.4413764204750278E+03
   1.2236770000000000E+09   1.8485043596023906E+05   2.9749681381300061E-10   3.0464929293836445E-25   6.4429840787388684E+03
   1.2256770000000000E+09   1.8558605581370482E+05   2.9481253650662993E-10   3.0182566796733229E-25   6.4445810318470094E+03
   1.2276770000000000E+09   1.8632164768177181E+05   2.9215972465028698E-10   2.9903614012090502E-25   6.4461673760005551E+03
   1.2296770000000000E+09   1.8705722280738276E+05   2.8953791415857630E-10   2.9628019120421231E-25   6.4477432062870685E+03
   1.2316770000000000E+09   1.8779279178887597E+05   2.8694664991841372E-10   2.9355731325160084E-25   6.4493086166966405E+03
   1.2336770000000000E+09   1.8852836452792140E+05   2.8438548561075282E-10   2.9086700831558314E-25   6.4508637001375164E+03
   1.2356770000000000E+09   1.8926395020230667E+05   2.8185398351148800E-10   2.8820878823533108E-25   6.4524085484516327E+03
   1.2376770000000000E+09   1.8999955725976915E+05   2.7935171427687815E-10   2.8558217439020803E-25   6.4539432524297818E+03
   1.2396770000000000E+09   1.9073519342870516E+05   2.7687825671881122E-10   2.8298669744378218E-25   6.4554679018264160E+03
   1.2416770000000000E+09   1.9147086574157700E+05   2.7443319757487332E-10   2.8042189708337390E-25   6.4569825853744396E+03
   1.2436770000000000E+09   1.9220658056713789E+05   2.7201613127751044E-10   2.7788732175952947E-25   6.4584873907994370E+03
   1.2456770000000000E+09   1.9294234364803592E+05   2.6962665972592837E-10   2.7538252842909754E-25   6.4599824048339651E+03
   1.2476770000000000E+09   1.9367816014096688E+05   2.6726439206350366E-10   2.7290708230473538E-25   6.4614677132314237E+03
   1.2496770000000000E+09   1.9441403465713220E+05   2.6492894446278144E-10   2.7046055661293106E-25   6.4629434007796299E+03
   1.2516770000000000E+09   1.9514997130130418E+05   2.6261993991949921E-10   2.6804253236196277E-25   6.4644095513144321E+03
   1.2536770000000000E+09   1.9588597370830397E+05   2.6033700805647341E-10   2.6565259812064231E-25   6.4658662477327971E+03
   1.2556770000000000E+09   1.9662204507610065E+05   2.5807978493780742E-10   2.6329034980825603E-25   6.4673135720059363E+03
   1.2576770000000000E+09   1.9735818819508617E+05   2.5584791289349313E-10   2.6095539049575707E-25   6.4687516051920584E+03
   1.2596770000000000E+09   1.9809440547338355E+05   2.5364104035419796E-10   2.5864733021796886E-25   6.4701804274487904E+03
   1.2616770000000000E+09   1.9883069895824173E+05   2.5145882169589784E-10   2.5636578579639701E-25   6.4716001180458552E+03
   1.2636770000000000E+09   1.9956707035376466E+05   2.4930091709377539E-10   2.5411038067207000E-25   6.4730107553769958E+03
   1.2656770000000000E+09   2.0030352103526579E+05   2.4716699238485530E-10   2.5188074474781112E-25   6.4744124169720126E+03
   1.2676770000000000E+09   2.0104005206056155E+05   2.4505671893880017E-10   2.4967651423933937E-25   6.4758051795086030E+03
   1.2696770000000000E+09   2.0177666417845964E+05   2.4296977353633831E-10   2.4749733153464650E-25   6.4771891188238205E+03
   1.2716770000000000E+09   2.0251335783458198E+05   2.4090583825492314E-10   2.4534284506120204E-25   6.4785643099256149E+03
   1.2736770000000000E+09   2.0325013317457569E+05   2.3886460036124550E-10   2.4321270916059936E-25   6.4799308270039319E+03
   1.2756770000000000E+09   2.0398699004467140E+05   2.3684575221032183E-10   2.4110658397033059E-25   6.4812887434416871E+03
   1.2776770000000000E+09   2.0472392798949894E+05   2.3484899115089440E-10   2.3902413531239394E-25   6.4826381318258200E+03
   1.2796770000000000E+09   2.0546094624702839E+05   2.3287401943686000E-10   2.3696503458845384E-25   6.4839790639577068E+03
   1.2816770000000000E+09   2.0619804374051312E+05   2.3092054414447701E-10   2.3492895868124914E-25   6.4853116108638833E+03
   1.2836770000000000E+09   2.0693521906727148E+05   2.2898827709503151E-10   2.3291558986193803E-25   6.4866358428061558E+03
   1.2856770000000000E+09   2.0767247048411422E+05   2.2707693478269616E-10   2.3092461570306906E-25   6.4879518292918910E+03
   1.2876770000000000E+09   2.0840979588915338E+05   2.2518623830729611E-10   2.2895572899688504E-25   6.4892596390840745E+03
   1.2896770000000000E+09   2.0914719279962598E+05   2.2331591331173746E-10   2.2700862767870751E-25   6.4905593402109271E+03
   1.2916770000000000E+09   2.0988465832521894E+05   2.2146568992396129E-10   2.2508301475521914E-25   6.4918509999758262E+03
   1.2936770000000000E+09   2.1062218913616918E+05   2.1963530270332714E-10   2.2317859823757380E-25   6.4931346849665661E+03
   1.2956770000000000E+09   2.1135978142515899E+05   2.1782449059154273E-10   2.2129509107940148E-25   6.4944104610649129E+03
   1.2976770000000000E+09   2.1209743086174515E+05   2.1603299686834003E-10   2.1943221111992809E-25   6.4956783934557625E+03
   1.2996770000000000E+09   2.1283513253785486E+05   2.1426056911225043E-10   2.1758968103254627E-25   6.4969385466361009E+03
   1.3016770000000000E+09   2.1357288090296104E+05   2.1250695916676649E-10   2.1576722827910775E-25   6.4981909844240408E+03
   1.3036770000000000E+09   2.1431066968813827E+05   2.1077192311181638E-10   2.1396458506986198E-25   6.4994357699674711E+03
   1.3056770000000000E+09   2.1504849181977322E+05   2.0905522123960993E-10   2.1218148832805545E-25   6.5006729657527712E+03
   1.3076770000000000E+09   2.1578633932651157E+05   2.0735661803235028E-10   2.1041767965664199E-25   6.5019026336132201E+03
   1.3096770000000000E+09   2.1652420324754523E+05   2.0567588213687892E-10   2.0867290530207801E-25   6.5031248347373366E+03
   1.3116770000000000E+09   2.1726207355641262E+05   2.0401278632815482E-10   2.0694691610697755E-25   6.5043396296770416E+03
   1.3136770000000000E+09   2.1799993912173834E+05   2.0236710744984678E-10   2.0523946743973793E-25   6.5055470783557494E+03
   1.3156770000000000E+09   2.1873778773340760E+05   2.0073862631701875E-10   2.0355031908592725E-25   6.5067472400762435E+03
   1.3176770000000000E+09   2.1947560622735924E+05   1.9912712756418977E-10   2.0187923508452240E-25   6.5079401735285892E+03
   1.3196770000000000E+09   2.2021338074142276E+05   1.9753239942349335E-10   2.0022598349360121E-25   6.5091259367977991E+03
   1.3216770000000000E+09   2.2095109712506420E+05   1.9595423342396945E-10   1.9859033607651244E-25   6.5103045873713163E+03
   1.3236770000000000E+09   2.2168874150493377E+05   1.9439242401527724E-10   1.9697206791197930E-25   6.5114761821467619E+03
   1.3256770000000000E+09   2.2242630097541815E+05   1.9284676813705153E-10   1.9537095694979971E-25   6.5126407774394120E+03
   1.3276770000000000E+09   2.2316376434268465E+05   1.9131706477640393E-10   1.9378678355530542E-25   6.5137984289894903E+03
   1.3296770000000000E+09   2.2390112281060856E+05   1.8980311457572361E-10   1.9221933010555624E-25   6.5149491919696256E+03
   1.3316770000000000E+09   2.2463837047079747E+05   1.8830471956383720E-10   1.9066838071117729E-25   6.5160931209923529E+03
   1.3336770000000000E+09   2.2537550446165932E+05   1.8682168307826894E-10   1.8913372113221054E-25   6.5172302701171584E+03
   1.3356770000000000E+09   2.2611252470465878E+05   1.8535380991964432E-10   1.8761513892915035E-25   6.5183606928576182E+03
   1.3376770000000000E+09   2.2684943321065145E+05   1.8390090673187651E-10   1.8611242384227747E-25   6.5194844421886919E+03
   1.3396770000000000E+09   2.2758623306091162E+05   1.8246278254256937E-10   1.8462536833254236E-25   6.5206015705532891E+03
   1.3416770000000000E+09   2.2832292727453681E+05   1.8103924934449452E-10   1.8315376816314408E-25   6.5217121298691573E+03
   1.3436770000000000E+09   2.2905951783517926E+05   1.7963012257201337E-10   1.8169742287398640E-25   6.5228161715352044E+03
   1.3456770000000000E+09   2.2979600512936476E+05   1.7823522134345544E-10   1.8025613601881717E-25   6.5239137464378782E+03
   1.3476770000000000E+09   2.3053238793457643E+05   1.7685436840516431E-10   1.7882971510057984E-25   6.5250049049573536E+03
   1.3496770000000000E+09   2.3126866391479407E+05   1.7548738980900194E-10   1.7741797123773100E-25   6.5260896969737632E+03
   1.3516770000000000E+09   2.3200483039893719E+05   1.7413411444794080E-10   1.7602071868800805E-25   6.5271681718730397E+03
   1.3536770000000000E+09   2.3274088511401438E+05   1.7279437362334032E-10   1.7463777440523823E-25   6.5282403785529823E+03
   1.3556770000000000E+09   2.3347682657727471E+05   1.7146800079532841E-10   1.7326895778197295E-25   6.5293063654294083E+03
   1.3576770000000000E+09   2.3421265401853123E+05   1.7015483157831793E-10   1.7191409064011346E-25   6.5303661804416533E+03
   1.3596770000000000E+09   2.3494836693202538E+05   1.6885470392634822E-10   1.7057299741306859E-25   6.5314198710584742E+03
   1.3616770000000000E+09   2.3568396453067099E+05   1.6756745836646659E-10   1.6924550537594247E-25   6.5324674842836130E+03
   1.3636770000000000E+09   2.3641944539801721E+05   1.6629293812968000E-10   1.6793144477186291E-25   6.5335090666614469E+03
   1.3656770000000000E+09   2.3715480749008627E+05   1.6503098910300375E-10   1.6663064875764018E-25   6.5345446642821325E+03
   1.3676770000000000E+09   2.3789004841717149E+05   1.6378145963800564E-10   1.6534295320490864E-25   6.5355743227876446E+03
   1.3696770000000000E+09   2.3862516577552378E+05   1.6254420033091294E-10   1.6406819647316094E-25   6.5365980873771750E+03
   1.3716770000000000E+09   2.3936015730294978E+05   1.6131906388764333E-10   1.6280621926893456E-25   6.5376160028131308E+03
   1.3736770000000000E+09   2.4009502078911359E+05   1.6010590511054918E-10   1.6155686462795189E-25   6.5386281134269666E+03
   1.3756770000000000E+09   2.4082975385872822E+05   1.5890458095216600E-10   1.6031997796473053E-25   6.5396344631245802E+03
   1.3776770000000000E+09   2.4156435382144619E+05   1.5771495054343338E-10   1.5909540709629047E-25   6.5406350953909914E+03
   1.3796770000000000E+09   2.4229881769644239E+05   1.5653687514343699E-10   1.5788300218675004E-25   6.5416300532945643E+03
   1.3816770000000000E+09   2.4303314235588722E+05   1.5537021803485526E-10   1.5668261563748490E-25   6.5426193794892361E+03
   1.3836770000000000E+09   2.4376732463090215E+05   1.5421484443699898E-10   1.5549410199537359E-25   6.5436031162163654E+03
   1.3856770000000000E+09   2.4450136125145238E+05   1.5307062149408259E-10   1.5431731793714723E-25   6.5445813053059373E+03
   1.3876770000000000E+09   2.4523524855652085E+05   1.5193741835922202E-10   1.5315212235036880E-25   6.5455539881799441E+03
   1.3896770000000000E+09   2.4596898179021143E+05   1.5081510642837617E-10   1.5199837656596517E-25   6.5465212058590660E+03
   1.3916770000000000E+09   2.4670255317470132E+05   1.4970356000567795E-10   1.5085594502693749E-25   6.5474829989757727E+03
   1.3936770000000000E+09   2.4743594624772543E+05   1.4860265830244637E-10   1.4972469730495104E-25   6.5484394077936977E+03
   1.3956770000000000E+09   2.4816911980217948E+05   1.4751229116287623E-10   1.4860451388129412E-25   6.5493904722299976E+03
   1.3976770000000000E+09   2.4890196510141462E+05   1.4643237435800260E-10   1.4749530158803004E-25   6.5503362318714589E+03
   1.3996770000000000E+09   2.4963419928207845E+05   1.4536288769923055E-10   1.4639703207564455E-25   6.5512767259659577E+03
   1.4016770000000000E+09   2.5036511877467582E+05   1.4430396321493678E-10   1.4530983076702002E-25   6.5522119933641379E+03
   1.4036770000000000E+09   2.5109307703248292E+05   1.4325607210032821E-10   1.4423416534755869E-25   6.5531420723835645E+03
   1.4056770000000000E+09   2.5181449369845388E+05   1.4222038025247074E-10   1.4317120398209797E-25   6.5540670005767433E+03
   1.4076770000000000E+09   2.5252223308420344E+05   1.4119933290230003E-10   1.4212340383098908E-25   6.5549868144186230E+03
   1.4096770000000000E+09   2.5320349165896708E+05   1.4019742377849019E-10   1.4109528424582525E-25   6.5559015489969124E+03
   1.4116770000000000E+09   2.5383813268982968E+05   1.3922181996011697E-10   1.4009405256224489E-25   6.5568112378913675E+03
   1.4136770000000000E+09   2.5439965678785412E+05   1.3828205560073637E-10   1.3912929002554740E-25   6.5577159135255088E+03
   1.4156770000000000E+09   2.5486174955285017E+05   1.3738769819309108E-10   1.3821059645163378E-25   6.5586156082233256E+03
   1.4176770000000000E+09   2.5521139769992346E+05   1.3654352393342297E-10   1.3734273355016183E-25   6.5595103557246239E+03
   1.4196770000000000E+09   2.5546320841197213E+05   1.3574402666735280E-10   1.3652011101913632E-25   6.5604001917292162E+03
   1.4216770000000000E+09   2.5566253860669050E+05   1.3497187481969596E-10   1.3572525800401262E-25   6.5612851505224162E+03
   1.4236770000000000E+09   2.5586884409092675E+05   1.3420400056576982E-10   1.3493496749803483E-25   6.5621652551579664E+03
   1.4256770000000000E+09   2.5613170790759893E+05   1.3342129564062478E-10   1.3413003906228893E-25   6.5630405062277569E+03
   1.4276770000000000E+09   2.5648885033150992E+05   1.3261048728190651E-10   1.3329713486682714E-25   6.5639108941481672E+03
   1.4296770000000000E+09   2.5699182352641848E+05   1.3175493616855487E-10   1.3241952254154393E-25   6.5647764768642928E+03
   1.4316770000000000E+09   2.5770248400770035E+05   1.3082794128441028E-10   1.3147038341973235E-25   6.5656375152350292E+03
   1.4336770000000000E+09   2.5877696591342034E+05   1.2983956225858083E-10   1.3045988202765323E-25   6.5664944827737490E+03
   1.4356770000000000E+09   2.5890036759278568E+05   1.2844749539970043E-10   1.2904411482986235E-25   6.5673457386096388E+03
