  99.9999999999964615   5.0000000000000003E-02 390 2001
  75.4116216248195883  20.3256673978489211
   6.5767700000000000E+08  -1.1781633967688510E+03   2.2588167524624792E-08   3.7991683828345340E-18   1.1437721805393678E+03
   6.5967700000000000E+08  -1.1254353883807487E+03   2.8775335269491704E-08   4.6722131886768735E-18   1.1847993654767488E+03
   6.6167700000000000E+08  -1.0330767505137128E+03   3.1120334580286897E-08   4.9307151838303921E-18   1.2141753515902303E+03
   6.6367700000000000E+08  -8.9970522423536079E+02   3.1275922957637983E-08   4.8748804142055052E-18   1.2342218756532156E+03
   6.6567700000000000E+08  -6.4013697603554215E+02   2.9782130999301152E-08   4.5889311355631949E-18   1.2485079170469871E+03
   6.6767700000000000E+08  -2.8953854733220442E+02   2.7416002208804950E-08   4.1897787322000368E-18   1.2588097847158404E+03
   6.6967700000000000E+08   1.2429081210539555E+02   2.4760450454260434E-08   3.7611913623676220E-18   1.2664270633388928E+03
   6.7167700000000000E+08   5.7636754286108612E+02   2.2163614250438422E-08   3.3512236704654672E-18   1.2722845092521184E+03
   6.7367700000000000E+08   1.0491304121020041E+03   1.9791507052099310E-08   2.9813297699330065E-18   1.2770735795984674E+03
   6.7567700000000000E+08   1.5261914006529798E+03   1.7701535838524133E-08   2.6576635545782190E-18   1.2813212223976468E+03
   6.7767700000000000E+08   1.9857818042040644E+03   1.5896149269164111E-08   2.3789636273080337E-18   1.2854381995184503E+03
   6.7967700000000000E+08   2.4001015762201109E+03   1.4354186944405127E-08   2.1409339463620336E-18   1.2898000850056947E+03
   6.8167700000000000E+08   2.7477605672142786E+03   1.3046445729816148E-08   1.9381267937326950E-18   1.2949622194009364E+03
   6.8367700000000000E+08   3.0182281466621298E+03   1.1945645793680264E-08   1.7647901921281442E-18   1.3021578191826904E+03
   6.8567700000000000E+08   3.2115050924560464E+03   1.1033532719713318E-08   1.6152516840423177E-18   1.3140789432899996E+03
   6.8767700000000000E+08   3.3180990718681010E+03   1.0301554794269295E-08   1.4840187353880158E-18   1.3353972100813912E+03
   6.8967700000000000E+08   3.2960210764943427E+03   9.7441351152612436E-09   1.3665176629018652E-18   1.3717504753870746E+03
   6.9167700000000000E+08   3.0939841073736839E+03   9.3469276555097245E-09   1.2597684163878168E-18   1.4273327700237417E+03
   6.9367700000000000E+08   2.7065384077919402E+03   9.0811763101520409E-09   1.1625603411688189E-18   1.5027048061234423E+03
   6.9567700000000000E+08   2.2138857985038685E+03   8.9092687557286619E-09   1.0748486009027091E-18   1.5945635634202906E+03
   6.9767700000000000E+08   1.7691766617859132E+03   8.7958273591300128E-09   9.9685663764544557E-19   1.6974268325838098E+03
   6.9967700000000000E+08   1.5470974100798869E+03   8.7150859940037246E-09   9.2847983490378302E-19   1.8057028033110896E+03
   7.0167700000000000E+08   1.6901485856893632E+03   8.6514998685917699E-09   8.6913078040530283E-19   1.9149319542310750E+03
   7.0367700000000000E+08   2.2764212161360756E+03   8.5965012649299002E-09   8.1784724059948340E-19   2.0220719755067441E+03
   7.0567700000000000E+08   3.3131893271205631E+03   8.5449847871739623E-09   7.7347573941688713E-19   2.1252580461304869E+03
   7.0767700000000000E+08   4.7491877470358540E+03   8.4931150830348621E-09   7.3483456152499432E-19   2.2234353496265931E+03
   7.0967700000000000E+08   6.4953483725196766E+03   8.4374423874378580E-09   7.0082507326398573E-19   2.3160517593220293E+03
   7.1167700000000000E+08   8.4456978766666816E+03   8.3747811404752149E-09   6.7049186394278295E-19   2.4028520202892300E+03
   7.1367700000000000E+08   1.0493940915661335E+04   8.3023800315755065E-09   6.4304426298104404E-19   2.4837553315639216E+03
   7.1567700000000000E+08   1.2544139548358100E+04   8.2181080499593210E-09   6.1785245618029009E-19   2.5587870317843431E+03
   7.1767700000000000E+08   1.4516176454140868E+04   8.1205658138859663E-09   5.9443078528119694E-19   2.6280405909449551E+03
   7.1967700000000000E+08   1.6349382308624345E+04   8.0091551801428650E-09   5.7241870910738741E-19   2.6916585081830181E+03
   7.2167700000000000E+08   1.8003612671238559E+04   7.8840844538671944E-09   5.5156066126771100E-19   2.7498249977767700E+03
   7.2367700000000000E+08   1.9457059632378296E+04   7.7462688654241730E-09   5.3168371577741007E-19   2.8027623781038687E+03
   7.2567700000000000E+08   2.0703467965918448E+04   7.5971687668545562E-09   5.1267627862647218E-19   2.8507269562050351E+03
   7.2767700000000000E+08   2.1748838456878289E+04   7.4386124350186815E-09   4.9446991416999762E-19   2.8940040265356643E+03
   7.2967700000000000E+08   2.2608002681209557E+04   7.2726199130093512E-09   4.7702425927007952E-19   2.9329016266995236E+03
   7.3167700000000000E+08   2.3301356652754821E+04   7.1012448308795899E-09   4.6031512933762247E-19   2.9677431307834418E+03
   7.3367700000000000E+08   2.3851986535679436E+04   6.9264463411431434E-09   4.4432575085529419E-19   2.9988591071998212E+03
   7.3567700000000000E+08   2.4283352861335192E+04   6.7499977806263458E-09   4.2904088096321530E-19   3.0265790798390908E+03
   7.3767700000000000E+08   2.4617612669993585E+04   6.5734325246074611E-09   4.1444337667750438E-19   3.0512238990121546E+03
   7.3967700000000000E+08   2.4874568418495379E+04   6.3980229090146055E-09   4.0051267780871115E-19   3.0730993060048781E+03
   7.4167700000000000E+08   2.5071162744115085E+04   6.2247847492253573E-09   3.8722461365172085E-19   3.0924910732043340E+03
   7.4367700000000000E+08   2.5221391889733120E+04   6.0544990523333502E-09   3.7455200080446026E-19   3.1096618503494910E+03
   7.4567700000000000E+08   2.5336499549776119E+04   5.8877430830554338E-09   3.6246560299980803E-19   3.1248496250101975E+03
   7.4767700000000000E+08   2.5425325888300504E+04   5.7249245732070243E-09   3.5093515383201197E-19   3.1382675498909030E+03
   7.4967700000000000E+08   2.5494714331863172E+04   5.5663148207767523E-09   3.3993026514361044E-19   3.1501048119561697E+03
   7.5167700000000000E+08   2.5549910585272781E+04   5.4120782340518420E-09   3.2942114056800799E-19   3.1605282085501094E+03
   7.5367700000000000E+08   2.5594916897655548E+04   5.2622972786535222E-09   3.1937907920034668E-19   3.1696841323702947E+03
   7.5567700000000000E+08   2.5632786264305989E+04   5.1169927217434472E-09   3.0977679154332210E-19   3.1777007276945178E+03
   7.5767700000000000E+08   2.5665855370974470E+04   4.9761395972550888E-09   3.0058856577908530E-19   3.1846900464099572E+03
   7.5967700000000000E+08   2.5695922813150515E+04   4.8396795470742542E-09   2.9179032476568103E-19   3.1907500924569745E+03
   7.6167700000000000E+08   2.5724382262173174E+04   4.7075302349992085E-09   2.8335960934227038E-19   3.1959666916214851E+03
   7.6367700000000000E+08   2.5752320559434302E+04   4.5795924704425350E-09   2.7527551598390141E-19   3.2004151589204212E+03
   7.6567700000000000E+08   2.5780589570964356E+04   4.4557555768047151E-09   2.6751860918001150E-19   3.2041617594173154E+03
   7.6767700000000000E+08   2.5809858943047777E+04   4.3359014305457145E-09   2.6007082236845913E-19   3.2072649725790734E+03
   7.6967700000000000E+08   2.5840655192085022E+04   4.2199074988688257E-09   2.5291535622773697E-19   3.2097765778080898E+03
   7.7167700000000000E+08   2.5873391088599121E+04   4.1076491231754965E-09   2.4603657954424730E-19   3.2117425817979424E+03
   7.7367700000000000E+08   2.5908388134931738E+04   3.9990012325390961E-09   2.3941993546702205E-19   3.2132040086041020E+03
   7.7567700000000000E+08   2.5945894076811892E+04   3.8938396240982777E-09   2.3305185443733019E-19   3.2141975720268092E+03
   7.7767700000000000E+08   2.5986096780118587E+04   3.7920419123606090E-09   2.2691967416721262E-19   3.2147562478848267E+03
   7.7967700000000000E+08   2.6029135386555747E+04   3.6934882239157466E-09   2.2101156652935726E-19   3.2149097615135506E+03
   7.8167700000000000E+08   2.6075109381884064E+04   3.5980616954703594E-09   2.1531647096030537E-19   3.2146850036287992E+03
   7.8367700000000000E+08   2.6124086024987533E+04   3.5056488194917884E-09   2.0982403386778120E-19   3.2141063856970745E+03
   7.8567700000000000E+08   2.6176106463722565E+04   3.4161396716598948E-09   2.0452455350556586E-19   3.2131961441981175E+03
   7.8767700000000000E+08   2.6231190782084261E+04   3.3294280467627910E-09   1.9940892979571298E-19   3.2119746016623330E+03
   7.8967700000000000E+08   2.6289342167934188E+04   3.2454115239220988E-09   1.9446861861454642E-19   3.2104603910963638E+03
   7.9167700000000000E+08   2.6350550351774647E+04   3.1639914776045151E-09   1.8969559010278321E-19   3.2086706493469665E+03
   7.9367700000000000E+08   2.6414794438801375E+04   3.0850730474252818E-09   1.8508229060451314E-19   3.2066211840664064E+03
   7.9567700000000000E+08   2.6482045235002828E+04   3.0085650770342085E-09   1.8062160788144361E-19   3.2043266182035968E+03
   7.9767700000000000E+08   2.6552267151141372E+04   2.9343800302241356E-09   1.7630683928658697E-19   3.2018005153292665E+03
   7.9967700000000000E+08   2.6625419754701084E+04   2.8624338906888824E-09   1.7213166261518632E-19   3.1990554885889287E+03
   8.0167700000000000E+08   2.6701459028485297E+04   2.7926460504899588E-09   1.6809010938038960E-19   3.1961032956472354E+03
   8.0367700000000000E+08   2.6780338384993192E+04   2.7249391911973069E-09   1.6417654028742516E-19   3.1929549216263058E+03
   8.0567700000000000E+08   2.6862009477674721E+04   2.6592391607943192E-09   1.6038562270322434E-19   3.1896206517374617E+03
   8.0767700000000000E+08   2.6946422843415276E+04   2.5954748487383893E-09   1.5671230993903119E-19   3.1861101350503827E+03
   8.0967700000000000E+08   2.7033528404991506E+04   2.5335780610107794E-09   1.5315182218186311E-19   3.1824324406283363E+03
   8.1167700000000000E+08   2.7123275857610588E+04   2.4734833965466709E-09   1.4969962892707391E-19   3.1785961070762905E+03
   8.1367700000000000E+08   2.7215614959893977E+04   2.4151281260850214E-09   1.4635143277893901E-19   3.1746091863948727E+03
   8.1567700000000000E+08   2.7310495746670003E+04   2.3584520742011637E-09   1.4310315449936397E-19   3.1704792829031917E+03
   8.1767700000000000E+08   2.7407868678602303E+04   2.3033975050671696E-09   1.3995091919663456E-19   3.1662135878834638E+03
   8.1967700000000000E+08   2.7507684741870049E+04   2.2499090123149200E-09   1.3689104355675818E-19   3.1618189105072856E+03
   8.2167700000000000E+08   2.7609895509744540E+04   2.1979334132437588E-09   1.3392002402944601E-19   3.1573017055247042E+03
   8.2367700000000000E+08   2.7714453176826246E+04   2.1474196475111177E-09   1.3103452588928790E-19   3.1526680981304862E+03
   8.2567700000000000E+08   2.7821310575826974E+04   2.0983186803636585E-09   1.2823137310022020E-19   3.1479239063655991E+03
   8.2767700000000000E+08   2.7930421185963522E+04   2.0505834104030982E-09   1.2550753891806495E-19   3.1430746613640758E+03
   8.2967700000000000E+08   2.8041739141196387E+04   2.0041685818307662E-09   1.2286013717180024E-19   3.1381256257146110E+03
   8.3167700000000000E+08   2.8155219245581960E+04   1.9590307010747779E-09   1.2028641416935618E-19   3.1330818101715208E+03
   8.3367700000000000E+08   2.8270817001869782E+04   1.9151279576713375E-09   1.1778374117822365E-19   3.1279479889197310E+03
   8.3567700000000000E+08   2.8388488658125916E+04   1.8724201492450687E-09   1.1534960743506142E-19   3.1227287135724532E+03
   8.3767700000000000E+08   2.8508191275597117E+04   1.8308686104118488E-09   1.1298161364191011E-19   3.1174283260574402E+03
   8.3967700000000000E+08   2.8629882819287010E+04   1.7904361454105932E-09   1.1067746590964481E-19   3.1120509705274367E+03
   8.4167700000000000E+08   2.8753522270861067E+04   1.7510869642575512E-09   1.0843497011200021E-19   3.1066006044124206E+03
   8.4367700000000000E+08   2.8879069761618553E+04   1.7127866222082338E-09   1.0625202661600558E-19   3.1010810087146169E+03
   8.4567700000000000E+08   2.9006486721489306E+04   1.6755019623082077E-09   1.0412662535701976E-19   3.0954957976324854E+03
   8.4767700000000000E+08   2.9135736038439594E+04   1.6392010608144413E-09   1.0205684122883119E-19   3.0898484275861279E+03
   8.4967700000000000E+08   2.9266782221415346E+04   1.6038531752742664E-09   1.0004082976155284E-19   3.0841422057042355E+03
   8.5167700000000000E+08   2.9399591559122378E+04   1.5694286950585761E-09   9.8076823062299630E-20   3.0783802978215185E+03
   8.5367700000000000E+08   2.9534132266588851E+04   1.5358990941595575E-09   9.6163125995919245E-20   3.0725657360257151E+03
   8.5567700000000000E+08   2.9670374611630079E+04   1.5032368860802931E-09   9.4298112585336654E-20   3.0667014257848004E+03
   8.5767700000000000E+08   2.9808291014020007E+04   1.4714155806630372E-09   9.2480222613344129E-20   3.0607901526778774E+03
   8.5967700000000000E+08   2.9947856111326419E+04   1.4404096427240140E-09   9.0707958409891934E-20   3.0548345887475157E+03
   8.6167700000000000E+08   3.0089046786911782E+04   1.4101944523839935E-09   8.8979881811051040E-20   3.0488372984871398E+03
   8.6367700000000000E+08   3.0231842157422685E+04   1.3807462670046679E-09   8.7294611277799591E-20   3.0428007444740369E+03
   8.6567700000000000E+08   3.0376223519064697E+04   1.3520421846599836E-09   8.5650819164566609E-20   3.0367272926570718E+03
   8.6767700000000000E+08   3.0522174253942881E+04   1.3240601090881694E-09   8.4047229129025375E-20   3.0306192173075715E+03
   8.6967700000000000E+08   3.0669679699620396E+04   1.2967787160838323E-09   8.2482613675938638E-20   3.0244787056423693E+03
   8.7167700000000000E+08   3.0818726986680060E+04   1.2701774212994732E-09   8.0955791828893187E-20   3.0183078621291261E+03
   8.7367700000000000E+08   3.0969304850368411E+04   1.2442363494323733E-09   7.9465626924547697E-20   3.0121087124856758E+03
   8.7567700000000000E+08   3.1121403423311513E+04   1.2189363047758495E-09   7.8011024524544225E-20   3.0058832073871295E+03
   8.7767700000000000E+08   3.1275014016762034E+04   1.1942587431139549E-09   7.6590930440552982E-20   2.9996332258963548E+03
   8.7967700000000000E+08   3.1430128897890692E+04   1.1701857449361220E-09   7.5204328868044679E-20   2.9933605786353460E+03
   8.8167700000000000E+08   3.1586741070282660E+04   1.1466999899438162E-09   7.3850240624375256E-20   2.9870670107164428E+03
   8.8367700000000000E+08   3.1744844064132314E+04   1.1237847328155834E-09   7.2527721486659312E-20   2.9807542044535289E+03
   8.8567700000000000E+08   3.1904431741732198E+04   1.1014237801903146E-09   7.1235860624727744E-20   2.9744237818738920E+03
   8.8767700000000000E+08   3.2065498122889087E+04   1.0796014688217683E-09   6.9973779124248377E-20   2.9680773070516962E+03
   8.8967700000000000E+08   3.2228037234173629E+04   1.0583026448498407E-09   6.8740628594804801E-20   2.9617162882836865E+03
   8.9167700000000000E+08   3.2392042986012297E+04   1.0375126441243056E-09   6.7535589857268406E-20   2.9553421801275022E+03
   8.9367700000000000E+08   3.2557509083815115E+04   1.0172172735009548E-09   6.6357871703901341E-20   2.9489563853232285E+03
   8.9567700000000000E+08   3.2724428986230956E+04   9.9740279299902511E-10   6.5206709722660906E-20   2.9425602566207072E+03
   8.9767700000000000E+08   3.2892795940091572E+04   9.7805589864642622E-10   6.4081365173001671E-20   2.9361550985417325E+03
   8.9967700000000000E+08   3.3062603155485267E+04   9.5916370572055278E-10   6.2981123892325024E-20   2.9297421691218869E+03
   9.0167700000000000E+08   3.3233844244640597E+04   9.4071373189185100E-10   6.1905295198209676E-20   2.9233226817090945E+03
   9.0367700000000000E+08   3.3406514136144513E+04   9.2269387950399248E-10   6.0853210732026742E-20   2.9168978069533782E+03
   9.0567700000000000E+08   3.3580610761741773E+04   9.0509241600071672E-10   5.9824223172486350E-20   2.9104686752072575E+03
   9.0767700000000000E+08   3.3756137794812152E+04   8.8789795170409150E-10   5.8817704758089530E-20   2.9040363796471224E+03
   9.0967700000000000E+08   3.3933108384164269E+04   8.7109941547734401E-10   5.7833045644957549E-20   2.8976019804478301E+03
   9.1167700000000000E+08   3.4111548882972260E+04   8.5468603215063068E-10   5.6869652354353234E-20   2.8911665101407370E+03
   9.1367700000000000E+08   3.4291499895659763E+04   8.3864731111379115E-10   5.5926946949786651E-20   2.8847309796491199E+03
   9.1567700000000000E+08   3.4473010146772962E+04   8.2297306082393815E-10   5.5004367973321554E-20   2.8782963833145541E+03
   9.1767700000000000E+08   3.4656118633016456E+04   8.0765344254694155E-10   5.4101374115634058E-20   2.8718636998222842E+03
   9.1967700000000000E+08   3.4840825173525525E+04   7.9267905923995352E-10   5.3217450445701624E-20   2.8654338853841223E+03
   9.2167700000000000E+08   3.5027060149380995E+04   7.7804103968872223E-10   5.2352114570383964E-20   2.8590078574990107E+03
   9.2367700000000000E+08   3.5214675654206156E+04   7.6373104242286329E-10   5.1504917547271752E-20   2.8525864729597643E+03
   9.2567700000000000E+08   3.5403479350093148E+04   7.4974111480262937E-10   5.0675434908542117E-20   2.8461705103491431E+03
   9.2767700000000000E+08   3.5593306138292151E+04   7.3606343190958410E-10   4.9863249105435268E-20   2.8397606692134509E+03
   9.2967700000000000E+08   3.5784082843715230E+04   7.2269006853386157E-10   4.9067933613265893E-20   2.8333575897904698E+03
   9.3167700000000000E+08   3.5975834267563907E+04   7.0961300140611679E-10   4.8289052371098817E-20   2.8269618820609380E+03
   9.3367700000000000E+08   3.6168619972848363E+04   6.9682432802103939E-10   4.7526174197482965E-20   2.8205741455050734E+03
   9.3567700000000000E+08   3.6362464140998251E+04   6.8431647265935099E-10   4.6778886881839419E-20   2.8141949697093528E+03
   9.3767700000000000E+08   3.6557395538746816E+04   6.7208236148846931E-10   4.6046809476890779E-20   2.8078249273932915E+03
   9.3967700000000000E+08   3.6753589306420778E+04   6.6011564790925659E-10   4.5329607839419909E-20   2.8014645897100008E+03
   9.4167700000000000E+08   3.6951374440805565E+04   6.4841058698708600E-10   4.4626985761460935E-20   2.7951145724851390E+03
   9.4367700000000000E+08   3.7150952397595640E+04   6.3696112213842542E-10   4.3938622000965165E-20   2.7887755638648659E+03
   9.4567700000000000E+08   3.7352075808551846E+04   6.2575985977743528E-10   4.3264100030815214E-20   2.7824482691329149E+03
   9.4767700000000000E+08   3.7554079839718244E+04   6.1479819047118698E-10   4.2602917242415851E-20   2.7761332873452516E+03
   9.4967700000000000E+08   3.7756296038595065E+04   6.0406768550953105E-10   4.1954582198459934E-20   2.7698310204652339E+03
   9.5167700000000000E+08   3.7958480760410581E+04   5.9356149518752981E-10   4.1318711486774047E-20   2.7635416986184832E+03
   9.5367700000000000E+08   3.8160930750773936E+04   5.8327464866267407E-10   4.0695049878545696E-20   2.7572655022165786E+03
   9.5567700000000000E+08   3.8364425708201838E+04   5.7320337130648625E-10   4.0083422015541084E-20   2.7510026983795897E+03
   9.5767700000000000E+08   3.8569639731262949E+04   5.6334392538048039E-10   3.9483651204061015E-20   2.7447537076489243E+03
   9.5967700000000000E+08   3.8776592012533409E+04   5.5369172150283113E-10   3.8895497776467606E-20   2.7385190594694582E+03
   9.6167700000000000E+08   3.8985042916990664E+04   5.4424155710692081E-10   3.8318676832059986E-20   2.7322992807759001E+03
   9.6367700000000000E+08   3.9194841575375867E+04   5.3498827225733492E-10   3.7752904758817561E-20   2.7260948404548581E+03
   9.6567700000000000E+08   3.9405898193459325E+04   5.2592692492815369E-10   3.7197911381469128E-20   2.7199061638717703E+03
   9.6767700000000000E+08   3.9618157420007548E+04   5.1705276865709908E-10   3.6653438317316853E-20   2.7137336452112031E+03
   9.6967700000000000E+08   3.9831582580482267E+04   5.0836122473225267E-10   3.6119236996586866E-20   2.7075776554246240E+03
   9.7167700000000000E+08   4.0046148018733482E+04   4.9984786510900957E-10   3.5595067473456993E-20   2.7014385469280523E+03
   9.7367700000000000E+08   4.0261835259452811E+04   4.9150840053204888E-10   3.5080697620759156E-20   2.6953166566153959E+03
   9.7567700000000000E+08   4.0478630757895800E+04   4.8333867069656381E-10   3.4575902475410992E-20   2.6892123079698631E+03
   9.7767700000000000E+08   4.0696524187436524E+04   4.7533463624732748E-10   3.4080463717119319E-20   2.6831258125916343E+03
   9.7967700000000000E+08   4.0915507114936649E+04   4.6749237227573932E-10   3.3594169255373611E-20   2.6770574712848711E+03
   9.8167700000000000E+08   4.1135572197056077E+04   4.5980806262250456E-10   3.3116812874311628E-20   2.6710075748346708E+03
   9.8367700000000000E+08   4.1356712782243048E+04   4.5227799488859012E-10   3.2648193927371127E-20   2.6649764045980628E+03
   9.8567700000000000E+08   4.1578922686078229E+04   4.4489855635540580E-10   3.2188117095838196E-20   2.6589642329865774E+03
   9.8767700000000000E+08   4.1802196028988437E+04   4.3766623063908631E-10   3.1736392198982473E-20   2.6529713238781196E+03
   9.8967700000000000E+08   4.2026527049277334E+04   4.3057759470109292E-10   3.1292834028817798E-20   2.6469979329750163E+03
   9.9167700000000000E+08   4.2251909807585194E+04   4.2362931598384434E-10   3.0857262192994349E-20   2.6410443081027288E+03
   9.9367700000000000E+08   4.2478337937145196E+04   4.1681814963825675E-10   3.0429500963547769E-20   2.6351106894391050E+03
   9.9567700000000000E+08   4.2705804917213209E+04   4.1014093621348701E-10   3.0009379158160082E-20   2.6291973097113787E+03
   9.9767700000000000E+08   4.2934305434113070E+04   4.0359460072381123E-10   2.9596730120033941E-20   2.6233043944890701E+03
   9.9967700000000000E+08   4.3163838022226897E+04   3.9717615395028661E-10   2.9191391858712916E-20   2.6174321627818035E+03
   1.0016770000000000E+09   4.3394408345928852E+04   3.9088269568846745E-10   2.8793207331199270E-20   2.6115808281403019E+03
   1.0036770000000000E+09   4.3626032013292475E+04   3.8471141875827227E-10   2.8402024778053730E-20   2.6057506003111457E+03
   1.0056770000000000E+09   4.3858734870690081E+04   3.7865960908926529E-10   2.8017697770765438E-20   2.5999416872808665E+03
   1.0076770000000000E+09   4.4092549165206525E+04   3.7272463473163790E-10   2.7640084441338727E-20   2.5941542971994968E+03
   1.0096770000000000E+09   4.4327505774950005E+04   3.6690392797920818E-10   2.7269046201245785E-20   2.5883886393268745E+03
   1.0116770000000000E+09   4.4563624922557312E+04   3.6119496861094541E-10   2.6904446543658702E-20   2.5826449233847607E+03
   1.0136770000000000E+09   4.4800908204026047E+04   3.5559527138291060E-10   2.6546150162881300E-20   2.5769233572950097E+03
   1.0156770000000000E+09   4.5039334337128501E+04   3.5010237816461683E-10   2.6194022419575615E-20   2.5712241437457419E+03
   1.0176770000000000E+09   4.5278857433236575E+04   3.4471385502584030E-10   2.5847929172222075E-20   2.5655474762829549E+03
   1.0196770000000000E+09   4.5519411193346445E+04   3.3942729815947971E-10   2.5507737266810791E-20   2.5598935354778127E+03
   1.0216770000000000E+09   4.5760920302440965E+04   3.3424034910155497E-10   2.5173315719782959E-20   2.5542624861985787E+03
   1.0236770000000000E+09   4.6003312109322680E+04   3.2915071267430977E-10   2.4844537100466666E-20   2.5486544769397010E+03
   1.0256770000000000E+09   4.6246526290109628E+04   3.2415617050962757E-10   2.4521278577921786E-20   2.5430696411590261E+03
   1.0276770000000000E+09   4.6490520867692328E+04   3.1925458802839545E-10   2.4203422472470945E-20   2.5375081001003414E+03
   1.0296770000000000E+09   4.6735273886989547E+04   3.1444391444787547E-10   2.3890856279649045E-20   2.5319699663759952E+03
   1.0316770000000000E+09   4.6980781300774594E+04   3.0972217711341882E-10   2.3583472264649896E-20   2.5264553475548209E+03
   1.0336770000000000E+09   4.7227052409433061E+04   3.0508747246613025E-10   2.3281166802376748E-20   2.5209643491667430E+03
   1.0356770000000000E+09   4.7474104399751006E+04   3.0053795608467327E-10   2.2983839648076391E-20   2.5154970768001435E+03
   1.0376770000000000E+09   4.7721957265013771E+04   2.9607183370474631E-10   2.2691393283186746E-20   2.5100536372322963E+03
   1.0396770000000000E+09   4.7970629895517079E+04   2.9168735428309539E-10   2.2403732417535505E-20   2.5046341387293601E+03
   1.0416770000000000E+09   4.8220137620018460E+04   2.8738280537021821E-10   2.2120763667891720E-20   2.4992386907552423E+03
   1.0436770000000000E+09   4.8470491088710034E+04   2.8315651049782898E-10   2.1842395390227267E-20   2.4938674033466359E+03
   1.0456770000000000E+09   4.8721696170278032E+04   2.7900682802299785E-10   2.1568537622789472E-20   2.4885203863718634E+03
   1.0476770000000000E+09   4.8973754477892711E+04   2.7493215083804120E-10   2.1299102094536521E-20   2.4831977488251096E+03
   1.0496770000000000E+09   4.9226664187636175E+04   2.7093090645944306E-10   2.1034002261472158E-20   2.4778995982406677E+03
   1.0516770000000000E+09   4.9480420907616135E+04   2.6700155716635543E-10   2.0773153345512725E-20   2.4726260402582798E+03
   1.0536770000000000E+09   4.9735018455284859E+04   2.6314260000803046E-10   2.0516472361994804E-20   2.4673771783352863E+03
   1.0556770000000000E+09   4.9990449481464100E+04   2.5935256660996845E-10   2.0263878130465412E-20   2.4621531135826449E+03
   1.0576770000000000E+09   5.0246705932922683E+04   2.5563002277824740E-10   2.0015291268789397E-20   2.4569539446956992E+03
   1.0596770000000000E+09   5.0503779373761856E+04   2.5197356793735984E-10   1.9770634173388411E-20   2.4517797679518144E+03
   1.0616770000000000E+09   5.0761661196771136E+04   2.4838183444829858E-10   1.9529830989310590E-20   2.4466306772518647E+03
   1.0636770000000000E+09   5.1020342755813530E+04   2.4485348685146844E-10   1.9292807573658664E-20   2.4415067641883770E+03
   1.0656770000000000E+09   5.1279815445025837E+04   2.4138722107068816E-10   1.9059491455253919E-20   2.4364081181284178E+03
   1.0676770000000000E+09   5.1540070744203709E+04   2.3798176360454801E-10   1.8829811792629629E-20   2.4313348263035095E+03
   1.0696770000000000E+09   5.1801100243900590E+04   2.3463587072269657E-10   1.8603699331765243E-20   2.4262869739018961E+03
   1.0716770000000000E+09   5.2062895659362432E+04   2.3134832767801943E-10   1.8381086364452011E-20   2.4212646441605525E+03
   1.0736770000000000E+09   5.2325448839335055E+04   2.2811794794100469E-10   1.8161906687812722E-20   2.4162679184556123E+03
   1.0756770000000000E+09   5.2588751773548298E+04   2.2494357245946628E-10   1.7946095565250156E-20   2.4112968763907616E+03
   1.0776770000000000E+09   5.2852796600983995E+04   2.2182406894454900E-10   1.7733589688920183E-20   2.4063515958836165E+03
   1.0796770000000000E+09   5.3117575619642710E+04   2.1875833118235765E-10   1.7524327143698406E-20   2.4014321532503300E+03
   1.0816770000000000E+09   5.3383081297483237E+04   2.1574527836948856E-10   1.7318247372523424E-20   2.3965386232886822E+03
   1.0836770000000000E+09   5.3649306283563870E+04   2.1278385447027271E-10   1.7115291142960470E-20   2.3916710793598668E+03
   1.0856770000000000E+09   5.3916243418267455E+04   2.0987302759355835E-10   1.6915400514829634E-20   2.3868295934689777E+03
   1.0876770000000000E+09   5.4183885741718994E+04   2.0701178938729083E-10   1.6718518808775930E-20   2.3820142363440673E+03
   1.0896770000000000E+09   5.4452226499943848E+04   2.0419915444975324E-10   1.6524590575706112E-20   2.3772250775135453E+03
   1.0916770000000000E+09   5.4721259148762911E+04   2.0143415975686889E-10   1.6333561567059544E-20   2.3724621853816475E+03
   1.0936770000000000E+09   5.4990977355714414E+04   1.9871586410533251E-10   1.6145378705909585E-20   2.3677256273016842E+03
   1.0956770000000000E+09   5.5261375000361535E+04   1.9604334757144178E-10   1.5959990058899590E-20   2.3630154696468903E+03
   1.0976770000000000E+09   5.5532446173228796E+04   1.9341571098543733E-10   1.5777344809012202E-20   2.3583317778787023E+03
   1.0996770000000000E+09   5.5804185173379839E+04   1.9083207542097593E-10   1.5597393229155342E-20   2.3536746166123230E+03
   1.1016770000000000E+09   5.6076586504402490E+04   1.8829158169919817E-10   1.5420086656534408E-20   2.3490440496794599E+03
   1.1036770000000000E+09   5.6349644868373151E+04   1.8579338990675464E-10   1.5245377467771895E-20   2.3444401401880718E+03
   1.1056770000000000E+09   5.6623355157278769E+04   1.8333667892711054E-10   1.5073219054731666E-20   2.3398629505789040E+03
   1.1076770000000000E+09   5.6897712441344287E+04   1.8092064598453237E-10   1.4903565801011381E-20   2.3353125426785814E+03
   1.1096770000000000E+09   5.7172711953767292E+04   1.7854450620023782E-10   1.4736373059072851E-20   2.3307889777488963E+03
   1.1116770000000000E+09   5.7448349071441502E+04   1.7620749216032213E-10   1.4571597127990409E-20   2.3262923165319753E+03
   1.1136770000000000E+09   5.7724619291346848E+04   1.7390885349516438E-10   1.4409195231804658E-20   2.3218226192909015E+03
   1.1156770000000000E+09   5.8001518202364830E+04   1.7164785647010745E-10   1.4249125498476254E-20   2.3173799458453923E+03
   1.1176770000000000E+09   5.8279041452369042E+04   1.6942378358725666E-10   1.4091346939438150E-20   2.3129643556021256E+03
   1.1196770000000000E+09   5.8557184710514361E+04   1.6723593319824110E-10   1.3935819429744754E-20   2.3085759075792762E+03
   1.1216770000000000E+09   5.8835943624714826E+04   1.6508361912780032E-10   1.3782503688817326E-20   2.3042146604248896E+03
   1.1236770000000000E+09   5.9115313774391281E+04   1.6296617030800595E-10   1.3631361261780590E-20   2.2998806724286828E+03
   1.1256770000000000E+09   5.9395290618645078E+04   1.6088293042289843E-10   1.3482354501382302E-20   2.2955740015269316E+03
   1.1276770000000000E+09   5.9675869440132243E+04   1.5883325756324609E-10   1.3335446550481056E-20   2.2912947053001362E+03
   1.1296770000000000E+09   5.9957045285025917E+04   1.5681652389106429E-10   1.3190601325081226E-20   2.2870428409631727E+03
   1.1316770000000000E+09   6.0238812899602599E+04   1.5483211531345307E-10   1.3047783497886245E-20   2.2828184653477483E+03
   1.1336770000000000E+09   6.0521166664139244E+04   1.5287943116521995E-10   1.2906958482333011E-20   2.2786216348769985E+03
   1.1356770000000000E+09   6.0804100524991773E+04   1.5095788389966517E-10   1.2768092417061401E-20   2.2744524055322099E+03
   1.1376770000000000E+09   6.1087607925913362E+04   1.4906689878680956E-10   1.2631152150763540E-20   2.2703108328116887E+03
   1.1396770000000000E+09   6.1371681739864405E+04   1.4720591361826637E-10   1.2496105227349282E-20   2.2661969716819872E+03
   1.1416770000000000E+09   6.1656314202770001E+04   1.4537437841787354E-10   1.2362919871355647E-20   2.2621108765217800E+03
   1.1436770000000000E+09   6.1941496850874501E+04   1.4357175515714125E-10   1.2231564973521233E-20   2.2580526010588442E+03
   1.1456770000000000E+09   6.2227220463525351E+04   1.4179751747452418E-10   1.2102010076440655E-20   2.2540221983008018E+03
   1.1476770000000000E+09   6.2513475013364259E+04   1.4005115039750881E-10   1.1974225360211044E-20   2.2500197204603892E+03
   1.1496770000000000E+09   6.2800249626023353E+04   1.3833215006652048E-10   1.1848181627981880E-20   2.2460452188762629E+03
   1.1516770000000000E+09   6.3087532551485398E+04   1.3664002345969448E-10   1.1723850291321211E-20   2.2420987439305022E+03
   1.1536770000000000E+09   6.3375311149261237E+04   1.3497428811764289E-10   1.1601203355317422E-20   2.2381803449641379E+03
   1.1556770000000000E+09   6.3663571889456864E+04   1.3333447186748242E-10   1.1480213403345571E-20   2.2342900701922667E+03
   1.1576770000000000E+09   6.3952300371635691E+04   1.3172011254554735E-10   1.1360853581440516E-20   2.2304279666203706E+03
   1.1596770000000000E+09   6.4241481363103529E+04   1.3013075771844230E-10   1.1243097582237858E-20   2.2265940799636801E+03
   1.1616770000000000E+09   6.4531098857881210E+04   1.2856596440233579E-10   1.1126919628465314E-20   2.2227884545714301E+03
   1.1636770000000000E+09   6.4821136157148270E+04   1.2702529878069974E-10   1.1012294455993549E-20   2.2190111333579762E+03
   1.1656770000000000E+09   6.5111575971374485E+04   1.2550833592101874E-10   1.0899197296484488E-20   2.2152621577426644E+03
   1.1676770000000000E+09   6.5402400543689379E+04   1.2401465949134231E-10   1.0787603859706798E-20   2.2115415676003549E+03
   1.1696770000000000E+09   6.5693591793319094E+04   1.2254386147789858E-10   1.0677490315620855E-20   2.2078494012243159E+03
   1.1716770000000000E+09   6.5985131477145929E+04   1.2109554190532305E-10   1.0568833276367476E-20   2.2041856953030524E+03
   1.1736770000000000E+09   6.6277001366664306E+04   1.1966930856136594E-10   1.0461609778325279E-20   2.2005504849123777E+03
   1.1756770000000000E+09   6.6569183436848791E+04   1.1826477672818687E-10   1.0355797264427021E-20   2.1969438035236885E+03
   1.1776770000000000E+09   6.6861660062766066E+04   1.1688156892252684E-10   1.0251373566945431E-20   2.1933656830290711E+03
   1.1796770000000000E+09   6.7154414219174359E+04   1.1551931464713334E-10   1.0148316890971135E-20   2.1898161537834299E+03
   1.1816770000000000E+09   6.7447429677929264E+04   1.1417765015579876E-10   1.0046605798808569E-20   2.1862952446633653E+03
   1.1836770000000000E+09   6.7740691197770851E+04   1.1285621823422649E-10   9.9462191955072573E-21   2.1828029831420936E+03
   1.1856770000000000E+09   6.8034184701040256E+04   1.1155466799869490E-10   9.8471363157283536E-21   2.1793393953792042E+03
   1.1876770000000000E+09   6.8327897432090336E+04   1.1027265471410213E-10   9.7493367121155471E-21   2.1759045063236367E+03
   1.1896770000000000E+09   6.8621818092587608E+04   1.0900983963252025E-10   9.6528002453018964E-21   2.1724983398278250E+03
   1.1916770000000000E+09   6.8915936949586336E+04   1.0776588985282649E-10   9.5575070756360793E-21   2.1691209187706477E+03
   1.1936770000000000E+09   6.9210245913118604E+04   1.0654047820137523E-10   9.4634376566586077E-21   2.1657722651865283E+03
   1.1956770000000000E+09   6.9504738581069832E+04   1.0533328313306175E-10   9.3705727303035630E-21   2.1624524003978704E+03
   1.1976770000000000E+09   6.9799410250236804E+04   1.0414398865151833E-10   9.2788933237454522E-21   2.1591613451479211E+03
   1.1996770000000000E+09   7.0094257893638249E+04   1.0297228424662930E-10   9.1883807477586553E-21   2.1558991197311830E+03
   1.2016770000000000E+09   7.0389280105311060E+04   1.0181786484707427E-10   9.0990165964108614E-21   2.1526657441185812E+03
   1.2036770000000000E+09   7.0684477014905904E+04   1.0068043078523104E-10   9.0107827478734132E-21   2.1494612380748581E+03
   1.2056770000000000E+09   7.0979850175372107E+04   9.9559687771510075E-11   8.9236613661036281E-21   2.1462856212658653E+03
   1.2076770000000000E+09   7.1275402427833324E+04   9.8455346875052389E-11   8.8376349031359621E-21   2.1431389133538696E+03
   1.2096770000000000E+09   7.1571137748401597E+04   9.7367124507697949E-11   8.7526861017114462E-21   2.1400211340793094E+03
   1.2116770000000000E+09   7.1867061082109096E+04   9.6294742408232394E-11   8.6687979979783279E-21   2.1369323033279284E+03
   1.2136770000000000E+09   7.2163178169372026E+04   9.5237927624112707E-11   8.5859539240092746E-21   2.1338724411826265E+03
   1.2156770000000000E+09   7.2459495370431017E+04   9.4196412488163164E-11   8.5041375099018731E-21   2.1308415679598529E+03
   1.2176770000000000E+09   7.2756019493026441E+04   9.3169934588097796E-11   8.4233326852582686E-21   2.1278397042307529E+03
   1.2196770000000000E+09   7.3052757628164720E+04   9.2158236727156354E-11   8.3435236798752210E-21   2.1248668708277141E+03
   1.2216770000000000E+09   7.3349716998234668E+04   9.1161066874632752E-11   8.2646950235179118E-21   2.1219230888372949E+03
   1.2236770000000000E+09   7.3646904820971278E+04   9.0178178105577663E-11   8.1868315446948482E-21   2.1190083795807859E+03
   1.2256770000000000E+09   7.3944328191802531E+04   8.9209328529503909E-11   8.1099183683999105E-21   2.1161227645839099E+03
   1.2276770000000000E+09   7.4241993986116649E+04   8.8254281208435764E-11   8.0339409128345753E-21   2.1132662655372460E+03
   1.2296770000000000E+09   7.4539908781905469E+04   8.7312804065122621E-11   7.9588848851677119E-21   2.1104389042490661E+03
   1.2316770000000000E+09   7.4838078802229138E+04   8.6384669782650253E-11   7.8847362764298711E-21   2.1076407025922231E+03
   1.2336770000000000E+09   7.5136509876052660E+04   8.5469655696988592E-11   7.8114813556692284E-21   2.1048716824466032E+03
   1.2356770000000000E+09   7.5435207415295445E+04   8.4567543684218892E-11   7.7391066635175347E-21   2.1021318656385615E+03
   1.2376770000000000E+09   7.5734176405482212E+04   8.3678120044238539E-11   7.6675990053227519E-21   2.0994212738784895E+03
   1.2396770000000000E+09   7.6033421407168091E+04   8.2801175382701056E-11   7.5969454440040280E-21   2.0967399286974933E+03
   1.2416770000000000E+09   7.6332946565344057E+04   8.1936504492792903E-11   7.5271332927733166E-21   2.0940878513839093E+03
   1.2436770000000000E+09   7.6632755624238242E+04   8.1083906238227964E-11   7.4581501078499897E-21   2.0914650629202097E+03
   1.2456770000000000E+09   7.6932851945291244E+04   8.0243183438580513E-11   7.3899836812731743E-21   2.0888715839205834E+03
   1.2476770000000000E+09   7.7233238526485220E+04   7.9414142757806448E-11   7.3226220338928189E-21   2.0863074345694604E+03
   1.2496770000000000E+09   7.7533918021621226E+04   7.8596594596559223E-11   7.2560534085996936E-21   2.0837726345609576E+03
   1.2516770000000000E+09   7.7834892758525937E+04   7.7790352988685798E-11   7.1902662638344447E-21   2.0812672030392919E+03
   1.2536770000000000E+09   7.8136164755491598E+04   7.6995235502115190E-11   7.1252492674006334E-21   2.0787911585400384E+03
   1.2556770000000000E+09   7.8437735735539856E+04   7.6211063144207425E-11   7.0609912905933883E-21   2.0763445189321124E+03
   1.2576770000000000E+09   7.8739607138326202E+04   7.5437660271519548E-11   6.9974814026448937E-21   2.0739273013603502E+03
   1.2596770000000000E+09   7.9041780129689083E+04   7.4674854503868174E-11   6.9347088654807928E-21   2.0715395221885155E+03
   1.2616770000000000E+09   7.9344255608993466E+04   7.3922476642501913E-11   6.8726631287750508E-21   2.0691811969426162E+03
   1.2636770000000000E+09   7.9647034214519532E+04   7.3180360592164940E-11   6.8113338252875753E-21   2.0668523402543715E+03
   1.2656770000000000E+09   7.9950116327188080E+04   7.2448343286816579E-11   6.7507107664669085E-21   2.0645529658047735E+03
   1.2676770000000000E+09   8.0253502072903357E+04   7.1726264618787433E-11   6.6907839383015120E-21   2.0622830862676160E+03
   1.2696770000000000E+09   8.0557191323762832E+04   7.1013967371157509E-11   6.6315434974031767E-21   2.0600427132529549E+03
   1.2716770000000000E+09   8.0861183698281762E+04   7.0311297153193365E-11   6.5729797673106493E-21   2.0578318572504459E+03
   1.2736770000000000E+09   8.1165478560735486E+04   6.9618102338688369E-11   6.5150832350019703E-21   2.0556505275725303E+03
   1.2756770000000000E+09   8.1470075019633150E+04   6.8934234007084443E-11   6.4578445476070012E-21   2.0534987322974339E+03
   1.2776770000000000E+09   8.1774971925302205E+04   6.8259545887261204E-11   6.4012545093121626E-21   2.0513764782119629E+03
   1.2796770000000000E+09   8.2080167866533739E+04   6.7593894303877175E-11   6.3453040784491385E-21   2.0492837707540616E+03
   1.2816770000000000E+09   8.2385661166211925E+04   6.6937138126152390E-11   6.2899843647595546E-21   2.0472206139551124E+03
   1.2836770000000000E+09   8.2691449875818755E+04   6.6289138718973166E-11   6.2352866268267300E-21   2.0451870103819526E+03
   1.2856770000000000E+09   8.2997531768659988E+04   6.5649759896207940E-11   6.1812022696662285E-21   2.0431829610785592E+03
   1.2876770000000000E+09   8.3303904331594953E+04   6.5018867876124034E-11   6.1277228424668411E-21   2.0412084655073845E+03
   1.2896770000000000E+09   8.3610564754955893E+04   6.4396331238811218E-11   6.0748400364751614E-21   2.0392635214902652E+03
   1.2916770000000000E+09   8.3917509920218945E+04   6.3782020885542962E-11   6.0225456830190522E-21   2.0373481251488602E+03
   1.2936770000000000E+09   8.4224736384840347E+04   6.3175810000034890E-11   5.9708317516680616E-21   2.0354622708445143E+03
   1.2956770000000000E+09   8.4532240363475779E+04   6.2577574011602992E-11   5.9196903485329115E-21   2.0336059511174278E+03
   1.2976770000000000E+09   8.4840017704605852E+04   6.1987190560275308E-11   5.8691137147110082E-21   2.0317791566249794E+03
   1.2996770000000000E+09   8.5148063861464776E+04   6.1404539463933700E-11   5.8190942248872968E-21   2.0299818760789760E+03
   1.3016770000000000E+09   8.5456373856217804E+04   6.0829502687555234E-11   5.7696243860991163E-21   2.0282140961815892E+03
   1.3036770000000000E+09   8.5764942236787931E+04   6.0261964314502615E-11   5.7206968366624668E-21   2.0264758015596599E+03
   1.3056770000000000E+09   8.6073763026768574E+04   5.9701810519558252E-11   5.6723043452327103E-21   2.0247669746970666E+03
   1.3076770000000000E+09   8.6382829670834471E+04   5.9148929542913306E-11   5.6244398099263008E-21   2.0230875958649247E+03
   1.3096770000000000E+09   8.6692134981054507E+04   5.8603211663603703E-11   5.5770962573606213E-21   2.0214376430495536E+03
   1.3116770000000000E+09   8.7001671093582307E+04   5.8064549169935455E-11   5.5302668413766329E-21   2.0198170918785145E+03
   1.3136770000000000E+09   8.7311429449965959E+04   5.7532836323369319E-11   5.4839448411039121E-21   2.0182259155455754E+03
   1.3156770000000000E+09   8.7621400821878400E+04   5.7007969311378677E-11   5.4381236579323981E-21   2.0166640847363033E+03
   1.3176770000000000E+09   8.7931575400963993E+04   5.6489846184321876E-11   5.3927968109054122E-21   2.0151315675569276E+03
   1.3196770000000000E+09   8.8241942974678372E+04   5.5978366771868735E-11   5.3479579300912045E-21   2.0136283294702307E+03
   1.3216770000000000E+09   8.8552493202317884E+04   5.5473432576467740E-11   5.3036007476727735E-21   2.0121543332431029E+03
   1.3236770000000000E+09   8.8863215991260804E+04   5.4974946645072940E-11   5.2597190868516872E-21   2.0107095389108556E+03
   1.3256770000000000E+09   8.9174101951761273E+04   5.4482813425752818E-11   5.2163068491823504E-21   2.0092939037629526E+03
   1.3276770000000000E+09   8.9485142882035841E+04   5.3996938622153129E-11   5.1733580015705095E-21   2.0079073823532640E+03
   1.3296770000000000E+09   8.9796332209733650E+04   5.3517229064570949E-11   5.1308665647395377E-21   2.0065499265350343E+03
   1.3316770000000000E+09   9.0107665299950211E+04   5.3043592619496399E-11   5.0888266052851093E-21   2.0052214855167708E+03
   1.3336770000000000E+09   9.0419139543400583E+04   5.2575938157646881E-11   5.0472322332837906E-21   2.0039220059308134E+03
   1.3356770000000000E+09   9.0730754168288899E+04   5.2114175592282555E-11   5.0060776066466116E-21   2.0026514319024905E+03
   1.3376770000000000E+09   9.1042509775930681E+04   5.1658215985197677E-11   4.9653569420314327E-21   2.0014097051058875E+03
   1.3396770000000000E+09   9.1354407672948262E+04   5.1207971700022462E-11   4.9250645304110644E-21   2.0001967647934136E+03
   1.3416770000000000E+09   9.1666449140854980E+04   5.0763356566546832E-11   4.8851947538365185E-21   1.9990125477911024E+03
   1.3436770000000000E+09   9.1978634820362626E+04   5.0324286012043510E-11   4.8457420991526214E-21   1.9978569884592109E+03
   1.3456770000000000E+09   9.2290964370248155E+04   4.9890677121123719E-11   4.8067011649181967E-21   1.9967300186263160E+03
   1.3476770000000000E+09   9.2603436483253085E+04   4.9462448605465894E-11   4.7680666596621280E-21   1.9956315675120236E+03
   1.3496770000000000E+09   9.2916049223594673E+04   4.9039520693764716E-11   4.7298333923956662E-21   1.9945615616558512E+03
   1.3516770000000000E+09   9.3228800535140050E+04   4.8621814980007164E-11   4.6919962589980485E-21   1.9935199248665117E+03
   1.3536770000000000E+09   9.3541688707529524E+04   4.8209254282527806E-11   4.6545502295169856E-21   1.9925065781974397E+03
   1.3556770000000000E+09   9.3854712614547199E+04   4.7801762559191331E-11   4.6174903407853861E-21   1.9915214399441816E+03
   1.3576770000000000E+09   9.4167871650440662E+04   4.7399264896859420E-11   4.5808116961616342E-21   1.9905644256514358E+03
   1.3596770000000000E+09   9.4481165436015013E+04   4.7001687557990461E-11   4.5445094707937064E-21   1.9896354481157121E+03
   1.3616770000000000E+09   9.4794593472533219E+04   4.6608958041443565E-11   4.5085789182923437E-21   1.9887344173743793E+03
   1.3636770000000000E+09   9.5108154928588556E+04   4.6221005112294888E-11   4.4730153744414480E-21   1.9878612406808195E+03
   1.3656770000000000E+09   9.5421848648409767E+04   4.5837758777969239E-11   4.4378142557185264E-21   1.9870158224733623E+03
   1.3676770000000000E+09   9.5735673328653415E+04   4.5459150221626545E-11   4.4029710536449453E-21   1.9861980643483766E+03
   1.3696770000000000E+09   9.6049627714571674E+04   4.5085111727523131E-11   4.3684813283048644E-21   1.9854078650441727E+03
   1.3716770000000000E+09   9.6363710676761955E+04   4.4715576632309689E-11   4.3343407043268873E-21   1.9846451204350903E+03
   1.3736770000000000E+09   9.6677921133598720E+04   4.4350479313111681E-11   4.3005448704031561E-21   1.9839097235295130E+03
   1.3756770000000000E+09   9.6992257901194753E+04   4.3989755195817015E-11   4.2670895807628372E-21   1.9832015644651171E+03
   1.3776770000000000E+09   9.7306719594062844E+04   4.3633340755787272E-11   4.2339706559130048E-21   1.9825205304992191E+03
   1.3796770000000000E+09   9.7621304639706927E+04   4.3281173495193112E-11   4.2011839811035909E-21   1.9818665059975010E+03
   1.3816770000000000E+09   9.7936011366521881E+04   4.2933191904329752E-11   4.1687255032141406E-21   1.9812393724263607E+03
   1.3836770000000000E+09   9.8250838065220421E+04   4.2589335428452211E-11   4.1365912281465844E-21   1.9806390083514361E+03
   1.3856770000000000E+09   9.8565782945053419E+04   4.2249544457292757E-11   4.1047772203987415E-21   1.9800652894400293E+03
   1.3876770000000000E+09   9.8880843943555519E+04   4.1913760343132238E-11   4.0732796054062420E-21   1.9795180884617155E+03
   1.3896770000000000E+09   9.9196018258920099E+04   4.1581925463061316E-11   4.0420945761948821E-21   1.9789972752787576E+03
   1.3916770000000000E+09   9.9511301052436655E+04   4.1253983407991171E-11   4.0112184124127637E-21   1.9785027168084684E+03
   1.3936770000000000E+09   9.9826681634770110E+04   4.0929879563792162E-11   3.9806475376708791E-21   1.9780342769060599E+03
   1.3956770000000000E+09   1.0014213269569977E+05   4.0609562788350973E-11   3.9503786839892926E-21   1.9775918160237090E+03
   1.3976770000000000E+09   1.0045758175066434E+05   4.0292989902364788E-11   3.9204093313411493E-21   1.9771751902757810E+03
   1.3996770000000000E+09   1.0077284036621063E+05   3.9980136890904431E-11   3.8907388035488610E-21   1.9767842490297530E+03
   1.4016770000000000E+09   1.0108744141912759E+05   3.9671024829136559E-11   3.8613708048960440E-21   1.9764188290770539E+03
   1.4036770000000000E+09   1.0140029691245212E+05   3.9365774862548483E-11   3.8323188012840326E-21   1.9760787414391220E+03
   1.4056770000000000E+09   1.0170905490303910E+05   3.9064712782053223E-11   3.8036162614425407E-21   1.9757637436499281E+03
   1.4076770000000000E+09   1.0200906105362145E+05   3.8768540986919867E-11   3.7753335143388797E-21   1.9754734863911638E+03
   1.4096770000000000E+09   1.0229203623952181E+05   3.8478564639420653E-11   3.7475999640177638E-21   1.9752074211846525E+03
   1.4116770000000000E+09   1.0254510259516186E+05   3.8196874926843397E-11   3.7206222162054566E-21   1.9749646618016870E+03
   1.4136770000000000E+09   1.0275157038201731E+05   3.7926257057921613E-11   3.6946754363530401E-21   1.9747438164009823E+03
   1.4156770000000000E+09   1.0289528925793043E+05   3.7669498940533093E-11   3.6700362189999168E-21   1.9745428583982564E+03
   1.4176770000000000E+09   1.0296897412695872E+05   3.7427963340710273E-11   3.6468433264873102E-21   1.9743591697578449E+03
   1.4196770000000000E+09   1.0298283177229816E+05   3.7199963807911262E-11   3.6249386521297433E-21   1.9741899095807328E+03
   1.4216770000000000E+09   1.0296572395278566E+05   3.6980312969210048E-11   3.6038217852221545E-21   1.9740327229476329E+03
   1.4236770000000000E+09   1.0295423112982369E+05   3.6762138248439591E-11   3.5828255536657211E-21   1.9738864800288081E+03
   1.4256770000000000E+09   1.0297838680057450E+05   3.6539770966965193E-11   3.5613972244166704E-21   1.9737515154183407E+03
   1.4276770000000000E+09   1.0306184945554395E+05   3.6309308913513643E-11   3.5391542251151170E-21   1.9736292193730933E+03
   1.4296770000000000E+09   1.0323840894030615E+05   3.6065883143244605E-11   3.5156184289029575E-21   1.9735217193405222E+03
   1.4316770000000000E+09   1.0353959300853695E+05   3.5801563863519580E-11   3.4900117129767609E-21   1.9734320839418222E+03
   1.4336770000000000E+09   1.0414453850469459E+05   3.5520434246432293E-11   3.4627199869948023E-21   1.9733674676925884E+03
   1.4356770000000000E+09   1.0317284180058824E+05   3.5112145800710438E-11   3.4229987732519626E-21   1.9733208254339143E+03
   6.5767700000000000E+08  -4.5717228335122763E+03   4.7892875586471089E-13   4.8340391483163072E-24   1.2011530181056005E+03
   6.5967700000000000E+08  -3.9854811209244381E+03   7.8961334861026419E-13   7.5727254066250171E-24   1.2641536375563412E+03
   6.6167700000000000E+08  -3.4197504644635078E+03   1.1219003913972297E-12   1.0333486209912544E-23   1.3162701166875129E+03
   6.6367700000000000E+08  -2.7743280323823383E+03   1.4775691989742626E-12   1.3240894240994748E-23   1.3529074830754146E+03
   6.6567700000000000E+08  -1.9184143346173787E+03   1.8386744768757852E-12   1.6131209529620323E-23   1.3818964512572759E+03
   6.6767700000000000E+08  -1.0055950668371014E+03   2.2060238427466827E-12   1.9018350241810373E-23   1.4062901899572332E+03
   6.6967700000000000E+08  -2.0821447041687546E+02   2.5960499808871830E-12   2.1973352102094132E-23   1.4323670464674383E+03
   6.7167700000000000E+08   1.1833024566929922E+02   3.0546281131691673E-12   2.5039807812221656E-23   1.4789889850737889E+03
   6.7367700000000000E+08  -1.1142421026358004E+03   3.6876540203012719E-12   2.7557220656449120E-23   1.6223790922719627E+03
   6.7567700000000000E+08  -6.5295615865264235E+03   4.7296148953197718E-12   2.8488934874682393E-23   2.0127375735122728E+03
   6.7767700000000000E+08  -1.8113662262473874E+04   6.3771639200231209E-12   2.9815727757613421E-23   2.5931029088741302E+03
   6.7967700000000000E+08  -3.4117735162599754E+04   8.6867145900483674E-12   3.3788298015564417E-23   3.1169283771211544E+03
   6.8167700000000000E+08  -5.1359416229150156E+04   1.1872013728349191E-11   4.1606826525012163E-23   3.4593729429487644E+03
   6.8367700000000000E+08  -6.5938153049659042E+04   1.6303939784018574E-11   5.4674264858127919E-23   3.6153237709751197E+03
   6.8567700000000000E+08  -7.4982048051966922E+04   2.2438107831134621E-11   7.4852382573688658E-23   3.6342783629337628E+03
   6.8767700000000000E+08  -7.7922776752487000E+04   3.0756185158726370E-11   1.0432985043198260E-22   3.5740569494535021E+03
   6.8967700000000000E+08  -7.5975399959632705E+04   4.1701099723570913E-11   1.4529794794456132E-22   3.4795702876241862E+03
   6.9167700000000000E+08  -7.0957820150966203E+04   5.5594820998920474E-11   1.9946360334074844E-22   3.3791561602160850E+03
   6.9367700000000000E+08  -6.4460034920957281E+04   7.2546139063531347E-11   2.6750482497082942E-22   3.2879126460284206E+03
   6.9567700000000000E+08  -5.7522620255464870E+04   9.2377547621857577E-11   3.4866171737383055E-22   3.2121790850616208E+03
   6.9767700000000000E+08  -5.0656005146855168E+04   1.1461100923009001E-10   4.4066241354032069E-22   3.1532464418634650E+03
   6.9967700000000000E+08  -4.4005406704401219E+04   1.3853112748616915E-10   5.4004984278385924E-22   3.1099335620462234E+03
   7.0167700000000000E+08  -3.7525416792234573E+04   1.6330464192850859E-10   6.4278497808525090E-22   3.0801395786838625E+03
   7.0367700000000000E+08  -3.1104875832141603E+04   1.8811046043454358E-10   7.4489584545550389E-22   3.0616460445790935E+03
   7.0567700000000000E+08  -2.4636945599585084E+04   2.1223913764314636E-10   8.4297267906812244E-22   3.0524570328594714E+03
   7.0767700000000000E+08  -1.8049112563341056E+04   2.3514362073626459E-10   9.3442265136573642E-22   3.0508961849766733E+03
   7.0967700000000000E+08  -1.1308940504590095E+04   2.5644585376988670E-10   1.0175070325312809E-21   3.0555954068735732E+03
   7.1167700000000000E+08  -4.4178189937368161E+03   2.7591569063462299E-10   1.0912400834855830E-21   3.0654460316161917E+03
   7.1367700000000000E+08   2.6022598354313791E+03   2.9344110539398787E-10   1.1552394184198297E-21   3.0795448755530992E+03
   7.1567700000000000E+08   9.7383944461483115E+03   3.0900899146071778E-10   1.2096130701941767E-21   3.0971499472651608E+03
   7.1767700000000000E+08   1.6919737006454645E+04   3.2257443089260304E-10   1.2543740174344386E-21   3.1177441744071361E+03
   7.1967700000000000E+08   2.4061300749838920E+04   3.3423745154493111E-10   1.2902103432532642E-21   3.1407413939197863E+03
   7.2167700000000000E+08   3.1133994812981411E+04   3.4410761108855332E-10   1.3178791466924145E-21   3.1656017612302912E+03
   7.2367700000000000E+08   3.8118922671579086E+04   3.5228965336988840E-10   1.3381010745871130E-21   3.1918946963873295E+03
   7.2567700000000000E+08   4.4999572907374568E+04   3.5888959964053203E-10   1.3515771713644495E-21   3.2192715496463279E+03
   7.2767700000000000E+08   5.1763744606622276E+04   3.6401401619515347E-10   1.3589815242395873E-21   3.2474475106862214E+03
   7.2967700000000000E+08   5.8404353347066150E+04   3.6777001576541512E-10   1.3609586889828678E-21   3.2761891071503719E+03
   7.3167700000000000E+08   6.4919489343509180E+04   3.7026541121209704E-10   1.3581231834232774E-21   3.3053052037073285E+03
   7.3367700000000000E+08   7.1311973746960168E+04   3.7160861896250311E-10   1.3510592332472802E-21   3.3346401494198444E+03
   7.3567700000000000E+08   7.7588584617131201E+04   3.7190811144755358E-10   1.3403198179161700E-21   3.3640682472260828E+03
   7.3767700000000000E+08   8.3759103051941696E+04   3.7127140670896285E-10   1.3264248096128700E-21   3.3934890601947463E+03
   7.3967700000000000E+08   8.9835317158374324E+04   3.6980372288907851E-10   1.3098585102875530E-21   3.4228232961900999E+03
   7.4167700000000000E+08   9.5830101304055119E+04   3.6760650005249780E-10   1.2910671451411657E-21   3.4520091557383053E+03
   7.4367700000000000E+08   1.0175664494980699E+05   3.6477600019466240E-10   1.2704568863051727E-21   3.4809991052875303E+03
   7.4567700000000000E+08   1.0762786663119828E+05   3.6140215136697296E-10   1.2483928206814147E-21   3.5097570687657544E+03
   7.4767700000000000E+08   1.1345601276607161E+05   3.5756773346569285E-10   1.2251990521364768E-21   3.5382560324968813E+03
   7.4967700000000000E+08   1.1925241772095731E+05   3.5334793314563118E-10   1.2011599136025022E-21   3.5664760472453513E+03
   7.5167700000000000E+08   1.2502739024233381E+05   3.4881024032422481E-10   1.1765221105373267E-21   3.5944025970958933E+03
   7.5367700000000000E+08   1.3079018976984067E+05   3.4401462509505345E-10   1.1514975376667739E-21   3.6220252939287498E+03
   7.5567700000000000E+08   1.3654906053499749E+05   3.3901392050810669E-10   1.1262664965335009E-21   3.6493368505848825E+03
   7.5767700000000000E+08   1.4231129838158042E+05   3.3385433838553467E-10   1.1009810711217220E-21   3.6763322852249021E+03
   7.5967700000000000E+08   1.4808333255410218E+05   3.2857605593646158E-10   1.0757684708333140E-21   3.7030083125507904E+03
   7.6167700000000000E+08   1.5387081099103054E+05   3.2321382513737598E-10   1.0507342072463244E-21   3.7293628829192535E+03
   7.6367700000000000E+08   1.5967868244914466E+05   3.1779757104816652E-10   1.0259650227515835E-21   3.7553948365972310E+03
   7.6567700000000000E+08   1.6551127209737414E+05   3.1235295746255514E-10   1.0015315303870938E-21   3.7811036465612483E+03
   7.6767700000000000E+08   1.7137234931287618E+05   3.0690190780388823E-10   9.7749055398073857E-22   3.8064892287819048E+03
   7.6967700000000000E+08   1.7726518761299673E+05   3.0146307599803333E-10   9.5388717729955391E-22   3.8315518036253616E+03
   7.7167700000000000E+08   1.8319261725986039E+05   2.9605226659080949E-10   9.3075652243117681E-22   3.8562917958082699E+03
   7.7367700000000000E+08   1.8915707131125149E+05   2.9068280615590426E-10   9.0812528333416029E-22   3.8807097633362951E+03
   7.7567700000000000E+08   1.9516062592571593E+05   2.8536586956449398E-10   8.8601304232758264E-22   3.9048063481633467E+03
   7.7767700000000000E+08   2.0120503566754828E+05   2.8011076537537826E-10   8.6443339674216330E-22   3.9285822430633812E+03
   7.7967700000000000E+08   2.0729176446155601E+05   2.7492518476671595E-10   8.4339492108687386E-22   3.9520381705322106E+03
   7.8167700000000000E+08   2.1342201275163144E+05   2.6981541828644477E-10   8.2290198760014900E-22   3.9751748705368595E+03
   7.8367700000000000E+08   2.1959674133613735E+05   2.6478654439300007E-10   8.0295546538835801E-22   3.9979930946866780E+03
   7.8567700000000000E+08   2.2581669229057856E+05   2.5984259338181033E-10   7.8355331575566308E-22   4.0204936049761695E+03
   7.8767700000000000E+08   2.3208240734215319E+05   2.5498668989988928E-10   7.6469109892686361E-22   4.0426771756907847E+03
   7.8967700000000000E+08   2.3839424402721701E+05   2.5022117687032894E-10   7.4636240521227393E-22   4.0645445974075246E+03
   7.9167700000000000E+08   2.4475238993675800E+05   2.4554772329541417E-10   7.2855922177224753E-22   4.0860966822865726E+03
   7.9367700000000000E+08   2.5115687533261618E+05   2.4096741808750826E-10   7.1127224449724556E-22   4.1073342700559724E+03
   7.9567700000000000E+08   2.5760758439547021E+05   2.3648085179207993E-10   6.9449114310554216E-22   4.1282582342516271E+03
   7.9767700000000000E+08   2.6410426534277358E+05   2.3208818781597675E-10   6.7820478634927387E-22   4.1488694883991602E+03
   7.9967700000000000E+08   2.7064653963015333E+05   2.2778922455392161E-10   6.6240143318526131E-22   4.1691689919197834E+03
   8.0167700000000000E+08   2.7723391042335529E+05   2.2358344961436952E-10   6.4706889488618691E-22   4.1891577556152051E+03
   8.0367700000000000E+08   2.8386577050024417E+05   2.1947008717939435E-10   6.3219467231906930E-22   4.2088368466411666E+03
   8.0567700000000000E+08   2.9054140971456707E+05   2.1544813938937168E-10   6.1776607198274362E-22   4.2282073929193966E+03
   8.0767700000000000E+08   2.9726002212610265E+05   2.1151642251925619E-10   6.0377030385786750E-22   4.2472705869666706E+03
   8.0967700000000000E+08   3.0402071287639701E+05   2.0767359860677049E-10   5.9019456366749985E-22   4.2660276891398325E+03
   8.1167700000000000E+08   3.1082250486628868E+05   2.0391820310159909E-10   5.7702610176117364E-22   4.2844800303092479E+03
   8.1367700000000000E+08   3.1766434527135582E+05   2.0024866902670070E-10   5.6425228050991672E-22   4.3026290139819366E+03
   8.1567700000000000E+08   3.2454511191468779E+05   1.9666334807626565E-10   5.5186062182458235E-22   4.3204761179009020E+03
   8.1767700000000000E+08   3.3146361950301769E+05   1.9316052901807428E-10   5.3983884617735428E-22   4.3380228951501604E+03
   8.1967700000000000E+08   3.3841862572227529E+05   1.8973845371958255E-10   5.2817490430953298E-22   4.3552709747963636E+03
   8.2167700000000000E+08   3.4540883718179265E+05   1.8639533107577403E-10   5.1685700264213231E-22   4.3722220620983344E+03
   8.2367700000000000E+08   3.5243291519239504E+05   1.8312934908157029E-10   5.0587362326451473E-22   4.3888779383159026E+03
   8.2567700000000000E+08   3.5948948136206850E+05   1.7993868526150417E-10   4.9521353925637681E-22   4.4052404601490616E+03
   8.2767700000000000E+08   3.6657712299334764E+05   1.7682151564363127E-10   4.8486582599640853E-22   4.4213115588382316E+03
   8.2967700000000000E+08   3.7369439826855093E+05   1.7377602244265339E-10   4.7481986902418345E-22   4.4370932389559975E+03
   8.3167700000000000E+08   3.8083984121203423E+05   1.7080040059839031E-10   4.6506536894789553E-22   4.4525875769204722E+03
   8.3367700000000000E+08   3.8801196642227669E+05   1.6789286329958880E-10   4.5559234382750405E-22   4.4677967192599781E+03
   8.3567700000000000E+08   3.9520927357043250E+05   1.6505164660920593E-10   4.4639112940900276E-22   4.4827228806583817E+03
   8.3767700000000000E+08   4.0243025166561623E+05   1.6227501329536419E-10   4.3745237753941259E-22   4.4973683418097116E+03
   8.3967700000000000E+08   4.0967338309030596E+05   1.5956125596186640E-10   4.2876705305253675E-22   4.5117354471099188E+03
   8.4167700000000000E+08   4.1693714741167706E+05   1.5690869956316011E-10   4.2032642938132784E-22   4.5258266022124399E+03
   8.4367700000000000E+08   4.2422002497617842E+05   1.5431570338073518E-10   4.1212208312304374E-22   4.5396442714728046E+03
   8.4567700000000000E+08   4.3152050029529922E+05   1.5178066253086691E-10   4.0414588775727742E-22   4.5531909753057644E+03
   8.4767700000000000E+08   4.3883706523020397E+05   1.4930200906721265E-10   3.9639000669381596E-22   4.5664692874763559E+03
   8.4967700000000000E+08   4.4616822198186233E+05   1.4687821273585348E-10   3.8884688580646019E-22   4.5794818323440459E+03
   8.5167700000000000E+08   4.5351248589172045E+05   1.4450778143482006E-10   3.8150924558996444E-22   4.5922312820766720E+03
   8.5367700000000000E+08   4.6086838805595151E+05   1.4218926142485998E-10   3.7437007305978078E-22   4.6047203538483500E+03
   8.5567700000000000E+08   4.6823447775431373E+05   1.3992123733312171E-10   3.6742261349801109E-22   4.6169518070330723E+03
   8.5767700000000000E+08   4.7560932469271263E+05   1.3770233198653857E-10   3.6066036213379139E-22   4.6289284404034224E+03
   8.5967700000000000E+08   4.8299152105707320E+05   1.3553120610696961E-10   3.5407705583211953E-22   4.6406530893415738E+03
   8.6167700000000000E+08   4.9037968337520835E+05   1.3340655789563992E-10   3.4766666485191291E-22   4.6521286230681244E+03
   8.6367700000000000E+08   4.9777245418312965E+05   1.3132712253014404E-10   3.4142338472190430E-22   4.6633579418926265E+03
   8.6567700000000000E+08   5.0516850349279080E+05   1.2929167159329430E-10   3.3534162827189202E-22   4.6743439744887746E+03
   8.6767700000000000E+08   5.1256653005952860E+05   1.2729901244944917E-10   3.2941601784695358E-22   4.6850896751963919E+03
   8.6967700000000000E+08   5.1996526244939945E+05   1.2534798758070537E-10   3.2364137772358670E-22   4.6955980213520761E+03
   8.7167700000000000E+08   5.2736345990903932E+05   1.2343747389251247E-10   3.1801272673940124E-22   4.7058720106503633E+03
   8.7367700000000000E+08   5.3475991304347699E+05   1.2156638199588187E-10   3.1252527114194409E-22   4.7159146585375029E+03
   8.7567700000000000E+08   5.4215344431018841E+05   1.1973365547143888E-10   3.0717439765751125E-22   4.7257289956404320E+03
   8.7767700000000000E+08   5.4954290834053082E+05   1.1793827011906823E-10   3.0195566677726929E-22   4.7353180652340625E+03
   8.7967700000000000E+08   5.5692719210222631E+05   1.1617923319582076E-10   2.9686480625559559E-22   4.7446849207506930E+03
   8.8167700000000000E+08   5.6430521491872042E+05   1.1445558264401458E-10   2.9189770481408866E-22   4.7538326233358603E+03
   8.8367700000000000E+08   5.7167592836296232E+05   1.1276638631103084E-10   2.8705040604401675E-22   4.7627642394555469E+03
   8.8567700000000000E+08   5.7903831604468776E+05   1.1111074116205430E-10   2.8231910249978165E-22   4.7714828385599849E+03
   8.8767700000000000E+08   5.8639139331214665E+05   1.0948777248683690E-10   2.7770012997597325E-22   4.7799914908096935E+03
   8.8967700000000000E+08   5.9373420689320995E+05   1.0789663310120022E-10   2.7318996196010272E-22   4.7882932648695614E+03
   8.9167700000000000E+08   6.0106583451049530E+05   1.0633650254302752E-10   2.6878520425107938E-22   4.7963912257772199E+03
   8.9367700000000000E+08   6.0838538452851318E+05   1.0480658626009492E-10   2.6448258972783384E-22   4.8042884328929604E+03
   8.9567700000000000E+08   6.1569199574288656E+05   1.0330611478181555E-10   2.6027897323960620E-22   4.8119879379403710E+03
   8.9767700000000000E+08   6.2298483752715506E+05   1.0183434285663921E-10   2.5617132656385920E-22   4.8194927831512805E+03
   8.9967700000000000E+08   6.3026311074339272E+05   1.0039054851906208E-10   2.5215673333365930E-22   4.8268059995360318E+03
   9.0167700000000000E+08   6.3752605011633073E+05   9.8974032024686969E-11   2.4823238377321291E-22   4.8339306053119481E+03
   9.0367700000000000E+08   6.4477292910894484E+05   9.7584114566337708E-11   2.4439556901785934E-22   4.8408696045381284E+03
   9.0567700000000000E+08   6.5200306846515602E+05   9.6220136685315330E-11   2.4064367479944535E-22   4.8476259860196405E+03
   9.0767700000000000E+08   6.5921584889398864E+05   9.4881456375885488E-11   2.3697417448988559E-22   4.8542027225503989E+03
   9.0967700000000000E+08   6.6641072586996655E+05   9.3567447130480968E-11   2.3338462211843092E-22   4.8606027705480474E+03
   9.1167700000000000E+08   6.7358723932951340E+05   9.2277496644700878E-11   2.2987264714903584E-22   4.8668290700780890E+03
   9.1367700000000000E+08   6.8074500383399881E+05   9.1011007493442288E-11   2.2643595426587268E-22   4.8728845451383886E+03
   9.1567700000000000E+08   6.8788366011152416E+05   8.9767401358549718E-11   2.2307233206488082E-22   4.8787721038226991E+03
   9.1767700000000000E+08   6.9500277635309449E+05   8.8546127506161912E-11   2.1977967234639180E-22   4.8844946375233130E+03
   9.1967700000000000E+08   7.0210171707872336E+05   8.7346673447762236E-11   2.1655599486730629E-22   4.8900550176991328E+03
   9.2167700000000000E+08   7.0917954508936824E+05   8.6168571645959345E-11   2.1339946238781975E-22   4.8954560883717186E+03
   9.2367700000000000E+08   7.1623505342042574E+05   8.5011393935363631E-11   2.1030836550034967E-22   4.9007006537616890E+03
   9.2567700000000000E+08   7.2326698412973061E+05   8.3874729597511046E-11   2.0728106727178498E-22   4.9057914643868389E+03
   9.2767700000000000E+08   7.3027435497719760E+05   8.2758155352119589E-11   2.0431592797950795E-22   4.9107312108636179E+03
   9.2967700000000000E+08   7.3725667465829628E+05   8.1661216862142910E-11   2.0141125793838775E-22   4.9155225369242635E+03
   9.3167700000000000E+08   7.4421390446052351E+05   8.0583432285231131E-11   1.9856532435837972E-22   4.9201680681457483E+03
   9.3367700000000000E+08   7.5114631692350609E+05   7.9524302247811281E-11   1.9577637402210067E-22   4.9246704420823353E+03
   9.3567700000000000E+08   7.5805473181465256E+05   7.8483273345506213E-11   1.9304254188225491E-22   4.9290323320947218E+03
   9.3767700000000000E+08   7.6494191327457782E+05   7.7459561326934008E-11   1.9036141715411275E-22   4.9332564251492140E+03
   9.3967700000000000E+08   7.7181506130130717E+05   7.6451860773179644E-11   1.8772933403087847E-22   4.9373453658725994E+03
   9.4167700000000000E+08   7.7868678454869194E+05   7.5458285228250760E-11   1.8514122508313564E-22   4.9413018546378671E+03
   9.4367700000000000E+08   7.8557111381897028E+05   7.4476918809588486E-11   1.8259196482585624E-22   4.9451290027780933E+03
   9.4567700000000000E+08   7.9247539099562657E+05   7.3506778181102123E-11   1.8007871639524867E-22   4.9488305986475789E+03
   9.4767700000000000E+08   7.9939431376139470E+05   7.2548390660571715E-11   1.7760234971571666E-22   4.9524107994140122E+03
   9.4967700000000000E+08   8.0631134583586408E+05   7.1603466553650480E-11   1.7516665078032612E-22   4.9558734555302563E+03
   9.5167700000000000E+08   8.1320679250353144E+05   7.0673898652373091E-11   1.7277589281777276E-22   4.9592213134987260E+03
   9.5367700000000000E+08   8.2006957911479741E+05   6.9761170424226599E-11   1.7043338362263870E-22   4.9624561083254166E+03
   9.5567700000000000E+08   8.2686165490570699E+05   6.8868310605613562E-11   1.6814637199602134E-22   4.9655746429733981E+03
   9.5767700000000000E+08   8.3352131817066809E+05   6.8000737907848872E-11   1.6592717950364247E-22   4.9685959478917175E+03
   9.5967700000000000E+08   8.4012384965051722E+05   6.7150305462499593E-11   1.6375646277933351E-22   4.9714964098145383E+03
   9.6167700000000000E+08   8.4668905085937597E+05   6.6314593873879828E-11   1.6162765788228730E-22   4.9742890828777163E+03
   9.6367700000000000E+08   8.5322321746013453E+05   6.5492663521756738E-11   1.5953821895012675E-22   4.9769754678590798E+03
   9.6567700000000000E+08   8.5972809277565242E+05   6.4684065239300279E-11   1.5748680558318403E-22   4.9795571235990074E+03
   9.6767700000000000E+08   8.6620417298552650E+05   6.3888480508834299E-11   1.5547239439427094E-22   4.9820359660648328E+03
   9.6967700000000000E+08   8.7265159125573887E+05   6.3105631296835062E-11   1.5349406695582168E-22   4.9844140182359670E+03
   9.7167700000000000E+08   8.7907036128157633E+05   6.2335257767971499E-11   1.5155095822476118E-22   4.9866933117984800E+03
   9.7367700000000000E+08   8.8546045998725994E+05   6.1577110943110216E-11   1.4964223908945959E-22   4.9888758598927052E+03
   9.7567700000000000E+08   8.9182186085094686E+05   6.0830949338370117E-11   1.4776710798991460E-22   4.9909636501753257E+03
   9.7767700000000000E+08   8.9815454741979565E+05   6.0096537398466319E-11   1.4592478676378357E-22   4.9929586431711459E+03
   9.7967700000000000E+08   9.0445851805017923E+05   5.9373644898960872E-11   1.4411451882727282E-22   4.9948627719931665E+03
   9.8167700000000000E+08   9.1073378687260405E+05   5.8662046780632639E-11   1.4233556841320309E-22   4.9966779424079350E+03
   9.8367700000000000E+08   9.1698038289328443E+05   5.7961523138344070E-11   1.4058722019541008E-22   4.9984060330562224E+03
   9.8567700000000000E+08   9.2319834819720080E+05   5.7271859239958032E-11   1.3886877899992093E-22   5.0000488957060852E+03
   9.8767700000000000E+08   9.2938773614704655E+05   5.6592845510307252E-11   1.3717956944845706E-22   5.0016083554002971E+03
   9.8967700000000000E+08   9.3554860961558553E+05   5.5924277499157578E-11   1.3551893557912412E-22   5.0030862105132110E+03
   9.9167700000000000E+08   9.4168103781261714E+05   5.5265955959894276E-11   1.3388624074781444E-22   5.0044842328218283E+03
   9.9367700000000000E+08   9.4778508934105211E+05   5.4617687210159753E-11   1.3228086822223966E-22   5.0058041676591429E+03
   9.9567700000000000E+08   9.5386081973760971E+05   5.3979283852178383E-11   1.3070222265482344E-22   5.0070477341717678E+03
   9.9767700000000000E+08   9.5990825486946711E+05   5.3350565658923008E-11   1.2914973196665439E-22   5.0082166255713801E+03
   9.9967700000000000E+08   9.6592737678427668E+05   5.2731360069880249E-11   1.2762284830392200E-22   5.0093125090567701E+03
   1.0016770000000000E+09   9.7191812263190746E+05   5.2121501560302941E-11   1.2612104628743485E-22   5.0103370253670964E+03
   1.0036770000000000E+09   9.7788040901770268E+05   5.1520829202594401E-11   1.2464381692142137E-22   5.0112917874907589E+03
   1.0056770000000000E+09   9.8381418526267388E+05   5.0929182497252127E-11   1.2319065733152210E-22   5.0121783793522127E+03
   1.0076770000000000E+09   9.8971950477241294E+05   5.0346396543573732E-11   1.2176105889237325E-22   5.0129983557391088E+03
   1.0096770000000000E+09   9.9559659293954307E+05   4.9772298175946546E-11   1.2035449766348852E-22   5.0137532440480509E+03
   1.0116770000000000E+09   1.0014458861001456E+06   4.9206704599126402E-11   1.1897043082588131E-22   5.0144445483944137E+03
   1.0136770000000000E+09   1.0072680265430378E+06   4.8649425004261123E-11   1.1760830029702032E-22   5.0150737553855270E+03
   1.0156770000000000E+09   1.0130638235754821E+06   4.8100264411411672E-11   1.1626754186075386E-22   5.0156423344999739E+03
   1.0176770000000000E+09   1.0188341596482506E+06   4.7559030752048428E-11   1.1494760200235661E-22   5.0161517438084638E+03
   1.0196770000000000E+09   1.0245798585446915E+06   4.7025543152907784E-11   1.1364795765924338E-22   5.0166034352876814E+03
   1.0216770000000000E+09   1.0303015803707589E+06   4.6499637559107970E-11   1.1236812981236061E-22   5.0169988482628269E+03
   1.0236770000000000E+09   1.0359997544163092E+06   4.5981169576056316E-11   1.1110769029350322E-22   5.0173394054139208E+03
   1.0256770000000000E+09   1.0416745549918435E+06   4.5470014382961463E-11   1.0986626152612308E-22   5.0176265084771294E+03
   1.0276770000000000E+09   1.0473259209237794E+06   4.4966064055052040E-11   1.0864351002600062E-22   5.0178615332356894E+03
   1.0296770000000000E+09   1.0529536074395392E+06   4.4469223258755912E-11   1.0743913594895952E-22   5.0180458257917180E+03
   1.0316770000000000E+09   1.0585572545065077E+06   4.3979404410398518E-11   1.0625286131346205E-22   5.0181807005101118E+03
   1.0336770000000000E+09   1.0641364561810223E+06   4.3496523220752470E-11   1.0508441912820000E-22   5.0182674395755075E+03
   1.0356770000000000E+09   1.0696908195217499E+06   4.3020495213879792E-11   1.0393354485325920E-22   5.0183072938271434E+03
   1.0376770000000000E+09   1.0752200069692298E+06   4.2551233449967569E-11   1.0279997075889756E-22   5.0183014844146128E+03
   1.0396770000000000E+09   1.0807237610070528E+06   4.2088647395428924E-11   1.0168342305348241E-22   5.0182512048344133E+03
   1.0416770000000000E+09   1.0862019133673909E+06   4.1632642711041833E-11   1.0058362123327843E-22   5.0181576230094843E+03
   1.0436770000000000E+09   1.0916543827684396E+06   4.1183121665970665E-11   9.9500278952184028E-23   5.0180218832024584E+03
   1.0456770000000000E+09   1.0970811654744225E+06   4.0739983901380048E-11   9.8433105745695264E-23   5.0178451076626388E+03
   1.0476770000000000E+09   1.1024823223782023E+06   4.0303127325208360E-11   9.7381809081692133E-23   5.0176283979813434E+03
   1.0496770000000000E+09   1.1078579653220538E+06   3.9872448989723973E-11   9.6346096379024137E-23   5.0173728361742496E+03
   1.0516770000000000E+09   1.1132082443580830E+06   3.9447845866924295E-11   9.5325676787703074E-23   5.0170794855305621E+03
   1.0536770000000000E+09   1.1185333368154634E+06   3.9029215484882618E-11   9.4320262640489029E-23   5.0167493912731616E+03
   1.0556770000000000E+09   1.1238334384563444E+06   3.8616456419609726E-11   9.3329570561723062E-23   5.0163835810706560E+03
   1.0576770000000000E+09   1.1291087566469260E+06   3.8209468654719691E-11   9.2353322262180595E-23   5.0159830654369898E+03
   1.0596770000000000E+09   1.1343595052916920E+06   3.7808153829124632E-11   9.1391245068023381E-23   5.0155488380480938E+03
   1.0616770000000000E+09   1.1395859012172862E+06   3.7412415394830620E-11   9.0443072236523970E-23   5.0150818759989788E+03
   1.0636770000000000E+09   1.1447881616962182E+06   3.7022158705542376E-11   8.9508543108049801E-23   5.0145831400201332E+03
   1.0656770000000000E+09   1.1499665028350577E+06   3.6637291054003393E-11   8.8587403137181352E-23   5.0140535746676151E+03
   1.0676770000000000E+09   1.1551211385962912E+06   3.6257721672846923E-11   8.7679403838315161E-23   5.0134941084976554E+03
   1.0696770000000000E+09   1.1602522802669024E+06   3.5883361710717613E-11   8.6784302673890229E-23   5.0129056542336984E+03
   1.0716770000000000E+09   1.1653601362264503E+06   3.5514124192729165E-11   8.5901862906932304E-23   5.0122891089311861E+03
   1.0736770000000000E+09   1.1704449119022924E+06   3.5149923971992237E-11   8.5031853434029807E-23   5.0116453541433220E+03
   1.0756770000000000E+09   1.1755068098299152E+06   3.4790677676981092E-11   8.4174048610143321E-23   5.0109752560896213E+03
   1.0776770000000000E+09   1.1805460297622760E+06   3.4436303657897626E-11   8.3328228072792211E-23   5.0102796658276893E+03
   1.0796770000000000E+09   1.1855627687930851E+06   3.4086721933947350E-11   8.2494176570171008E-23   5.0095594194281884E+03
   1.0816770000000000E+09   1.1905572214748219E+06   3.3741854142541949E-11   8.1671683795586437E-23   5.0088153381524280E+03
   1.0836770000000000E+09   1.1955295799227585E+06   3.3401623490865935E-11   8.0860544229210263E-23   5.0080482286322758E+03
   1.0856770000000000E+09   1.2004800339023287E+06   3.3065954709910628E-11   8.0060556987345579E-23   5.0072588830516315E+03
   1.0876770000000000E+09   1.2054087708996767E+06   3.2734774010930684E-11   7.9271525679037306E-23   5.0064480793294351E+03
   1.0896770000000000E+09   1.2103159761761767E+06   3.2408009044212838E-11   7.8493258269711958E-23   5.0056165813035268E+03
   1.0916770000000000E+09   1.2152018328076471E+06   3.2085588860038509E-11   7.7725566951505973E-23   5.0047651389152570E+03
   1.0936770000000000E+09   1.2200665217093083E+06   3.1767443871705400E-11   7.6968268019911127E-23   5.0038944883942831E+03
   1.0956770000000000E+09   1.2249102216479520E+06   3.1453505820463589E-11   7.6221181756339634E-23   5.0030053524432915E+03
   1.0976770000000000E+09   1.2297331092435156E+06   3.1143707742202742E-11   7.5484132316170751E-23   5.0020984404221799E+03
   1.0996770000000000E+09   1.2345353589628409E+06   3.0837983935716938E-11   7.4756947621815688E-23   5.0011744485313748E+03
   1.1016770000000000E+09   1.2393171431086180E+06   3.0536269932374415E-11   7.4039459260339215E-23   5.0002340599940790E+03
   1.1036770000000000E+09   1.2440786318064032E+06   3.0238502467030760E-11   7.3331502385204336E-23   4.9992779452372915E+03
   1.1056770000000000E+09   1.2488199929920940E+06   2.9944619450043212E-11   7.2632915621756345E-23   4.9983067620713073E+03
   1.1076770000000000E+09   1.2535413924014282E+06   2.9654559940273751E-11   7.1943540976129882E-23   4.9973211558678631E+03
   1.1096770000000000E+09   1.2582429935623209E+06   2.9368264118989386E-11   7.1263223747321588E-23   4.9963217597366038E+03
   1.1116770000000000E+09   1.2629249577900206E+06   2.9085673264594682E-11   7.0591812442229630E-23   4.9953091947000739E+03
   1.1136770000000000E+09   1.2675874441845301E+06   2.8806729728145355E-11   6.9929158693503853E-23   4.9942840698668715E+03
   1.1156770000000000E+09   1.2722306096292043E+06   2.8531376909608598E-11   6.9275117180083449E-23   4.9932469826032948E+03
   1.1176770000000000E+09   1.2768546087893418E+06   2.8259559234838726E-11   6.8629545550318925E-23   4.9921985187029568E+03
   1.1196770000000000E+09   1.2814595941093706E+06   2.7991222133247452E-11   6.7992304347590999E-23   4.9911392525547053E+03
   1.1216770000000000E+09   1.2860457158074153E+06   2.7726312016146576E-11   6.7363256938346660E-23   4.9900697473084338E+03
   1.1236770000000000E+09   1.2906131218661072E+06   2.7464776255745293E-11   6.6742269442476737E-23   4.9889905550389676E+03
   1.1256770000000000E+09   1.2951619580187802E+06   2.7206563164782710E-11   6.6129210665963250E-23   4.9879022169076816E+03
   1.1276770000000000E+09   1.2996923677304923E+06   2.6951621976776695E-11   6.5523952035721711E-23   4.9868052633219713E+03
   1.1296770000000000E+09   1.3042044921736233E+06   2.6699902826868304E-11   6.4926367536563875E-23   4.9857002140923432E+03
   1.1316770000000000E+09   1.3086984701982173E+06   2.6451356733238396E-11   6.4336333650198411E-23   4.9845875785871522E+03
   1.1336770000000000E+09   1.3131744382975893E+06   2.6205935579070559E-11   6.3753729296183601E-23   4.9834678558848400E+03
   1.1356770000000000E+09   1.3176325305701897E+06   2.5963592095029348E-11   6.3178435774733388E-23   4.9823415349236402E+03
   1.1376770000000000E+09   1.3220728786791088E+06   2.5724279842219878E-11   6.2610336711271264E-23   4.9812090946487569E+03
   1.1396770000000000E+09   1.3264956118110735E+06   2.5487953195588828E-11   6.2049318002613701E-23   4.9800710041569309E+03
   1.1416770000000000E+09   1.3309008566371922E+06   2.5254567327723062E-11   6.1495267764654495E-23   4.9789277228384644E+03
   1.1436770000000000E+09   1.3352887372781162E+06   2.5024078192998175E-11   6.0948076281413408E-23   4.9777797005166922E+03
   1.1456770000000000E+09   1.3396593752766591E+06   2.4796442512025163E-11   6.0407635955302616E-23   4.9766273775849513E+03
   1.1476770000000000E+09   1.3440128895811727E+06   2.4571617756343116E-11   5.9873841258462040E-23   4.9754711851412721E+03
   1.1496770000000000E+09   1.3483493965432770E+06   2.4349562133302800E-11   5.9346588685012399E-23   4.9743115451206631E+03
   1.1516770000000000E+09   1.3526690099335317E+06   2.4130234571091961E-11   5.8825776704081526E-23   4.9731488704255407E+03
   1.1536770000000000E+09   1.3569718409787840E+06   2.3913594703850537E-11   5.8311305713464058E-23   4.9719835650540163E+03
   1.1556770000000000E+09   1.3612579984245636E+06   2.3699602856837580E-11   5.7803077993795465E-23   4.9708160242268086E+03
   1.1576770000000000E+09   1.3655275886257340E+06   2.3488220031612650E-11   5.7300997663136077E-23   4.9696466345125891E+03
   1.1596770000000000E+09   1.3697807156679607E+06   2.3279407891210046E-11   5.6804970631890604E-23   4.9684757739523120E+03
   1.1616770000000000E+09   1.3740174815218293E+06   2.3073128745296117E-11   5.6314904558022129E-23   4.9673038121827512E+03
   1.1636770000000000E+09   1.3782379862305722E+06   2.2869345535313059E-11   5.5830708802550576E-23   4.9661311105596478E+03
   1.1656770000000000E+09   1.3824423281311870E+06   2.2668021819630062E-11   5.5352294385371386E-23   4.9649580222806535E+03
   1.1676770000000000E+09   1.3866306041074386E+06   2.2469121758740268E-11   5.4879573941470824E-23   4.9637848925085227E+03
   1.1696770000000000E+09   1.3908029098718693E+06   2.2272610100557473E-11   5.4412461677655136E-23   4.9626120584948467E+03
   1.1716770000000000E+09   1.3949593402724601E+06   2.2078452165883208E-11   5.3950873329953388E-23   4.9614398497045249E+03
   1.1736770000000000E+09   1.3990999896181163E+06   2.1886613834129280E-11   5.3494726121888800E-23   4.9602685879412693E+03
   1.1756770000000000E+09   1.4032249520158076E+06   2.1697061529391766E-11   5.3043938723842541E-23   4.9590985874743410E+03
   1.1776770000000000E+09   1.4073343217110098E+06   2.1509762206979540E-11   5.2598431213753062E-23   4.9579301551665840E+03
   1.1796770000000000E+09   1.4114281934222041E+06   2.1324683340502572E-11   5.2158125039401420E-23   4.9567635906037613E+03
   1.1816770000000000E+09   1.4155066626596025E+06   2.1141792909623415E-11   5.1722942982528634E-23   4.9555991862252376E+03
   1.1836770000000000E+09   1.4195698260181895E+06   2.0961059388564825E-11   5.1292809125010196E-23   4.9544372274556863E+03
   1.1856770000000000E+09   1.4236177814354349E+06   2.0782451735454711E-11   5.0867648817281239E-23   4.9532779928378295E+03
   1.1876770000000000E+09   1.4276506284049035E+06   2.0605939382567336E-11   5.0447388649158298E-23   4.9521217541656079E+03
   1.1896770000000000E+09   1.4316684681381714E+06   2.0431492227499089E-11   5.0031956423148830E-23   4.9509687766176003E+03
   1.1916770000000000E+09   1.4356714036691911E+06   2.0259080625287996E-11   4.9621281130273326E-23   4.9498193188900514E+03
   1.1936770000000000E+09   1.4396595398971720E+06   2.0088675381459822E-11   4.9215292928358115E-23   4.9486736333290964E+03
   1.1956770000000000E+09   1.4436329835662725E+06   1.9920247745954605E-11   4.8813923122687341E-23   4.9475319660615660E+03
   1.1976770000000000E+09   1.4475918431826816E+06   1.9753769407861238E-11   4.8417104148837611E-23   4.9463945571238410E+03
   1.1996770000000000E+09   1.4515362288719381E+06   1.9589212490864283E-11   4.8024769557461019E-23   4.9452616405881981E+03
   1.2016770000000000E+09   1.4554662521814629E+06   1.9426549549288500E-11   4.7636854000735010E-23   4.9441334446861665E+03
   1.2036770000000000E+09   1.4593820258351574E+06   1.9265753564611814E-11   4.7253293220161467E-23   4.9430101919283470E+03
   1.2056770000000000E+09   1.4632836634484623E+06   1.9106797942310455E-11   4.6874024035376598E-23   4.9418920992204867E+03
   1.2076770000000000E+09   1.4671712792134935E+06   1.8949656508895315E-11   4.6498984333623132E-23   4.9407793779753665E+03
   1.2096770000000000E+09   1.4710449875646210E+06   1.8794303509002746E-11   4.6128113059543533E-23   4.9396722342203329E+03
   1.2116770000000000E+09   1.4749049028352443E+06   1.8640713602409494E-11   4.5761350204967296E-23   4.9385708687004053E+03
   1.2136770000000000E+09   1.4787511389164838E+06   1.8488861860853549E-11   4.5398636798394811E-23   4.9374754769769306E+03
   1.2156770000000000E+09   1.4825838089280622E+06   1.8338723764557758E-11   4.5039914893916495E-23   4.9363862495217472E+03
   1.2176770000000000E+09   1.4864030249108295E+06   1.8190275198372633E-11   4.4685127559350523E-23   4.9353033718072302E+03
   1.2196770000000000E+09   1.4902088975492455E+06   1.8043492447473772E-11   4.4334218863432420E-23   4.9342270243922076E+03
   1.2216770000000000E+09   1.4940015359305963E+06   1.7898352192574438E-11   4.3987133861947400E-23   4.9331573830042371E+03
   1.2236770000000000E+09   1.4977810473459847E+06   1.7754831504635705E-11   4.3643818582752533E-23   4.9320946186184465E+03
   1.2256770000000000E+09   1.5015475371361587E+06   1.7612907839081805E-11   4.3304220009695548E-23   4.9310388975334763E+03
   1.2276770000000000E+09   1.5053011085832266E+06   1.7472559029549676E-11   4.2968286065492258E-23   4.9299903814448026E+03
   1.2296770000000000E+09   1.5090418628472621E+06   1.7333763281223411E-11   4.2635965593675799E-23   4.9289492275160364E+03
   1.2316770000000000E+09   1.5127698989450359E+06   1.7196499163818711E-11   4.2307208339770491E-23   4.9279155884483907E+03
   1.2336770000000000E+09   1.5164853137665412E+06   1.7060745604296397E-11   4.1981964931874177E-23   4.9268896125489719E+03
   1.2356770000000000E+09   1.5201882021239260E+06   1.6926481879388176E-11   4.1660186860848821E-23   4.9258714437979434E+03
   1.2376770000000000E+09   1.5238786568267758E+06   1.6793687608020108E-11   4.1341826460321778E-23   4.9248612219150518E+03
   1.2396770000000000E+09   1.5275567687775395E+06   1.6662342743713981E-11   4.1026836886691319E-23   4.9238590824256062E+03
   1.2416770000000000E+09   1.5312226270811283E+06   1.6532427567038987E-11   4.0715172099310477E-23   4.9228651567260449E+03
   1.2436770000000000E+09   1.5348763191632410E+06   1.6403922678175440E-11   4.0406786840998266E-23   4.9218795721492143E+03
   1.2456770000000000E+09   1.5385179308927283E+06   1.6276808989639887E-11   4.0101636618997984E-23   4.9209024520293087E+03
   1.2476770000000000E+09   1.5421475467041126E+06   1.6151067719209854E-11   3.9799677686474156E-23   4.9199339157666063E+03
   1.2496770000000000E+09   1.5457652497171275E+06   1.6026680383075715E-11   3.9500867024615240E-23   4.9189740788918889E+03
   1.2516770000000000E+09   1.5493711218509485E+06   1.5903628789236780E-11   3.9205162325383549E-23   4.9180230531304487E+03
   1.2536770000000000E+09   1.5529652439312628E+06   1.5781895031153765E-11   3.8912521974939577E-23   4.9170809464658942E+03
   1.2556770000000000E+09   1.5565476957889989E+06   1.5661461481660790E-11   3.8622905037749565E-23   4.9161478632034605E+03
   1.2576770000000000E+09   1.5601185563498719E+06   1.5542310787136965E-11   3.8336271241374904E-23   4.9152239040328923E+03
   1.2596770000000000E+09   1.5636779037143181E+06   1.5424425861933176E-11   3.8052580961931864E-23   4.9143091660908358E+03
   1.2616770000000000E+09   1.5672258152276292E+06   1.5307789883047254E-11   3.7771795210203796E-23   4.9134037430227472E+03
   1.2636770000000000E+09   1.5707623675403611E+06   1.5192386285037617E-11   3.7493875618382475E-23   4.9125077250440372E+03
   1.2656770000000000E+09   1.5742876366591172E+06   1.5078198755166515E-11   3.7218784427413385E-23   4.9116211990007369E+03
   1.2676770000000000E+09   1.5778016979879055E+06   1.4965211228761777E-11   3.6946484474918784E-23   4.9107442484293870E+03
   1.2696770000000000E+09   1.5813046263601924E+06   1.4853407884787488E-11   3.6676939183673749E-23   4.9098769536161763E+03
   1.2716770000000000E+09   1.5847964960617498E+06   1.4742773141614158E-11   3.6410112550610221E-23   4.9090193916553872E+03
   1.2736770000000000E+09   1.5882773808443400E+06   1.4633291652978962E-11   3.6145969136325773E-23   4.9081716365070361E+03
   1.2756770000000000E+09   1.5917473539302626E+06   1.4524948304127265E-11   3.5884474055073955E-23   4.9073337590537449E+03
   1.2776770000000000E+09   1.5952064880078728E+06   1.4417728208124792E-11   3.5625592965210067E-23   4.9065058271566877E+03
   1.2796770000000000E+09   1.5986548552181860E+06   1.4311616702331022E-11   3.5369292060067122E-23   4.9056879057107381E+03
   1.2816770000000000E+09   1.6020925271327957E+06   1.4206599345022386E-11   3.5115538059233544E-23   4.9048800566987002E+03
   1.2836770000000000E+09   1.6055195747234474E+06   1.4102661912152914E-11   3.4864298200201861E-23   4.9040823392445191E+03
   1.2856770000000000E+09   1.6089360683235545E+06   1.3999790394241700E-11   3.4615540230360023E-23   4.9032948096655919E+03
   1.2876770000000000E+09   1.6123420775820718E+06   1.3897970993374348E-11   3.4369232399293797E-23   4.9025175215240151E+03
   1.2896770000000000E+09   1.6157376714100156E+06   1.3797190120307960E-11   3.4125343451372766E-23   4.9017505256768545E+03
   1.2916770000000000E+09   1.6191229179198698E+06   1.3697434391669339E-11   3.3883842618593947E-23   4.9009938703253420E+03
   1.2936770000000000E+09   1.6224978843578992E+06   1.3598690627238557E-11   3.3644699613662819E-23   4.9002476010629553E+03
   1.2956770000000000E+09   1.6258626370291833E+06   1.3500945847312204E-11   3.3407884623295531E-23   4.8995117609225590E+03
   1.2976770000000000E+09   1.6292172412148905E+06   1.3404187270143125E-11   3.3173368301734352E-23   4.8987863904224441E+03
   1.2996770000000000E+09   1.6325617610812103E+06   1.3308402309455182E-11   3.2941121764470340E-23   4.8980715276114934E+03
   1.3016770000000000E+09   1.6358962595796080E+06   1.3213578572029962E-11   3.2711116582164345E-23   4.8973672081135164E+03
   1.3036770000000000E+09   1.6392207983389113E+06   1.3119703855357871E-11   3.2483324774744657E-23   4.8966734651710694E+03
   1.3056770000000000E+09   1.6425354375517839E+06   1.3026766145330987E-11   3.2257718805625120E-23   4.8959903296886805E+03
   1.3076770000000000E+09   1.6458402358614788E+06   1.2934753613934505E-11   3.2034271575932710E-23   4.8953178302759707E+03
   1.3096770000000000E+09   1.6491352502598157E+06   1.2843654616858801E-11   3.1812956418553011E-23   4.8946559932903183E+03
   1.3116770000000000E+09   1.6524205360137159E+06   1.2753457690914302E-11   3.1593747091701041E-23   4.8940048428790406E+03
   1.3136770000000000E+09   1.6556961466446426E+06   1.2664151551088152E-11   3.1376617771620648E-23   4.8933644010205444E+03
   1.3156770000000000E+09   1.6589621339912161E+06   1.2575725087048852E-11   3.1161543043937253E-23   4.8927346875634021E+03
   1.3176770000000000E+09   1.6622185483874497E+06   1.2488167358901120E-11   3.0948497893177691E-23   4.8921157202623872E+03
   1.3196770000000000E+09   1.6654654389845256E+06   1.2401467592035875E-11   3.0737457690077167E-23   4.8915075148102924E+03
   1.3216770000000000E+09   1.6687028542294579E+06   1.2315615171030947E-11   3.0528398176562267E-23   4.8909100848651460E+03
   1.3236770000000000E+09   1.6719308424879916E+06   1.2230599632741355E-11   3.0321295448745125E-23   4.8903234420737499E+03
   1.3256770000000000E+09   1.6751494527629535E+06   1.2146410658959601E-11   3.0116125938852092E-23   4.8897475960943493E+03
   1.3276770000000000E+09   1.6783587354186415E+06   1.2063038069284988E-11   2.9912866397638915E-23   4.8891825546235968E+03
   1.3296770000000000E+09   1.6815587427876131E+06   1.1980471815037941E-11   2.9711493879327918E-23   4.8886283234343509E+03
   1.3316770000000000E+09   1.6847495295221314E+06   1.1898701975104687E-11   2.9511985731228850E-23   4.8880849064308459E+03
   1.3336770000000000E+09   1.6879311525723706E+06   1.1817718754412415E-11   2.9314319589767756E-23   4.8875523057247283E+03
   1.3356770000000000E+09   1.6911036707343529E+06   1.1737512485285780E-11   2.9118473383572541E-23   4.8870305217292707E+03
   1.3376770000000000E+09   1.6942671438071383E+06   1.1658073631276093E-11   2.8924425342673391E-23   4.8865195532611970E+03
   1.3396770000000000E+09   1.6974216315092763E+06   1.1579392792344405E-11   2.8732154011154167E-23   4.8860193976319588E+03
   1.3416770000000000E+09   1.7005671923932545E+06   1.1501460709760389E-11   2.8541638259308998E-23   4.8855300507076981E+03
   1.3436770000000000E+09   1.7037038830244334E+06   1.1424268268996059E-11   2.8352857291110922E-23   4.8850515069227076E+03
   1.3456770000000000E+09   1.7068317576316451E+06   1.1347806499384781E-11   2.8165790643929348E-23   4.8845837592454391E+03
   1.3476770000000000E+09   1.7099508682945548E+06   1.1272066570312834E-11   2.7980418179792586E-23   4.8841267991158711E+03
   1.3496770000000000E+09   1.7130612655507752E+06   1.1197039784895656E-11   2.7796720070344672E-23   4.8836806163896335E+03
   1.3516770000000000E+09   1.7161629991547328E+06   1.1122717572990522E-11   2.7614676779872525E-23   4.8832451993277837E+03
   1.3536770000000000E+09   1.7192561186719730E+06   1.1049091485575071E-11   2.7434269051323354E-23   4.8828205346554460E+03
   1.3556770000000000E+09   1.7223406736803104E+06   1.0976153191823587E-11   2.7255477898683554E-23   4.8824066076814879E+03
   1.3576770000000000E+09   1.7254167135420900E+06   1.0903894478908487E-11   2.7078284606033791E-23   4.8820034024382257E+03
   1.3596770000000000E+09   1.7284842869189410E+06   1.0832307253268196E-11   2.6902670730472868E-23   4.8816109017847903E+03
   1.3616770000000000E+09   1.7315434413132218E+06   1.0761383541493300E-11   2.6728618104533150E-23   4.8812290874337796E+03
   1.3636770000000000E+09   1.7345942228756617E+06   1.0691115489415090E-11   2.6556108834543586E-23   4.8808579399024366E+03
   1.3656770000000000E+09   1.7376366765425401E+06   1.0621495359181110E-11   2.6385125294127088E-23   4.8804974384359357E+03
   1.3676770000000000E+09   1.7406708463675622E+06   1.0552515525315761E-11   2.6215650114949819E-23   4.8801475609684776E+03
   1.3696770000000000E+09   1.7436967758184634E+06   1.0484168471230634E-11   2.6047666178152897E-23   4.8798082841628266E+03
   1.3716770000000000E+09   1.7467145078730218E+06   1.0416446787106578E-11   2.5881156608849018E-23   4.8794795835147133E+03
   1.3736770000000000E+09   1.7497240849174454E+06   1.0349343168969436E-11   2.5716104773576104E-23   4.8791614334617952E+03
   1.3756770000000000E+09   1.7527255485918426E+06   1.0282850417974124E-11   2.5552494278580731E-23   4.8788538074362195E+03
   1.3776770000000000E+09   1.7557189397383074E+06   1.0216961438978041E-11   2.5390308966710420E-23   4.8785566778460870E+03
   1.3796770000000000E+09   1.7587042984915772E+06   1.0151669238281239E-11   2.5229532912375788E-23   4.8782700160278146E+03
   1.3816770000000000E+09   1.7616816644173046E+06   1.0086966921200204E-11   2.5070150415932779E-23   4.8779937922277495E+03
   1.3836770000000000E+09   1.7646510765597285E+06   1.0022847690263141E-11   2.4912145999380199E-23   4.8777279756267308E+03
   1.3856770000000000E+09   1.7676125733135811E+06   9.9593048443114641E-12   2.4755504404438480E-23   4.8774725343390592E+03
   1.3876770000000000E+09   1.7705661920502656E+06   9.8963317784700896E-12   2.4600210593693688E-23   4.8772274352308887E+03
   1.3896770000000000E+09   1.7735119681743605E+06   9.8339219859341981E-12   2.4446249758506373E-23   4.8769926432821767E+03
   1.3916770000000000E+09   1.7764499324148705E+06   9.7720690662183342E-12   2.4293607347907563E-23   4.8767681199362487E+03
   1.3936770000000000E+09   1.7793801029354553E+06   9.7107667539563027E-12   2.4142269159170583E-23   4.8765538192506556E+03
   1.3956770000000000E+09   1.7823024635461608E+06   9.6500090055334980E-12   2.3992221593331199E-23   4.8763496796076424E+03
   1.3976770000000000E+09   1.7852169073543188E+06   9.5897902354259284E-12   2.3843452319165354E-23   4.8761556077194300E+03
   1.3996770000000000E+09   1.7881231009165496E+06   9.5301059101954079E-12   2.3695951872812488E-23   4.8759714525359805E+03
   1.4016770000000000E+09   1.7910201819847594E+06   9.4709539184002534E-12   2.3549717207573444E-23   4.8757969739524488E+03
   1.4036770000000000E+09   1.7939061492983538E+06   9.4123374264930004E-12   2.3404758835402245E-23   4.8756318320648861E+03
   1.4056770000000000E+09   1.7967767749392448E+06   9.3542701212021270E-12   2.3261113500975172E-23   4.8754756605763741E+03
   1.4076770000000000E+09   1.7996239774801182E+06   9.2967842749173453E-12   2.3118863026811647E-23   4.8753283224613760E+03
   1.4096770000000000E+09   1.8024340234049768E+06   9.2399399460603999E-12   2.2978154915266794E-23   4.8751904016894605E+03
   1.4116770000000000E+09   1.8051868095699076E+06   9.1838290048048994E-12   2.2839209985464466E-23   4.8750637336636928E+03
   1.4136770000000000E+09   1.8078585057660223E+06   9.1285620399507269E-12   2.2702290524274506E-23   4.8749512907042099E+03
   1.4156770000000000E+09   1.8104297044468068E+06   9.0742265113962832E-12   2.2567604301884072E-23   4.8748554665352449E+03
   1.4176770000000000E+09   1.8128979529673953E+06   9.0208220022111502E-12   2.2435158275163803E-23   4.8747748521632147E+03
   1.4196770000000000E+09   1.8152872219881862E+06   8.9682133202474816E-12   2.2304649621233756E-23   4.8747024410060330E+03
   1.4216770000000000E+09   1.8176437480649347E+06   8.9161593986394716E-12   2.2175517954253182E-23   4.8746297855646144E+03
   1.4236770000000000E+09   1.8200173959687741E+06   8.8644198150694272E-12   2.2047168798550335E-23   4.8745561232370264E+03
   1.4256770000000000E+09   1.8224468701714557E+06   8.8128306294860812E-12   2.1919152788517458E-23   4.8744906988395478E+03
   1.4276770000000000E+09   1.8249683712200397E+06   8.7612379006566630E-12   2.1791067638128505E-23   4.8744380003567776E+03
   1.4296770000000000E+09   1.8276374992254053E+06   8.7093420198913379E-12   2.1662296825729305E-23   4.8743692988415014E+03
   1.4316770000000000E+09   1.8304792618113211E+06   8.6569762028143447E-12   2.1532589748600704E-23   4.8742471222822696E+03
   1.4336770000000000E+09   1.8339780735562053E+06   8.6000311646694842E-12   2.1396330424966659E-23   4.8730213622755300E+03
   1.4356770000000000E+09   1.8342800014390515E+06   8.5628664389196485E-12   2.1298321873635248E-23   4.8742900670908557E+03
   6.5767700000000000E+08  -2.4151564748183414E+03   2.5446596595710323E-15   1.0599938372717373E-25   1.1557357185357698E+03
   6.5967700000000000E+08  -2.4674884642886072E+03   4.2473951209626726E-15   1.7009127542018145E-25   1.2021891304903672E+03
   6.6167700000000000E+08  -2.4862026274351851E+03   6.8705656906033089E-15   2.6765013792479274E-25   1.2358256237338510E+03
   6.6367700000000000E+08  -2.4737570162604529E+03   1.0886125558852564E-14   4.1588605146914539E-25   1.2601758579644136E+03
   6.6567700000000000E+08  -2.3686951172669337E+03   1.7050165546076134E-14   6.4178325361086021E-25   1.2790054359707508E+03
   6.6767700000000000E+08  -2.3117025854715921E+03   2.6687630190673160E-14   9.9153091389412861E-25   1.2957938747841977E+03
   6.6967700000000000E+08  -2.4688696058192209E+03   4.2517137899211946E-14   1.5577829754090166E-24   1.3139814656067344E+03
   6.7167700000000000E+08  -2.8669052544986916E+03   7.0518063556746953E-14   2.5454762808518404E-24   1.3337164084874939E+03
   6.7367700000000000E+08  -3.1592529913643839E+03   1.2226301046604226E-13   4.3635221798658312E-24   1.3489320337374138E+03
   6.7567700000000000E+08  -2.9212066932651974E+03   2.1459748528574398E-13   7.6304568071079558E-24   1.3539613306560520E+03
   6.7767700000000000E+08  -2.1277515059091611E+03   3.6329770902255135E-13   1.2950042198001784E-23   1.3505903628163569E+03
   6.7967700000000000E+08  -1.0276052157565457E+03   5.7252068964482709E-13   2.0504457242548342E-23   1.3442346277097561E+03
   6.8167700000000000E+08   1.5488998741094491E+02   8.2816748303315993E-13   2.9771756214693378E-23   1.3392013893587268E+03
   6.8367700000000000E+08   1.2955288680723131E+03   1.1019520628834503E-12   3.9636411241702864E-23   1.3384450546553899E+03
   6.8567700000000000E+08   2.3421828803450876E+03   1.3637898395094110E-12   4.8809683638137608E-23   1.3451590215250089E+03
   6.8767700000000000E+08   3.2695229060110737E+03   1.5936328152503739E-12   5.6252565405626470E-23   1.3638860943574032E+03
   6.8967700000000000E+08   4.0412021304405512E+03   1.7857299594027919E-12   6.1416042486987316E-23   1.3998004465504823E+03
   6.9167700000000000E+08   4.6168358322751737E+03   1.9448160204803594E-12   6.4285970957164112E-23   1.4564463332128312E+03
   6.9367700000000000E+08   4.9965118928173633E+03   2.0791318643438035E-12   6.5276685866108364E-23   1.5334022928471190E+03
   6.9567700000000000E+08   5.2532130143831127E+03   2.1943159510028688E-12   6.4960411051435768E-23   1.6262322398239614E+03
   6.9767700000000000E+08   5.5171990488068050E+03   2.2924783409783754E-12   6.3844824111768054E-23   1.7286684956894530E+03
   6.9967700000000000E+08   5.9368381512913884E+03   2.3742876179668652E-12   6.2307300826458760E-23   1.8345373605517746E+03
   7.0167700000000000E+08   6.6433229687999510E+03   2.4404788601804873E-12   6.0591063342735366E-23   1.9390930363669518E+03
   7.0367700000000000E+08   7.7284435396890140E+03   2.4923639524637457E-12   5.8838370871526199E-23   2.0393087977343180E+03
   7.0567700000000000E+08   9.2370686221419473E+03   2.5316708152543643E-12   5.7125398787175622E-23   2.1335860402059948E+03
   7.0767700000000000E+08   1.1169914489195169E+04   2.5601910493327686E-12   5.5487617564526781E-23   2.2213063984088440E+03
   7.0967700000000000E+08   1.3492307437723841E+04   2.5795071443120635E-12   5.3936234861426639E-23   2.3024397774993995E+03
   7.1167700000000000E+08   1.6145452380320203E+04   2.5908708092011701E-12   5.2468657427500599E-23   2.3772670846732044E+03
   7.1367700000000000E+08   1.9057771095196662E+04   2.5952050443091523E-12   5.1075256467631196E-23   2.4462074893181843E+03
   7.1567700000000000E+08   2.2154379899821088E+04   2.5931686843457010E-12   4.9743621346145148E-23   2.5097215533313561E+03
   7.1767700000000000E+08   2.5361361901911303E+04   2.5852240528291666E-12   4.8460899928713471E-23   2.5682593860840916E+03
   7.1967700000000000E+08   2.8610541242250529E+04   2.5717067747035574E-12   4.7215214042174320E-23   2.6222352849045769E+03
   7.2167700000000000E+08   3.1844587970801320E+04   2.5529056675929763E-12   4.5996750641943277E-23   2.6720204986344761E+03
   7.2367700000000000E+08   3.5017498916727585E+04   2.5291207291414179E-12   4.4798215495087413E-23   2.7179472112633175E+03
   7.2567700000000000E+08   3.8094782869620067E+04   2.5006899846230552E-12   4.3614758606840024E-23   2.7603144089560010E+03
   7.2767700000000000E+08   4.1052853405707916E+04   2.4680017707835020E-12   4.2443732437425924E-23   2.7993942726005562E+03
   7.2967700000000000E+08   4.3877946750598312E+04   2.4314948791297555E-12   4.1284340450043318E-23   2.8354381562805420E+03
   7.3167700000000000E+08   4.6564734070820865E+04   2.3916499742797387E-12   4.0137234016193179E-23   2.8686816134645219E+03
   7.3367700000000000E+08   4.9114757160663379E+04   2.3489752305949253E-12   3.9004097770239643E-23   2.8993481748602153E+03
   7.3567700000000000E+08   5.1534806055897694E+04   2.3039889233349096E-12   3.7887254843837296E-23   2.9276517718062651E+03
   7.3767700000000000E+08   5.3835350381737146E+04   2.2572015219638535E-12   3.6789317507239574E-23   2.9537978779543687E+03
   7.3967700000000000E+08   5.6029121703931138E+04   2.2090994345937042E-12   3.5712901389280752E-23   2.9779835934195944E+03
   7.4167700000000000E+08   5.8129920705945508E+04   2.1601319477117489E-12   3.4660412681320203E-23   3.0003969934940988E+03
   7.4367700000000000E+08   6.0151685307882573E+04   2.1107021864223205E-12   3.3633908743678113E-23   3.0212160930108839E+03
   7.4567700000000000E+08   6.2107822487082383E+04   2.0611622028100845E-12   3.2635024543018038E-23   3.0406077427670393E+03
   7.4767700000000000E+08   6.4010778284412096E+04   2.0118117515128058E-12   3.1664952266120988E-23   3.0587266980291374E+03
   7.4967700000000000E+08   6.5871803614579636E+04   1.9628999794290526E-12   3.0724459376433170E-23   3.0757150058686002E+03
   7.5167700000000000E+08   6.7700867321765254E+04   1.9146291421464191E-12   2.9813930941772288E-23   3.0917017701894406E+03
   7.5367700000000000E+08   6.9506670194073318E+04   1.8671595105602950E-12   2.8933424330809457E-23   3.1068032845968564E+03
   7.5567700000000000E+08   7.1296720965071450E+04   1.8206147795609372E-12   2.8082727390945360E-23   3.1211234788779457E+03
   7.5767700000000000E+08   7.3077444627992503E+04   1.7750874749596445E-12   2.7261414221639828E-23   3.1347546033355629E+03
   7.5967700000000000E+08   7.4854302466857189E+04   1.7306440317117193E-12   2.6468895191881020E-23   3.1477780713620286E+03
   7.6167700000000000E+08   7.6631910847809617E+04   1.6873293625114716E-12   2.5704459739734043E-23   3.1602653882115014E+03
   7.6367700000000000E+08   7.8414151577716475E+04   1.6451708432965100E-12   2.4967311747210798E-23   3.1722791073127523E+03
   7.6567700000000000E+08   8.0204270595431561E+04   1.6041817133361323E-12   2.4256598016188300E-23   3.1838737704766977E+03
   7.6767700000000000E+08   8.2004964234575848E+04   1.5643639293563710E-12   2.3571430723063533E-23   3.1950968023680575E+03
   7.6967700000000000E+08   8.3818453676665158E+04   1.5257105336910347E-12   2.2910904833718967E-23   3.2059893413050272E+03
   7.7167700000000000E+08   8.5646548859877468E+04   1.4882076030406493E-12   2.2274111420723509E-23   3.2165869974212796E+03
   7.7367700000000000E+08   8.7490703306578522E+04   1.4518358427513107E-12   2.1660147714804234E-23   3.2269205356187149E+03
   7.7567700000000000E+08   8.9352061284601150E+04   1.4165718855856078E-12   2.1068124588818780E-23   3.2370164849722128E+03
   7.7767700000000000E+08   9.1231498555092228E+04   1.3823893463112650E-12   2.0497172040868515E-23   3.2468976788113046E+03
   7.7967700000000000E+08   9.3129657761806215E+04   1.3492596755820099E-12   1.9946443126423082E-23   3.2565837310622446E+03
   7.8167700000000000E+08   9.5046979324643049E+04   1.3171528493103857E-12   1.9415116691735802E-23   3.2660914549737818E+03
   7.8367700000000000E+08   9.6983728532665249E+04   1.2860379233658601E-12   1.8902399182297338E-23   3.2754352303672117E+03
   7.8567700000000000E+08   9.8940019394264964E+04   1.2558834780474486E-12   1.8407525738376071E-23   3.2846273252603828E+03
   7.8767700000000000E+08   1.0091583569325716E+05   1.2266579723205855E-12   1.7929760741928145E-23   3.2936781772621471E+03
   7.8967700000000000E+08   1.0291104961529282E+05   1.1983300241585172E-12   1.7468397942463120E-23   3.3025966396129870E+03
   7.9167700000000000E+08   1.0492543824427221E+05   1.1708686303602480E-12   1.7022760261323055E-23   3.3113901962174032E+03
   7.9367700000000000E+08   1.0695869817884703E+05   1.1442433368081772E-12   1.6592199352241730E-23   3.3200651495070006E+03
   7.9567700000000000E+08   1.0901045848082806E+05   1.1184243681726302E-12   1.6176094979403599E-23   3.3286267845070652E+03
   7.9767700000000000E+08   1.1108029213744195E+05   1.0933827244787475E-12   1.5773854261306253E-23   3.3370795120602265E+03
   7.9967700000000000E+08   1.1316772619563238E+05   1.0690902506519710E-12   1.5384910818637857E-23   3.3454269937897006E+03
   8.0167700000000000E+08   1.1527225070734411E+05   1.0455196840941002E-12   1.5008723856436160E-23   3.3536722510587601E+03
   8.0367700000000000E+08   1.1739332660883805E+05   1.0226446844668378E-12   1.4644777204492337E-23   3.3618177598989673E+03
   8.0567700000000000E+08   1.1953039264363742E+05   1.0004398491381257E-12   1.4292578334934476E-23   3.3698655336323445E+03
   8.0767700000000000E+08   1.2168287142718786E+05   9.7888071714921768E-13   1.3951657371884314E-23   3.3778171946976422E+03
   8.0967700000000000E+08   1.2385017474123332E+05   9.5794376406510469E-13   1.3621566104823765E-23   3.3856740370041925E+03
   8.1167700000000000E+08   1.2603170813702002E+05   9.3760638965879096E-13   1.3301877014668059E-23   3.3934370799742164E+03
   8.1367700000000000E+08   1.2822687491850909E+05   9.1784690003663586E-13   1.2992182319399152E-23   3.4011071152930140E+03
   8.1567700000000000E+08   1.3043507956957411E+05   8.9864448552624392E-13   1.2692093044381293E-23   3.4086847472626873E+03
   8.1767700000000000E+08   1.3265573068285058E+05   8.7997919540899381E-13   1.2401238121058925E-23   3.4161704275474540E+03
   8.1967700000000000E+08   1.3488824344197629E+05   8.6183191038086603E-13   1.2119263516606685E-23   3.4235644850037511E+03
   8.2167700000000000E+08   1.3713204170382384E+05   8.4418431345935322E-13   1.1845831396181826E-23   3.4308671512057294E+03
   8.2367700000000000E+08   1.3938655972269378E+05   8.2701885991661538E-13   1.1580619318701072E-23   3.4380785822039065E+03
   8.2567700000000000E+08   1.4165124355432598E+05   8.1031874670551734E-13   1.1323319466496248E-23   3.4451988769911359E+03
   8.2767700000000000E+08   1.4392555217403587E+05   7.9406788175157504E-13   1.1073637908765983E-23   3.4522280930938605E+03
   8.2967700000000000E+08   1.4620895834021148E+05   7.7825085340757399E-13   1.0831293898417617E-23   3.4591662596576639E+03
   8.3167700000000000E+08   1.4850094923180362E+05   7.6285290030580054E-13   1.0596019201664690E-23   3.4660133883528392E+03
   8.3367700000000000E+08   1.5080102688630429E+05   7.4785988179285832E-13   1.0367557459588578E-23   3.4727694823879810E+03
   8.3567700000000000E+08   1.5310870846280290E+05   7.3325824909271671E-13   1.0145663580785956E-23   3.4794345438863297E+03
   8.3767700000000000E+08   1.5542352635324874E+05   7.1903501731170062E-13   9.9301031641724348E-24   3.4860085798504570E+03
   8.3967700000000000E+08   1.5774502816363907E+05   7.0517773837431409E-13   9.7206519510030568E-24   3.4924916069152409E+03
   8.4167700000000000E+08   1.6007277658563867E+05   6.9167447495851937E-13   9.5170953051756460E-24   3.4988836550663586E+03
   8.4367700000000000E+08   1.6240634917788973E+05   6.7851377548275608E-13   9.3192277209017297E-24   3.5051847704814013E+03
   8.4567700000000000E+08   1.6474533807507413E+05   6.6568465018281409E-13   9.1268523568438207E-24   3.5113950176327767E+03
   8.4767700000000000E+08   1.6708934964140429E+05   6.5317654830445077E-13   8.9397805958300751E-24   3.5175144807753259E+03
   8.4967700000000000E+08   1.6943800408371730E+05   6.4097933642637135E-13   8.7578316292581188E-24   3.5235432649269246E+03
   8.5167700000000000E+08   1.7179093503782499E+05   6.2908327791700028E-13   8.5808320652814528E-24   3.5294814964369111E+03
   8.5367700000000000E+08   1.7414778913985851E+05   6.1747901351845850E-13   8.4086155598525153E-24   3.5353293232247856E+03
   8.5567700000000000E+08   1.7650822559270496E+05   6.0615754304024138E-13   8.2410224696499140E-24   3.5410869147603794E+03
   8.5767700000000000E+08   1.7887191573559205E+05   5.9511020813557547E-13   8.0778995258783308E-24   3.5467544618459679E+03
   8.5967700000000000E+08   1.8123854262305907E+05   5.8432867612397067E-13   7.9190995278800317E-24   3.5523321762512664E+03
   8.6167700000000000E+08   1.8360780061782501E+05   5.7380492481479531E-13   7.7644810554490421E-24   3.5578202902433236E+03
   8.6367700000000000E+08   1.8597939500037473E+05   5.6353122827953356E-13   7.6139081987035940E-24   3.5632190560453018E+03
   8.6567700000000000E+08   1.8835304159664587E+05   5.5350014351450303E-13   7.4672503043471755E-24   3.5685287452509478E+03
   8.6767700000000000E+08   1.9072846642397449E+05   5.4370449793170331E-13   7.3243817371406285E-24   3.5737496482152205E+03
   8.6967700000000000E+08   1.9310540535465701E+05   5.3413737761272588E-13   7.1851816554122080E-24   3.5788820734361357E+03
   8.7167700000000000E+08   1.9548360379564128E+05   5.2479211626057908E-13   7.0495337994675051E-24   3.5839263469383250E+03
   8.7367700000000000E+08   1.9786281638259569E+05   5.1566228478509685E-13   6.9173262918029762E-24   3.5888828116650775E+03
   8.7567700000000000E+08   2.0024280668622459E+05   5.0674168146098940E-13   6.7884514480988634E-24   3.5937518268826634E+03
   8.7767700000000000E+08   2.0262334692904991E+05   4.9802432260089229E-13   6.6628055980335903E-24   3.5985337675986189E+03
   8.7967700000000000E+08   2.0500421771059331E+05   4.8950443369210699E-13   6.5402889150654045E-24   3.6032290239941035E+03
   8.8167700000000000E+08   2.0738520773959038E+05   4.8117644095063102E-13   6.4208052544082286E-24   3.6078380008693794E+03
   8.8367700000000000E+08   2.0976611357199389E+05   4.7303496325289258E-13   6.3042619985323487E-24   3.6123611171011003E+03
   8.8567700000000000E+08   2.1214673935406780E+05   4.6507480441167308E-13   6.1905699096124153E-24   3.6167988051097686E+03
   8.8767700000000000E+08   2.1452689657080919E+05   4.5729094576807170E-13   6.0796429884251192E-24   3.6211515103360889E+03
   8.8967700000000000E+08   2.1690640380147807E+05   4.4967853907597967E-13   5.9713983392674030E-24   3.6254196907254668E+03
   8.9167700000000000E+08   2.1928508648785125E+05   4.4223289965733552E-13   5.8657560404949059E-24   3.6296038162213413E+03
   8.9367700000000000E+08   2.2166277672952591E+05   4.3494949980371499E-13   5.7626390202469031E-24   3.6337043682708595E+03
   8.9567700000000000E+08   2.2403931314041806E+05   4.2782396238757897E-13   5.6619729367598881E-24   3.6377218393527928E+03
   8.9767700000000000E+08   2.2641454084196177E+05   4.2085205461772354E-13   5.5636860622804320E-24   3.6416567325513952E+03
   8.9967700000000000E+08   2.2878831174771575E+05   4.1402968181699245E-13   5.4677091688154473E-24   3.6455095612280757E+03
   9.0167700000000000E+08   2.3116048542556443E+05   4.0735288100941436E-13   5.3739754127064958E-24   3.6492808488962937E+03
   9.0367700000000000E+08   2.3353093099917687E+05   4.0081781399018809E-13   5.2824202134293430E-24   3.6529711294959634E+03
   9.0567700000000000E+08   2.3589953068313334E+05   3.9442075948874126E-13   5.1929811210734652E-24   3.6565809483940993E+03
   9.0767700000000000E+08   2.3826618539301105E+05   3.8815810420376125E-13   5.1055976690796541E-24   3.6601108645753052E+03
   9.0967700000000000E+08   2.4063082197417814E+05   3.8202633321075782E-13   5.0202112183481230E-24   3.6635614545179728E+03
   9.1167700000000000E+08   2.4299339942080982E+05   3.7602202184561480E-13   4.9367648202976977E-24   3.6669333179523683E+03
   9.1367700000000000E+08   2.4535390799946515E+05   3.7014183355231080E-13   4.8552031587931996E-24   3.6702270847552118E+03
   9.1567700000000000E+08   2.4771235210480975E+05   3.6438253003503572E-13   4.7754726568603853E-24   3.6734434204737995E+03
   9.1767700000000000E+08   2.5006870923635559E+05   3.5874099829973279E-13   4.6975218129087704E-24   3.6765830258122132E+03
   9.1967700000000000E+08   2.5242286922910908E+05   3.5321429010550651E-13   4.6213017127857347E-24   3.6796466243879627E+03
   9.2167700000000000E+08   2.5477458059724965E+05   3.4779965298283337E-13   4.5467664464672977E-24   3.6826349356884889E+03
   9.2367700000000000E+08   2.5712345115785830E+05   3.4249451829342621E-13   4.4738729712413949E-24   3.6855486381439237E+03
   9.2567700000000000E+08   2.5946904070155087E+05   3.3729642022752839E-13   4.4025800638036021E-24   3.6883883381606129E+03
   9.2767700000000000E+08   2.6181102353517149E+05   3.3220286523436338E-13   4.3328465964451664E-24   3.6911545663411098E+03
   9.2967700000000000E+08   2.6414931777408655E+05   3.2721122994538757E-13   4.2646301490099786E-24   3.6938478116830233E+03
   9.3167700000000000E+08   2.6648406953482865E+05   3.2231877802119548E-13   4.1978871540047531E-24   3.6964685786178316E+03
   9.3367700000000000E+08   2.6881547489478375E+05   3.1752282784910539E-13   4.1325750260930358E-24   3.6990174300597732E+03
   9.3567700000000000E+08   2.7114356156672502E+05   3.1282094709428265E-13   4.0686546864211813E-24   3.7014949849996851E+03
   9.3767700000000000E+08   2.7346813949614723E+05   3.0821093953016945E-13   4.0060904216902845E-24   3.7039018747887576E+03
   9.3967700000000000E+08   2.7578900100423052E+05   3.0369064322479884E-13   3.9448472865811673E-24   3.7062387024690420E+03
   9.4167700000000000E+08   2.7810614229465189E+05   2.9925793613978696E-13   3.8848911578108982E-24   3.7085060474882407E+03
   9.4367700000000000E+08   2.8041971532119025E+05   2.9491109908538046E-13   3.8261933916350880E-24   3.7107045030448485E+03
   9.4567700000000000E+08   2.8272976873784693E+05   2.9064901900486954E-13   3.7687334203986637E-24   3.7128346922093710E+03
   9.4767700000000000E+08   2.8503606815417239E+05   2.8647075460322948E-13   3.7124931247908407E-24   3.7148972390193717E+03
   9.4967700000000000E+08   2.8733813235921576E+05   2.8237472048163560E-13   3.6574462992053165E-24   3.7168927226046931E+03
   9.5167700000000000E+08   2.8963534017411940E+05   2.7835816597747965E-13   3.6035519427047629E-24   3.7188216510192519E+03
   9.5367700000000000E+08   2.9192702604628180E+05   2.7441735212894090E-13   3.5507565785461336E-24   3.7206844567609683E+03
   9.5567700000000000E+08   2.9421352446627984E+05   2.7054859897477864E-13   3.4990078127642827E-24   3.7224814990839186E+03
   9.5767700000000000E+08   2.9649611964139459E+05   2.6674986212232220E-13   3.4482745266533929E-24   3.7242132471605210E+03
   9.5967700000000000E+08   2.9877526740660280E+05   2.6302044664676992E-13   3.3985430000091638E-24   3.7258804220943248E+03
   9.6167700000000000E+08   3.0105071642965416E+05   2.5935949250106524E-13   3.3497974888425144E-24   3.7274838108022009E+03
   9.6367700000000000E+08   3.0332231420201273E+05   2.5576574734188398E-13   3.3020173986948975E-24   3.7290241507165156E+03
   9.6567700000000000E+08   3.0558996847976476E+05   2.5223781198210375E-13   3.2551804281958061E-24   3.7305021593766942E+03
   9.6767700000000000E+08   3.0785362128754210E+05   2.4877424675502947E-13   3.2092639312663263E-24   3.7319185421002203E+03
   9.6967700000000000E+08   3.1011322975261591E+05   2.4537361631139538E-13   3.1642454840760860E-24   3.7332739980279307E+03
   9.7167700000000000E+08   3.1236875266808510E+05   2.4203451129874201E-13   3.1201031563511110E-24   3.7345692224953850E+03
   9.7367700000000000E+08   3.1462013943037560E+05   2.3875556199817283E-13   3.0768156808147016E-24   3.7358049069866556E+03
   9.7567700000000000E+08   3.1686732147827267E+05   2.3553544715479109E-13   3.0343625620882487E-24   3.7369817372542693E+03
   9.7767700000000000E+08   3.1911020820644754E+05   2.3237289733634050E-13   2.9927241160136469E-24   3.7381003902337611E+03
   9.7967700000000000E+08   3.2134868961112224E+05   2.2926669170798541E-13   2.9518814244612744E-24   3.7391615306426525E+03
   9.8167700000000000E+08   3.2358264582544094E+05   2.2621564889358508E-13   2.9118162135271655E-24   3.7401658083946163E+03
   9.8367700000000000E+08   3.2581196048897546E+05   2.2321861501447547E-13   2.8725106943232607E-24   3.7411138578220230E+03
   9.8567700000000000E+08   3.2803653329986706E+05   2.2027445297930926E-13   2.8339474186415682E-24   3.7420062990851507E+03
   9.8767700000000000E+08   3.3025628803168068E+05   2.1738203603601481E-13   2.7961091885857064E-24   3.7428437413878460E+03
   9.8967700000000000E+08   3.3247117451938544E+05   2.1454024651641693E-13   2.7589790327787316E-24   3.7436267871166469E+03
   9.9167700000000000E+08   3.3468116533080087E+05   2.1174797873165890E-13   2.7225402363993451E-24   3.7443560359137414E+03
   9.9367700000000000E+08   3.3688624940067716E+05   2.0900414366862281E-13   2.6867763952900358E-24   3.7450320879186170E+03
   9.9567700000000000E+08   3.3908642541123490E+05   2.0630767280622786E-13   2.6516714598287114E-24   3.7456555458350467E+03
   9.9767700000000000E+08   3.4128169752926391E+05   2.0365751885196056E-13   2.6172097401263176E-24   3.7462270159769973E+03
   9.9967700000000000E+08   3.4347208187208994E+05   2.0105264790897372E-13   2.5833758010427588E-24   3.7467471096659870E+03
   1.0016770000000000E+09   3.4565775484084606E+05   1.9849193119830881E-13   2.5501530611152106E-24   3.7472164532641996E+03
   1.0036770000000000E+09   3.4784079545659764E+05   1.9597290485639344E-13   2.5175078463328675E-24   3.7476357068005477E+03
   1.0056770000000000E+09   3.5002829103119252E+05   1.9348965908034169E-13   2.4853621502077697E-24   3.7480057641917406E+03
   1.0076770000000000E+09   3.5222537344936264E+05   1.9103791405660202E-13   2.4536583461697348E-24   3.7483285253449731E+03
   1.0096770000000000E+09   3.5442870033466857E+05   1.8861948064803141E-13   2.4224167159932908E-24   3.7486065602327512E+03
   1.0116770000000000E+09   3.5663080354290718E+05   1.8623959058001485E-13   2.3917019739941010E-24   3.7488418295154361E+03
   1.0136770000000000E+09   3.5882798481772351E+05   1.8390243670599895E-13   2.3615662180843275E-24   3.7490352761019344E+03
   1.0156770000000000E+09   3.6100132108105213E+05   1.8161399499286659E-13   2.3320851889920691E-24   3.7491867358024351E+03
   1.0176770000000000E+09   3.6315657138670923E+05   1.7937148657654430E-13   2.3032217033991633E-24   3.7492969110148865E+03
   1.0196770000000000E+09   3.6530424820165604E+05   1.7716736698821325E-13   2.2748788925956118E-24   3.7493641333990727E+03
   1.0216770000000000E+09   3.6744611825595167E+05   1.7499982765321833E-13   2.2470322252854985E-24   3.7493889147982791E+03
   1.0236770000000000E+09   3.6958253174954589E+05   1.7286794245889786E-13   2.2196686126953716E-24   3.7493716636177001E+03
   1.0256770000000000E+09   3.7171356562160054E+05   1.7077096883357838E-13   2.1927773175467467E-24   3.7493128734659349E+03
   1.0276770000000000E+09   3.7383923609757761E+05   1.6870820498411323E-13   2.1663481610113244E-24   3.7492130560022283E+03
   1.0296770000000000E+09   3.7595955173541367E+05   1.6667895257671981E-13   2.1403710499170470E-24   3.7490727278006188E+03
   1.0316770000000000E+09   3.7807453198578960E+05   1.6468250871879525E-13   2.1148358733474395E-24   3.7488924083807574E+03
   1.0336770000000000E+09   3.8018421685872512E+05   1.6271816599703949E-13   2.0897325010577174E-24   3.7486726210459296E+03
   1.0356770000000000E+09   3.8228868038971716E+05   1.6078521010523849E-13   2.0650507504186246E-24   3.7484138947512156E+03
   1.0376770000000000E+09   3.8438805320450984E+05   1.5888291140163189E-13   2.0407802747612297E-24   3.7481167672626711E+03
   1.0396770000000000E+09   3.8648254628994048E+05   1.5701051520437288E-13   2.0169104343717703E-24   3.7477817905685838E+03
   1.0416770000000000E+09   3.8857245675175346E+05   1.5516724185686705E-13   1.9934302918965741E-24   3.7474095385848382E+03
   1.0436770000000000E+09   3.9065813825679797E+05   1.5335230567559518E-13   1.9703288505073416E-24   3.7470006150428712E+03
   1.0456770000000000E+09   3.9273993571705115E+05   1.5156495181656773E-13   1.9475955246472965E-24   3.7465556576933741E+03
   1.0476770000000000E+09   3.9481810443986941E+05   1.4980449887140190E-13   1.9252206886430763E-24   3.7460753352407496E+03
   1.0496770000000000E+09   3.9689274407983088E+05   1.4807037055020306E-13   1.9031960896766508E-24   3.7455603359311331E+03
   1.0516770000000000E+09   3.9896377134090278E+05   1.4636210459502493E-13   1.8815149712081771E-24   3.7450113500399075E+03
   1.0536770000000000E+09   4.0103093798607745E+05   1.4467933721758791E-13   1.8601718821971718E-24   3.7444290507884803E+03
   1.0556770000000000E+09   4.0309388321119460E+05   1.4302177060858001E-13   1.8391622664623553E-24   3.7438140784488874E+03
   1.0576770000000000E+09   4.0515220010151091E+05   1.4138913523932316E-13   1.8184819812295324E-24   3.7431670308202010E+03
   1.0596770000000000E+09   4.0720549652742478E+05   1.3978115736845199E-13   1.7981268785040768E-24   3.7424884609323922E+03
   1.0616770000000000E+09   4.0925343805852160E+05   1.3819753765521541E-13   1.7780925260267170E-24   3.7417788808303935E+03
   1.0636770000000000E+09   4.1129576927340083E+05   1.3663794189941041E-13   1.7583740823333417E-24   3.7410387692085919E+03
   1.0656770000000000E+09   4.1333231652061985E+05   1.3510200154147285E-13   1.7389662968614551E-24   3.7402685805378783E+03
   1.0676770000000000E+09   4.1536297838658793E+05   1.3358932017802908E-13   1.7198635879495401E-24   3.7394687538364233E+03
   1.0696770000000000E+09   4.1738771032738854E+05   1.3209948254584913E-13   1.7010601536475028E-24   3.7386397199832036E+03
   1.0716770000000000E+09   4.1940650840454118E+05   1.3063206343097527E-13   1.6825500827686198E-24   3.7377819071597628E+03
   1.0736770000000000E+09   4.2141939505367185E+05   1.2918663511056107E-13   1.6643274481578435E-24   3.7368957444846155E+03
   1.0756770000000000E+09   4.2342640808570967E+05   1.2776277285443946E-13   1.6463863758599264E-24   3.7359816641571097E+03
   1.0776770000000000E+09   4.2542759297276894E+05   1.2636005858422704E-13   1.6287210911936217E-24   3.7350401025043243E+03
   1.0796770000000000E+09   4.2742299788759323E+05   1.2497808305080520E-13   1.6113259461568166E-24   3.7340715002950524E+03
   1.0816770000000000E+09   4.2941267078572977E+05   1.2361644694787873E-13   1.5941954333732852E-24   3.7330763026089126E+03
   1.0836770000000000E+09   4.3139665786852682E+05   1.2227476132786376E-13   1.5773241911828037E-24   3.7320549584649689E+03
   1.0856770000000000E+09   4.3337500290659908E+05   1.2095264759714735E-13   1.5607070033709972E-24   3.7310079203423829E+03
   1.0876770000000000E+09   4.3534774705818755E+05   1.1964973727954415E-13   1.5443387959302028E-24   3.7299356436720259E+03
   1.0896770000000000E+09   4.3731492894631490E+05   1.1836567166651611E-13   1.5282146323577685E-24   3.7288385863419703E+03
   1.0916770000000000E+09   4.3927658485349372E+05   1.1710010142310634E-13   1.5123297083711301E-24   3.7277172082372263E+03
   1.0936770000000000E+09   4.4123274895562482E+05   1.1585268618672402E-13   1.4966793465157400E-24   3.7265719708211650E+03
   1.0956770000000000E+09   4.4318345355505729E+05   1.1462309417719215E-13   1.4812589909039191E-24   3.7254033367592701E+03
   1.0976770000000000E+09   4.4512872929495614E+05   1.1341100182612691E-13   1.4660642021908146E-24   3.7242117695825996E+03
   1.0996770000000000E+09   4.4706860534884664E+05   1.1221609342854509E-13   1.4510906528274135E-24   3.7229977333870665E+03
   1.1016770000000000E+09   4.4900310958479717E+05   1.1103806081726451E-13   1.4363341226004339E-24   3.7217616925644743E+03
   1.1036770000000000E+09   4.5093226870630239E+05   1.0987660305963042E-13   1.4217904944553862E-24   3.7205041115614481E+03
   1.1056770000000000E+09   4.5285610837252345E+05   1.0873142617579421E-13   1.4074557505948451E-24   3.7192254546628178E+03
   1.1076770000000000E+09   4.5477465330064035E+05   1.0760224287757830E-13   1.3933259688412177E-24   3.7179261857964111E+03
   1.1096770000000000E+09   4.5668792735283787E+05   1.0648877232683430E-13   1.3793973192513795E-24   3.7166067683566989E+03
   1.1116770000000000E+09   4.5859595360978448E+05   1.0539073991219057E-13   1.3656660609702123E-24   3.7152676650449785E+03
   1.1136770000000000E+09   4.6049875443227746E+05   1.0430787704290925E-13   1.3521285393076039E-24   3.7139093377241297E+03
   1.1156770000000000E+09   4.6239635151212738E+05   1.0323992095857062E-13   1.3387811830232658E-24   3.7125322472862099E+03
   1.1176770000000000E+09   4.6428876591315417E+05   1.0218661455320301E-13   1.3256205018023184E-24   3.7111368535313054E+03
   1.1196770000000000E+09   4.6617601810267911E+05   1.0114770621253169E-13   1.3126430839051760E-24   3.7097236150562080E+03
   1.1216770000000000E+09   4.6805812797384127E+05   1.0012294966296655E-13   1.2998455939744599E-24   3.7082929891516146E+03
   1.1236770000000000E+09   4.6993511485874816E+05   9.9112103831039909E-14   1.2872247709827702E-24   3.7068454317065912E+03
   1.1256770000000000E+09   4.7180699753252207E+05   9.8114932712006611E-14   1.2747774263050660E-24   3.7053813971191466E+03
   1.1276770000000000E+09   4.7367379420813336E+05   9.7131205246439468E-14   1.2625004419008908E-24   3.7039013382117873E+03
   1.1296770000000000E+09   4.7553552252219181E+05   9.6160695203653504E-14   1.2503907685916161E-24   3.7024057061509907E+03
   1.1316770000000000E+09   4.7739219951185922E+05   9.5203181070927307E-14   1.2384454244195456E-24   3.7008949503695917E+03
   1.1336770000000000E+09   4.7924384158335894E+05   9.4258445947548521E-14   1.2266614930764077E-24   3.6993695184911599E+03
   1.1356770000000000E+09   4.8109046447283280E+05   9.3326277442810534E-14   1.2150361223900144E-24   3.6978298562554642E+03
   1.1376770000000000E+09   4.8293208320069429E+05   9.2406467577173381E-14   1.2035665228588623E-24   3.6962764074443394E+03
   1.1396770000000000E+09   4.8476871202099440E+05   9.1498812685910292E-14   1.1922499662258357E-24   3.6947096138072584E+03
   1.1416770000000000E+09   4.8660036436772603E+05   9.0603113324668278E-14   1.1810837840834544E-24   3.6931299149861493E+03
   1.1436770000000000E+09   4.8842705280047155E+05   8.9719174176450494E-14   1.1700653665040673E-24   3.6915377484391556E+03
   1.1456770000000000E+09   4.9024878895213583E+05   8.8846803959634204E-14   1.1591921606897236E-24   3.6899335493631770E+03
   1.1476770000000000E+09   4.9206558348192455E+05   8.7985815336699733E-14   1.1484616696371449E-24   3.6883177506153188E+03
   1.1496770000000000E+09   4.9387744603670971E+05   8.7136024823483144E-14   1.1378714508149852E-24   3.6866907826335046E+03
   1.1516770000000000E+09   4.9568438522450649E+05   8.6297252698703114E-14   1.1274191148496547E-24   3.6850530733568226E+03
   1.1536770000000000E+09   4.9748640860312182E+05   8.5469322913732585E-14   1.1171023242188199E-24   3.6834050481463510E+03
   1.1556770000000000E+09   4.9928352268745803E+05   8.4652063002461118E-14   1.1069187919500267E-24   3.6817471297074044E+03
   1.1576770000000000E+09   5.0107573297812650E+05   8.3845303991255588E-14   1.0968662803239522E-24   3.6800797380143890E+03
   1.1596770000000000E+09   5.0286304401373363E+05   8.3048880308997697E-14   1.0869425995814185E-24   3.6784032902395375E+03
   1.1616770000000000E+09   5.0464545944835735E+05   8.2262629697248868E-14   1.0771456066342196E-24   3.6767182006869753E+03
   1.1636770000000000E+09   5.0642298215498641E+05   8.1486393120613792E-14   1.0674732037801187E-24   3.6750248807335884E+03
   1.1656770000000000E+09   5.0819561435477930E+05   8.0720014677411501E-14   1.0579233374228918E-24   3.6733237387781783E+03
   1.1676770000000000E+09   5.0996335777079471E+05   7.9963341510868107E-14   1.0484939967997201E-24   3.6716151802003651E+03
   1.1696770000000000E+09   5.1172621380412811E+05   7.9216223721018546E-14   1.0391832127179636E-24   3.6698996073305530E+03
   1.1716770000000000E+09   5.1348418372901832E+05   7.8478514277657392E-14   1.0299890563054264E-24   3.6681774194321301E+03
   1.1736770000000000E+09   5.1523726890291093E+05   7.7750068934642107E-14   1.0209096377778475E-24   3.6664490126968258E+03
   1.1756770000000000E+09   5.1698547098643176E+05   7.7030746145960818E-14   1.0119431052288871E-24   3.6647147802539021E+03
   1.1776770000000000E+09   5.1872879216761258E+05   7.6320406983997880E-14   1.0030876434482756E-24   3.6629751121934933E+03
   1.1796770000000000E+09   5.2046723538437753E+05   7.5618915060428017E-14   9.9434147277387514E-25   3.6612303956041242E+03
   1.1816770000000000E+09   5.2220080453899509E+05   7.4926136450192762E-14   9.8570284798383318E-25   3.6594810146240120E+03
   1.1836770000000000E+09   5.2392950469834369E+05   7.4241939618966373E-14   9.7717005723449888E-25   3.6577273505054495E+03
   1.1856770000000000E+09   5.2565334227399167E+05   7.3566195354511812E-14   9.6874142104979300E-25   3.6559697816911757E+03
   1.1876770000000000E+09   5.2737232517690968E+05   7.2898776702199817E-14   9.6041529136614092E-25   3.6542086839012895E+03
   1.1896770000000000E+09   5.2908646294217044E+05   7.2239558904941214E-14   9.5219005063680278E-25   3.6524444302291240E+03
   1.1916770000000000E+09   5.3079576682016649E+05   7.1588419347642824E-14   9.4406411099770701E-25   3.6506773912440049E+03
   1.1936770000000000E+09   5.3250024983191921E+05   7.0945237506212039E-14   9.3603591349571586E-25   3.6489079350989259E+03
   1.1956770000000000E+09   5.3419992678739130E+05   7.0309894901004676E-14   9.2810392737859400E-25   3.6471364276408312E+03
   1.1976770000000000E+09   5.3589481426689087E+05   6.9682275054529789E-14   9.2026664944479479E-25   3.6453632325213780E+03
   1.1996770000000000E+09   5.3758493056688865E+05   6.9062263453125403E-14   9.1252260344986503E-25   3.6435887113058980E+03
   1.2016770000000000E+09   5.3927029561294755E+05   6.8449747512195978E-14   9.0487033956453032E-25   3.6418132235785592E+03
   1.2036770000000000E+09   5.4095093084316328E+05   6.7844616544606048E-14   8.9730843387951162E-25   3.6400371270417768E+03
   1.2056770000000000E+09   5.4262685906669020E+05   6.7246761731709144E-14   8.8983548795047985E-25   3.6382607776082432E+03
   1.2076770000000000E+09   5.4429810430241306E+05   6.6656076096506558E-14   8.8245012837666663E-25   3.6364845294841543E+03
   1.2096770000000000E+09   5.4596469160339318E+05   6.6072454478401657E-14   8.7515100640613795E-25   3.6347087352425883E+03
   1.2116770000000000E+09   5.4762664687288261E+05   6.5495793509040815E-14   8.6793679756098442E-25   3.6329337458862265E+03
   1.2136770000000000E+09   5.4928399667785456E+05   6.4925991588739430E-14   8.6080620127564999E-25   3.6311599108990417E+03
   1.2156770000000000E+09   5.5093676806574827E+05   6.4362948863051673E-14   8.5375794054233396E-25   3.6293875782868495E+03
   1.2176770000000000E+09   5.5258498838974070E+05   6.3806567199099015E-14   8.4679076155807121E-25   3.6276170946068705E+03
   1.2196770000000000E+09   5.5422868514735450E+05   6.3256750161330958E-14   8.3990343336875539E-25   3.6258488049869611E+03
   1.2216770000000000E+09   5.5586788583644561E+05   6.2713402986470838E-14   8.3309474750643486E-25   3.6240830531350762E+03
   1.2236770000000000E+09   5.5750261783147661E+05   6.2176432557529419E-14   8.2636351761781582E-25   3.6223201813401179E+03
   1.2256770000000000E+09   5.5913290828229231E+05   6.1645747376788175E-14   8.1970857908222075E-25   3.6205605304651217E+03
   1.2276770000000000E+09   5.6075878403609921E+05   6.1121257537823836E-14   8.1312878861944011E-25   3.6188044399341056E+03
   1.2296770000000000E+09   5.6238027158247703E+05   6.0602874696678017E-14   8.0662302388840569E-25   3.6170522477137547E+03
   1.2316770000000000E+09   5.6399739702006301E+05   6.0090512042374953E-14   8.0019018307894798E-25   3.6153042902911820E+03
   1.2336770000000000E+09   5.6561018604277924E+05   5.9584084267020865E-14   7.9382918449935969E-25   3.6135609026488996E+03
   1.2356770000000000E+09   5.6721866394270549E+05   5.9083507535767435E-14   7.8753896616319926E-25   3.6118224182380154E+03
   1.2376770000000000E+09   5.6882285562634561E+05   5.8588699456917154E-14   7.8131848537876612E-25   3.6100891689505261E+03
   1.2396770000000000E+09   5.7042278564092563E+05   5.8099579052429886E-14   7.7516671834450477E-25   3.6083614850913791E+03
   1.2416770000000000E+09   5.7201847820750240E+05   5.7616066729047843E-14   7.6908265975307872E-25   3.6066396953508697E+03
   1.2436770000000000E+09   5.7360995725781692E+05   5.7138084250234695E-14   7.6306532240664943E-25   3.6049241267776688E+03
   1.2456770000000000E+09   5.7519724647242622E+05   5.6665554709037268E-14   7.5711373684474283E-25   3.6032151047527514E+03
   1.2476770000000000E+09   5.7678036931794439E+05   5.6198402501960632E-14   7.5122695098590752E-25   3.6015129529643009E+03
   1.2496770000000000E+09   5.7835934908170463E+05   5.5736553303890476E-14   7.4540402978363575E-25   3.5998179933835468E+03
   1.2516770000000000E+09   5.7993420890266215E+05   5.5279934044048975E-14   7.3964405489638327E-25   3.5981305462414821E+03
   1.2536770000000000E+09   5.8150497179747093E+05   5.4828472882977636E-14   7.3394612437163987E-25   3.5964509300063219E+03
   1.2556770000000000E+09   5.8307166068118054E+05   5.4382099190485844E-14   7.2830935234328405E-25   3.5947794613614933E+03
   1.2576770000000000E+09   5.8463429838211241E+05   5.3940743524511685E-14   7.2273286874155088E-25   3.5931164551839402E+03
   1.2596770000000000E+09   5.8619290765074163E+05   5.3504337610819285E-14   7.1721581901463891E-25   3.5914622245225646E+03
   1.2616770000000000E+09   5.8774751116256870E+05   5.3072814323457829E-14   7.1175736386099847E-25   3.5898170805765362E+03
   1.2636770000000000E+09   5.8929813151505811E+05   5.2646107665905752E-14   7.0635667897130632E-25   3.5881813326732913E+03
   1.2656770000000000E+09   5.9084479121889279E+05   5.2224152752811597E-14   7.0101295477897920E-25   3.5865552882459351E+03
   1.2676770000000000E+09   5.9238751268375281E+05   5.1806885792261497E-14   6.9572539621828923E-25   3.5849392528099429E+03
   1.2696770000000000E+09   5.9392631819899287E+05   5.1394244068482595E-14   6.9049322248889153E-25   3.5833335299389059E+03
   1.2716770000000000E+09   5.9546122990938451E+05   5.0986165924929997E-14   6.8531566682605515E-25   3.5817384212392067E+03
   1.2736770000000000E+09   5.9699226978640328E+05   5.0582590747665666E-14   6.8019197627537072E-25   3.5801542263234519E+03
   1.2756770000000000E+09   5.9851945959535416E+05   5.0183458948969102E-14   6.7512141147112258E-25   3.5785812427825044E+03
   1.2776770000000000E+09   6.0004282085880253E+05   4.9788711951106161E-14   6.7010324641730899E-25   3.5770197661560705E+03
   1.2796770000000000E+09   6.0156237481694017E+05   4.9398292170170015E-14   6.6513676827014937E-25   3.5754700899016493E+03
   1.2816770000000000E+09   6.0307814238544845E+05   4.9012142999926607E-14   6.6022127712113096E-25   3.5739325053618372E+03
   1.2836770000000000E+09   6.0459014411155623E+05   4.8630208795590681E-14   6.5535608577956843E-25   3.5724073017299083E+03
   1.2856770000000000E+09   6.0609840012907144E+05   4.8252434857456293E-14   6.5054051955362003E-25   3.5708947660136087E+03
   1.2876770000000000E+09   6.0760293011302419E+05   4.7878767414333042E-14   6.4577391602904817E-25   3.5693951829972098E+03
   1.2896770000000000E+09   6.0910375323450589E+05   4.7509153606751468E-14   6.4105562484519180E-25   3.5679088352017834E+03
   1.2916770000000000E+09   6.1060088811620325E+05   4.7143541469913310E-14   6.3638500746777459E-25   3.5664360028437231E+03
   1.2936770000000000E+09   6.1209435278877837E+05   4.6781879916406763E-14   6.3176143695875685E-25   3.5649769637916115E+03
   1.2956770000000000E+09   6.1358416464804753E+05   4.6424118718722464E-14   6.2718429774368238E-25   3.5635319935213943E+03
   1.2976770000000000E+09   6.1507034041254444E+05   4.6070208491646528E-14   6.2265298537750019E-25   3.5621013650699379E+03
   1.2996770000000000E+09   6.1655289608083223E+05   4.5720100674625624E-14   6.1816690631010617E-25   3.5606853489870105E+03
   1.3016770000000000E+09   6.1803184688782960E+05   4.5373747514217038E-14   6.1372547765312153E-25   3.5592842132855903E+03
   1.3036770000000000E+09   6.1950720725982380E+05   4.5031102046716256E-14   6.0932812694911973E-25   3.5578982233906299E+03
   1.3056770000000000E+09   6.2097899076877732E+05   4.4692118081008329E-14   6.0497429194394371E-25   3.5565276420860691E+03
   1.3076770000000000E+09   6.2244721008856792E+05   4.4356750181568225E-14   6.0066342036107269E-25   3.5551727294601969E+03
   1.3096770000000000E+09   6.2391187695849431E+05   4.4024953651405682E-14   5.9639496967523591E-25   3.5538337428494478E+03
   1.3116770000000000E+09   6.2537300216352672E+05   4.3696684514502835E-14   5.9216840687909343E-25   3.5525109367808805E+03
   1.3136770000000000E+09   6.2683059554492787E+05   4.3371899497093872E-14   5.8798320823401656E-25   3.5512045629139948E+03
   1.3156770000000000E+09   6.2828466605889390E+05   4.3050556006921867E-14   5.8383885899302456E-25   3.5499148699829216E+03
   1.3176770000000000E+09   6.2973522190264252E+05   4.2732612109545196E-14   5.7973485308293358E-25   3.5486421037407727E+03
   1.3196770000000000E+09   6.3118227072534943E+05   4.2418026500900692E-14   5.7567069273452613E-25   3.5473865069083222E+03
   1.3216770000000000E+09   6.3262581993322610E+05   4.2106758475805671E-14   5.7164588805584744E-25   3.5461483191300927E+03
   1.3236770000000000E+09   6.3406587708304543E+05   4.1798767892890754E-14   5.6765995655476142E-25   3.5449277769408709E+03
   1.3256770000000000E+09   6.3550245033675921E+05   4.1494015137606288E-14   5.6371242263257576E-25   3.5437251137457315E+03
   1.3276770000000000E+09   6.3693554892491503E+05   4.1192461086211621E-14   5.5980281708802001E-25   3.5425405598155653E+03
   1.3296770000000000E+09   6.3836518354482541E+05   4.0894067074685239E-14   5.5593067668523777E-25   3.5413743422983921E+03
   1.3316770000000000E+09   6.3979136660879501E+05   4.0598794876902334E-14   5.5209554384554454E-25   3.5402266852441971E+03
   1.3336770000000000E+09   6.4121411226743273E+05   4.0306606695712354E-14   5.4829696651354058E-25   3.5390978096382491E+03
   1.3356770000000000E+09   6.4263343616787472E+05   4.0017465168549383E-14   5.4453449822143641E-25   3.5379879334351699E+03
   1.3376770000000000E+09   6.4404935496420308E+05   3.9731333386103551E-14   5.4080769833334664E-25   3.5368972715847663E+03
   1.3396770000000000E+09   6.4546188566546177E+05   3.9448174919044499E-14   5.3711613240294202E-25   3.5358260360410068E+03
   1.3416770000000000E+09   6.4687104496378533E+05   3.9167953844982364E-14   5.3345937253893826E-25   3.5347744357484698E+03
   1.3436770000000000E+09   6.4827684870710946E+05   3.8890634766989060E-14   5.2983699766009899E-25   3.5337426766055473E+03
   1.3456770000000000E+09   6.4967931165022205E+05   3.8616182816901146E-14   5.2624859354618771E-25   3.5327309614093110E+03
   1.3476770000000000E+09   6.5107844753511157E+05   3.8344563641134795E-14   5.2269375265188643E-25   3.5317394897919794E+03
   1.3496770000000000E+09   6.5247426944029506E+05   3.8075743372565017E-14   5.1917207372984773E-25   3.5307684581607273E+03
   1.3516770000000000E+09   6.5386679024262202E+05   3.7809688596836306E-14   5.1568316137524128E-25   3.5298180596506545E+03
   1.3536770000000000E+09   6.5525602299789828E+05   3.7546366323151581E-14   5.1222662562822749E-25   3.5288884840951064E+03
   1.3556770000000000E+09   6.5664198109327059E+05   3.7285743966939055E-14   5.0880208173605428E-25   3.5279799180101732E+03
   1.3576770000000000E+09   6.5802467813819624E+05   3.7027789345880136E-14   5.0540915009666430E-25   3.5270925445847638E+03
   1.3596770000000000E+09   6.5940412769018591E+05   3.6772470684222268E-14   5.0204745631633144E-25   3.5262265436659659E+03
   1.3616770000000000E+09   6.6078034298702143E+05   3.6519756616681125E-14   4.9871663126360601E-25   3.5253820917334942E+03
   1.3636770000000000E+09   6.6215333683780720E+05   3.6269616184402433E-14   4.9541631101655735E-25   3.5245593618636099E+03
   1.3656770000000000E+09   6.6352312172046432E+05   3.6022018820878640E-14   4.9214613667334570E-25   3.5237585236893265E+03
   1.3676770000000000E+09   6.6488971000817069E+05   3.5776934332023657E-14   4.8890575408210116E-25   3.5229797433656731E+03
   1.3696770000000000E+09   6.6625311418043089E+05   3.5534332877905458E-14   4.8569481359184644E-25   3.5222231835450511E+03
   1.3716770000000000E+09   6.6761334690588992E+05   3.5294184962035227E-14   4.8251296990537089E-25   3.5214890033615975E+03
   1.3736770000000000E+09   6.6897042098596017E+05   3.5056461428988995E-14   4.7935988204575561E-25   3.5207773584181564E+03
   1.3756770000000000E+09   6.7032434924142330E+05   3.4821133466444121E-14   4.7623521338396632E-25   3.5200884007697937E+03
   1.3776770000000000E+09   6.7167514444110065E+05   3.4588172606658600E-14   4.7313863165980366E-25   3.5194222789019427E+03
   1.3796770000000000E+09   6.7302281930769235E+05   3.4357550725274486E-14   4.7006980896670717E-25   3.5187791377066037E+03
   1.3816770000000000E+09   6.7436738655330497E+05   3.4129240039099399E-14   4.6702842172235820E-25   3.5181591184612171E+03
   1.3836770000000000E+09   6.7570885886610404E+05   3.3903213105912025E-14   4.6401415066657159E-25   3.5175623588116109E+03
   1.3856770000000000E+09   6.7704724879902601E+05   3.3679442827843301E-14   4.6102668090827880E-25   3.5169889927550848E+03
   1.3876770000000000E+09   6.7838256852534250E+05   3.3457902458790044E-14   4.5806570202890759E-25   3.5164391506158568E+03
   1.3896770000000000E+09   6.7971482928471232E+05   3.3238565621354735E-14   4.5513090831884647E-25   3.5159129590015227E+03
   1.3916770000000000E+09   6.8104403984306147E+05   3.3021406357368303E-14   4.5222199947961873E-25   3.5154105407158413E+03
   1.3936770000000000E+09   6.8237020200819394E+05   3.2806399282920476E-14   4.4933868277157664E-25   3.5149320145634542E+03
   1.3956770000000000E+09   6.8369329817833123E+05   3.2593520029936401E-14   4.4648067912124932E-25   3.5144774948899380E+03
   1.3976770000000000E+09   6.8501325895917043E+05   3.2382746408732496E-14   4.4364773918401595E-25   3.5140470905222737E+03
   1.3996770000000000E+09   6.8632988463424030E+05   3.2174061248767543E-14   4.4083968256064380E-25   3.5136409024786703E+03
   1.4016770000000000E+09   6.8764266922815330E+05   3.1967458805301163E-14   4.3805648617334710E-25   3.5132590194101731E+03
   1.4036770000000000E+09   6.8895044219697965E+05   3.1762957899734144E-14   4.3529846541065204E-25   3.5129015093287717E+03
   1.4056770000000000E+09   6.9025072220352362E+05   3.1560625818504860E-14   4.3256660344034244E-25   3.5125684059515220E+03
   1.4076770000000000E+09   6.9153873314992769E+05   3.1360615108158732E-14   4.2986305824973884E-25   3.5122596878480044E+03
   1.4096770000000000E+09   6.9280627711875015E+05   3.1163206507043465E-14   4.2719175514373525E-25   3.5119752473090784E+03
   1.4116770000000000E+09   6.9404118477128295E+05   3.0968831534154148E-14   4.2455870257368433E-25   3.5117148409620022E+03
   1.4136770000000000E+09   6.9522871173942473E+05   3.0778022956831586E-14   4.2197132299044232E-25   3.5114780064906172E+03
   1.4156770000000000E+09   6.9635627047723171E+05   3.0591238110371684E-14   4.1943604454023641E-25   3.5112639379062543E+03
   1.4176770000000000E+09   6.9742105119716434E+05   3.0408566903237544E-14   4.1695430788001485E-25   3.5110713804321717E+03
   1.4196770000000000E+09   6.9843624939621671E+05   3.0229484613562853E-14   4.1451916006641678E-25   3.5108987431832470E+03
   1.4216770000000000E+09   6.9942931515078351E+05   3.0052910011243163E-14   4.1211598423988379E-25   3.5107446483749814E+03
   1.4236770000000000E+09   7.0043092263574724E+05   2.9877639699896136E-14   4.0972836345489662E-25   3.5106087224896128E+03
   1.4256770000000000E+09   7.0146520073609706E+05   2.9702759130388633E-14   4.0734369941054218E-25   3.5104917846544131E+03
   1.4276770000000000E+09   7.0255399879657710E+05   2.9527500356984075E-14   4.0495136460002991E-25   3.5103950016358253E+03
   1.4296770000000000E+09   7.0373062016639614E+05   2.9350658126627231E-14   4.0253491949665933E-25   3.5103179412466434E+03
   1.4316770000000000E+09   7.0500817389513389E+05   2.9171962293215620E-14   4.0008913995501829E-25   3.5102742751887104E+03
   1.4336770000000000E+09   7.0668130367395864E+05   2.8978320858412461E-14   3.9744932794348237E-25   3.5101333908347201E+03
   1.4356770000000000E+09   7.0626222326729249E+05   2.8874644488737592E-14   3.9601042997252105E-25   3.5102834969737128E+03
   6.5767700000000000E+08  -1.1786556446701793E+03   3.6408252808837649E-08   1.3030295509267283E-22   1.8435292641551521E+03
   6.5967700000000000E+08  -1.1258504549212942E+03   5.3948107382485667E-08   1.6024732527152564E-22   2.2212395209841961E+03
   6.6167700000000000E+08  -1.0334769276020450E+03   6.3711858125722648E-08   1.6911469977533827E-22   2.4857414457952655E+03
   6.6367700000000000E+08  -9.0010779430628884E+02   6.8254901587308197E-08   1.6720133383018750E-22   2.6935081382387566E+03
   6.6567700000000000E+08  -6.4054742803141562E+02   6.8379877404378556E-08   1.5739571786999094E-22   2.8665888961353317E+03
   6.6767700000000000E+08  -2.8995911455277513E+02   6.5682295126763646E-08   1.4370758267989144E-22   3.0157996296369065E+03
   6.6967700000000000E+08   1.2385044875137626E+02   6.1535899146109326E-08   1.2900998125094690E-22   3.1473190686732851E+03
   6.7167700000000000E+08   5.7585203054923215E+02   5.6881334012701145E-08   1.1495109846390693E-22   3.2650666402550028E+03
   6.7367700000000000E+08   1.0482863784180026E+03   5.2257756721704389E-08   1.0226644394799013E-22   3.3717211370970331E+03
   6.7567700000000000E+08   1.5242120799103029E+03   4.7933032200695451E-08   9.1166598785309940E-23   3.4692147469255960E+03
   6.7767700000000000E+08   1.9810778624430518E+03   4.4018806817271740E-08   8.1609461465504715E-23   3.5589968502533620E+03
   6.7967700000000000E+08   2.3901473543436450E+03   4.0543383900149047E-08   7.3448940201781910E-23   3.6421869833656629E+03
   6.8167700000000000E+08   2.7284325649281218E+03   3.7487990055416153E-08   6.6498775896016626E-23   3.7196704261135546E+03
   6.8367700000000000E+08   2.9833840312642478E+03   3.4806842517231237E-08   6.0562303251573952E-23   3.7921608244238178E+03
   6.8567700000000000E+08   3.1530738534837701E+03   3.2438426835782549E-08   5.5445810221882085E-23   3.8602428749366127E+03
   6.8767700000000000E+08   3.2266328777297149E+03   3.0310733617264080E-08   5.0961967732715764E-23   3.9244024619484203E+03
   6.8967700000000000E+08   3.1616417136951227E+03   2.8359084399460129E-08   4.6955029164877911E-23   3.9850472451045325E+03
   6.9167700000000000E+08   2.9076575036725217E+03   2.6543293966775086E-08   4.3323714543713949E-23   4.0425222302460397E+03
   6.9367700000000000E+08   2.4615887873734964E+03   2.4854728810928610E-08   4.0026927734386062E-23   4.0971231475850491E+03
   6.9567700000000000E+08   1.9075330482195209E+03   2.3306290176380791E-08   3.7062795861513881E-23   4.1491079830710642E+03
   6.9767700000000000E+08   1.4037158362261403E+03   2.1914686108528860E-08   3.4437815534595134E-23   4.1987056373671730E+03
   6.9967700000000000E+08   1.1303730822730408E+03   2.0687901867018112E-08   3.2146569061976812E-23   4.2461212021441643E+03
   7.0167700000000000E+08   1.2352664724270751E+03   1.9621705648933190E-08   3.0166745183896952E-23   4.2915386208367590E+03
   7.0367700000000000E+08   1.8009582094296118E+03   1.8701919089654621E-08   2.8463200026527588E-23   4.3351220539828500E+03
   7.0567700000000000E+08   2.8382582202139997E+03   1.7908547082446044E-08   2.6994527562276751E-23   4.3770169817277274E+03
   7.0767700000000000E+08   4.2985866951350490E+03   1.7219606206442084E-08   2.5718792247155840E-23   4.4173515452355059E+03
   7.0967700000000000E+08   6.0948539499518638E+03   1.6613871309786979E-08   2.4597369477606284E-23   4.4562382145232641E+03
   7.1167700000000000E+08   8.1224625897278765E+03   1.6072483080640536E-08   2.3596954670554336E-23   4.4937756648064342E+03
   7.1367700000000000E+08   1.0276019152860290E+04   1.5579664292600865E-08   2.2690220731138104E-23   4.5300506935694466E+03
   7.1567700000000000E+08   1.2460669303470408E+04   1.5122837491112634E-08   2.1855623975060380E-23   4.5651400417010946E+03
   7.1767700000000000E+08   1.4595426921760347E+04   1.4692223440731727E-08   2.1076513053108686E-23   4.5991120081235495E+03
   7.1967700000000000E+08   1.6617418731615282E+04   1.4280854592990164E-08   2.0340895296283355E-23   4.6320278398599385E+03
   7.2167700000000000E+08   1.8485406023854594E+04   1.3884002583649934E-08   1.9640416204367714E-23   4.6639429416318399E+03
   7.2367700000000000E+08   2.0176308502680760E+04   1.3498706489524398E-08   1.8969536107753328E-23   4.6949078801325995E+03
   7.2567700000000000E+08   2.1682122726678223E+04   1.3123339321202954E-08   1.8324808510465644E-23   4.7249691736356217E+03
   7.2767700000000000E+08   2.3006711122103090E+04   1.2757215679483551E-08   1.7704252753073113E-23   4.7541699100924252E+03
   7.2967700000000000E+08   2.4162491944169924E+04   1.2400256400788721E-08   1.7106835163002195E-23   4.7825502243823776E+03
   7.3167700000000000E+08   2.5167307224238088E+04   1.2052717157951387E-08   1.6532060795844297E-23   4.8101476620669528E+03
   7.3367700000000000E+08   2.6041687173378119E+04   1.1714983488946757E-08   1.5979672541495538E-23   4.8369974550989209E+03
   7.3567700000000000E+08   2.6806660509811005E+04   1.1387430005358844E-08   1.5449448869905416E-23   4.8631327322409634E+03
   7.3767700000000000E+08   2.7482176065269687E+04   1.1070336058394463E-08   1.4941085104673690E-23   4.8885846835661541E+03
   7.3967700000000000E+08   2.8086116553341966E+04   1.0763846999271511E-08   1.4454140012081765E-23   4.9133826944172242E+03
   7.4167700000000000E+08   2.8633822800513812E+04   1.0467968072687612E-08   1.3988027777890416E-23   4.9375544602057080E+03
   7.4367700000000000E+08   2.9138006045024824E+04   1.0182578700556328E-08   1.3542037416127943E-23   4.9611260897235452E+03
   7.4567700000000000E+08   2.9608918259217680E+04   9.9074569070824402E-09   1.3115365116710429E-23   4.9841222015793692E+03
   7.4767700000000000E+08   3.0054664222263982E+04   9.6423064663398087E-09   1.2707149374773393E-23   5.0065660161148007E+03
   7.4967700000000000E+08   3.0481565862246960E+04   9.3867821530378431E-09   1.2316502807785265E-23   5.0284794436792563E+03
   7.5167700000000000E+08   3.0894519188595299E+04   9.1405107903864260E-09   1.1942537800253636E-23   5.0498831693143338E+03
   7.5367700000000000E+08   3.1297310491485783E+04   8.9031074180855264E-09   1.1584385318550786E-23   5.0707967335405065E+03
   7.5567700000000000E+08   3.1692878241885923E+04   8.6741868787903583E-09   1.1241207505921496E-23   5.0912386088738731E+03
   7.5767700000000000E+08   3.2083519882338889E+04   8.4533715853658951E-09   1.0912205229812418E-23   5.1112262717889143E+03
   7.5967700000000000E+08   3.2471049597431942E+04   8.2402963556037837E-09   1.0596621862817684E-23   5.1307762699880577E+03
   7.6167700000000000E+08   3.2856915894808837E+04   8.0346111352393621E-09   1.0293744444785907E-23   5.1499042849837679E+03
   7.6367700000000000E+08   3.3242288030542717E+04   7.8359822817034390E-09   1.0002903143202984E-23   5.1686251901173146E+03
   7.6567700000000000E+08   3.3628119224170929E+04   7.6440929161681851E-09   9.7234696885586418E-24   5.1869531042217923E+03
   7.6767700000000000E+08   3.4015193053373900E+04   7.4586427039800501E-09   9.4548552532809388E-24   5.2049014411880071E+03
   7.6967700000000000E+08   3.4404157865663707E+04   7.2793473062559133E-09   9.1965080810119690E-24   5.2224829557166695E+03
   7.7167700000000000E+08   3.4795552713828598E+04   7.1059376591284261E-09   8.9479110562845403E-24   5.2397097855462671E+03
   7.7367700000000000E+08   3.5189827279555269E+04   6.9381591773054149E-09   8.7085793252852907E-24   5.2565934904394589E+03
   7.7567700000000000E+08   3.5587357481604718E+04   6.7757709390959781E-09   8.4780580270683855E-24   5.2731450881969104E+03
   7.7767700000000000E+08   3.5988457923743277E+04   6.6185448850385130E-09   8.2559201629405183E-24   5.2893750879495519E+03
   7.7967700000000000E+08   3.6393391968954755E+04   6.4662650470293727E-09   8.0417646131579197E-24   5.3052935209608167E+03
   7.8167700000000000E+08   3.6802379981384875E+04   6.3187268159217478E-09   7.8352142997787220E-24   5.3209099691509928E+03
   7.8367700000000000E+08   3.7215606117214978E+04   6.1757362505369722E-09   7.6359144892383143E-24   5.3362335915370022E+03
   7.8567700000000000E+08   3.7633223941578552E+04   6.0371094283264029E-09   7.4435312258540538E-24   5.3512731487634974E+03
   7.8767700000000000E+08   3.8055361080718707E+04   5.9026718365504523E-09   7.2577498867132406E-24   5.3660370258850162E+03
   7.8967700000000000E+08   3.8482123073442548E+04   5.7722578022021705E-09   7.0782738484786025E-24   5.3805332535442167E+03
   7.9167700000000000E+08   3.8913596554863027E+04   5.6457099586493627E-09   6.9048232571180876E-24   5.3947695276779150E+03
   7.9367700000000000E+08   3.9349851882978779E+04   5.5228787469077957E-09   6.7371338921917020E-24   5.4087532278706531E+03
   7.9567700000000000E+08   3.9790945301489715E+04   5.4036219494852945E-09   6.5749561179858840E-24   5.4224914344645376E+03
   7.9767700000000000E+08   4.0236920718395086E+04   5.2878042548019253E-09   6.4180539144202422E-24   5.4359909445243766E+03
   7.9967700000000000E+08   4.0687811168242712E+04   5.1752968502705058E-09   6.2662039812402393E-24   5.4492582867482815E+03
   8.0167700000000000E+08   4.1143640015752993E+04   5.0659770422047175E-09   6.1191949095480620E-24   5.4622997354058252E+03
   8.0367700000000000E+08   4.1604421949600699E+04   4.9597279008067504E-09   5.9768264152157172E-24   5.4751213233787485E+03
   8.0567700000000000E+08   4.2070163807242163E+04   4.8564379285710926E-09   5.8389086291734001E-24   5.4877288543725108E+03
   8.0767700000000000E+08   4.2540865264721251E+04   4.7560007505274897E-09   5.7052614399791056E-24   5.5001279143612774E+03
   8.0967700000000000E+08   4.3016519419356366E+04   4.6583148248329775E-09   5.5757138844555748E-24   5.5123238823233642E+03
   8.1167700000000000E+08   4.3497113288044973E+04   4.5632831723115445E-09   5.4501035825327538E-24   5.5243219403194435E+03
   8.1367700000000000E+08   4.3982628239595215E+04   4.4708131236286226E-09   5.3282762127596137E-24   5.5361270829614041E+03
   8.1567700000000000E+08   4.4473040375941637E+04   4.3808160828763279E-09   5.2100850252513314E-24   5.5477441263157289E+03
   8.1767700000000000E+08   4.4968320874267985E+04   4.2932073064318544E-09   5.0953903891163714E-24   5.5591777162815788E+03
   8.1967700000000000E+08   4.5468436299832829E+04   4.2079056960362283E-09   4.9840593716654348E-24   5.5704323364806696E+03
   8.2167700000000000E+08   4.5973348897608063E+04   4.1248336051199622E-09   4.8759653469392481E-24   5.5815123156927675E+03
   8.2367700000000000E+08   4.6483016869544743E+04   4.0439166574775179E-09   4.7709876313068166E-24   5.5924218348681525E+03
   8.2567700000000000E+08   4.6997394643299114E+04   3.9650835774605298E-09   4.6690111440792484E-24   5.6031649337457675E+03
   8.2767700000000000E+08   4.7516433137435168E+04   3.8882660309210347E-09   4.5699260912578182E-24   5.6137455171035626E+03
   8.2967700000000000E+08   4.8040080027397074E+04   3.8133984761897595E-09   4.4736276706893135E-24   5.6241673606654649E+03
   8.3167700000000000E+08   4.8568280015795302E+04   3.7404180244203470E-09   4.3800157970375851E-24   5.6344341166876129E+03
   8.3367700000000000E+08   4.9100975109726991E+04   3.6692643086692837E-09   4.2889948450999623E-24   5.6445493192446065E+03
   8.3567700000000000E+08   4.9638104906911365E+04   3.5998793611133886E-09   4.2004734101015786E-24   5.6545163892351175E+03
   8.3767700000000000E+08   5.0179606891345924E+04   3.5322074978338176E-09   4.1143640836929429E-24   5.6643386391246740E+03
   8.3967700000000000E+08   5.0725416738007167E+04   3.4661952106187599E-09   4.0305832444582622E-24   5.6740192774421230E+03
   8.4167700000000000E+08   5.1275468624878537E+04   3.4017910652578386E-09   3.9490508618160827E-24   5.6835614130451349E+03
   8.4367700000000000E+08   5.1829695549345910E+04   3.3389456058218872E-09   3.8696903122635279E-24   5.6929680591688166E+03
   8.4567700000000000E+08   5.2388029644856717E+04   3.2776112644437107E-09   3.7924282069819164E-24   5.7022421372707540E+03
   8.4767700000000000E+08   5.2950402492773326E+04   3.2177422761392316E-09   3.7171942298869789E-24   5.7113864806845804E+03
   8.4967700000000000E+08   5.3516745423638728E+04   3.1592945982363657E-09   3.6439209852732312E-24   5.7204038380935017E+03
   8.5167700000000000E+08   5.4086989801705611E+04   3.1022258340101664E-09   3.5725438542691732E-24   5.7292968768343117E+03
   8.5367700000000000E+08   5.4661067286572754E+04   3.0464951601581099E-09   3.5030008593887746E-24   5.7380681860417289E+03
   8.5567700000000000E+08   5.5238910066171979E+04   2.9920632577878983E-09   3.4352325365343755E-24   5.7467202796422634E+03
   8.5767700000000000E+08   5.5820451056121346E+04   2.9388922466307663E-09   3.3691818138757442E-24   5.7552555992060425E+03
   8.5967700000000000E+08   5.6405624061566967E+04   2.8869456222352060E-09   3.3047938970985862E-24   5.7636765166646583E+03
   8.6167700000000000E+08   5.6994363899011827E+04   2.8361881959369729E-09   3.2420161605811201E-24   5.7719853369024913E+03
   8.6367700000000000E+08   5.7586606477171066E+04   2.7865860374402906E-09   3.1807980441186908E-24   5.7801843002283867E+03
   8.6567700000000000E+08   5.8182288837507345E+04   2.7381064198806225E-09   3.1210909548713995E-24   5.7882755847342969E+03
   8.6767700000000000E+08   5.8781349156666744E+04   2.6907177672697814E-09   3.0628481742578340E-24   5.7962613085469593E+03
   8.6967700000000000E+08   5.9383726714465774E+04   2.6443896042490904E-09   3.0060247695582043E-24   5.8041435319784123E+03
   8.7167700000000000E+08   5.9989361832281284E+04   2.5990925080945144E-09   2.9505775100216879E-24   5.8119242595806209E+03
   8.7367700000000000E+08   6.0598195787588957E+04   2.5547980629300383E-09   2.8964647872964953E-24   5.8196054421094304E+03
   8.7567700000000000E+08   6.1210170710965896E+04   2.5114788161113067E-09   2.8436465400166447E-24   5.8271889784025216E+03
   8.7767700000000000E+08   6.1825229472078136E+04   2.4691082367422703E-09   2.7920841823884878E-24   5.8346767171758875E+03
   8.7967700000000000E+08   6.2443315561050775E+04   2.4276606762835242E-09   2.7417405366229926E-24   5.8420704587430782E+03
   8.8167700000000000E+08   6.3064372971179830E+04   2.3871113312036557E-09   2.6925797690586793E-24   5.8493719566611517E+03
   8.8367700000000000E+08   6.3688346088281120E+04   2.3474362076154221E-09   2.6445673298160449E-24   5.8565829193071568E+03
   8.8567700000000000E+08   6.4315179591171502E+04   2.3086120878273059E-09   2.5976698958180002E-24   5.8637050113886107E+03
   8.8767700000000000E+08   6.4944818367004453E+04   2.2706164987290609E-09   2.5518553170034248E-24   5.8707398553913272E+03
   8.8967700000000000E+08   6.5577207444778614E+04   2.2334276819159350E-09   2.5070925655509722E-24   5.8776890329677708E+03
   8.9167700000000000E+08   6.6212291951001724E+04   2.1970245654363087E-09   2.4633516879133697E-24   5.8845540862688204E+03
   8.9367700000000000E+08   6.6850017094725961E+04   2.1613867370127407E-09   2.4206037594285951E-24   5.8913365192218571E+03
   8.9567700000000000E+08   6.7490328198156785E+04   2.1264944185152791E-09   2.3788208411998130E-24   5.8980377987576649E+03
   8.9767700000000000E+08   6.8133170809620948E+04   2.0923284413208491E-09   2.3379759387788311E-24   5.9046593559888252E+03
   8.9967700000000000E+08   6.8778490977191657E+04   2.0588702219153198E-09   2.2980429618843042E-24   5.9112025873419789E+03
   9.0167700000000000E+08   6.9426235834126637E+04   2.0261017366254805E-09   2.2589966838706783E-24   5.9176688556464442E+03
   9.0367700000000000E+08   7.0076354752052532E+04   1.9940054937242395E-09   2.2208126989598556E-24   5.9240594911817880E+03
   9.0567700000000000E+08   7.0728801417218652E+04   1.9625645006088017E-09   2.1834673746649872E-24   5.9303757926870794E+03
   9.0767700000000000E+08   7.1383537155079932E+04   1.9317622241472569E-09   2.1469377973089661E-24   5.9366190283348333E+03
   9.0967700000000000E+08   7.2040535412762532E+04   1.9015825452639000E-09   2.1112017118813648E-24   5.9427904366725834E+03
   9.1167700000000000E+08   7.2699786164600853E+04   1.8720097164436710E-09   2.0762374659320046E-24   5.9488912275340690E+03
   9.1367700000000000E+08   7.3361297000008097E+04   1.8430283435599627E-09   2.0420239812234149E-24   5.9549225829194938E+03
   9.1567700000000000E+08   7.4025085519140805E+04   1.8146234260504718E-09   2.0085407905880429E-24   5.9608856578399391E+03
   9.1767700000000000E+08   7.4691157707742648E+04   1.7867804870713027E-09   1.9757681743457964E-24   5.9667815811156506E+03
   9.1967700000000000E+08   7.5359472643001078E+04   1.7594857866237804E-09   1.9436873875046210E-24   5.9726114561159611E+03
   9.2167700000000000E+08   7.6029906648178250E+04   1.7327265293225469E-09   1.9122808792617033E-24   5.9783763614355594E+03
   9.2367700000000000E+08   7.6702243478127464E+04   1.7064908955321087E-09   1.8815323160365042E-24   5.9840773515211149E+03
   9.2567700000000000E+08   7.7376215506094464E+04   1.6807677444436062E-09   1.8514262433455349E-24   5.9897154572869467E+03
   9.2767700000000000E+08   7.8051589573140576E+04   1.6555460366021353E-09   1.8219474425038588E-24   5.9952916867674958E+03
   9.2967700000000000E+08   7.8728243864963355E+04   1.6308143169590916E-09   1.7930803596114571E-24   6.0008070258265179E+03
   9.3167700000000000E+08   7.9406173105692869E+04   1.6065607002624858E-09   1.7648090900876088E-24   6.0062624388897402E+03
   9.3367700000000000E+08   8.0085413033219913E+04   1.5827733338388868E-09   1.7371178857213992E-24   6.0116588696283134E+03
   9.3567700000000000E+08   8.0765955916668041E+04   1.5594407983629031E-09   1.7099915885686928E-24   6.0169972415394113E+03
   9.3767700000000000E+08   8.1447761965982383E+04   1.5365522852045595E-09   1.6834158163902699E-24   6.0222784584651590E+03
   9.3967700000000000E+08   8.2130852776779037E+04   1.5140977361507949E-09   1.6573771092985147E-24   6.0275034051480125E+03
   9.4167700000000000E+08   8.2815313437573306E+04   1.4920674926345061E-09   1.6318625458092698E-24   6.0326729478138577E+03
   9.4367700000000000E+08   8.3501119332396382E+04   1.4704509880367260E-09   1.6068583149994367E-24   6.0377879346432046E+03
   9.4567700000000000E+08   8.4187973277137877E+04   1.4492357145130296E-09   1.5823485845451115E-24   6.0428491960710999E+03
   9.4767700000000000E+08   8.4875382502985958E+04   1.4284082263529057E-09   1.5583165873868483E-24   6.0478575450573453E+03
   9.4967700000000000E+08   8.5562944648037897E+04   1.4079568098798266E-09   1.5347475254526063E-24   6.0528137775502282E+03
   9.5167700000000000E+08   8.6250596332722969E+04   1.3878733222677454E-09   1.5116305687457059E-24   6.0577186732606997E+03
   9.5367700000000000E+08   8.6939048238705145E+04   1.3681531219884724E-09   1.4889587564734916E-24   6.0625729965624714E+03
   9.5567700000000000E+08   8.7628873264745416E+04   1.3487960336126880E-09   1.4667300120523419E-24   6.0673774969953274E+03
   9.5767700000000000E+08   8.8320681265264313E+04   1.3298041849709418E-09   1.4449449766602546E-24   6.0721329094499251E+03
   9.5967700000000000E+08   8.9014340436007406E+04   1.3111618347317510E-09   1.4235849016710714E-24   6.0768399541926274E+03
   9.6167700000000000E+08   8.9709366258429116E+04   1.2928582561261156E-09   1.4026364415092078E-24   6.0814993369829563E+03
   9.6367700000000000E+08   9.0405580444050953E+04   1.2748846803821283E-09   1.3820884808101042E-24   6.0861117495167882E+03
   9.6567700000000000E+08   9.1102892037477359E+04   1.2572333004079122E-09   1.3619310208409572E-24   6.0906778698595563E+03
   9.6767700000000000E+08   9.1801239525219135E+04   1.2398967839899592E-09   1.3421546397936403E-24   6.0951983628295184E+03
   9.6967700000000000E+08   9.2500574843652896E+04   1.2228681096998875E-09   1.3227503095649987E-24   6.0996738803494445E+03
   9.7167700000000000E+08   9.3200858369327500E+04   1.2061405063707531E-09   1.3037093269480792E-24   6.1041050617777564E+03
   9.7367700000000000E+08   9.3902056455431200E+04   1.1897074211732123E-09   1.2850232765378952E-24   6.1084925342246188E+03
   9.7567700000000000E+08   9.4604139686173876E+04   1.1735624967433968E-09   1.2666840037361976E-24   6.1128369128559916E+03
   9.7767700000000000E+08   9.5307081441785223E+04   1.1576995544963093E-09   1.2486835946172966E-24   6.1171388011870022E+03
   9.7967700000000000E+08   9.6010856861533190E+04   1.1421125824201841E-09   1.2310143607669789E-24   6.1213987913656511E+03
   9.8167700000000000E+08   9.6715442347908931E+04   1.1267957251214780E-09   1.2136688266710978E-24   6.1256174644474368E+03
   9.8367700000000000E+08   9.7420815428568792E+04   1.1117432755403565E-09   1.1966397190168011E-24   6.1297953906615367E+03
   9.8567700000000000E+08   9.8126954691716310E+04   1.0969496686570365E-09   1.1799199582344853E-24   6.1339331296691926E+03
   9.8767700000000000E+08   9.8833839698805343E+04   1.0824094767382758E-09   1.1635026517795986E-24   6.1380312308143766E+03
   9.8967700000000000E+08   9.9541450844102961E+04   1.0681174052976328E-09   1.1473810882557328E-24   6.1420902333671293E+03
   9.9167700000000000E+08   1.0024976913523428E+05   1.0540682894037139E-09   1.1315487319767420E-24   6.1461106667598033E+03
   9.9367700000000000E+08   1.0095877607461183E+05   1.0402570904794107E-09   1.1159992181099772E-24   6.1500930508163419E+03
   9.9567700000000000E+08   1.0166845404229678E+05   1.0266788945439536E-09   1.1007263494114600E-24   6.1540378959750797E+03
   9.9767700000000000E+08   1.0237878751280984E+05   1.0133289137778753E-09   1.0857240965616061E-24   6.1579457035056348E+03
   9.9967700000000000E+08   1.0308976500432978E+05   1.0002024927201909E-09   1.0709866035010610E-24   6.1618169657205626E+03
   1.0016770000000000E+09   1.0380138100491716E+05   9.8729511738062471E-10   1.0565081959275715E-24   6.1656521661820807E+03
   1.0036770000000000E+09   1.0451363692149965E+05   9.7460242200265322E-10   1.0422833873229344E-24   6.1694517799034793E+03
   1.0056770000000000E+09   1.0522653983535730E+05   9.6212018293161180E-10   1.0283068712597923E-24   6.1732162735446600E+03
   1.0076770000000000E+09   1.0594009859357402E+05   9.4984429712989485E-10   1.0145734973863226E-24   6.1769461056001492E+03
   1.0096770000000000E+09   1.0665431791561049E+05   9.3777074445235750E-10   1.0010782301693331E-24   6.1806417265791988E+03
   1.0116770000000000E+09   1.0736919246109622E+05   9.2589554388551918E-10   9.8781610128733289E-25   6.1843035791780994E+03
   1.0136770000000000E+09   1.0808470247532135E+05   9.1421472050490497E-10   9.7478217357849816E-25   6.1879320984451351E+03
   1.0156770000000000E+09   1.0880080731898674E+05   9.0272429841228295E-10   9.6197153263735125E-25   6.1915277119402081E+03
   1.0176770000000000E+09   1.0951745489975813E+05   8.9142028658886262E-10   9.4937927147996056E-25   6.1950908398917472E+03
   1.0196770000000000E+09   1.1023458174561363E+05   8.8029871292436149E-10   9.3700052538368254E-25   6.1986218953522875E+03
   1.0216770000000000E+09   1.1095212284066122E+05   8.6935568658838922E-10   9.2483053794856794E-25   6.2021212843536696E+03
   1.0236770000000000E+09   1.1167002045090684E+05   8.5858743904027900E-10   9.1286470386994880E-25   6.2055894060624714E+03
   1.0256770000000000E+09   1.1238823054783694E+05   8.4799035725499559E-10   9.0109860345518448E-25   6.2090266529344153E+03
   1.0276770000000000E+09   1.1310672609176250E+05   8.3756099874625357E-10   8.8952801775682044E-25   6.2124334108660305E+03
   1.0296770000000000E+09   1.1382549697948348E+05   8.2729608771263145E-10   8.7814892364095464E-25   6.2158100593422705E+03
   1.0316770000000000E+09   1.1454454731894757E+05   8.1719249665950308E-10   8.6695747345439917E-25   6.2191569715786945E+03
   1.0336770000000000E+09   1.1526389116689237E+05   8.0724722023044901E-10   8.5594996647326361E-25   6.2224745146576615E+03
   1.0356770000000000E+09   1.1598354790776690E+05   7.9745734792243812E-10   8.4512281923639984E-25   6.2257630496587863E+03
   1.0376770000000000E+09   1.1670353818124108E+05   7.8782004063872286E-10   8.3447254002458620E-25   6.2290229317839267E+03
   1.0396770000000000E+09   1.1742388086801715E+05   7.7833251365210255E-10   8.2399571020671945E-25   6.2322545104775118E+03
   1.0416770000000000E+09   1.1814459126979446E+05   7.6899202637652281E-10   8.1368897286059722E-25   6.2354581295430344E+03
   1.0436770000000000E+09   1.1886568034842346E+05   7.5979587788467000E-10   8.0354902752593850E-25   6.2386341272561776E+03
   1.0456770000000000E+09   1.1958715474725641E+05   7.5074140645371201E-10   7.9357262925465472E-25   6.2417828364752695E+03
   1.0476770000000000E+09   1.2030901729099765E+05   7.4182599138716610E-10   7.8375659009140351E-25   6.2449045847491670E+03
   1.0496770000000000E+09   1.2103126770657007E+05   7.3304705569408423E-10   7.7409778147489370E-25   6.2479996944230779E+03
   1.0516770000000000E+09   1.2175390338160608E+05   7.2440206868104719E-10   7.6459313655662292E-25   6.2510684827419036E+03
   1.0536770000000000E+09   1.2247692005157247E+05   7.1588854795822786E-10   7.5523965190813070E-25   6.2541112619516753E+03
   1.0556770000000000E+09   1.2320031236703809E+05   7.0750406069029874E-10   7.4603438843823121E-25   6.2571283393985659E+03
   1.0576770000000000E+09   1.2392407433234580E+05   6.9924622412647192E-10   7.3697447155749907E-25   6.2601200176259454E+03
   1.0596770000000000E+09   1.2464819962833058E+05   6.9111270554189001E-10   7.2805709073101331E-25   6.2630865944690431E+03
   1.0616770000000000E+09   1.2537268184067657E+05   6.8310122174661544E-10   7.1927949858541313E-25   6.2660283631476150E+03
   1.0636770000000000E+09   1.2609751461634350E+05   6.7520953830345660E-10   7.1063900972017783E-25   6.2689456123564032E+03
   1.0656770000000000E+09   1.2682269176741807E+05   6.6743546856606101E-10   7.0213299934116929E-25   6.2718386263533721E+03
   1.0676770000000000E+09   1.2754820733778401E+05   6.5977687261734224E-10   6.9375890180101604E-25   6.2747076850460817E+03
   1.0696770000000000E+09   1.2827405564415565E+05   6.5223165616283351E-10   6.8551420910387791E-25   6.2775530640758643E+03
   1.0716770000000000E+09   1.2900023129997779E+05   6.4479776941515682E-10   6.7739646941248255E-25   6.2803750349001020E+03
   1.0736770000000000E+09   1.2972672922840573E+05   6.3747320599290199E-10   6.6940328558165661E-25   6.2831738648725732E+03
   1.0756770000000000E+09   1.3045354466873345E+05   6.3025600184829033E-10   6.6153231373311197E-25   6.2859498173218935E+03
   1.0776770000000000E+09   1.3118067317914858E+05   6.2314423423116843E-10   6.5378126187901844E-25   6.2887031516281413E+03
   1.0796770000000000E+09   1.3190811063741503E+05   6.1613602069163751E-10   6.4614788859637986E-25   6.2914341232977531E+03
   1.0816770000000000E+09   1.3263585324011312E+05   6.0922951811978983E-10   6.3863000175022093E-25   6.2941429840366018E+03
   1.0836770000000000E+09   1.3336389750041079E+05   6.0242292181895068E-10   6.3122545726139596E-25   6.2968299818214982E+03
   1.0856770000000000E+09   1.3409224024408514E+05   5.9571446460822652E-10   6.2393215791426418E-25   6.2994953609699414E+03
   1.0876770000000000E+09   1.3482087860352901E+05   5.8910241595093538E-10   6.1674805220025766E-25   6.3021393622083842E+03
   1.0896770000000000E+09   1.3554981000966390E+05   5.8258508110680184E-10   6.0967113319480102E-25   6.3047622227388583E+03
   1.0916770000000000E+09   1.3627903218189048E+05   5.7616080030711329E-10   6.0269943746639620E-25   6.3073641763041833E+03
   1.0936770000000000E+09   1.3700854311632898E+05   5.6982794795287156E-10   5.9583104401761629E-25   6.3099454532516074E+03
   1.0956770000000000E+09   1.3773834107260051E+05   5.6358493183619359E-10   5.8906407325796119E-25   6.3125062805950602E+03
   1.0976770000000000E+09   1.3846842455928729E+05   5.5743019238498176E-10   5.8239668600831086E-25   6.3150468820760534E+03
   1.0996770000000000E+09   1.3919879231804339E+05   5.5136220193032794E-10   5.7582708253615627E-25   6.3175674782231581E+03
   1.1016770000000000E+09   1.3992944330614604E+05   5.4537946399568045E-10   5.6935350162031434E-25   6.3200682864101900E+03
   1.1036770000000000E+09   1.4066037667713183E+05   5.3948051260650554E-10   5.6297421964356006E-25   6.3225495209130895E+03
   1.1056770000000000E+09   1.4139159175908944E+05   5.3366391161907809E-10   5.5668754971149954E-25   6.3250113929656045E+03
   1.1076770000000000E+09   1.4212308803012120E+05   5.2792825406724585E-10   5.5049184079625659E-25   6.3274541108136555E+03
   1.1096770000000000E+09   1.4285486509049835E+05   5.2227216152626373E-10   5.4438547690379613E-25   6.3298778797685709E+03
   1.1116770000000000E+09   1.4358692263105023E+05   5.1669428349313827E-10   5.3836687626409169E-25   6.3322829022591823E+03
   1.1136770000000000E+09   1.4431926039737414E+05   5.1119329678317244E-10   5.3243449054361446E-25   6.3346693778826811E+03
   1.1156770000000000E+09   1.4505187814947285E+05   5.0576790494267584E-10   5.2658680407989479E-25   6.3370375034545168E+03
   1.1176770000000000E+09   1.4578477561649322E+05   5.0041683767789805E-10   5.2082233313803938E-25   6.3393874730570960E+03
   1.1196770000000000E+09   1.4651795244629300E+05   4.9513885030027158E-10   5.1513962518910512E-25   6.3417194780874252E+03
   1.1216770000000000E+09   1.4725140814962928E+05   4.8993272318808581E-10   5.0953725821025889E-25   6.3440337073038900E+03
   1.1236770000000000E+09   1.4798514203886726E+05   4.8479726126452053E-10   5.0401384000650788E-25   6.3463303468718113E+03
   1.1256770000000000E+09   1.4871915316121205E+05   4.7973129349191629E-10   4.9856800755367506E-25   6.3486095804081342E+03
   1.1276770000000000E+09   1.4945344022662489E+05   4.7473367238190368E-10   4.9319842636207456E-25   6.3508715890251578E+03
   1.1296770000000000E+09   1.5018800153074967E+05   4.6980327352080635E-10   4.8790378986011826E-25   6.3531165513734077E+03
   1.1316770000000000E+09   1.5092283487338410E+05   4.6493899510944806E-10   4.8268281879681996E-25   6.3553446436833410E+03
   1.1336770000000000E+09   1.5165793747325320E+05   4.6013975751626380E-10   4.7753426066187335E-25   6.3575560398064854E+03
   1.1356770000000000E+09   1.5239330588010259E+05   4.5540450284223801E-10   4.7245688912166853E-25   6.3597509112555226E+03
   1.1376770000000000E+09   1.5312893588540686E+05   4.5073219449591677E-10   4.6744950346929230E-25   6.3619294272435118E+03
   1.1396770000000000E+09   1.5386482243327048E+05   4.4612181677645533E-10   4.6251092808626347E-25   6.3640917547223762E+03
   1.1416770000000000E+09   1.5460095953339731E+05   4.4157237446233745E-10   4.5764001191345865E-25   6.3662380584205566E+03
   1.1436770000000000E+09   1.5533734017829786E+05   4.3708289240317615E-10   4.5283562792844067E-25   6.3683685008797893E+03
   1.1456770000000000E+09   1.5607395626717815E+05   4.3265241511181373E-10   4.4809667262619721E-25   6.3704832424913266E+03
   1.1476770000000000E+09   1.5681079853918601E+05   4.2828000635378242E-10   4.4342206550019156E-25   6.3725824415312172E+03
   1.1496770000000000E+09   1.5754785651888847E+05   4.2396474873118571E-10   4.3881074852059845E-25   6.3746662541948135E+03
   1.1516770000000000E+09   1.5828511847697358E+05   4.1970574325813011E-10   4.3426168560666483E-25   6.3767348346309282E+03
   1.1536770000000000E+09   1.5902257140920640E+05   4.1550210892495270E-10   4.2977386209034632E-25   6.3787883349748445E+03
   1.1556770000000000E+09   1.5976020103658986E+05   4.1135298224892921E-10   4.2534628416872060E-25   6.3808269053810500E+03
   1.1576770000000000E+09   1.6049799182949960E+05   4.0725751680948059E-10   4.2097797834313669E-25   6.3828506940550187E+03
   1.1596770000000000E+09   1.6123592705821106E+05   4.0321488276662128E-10   4.1666799084372775E-25   6.3848598472846943E+03
   1.1616770000000000E+09   1.6197398887177301E+05   3.9922426636203044E-10   4.1241538703866263E-25   6.3868545094709916E+03
   1.1636770000000000E+09   1.6271215840653679E+05   3.9528486940311990E-10   4.0821925082844591E-25   6.3888348231581031E+03
   1.1656770000000000E+09   1.6345041592488543E+05   3.9139590873135655E-10   4.0407868402658607E-25   6.3908009290629334E+03
   1.1676770000000000E+09   1.6418874098378324E+05   3.8755661567726232E-10   3.9999280572906630E-25   6.3927529661042126E+03
   1.1696770000000000E+09   1.6492711263175192E+05   3.8376623550555784E-10   3.9596075167618979E-25   6.3946910714309115E+03
   1.1716770000000000E+09   1.6566550963178277E+05   3.8002402685506118E-10   3.9198167361149352E-25   6.3966153804502810E+03
   1.1736770000000000E+09   1.6640391070655527E+05   3.7632926117896015E-10   3.8805473864348962E-25   6.3985260268553538E+03
   1.1756770000000000E+09   1.6714229480123101E+05   3.7268122219197698E-10   3.8417912861688829E-25   6.4004231426519800E+03
   1.1776770000000000E+09   1.6788064135806423E+05   3.6907920533162219E-10   3.8035403950065172E-25   6.4023068581852931E+03
   1.1796770000000000E+09   1.6861893059618326E+05   3.6552251724118516E-10   3.7657868080065400E-25   6.4041773021659583E+03
   1.1816770000000000E+09   1.6935714378921848E+05   3.6201047528219036E-10   3.7285227500482739E-25   6.4060346016957865E+03
   1.1836770000000000E+09   1.7009526353305136E+05   3.5854240708380703E-10   3.6917405706837332E-25   6.4078788822930092E+03
   1.1856770000000000E+09   1.7083327399584095E+05   3.5511765013608965E-10   3.6554327394600223E-25   6.4097102679170175E+03
   1.1876770000000000E+09   1.7157116114274980E+05   3.5173555143291990E-10   3.6195918417707952E-25   6.4115288809929007E+03
   1.1896770000000000E+09   1.7230891292834465E+05   3.4839546716920104E-10   3.5842105752824129E-25   6.4133348424353180E+03
   1.1916770000000000E+09   1.7304651945059336E+05   3.4509676249528293E-10   3.5492817469635701E-25   6.4151282716722271E+03
   1.1936770000000000E+09   1.7378397306159054E+05   3.4183881132973497E-10   3.5147982707286374E-25   6.4169092866678920E+03
   1.1956770000000000E+09   1.7452126843159605E+05   3.3862099622977795E-10   3.4807531656857309E-25   6.4186780039457999E+03
   1.1976770000000000E+09   1.7525840256459583E+05   3.3544270831671067E-10   3.4471395549609697E-25   6.4204345386109417E+03
   1.1996770000000000E+09   1.7599537476528931E+05   3.3230334725193934E-10   3.4139506650521906E-25   6.4221790043718111E+03
   1.2016770000000000E+09   1.7673218655910733E+05   3.2920232125760012E-10   3.3811798256493179E-25   6.4239115135618194E+03
   1.2036770000000000E+09   1.7746884156845362E+05   3.2613904717449432E-10   3.3488204698452138E-25   6.4256321771607227E+03
   1.2056770000000000E+09   1.7820534534980767E+05   3.2311295054900855E-10   3.3168661346511445E-25   6.4273411048150410E+03
   1.2076770000000000E+09   1.7894170519754264E+05   3.2012346574016690E-10   3.2853104617247071E-25   6.4290384048585602E+03
   1.2096770000000000E+09   1.7967792992129293E+05   3.1717003603760781E-10   3.2541471982155652E-25   6.4307241843322963E+03
   1.2116770000000000E+09   1.8041402960436977E+05   3.1425211378141152E-10   3.2233701976355972E-25   6.4323985490038795E+03
   1.2136770000000000E+09   1.8115001535111570E+05   3.1136916047513974E-10   3.1929734206644950E-25   6.4340616033868228E+03
   1.2156770000000000E+09   1.8188589903116832E+05   3.0852064688412151E-10   3.1629509358093873E-25   6.4357134507593037E+03
   1.2176770000000000E+09   1.8262169302836963E+05   3.0570605311201896E-10   3.1332969198472717E-25   6.4373541931824020E+03
   1.2196770000000000E+09   1.8335741000151777E+05   3.0292486864992534E-10   3.1040056579914803E-25   6.4389839315182371E+03
   1.2216770000000000E+09   1.8409306266330674E+05   3.0017659239363994E-10   3.0750715437381368E-25   6.4406027654476347E+03
   1.2236770000000000E+09   1.8482866358271951E+05   2.9746073262627525E-10   3.0464890783639628E-25   6.4422107934873593E+03
   1.2256770000000000E+09   1.8556422501475504E+05   2.9477680696502444E-10   3.0182528700638290E-25   6.4438081130071178E+03
   1.2276770000000000E+09   1.8629975875990730E+05   2.9212434227250044E-10   2.9903576327328546E-25   6.4453948202462625E+03
   1.2296770000000000E+09   1.8703527605423960E+05   2.8950287453457547E-10   2.9627981844133547E-25   6.4469710103300331E+03
   1.2316770000000000E+09   1.8777078748938939E+05   2.8691194870802329E-10   2.9355694454407216E-25   6.4485367772856553E+03
   1.2336770000000000E+09   1.8850630296050213E+05   2.8435111854227417E-10   2.9086664363328470E-25   6.4500922140580169E+03
   1.2356770000000000E+09   1.8924183163900947E+05   2.8181994638035344E-10   2.8820842754750576E-25   6.4516374125252041E+03
   1.2376770000000000E+09   1.8997738196645238E+05   2.7931800294433477E-10   2.8558181766554170E-25   6.4531724635135424E+03
   1.2396770000000000E+09   1.9071296166518124E+05   2.7684486711064807E-10   2.8298634465048255E-25   6.4546974568126216E+03
   1.2416770000000000E+09   1.9144857776176263E+05   2.7440012568016843E-10   2.8042154818923619E-25   6.4562124811899566E+03
   1.2436770000000000E+09   1.9218423661918900E+05   2.7198337314741814E-10   2.7788697673200277E-25   6.4577176244052735E+03
   1.2456770000000000E+09   1.9291994397447683E+05   2.6959421147249661E-10   2.7538218723534488E-25   6.4592129732247822E+03
   1.2476770000000000E+09   1.9365570497881505E+05   2.6723224985851888E-10   2.7290674491168331E-25   6.4606986134350955E+03
   1.2496770000000000E+09   1.9439152423801264E+05   2.6489710453664642E-10   2.7046022298731891E-25   6.4621746298567577E+03
   1.2516770000000000E+09   1.9512740585156329E+05   2.6258839856013278E-10   2.6804220247037909E-25   6.4636411063578926E+03
   1.2536770000000000E+09   1.9586335344911480E+05   2.6030576160824326E-10   2.6565227192955976E-25   6.4650981258673755E+03
   1.2556770000000000E+09   1.9659937022356171E+05   2.5804882980048663E-10   2.6329002728406455E-25   6.4665457703878019E+03
   1.2576770000000000E+09   1.9733545896032156E+05   2.5581724552123332E-10   2.6095507160478422E-25   6.4679841210082850E+03
   1.2596770000000000E+09   1.9807162206263386E+05   2.5361065725454671E-10   2.5864701492650560E-25   6.4694132579171501E+03
   1.2616770000000000E+09   1.9880786157295617E+05   2.5142871942881665E-10   2.5636547407071306E-25   6.4708332604142206E+03
   1.2636770000000000E+09   1.9954417919068618E+05   2.4927109227069242E-10   2.5411007247843218E-25   6.4722442069229573E+03
   1.2656770000000000E+09   2.0028057628651883E+05   2.4713744166773705E-10   2.5188044005249353E-25   6.4736461750025510E+03
   1.2676770000000000E+09   2.0101705391373209E+05   2.4502743903924394E-10   2.4967621300863884E-25   6.4750392413596164E+03
   1.2696770000000000E+09   2.0175361281668002E+05   2.4294076121468440E-10   2.4749703373488925E-25   6.4764234818598316E+03
   1.2716770000000000E+09   2.0249025343660789E+05   2.4087709031938386E-10   2.4534255065875556E-25   6.4777989715392678E+03
   1.2736770000000000E+09   2.0322697591486643E+05   2.3883611366705804E-10   2.4321241812188090E-25   6.4791657846157023E+03
   1.2756770000000000E+09   2.0396378009347102E+05   2.3681752365891296E-10   2.4110629626181246E-25   6.4805239944995055E+03
   1.2776770000000000E+09   2.0470066551291163E+05   2.3482101768906615E-10   2.3902385090061382E-25   6.4818736738046637E+03
   1.2796770000000000E+09   2.0543763140709946E+05   2.3284629805599149E-10   2.3696475344002048E-25   6.4832148943593420E+03
   1.2816770000000000E+09   2.0617467669530906E+05   2.3089307187973710E-10   2.3492868076285023E-25   6.4845477272163716E+03
   1.2836770000000000E+09   2.0691179997096263E+05   2.2896105102461188E-10   2.3291531514034481E-25   6.4858722426636541E+03
   1.2856770000000000E+09   2.0764899948705602E+05   2.2704995202705486E-10   2.3092434414514481E-25   6.4871885102342349E+03
   1.2876770000000000E+09   2.0838627313797094E+05   2.2515949602841388E-10   2.2895546056959222E-25   6.4884965987163896E+03
   1.2896770000000000E+09   2.0912361843730457E+05   2.2328940871239331E-10   2.2700836234911249E-25   6.4897965761634850E+03
   1.2916770000000000E+09   2.0986103249119324E+05   2.2143942024700475E-10   2.2508275249049912E-25   6.4910885099034504E+03
   1.2936770000000000E+09   2.1059851196641749E+05   2.1960926523098288E-10   2.2317833900502483E-25   6.4923724665485579E+03
   1.2956770000000000E+09   2.1133605305230358E+05   2.1779868264470717E-10   2.2129483484644176E-25   6.4936485120046291E+03
   1.2976770000000000E+09   2.1207365141515411E+05   2.1600741580589705E-10   2.1943195785410630E-25   6.4949167114802876E+03
   1.2996770000000000E+09   2.1281130214375601E+05   2.1423521233039135E-10   2.1758943070154409E-25   6.4961771294959681E+03
   1.3016770000000000E+09   2.1354899968455359E+05   2.1248182409832574E-10   2.1576698085074784E-25   6.4974298298929871E+03
   1.3036770000000000E+09   2.1428673776572428E+05   2.1074700722560227E-10   2.1396434051210781E-25   6.4986748758420754E+03
   1.3056770000000000E+09   2.1502450931088452E+05   2.0903052203975306E-10   2.1218124660901898E-25   6.4999123298521736E+03
   1.3076770000000000E+09   2.1576230634605148E+05   2.0733213305765393E-10   2.1041744074458634E-25   6.5011422537788485E+03
   1.3096770000000000E+09   2.1650011990793303E+05   2.0565160896017782E-10   2.0867266916542288E-25   6.5023647088325988E+03
   1.3116770000000000E+09   2.1723793996772784E+05   2.0398872255568914E-10   2.0694668271430924E-25   6.5035797555870777E+03
   1.3136770000000000E+09   2.1797575539185741E+05   2.0234325072064856E-10   2.0523923675982300E-25   6.5047874539871473E+03
   1.3156770000000000E+09   2.1871355396812240E+05   2.0071497430232346E-10   2.0355009108773461E-25   6.5059878633567914E+03
   1.3176770000000000E+09   2.1945132253046351E+05   1.9910367796687662E-10   2.0187900973725458E-25   6.5071810424069836E+03
   1.3196770000000000E+09   2.2018904721475125E+05   1.9750914997756685E-10   2.0022576076673856E-25   6.5083670492433321E+03
   1.3216770000000000E+09   2.2092671386847511E+05   1.9593118189409202E-10   1.9859011593986360E-25   6.5095459413737472E+03
   1.3236770000000000E+09   2.2166430861621970E+05   1.9436956819635394E-10   1.9697185033574151E-25   6.5107177757160653E+03
   1.3256770000000000E+09   2.2240181855015011E+05   1.9282410585386093E-10   1.9537074190461756E-25   6.5118826086053232E+03
   1.3276770000000000E+09   2.2313923247400406E+05   1.9129459388328569E-10   1.9378657101231948E-25   6.5130404958014560E+03
   1.3296770000000000E+09   2.2387654158899488E+05   1.8978083295628503E-10   1.9221912003642859E-25   6.5141914924965522E+03
   1.3316770000000000E+09   2.2461373998384911E+05   1.8828262513066006E-10   1.9066817308808752E-25   6.5153356533221822E+03
   1.3336770000000000E+09   2.2535082479394766E+05   1.8679977377259078E-10   1.8913351592780277E-25   6.5164730323568465E+03
   1.3356770000000000E+09   2.2608779593767985E+05   1.8533208371098419E-10   1.8761493611644717E-25   6.5176036831328684E+03
   1.3376770000000000E+09   2.2682465542290802E+05   1.8387936161758589E-10   1.8611222339456253E-25   6.5187276586436074E+03
   1.3396770000000000E+09   2.2756140632811666E+05   1.8244141654732192E-10   1.8462517022323432E-25   6.5198450113503050E+03
   1.3416770000000000E+09   2.2829805166989879E+05   1.8101806051971900E-10   1.8315357236568801E-25   6.5209557931886629E+03
   1.3436770000000000E+09   2.2903459342969660E+05   1.7960910899532817E-10   1.8169722936179340E-25   6.5220600555753963E+03
   1.3456770000000000E+09   2.2977103199206918E+05   1.7821438111813231E-10   1.8025594476526004E-25   6.5231578494146015E+03
   1.3476770000000000E+09   2.3050736613267098E+05   1.7683369965965624E-10   1.7882952607904459E-25   6.5242492251039184E+03
   1.3496770000000000E+09   2.3124359351366002E+05   1.7546689069654619E-10   1.7741778442171277E-25   6.5253342325404710E+03
   1.3516770000000000E+09   2.3197971146206159E+05   1.7411378314623527E-10   1.7602053405120669E-25   6.5264129211273012E+03
   1.3536770000000000E+09   2.3271571770289951E+05   1.7277420833422999E-10   1.7463759192162500E-25   6.5274853397789648E+03
   1.3556770000000000E+09   2.3345161075138702E+05   1.7144799974448747E-10   1.7326877742581822E-25   6.5285515369277737E+03
   1.3576770000000000E+09   2.3418738983535717E+05   1.7013499301488433E-10   1.7191391238595898E-25   6.5296115605294854E+03
   1.3596770000000000E+09   2.3492305444720067E+05   1.6883502612252193E-10   1.7057282123568486E-25   6.5306654580691184E+03
   1.3616770000000000E+09   2.3565860379814726E+05   1.6754793961708094E-10   1.6924533125029062E-25   6.5317132765662891E+03
   1.3636770000000000E+09   2.3639403647020258E+05   1.6627357675179691E-10   1.6793127267308557E-25   6.5327550625811646E+03
   1.3656770000000000E+09   2.3712935041791655E+05   1.6501178343554917E-10   1.6663047866108453E-25   6.5337908622196564E+03
   1.3676770000000000E+09   2.3786454325011655E+05   1.6376240804143477E-10   1.6534278508616680E-25   6.5348207211389863E+03
   1.3696770000000000E+09   2.3859961256158064E+05   1.6252530118690542E-10   1.6406803030809757E-25   6.5358446845537146E+03
   1.3716770000000000E+09   2.3933455608865755E+05   1.6130031559878664E-10   1.6280605503369517E-25   6.5368627972413296E+03
   1.3736770000000000E+09   2.4006937161961896E+05   1.6008730610000264E-10   1.6155670229894703E-25   6.5378751035481073E+03
   1.3756770000000000E+09   2.4080405677787439E+05   1.5888612966331922E-10   1.6031981751861565E-25   6.5388816473946790E+03
   1.3776770000000000E+09   2.4153860887184361E+05   1.5769664543957795E-10   1.5909524850996022E-25   6.5398824722806967E+03
   1.3796770000000000E+09   2.4227302491951143E+05   1.5651871470745218E-10   1.5788284543734534E-25   6.5408776212888397E+03
   1.3816770000000000E+09   2.4300730179187685E+05   1.5535220076891956E-10   1.5668246070240439E-25   6.5418671370873253E+03
   1.3836770000000000E+09   2.4374143631891679E+05   1.5419696886229893E-10   1.5549394885227775E-25   6.5428510619315030E+03
   1.3856770000000000E+09   2.4447542522952377E+05   1.5305288615051526E-10   1.5431716656394593E-25   6.5438294376653412E+03
   1.3876770000000000E+09   2.4520926486175810E+05   1.5191982180506190E-10   1.5315197272518764E-25   6.5448023057245518E+03
   1.3896770000000000E+09   2.4594295045913022E+05   1.5079764723988143E-10   1.5199822866707208E-25   6.5457697071434250E+03
   1.3916770000000000E+09   2.4667647424411305E+05   1.4968623677647943E-10   1.5085579883252753E-25   6.5467316825678317E+03
   1.3936770000000000E+09   2.4740981975721536E+05   1.4858546964232057E-10   1.4972455279253901E-25   6.5476882722745804E+03
   1.3956770000000000E+09   2.4814294580089938E+05   1.4749523569483438E-10   1.4860437102606273E-25   6.5486395161939217E+03
   1.3976770000000000E+09   2.4887574366572389E+05   1.4641545071111414E-10   1.4749516035863829E-25   6.5495854539255261E+03
   1.3996770000000000E+09   2.4960793055856964E+05   1.4534609449141875E-10   1.4639689242431234E-25   6.5505261247299459E+03
   1.4016770000000000E+09   2.5033880307763835E+05   1.4428729901411622E-10   1.4530969260791962E-25   6.5514615674707729E+03
   1.4036770000000000E+09   2.5106671504609729E+05   1.4323953534336219E-10   1.4423402851423199E-25   6.5523918204782585E+03
   1.4056770000000000E+09   2.5178808685298439E+05   1.4220396909274261E-10   1.4317106815386990E-25   6.5533169213177789E+03
   1.4076770000000000E+09   2.5249578416219904E+05   1.4118304495938811E-10   1.4212326842808390E-25   6.5542369064771083E+03
   1.4096770000000000E+09   2.5317700558347953E+05   1.4018125580088034E-10   1.4109514832547857E-25   6.5551518110561765E+03
   1.4116770000000000E+09   2.5381161718954245E+05   1.3920576751161136E-10   1.4009391481063870E-25   6.5560616686461999E+03
   1.4136770000000000E+09   2.5437312226219691E+05   1.3826611303657323E-10   1.3912914900615512E-25   6.5569665116808719E+03
   1.4156770000000000E+09   2.5483520728955910E+05   1.3737185929035524E-10   1.3821045124336568E-25   6.5578663724929629E+03
   1.4176770000000000E+09   2.5518485624994012E+05   1.3652778333272137E-10   1.3734258464619018E-25   6.5587612848312156E+03
   1.4196770000000000E+09   2.5543666971894581E+05   1.3572838158749936E-10   1.3651996086791331E-25   6.5596512844068147E+03
   1.4216770000000000E+09   2.5563599717024123E+05   1.3495632572715923E-10   1.3572511032135407E-25   6.5605364055215960E+03
   1.4236770000000000E+09   2.5584229119302143E+05   1.3418854976941395E-10   1.3493482519491539E-25   6.5614166712508968E+03
   1.4256770000000000E+09   2.5610513809977967E+05   1.3340594469576495E-10   1.3412990209391513E-25   6.5622920822040214E+03
   1.4276770000000000E+09   2.5646226459531297E+05   1.3259523561432260E-10   1.3329699952629351E-25   6.5631626287930740E+03
   1.4296770000000000E+09   2.5696522918151069E+05   1.3173978137102499E-10   1.3241938137587378E-25   6.5640283689286725E+03
   1.4316770000000000E+09   2.5767589974998357E+05   1.3081287826470300E-10   1.3147022322096589E-25   6.5648895634523851E+03
   1.4336770000000000E+09   2.5875042798274817E+05   1.2982457700853004E-10   1.3045968178462497E-25   6.5657466860069790E+03
   1.4356770000000000E+09   2.5887394634409447E+05   1.2843258595531593E-10   1.2904382647741641E-25   6.5665980958071377E+03
