  99.9999999999964615   5.0000000000000003E-02 390 2001
  65.1329484598870465  20.1777739778013299
   6.5767700000000000E+08  -7.9249711274382275E+02   3.1061997554846470E-08   5.2134184360383217E-18   1.1461827532754899E+03
   6.5967700000000000E+08  -7.2383992086472483E+02   3.4106591598511344E-08   5.5121635179220453E-18   1.1903188193089111E+03
   6.6167700000000000E+08  -6.5401620913275087E+02   3.3919010564218735E-08   5.3382028826049810E-18   1.2223488582671248E+03
   6.6367700000000000E+08  -5.9500032691966976E+02   3.2691537906537489E-08   5.0538020963212838E-18   1.2444120041290346E+03
   6.6567700000000000E+08  -4.1109754243704992E+02   3.0509353415224956E-08   4.6571612999044743E-18   1.2602560626292859E+03
   6.6767700000000000E+08  -1.2876063114350706E+02   2.7804588095573392E-08   4.2057684808211378E-18   1.2717981100240534E+03
   6.6967700000000000E+08   2.1747297725512445E+02   2.4985820370985394E-08   3.7540731960917959E-18   1.2803772495874409E+03
   6.7167700000000000E+08   5.9909165640584513E+02   2.2313168882075114E-08   3.3353692253776100E-18   1.2869580972147758E+03
   6.7367700000000000E+08   9.9803811406423188E+02   1.9907824914391689E-08   2.9636088743120388E-18   1.2922602853432816E+03
   6.7567700000000000E+08   1.4005547817886343E+03   1.7803711324973378E-08   2.6410366506412135E-18   1.2968304139902557E+03
   6.7767700000000000E+08   1.7892768464471956E+03   1.5991179450792736E-08   2.3644058158137230E-18   1.3010846389816975E+03
   6.7967700000000000E+08   2.1406406673295342E+03   1.4443175549691580E-08   2.1284705839708091E-18   1.3053954930506541E+03
   6.8167700000000000E+08   2.4320023357853556E+03   1.3127691980919469E-08   1.9275123179427452E-18   1.3102020890603999E+03
   6.8367700000000000E+08   2.6513075045623427E+03   1.2014904027825454E-08   1.7558858746618319E-18   1.3163491352967947E+03
   6.8567700000000000E+08   2.7990911538929977E+03   1.1082750337531073E-08   1.6081103026224777E-18   1.3258023581003101E+03
   6.8767700000000000E+08   2.8721643261524259E+03   1.0319629152320567E-08   1.4789746865912021E-18   1.3423025688499879E+03
   6.8967700000000000E+08   2.8421009644917485E+03   9.7204260614803616E-09   1.3639020012077242E-18   1.3710370974093630E+03
   6.9167700000000000E+08   2.6592784628665272E+03   9.2766679693475611E-09   1.2595487748924820E-18   1.4168507170117748E+03
   6.9367700000000000E+08   2.2959036974028791E+03   8.9681509737734791E-09   1.1641889298551297E-18   1.4819259975102045E+03
   6.9567700000000000E+08   1.7952306749140803E+03   8.7635316030105746E-09   1.0774528965783573E-18   1.5646886621075269E+03
   6.9767700000000000E+08   1.2815392613415227E+03   8.6288909267951137E-09   9.9956908619990422E-19   1.6606925395952483E+03
   6.9967700000000000E+08   9.2316750843506804E+02   8.5363924864279238E-09   9.3066171942544284E-19   1.7645322317358737E+03
   7.0167700000000000E+08   8.7782150152956126E+02   8.4674744280710123E-09   8.7043054931322413E-19   1.8714009270949707E+03
   7.0367700000000000E+08   1.2505925169248769E+03   8.4112102069950008E-09   8.1815586561532845E-19   1.9777414235399799E+03
   7.0567700000000000E+08   2.0771175930626323E+03   8.3611318528759691E-09   7.7284901123761749E-19   2.0812175912920693E+03
   7.0767700000000000E+08   3.3289603679451352E+03   8.3127556161686542E-09   7.3342032822182440E-19   2.1804149012316398E+03
   7.0967700000000000E+08   4.9316195933741674E+03   8.2623359379526489E-09   6.9880901535620070E-19   2.2745287007846496E+03
   7.1167700000000000E+08   6.7857142288010282E+03   8.2065025762101290E-09   6.6806258156724062E-19   2.3631322888052355E+03
   7.1367700000000000E+08   8.7853175662913436E+03   8.1423154137615895E-09   6.4037358353109835E-19   2.4460289067875865E+03
   7.1567700000000000E+08   1.0831097788455369E+04   8.0674280439141795E-09   6.1508698636325947E-19   2.5231648935614230E+03
   7.1767700000000000E+08   1.2837548137052785E+04   7.9802003725453514E-09   5.9168941953648053E-19   2.5945799888197798E+03
   7.1967700000000000E+08   1.4736565988304586E+04   7.8797437246447456E-09   5.6979123211804831E-19   2.6603783349338787E+03
   7.2167700000000000E+08   1.6479829552215699E+04   7.7659418031836175E-09   5.4910870095920756E-19   2.7207139147808916E+03
   7.2367700000000000E+08   1.8038263155942903E+04   7.6394031764338618E-09   5.2944493642762754E-19   2.7757842251487245E+03
   7.2567700000000000E+08   1.9399181969298857E+04   7.5013231646614025E-09   5.1066917239449862E-19   2.8258252776181434E+03
   7.2767700000000000E+08   2.0563159085624640E+04   7.3533129659640691E-09   4.9269816047239790E-19   2.8711056986422086E+03
   7.2967700000000000E+08   2.1540625612053132E+04   7.1972276459539995E-09   4.7548068632280111E-19   2.9119199382480074E+03
   7.3167700000000000E+08   2.2348578192546567E+04   7.0350078612376074E-09   4.5898517620757202E-19   2.9485805686462718E+03
   7.3367700000000000E+08   2.3007638252117318E+04   6.8685481912737376E-09   4.4319037062078733E-19   2.9814100115182364E+03
   7.3567700000000000E+08   2.3539636447338653E+04   6.6995994740305755E-09   4.2807885765761288E-19   3.0107322337656128E+03
   7.3767700000000000E+08   2.3965810149318768E+04   6.5297066447879676E-09   4.1363306740156605E-19   3.0368650352534241E+03
   7.3967700000000000E+08   2.4305614341728884E+04   6.3601790453745147E-09   3.9983322852461855E-19   3.0601134619055174E+03
   7.4167700000000000E+08   2.4576077644126748E+04   6.1920867061129231E-09   3.8665672644963221E-19   3.0807647096978021E+03
   7.4367700000000000E+08   2.4791587560294887E+04   6.0262748815939058E-09   3.7407834544172711E-19   3.0990846614730290E+03
   7.4567700000000000E+08   2.4963974496955383E+04   5.8633893586098808E-09   3.6207096662834049E-19   3.1153159923861413E+03
   7.4767700000000000E+08   2.5102772991468722E+04   5.7039063957415494E-09   3.5060641319626755E-19   3.1296776291968940E+03
   7.4967700000000000E+08   2.5215562841152907E+04   5.5481629101200511E-09   3.3965624993627501E-19   3.1423652675316043E+03
   7.5167700000000000E+08   2.5308322220401191E+04   5.3963842306158909E-09   3.2919243940889002E-19   3.1535526334234441E+03
   7.5367700000000000E+08   2.5385752223729000E+04   5.2487081094387040E-09   3.1918782386856034E-19   3.1633932030527581E+03
   7.5567700000000000E+08   2.5451553676912663E+04   5.1052046393677496E-09   3.0961644217619945E-19   3.1720221471857276E+03
   7.5767700000000000E+08   2.5508651533156211E+04   4.9658922957938519E-09   3.0045371013447206E-19   3.1795583271120545E+03
   7.5967700000000000E+08   2.5559370530481916E+04   4.8307506020970851E-09   2.9167649801575913E-19   3.1861062253265700E+03
   7.6167700000000000E+08   2.5605569611549930E+04   4.6997300029949959E-09   2.8326313661689565E-19   3.1917577407695444E+03
   7.6367700000000000E+08   2.5648743529617328E+04   4.5727595065946950E-09   2.7519337735979699E-19   3.1965938133383002E+03
   7.6567700000000000E+08   2.5690099406972211E+04   4.4497525809414260E-09   2.6744832545954487E-19   3.2006858663958315E+03
   7.6767700000000000E+08   2.5730614687289715E+04   4.3306117012590685E-09   2.6001035938159134E-19   3.2040970711340760E+03
   7.6967700000000000E+08   2.5771081475842744E+04   4.2152318591429964E-09   2.5286304522371082E-19   3.2068834451938287E+03
   7.7167700000000000E+08   2.5812140965422725E+04   4.1035032728787581E-09   2.4599105131852222E-19   3.2090948019749767E+03
   7.7367700000000000E+08   2.5854310602732741E+04   3.9953134806482885E-09   2.3938006607065911E-19   3.2107755682378825E+03
   7.7567700000000000E+08   2.5898005866220956E+04   3.8905489543819248E-09   2.3301672056720755E-19   3.2119654870951740E+03
   7.7767700000000000E+08   2.5943557964911313E+04   3.7890963390170409E-09   2.2688851659473637E-19   3.2127002221281627E+03
   7.7967700000000000E+08   2.5991228378983298E+04   3.6908433974171326E-09   2.2098376017102613E-19   3.2130118766402848E+03
   7.8167700000000000E+08   2.6041220899448395E+04   3.5956797230117590E-09   2.1529150041539960E-19   3.2129294402769247E+03
   7.8367700000000000E+08   2.6093691647739866E+04   3.5034972686231399E-09   2.0980147344305600E-19   3.2124791735542904E+03
   7.8567700000000000E+08   2.6148757437538919E+04   3.4141907296727619E-09   2.0450405091414911E-19   3.2116849393207085E+03
   7.8767700000000000E+08   2.6206502760472740E+04   3.3276578120955670E-09   1.9939019285932086E-19   3.2105684888441451E+03
   7.8967700000000000E+08   2.6266985620852996E+04   3.2437994091820738E-09   1.9445140441728669E-19   3.2091497090755101E+03
   7.9167700000000000E+08   2.6330242403612545E+04   3.1625197067673899E-09   1.8967969614413203E-19   3.2074468366616793E+03
   7.9367700000000000E+08   2.6396291928520546E+04   3.0837262323706769E-09   1.8506754758132369E-19   3.2054766434542998E+03
   7.9567700000000000E+08   2.6465138819240688E+04   3.0073298608325904E-09   1.8060787379672802E-19   3.2032545975590688E+03
   7.9767700000000000E+08   2.6536776295817937E+04   2.9332447865353186E-09   1.7629399463858225E-19   3.2007950033760139E+03
   7.9967700000000000E+08   2.6611188482481524E+04   2.8613884702983225E-09   1.7211960646592545E-19   3.1981111235773551E+03
   8.0167700000000000E+08   2.6688352308526206E+04   2.7916815674287122E-09   1.6807875614036742E-19   3.1952152855414806E+03
   8.0367700000000000E+08   2.6768239067977393E+04   2.7240478420965006E-09   1.6416581708343467E-19   3.1921189743975369E+03
   8.0567700000000000E+08   2.6850815693467845E+04   2.6584140721441736E-09   1.6037546722128503E-19   3.1888329145248840E+03
   8.0767700000000000E+08   2.6936045791015575E+04   2.5947099475815369E-09   1.5670266865454500E-19   3.1853671410872066E+03
   8.0967700000000000E+08   2.7023890475020802E+04   2.5328679653231539E-09   1.5314264890556997E-19   3.1817310629552512E+03
   8.1167700000000000E+08   2.7114309036641622E+04   2.4728233221670751E-09   1.4969088360873861E-19   3.1779335181793754E+03
   8.1367700000000000E+08   2.7207259473623417E+04   2.4145138075643423E-09   1.4634308052154588E-19   3.1739828230083967E+03
   8.1567700000000000E+08   2.7302698905513262E+04   2.3578796973692402E-09   1.4309516474539763E-19   3.1698868153106778E+03
   8.1767700000000000E+08   2.7400583894862619E+04   2.3028636494730992E-09   1.3994326505518632E-19   3.1656528931333137E+03
   8.1967700000000000E+08   2.7500870692370641E+04   2.2494106019955738E-09   1.3688370124599327E-19   3.1612880490329344E+03
   8.2167700000000000E+08   2.7603515421819859E+04   2.1974676745254344E-09   1.3391297241368665E-19   3.1567989007242932E+03
   8.2367700000000000E+08   2.7708474218966512E+04   2.1469840727583650E-09   1.3102774609379186E-19   3.1521917185185039E+03
   8.2567700000000000E+08   2.7815703337142117E+04   2.0979109967640729E-09   1.2822484818985095E-19   3.1474724499591894E+03
   8.2767700000000000E+08   2.7925159231068417E+04   2.0502015530229074E-09   1.2550125362857216E-19   3.1426467420108975E+03
   8.2967700000000000E+08   2.8036798629166271E+04   2.0038106702982253E-09   1.2285407768449263E-19   3.1377199611076239E+03
   8.3167700000000000E+08   2.8150578603370068E+04   1.9586950193504937E-09   1.2028056792161933E-19   3.1326972113297675E+03
   8.3367700000000000E+08   2.8266456644045091E+04   1.9148129364500715E-09   1.1777809670370033E-19   3.1275833509434078E+03
   8.3567700000000000E+08   2.8384390746032546E+04   1.8721243506050873E-09   1.1534415422842273E-19   3.1223830075060655E+03
   8.3767700000000000E+08   2.8504339510085305E+04   1.8305907143878671E-09   1.1297634204405699E-19   3.1171005917169714E+03
   8.3967700000000000E+08   2.8626262262055949E+04   1.7901749382163677E-09   1.1067236700990811E-19   3.1117403101666641E+03
   8.4167700000000000E+08   2.8750119190201411E+04   1.7508413279264764E-09   1.0843003566452674E-19   3.1063061771201287E+03
   8.4367700000000000E+08   2.8875871498983350E+04   1.7125555254555651E-09   1.0624724896800496E-19   3.1008020254489425E+03
   8.4567700000000000E+08   2.9003481575857299E+04   1.6752844524481678E-09   1.0412199738695032E-19   3.0952315168111077E+03
   8.4767700000000000E+08   2.9132913165893209E+04   1.6389962565905424E-09   1.0205235629294161E-19   3.0895981511618434E+03
   8.4967700000000000E+08   2.9264131547742916E+04   1.6036602604821298E-09   1.0003648164746420E-19   3.0839052756648116E+03
   8.5167700000000000E+08   2.9397103703579818E+04   1.5692469128582722E-09   9.8072605948537874E-20   3.0781560930608562E+03
   8.5367700000000000E+08   2.9531798475236708E+04   1.5357277419894675E-09   9.6159034416494341E-20   3.0723536695403382E+03
   8.5567700000000000E+08   2.9668186698898066E+04   1.5030753110970648E-09   9.4294141398611894E-20   3.0665009421557934E+03
   8.5767700000000000E+08   2.9806241311348345E+04   1.4712631756429513E-09   9.2476366974570107E-20   3.0606007258035706E+03
   8.5967700000000000E+08   2.9945937421907114E+04   1.4402658423700802E-09   9.0704213746876511E-20   3.0546557197968673E+03
   8.6167700000000000E+08   3.0087252345694822E+04   1.4100587299908039E-09   8.8976243802527098E-20   3.0486685140475879E+03
   8.6367700000000000E+08   3.0230165595674924E+04   1.3806181314395487E-09   8.7291075834119471E-20   3.0426415948711019E+03
   8.6567700000000000E+08   3.0374658832872850E+04   1.3519211776244983E-09   8.5647382410411296E-20   3.0365773504258036E+03
   8.6767700000000000E+08   3.0520715776140099E+04   1.3239458026288322E-09   8.4043887387866310E-20   3.0304780757986191E+03
   8.6967700000000000E+08   3.0668322074692092E+04   1.2966707103248474E-09   8.2479363456026481E-20   3.0243459777475869E+03
   8.7167700000000000E+08   3.0817465148263556E+04   1.2700753423738276E-09   8.0952629810585742E-20   3.0181831791135291E+03
   8.7367700000000000E+08   3.0968134001020258E+04   1.2441398475905519E-09   7.9462549948813095E-20   3.0119917229142748E+03
   8.7567700000000000E+08   3.1120319016258323E+04   1.2188450526539768E-09   7.8008029582500537E-20   3.0057735761365461E+03
   8.7767700000000000E+08   3.1274011739390426E+04   1.1941724341454046E-09   7.6588014663926054E-20   2.9995306332424229E+03
   8.7967700000000000E+08   3.1429204656766498E+04   1.1701040918924430E-09   7.5201489520437473E-20   2.9932647194089441E+03
   8.8167700000000000E+08   3.1585890977514602E+04   1.1466227235925714E-09   7.3847475093263332E-20   2.9869775935207558E+03
   8.8367700000000000E+08   3.1744064424923814E+04   1.1237116006840130E-09   7.2525027276031443E-20   2.9806709509367438E+03
   8.8567700000000000E+08   3.1903719042982382E+04   1.1013545454250457E-09   7.1233235348305392E-20   2.9743464260520773E+03
   8.8767700000000000E+08   3.2064849022724917E+04   1.0795359091358260E-09   6.9971220499224516E-20   2.9680055946771595E+03
   8.8967700000000000E+08   3.2227448552309634E+04   1.0582405515491524E-09   6.8738134436048650E-20   2.9616499762547137E+03
   8.9167700000000000E+08   3.2391511694848410E+04   1.0374538212067691E-09   6.7533158071952651E-20   2.9552810359358173E+03
   8.9367700000000000E+08   3.2557032300207418E+04   1.0171615368217319E-09   6.6355500286505972E-20   2.9489001865359187E+03
   8.9567700000000000E+08   3.2724003963885651E+04   9.9734996949639998E-10   6.5204396750314680E-20   2.9425087903937178E+03
   8.9767700000000000E+08   3.2892420062584417E+04   9.7800582562300838E-10   6.4079108801117101E-20   2.9361081611624136E+03
   8.9967700000000000E+08   3.3062273929973686E+04   9.5911623017480689E-10   6.2978922350468308E-20   2.9296995655782935E+03
   9.0167700000000000E+08   3.3233559296435647E+04   9.4066870989521758E-10   6.1903146786135841E-20   2.9232842252841237E+03
   9.0367700000000000E+08   3.3406271204323792E+04   9.2265117561919709E-10   6.0851113815809107E-20   2.9168633188420663E+03
   9.0567700000000000E+08   3.3580407695591603E+04   9.0505190273883262E-10   5.9822176180777186E-20   2.9104379841557934E+03
   9.0767700000000000E+08   3.3755972549371443E+04   8.8785950902352493E-10   5.8815706178913063E-20   2.9040093216118767E+03
   9.0967700000000000E+08   3.3932979009629162E+04   8.7106293034014836E-10   5.7831094024262636E-20   2.8975783982717171E+03
   9.1167700000000000E+08   3.4111453497681825E+04   8.5465139816795787E-10   5.6867746298701826E-20   2.8911462532416540E+03
   9.1367700000000000E+08   3.4291436630834156E+04   8.3861442831492271E-10   5.5925085135817562E-20   2.8847139037116735E+03
   9.1567700000000000E+08   3.4472977065578205E+04   8.2294183553127459E-10   5.5002549163184215E-20   2.8782823499751526E+03
   9.1767700000000000E+08   3.4656113669863305E+04   8.0762378719153734E-10   5.4099597167477635E-20   2.8718525763461271E+03
   9.1967700000000000E+08   3.4840846198812207E+04   7.9265089176520610E-10   5.3215714295092496E-20   2.8654255443575262E+03
   9.2167700000000000E+08   3.5027105261085111E+04   7.7801428220610064E-10   5.2350418158669472E-20   2.8590021765932429E+03
   9.2367700000000000E+08   3.5214743630812183E+04   7.6370561940339234E-10   5.1503259714396516E-20   2.8525833348253118E+03
   9.2567700000000000E+08   3.5403569866850201E+04   7.4971695205346732E-10   5.0673814334833716E-20   2.8461698026254248E+03
   9.2767700000000000E+08   3.5593419291013342E+04   7.3604045799155714E-10   4.9861664418146387E-20   2.8397622845033802E+03
   9.2967700000000000E+08   3.5784218109917681E+04   7.2266821820289964E-10   4.9066383635160637E-20   2.8333614254088216E+03
   9.3167700000000000E+08   3.5975989855040192E+04   7.0959221719191051E-10   4.8287536248305931E-20   2.8269678395508595E+03
   9.3367700000000000E+08   3.6168793722841678E+04   6.9680455792369618E-10   4.7524691262223531E-20   2.8205821301976371E+03
   9.3567700000000000E+08   3.6362654962368149E+04   6.8429766584665135E-10   4.6777436369876829E-20   2.8142048906438549E+03
   9.3767700000000000E+08   3.6557602653376278E+04   6.7206446450533937E-10   4.6045390273437744E-20   2.8078366974114683E+03
   9.3967700000000000E+08   3.6753809763679863E+04   6.6009860181835329E-10   4.5328218292552403E-20   2.8014781251283302E+03
   9.4167700000000000E+08   3.6951602853640456E+04   6.4839432814314003E-10   4.4625623751051875E-20   2.7951297922451272E+03
   9.4367700000000000E+08   3.7151185766402858E+04   6.3694559870188355E-10   4.3937286089320379E-20   2.7887923889227523E+03
   9.4567700000000000E+08   3.7352318218373250E+04   6.2574504875447135E-10   4.3262790641326230E-20   2.7824666232012992E+03
   9.4767700000000000E+08   3.7554342431081808E+04   6.1478408731170896E-10   4.2601635932283105E-20   2.7761530988417280E+03
   9.4967700000000000E+08   3.7756589720896147E+04   6.0405429007279518E-10   4.1953330683340010E-20   2.7698522237287066E+03
   9.5167700000000000E+08   3.7958807168590436E+04   5.9354879174758993E-10   4.1317490269612329E-20   2.7635642331207173E+03
   9.5367700000000000E+08   3.8161281543367972E+04   5.8326258934163275E-10   4.0693857121749388E-20   2.7572893103215479E+03
   9.5567700000000000E+08   3.8364779582842799E+04   5.7319189108637528E-10   4.0082254611162121E-20   2.7510277227501565E+03
   9.5767700000000000E+08   3.8569984783112923E+04   5.6333296965338232E-10   3.9482506722217395E-20   2.7447798893796698E+03
   9.5967700000000000E+08   3.8776934730172608E+04   5.5368126036678028E-10   3.8894375445220378E-20   2.7385463403214221E+03
   9.6167700000000000E+08   3.8985387543105484E+04   5.4423157193068407E-10   3.8317576574177854E-20   2.7323276056999771E+03
   9.6367700000000000E+08   3.9195189883988140E+04   5.3497874336330305E-10   3.7751826335707707E-20   2.7261241574279393E+03
   9.6567700000000000E+08   3.9406250801336879E+04   5.2591783197168439E-10   3.7196854429155509E-20   2.7199364234170453E+03
   9.6767700000000000E+08   3.9618514487691282E+04   5.1704409148840152E-10   3.6652402414121923E-20   2.7137648000864915E+03
   9.6967700000000000E+08   3.9831944057629364E+04   5.0835294379158342E-10   3.6118221696341154E-20   2.7076096604340191E+03
   9.7167700000000000E+08   4.0046513727441932E+04   4.9983996154950660E-10   3.5594072318667059E-20   2.7014713587880151E+03
   9.7367700000000000E+08   4.0262204937072434E+04   4.9150085626384439E-10   3.5079722149744276E-20   2.6953502338453191E+03
   9.7567700000000000E+08   4.0479004090516581E+04   4.8333146841134675E-10   3.4574946227719214E-20   2.6892466107976070E+03
   9.7767700000000000E+08   4.0696900837520385E+04   4.7532775942828078E-10   3.4079526237620332E-20   2.6831608028707278E+03
   9.7967700000000000E+08   4.0915886742794937E+04   4.6748580518949408E-10   3.3593250096815528E-20   2.6770931124213243E+03
   9.8167700000000000E+08   4.1135954477091589E+04   4.5980179029399531E-10   3.3115911598424873E-20   2.6710438317215749E+03
   9.8367700000000000E+08   4.1357097414830896E+04   4.5227200306478259E-10   3.2647310104964047E-20   2.6650132435564906E+03
   9.8567700000000000E+08   4.1579309403495099E+04   4.4489283146888370E-10   3.2187250306696344E-20   2.6590016217112720E+03
   9.8767700000000000E+08   4.1802584590161132E+04   4.3766075978697141E-10   3.1735542032726162E-20   2.6530092313859018E+03
   9.8967700000000000E+08   4.2026917217386406E+04   4.3057236565355425E-10   3.1292000087811973E-20   2.6470363295527823E+03
   9.9167700000000000E+08   4.2252301312343370E+04   4.2362431721874446E-10   3.0856444097132504E-20   2.6410831652515535E+03
   9.9367700000000000E+08   4.2478730443014174E+04   4.1681337036823806E-10   3.0428698354489610E-20   2.6351499798132841E+03
   9.9567700000000000E+08   4.2706198024259436E+04   4.1013636632839223E-10   3.0008591697324139E-20   2.6292370070566863E+03
   9.9767700000000000E+08   4.2934698764428897E+04   4.0359023068739943E-10   2.9595957483011374E-20   2.6233444735899047E+03
   9.9967700000000000E+08   4.3164231239921217E+04   3.9717197446502424E-10   2.9190633712265737E-20   2.6174725994273308E+03
   1.0016770000000000E+09   4.3394801416577880E+04   3.9087869819838424E-10   2.8792463371533918E-20   2.6116215991015679E+03
   1.0036770000000000E+09   4.3626425246340019E+04   3.8470759718268479E-10   2.8401294859923528E-20   2.6057916833551089E+03
   1.0056770000000000E+09   4.3859128263865183E+04   3.7865595741148955E-10   2.8016981730947617E-20   2.5999830612160267E+03
   1.0076770000000000E+09   4.4092941641782003E+04   3.7272114329842756E-10   2.7639381826258044E-20   2.5941959417590206E+03
   1.0096770000000000E+09   4.4327895637122441E+04   3.6690058442119610E-10   2.7268356336652710E-20   2.5884305348852690E+03
   1.0116770000000000E+09   4.4564011373659843E+04   3.6119176253739344E-10   2.6903768884688271E-20   2.5826870508027596E+03
   1.0136770000000000E+09   4.4801292670348928E+04   3.5559219747719905E-10   2.6545484525291597E-20   2.5769656980767722E+03
   1.0156770000000000E+09   4.5039718326092654E+04   3.5009943341158407E-10   2.6193368772565454E-20   2.5712666803952125E+03
   1.0176770000000000E+09   4.5279240742284033E+04   3.4471103518237932E-10   2.5847287376062396E-20   2.5655901922966746E+03
   1.0196770000000000E+09   4.5519793396241337E+04   3.3942459767174302E-10   2.5507107069147107E-20   2.5599364150745341E+03
   1.0216770000000000E+09   4.5761301082628088E+04   3.3423776243423318E-10   2.5172696856297507E-20   2.5543055142243038E+03
   1.0236770000000000E+09   4.6003691218106134E+04   3.2914823455989239E-10   2.4843929314291878E-20   2.5486976388483772E+03
   1.0256770000000000E+09   4.6246903524088222E+04   3.2415379595674823E-10   2.4520681620973551E-20   2.5431129229951771E+03
   1.0276770000000000E+09   4.6490896055794939E+04   3.1925231230377691E-10   2.4202836104759814E-20   2.5375514884810459E+03
   1.0296770000000000E+09   4.6735646882980691E+04   3.1444173305918000E-10   2.3890280268629497E-20   2.5320134484719979E+03
   1.0316770000000000E+09   4.6981151979098904E+04   3.0972008579541497E-10   2.3582906384793774E-20   2.5264989110714278E+03
   1.0336770000000000E+09   4.7227420662723962E+04   3.0508546716899903E-10   2.3280610834885231E-20   2.5210079823249907E+03
   1.0356770000000000E+09   4.7474470136775803E+04   3.0053603296293978E-10   2.2983293380617224E-20   2.5155407683184394E+03
   1.0376770000000000E+09   4.7722320408423184E+04   2.9606998910598862E-10   2.2690856509591848E-20   2.5100973763085867E+03
   1.0396770000000000E+09   4.7970990379324649E+04   2.9168558473642849E-10   2.2403204937457539E-20   2.5046779150237476E+03
   1.0416770000000000E+09   4.8220495387051415E+04   2.8738110757506464E-10   2.2120245286457308E-20   2.4992824943729888E+03
   1.0436770000000000E+09   4.8470846088326856E+04   2.8315488131350276E-10   2.1841885917726171E-20   2.4939112248215297E+03
   1.0456770000000000E+09   4.8722048356522158E+04   2.7900526445927746E-10   2.1568036874412740E-20   2.4885642166499783E+03
   1.0476770000000000E+09   4.8974103808086154E+04   2.7493065004657544E-10   2.1298609890151890E-20   2.4832415792489928E+03
   1.0496770000000000E+09   4.9227010621332229E+04   2.7092946572567264E-10   2.1033518425412860E-20   2.4779434205340017E+03
   1.0516770000000000E+09   4.9480764405819245E+04   2.6700017390176074E-10   2.0772677706366083E-20   2.4726698465110358E+03
   1.0536770000000000E+09   4.9735358979902601E+04   2.6314127174273602E-10   2.0516004752394306E-20   2.4674209609893701E+03
   1.0556770000000000E+09   4.9990786995010909E+04   2.5935129098588322E-10   2.0263418386901640E-20   2.4621968654180409E+03
   1.0576770000000000E+09   5.0247040398502555E+04   2.5562879754294825E-10   2.0014839231457504E-20   2.4569976588171235E+03
   1.0596770000000000E+09   5.0504110755324975E+04   2.5197239093880942E-10   1.9770189686080847E-20   2.4518234377758977E+03
   1.0616770000000000E+09   5.0761989459584533E+04   2.4838070363032881E-10   1.9529393899351177E-20   2.4466742964948862E+03
   1.0636770000000000E+09   5.1020667867037861E+04   2.4485240024983044E-10   1.9292377731863824E-20   2.4415503268545604E+03
   1.0656770000000000E+09   5.1280137374273931E+04   2.4138617680943531E-10   1.9059068715903907E-20   2.4364516184987810E+03
   1.0676770000000000E+09   5.1540389463978543E+04   2.3798075989253674E-10   1.8829396013434039E-20   2.4313782589252310E+03
   1.0696770000000000E+09   5.1801415729850247E+04   2.3463490585007865E-10   1.8603290373813514E-20   2.4263303335781889E+03
   1.0716770000000000E+09   5.2063207890342659E+04   2.3134740001267383E-10   1.8380684092146050E-20   2.4213079259409519E+03
   1.0736770000000000E+09   5.2325757797307648E+04   2.2811705592493472E-10   1.8161510968784128E-20   2.4163111176266684E+03
   1.0756770000000000E+09   5.2589057443367754E+04   2.2494271460521898E-10   1.7945706270267531E-20   2.4113399884670662E+03
   1.0776770000000000E+09   5.2853098970129380E+04   2.2182324383171931E-10   1.7733206691791908E-20   2.4063946165991670E+03
   1.0796770000000000E+09   5.3117874677940861E+04   2.1875753745423248E-10   1.7523950321176157E-20   2.4014750785501665E+03
   1.0816770000000000E+09   5.3383377036851729E+04   2.1574451472986975E-10   1.7317876604209826E-20   2.3965814493208368E+03
   1.0836770000000000E+09   5.3649598697793474E+04   2.1278311968048363E-10   1.7114926311222064E-20   2.3917138024675678E+03
   1.0856770000000000E+09   5.3916532502846210E+04   2.0987232046963659E-10   1.6915041504715732E-20   2.3868722101831377E+03
   1.0876770000000000E+09   5.4184171493690199E+04   2.0701110879735626E-10   1.6718165507943027E-20   2.3820567433760366E+03
   1.0896770000000000E+09   5.4452508917794810E+04   2.0419849931153206E-10   1.6524242874346711E-20   2.3772674717481364E+03
   1.0916770000000000E+09   5.4721538232333478E+04   2.0143352903536064E-10   1.6333219357834940E-20   2.3725044638704007E+03
   1.0936770000000000E+09   5.4991253106117641E+04   1.9871525681060364E-10   1.6145041883885523E-20   2.3677677872564032E+03
   1.0956770000000000E+09   5.5261647419915193E+04   1.9604276275653676E-10   1.5959658521484542E-20   2.3630575084334178E+03
   1.0976770000000000E+09   5.5532715265391074E+04   1.9341514774439450E-10   1.5777018455897652E-20   2.3583736930109326E+03
   1.0996770000000000E+09   5.5804450942689800E+04   1.9083153288694080E-10   1.5597071962257851E-20   2.3537164057464356E+03
   1.1016770000000000E+09   5.6076848956423193E+04   1.8829105904263183E-10   1.5419770379939473E-20   2.3490857106083895E+03
   1.1036770000000000E+09   5.6349904009639307E+04   1.8579288633372528E-10   1.5245066087679167E-20   2.3444816708361750E+03
   1.1056770000000000E+09   5.6623610995246265E+04   1.8333619367767080E-10   1.5072912479401874E-20   2.3399043489968426E+03
   1.1076770000000000E+09   5.6897964984343183E+04   1.8092017833117186E-10   1.4903263940714553E-20   2.3353538070383861E+03
   1.1096770000000000E+09   5.7172961210958434E+04   1.7854405544641330E-10   1.4736075826038145E-20   2.3308301063392364E+03
   1.1116770000000000E+09   5.7448595052777149E+04   1.7620705763905351E-10   1.4571304436356991E-20   2.3263333077535926E+03
   1.1136770000000000E+09   5.7724862007531905E+04   1.7390843456770017E-10   1.4408906997574131E-20   2.3218634716522220E+03
   1.1156770000000000E+09   5.8001757664820529E+04   1.7164745252465592E-10   1.4248841639466501E-20   2.3174206579583106E+03
   1.1176770000000000E+09   5.8279277673200020E+04   1.6942339403777310E-10   1.4091067375238152E-20   2.3130049261779373E+03
   1.1196770000000000E+09   5.8557417702476348E+04   1.6723555748327440E-10   1.3935544081670746E-20   2.3086163354247678E+03
   1.1216770000000000E+09   5.8836173401183834E+04   1.6508325670939449E-10   1.3782232479870196E-20   2.3042549444385754E+03
   1.1236770000000000E+09   5.9115540349332950E+04   1.6296582067065271E-10   1.3631094116604357E-20   2.2999208115971787E+03
   1.1256770000000000E+09   5.9395514006585152E+04   1.6088259307253925E-10   1.3482091346223689E-20   2.2956139949214721E+03
   1.1276770000000000E+09   5.9676089656127617E+04   1.5883293202632006E-10   1.3335187313150127E-20   2.2913345520732105E+03
   1.1296770000000000E+09   5.9957262344635841E+04   1.5681620971360211E-10   1.3190345934913115E-20   2.2870825403452982E+03
   1.1316770000000000E+09   6.0239026818859435E+04   1.5483181206021263E-10   1.3047531885703913E-20   2.2828580166443498E+03
   1.1336770000000000E+09   6.0521377459520932E+04   1.5287913841886185E-10   1.2906710580410899E-20   2.2786610374654201E+03
   1.1356770000000000E+09   6.0804308213394754E+04   1.5095760125996637E-10   1.2767848159090039E-20   2.2744916588588244E+03
   1.1376770000000000E+09   6.1087812524625449E+04   1.4906662586991418E-10   1.2630911471815122E-20   2.2703499363891251E+03
   1.1396770000000000E+09   6.1371883266538025E+04   1.4720565005597150E-10   1.2495868063844169E-20   2.2662359250864561E+03
   1.1416770000000000E+09   6.1656512675396960E+04   1.4537412385694706E-10   1.2362686161029684E-20   2.2621496793905003E+03
   1.1436770000000000E+09   6.1941692287761573E+04   1.4357150925867193E-10   1.2231334655393925E-20   2.2580912530875712E+03
   1.1456770000000000E+09   6.2227412883270292E+04   1.4179727991330193E-10   1.2101783090784240E-20   2.2540606992414423E+03
   1.1476770000000000E+09   6.2513664434833692E+04   1.4005092086143314E-10   1.1974001648520332E-20   2.2500580701187132E+03
   1.1496770000000000E+09   6.2800436068330870E+04   1.3833192825603655E-10   1.1847961132944936E-20   2.2460834171096972E+03
   1.1516770000000000E+09   6.3087716033972174E+04   1.3663980908725426E-10   1.1723632956790746E-20   2.2421367906460118E+03
   1.1536770000000000E+09   6.3375491691476978E+04   1.3497408090719243E-10   1.1600989126283061E-20   2.2382182401161931E+03
   1.1556770000000000E+09   6.3663749511142501E+04   1.3333427155397132E-10   1.1480002225906849E-20   2.2343278137808743E+03
   1.1576770000000000E+09   6.3952475092707296E+04   1.3171991887446216E-10   1.1360645402780662E-20   2.2304655586891995E+03
   1.1596770000000000E+09   6.4241653203638270E+04   1.3013057044535932E-10   1.1242892350598235E-20   2.2266315205982478E+03
   1.1616770000000000E+09   6.4531267838102860E+04   1.2856578329249665E-10   1.1126717293120772E-20   2.2228257438973669E+03
   1.1636770000000000E+09   6.4821302297416492E+04   1.2702512360860471E-10   1.1012094967228401E-20   2.2190482715393509E+03
   1.1656770000000000E+09   6.5111739292174258E+04   1.2550816647003929E-10   1.0899000605569253E-20   2.2152991449803849E+03
   1.1676770000000000E+09   6.5402561065622001E+04   1.2401449555335057E-10   1.0787409918875641E-20   2.2115784041306219E+03
   1.1696770000000000E+09   6.5693749537093143E+04   1.2254370285291462E-10   1.0677299078049797E-20   2.2078860873171470E+03
   1.1716770000000000E+09   6.5985286463570606E+04   1.2109538840117820E-10   1.0568644696153347E-20   2.2042222312608596E+03
   1.1736770000000000E+09   6.6277153616643060E+04   1.1966915999338056E-10   1.0461423810465261E-20   2.2005868710686027E+03
   1.1756770000000000E+09   6.6569332971374024E+04   1.1826463291886298E-10   1.0355613864798931E-20   2.1969800402414899E+03
   1.1776770000000000E+09   6.6861806902913784E+04   1.1688142970125478E-10   1.0251192692288639E-20   2.1934017707000689E+03
   1.1796770000000000E+09   6.7154558386100674E+04   1.1551917984991178E-10   1.0148138498868155E-20   2.1898520928264952E+03
   1.1816770000000000E+09   6.7447571192864620E+04   1.1417751962496659E-10   1.0046429847667196E-20   2.1863310355234585E+03
   1.1836770000000000E+09   6.7740830082014683E+04   1.1285609181820829E-10   9.9460456445434276E-21   2.1828386262891463E+03
   1.1856770000000000E+09   6.8034320975958981E+04   1.1155454555175445E-10   9.8469651249492355E-21   2.1793748913070499E+03
   1.1876770000000000E+09   6.8328031119110979E+04   1.1027253609610872E-10   9.7491678423033359E-21   2.1759398555489756E+03
   1.1896770000000000E+09   6.8621949213191227E+04   1.0900972470872719E-10   9.6526336579982282E-21   2.1725335428892367E+03
   1.1916770000000000E+09   6.8916065525303435E+04   1.0776577849365458E-10   9.5573427331264656E-21   2.1691559762276338E+03
   1.1936770000000000E+09   6.9210371965521466E+04   1.0654037028220853E-10   9.4632755219575215E-21   2.1658071776185939E+03
   1.1956770000000000E+09   6.9504862131764283E+04   1.0533317853405193E-10   9.3704127671398376E-21   2.1624871684036452E+03
   1.1976770000000000E+09   6.9799531320854599E+04   1.0414388725739558E-10   9.2787354965478313E-21   2.1591959693443100E+03
   1.1996770000000000E+09   7.0094376505828172E+04   1.0297218594652168E-10   9.1882250216417104E-21   2.1559336007525417E+03
   1.2016770000000000E+09   7.0389396280728266E+04   1.0181776953433450E-10   9.0988629371610519E-21   2.1527000826159401E+03
   1.2036770000000000E+09   7.0684590775201621E+04   1.0068033835727055E-10   9.0106311219354529E-21   2.1494954347151584E+03
   1.2056770000000000E+09   7.0979961542181554E+04   9.9559598129639717E-11   8.9235117405669868E-21   2.1463196767312347E+03
   1.2076770000000000E+09   7.1275511422765951E+04   9.8455259924327352E-11   8.8374872457213542E-21   2.1431728283409202E+03
   1.2096770000000000E+09   7.1571244393028217E+04   9.7367040156771580E-11   8.7525403807577075E-21   2.1400549092984679E+03
   1.2116770000000000E+09   7.1867165397950448E+04   9.6294660569213675E-11   8.6686541824292692E-21   2.1369659395027879E+03
   1.2136770000000000E+09   7.2163280177885259E+04   9.5237848212430228E-11   8.5858119834007272E-21   2.1339059390493308E+03
   1.2156770000000000E+09   7.2459595092997872E+04   9.4196335422435703E-11   8.5039974143490255E-21   2.1308749282665003E+03
   1.2176770000000000E+09   7.2756116950944168E+04   9.3169859790005464E-11   8.4231944054427420E-21   2.1278729277368266E+03
   1.2196770000000000E+09   7.3052852842630979E+04   9.2158164121322847E-11   8.3433871870328513E-21   2.1248999583035393E+03
   1.2216770000000000E+09   7.3349809990340247E+04   9.1160996388506964E-11   8.2645602894262345E-21   2.1219560410635172E+03
   1.2236770000000000E+09   7.3646995611687656E+04   9.0178109669323564E-11   8.1866985416610988E-21   2.1190411973478754E+03
   1.2256770000000000E+09   7.3944416801974920E+04   8.9209262075893687E-11   8.1097870692491256E-21   2.1161554486916893E+03
   1.2276770000000000E+09   7.4242080436454009E+04   8.8254216672746971E-11   8.0338112908978960E-21   2.1132988167944372E+03
   1.2296770000000000E+09   7.4539993092973309E+04   8.7312741385041091E-11   7.9587569142710430E-21   2.1104713234728702E+03
   1.2316770000000000E+09   7.4838160994443882E+04   8.6384608898174914E-11   7.8846099308826448E-21   2.1076729906079049E+03
   1.2336770000000000E+09   7.5136589969674344E+04   8.5469596550343104E-11   7.8113566102536294E-21   2.1049038400871159E+03
   1.2356770000000000E+09   7.5435285430422562E+04   8.4567486219766258E-11   7.7389834934779816E-21   2.1021638937441789E+03
   1.2376770000000000E+09   7.5734252362049694E+04   8.3678064208398342E-11   7.6674773863555163E-21   2.0994531732964665E+03
   1.2396770000000000E+09   7.6033495324943171E+04   8.2801121123871972E-11   7.5968253522473059E-21   2.0967717002817426E+03
   1.2416770000000000E+09   7.6333018463922534E+04   8.1936451761278542E-11   7.5270147047975443E-21   2.0941194959947043E+03
   1.2436770000000000E+09   7.6632825523042804E+04   8.1083854986166143E-11   7.4580330006484896E-21   2.0914965814238935E+03
   1.2456770000000000E+09   7.6932919863570933E+04   8.0243133619875753E-11   7.3898680322530096E-21   2.0889029771893188E+03
   1.2476770000000000E+09   7.7233304483313477E+04   7.9414094328065271E-11   7.3225078208659677E-21   2.0863387034809703E+03
   1.2496770000000000E+09   7.7533982035895358E+04   7.8596547513029535E-11   7.2559406097745083E-21   2.0838037799983067E+03
   1.2516770000000000E+09   7.7834954848967245E+04   7.7790307210198368E-11   7.1901548578073360E-21   2.0812982258906763E+03
   1.2536770000000000E+09   7.8136224940645392E+04   7.6995190989028058E-11   7.1251392331480087E-21   2.0788220596985898E+03
   1.2556770000000000E+09   7.8437794033776983E+04   7.6211019858351817E-11   7.0608826074637114E-21   2.0763752992957229E+03
   1.2576770000000000E+09   7.8739663567842872E+04   7.5437618176150769E-11   6.9973740503511905E-21   2.0739579618315174E+03
   1.2596770000000000E+09   7.9041834708507929E+04   7.4674813563616369E-11   6.9346028240931565E-21   2.0715700636741958E+03
   1.2616770000000000E+09   7.9344308354963330E+04   7.3922436823327010E-11   6.8725583787135358E-21   2.0692116203540900E+03
   1.2636770000000000E+09   7.9647085145319259E+04   7.3180321861310444E-11   6.8112303473149294E-21   2.0668826465071415E+03
   1.2656770000000000E+09   7.9950165460324846E+04   7.2448305612769895E-11   6.7506085416819755E-21   2.0645831558184559E+03
   1.2676770000000000E+09   8.0253549425716177E+04   7.1726227971237458E-11   6.6906829481323208E-21   2.0623131609658617E+03
   1.2696770000000000E+09   8.0557236913420580E+04   7.1013931720957733E-11   6.6314437236005803E-21   2.0600726735633739E+03
   1.2716770000000000E+09   8.0861227541786255E+04   7.0311262472324038E-11   6.5728811919418498E-21   2.0578617041045536E+03
   1.2736770000000000E+09   8.1165520674922329E+04   6.9618068600220952E-11   6.5149858404442732E-21   2.0556802619057003E+03
   1.2756770000000000E+09   8.1470115421170936E+04   6.8934201185148292E-11   6.4577483165417622E-21   2.0535283550488689E+03
   1.2776770000000000E+09   8.1775010630693927E+04   6.8259513957010657E-11   6.4011594247188071E-21   2.0514059903246680E+03
   1.2796770000000000E+09   8.2080204892118199E+04   6.7593863241460441E-11   6.3452101235992978E-21   2.0493131731748472E+03
   1.2816770000000000E+09   8.2385696528162764E+04   6.6937107908681433E-11   6.2898915232113519E-21   2.0472499076345907E+03
   1.2836770000000000E+09   8.2691483590143762E+04   6.6289109324495685E-11   6.2351948824192456E-21   2.0452161962745540E+03
   1.2856770000000000E+09   8.2997563851202707E+04   6.5649731303679219E-11   6.1811116065139437E-21   2.0432120401425611E+03
   1.2876770000000000E+09   8.3303934798034112E+04   6.5018840065380318E-11   6.1276332449542634E-21   2.0412374387049431E+03
   1.2896770000000000E+09   8.3610593620804182E+04   6.4396304190544910E-11   6.0747514892515999E-21   2.0392923897874664E+03
   1.2916770000000000E+09   8.3917537200823223E+04   6.3781994581277897E-11   6.0224581709934201E-21   2.0373768895157732E+03
   1.2936770000000000E+09   8.4224762095380778E+04   6.3175784422102943E-11   5.9707452600038162E-21   2.0354909322552583E+03
   1.2956770000000000E+09   8.4532264518965501E+04   6.2577549143121587E-11   5.9196048626430729E-21   2.0336345105502487E+03
   1.2976770000000000E+09   8.4840040319889406E+04   6.1987166385125835E-11   5.8690292202532868E-21   2.0318076150623326E+03
   1.2996770000000000E+09   8.5148084951216602E+04   6.1404515966741095E-11   5.8190107077593375E-21   2.0300102345076177E+03
   1.3016770000000000E+09   8.5456393434942904E+04   6.0829479853667609E-11   5.7695418324337482E-21   2.0282423555926805E+03
   1.3036770000000000E+09   8.5764960318818456E+04   6.0261942129972101E-11   5.7206152328230909E-21   2.0265039629488704E+03
   1.3056770000000000E+09   8.6073779626262272E+04   5.9701788971123335E-11   5.6722236778088266E-21   2.0247950390646924E+03
   1.3076770000000000E+09   8.6382844801773623E+04   5.9148908617980729E-11   5.6243600657289967E-21   2.0231155642160145E+03
   1.3096770000000000E+09   8.6692148657245343E+04   5.8603191350231267E-11   5.5770174234181785E-21   2.0214655163940365E+03
   1.3116770000000000E+09   8.7001683328655432E+04   5.8064529456815335E-11   5.5301889049301869E-21   2.0198448712313364E+03
   1.3136770000000000E+09   8.7311440257374226E+04   5.7532817199812203E-11   5.4838677896032179E-21   2.0182536019268455E+03
   1.3156770000000000E+09   8.7621410214900403E+04   5.7007950767297717E-11   5.4380474790316406E-21   2.0166916791714386E+03
   1.3176770000000000E+09   8.7931583392709756E+04   5.6489828210216522E-11   5.3927214924590430E-21   2.0151590710768144E+03
   1.3196770000000000E+09   8.8241949578095431E+04   5.5978349358808797E-11   5.3478834601499229E-21   2.0136557431113820E+03
   1.3216770000000000E+09   8.8552498430198742E+04   5.5473415716078815E-11   5.3035271144797544E-21   2.0121816580478257E+03
   1.3236770000000000E+09   8.8863219856254902E+04   5.4974930329520459E-11   5.2596462788388384E-21   2.0107367759274198E+03
   1.3256770000000000E+09   8.9174104466386634E+04   5.4482797647727922E-11   5.2162348549669220E-21   2.0093210540457674E+03
   1.3276770000000000E+09   8.9485144058690217E+04   5.3996923374858494E-11   5.1732868099518774E-21   2.0079344469630557E+03
   1.3296770000000000E+09   8.9796332060700995E+04   5.3517214341709307E-11   5.1307961646964324E-21   2.0065769065390241E+03
   1.3316770000000000E+09   9.0107663837404572E+04   5.3043578415258958E-11   5.0887569859729353E-21   2.0052483819888566E+03
   1.3336770000000000E+09   9.0419136779402907E+04   5.2575924466705344E-11   5.0471633840323438E-21   2.0039488199517511E+03
   1.3356770000000000E+09   9.0730750114777256E+04   5.2114162409781372E-11   5.0060095169577862E-21   2.0026781645600738E+03
   1.3376770000000000E+09   9.1042504444709222E+04   5.1658203306746904E-11   4.9652896015768547E-21   2.0014363574951253E+03
   1.3396770000000000E+09   9.1354401075671805E+04   5.1207959521690761E-11   4.9249979290295424E-21   2.0002233380167122E+03
   1.3416770000000000E+09   9.1666441289017719E+04   5.0763344884854029E-11   4.8851288815312672E-21   1.9990390429584386E+03
   1.3436770000000000E+09   9.1978625725293648E+04   5.0324274823950071E-11   4.8456769460880097E-21   1.9978834066883128E+03
   1.3456770000000000E+09   9.2290954043110934E+04   4.9890666424019275E-11   4.8066367214163440E-21   1.9967563610428381E+03
   1.3476770000000000E+09   9.2603424935051837E+04   4.9462438397157150E-11   4.7680029161994755E-21   1.9956578352497240E+03
   1.3496770000000000E+09   9.2916036465187135E+04   4.9039510972460897E-11   4.7297703395994569E-21   1.9945877558567699E+03
   1.3516770000000000E+09   9.3228786577240840E+04   4.8621805744308797E-11   4.6919338876433193E-21   1.9935460466811503E+03
   1.3536770000000000E+09   9.3541673560711948E+04   4.8209245531416806E-11   4.6544885305238753E-21   1.9925326287849359E+03
   1.3556770000000000E+09   9.3854696289243657E+04   4.7801754292020758E-11   4.6174293052165400E-21   1.9915474204724810E+03
   1.3576770000000000E+09   9.4167854156933259E+04   4.7399257113346773E-11   4.5807513152199443E-21   1.9905903372974706E+03
   1.3596770000000000E+09   9.4481146784425771E+04   4.7001680258210070E-11   4.5444497358199586E-21   1.9896612920655596E+03
   1.3616770000000000E+09   9.4794573672822196E+04   4.6608951225818320E-11   4.5085198207627054E-21   1.9887601948234317E+03
   1.3636770000000000E+09   9.5108133990554925E+04   4.6220998781586479E-11   4.4729569059647906E-21   1.9878869528339469E+03
   1.3656770000000000E+09   9.5421826581694346E+04   4.5837752933268421E-11   4.4377564080338088E-21   1.9870414705450642E+03
   1.3676770000000000E+09   9.5735650142741724E+04   4.5459144864343783E-11   4.4029138186187059E-21   1.9862236495629425E+03
   1.3696770000000000E+09   9.6049603418796876E+04   4.5085106859379453E-11   4.3684246979288509E-21   1.9854333886358274E+03
   1.3716770000000000E+09   9.6363685280304533E+04   4.4715572255328442E-11   4.3342846707158437E-21   1.9846705836481424E+03
   1.3736770000000000E+09   9.6677894645481167E+04   4.4350475429612210E-11   4.3004894257928194E-21   1.9839351276184950E+03
   1.3756770000000000E+09   9.6992230330280960E+04   4.3989751808406850E-11   4.2670347175077957E-21   1.9832269106949238E+03
   1.3776770000000000E+09   9.7306690949062366E+04   4.3633337867353572E-11   4.2339163664844930E-21   1.9825458201452370E+03
   1.3796770000000000E+09   9.7621274929177351E+04   4.3281171108894349E-11   4.2011302580873623E-21   1.9818917403457306E+03
   1.3816770000000000E+09   9.7935980598868569E+04   4.2933190023588406E-11   4.1686723393084735E-21   1.9812645527735406E+03
   1.3836770000000000E+09   9.8250806248698165E+04   4.2589334056946695E-11   4.1365386161602842E-21   1.9806641360051567E+03
   1.3856770000000000E+09   9.8565750087761102E+04   4.2249543598951307E-11   4.1047251532493551E-21   1.9800903657188380E+03
   1.3876770000000000E+09   9.8880810053426161E+04   4.1913760002127024E-11   4.0732280761182792E-21   1.9795431146952239E+03
   1.3896770000000000E+09   9.9195983343685570E+04   4.1581925643806639E-11   4.0420435778983822E-21   1.9790222528077295E+03
   1.3916770000000000E+09   9.9511265119526041E+04   4.1253984115152045E-11   4.0111679383426480E-21   1.9785276469849093E+03
   1.3936770000000000E+09   9.9826644691021516E+04   4.0929880802321285E-11   3.9805975811683795E-21   1.9780591610932859E+03
   1.3956770000000000E+09   1.0014209474660206E+05   4.0609564563598615E-11   3.9503292385084501E-21   1.9776166555964046E+03
   1.3976770000000000E+09   1.0045754279850339E+05   4.0292992220356985E-11   3.9203603904662841E-21   1.9771999866200035E+03
   1.3996770000000000E+09   1.0077280040585970E+05   3.9980139758984201E-11   3.8906903610338130E-21   1.9768090035428741E+03
   1.4016770000000000E+09   1.0108740042934609E+05   3.9671028257299250E-11   3.8613228547395787E-21   1.9764435431675645E+03
   1.4036770000000000E+09   1.0140025483987857E+05   3.9365778865906496E-11   3.8322713378485543E-21   1.9761034165262276E+03
   1.4056770000000000E+09   1.0170901163708515E+05   3.9064717384707151E-11   3.8035692795827273E-21   1.9757883811629340E+03
   1.4076770000000000E+09   1.0200901639600001E+05   3.8768546226630375E-11   3.7752870093989822E-21   1.9754980877688092E+03
   1.4096770000000000E+09   1.0229198988489802E+05   3.8478570570408158E-11   3.7475539313699223E-21   1.9752319878750693E+03
   1.4116770000000000E+09   1.0254505415682992E+05   3.8196881615135606E-11   3.7205766498341162E-21   1.9749891952644653E+03
   1.4136770000000000E+09   1.0275151950235477E+05   3.7926264562511632E-11   3.6946303261570932E-21   1.9747683181136913E+03
   1.4156770000000000E+09   1.0289523580856431E+05   3.7669507279263636E-11   3.6699915474264928E-21   1.9745673298698218E+03
   1.4176770000000000E+09   1.0296891842030872E+05   3.7427972454582359E-11   3.6467990667219994E-21   1.9743836125490986E+03
   1.4196770000000000E+09   1.0298277465371661E+05   3.7199973549184630E-11   3.6248947705646830E-21   1.9742143253277511E+03
   1.4216770000000000E+09   1.0296566677577489E+05   3.6980323118299607E-11   3.6037782473007524E-21   1.9740571133788940E+03
   1.4236770000000000E+09   1.0295417591935920E+05   3.6762148506353206E-11   3.5827823251978779E-21   1.9739108469702912E+03
   1.4256770000000000E+09   1.0297833691428888E+05   3.6539780851655504E-11   3.5613542600634156E-21   1.9737758607969458E+03
   1.4276770000000000E+09   1.0306181028001617E+05   3.6309317615869404E-11   3.5391114522081061E-21   1.9736535452441226E+03
   1.4296770000000000E+09   1.0323838746606128E+05   3.6065889578085165E-11   3.5155757534884840E-21   1.9735460279492224E+03
   1.4316770000000000E+09   1.0353959589185903E+05   3.5801566913950600E-11   3.4899690473357649E-21   1.9734563777301712E+03
   1.4336770000000000E+09   1.0414457533974688E+05   3.5520433604146878E-11   3.4626773168589453E-21   1.9733917495678645E+03
   1.4356770000000000E+09   1.0317289530465336E+05   3.5112134545291302E-11   3.4229555710407843E-21   1.9733450987754247E+03
   6.5767700000000000E+08  -2.8863532012818227E+03   6.1758196868119972E-13   6.2226604803951334E-24   1.2032506034352371E+03
   6.5967700000000000E+08  -2.4915552483461843E+03   8.7623977839375916E-13   8.3646436025664550E-24   1.2700274556330291E+03
   6.6167700000000000E+08  -2.2017811571868342E+03   1.1422496773566930E-12   1.0456600636599144E-23   1.3243662625186932E+03
   6.6367700000000000E+08  -1.9092888700400642E+03   1.4384302608629648E-12   1.2803772476064763E-23   1.3620355689773137E+03
   6.6567700000000000E+08  -1.3222114122330090E+03   1.7487074318952030E-12   1.5234302883718901E-23   1.3916568327212599E+03
   6.6767700000000000E+08  -5.9659672661418358E+02   2.0702521826288509E-12   1.7715673983861093E-23   1.4167824157097386E+03
   6.6967700000000000E+08   5.8086708806383449E+01   2.4157499691723939E-12   2.0289157664221258E-23   1.4435291291459791E+03
   6.7167700000000000E+08   2.6363214017665450E+02   2.8257173016907861E-12   2.2981879612476966E-23   1.4906673930144104E+03
   6.7367700000000000E+08  -1.0644855183012817E+03   3.3968096938905867E-12   2.5186923448505496E-23   1.6350599481123595E+03
   6.7567700000000000E+08  -6.5496190017032304E+03   4.3415100009619147E-12   2.5820433666642836E-23   2.0385194519261372E+03
   6.7767700000000000E+08  -1.8343034979358326E+04   5.8292038066504506E-12   2.6527477119651490E-23   2.6641021776512571E+03
   6.7967700000000000E+08  -3.5016404840372204E+04   7.8817972336752156E-12   2.9369519360889603E-23   3.2536138276463084E+03
   6.8167700000000000E+08  -5.3924470874177263E+04   1.0664412966504953E-11   3.5336662937042121E-23   3.6588870804960943E+03
   6.8367700000000000E+08  -7.1198851971570955E+04   1.4496458425528360E-11   4.5562256220693951E-23   3.8573964698121031E+03
   6.8567700000000000E+08  -8.3219935060483753E+04   1.9785496504674260E-11   6.1601789650026774E-23   3.8939575250990465E+03
   6.8767700000000000E+08  -8.8544991039615721E+04   2.6977273132580482E-11   8.5374393623634006E-23   3.8309634029972581E+03
   6.8967700000000000E+08  -8.7941868822199132E+04   3.6504113886569563E-11   1.1895139621955473E-22   3.7205731960248254E+03
   6.9167700000000000E+08  -8.3247818042768515E+04   4.8719506676289860E-11   1.6419432944324239E-22   3.5973468518089417E+03
   6.9367700000000000E+08  -7.6329019017785671E+04   6.3819470228621758E-11   2.2228887342399667E-22   3.4807517988500504E+03
   6.9567700000000000E+08  -6.8562341389574998E+04   8.1766921142673474E-11   2.9330033969015430E-22   3.3798907724296687E+03
   6.9767700000000000E+08  -6.0735685133186700E+04   1.0225109658458058E-10   3.7593025020229680E-22   3.2976023720089156E+03
   6.9967700000000000E+08  -5.3169188583764357E+04   1.2470999901028284E-10   4.6760605124117474E-22   3.2333948288044858E+03
   7.0167700000000000E+08  -4.5898515799552762E+04   1.4841492759743217E-10   5.6488842957904523E-22   3.1853157686326008E+03
   7.0367700000000000E+08  -3.8830041456657986E+04   1.7258579432976986E-10   6.6403878726592417E-22   3.1510056674557582E+03
   7.0567700000000000E+08  -3.1840731141911143E+04   1.9649695356974454E-10   7.6154931913964192E-22   3.1282062092104929E+03
   7.0767700000000000E+08  -2.4829227927418138E+04   2.1954655016235166E-10   8.5450144144094953E-22   3.1149523235659317E+03
   7.0967700000000000E+08  -1.7733740314597562E+04   2.4128361512845525E-10   9.4071945938728244E-22   3.1096054570436982E+03
   7.1167700000000000E+08  -1.0531032196181437E+04   2.6140264150569316E-10   1.0187616208662503E-21   3.1108207164690293E+03
   7.1367700000000000E+08  -3.2269023203198385E+03   2.7972067263691637E-10   1.0878182435321620E-21   3.1174953347139153E+03
   7.1567700000000000E+08   4.1622169050918819E+03   2.9615514739105140E-10   1.1475993772133768E-21   3.1287190595469210E+03
   7.1767700000000000E+08   1.1617273254926857E+04   3.1069638466130728E-10   1.1981951800061348E-21   3.1437370819510602E+03
   7.1967700000000000E+08   1.9059747845948299E+04   3.2329663034069004E-10   1.2395773423809392E-21   3.1620238038494499E+03
   7.2167700000000000E+08   2.6416788181209693E+04   3.3407616316321585E-10   1.2724992340328644E-21   3.1829187010984974E+03
   7.2367700000000000E+08   3.3672769384336876E+04   3.4313099454329272E-10   1.2976324227413460E-21   3.2058695539451787E+03
   7.2567700000000000E+08   4.0814024240833998E+04   3.5056076516429748E-10   1.3156510139751859E-21   3.2304289207728179E+03
   7.2767700000000000E+08   4.7829892151400069E+04   3.5646838519020941E-10   1.3272216119847660E-21   3.2562306518434639E+03
   7.2967700000000000E+08   5.4713965831923968E+04   3.6095911431618313E-10   1.3329940353902071E-21   3.2829736163552379E+03
   7.3167700000000000E+08   6.1464461211542599E+04   3.6414008933685016E-10   1.3335960796807588E-21   3.3104098884496893E+03
   7.3367700000000000E+08   6.8084002521983770E+04   3.6611983271352556E-10   1.3296300481654562E-21   3.3383358049049434E+03
   7.3567700000000000E+08   7.4579010308672878E+04   3.6700746897408920E-10   1.3216696659491700E-21   3.3665848638514753E+03
   7.3767700000000000E+08   8.0958859113063154E+04   3.6691158404028340E-10   1.3102568504494202E-21   3.3950218266446368E+03
   7.3967700000000000E+08   8.7234955256911446E+04   3.6593881213753919E-10   1.2958983921601762E-21   3.4235376574254542E+03
   7.4167700000000000E+08   9.3419860579716391E+04   3.6419231862589155E-10   1.2790629097358830E-21   3.4520451117004723E+03
   7.4367700000000000E+08   9.9526543312441849E+04   3.6177036622762909E-10   1.2601785163732049E-21   3.4804748860772352E+03
   7.4567700000000000E+08   1.0556779794685687E+05   3.5876511844567280E-10   1.2396315282559293E-21   3.5087722881853656E+03
   7.4767700000000000E+08   1.1155583967186621E+05   3.5526177466960956E-10   1.2177663633082465E-21   3.5368943990642238E+03
   7.4967700000000000E+08   1.1750205473216520E+05   3.5133806715943596E-10   1.1948865903466292E-21   3.5648076963858048E+03
   7.5167700000000000E+08   1.2341687538650278E+05   3.4706409755032292E-10   1.1712569477212633E-21   3.5924860974860130E+03
   7.5367700000000000E+08   1.2930974515539425E+05   3.4250245687979460E-10   1.1471060747902076E-21   3.6199093730431223E+03
   7.5567700000000000E+08   1.3518914327360765E+05   3.3770855845117990E-10   1.1226296839685098E-21   3.6470618782269948E+03
   7.5767700000000000E+08   1.4106264349422583E+05   3.3273111283574366E-10   1.0979939279937586E-21   3.6739315485523448E+03
   7.5967700000000000E+08   1.4693698925256115E+05   3.2761268337316423E-10   1.0733387665198647E-21   3.7005091115154933E+03
   7.6167700000000000E+08   1.5281817331401954E+05   3.2239027363313837E-10   1.0487811918626667E-21   3.7267874709988710E+03
   7.6367700000000000E+08   1.5871151482366354E+05   3.1709591186885376E-10   1.0244182250763176E-21   3.7527612281427241E+03
   7.6567700000000000E+08   1.6462173008461774E+05   3.1175720946162572E-10   1.0003296352900848E-21   3.7784263090030277E+03
   7.6767700000000000E+08   1.7055299561566365E+05   3.0639787986091042E-10   9.7658036601768933E-22   3.8037796752959248E+03
   7.6967700000000000E+08   1.7650900336036284E+05   3.0103821147924535E-10   9.5322267288701487E-22   3.8288190996250851E+03
   7.7167700000000000E+08   1.8249300861619756E+05   2.9569549273186038E-10   9.3029798986595211E-22   3.8535429907523380E+03
   7.7367700000000000E+08   1.8850787154723232E+05   2.9038439039241241E-10   9.0783854771794444E-22   3.8779502577740309E+03
   7.7567700000000000E+08   1.9455609320292901E+05   2.8511728414639246E-10   8.8586877101153820E-22   3.9020402046296294E+03
   7.7767700000000000E+08   2.0063984690149873E+05   2.7990456106719537E-10   8.6440648003387702E-22   3.9258124483328784E+03
   7.7967700000000000E+08   2.0676100571992050E+05   2.7475487402801011E-10   8.4346392250791673E-22   3.9492668558086325E+03
   7.8167700000000000E+08   2.1292116670631486E+05   2.6967536801810699E-10   8.2304865782342633E-22   3.9724034953510363E+03
   7.8367700000000000E+08   2.1912167231566855E+05   2.6467187810467623E-10   8.0316431402904855E-22   3.9952225995801759E+03
   7.8567700000000000E+08   2.2536362947599278E+05   2.5974910246670799E-10   7.8381123537162251E-22   4.0177245374341383E+03
   7.8767700000000000E+08   2.3164792662027082E+05   2.5491075358311577E-10   7.6498703585715898E-22   4.0399097932433287E+03
   7.8967700000000000E+08   2.3797524896733931E+05   2.5015969031593792E-10   7.4668707221281738E-22   4.0617789513323100E+03
   7.9167700000000000E+08   2.4434609229760693E+05   2.4549803330784067E-10   7.2890484777157710E-22   4.0833326849090677E+03
   7.9367700000000000E+08   2.5076077544239254E+05   2.4092726581876341E-10   7.1163235717597536E-22   4.1045717482524033E+03
   7.9567700000000000E+08   2.5721945168447748E+05   2.3644832186159805E-10   6.9486038038679291E-22   4.1254969714093231E+03
   7.9767700000000000E+08   2.6372211924891861E+05   2.3206166326078702E-10   6.7857873326461154E-22   4.1461092567766327E+03
   7.9967700000000000E+08   2.7026863104508683E+05   2.2776734704887906E-10   6.6277648094388237E-22   4.1664095770717158E+03
   8.0167700000000000E+08   2.7685870380217931E+05   2.2356508443212656E-10   6.4744211931880488E-22   4.1863989743030497E+03
   8.0367700000000000E+08   2.8349192672073707E+05   2.1945429239480010E-10   6.3256372918846670E-22   4.2060785594356894E+03
   8.0567700000000000E+08   2.9016776974223350E+05   2.1543413887075188E-10   6.1812910694801743E-22   4.2254495125146732E+03
   8.0767700000000000E+08   2.9688559151823574E+05   2.1150358228772108E-10   6.0412587514792394E-22   4.2445130830630833E+03
   8.0967700000000000E+08   3.0364464714064554E+05   2.0766140618298322E-10   5.9054157576140496E-22   4.2632705906140718E+03
   8.1167700000000000E+08   3.1044409567593294E+05   2.0390624949632858E-10   5.7736374858927514E-22   4.2817234252695871E+03
   8.1367700000000000E+08   3.1728300752962771E+05   2.0023663306633775E-10   5.6457999688158968E-22   4.2998730482048013E+03
   8.1567700000000000E+08   3.2416037165318622E+05   1.9665098278690808E-10   5.5217804195772943E-22   4.3177209920578025E+03
   8.1767700000000000E+08   3.3107510259390197E+05   1.9314764982160617E-10   5.4014576835336026E-22   4.3352688611604017E+03
   8.1967700000000000E+08   3.3802604737996322E+05   1.8972492822233332E-10   5.2847126080725161E-22   4.3525183315786726E+03
   8.2167700000000000E+08   3.4501199222692969E+05   1.8638107025491643E-10   5.1714283421767865E-22   4.3694711509422332E+03
   8.2367700000000000E+08   3.5203166904864489E+05   1.8311429969653344E-10   5.0614905754210196E-22   4.3861291380496368E+03
   8.2567700000000000E+08   3.5908376175464463E+05   1.7992282333748317E-10   4.9547877248088671E-22   4.4024941822441724E+03
   8.2767700000000000E+08   3.6616691231697827E+05   1.7680484089199345E-10   4.8512110767256156E-22   4.4185682425601790E+03
   8.2967700000000000E+08   3.7327972659174009E+05   1.7375855349882671E-10   4.7506548903144062E-22   4.4343533466448571E+03
   8.3167700000000000E+08   3.8042077988396218E+05   1.7078217097187317E-10   4.6530164677593899E-22   4.4498515894645752E+03
   8.3367700000000000E+08   3.8758862224844832E+05   1.6787391794322797E-10   4.5581961962543468E-22   4.4650651318081627E+03
   8.3567700000000000E+08   3.9478178352322371E+05   1.6503203902598727E-10   4.4660975658322853E-22   4.4799961986022863E+03
   8.3767700000000000E+08   4.0199877809614956E+05   1.6225480311082783E-10   4.3766271667149873E-22   4.4946470770560754E+03
   8.3967700000000000E+08   4.0923810940860322E+05   1.5954050689899999E-10   4.2896946693972235E-22   4.5090201146535719E+03
   8.4167700000000000E+08   4.1649827420273254E+05   1.5688747776438341E-10   4.2052127902970211E-22   4.5231177170132705E+03
   8.4367700000000000E+08   4.2377776652051957E+05   1.5429407602845480E-10   4.1230972454699875E-22   4.5369423456342402E+03
   8.4567700000000000E+08   4.3107508146364213E+05   1.5175869672416139E-10   4.0432666945935920E-22   4.5504965155477403E+03
   8.4767700000000000E+08   4.3838871872299793E+05   1.4927977091758270E-10   3.9656426771684767E-22   4.5637827928924007E+03
   8.4967700000000000E+08   4.4571718588582135E+05   1.4685576664971989E-10   3.8901495426519327E-22   4.5768037924295941E+03
   8.5167700000000000E+08   4.5305900152678922E+05   1.4448518955464220E-10   3.8167143760283622E-22   4.5895621750139662E+03
   8.5367700000000000E+08   4.6041269808760536E+05   1.4216658320443504E-10   3.7452669201286354E-22   4.6020606450321875E+03
   8.5567700000000000E+08   4.6777682454753492E+05   1.3989852922587433E-10   3.6757394958320092E-22   4.6143019478209517E+03
   8.5767700000000000E+08   4.7514994888545590E+05   1.3767964722846425E-10   3.6080669211188200E-22   4.6262888670734283E+03
   8.5967700000000000E+08   4.8253066033251234E+05   1.3550859457839742E-10   3.5421864297881238E-22   4.6380242222414026E+03
   8.6167700000000000E+08   4.8991757141348225E+05   1.3338406604817478E-10   3.4780375905121223E-22   4.6495108659389007E+03
   8.6367700000000000E+08   4.9730931977472134E+05   1.3130479336706961E-10   3.4155622267683631E-22   4.6607516813517395E+03
   8.6567700000000000E+08   5.0470456979702954E+05   1.2926954469339227E-10   3.3547043380721425E-22   4.6717495796564972E+03
   8.6767700000000000E+08   5.1210201399300440E+05   1.2727712402565603E-10   3.2954100228257576E-22   4.6825074974518193E+03
   8.6967700000000000E+08   5.1950037419032899E+05   1.2532637056629941E-10   3.2376274030089232E-22   4.6930283942047272E+03
   8.7167700000000000E+08   5.2689840250479477E+05   1.2341615804863234E-10   3.1813065508563747E-22   4.7033152497145566E+03
   8.7367700000000000E+08   5.3429488210958219E+05   1.2154539403514155E-10   3.1263994176038613E-22   4.7133710615975497E+03
   8.7567700000000000E+08   5.4168862781014387E+05   1.1971301919323305E-10   3.0728597643326694E-22   4.7231988427954821E+03
   8.7767700000000000E+08   5.4907848643678299E+05   1.1791800655288526E-10   3.0206430949043574E-22   4.7328016191123106E+03
   8.7967700000000000E+08   5.5646333706949046E+05   1.1615936074950083E-10   2.9697065909504276E-22   4.7421824267834809E+03
   8.8167700000000000E+08   5.6384209111169388E+05   1.1443611725442757E-10   2.9200090488647513E-22   4.7513443100829909E+03
   8.8367700000000000E+08   5.7121369223125651E+05   1.1274734159510364E-10   2.8715108187375066E-22   4.7602903189738863E+03
   8.8567700000000000E+08   5.7857711618848401E+05   1.1109212856647363E-10   2.8241737451659139E-22   4.7690235068081984E+03
   8.8767700000000000E+08   5.8593137057276512E+05   1.0946960143508532E-10   2.7779611098753415E-22   4.7775469280825655E+03
   8.8967700000000000E+08   5.9327549447337084E+05   1.0787891113686864E-10   2.7328375760782685E-22   4.7858636362560683E+03
   8.9167700000000000E+08   6.0060855811965279E+05   1.0631923546858053E-10   2.6887691344770235E-22   4.7939766816370739E+03
   8.9367700000000000E+08   6.0792966254926031E+05   1.0478977827045499E-10   2.6457230507584874E-22   4.8018891093469038E+03
   8.9567700000000000E+08   6.1523793941507558E+05   1.0328976859227672E-10   2.6036678142989000E-22   4.8096039573700373E+03
   8.9767700000000000E+08   6.2253255114726466E+05   1.0181845982470922E-10   2.5625730875398525E-22   4.8171242547048687E+03
   8.9967700000000000E+08   6.2981269187771739E+05   1.0037512875987342E-10   2.5224096550539882E-22   4.8244530196365467E+03
   9.0167700000000000E+08   6.3707758982770517E+05   9.8959074519626869E-11   2.4831493706863912E-22   4.8315932581651268E+03
   9.0367700000000000E+08   6.4432651219688437E+05   9.7569617264649571E-11   2.4447651005358801E-22   4.8385479626375773E+03
   9.0567700000000000E+08   6.5155877371597989E+05   9.6206096598876416E-11   2.4072306595954920E-22   4.8453201106471479E+03
   9.0767700000000000E+08   6.5877374932629208E+05   9.4867869668604294E-11   2.3705207420109562E-22   4.8519126642695574E+03
   9.0967700000000000E+08   6.6597088893867389E+05   9.3554309206030142E-11   2.3346108511715032E-22   4.8583285696897110E+03
   9.1167700000000000E+08   6.7314972702644835E+05   9.2264802238778808E-11   2.2994772475661155E-22   4.8645707572159472E+03
   9.1367700000000000E+08   6.8030987262917729E+05   9.0998750776080042E-11   2.2650969468824769E-22   4.8706421415519098E+03
   9.1567700000000000E+08   6.8745096078040090E+05   8.9755576042346982E-11   2.2314478071048982E-22   4.8765456219414236E+03
   9.1767700000000000E+08   6.9457255396492302E+05   8.8534726934956086E-11   2.1985087210391820E-22   4.8822840813415723E+03
   9.1967700000000000E+08   7.0167401165007264E+05   8.7335690619514205E-11   2.1662598623145301E-22   4.8878603831498485E+03
   9.2167700000000000E+08   7.0875439322397404E+05   8.6157999140508832E-11   2.1346828335599430E-22   4.8932773636707379E+03
   9.2367700000000000E+08   7.1581249034174066E+05   8.5001223799858170E-11   2.1037605135623176E-22   4.8985378197799382E+03
   9.2567700000000000E+08   7.2284704423491552E+05   8.3864953357841388E-11   2.0734765065074829E-22   4.9036444951588364E+03
   9.2767700000000000E+08   7.2985706947852403E+05   8.2748764273312503E-11   2.0438143951030400E-22   4.9086000742367132E+03
   9.2967700000000000E+08   7.3684206813858845E+05   8.1652202298693913E-11   2.0147572708954536E-22   4.9134071950926163E+03
   9.3167700000000000E+08   7.4380199438330799E+05   8.0574785768922362E-11   1.9862877965140940E-22   4.9180684778570248E+03
   9.3367700000000000E+08   7.5073711823185720E+05   7.9516015088118071E-11   1.9583884207357286E-22   4.9225865543473537E+03
   9.3567700000000000E+08   7.5764825703470572E+05   7.8475336848616215E-11   1.9310404792603507E-22   4.9269640920816264E+03
   9.3767700000000000E+08   7.6453814871612936E+05   7.7451969861311578E-11   1.9042199232954053E-22   4.9312037734042260E+03
   9.3967700000000000E+08   7.7141391963599634E+05   7.6444617310191482E-11   1.8778902844227048E-22   4.9353082394910316E+03
   9.4167700000000000E+08   7.7828806230778457E+05   7.5451405463253880E-11   1.8520011728707164E-22   4.9392801883948014E+03
   9.4367700000000000E+08   7.8517452924522280E+05   7.4470425352634251E-11   1.8265014766329210E-22   4.9431227257419050E+03
   9.4567700000000000E+08   7.9208074909499835E+05   7.3500680951283796E-11   1.8013625048476779E-22   4.9468396176194547E+03
   9.4767700000000000E+08   7.9900154225916986E+05   7.2542684519889543E-11   1.7765925872996993E-22   4.9504350130678431E+03
   9.4967700000000000E+08   8.0592055271629186E+05   7.1598126508623776E-11   1.7522291198322313E-22   4.9539127252778908E+03
   9.5167700000000000E+08   8.1281824608135968E+05   7.0668884245833285E-11   1.7283144021178324E-22   4.9572756876501726E+03
   9.5367700000000000E+08   8.1968285775830597E+05   6.9756413211276395E-11   1.7048809508652633E-22   4.9605253073504855E+03
   9.5567700000000000E+08   8.2648066069078271E+05   6.8863630165092749E-11   1.6819984299205264E-22   4.9636587149482539E+03
   9.5767700000000000E+08   8.3314481755816028E+05   6.7996090515530962E-11   1.6597935740470468E-22   4.9666945378911523E+03
   9.5967700000000000E+08   8.3975032458761137E+05   6.7145868268703290E-11   1.6380779744327633E-22   4.9696100185275909E+03
   9.6167700000000000E+08   8.4631829354173422E+05   6.6310391896994295E-11   1.6167825562944733E-22   4.9724172689505749E+03
   9.6367700000000000E+08   8.5285514553588035E+05   6.5488696520590069E-11   1.5958811001469175E-22   4.9751181765936717E+03
   9.6567700000000000E+08   8.5936266763092449E+05   6.4680326451510059E-11   1.5753600398926944E-22   4.9777142784163552E+03
   9.6767700000000000E+08   8.6584137225923431E+05   6.3884962389357234E-11   1.5552091208763005E-22   4.9802074675639033E+03
   9.6967700000000000E+08   8.7229139848169801E+05   6.3102326499351920E-11   1.5354191564203150E-22   4.9825997627848528E+03
   9.7167700000000000E+08   8.7871276111533551E+05   6.2332159121839961E-11   1.5159814921504471E-22   4.9848931957602281E+03
   9.7367700000000000E+08   8.8510543618855393E+05   6.1574211388560914E-11   1.4968878318423328E-22   4.9870897792705337E+03
   9.7567700000000000E+08   8.9146939577840455E+05   6.0828241932090686E-11   1.4781301553044771E-22   4.9891915002167161E+03
   9.7767700000000000E+08   8.9780462211465032E+05   6.0094015339327369E-11   1.4597006771776704E-22   4.9912003183838169E+03
   9.7967700000000000E+08   9.0411111246384331E+05   5.9371301545966481E-11   1.4415918285074040E-22   4.9931181662793824E+03
   9.8167700000000000E+08   9.1038888011670136E+05   5.8659875662679378E-11   1.4237962489265595E-22   4.9949469491721657E+03
   9.8367700000000000E+08   9.1663795348134253E+05   5.7959517960443233E-11   1.4063067828188238E-22   4.9966885452754432E+03
   9.8567700000000000E+08   9.2285837423942040E+05   5.7270013887389475E-11   1.3891164763793408E-22   4.9983448059841985E+03
   9.8767700000000000E+08   9.2905019545154553E+05   5.6591154050622564E-11   1.3722185739922053E-22   4.9999175560217409E+03
   9.8967700000000000E+08   9.3521347967046162E+05   5.5922734182507024E-11   1.3556065143901549E-22   5.0014085935007352E+03
   9.9167700000000000E+08   9.4134829567197163E+05   5.5264555218281491E-11   1.3392739296372305E-22   5.0028196899985605E+03
   9.9367700000000000E+08   9.4745471152154286E+05   5.4616423653183634E-11   1.3232146509851175E-22   5.0041525906998013E+03
   9.9567700000000000E+08   9.5353278218104830E+05   5.3978152260544093E-11   1.3074227235434529E-22   5.0054090146753224E+03
   9.9767700000000000E+08   9.5958253329361626E+05   5.3349560956632465E-11   1.2918924246358664E-22   5.0065906550166319E+03
   9.9967700000000000E+08   9.6560394657082343E+05   5.2730477333379267E-11   1.2766182741826736E-22   5.0076991790502125E+03
   1.0016770000000000E+09   9.7159695977254689E+05   5.2120735955209910E-11   1.2615950155212408E-22   5.0087362275526066E+03
   1.0036770000000000E+09   9.7756149192120961E+05   5.1520175859384186E-11   1.2468175530313580E-22   5.0097034133041934E+03
   1.0056770000000000E+09   9.8349749388014607E+05   5.0928636576815433E-11   1.2322808539312574E-22   5.0106023203492459E+03
   1.0076770000000000E+09   9.8940501629230066E+05   5.0345953551327733E-11   1.2179798355223029E-22   5.0114345039541313E+03
   1.0096770000000000E+09   9.9528427601063205E+05   4.9771954335025768E-11   1.2039092709098715E-22   5.0122014924994019E+03
   1.0116770000000000E+09   1.0011357004097928E+06   4.9206456646852027E-11   1.1900637393953253E-22   5.0129047916581067E+03
   1.0136770000000000E+09   1.0069599434823727E+06   4.8649268887675057E-11   1.1764376373349393E-22   5.0135458845918156E+03
   1.0156770000000000E+09   1.0127578294800622E+06   4.8100195440016242E-11   1.1630253027467110E-22   5.0141262405441385E+03
   1.0176770000000000E+09   1.0185302368966525E+06   4.7559044734235270E-11   1.1498212071719553E-22   5.0146473221316255E+03
   1.0196770000000000E+09   1.0242779852506354E+06   4.7025636255985231E-11   1.1368201246963068E-22   5.0151105806569512E+03
   1.0216770000000000E+09   1.0300017331898378E+06   4.6499806160650054E-11   1.1240172663269743E-22   5.0155174553333072E+03
   1.0236770000000000E+09   1.0357019089283125E+06   4.5981410245852701E-11   1.1114083511815277E-22   5.0158693695800430E+03
   1.0256770000000000E+09   1.0413786859112554E+06   4.5470323868286815E-11   1.0989896041954081E-22   5.0161677257390502E+03
   1.0276770000000000E+09   1.0470320022833791E+06   4.4966439267401559E-11   1.0867576911178985E-22   5.0164139001541726E+03
   1.0296770000000000E+09   1.0526616128027812E+06   4.4469661258125769E-11   1.0747096138854991E-22   5.0166092394810694E+03
   1.0316770000000000E+09   1.0582671572052257E+06   4.3979902387723381E-11   1.0628425927640172E-22   5.0167550586364860E+03
   1.0336770000000000E+09   1.0638482295584213E+06   4.3497078480327624E-11   1.0511539575895547E-22   5.0168526403575352E+03
   1.0356770000000000E+09   1.0694044371578074E+06   4.3021105157475913E-11   1.0396410623942900E-22   5.0169032360395313E+03
   1.0376770000000000E+09   1.0749354428687280E+06   4.2551895563806926E-11   1.0283012290457193E-22   5.0169080673949657E+03
   1.0396770000000000E+09   1.0804409897373538E+06   4.2089359240527073E-11   1.0171317185981148E-22   5.0168683284928175E+03
   1.0416770000000000E+09   1.0859209101414313E+06   4.1633401916814079E-11   1.0061297248666610E-22   5.0167851878400861E+03
   1.0436770000000000E+09   1.0913751234759265E+06   4.1183925926575705E-11   9.9529238319275952E-23   5.0166597902960420E+03
   1.0456770000000000E+09   1.0968036266694053E+06   4.0740830974064490E-11   9.8461678773619697E-23   5.0164932587193443E+03
   1.0476770000000000E+09   1.1022064812338641E+06   4.0304015029894698E-11   9.7410001201806570E-23   5.0162866953228176E+03
   1.0496770000000000E+09   1.1075837995641064E+06   3.9873375209188946E-11   9.6373912912568583E-23   5.0160411827546650E+03
   1.0516770000000000E+09   1.1129357321871519E+06   3.9448808547087344E-11   9.5353122952119915E-23   5.0157577849462123E+03
   1.0536770000000000E+09   1.1182624568271602E+06   3.9030212634907196E-11   9.4347343555589485E-23   5.0154375477704243E+03
   1.0556770000000000E+09   1.1235641695657247E+06   3.8617486111682509E-11   9.3356291255269844E-23   5.0150814995522878E+03
   1.0576770000000000E+09   1.1288410780220954E+06   3.8210529023494480E-11   9.2379687674761143E-23   5.0146906514668344E+03
   1.0596770000000000E+09   1.1340933962996430E+06   3.7809243070892395E-11   9.1417260057284111E-23   5.0142659978543088E+03
   1.0616770000000000E+09   1.1393213413835943E+06   3.7413531766511418E-11   9.0468741580934806E-23   5.0138085164759977E+03
   1.0636770000000000E+09   1.1445251306790041E+06   3.7023300523596743E-11   8.9533871510388328E-23   5.0133191687295566E+03
   1.0656770000000000E+09   1.1497049804125486E+06   3.6638456693344763E-11   8.8612395227900293E-23   5.0127988998382298E+03
   1.0676770000000000E+09   1.1548611046664850E+06   3.6258909565807110E-11   8.7704064178895600E-23   5.0122486390248323E+03
   1.0696770000000000E+09   1.1599937148571468E+06   3.5884570346088831E-11   8.6808635760223321E-23   5.0116692996783404E+03
   1.0716770000000000E+09   1.1651030195103909E+06   3.5515352114875389E-11   8.5925873172704995E-23   5.0110617795183498E+03
   1.0736770000000000E+09   1.1701892242214801E+06   3.5151169780002656E-11   8.5055545254045133E-23   5.0104269607607112E+03
   1.0756770000000000E+09   1.1752525317175097E+06   3.4791940023822439E-11   8.4197426303473850E-23   5.0097657102858984E+03
   1.0776770000000000E+09   1.1802931419665527E+06   3.4437581249519599E-11   8.3351295905658025E-23   5.0090788798107442E+03
   1.0796770000000000E+09   1.1853112522989297E+06   3.4088013528296843E-11   8.2516938758440857E-23   5.0083673060633228E+03
   1.0816770000000000E+09   1.1903070575218848E+06   3.3743158548453832E-11   8.1694144506829555E-23   5.0076318109604535E+03
   1.0836770000000000E+09   1.1952807500194865E+06   3.3402939566810696E-11   8.0882707584257656E-23   5.0068732017874572E+03
   1.0856770000000000E+09   1.2002325198355026E+06   3.3067281362597875E-11   8.0082427061362753E-23   5.0060922713795308E+03
   1.0876770000000000E+09   1.2051625547395858E+06   3.2736110193778263E-11   7.9293106502139380E-23   5.0052897983045013E+03
   1.0896770000000000E+09   1.2100710402777661E+06   3.2409353755707997E-11   7.8514553827188422E-23   5.0044665470465206E+03
   1.0916770000000000E+09   1.2149581598082962E+06   3.2086941142020857E-11   7.7746581183733520E-23   5.0036232681903903E+03
   1.0936770000000000E+09   1.2198240945239412E+06   3.1768802807609045E-11   7.6989004822048475E-23   5.0027606986061164E+03
   1.0956770000000000E+09   1.2246690234622739E+06   3.1454870533553182E-11   7.6241644977892885E-23   5.0018795616333846E+03
   1.0976770000000000E+09   1.2294931235061318E+06   3.1145077393835636E-11   7.5504325760511852E-23   5.0009805672654384E+03
   1.0996770000000000E+09   1.2342965693769029E+06   3.0839357723659105E-11   7.4776875045723326E-23   5.0000644123322036E+03
   1.1016770000000000E+09   1.2390795336235631E+06   3.0537647089189720E-11   7.4059124373613447E-23   4.9991317806823236E+03
   1.1036770000000000E+09   1.2438421866102123E+06   3.0239882258555967E-11   7.3350908850389663E-23   4.9981833433638949E+03
   1.1056770000000000E+09   1.2485846965043151E+06   2.9946001173957378E-11   7.2652067053993815E-23   4.9972197588039344E+03
   1.1076770000000000E+09   1.2533072292671578E+06   2.9655942924761010E-11   7.1962440943142955E-23   4.9962416729862362E+03
   1.1096770000000000E+09   1.2580099486471631E+06   2.9369647721493272E-11   7.1281875769530011E-23   4.9952497196278528E+03
   1.1116770000000000E+09   1.2626930161760037E+06   2.9087056870656741E-11   7.0610219992979855E-23   4.9942445203538891E+03
   1.1136770000000000E+09   1.2673565911668560E+06   2.8808112750320797E-11   6.9947325199398202E-23   4.9932266848706868E+03
   1.1156770000000000E+09   1.2720008307137208E+06   2.8532758786448801E-11   6.9293046021388545E-23   4.9921968111373244E+03
   1.1176770000000000E+09   1.2766258896905587E+06   2.8260939429932643E-11   6.8647240061433992E-23   4.9911554855353061E+03
   1.1196770000000000E+09   1.2812319207488913E+06   2.7992600134312509E-11   6.8009767817558354E-23   4.9901032830363592E+03
   1.1216770000000000E+09   1.2858190743126126E+06   2.7727687334162640E-11   6.7380492611388522E-23   4.9890407673683394E+03
   1.1236770000000000E+09   1.2903874985689339E+06   2.7466148424124838E-11   6.6759280518546314E-23   4.9879684911790509E+03
   1.1256770000000000E+09   1.2949373394546139E+06   2.7207931738572263E-11   6.6146000301299269E-23   4.9868869961978944E+03
   1.1276770000000000E+09   1.2994687406369215E+06   2.6952986531886123E-11   6.5540523343400119E-23   4.9857968133953755E+03
   1.1296770000000000E+09   1.3039818434891321E+06   2.6701262959324596E-11   6.4942723587041428E-23   4.9846984631401965E+03
   1.1316770000000000E+09   1.3084767870607274E+06   2.6452712058462077E-11   6.4352477471845204E-23   4.9835924553540335E+03
   1.1336770000000000E+09   1.3129537080428414E+06   2.6207285731173506E-11   6.3769663875803966E-23   4.9824792896637837E+03
   1.1356770000000000E+09   1.3174127407299487E+06   2.5964936726133169E-11   6.3194164058074392E-23   4.9813594555513382E+03
   1.1376770000000000E+09   1.3218540169792098E+06   2.5725618621794150E-11   6.2625861603519588E-23   4.9802334325007823E+03
   1.1396770000000000E+09   1.3262776661693188E+06   2.5489285809808538E-11   6.2064642368881224E-23   4.9791016901429794E+03
   1.1416770000000000E+09   1.3306838151610976E+06   2.5255893478846132E-11   6.1510394430455688E-23   4.9779646883976693E+03
   1.1436770000000000E+09   1.3350725882625468E+06   2.5025397598761577E-11   6.0963008033133345E-23   4.9768228776129636E+03
   1.1456770000000000E+09   1.3394441072013553E+06   2.4797754905060495E-11   6.0422375540658684E-23   4.9756766987023839E+03
   1.1476770000000000E+09   1.3437984911082035E+06   2.4572922883610569E-11   5.9888391386959302E-23   4.9745265832795467E+03
   1.1496770000000000E+09   1.3481358565144103E+06   2.4350859755544568E-11   5.9360952028394525E-23   4.9733729537906083E+03
   1.1516770000000000E+09   1.3524563173675877E+06   2.4131524462302817E-11   5.8839955896776518E-23   4.9722162236445865E+03
   1.1536770000000000E+09   1.3567599850689301E+06   2.3914876650767485E-11   5.8325303353026765E-23   4.9710567973418702E+03
   1.1556770000000000E+09   1.3610469685356142E+06   2.3700876658446277E-11   5.7816896641346134E-23   4.9698950706010510E+03
   1.1576770000000000E+09   1.3653173742914568E+06   2.3489485498671013E-11   5.7314639843794961E-23   4.9687314304843840E+03
   1.1596770000000000E+09   1.3695713065883708E+06   2.3280664845789108E-11   5.6818438835210586E-23   4.9675662555221761E+03
   1.1616770000000000E+09   1.3738088675605454E+06   2.3074377020336078E-11   5.6328201238415619E-23   4.9663999158363795E+03
   1.1636770000000000E+09   1.3780301574121965E+06   2.2870584974195195E-11   5.5843836379713944E-23   4.9652327732637441E+03
   1.1656770000000000E+09   1.3822352746387350E+06   2.2669252275763795E-11   5.5365255244705096E-23   4.9640651814788735E+03
   1.1676770000000000E+09   1.3864243162798309E+06   2.2470343095164382E-11   5.4892370434494900E-23   4.9628974861174493E+03
   1.1696770000000000E+09   1.3905973782014919E+06   2.2273822189555123E-11   5.4425096122420271E-23   4.9617300248999836E+03
   1.1716770000000000E+09   1.3947545554027879E+06   2.2079654888610622E-11   5.3963348011447402E-23   4.9605631277564007E+03
   1.1736770000000000E+09   1.3988959423414157E+06   2.1887807080257101E-11   5.3507043292438333E-23   4.9593971169515498E+03
   1.1756770000000000E+09   1.4030216332709196E+06   2.1698245196758620E-11   5.3056100603509346E-23   4.9582323072119925E+03
   1.1776770000000000E+09   1.4071317225812047E+06   2.1510936201257792E-11   5.2610439990726032E-23   4.9570690058540895E+03
   1.1796770000000000E+09   1.4112263051331071E+06   2.1325847574875552E-11   5.2169982870383945E-23   4.9559075129133671E+03
   1.1816770000000000E+09   1.4153054765771946E+06   2.1142947304473634E-11   5.1734651993121181E-23   4.9547481212752236E+03
   1.1836770000000000E+09   1.4193693336468688E+06   2.0962203871173338E-11   5.1304371410089064E-23   4.9535911168067305E+03
   1.1856770000000000E+09   1.4234179744161363E+06   2.0783586239710793E-11   5.0879066441373652E-23   4.9524367784893520E+03
   1.1876770000000000E+09   1.4274514985132618E+06   2.0607063848688586E-11   5.0458663646814510E-23   4.9512853785521702E+03
   1.1896770000000000E+09   1.4314700072827260E+06   2.0432606601761516E-11   5.0043090799311584E-23   4.9501371826053191E+03
   1.1916770000000000E+09   1.4354736038896206E+06   2.0260184859766022E-11   4.9632276860645283E-23   4.9489924497730781E+03
   1.1936770000000000E+09   1.4394623933625398E+06   2.0089769433775947E-11   4.9226151959768075E-23   4.9478514328260871E+03
   1.1956770000000000E+09   1.4434364825732843E+06   1.9921331579038533E-11   4.8824647373455327E-23   4.9467143783122174E+03
   1.1976770000000000E+09   1.4473959801539453E+06   1.9754842989718136E-11   4.8427695509139502E-23   4.9455815266854243E+03
   1.1996770000000000E+09   1.4513409963542093E+06   1.9590275794352287E-11   4.8035229889693218E-23   4.9444531124321466E+03
   1.2016770000000000E+09   1.4552716428438786E+06   1.9427602551904866E-11   4.7647185139879081E-23   4.9433293641946748E+03
   1.2036770000000000E+09   1.4591880324674444E+06   1.9266796248287868E-11   4.7263496974149362E-23   4.9422105048910153E+03
   1.2056770000000000E+09   1.4630902789591227E+06   1.9107830293214816E-11   4.6884102185455937E-23   4.9410967518310154E+03
   1.2076770000000000E+09   1.4669784966279669E+06   1.8950678517245201E-11   4.6508938634723121E-23   4.9399883168282395E+03
   1.2096770000000000E+09   1.4708528000234100E+06   1.8795315168883264E-11   4.6137945240640761E-23   4.9388854063075933E+03
   1.2116770000000000E+09   1.4747133035920290E+06   1.8641714911600253E-11   4.5771061969451178E-23   4.9377882214084539E+03
   1.2136770000000000E+09   1.4785601213361984E+06   1.8489852820662585E-11   4.5408229824433108E-23   4.9366969580833038E+03
   1.2156770000000000E+09   1.4823933664849568E+06   1.8339704379662610E-11   4.5049390834819337E-23   4.9356118071920600E+03
   1.2176770000000000E+09   1.4862131511865268E+06   1.8191245476667525E-11   4.4694488043932693E-23   4.9345329545920640E+03
   1.2196770000000000E+09   1.4900195862307819E+06   1.8044452399923380E-11   4.4343465496374017E-23   4.9334605812240807E+03
   1.2216770000000000E+09   1.4938127808084653E+06   1.7899301833073419E-11   4.3996268224151499E-23   4.9323948631946214E+03
   1.2236770000000000E+09   1.4975928423121858E+06   1.7755770849873886E-11   4.3652842231699819E-23   4.9313359718548309E+03
   1.2256770000000000E+09   1.5013598761822565E+06   1.7613836908414691E-11   4.3313134479794996E-23   4.9302840738765108E+03
   1.2276770000000000E+09   1.5051139857984374E+06   1.7473477844873786E-11   4.2977092868427552E-23   4.9292393313254479E+03
   1.2296770000000000E+09   1.5088552724165583E+06   1.7334671866856371E-11   4.2644666218747205E-23   4.9282019017327693E+03
   1.2316770000000000E+09   1.5125838351472879E+06   1.7197397546383839E-11   4.2315804254231512E-23   4.9271719381644843E+03
   1.2336770000000000E+09   1.5162997709726836E+06   1.7061633812611603E-11   4.1990457581263122E-23   4.9261495892898274E+03
   1.2356770000000000E+09   1.5200031747951731E+06   1.6927359944358644E-11   4.1668577669314654E-23   4.9251349994484326E+03
   1.2376770000000000E+09   1.5236941395128700E+06   1.6794555562535133E-11   4.1350116830944595E-23   4.9241283087169722E+03
   1.2396770000000000E+09   1.5273727561150487E+06   1.6663200622547179E-11   4.1035028201797122E-23   4.9231296529750962E+03
   1.2416770000000000E+09   1.5310391137917719E+06   1.6533275406752470E-11   4.0723265720780865E-23   4.9221391639711201E+03
   1.2436770000000000E+09   1.5346933000522666E+06   1.6404760517027214E-11   4.0414784110574301E-23   4.9211569693873189E+03
   1.2456770000000000E+09   1.5383354008473339E+06   1.6277636867494607E-11   4.0109538858578945E-23   4.9201831929049040E+03
   1.2476770000000000E+09   1.5419655006918847E+06   1.6151885677453251E-11   3.9807486198411982E-23   4.9192179542688236E+03
   1.2496770000000000E+09   1.5455836827845429E+06   1.6027488464531655E-11   3.9508583092003075E-23   4.9182613693521826E+03
   1.2516770000000000E+09   1.5491900291218886E+06   1.5904427038088030E-11   3.9212787212340724E-23   4.9173135502203368E+03
   1.2536770000000000E+09   1.5527846206055721E+06   1.5782683492865516E-11   3.8920056926891805E-23   4.9163746051946928E+03
   1.2556770000000000E+09   1.5563675371410684E+06   1.5662240202907380E-11   3.8630351281705176E-23   4.9154446389160930E+03
   1.2576770000000000E+09   1.5599388577272564E+06   1.5543079815731285E-11   3.8343629986196888E-23   4.9145237524076801E+03
   1.2596770000000000E+09   1.5634986605363588E+06   1.5425185246759504E-11   3.8059853398606818E-23   4.9136120431374229E+03
   1.2616770000000000E+09   1.5670470229841282E+06   1.5308539673996185E-11   3.7778982512106707E-23   4.9127096050799046E+03
   1.2636770000000000E+09   1.5705840217902572E+06   1.5193126532944306E-11   3.7500978941538287E-23   4.9118165287776565E+03
   1.2656770000000000E+09   1.5741097330291849E+06   1.5078929511751368E-11   3.7225804910755435E-23   4.9109329014017758E+03
   1.2676770000000000E+09   1.5776242321714782E+06   1.4965932546573595E-11   3.6953423240544023E-23   4.9100588068118077E+03
   1.2696770000000000E+09   1.5811275941159036E+06   1.4854119817149295E-11   3.6683797337094641E-23   4.9091943256149998E+03
   1.2716770000000000E+09   1.5846198932122821E+06   1.4743475742571492E-11   3.6416891181004061E-23   4.9083395352247462E+03
   1.2736770000000000E+09   1.5881012032752025E+06   1.4633984977250202E-11   3.6152669316780783E-23   4.9074945099181969E+03
   1.2756770000000000E+09   1.5915715975885780E+06   1.4525632407056425E-11   3.5891096842832615E-23   4.9066593208932081E+03
   1.2776770000000000E+09   1.5950311489011736E+06   1.4418403145636625E-11   3.5632139401909743E-23   4.9058340363243524E+03
   1.2796770000000000E+09   1.5984799294132297E+06   1.4312282530888011E-11   3.5375763171977889E-23   4.9050187214180305E+03
   1.2816770000000000E+09   1.6019180107544116E+06   1.4207256121583391E-11   3.5121934857492696E-23   4.9042134384666879E+03
   1.2836770000000000E+09   1.6053454639533656E+06   1.4103309694134458E-11   3.4870621681046573E-23   4.9034182469021653E+03
   1.2856770000000000E+09   1.6087623593992747E+06   1.4000429239480546E-11   3.4621791375356626E-23   4.9026332033479448E+03
   1.2876770000000000E+09   1.6121687667957435E+06   1.3898600960091859E-11   3.4375412175564374E-23   4.9018583616704254E+03
   1.2896770000000000E+09   1.6155647551073236E+06   1.3797811267076367E-11   3.4131452811819124E-23   4.9010937730292808E+03
   1.2916770000000000E+09   1.6189503924989495E+06   1.3698046777379223E-11   3.3889882502118731E-23   4.9003394859265554E+03
   1.2936770000000000E+09   1.6223257462682559E+06   1.3599294311068224E-11   3.3650670945387892E-23   4.8995955462549064E+03
   1.2956770000000000E+09   1.6256908827706322E+06   1.3501540888698236E-11   3.3413788314777596E-23   4.8988619973446630E+03
   1.2976770000000000E+09   1.6290458673365121E+06   1.3404773728752307E-11   3.3179205251177758E-23   4.8981388800098985E+03
   1.2996770000000000E+09   1.6323907641803222E+06   1.3308980245157856E-11   3.2946892856937086E-23   4.8974262325936616E+03
   1.3016770000000000E+09   1.6357256363007538E+06   1.3214148044874542E-11   3.2716822689781367E-23   4.8967240910122937E+03
   1.3036770000000000E+09   1.6390505453728642E+06   1.3120264925546504E-11   3.2488966756908446E-23   4.8960324887992392E+03
   1.3056770000000000E+09   1.6423655516345594E+06   1.3027318873196615E-11   3.2263297509203596E-23   4.8953514571483893E+03
   1.3076770000000000E+09   1.6456707137733726E+06   1.2935298059918728E-11   3.2039787835464501E-23   4.8946810249570872E+03
   1.3096770000000000E+09   1.6489660888244533E+06   1.2844190841490890E-11   3.1818411056443816E-23   4.8940212188688811E+03
   1.3116770000000000E+09   1.6522517320971196E+06   1.2753985754791237E-11   3.1599140918417023E-23   4.8933720633157482E+03
   1.3136770000000000E+09   1.6555276971543331E+06   1.2664671514855264E-11   3.1381951585878628E-23   4.8927335805591747E+03
   1.3156770000000000E+09   1.6587940358753363E+06   1.2576237011381332E-11   3.1166817632891129E-23   4.8921057907293407E+03
   1.3176770000000000E+09   1.6620507986339505E+06   1.2488671304485711E-11   3.0953714032600367E-23   4.8914887118610814E+03
   1.3196770000000000E+09   1.6652980346203928E+06   1.2401963619552976E-11   3.0742616144537517E-23   4.8908823599257830E+03
   1.3216770000000000E+09   1.6685357923200168E+06   1.2316103341136556E-11   3.0533499699596116E-23   4.8902867488585734E+03
   1.3236770000000000E+09   1.6717641201362943E+06   1.2231080006048883E-11   3.0326340783019701E-23   4.8897018905819205E+03
   1.3256770000000000E+09   1.6749830671092486E+06   1.2146883296021342E-11   3.0121115816323770E-23   4.8891277950282929E+03
   1.3276770000000000E+09   1.6781926836399345E+06   1.2063503030573131E-11   2.9917801539704405E-23   4.8885644701670835E+03
   1.3296770000000000E+09   1.6813930220972770E+06   1.1980929160925815E-11   2.9716374996970038E-23   4.8880119220425177E+03
   1.3316770000000000E+09   1.6845841371695648E+06   1.1899151765848125E-11   2.9516813525158389E-23   4.8874701548287530E+03
   1.3336770000000000E+09   1.6877660858426420E+06   1.1818161050132193E-11   2.9319094750564177E-23   4.8869391709059291E+03
   1.3356770000000000E+09   1.6909389269478053E+06   1.1737947345951501E-11   2.9123196591825478E-23   4.8864189709543762E+03
   1.3376770000000000E+09   1.6941027203189293E+06   1.1658501116691875E-11   2.8929097269127051E-23   4.8859095540563667E+03
   1.3396770000000000E+09   1.6972575257088006E+06   1.1579812962137227E-11   2.8736775316856261E-23   4.8854109177874843E+03
   1.3416770000000000E+09   1.7004034017034974E+06   1.1501873623370212E-11   2.8546209595763177E-23   4.8849230582764858E+03
   1.3436770000000000E+09   1.7035404049012584E+06   1.1424673985667880E-11   2.8357379300431538E-23   4.8844459702188324E+03
   1.3456770000000000E+09   1.7066685895630724E+06   1.1348205078161501E-11   2.8170263958995578E-23   4.8839796468426775E+03
   1.3476770000000000E+09   1.7097880078000852E+06   1.1272458070028442E-11   2.7984843424398816E-23   4.8835240798463428E+03
   1.3496770000000000E+09   1.7128987101807743E+06   1.1197424264168132E-11   2.7801097859345664E-23   4.8830792593424476E+03
   1.3516770000000000E+09   1.7160007464898997E+06   1.1123095090214060E-11   2.7619007719322274E-23   4.8826451738476662E+03
   1.3536770000000000E+09   1.7190941663228599E+06   1.1049462098912319E-11   2.7438553738608890E-23   4.8822218103415034E+03
   1.3556770000000000E+09   1.7221790192868845E+06   1.0976516959197568E-11   2.7259716922655417E-23   4.8818091543857927E+03
   1.3576770000000000E+09   1.7252553547732644E+06   1.0904251457995569E-11   2.7082478547136121E-23   4.8814071902644555E+03
   1.3596770000000000E+09   1.7283232214720696E+06   1.0832657501492097E-11   2.6906820160873868E-23   4.8810159010868883E+03
   1.3616770000000000E+09   1.7313826669135864E+06   1.0761727116019628E-11   2.6732723588255439E-23   4.8806352688144952E+03
   1.3636770000000000E+09   1.7344337372759350E+06   1.0691452447146830E-11   2.6560170927593759E-23   4.8802652742119972E+03
   1.3656770000000000E+09   1.7374764775222929E+06   1.0621825756753988E-11   2.6389144544622047E-23   4.8799058967707042E+03
   1.3676770000000000E+09   1.7405109317328001E+06   1.0552839419093669E-11   2.6219627063239783E-23   4.8795571146696548E+03
   1.3696770000000000E+09   1.7435371434012039E+06   1.0484485917300935E-11   2.6051601356940716E-23   4.8792189048151895E+03
   1.3716770000000000E+09   1.7465551555308877E+06   1.0416757841275445E-11   2.5885050543307135E-23   4.8788912429452703E+03
   1.3736770000000000E+09   1.7495650105332527E+06   1.0349647886757681E-11   2.5719957981462038E-23   4.8785741037385105E+03
   1.3756770000000000E+09   1.7525667500731987E+06   1.0283148854613223E-11   2.5556307270351193E-23   4.8782674608666575E+03
   1.3776770000000000E+09   1.7555604150172102E+06   1.0217253649406487E-11   2.5394082245633801E-23   4.8779712869760824E+03
   1.3796770000000000E+09   1.7585460455240353E+06   1.0151955277140985E-11   2.5233266974642233E-23   4.8776855536401763E+03
   1.3816770000000000E+09   1.7615236811829738E+06   1.0087246842833258E-11   2.5073845750761878E-23   4.8774102313410212E+03
   1.3836770000000000E+09   1.7644933610615570E+06   1.0023121548708227E-11   2.4915803089126848E-23   4.8771452894938693E+03
   1.3856770000000000E+09   1.7674551235774378E+06   9.9595726933012726E-12   2.4759123724697355E-23   4.8768906964462976E+03
   1.3876770000000000E+09   1.7704090061245430E+06   9.8965936714288772E-12   2.4603792613403623E-23   4.8766464192964941E+03
   1.3896770000000000E+09   1.7733550441294222E+06   9.8341779759774274E-12   2.4449794940057412E-23   4.8764124232556251E+03
   1.3916770000000000E+09   1.7762932683421292E+06   9.7723192061561819E-12   2.4297116147257928E-23   4.8761886699979532E+03
   1.3936770000000000E+09   1.7792236969453683E+06   9.7110110963081444E-12   2.4145742025995742E-23   4.8759751138131160E+03
   1.3956770000000000E+09   1.7821463137633970E+06   9.6502476025701514E-12   2.3995658971261980E-23   4.8757716933195625E+03
   1.3976770000000000E+09   1.7850610119060199E+06   9.5900231392782527E-12   2.3846854646253328E-23   4.8755783154751489E+03
   1.3996770000000000E+09   1.7879674579048643E+06   9.5303331731124991E-12   2.3699319582532355E-23   4.8753948294932561E+03
   1.4016770000000000E+09   1.7908647894266136E+06   9.4711755933186287E-12   2.3553050730990770E-23   4.8752209955598983E+03
   1.4036770000000000E+09   1.7937510050038942E+06   9.4125535681908329E-12   2.3408058605630133E-23   4.8750564740920290E+03
   1.4056770000000000E+09   1.7966218762907356E+06   9.3544807884193571E-12   2.3264379961581934E-23   4.8749008991204100E+03
   1.4076770000000000E+09   1.7994693210804421E+06   9.2969895337910971E-12   2.3122096645899776E-23   4.8747541338772271E+03
   1.4096770000000000E+09   1.8022796046169016E+06   9.2401398747943787E-12   2.2981356205383870E-23   4.8746167623742404E+03
   1.4116770000000000E+09   1.8050326220893722E+06   9.1840236983812306E-12   2.2842379524890852E-23   4.8744906196799820E+03
   1.4136770000000000E+09   1.8077045415438907E+06   9.1287516119817063E-12   2.2705428967466684E-23   4.8743786774076580E+03
   1.4156770000000000E+09   1.8102759543647384E+06   9.0744110889991596E-12   2.2570712360367134E-23   4.8742833286335344E+03
   1.4176770000000000E+09   1.8127444084645095E+06   9.0210017113062098E-12   2.2438236655436417E-23   4.8742031646588030E+03
   1.4196770000000000E+09   1.8151338772493461E+06   8.9683882643654204E-12   2.2307698931956742E-23   4.8741311808005230E+03
   1.4216770000000000E+09   1.8174906018380860E+06   8.9163296408762165E-12   2.2178538628461269E-23   4.8740589322976939E+03
   1.4236770000000000E+09   1.8198644523406669E+06   8.8645853719080979E-12   2.2050161076589515E-23   4.8739856578044073E+03
   1.4256770000000000E+09   1.8222941386909420E+06   8.8129914738459623E-12   2.1922116748790425E-23   4.8739206007344883E+03
   1.4276770000000000E+09   1.8248158670345696E+06   8.7613939648654396E-12   2.1794003207704410E-23   4.8738682488683025E+03
   1.4296770000000000E+09   1.8274852430205857E+06   8.7094931973579897E-12   2.1665203735629638E-23   4.8737998829190501E+03
   1.4316770000000000E+09   1.8303272728603161E+06   8.6571224306782503E-12   2.1535467691293376E-23   4.8736780623717914E+03
   1.4336770000000000E+09   1.8338264261196952E+06   8.6001716927762336E-12   2.1399177263358212E-23   4.8724526967560851E+03
   1.4356770000000000E+09   1.8341283324881208E+06   8.5630046945775565E-12   2.1301149950502039E-23   4.8737216147957133E+03
   6.5767700000000000E+08  -1.8135259030316236E+03   1.3764650572399713E-14   5.7207682039657227E-25   1.1583585552326972E+03
   6.5967700000000000E+08  -1.8389902225728335E+03   2.3002203476826120E-14   9.1708456453509256E-25   1.2075141478343887E+03
   6.6167700000000000E+08  -1.9158612725065370E+03   3.7192519752158411E-14   1.4400241225786222E-24   1.2434204505839302E+03
   6.6367700000000000E+08  -2.0247942226039870E+03   5.8820450923536946E-14   2.2305168892690848E-24   1.2695651850495624E+03
   6.6567700000000000E+08  -2.0069357453837156E+03   9.1741832094387567E-14   3.4256336885196071E-24   1.2893138820109507E+03
   6.6767700000000000E+08  -1.9219916635975271E+03   1.4200853172825085E-13   5.2395284766582327E-24   1.3048314112048679E+03
   6.6967700000000000E+08  -1.8141715377033663E+03   2.1915291044790502E-13   8.0095383799020944E-24   1.3172612816108985E+03
   6.7167700000000000E+08  -1.6669069393198552E+03   3.3733913808980125E-13   1.2242552165555463E-23   1.3265601246326098E+03
   6.7367700000000000E+08  -1.4010616313723685E+03   5.1428698092632721E-13   1.8587575059365854E-23   1.3320329439310758E+03
   6.7567700000000000E+08  -9.4186456745967882E+02   7.6533049628959777E-13   2.7628464421962073E-23   1.3335964854266163E+03
   6.7767700000000000E+08  -2.8341737813876819E+02   1.0933368416909617E-12   3.9505904737208894E-23   1.3323678397365900E+03
   6.7967700000000000E+08   5.1444732404781575E+02   1.4808909078140581E-12   5.3599210913766437E-23   1.3301384310530534E+03
   6.8167700000000000E+08   1.3708634079472995E+03   1.8920237244304058E-12   6.8557700001240726E-23   1.3286252732330991E+03
   6.8367700000000000E+08   2.2203855172799872E+03   2.2841595226823598E-12   8.2715483913098175E-23   1.3294493229789603E+03
   6.8567700000000000E+08   3.0260994211098796E+03   2.6232795380371074E-12   9.4610635842367108E-23   1.3348632642748560E+03
   6.8767700000000000E+08   3.7681430352670764E+03   2.8937963619265255E-12   1.0331237799022932E-22   1.3484901519981997E+03
   6.8967700000000000E+08   4.4179949342972541E+03   3.0990030986780384E-12   1.0849491747975445E-22   1.3751332636515469E+03
   6.9167700000000000E+08   4.9386083282980562E+03   3.2548996130675186E-12   1.1044850098199413E-22   1.4187632928387216E+03
   6.9367700000000000E+08   5.3158349836300567E+03   3.3780863221866522E-12   1.0985672623451192E-22   1.4803904038386545E+03
   6.9567700000000000E+08   5.5877708801815606E+03   3.4783255771316065E-12   1.0751767796286949E-22   1.5574801657102316E+03
   6.9767700000000000E+08   5.8496051810682657E+03   3.5589261897847729E-12   1.0416238146925251E-22   1.6449028432729315E+03
   6.9967700000000000E+08   6.2303175232247950E+03   3.6201298937442986E-12   1.0033706033013804E-22   1.7369805348795280E+03
   7.0167700000000000E+08   6.8572894018538891E+03   3.6621109378795606E-12   9.6392441134734867E-23   1.8290294083045130E+03
   7.0367700000000000E+08   7.8291823224541577E+03   3.6861569523317676E-12   9.2529558345024728E-23   1.9178979929521447E+03
   7.0567700000000000E+08   9.2028001442708282E+03   3.6944961083083457E-12   8.8851151605725878E-23   2.0018167700221495E+03
   7.0767700000000000E+08   1.0991456551606594E+04   3.6896707006578125E-12   8.5399561857763134E-23   2.0800038358390266E+03
   7.0967700000000000E+08   1.3170909850385518E+04   3.6740116329187940E-12   8.2181263520130131E-23   2.1522855194421913E+03
   7.1167700000000000E+08   1.5689303780060975E+04   3.6493775025519404E-12   7.9182499915018336E-23   2.2188183672749033E+03
   7.1367700000000000E+08   1.8478168614579117E+04   3.6171169647007133E-12   7.6379422277524966E-23   2.2799134166226372E+03
   7.1567700000000000E+08   2.1462741963573524E+04   3.5781622821237007E-12   7.3744734711701615E-23   2.3359373278759053E+03
   7.1767700000000000E+08   2.4568980770478676E+04   3.5331536400377463E-12   7.1251598346172915E-23   2.3872619888200175E+03
   7.1967700000000000E+08   2.7726581341716155E+04   3.4825354293889650E-12   6.8875441148845289E-23   2.4342395860457168E+03
   7.2167700000000000E+08   3.0873650769898763E+04   3.4266571545698161E-12   6.6595204192267556E-23   2.4771931497095225E+03
   7.2367700000000000E+08   3.3960333179507572E+04   3.3658711859505081E-12   6.4394230628668346E-23   2.5164175385610447E+03
   7.2567700000000000E+08   3.6948499887953607E+04   3.3005861352216093E-12   6.2260259475547905E-23   2.5521859619646611E+03
   7.2767700000000000E+08   3.9811488863756706E+04   3.2312835701884261E-12   6.0184936830044942E-23   2.5847552983468854E+03
   7.2967700000000000E+08   4.2533090101937705E+04   3.1585170607287596E-12   5.8163194228707865E-23   2.6143705860419186E+03
   7.3167700000000000E+08   4.5106156472915965E+04   3.0828979093361874E-12   5.6192556568437288E-23   2.6412683217139870E+03
   7.3367700000000000E+08   4.7530998884151588E+04   3.0050729703883149E-12   5.4272449530387460E-23   2.6656785024402484E+03
   7.3567700000000000E+08   4.9813704981103023E+04   2.9256989774394043E-12   5.2403554827090701E-23   2.6878254523296619E+03
   7.3767700000000000E+08   5.1964503713183789E+04   2.8454171039212183E-12   5.0587248958923668E-23   2.7079275854903676E+03
   7.3967700000000000E+08   5.3996278333703034E+04   2.7648306523923425E-12   4.8825148548195661E-23   2.7261963577141801E+03
   7.4167700000000000E+08   5.5923304838387667E+04   2.6844877858398840E-12   4.7118772084768508E-23   2.7428347240572825E+03
   7.4367700000000000E+08   5.7760254526599630E+04   2.6048701784956343E-12   4.5469315219724541E-23   2.7580354309386753E+03
   7.4567700000000000E+08   5.9521465622057665E+04   2.5263874991104762E-12   4.3877525933216312E-23   2.7719794288930998E+03
   7.4767700000000000E+08   6.1220460067367414E+04   2.4493769412931793E-12   4.2343659392053479E-23   2.7848346137447238E+03
   7.4967700000000000E+08   6.2869663955858108E+04   2.3741066239027259E-12   4.0867490056534098E-23   2.7967550115157924E+03
   7.5167700000000000E+08   6.4480283072084319E+04   2.3007815849226069E-12   3.9448359971728079E-23   2.8078804367686271E+03
   7.5367700000000000E+08   6.6062286632043106E+04   2.2295512052132228E-12   3.8085245822409011E-23   2.8183365885384910E+03
   7.5567700000000000E+08   6.7624459238935946E+04   2.1605171299006034E-12   3.6776831883827013E-23   2.8282355074844781E+03
   7.5767700000000000E+08   6.9174490236239537E+04   2.0937410226504142E-12   3.5521580413486570E-23   2.8376763006204505E+03
   7.5967700000000000E+08   7.0719078779435935E+04   2.0292517359051613E-12   3.4317794694590359E-23   2.8467460404764870E+03
   7.6167700000000000E+08   7.2264040756007365E+04   1.9670516796898034E-12   3.3163672639660218E-23   2.8555207571695014E+03
   7.6367700000000000E+08   7.3814409652962408E+04   1.9071223151159573E-12   3.2057350635142659E-23   2.8640664587245433E+03
   7.6567700000000000E+08   7.5374527624603768E+04   1.8494287912641175E-12   3.0996938329647676E-23   2.8724401327402152E+03
   7.6767700000000000E+08   7.6948125646903922E+04   1.7939237964356097E-12   2.9980545551683446E-23   2.8806906984755110E+03
   7.6967700000000000E+08   7.8538393143229550E+04   1.7405507185746768E-12   2.9006302679648819E-23   2.8888598913995570E+03
   7.7167700000000000E+08   8.0148038192338805E+04   1.6892462151849335E-12   2.8072375726593665E-23   2.8969830719176352E+03
   7.7367700000000000E+08   8.1779339676073520E+04   1.6399422880873726E-12   2.7176977247859122E-23   2.9050899566647668E+03
   7.7567700000000000E+08   8.3434192702232162E+04   1.5925679482490890E-12   2.6318373995193936E-23   2.9132052749972959E+03
   7.7767700000000000E+08   8.5114148487235274E+04   1.5470505440227924E-12   2.5494892061723561E-23   2.9213493557230422E+03
   7.7967700000000000E+08   8.6820449687723711E+04   1.5033168143941409E-12   2.4704920104745712E-23   2.9295386502414322E+03
   7.8167700000000000E+08   8.8554061976085912E+04   1.4612937181905117E-12   2.3946911103003376E-23   2.9377861985624422E+03
   7.8367700000000000E+08   9.0315702483719957E+04   1.4209090810231456E-12   2.3219383001105785E-23   2.9461020444684832E+03
   7.8567700000000000E+08   9.2105865594782415E+04   1.3820920940489075E-12   2.2520918512719501E-23   2.9544936056091578E+03
   7.8767700000000000E+08   9.3924846461952591E+04   1.3447736923202812E-12   2.1850164291844830E-23   2.9629660037272024E+03
   7.8967700000000000E+08   9.5772762530610489E+04   1.3088868353526346E-12   2.1205829633913477E-23   2.9715223595990969E+03
   7.9167700000000000E+08   9.7649573294019458E+04   1.2743667083767055E-12   2.0586684832158206E-23   2.9801640566883034E+03
   7.9367700000000000E+08   9.9555098454915977E+04   1.2411508593796172E-12   1.9991559286958523E-23   2.9888909769797115E+03
   7.9567700000000000E+08   1.0148903463436144E+05   1.2091792843133314E-12   1.9419339444531473E-23   2.9977017119999241E+03
   7.9767700000000000E+08   1.0345097074353253E+05   1.1783944706372287E-12   1.8868966624810681E-23   3.0065937516298418E+03
   7.9967700000000000E+08   1.0544040211581335E+05   1.1487414075584955E-12   1.8339434785452532E-23   3.0155636529784679E+03
   8.0167700000000000E+08   1.0745674348321870E+05   1.1201675698586816E-12   1.7829788258749330E-23   3.0246071913029277E+03
   8.0367700000000000E+08   1.0949934087140592E+05   1.0926228809825831E-12   1.7339119490169470E-23   3.0337194947213402E+03
   8.0567700000000000E+08   1.1156748248030976E+05   1.0660596600660887E-12   1.6866566800808532E-23   3.0428951642651905E+03
   8.0767700000000000E+08   1.1366040861199262E+05   1.0404325567525139E-12   1.6411312190866207E-23   3.0521283806493057E+03
   8.0967700000000000E+08   1.1577732070311418E+05   1.0156984769606256E-12   1.5972579197095172E-23   3.0614129989947437E+03
   8.1167700000000000E+08   1.1791738951609001E+05   9.9181650219680562E-13   1.5549630813797736E-23   3.0707426326181558E+03
   8.1367700000000000E+08   1.2007976254025573E+05   9.6874780452821773E-13   1.5141767484217231E-23   3.0801107268961669E+03
   8.1567700000000000E+08   1.2226357065198293E+05   9.4645555893723460E-13   1.4748325166963492E-23   3.0895106241221652E+03
   8.1767700000000000E+08   1.2446793408058958E+05   9.2490485444661944E-13   1.4368673480332451E-23   3.0989356201928713E+03
   8.1967700000000000E+08   1.2669196772499541E+05   9.0406260512898405E-13   1.4002213925949329E-23   3.1083790138911331E+03
   8.2167700000000000E+08   1.2893478586425405E+05   8.8389746188490968E-13   1.3648378192036541E-23   3.1178341494680317E+03
   8.2367700000000000E+08   1.3119550630354127E+05   8.6437972568303918E-13   1.3306626535709170E-23   3.1272944531703010E+03
   8.2567700000000000E+08   1.3347325399558354E+05   8.4548126279867912E-13   1.2976446243027601E-23   3.1367534643074837E+03
   8.2767700000000000E+08   1.3576716417621245E+05   8.2717542245751074E-13   1.2657350165020139E-23   3.1462048614059322E+03
   8.2967700000000000E+08   1.3807638505144508E+05   8.0943695718551461E-13   1.2348875327525545E-23   3.1556424839539291E+03
   8.3167700000000000E+08   1.4040008007235592E+05   7.9224194608067970E-13   1.2050581612463903E-23   3.1650603502022695E+03
   8.3367700000000000E+08   1.4273742983303778E+05   7.7556772115281114E-13   1.1762050507989783E-23   3.1744526714483573E+03
   8.3567700000000000E+08   1.4508763362588923E+05   7.5939279682326128E-13   1.1482883924918069E-23   3.1838138631978777E+03
   8.3767700000000000E+08   1.4744991068756013E+05   7.4369680263270427E-13   1.1212703076796837E-23   3.1931385535666450E+03
   8.3967700000000000E+08   1.4982350116787734E+05   7.2846041917074084E-13   1.0951147421028958E-23   3.2024215892558968E+03
   8.4167700000000000E+08   1.5220766685290940E+05   7.1366531721413578E-13   1.0697873658499477E-23   3.2116580394066154E+03
   8.4367700000000000E+08   1.5460169167204536E+05   6.9929410003905044E-13   1.0452554789233403E-23   3.2208431976124430E+03
   8.4567700000000000E+08   1.5700488201755466E+05   6.8533024885467021E-13   1.0214879221668534E-23   3.2299725823460881E+03
   8.4767700000000000E+08   1.5941656690322940E+05   6.7175807129170434E-13   9.9845499331985996E-24   3.2390419360305086E+03
   8.4967700000000000E+08   1.6183609798686529E+05   6.5856265286624836E-13   9.7612836796832440E-24   3.2480472229638522E+03
   8.5167700000000000E+08   1.6426284947911225E+05   6.4572981132864410E-13   9.5448102516598013E-24   3.2569846262856313E+03
   8.5367700000000000E+08   1.6669621795885634E+05   6.3324605379700750E-13   9.3348717750130491E-24   3.2658505441511911E+03
   8.5567700000000000E+08   1.6913562211281317E+05   6.2109853656618388E-13   9.1312220538710442E-24   3.2746415852621767E+03
   8.5767700000000000E+08   1.7158050241460468E+05   6.0927502747438677E-13   8.9336259534919604E-24   3.2833545638823284E+03
   8.5967700000000000E+08   1.7403032075593129E+05   5.9776387070349958E-13   8.7418588209183854E-24   3.2919864944508781E+03
   8.6167700000000000E+08   1.7648456004031195E+05   5.8655395388264142E-13   8.5557059411703112E-24   3.3005345858898600E+03
   8.6367700000000000E+08   1.7894272374753011E+05   5.7563467736110902E-13   8.3749620267716954E-24   3.3089962356871920E+03
   8.6567700000000000E+08   1.8140433547519002E+05   5.6499592551396500E-13   8.1994307384269520E-24   3.3173690238242471E+03
   8.6767700000000000E+08   1.8386893846209894E+05   5.5462803994335866E-13   8.0289242347135066E-24   3.3256507066050995E+03
   8.6967700000000000E+08   1.8633609509695915E+05   5.4452179444009038E-13   7.8632627487208164E-24   3.3338392104344080E+03
   8.7167700000000000E+08   1.8880538641490435E+05   5.3466837157332793E-13   7.7022741896505091E-24   3.3419326255823325E+03
   8.7367700000000000E+08   1.9127641158378619E+05   5.2505934078157847E-13   7.5457937674954916E-24   3.3499291999675979E+03
   8.7567700000000000E+08   1.9374878738170417E+05   5.1568663784478626E-13   7.3936636390352293E-24   3.3578273329838257E+03
   8.7767700000000000E+08   1.9622214766710263E+05   5.0654254562547758E-13   7.2457325735162476E-24   3.3656255693895587E+03
   8.7967700000000000E+08   1.9869614284279221E+05   4.9761967597564385E-13   7.1018556365245224E-24   3.3733225932785022E+03
   8.8167700000000000E+08   2.0117043931535605E+05   4.8891095271545949E-13   6.9618938906982815E-24   3.3809172221438098E+03
   8.8367700000000000E+08   2.0364471895159301E+05   4.8040959559947724E-13   6.8257141120708289E-24   3.3884084010478336E+03
   8.8567700000000000E+08   2.0611867853400583E+05   4.7210910519504713E-13   6.6931885209642652E-24   3.3957951969072797E+03
   8.8767700000000000E+08   2.0859202921791750E+05   4.6400324860626327E-13   6.5641945264763963E-24   3.4030767929025455E+03
   8.8967700000000000E+08   2.1106449599428021E+05   4.5608604598357220E-13   6.4386144836983428E-24   3.4102524830192997E+03
   8.9167700000000000E+08   2.1353581716569318E+05   4.4835175776358604E-13   6.3163354628589598E-24   3.4173216667307288E+03
   8.9367700000000000E+08   2.1600574385138080E+05   4.4079487258337464E-13   6.1972490295830676E-24   3.4242838438305735E+03
   8.9567700000000000E+08   2.1847403955617998E+05   4.3341009580326612E-13   6.0812510352963949E-24   3.4311386094327308E+03
   8.9767700000000000E+08   2.2094047987878131E+05   4.2619233854603482E-13   5.9682414164253509E-24   3.4378856491665406E+03
   8.9967700000000000E+08   2.2340485251214754E+05   4.1913670710624875E-13   5.8581240002492725E-24   3.4445247346255064E+03
   9.0167700000000000E+08   2.2586695781839304E+05   4.1223849249527865E-13   5.7508063139721007E-24   3.4510557191826365E+03
   9.0367700000000000E+08   2.2832661043352785E+05   4.0549315977666185E-13   5.6461993919456924E-24   3.4574785343806457E+03
   9.0567700000000000E+08   2.3078364248985978E+05   3.9889633678502924E-13   5.5442175750071414E-24   3.4637931872424624E+03
   9.0767700000000000E+08   2.3323790889558368E+05   3.9244380199074779E-13   5.4447782981490561E-24   3.4699997589925415E+03
   9.0967700000000000E+08   2.3568929423035801E+05   3.8613147198949826E-13   5.3478018727445439E-24   3.4760984057156184E+03
   9.1167700000000000E+08   2.3813771867609286E+05   3.7995539069058455E-13   5.2532112920487589E-24   3.4820893611679394E+03
   9.1367700000000000E+08   2.4058313699209411E+05   3.7391172464801259E-13   5.1609321224854893E-24   3.4879729409696270E+03
   9.1567700000000000E+08   2.4302552148928063E+05   3.6799677082017281E-13   5.0708925702851172E-24   3.4937495455566150E+03
   9.1767700000000000E+08   2.4546482147191718E+05   3.6220698129762383E-13   4.9830237906183698E-24   3.4994196569942819E+03
   9.1967700000000000E+08   2.4790090314008377E+05   3.5653900053051438E-13   4.8972603825334121E-24   3.5049838236574292E+03
   9.2167700000000000E+08   2.5033349625789520E+05   3.5098969433855741E-13   4.8135407863228377E-24   3.5104426294849686E+03
   9.2367700000000000E+08   2.5276219387542986E+05   3.4555613638481143E-13   4.7318071056906857E-24   3.5157966528250363E+03
   9.2567700000000000E+08   2.5518654238941410E+05   3.4023552600128210E-13   4.6520039809551293E-24   3.5210464313028810E+03
   9.2767700000000000E+08   2.5760620110523960E+05   3.3502505604274179E-13   4.5740767504705498E-24   3.5261924548966840E+03
   9.2967700000000000E+08   2.6002107165535574E+05   3.2992180719326636E-13   4.4979699383769264E-24   3.5312351988859450E+03
   9.3167700000000000E+08   2.6243128806496866E+05   3.2492275836977494E-13   4.4236273094153436E-24   3.5361751817290533E+03
   9.3367700000000000E+08   2.6483704658039130E+05   3.2002494977484311E-13   4.3509940216277906E-24   3.5410130099868902E+03
   9.3567700000000000E+08   2.6723838644330320E+05   3.1522568242995986E-13   4.2800193186263444E-24   3.5457493763663169E+03
   9.3767700000000000E+08   2.6963512741895136E+05   3.1052251667580257E-13   4.2106565278551246E-24   3.5503850129571938E+03
   9.3967700000000000E+08   2.7202706028130156E+05   3.0591307431222867E-13   4.1428603944463758E-24   3.5549206454860523E+03
   9.4167700000000000E+08   2.7441417453561776E+05   3.0139503847129171E-13   4.0765870520991666E-24   3.5593569946682219E+03
   9.4367700000000000E+08   2.7679662131527805E+05   2.9696651650492282E-13   4.0117988611334810E-24   3.5636948113731405E+03
   9.4567700000000000E+08   2.7917445047473320E+05   2.9262625105331989E-13   3.9484671954906897E-24   3.5679348869934247E+03
   9.4767700000000000E+08   2.8154742800769059E+05   2.8837316479761004E-13   3.8865662865543813E-24   3.5720780151840049E+03
   9.4967700000000000E+08   2.8391506486192293E+05   2.8420552136036189E-13   3.8260619532173837E-24   3.5761249420976478E+03
   9.5167700000000000E+08   2.8627671914229257E+05   2.8012039789008329E-13   3.7669045641734288E-24   3.5800763452161113E+03
   9.5367700000000000E+08   2.8863171565815352E+05   2.7611386034121555E-13   3.7090314519740490E-24   3.5839328391971367E+03
   9.5567700000000000E+08   2.9098036114365363E+05   2.7218203295730908E-13   3.6523812945951263E-24   3.5876949930071928E+03
   9.5767700000000000E+08   2.9332396507555997E+05   2.6832271191302055E-13   3.5969155314421866E-24   3.5913635157458834E+03
   9.5967700000000000E+08   2.9566305041462294E+05   2.6453510896971841E-13   3.5426146735331802E-24   3.5949393950213912E+03
   9.6167700000000000E+08   2.9799737874423992E+05   2.6081829250590821E-13   3.4894575551848434E-24   3.5984236979282168E+03
   9.6367700000000000E+08   3.0032680450353480E+05   2.5717091854224613E-13   3.4374178682226467E-24   3.6018174412035401E+03
   9.6567700000000000E+08   3.0265124328392750E+05   2.5359149119142292E-13   3.3864676213478712E-24   3.6051216231612038E+03
   9.6767700000000000E+08   3.0497064618614549E+05   2.5007847540235517E-13   3.3365786321695727E-24   3.6083372331698706E+03
   9.6967700000000000E+08   3.0728498067664134E+05   2.4663034381329924E-13   3.2877231361792005E-24   3.6114652581898649E+03
   9.7167700000000000E+08   3.0959421729536005E+05   2.4324559883559539E-13   3.2398740670988406E-24   3.6145066851624920E+03
   9.7367700000000000E+08   3.1189831865290779E+05   2.3992278633273799E-13   3.1930052268420135E-24   3.6174625007456580E+03
   9.7567700000000000E+08   3.1419723067720828E+05   2.3666050454336904E-13   3.1470913935351351E-24   3.6203336890487981E+03
   9.7767700000000000E+08   3.1649087805786007E+05   2.3345740762915703E-13   3.1021083590549932E-24   3.6231212280164109E+03
   9.7967700000000000E+08   3.1877916626754910E+05   2.3031220262162562E-13   3.0580328793285005E-24   3.6258260853902580E+03
   9.8167700000000000E+08   3.2106199051747873E+05   2.2722364030041653E-13   3.0148425438883554E-24   3.6284492154588829E+03
   9.8367700000000000E+08   3.2333924875526835E+05   2.2419050303876613E-13   2.9725156044910499E-24   3.6309915576824515E+03
   9.8567700000000000E+08   3.2561085410516453E+05   2.2121159374263657E-13   2.9310308173978871E-24   3.6334540376427635E+03
   9.8767700000000000E+08   3.2787674297858460E+05   2.1828572900135917E-13   2.8903673409279032E-24   3.6358375699570215E+03
   9.8967700000000000E+08   3.3013687726472440E+05   2.1541173746883907E-13   2.8505047023058042E-24   3.6381430622400708E+03
   9.9167700000000000E+08   3.3239124124478991E+05   2.1258846246320654E-13   2.8114228209450698E-24   3.6403714190674086E+03
   9.9367700000000000E+08   3.3463983549530135E+05   2.0981476639954235E-13   2.7731020569899963E-24   3.6425235451220024E+03
   9.9567700000000000E+08   3.3688267060360708E+05   2.0708953428657118E-13   2.7355232486296816E-24   3.6446003471755821E+03
   9.9767700000000000E+08   3.3911976516291592E+05   2.0441167272567856E-13   2.6986676908451682E-24   3.6466027352853966E+03
   9.9967700000000000E+08   3.4135118630655354E+05   2.0178007684218948E-13   2.6625166889459366E-24   3.6485316273437511E+03
   1.0016770000000000E+09   3.4357770924612007E+05   1.9919314586624179E-13   2.6270451417894498E-24   3.6503879808106835E+03
   1.0036770000000000E+09   3.4580654949025606E+05   1.9664464993749873E-13   2.5921670568559466E-24   3.6521728113893682E+03
   1.0056770000000000E+09   3.4804484004689933E+05   1.9412871217951054E-13   2.5578005984380713E-24   3.6538882408625368E+03
   1.0076770000000000E+09   3.5029018683548656E+05   1.9164656922199334E-13   2.5239572037640179E-24   3.6555374141180682E+03
   1.0096770000000000E+09   3.5253467011346493E+05   1.8920429732894671E-13   2.4907125400779581E-24   3.6571229367666706E+03
   1.0116770000000000E+09   3.5477274857375253E+05   1.8680676597157673E-13   2.4581272662733085E-24   3.6586461533460438E+03
   1.0136770000000000E+09   3.5698350736714114E+05   1.8446121092438951E-13   2.4262937857504816E-24   3.6601074928259545E+03
   1.0156770000000000E+09   3.5917796662211500E+05   1.8216172293393423E-13   2.3951319114297548E-24   3.6615069183969099E+03
   1.0176770000000000E+09   3.6136468544294720E+05   1.7990179113828377E-13   2.3645542770828041E-24   3.6628435628909901E+03
   1.0196770000000000E+09   3.6354509124305687E+05   1.7767970516005804E-13   2.3345357260231790E-24   3.6641181685057418E+03
   1.0216770000000000E+09   3.6571949327763118E+05   1.7549453628459096E-13   2.3050614994937699E-24   3.6653314553663104E+03
   1.0236770000000000E+09   3.6788795701403997E+05   1.7334554224185735E-13   2.2761193423473798E-24   3.6664842121109577E+03
   1.0256770000000000E+09   3.7005048042868951E+05   1.7123202424039248E-13   2.2476976578236456E-24   3.6675772371154358E+03
   1.0276770000000000E+09   3.7220705120537675E+05   1.6915328367656585E-13   2.2197849433148955E-24   3.6686113259928748E+03
   1.0296770000000000E+09   3.7435766957198264E+05   1.6710861068702882E-13   2.1923696378863068E-24   3.6695872700392933E+03
   1.0316770000000000E+09   3.7650235602588172E+05   1.6509728513633067E-13   2.1654401312348258E-24   3.6705058579018200E+03
   1.0336770000000000E+09   3.7864115552954958E+05   1.6311858045634555E-13   2.1389848096925510E-24   3.6713678780291966E+03
   1.0356770000000000E+09   3.8077414795918093E+05   1.6117176334798306E-13   2.1129920479400087E-24   3.6721741213498067E+03
   1.0376770000000000E+09   3.8290146881878719E+05   1.5925608661883710E-13   2.0874501103859913E-24   3.6729253848894455E+03
   1.0396770000000000E+09   3.8502333221759275E+05   1.5737078001144707E-13   2.0623470253307765E-24   3.6736224775034534E+03
   1.0416770000000000E+09   3.8714003732295480E+05   1.5551504992407853E-13   2.0376705747678710E-24   3.6742662278742273E+03
   1.0436770000000000E+09   3.8925194096198754E+05   1.5368809728647786E-13   2.0134085222291409E-24   3.6748574927000254E+03
   1.0456770000000000E+09   3.9135939500685409E+05   1.5188915316835952E-13   1.9895490750042355E-24   3.6753971611663878E+03
   1.0476770000000000E+09   3.9346266739526240E+05   1.5011752058210792E-13   1.9660814312586987E-24   3.6758861520056516E+03
   1.0496770000000000E+09   3.9556187615816429E+05   1.4837260619877091E-13   1.9429961992056556E-24   3.6763254019494766E+03
   1.0516770000000000E+09   3.9765696038474480E+05   1.4665393002057238E-13   1.9202855305023559E-24   3.6767158477724442E+03
   1.0536770000000000E+09   3.9974769548987568E+05   1.4496111087868170E-13   1.8979429376423203E-24   3.6770584065210292E+03
   1.0556770000000000E+09   4.0183374291884463E+05   1.4329383484362943E-13   1.8759628857857899E-24   3.6773539588419817E+03
   1.0576770000000000E+09   4.0391471480649797E+05   1.4165181799827652E-13   1.8543403074349721E-24   3.6776033387730936E+03
   1.0596770000000000E+09   4.0599023421804147E+05   1.4003477396078003E-13   1.8330701756409126E-24   3.6778073309855085E+03
   1.0616770000000000E+09   4.0805997836421704E+05   1.3844239220214573E-13   1.8121472155693822E-24   3.6779666743814450E+03
   1.0636770000000000E+09   4.1012370075783163E+05   1.3687432836975549E-13   1.7915657714924649E-24   3.6780820697903027E+03
   1.0656770000000000E+09   4.1218123495934583E+05   1.3533020440104278E-13   1.7713198014308409E-24   3.6781541893296235E+03
   1.0676770000000000E+09   4.1423248589048057E+05   1.3380961475959739E-13   1.7514029523715234E-24   3.6781836854938019E+03
   1.0696770000000000E+09   4.1627741505320731E+05   1.3231213525902324E-13   1.7318086703231991E-24   3.6781711987951826E+03
   1.0716770000000000E+09   4.1831602459294349E+05   1.3083733190699381E-13   1.7125303117703731E-24   3.6781173634947827E+03
   1.0736770000000000E+09   4.2034834319618862E+05   1.2938476834143107E-13   1.6935612377583138E-24   3.6780228114649817E+03
   1.0756770000000000E+09   4.2237441509882297E+05   1.2795401135475581E-13   1.6748948838128895E-24   3.6778881744986397E+03
   1.0776770000000000E+09   4.2439429232138931E+05   1.2654463458341855E-13   1.6565248064771279E-24   3.6777140854672793E+03
   1.0796770000000000E+09   4.2640802964305977E+05   1.2515622071251259E-13   1.6384447108380346E-24   3.6775011787058570E+03
   1.0816770000000000E+09   4.2841568162548210E+05   1.2378836260902160E-13   1.6206484642975866E-24   3.6772500899256297E+03
   1.0836770000000000E+09   4.3041730103229312E+05   1.2244066374940150E-13   1.6031301012635291E-24   3.6769614558703861E+03
   1.0856770000000000E+09   4.3241293812353525E+05   1.2111273821955049E-13   1.5858838223284998E-24   3.6766359138564276E+03
   1.0876770000000000E+09   4.3440264045544586E+05   1.1980421047758749E-13   1.5689039903882990E-24   3.6762741012803781E+03
   1.0896770000000000E+09   4.3638645294570987E+05   1.1851471499942201E-13   1.5521851252476335E-24   3.6758766551405452E+03
   1.0916770000000000E+09   4.3836441805999359E+05   1.1724389587744413E-13   1.5357218976235521E-24   3.6754442115936672E+03
   1.0936770000000000E+09   4.4033657603977976E+05   1.1599140641071378E-13   1.5195091230452072E-24   3.6749774055551388E+03
   1.0956770000000000E+09   4.4230296513130382E+05   1.1475690870599245E-13   1.5035417559028040E-24   3.6744768703434270E+03
   1.0976770000000000E+09   4.4426362179800589E+05   1.1354007329849430E-13   1.4878148837630237E-24   3.6739432373660761E+03
   1.0996770000000000E+09   4.4621858091081923E+05   1.1234057879580459E-13   1.4723237219976369E-24   3.6733771358433928E+03
   1.1016770000000000E+09   4.4816787591618492E+05   1.1115811154577290E-13   1.4570636087374410E-24   3.6727791925657048E+03
   1.1036770000000000E+09   4.5011153898378741E+05   1.0999236532795717E-13   1.4420300001473432E-24   3.6721500316803340E+03
   1.1056770000000000E+09   4.5204960113625537E+05   1.0884304106764961E-13   1.4272184660110410E-24   3.6714902745048134E+03
   1.1076770000000000E+09   4.5398209236290719E+05   1.0770984657115783E-13   1.4126246856088178E-24   3.6708005393633348E+03
   1.1096770000000000E+09   4.5590904171885917E+05   1.0659249628090477E-13   1.3982444438703778E-24   3.6700814414436636E+03
   1.1116770000000000E+09   4.5783047741051856E+05   1.0549071104875456E-13   1.3840736277824013E-24   3.6693335926721220E+03
   1.1136770000000000E+09   4.5974642686790496E+05   1.0440421792600684E-13   1.3701082230308663E-24   3.6685576016043988E+03
   1.1156770000000000E+09   4.6165691680425283E+05   1.0333274996845937E-13   1.3563443108575050E-24   3.6677540733301230E+03
   1.1176770000000000E+09   4.6356197326301620E+05   1.0227604605510347E-13   1.3427780651118075E-24   3.6669236093893705E+03
   1.1196770000000000E+09   4.6546162165266502E+05   1.0123385071903107E-13   1.3294057494801504E-24   3.6660668076992133E+03
   1.1216770000000000E+09   4.6735588676941820E+05   1.0020591398935675E-13   1.3162237148764067E-24   3.6651842624888127E+03
   1.1236770000000000E+09   4.6924479280836700E+05   9.9191991242997576E-14   1.3032283969789382E-24   3.6642765642413929E+03
   1.1256770000000000E+09   4.7112836336352129E+05   9.8191843065254106E-14   1.2904163139000413E-24   3.6633442996417803E+03
   1.1276770000000000E+09   4.7300662141721766E+05   9.7205235118278828E-14   1.2777840639757911E-24   3.6623880515281498E+03
   1.1296770000000000E+09   4.7487958931962785E+05   9.6231938016507617E-14   1.2653283236639859E-24   3.6614083988468346E+03
   1.1316770000000000E+09   4.7674728875920357E+05   9.5271727208187593E-14   1.2530458455386238E-24   3.6604059166091210E+03
   1.1336770000000000E+09   4.7860974072490312E+05   9.4324382862214294E-14   1.2409334563703173E-24   3.6593811758490710E+03
   1.1356770000000000E+09   4.8046696546137199E+05   9.3389689759491279E-14   1.2289880552820095E-24   3.6583347435815631E+03
   1.1376770000000000E+09   4.8231898241848999E+05   9.2467437188071088E-14   1.2172066119698936E-24   3.6572671827598397E+03
   1.1396770000000000E+09   4.8416581019690336E+05   9.1557418841424955E-14   1.2055861649805542E-24   3.6561790522320175E+03
   1.1416770000000000E+09   4.8600746649155539E+05   9.0659432719225430E-14   1.1941238200357821E-24   3.6550709066961240E+03
   1.1436770000000000E+09   4.8784396803553018E+05   8.9773281030118686E-14   1.1828167483976559E-24   3.6539432966534655E+03
   1.1456770000000000E+09   4.8967533054691117E+05   8.8898770096025273E-14   1.1716621852672693E-24   3.6527967683602437E+03
   1.1476770000000000E+09   4.9150156868158065E+05   8.8035710257600760E-14   1.1606574282116343E-24   3.6516318637775785E+03
   1.1496770000000000E+09   4.9332269599523384E+05   8.7183915780529129E-14   1.1497998356137822E-24   3.6504491205202967E+03
   1.1516770000000000E+09   4.9513872491772863E+05   8.6343204762459477E-14   1.1390868251428600E-24   3.6492490718050594E+03
   1.1536770000000000E+09   4.9694966674322006E+05   8.5513399040356439E-14   1.1285158722404446E-24   3.6480322463985972E+03
   1.1556770000000000E+09   4.9875553163907176E+05   8.4694324098163990E-14   1.1180845086209631E-24   3.6467991685670654E+03
   1.1576770000000000E+09   5.0055632867620530E+05   8.3885808974721034E-14   1.1077903207846154E-24   3.6455503580276418E+03
   1.1596770000000000E+09   5.0235206588324305E+05   8.3087686171854916E-14   1.0976309485409960E-24   3.6442863299037399E+03
   1.1616770000000000E+09   5.0414275032582611E+05   8.2299791562700952E-14   1.0876040835432712E-24   3.6430075946851821E+03
   1.1636770000000000E+09   5.0592838821189461E+05   8.1521964300284500E-14   1.0777074678325896E-24   3.6417146581948919E+03
   1.1656770000000000E+09   5.0770898502262740E+05   8.0754046726496794E-14   1.0679388923937438E-24   3.6404080215635363E+03
   1.1676770000000000E+09   5.0948454566784616E+05   7.9995884281624337E-14   1.0582961957235073E-24   3.6390881812135731E+03
   1.1696770000000000E+09   5.1125507466372248E+05   7.9247325414639149E-14   1.0487772624137730E-24   3.6377556288540641E+03
   1.1716770000000000E+09   5.1302057632933412E+05   7.8508221494591513E-14   1.0393800217535202E-24   3.6364108514873383E+03
   1.1736770000000000E+09   5.1478105499815347E+05   7.7778426723385668E-14   1.0301024463528762E-24   3.6350543314285419E+03
   1.1756770000000000E+09   5.1653651523931616E+05   7.7057798050376134E-14   1.0209425507948028E-24   3.6336865463386043E+03
   1.1776770000000000E+09   5.1828696208311443E+05   7.6346195089201243E-14   1.0118983903197043E-24   3.6323079692711040E+03
   1.1796770000000000E+09   5.2003240124470182E+05   7.5643480037290867E-14   1.0029680595487084E-24   3.6309190687329542E+03
   1.1816770000000000E+09   5.2177283933974733E+05   7.4949517598498435E-14   9.9414969125164257E-25   3.6295203087585469E+03
   1.1836770000000000E+09   5.2350828408586868E+05   7.4264174909272214E-14   9.8544145516536037E-25   3.6281121489967209E+03
   1.1856770000000000E+09   5.2523874448390456E+05   7.3587321468753458E-14   9.7684155686785273E-25   3.6266950448093971E+03
   1.1876770000000000E+09   5.2696423097374337E+05   7.2918829073100101E-14   9.6834823671244854E-25   3.6252694473805573E+03
   1.1896770000000000E+09   5.2868475556028332E+05   7.2258571754233469E-14   9.5995976882517107E-25   3.6238358038338483E+03
   1.1916770000000000E+09   5.3040033190579957E+05   7.1606425723177788E-14   9.5167446016796683E-25   3.6223945573569295E+03
   1.1936770000000000E+09   5.3211097538652655E+05   7.0962269317960154E-14   9.4349064966788948E-25   3.6209461473304723E+03
   1.1956770000000000E+09   5.3381670311217941E+05   7.0325982956008130E-14   9.3540670741189608E-25   3.6194910094596398E+03
   1.1976770000000000E+09   5.3551753390864690E+05   6.9697449090819746E-14   9.2742103390475220E-25   3.6180295759058172E+03
   1.1996770000000000E+09   5.3721348826513207E+05   6.9076552172631275E-14   9.1953205938682092E-25   3.6165622754164337E+03
   1.2016770000000000E+09   5.3890458824834158E+05   6.8463178612688400E-14   9.1173824320686899E-25   3.6150895334507991E+03
   1.2036770000000000E+09   5.4059085738728102E+05   6.7857216750679441E-14   9.0403807324430493E-25   3.6136117723000852E+03
   1.2056770000000000E+09   5.4227232053314685E+05   6.7258556824827324E-14   8.9643006537435905E-25   3.6121294111997554E+03
   1.2076770000000000E+09   5.4394900369928998E+05   6.6667090944146914E-14   8.8891276296972268E-25   3.6106428664331202E+03
   1.2096770000000000E+09   5.4562093388703372E+05   6.6082713062300175E-14   8.8148473643111711E-25   3.6091525514248042E+03
   1.2116770000000000E+09   5.4728813890305976E+05   6.5505318952558530E-14   8.7414458274011235E-25   3.6076588768235265E+03
   1.2136770000000000E+09   5.4895064717420633E+05   6.4934806183385649E-14   8.6689092502754864E-25   3.6061622505736000E+03
   1.2156770000000000E+09   5.5060848756554723E+05   6.4371074094168690E-14   8.5972241215094713E-25   3.6046630779751526E+03
   1.2176770000000000E+09   5.5226168920698715E+05   6.3814023770725873E-14   8.5263771827559510E-25   3.6031617617332190E+03
   1.2196770000000000E+09   5.5391028133308573E+05   6.3263558020280986E-14   8.4563554245473270E-25   3.6016587019962203E+03
   1.2216770000000000E+09   5.5555429314027238E+05   6.2719581345637704E-14   8.3871460820480636E-25   3.6001542963845113E+03
   1.2236770000000000E+09   5.5719375366435200E+05   6.2181999918433839E-14   8.3187366307363815E-25   3.5986489400100595E+03
   1.2256770000000000E+09   5.5882869168039982E+05   6.1650721551403345E-14   8.2511147820004847E-25   3.5971430254882175E+03
   1.2276770000000000E+09   5.6045913562584505E+05   6.1125655669696013E-14   8.1842684786504056E-25   3.5956369429428805E+03
   1.2296770000000000E+09   5.6208511354657612E+05   6.0606713281359786E-14   8.1181858903546014E-25   3.5941310800061701E+03
   1.2316770000000000E+09   5.6370665306464676E+05   6.0093806947199787E-14   8.0528554090248954E-25   3.5926258218139765E+03
   1.2336770000000000E+09   5.6532378136547282E+05   5.9586850750242504E-14   7.9882656441764607E-25   3.5911215509983049E+03
   1.2356770000000000E+09   5.6693652520165464E+05   5.9085760265082505E-14   7.9244054182958371E-25   3.5896186476776393E+03
   1.2376770000000000E+09   5.6854491091015446E+05   5.8590452527393438E-14   7.8612637622520440E-25   3.5881174894459973E+03
   1.2396770000000000E+09   5.7014896443944622E+05   5.8100846003863739E-14   7.7988299107829129E-25   3.5866184513615235E+03
   1.2416770000000000E+09   5.7174871138344856E+05   5.7616860562769756E-14   7.7370932980835018E-25   3.5851219059350337E+03
   1.2436770000000000E+09   5.7334417701917316E+05   5.7138417445380414E-14   7.6760435535211761E-25   3.5836282231189321E+03
   1.2456770000000000E+09   5.7493538634561375E+05   5.6665439238304795E-14   7.6156704974914114E-25   3.5821377702967088E+03
   1.2476770000000000E+09   5.7652236412168795E+05   5.6197849846873066E-14   7.5559641374258874E-25   3.5806509122731250E+03
   1.2496770000000000E+09   5.7810513490162755E+05   5.5735574469572388E-14   7.4969146639555693E-25   3.5791680112650401E+03
   1.2516770000000000E+09   5.7968372306649270E+05   5.5278539573546720E-14   7.4385124472297836E-25   3.5776894268928518E+03
   1.2536770000000000E+09   5.8125815285091253E+05   5.4826672871124133E-14   7.3807480333864248E-25   3.5762155161723958E+03
   1.2556770000000000E+09   5.8282844836437970E+05   5.4379903297331636E-14   7.3236121411680392E-25   3.5747466335071335E+03
   1.2576770000000000E+09   5.8439463360669103E+05   5.3938160988335592E-14   7.2670956586755509E-25   3.5732831306804110E+03
   1.2596770000000000E+09   5.8595673247739614E+05   5.3501377260729930E-14   7.2111896402492411E-25   3.5718253568476184E+03
   1.2616770000000000E+09   5.8751476877916465E+05   5.3069484591603642E-14   7.1558853034678935E-25   3.5703736585279889E+03
   1.2636770000000000E+09   5.8906876621527423E+05   5.2642416599295450E-14   7.1011740262537053E-25   3.5689283795958431E+03
   1.2656770000000000E+09   5.9061874838129885E+05   5.2220108024771012E-14   7.0470473440742424E-25   3.5674898612710840E+03
   1.2676770000000000E+09   5.9216473875138827E+05   5.1802494713525941E-14   6.9934969472282882E-25   3.5660584421087560E+03
   1.2696770000000000E+09   5.9370676065933949E+05   5.1389513597948111E-14   6.9405146782065240E-25   3.5646344579874785E+03
   1.2716770000000000E+09   5.9524483727480832E+05   5.0981102680062918E-14   6.8880925291165223E-25   3.5632182420966051E+03
   1.2736770000000000E+09   5.9677899157494132E+05   5.0577201014595451E-14   6.8362226391628284E-25   3.5618101249219935E+03
   1.2756770000000000E+09   5.9830924631188135E+05   5.0177748692268234E-14   6.7848972921709688E-25   3.5604104342301994E+03
   1.2776770000000000E+09   5.9983562397658580E+05   4.9782686823265596E-14   6.7341089141455424E-25   3.5590194950510645E+03
   1.2796770000000000E+09   6.0135814675948326E+05   4.9391957520791366E-14   6.6838500708522153E-25   3.5576376296585549E+03
   1.2816770000000000E+09   6.0287683650865324E+05   4.9005503884635655E-14   6.6341134654117683E-25   3.5562651575497525E+03
   1.2836770000000000E+09   6.0439171468618046E+05   4.8623269984684288E-14   6.5848919358965403E-25   3.5549023954220561E+03
   1.2856770000000000E+09   6.0590280232343287E+05   4.8245200844296751E-14   6.5361784529188464E-25   3.5535496571484509E+03
   1.2876770000000000E+09   6.0741011997594743E+05   4.7871242423498260E-14   6.4879661172033291E-25   3.5522072537508948E+03
   1.2896770000000000E+09   6.0891368767852022E+05   4.7501341601948573E-14   6.4402481571374746E-25   3.5508754933718565E+03
   1.2916770000000000E+09   6.1041352490090276E+05   4.7135446161674374E-14   6.3930179262979402E-25   3.5495546812440052E+03
   1.2936770000000000E+09   6.1190965050441283E+05   4.6773504769565487E-14   6.3462689009520332E-25   3.5482451196581101E+03
   1.2956770000000000E+09   6.1340208269926580E+05   4.6415466959689872E-14   6.2999946775411634E-25   3.5469471079291998E+03
   1.2976770000000000E+09   6.1489083900231251E+05   4.6061283115489127E-14   6.2541889701541157E-25   3.5456609423610121E+03
   1.2996770000000000E+09   6.1637593619453523E+05   4.5710904451953473E-14   6.2088456080030394E-25   3.5443869162087758E+03
   1.3016770000000000E+09   6.1785739027750120E+05   4.5364282997894790E-14   6.1639585329178652E-25   3.5431253196403272E+03
   1.3036770000000000E+09   6.1933521642856463E+05   4.5021371578396911E-14   6.1195217968697625E-25   3.5418764396954703E+03
   1.3056770000000000E+09   6.2080942895533540E+05   4.4682123797499760E-14   6.0755295595308253E-25   3.5406405602436816E+03
   1.3076770000000000E+09   6.2228004125209001E+05   4.4346494021038291E-14   6.0319760858592672E-25   3.5394179619400088E+03
   1.3096770000000000E+09   6.2374706576346525E+05   4.4014437359430129E-14   5.9888557436814343E-25   3.5382089221793644E+03
   1.3116770000000000E+09   6.2521051396489842E+05   4.3685909649961911E-14   5.9461630012086816E-25   3.5370137150494652E+03
   1.3136770000000000E+09   6.2667039637343900E+05   4.3360867437923433E-14   5.9038924243991035E-25   3.5358326112829886E+03
   1.3156770000000000E+09   6.2812672260657616E+05   4.3039267955726089E-14   5.8620386740440318E-25   3.5346658782100994E+03
   1.3176770000000000E+09   6.2957950150851929E+05   4.2721069099075405E-14   5.8205965024492126E-25   3.5335137797129732E+03
   1.3196770000000000E+09   6.3102874136128032E+05   4.2406229399412081E-14   5.7795607495989923E-25   3.5323765761846125E+03
   1.3216770000000000E+09   6.3247445018991281E+05   4.2094707992296260E-14   5.7389263387535673E-25   3.5312545244949133E+03
   1.3236770000000000E+09   6.3391663615616399E+05   4.1786464582234048E-14   5.6986882715417952E-25   3.5301478779670229E+03
   1.3256770000000000E+09   6.3535530801319238E+05   4.1481459405587571E-14   5.6588416227682791E-25   3.5290568863671087E+03
   1.3276770000000000E+09   6.3679047556912480E+05   4.1179653194472256E-14   5.6193815353285015E-25   3.5279817959094526E+03
   1.3296770000000000E+09   6.3822215008536295E+05   4.0881007145582936E-14   5.5803032157710764E-25   3.5269228492772017E+03
   1.3316770000000000E+09   6.3965034452503535E+05   4.0585482898285997E-14   5.5416019311054795E-25   3.5258802856565676E+03
   1.3336770000000000E+09   6.4107507357660099E+05   4.0293042525612000E-14   5.5032730073630991E-25   3.5248543407794618E+03
   1.3356770000000000E+09   6.4249635341249080E+05   4.0003648539771271E-14   5.4653118301492932E-25   3.5238452469668755E+03
   1.3376770000000000E+09   6.4391420120001654E+05   3.9717263910725817E-14   5.4277138470034403E-25   3.5228532331640999E+03
   1.3396770000000000E+09   6.4532863444993866E+05   3.9433852092806156E-14   5.3904745708976511E-25   3.5218785249591565E+03
   1.3416770000000000E+09   6.4673967034510989E+05   3.9153377051567295E-14   5.3535895838154884E-25   3.5209213445789292E+03
   1.3436770000000000E+09   6.4814732521371986E+05   3.8875803282199280E-14   5.3170545392222853E-25   3.5199819108619827E+03
   1.3456770000000000E+09   6.4955161428069300E+05   3.8601095812735786E-14   5.2808651624905720E-25   3.5190604392132518E+03
   1.3476770000000000E+09   6.5095255174821324E+05   3.8329220189791005E-14   5.2450172489503385E-25   3.5181571415501235E+03
   1.3496770000000000E+09   6.5235015114517661E+05   3.8060142450366740E-14   5.2095066600262747E-25   3.5172722262518027E+03
   1.3516770000000000E+09   6.5374442578901211E+05   3.7793829088105685E-14   5.1743293185914850E-25   3.5164058981216285E+03
   1.3536770000000000E+09   6.5513538916636573E+05   3.7530247024022252E-14   5.1394812049051420E-25   3.5155583583664884E+03
   1.3556770000000000E+09   6.5652305508551991E+05   3.7269363589118430E-14   5.1049583541555677E-25   3.5147298045903099E+03
   1.3576770000000000E+09   6.5790743756769155E+05   3.7011146520332262E-14   5.0707568558233863E-25   3.5139204307929531E+03
   1.3596770000000000E+09   6.5928855057291314E+05   3.6755563964791273E-14   5.0368728541933927E-25   3.5131304273644832E+03
   1.3616770000000000E+09   6.6066640773262468E+05   3.6502584483630771E-14   5.0033025488275522E-25   3.5123599810684436E+03
   1.3636770000000000E+09   6.6204102224088949E+05   3.6252177047891471E-14   4.9700421939710076E-25   3.5116092750146909E+03
   1.3656770000000000E+09   6.6341240695202816E+05   3.6004311024374027E-14   4.9370880965882208E-25   3.5108784886284202E+03
   1.3676770000000000E+09   6.6478057460719650E+05   3.5758956155653417E-14   4.9044366135912074E-25   3.5101677976241149E+03
   1.3696770000000000E+09   6.6614553804556048E+05   3.5516082541755706E-14   4.8720841492813207E-25   3.5094773739894554E+03
   1.3716770000000000E+09   6.6750731028737081E+05   3.5275660629377995E-14   4.8400271538140907E-25   3.5088073859780666E+03
   1.3736770000000000E+09   6.6886590447787987E+05   3.5037661209439497E-14   4.8082621228058837E-25   3.5081579981048171E+03
   1.3756770000000000E+09   6.7022133377436339E+05   3.4802055419036479E-14   4.7767855975532888E-25   3.5075293711375334E+03
   1.3776770000000000E+09   6.7157361127511831E+05   3.4568814742850054E-14   4.7455941651882291E-25   3.5069216620834145E+03
   1.3796770000000000E+09   6.7292275002567121E+05   3.4337911011873776E-14   4.7146844584711418E-25   3.5063350241732660E+03
   1.3816770000000000E+09   6.7426876305451652E+05   3.4109316401137603E-14   4.6840531554452366E-25   3.5057696068483879E+03
   1.3836770000000000E+09   6.7561166336001991E+05   3.3883003429450379E-14   4.6536969793652236E-25   3.5052255557512999E+03
   1.3856770000000000E+09   6.7695146379930223E+05   3.3658944962725552E-14   4.6236126991208137E-25   3.5047030127165290E+03
   1.3876770000000000E+09   6.7828817684393458E+05   3.3437114221340735E-14   4.5937971302273526E-25   3.5042021157537447E+03
   1.3896770000000000E+09   6.7962181402608869E+05   3.3217484797020858E-14   4.5642471371525185E-25   3.5037229990119108E+03
   1.3916770000000000E+09   6.8095238439871767E+05   3.3000030703270802E-14   4.5349596403121521E-25   3.5032657927000982E+03
   1.3936770000000000E+09   6.8227989005191263E+05   3.2784726530233010E-14   4.5059316375597801E-25   3.5028306229009627E+03
   1.3956770000000000E+09   6.8360431366378150E+05   3.2571547885829454E-14   4.4771602653711279E-25   3.5024176111213583E+03
   1.3976770000000000E+09   6.8492558612417954E+05   3.2360472557188264E-14   4.4486429598227040E-25   3.5020268732469808E+03
   1.3996770000000000E+09   6.8624350802216132E+05   3.2151483348584986E-14   4.4203778496588504E-25   3.5016585172719474E+03
   1.4016770000000000E+09   6.8755757375036378E+05   3.1944574481475704E-14   4.3923646420868703E-25   3.5013126387653256E+03
   1.4036770000000000E+09   6.8886661328538205E+05   3.1739764720495705E-14   4.3646064383284157E-25   3.5009893126194188E+03
   1.4056770000000000E+09   6.9016814613891463E+05   3.1537121244503081E-14   4.3371130339961452E-25   3.5006885793780325E+03
   1.4076770000000000E+09   6.9145739768561581E+05   3.1336796394893683E-14   4.3099060001562476E-25   3.5004104242698950E+03
   1.4096770000000000E+09   6.9272617249537294E+05   3.1139070544413330E-14   4.2830246196687193E-25   3.5001547457948568E+03
   1.4116770000000000E+09   6.9396230503702455E+05   3.0944374632599027E-14   4.2565290488531119E-25   3.4999213059071790E+03
   1.4136770000000000E+09   6.9515105585519772E+05   3.0753240651627493E-14   4.2304936060357732E-25   3.4997096464289066E+03
   1.4156770000000000E+09   6.9627984210915293E+05   3.0566125139081630E-14   4.2049826311932599E-25   3.4995189646772019E+03
   1.4176770000000000E+09   6.9734585597124265E+05   3.0383117534948611E-14   4.1800104681573858E-25   3.4993480095606801E+03
   1.4196770000000000E+09   6.9836228963960952E+05   3.0203693347130919E-14   4.1555073407231177E-25   3.4991951950392431E+03
   1.4216770000000000E+09   6.9935658474829316E+05   3.0026772317755444E-14   4.1313266829800172E-25   3.4990591472552783E+03
   1.4236770000000000E+09   7.0035940597126412E+05   2.9851152306255867E-14   4.1073039145050801E-25   3.4989394911892286E+03
   1.4256770000000000E+09   7.0139487616630062E+05   2.9675919781410356E-14   4.0833127423357483E-25   3.4988370389386096E+03
   1.4276770000000000E+09   7.0248484088242904E+05   2.9500307744179598E-14   4.0592466344593536E-25   3.4987529536466254E+03
   1.4296770000000000E+09   7.0366259434598696E+05   2.9323112746673574E-14   4.0349408413898867E-25   3.4986868237762187E+03
   1.4316770000000000E+09   7.0494124747036595E+05   2.9144064560478135E-14   4.0103429980716384E-25   3.4986522073564147E+03
   1.4336770000000000E+09   7.0661527402052295E+05   2.8950099379544061E-14   3.9838031938849598E-25   3.4985199462745304E+03
   1.4356770000000000E+09   7.0619810667662043E+05   2.8845951173829554E-14   3.9692970383535564E-25   3.4986736553014703E+03
   6.5767700000000000E+08  -7.9251134220993310E+02   4.9844064777391923E-08   1.7880839503474152E-22   1.8392896692499110E+03
   6.5967700000000000E+08  -7.2385897639845666E+02   6.3529892918486389E-08   1.8905568630699046E-22   2.2172834333978244E+03
   6.6167700000000000E+08  -6.5404086199709809E+02   6.8895589829830279E-08   1.8309055791451434E-22   2.4829031803027447E+03
   6.6367700000000000E+08  -5.9502970821947270E+02   7.0710435473508893E-08   1.7333783248374615E-22   2.6916867938138830E+03
   6.6567700000000000E+08  -4.1112159050657198E+02   6.9371194291606334E-08   1.5973570539442182E-22   2.8655792226625967E+03
   6.6767700000000000E+08  -1.2877017290515042E+02   6.5923732361544336E-08   1.4425585731310085E-22   3.0153968674716002E+03
   6.6967700000000000E+08   2.1747602267797885E+02   6.1419995997337566E-08   1.2876581671103058E-22   3.1473524521573368E+03
   6.7167700000000000E+08   5.9905971445911700E+02   5.6618248480636853E-08   1.1440754661069938E-22   3.2654037900230483E+03
   6.7367700000000000E+08   9.9774224505426514E+02   5.1955967470821839E-08   1.0165932874454186E-22   3.3722632352856108E+03
   6.7567700000000000E+08   1.3992708996843724E+03   4.7643266470490768E-08   9.0597633303162453E-23   3.4698897244432828E+03
   6.7767700000000000E+08   1.7856074321739545E+03   4.3759910117783750E-08   8.1112021238420729E-23   3.5597531799546641E+03
   6.7967700000000000E+08   2.1324016653329895E+03   4.0317589594070993E-08   7.3023614319011796E-23   3.6429886784467740E+03
   6.8167700000000000E+08   2.4155276254616460E+03   3.7292180034092982E-08   6.6136633812534976E-23   3.7204927927408985E+03
   6.8367700000000000E+08   2.6209062763259190E+03   3.4639508293959211E-08   6.0257856375934797E-23   3.7929871984722622E+03
   6.8567700000000000E+08   2.7469769421769211E+03   3.2301532728860360E-08   5.5199947640474044E-23   3.8610624703358649E+03
   6.8767700000000000E+08   2.7888593285000293E+03   3.0211836089960134E-08   5.0785105377120915E-23   3.9252086231693147E+03
   6.8967700000000000E+08   2.7172667064145744E+03   2.8305828045601687E-08   4.6857433655779374E-23   3.9858364800041973E+03
   6.9167700000000000E+08   2.4828981887688456E+03   2.6535915882783534E-08   4.3303314069363102E-23   4.0432933805661887E+03
   6.9367700000000000E+08   2.0597335573219298E+03   2.4882520568524323E-08   4.0064286166883946E-23   4.0978761106629536E+03
   6.9567700000000000E+08   1.4943655118381339E+03   2.3351290377676435E-08   3.7127819718923745E-23   4.1498422359033020E+03
   6.9767700000000000E+08   9.1579181265172144E+02   2.1958658565653077E-08   3.4501142097031256E-23   4.1994192591934898E+03
   6.9967700000000000E+08   4.9789346921535559E+02   2.0717325126267308E-08   3.2187188555971032E-23   4.2468107709700207E+03
   7.0167700000000000E+08   4.0399777713794862E+02   1.9629251843524130E-08   3.0173837866234350E-23   4.2921997900165079E+03
   7.0367700000000000E+08   7.4426928058828651E+02   1.8685615608108957E-08   2.8434399051051444E-23   4.3357503704049905E+03
   7.0567700000000000E+08   1.5585547426028229E+03   1.7870115206206446E-08   2.6933069175883956E-23   4.3776085991063301E+03
   7.0767700000000000E+08   2.8217226988857287E+03   1.7162843836658034E-08   2.5630893655975706E-23   4.4179036773972894E+03
   7.0967700000000000E+08   4.4617592399462665E+03   1.6543419343203575E-08   2.4490306980233790E-23   4.4567493209133763E+03
   7.1167700000000000E+08   6.3810571037757863E+03   1.5993017598780483E-08   2.3477855003183733E-23   4.4942454311805468E+03
   7.1367700000000000E+08   8.4748347501691424E+03   1.5495430948924667E-08   2.2565400886361315E-23   4.5304798851557225E+03
   7.1567700000000000E+08   1.0644542336299048E+04   1.5037436935767246E-08   2.1730317323787936E-23   4.5655302940566635E+03
   7.1767700000000000E+08   1.2805212822334483E+04   1.4608703052637089E-08   2.0955042601884390E-23   4.5994656198618495E+03
   7.1967700000000000E+08   1.4886990851249384E+04   1.4201347506497562E-08   2.0226194064971224E-23   4.6323475747871653E+03
   7.2167700000000000E+08   1.6839004246834786E+04   1.3809995905788436E-08   1.9534447948028446E-23   4.6642318210619032E+03
   7.2367700000000000E+08   1.8630886678414816E+04   1.3431105068342979E-08   1.8873414706334502E-23   4.6951690063619862E+03
   7.2567700000000000E+08   2.0248243050989924E+04   1.3062575506919706E-08   1.8238974620481482E-23   4.7252056052239022E+03
   7.2767700000000000E+08   2.1689541776709630E+04   1.2703352374670584E-08   1.7628634143156598E-23   4.7543845709867528E+03
   7.2967700000000000E+08   2.2962820404726663E+04   1.2353081888070296E-08   1.7040989716133483E-23   4.7827458423483349E+03
   7.3167700000000000E+08   2.4082519846833071E+04   1.2011829149790955E-08   1.6475299766265237E-23   4.8103267315698677E+03
   7.3367700000000000E+08   2.5066677605582918E+04   1.1679860726179022E-08   1.5931162855659268E-23   4.8371622198717032E+03
   7.3567700000000000E+08   2.5934636680120595E+04   1.1357490413155285E-08   1.5408294127428596E-23   4.8632851830004165E+03
   7.3767700000000000E+08   2.6705344025086462E+04   1.1044981386723981E-08   1.4906386090513664E-23   4.8887265667061338E+03
   7.3967700000000000E+08   2.7396230626472177E+04   1.0742494806898446E-08   1.4425036668399508E-23   4.9135155280182807E+03
   7.4167700000000000E+08   2.8022603204912510E+04   1.0450072690130188E-08   1.3963725482543383E-23   4.9376795543187718E+03
   7.4367700000000000E+08   2.8597435312377387E+04   1.0167643253010923E-08   1.3521820854623686E-23   4.9612445685511111E+03
   7.4567700000000000E+08   2.9131434530847899E+04   9.8950385859362514E-09   1.3098603026591568E-23   4.9842350258243960E+03
   7.4767700000000000E+08   2.9633272470919044E+04   9.6320170712511859E-09   1.2693293087159261E-23   5.0066740043400287E+03
   7.4967700000000000E+08   3.0109887827619117E+04   9.3782855959650359E-09   1.2305080966448487E-23   5.0285832919858676E+03
   7.5167700000000000E+08   3.0566800404462279E+04   9.1335188633337120E-09   1.1933149045731281E-23   5.0499834690002135E+03
   7.5367700000000000E+08   3.1008399340646349E+04   8.8973747541533182E-09   1.1576690181697184E-23   5.0708939866432420E+03
   7.5567700000000000E+08   3.1438188370603977E+04   8.6695057233138875E-09   1.1234920311880198E-23   5.0913332416605745E+03
   7.5767700000000000E+08   3.1858984070248291E+04   8.4495667543527117E-09   1.0907086481775184E-23   5.1113186463450884E+03
   7.5967700000000000E+08   3.2273070548349766E+04   8.2372205884074711E-09   1.0592471344592613E-23   5.1308666941011343E+03
   7.6167700000000000E+08   3.2682317424179681E+04   8.0321409350983659E-09   1.0290395131747063E-23   5.1499930205296787E+03
   7.6367700000000000E+08   3.3088268703204143E+04   7.8340142670937713E-09   1.0000215920928998E-23   5.1687124601528267E+03
   7.6567700000000000E+08   3.3492209527691812E+04   7.6425406649664544E-09   9.7213288286240533E-24   5.1870390989697198E+03
   7.6767700000000000E+08   3.3895216561890295E+04   7.4574340510475618E-09   9.4531645718422657E-24   5.2049863230822939E+03
   7.6967700000000000E+08   3.4298196458401391E+04   7.2784220458914067E-09   9.1951876978358775E-24   5.2225668636531154E+03
   7.7167700000000000E+08   3.4701915684865635E+04   7.1052456019081695E-09   8.9468946729026169E-24   5.2397928384642046E+03
   7.7367700000000000E+08   3.5107024054937254E+04   6.9376585129066746E-09   8.7078119467164309E-24   5.2566757903410498E+03
   7.7567700000000000E+08   3.5514073607465740E+04   6.7754268607782112E-09   8.4774940594082596E-24   5.2732267226941312E+03
   7.7767700000000000E+08   3.5923533977955922E+04   6.6183284363384593E-09   8.2555218275599915E-24   5.2894561324146616E+03
   7.7967700000000000E+08   3.6335805061332729E+04   6.4661521562283279E-09   8.0415006264504616E-24   5.3053740403438733E+03
   7.8167700000000000E+08   3.6751227532224344E+04   6.3186974885979809E-09   7.8350587749354870E-24   5.3209900195176097E+03
   7.8367700000000000E+08   3.7170091633890552E+04   6.1757738948470462E-09   7.6358460232392683E-24   5.3363132213708832E+03
   7.8567700000000000E+08   3.7592644543787901E+04   6.0372002914994452E-09   7.4435321407092821E-24   5.3513524000709831E+03
   7.8767700000000000E+08   3.8019096554480078E+04   5.9028045344253990E-09   7.2578055990104867E-24   5.3661159351328224E+03
   7.8967700000000000E+08   3.8449626260966295E+04   5.7724229265180922E-09   7.0783723455641958E-24   5.3806118524564699E+03
   7.9167700000000000E+08   3.8884384911562447E+04   5.6458997492573440E-09   6.9049546618463566E-24   5.3948478439143910E+03
   7.9367700000000000E+08   3.9323500054168828E+04   5.5230868181575512E-09   6.7372901012094714E-24   5.4088312856045432E+03
   7.9567700000000000E+08   3.9767078589962221E+04   5.4038430618009172E-09   6.5751305010577779E-24   5.4225692548751967E+03
   7.9767700000000000E+08   4.0215209330373073E+04   5.2880341239426411E-09   6.4182410644200894E-24   5.4360685462179945E+03
   7.9967700000000000E+08   4.0667965139483866E+04   5.1755319880162226E-09   6.2663995062004959E-24   5.4493356861173834E+03
   8.0167700000000000E+08   4.1125404732092822E+04   5.0662146232479304E-09   6.1193952596287241E-24   5.4623769469368190E+03
   8.0367700000000000E+08   4.1587574187219012E+04   4.9599656515032172E-09   5.9770287386748454E-24   5.4751983599152354E+03
   8.0567700000000000E+08   4.2054508227593047E+04   4.8566740339289515E-09   5.8391106524345774E-24   5.4878057273409568E+03
   8.0767700000000000E+08   4.2526231307554204E+04   4.7562337764205737E-09   5.7054613677308647E-24   5.5002046339645349E+03
   8.0967700000000000E+08   4.3002758544692893E+04   4.6585436529289595E-09   5.5759103164134414E-24   5.5124004577067381E+03
   8.1167700000000000E+08   4.3484096524480221E+04   4.5635069456257212E-09   5.4502954440705628E-24   5.5243983797133242E+03
   8.1367700000000000E+08   4.3970244001962637E+04   4.4710312009632791E-09   5.3284626970931635E-24   5.5362033938038157E+03
   8.1567700000000000E+08   4.4461192520301222E+04   4.3810280006956319E-09   5.2102655452513356E-24   5.5478203153576205E+03
   8.1767700000000000E+08   4.4956926962430422E+04   4.2934127469637368E-09   5.0955645371540671E-24   5.5592537896774111E+03
   8.1967700000000000E+08   4.5457426049305985E+04   4.2081044605924710E-09   4.9842268861634495E-24   5.5705082998662874E+03
   8.2167700000000000E+08   4.5962662795997538E+04   4.1250255917924025E-09   4.8761260845236760E-24   5.5815881742524116E+03
   8.2367700000000000E+08   4.6472604935145166E+04   4.0441018425062506E-09   4.7711415436409508E-24   5.5924975933920923E+03
   8.2567700000000000E+08   4.6987215315921960E+04   3.9652619996851513E-09   4.6691582586126357E-24   5.6032405966798879E+03
   8.2767700000000000E+08   4.7506452285502550E+04   3.8884377788214652E-09   4.5700664952509102E-24   5.6138210885920325E+03
   8.2967700000000000E+08   4.8030270059014947E+04   3.8135636771029766E-09   4.4737614979795176E-24   5.6242428445874411E+03
   8.3167700000000000E+08   4.8558619082977108E+04   3.7405768355857659E-09   4.3801432170998736E-24   5.6345095166888123E+03
   8.3367700000000000E+08   4.9091446396181796E+04   3.6694169098110083E-09   4.2891160540280805E-24   5.6446246387644605E+03
   8.3567700000000000E+08   4.9628695990887478E+04   3.6000259483139718E-09   4.2005886231964798E-24   5.6545916315301338E+03
   8.3767700000000000E+08   5.0170309175949471E+04   3.5323482784930952E-09   4.1144735293958792E-24   5.6644138072885198E+03
   8.3967700000000000E+08   5.0716224942227156E+04   3.4663303993236071E-09   4.0306871594078369E-24   5.6740943744229171E+03
   8.4167700000000000E+08   5.1266380329251086E+04   3.4019208804163638E-09   3.9491494868443972E-24   5.6836364416602755E+03
   8.4367700000000000E+08   5.1820710790816483E+04   3.3390702669384766E-09   3.8697838891759636E-24   5.6930430221177767E+03
   8.4567700000000000E+08   5.2379150555944216E+04   3.2777309899305000E-09   3.7925169759898467E-24   5.7023170371460692E+03
   8.4767700000000000E+08   5.2941632980625298E+04   3.2178572815761312E-09   3.7172784275837895E-24   5.7114613199813093E+03
   8.4967700000000000E+08   5.3508090885001315E+04   3.1594050950053756E-09   3.6440008430613951E-24   5.7204786192173869E+03
   8.5167700000000000E+08   5.4078456870214744E+04   3.1023320282413165E-09   3.5726195971609037E-24   5.7293716021087830E+03
   8.5367700000000000E+08   5.4652663609121730E+04   3.0465972519343107E-09   3.5030727051152787E-24   5.7381428577139777E+03
   8.5567700000000000E+08   5.5230644105422856E+04   2.9921614405640494E-09   3.4353006949089950E-24   5.7467948998884758E+03
   8.5767700000000000E+08   5.5812331916503543E+04   2.9389867068297149E-09   3.3692464863653038E-24   5.7553301701359151E+03
   8.5967700000000000E+08   5.6397661336365287E+04   2.8870365389888981E-09   3.3048552765644409E-24   5.7637510403253664E+03
   8.6167700000000000E+08   5.6986567536371032E+04   2.8362757409462108E-09   3.2420744311578438E-24   5.7720598152820648E+03
   8.6367700000000000E+08   5.7578986663053001E+04   2.7866703749308167E-09   3.1808533812034651E-24   5.7802587352587252E+03
   8.6567700000000000E+08   5.8174855893823900E+04   2.7381877066366968E-09   3.1211435252016497E-24   5.7883499782937761E+03
   8.6767700000000000E+08   5.8774113452981561E+04   2.6907961527296032E-09   3.0628981360584383E-24   5.7963356624627522E+03
   8.6967700000000000E+08   5.9376698591814995E+04   2.6444652306488116E-09   3.0060722727426027E-24   5.8042178480284974E+03
   8.7167700000000000E+08   5.9982551537798499E+04   2.5991655106499558E-09   2.9506226964340372E-24   5.8119985394956202E+03
   8.7367700000000000E+08   6.0591613418752335E+04   2.5548685700468651E-09   2.8965077909841009E-24   5.8196796875742248E+03
   8.7567700000000000E+08   6.1203826168398635E+04   2.5115469496160785E-09   2.8436874875238398E-24   5.8272631910577138E+03
   8.7767700000000000E+08   6.1819132419937981E+04   2.4691741121281103E-09   2.7921231930647454E-24   5.8347508986191351E+03
   8.7967700000000000E+08   6.2437475394143570E+04   2.4277244029650948E-09   2.7417777229392099E-24   5.8421446105303103E+03
   8.8167700000000000E+08   6.3058798788012748E+04   2.3871730127773289E-09   2.6926152369269675E-24   5.8494460803076972E+03
   8.8367700000000000E+08   6.3683046669358228E+04   2.3474959421210579E-09   2.6446011789090113E-24   5.8566570162887783E+03
   8.8567700000000000E+08   6.4310163381899612E+04   2.3086699680088941E-09   2.5977022198844822E-24   5.8637790831424854E+03
   8.8767700000000000E+08   6.4940093464647245E+04   2.2706726122919804E-09   2.5518862041782271E-24   5.8708139033169637E+03
   8.8967700000000000E+08   6.5572781588955782E+04   2.2334821117790154E-09   2.5071220986566582E-24   5.8777630584278886E+03
   8.9167700000000000E+08   6.6208172517283558E+04   2.1970773899773743E-09   2.4633799447527389E-24   5.8846280905901895E+03
   8.9367700000000000E+08   6.6846211090941375E+04   2.1614380303064039E-09   2.4206308130665732E-24   5.8914105036960882E+03
   8.9567700000000000E+08   6.7486842263085695E+04   2.1265442505620400E-09   2.3788467602338223E-24   5.8981117646419934E+03
   8.9767700000000000E+08   6.8130011213840320E+04   2.0923768782664250E-09   2.3380007875965571E-24   5.9047333045068435E+03
   8.9967700000000000E+08   6.8775663625963629E+04   2.0589173262586398E-09   2.2980668009072516E-24   5.9112765196843775E+03
   9.0167700000000000E+08   6.9423746272372591E+04   2.0261475674133055E-09   2.2590195697813944E-24   5.9177427729717310E+03
   9.0367700000000000E+08   7.0074208171509366E+04   1.9940501067302924E-09   2.2208346849106884E-24   5.9241333946169962E+03
   9.0567700000000000E+08   7.0727002665406209E+04   1.9626079484989735E-09   2.1834885104703907E-24   5.9304496833284356E+03
   9.0767700000000000E+08   7.1382090743846551E+04   1.9318045566450881E-09   2.1469581296375113E-24   5.9366929072484545E+03
   9.0967700000000000E+08   7.2039445519860281E+04   1.9016238093590261E-09   2.1112212844951665E-24   5.9428643048951262E+03
   9.1167700000000000E+08   7.2699056615597947E+04   1.8720499567255168E-09   2.0762563200645940E-24   5.9489650860733764E+03
   9.1367700000000000E+08   7.3360931216046753E+04   1.8430676027685677E-09   2.0420421561963200E-24   5.9549964327551897E+03
   9.1567700000000000E+08   7.4025086433594639E+04   1.8146617458210438E-09   2.0085583246365520E-24   5.9609594999238907E+03
   9.1767700000000000E+08   7.4691527707005327E+04   1.7868179085108985E-09   1.9757851052495823E-24   5.9668554163723966E+03
   9.1967700000000000E+08   7.5360213656858381E+04   1.7595223499174117E-09   1.9437037521362327E-24   5.9726852854430999E+03
   9.2167700000000000E+08   7.6031020509544091E+04   1.7327622715746412E-09   1.9122967111881553E-24   5.9784501857043288E+03
   9.2367700000000000E+08   7.6703732469105933E+04   1.7065258474207969E-09   1.8815476418345064E-24   5.9841511715774168E+03
   9.2567700000000000E+08   7.7378082621715730E+04   1.6808019284942682E-09   1.8514410807388097E-24   5.9897892739527570E+03
   9.2767700000000000E+08   7.8053837958705248E+04   1.6555794708518441E-09   1.8219618044489993E-24   5.9953655008422056E+03
   9.2967700000000000E+08   7.8730875595264704E+04   1.6308470231762017E-09   1.7930942633498617E-24   6.0008808380874016E+03
   9.3167700000000000E+08   7.9409188471884860E+04   1.6065927081391050E-09   1.7648225616996691E-24   6.0063362500914809E+03
   9.3367700000000000E+08   8.0088811569893238E+04   1.5828046763392563E-09   1.7371309549534982E-24   6.0117326805024122E+03
   9.3567700000000000E+08   8.0769738106169752E+04   1.5594715032056409E-09   1.7100042795061357E-24   6.0170710527948913E+03
   9.3767700000000000E+08   8.1451929011512882E+04   1.5365823705483981E-09   1.6834281428073818E-24   6.0223522707900920E+03
   9.3967700000000000E+08   8.2135404897996734E+04   1.5141272113085373E-09   1.6573890754554338E-24   6.0275772192100976E+03
   9.4167700000000000E+08   8.2820249905004821E+04   1.4920963650997788E-09   1.6318741540568905E-24   6.0327467642599213E+03
   9.4367700000000000E+08   8.3506441588172762E+04   1.4704792927290657E-09   1.6068695976349217E-24   6.0378617541008689E+03
   9.4567700000000000E+08   8.4193686947878246E+04   1.4492635277006416E-09   1.5823596190552754E-24   6.0429230191525157E+03
   9.4767700000000000E+08   8.4881497592948610E+04   1.4284356404119487E-09   1.5583274689901591E-24   6.0479313723641490E+03
   9.4967700000000000E+08   8.5569469319346259E+04   1.4079838977409074E-09   1.5347583284529939E-24   6.0528876096739014E+03
   9.5167700000000000E+08   8.6257528221058848E+04   1.3879000957319430E-09   1.5116413011285970E-24   6.0577925107708779E+03
   9.5367700000000000E+08   8.6946317960314831E+04   1.3681794875960999E-09   1.4889693141480934E-24   6.0626468399985797E+03
   9.5567700000000000E+08   8.7636588632809056E+04   1.3488217204880096E-09   1.4667400924410018E-24   6.0674513468695641E+03
   9.5767700000000000E+08   8.8328726019037727E+04   1.3298291152868437E-09   1.4449544909343233E-24   6.0722067662523832E+03
   9.5967700000000000E+08   8.9022742577164536E+04   1.3111862361964255E-09   1.4235940905311370E-24   6.0769138184001813E+03
   9.6167700000000000E+08   8.9718141463700333E+04   1.2928822027471196E-09   1.4026453817827627E-24   6.0815732090632127E+03
   9.6367700000000000E+08   9.0414729523478978E+04   1.2749082025463383E-09   1.3820972016005326E-24   6.0861856299250157E+03
   9.6567700000000000E+08   9.1112413167257590E+04   1.2572564160998213E-09   1.3619395373498940E-24   6.0907517590374091E+03
   9.6767700000000000E+08   9.1811131053717181E+04   1.2399195076427355E-09   1.3421629633539251E-24   6.0952722612049938E+03
   9.6967700000000000E+08   9.2510835355103642E+04   1.2228904540967754E-09   1.3227584498068352E-24   6.0997477883371121E+03
   9.7167700000000000E+08   9.3211486388575649E+04   1.2061624829988322E-09   1.3037172921948040E-24   6.1041789797789943E+03
   9.7367700000000000E+08   9.3913050304532575E+04   1.1897290404224033E-09   1.2850310740154908E-24   6.1085664626279267E+03
   9.7567700000000000E+08   9.4615497483443891E+04   1.1735837681349574E-09   1.2666916398151626E-24   6.1129108520372138E+03
   9.7767700000000000E+08   9.5318801147810067E+04   1.1577204868834623E-09   1.2486910750273412E-24   6.1172127515096527E+03
   9.7967700000000000E+08   9.6022936324956609E+04   1.1421331841264407E-09   1.2310216907455530E-24   6.1214727531811914E+03
   9.8167700000000000E+08   9.6727879344587462E+04   1.1268160040218373E-09   1.2136760110501295E-24   6.1256914380955604E+03
   9.8367700000000000E+08   9.7433607695995466E+04   1.1117632391050380E-09   1.1966467622688000E-24   6.1298693764705540E+03
   9.8567700000000000E+08   9.8140099954394303E+04   1.0969693239846254E-09   1.1799268645072978E-24   6.1340071279563217E+03
   9.8767700000000000E+08   9.8847335674317903E+04   1.0824288306148797E-09   1.1635094249592428E-24   6.1381052418860745E+03
   9.8967700000000000E+08   9.9555295220667031E+04   1.0681364643181210E-09   1.1473877320957672E-24   6.1421642575194592E+03
   9.9167700000000000E+08   1.0026395952405898E+05   1.0540870601510764E-09   1.1315552502892800E-24   6.1461847042786994E+03
   9.9367700000000000E+08   1.0097330996515215E+05   1.0402755796828962E-09   1.1160056149326309E-24   6.1501671019778450E+03
   9.9567700000000000E+08   1.0168332879988730E+05   1.0266971090345927E-09   1.1007326289560088E-24   6.1541119610455680E+03
   9.9767700000000000E+08   1.0239400046681936E+05   1.0133468603012953E-09   1.0857302630099858E-24   6.1580197827420734E+03
   9.9967700000000000E+08   1.0310531351313788E+05   1.0002201771864141E-09   1.0709926602017855E-24   6.1618910593707715E+03
   1.0016770000000000E+09   1.0381726264338578E+05   9.8731254535149038E-10   1.0565141459151816E-24   6.1657262744850395E+03
   1.0036770000000000E+09   1.0452984940249099E+05   9.7461959706970231E-10   1.0422892315913731E-24   6.1695259030897596E+03
   1.0056770000000000E+09   1.0524308049936233E+05   9.6213710734834630E-10   1.0283126094419276E-24   6.1732904118365404E+03
   1.0076770000000000E+09   1.0595696412650283E+05   9.4986097281181690E-10   1.0145791288152893E-24   6.1770202592117257E+03
   1.0096770000000000E+09   1.0667150537487310E+05   9.3778717394448120E-10   1.0010837548810576E-24   6.1807158957166585E+03
   1.0116770000000000E+09   1.0738670003896984E+05   9.2591173371787174E-10   9.8782152360714558E-25   6.1843777640398039E+03
   1.0136770000000000E+09   1.0810252513314542E+05   9.1423069284665132E-10   9.7478751448201531E-25   6.1880062992218645E+03
   1.0156770000000000E+09   1.0881894455021436E+05   9.0274005895640959E-10   9.6197679591455418E-25   6.1916019288157559E+03
   1.0176770000000000E+09   1.0953590414046032E+05   8.9143583165466057E-10   9.4938445067147071E-25   6.1951650730431611E+03
   1.0196770000000000E+09   1.1025334006688812E+05   8.8031404454598192E-10   9.3700562025177253E-25   6.1986961449497567E+03
   1.0216770000000000E+09   1.1097118740898062E+05   8.6937080767842937E-10   9.2483554924969134E-25   6.2021955505607430E+03
   1.0236770000000000E+09   1.1168938851269096E+05   8.5860235284941298E-10   9.1286963277384242E-25   6.2056636890362743E+03
   1.0256770000000000E+09   1.1240789941027887E+05   8.4800506719500584E-10   9.0110345135318641E-25   6.2091009528258164E+03
   1.0276770000000000E+09   1.1312669310768899E+05   8.3757550830528402E-10   8.8953278616865954E-25   6.2125077278199169E+03
   1.0296770000000000E+09   1.1384575953687321E+05   8.2731040040728588E-10   8.7815361416109698E-25   6.2158843934977149E+03
   1.0316770000000000E+09   1.1456510283295171E+05   8.1720661600393032E-10   8.6696208771691634E-25   6.2192313230691116E+03
   1.0336770000000000E+09   1.1528473707373091E+05   8.0726114971381972E-10   8.5595450612607398E-25   6.2225488836110071E+03
   1.0356770000000000E+09   1.1600468166049660E+05   7.9747109099074703E-10   8.4512728592054073E-25   6.2258374361977103E+03
   1.0376770000000000E+09   1.1672495724725774E+05   7.8783360067929599E-10   8.3447693535671334E-25   6.2290973360259386E+03
   1.0396770000000000E+09   1.1744558272797440E+05   7.7834589398062854E-10   8.2400003576455637E-25   6.2323289325351434E+03
   1.0416770000000000E+09   1.1816657341751820E+05   7.6900523022699611E-10   8.1369323017165116E-25   6.2355325695239226E+03
   1.0436770000000000E+09   1.1888794029135349E+05   7.5980890840258415E-10   8.0355321805973409E-25   6.2387085852632927E+03
   1.0456770000000000E+09   1.1960969000694876E+05   7.5075426669238309E-10   7.9357675441833638E-25   6.2418573126069668E+03
   1.0476770000000000E+09   1.2033182540328374E+05   7.4183868430690529E-10   7.8376065122831819E-25   6.2449790790994439E+03
   1.0496770000000000E+09   1.2105434622112442E+05   7.3305958416358077E-10   7.7410177986552173E-25   6.2480742070815631E+03
   1.0516770000000000E+09   1.2177724986084775E+05   7.2441443548043942E-10   7.6459707342123038E-25   6.2511430137940833E+03
   1.0536770000000000E+09   1.2250053206901874E+05   7.1590075578327731E-10   7.5524352841057850E-25   6.2541858114789429E+03
   1.0556770000000000E+09   1.2322418750537855E+05   7.0751611215724061E-10   7.4603820569045068E-25   6.2572029074784141E+03
   1.0576770000000000E+09   1.2394821018157311E+05   6.9925812177717937E-10   7.3697823062430423E-25   6.2601946043319667E+03
   1.0596770000000000E+09   1.2467259378426557E+05   6.9112445184915932E-10   7.2806079263499884E-25   6.2631611998711633E+03
   1.0616770000000000E+09   1.2539733190416187E+05   6.8311281911931877E-10   7.1928314431172807E-25   6.2661029873121524E+03
   1.0636770000000000E+09   1.2612241819327985E+05   6.7522098909138070E-10   7.1064260022097149E-25   6.2690202553461049E+03
   1.0656770000000000E+09   1.2684784646970461E+05   6.6744677506431372E-10   7.0213653553956878E-25   6.2719132882276172E+03
   1.0676770000000000E+09   1.2757361078512733E+05   6.5978803707017498E-10   6.9376238459451717E-25   6.2747823658609077E+03
   1.0696770000000000E+09   1.2829970546662777E+05   6.5224268076688800E-10   6.8551763936713555E-25   6.2776277638840902E+03
   1.0716770000000000E+09   1.2902612514114818E+05   6.4480865632216753E-10   6.7739984799954292E-25   6.2804497537514253E+03
   1.0736770000000000E+09   1.2975286474883326E+05   6.3748395731195047E-10   6.6940661332773940E-25   6.2832486028136445E+03
   1.0756770000000000E+09   1.3047991954959094E+05   6.3026661964773301E-10   6.6153559145606361E-25   6.2860245743964024E+03
   1.0776770000000000E+09   1.3120728512575713E+05   6.2315472054032285E-10   6.5378449038052396E-25   6.2887779278769349E+03
   1.0796770000000000E+09   1.3193495738248166E+05   6.1614637750229360E-10   6.4615106866301120E-25   6.2915089187589192E+03
   1.0816770000000000E+09   1.3266293254650288E+05   6.0923974738758276E-10   6.3863313415435907E-25   6.2942177987454988E+03
   1.0836770000000000E+09   1.3339120716333907E+05   6.0243302546459911E-10   6.3122854276201297E-25   6.2969048158109144E+03
   1.0856770000000000E+09   1.3411977809266339E+05   5.9572444451861422E-10   6.2393519725756663E-25   6.2995702142701248E+03
   1.0876770000000000E+09   1.3484864250165204E+05   5.8911227398004944E-10   6.1675104612018272E-25   6.3022142348471489E+03
   1.0896770000000000E+09   1.3557779785628282E+05   5.8259481907650704E-10   6.0967408241335695E-25   6.3048371147416383E+03
   1.0916770000000000E+09   1.3630724191074603E+05   5.7617042000779607E-10   6.0270234269387190E-25   6.3074390876941379E+03
   1.0936770000000000E+09   1.3703697269525137E+05   5.6983745114395551E-10   5.9583390595267224E-25   6.3100203840496524E+03
   1.0956770000000000E+09   1.3776698850249621E+05   5.6359432024658143E-10   5.8906689258764702E-25   6.3125812308199638E+03
   1.0976770000000000E+09   1.3849728787293116E+05   5.5743946771344242E-10   5.8239946340803422E-25   6.3151218517445359E+03
   1.0996770000000000E+09   1.3922786957878814E+05   5.5137136584585516E-10   5.7582981866964029E-25   6.3176424673498886E+03
   1.1016770000000000E+09   1.3995873260664189E+05   5.4538851813787214E-10   5.6935619713957609E-25   6.3201432950078906E+03
   1.1036770000000000E+09   1.4068987613813285E+05   5.3948945858595949E-10   5.6297687518891977E-25   6.3226245489925968E+03
   1.1056770000000000E+09   1.4142129952839346E+05   5.3367275101783264E-10   5.5669016591164777E-25   6.3250864405358980E+03
   1.1076770000000000E+09   1.4215300228167709E+05   5.2793698843926721E-10   5.5049441826837233E-25   6.3275291778819656E+03
   1.1096770000000000E+09   1.4288498402368688E+05   5.2228079239797642E-10   5.4438801625372724E-25   6.3299529663404046E+03
   1.1116770000000000E+09   1.4361724447014026E+05   5.1670281236398354E-10   5.3836937808657228E-25   6.3323580083383349E+03
   1.1136770000000000E+09   1.4434978339112809E+05   5.1120172512621306E-10   5.3243695542253049E-25   6.3347445034713783E+03
   1.1156770000000000E+09   1.4508260057088255E+05   5.0577623420521040E-10   5.2658923258858250E-25   6.3371126485533723E+03
   1.1176770000000000E+09   1.4581569576261943E+05   5.0042506928208732E-10   5.2082472583959134E-25   6.3394626376652159E+03
   1.1196770000000000E+09   1.4654906863817785E+05   4.9514698564376427E-10   5.1514198263668785E-25   6.3417946622024820E+03
   1.1216770000000000E+09   1.4728271873225339E+05   4.8994076364463041E-10   5.0953958094743035E-25   6.3441089109220984E+03
   1.1236770000000000E+09   1.4801664538112961E+05   4.8480520818456569E-10   5.0401612856752298E-25   6.3464055699879964E+03
   1.1256770000000000E+09   1.4875084765591245E+05   4.7973914820318967E-10   4.9857026246377609E-25   6.3486848230157893E+03
   1.1276770000000000E+09   1.4948532429043285E+05   4.7474143618996397E-10   4.9320064813776227E-25   6.3509468511164960E+03
   1.1296770000000000E+09   1.5022007360414835E+05   4.6981094770956702E-10   4.8790597900940384E-25   6.3531918329393375E+03
   1.1316770000000000E+09   1.5095509342058102E+05   4.6494658094168634E-10   4.8268497581945720E-25   6.3554199447136098E+03
   1.1336770000000000E+09   1.5169038098205673E+05   4.6014725623408925E-10   4.7753638604956648E-25   6.3576313602896425E+03
   1.1356770000000000E+09   1.5242593286176000E+05   4.5541191566754166E-10   4.7245898335826141E-25   6.3598262511789635E+03
   1.1376770000000000E+09   1.5316174487440474E+05   4.5073952263080257E-10   4.6745156703094068E-25   6.3620047865935412E+03
   1.1396770000000000E+09   1.5389781198709836E+05   4.4612906140364546E-10   4.6251296144159351E-25   6.3641671334842167E+03
   1.1416770000000000E+09   1.5463412823228104E+05   4.4157953674556237E-10   4.5764201552370937E-25   6.3663134565783885E+03
   1.1436770000000000E+09   1.5537068662490271E+05   4.3708997348754903E-10   4.5283760224759440E-25   6.3684439184168295E+03
   1.1456770000000000E+09   1.5610747908628627E+05   4.3265941612418810E-10   4.4809861810110417E-25   6.3705586793898219E+03
   1.1476770000000000E+09   1.5684449637735437E+05   4.2828692840309345E-10   4.4342398257068307E-25   6.3726578977724166E+03
   1.1496770000000000E+09   1.5758172804408771E+05   4.2397159290879410E-10   4.3881263761959697E-25   6.3747417297591355E+03
   1.1516770000000000E+09   1.5831916237821770E+05   4.1971251063813759E-10   4.3426354716028457E-25   6.3768103294978855E+03
   1.1536770000000000E+09   1.5905678639617085E+05   4.1550880056451859E-10   4.2977569651799513E-25   6.3788638491230686E+03
   1.1556770000000000E+09   1.5979458583922754E+05   4.1135959918858079E-10   4.2534809188319564E-25   6.3809024387883819E+03
   1.1576770000000000E+09   1.6053254519765615E+05   4.0726406007341108E-10   4.2097975975072140E-25   6.3829262466985083E+03
   1.1596770000000000E+09   1.6127064776124633E+05   4.0322135336297836E-10   4.1666974634428279E-25   6.3849354191406064E+03
   1.1616770000000000E+09   1.6200887569818785E+05   3.9923066528320776E-10   4.1241711702572239E-25   6.3869301005148800E+03
   1.1636770000000000E+09   1.6274721016361707E+05   3.9529119762602882E-10   4.0822095568931057E-25   6.3889104333647529E+03
   1.1656770000000000E+09   1.6348563143836081E+05   3.9140216721770564E-10   4.0408036414241587E-25   6.3908765584064795E+03
   1.1676770000000000E+09   1.6422411909750800E+05   3.8756280537381795E-10   3.9999446147497495E-25   6.3928286145580887E+03
   1.1696770000000000E+09   1.6496265220740868E+05   3.8377235734440838E-10   3.9596238342134113E-25   6.3947667389678982E+03
   1.1716770000000000E+09   1.6570120954861437E+05   3.8003008175387532E-10   3.9198328171920046E-25   6.3966910670425623E+03
   1.1736770000000000E+09   1.6643976986112795E+05   3.7633525004123330E-10   3.8805632347131173E-25   6.3986017324744835E+03
   1.1756770000000000E+09   1.6717831210722888E+05   3.7268714590727567E-10   3.8418069051673175E-25   6.4004988672688978E+03
   1.1776770000000000E+09   1.6791681574611738E+05   3.6908506477583028E-10   3.8035557881887176E-25   6.4023826017704478E+03
   1.1796770000000000E+09   1.6865526101373008E+05   3.6552831327673470E-10   3.7658019787815923E-25   6.4042530646892328E+03
   1.1816770000000000E+09   1.6939362920039988E+05   3.6201620875828949E-10   3.7285377017718352E-25   6.4061103831264891E+03
   1.1836770000000000E+09   1.7013190291863485E+05   3.5854807883667546E-10   3.6917553066591364E-25   6.4079546825999878E+03
   1.1856770000000000E+09   1.7087006635318091E+05   3.5512326098917102E-10   3.6554472629392752E-25   6.4097860870686081E+03
   1.1876770000000000E+09   1.7160810548576721E+05   3.5174110219710064E-10   3.6196061559556565E-25   6.4116047189569590E+03
   1.1896770000000000E+09   1.7234600828752751E+05   3.4840095864303310E-10   3.5842246833255214E-25   6.4134106991792869E+03
   1.1916770000000000E+09   1.7308376487301994E+05   3.4510219546518268E-10   3.5492956519694251E-25   6.4152041471630855E+03
   1.1936770000000000E+09   1.7382136761095893E+05   3.4184418657019282E-10   3.5148119757546634E-25   6.4169851808721896E+03
   1.1956770000000000E+09   1.7455881118825954E+05   3.3862631450356277E-10   3.4807666737433126E-25   6.4187539168296908E+03
   1.1976770000000000E+09   1.7529609262560049E+05   3.3544797037506429E-10   3.4471528690164083E-25   6.4205104701401760E+03
   1.1996770000000000E+09   1.7603321124440423E+05   3.3230855383477160E-10   3.4139637880276673E-25   6.4222549545117454E+03
   1.2016770000000000E+09   1.7677016858684170E+05   3.2920747309368206E-10   3.3811927604237882E-25   6.4239874822775091E+03
   1.2036770000000000E+09   1.7750696829205760E+05   3.2614414498164019E-10   3.3488332192552981E-25   6.4257081644167920E+03
   1.2056770000000000E+09   1.7824361593325011E+05   3.2311799503426743E-10   3.3168787014919506E-25   6.4274171105758505E+03
   1.2076770000000000E+09   1.7898011882146858E+05   3.2012845759999312E-10   3.2853228487505560E-25   6.4291144290881357E+03
   1.2096770000000000E+09   1.7971648578294695E+05   3.1717497595803866E-10   3.2541594081407382E-25   6.4308002269943072E+03
   1.2116770000000000E+09   1.8045272691749266E+05   3.1425700243824098E-10   3.2233822331349786E-25   6.4324746100617249E+03
   1.2136770000000000E+09   1.8118885334580851E+05   3.1137399853408651E-10   3.1929852843741835E-25   6.4341376828036555E+03
   1.2156770000000000E+09   1.8192487695372375E+05   3.0852543500099324E-10   3.1629626303273078E-25   6.4357895484979281E+03
   1.2176770000000000E+09   1.8266081014108166E+05   3.0571079193287048E-10   3.1333084477335933E-25   6.4374303092054288E+03
   1.2196770000000000E+09   1.8339666558245092E+05   3.0292955881122081E-10   3.1040170217691860E-25   6.4390600657880086E+03
   1.2216770000000000E+09   1.8413245600605191E+05   3.0018123452239932E-10   3.0750827458933846E-25   6.4406789179262405E+03
   1.2236770000000000E+09   1.8486819399611955E+05   2.9746532734023092E-10   3.0465001213465294E-25   6.4422869641366933E+03
   1.2256770000000000E+09   1.8560389182261683E+05   2.9478135487276538E-10   3.0182637562874827E-25   6.4438843017888439E+03
   1.2276770000000000E+09   1.8633956130069779E+05   2.9212884397361370E-10   2.9903683645756976E-25   6.4454710271218109E+03
   1.2296770000000000E+09   1.8707521368077127E+05   2.8950733061979507E-10   2.9628087642181910E-25   6.4470472352607185E+03
   1.2316770000000000E+09   1.8781085956850334E+05   2.8691635975935491E-10   2.9355798755153514E-25   6.4486130202324857E+03
   1.2336770000000000E+09   1.8854650887274358E+05   2.8435548513314437E-10   2.9086767189504298E-25   6.4501684749819269E+03
   1.2356770000000000E+09   1.8928217077830661E+05   2.8182426907573631E-10   2.8820944128744574E-25   6.4517136913868853E+03
   1.2376770000000000E+09   1.9001785373980313E+05   2.7932228230088502E-10   2.8558281710415021E-25   6.4532487602735773E+03
   1.2396770000000000E+09   1.9075356549234205E+05   2.7684910367682729E-10   2.8298733000488277E-25   6.4547737714313844E+03
   1.2416770000000000E+09   1.9148931307494576E+05   2.7440431999637769E-10   2.8042251967322304E-25   6.4562888136277415E+03
   1.2436770000000000E+09   1.9222510286277009E+05   2.7198752574611970E-10   2.7788793455608018E-25   6.4577939746221882E+03
   1.2456770000000000E+09   1.9296094060471468E+05   2.6959832287833996E-10   2.7538313160676198E-25   6.4592893411808354E+03
   1.2476770000000000E+09   1.9369683146358002E+05   2.6723632058846094E-10   2.7290767603447358E-25   6.4607749990901339E+03
   1.2496770000000000E+09   1.9443278005652604E+05   2.6490113510007518E-10   2.7046114106234013E-25   6.4622510331705325E+03
   1.2516770000000000E+09   1.9516879049414903E+05   2.6259238945898662E-10   2.6804310769535452E-25   6.4637175272900531E+03
   1.2536770000000000E+09   1.9590486641696113E+05   2.6030971333712985E-10   2.6565316449911943E-25   6.4651745643774984E+03
   1.2556770000000000E+09   1.9664101102849570E+05   2.5805274284679291E-10   2.6329090738978457E-25   6.4666222264353119E+03
   1.2576770000000000E+09   1.9737722712458798E+05   2.5582112036524819E-10   2.6095593943523384E-25   6.4680605945525540E+03
   1.2596770000000000E+09   1.9811351711868733E+05   2.5361449436957157E-10   2.5864787066728795E-25   6.4694897489174809E+03
   1.2616770000000000E+09   1.9884988306325773E+05   2.5143251928127878E-10   2.5636631790451301E-25   6.4709097688298034E+03
   1.2636770000000000E+09   1.9958632666751617E+05   2.4927485532024941E-10   2.5411090458505177E-25   6.4723207327129103E+03
   1.2656770000000000E+09   2.0032284931178374E+05   2.4714116836739546E-10   2.5188126060890533E-25   6.4737227181259532E+03
   1.2676770000000000E+09   2.0105945205879118E+05   2.4503112983545785E-10   2.4967702218902227E-25   6.4751158017754715E+03
   1.2696770000000000E+09   2.0179613566216477E+05   2.4294441654746717E-10   2.4749783171068052E-25   6.4765000595270849E+03
   1.2716770000000000E+09   2.0253290057225651E+05   2.4088071062240994E-10   2.4534333759868785E-25   6.4778755664168202E+03
   1.2736770000000000E+09   2.0326974693935885E+05   2.3883969936776469E-10   2.4321319419202743E-25   6.4792423966623928E+03
   1.2756770000000000E+09   2.0400667461426495E+05   2.3682107517860437E-10   2.4110706162563120E-25   6.4806006236741659E+03
   1.2776770000000000E+09   2.0474368314608425E+05   2.3482453544301101E-10   2.3902460571898926E-25   6.4819503200660765E+03
   1.2796770000000000E+09   2.0548077177719143E+05   2.3284978245352066E-10   2.3696549787130503E-25   6.4832915576662417E+03
   1.2816770000000000E+09   2.0621793943516642E+05   2.3089652332433947E-10   2.3492941496290566E-25   6.4846244075274462E+03
   1.2836770000000000E+09   2.0695518472157858E+05   2.2896446991403447E-10   2.3291603926258527E-25   6.4859489399376162E+03
   1.2856770000000000E+09   2.0769250589741624E+05   2.2705333875339396E-10   2.3092505834057480E-25   6.4872652244298251E+03
   1.2876770000000000E+09   2.0842990086489404E+05   2.2516285097820195E-10   2.2895616498684592E-25   6.4885733297922307E+03
   1.2896770000000000E+09   2.0916736714527826E+05   2.2329273226669579E-10   2.2700905713449432E-25   6.4898733240782203E+03
   1.2916770000000000E+09   2.0990490185221066E+05   2.2144271278150869E-10   2.2508343778802056E-25   6.4911652746157461E+03
   1.2936770000000000E+09   2.1064250165980656E+05   2.1961252711608306E-10   2.2317901495644195E-25   6.4924492480170647E+03
   1.2956770000000000E+09   2.1138016276455202E+05   2.1780191424559315E-10   2.2129550159129157E-25   6.4937253101879942E+03
   1.2976770000000000E+09   2.1211788083972680E+05   2.1601061748263701E-10   2.1943261552974210E-25   6.4949935263371244E+03
   1.2996770000000000E+09   2.1285565098090339E+05   2.1423838443802031E-10   2.1759007944317165E-25   6.4962539609849473E+03
   1.3016770000000000E+09   2.1359346764111525E+05   2.1248496698692391E-10   2.1576762079145719E-25   6.4975066779727658E+03
   1.3036770000000000E+09   2.1433132455491679E+05   2.1075012124037810E-10   2.1396497178290664E-25   6.4987517404713526E+03
   1.3056770000000000E+09   2.1506921465207799E+05   2.0903360752112471E-10   2.1218186933886651E-25   6.4999892109896564E+03
   1.3076770000000000E+09   2.1580712996453725E+05   2.0733519034132559E-10   2.1041805506042273E-25   6.5012191513832277E+03
   1.3096770000000000E+09   2.1654506153467816E+05   2.0565463837721950E-10   2.0867327519219878E-25   6.5024416228626305E+03
   1.3116770000000000E+09   2.1728299933912070E+05   2.0399172443260944E-10   2.0694728057501340E-25   6.5036566860015173E+03
   1.3136770000000000E+09   2.1802093224944611E+05   2.0234622537947155E-10   2.0523982657551004E-25   6.5048644007448302E+03
   1.3156770000000000E+09   2.1875884805836072E+05   2.0071792206065520E-10   2.0355067297755005E-25   6.5060648264165038E+03
   1.3176770000000000E+09   2.1949673360447714E+05   1.9910659913797451E-10   2.0187958381845662E-25   6.5072580217275845E+03
   1.3196770000000000E+09   2.2023457502813486E+05   1.9751204487040136E-10   2.0022632715472007E-25   6.5084440447837123E+03
   1.3216770000000000E+09   2.2097235818113975E+05   1.9593405081341127E-10   1.9859067474817750E-25   6.5096229530928822E+03
   1.3236770000000000E+09   2.2171006919231871E+05   1.9437241144273276E-10   1.9697240167612185E-25   6.5107948035728423E+03
   1.3256770000000000E+09   2.2244769515808829E+05   1.9282692372376394E-10   1.9537128588700708E-25   6.5119596525587922E+03
   1.3276770000000000E+09   2.2318522488654230E+05   1.9129738666911346E-10   1.9378710774489822E-25   6.5131175558106606E+03
   1.3296770000000000E+09   2.2392264958343271E+05   1.8978360094643294E-10   1.9221964962565268E-25   6.5142685685205943E+03
   1.3316770000000000E+09   2.2465996334227078E+05   1.8828536860957174E-10   1.9066869563872805E-25   6.5154127453202191E+03
   1.3336770000000000E+09   2.2539716330347955E+05   1.8680249302082190E-10   1.8913403154299580E-25   6.5165501402880845E+03
   1.3356770000000000E+09   2.2613424939071288E+05   1.8533477900526621E-10   1.8761544489774287E-25   6.5176808069565304E+03
   1.3376770000000000E+09   2.2687122361723508E+05   1.8388203323089552E-10   1.8611272544197199E-25   6.5188047983190090E+03
   1.3396770000000000E+09   2.2760808906694027E+05   1.8244406474894896E-10   1.8462566563527195E-25   6.5199221668368236E+03
   1.3416770000000000E+09   2.2834484876170172E+05   1.8102068557533406E-10   1.8315406123940632E-25   6.5210329644456888E+03
   1.3436770000000000E+09   2.2908150468800115E+05   1.7961171116704478E-10   1.8169771179280233E-25   6.5221372425624677E+03
   1.3456770000000000E+09   2.2981805723512918E+05   1.7821696066455715E-10   1.8025642084773915E-25   6.5232350520912232E+03
   1.3476770000000000E+09   2.3055450518316508E+05   1.7683625683594161E-10   1.7882999590575131E-25   6.5243264434296561E+03
   1.3496770000000000E+09   2.3129084619845971E+05   1.7546942575443123E-10   1.7741824808398337E-25   6.5254114664750205E+03
   1.3516770000000000E+09   2.3202707761208169E+05   1.7411629633409010E-10   1.7602099163897004E-25   6.5264901706304117E+03
   1.3536770000000000E+09   2.3276319715304018E+05   1.7277669989710347E-10   1.7463804352342349E-25   6.5275626048104186E+03
   1.3556770000000000E+09   2.3349920334053115E+05   1.7145046992415352E-10   1.7326922312882868E-25   6.5286288174474212E+03
   1.3576770000000000E+09   2.3423509540634576E+05   1.7013744204989843E-10   1.7191435227602434E-25   6.5296888564972678E+03
   1.3596770000000000E+09   2.3497087284675424E+05   1.6883745424827340E-10   1.7057325539734169E-25   6.5307427694450034E+03
   1.3616770000000000E+09   2.3570653487672808E+05   1.6755034706584715E-10   1.6924575976679017E-25   6.5317906033104082E+03
   1.3636770000000000E+09   2.3644208008183775E+05   1.6627596375278597E-10   1.6793169562640803E-25   6.5328324046537145E+03
   1.3656770000000000E+09   2.3717750642002138E+05   1.6501415021494000E-10   1.6663089613195254E-25   6.5338682195807469E+03
   1.3676770000000000E+09   2.3791281150335755E+05   1.6376475482242872E-10   1.6534319715405993E-25   6.5348980937489960E+03
   1.3696770000000000E+09   2.3864799292978577E+05   1.6252762818976206E-10   1.6406843705126854E-25   6.5359220723730396E+03
   1.3716770000000000E+09   2.3938304843874858E+05   1.6130262304086812E-10   1.6280645652918940E-25   6.5369402002304296E+03
   1.3736770000000000E+09   2.4011797582152928E+05   1.6008959419582113E-10   1.6155709862262770E-25   6.5379525216674492E+03
   1.3756770000000000E+09   2.4085277270445161E+05   1.5888839862458565E-10   1.6032020874518248E-25   6.5389590806049418E+03
   1.3776770000000000E+09   2.4158743639874208E+05   1.5769889547523659E-10   1.5909563471296461E-25   6.5399599205425675E+03
   1.3796770000000000E+09   2.4232196392508497E+05   1.5652094602372306E-10   1.5788322668920577E-25   6.5409550845631111E+03
   1.3816770000000000E+09   2.4305635215708753E+05   1.5535441356933846E-10   1.5668283707442484E-25   6.5419446153348499E+03
   1.3836770000000000E+09   2.4379059792726344E+05   1.5419916334775718E-10   1.5549432041466388E-25   6.5429285551132461E+03
   1.3856770000000000E+09   2.4452469796695051E+05   1.5305506251930176E-10   1.5431753338582749E-25   6.5439069457422911E+03
   1.3876770000000000E+09   2.4525864861652369E+05   1.5192198025291139E-10   1.5315233487464011E-25   6.5448798286578749E+03
   1.3896770000000000E+09   2.4599244512155317E+05   1.5079978796003011E-10   1.5199858621115152E-25   6.5458472448942666E+03
   1.3916770000000000E+09   2.4672607970599140E+05   1.4968835995976783E-10   1.5085615183733710E-25   6.5468092350974666E+03
   1.3936770000000000E+09   2.4745953591030327E+05   1.4858757547740453E-10   1.4972490132338442E-25   6.5477658395443959E+03
   1.3956770000000000E+09   2.4819277253277780E+05   1.4749732436868594E-10   1.4860471514783163E-25   6.5487170981654253E+03
   1.3976770000000000E+09   2.4892568084892177E+05   1.4641752241020003E-10   1.4749550013668431E-25   6.5496630505602307E+03
   1.3996770000000000E+09   2.4965797802331593E+05   1.4534814940438113E-10   1.4639722792639058E-25   6.5506037359896209E+03
   1.4016770000000000E+09   2.5038896054787931E+05   1.4428933733736939E-10   1.4531002390802441E-25   6.5515391933170413E+03
   1.4036770000000000E+09   2.5111698200028867E+05   1.4324155729168834E-10   1.4423435569922195E-25   6.5524694608729205E+03
   1.4056770000000000E+09   2.5183846224758337E+05   1.4220597491667003E-10   1.4317139133268272E-25   6.5533945762226031E+03
   1.4076770000000000E+09   2.5254626594101093E+05   1.4118503496826458E-10   1.4212358773967930E-25   6.5543145758537494E+03
   1.4096770000000000E+09   2.5322758992743591E+05   1.4018323038279118E-10   1.4109546393436875E-25   6.5552294948662538E+03
   1.4116770000000000E+09   2.5386229759965948E+05   1.3920772712905526E-10   1.4009422687049849E-25   6.5561393668511646E+03
   1.4136770000000000E+09   2.5442388885467264E+05   1.3826805816869520E-10   1.3912945757327854E-25   6.5570442242419722E+03
   1.4156770000000000E+09   2.5488604702544049E+05   1.3737379030784417E-10   1.3821075615033227E-25   6.5579440993713488E+03
   1.4176770000000000E+09   2.5523575487601987E+05   1.3652970034382354E-10   1.3734288540434075E-25   6.5588390259876469E+03
   1.4196770000000000E+09   2.5548761548325405E+05   1.3573028434704682E-10   1.3652025669896695E-25   6.5597290398015766E+03
   1.4216770000000000E+09   2.5568698494783972E+05   1.3495821365126131E-10   1.3572540031346866E-25   6.5606141751138712E+03
   1.4236770000000000E+09   2.5589332482741348E+05   1.3419042190337228E-10   1.3493510833832305E-25   6.5614944549985867E+03
   1.4256770000000000E+09   2.5615623021120191E+05   1.3340779938688422E-10   1.3413017690409555E-25   6.5623698800646298E+03
   1.4276770000000000E+09   2.5651343592038905E+05   1.3259707003453628E-10   1.3329726349553063E-25   6.5632404407268132E+03
   1.4296770000000000E+09   2.5701650939060829E+05   1.3174159165481052E-10   1.3241963115488055E-25   6.5641061949026271E+03
   1.4316770000000000E+09   2.5772732860691851E+05   1.3081466041655424E-10   1.3147045565161022E-25   6.5649674034400996E+03
   1.4336770000000000E+09   2.5880204188037792E+05   1.2982632862827498E-10   1.3045989519209411E-25   6.5658245399723810E+03
   1.4356770000000000E+09   2.5892592205980569E+05   1.2843429126857212E-10   1.2904400982019153E-25   6.5666759637042132E+03
