  99.9999999999964615   5.0000000000000003E-02 390 2001
  79.5818920706261537   1.9965231352463610E+02
   6.5767700000000000E+08  -1.6436824510957090E+03   1.5585586275078263E-08   2.7178841525730608E-18   1.1031619496245723E+03
   6.5967700000000000E+08  -1.5642181478503996E+03   2.3108079643142670E-08   3.9164566127831489E-18   1.1350568330535266E+03
   6.6167700000000000E+08  -1.4392894384027366E+03   2.6917210248078232E-08   4.4751457813999556E-18   1.1570974351118955E+03
   6.6367700000000000E+08  -1.2347151687680357E+03   2.7955780704901598E-08   4.5897955399119421E-18   1.1717240848737802E+03
   6.6567700000000000E+08  -8.9885079004253043E+02   2.6988830700227844E-08   4.3922858604439500E-18   1.1820627812767598E+03
   6.6767700000000000E+08  -4.7333926863999932E+02   2.4989788675526496E-08   4.0413157125599810E-18   1.1895614337832294E+03
   6.6967700000000000E+08   1.6199510460102470E+01   2.2630334757268778E-08   3.6421519576833264E-18   1.1953084462892252E+03
   6.7167700000000000E+08   5.4298822053476533E+02   2.0291441473738716E-08   3.2527441552784043E-18   1.2000796353821090E+03
   6.7367700000000000E+08   1.0827986742054193E+03   1.8151063618237412E-08   2.8990361363602634E-18   1.2044687082047496E+03
   6.7567700000000000E+08   1.6094315913193113E+03   1.6271459179697002E-08   2.5892112939118856E-18   1.2089437094761797E+03
   6.7767700000000000E+08   2.0920672174737201E+03   1.4657228637433066E-08   2.3228109877529476E-18   1.2139060117191382E+03
   6.7967700000000000E+08   2.5017642128971015E+03   1.3288946624002724E-08   2.0957351953345455E-18   1.2198353693672873E+03
   6.8167700000000000E+08   2.8319410863412349E+03   1.2141756254956188E-08   1.9022064345985191E-18   1.2279224377382818E+03
   6.8367700000000000E+08   3.0917455334870042E+03   1.1198875549628673E-08   1.7358332934037021E-18   1.2411191482809036E+03
   6.8567700000000000E+08   3.2791040859514442E+03   1.0455862114826897E-08   1.5901577365871248E-18   1.2649306397334826E+03
   6.8767700000000000E+08   3.3466024757969535E+03   9.9113263760321953E-09   1.4596219097022923E-18   1.3062866103866165E+03
   6.8967700000000000E+08   3.2229268599270918E+03   9.5498216711552961E-09   1.3408081012996963E-18   1.3701739551751166E+03
   6.9167700000000000E+08   2.8921994981984330E+03   9.3337255187724053E-09   1.2326957996562956E-18   1.4566197044945779E+03
   6.9367700000000000E+08   2.4466018580352179E+03   9.2133928448442857E-09   1.1356478283643429E-18   1.5607127775302940E+03
   6.9567700000000000E+08   2.0628448333907722E+03   9.1445700301061239E-09   1.0500875833507045E-18   1.6752701041396388E+03
   6.9767700000000000E+08   1.9335913715392162E+03   9.0980728269130937E-09   9.7581439287006970E-19   1.7936151389008444E+03
   6.9967700000000000E+08   2.2065679682196396E+03   9.0588617560175769E-09   9.1197154238287379E-19   1.9109064089989838E+03
   7.0167700000000000E+08   2.9543936683895954E+03   9.0204192722077724E-09   8.5728261143129648E-19   2.0241830357797651E+03
   7.0367700000000000E+08   4.1730826330478776E+03   8.9797138892808872E-09   8.1030554309841941E-19   2.1318702108765610E+03
   7.0567700000000000E+08   5.7985970702401883E+03   8.9344410559330836E-09   7.6962113051503725E-19   2.2332506877573373E+03
   7.0767700000000000E+08   7.7302596226542109E+03   8.8821055171467612E-09   7.3394725073764306E-19   2.3280813494968065E+03
   7.0967700000000000E+08   9.8528293999588168E+03   8.8200511930751602E-09   7.0219265688925099E-19   2.4163614239391704E+03
   7.1167700000000000E+08   1.2053071991718882E+04   8.7457861177278593E-09   6.7346869332582656E-19   2.4982075224077007E+03
   7.1367700000000000E+08   1.4229644217263829E+04   8.6572866111587506E-09   6.4707649309899706E-19   2.5737907993333547E+03
   7.1567700000000000E+08   1.6299316780479421E+04   8.5532243864628858E-09   6.2248523453717045E-19   2.6433086836517996E+03
   7.1767700000000000E+08   1.8200275680109029E+04   8.4331077265425084E-09   5.9930817612971329E-19   2.7069766960213165E+03
   7.1967700000000000E+08   1.9891683129150319E+04   8.2972924005617304E-09   5.7727637021940901E-19   2.7650289695842594E+03
   7.2167700000000000E+08   2.1351853679539516E+04   8.1468841881804042E-09   5.5621249209427159E-19   2.8177202661849337E+03
   7.2367700000000000E+08   2.2575618631599700E+04   7.9835906639712194E-09   5.3600773471878026E-19   2.8653275559537228E+03
   7.2567700000000000E+08   2.3571164243500869E+04   7.8095426647371515E-09   5.1660173958413793E-19   2.9081500387961778E+03
   7.2767700000000000E+08   2.4356609789257102E+04   7.6271057237133690E-09   4.9796562984495738E-19   2.9465069489140869E+03
   7.2967700000000000E+08   2.4956575285359388E+04   7.4387008350757479E-09   4.8008826100160027E-19   2.9807330125570134E+03
   7.3167700000000000E+08   2.5398992364037109E+04   7.2466511194404309E-09   4.6296576008189170E-19   3.0111719213081233E+03
   7.3367700000000000E+08   2.5712385626614057E+04   7.0530658649210733E-09   4.4659426804632981E-19   3.0381685680103351E+03
   7.3567700000000000E+08   2.5923784967166233E+04   6.8597668679638417E-09   4.3096558567089712E-19   3.0620609878267351E+03
   7.3767700000000000E+08   2.6057332183542178E+04   6.6682552511443490E-09   4.1606520910148491E-19   3.0831729355926741E+03
   7.3967700000000000E+08   2.6133545147760768E+04   6.4797119840162509E-09   4.0187212857269325E-19   3.1018078211948778E+03
   7.4167700000000000E+08   2.6169127682564071E+04   6.2950224925918391E-09   3.8835974156158571E-19   3.1182444232682919E+03
   7.4367700000000000E+08   2.6177172128569160E+04   6.1148154637424375E-09   3.7549731810616117E-19   3.1327344805984671E+03
   7.4567700000000000E+08   2.6167598657609738E+04   5.9395073358665264E-09   3.6325159425859608E-19   3.1455019991839968E+03
   7.4767700000000000E+08   2.6147698439167900E+04   5.7693462558961845E-09   3.5158822328797141E-19   3.1567439474871544E+03
   7.4967700000000000E+08   2.6122683936937596E+04   5.6044516750317477E-09   3.4047294839234386E-19   3.1666319453893852E+03
   7.5167700000000000E+08   2.6096186911748289E+04   5.4448477701281924E-09   3.2987245931781860E-19   3.1753145632806368E+03
   7.5367700000000000E+08   2.6070675790621692E+04   5.2904903123757615E-09   3.1975495604236525E-19   3.1829199068971284E+03
   7.5567700000000000E+08   2.6047786008499796E+04   5.1412874702238548E-09   3.1009047207899723E-19   3.1895582431655034E+03
   7.5767700000000000E+08   2.6028570030017076E+04   4.9971154477337770E-09   3.0085101766933047E-19   3.1953245020654658E+03
   7.5967700000000000E+08   2.6013679921841511E+04   4.8578299699428547E-09   2.9201059835838322E-19   3.2003005576655328E+03
   7.6167700000000000E+08   2.6003496881523581E+04   4.7232745630907050E-09   2.8354515410953540E-19   3.2045572434135584E+03
   7.6367700000000000E+08   2.5998221050105822E+04   4.5932864342874897E-09   2.7543245264966308E-19   3.2081560925658973E+03
   7.6567700000000000E+08   2.5997932700053647E+04   4.4677005917373272E-09   2.6765196045737397E-19   3.2111508168475098E+03
   7.6767700000000000E+08   2.6002633402994190E+04   4.3463526947126504E-09   2.6018470662828361E-19   3.2135885483950042E+03
   7.6967700000000000E+08   2.6012273519384038E+04   4.2290809954298945E-09   2.5301314885393656E-19   3.2155108749464716E+03
   7.7167700000000000E+08   2.6026770505308057E+04   4.1157276354296522E-09   2.4612104662949563E-19   3.2169546987252534E+03
   7.7367700000000000E+08   2.6046021126617175E+04   4.0061394843794322E-09   2.3949334413169753E-19   3.2179529474502283E+03
   7.7567700000000000E+08   2.6069909654877942E+04   3.9001686548139978E-09   2.3311606357150705E-19   3.2185351627019668E+03
   7.7767700000000000E+08   2.6098313413251573E+04   3.7976727874631864E-09   2.2697620888842568E-19   3.2187279873005673E+03
   7.7967700000000000E+08   2.6131106563921137E+04   3.6985151743710638E-09   2.2106167916415713E-19   3.2185555698754256E+03
   7.8167700000000000E+08   2.6168162714805509E+04   3.6025647677285314E-09   2.1536119091724067E-19   3.2180399016646088E+03
   7.8367700000000000E+08   2.6209356720253727E+04   3.5096961087924878E-09   2.0986420838159249E-19   3.2172010978622593E+03
   7.8567700000000000E+08   2.6254565920673511E+04   3.4197892017024307E-09   2.0456088089765626E-19   3.2160576335461251E+03
   7.8767700000000000E+08   2.6303670983657965E+04   3.3327293502068168E-09   1.9944198661120551E-19   3.2146265423296977E+03
   7.8967700000000000E+08   2.6356556456814771E+04   3.2484069704316769E-09   1.9449888175644916E-19   3.2129235843440597E+03
   7.9167700000000000E+08   2.6413111108922043E+04   3.1667173892869378E-09   1.8972345488346624E-19   3.2109633889083052E+03
   7.9367700000000000E+08   2.6473228114112288E+04   3.0875606355154548E-09   1.8510808546831635E-19   3.2087595762425608E+03
   7.9567700000000000E+08   2.6536805119092485E+04   3.0108412284775284E-09   1.8064560641475627E-19   3.2063248617689096E+03
   7.9767700000000000E+08   2.6603744223247311E+04   2.9364679683403231E-09   1.7632927001851872E-19   3.2036711458943523E+03
   7.9967700000000000E+08   2.6673951894182283E+04   2.8643537302787382E-09   1.7215271701904148E-19   3.2008095916454813E+03
   8.0167700000000000E+08   2.6747338835889052E+04   2.7944152644968296E-09   1.6810994841008290E-19   3.1977506921006243E+03
   8.0367700000000000E+08   2.6823819822640304E+04   2.7265730032817602E-09   1.6419529972082373E-19   3.1945043292222031E+03
   8.0567700000000000E+08   2.6903313508611969E+04   2.6607508758554675E-09   1.6040341751370301E-19   3.1910798254135020E+03
   8.0767700000000000E+08   2.6985742220847544E+04   2.5968761314572500E-09   1.5672923787522428E-19   3.1874859888971860E+03
   8.0967700000000000E+08   2.7071031741396477E+04   2.5348791708457037E-09   1.5316796670198111E-19   3.1837311538277163E+03
   8.1167700000000000E+08   2.7159111083169755E+04   2.4746933862308162E-09   1.4971506160682512E-19   3.1798232158982250E+03
   8.1367700000000000E+08   2.7249912263197995E+04   2.4162550095197811E-09   1.4636621528987115E-19   3.1757696640779545E+03
   8.1567700000000000E+08   2.7343370076471900E+04   2.3595029686723674E-09   1.4311734023639127E-19   3.1715776090143190E+03
   8.1767700000000000E+08   2.7439421873343530E+04   2.3043787519024168E-09   1.3996455461885399E-19   3.1672538085492229E+03
   8.1967700000000000E+08   2.7538007343490408E+04   2.2508262794251671E-09   1.3690416929374618E-19   3.1628046907302032E+03
   8.2167700000000000E+08   2.7639068309627637E+04   2.1987917824282669E-09   1.3393267579554611E-19   3.1582363746395295E+03
   8.2367700000000000E+08   2.7742548534398651E+04   2.1482236889343916E-09   1.3104673524054342E-19   3.1535546893172736E+03
   8.2567700000000000E+08   2.7848393544126979E+04   2.0990725162201456E-09   1.2824316806221360E-19   3.1487651910151590E+03
   8.2767700000000000E+08   2.7956550473250682E+04   2.0512907694575331E-09   1.2551894450772717E-19   3.1438731789855556E+03
   8.2967700000000000E+08   2.8066967933224350E+04   2.0048328462485797E-09   1.2287117583203098E-19   3.1388837099829043E+03
   8.3167700000000000E+08   2.8179595909406733E+04   1.9596549467285204E-09   1.2029710613185737E-19   3.1338016116319586E+03
   8.3367700000000000E+08   2.8294385688889437E+04   1.9157149889183516E-09   1.1779410476714566E-19   3.1286314947979195E+03
   8.3567700000000000E+08   2.8411289821360017E+04   1.8729725290123061E-09   1.1535965932177926E-19   3.1233777650767206E+03
   8.3767700000000000E+08   2.8530262113937675E+04   1.8313886862906764E-09   1.1299136905939406E-19   3.1180446335089327E+03
   8.3967700000000000E+08   2.8651257659531548E+04   1.7909260723529279E-09   1.1068693883335913E-19   3.1126361266076365E+03
   8.4167700000000000E+08   2.8774232896705264E+04   1.7515487243716480E-09   1.0844417341303662E-19   3.1071560957784918E+03
   8.4367700000000000E+08   2.8899145697407610E+04   1.7132220420744099E-09   1.0626097219113746E-19   3.1016082261991610E+03
   8.4567700000000000E+08   2.9025955477355281E+04   1.6759127281694282E-09   1.0413532423953754E-19   3.0959960452148239E+03
   8.4767700000000000E+08   2.9154623322460055E+04   1.6395887319419025E-09   1.0206530368333850E-19   3.0903229302969366E+03
   8.4967700000000000E+08   2.9285112123585175E+04   1.6042191957621782E-09   1.0004906536535100E-19   3.0845921166033813E+03
   8.5167700000000000E+08   2.9417386711218114E+04   1.5697744042636607E-09   9.8084840775526293E-20   3.0788067041700720E+03
   8.5367700000000000E+08   2.9551413981394307E+04   1.5362257359683560E-09   9.6170934222236380E-20   3.0729696647567152E+03
   8.5567700000000000E+08   2.9687163004478505E+04   1.5035456171600648E-09   9.4305719224654922E-20   3.0670838483632506E+03
   8.5767700000000000E+08   2.9824605109168650E+04   1.4717074778289630E-09   9.2487635107814685E-20   3.0611519894282310E+03
   8.5967700000000000E+08   2.9963713935304957E+04   1.4406857095360855E-09   9.0715183784191067E-20   3.0551767127164362E+03
   8.6167700000000000E+08   3.0104465450670803E+04   1.4104556250705448E-09   8.8986926707810854E-20   3.0491605389001525E+03
   8.6367700000000000E+08   3.0246837928838551E+04   1.3809934197956559E-09   8.7301481988894524E-20   3.0431058898368956E+03
   8.6567700000000000E+08   3.0390811887126063E+04   1.3522761346014192E-09   8.5657521658850445E-20   3.0370150935458296E+03
   8.6767700000000000E+08   3.0536369985752775E+04   1.3242816203991943E-09   8.4053769077017369E-20   3.0308903888855480E+03
   8.6967700000000000E+08   3.0683496891179293E+04   1.2969885041094548E-09   8.2488996471875329E-20   3.0247339299370783E+03
   8.7167700000000000E+08   3.0832179108275526E+04   1.2703761561048679E-09   8.0962022610499899E-20   3.0185477900978804E+03
   8.7367700000000000E+08   3.0982404787279556E+04   1.2444246590785355E-09   7.9471710590826322E-20   3.0123339658948435E+03
   8.7567700000000000E+08   3.1134163512434370E+04   1.2191147783111914E-09   7.8016965751830586E-20   3.0060943805266920E+03
   8.7767700000000000E+08   3.1287446079675512E+04   1.1944279333119773E-09   7.6596733697057369E-20   2.9998308871486320E+03
   8.7967700000000000E+08   3.1442244270808049E+04   1.1703461708055394E-09   7.5209998427061559E-20   2.9935452719142854E+03
   8.8167700000000000E+08   3.1598550631277594E+04   1.1468521390342030E-09   7.3855780576318122E-20   2.9872392567917996E+03
   8.8367700000000000E+08   3.1756358257970041E+04   1.1239290633388126E-09   7.2533135750056319E-20   2.9809145021723812E+03
   8.8567700000000000E+08   3.1915660602591550E+04   1.1015607229756844E-09   7.1241152956295965E-20   2.9745726092904515E+03
   8.8767700000000000E+08   3.2076451295224117E+04   1.0797314291205812E-09   6.9978953128149144E-20   2.9682151224748686E+03
   8.8967700000000000E+08   3.2238723991926301E+04   1.0584260040034237E-09   6.8745687731168186E-20   2.9618435312507931E+03
   8.9167700000000000E+08   3.2402472250344566E+04   1.0376297611079634E-09   6.7540537450069971E-20   2.9554592723114638E+03
   8.9367700000000000E+08   3.2567689439476806E+04   1.0173284863550497E-09   6.6362710948269589E-20   2.9490637313796133E+03
   8.9567700000000000E+08   3.2734368696566540E+04   9.9750842015754978E-10   6.5211443691708999E-20   2.9426582449802686E+03
   8.9767700000000000E+08   3.2902502960472448E+04   9.7815624017313517E-10   6.4085996824321158E-20   2.9362441021532895E+03
   8.9967700000000000E+08   3.3072085144518780E+04   9.5925904446321111E-10   6.2985656074371024E-20   2.9298225461496013E+03
   9.0167700000000000E+08   3.3243108571848737E+04   9.4080433456664925E-10   6.1909730656962052E-20   2.9233947761873151E+03
   9.0367700000000000E+08   3.3415567884257536E+04   9.2277999772296305E-10   6.0857552118421633E-20   2.9169619494011836E+03
   9.0567700000000000E+08   3.3589460722787502E+04   9.0517428725013884E-10   5.9828473050840854E-20   2.9105251832040094E+03
   9.0767700000000000E+08   3.3764790465175196E+04   8.8797580025943700E-10   5.8821865614269594E-20   2.9040855583708267E+03
   9.0967700000000000E+08   3.3941569979378757E+04   8.7117345318570432E-10   5.7837119889324334E-20   2.8976441231824551E+03
   9.1167700000000000E+08   3.4119825417966349E+04   8.5475645892820864E-10   5.6873642308703906E-20   2.8912018987698407E+03
   9.1367700000000000E+08   3.4299597390605421E+04   8.3871431496578914E-10   5.5930854804366741E-20   2.8847598851704543E+03
   9.1567700000000000E+08   3.4480934968805224E+04   8.2303681737750853E-10   5.5008195711917941E-20   2.8783190664206691E+03
   9.1767700000000000E+08   3.4663877807846831E+04   8.0771411469450661E-10   5.4105123448018055E-20   2.8718804115641101E+03
   9.1967700000000000E+08   3.4848426238799730E+04   7.9273679833279525E-10   5.3221122845781496E-20   2.8654448678360509E+03
   9.2167700000000000E+08   3.5034510094043086E+04   7.7809598981209885E-10   5.2355711528559206E-20   2.8590133442030647E+03
   9.2367700000000000E+08   3.5221979127466235E+04   7.6378334690788809E-10   5.1508440987046463E-20   2.8525866888951091E+03
   9.2567700000000000E+08   3.5410637673201825E+04   7.4979092014640178E-10   5.0678887441892875E-20   2.8461656714495798E+03
   9.2767700000000000E+08   3.5600318981480697E+04   7.3611088245186223E-10   4.9866633663259901E-20   2.8397509819956895E+03
   9.2967700000000000E+08   3.5790952098102163E+04   7.2273529304545664E-10   4.9071252507921483E-20   2.8333432518393161E+03
   9.3167700000000000E+08   3.5982566405706690E+04   7.0965610665143893E-10   4.8292306809293364E-20   2.8269430833945162E+03
   9.3367700000000000E+08   3.6175222705223379E+04   6.9686540790336724E-10   4.7529364855982564E-20   2.8205510697723630E+03
   9.3567700000000000E+08   3.6368940863305594E+04   6.8435562176386384E-10   4.6782014814520495E-20   2.8141677940839172E+03
   9.3767700000000000E+08   3.6563747801706471E+04   6.7211968216056037E-10   4.6049876600567024E-20   2.8077938218195759E+03
   9.3967700000000000E+08   3.6759825997380227E+04   6.6015125679478449E-10   4.5332617364341242E-20   2.8014297176274986E+03
   9.4167700000000000E+08   3.6957511334976560E+04   6.4844461457561351E-10   4.4629942119376517E-20   2.7950760932669182E+03
   9.4367700000000000E+08   3.7156999295067508E+04   6.3699368406708592E-10   4.3941528844150169E-20   2.7887336341736445E+03
   9.4567700000000000E+08   3.7358025442364080E+04   6.2579100990372116E-10   4.3266956998373702E-20   2.7824030410749888E+03
   9.4767700000000000E+08   3.7559910124659305E+04   6.1482791829033604E-10   4.2605719796733151E-20   2.7760849042715522E+03
   9.4967700000000000E+08   3.7761983100174766E+04   6.0409597368946960E-10   4.1957325618728153E-20   2.7697796136732654E+03
   9.5167700000000000E+08   3.7964016738493054E+04   5.9358836736344771E-10   4.1321394166215855E-20   2.7634873882475613E+03
   9.5367700000000000E+08   3.8166336900893875E+04   5.8330019358561398E-10   4.0697674948674451E-20   2.7572084024332066E+03
   9.5567700000000000E+08   3.8369752150735578E+04   5.7322772633731230E-10   4.0085996141937725E-20   2.7509429232290972E+03
   9.5767700000000000E+08   3.8574910832413865E+04   5.6336720527374834E-10   3.9486179559562580E-20   2.7446913754659254E+03
   9.5967700000000000E+08   3.8781795512665361E+04   5.5371398658745825E-10   3.8897981857050103E-20   2.7384542881974376E+03
   9.6167700000000000E+08   3.8990172789302698E+04   5.4426284638175537E-10   3.8321116830637148E-20   2.7322321820833881E+03
   9.6367700000000000E+08   3.9199896052625016E+04   5.3500862591261387E-10   3.7755301124724019E-20   2.7260255203779984E+03
   9.6567700000000000E+08   3.9410877386353743E+04   5.2594638350025274E-10   3.7200264743416495E-20   2.7198347236727591E+03
   9.6767700000000000E+08   3.9623062118426191E+04   5.1707137176357818E-10   3.6655749381382537E-20   2.7136601819042512E+03
   9.6967700000000000E+08   3.9836413924762215E+04   5.0837901072087063E-10   3.6121506511654883E-20   2.7075022620844702E+03
   9.7167700000000000E+08   4.0050907419183670E+04   4.9986487105701259E-10   3.5597296222677342E-20   2.7013613129282453E+03
   9.7367700000000000E+08   4.0266524335428105E+04   4.9152466222956644E-10   3.5082886412585132E-20   2.6952376678394853E+03
   9.7567700000000000E+08   4.0483251263583057E+04   4.8335422257269349E-10   3.4578052131141052E-20   2.6891316469996646E+03
   9.7767700000000000E+08   4.0701077941403113E+04   4.7534951129194694E-10   3.4082575058667931E-20   2.6830435588715900E+03
   9.7967700000000000E+08   4.0919995947278781E+04   4.6750660199533595E-10   3.3596243095953807E-20   2.6769737012649503E+03
   9.8167700000000000E+08   4.1139997916756329E+04   4.5982167703737975E-10   3.3118850012501888E-20   2.6709223620965995E+03
   9.8367700000000000E+08   4.1361077161008485E+04   4.5229102256149183E-10   3.2650195143803308E-20   2.6648898199698447E+03
   9.8567700000000000E+08   4.1583227453438580E+04   4.4491102443806605E-10   3.2190083151493875E-20   2.6588763446491535E+03
   9.8767700000000000E+08   4.1806442873300628E+04   4.3767816492800962E-10   3.1738323834443235E-20   2.6528821974667021E+03
   9.8967700000000000E+08   4.2030717617698683E+04   4.3058901970432164E-10   3.1294731964580469E-20   2.6469076316760829E+03
   9.9167700000000000E+08   4.2256045694684188E+04   4.2364025500894838E-10   3.0859127131607731E-20   2.6409528927458100E+03
   9.9367700000000000E+08   4.2482420658865027E+04   4.1682862491363399E-10   3.0431333594492851E-20   2.6350182185807876E+03
   9.9567700000000000E+08   4.2709835876995159E+04   4.1015096899283497E-10   3.0011180161844031E-20   2.6291038397099610E+03
   9.9767700000000000E+08   4.2938285952131715E+04   4.0360421134836935E-10   2.9598500168965752E-20   2.6232099795736954E+03
   9.9967700000000000E+08   4.3167769377680939E+04   3.9718536165074553E-10   2.9193131599639395E-20   2.6173368551290878E+03
   1.0016770000000000E+09   4.3398291912154396E+04   3.9089151852532461E-10   2.8794917377311341E-20   2.6114846779598115E+03
   1.0036770000000000E+09   4.3629869275590252E+04   3.8471987465680406E-10   2.8403705782033452E-20   2.6056536559364044E+03
   1.0056770000000000E+09   4.3862527181147052E+04   3.7866771557751693E-10   2.8019350402733273E-20   2.5998439952702865E+03
   1.0076770000000000E+09   4.4096297482270376E+04   3.7273240734126765E-10   2.7641709268025990E-20   2.5940559023895139E+03
   1.0096770000000000E+09   4.4331210721224757E+04   3.6691137986362524E-10   2.7270643655067881E-20   2.5882895848179983E+03
   1.0116770000000000E+09   4.4567287141105837E+04   3.6120211216348365E-10   2.6906017040450253E-20   2.5825452505278367E+03
   1.0136770000000000E+09   4.4804529112704498E+04   3.5560211997441709E-10   2.6547694228828316E-20   2.5768231057806379E+03
   1.0156770000000000E+09   4.5042915785659898E+04   3.5010894582730846E-10   2.6195540664878215E-20   2.5711233518039426E+03
   1.0176770000000000E+09   4.5282400661374348E+04   3.4472015501041564E-10   2.5849422180917159E-20   2.5654461808073411E+03
   1.0196770000000000E+09   4.5522917159311612E+04   3.3943334240780099E-10   2.5509205555719783E-20   2.5597917720108912E+03
   1.0216770000000000E+09   4.5764390016244470E+04   3.3424614887339166E-10   2.5174759783899929E-20   2.5541602889292585E+03
   1.0236770000000000E+09   4.6006746582745123E+04   3.2915627872611275E-10   2.4845957424574686E-20   2.5485518787589604E+03
   1.0256770000000000E+09   4.6249926504288225E+04   3.2416151310523028E-10   2.4522675635811912E-20   2.5429666737091970E+03
   1.0276770000000000E+09   4.6493887753827767E+04   3.1925971694021433E-10   2.4204796725580673E-20   2.5374047938192812E+03
   1.0296770000000000E+09   4.6738608318887171E+04   3.1444883896784205E-10   2.3892208176535655E-20   2.5318663505371624E+03
   1.0316770000000000E+09   4.6984084096290637E+04   3.0972690607331099E-10   2.3584802241243701E-20   2.5263514503050669E+03
   1.0336770000000000E+09   4.7230324337300335E+04   3.0509201426364724E-10   2.3282475282718814E-20   2.5208601975630891E+03
   1.0356770000000000E+09   4.7477346188686875E+04   3.0054231871157213E-10   2.2985127045252769E-20   2.5153926968462420E+03
   1.0376770000000000E+09   4.7725169612845595E+04   2.9607602477436477E-10   2.2692660000255101E-20   2.5099490539148069E+03
   1.0396770000000000E+09   4.7973813476954689E+04   2.9169138105568610E-10   2.2404978848328150E-20   2.5045293760541308E+03
   1.0416770000000000E+09   4.8223293092449312E+04   2.8738667477544828E-10   2.2121990197650978E-20   2.4991337717830374E+03
   1.0436770000000000E+09   4.8473619095949012E+04   2.8316022915439489E-10   2.1843602396073626E-20   2.4937623502281417E+03
   1.0456770000000000E+09   4.8724797344539540E+04   2.7901040225563749E-10   2.1569725474046749E-20   2.4884152203816734E+03
   1.0476770000000000E+09   4.8976829440413974E+04   2.7493558669235613E-10   2.1300271152945766E-20   2.4830924903945292E+03
   1.0496770000000000E+09   4.9229713548420659E+04   2.7093420971497429E-10   2.1035152881327143E-20   2.4777942669891850E+03
   1.0516770000000000E+09   4.9483445264719041E+04   2.6700473334835685E-10   2.0774285873748229E-20   2.4725206550236740E+03
   1.0536770000000000E+09   4.9738018393975683E+04   2.6314565439834775E-10   2.0517587138255947E-20   2.4672717572023694E+03
   1.0556770000000000E+09   4.9993425573497596E+04   2.5935550425737219E-10   2.0264975487181522E-20   2.4620476739106834E+03
   1.0576770000000000E+09   5.0249658736047946E+04   2.5563284850844995E-10   2.0016371531266701E-20   2.4568485031446071E+03
   1.0596770000000000E+09   5.0506709431502335E+04   2.5197628636283759E-10   1.9771697659928055E-20   2.4516743405071898E+03
   1.0616770000000000E+09   5.0764569038445508E+04   2.4838444997793904E-10   1.9530878011350409E-20   2.4465252792489937E+03
   1.0636770000000000E+09   5.1023228896729044E+04   2.4485600369996951E-10   1.9293838435930679E-20   2.4414014103352756E+03
   1.0656770000000000E+09   5.1282680386758635E+04   2.4138964326764712E-10   1.9060506455950319E-20   2.4363028225279850E+03
   1.0676770000000000E+09   5.1542914974905158E+04   2.3798409500315759E-10   1.8830811223568599E-20   2.4312296024748721E+03
   1.0696770000000000E+09   5.1803924238579035E+04   2.3463811500801244E-10   1.8604683478551961E-20   2.4261818348009915E+03
   1.0716770000000000E+09   5.2065699880126500E+04   2.3135048837478675E-10   1.8382055506632236E-20   2.4211596021999740E+03
   1.0736770000000000E+09   5.2328233735600930E+04   2.2812002842105910E-10   1.8162861099018428E-20   2.4161629855237702E+03
   1.0756770000000000E+09   5.2591517782221243E+04   2.2494557594874927E-10   1.7947035513339042E-20   2.4111920638703809E+03
   1.0776770000000000E+09   5.2855544146639331E+04   2.2182599852976602E-10   1.7734515436109870E-20   2.4062469146696099E+03
   1.0796770000000000E+09   5.3120305114725110E+04   2.1876018981731033E-10   1.7525238946696700E-20   2.4013276137670437E+03
   1.0816770000000000E+09   5.3385793142529910E+04   2.1574706888111356E-10   1.7319145482655956E-20   2.3964342355065683E+03
   1.0836770000000000E+09   5.3652000867460913E+04   2.1278557956440574E-10   1.7116175806296118E-20   2.3915668528115848E+03
   1.0856770000000000E+09   5.3918921118542617E+04   2.0987468986043646E-10   1.6916271972303817E-20   2.3867255372649470E+03
   1.0876770000000000E+09   5.4186546924861759E+04   2.0701339130680461E-10   1.6719377296311671E-20   2.3819103591874891E+03
   1.0896770000000000E+09   5.4454871521748355E+04   2.0420069839645950E-10   1.6525436324332846E-20   2.3771213877149044E+03
   1.0916770000000000E+09   5.4723888354686067E+04   2.0143564800477146E-10   1.6334394803029332E-20   2.3723586908727152E+03
   1.0936770000000000E+09   5.4993591081239298E+04   1.9871729883243770E-10   1.6146199650810547E-20   2.3676223356490300E+03
   1.0956770000000000E+09   5.5263973571359449E+04   1.9604473086410263E-10   1.5960798929766793E-20   2.3629123880649190E+03
   1.0976770000000000E+09   5.5535029906315402E+04   1.9341704484248595E-10   1.5778141818435220E-20   2.3582289132422311E+03
   1.0996770000000000E+09   5.5806754376257748E+04   1.9083336175766117E-10   1.5598178585383202E-20   2.3535719754687070E+03
   1.1016770000000000E+09   5.6079141476187389E+04   1.8829282235093550E-10   1.5420860563577710E-20   2.3489416382602899E+03
   1.1036770000000000E+09   5.6352185899902892E+04   1.8579458663269345E-10   1.5246140125501903E-20   2.3443379644204470E+03
   1.1056770000000000E+09   5.6625882531402720E+04   1.8333783341353423E-10   1.5073970658976936E-20   2.3397610160963145E+03
   1.1076770000000000E+09   5.6900226433193777E+04   1.8092175984809383E-10   1.4904306543651601E-20   2.3352108548313890E+03
   1.1096770000000000E+09   5.7175212831007695E+04   1.7854558099104452E-10   1.4737103128130447E-20   2.3306875416144453E+03
   1.1116770000000000E+09   5.7450837094509327E+04   1.7620852936487196E-10   1.4572316707719378E-20   2.3261911369243489E+03
   1.1136770000000000E+09   5.7727094713667990E+04   1.7390985453914524E-10   1.4409904502777308E-20   2.3217217007703289E+03
   1.1156770000000000E+09   5.8003981270559671E+04   1.7164882272106841E-10   1.4249824637667869E-20   2.3172792927273281E+03
   1.1176770000000000E+09   5.8281492406446690E+04   1.6942471635715015E-10   1.4092036120309191E-20   2.3128639719660032E+03
   1.1196770000000000E+09   5.8559623784052084E+04   1.6723683374585189E-10   1.3936498822321338E-20   2.3084757972769630E+03
   1.1216770000000000E+09   5.8838371045032014E+04   1.6508448866105821E-10   1.3783173459769442E-20   2.3041148270888370E+03
   1.1236770000000000E+09   5.9117729762710056E+04   1.6296700998619508E-10   1.3632021574498598E-20   2.2997811194797982E+03
   1.1256770000000000E+09   5.9397695390243782E+04   1.6088374135876488E-10   1.3483005516051563E-20   2.2954747321821765E+03
   1.1276770000000000E+09   5.9678263204493276E+04   1.5883404082500587E-10   1.3336088424154535E-20   2.2911957225798510E+03
   1.1296770000000000E+09   5.9959428245974064E+04   1.5681728050432379E-10   1.3191234211750667E-20   2.2869441476981556E+03
   1.1316770000000000E+09   6.0241185255437114E+04   1.5483284626303834E-10   1.3048407548551396E-20   2.2827200641860736E+03
   1.1336770000000000E+09   6.0523528607760862E+04   1.5288013739692364E-10   1.2907573845069235E-20   2.2785235282906106E+03
   1.1356770000000000E+09   6.0806452244022359E+04   1.5095856632191303E-10   1.2768699237085648E-20   2.2743545958232712E+03
   1.1376770000000000E+09   6.1089949602811415E+04   1.4906755827225058E-10   1.2631750570498707E-20   2.2702133221187073E+03
   1.1396770000000000E+09   6.1374013552034565E+04   1.4720655100528965E-10   1.2496695386486913E-20   2.2660997619857308E+03
   1.1416770000000000E+09   6.1658636322667815E+04   1.4537499451205609E-10   1.2363501906917201E-20   2.2620139696509705E+03
   1.1436770000000000E+09   6.1943809446109495E+04   1.4357235073262712E-10   1.2232139019917563E-20   2.2579559986956560E+03
   1.1456770000000000E+09   6.2229523696959848E+04   1.4179809327533983E-10   1.2102576265529996E-20   2.2539259019861533E+03
   1.1476770000000000E+09   6.2515769043209519E+04   1.4005170713881932E-10   1.1974783821355606E-20   2.2499237315990490E+03
   1.1496770000000000E+09   6.2802534605936766E+04   1.3833268843582436E-10   1.1848732488102676E-20   2.2459495387417655E+03
   1.1516770000000000E+09   6.3089808630667118E+04   1.3664054411796315E-10   1.1724393674951408E-20   2.2420033736698824E+03
   1.1536770000000000E+09   6.3377578472552079E+04   1.3497479170040738E-10   1.1601739384654167E-20   2.2380852856025008E+03
   1.1556770000000000E+09   6.3665830597440610E+04   1.3333495898586756E-10   1.1480742198300242E-20   2.2341953226371738E+03
   1.1576770000000000E+09   6.3954550600743176E+04   1.3172058378725880E-10   1.1361375259687493E-20   2.2303335316660819E+03
   1.1596770000000000E+09   6.4243723245724039E+04   1.3013121364870555E-10   1.1243612259261711E-20   2.2264999582952223E+03
   1.1616770000000000E+09   6.4533332522479897E+04   1.2856640556479172E-10   1.1127427417606474E-20   2.2226946467685293E+03
   1.1636770000000000E+09   6.4823361728390730E+04   1.2702572569825852E-10   1.1012795468492568E-20   2.2189176398988348E+03
   1.1656770000000000E+09   6.5113793570257803E+04   1.2550874909667664E-10   1.0899691641524957E-20   2.2151689790076152E+03
   1.1676770000000000E+09   6.5404610287684678E+04   1.2401505940895820E-10   1.0788091644456683E-20   2.2114487038753646E+03
   1.1696770000000000E+09   6.5695793796520316E+04   1.2254424860293825E-10   1.0677971645272645E-20   2.2077568527043763E+03
   1.1716770000000000E+09   6.5987325850428038E+04   1.2109591668557101E-10   1.0569308254177039E-20   2.2040934620954495E+03
   1.1736770000000000E+09   6.6279188217848190E+04   1.1966967142760710E-10   1.0462078505649545E-20   2.2004585670398437E+03
   1.1756770000000000E+09   6.6571362870871933E+04   1.1826512809486146E-10   1.0356259840760618E-20   2.1968522009274498E+03
   1.1776770000000000E+09   6.6863832181859107E+04   1.1688190918835854E-10   1.0251830089956239E-20   2.1932743955717915E+03
   1.1796770000000000E+09   6.7156579123040108E+04   1.1551964419573535E-10   1.0148767456535079E-20   2.1897251812520535E+03
   1.1816770000000000E+09   6.7449587463921387E+04   1.1417796935625804E-10   1.0047050501043592E-20   2.1862045867718743E+03
   1.1836770000000000E+09   6.7742841961071128E+04   1.1285652744166773E-10   9.9466581268065891E-21   2.1827126395341738E+03
   1.1856770000000000E+09   6.8036328534831031E+04   1.1155496755482512E-10   9.8475695667931447E-21   2.1792493656308284E+03
   1.1876770000000000E+09   6.8330034427718652E+04   1.1027294494773945E-10   9.7497643719871287E-21   2.1758147899455662E+03
   1.1896770000000000E+09   6.8623948339719413E+04   1.0901012086010642E-10   9.6532224013936439E-21   2.1724089362680402E+03
   1.1916770000000000E+09   6.8918060536348959E+04   1.0776616237892194E-10   9.5579238137647875E-21   2.1690318274166998E+03
   1.1936770000000000E+09   6.9212362926227506E+04   1.0654074231914001E-10   9.4638490610756634E-21   2.1656834853678224E+03
   1.1956770000000000E+09   6.9506849105938745E+04   1.0533353912472165E-10   9.3709788837258712E-21   2.1623639313878816E+03
   1.1976770000000000E+09   6.9801514371068770E+04   1.0414423678881606E-10   9.2792943073861205E-21   2.1590731861663398E+03
   1.1996770000000000E+09   7.0096355693500998E+04   1.0297252479125910E-10   9.1887766413573221E-21   2.1558112699459953E+03
   1.2016770000000000E+09   7.0391371666190840E+04   1.0181809805110276E-10   9.0994074782638660E-21   2.1525782026480879E+03
   1.2036770000000000E+09   7.0686562417744863E+04   1.0068065689150118E-10   9.0111686948635871E-21   2.1493740039896238E+03
   1.2056770000000000E+09   7.0981929500084778E+04   9.9559907014029921E-11   8.9240424537298204E-21   2.1461986935906066E+03
   1.2076770000000000E+09   7.1277475753309685E+04   9.8455559479366769E-11   8.8380112055421182E-21   2.1430522910692771E+03
   1.2096770000000000E+09   7.1573205152497278E+04   9.7367330691242738E-11   8.7530576917151554E-21   2.1399348161238099E+03
   1.2116770000000000E+09   7.1869122641617330E+04   9.6294942380673126E-11   8.6691649470990060E-21   2.1368462885993790E+03
   1.2136770000000000E+09   7.2165233959991660E+04   9.5238121587666014E-11   8.5863163024957175E-21   2.1337867285399575E+03
   1.2156770000000000E+09   7.2461545466725554E+04   9.4196600637900347E-11   8.5044953867591606E-21   2.1307561562246328E+03
   1.2176770000000000E+09   7.2758063968377377E+04   9.3170117112232792E-11   8.4236861282740656E-21   2.1277545921887036E+03
   1.2196770000000000E+09   7.3054796554725006E+04   9.2158413807316364E-11   8.3438727556453051E-21   2.1247820572301589E+03
   1.2216770000000000E+09   7.3351750446883307E+04   9.1161238686113466E-11   8.2650397974710028E-21   2.1218385724025488E+03
   1.2236770000000000E+09   7.3648932861267327E+04   9.0178344817584483E-11   8.1871720811167709E-21   2.1189241589954895E+03
   1.2256770000000000E+09   7.3946350891949900E+04   8.9209490305377593E-11   8.1102547304569239E-21   2.1160388385042988E+03
   1.2276770000000000E+09   7.4244011412931373E+04   8.8254438205866044E-11   8.0342731625960387E-21   2.1131826325903735E+03
   1.2296770000000000E+09   7.4541921000792921E+04   8.7312956436348663E-11   7.9592130836279816E-21   2.1103555630339647E+03
   1.2316770000000000E+09   7.4840085877169302E+04   8.6384817674650497E-11   7.8850604835295550E-21   2.1075576516810138E+03
   1.2336770000000000E+09   7.5138511869594120E+04   8.5469799251661840E-11   7.8118016303159030E-21   2.1047889203855570E+03
   1.2356770000000000E+09   7.5437204388558224E+04   8.4567683038554797E-11   7.7394230636057360E-21   2.1020493909491097E+03
   1.2376770000000000E+09   7.5736168418167974E+04   8.3678255330481967E-11   7.6679115877535716E-21   2.0993390850581859E+03
   1.2396770000000000E+09   7.6035408517578719E+04   8.2801306728509422E-11   7.5972542647042237E-21   2.0966580242209307E+03
   1.2416770000000000E+09   7.6334928830405086E+04   8.1936632021386365E-11   7.5274384067138491E-21   2.0940062297035993E+03
   1.2436770000000000E+09   7.6634733099526406E+04   8.1084030068537619E-11   7.4584515690645193E-21   2.0913837224674066E+03
   1.2456770000000000E+09   7.6934824685070344E+04   8.0243303685387599E-11   7.3902815428757643E-21   2.0887905231060840E+03
   1.2476770000000000E+09   7.7235206583742663E+04   7.9414259531879767E-11   7.3229163480955761E-21   2.0862266517843518E+03
   1.2496770000000000E+09   7.7535881448106724E+04   7.8596708004787726E-11   7.2563442267300052E-21   2.0836921281773302E+03
   1.2516770000000000E+09   7.7836851604791518E+04   7.7790463134208270E-11   7.1905536363519881E-21   2.0811869714109243E+03
   1.2536770000000000E+09   7.8138119070932633E+04   7.6995342484445232E-11   7.1255332439140434E-21   2.0787112000030347E+03
   1.2556770000000000E+09   7.8439685568437271E+04   7.6211167059354393E-11   7.0612719198765383E-21   2.0762648318055190E+03
   1.2576770000000000E+09   7.8741552535887400E+04   7.5437761212106383E-11   6.9977587326529954E-21   2.0738478839467266E+03
   1.2596770000000000E+09   7.9043721138087581E+04   7.4674952559245582E-11   6.9349829433661528E-21   2.0714603727744870E+03
   1.2616770000000000E+09   7.9346192273407331E+04   7.3922571898858468E-11   6.8729340009025442E-21   2.0691023137993757E+03
   1.2636770000000000E+09   7.9648966579168758E+04   7.3180453132633677E-11   6.8116015372497672E-21   2.0667737216381811E+03
   1.2656770000000000E+09   7.9952044435370306E+04   7.2448433191577692E-11   6.7509753630989176E-21   2.0644746099574086E+03
   1.2676770000000000E+09   8.0255425967025687E+04   7.1726351965167303E-11   6.6910454636955462E-21   2.0622049914167947E+03
   1.2696770000000000E+09   8.0559111045372090E+04   7.1014052233724711E-11   6.6318019949228118E-21   2.0599648776127415E+03
   1.2716770000000000E+09   8.0863099288093843E+04   7.0311379603849746E-11   6.5732352796047132E-21   2.0577542790216203E+03
   1.2736770000000000E+09   8.1167390058659803E+04   6.9618182446757456E-11   6.5153358040181794E-21   2.0555732049429398E+03
   1.2756770000000000E+09   8.1471982464795525E+04   6.8934311839396560E-11   6.4580942146053487E-21   2.0534216634423124E+03
   1.2776770000000000E+09   8.1776875356065400E+04   6.8259621508234308E-11   6.4015013148779160E-21   2.0512996612942297E+03
   1.2796770000000000E+09   8.2082067320514878E+04   6.7593967775595347E-11   6.3455480625056551E-21   2.0492072039245950E+03
   1.2816770000000000E+09   8.2387556680296359E+04   6.6937209508440394E-11   6.2902255665807528E-21   2.0471442953530029E+03
   1.2836770000000000E+09   8.2693341486171223E+04   6.6289208069468973E-11   6.2355250850493879E-21   2.0451109381347303E+03
   1.2856770000000000E+09   8.2999419510734268E+04   6.5649827270431487E-11   6.1814380223019432E-21   2.0431071333024056E+03
   1.2876770000000000E+09   8.3305788240141454E+04   6.5018933327542271E-11   6.1279559269136956E-21   2.0411328803073104E+03
   1.2896770000000000E+09   8.3612444864022196E+04   6.4396394818903266E-11   6.0750704895293766E-21   2.0391881769602833E+03
   1.2916770000000000E+09   8.3919386263152628E+04   6.3782082643860301E-11   6.0227735408862070E-21   2.0372730193721291E+03
   1.2936770000000000E+09   8.4226608994287730E+04   6.3175869984259544E-11   5.9710570499741382E-21   2.0353874018934675E+03
   1.2956770000000000E+09   8.4534109271376758E+04   6.2577632267604323E-11   5.9199131223352215E-21   2.0335313170538809E+03
   1.2976770000000000E+09   8.4841882942186974E+04   6.1987247132163937E-11   5.8693339985088620E-21   2.0317047555002212E+03
   1.2996770000000000E+09   8.5149925459227932E+04   6.1404594394114395E-11   5.8193120526325708E-21   2.0299077059338474E+03
   1.3016770000000000E+09   8.5458231843927482E+04   6.0829556016776516E-11   5.7698397912065598E-21   2.0281401550465346E+03
   1.3036770000000000E+09   8.5766796643452224E+04   6.0262016081906036E-11   5.7209098520199660E-21   2.0264020874547693E+03
   1.3056770000000000E+09   8.6075613880618665E+04   5.9701860762725613E-11   5.6725150032113760E-21   2.0246934856321016E+03
   1.3076770000000000E+09   8.6384676999301504E+04   5.9148978297911672E-11   5.6246481423903552E-21   2.0230143298393311E+03
   1.3096770000000000E+09   8.6693978810746645E+04   5.8603258965028533E-11   5.5773022956771234E-21   2.0213645980524559E+03
   1.3116770000000000E+09   8.7003511450268023E+04   5.8064595050950035E-11   5.5304706164248398E-21   2.0197442658886932E+03
   1.3136770000000000E+09   8.7313266358562207E+04   5.7532880815741398E-11   5.4841463832843067E-21   2.0181533065314445E+03
   1.3156770000000000E+09   8.7623234306461833E+04   5.7008012445511867E-11   5.4383229971751746E-21   2.0165916906558577E+03
   1.3176770000000000E+09   8.7933405484809744E+04   5.6489887989280912E-11   5.3929939766781916E-21   2.0150593863576955E+03
   1.3196770000000000E+09   8.8243769680334939E+04   5.5978407275397915E-11   5.3481529514058774E-21   2.0135563590892114E+03
   1.3216770000000000E+09   8.8554316551724609E+04   5.5473471805003904E-11   5.3037936530914948E-21   2.0120825716067031E+03
   1.3236770000000000E+09   8.8865036005912174E+04   5.4974984623753442E-11   5.2599099044919816E-21   2.0106379839348251E+03
   1.3256770000000000E+09   8.9175918652911554E+04   5.4482850178420234E-11   5.2164956067214322E-21   2.0092225533523224E+03
   1.3276770000000000E+09   8.9486956290921167E+04   5.3996974171363497E-11   5.1735447262494299E-21   2.0078362344022960E+03
   1.3296770000000000E+09   8.9798142347786910E+04   5.3517263431610400E-11   5.1310512833677178E-21   2.0064789789271747E+03
   1.3316770000000000E+09   9.0109472188972926E+04   5.3043625824410841E-11   5.0890093442457874E-21   2.0051507361246227E+03
   1.3336770000000000E+09   9.0420943205650896E+04   5.2575970219291843E-11   5.0474130185413131E-21   2.0038514526161127E+03
   1.3356770000000000E+09   9.0732554626466619E+04   5.2114206528390742E-11   5.0062564637555688E-21   2.0025810725160923E+03
   1.3376770000000000E+09   9.1044307053050055E+04   5.1658245812462653E-11   4.9655338961477370E-21   2.0013395374877532E+03
   1.3396770000000000E+09   9.1356201792122883E+04   5.1208000434188563E-11   4.9252396063041993E-21   2.0001267867725942E+03
   1.3416770000000000E+09   9.1668240125042896E+04   5.0763384222493855E-11   4.8853679759019070E-21   1.9989427571857141E+03
   1.3436770000000000E+09   9.1980422692142747E+04   5.0324312603850470E-11   4.8459134914224994E-21   1.9977873830763936E+03
   1.3456770000000000E+09   9.2292749151680706E+04   4.9890702662106142E-11   4.8068707510701923E-21   1.9966605962621868E+03
   1.3476770000000000E+09   9.2605218195865295E+04   4.9462473108182224E-11   4.7682344630248064E-21   1.9955623259516203E+03
   1.3496770000000000E+09   9.2917827888479922E+04   4.9039544170000778E-11   4.7299994359516054E-21   1.9944924986730784E+03
   1.3516770000000000E+09   9.3230576173119553E+04   4.8621837440753544E-11   4.6921605653857138E-21   1.9934510382240924E+03
   1.3536770000000000E+09   9.3543461339305286E+04   4.8209275737966575E-11   4.6547128210330230E-21   1.9924378656468773E+03
   1.3556770000000000E+09   9.3856482260780977E+04   4.7801783018702742E-11   4.6176512393885544E-21   1.9914528992257292E+03
   1.3576770000000000E+09   9.4169638331728260E+04   4.7399284369052937E-11   4.5809709234790253E-21   1.9904960544940848E+03
   1.3596770000000000E+09   9.4482929172783464E+04   4.7001706050748282E-11   4.5446670481283624E-21   1.9895672442371720E+03
   1.3616770000000000E+09   9.4796354284920613E+04   4.6608975561964728E-11   4.5087348666311474E-21   1.9886663784810657E+03
   1.3636770000000000E+09   9.5109912836374191E+04   4.6221021667124677E-11   4.4731697144617091E-21   1.9877933644678401E+03
   1.3656770000000000E+09   9.5423603671018616E+04   4.5837774373012853E-11   4.4379670077929808E-21   1.9869481066245062E+03
   1.3676770000000000E+09   9.5737425485221145E+04   4.5459164862151437E-11   4.4031222378454386E-21   1.9861305065361105E+03
   1.3696770000000000E+09   9.6051377024017667E+04   4.5085125418163116E-11   4.3686309644059515E-21   1.9853404629296444E+03
   1.3716770000000000E+09   9.6365457157823534E+04   4.4715589377078833E-11   4.3344888118102154E-21   1.9845778716681441E+03
   1.3736770000000000E+09   9.6679664804814674E+04   4.4350491115429532E-11   4.3006914684629005E-21   1.9838426257487120E+03
   1.3756770000000000E+09   9.6993998780866939E+04   4.3989766058537545E-11   4.2672346883115329E-21   1.9831346152977742E+03
   1.3776770000000000E+09   9.7308457700235842E+04   4.3633350681223091E-11   4.2341142915869173E-21   1.9824537275614348E+03
   1.3796770000000000E+09   9.7623039990184974E+04   4.3281182485130646E-11   4.2013261632671613E-21   1.9817998468942010E+03
   1.3816770000000000E+09   9.7937743978901039E+04   4.2933199960041929E-11   4.1688662499640340E-21   1.9811728547513517E+03
   1.3836770000000000E+09   9.8252567956916217E+04   4.2589342550710808E-11   4.1367305573156150E-21   1.9805726296874629E+03
   1.3856770000000000E+09   9.8567510133280186E+04   4.2249550646389816E-11   4.1049151495606252E-21   1.9799990473588475E+03
   1.3876770000000000E+09   9.8882568445251221E+04   4.1913765598908312E-11   4.0734161518810812E-21   1.9794519805241684E+03
   1.3896770000000000E+09   9.9197740090550884E+04   4.1581929784946311E-11   4.0422297570560931E-21   1.9789312990348531E+03
   1.3916770000000000E+09   9.9513020229431844E+04   4.1253986795086561E-11   4.0113522444986580E-21   1.9784368697974594E+03
   1.3936770000000000E+09   9.9828398169856839E+04   4.0929882015078305E-11   3.9807800376103842E-21   1.9779685566564901E+03
   1.3956770000000000E+09   1.0014384659421141E+05   4.0609564303240855E-11   3.9505098682670125E-21   1.9775262200533768E+03
   1.3976770000000000E+09   1.0045929299815734E+05   4.0292990482130638E-11   3.9205392164624644E-21   1.9771097160914346E+03
   1.3996770000000000E+09   1.0077454889790044E+05   3.9980136542149794E-11   3.8908674064416898E-21   1.9767188941261306E+03
   1.4016770000000000E+09   1.0108914704995407E+05   3.9671023571655609E-11   3.8614981438266246E-21   1.9763535909343125E+03
   1.4036770000000000E+09   1.0140199919087700E+05   3.9365772745560993E-11   3.8324448977724451E-21   1.9760136175167220E+03
   1.4056770000000000E+09   1.0171075283805354E+05   3.9064709914012472E-11   3.8037411438506471E-21   1.9756987313732875E+03
   1.4076770000000000E+09   1.0201075267711777E+05   3.8768537581886187E-11   3.7754572236497808E-21   1.9754085831250986E+03
   1.4096770000000000E+09   1.0229371805336453E+05   3.8478561071627232E-11   3.7477225611790693E-21   1.9751426241857671E+03
   1.4116770000000000E+09   1.0254676916546542E+05   3.8196871758633555E-11   3.7207437875169129E-21   1.9748999681436612E+03
   1.4136770000000000E+09   1.0275321464469729E+05   3.7926254970000868E-11   3.6947960890852181E-21   1.9746792228771837E+03
   1.4156770000000000E+09   1.0289690419673729E+05   3.7669498485290346E-11   3.6701560575546118E-21   1.9744783614298360E+03
   1.4176770000000000E+09   1.0297055579160717E+05   3.7427964537208689E-11   3.6469624084528774E-21   1.9742947653662420E+03
   1.4196770000000000E+09   1.0298438181316778E+05   3.7199965848535492E-11   3.6250569497937134E-21   1.9741255934902297E+03
   1.4216770000000000E+09   1.0296724819483029E+05   3.6980314551281904E-11   3.6039392063036657E-21   1.9739684908132831E+03
   1.4236770000000000E+09   1.0295573210354825E+05   3.6762138854502567E-11   3.5829420603229703E-21   1.9738223276309288E+03
   1.4256770000000000E+09   1.0297985356976706E+05   3.6539772601064822E-11   3.5615130064264844E-21   1.9736874385616425E+03
   1.4276770000000000E+09   1.0306325202200265E+05   3.6309317125889220E-11   3.5392698062695858E-21   1.9735652133758119E+03
   1.4296770000000000E+09   1.0323969925735075E+05   3.6065906845881001E-11   3.5157346472365089E-21   1.9734577783296888E+03
   1.4316770000000000E+09   1.0354070357328269E+05   3.5801615361770049E-11   3.4901297149058486E-21   1.9733682003985948E+03
   1.4336770000000000E+09   1.0414537972721098E+05   3.5520527457185249E-11   3.4628410941546022E-21   1.9733036306382423E+03
   1.4356770000000000E+09   1.0317327267054425E+05   3.5112330099521812E-11   3.4231274166975523E-21   1.9732570240011087E+03
   6.5767700000000000E+08  -6.7171405619666557E+03   3.6832459003055069E-13   3.8241312348935125E-24   1.1677113799427120E+03
   6.5967700000000000E+08  -5.6213105125358989E+03   7.1336512812186903E-13   7.0993431206556009E-24   1.2182356243374466E+03
   6.6167700000000000E+08  -4.6386382030153127E+03   1.1048062411665938E-12   1.0612713975578665E-23   1.2621101099383650E+03
   6.6367700000000000E+08  -3.6127054235569040E+03   1.5248884911953241E-12   1.4290036505923480E-23   1.2937260848630585E+03
   6.6567700000000000E+08  -2.4954893204814166E+03   1.9533893774785769E-12   1.7953970141900992E-23   1.3190641266896857E+03
   6.6767700000000000E+08  -1.4195285150988152E+03   2.3943396763718955E-12   2.1648973436445642E-23   1.3408680450853421E+03
   6.6967700000000000E+08  -5.2285981255956585E+02   2.8718397540150061E-12   2.5508502332188807E-23   1.3649376975166463E+03
   6.7167700000000000E+08  -1.3674465755799494E+02   3.4434043484703578E-12   2.9630875018985120E-23   1.4089031276382514E+03
   6.7367700000000000E+08  -1.3356443866615016E+03   4.2372730989603204E-12   3.3351079600798832E-23   1.5403313168354441E+03
   6.7567700000000000E+08  -6.6115369518413409E+03   5.5436924263199258E-12   3.5858658113085920E-23   1.8743154263948977E+03
   6.7767700000000000E+08  -1.7383442722787597E+04   7.6630409494364915E-12   3.9853167415587228E-23   2.3311804325271614E+03
   6.7967700000000000E+08  -3.0945430194717683E+04   1.0790871882859176E-11   4.8332060545039729E-23   2.7068164789063740E+03
   6.8167700000000000E+08  -4.3354242803043497E+04   1.5298340766043648E-11   6.3376074031059769E-23   2.9265542857921082E+03
   6.8367700000000000E+08  -5.1634862196387621E+04   2.1718038655515932E-11   8.7391071003479508E-23   3.0129444618133853E+03
   6.8567700000000000E+08  -5.4940122314860411E+04   3.0647530519163880E-11   1.2317770428880515E-22   3.0164835882310745E+03
   6.8767700000000000E+08  -5.4184592106615608E+04   4.2646122773367150E-11   1.7341411614261617E-22   2.9814854373959542E+03
   6.8967700000000000E+08  -5.0911929433435915E+04   5.8107658061078259E-11   2.3988070541327300E-22   2.9368085864007044E+03
   6.9167700000000000E+08  -4.6451840308658488E+04   7.7121006393842222E-11   3.2269180369663371E-22   2.8974926304053724E+03
   6.9367700000000000E+08  -4.1609673493455033E+04   9.9374054804173052E-11   4.1988604447421417E-22   2.8693211313765232E+03
   6.9567700000000000E+08  -3.6717132973328618E+04   1.2416424382160564E-10   5.2762033861620805E-22   2.8530711744852674E+03
   6.9767700000000000E+08  -3.1818720779275856E+04   1.5052516570861610E-10   6.4091040520970341E-22   2.8474058821506860E+03
   6.9967700000000000E+08  -2.6839083020260965E+04   1.7741294275774729E-10   7.5459262796705938E-22   2.8504296568202735E+03
   7.0167700000000000E+08  -2.1682745990041010E+04   2.0387662657823022E-10   8.6414297770627093E-22   2.8603515964869689E+03
   7.0367700000000000E+08  -1.6279411643428091E+04   2.2916399964472541E-10   9.6614472433648275E-22   2.8756881847258833E+03
   7.0567700000000000E+08  -1.0597561066917315E+04   2.5275453958538899E-10   1.0583932384006807E-21   2.8952728251382709E+03
   7.0767700000000000E+08  -4.6418445521867498E+03   2.7433914760303065E-10   1.1397508121492026E-21   2.9182027399381709E+03
   7.0967700000000000E+08   1.5573930023073726E+03   2.9377472865538569E-10   1.2098933340333893E-21   2.9437771922355550E+03
   7.1167700000000000E+08   7.9691858143806085E+03   3.1104420885754325E-10   1.2690883374088018E-21   2.9714460744794633E+03
   7.1367700000000000E+08   1.4527772268474047E+04   3.2615692630836118E-10   1.3177225208364820E-21   3.0008219204401903E+03
   7.1567700000000000E+08   2.1146746308372869E+04   3.3920432694532900E-10   1.3565498036430293E-21   3.0315394699417911E+03
   7.1767700000000000E+08   2.7773898404007392E+04   3.5032959112748807E-10   1.3865625427346287E-21   3.0631971181204567E+03
   7.1967700000000000E+08   3.4377286060697399E+04   3.5965847265126486E-10   1.4086351736974063E-21   3.0954896297399155E+03
   7.2167700000000000E+08   4.0927715419722124E+04   3.6731153306117106E-10   1.4235758555311974E-21   3.1281785774048390E+03
   7.2367700000000000E+08   4.7400690704694491E+04   3.7340343968927342E-10   1.4321261384948834E-21   3.1610737562108470E+03
   7.2567700000000000E+08   5.3777513938126103E+04   3.7804390844770517E-10   1.4349672923516600E-21   3.1940214519559408E+03
   7.2767700000000000E+08   6.0045755225232002E+04   3.8133933261715547E-10   1.4327290977176016E-21   3.2268970297654773E+03
   7.2967700000000000E+08   6.6199232080199887E+04   3.8339443362641134E-10   1.4259984962819015E-21   3.2596000964151981E+03
   7.3167700000000000E+08   7.2237575881398123E+04   3.8431347622844273E-10   1.4153264801983734E-21   3.2920510989195295E+03
   7.3367700000000000E+08   7.8165456226452705E+04   3.8420077935264828E-10   1.4012323875711581E-21   3.3241886393029940E+03
   7.3567700000000000E+08   8.3991563533339169E+04   3.8316044971247573E-10   1.3842054910231944E-21   3.3559670869731926E+03
   7.3767700000000000E+08   8.9727476638903900E+04   3.8129544472547012E-10   1.3647043646172114E-21   3.3873542894406237E+03
   7.3967700000000000E+08   9.5386546093779369E+04   3.7870619589462989E-10   1.3431548833145896E-21   3.4183293307783533E+03
   7.4167700000000000E+08   1.0098290336060156E+05   3.7548907415407767E-10   1.3199478111301545E-21   3.4488803725292310E+03
   7.4367700000000000E+08   1.0653066316748201E+05   3.7173495711873764E-10   1.2954368012302540E-21   3.4790026449285438E+03
   7.4567700000000000E+08   1.1204334345926977E+05   3.6752808585801932E-10   1.2699373500220158E-21   3.5086966535700863E+03
   7.4767700000000000E+08   1.1753349121244821E+05   3.6294530873495683E-10   1.2437269339911015E-21   3.5379666446975443E+03
   7.4967700000000000E+08   1.2301248037993559E+05   3.5805572730157586E-10   1.2170462928731311E-21   3.5668193447393828E+03
   7.5167700000000000E+08   1.2849043952292953E+05   3.5292069989512040E-10   1.1901016491895802E-21   3.5952629653481576E+03
   7.5367700000000000E+08   1.3397626789154534E+05   3.4759412627146879E-10   1.1630675755432373E-21   3.6233064481199945E+03
   7.5567700000000000E+08   1.3947770543924216E+05   3.4212292741170588E-10   1.1360902170806967E-21   3.6509589139604136E+03
   7.5767700000000000E+08   1.4500143089315976E+05   3.3654764112027337E-10   1.1092906185187607E-21   3.6782292793817019E+03
   7.5967700000000000E+08   1.5055317022751819E+05   3.3090306870820743E-10   1.0827679670588824E-21   3.7051260038186488E+03
   7.6167700000000000E+08   1.5613780457983303E+05   3.2521892514683620E-10   1.0566026258990957E-21   3.7316569363714639E+03
   7.6367700000000000E+08   1.6175947152878941E+05   3.1952046098856017E-10   1.0308588875204233E-21   3.7578292357097084E+03
   7.6567700000000000E+08   1.6742165690056336E+05   3.1382903735632239E-10   1.0055874174612749E-21   3.7836493422024664E+03
   7.6767700000000000E+08   1.7312727625198718E+05   3.0816264496505110E-10   9.8082738791502978E-22   3.8091229861270826E+03
   7.6967700000000000E+08   1.7887874627479291E+05   3.0253636474566942E-10   9.5660831822702410E-22   3.8342552198221751E+03
   7.7167700000000000E+08   1.8467804689340168E+05   2.9696277179288416E-10   9.3295164890414732E-22   3.8590504648604574E+03
   7.7367700000000000E+08   1.9052677502349383E+05   2.9145228670108582E-10   9.0987207962558745E-22   3.8835125677994329E+03
   7.7567700000000000E+08   1.9642619097639792E+05   2.8601347945949927E-10   8.8737870202767876E-22   3.9076448599422856E+03
   7.7767700000000000E+08   2.0237725843100992E+05   2.8065333139523806E-10   8.6547595625526562E-22   3.9314502179323290E+03
   7.7967700000000000E+08   2.0838067880410832E+05   2.7537746050349165E-10   8.4416443746581615E-22   3.9549311230244234E+03
   7.8167700000000000E+08   2.1443692075802709E+05   2.7019031510557092E-10   8.2344157529972502E-22   3.9780897176185658E+03
   7.8367700000000000E+08   2.2054624550229142E+05   2.6509534026681762E-10   8.0330220617775826E-22   4.0009278581767885E+03
   7.8567700000000000E+08   2.2670872847510589E+05   2.6009512087068373E-10   7.8373905535944129E-22   4.0234471640293777E+03
   7.8767700000000000E+08   2.3292427792990630E+05   2.5519150472894306E-10   7.6474314308534789E-22   4.0456490618503876E+03
   7.8967700000000000E+08   2.3919265089873632E+05   2.5038570863417935E-10   7.4630412685578644E-22   4.0675348257751816E+03
   7.9167700000000000E+08   2.4551346695536037E+05   2.4567840983861311E-10   7.2841058995595106E-22   4.0891056132654985E+03
   7.9367700000000000E+08   2.5188622015486922E+05   2.4106982507436852E-10   7.1105028469346080E-22   4.1103624969158591E+03
   7.9567700000000000E+08   2.5831028948200963E+05   2.3655977891174631E-10   6.9421033743221552E-22   4.1313064924507344E+03
   7.9767700000000000E+08   2.6478494809720060E+05   2.3214776297934016E-10   6.7787742135006145E-22   4.1519385831930094E+03
   7.9967700000000000E+08   2.7130937162732001E+05   2.2783298733770011E-10   6.6203790188286722E-22   4.1722597412977766E+03
   8.0167700000000000E+08   2.7788264570834656E+05   2.2361442510146436E-10   6.4667795901393685E-22   4.1922709460459309E+03
   8.0367700000000000E+08   2.8450377294936008E+05   2.1949085123859957E-10   6.3178368989897973E-22   4.2119731994836911E+03
   8.0567700000000000E+08   2.9117167945284594E+05   2.1546087633518810E-10   6.1734119476068022E-22   4.2313675396795988E+03
   8.0767700000000000E+08   2.9788522099516442E+05   2.1152297599618682E-10   6.0333664852427639E-22   4.2504550518524111E+03
   8.0967700000000000E+08   3.0464318894377834E+05   2.0767551645334644E-10   5.8975636028054107E-22   4.2692368776030762E+03
   8.1167700000000000E+08   3.1144431596455886E+05   2.0391677686806896E-10   5.7658682234179056E-22   4.2877142224631589E+03
   8.1367700000000000E+08   3.1828728155320772E+05   2.0024496874685881E-10   5.6381475038893157E-22   4.3058883619514945E+03
   8.1567700000000000E+08   3.2517071740941744E+05   1.9665825282803860E-10   5.5142711598387395E-22   4.3237606463113252E+03
   8.1767700000000000E+08   3.3209321266062954E+05   1.9315475374870322E-10   5.3941117253423037E-22   4.3413325040819009E+03
   8.1967700000000000E+08   3.3905331893382000E+05   1.8973257275895694E-10   5.2775447563983362E-22   4.3586054446420194E+03
   8.2167700000000000E+08   3.4604955526825029E+05   1.8638979871502223E-10   5.1644489861808034E-22   4.3755810598481303E+03
   8.2367700000000000E+08   3.5308041285917594E+05   1.8312451755277733E-10   5.0547064389323552E-22   4.3922610248766132E+03
   8.2567700000000000E+08   3.6014435962167208E+05   1.7993482041778252E-10   4.9482025084019003E-22   4.4086470983683312E+03
   8.2767700000000000E+08   3.6723984456455708E+05   1.7681881060618987E-10   4.8448260059294016E-22   4.4247411219637552E+03
   8.2967700000000000E+08   3.7436530196642957E+05   1.7377460945248581E-10   4.7444691825995826E-22   4.4405450193082670E+03
   8.3167700000000000E+08   3.8151915534869576E+05   1.7080036128431561E-10   4.6470277293076416E-22   4.4560607945999227E+03
   8.3367700000000000E+08   3.8869982124369248E+05   1.6789423755125460E-10   4.5524007580880300E-22   4.4712905307453020E+03
   8.3567700000000000E+08   3.9590571275928838E+05   1.6505444022296947E-10   4.4604907676382984E-22   4.4862363871833231E+03
   8.3767700000000000E+08   4.0313524294429092E+05   1.6227920454245635E-10   4.3712035956128376E-22   4.5009005974316378E+03
   8.3967700000000000E+08   4.1038682796144066E+05   1.5956680121164091E-10   4.2844483599552402E-22   4.5152854664052884E+03
   8.4167700000000000E+08   4.1765889007643162E+05   1.5691553807935925E-10   4.2001373912747225E-22   4.5293933675526514E+03
   8.4367700000000000E+08   4.2494986047221319E+05   1.5432376139537324E-10   4.1181861580435626E-22   4.5432267398492231E+03
   8.4567700000000000E+08   4.3225818189778680E+05   1.5178985668838575E-10   4.0385131861914066E-22   4.5567880846853741E+03
   8.4767700000000000E+08   4.3958231115979591E+05   1.4931224932087140E-10   3.9610399744935297E-22   4.5700799626798243E+03
   8.4967700000000000E+08   4.4692072146362840E+05   1.4688940476874724E-10   3.8856909069879060E-22   4.5831049904464553E+03
   8.5167700000000000E+08   4.5427190460866800E+05   1.4451982866936808E-10   3.8123931635066683E-22   4.5958658373377930E+03
   8.5367700000000000E+08   4.6163437303990283E+05   1.4220206667697490E-10   3.7410766292684783E-22   4.6083652221846778E+03
   8.5567700000000000E+08   4.6900666175574868E+05   1.3993470416046663E-10   3.6716738043468433E-22   4.6206059100478715E+03
   8.5767700000000000E+08   4.7638733006973623E+05   1.3771636577422221E-10   3.6041197137051923E-22   4.6325907089939756E+03
   8.5967700000000000E+08   4.8377496322199231E+05   1.3554571492864937E-10   3.5383518183716949E-22   4.6443224669050851E+03
   8.6167700000000000E+08   4.9116817383538169E+05   1.3342145318322358E-10   3.4743099282159244E-22   4.6558040683290210E+03
   8.6367700000000000E+08   4.9856560321081552E+05   1.3134231958105117E-10   3.4119361166864114E-22   4.6670384313749346E+03
   8.6567700000000000E+08   5.0596592245672178E+05   1.2930708994049059E-10   3.3511746377736922E-22   4.6780285046575009E+03
   8.6767700000000000E+08   5.1336783344891109E+05   1.2731457611616242E-10   3.2919718453789010E-22   4.6887772642918426E+03
   8.6967700000000000E+08   5.2077006961901404E+05   1.2536362523881297E-10   3.2342761151940856E-22   4.6992877109406445E+03
   8.7167700000000000E+08   5.2817139657214237E+05   1.2345311894102034E-10   3.1780377691381386E-22   4.7095628669147300E+03
   8.7367700000000000E+08   5.3557061253725225E+05   1.2158197257365625E-10   3.1232090023415123E-22   4.7196057733283651E+03
   8.7567700000000000E+08   5.4296654865664721E+05   1.1974913441637101E-10   3.0697438126341194E-22   4.7294194873109818E+03
   8.7767700000000000E+08   5.5035806912395952E+05   1.1795358488411159E-10   3.0175979324627644E-22   4.7390070792773904E+03
   8.7967700000000000E+08   5.5774407118258625E+05   1.1619433573082227E-10   2.9667287631469428E-22   4.7483716302591583E+03
   8.8167700000000000E+08   5.6512348499879986E+05   1.1447042925093459E-10   2.9170953113727312E-22   4.7575162293004087E+03
   8.8367700000000000E+08   5.7249527342557756E+05   1.1278093747898726E-10   2.8686581278225705E-22   4.7664439709217359E+03
   8.8567700000000000E+08   5.7985843167477660E+05   1.1112496138762716E-10   2.8213792478412274E-22   4.7751579526564310E+03
   8.8767700000000000E+08   5.8721198691729689E+05   1.0950163008419438E-10   2.7752221340417368E-22   4.7836612726634130E+03
   8.8967700000000000E+08   5.9455499783484673E+05   1.0791010000586413E-10   2.7301516207537806E-22   4.7919570274216549E+03
   8.9167700000000000E+08   6.0188655415666336E+05   1.0634955411246286E-10   2.6861338601996828E-22   4.8000483095113104E+03
   8.9367700000000000E+08   6.0920577623776067E+05   1.0481920107379284E-10   2.6431362702297921E-22   4.8079382054876387E+03
   8.9567700000000000E+08   6.1651181478690542E+05   1.0331827444315932E-10   2.6011274833236524E-22   4.8156297938560556E+03
   8.9767700000000000E+08   6.2380385095718701E+05   1.0184603179862822E-10   2.5600772963122475E-22   4.8231261431607700E+03
   8.9967700000000000E+08   6.3108109720156540E+05   1.0040175381593724E-10   2.5199566198402868E-22   4.8304303102071199E+03
   9.0167700000000000E+08   6.3834279958872159E+05   9.8984743211563819E-11   2.4807374259586890E-22   4.8375453384494740E+03
   9.0367700000000000E+08   6.4558824261595355E+05   9.7594323468691705E-11   2.4423926916057700E-22   4.8444742565919514E+03
   9.0567700000000000E+08   6.5281675769733905E+05   9.6229837258506107E-11   2.4048963357468092E-22   4.8512200774643570E+03
   9.0767700000000000E+08   6.6002773584650608E+05   9.4890644550083345E-11   2.3682231499801335E-22   4.8577857972421270E+03
   9.0967700000000000E+08   6.6722064262160100E+05   9.3576120647138546E-11   2.3323487285318864E-22   4.8641743950635964E+03
   9.1167700000000000E+08   6.7439502822366275E+05   9.2285654860313368E-11   2.2972494152343373E-22   4.8703888330425852E+03
   9.1367700000000000E+08   6.8155051830800355E+05   9.1018651128334529E-11   2.2629022999979141E-22   4.8764320565513854E+03
   9.1567700000000000E+08   6.8868676602026098E+05   8.9774532206935874E-11   2.2292853046837545E-22   4.8823069944049066E+03
   9.1767700000000000E+08   6.9580335268591286E+05   8.8552748211060720E-11   2.1963773774707587E-22   4.8880165581261508E+03
   9.1967700000000000E+08   7.0289965399011876E+05   8.7352787530784817E-11   2.1641587464602663E-22   4.8935636388260746E+03
   9.2167700000000000E+08   7.0997473784368054E+05   8.6174183916001796E-11   2.1326110793461685E-22   4.8989510997810848E+03
   9.2367700000000000E+08   7.1702739455433760E+05   8.5016511066227573E-11   2.1017173359658589E-22   4.9041817639499995E+03
   9.2567700000000000E+08   7.2405636134205130E+05   8.3879360196144031E-11   2.0714612026571888E-22   4.9092583995586210E+03
   9.2767700000000000E+08   7.3106066065211897E+05   8.2762309014402160E-11   2.0418263153420117E-22   4.9141837133769777E+03
   9.2967700000000000E+08   7.3803981945161079E+05   8.1664902902748891E-11   2.0127957799454593E-22   4.9189603642313577E+03
   9.3167700000000000E+08   7.4499381774363969E+05   8.0586659664618329E-11   1.9843522699557769E-22   4.9235909930802700E+03
   9.3367700000000000E+08   7.5192292592524481E+05   7.9527081610599975E-11   1.9564783043851737E-22   4.9280782546419969E+03
   9.3567700000000000E+08   7.5882795155656151E+05   7.8485617661809464E-11   1.9291553002020461E-22   4.9324248403054380E+03
   9.3767700000000000E+08   7.6571171548647119E+05   7.7461477130184854E-11   1.9023590072344618E-22   4.9366334506638696E+03
   9.3967700000000000E+08   7.7258162381453195E+05   7.6453330501600800E-11   1.8760522031464070E-22   4.9407067378311576E+03
   9.4167700000000000E+08   7.7945057787713362E+05   7.5459258985804866E-11   1.8501834564500867E-22   4.9446474147940371E+03
   9.4367700000000000E+08   7.8633277505318599E+05   7.4477332672187344E-11   1.8247011991420191E-22   4.9484586239814162E+03
   9.4567700000000000E+08   7.9323544045781833E+05   7.3506588311403071E-11   1.7995775673185915E-22   4.9521441926720609E+03
   9.4767700000000000E+08   8.0015283024540043E+05   7.2547607226606005E-11   1.7748225680480826E-22   4.9557083192251885E+03
   9.4967700000000000E+08   8.0706803651621309E+05   7.1602137957757680E-11   1.7504750112903550E-22   4.9591547534815845E+03
   9.5167700000000000E+08   8.1396109221580543E+05   7.0672096712083337E-11   1.7265782952884204E-22   4.9624858956834569E+03
   9.5367700000000000E+08   8.2082198313339974E+05   6.9759096869701284E-11   1.7031673913637381E-22   4.9657071325873821E+03
   9.5567700000000000E+08   8.2760270698765374E+05   6.8866378150159693E-11   1.6803234637883755E-22   4.9688048190978379E+03
   9.5767700000000000E+08   8.3425583749379590E+05   6.7998948213333730E-11   1.6581547479582937E-22   4.9718122805030398E+03
   9.5967700000000000E+08   8.4085397118861391E+05   6.7148276381749096E-11   1.6364621336771753E-22   4.9746954111279993E+03
   9.6167700000000000E+08   8.4741527947218134E+05   6.6312277351768292E-11   1.6151868516132708E-22   4.9774712338532281E+03
   9.6367700000000000E+08   8.5394571768063901E+05   6.5490057635399174E-11   1.5943047400409311E-22   4.9801408024474385E+03
   9.6567700000000000E+08   8.6044692141155514E+05   6.4681177577079831E-11   1.5738026681565740E-22   4.9827055903316132E+03
   9.6767700000000000E+08   8.6691935247099446E+05   6.3885320590319110E-11   1.5536704581299919E-22   4.9851675201345197E+03
   9.6967700000000000E+08   8.7336313213354524E+05   6.3102209210904647E-11   1.5338989460506291E-22   4.9875286272766216E+03
   9.7167700000000000E+08   8.7977827143708465E+05   6.2331583882603351E-11   1.5144794955533210E-22   4.9897909523645949E+03
   9.7367700000000000E+08   8.8616474834997149E+05   6.1573195685236500E-11   1.4954038245582234E-22   4.9919565155551036E+03
   9.7567700000000000E+08   8.9252253842849017E+05   6.0826803005769528E-11   1.4766639219343675E-22   4.9940273107792445E+03
   9.7767700000000000E+08   8.9885162737408292E+05   6.0092170055239646E-11   1.4582520078962711E-22   4.9960053044868700E+03
   9.7967700000000000E+08   9.0515201556200464E+05   5.9369066343705592E-11   1.4401605175602548E-22   4.9978924354603205E+03
   9.8167700000000000E+08   9.1142371899778291E+05   5.8657266551239835E-11   1.4223820942145903E-22   4.9996906148835842E+03
   9.8367700000000000E+08   9.1766676844011073E+05   5.7956550526840946E-11   1.4049095858092834E-22   5.0014017265505790E+03
   9.8567700000000000E+08   9.2388120762181003E+05   5.7266703305505307E-11   1.3877360420223158E-22   5.0030276271137564E+03
   9.8767700000000000E+08   9.3006709145228087E+05   5.6587515087191327E-11   1.3708547105703965E-22   5.0045701462377820E+03
   9.8967700000000000E+08   9.3622448423172347E+05   5.5918781200321612E-11   1.3542590333039143E-22   5.0060310866686750E+03
   9.9167700000000000E+08   9.4235345643420389E+05   5.5260302178389776E-11   1.3379426451639788E-22   5.0074122243236670E+03
   9.9367700000000000E+08   9.4845407775001938E+05   5.4611884118524424E-11   1.3218993800650003E-22   5.0087153084542870E+03
   9.9567700000000000E+08   9.5452640463649284E+05   5.3973339402001167E-11   1.3061232856096517E-22   5.0099420619386101E+03
   9.9767700000000000E+08   9.6057046400802233E+05   5.3344487564974904E-11   1.2906086415598979E-22   5.0110941814718217E+03
   9.9967700000000000E+08   9.6658623900012905E+05   5.2725155806011713E-11   1.2753499696488664E-22   5.0121733376123384E+03
   1.0016770000000000E+09   9.7257366810681915E+05   5.2115178342726401E-11   1.2603420158028296E-22   5.0131811742547288E+03
   1.0036770000000000E+09   9.7853266955160559E+05   5.1514393970071056E-11   1.2455796891948200E-22   5.0141193073158101E+03
   1.0056770000000000E+09   9.8446319350862189E+05   5.0922641962310094E-11   1.2310579613440664E-22   5.0149893236431171E+03
   1.0076770000000000E+09   9.9036529291582364E+05   5.0339757296230722E-11   1.2167717487762459E-22   5.0157927807377146E+03
   1.0096770000000000E+09   9.9623919042473228E+05   4.9765566840276606E-11   1.2027158186637640E-22   5.0165312086791546E+03
   1.0116770000000000E+09   1.0020853176007231E+06   4.9199887941926637E-11   1.1888847519575850E-22   5.0172061146234146E+03
   1.0136770000000000E+09   1.0079043171580179E+06   4.8642529502966421E-11   1.1752729668998798E-22   5.0178189866704897E+03
   1.0156770000000000E+09   1.0136970048146220E+06   4.8093295994804183E-11   1.1618748142116508E-22   5.0183712951931548E+03
   1.0176770000000000E+09   1.0194642643301064E+06   4.7551995214742719E-11   1.1486847609614371E-22   5.0188645014511430E+03
   1.0196770000000000E+09   1.0252069176322145E+06   4.7018446226212156E-11   1.1356975804111846E-22   5.0193000597371847E+03
   1.0216770000000000E+09   1.0309256258266765E+06   4.6492484728733775E-11   1.1229084818394258E-22   5.0196794103548064E+03
   1.0236770000000000E+09   1.0366208198881310E+06   4.5973966043301463E-11   1.1103131815720937E-22   5.0200039777175680E+03
   1.0256770000000000E+09   1.0422926760742222E+06   4.5462765047841875E-11   1.0979079011319607E-22   5.0202751651716217E+03
   1.0276770000000000E+09   1.0479411350296381E+06   4.4958773523480218E-11   1.0856893028560226E-22   5.0204943500337349E+03
   1.0296770000000000E+09   1.0535659533873247E+06   4.4461895866409358E-11   1.0736543858298481E-22   5.0206628798908614E+03
   1.0316770000000000E+09   1.0591667719423838E+06   4.3972044255799777E-11   1.0618003684017761E-22   5.0207820705426793E+03
   1.0336770000000000E+09   1.0647431849519967E+06   4.3489134200684777E-11   1.0501245795755517E-22   5.0208532055517562E+03
   1.0356770000000000E+09   1.0702947990948136E+06   4.3013081055827263E-11   1.0386243735967026E-22   5.0208775370714111E+03
   1.0376770000000000E+09   1.0758212759606724E+06   4.2543797738394765E-11   1.0272970734217237E-22   5.0208562874955824E+03
   1.0396770000000000E+09   1.0813223568545156E+06   4.2081193590786639E-11   1.0161399418366495E-22   5.0207906514913084E+03
   1.0416770000000000E+09   1.0867978721506733E+06   4.1625174162002756E-11   1.0051501747942134E-22   5.0206817980763117E+03
   1.0436770000000000E+09   1.0922477391660262E+06   4.1175641616378937E-11   9.9432490997821928E-23   5.0205308725323948E+03
   1.0456770000000000E+09   1.0976719528312522E+06   4.0732495493758535E-11   9.8366124395027512E-23   5.0203389980543834E+03
   1.0476770000000000E+09   1.1030705728553112E+06   4.0295633602539909E-11   9.7315625260462946E-23   5.0201072771089093E+03
   1.0496770000000000E+09   1.1084437100984163E+06   3.9864952896808024E-11   9.6280701133278258E-23   5.0198367925212333E+03
   1.0516770000000000E+09   1.1137915138576739E+06   3.9440350252082054E-11   9.5261061282431475E-23   5.0195286083294031E+03
   1.0536770000000000E+09   1.1191141609366131E+06   3.9021723102297805E-11   9.4256418159048133E-23   5.0191837704497320E+03
   1.0556770000000000E+09   1.1244118467851975E+06   3.8608969932211834E-11   9.3266488506002745E-23   5.0188033071939808E+03
   1.0576770000000000E+09   1.1296847786414563E+06   3.8201990637290213E-11   9.2290994152930104E-23   5.0183882296738311E+03
   1.0596770000000000E+09   1.1349331704272139E+06   3.7800686771218274E-11   9.1329662544505350E-23   5.0179395321218044E+03
   1.0616770000000000E+09   1.1401572390885479E+06   3.7404961703130012E-11   9.0382227054698940E-23   5.0174581921520748E+03
   1.0636770000000000E+09   1.1453572020748723E+06   3.7014720705369357E-11   8.9448427136720822E-23   5.0169451709797831E+03
   1.0656770000000000E+09   1.1505332756845278E+06   3.6629870989856940E-11   8.8528008351855306E-23   5.0164014136134647E+03
   1.0676770000000000E+09   1.1556856740487609E+06   3.6250321707988645E-11   8.7620722312883068E-23   5.0158278490312823E+03
   1.0696770000000000E+09   1.1608146085691513E+06   3.5875983925962293E-11   8.6726326570540955E-23   5.0152253903491865E+03
   1.0716770000000000E+09   1.1659202876625648E+06   3.5506770584697015E-11   8.5844584464940015E-23   5.0145949349863686E+03
   1.0736770000000000E+09   1.1710029167018926E+06   3.5142596451134232E-11   8.4975264958178050E-23   5.0139373648313986E+03
   1.0756770000000000E+09   1.1760626980703454E+06   3.4783378065702181E-11   8.4118142459572598E-23   5.0132535464109851E+03
   1.0776770000000000E+09   1.1810998312725029E+06   3.4429033689072019E-11   8.3272996650981163E-23   5.0125443310618475E+03
   1.0796770000000000E+09   1.1861145130657300E+06   3.4079483250064233E-11   8.2439612316619986E-23   5.0118105551059080E+03
   1.0816770000000000E+09   1.1911069375911949E+06   3.3734648295641890E-11   8.1617779179585391E-23   5.0110530400281468E+03
   1.0836770000000000E+09   1.1960772964940011E+06   3.3394451943345397E-11   8.0807291745870113E-23   5.0102725926569537E+03
   1.0856770000000000E+09   1.2010257790280224E+06   3.3058818836192373E-11   8.0007949155878992E-23   5.0094700053463130E+03
   1.0876770000000000E+09   1.2059525721438064E+06   3.2727675099925720E-11   7.9219555043104575E-23   5.0086460561595522E+03
   1.0896770000000000E+09   1.2108578605589704E+06   3.2400948302451822E-11   7.8441917399527406E-23   5.0078015090542958E+03
   1.0916770000000000E+09   1.2157418268109811E+06   3.2078567415312671E-11   7.7674848447314841E-23   5.0069371140681578E+03
   1.0936770000000000E+09   1.2206046512927662E+06   3.1760462777045968E-11   7.6918164516416933E-23   5.0060536075047867E+03
   1.0956770000000000E+09   1.2254465122724394E+06   3.1446566058289596E-11   7.6171685927666697E-23   5.0051517121198613E+03
   1.0976770000000000E+09   1.2302675858994194E+06   3.1136810228483786E-11   7.5435236880987353E-23   5.0042321373065233E+03
   1.0996770000000000E+09   1.2350680462000044E+06   3.0831129524023472E-11   7.4708645348305092E-23   5.0032955792799876E+03
   1.1016770000000000E+09   1.2398480650658873E+06   3.0529459417717648E-11   7.3991742970779338E-23   5.0023427212609840E+03
   1.1036770000000000E+09   1.2446078122390583E+06   3.0231736589424738E-11   7.3284364959991284E-23   5.0013742336578189E+03
   1.1056770000000000E+09   1.2493474552959655E+06   2.9937898897754251E-11   7.2586350002782931E-23   5.0003907742469728E+03
   1.1076770000000000E+09   1.2540671596330709E+06   2.9647885352744913E-11   7.1897540169488788E-23   4.9993929883521141E+03
   1.1096770000000000E+09   1.2587670884550237E+06   2.9361636089450152E-11   7.1217780825354372E-23   4.9983815090214257E+03
   1.1116770000000000E+09   1.2634474027658119E+06   2.9079092342379026E-11   7.0546920544977048E-23   4.9973569572032393E+03
   1.1136770000000000E+09   1.2681082613625096E+06   2.8800196420753720E-11   6.9884811029637902E-23   4.9963199419199918E+03
   1.1156770000000000E+09   1.2727498208308080E+06   2.8524891684549202E-11   6.9231307027409144E-23   4.9952710604402737E+03
   1.1176770000000000E+09   1.2773722355410997E+06   2.8253122521289088E-11   6.8586266255938309E-23   4.9942108984490887E+03
   1.1196770000000000E+09   1.2819756576438192E+06   2.7984834323571105E-11   6.7949549327814520E-23   4.9931400302161592E+03
   1.1216770000000000E+09   1.2865602370627271E+06   2.7719973467298125E-11   6.7321019678428249E-23   4.9920590187622111E+03
   1.1236770000000000E+09   1.2911261214849513E+06   2.7458487290590537E-11   6.6700543496235946E-23   4.9909684160232100E+03
   1.1256770000000000E+09   1.2956734563468602E+06   2.7200324073355317E-11   6.6087989655344046E-23   4.9898687630123386E+03
   1.1276770000000000E+09   1.3002023848150626E+06   2.6945433017488577E-11   6.5483229650326291E-23   4.9887605899798345E+03
   1.1296770000000000E+09   1.3047130477622617E+06   2.6693764227684354E-11   6.4886137533186131E-23   4.9876444165703879E+03
   1.1316770000000000E+09   1.3092055837379945E+06   2.6445268692824055E-11   6.4296589852375064E-23   4.9865207519781607E+03
   1.1336770000000000E+09   1.3136801289347480E+06   2.6199898267916230E-11   6.3714465593770057E-23   4.9853900950993439E+03
   1.1356770000000000E+09   1.3181368171503744E+06   2.5957605656554019E-11   6.3139646123508261E-23   4.9842529346821475E+03
   1.1376770000000000E+09   1.3225757797481506E+06   2.5718344393854323E-11   6.2572015132568417E-23   4.9831097494742389E+03
   1.1396770000000000E+09   1.3269971456163179E+06   2.5482068829837391E-11   6.2011458582977628E-23   4.9819610083675461E+03
   1.1416770000000000E+09   1.3314010411293125E+06   2.5248734113203502E-11   6.1457864655515157E-23   4.9808071705405637E+03
   1.1436770000000000E+09   1.3357875901133777E+06   2.5018296175457412E-11   6.0911123698774021E-23   4.9796486855980502E+03
   1.1456770000000000E+09   1.3401569138195661E+06   2.4790711715329753E-11   6.0371128179435387E-23   4.9784859937082347E+03
   1.1476770000000000E+09   1.3445091309074657E+06   2.4565938183442681E-11   5.9837772633606637E-23   4.9773195257376838E+03
   1.1496770000000000E+09   1.3488443574431830E+06   2.4343933767166642E-11   5.9310953619074241E-23   4.9761497033838978E+03
   1.1516770000000000E+09   1.3531627069152701E+06   2.4124657375616250E-11   5.8790569668325073E-23   4.9749769393057895E+03
   1.1536770000000000E+09   1.3574642902722263E+06   2.3908068624737758E-11   5.8276521242199844E-23   4.9738016372523407E+03
   1.1556770000000000E+09   1.3617492159850562E+06   2.3694127822446111E-11   5.7768710684058181E-23   4.9726241921895416E+03
   1.1576770000000000E+09   1.3660175901380151E+06   2.3482795953777872E-11   5.7267042174353008E-23   4.9714449904259900E+03
   1.1596770000000000E+09   1.3702695165501311E+06   2.3274034666037480E-11   5.6771421685541078E-23   4.9702644097374086E+03
   1.1616770000000000E+09   1.3745050969293842E+06   2.3067806253925834E-11   5.6281756937285528E-23   4.9690828194902979E+03
   1.1636770000000000E+09   1.3787244310604229E+06   2.2864073644657350E-11   5.5797957351945775E-23   4.9679005807652620E+03
   1.1656770000000000E+09   1.3829276170256669E+06   2.2662800383084709E-11   5.5319934010387200E-23   4.9667180464801140E+03
   1.1676770000000000E+09   1.3871147514582789E+06   2.2463950616869862E-11   5.4847599608187689E-23   4.9655355615132066E+03
   1.1696770000000000E+09   1.3912859298241166E+06   2.2267489081756065E-11   5.4380868412359466E-23   4.9643534628273192E+03
   1.1716770000000000E+09   1.3954412467283222E+06   2.2073381087011004E-11   5.3919656218745425E-23   4.9631720795942510E+03
   1.1736770000000000E+09   1.3995807962407260E+06   2.1881592501126392E-11   5.3463880310284207E-23   4.9619917333205221E+03
   1.1756770000000000E+09   1.4037046722328966E+06   2.1692089737869556E-11   5.3013459416368858E-23   4.9608127379741882E+03
   1.1776770000000000E+09   1.4078129687184808E+06   2.1504839742790782E-11   5.2568313673541573E-23   4.9596354001130421E+03
   1.1796770000000000E+09   1.4119057801876036E+06   2.1319809980290852E-11   5.2128364587773937E-23   4.9584600190141146E+03
   1.1816770000000000E+09   1.4159832019255061E+06   2.1136968421352115E-11   5.1693534998579613E-23   4.9572868868044088E+03
   1.1836770000000000E+09   1.4200453303054876E+06   2.0956283532027197E-11   5.1263749045184168E-23   4.9561162885928643E+03
   1.1856770000000000E+09   1.4240922630465331E+06   2.0777724262764636E-11   5.0838932134945206E-23   4.9549485026031198E+03
   1.1876770000000000E+09   1.4281240994268414E+06   2.0601260038632041E-11   5.0419010914168569E-23   4.9537838003069119E+03
   1.1896770000000000E+09   1.4321409404456934E+06   2.0426860750473267E-11   5.0003913241410902E-23   4.9526224465575506E+03
   1.1916770000000000E+09   1.4361428889277503E+06   2.0254496747010719E-11   4.9593568163295613E-23   4.9514646997231184E+03
   1.1936770000000000E+09   1.4401300495659020E+06   2.0084138827873962E-11   4.9187905892797182E-23   4.9503108118188438E+03
   1.1956770000000000E+09   1.4441025289009386E+06   1.9915758237509026E-11   4.8786857789884951E-23   4.9491610286379664E+03
   1.1976770000000000E+09   1.4480604352386096E+06   1.9749326659896615E-11   4.8390356344348709E-23   4.9480155898808007E+03
   1.1996770000000000E+09   1.4520038785069576E+06   1.9584816213982054E-11   4.7998335160571885E-23   4.9468747292811049E+03
   1.2016770000000000E+09   1.4559329700588495E+06   1.9422199449704070E-11   4.7610728943971615E-23   4.9457386747296259E+03
   1.2036770000000000E+09   1.4598478224266027E+06   1.9261449344491831E-11   4.7227473488787571E-23   4.9446076483939987E+03
   1.2056770000000000E+09   1.4637485490370702E+06   1.9102539300094560E-11   4.6848505666881760E-23   4.9434818668348917E+03
   1.2076770000000000E+09   1.4676352638968017E+06   1.8945443139603323E-11   4.6473763417201330E-23   4.9423615411180517E+03
   1.2096770000000000E+09   1.4715080812576613E+06   1.8790135104527002E-11   4.6103185735562192E-23   4.9412468769218622E+03
   1.2116770000000000E+09   1.4753671152736295E+06   1.8636589851793577E-11   4.5736712664428365E-23   4.9401380746405875E+03
   1.2136770000000000E+09   1.4792124796595273E+06   1.8484782450557284E-11   4.5374285282388231E-23   4.9390353294830302E+03
   1.2156770000000000E+09   1.4830442873619187E+06   1.8334688378709704E-11   4.5015845693067446E-23   4.9379388315668321E+03
   1.2176770000000000E+09   1.4868626502516554E+06   1.8186283519010275E-11   4.4661337013261642E-23   4.9368487660085557E+03
   1.2196770000000000E+09   1.4906676788463774E+06   1.8039544154772005E-11   4.4310703360122361E-23   4.9357653130096296E+03
   1.2216770000000000E+09   1.4944594820697170E+06   1.7894446965063397E-11   4.3963889837287480E-23   4.9346886479386931E+03
   1.2236770000000000E+09   1.4982381670522841E+06   1.7750969019408469E-11   4.3620842519902581E-23   4.9336189414105420E+03
   1.2256770000000000E+09   1.5020038389774924E+06   1.7609087771991869E-11   4.3281508438540057E-23   4.9325563593619709E+03
   1.2276770000000000E+09   1.5057566009732236E+06   1.7468781055400237E-11   4.2945835562079224E-23   4.9315010631252935E+03
   1.2296770000000000E+09   1.5094965540484090E+06   1.7330027073947549E-11   4.2613772779658219E-23   4.9304532094995438E+03
   1.2316770000000000E+09   1.5132237970717147E+06   1.7192804396652016E-11   4.2285269881852110E-23   4.9294129508200813E+03
   1.2336770000000000E+09   1.5169384267880132E+06   1.7057091949941842E-11   4.1960277541260509E-23   4.9283804350267901E+03
   1.2356770000000000E+09   1.5206405378672560E+06   1.6922869010174289E-11   4.1638747292703531E-23   4.9273558057314131E+03
   1.2376770000000000E+09   1.5243302229796916E+06   1.6790115196052222E-11   4.1320631513229431E-23   4.9263392022840144E+03
   1.2396770000000000E+09   1.5280075728912340E+06   1.6658810461018990E-11   4.1005883402126206E-23   4.9253307598389838E+03
   1.2416770000000000E+09   1.5316726765729811E+06   1.6528935085704182E-11   4.0694456961112194E-23   4.9243306094206700E+03
   1.2436770000000000E+09   1.5353256213194819E+06   1.6400469670481184E-11   4.0386306974853250E-23   4.9233388779886718E+03
   1.2456770000000000E+09   1.5389664928710426E+06   1.6273395128186458E-11   4.0081388991927202E-23   4.9223556885028083E+03
   1.2476770000000000E+09   1.5425953755361687E+06   1.6147692677038720E-11   3.9779659306327116E-23   4.9213811599878572E+03
   1.2496770000000000E+09   1.5462123523110577E+06   1.6023343833785124E-11   3.9481074939569033E-23   4.9204154075980387E+03
   1.2516770000000000E+09   1.5498175049937656E+06   1.5900330407092025E-11   3.9185593623447562E-23   4.9194585426810372E+03
   1.2536770000000000E+09   1.5534109142912305E+06   1.5778634491191932E-11   3.8893173783464860E-23   4.9185106728418214E+03
   1.2556770000000000E+09   1.5569926599179595E+06   1.5658238459790219E-11   3.8603774522942582E-23   4.9175719020059996E+03
   1.2576770000000000E+09   1.5605628206855322E+06   1.5539124960231480E-11   3.8317355607815515E-23   4.9166423304827140E+03
   1.2596770000000000E+09   1.5641214745824882E+06   1.5421276907921425E-11   3.8033877452095332E-23   4.9157220550271031E+03
   1.2616770000000000E+09   1.5676686988444412E+06   1.5304677480996692E-11   3.7753301103986302E-23   4.9148111689021480E+03
   1.2636770000000000E+09   1.5712045700144481E+06   1.5189310115234018E-11   3.7475588232629843E-23   4.9139097619399845E+03
   1.2656770000000000E+09   1.5747291639937728E+06   1.5075158499188324E-11   3.7200701115453063E-23   4.9130179206024704E+03
   1.2676770000000000E+09   1.5782425560832147E+06   1.4962206569550024E-11   3.6928602626094928E-23   4.9121357280411585E+03
   1.2696770000000000E+09   1.5817448210151454E+06   1.4850438506711162E-11   3.6659256222884970E-23   4.9112632641564733E+03
   1.2716770000000000E+09   1.5852360329763349E+06   1.4739838730531146E-11   3.6392625937850223E-23   4.9104006056561639E+03
   1.2736770000000000E+09   1.5887162656216123E+06   1.4630391896292986E-11   3.6128676366227036E-23   4.9095478261130020E+03
   1.2756770000000000E+09   1.5921855920784029E+06   1.4522082890840423E-11   3.5867372656453790E-23   4.9087049960216154E+03
   1.2776770000000000E+09   1.5956440849422205E+06   1.4414896828886547E-11   3.5608680500619631E-23   4.9078721828545604E+03
   1.2796770000000000E+09   1.5990918162632461E+06   1.4308819049483497E-11   3.5352566125343522E-23   4.9070494511174657E+03
   1.2816770000000000E+09   1.6025288575242530E+06   1.4203835112641550E-11   3.5098996283054069E-23   4.9062368624032160E+03
   1.2836770000000000E+09   1.6059552796101244E+06   1.4099930796087121E-11   3.4847938243642203E-23   4.9054344754452968E+03
   1.2856770000000000E+09   1.6093711527693693E+06   1.3997092092146634E-11   3.4599359786454790E-23   4.9046423461701124E+03
   1.2876770000000000E+09   1.6127765465679690E+06   1.3895305204744832E-11   3.4353229192600547E-23   4.9038605277481893E+03
   1.2896770000000000E+09   1.6161715298358602E+06   1.3794556546507219E-11   3.4109515237539372E-23   4.9030890706445816E+03
   1.2916770000000000E+09   1.6195561706063219E+06   1.3694832735955252E-11   3.3868187183929360E-23   4.9023280226679990E+03
   1.2936770000000000E+09   1.6229305360482563E+06   1.3596120594787597E-11   3.3629214774711384E-23   4.9015774290190093E+03
   1.2956770000000000E+09   1.6262946923911863E+06   1.3498407145240837E-11   3.3392568226415163E-23   4.9008373323371234E+03
   1.2976770000000000E+09   1.6296487048424955E+06   1.3401679607526951E-11   3.3158218222678373E-23   4.9001077727468928E+03
   1.2996770000000000E+09   1.6329926374963273E+06   1.3305925397346024E-11   3.2926135907973071E-23   4.8993887879031436E+03
   1.3016770000000000E+09   1.6363265532337970E+06   1.3211132123470912E-11   3.2696292881530888E-23   4.8986804130352921E+03
   1.3036770000000000E+09   1.6396505136150392E+06   1.3117287585396319E-11   3.2468661191444569E-23   4.8979826809911656E+03
   1.3056770000000000E+09   1.6429645787656447E+06   1.3024379771030048E-11   3.2243213328889857E-23   4.8972956222803705E+03
   1.3076770000000000E+09   1.6462688072633757E+06   1.2932396854382446E-11   3.2019922222357376E-23   4.8966192651172951E+03
   1.3096770000000000E+09   1.6495632560361037E+06   1.2841327193177083E-11   3.1798761231702297E-23   4.8959536354639022E+03
   1.3116770000000000E+09   1.6528479802883174E+06   1.2751159326264015E-11   3.1579704141719450E-23   4.8952987570719197E+03
   1.3136770000000000E+09   1.6561230334805313E+06   1.2661881970675276E-11   3.1362725154848183E-23   4.8946546515239988E+03
   1.3156770000000000E+09   1.6593884673918674E+06   1.2573484018128526E-11   3.1147798882531150E-23   4.8940213382728170E+03
   1.3176770000000000E+09   1.6626443322982732E+06   1.2485954530781393E-11   3.0934900334741314E-23   4.8933988346771866E+03
   1.3196770000000000E+09   1.6658906772942697E+06   1.2399282736081132E-11   3.0724004907297753E-23   4.8927871560338244E+03
   1.3216770000000000E+09   1.6691275507715659E+06   1.2313458020665914E-11   3.0515088366859537E-23   4.8921863156046211E+03
   1.3236770000000000E+09   1.6723550010419122E+06   1.2228469923455982E-11   3.0308126833931936E-23   4.8915963246402216E+03
   1.3256770000000000E+09   1.6755730770553739E+06   1.2144308128315236E-11   3.0103096764808554E-23   4.8910171924026818E+03
   1.3276770000000000E+09   1.6787818291246109E+06   1.2060962456922031E-11   2.9899974934000003E-23   4.8904489261924564E+03
   1.3296770000000000E+09   1.6819813095315443E+06   1.1978422862684711E-11   2.9698738419182990E-23   4.8898915313862299E+03
   1.3316770000000000E+09   1.6851715728786511E+06   1.1896679426587149E-11   2.9499364590830453E-23   4.8893450114922070E+03
   1.3336770000000000E+09   1.6883526760670401E+06   1.1815722355663187E-11   2.9301831108245117E-23   4.8888093682260842E+03
   1.3356770000000000E+09   1.6915246778442620E+06   1.1735541984351828E-11   2.9106115922644614E-23   4.8882846016055055E+03
   1.3376770000000000E+09   1.6946876379614633E+06   1.1656128778322950E-11   2.8912197286356013E-23   4.8877707100518764E+03
   1.3396770000000000E+09   1.6978416160898488E+06   1.1577473339656395E-11   2.8720053765458389E-23   4.8872676904817290E+03
   1.3416770000000000E+09   1.7009866707352465E+06   1.1499566411736038E-11   2.8529664251929084E-23   4.8867755383667054E+03
   1.3436770000000000E+09   1.7041228584171832E+06   1.1422398882139664E-11   2.8341007971104849E-23   4.8862942477471170E+03
   1.3456770000000000E+09   1.7072502333196760E+06   1.1345961782294548E-11   2.8154064481396350E-23   4.8858238111977707E+03
   1.3476770000000000E+09   1.7103688474787327E+06   1.1270246283667896E-11   2.7968813665554111E-23   4.8853642197653789E+03
   1.3496770000000000E+09   1.7134787513894988E+06   1.1195243691443652E-11   2.7785235715634955E-23   4.8849154629126351E+03
   1.3516770000000000E+09   1.7165799947650800E+06   1.1120945437536538E-11   2.7603311116041250E-23   4.8844775285079313E+03
   1.3536770000000000E+09   1.7196726271306993E+06   1.1047343074972453E-11   2.7423020629550170E-23   4.8840504028840896E+03
   1.3556770000000000E+09   1.7227566980246706E+06   1.0974428274965908E-11   2.7244345289700738E-23   4.8836340709581746E+03
   1.3576770000000000E+09   1.7258322567705305E+06   1.0902192826721150E-11   2.7067266399852172E-23   4.8832285163712477E+03
   1.3596770000000000E+09   1.7288993519917324E+06   1.0830628638698878E-11   2.6891765536107354E-23   4.8828337215918727E+03
   1.3616770000000000E+09   1.7319580311531455E+06   1.0759727739500328E-11   2.6717824549726487E-23   4.8824496679427220E+03
   1.3636770000000000E+09   1.7350083403687628E+06   1.0689482276954550E-11   2.6545425565490874E-23   4.8820763355517702E+03
   1.3656770000000000E+09   1.7380503245389671E+06   1.0619884515193153E-11   2.6374550975203842E-23   4.8817137032754690E+03
   1.3676770000000000E+09   1.7410840276823868E+06   1.0550926830711454E-11   2.6205183428447273E-23   4.8813617486598132E+03
   1.3696770000000000E+09   1.7441094932324237E+06   1.0482601708879839E-11   2.6037305824020709E-23   4.8810204479800077E+03
   1.3716770000000000E+09   1.7471267641331677E+06   1.0414901741826233E-11   2.5870901304443954E-23   4.8806897763448542E+03
   1.3736770000000000E+09   1.7501358827377020E+06   1.0347819627512055E-11   2.5705953253414612E-23   4.8803697078058631E+03
   1.3756770000000000E+09   1.7531368906535518E+06   1.0281348169015858E-11   2.5542445294093928E-23   4.8800602154098315E+03
   1.3776770000000000E+09   1.7561298286908043E+06   1.0215480273106141E-11   2.5380361286001538E-23   4.8797612711803031E+03
   1.3796770000000000E+09   1.7591147369527821E+06   1.0150208947981312E-11   2.5219685319981679E-23   4.8794728460698470E+03
   1.3816770000000000E+09   1.7620916549743009E+06   1.0085527300843783E-11   2.5060401712590082E-23   4.8791949099417534E+03
   1.3836770000000000E+09   1.7650606217692953E+06   1.0021428536095249E-11   2.4902495001796148E-23   4.8789274315944685E+03
   1.3856770000000000E+09   1.7680216757026394E+06   9.9579059544384654E-12   2.4745949945065043E-23   4.8786703787607030E+03
   1.3876770000000000E+09   1.7709748541162920E+06   9.8949529528461318E-12   2.4590751520502664E-23   4.8784237179253560E+03
   1.3896770000000000E+09   1.7739201923856318E+06   9.8325630263459056E-12   2.4436884934763128E-23   4.8781874136867755E+03
   1.3916770000000000E+09   1.7768577212102707E+06   9.7707297762643983E-12   2.4284335651933930E-23   4.8779614271044229E+03
   1.3936770000000000E+09   1.7797874587229968E+06   9.7094469390141402E-12   2.4133089484070737E-23   4.8777457118452712E+03
   1.3956770000000000E+09   1.7827093886980885E+06   9.6487084726949856E-12   2.3983132846607880E-23   4.8775402058855543E+03
   1.3976770000000000E+09   1.7856234041938533E+06   9.5885087933601998E-12   2.3834453422043101E-23   4.8773448155001188E+03
   1.3996770000000000E+09   1.7885291716857366E+06   9.5288433688506056E-12   2.3687041758838144E-23   4.8771593891468719E+03
   1.4016770000000000E+09   1.7914258287741393E+06   9.4697100883663797E-12   2.3540894819565289E-23   4.8769836861515887E+03
   1.4036770000000000E+09   1.7943113739101889E+06   9.4111121176937393E-12   2.3396023118948777E-23   4.8768173659703225E+03
   1.4056770000000000E+09   1.7971815786600725E+06   9.3530631403504708E-12   2.3252463391472143E-23   4.8766600616908727E+03
   1.4076770000000000E+09   1.8000283607858494E+06   9.2955954209030688E-12   2.3110297426049225E-23   4.8765116359540380E+03
   1.4096770000000000E+09   1.8028379857547614E+06   9.2387690023511224E-12   2.2969672654542866E-23   4.8763726730961671E+03
   1.4116770000000000E+09   1.8055903496679584E+06   9.1826757285736240E-12   2.2830809778158446E-23   4.8762450099206062E+03
   1.4136770000000000E+09   1.8082616228264826E+06   9.1274261499260956E-12   2.2693970924558672E-23   4.8761316208150974E+03
   1.4156770000000000E+09   1.8108324006484272E+06   9.0731076811144631E-12   2.2559363705023884E-23   4.8760349005473736E+03
   1.4176770000000000E+09   1.8133002359396832E+06   9.0197198709781257E-12   2.2426995003113272E-23   4.8759534376523970E+03
   1.4196770000000000E+09   1.8156891042532900E+06   8.9671275342933509E-12   2.2296562109074251E-23   4.8758802189551916E+03
   1.4216770000000000E+09   1.8180452401645291E+06   8.9150896809233595E-12   2.2167504982603465E-23   4.8758067904553154E+03
   1.4236770000000000E+09   1.8204184939828527E+06   8.8633660374670038E-12   2.2039229662310117E-23   4.8757323898897776E+03
   1.4256770000000000E+09   1.8228475442226161E+06   8.8117928525033337E-12   2.1911287346388483E-23   4.8756662691112033E+03
   1.4276770000000000E+09   1.8253685615823232E+06   8.7602163735976012E-12   2.1783276324193273E-23   4.8756129163862443E+03
   1.4296770000000000E+09   1.8280371164863880E+06   8.7083371841895440E-12   2.1654580762479995E-23   4.8755435791486107E+03
   1.4316770000000000E+09   1.8308781927864894E+06   8.6559885522103689E-12   2.1524950466538111E-23   4.8754207232487906E+03
   1.4336770000000000E+09   1.8343760421835894E+06   8.5990633996982150E-12   2.1388774467499844E-23   4.8741942852510228E+03
   1.4356770000000000E+09   1.8346777557556941E+06   8.5619089681878478E-12   2.1290819022728083E-23   4.8754625405137676E+03
   6.5767700000000000E+08  -3.1510012415108249E+03   1.0712045636958558E-14   4.6252983935126563E-25   1.1149742288094717E+03
   6.5967700000000000E+08  -3.1498889581596368E+03   1.8054123314301608E-14   7.5406819248121336E-25   1.1526513234007450E+03
   6.6167700000000000E+08  -3.0748116242334586E+03   2.9619366436424445E-14   1.2091893593530650E-24   1.1792709999170468E+03
   6.6367700000000000E+08  -2.9250946154908024E+03   4.7771782325783867E-14   1.9195484632713674E-24   1.1981316323468968E+03
   6.6567700000000000E+08  -2.6767983624838439E+03   7.6352603048831477E-14   3.0318720679363533E-24   1.2123978197596225E+03
   6.6767700000000000E+08  -2.4037736750808435E+03   1.2169888592594584E-13   4.7872813494191695E-24   1.2238545918184961E+03
   6.6967700000000000E+08  -2.1130848907712452E+03   1.9421794677566699E-13   7.5827178229928259E-24   1.2330952778215260E+03
   6.7167700000000000E+08  -1.7469755551351113E+03   3.0944273265550563E-13   1.2018919074614985E-23   1.2395014737831475E+03
   6.7367700000000000E+08  -1.2184197823636064E+03   4.8559340973759400E-13   1.8815836557892540E-23   1.2424571594365786E+03
   6.7567700000000000E+08  -4.9904732775442341E+02   7.3525115995688358E-13   2.8485017723616279E-23   1.2426573565305696E+03
   6.7767700000000000E+08   3.5646457337372465E+02   1.0544723453158884E-12   4.0878049954306188E-23   1.2418730290654910E+03
   6.7967700000000000E+08   1.2612710149045961E+03   1.4181667590578920E-12   5.4969361039282997E-23   1.2420491548593598E+03
   6.8167700000000000E+08   2.1547144769422698E+03   1.7875987564247317E-12   6.9105487295344851E-23   1.2453449987715198E+03
   6.8367700000000000E+08   3.0109734441323862E+03   2.1261041209982201E-12   8.1551476593253206E-23   1.2551189053642872E+03
   6.8567700000000000E+08   3.8165735871018592E+03   2.4129011629390627E-12   9.0980188203040969E-23   1.2768058761142645E+03
   6.8767700000000000E+08   4.5295704238912240E+03   2.6467186775008763E-12   9.6759238986142688E-23   1.3168839635268569E+03
   6.8967700000000000E+08   5.0888887099030799E+03   2.8390581116945361E-12   9.9081125000974247E-23   1.3794803667774565E+03
   6.9167700000000000E+08   5.4820189236162196E+03   3.0019084384564518E-12   9.8766092404492411E-23   1.4632608089685182E+03
   6.9367700000000000E+08   5.7851914263417084E+03   3.1399152565640912E-12   9.6756543873990324E-23   1.5623191309818383E+03
   6.9567700000000000E+08   6.1388553410322547E+03   3.2529893032283577E-12   9.3838816593003907E-23   1.6689075671341816E+03
   6.9767700000000000E+08   6.6969247284227004E+03   3.3405636309852104E-12   9.0539622256355898E-23   1.7762874248329581E+03
   6.9967700000000000E+08   7.5850051076391628E+03   3.4037582618459698E-12   8.7166024144580174E-23   1.8799385004497385E+03
   7.0167700000000000E+08   8.8816358837600310E+03   3.4453462847545818E-12   8.3881121353974766E-23   1.9774286480446760E+03
   7.0367700000000000E+08   1.0615833584861530E+04   3.4688345017512622E-12   8.0762404556047501E-23   2.0677903784075897E+03
   7.0567700000000000E+08   1.2773177819976037E+04   3.4776094879266784E-12   7.7837592208254175E-23   2.1509166912248365E+03
   7.0767700000000000E+08   1.5306165358857175E+04   3.4744657559085675E-12   7.5105881612647541E-23   2.2271335392705028E+03
   7.0967700000000000E+08   1.8146166637126618E+04   3.4614819453119242E-12   7.2551120821057857E-23   2.2969424574722752E+03
   7.1167700000000000E+08   2.1214915877779265E+04   3.4401052814901674E-12   7.0150240397517071E-23   2.3608845016840501E+03
   7.1367700000000000E+08   2.4431684002661983E+04   3.4113009482389058E-12   6.7878294942393504E-23   2.4194757925578647E+03
   7.1567700000000000E+08   2.7719055929132690E+04   3.3757032997451094E-12   6.5711356184999632E-23   2.4731816105925268E+03
   7.1767700000000000E+08   3.1008776979335838E+04   3.3337694451057148E-12   6.3628511928104932E-23   2.5224116649271382E+03
   7.1967700000000000E+08   3.4243814559495855E+04   3.2859007207764287E-12   6.1612886700057783E-23   2.5675271908211625E+03
   7.2167700000000000E+08   3.7379007403878495E+04   3.2325113679478260E-12   5.9651738312826189E-23   2.6088501104584675E+03
   7.2367700000000000E+08   4.0381013194288578E+04   3.1740667661287446E-12   5.7736197942655208E-23   2.6466715406789904E+03
   7.2567700000000000E+08   4.3227688212676039E+04   3.1110997477141035E-12   5.5860817356799972E-23   2.6812593283235369E+03
   7.2767700000000000E+08   4.5907096264148553E+04   3.0442107343953622E-12   5.4023012533876133E-23   2.7128643931601287E+03
   7.2967700000000000E+08   4.8416237009020988E+04   2.9740561039115644E-12   5.2222458684353785E-23   2.7417257623894152E+03
   7.3167700000000000E+08   5.0759558739530934E+04   2.9013283901992273E-12   5.0460474948175004E-23   2.7680741820754829E+03
   7.3367700000000000E+08   5.2947332718104219E+04   2.8267317350056342E-12   4.8739432883423085E-23   2.7921342369112326E+03
   7.3567700000000000E+08   5.4993991031339057E+04   2.7509559970089371E-12   4.7062221758375160E-23   2.8141250276722794E+03
   7.3767700000000000E+08   5.6916541901098470E+04   2.6746526957830329E-12   4.5431799577044978E-23   2.8342596101018894E+03
   7.3967700000000000E+08   5.8733166843527470E+04   2.5984153195018220E-12   4.3850849304217775E-23   2.8527435341656364E+03
   7.4167700000000000E+08   6.0462075887897488E+04   2.5227655487190927E-12   4.2321546869069412E-23   2.8697728957922868E+03
   7.4367700000000000E+08   6.2120655161739633E+04   2.4481458678903607E-12   4.0845434508729548E-23   2.8855323081248494E+03
   7.4567700000000000E+08   6.3724902075198108E+04   2.3749180793425825E-12   3.9423382666469865E-23   2.9001931265561402E+03
   7.4767700000000000E+08   6.5289112795773639E+04   2.3033665918542413E-12   3.8055618089367903E-23   2.9139121502394082E+03
   7.4967700000000000E+08   6.6825769714492169E+04   2.2337050662590869E-12   3.6741794869986709E-23   2.9268309032527272E+03
   7.5167700000000000E+08   6.8345572091849011E+04   2.1660850149885600E-12   3.5481087852134264E-23   2.9390754959074411E+03
   7.5367700000000000E+08   6.9857557757720395E+04   2.1006051663113190E-12   3.4272292440144611E-23   2.9507569941554816E+03
   7.5567700000000000E+08   7.1369273501288888E+04   2.0373207082304867E-12   3.3113919945072656E-23   2.9619721853119468E+03
   7.5767700000000000E+08   7.2886963126524279E+04   1.9762518366047341E-12   3.2004282162295120E-23   2.9728046165905916E+03
   7.5967700000000000E+08   7.4415752710653396E+04   1.9173912961782912E-12   3.0941562409655971E-23   2.9833257910098891E+03
   7.6167700000000000E+08   7.5959821186225556E+04   1.8607108011509387E-12   2.9923872668597992E-23   2.9935964245074188E+03
   7.6367700000000000E+08   7.7522550639859561E+04   1.8061663536947711E-12   2.8949297905202505E-23   3.0036676915829876E+03
   7.6567700000000000E+08   7.9106654875252338E+04   1.7537025553573905E-12   2.8015929343509611E-23   3.0135824096785614E+03
   7.6767700000000000E+08   8.0714287254193769E+04   1.7032560421139806E-12   2.7121888664579138E-23   3.0233761321142483E+03
   7.6967700000000000E+08   8.2347130082394302E+04   1.6547581827199305E-12   2.6265345014430079E-23   3.0330781346823537E+03
   7.7167700000000000E+08   8.4006468265407122E+04   1.6081371730269489E-12   2.5444526469335422E-23   3.0427122919659341E+03
   7.7367700000000000E+08   8.5693249946831595E+04   1.5633196439687433E-12   2.4657727323173527E-23   3.0522978466733111E+03
   7.7567700000000000E+08   8.7408136582521387E+04   1.5202318831272807E-12   2.3903312283437330E-23   3.0618500795626783E+03
   7.7767700000000000E+08   8.9151544545923185E+04   1.4788007521632527E-12   2.3179718416964935E-23   3.0713808896695236E+03
   7.7967700000000000E+08   9.0923679986203657E+04   1.4389543664708132E-12   2.2485455482945223E-23   3.0808992952329513E+03
   7.8167700000000000E+08   9.2724568316914840E+04   1.4006225898067222E-12   2.1819105129054342E-23   3.0904118654870163E+03
   7.8367700000000000E+08   9.4554079417584144E+04   1.3637373854221584E-12   2.1179319301841493E-23   3.0999230927351932E+03
   7.8567700000000000E+08   9.6411949387944915E+04   1.3282330561939737E-12   2.0564818128262823E-23   3.1094357131319234E+03
   7.8767700000000000E+08   9.8297799501168294E+04   1.2940463991008897E-12   1.9974387455146046E-23   3.1189509835291187E+03
   7.8967700000000000E+08   1.0021115285174063E+05   1.2611167937876205E-12   1.9406876181718750E-23   3.1284689207119245E+03
   7.9167700000000000E+08   1.0215144907800705E+05   1.2293862405993564E-12   1.8861193482539520E-23   3.1379885084027947E+03
   7.9367700000000000E+08   1.0411805745178927E+05   1.1987993600858976E-12   1.8336305990613127E-23   3.1475078765798953E+03
   7.9567700000000000E+08   1.0611028856169303E+05   1.1693033633525726E-12   1.7831234990407992E-23   3.1570244569405609E+03
   7.9767700000000000E+08   1.0812740476767834E+05   1.1408480006003621E-12   1.7345053655878533E-23   3.1665351177365060E+03
   7.9967700000000000E+08   1.1016862956806032E+05   1.1133854936151948E-12   1.6876884357931345E-23   3.1760362807036886E+03
   8.0167700000000000E+08   1.1223315599319701E+05   1.0868704567314135E-12   1.6425896057973532E-23   3.1855240223924479E+03
   8.0367700000000000E+08   1.1432015412023687E+05   1.0612598098264785E-12   1.5991301798453667E-23   3.1949941618596035E+03
   8.0567700000000000E+08   1.1642877778854295E+05   1.0365126861424247E-12   1.5572356297096251E-23   3.2044423364006566E+03
   8.0767700000000000E+08   1.1855817058442997E+05   1.0125903371269181E-12   1.5168353648416494E-23   3.2138640667665709E+03
   8.0967700000000000E+08   1.2070747115553633E+05   9.8945603600833692E-13   1.4778625133806774E-23   3.2232548131160966E+03
   8.1167700000000000E+08   1.2287581790876327E+05   9.6707498143752654E-13   1.4402537139788724E-23   3.2326100227935485E+03
   8.1367700000000000E+08   1.2506235314072612E+05   9.4541420222283899E-13   1.4039489182769657E-23   3.2419251708871939E+03
   8.1567700000000000E+08   1.2726622664549250E+05   9.2444246394010676E-13   1.3688912037738160E-23   3.2511957944093188E+03
   8.1767700000000000E+08   1.2948659884105199E+05   9.0413017800127612E-13   1.3350265967669728E-23   3.2604175208422748E+03
   8.1967700000000000E+08   1.3172264345297412E+05   8.8444931360715897E-13   1.3023039049964755E-23   3.2695860917113991E+03
   8.2167700000000000E+08   1.3397354979124054E+05   8.6537331288184561E-13   1.2706745595932127E-23   3.2786973817737817E+03
   8.2367700000000000E+08   1.3623852465390204E+05   8.4687700938498848E-13   1.2400924659161843E-23   3.2877474143488648E+03
   8.2567700000000000E+08   1.3851679388929106E+05   8.2893655011733729E-13   1.2105138628550011E-23   3.2967323732618056E+03
   8.2767700000000000E+08   1.4080760364676980E+05   8.1152932107177288E-13   1.1818971901744365E-23   3.3056486118217990E+03
   8.2967700000000000E+08   1.4311022134450875E+05   7.9463387633325857E-13   1.1542029634845872E-23   3.3144926592143693E+03
   8.3167700000000000E+08   1.4542393638147021E+05   7.7822987069458917E-13   1.1273936564325523E-23   3.3232612246482713E+03
   8.3367700000000000E+08   1.4774806061969310E+05   7.6229799572765066E-13   1.1014335897272859E-23   3.3319511995631938E+03
   8.3567700000000000E+08   1.5008192866196315E+05   7.4681991923104621E-13   1.0762888266283122E-23   3.3405596581737555E+03
   8.3767700000000000E+08   1.5242489794909637E+05   7.3177822796194609E-13   1.0519270745492580E-23   3.3490838565974905E+03
   8.3967700000000000E+08   1.5477634870020198E+05   7.1715637355182028E-13   1.0283175924481884E-23   3.3575212307894262E+03
   8.4167700000000000E+08   1.5713568371836341E+05   7.0293862150100010E-13   1.0054311036975769E-23   3.3658693934831008E+03
   8.4367700000000000E+08   1.5950232808320763E+05   6.8911000314424162E-13   9.8323971414610191E-24   3.3741261303169163E+03
   8.4567700000000000E+08   1.6187572875063587E+05   6.7565627047823207E-13   9.6171683510237267E-24   3.3822893953055404E+03
   8.4767700000000000E+08   1.6425535407871538E+05   6.6256385374084451E-13   9.4083711098575665E-24   3.3903573057981794E+03
   8.4967700000000000E+08   1.6664069329716338E+05   6.4981982163107345E-13   9.2057635140238513E-24   3.3983281370490877E+03
   8.5167700000000000E+08   1.6903125593611258E+05   6.3741184405730695E-13   9.0091146741474631E-24   3.4062003165099909E+03
   8.5367700000000000E+08   1.7142657122802458E+05   6.2532815729946679E-13   8.8182041178063489E-24   3.4139724179396726E+03
   8.5567700000000000E+08   1.7382618749451885E+05   6.1355753146859909E-13   8.6328212294344556E-24   3.4216431554123310E+03
   8.5767700000000000E+08   1.7622967152796331E+05   6.0208924014451750E-13   8.4527647255934542E-24   3.4292113772936891E+03
   8.5967700000000000E+08   1.7863660797547008E+05   5.9091303207010130E-13   8.2778421635083311E-24   3.4366760602420145E+03
   8.6167700000000000E+08   1.8104659873125315E+05   5.8001910477801329E-13   8.1078694807803797E-24   3.4440363032806363E+03
   8.6367700000000000E+08   1.8345926234122648E+05   5.6939808002512583E-13   7.9426705642361061E-24   3.4512913219786737E+03
   8.6567700000000000E+08   1.8587423342249668E+05   5.5904098090866680E-13   7.7820768458967239E-24   3.4584404427681893E+03
   8.6767700000000000E+08   1.8829116209878903E+05   5.4893921054005171E-13   7.6259269241188407E-24   3.4654830974183237E+03
   8.6967700000000000E+08   1.9070971345213798E+05   5.3908453215403031E-13   7.4740662080125141E-24   3.4724188176806538E+03
   8.7167700000000000E+08   1.9312956699024478E+05   5.2946905053527877E-13   7.3263465833334562E-24   3.4792472301145522E+03
   8.7367700000000000E+08   1.9555041612849393E+05   5.2008519464994253E-13   7.1826260981436439E-24   3.4859680510970884E+03
   8.7567700000000000E+08   1.9797196768543223E+05   5.1092570137633147E-13   7.0427686666464299E-24   3.4925810820185638E+03
   8.7767700000000000E+08   2.0039394139053553E+05   5.0198360023664555E-13   6.9066437897234516E-24   3.4990862046623597E+03
   8.7967700000000000E+08   2.0281606940307681E+05   4.9325219904055591E-13   6.7741262908361641E-24   3.5054833767659729E+03
   8.8167700000000000E+08   2.0523809584130827E+05   4.8472507036006473E-13   6.6450960660824030E-24   3.5117726277590186E+03
   8.8367700000000000E+08   2.0765977632138843E+05   4.7639603876437718E-13   6.5194378473331819E-24   3.5179540546733915E+03
   8.8567700000000000E+08   2.1008087750604525E+05   4.6825916875200837E-13   6.3970409774964681E-24   3.5240278182205493E+03
   8.8767700000000000E+08   2.1250117666366140E+05   4.6030875332541638E-13   6.2777991970685347E-24   3.5299941390310887E+03
   8.8967700000000000E+08   2.1492046124002099E+05   4.5253930316000458E-13   6.1616104412251697E-24   3.5358532940523623E+03
   8.9167700000000000E+08   2.1733852844869453E+05   4.4494553632300790E-13   6.0483766467558939E-24   3.5416056131011510E+03
   8.9367700000000000E+08   2.1975518489443039E+05   4.3752236849711098E-13   5.9380035681338843E-24   3.5472514755712959E+03
   8.9567700000000000E+08   2.2217024626333357E+05   4.3026490365321099E-13   5.8304006018673227E-24   3.5527913073024793E+03
   8.9767700000000000E+08   2.2458353715434557E+05   4.2316842508964015E-13   5.7254806178974329E-24   3.5582255776301645E+03
   8.9967700000000000E+08   2.2699489120429347E+05   4.1622838670125146E-13   5.6231597960514052E-24   3.5635547966650010E+03
   9.0167700000000000E+08   2.2940415178927287E+05   4.0944040425218863E-13   5.5233574642964798E-24   3.5687795129041160E+03
   9.0367700000000000E+08   2.3181117376004750E+05   4.0280024631413565E-13   5.4259959339468759E-24   3.5739003113686276E+03
   9.0567700000000000E+08   2.3421582680715513E+05   3.9630382446510654E-13   5.3310003259655872E-24   3.5789178125949443E+03
   9.0767700000000000E+08   2.3661800091381330E+05   3.8994718250274642E-13   5.2382983845468172E-24   3.5838326729493515E+03
   9.0967700000000000E+08   2.3901761348769651E+05   3.8372648512841110E-13   5.1478202836396532E-24   3.5886455867757441E+03
   9.1167700000000000E+08   2.4141461562118900E+05   3.7763800814545287E-13   5.0594984537549832E-24   3.5933572905954284E+03
   9.1367700000000000E+08   2.4380899145152722E+05   3.7167813462519737E-13   4.9732674896767503E-24   3.5979685686343332E+03
   9.1567700000000000E+08   2.4620074134642986E+05   3.6584336347039485E-13   4.8890642277921711E-24   3.6024802571555024E+03
   9.1767700000000000E+08   2.4858984088935220E+05   3.6013033527304672E-13   4.8068280630224507E-24   3.6068932428167745E+03
   9.1967700000000000E+08   2.5097617916623037E+05   3.5453587141820618E-13   4.7265014562459123E-24   3.6112084491017645E+03
   9.2167700000000000E+08   2.5335950309200623E+05   3.4905700558838003E-13   4.6480303558606180E-24   3.6154268074141446E+03
   9.2367700000000000E+08   2.5573941629651721E+05   3.4369097197316583E-13   4.5713640514825495E-24   3.6195492176388539E+03
   9.2567700000000000E+08   2.5811547319716800E+05   3.3843512172277209E-13   4.4964540646998624E-24   3.6235765145718310E+03
   9.2767700000000000E+08   2.6048734697697242E+05   3.3328678645500325E-13   4.4232523074653862E-24   3.6275094627480694E+03
   9.2967700000000000E+08   2.6285496382329008E+05   3.2824317006736180E-13   4.3517095801538531E-24   3.6313487915097785E+03
   9.3167700000000000E+08   2.6521848468416231E+05   3.2330136609151909E-13   4.2817757178056871E-24   3.6350952544066172E+03
   9.3367700000000000E+08   2.6757811598226603E+05   3.1845853679597767E-13   4.2134018999387376E-24   3.6387496732944933E+03
   9.3567700000000000E+08   2.6993388388994028E+05   3.1371211620790620E-13   4.1465433234556982E-24   3.6423129332818503E+03
   9.3767700000000000E+08   2.7228559454789414E+05   3.0905978524954501E-13   4.0811588989986504E-24   3.6457859346025011E+03
   9.3967700000000000E+08   2.7463304829357221E+05   3.0449925599748226E-13   4.0172084201576985E-24   3.6491695507471727E+03
   9.4167700000000000E+08   2.7697625539785094E+05   3.0002829360815196E-13   3.9546528249624699E-24   3.6524646354347151E+03
   9.4367700000000000E+08   2.7931537650793506E+05   2.9564509952894781E-13   3.8934591832752279E-24   3.6556720596231626E+03
   9.4567700000000000E+08   2.8165045876155031E+05   2.9134850236137417E-13   3.8336031589993680E-24   3.6587927228102067E+03
   9.4767700000000000E+08   2.8398125826563587E+05   2.8713748295013418E-13   3.7750627575699434E-24   3.6618275184735958E+03
   9.4967700000000000E+08   2.8630727325274516E+05   2.8301033451211439E-13   3.7178073222585893E-24   3.6647772864858894E+03
   9.5167700000000000E+08   2.8862785930049146E+05   2.7896413962959660E-13   3.6617907140150434E-24   3.6676427894940966E+03
   9.5367700000000000E+08   2.9094236442405859E+05   2.7499499027975309E-13   3.6069542384588498E-24   3.6704247149031298E+03
   9.5567700000000000E+08   2.9325125018230616E+05   2.7109915334726929E-13   3.5532419368282004E-24   3.6731236880649280E+03
   9.5767700000000000E+08   2.9555582289400382E+05   2.6727462926242300E-13   3.5006207755866092E-24   3.6757404770145408E+03
   9.5967700000000000E+08   2.9785645547388849E+05   2.6352069624990906E-13   3.4490744938672590E-24   3.6782761034326072E+03
   9.6167700000000000E+08   3.0015290964555152E+05   2.5983640362138165E-13   3.3985840419547247E-24   3.6807316326525251E+03
   9.6367700000000000E+08   3.0244504450957454E+05   2.5622042866422441E-13   3.3491258022742559E-24   3.6831080788351856E+03
   9.6567700000000000E+08   3.0473277720848675E+05   2.5267131262596579E-13   3.3006746506906257E-24   3.6854064330351971E+03
   9.6767700000000000E+08   3.0701605798480095E+05   2.4918756179834392E-13   3.2532052639541646E-24   3.6876276716378479E+03
   9.6967700000000000E+08   3.0929485209773463E+05   2.4576769009235693E-13   3.2066926616416549E-24   3.6897727624150671E+03
   9.7167700000000000E+08   3.1156912677638885E+05   2.4241024010069231E-13   3.1611124694654162E-24   3.6918426669083374E+03
   9.7367700000000000E+08   3.1383884021894331E+05   2.3911379658536334E-13   3.1164410855252209E-24   3.6938383403473204E+03
   9.7567700000000000E+08   3.1610393293693976E+05   2.3587699526948336E-13   3.0726557867728234E-24   3.6957607296745805E+03
   9.7767700000000000E+08   3.1836432347383507E+05   2.3269852617814093E-13   3.0297347654598761E-24   3.6976107703061361E+03
   9.7967700000000000E+08   3.2061991081221786E+05   2.2957713037420392E-13   2.9876570799973464E-24   3.6993893825330815E+03
   9.8167700000000000E+08   3.2287058370358782E+05   2.2651159072377091E-13   2.9464025278290760E-24   3.7010974687228450E+03
   9.8367700000000000E+08   3.2511623392661888E+05   2.2350071977101393E-13   2.9059514798475673E-24   3.7027359123446668E+03
   9.8567700000000000E+08   3.2735676883700601E+05   2.2054334881961786E-13   2.8662847294948782E-24   3.7043055792196146E+03
   9.8767700000000000E+08   3.2959211946182157E+05   2.1763832127271826E-13   2.8273833965367328E-24   3.7058073206184395E+03
   9.8967700000000000E+08   3.3182224259429425E+05   2.1478449119586608E-13   2.7892288986223053E-24   3.7072419773132583E+03
   9.9167700000000000E+08   3.3404711755977717E+05   2.1198072607635947E-13   2.7518029778834743E-24   3.7086103835798758E+03
   9.9367700000000000E+08   3.3626673992053693E+05   2.0922591141880847E-13   2.7150877523393590E-24   3.7099133703807206E+03
   9.9567700000000000E+08   3.3848111468938988E+05   2.0651895463520189E-13   2.6790657592588619E-24   3.7111517673834087E+03
   9.9767700000000000E+08   3.4069024908903701E+05   2.0385878790280804E-13   2.6437199862072656E-24   3.7123264037876202E+03
   9.9967700000000000E+08   3.4289411981072417E+05   2.0124438872823943E-13   2.6090341318776944E-24   3.7134381090771431E+03
   1.0016770000000000E+09   3.4509262296866218E+05   1.9867481589557730E-13   2.5749930527429935E-24   3.7144877330458385E+03
   1.0036770000000000E+09   3.4728996556662326E+05   1.9614604497615454E-13   2.5415418012347712E-24   3.7154760777419560E+03
   1.0056770000000000E+09   3.4949434649054834E+05   1.9365138927441771E-13   2.5085906973414252E-24   3.7164045271115992E+03
   1.0076770000000000E+09   3.5170835272825486E+05   1.9118840966095310E-13   2.4761044739227187E-24   3.7172756484582860E+03
   1.0096770000000000E+09   3.5392599641429208E+05   1.8876089890437834E-13   2.4441285479055775E-24   3.7180922765906835E+03
   1.0116770000000000E+09   3.5614055652121908E+05   1.8637480948564638E-13   2.4127370549458726E-24   3.7188562319936300E+03
   1.0136770000000000E+09   3.5834451586346311E+05   1.8403327181585052E-13   2.3819682879316182E-24   3.7195683434733410E+03
   1.0156770000000000E+09   3.6052057874583162E+05   1.8174333792737343E-13   2.3519115219364382E-24   3.7202291491772248E+03
   1.0176770000000000E+09   3.6268524519775069E+05   1.7949546317931357E-13   2.3224423258828303E-24   3.7208375483721638E+03
   1.0196770000000000E+09   3.6484324019934167E+05   1.7728553628026402E-13   2.2935059714986388E-24   3.7213935543208449E+03
   1.0216770000000000E+09   3.6699540756890888E+05   1.7511228008325329E-13   2.2650841107688149E-24   3.7218977704794916E+03
   1.0236770000000000E+09   3.6914195088076283E+05   1.7297488244486978E-13   2.2371644575491184E-24   3.7223508406383426E+03
   1.0256770000000000E+09   3.7128291340882529E+05   1.7087262613500808E-13   2.2097359961007060E-24   3.7227534494039032E+03
   1.0276770000000000E+09   3.7341829920936539E+05   1.6880481008181096E-13   2.1827879820003723E-24   3.7231062864841715E+03
   1.0296770000000000E+09   3.7554811308889854E+05   1.6677072916691155E-13   2.1563096823748658E-24   3.7234100401571177E+03
   1.0316770000000000E+09   3.7767237412878254E+05   1.6476967103131586E-13   2.1302903322447363E-24   3.7236653972701224E+03
   1.0336770000000000E+09   3.7979112282246968E+05   1.6280091779061392E-13   2.1047191534544970E-24   3.7238730449052855E+03
   1.0356770000000000E+09   3.8190443378826923E+05   1.6086374477581405E-13   2.0795853349125418E-24   3.7240336726487126E+03
   1.0376770000000000E+09   3.8401243842375977E+05   1.5895741299439734E-13   2.0548779311476553E-24   3.7241479760090419E+03
   1.0396770000000000E+09   3.8611534907387092E+05   1.5708115994259116E-13   2.0305857385079602E-24   3.7242166620704470E+03
   1.0416770000000000E+09   3.8821346533174394E+05   1.5523419963270022E-13   2.0066972894644382E-24   3.7242404574579932E+03
   1.0436770000000000E+09   3.9030714504985115E+05   1.5341574099453971E-13   1.9832010846173042E-24   3.7242201164844096E+03
   1.0456770000000000E+09   3.9239673938048608E+05   1.5162502396719151E-13   1.9600860556503903E-24   3.7241564255573567E+03
   1.0476770000000000E+09   3.9448251181469171E+05   1.4986136145158314E-13   1.9373421081343031E-24   3.7240502001980103E+03
   1.0496770000000000E+09   3.9656457147816574E+05   1.4812417072141471E-13   1.9149605325158212E-24   3.7239022735519211E+03
   1.0516770000000000E+09   3.9864284481750790E+05   1.4641298246017875E-13   1.8929341289047506E-24   3.7237134786434972E+03
   1.0536770000000000E+09   4.0071709258170746E+05   1.4472742556986825E-13   1.8712570191087857E-24   3.7234846289602938E+03
   1.0556770000000000E+09   4.0278696147704683E+05   1.4306719509819712E-13   1.8499242383346214E-24   3.7232165022118702E+03
   1.0576770000000000E+09   4.0485205036799493E+05   1.4143201485507750E-13   1.8289312545609114E-24   3.7229098305298803E+03
   1.0596770000000000E+09   4.0691197134023084E+05   1.3982160507237874E-13   1.8082735491840763E-24   3.7225652980176169E+03
   1.0616770000000000E+09   4.0896639304006047E+05   1.3823566102556928E-13   1.7879463362686129E-24   3.7221835445133779E+03
   1.0636770000000000E+09   4.1101506247665518E+05   1.3667384369086369E-13   1.7679444356155858E-24   3.7217651733157750E+03
   1.0656770000000000E+09   4.1305780819997046E+05   1.3513578012650095E-13   1.7482622710856475E-24   3.7213107604727325E+03
   1.0676770000000000E+09   4.1509453104201885E+05   1.3362106987281307E-13   1.7288939472453921E-24   3.7208208637430398E+03
   1.0696770000000000E+09   4.1712518887675687E+05   1.3212929384347697E-13   1.7098333592583371E-24   3.7202960300961199E+03
   1.0716770000000000E+09   4.1914978037427942E+05   1.3066002316993515E-13   1.6910743033532856E-24   3.7197368013154210E+03
   1.0736770000000000E+09   4.2116833072519576E+05   1.2921282660359355E-13   1.6726105697256146E-24   3.7191437177620887E+03
   1.0756770000000000E+09   4.2318088057522674E+05   1.2778727599675097E-13   1.6544360114564036E-24   3.7185173206167174E+03
   1.0776770000000000E+09   4.2518747824844031E+05   1.2638294995384861E-13   1.6365445903899536E-24   3.7178581529985418E+03
   1.0796770000000000E+09   4.2718817474018462E+05   1.2499943600870036E-13   1.6189304043561088E-24   3.7171667603332876E+03
   1.0816770000000000E+09   4.2918302077127708E+05   1.2363633174140127E-13   1.6015877009256391E-24   3.7164436902645366E+03
   1.0836770000000000E+09   4.3117206523812632E+05   1.2229324519848078E-13   1.5845108822899516E-24   3.7156894923180012E+03
   1.0856770000000000E+09   4.3315535453339719E+05   1.2096979489159719E-13   1.5676945047563382E-24   3.7149047174548568E+03
   1.0876770000000000E+09   4.3513293236669508E+05   1.1966560956279292E-13   1.5511332752510290E-24   3.7140899175950517E+03
   1.0896770000000000E+09   4.3710483984581445E+05   1.1838032783460713E-13   1.5348220463397715E-24   3.7132456451545745E+03
   1.0916770000000000E+09   4.3907111567531648E+05   1.1711359781420108E-13   1.5187558106516313E-24   3.7123724526173678E+03
   1.0936770000000000E+09   4.4103179639321682E+05   1.1586507668910299E-13   1.5029296951898857E-24   3.7114708921494180E+03
   1.0956770000000000E+09   4.4298691660599672E+05   1.1463443033340595E-13   1.4873389557741964E-24   3.7105415152554538E+03
   1.0976770000000000E+09   4.4493650920441508E+05   1.1342133293299099E-13   1.4719789717267461E-24   3.7095848724755651E+03
   1.0996770000000000E+09   4.4688060555445589E+05   1.1222546663304413E-13   1.4568452408468409E-24   3.7086015131176914E+03
   1.1016770000000000E+09   4.4881923566343897E+05   1.1104652120860910E-13   1.4419333746856643E-24   3.7075919850218797E+03
   1.1036770000000000E+09   4.5075242832341068E+05   1.0988419375787056E-13   1.4272390941191093E-24   3.7065568343523883E+03
   1.1056770000000000E+09   4.5268021123458107E+05   1.0873818841736058E-13   1.4127582252098217E-24   3.7054966054142060E+03
   1.1076770000000000E+09   4.5460261111141485E+05   1.0760821609805053E-13   1.3984866953463517E-24   3.7044118404909373E+03
   1.1096770000000000E+09   4.5651965377359721E+05   1.0649399424113272E-13   1.3844205296450173E-24   3.7033030797014449E+03
   1.1116770000000000E+09   4.5843136422343296E+05   1.0539524659226297E-13   1.3705558475994816E-24   3.7021708608729018E+03
   1.1136770000000000E+09   4.6033776671105489E+05   1.0431170299286711E-13   1.3568888599606637E-24   3.7010157194282810E+03
   1.1156770000000000E+09   4.6223888478829130E+05   1.0324309918713872E-13   1.3434158658298331E-24   3.6998381882863578E+03
   1.1176770000000000E+09   4.6413474135183549E+05   1.0218917664332299E-13   1.3301332499471318E-24   3.6986387977726795E+03
   1.1196770000000000E+09   4.6602535867609747E+05   1.0114968238792319E-13   1.3170374801582778E-24   3.6974180755398811E+03
   1.1216770000000000E+09   4.6791075843605015E+05   1.0012436885148786E-13   1.3041251050423330E-24   3.6961765464960099E+03
   1.1236770000000000E+09   4.6979096172010922E+05   9.9112993724756456E-14   1.2913927516849343E-24   3.6949147327395217E+03
   1.1256770000000000E+09   4.7166598903336166E+05   9.8115319823906467E-14   1.2788371235808531E-24   3.6936331534996843E+03
   1.1276770000000000E+09   4.7353586029115395E+05   9.7131114963821924E-14   1.2664549986519607E-24   3.6923323250812941E+03
   1.1296770000000000E+09   4.7540059480338049E+05   9.6160151838286230E-14   1.2542432273664263E-24   3.6910127608125508E+03
   1.1316770000000000E+09   4.7726021124979242E+05   9.5202207906128399E-14   1.2421987309465254E-24   3.6896749709951146E+03
   1.1336770000000000E+09   4.7911472764704697E+05   9.4257065282361539E-14   1.2303184996525048E-24   3.6883194628554193E+03
   1.1356770000000000E+09   4.8096416130821820E+05   9.3324510633509867E-14   1.2185995911319548E-24   3.6869467404963825E+03
   1.1376770000000000E+09   4.8280852879610332E+05   9.2404335076316649E-14   1.2070391288240041E-24   3.6855573048488027E+03
   1.1396770000000000E+09   4.8464784587181872E+05   9.1496334079174175E-14   1.1956343004095364E-24   3.6841516536218405E+03
   1.1416770000000000E+09   4.8648212744063168E+05   9.0600307365687834E-14   1.1843823562994873E-24   3.6827302812521334E+03
   1.1436770000000000E+09   4.8831138749746652E+05   8.9716058819852901E-14   1.1732806081540819E-24   3.6812936788512502E+03
   1.1456770000000000E+09   4.9013563907475368E+05   8.8843396392450687E-14   1.1623264274274674E-24   3.6798423341514253E+03
   1.1476770000000000E+09   4.9195489419567207E+05   8.7982132008330966E-14   1.1515172439329406E-24   3.6783767314496340E+03
   1.1496770000000000E+09   4.9376916383612680E+05   8.7132081474309588E-14   1.1408505444246953E-24   3.6768973515503858E+03
   1.1516770000000000E+09   4.9557845789876487E+05   8.6293064387508351E-14   1.1303238711932591E-24   3.6754046717077526E+03
   1.1536770000000000E+09   4.9738278520246479E+05   8.5464904043978614E-14   1.1199348206719179E-24   3.6738991655674295E+03
   1.1556770000000000E+09   4.9918215349042491E+05   8.4647427347526853E-14   1.1096810420524037E-24   3.6723813031097829E+03
   1.1576770000000000E+09   5.0097656945959653E+05   8.3840464718701640E-14   1.0995602359086224E-24   3.6708515505950672E+03
   1.1596770000000000E+09   5.0276603881386551E+05   8.3043850003893697E-14   1.0895701528270964E-24   3.6693103705121111E+03
   1.1616770000000000E+09   5.0455056634237454E+05   8.2257420384620537E-14   1.0797085920443601E-24   3.6677582215319148E+03
   1.1636770000000000E+09   5.0633015602380986E+05   8.1481016287043137E-14   1.0699734000912601E-24   3.6661955584676261E+03
   1.1656770000000000E+09   5.0810481115646003E+05   8.0714481291831114E-14   1.0603624694450437E-24   3.6646228322424317E+03
   1.1676770000000000E+09   5.0987453451275383E+05   7.9957662044568860E-14   1.0508737371911917E-24   3.6630404898667603E+03
   1.1696770000000000E+09   5.1163932851609238E+05   7.9210408166920330E-14   1.0415051836973307E-24   3.6614489744261846E+03
   1.1716770000000000E+09   5.1339919543672493E+05   7.8472572168843090E-14   1.0322548313026347E-24   3.6598487250811413E+03
   1.1736770000000000E+09   5.1515413760250661E+05   7.7744009362193061E-14   1.0231207430268665E-24   3.6582401770794495E+03
   1.1756770000000000E+09   5.1690415761946246E+05   7.7024577776134710E-14   1.0141010213043097E-24   3.6566237617822740E+03
   1.1776770000000000E+09   5.1864925859672797E+05   7.6314138074740473E-14   1.0051938067475505E-24   3.6549999067038652E+03
   1.1796770000000000E+09   5.2038944436961412E+05   7.5612553477268932E-14   9.9639727694756113E-25   3.6533690355651306E+03
   1.1816770000000000E+09   5.2212471971464629E+05   7.4919689681542321E-14   9.8770964531578463E-25   3.6517315683606371E+03
   1.1836770000000000E+09   5.2385509055040393E+05   7.4235414790837450E-14   9.7912915997391941E-25   3.6500879214383494E+03
   1.1856770000000000E+09   5.2558056411821081E+05   7.3559599244675049E-14   9.7065410269683939E-25   3.6484385075910254E+03
   1.1876770000000000E+09   5.2730114913734200E+05   7.2892115753820584E-14   9.6228278791321174E-25   3.6467837361578927E+03
   1.1896770000000000E+09   5.2901685593032371E+05   7.2232839239690563E-14   9.5401356176689072E-25   3.6451240131348950E+03
   1.1916770000000000E+09   5.3072769651464757E+05   7.1581646778324213E-14   9.4584480124174383E-25   3.6434597412916132E+03
   1.1936770000000000E+09   5.3243368465863459E+05   7.0938417548908211E-14   9.3777491335032260E-25   3.6417913202927812E+03
   1.1956770000000000E+09   5.3413483590026817E+05   7.0303032786767935E-14   9.2980233438581348E-25   3.6401191468221964E+03
   1.1976770000000000E+09   5.3583116752909345E+05   6.9675375740635168E-14   9.2192552923530868E-25   3.6384436147067872E+03
   1.1996770000000000E+09   5.3752269853259588E+05   6.9055331633888751E-14   9.1414299075086915E-25   3.6367651150387278E+03
   1.2016770000000000E+09   5.3920944950955082E+05   6.8442787629398927E-14   9.0645323917395571E-25   3.6350840362934318E+03
   1.2036770000000000E+09   5.4089144255405676E+05   6.7837632797503414E-14   8.9885482160730677E-25   3.6334007644416483E+03
   1.2056770000000000E+09   5.4256870111447864E+05   6.7239758086668581E-14   8.9134631152862682E-25   3.6317156830539129E+03
   1.2076770000000000E+09   5.4424124983266275E+05   6.6649056296265439E-14   8.8392630833867931E-25   3.6300291733960025E+03
   1.2096770000000000E+09   5.4590911436881206E+05   6.6065422050974583E-14   8.7659343693738401E-25   3.6283416145143497E+03
   1.2116770000000000E+09   5.4757232121801586E+05   6.5488751776270027E-14   8.6934634732059536E-25   3.6266533833105523E+03
   1.2136770000000000E+09   5.4923089752420422E+05   6.4918943674518594E-14   8.6218371419122437E-25   3.6249648546047079E+03
   1.2156770000000000E+09   5.5088487089735502E+05   6.4355897701222185E-14   8.5510423657821371E-25   3.6232764011873251E+03
   1.2176770000000000E+09   5.5253426923920366E+05   6.3799515541035186E-14   8.4810663745812768E-25   3.6215883938601451E+03
   1.2196770000000000E+09   5.5417912058229826E+05   6.3249700583220517E-14   8.4118966337450071E-25   3.6199012014663117E+03
   1.2216770000000000E+09   5.5581945294637722E+05   6.2706357896311685E-14   8.3435208405139028E-25   3.6182151909106715E+03
   1.2236770000000000E+09   5.5745529421509558E+05   6.2169394201837191E-14   8.2759269199873829E-25   3.6165307271711622E+03
   1.2256770000000000E+09   5.5908667203515233E+05   6.1638717847044648E-14   8.2091030210820059E-25   3.6148481733023868E+03
   1.2276770000000000E+09   5.6071361373866640E+05   6.1114238776664672E-14   8.1430375123946874E-25   3.6131678904325981E+03
   1.2296770000000000E+09   5.6233614628856629E+05   6.0595868503831640E-14   8.0777189779815696E-25   3.6114902377553231E+03
   1.2316770000000000E+09   5.6395429624561989E+05   6.0083520080366137E-14   8.0131362130753317E-25   3.6098155725168294E+03
   1.2336770000000000E+09   5.6556808975503279E+05   5.9577108066642351E-14   7.9492782197665600E-25   3.6081442500006142E+03
   1.2356770000000000E+09   5.6717755254960596E+05   5.9076548501341264E-14   7.8861342026859267E-25   3.6064766235098791E+03
   1.2376770000000000E+09   5.6878270996635116E+05   5.8581758871341084E-14   7.8236935647178369E-25   3.6048130443488753E+03
   1.2396770000000000E+09   5.7038358697310637E+05   5.8092658082022181E-14   7.7619459027802300E-25   3.6031538618038526E+03
   1.2416770000000000E+09   5.7198020820189849E+05   5.7609166428206175E-14   7.7008810036983226E-25   3.6014994231241003E+03
   1.2436770000000000E+09   5.7357259798612387E+05   5.7131205565902544E-14   7.6404888401944382E-25   3.5998500735034036E+03
   1.2456770000000000E+09   5.7516078039890993E+05   5.6658698485000863E-14   7.5807595670113899E-25   3.5982061560622733E+03
   1.2476770000000000E+09   5.7674477929063991E+05   5.6191569482971172E-14   7.5216835171779070E-25   3.5965680118308474E+03
   1.2496770000000000E+09   5.7832461832387606E+05   5.5729744139621730E-14   7.4632511984221948E-25   3.5949359797326611E+03
   1.2516770000000000E+09   5.7990032100444753E+05   5.5273149292906227E-14   7.4054532897330545E-25   3.5933103965690316E+03
   1.2536770000000000E+09   5.8147191070781462E+05   5.4821713015746371E-14   7.3482806380640405E-25   3.5916915970040191E+03
   1.2556770000000000E+09   5.8303941069995542E+05   5.4375364593840984E-14   7.2917242551770668E-25   3.5900799135497950E+03
   1.2576770000000000E+09   5.8460284415245499E+05   5.3934034504385517E-14   7.2357753146157960E-25   3.5884756765521142E+03
   1.2596770000000000E+09   5.8616223415160459E+05   5.3497654395634632E-14   7.1804251487998223E-25   3.5868792141758013E+03
   1.2616770000000000E+09   5.8771760370144132E+05   5.3066157067234999E-14   7.1256652462303923E-25   3.5852908523899241E+03
   1.2636770000000000E+09   5.8926897572088626E+05   5.2639476451243985E-14   7.0714872487963609E-25   3.5837109149525259E+03
   1.2656770000000000E+09   5.9081637303515791E+05   5.2217547593754062E-14   7.0178829491699699E-25   3.5821397233946213E+03
   1.2676770000000000E+09   5.9235981836177758E+05   5.1800306637037549E-14   6.9648442882809001E-25   3.5805775970033487E+03
   1.2696770000000000E+09   5.9389933429132099E+05   5.1387690802153737E-14   6.9123633528609047E-25   3.5790248528040556E+03
   1.2716770000000000E+09   5.9543494326340244E+05   5.0979638371918328E-14   6.8604323730455276E-25   3.5774818055411597E+03
   1.2736770000000000E+09   5.9696666753803252E+05   5.0576088674191846E-14   6.8090437200269421E-25   3.5759487676576500E+03
   1.2756770000000000E+09   5.9849452916291915E+05   5.0176982065389294E-14   6.7581899037445709E-25   3.5744260492731119E+03
   1.2776770000000000E+09   6.0001854993704904E+05   4.9782259914154794E-14   6.7078635706057765E-25   3.5729139581601094E+03
   1.2796770000000000E+09   6.0153875137114292E+05   4.9391864585119625E-14   6.6580575012251581E-25   3.5714127997189389E+03
   1.2816770000000000E+09   6.0305515464562655E+05   4.9005739422665117E-14   6.6087646081718070E-25   3.5699228769505248E+03
   1.2836770000000000E+09   6.0456778056684916E+05   4.8623828734612150E-14   6.5599779337132913E-25   3.5684444904275601E+03
   1.2856770000000000E+09   6.0607664952216309E+05   4.8246077775783487E-14   6.5116906475488650E-25   3.5669779382637389E+03
   1.2876770000000000E+09   6.0758178143469954E+05   4.7872432731363307E-14   6.4638960445210655E-25   3.5655235160811480E+03
   1.2896770000000000E+09   6.0908319571827888E+05   4.7502840700036176E-14   6.4165875423027759E-25   3.5640815169758221E+03
   1.2916770000000000E+09   6.1058091123303713E+05   4.7137249676871710E-14   6.3697586790546808E-25   3.5626522314814492E+03
   1.2936770000000000E+09   6.1207494624188030E+05   4.6775608535978427E-14   6.3234031110556767E-25   3.5612359475313201E+03
   1.2956770000000000E+09   6.1356531836776435E+05   4.6417867012957853E-14   6.2775146103099254E-25   3.5598329504185167E+03
   1.2976770000000000E+09   6.1505204455129022E+05   4.6063975687246980E-14   6.2320870621418789E-25   3.5584435227544627E+03
   1.2996770000000000E+09   6.1653514100811479E+05   4.5713885964426137E-14   6.1871144627894895E-25   3.5570679444257298E+03
   1.3016770000000000E+09   6.1801462318535126E+05   4.5367550058618171E-14   6.1425909170121763E-25   3.5557064925491936E+03
   1.3036770000000000E+09   6.1949050571661664E+05   4.5024920975071072E-14   6.0985106357258004E-25   3.5543594414255185E+03
   1.3056770000000000E+09   6.2096280237646715E+05   4.4685952492955355E-14   6.0548679336688923E-25   3.5530270624908521E+03
   1.3076770000000000E+09   6.2243152603664598E+05   4.4350599148328772E-14   6.0116572270933311E-25   3.5517096242668276E+03
   1.3096770000000000E+09   6.2389668862969661E+05   4.4018816217033706E-14   5.9688730314474230E-25   3.5504073923089018E+03
   1.3116770000000000E+09   6.2535830112931761E+05   4.3690559697091531E-14   5.9265099589915312E-25   3.5491206291533294E+03
   1.3136770000000000E+09   6.2681637356102874E+05   4.3365786289947464E-14   5.8845627162570743E-25   3.5478495942634217E+03
   1.3156770000000000E+09   6.2827091506095487E+05   4.3044453379685353E-14   5.8430261012271369E-25   3.5465945439761454E+03
   1.3176770000000000E+09   6.2972193400200736E+05   4.2726519009299875E-14   5.8018950001113464E-25   3.5453557314507302E+03
   1.3196770000000000E+09   6.3116943820492690E+05   4.2411941853227698E-14   5.7611643836019057E-25   3.5441334066216559E+03
   1.3216770000000000E+09   6.3261343524354056E+05   4.2100681185811234E-14   5.7208293025610250E-25   3.5429278161588445E+03
   1.3236770000000000E+09   6.3405393283837684E+05   4.1792696846208056E-14   5.6808848832035879E-25   3.5417392034383342E+03
   1.3256770000000000E+09   6.3549093931143440E+05   4.1487949201367057E-14   5.6413263219908126E-25   3.5405678085262480E+03
   1.3276770000000000E+09   6.3692446404969273E+05   4.1186399109995929E-14   5.6021488806297332E-25   3.5394138681783093E+03
   1.3296770000000000E+09   6.3835451790338242E+05   4.0888007891447939E-14   5.5633478817145619E-25   3.5382776158549373E+03
   1.3316770000000000E+09   6.3978111343424045E+05   4.0592737303882120E-14   5.5249187056085087E-25   3.5371592817499200E+03
   1.3336770000000000E+09   6.4120426493885869E+05   4.0300549535320384E-14   5.4868567890713959E-25   3.5360590928274055E+03
   1.3356770000000000E+09   6.4262398820692278E+05   4.0011407209237312E-14   5.4491576258717689E-25   3.5349772728597222E+03
   1.3376770000000000E+09   6.4404030003160052E+05   3.9725273403213690E-14   5.4118167692014373E-25   3.5339140424568509E+03
   1.3396770000000000E+09   6.4545321755760245E+05   3.9442111675633597E-14   5.3748298352239162E-25   3.5328696190791034E+03
   1.3416770000000000E+09   6.4686275760937145E+05   3.9161886092621215E-14   5.3381925067021263E-25   3.5318442170272988E+03
   1.3436770000000000E+09   6.4826893616392685E+05   3.8884561246533668E-14   5.3019005355203410E-25   3.5308380474096616E+03
   1.3456770000000000E+09   6.4967176810207963E+05   3.8610102259237016E-14   5.2659497431647195E-25   3.5298513180904165E+03
   1.3476770000000000E+09   6.5107126728895621E+05   3.8338474767899117E-14   5.2303360188329637E-25   3.5288842336299249E+03
   1.3496770000000000E+09   6.5246744692350074E+05   3.8069644896847977E-14   5.1950553156347753E-25   3.5279369952280977E+03
   1.3516770000000000E+09   6.5386032000034733E+05   3.7803579223872187E-14   5.1601036460088539E-25   3.5270098006809526E+03
   1.3536770000000000E+09   6.5524989969055122E+05   3.7540244750992171E-14   5.1254770777196743E-25   3.5261028443543114E+03
   1.3556770000000000E+09   6.5663619949384942E+05   3.7279608887129126E-14   5.0911717314550141E-25   3.5252163171717684E+03
   1.3576770000000000E+09   6.5801923312969320E+05   3.7021639444112311E-14   5.0571837802378582E-25   3.5243504066080072E+03
   1.3596770000000000E+09   6.5939901426290208E+05   3.6766304640987749E-14   5.0235094499820823E-25   3.5235052966775365E+03
   1.3616770000000000E+09   6.6077555623597489E+05   3.6513573107900004E-14   4.9901450200096674E-25   3.5226811679123857E+03
   1.3636770000000000E+09   6.6214887196022563E+05   3.6263413882038719E-14   4.9570868225012171E-25   3.5218781973293035E+03
   1.3656770000000000E+09   6.6351897401336860E+05   3.6015796393541987E-14   4.9243312405795466E-25   3.5210965583932229E+03
   1.3676770000000000E+09   6.6488587486608478E+05   3.5770690445554992E-14   4.8918747055860295E-25   3.5203364209856813E+03
   1.3696770000000000E+09   6.6624958709311392E+05   3.5528066195954433E-14   4.8597136945691108E-25   3.5195979513833563E+03
   1.3716770000000000E+09   6.6761012345612864E+05   3.5287894146622870E-14   4.8278447287929059E-25   3.5188813122454644E+03
   1.3736770000000000E+09   6.6896749684738088E+05   3.5050145141059398E-14   4.7962643733840811E-25   3.5181866626038004E+03
   1.3756770000000000E+09   6.7032172017640772E+05   3.4814790366397852E-14   4.7649692375894129E-25   3.5175141578492144E+03
   1.3776770000000000E+09   6.7167280629876372E+05   3.4581801354874077E-14   4.7339559749680635E-25   3.5168639497127779E+03
   1.3796770000000000E+09   6.7302076802201162E+05   3.4351149982609960E-14   4.7032212832216996E-25   3.5162361862448483E+03
   1.3816770000000000E+09   6.7436561814134603E+05   3.4122808467381889E-14   4.6727619038836598E-25   3.5156310117968769E+03
   1.3836770000000000E+09   6.7570736942621833E+05   3.3896749368421530E-14   4.6425746222828599E-25   3.5150485670071848E+03
   1.3856770000000000E+09   6.7704603450916114E+05   3.3672945589778152E-14   4.6126562679975108E-25   3.5144889887867712E+03
   1.3876770000000000E+09   6.7838162564118940E+05   3.3451370387735969E-14   4.5830037158764742E-25   3.5139524102976166E+03
   1.3896770000000000E+09   6.7971415413778438E+05   3.3231997387740894E-14   4.5536138883907031E-25   3.5134389609117929E+03
   1.3916770000000000E+09   6.8104362883828580E+05   3.3014800634921342E-14   4.5244837626466657E-25   3.5129487661270496E+03
   1.3936770000000000E+09   6.8237005162008933E+05   3.2799754749125618E-14   4.4956103918664780E-25   3.5124819473744046E+03
   1.3956770000000000E+09   6.8369340494346211E+05   3.2586835366515175E-14   4.4669909664932366E-25   3.5120386215612566E+03
   1.3976770000000000E+09   6.8501361945936130E+05   3.2376020302151782E-14   4.4386229749191867E-25   3.5116189000156423E+03
   1.3996770000000000E+09   6.8633049545840861E+05   3.2167292390785138E-14   4.4105045959098149E-25   3.5112228862009670E+03
   1.4016770000000000E+09   6.8764352688919427E+05   3.1960645893453430E-14   4.3826355829408115E-25   3.5108506711644586E+03
   1.4036770000000000E+09   6.8895154296486115E+05   3.1756099637325500E-14   4.3550190767842643E-25   3.5105023252742844E+03
   1.4056770000000000E+09   6.9025206180614990E+05   3.1553720912782132E-14   4.3276649005829050E-25   3.5101778845737649E+03
   1.4076770000000000E+09   6.9154030631761602E+05   3.1353662263533460E-14   4.3005946329433623E-25   3.5098773299357995E+03
   1.4096770000000000E+09   6.9280807705402933E+05   3.1156204407556888E-14   4.2738475353538304E-25   3.5096005559291107E+03
   1.4116770000000000E+09   6.9404320284923411E+05   3.0961778807604344E-14   4.2474837099781379E-25   3.5093473214194555E+03
   1.4136770000000000E+09   6.9523093800426228E+05   3.0770918117238826E-14   4.2215774006183013E-25   3.5091171662801194E+03
   1.4156770000000000E+09   6.9635869545902056E+05   3.0584079493505013E-14   4.1961928925357845E-25   3.5089092866920805E+03
   1.4176770000000000E+09   6.9742366870370449E+05   3.0401352643232371E-14   4.1713445596454627E-25   3.5087224300959692E+03
   1.4196770000000000E+09   6.9843905823951832E+05   3.0222212733969435E-14   4.1469627967716191E-25   3.5085550078359174E+03
   1.4216770000000000E+09   6.9943231680401519E+05   3.0045578670832543E-14   4.1229013433416156E-25   3.5084056439768865E+03
   1.4236770000000000E+09   7.0043411401824199E+05   2.9870247523759928E-14   4.0989959732018755E-25   3.5082739657807297E+03
   1.4256770000000000E+09   7.0146856618563249E+05   2.9695305468678068E-14   4.0751207093662429E-25   3.5081607918964096E+03
   1.4276770000000000E+09   7.0255750693800731E+05   2.9519985389970820E-14   4.0511693111232723E-25   3.5080672882612571E+03
   1.4296770000000000E+09   7.0373422459174821E+05   2.9343082982791597E-14   4.0269773934002332E-25   3.5079930244325469E+03
   1.4316770000000000E+09   7.0501181449330738E+05   2.9164328640905551E-14   4.0024927602826756E-25   3.5079516535398789E+03
   1.4336770000000000E+09   7.0668484795689757E+05   2.8970637973212076E-14   3.9760681928025394E-25   3.5078127769420503E+03
   1.4356770000000000E+09   7.0626595178752730E+05   2.8866871828352926E-14   3.9616561346505185E-25   3.5079639205964850E+03
   6.5767700000000000E+08  -1.6437711595007286E+03   2.5991847565190976E-08   9.3217583132217666E-23   1.8395760614417447E+03
   6.5967700000000000E+08  -1.5643184651452416E+03   4.5256559165031904E-08   1.3432691828868050E-22   2.2228086215792177E+03
   6.6167700000000000E+08  -1.4393963318928061E+03   5.7906239871407719E-08   1.5349028917771160E-22   2.4890937443758858E+03
   6.6367700000000000E+08  -1.2348207241126063E+03   6.4362513058161543E-08   1.5742453752900806E-22   2.6975587092016353E+03
   6.6567700000000000E+08  -8.9894397883888291E+02   6.5550086274238294E-08   1.5065268239130781E-22   2.8708912573908665E+03
   6.6767700000000000E+08  -4.7341238204443061E+02   6.3448482352091745E-08   1.3861768924672428E-22   3.0201534797498075E+03
   6.6967700000000000E+08   1.6139981280256336E+01   5.9672275356399712E-08   1.2493002909236239E-22   3.1516288695876679E+03
   6.7167700000000000E+08   5.4287624372140579E+02   5.5283921160926935E-08   1.1157733734043289E-22   3.2692846598240376E+03
   6.7367700000000000E+08   1.0823199389159015E+03   5.0880531036263370E-08   9.9449147907918092E-23   3.3758227472870212E+03
   6.7567700000000000E+08   1.6075575743976640E+03   4.6756230386248141E-08   8.8825756170478809E-23   3.4731867782133959E+03
   6.7767700000000000E+08   2.0866722853266315E+03   4.3031745080639157E-08   7.9692880903666529E-23   3.5628317418081178E+03
   6.7967700000000000E+08   2.4894304408770654E+03   3.9735233798281188E-08   7.1911394075068090E-23   3.6458799795236814E+03
   6.8167700000000000E+08   2.8074752611505937E+03   3.6838561764246063E-08   6.5284050783892335E-23   3.7232189503477093E+03
   6.8367700000000000E+08   3.0480904180294483E+03   3.4280518878993386E-08   5.9592715901122046E-23   3.7955647932006195E+03
   6.8567700000000000E+08   3.2078098969733055E+03   3.1980786621796555E-08   5.4617240061955849E-23   3.8635046579929349E+03
   6.8767700000000000E+08   3.2387325936405368E+03   2.9862539452995903E-08   5.0168375998033930E-23   3.9275253746585217E+03
   6.8967700000000000E+08   3.0703218738823016E+03   2.7881693911313029E-08   4.6129901542959718E-23   3.9880341639316093E+03
   6.9167700000000000E+08   2.6890227965656409E+03   2.6036906248608772E-08   4.2466990777144328E-23   4.0453763199445148E+03
   6.9367700000000000E+08   2.1909108272937729E+03   2.4352176813531433E-08   3.9191149242642880E-23   4.0998505623991432E+03
   6.9567700000000000E+08   1.7577167412923477E+03   2.2850684965165415E-08   3.6314914494182965E-23   4.1517202795756884E+03
   6.9767700000000000E+08   1.5873960977778222E+03   2.1540370015340536E-08   3.3828763770581789E-23   4.2012200425576802E+03
   6.9967700000000000E+08   1.8323926745389895E+03   2.0412960921914805E-08   3.1700546272523612E-23   4.2485587890705610E+03
   7.0167700000000000E+08   2.5690331187695429E+03   1.9448988133310043E-08   2.9884044860840252E-23   4.2939215905221454E+03
   7.0367700000000000E+08   3.7960569063454814E+03   1.8623466343201650E-08   2.8327952423243063E-23   4.3374712436793443E+03
   7.0567700000000000E+08   5.4514204105878061E+03   1.7910308584146540E-08   2.6982398352849455E-23   4.3793501651220486E+03
   7.0767700000000000E+08   7.4359475677536502E+03   1.7285161716186054E-08   2.5802790339074693E-23   4.4196826062476557E+03
   7.0967700000000000E+08   9.6355638095315117E+03   1.6726899026314494E-08   2.4751523222913753E-23   4.4585770215119828E+03
   7.1167700000000000E+08   1.1938333609793859E+04   1.6218156547423186E-08   2.3798261160192929E-23   4.4961284020334942E+03
   7.1367700000000000E+08   1.4243194595013691E+04   1.5745166103215279E-08   2.2919242094994715E-23   4.5324204142335748E+03
   7.1567700000000000E+08   1.6466006905070572E+04   1.5297594474201253E-08   2.2096667415062510E-23   4.5675272738866643E+03
   7.1767700000000000E+08   1.8544476180313268E+04   1.4868134230304798E-08   2.1317810207634587E-23   4.6015153755449137E+03
   7.1967700000000000E+08   2.0437401776225593E+04   1.4451906567404079E-08   2.0573919922208243E-23   4.6344446682473535E+03
   7.2167700000000000E+08   2.2122207020911686E+04   1.4045973627288886E-08   1.9859352904110315E-23   4.6663697677005403E+03
   7.2367700000000000E+08   2.3592310242747768E+04   1.3648868714162270E-08   1.9170779735301407E-23   4.6973408418036561E+03
   7.2567700000000000E+08   2.4854016232425045E+04   1.3260172934713440E-08   1.8506500303364439E-23   4.7274043074814963E+03
   7.2767700000000000E+08   2.5923190930149736E+04   1.2880144982859848E-08   1.7865866596046230E-23   4.7566033694334856E+03
   7.2967700000000000E+08   2.6821961163984961E+04   1.2509411785278842E-08   1.7248815764694636E-23   4.7849784296991238E+03
   7.3167700000000000E+08   2.7575677407879502E+04   1.2148726366245642E-08   1.6655515013884456E-23   4.8125673952127045E+03
   7.3367700000000000E+08   2.8210346417654204E+04   1.1798795092061928E-08   1.6086114943826357E-23   4.8394059083939992E+03
   7.3567700000000000E+08   2.8750674097472245E+04   1.1460170668226052E-08   1.5540601008178113E-23   4.8655275229208655E+03
   7.3767700000000000E+08   2.9218767205839900E+04   1.1133201291478442E-08   1.5018725733276063E-23   4.8909638431354770E+03
   7.3967700000000000E+08   2.9633450729555672E+04   1.0818022754902959E-08   1.4520000678953775E-23   4.9157446412605696E+03
   7.4167700000000000E+08   3.0010091025712587E+04   1.0514578906940346E-08   1.4043726412687609E-23   4.9398979623458836E+03
   7.4367700000000000E+08   3.0360779652617097E+04   1.0222657257091362E-08   1.3589041659989474E-23   4.9634502230621601E+03
   7.4567700000000000E+08   3.0694732741184573E+04   9.9419293729653599E-09   1.3154977380753213E-23   4.9864263074653809E+03
   7.4767700000000000E+08   3.1018783679471297E+04   9.6719891590408851E-09   1.2740506619562256E-23   5.0088496607850275E+03
   7.4967700000000000E+08   3.1337881025386774E+04   9.4123852590925179E-09   1.2344585434317681E-23   5.0307423810702403E+03
   7.5167700000000000E+08   3.1655538064407643E+04   9.1626462360600426E-09   1.1966183496449157E-23   5.0521253079700191E+03
   7.5367700000000000E+08   3.1974208830077070E+04   8.9222987400155765E-09   1.1604304997702221E-23   5.0730181078086716E+03
   7.5567700000000000E+08   3.2295585258967378E+04   8.6908796909608709E-09   1.1258001505249903E-23   5.0934393542500711E+03
   7.5767700000000000E+08   3.2620821880701875E+04   8.4679437862105191E-09   1.0926378695002647E-23   5.1134066040788111E+03
   7.5967700000000000E+08   3.2950699872491947E+04   8.2530676022706401E-09   1.0608598763230917E-23   5.1329364678719467E+03
   7.6167700000000000E+08   3.3285743574347864E+04   8.0458513641368983E-09   1.0303879997085344E-23   5.1520446755443645E+03
   7.6367700000000000E+08   3.3626301502159688E+04   7.8459192105338476E-09   1.0011494621087963E-23   5.1707461369071170E+03
   7.6567700000000000E+08   3.3972601826831029E+04   7.6529185529623724E-09   9.7307657068939508E-24   5.1890549974814603E+03
   7.6767700000000000E+08   3.4324790018725718E+04   7.4665189362504414E-09   9.4610636687119457E-24   5.2069846898708811E+03
   7.6967700000000000E+08   3.4682954308803412E+04   7.2864106645668525E-09   9.2018026707223861E-24   5.2245479810199104E+03
   7.7167700000000000E+08   3.5047142955656251E+04   7.1123033549984086E-09   8.9524371366366978E-24   5.2417570156924085E+03
   7.7367700000000000E+08   3.5417376049730599E+04   6.9439245123187061E-09   8.7124584619127351E-24   5.2586233564914719E+03
   7.7567700000000000E+08   3.5793653681351301E+04   6.7810181746617560E-09   8.4813919731119564E-24   5.2751580207246679E+03
   7.7767700000000000E+08   3.6175961673669219E+04   6.6233436529143520E-09   8.2587941457285853E-24   5.2913715143955524E+03
   7.7967700000000000E+08   3.6564275662529610E+04   6.4706743709663916E-09   8.0442500734859170E-24   5.3072738635787427E+03
   7.8167700000000000E+08   3.6958564031362854E+04   6.3227968053754782E-09   7.8373711729348897E-24   5.3228746434122713E+03
   7.8367700000000000E+08   3.7358790033670688E+04   6.1795095187153002E-09   7.6377931034449947E-24   5.3381830049188029E+03
   7.8567700000000000E+08   3.7764913324673289E+04   6.0406222790784149E-09   7.4451738819553479E-24   5.3532076998467346E+03
   7.8767700000000000E+08   3.8176891053889354E+04   5.9059552577744893E-09   7.2591921726984942E-24   5.3679571037036358E+03
   7.8967700000000000E+08   3.8594678626364839E+04   5.7753382975318931E-09   7.0795457336658389E-24   5.3824392371374970E+03
   7.9167700000000000E+08   3.9018230211966606E+04   5.6486102440942932E-09   6.9059500033808349E-24   5.3966617858062091E+03
   7.9367700000000000E+08   3.9447499063372619E+04   5.5256183347921125E-09   6.7381368133336055E-24   5.4106321188621559E+03
   7.9567700000000000E+08   3.9882437690306862E+04   5.4062176383586013E-09   6.5758532130968060E-24   5.4243573061665957E+03
   7.9767700000000000E+08   4.0322997927939607E+04   5.2902705408999842E-09   6.4188603966383019E-24   5.4378441343376780E+03
   7.9967700000000000E+08   4.0769130929863648E+04   5.1776462735041707E-09   6.2669327196695291E-24   5.4510991217262927E+03
   8.0167700000000000E+08   4.1220787109969548E+04   5.0682204774785142E-09   6.1198567990263474E-24   5.4641285324050905E+03
   8.0367700000000000E+08   4.1677916052446511E+04   4.9618748036511519E-09   5.9774306860920283E-24   5.4769383892483247E+03
   8.0567700000000000E+08   4.2140466404849474E+04   4.8584965425587865E-09   5.8394631071570553E-24   5.4895344861731128E+03
   8.0767700000000000E+08   4.2608385765562947E+04   4.7579782826850245E-09   5.7057727643867840E-24   5.5019223996063274E+03
   8.0967700000000000E+08   4.3081620574014843E+04   4.6602175942142876E-09   5.5761876917502714E-24   5.5141074992357626E+03
   8.1167700000000000E+08   4.3560116009591613E+04   4.5651167360333704E-09   5.4505446608664810E-24   5.5260949580990091E+03
   8.1367700000000000E+08   4.4043815903353672E+04   4.4725823839494451E-09   5.3286886322563448E-24   5.5378897620588796E+03
   8.1567700000000000E+08   4.4532662665279102E+04   4.3825253783055973E-09   5.2104722479626227E-24   5.5494967187100674E+03
   8.1767700000000000E+08   4.5026597228836494E+04   4.2948604893636393E-09   5.0957553619188671E-24   5.5609204657579639E+03
   8.1967700000000000E+08   4.5525559014119826E+04   4.2095061989927685E-09   4.9844046048220460E-24   5.5721654789070635E+03
   8.2167700000000000E+08   4.6029485910501156E+04   4.1263844973520891E-09   4.8762929805935477E-24   5.5832360792934169E+03
   8.2367700000000000E+08   4.6538314279661718E+04   4.0454206933877921E-09   4.7712994918065620E-24   5.5941364404927035E+03
   8.2567700000000000E+08   4.7051978979893174E+04   3.9665432380813391E-09   4.6693087917154174E-24   5.6048705951330012E+03
   8.2767700000000000E+08   4.7570413412589318E+04   3.8896835594852954E-09   4.5702108607488003E-24   5.6154424411389264E+03
   8.2967700000000000E+08   4.8093549591808151E+04   3.8147759086699185E-09   4.4739007055269013E-24   5.6258557476319220E+03
   8.3167700000000000E+08   4.8621318237621395E+04   3.7417572157758034E-09   4.3802780786340466E-24   5.6361141605092689E+03
   8.3367700000000000E+08   4.9153648893610436E+04   3.6705669554290522E-09   4.2892472175275386E-24   5.6462212077229206E+03
   8.3567700000000000E+08   4.9690470068307302E+04   3.6011470208256057E-09   4.2007166010921699E-24   5.6561803042774718E+03
   8.3767700000000000E+08   5.0231709399611995E+04   3.5334416058340240E-09   4.1145987224626056E-24   5.6659947569652113E+03
   8.3967700000000000E+08   5.0777293840294726E+04   3.4673970945011826E-09   4.0308098768339575E-24   5.6756677688548707E+03
   8.4167700000000000E+08   5.1327149861644051E+04   3.4029619573773673E-09   3.9492699630696236E-24   5.6852024435493877E+03
   8.4367700000000000E+08   5.1881203671253315E+04   3.3400866541062010E-09   3.8699022979960123E-24   5.6946017892269156E+03
   8.4567700000000000E+08   5.2439381439922450E+04   3.2787235417542913E-09   3.7926334423502686E-24   5.7038687224783480E+03
   8.4767700000000000E+08   5.3001609531800044E+04   3.2188267883853771E-09   3.7173930374203442E-24   5.7130060719535522E+03
   8.4967700000000000E+08   5.3567814731266364E+04   3.1603522914169577E-09   3.6441136514900785E-24   5.7220165818276982E+03
   8.5167700000000000E+08   5.4137924459772301E+04   3.1032576003327702E-09   3.5727306352743634E-24   5.7309029150982969E+03
   8.5367700000000000E+08   5.4711866975898585E+04   3.0475018433636745E-09   3.5031819856033216E-24   5.7396676567227496E+03
   8.5567700000000000E+08   5.5289571552359586E+04   2.9930456577910868E-09   3.4354082166880018E-24   5.7483133166056350E+03
   8.5767700000000000E+08   5.5870968624494148E+04   2.9398511235702509E-09   3.3693522383729552E-24   5.7568423324441583E+03
   8.5967700000000000E+08   5.6455989905929797E+04   2.8878817000150624E-09   3.3049592408527075E-24   5.7652570724399375E+03
   8.6167700000000000E+08   5.7044568468524943E+04   2.8371021653287262E-09   3.2421765853967768E-24   5.7735598378843315E+03
   8.6367700000000000E+08   5.7636638785264353E+04   2.7874785588055410E-09   3.1809537006912298E-24   5.7817528656244958E+03
   8.6567700000000000E+08   5.8232136736424494E+04   2.7389781255656565E-09   3.1212419844616995E-24   5.7898383304165191E+03
   8.6767700000000000E+08   5.8830999580924006E+04   2.6915692637165515E-09   3.0629947100923094E-24   5.7978183471718949E+03
   8.6967700000000000E+08   5.9433165896223894E+04   2.6452214738606155E-09   3.0061669379963536E-24   5.8056949731029490E+03
   8.7167700000000000E+08   6.0038575491367250E+04   2.5999053108876578E-09   2.9507154315273651E-24   5.8134702097726831E+03
   8.7367700000000000E+08   6.0647169298665554E+04   2.5555923380039552E-09   2.8965985772436250E-24   5.8211460050540963E+03
   8.7567700000000000E+08   6.1258889250124514E+04   2.5122550829560103E-09   2.8437763093555831E-24   5.8287242550037063E+03
   8.7767700000000000E+08   6.1873678144925259E+04   2.4698669964084092E-09   2.7922100381952616E-24   5.8362068056538064E+03
   8.7967700000000000E+08   6.2491479514168765E+04   2.4284024124316378E-09   2.7418625825504238E-24   5.8435954547276524E+03
   8.8167700000000000E+08   6.3112237488676685E+04   2.3878365110486229E-09   2.6926981057054478E-24   5.8508919532815535E+03
   8.8367700000000000E+08   6.3735896674980278E+04   2.3481452827796888E-09   2.6446820550273411E-24   5.8580980072776274E+03
   8.8567700000000000E+08   6.4362402043846545E+04   2.3093054951147019E-09   2.5977811049293709E-24   5.8652152790907694E+03
   8.8767700000000000E+08   6.4991698834932526E+04   2.2712946608293830E-09   2.5519631030376678E-24   5.8722453889530952E+03
   8.8967700000000000E+08   6.5623732480759296E+04   2.2340910080490989E-09   2.5071970193763676E-24   5.8791899163390744E+03
   8.9167700000000000E+08   6.6258448553857132E+04   2.1976734519438622E-09   2.4634528983705024E-24   5.8860504012942147E+03
   8.9367700000000000E+08   6.6895792744159844E+04   2.1620215679037272E-09   2.4207018134321522E-24   5.8928283457101888E+03
   8.9567700000000000E+08   6.7535710882639556E+04   2.1271155659733442E-09   2.3789158238217461E-24   5.8995252145489430E+03
   8.9767700000000000E+08   6.8178149047631348E+04   2.0929362661804933E-09   2.3380679333205120E-24   5.9061424370184104E+03
   8.9967700000000000E+08   6.8823053831550933E+04   2.0594650741178257E-09   2.2981320499484652E-24   5.9126814077021836E+03
   9.0167700000000000E+08   6.9470372918309367E+04   2.0266839556697266E-09   2.2590829454493698E-24   5.9191434876457306E+03
   9.0367700000000000E+08   7.0120056226696819E+04   1.9945754091303734E-09   2.2208962125581619E-24   5.9255300054015715E+03
   9.0567700000000000E+08   7.0772057976407610E+04   1.9631224324021507E-09   2.1835482174687101E-24   5.9318422580362940E+03
   9.0767700000000000E+08   7.1426340009426407E+04   1.9323084833183055E-09   2.1470160453474162E-24   5.9380815121023652E+03
   9.0967700000000000E+08   7.2082876295335591E+04   1.9021174340341644E-09   2.1112774399962351E-24   5.9442490045776249E+03
   9.1167700000000000E+08   7.2741657415519963E+04   1.8725335279747324E-09   2.0763107471490495E-24   5.9503459437746124E+03
   9.1367700000000000E+08   7.3402691801443652E+04   1.8435413606479414E-09   2.0420948850177092E-24   5.9563735102191276E+03
   9.1567700000000000E+08   7.4065998289824653E+04   1.8151259187650968E-09   2.0086093799937189E-24   5.9623328574931666E+03
   9.1767700000000000E+08   7.4731584452699535E+04   1.7872727106891015E-09   1.9758345033936298E-24   5.9682251130319346E+03
   9.1967700000000000E+08   7.5399410744753259E+04   1.7599679831595369E-09   1.9437515026155454E-24   5.9740513788622247E+03
   9.2167700000000000E+08   7.6069353562584933E+04   1.7331989362232513E-09   1.9123428284883118E-24   5.9798127322764822E+03
   9.2367700000000000E+08   7.6741194583720731E+04   1.7069537597696626E-09   1.8815921641687775E-24   5.9855102264563147E+03
   9.2567700000000000E+08   7.7414662928343823E+04   1.6812213310294850E-09   1.8514840808213001E-24   5.9911448910850968E+03
   9.2767700000000000E+08   7.8089524209156865E+04   1.6559906163006296E-09   1.8220033715490550E-24   5.9967177329992201E+03
   9.2967700000000000E+08   7.8765660007990125E+04   1.6312501355845015E-09   1.7931344604598799E-24   6.0022297368988984E+03
   9.3167700000000000E+08   7.9443071096912681E+04   1.6069879632172657E-09   1.7648614042239442E-24   6.0076818660833787E+03
   9.3367700000000000E+08   8.0121795461770249E+04   1.5831922265049706E-09   1.7371684383859683E-24   6.0130750631333894E+03
   9.3567700000000000E+08   8.0801821407372918E+04   1.5598515156130775E-09   1.7100404208213209E-24   6.0184102504858065E+03
   9.3767700000000000E+08   8.1483106510185899E+04   1.5369550367419604E-09   1.6834629904047726E-24   6.0236883309484838E+03
   9.3967700000000000E+08   8.2165676678797259E+04   1.5144927393166109E-09   1.6574227001807230E-24   6.0289101882586265E+03
   9.4167700000000000E+08   8.2849619884018481E+04   1.4924549604855130E-09   1.6319066286747929E-24   6.0340766876680482E+03
   9.4367700000000000E+08   8.3534905167545963E+04   1.4708310884674809E-09   1.6069009206006698E-24   6.0391886764081610E+03
   9.4567700000000000E+08   8.4221224405306071E+04   1.4496085091788472E-09   1.5823896329461568E-24   6.0442469839808527E+03
   9.4767700000000000E+08   8.4908078986809487E+04   1.4287737056062827E-09   1.5583559260446180E-24   6.0492524224287426E+03
   9.4967700000000000E+08   8.5595068427825652E+04   1.4083150010118824E-09   1.5347850466325319E-24   6.0542057868083430E+03
   9.5167700000000000E+08   8.6282145548390152E+04   1.3882243802075829E-09   1.5116663070531325E-24   6.0591078559833877E+03
   9.5367700000000000E+08   8.6970164263742321E+04   1.3684974129497875E-09   1.4889930113475091E-24   6.0639593935291068E+03
   9.5567700000000000E+08   8.7659348602662358E+04   1.3491345960730608E-09   1.4667636758222919E-24   6.0687611482120537E+03
   9.5767700000000000E+08   8.8350782910164271E+04   1.3301370562673645E-09   1.4449780749557666E-24   6.0735138541461602E+03
   9.5967700000000000E+08   8.9043962382564583E+04   1.3114887814967682E-09   1.4236170247454546E-24   6.0782182308179590E+03
   9.6167700000000000E+08   8.9738491606184019E+04   1.2931793165394791E-09   1.4026675083478372E-24   6.0828749832281228E+03
   9.6367700000000000E+08   9.0434209869719853E+04   1.2751999592340385E-09   1.3821184893569995E-24   6.0874848023399736E+03
   9.6567700000000000E+08   9.1131028547772730E+04   1.2575429179910663E-09   1.3619599896728243E-24   6.0920483655079152E+03
   9.6767700000000000E+08   9.1828886048249828E+04   1.2402008626212456E-09   1.3421825928235482E-24   6.0965663368581154E+03
   9.6967700000000000E+08   9.2527734397137407E+04   1.2231667710708563E-09   1.3227772729320702E-24   6.1010393676390440E+03
   9.7167700000000000E+08   9.3227534425660240E+04   1.2064338710891911E-09   1.3037353283971768E-24   6.1054680965518601E+03
   9.7367700000000000E+08   9.3928252995921750E+04   1.1899956083257196E-09   1.2850483448535276E-24   6.1098531500659747E+03
   9.7567700000000000E+08   9.4629861077703928E+04   1.1738456233659220E-09   1.2667081680813385E-24   6.1141951427224612E+03
   9.7767700000000000E+08   9.5332332308718047E+04   1.1579777351472846E-09   1.2487068839850362E-24   6.1184946774268938E+03
   9.7967700000000000E+08   9.6035642010818541E+04   1.1423859289294050E-09   1.2310368036265948E-24   6.1227523457325397E+03
   9.8167700000000000E+08   9.6739766738026650E+04   1.1270643464854715E-09   1.2136904507778763E-24   6.1269687281144634E+03
   9.8367700000000000E+08   9.7444684161432480E+04   1.1120072779080994E-09   1.1966605513242522E-24   6.1311443942353753E+03
   9.8567700000000000E+08   9.8150373013685574E+04   1.0972091553601278E-09   1.1799400248583487E-24   6.1352799032034518E+03
   9.8767700000000000E+08   9.8856813002377370E+04   1.0826645483416465E-09   1.1635219779869975E-24   6.1393758038227297E+03
   9.8967700000000000E+08   9.9563984661915369E+04   1.0683681596754844E-09   1.1473996984841237E-24   6.1434326348360228E+03
   9.9167700000000000E+08   1.0027186911531164E+05   1.0543148218681593E-09   1.1315666499117660E-24   6.1474509251607278E+03
   9.9367700000000000E+08   1.0098044793368975E+05   1.0404994939921276E-09   1.1160164668538909E-24   6.1514311941177857E+03
   9.9567700000000000E+08   1.0168970351319946E+05   1.0269172598983126E-09   1.1007429516203403E-24   6.1553739516540954E+03
   9.9767700000000000E+08   1.0239962035924006E+05   1.0135633296759873E-09   1.0857400744693841E-24   6.1592796985590621E+03
   9.9967700000000000E+08   1.0311018708684137E+05   1.0004330452979125E-09   1.0710019783541550E-24   6.1631489266759672E+03
   1.0016770000000000E+09   1.0382139841134020E+05   9.8752189027766950E-10   1.0565229880032610E-24   6.1669821191083593E+03
   1.0036770000000000E+09   1.0453325592217260E+05   9.7482549581373595E-10   1.0422976152901311E-24   6.1707797504213386E+03
   1.0056770000000000E+09   1.0524576662382728E+05   9.6233963583859874E-10   1.0283205527999666E-24   6.1745422868365931E+03
   1.0076770000000000E+09   1.0595893917937602E+05   9.5006020556575422E-10   1.0145866498505634E-24   6.1782701864200899E+03
   1.0096770000000000E+09   1.0667277836996478E+05   9.3798318269811634E-10   1.0010908701047448E-24   6.1819638992620667E+03
   1.0116770000000000E+09   1.0738727965421350E+05   9.2610458601557791E-10   9.8782824646097378E-25   6.1856238676490193E+03
   1.0136770000000000E+09   1.0810242204063913E+05   9.1442044096627882E-10   9.7479384359945916E-25   6.1892505262283066E+03
   1.0156770000000000E+09   1.0881816615109623E+05   9.0292677432271631E-10   9.6198275146367181E-25   6.1928443021677831E+03
   1.0176770000000000E+09   1.0953446003032004E+05   8.9161958188172139E-10   9.4939005033583748E-25   6.1964056153125093E+03
   1.0196770000000000E+09   1.1025123970356812E+05   8.8049489366338399E-10   9.3701087917484814E-25   6.1999348783396981E+03
   1.0216770000000000E+09   1.1096844019414399E+05   8.6954881763871976E-10   9.2484048165065091E-25   6.2034324969139006E+03
   1.0236770000000000E+09   1.1168600378392103E+05   8.5877758371501752E-10   9.1287425210996219E-25   6.2068988698422054E+03
   1.0256770000000000E+09   1.1240388642224984E+05   8.4817757716174700E-10   9.0110777029740834E-25   6.2103343892284129E+03
   1.0276770000000000E+09   1.1312206102398899E+05   8.3774535375125373E-10   8.8953681661082026E-25   6.2137394406245412E+03
   1.0296770000000000E+09   1.1384051743109988E+05   8.2747763598088052E-10   8.7815736725230692E-25   6.2171144031781942E+03
   1.0316770000000000E+09   1.1455925969465035E+05   8.1737129473781220E-10   8.6696557394604271E-25   6.2204596497745652E+03
   1.0336770000000000E+09   1.1527830181571272E+05   8.0742332314863725E-10   8.5595773541262927E-25   6.2237755471724604E+03
   1.0356770000000000E+09   1.1599766312526647E+05   7.9763080929511489E-10   8.4513026770972656E-25   6.2270624561345976E+03
   1.0376770000000000E+09   1.1671736421144105E+05   7.8799091275677854E-10   8.3447967870592269E-25   6.2303207315523705E+03
   1.0396770000000000E+09   1.1743742390469885E+05   7.7850084755875593E-10   8.2400254941464852E-25   6.2335507225660722E+03
   1.0416770000000000E+09   1.1815785745752536E+05   7.6915787192712122E-10   8.1369552260031277E-25   6.2367527726811950E+03
   1.0436770000000000E+09   1.1887867578412141E+05   7.5995928379223602E-10   8.0355529751750497E-25   6.2399272198814251E+03
   1.0456770000000000E+09   1.1959988548321885E+05   7.5090242032368010E-10   7.9357862895023990E-25   6.2430743967389226E+03
   1.0476770000000000E+09   1.2032148934015306E+05   7.4198465974511994E-10   7.8376232868501231E-25   6.2461946305221627E+03
   1.0496770000000000E+09   1.2104348705032031E+05   7.3320342400980832E-10   7.7410326790798533E-25   6.2492882433014247E+03
   1.0516770000000000E+09   1.2176587598011459E+05   7.2455618139140037E-10   7.6459837952223654E-25   6.2523555520522186E+03
   1.0536770000000000E+09   1.2248865185583654E+05   7.1604044849021690E-10   7.5524465985516694E-25   6.2553968687564011E+03
   1.0556770000000000E+09   1.2321180933165718E+05   7.0765379148493123E-10   7.4603916957661822E-25   6.2584125005012402E+03
   1.0576770000000000E+09   1.2393534242765210E+05   6.9939382666317006E-10   7.3697903386420230E-25   6.2614027495761929E+03
   1.0596770000000000E+09   1.2465924485049518E+05   6.9125822036297138E-10   7.2806144195644951E-25   6.2643679135675993E+03
   1.0616770000000000E+09   1.2538351021856985E+05   6.8324468848114411E-10   7.1928364625964547E-25   6.2673082854510922E+03
   1.0636770000000000E+09   1.2610813221426537E+05   6.7535099568984820E-10   7.1064296115826689E-25   6.2702241536819865E+03
   1.0656770000000000E+09   1.2683310468323804E+05   6.6757495447309210E-10   7.0213676164732841E-25   6.2731158022834989E+03
   1.0676770000000000E+09   1.2755842169653298E+05   6.5991442406336283E-10   6.9376248187138880E-25   6.2759835109328687E+03
   1.0696770000000000E+09   1.2828407758754531E+05   6.5236730933332665E-10   6.8551761362806262E-25   6.2788275550454928E+03
   1.0716770000000000E+09   1.2901006697270287E+05   6.4493155967894534E-10   6.7739970487410978E-25   6.2816482058571246E+03
   1.0736770000000000E+09   1.2973638476232819E+05   6.3760516791740771E-10   6.6940635825844594E-25   6.2844457305040332E+03
   1.0756770000000000E+09   1.3046302616614860E+05   6.3038616921436002E-10   6.6153522969691482E-25   6.2872203921014107E+03
   1.0776770000000000E+09   1.3118998669632571E+05   6.2327264004787756E-10   6.5378402699626876E-25   6.2899724498199203E+03
   1.0796770000000000E+09   1.3191726216946010E+05   6.1626269721141185E-10   6.4615050852931141E-25   6.2927021589603555E+03
   1.0816770000000000E+09   1.3264484870797643E+05   6.0935449685413241E-10   6.3863248195910261E-25   6.2954097710268416E+03
   1.0836770000000000E+09   1.3337274274060383E+05   6.0254623355484488E-10   6.3122780300789394E-25   6.2980955337980049E+03
   1.0856770000000000E+09   1.3410094100138935E+05   5.9583613942526555E-10   6.2393437426592295E-25   6.3007596913968719E+03
   1.0876770000000000E+09   1.3482944052670884E+05   5.8922248323904990E-10   6.1675014403599343E-25   6.3034024843588968E+03
   1.0896770000000000E+09   1.3555823864997612E+05   5.8270356958445046E-10   6.0967310521123762E-25   6.3060241496985400E+03
   1.0916770000000000E+09   1.3628733299401123E+05   5.7627773803973215E-10   6.0270129418481783E-25   6.3086249209744183E+03
   1.0936770000000000E+09   1.3701672146120798E+05   5.6994336237136477E-10   5.9583278979130162E-25   6.3112050283528843E+03
   1.0956770000000000E+09   1.3774640222170411E+05   5.6369884975527042E-10   5.8906571227968072E-25   6.3137646986702066E+03
   1.0976770000000000E+09   1.3847637369970061E+05   5.5754264002111998E-10   5.8239822231775783E-25   6.3163041554933252E+03
   1.0996770000000000E+09   1.3920663455793739E+05   5.5147320491926135E-10   5.7582852002716646E-25   6.3188236191793940E+03
   1.1016770000000000E+09   1.3993718368019786E+05   5.4548904740925983E-10   5.6935484404774071E-25   6.3213233069337502E+03
   1.1036770000000000E+09   1.4066802015158077E+05   5.3958870096888450E-10   5.6297547062970598E-25   6.3238034328668955E+03
   1.1056770000000000E+09   1.4139914323620065E+05   5.3377072892217720E-10   5.5668871275208363E-25   6.3262642080499554E+03
   1.1076770000000000E+09   1.4213055235192674E+05   5.2803372378550058E-10   5.5049291926588446E-25   6.3287058405690768E+03
   1.1096770000000000E+09   1.4286224704176409E+05   5.2237630663068638E-10   5.4438647406097017E-25   6.3311285355785994E+03
   1.1116770000000000E+09   1.4359422694148766E+05   5.1679712646471242E-10   5.3836779525577200E-25   6.3335324953530535E+03
   1.1136770000000000E+09   1.4432649174315014E+05   5.1129485962566069E-10   5.3243533440939883E-25   6.3359179193380523E+03
   1.1156770000000000E+09   1.4505904115411817E+05   5.0586820919487204E-10   5.2658757575586716E-25   6.3382850041999354E+03
   1.1176770000000000E+09   1.4579187485132058E+05   5.0051590442540354E-10   5.2082303546032416E-25   6.3406339438746463E+03
   1.1196770000000000E+09   1.4652499243043226E+05   4.9523670018683810E-10   5.1514026089720015E-25   6.3429649296151974E+03
   1.1216770000000000E+09   1.4725839334979831E+05   4.9002937642656780E-10   5.0953782995017047E-25   6.3452781500383890E+03
   1.1236770000000000E+09   1.4799207686896512E+05   4.8489273764749448E-10   5.0401435033374051E-25   6.3475737911703418E+03
   1.1256770000000000E+09   1.4872604198182264E+05   4.7982561240199609E-10   4.9856845893610053E-25   6.3498520364911628E+03
   1.1276770000000000E+09   1.4946028734449731E+05   4.7482685280176913E-10   4.9319882118269506E-25   6.3521130669786307E+03
   1.1296770000000000E+09   1.5019481119829818E+05   4.6989533404297706E-10   4.8790413041975817E-25   6.3543570611508703E+03
   1.1316770000000000E+09   1.5092961128824699E+05   4.6502995394582774E-10   4.8268310731673996E-25   6.3565841951082948E+03
   1.1336770000000000E+09   1.5166468477793003E+05   4.6022963250744022E-10   4.7753449928632308E-25   6.3587946425744240E+03
   1.1356770000000000E+09   1.5240002816168018E+05   4.5549331146657190E-10   4.7245707992038003E-25   6.3609885749360792E+03
   1.1376770000000000E+09   1.5313563717537955E+05   4.5081995387841496E-10   4.6744964843991352E-25   6.3631661612825146E+03
   1.1396770000000000E+09   1.5387150670745003E+05   4.4620854369743030E-10   4.6251102915673326E-25   6.3653275684438649E+03
   1.1416770000000000E+09   1.5460763071190729E+05   4.4165808536586411E-10   4.5764007094432523E-25   6.3674729610287668E+03
   1.1436770000000000E+09   1.5534400212564797E+05   4.3716760340533612E-10   4.5283564671511140E-25   6.3696025014611296E+03
   1.1456770000000000E+09   1.5608061279240574E+05   4.3273614200873162E-10   4.4809665290112677E-25   6.3717163500162624E+03
   1.1476770000000000E+09   1.5681745339605588E+05   4.2836276462945614E-10   4.4342200893501044E-25   6.3738146648560523E+03
   1.1496770000000000E+09   1.5755451340614702E+05   4.2404655356511808E-10   4.3881065672816763E-25   6.3758976020636737E+03
   1.1516770000000000E+09   1.5829178103864778E+05   4.1978660953273725E-10   4.3426156014306434E-25   6.3779653156774375E+03
   1.1536770000000000E+09   1.5902924323493891E+05   4.1558205123277742E-10   4.2977370445679696E-25   6.3800179577239523E+03
   1.1556770000000000E+09   1.5976688566201017E+05   4.1143201489963210E-10   4.2534609581343409E-25   6.3820556782506710E+03
   1.1576770000000000E+09   1.6050469273662075E+05   4.0733565383663767E-10   4.2097776066310062E-25   6.3840786253578599E+03
   1.1596770000000000E+09   1.6124264767585468E+05   4.0329213793428742E-10   4.1666774518641938E-25   6.3860869452297293E+03
   1.1616770000000000E+09   1.6198073257601619E+05   3.9930065317111388E-10   4.1241511470369497E-25   6.3880807821652652E+03
   1.1636770000000000E+09   1.6271892852117939E+05   3.9536040109752758E-10   4.0821895306915119E-25   6.3900602786082163E+03
   1.1656770000000000E+09   1.6345721572193335E+05   3.9147059830394404E-10   4.0407836205153872E-25   6.3920255751766699E+03
   1.1676770000000000E+09   1.6419557368395364E+05   3.8763047587555918E-10   3.9999246070353799E-25   6.3939768106920228E+03
   1.1696770000000000E+09   1.6493398140499092E+05   3.8383927883729564E-10   3.9596038472355125E-25   6.3959141222074359E+03
   1.1716770000000000E+09   1.6567241759779907E+05   3.8009626559350004E-10   3.9198128581455987E-25   6.3978376450359174E+03
   1.1736770000000000E+09   1.6641086093536628E+05   3.7640070736800210E-10   3.8805433104581450E-25   6.3997475127775278E+03
   1.1756770000000000E+09   1.6714929031372003E+05   3.7275188765110652E-10   3.8417870222401093E-25   6.4016438573466903E+03
   1.1776770000000000E+09   1.6788768512654988E+05   3.6914910166065311E-10   3.8035359528129793E-25   6.4035268089985220E+03
   1.1796770000000000E+09   1.6862602554499509E+05   3.6559165582483329E-10   3.7657821968790011E-25   6.4053964963549952E+03
   1.1816770000000000E+09   1.6936429279527918E+05   3.6207886729448468E-10   3.7285179789722725E-25   6.4072530464305746E+03
   1.1836770000000000E+09   1.7010246942646336E+05   3.5861006349234659E-10   3.6917356483105229E-25   6.4090965846574545E+03
   1.1856770000000000E+09   1.7084053956047623E+05   3.5518458170616402E-10   3.6554276741171945E-25   6.4109272349103285E+03
   1.1876770000000000E+09   1.7157848911683637E+05   3.5180176873150368E-10   3.6195866414726885E-25   6.4127451195308404E+03
   1.1896770000000000E+09   1.7231630600505086E+05   3.4846098056883993E-10   3.5842052477402896E-25   6.4145503593514741E+03
   1.1916770000000000E+09   1.7305398027860950E+05   3.4516158217787063E-10   3.5492762995955333E-25   6.4163430737191256E+03
   1.1936770000000000E+09   1.7379150424570058E+05   3.4190294729022640E-10   3.5147927106693794E-25   6.4181233805184120E+03
   1.1956770000000000E+09   1.7452887253324120E+05   3.3868445827980960E-10   3.4807474997961021E-25   6.4198913961941571E+03
   1.1976770000000000E+09   1.7526608210242508E+05   3.3550550608817729E-10   3.4471337898373609E-25   6.4216472357739412E+03
   1.1996770000000000E+09   1.7600313221570349E+05   3.3236549020050985E-10   3.4139448070356936E-25   6.4233910128899470E+03
   1.2016770000000000E+09   1.7674002435678503E+05   3.2926381866620354E-10   3.3811738808347354E-25   6.4251228398004932E+03
   1.2036770000000000E+09   1.7747676210686847E+05   3.2619990815675429E-10   3.3488144440898336E-25   6.4268428274111611E+03
   1.2056770000000000E+09   1.7821335098172782E+05   3.2317318405266815E-10   3.3168600335833252E-25   6.4285510852955549E+03
   1.2076770000000000E+09   1.7894979823552168E+05   3.2018308055047148E-10   3.2853042907522224E-25   6.4302477217155101E+03
   1.2096770000000000E+09   1.7968611263815116E+05   3.1722904078066361E-10   3.2541409625336685E-25   6.4319328436411270E+03
   1.2116770000000000E+09   1.8042230423365868E+05   3.1431051692752593E-10   3.2233639022348806E-25   6.4336065567702062E+03
   1.2136770000000000E+09   1.8115838408757994E+05   3.1142697034212637E-10   3.1929670703384563E-25   6.4352689655474023E+03
   1.2156770000000000E+09   1.8189436403119878E+05   3.0857787164056970E-10   3.1629445351617010E-25   6.4369201731829507E+03
   1.2176770000000000E+09   1.8263025641045114E+05   3.0576270078053917E-10   3.1332904732987906E-25   6.4385602816710807E+03
   1.2196770000000000E+09   1.8336607384667592E+05   3.0298094711034071E-10   3.1039991697869214E-25   6.4401893918079450E+03
   1.2216770000000000E+09   1.8410182901555448E+05   3.0023210938613479E-10   3.0750650179524821E-25   6.4418076032093295E+03
   1.2236770000000000E+09   1.8483753444950035E+05   2.9751569575449462E-10   3.0464825189085964E-25   6.4434150143278830E+03
   1.2256770000000000E+09   1.8557320236739647E+05   2.9483122369911480E-10   3.0182462806923582E-25   6.4450117224701735E+03
   1.2276770000000000E+09   1.8630884453407314E+05   2.9217821995208396E-10   2.9903510170466914E-25   6.4465978238132357E+03
   1.2296770000000000E+09   1.8704447215039079E+05   2.8955622037165648E-10   2.9627915458670172E-25   6.4481734134208391E+03
   1.2316770000000000E+09   1.8778009577324928E+05   2.8696476978982784E-10   2.9355627873469127E-25   6.4497385852596253E+03
   1.2336770000000000E+09   1.8851572526352797E+05   2.8440342183402052E-10   2.9086597618673474E-25   6.4512934322147948E+03
   1.2356770000000000E+09   1.8925136975886990E+05   2.8187173872793723E-10   2.8820775876813774E-25   6.4528380461054667E+03
   1.2376770000000000E+09   1.8998703766750789E+05   2.7936929107695284E-10   2.8558114784493194E-25   6.4543725176999251E+03
   1.2396770000000000E+09   1.9072273667896932E+05   2.7689565764334165E-10   2.8298567406786938E-25   6.4558969367304562E+03
   1.2416770000000000E+09   1.9145847378748551E+05   2.7445042511629069E-10   2.8042087711193849E-25   6.4574113919080492E+03
   1.2436770000000000E+09   1.9219425532419630E+05   2.7203318788104579E-10   2.7788630541583768E-25   6.4589159709367386E+03
   1.2456770000000000E+09   1.9293008699475721E+05   2.6964354779075429E-10   2.7538151592502030E-25   6.4604107605277632E+03
   1.2476770000000000E+09   1.9366597391948049E+05   2.6728111394384647E-10   2.7290607384118868E-25   6.4618958464134885E+03
   1.2496770000000000E+09   1.9440192067377959E+05   2.6494550246900298E-10   2.7045955238030384E-25   6.4633713133609926E+03
   1.2516770000000000E+09   1.9513793132722934E+05   2.6263633631914002E-10   2.6804153254052463E-25   6.4648372451856821E+03
   1.2536770000000000E+09   1.9587400948003057E+05   2.6035324507526461E-10   2.6565160288093884E-25   6.4662937247643513E+03
   1.2556770000000000E+09   1.9661015829609873E+05   2.5809586476065116E-10   2.6328935931149010E-25   6.4677408340482525E+03
   1.2576770000000000E+09   1.9734638053233194E+05   2.5586383766540895E-10   2.6095440489415112E-25   6.4691786540758967E+03
   1.2596770000000000E+09   1.9808267856390227E+05   2.5365681218125314E-10   2.5864634965512152E-25   6.4706072649855760E+03
   1.2616770000000000E+09   1.9881905440564462E+05   2.5147444264609680E-10   2.5636481040762029E-25   6.4720267460278510E+03
   1.2636770000000000E+09   1.9955550972977138E+05   2.4931638919792801E-10   2.5410941058471706E-25   6.4734371755775264E+03
   1.2656770000000000E+09   2.0029204588022118E+05   2.4718231763742133E-10   2.5187978008158750E-25   6.4748386311458144E+03
   1.2676770000000000E+09   2.0102866388393493E+05   2.4507189929870557E-10   2.4967555510660857E-25   6.4762311893919277E+03
   1.2696770000000000E+09   2.0176536445933938E+05   2.4298481092777285E-10   2.4749637804071802E-25   6.4776149261347864E+03
   1.2716770000000000E+09   2.0250214802215694E+05   2.4092073456811204E-10   2.4534189730461109E-25   6.4789899163643868E+03
   1.2736770000000000E+09   2.0323901468860797E+05   2.3887935745320018E-10   2.4321176723337522E-25   6.4803562342529340E+03
   1.2756770000000000E+09   2.0397596427596128E+05   2.3686037190557483E-10   2.4110564795825321E-25   6.4817139531659532E+03
   1.2776770000000000E+09   2.0471299630033603E+05   2.3486347524220533E-10   2.3902320529524265E-25   6.4830631456730507E+03
   1.2796770000000000E+09   2.0545010997163845E+05   2.3288836968591113E-10   2.3696411064024558E-25   6.4844038835585525E+03
   1.2816770000000000E+09   2.0618730418549437E+05   2.3093476228254948E-10   2.3492804087046711E-25   6.4857362378321959E+03
   1.2836770000000000E+09   2.0692457751202324E+05   2.2900236482366489E-10   2.3291467825175232E-25   6.4870602787392254E+03
   1.2856770000000000E+09   2.0766192818125684E+05   2.2709089377433050E-10   2.3092371035154941E-25   6.4883760757706341E+03
   1.2876770000000000E+09   2.0839935406494432E+05   2.2520007020589478E-10   2.2895482995720366E-25   6.4896836976731574E+03
   1.2896770000000000E+09   2.0913685265436326E+05   2.2332961973340861E-10   2.2700773499933899E-25   6.4909832124591067E+03
   1.2916770000000000E+09   2.0987442103364272E+05   2.2147927245754783E-10   2.2508212848012953E-25   6.4922746874159375E+03
   1.2936770000000000E+09   2.1061205584785601E+05   2.1964876291100522E-10   2.2317771840640495E-25   6.4935581891160109E+03
   1.2956770000000000E+09   2.1134975326490906E+05   2.1783783000938793E-10   2.2129421772764837E-25   6.4948337834256263E+03
   1.2976770000000000E+09   2.1208750892996255E+05   2.1604621700689657E-10   2.1943134427911329E-25   6.4961015355144882E+03
   1.2996770000000000E+09   2.1282531791092450E+05   2.1427367145708530E-10   2.1758882073038611E-25   6.4973615098646314E+03
   1.3016770000000000E+09   2.1356317463361530E+05   2.1251994517901173E-10   2.1576637453967676E-25   6.4986137702792666E+03
   1.3036770000000000E+09   2.1430107280582364E+05   2.1078479422870855E-10   2.1396373791374907E-25   6.4998583798917698E+03
   1.3056770000000000E+09   2.1503900533100072E+05   2.0906797887501542E-10   2.1218064777252268E-25   6.5010954011739550E+03
   1.3076770000000000E+09   2.1577696421520808E+05   2.0736926357728844E-10   2.1041684571577375E-25   6.5023248959448629E+03
   1.3096770000000000E+09   2.1651494047539640E+05   2.0568841696003397E-10   2.0867207798692840E-25   6.5035469253789151E+03
   1.3116770000000000E+09   2.1725292406320290E+05   2.0402521177637732E-10   2.0694609542571180E-25   6.5047615500140837E+03
   1.3136770000000000E+09   2.1799090382568343E+05   2.0237942484864534E-10   2.0523865339776822E-25   6.5059688297600278E+03
   1.3156770000000000E+09   2.1872886753149107E+05   2.0075083697103595E-10   2.0354951168604108E-25   6.5071688239059949E+03
   1.3176770000000000E+09   2.1946680199567598E+05   1.9913923275764848E-10   2.0187843432699680E-25   6.5083615911285906E+03
   1.3196770000000000E+09   2.2020469333553189E+05   1.9754440042061687E-10   2.0022518937630443E-25   6.5095471894995471E+03
   1.3216770000000000E+09   2.2094252738035811E+05   1.9596613146936401E-10   1.9858954859498771E-25   6.5107256764932317E+03
   1.3236770000000000E+09   2.2168029023702437E+05   1.9440422033427131E-10   1.9697128705951434E-25   6.5118971089943207E+03
   1.3256770000000000E+09   2.2241796898054777E+05   1.9285846393598611E-10   1.9537018271747412E-25   6.5130615433053536E+03
   1.3276770000000000E+09   2.2315555239814645E+05   1.9132866124287762E-10   1.9378601593202910E-25   6.5142190351538065E+03
   1.3296770000000000E+09   2.2389303167516936E+05   1.8981461287881947E-10   1.9221856907810370E-25   6.5153696397000094E+03
   1.3316770000000000E+09   2.2463040088510478E+05   1.8831612085431926E-10   1.9066762626422842E-25   6.5165134115440123E+03
   1.3336770000000000E+09   2.2536765714861543E+05   1.8683298848880246E-10   1.8913297324840769E-25   6.5176504047331318E+03
   1.3356770000000000E+09   2.2610480036973959E+05   1.8536502056504986E-10   1.8761439758918493E-25   6.5187806727689576E+03
   1.3376770000000000E+09   2.2684183254216265E+05   1.8391202370943722E-10   1.8611168902500836E-25   6.5199042686145922E+03
   1.3396770000000000E+09   2.2757875673018998E+05   1.8247380693239448E-10   1.8462464001514053E-25   6.5210212447011127E+03
   1.3416770000000000E+09   2.2831557593611299E+05   1.8105018220994077E-10   1.8315304632125263E-25   6.5221316529346941E+03
   1.3436770000000000E+09   2.2905229212693957E+05   1.7964096496012319E-10   1.8169670748187339E-25   6.5232355447027339E+03
   1.3456770000000000E+09   2.2978890567274630E+05   1.7824597428538909E-10   1.8025542704950349E-25   6.5243329708804104E+03
   1.3476770000000000E+09   2.3052541533483021E+05   1.7686503291657573E-10   1.7882901252592065E-25   6.5254239818366632E+03
   1.3496770000000000E+09   2.3126181876130501E+05   1.7549796689035867E-10   1.7741727502846135E-25   6.5265086274405039E+03
   1.3516770000000000E+09   2.3199811326559487E+05   1.7414460508478216E-10   1.7602002881375334E-25   6.5275869570669865E+03
   1.3536770000000000E+09   2.3273429655958957E+05   1.7280477878649164E-10   1.7463709083451636E-25   6.5286590196030847E+03
   1.3556770000000000E+09   2.3347036714574773E+05   1.7147832144111923E-10   1.7326828048221743E-25   6.5297248634538146E+03
   1.3576770000000000E+09   2.3420632423936189E+05   1.7016506864883046E-10   1.7191341957772135E-25   6.5307845365480407E+03
   1.3596770000000000E+09   2.3494216732035181E+05   1.6886485834970063E-10   1.7057233255348078E-25   6.5318380863440743E+03
   1.3616770000000000E+09   2.3567789558747748E+05   1.6757753105712564E-10   1.6924484668373654E-25   6.5328855598353548E+03
   1.3636770000000000E+09   2.3641350761032340E+05   1.6630292998876232E-10   1.6793079221083049E-25   6.5339270035559648E+03
   1.3656770000000000E+09   2.3714900133117050E+05   1.6504090101855899E-10   1.6663000229084371E-25   6.5349624635860509E+03
   1.3676770000000000E+09   2.3788437434683475E+05   1.6379129248525551E-10   1.6534231279471374E-25   6.5359919855575736E+03
   1.3696770000000000E+09   2.3861962424036840E+05   1.6255395497246588E-10   1.6406756208125713E-25   6.5370156146598329E+03
   1.3716770000000000E+09   2.3935474873663046E+05   1.6132874117371353E-10   1.6280559085636632E-25   6.5380333956456052E+03
   1.3736770000000000E+09   2.4008974561255227E+05   1.6011550587917788E-10   1.6155624215516374E-25   6.5390453728365837E+03
   1.3756770000000000E+09   2.4082461248030074E+05   1.5891410602946583E-10   1.6031936139162234E-25   6.5400515901292129E+03
   1.3776770000000000E+09   2.4155934663716494E+05   1.5772440074382834E-10   1.5909479638227250E-25   6.5410520909991474E+03
   1.3796770000000000E+09   2.4229394509016842E+05   1.5654625126987807E-10   1.5788239729078093E-25   6.5420469185053662E+03
   1.3816770000000000E+09   2.4302840469955100E+05   1.5537952087902785E-10   1.5668201651810295E-25   6.5430361152926180E+03
   1.3836770000000000E+09   2.4376272228473780E+05   1.5422407477950998E-10   1.5549350861071836E-25   6.5440197235931255E+03
   1.3856770000000000E+09   2.4449689456419786E+05   1.5307978010466270E-10   1.5431673024499520E-25   6.5449977852278953E+03
   1.3876770000000000E+09   2.4523091786560166E+05   1.5194650599693288E-10   1.5315154030817250E-25   6.5459703416099765E+03
   1.3896770000000000E+09   2.4596478742189368E+05   1.5082412384184416E-10   1.5199780013090191E-25   6.5469374337512872E+03
   1.3916770000000000E+09   2.4669849544418161E+05   1.4971250793337827E-10   1.5085537415596920E-25   6.5478991022756054E+03
   1.3936770000000000E+09   2.4743202545894682E+05   1.4861153747318533E-10   1.4972413195495728E-25   6.5488553874379695E+03
   1.3956770000000000E+09   2.4816533624676333E+05   1.4752110229688027E-10   1.4860395400945039E-25   6.5498063291471217E+03
   1.3976770000000000E+09   2.4889831905500352E+05   1.4644111816969776E-10   1.4749474715291929E-25   6.5507519669814783E+03
   1.3996770000000000E+09   2.4963069099368347E+05   1.4537156490441745E-10   1.4639648304037212E-25   6.5516923401805852E+03
   1.4016770000000000E+09   2.5036174843860249E+05   1.4431257454854347E-10   1.4530928710737381E-25   6.5526274875868394E+03
   1.4036770000000000E+09   2.5108984472110632E+05   1.4326461835733390E-10   1.4423362707162130E-25   6.5535574475095382E+03
   1.4056770000000000E+09   2.5181139921751193E+05   1.4222886237398026E-10   1.4317067117272408E-25   6.5544822574928667E+03
   1.4076770000000000E+09   2.5251927569958856E+05   1.4120775213648668E-10   1.4212287672649830E-25   6.5554019540035615E+03
   1.4096770000000000E+09   2.5320066966493116E+05   1.4020578193714201E-10   1.4109476336802558E-25   6.5563165721214718E+03
   1.4116770000000000E+09   2.5383544289729386E+05   1.3923011973757391E-10   1.4009353886746394E-25   6.5572261454189447E+03
   1.4136770000000000E+09   2.5439709424626504E+05   1.3829030079874562E-10   1.3912878498026421E-25   6.5581307063127770E+03
   1.4156770000000000E+09   2.5485930806453590E+05   1.3739589354487257E-10   1.3821010185294707E-25   6.5590302871209014E+03
   1.4176770000000000E+09   2.5520907150066769E+05   1.3655167424232934E-10   1.3734225096352456E-25   6.5599249215771169E+03
   1.4196770000000000E+09   2.5546099418285719E+05   1.3575213548216303E-10   1.3651964110024086E-25   6.5608146453737336E+03
   1.4216770000000000E+09   2.5566043505208567E+05   1.3497994383301227E-10   1.3572480064819310E-25   6.5616994927854767E+03
   1.4236770000000000E+09   2.5586684601987075E+05   1.3421203133816220E-10   1.3493452394198367E-25   6.5625794868525645E+03
   1.4256770000000000E+09   2.5612979585131275E+05   1.3342929364811524E-10   1.3412961570048964E-25   6.5634546281548664E+03
   1.4276770000000000E+09   2.5648698302413136E+05   1.3261846522967907E-10   1.3329674620099182E-25   6.5643249071081227E+03
   1.4296770000000000E+09   2.5698993996819036E+05   1.3176291309589390E-10   1.3241919047968112E-25   6.5651903816723361E+03
   1.4316770000000000E+09   2.5770050915875222E+05   1.3083593958294682E-10   1.3147013491413103E-25   6.5660513127117492E+03
   1.4336770000000000E+09   2.5877481183141444E+05   1.2984760588772452E-10   1.3045974496168725E-25   6.5669081736639746E+03
   1.4356770000000000E+09   2.5889785096314727E+05   1.2845564609511625E-10   1.2904417671175993E-25   6.5677593236053863E+03
