  99.9999999999964615   5.0000000000000003E-02 390 2001
  80.1428711590989735   2.8811784044161612E+02
   6.5767700000000000E+08  -1.6943626078662196E+03   1.5273852248968402E-08   2.6216626700180721E-18   1.1207760618988216E+03
   6.5967700000000000E+08  -1.6104298353249992E+03   2.2940199803843326E-08   3.8247419256265186E-18   1.1538308093808266E+03
   6.6167700000000000E+08  -1.4821947847169258E+03   2.6925841740446015E-08   4.4019726281060056E-18   1.1767088576861645E+03
   6.6367700000000000E+08  -1.2720197856873976E+03   2.8090724674658564E-08   4.5337148263354745E-18   1.1919439000055334E+03
   6.6567700000000000E+08  -9.3192393467936972E+02   2.7203472185489922E-08   4.3512108391990064E-18   1.2027110018420976E+03
   6.6767700000000000E+08  -5.0431091788284107E+02   2.5248423875172306E-08   4.0124894985527458E-18   1.2105073627766615E+03
   6.6967700000000000E+08  -1.4412044860918689E+01   2.2908209251713439E-08   3.6228221280536982E-18   1.2164414248360611E+03
   6.7167700000000000E+08   5.1205733747296620E+02   2.0571812490773576E-08   3.2403619506637567E-18   1.2213105389486993E+03
   6.7367700000000000E+08   1.0521331586330143E+03   1.8423179170443516E-08   2.8914849952200915E-18   1.2257183963322859E+03
   6.7567700000000000E+08   1.5812605646456900E+03   1.6528840699491316E-08   2.5848506399202991E-18   1.2301385035700573E+03
   6.7767700000000000E+08   2.0701922401052780E+03   1.4896308873734482E-08   2.3204324378993734E-18   1.2349711503879416E+03
   6.7967700000000000E+08   2.4903089828910406E+03   1.3507969731278043E-08   2.0945273236197989E-18   1.2406552569535042E+03
   6.8167700000000000E+08   2.8344422287724396E+03   1.2339558619199472E-08   1.9016530227214265E-18   1.2482897915187611E+03
   6.8367700000000000E+08   3.1088442693156762E+03   1.1373684968770977E-08   1.7357298481532690E-18   1.2605675832003947E+03
   6.8567700000000000E+08   3.3119291876975449E+03   1.0604377255986414E-08   1.5905824343147062E-18   1.2825551801494933E+03
   6.8767700000000000E+08   3.4021515517703874E+03   1.0029535644007994E-08   1.4607953650361116E-18   1.3208044256055887E+03
   6.8967700000000000E+08   3.3129109215112276E+03   9.6355221053817869E-09   1.3428593304105123E-18   1.3803582095866304E+03
   6.9167700000000000E+08   3.0229413734274672E+03   9.3885093258259978E-09   1.2355053918511380E-18   1.4618373989563929E+03
   6.9367700000000000E+08   2.6096374331789593E+03   9.2421773071309747E-09   1.1388927534068492E-18   1.5611280888469696E+03
   6.9567700000000000E+08   2.2350900340183398E+03   9.1534298394322083E-09   1.0533965571356247E-18   1.6716256787429236E+03
   6.9767700000000000E+08   2.0852470013821535E+03   9.0923864675534819E-09   9.7888735589148435E-19   1.7868670463794433E+03
   6.9967700000000000E+08   2.3100733061991345E+03   9.0426459664187038E-09   9.1462076002081342E-19   1.9019607250281153E+03
   7.0167700000000000E+08   2.9902601886920315E+03   8.9964912089905378E-09   8.5942343909473205E-19   2.0137847021470143E+03
   7.0367700000000000E+08   4.1318670535729398E+03   8.9500945838554257E-09   8.1192896041944699E-19   2.1205897801130550E+03
   7.0567700000000000E+08   5.6800144648857131E+03   8.9006874096575795E-09   7.7076538031460823E-19   2.2215107585375790E+03
   7.0767700000000000E+08   7.5408598546643389E+03   8.8455047117855812E-09   7.3467528103932561E-19   2.3161904248791552E+03
   7.0967700000000000E+08   9.6034004913539957E+03   8.7817122225596933E-09   7.0257662324912165E-19   2.4045431621826228E+03
   7.1167700000000000E+08   1.1756489536142859E+04   8.7066780452251088E-09   6.7358061216098894E-19   2.4866231853062141E+03
   7.1367700000000000E+08   1.3899300776823768E+04   8.6182521177373802E-09   6.4698306897724617E-19   2.5625559156415816E+03
   7.1567700000000000E+08   1.5947908888925931E+04   8.5149774683534412E-09   6.2224494340263629E-19   2.6325049626279165E+03
   7.1767700000000000E+08   1.7839101122216041E+04   8.3962293981485943E-09   5.9897005992898091E-19   2.6966603702864986E+03
   7.1967700000000000E+08   1.9530398591449957E+04   8.2622338945508682E-09   5.7688017167375276E-19   2.7552368920122703E+03
   7.2167700000000000E+08   2.0998369948938016E+04   8.1139740480529292E-09   5.5578933557553279E-19   2.8084744451180691E+03
   7.2367700000000000E+08   2.2236120109087078E+04   7.9530440804087344E-09   5.3558102774308739E-19   2.8566384456420342E+03
   7.2567700000000000E+08   2.3250204626927043E+04   7.7814733762892489E-09   5.1618820524478240E-19   2.9000189152938738E+03
   7.2767700000000000E+08   2.4057260841498370E+04   7.6015401278700738E-09   4.9757639504189369E-19   2.9389276489218350E+03
   7.2967700000000000E+08   2.4680612973962252E+04   7.4155936314606784E-09   4.7972994206091811E-19   2.9736932618081269E+03
   7.3167700000000000E+08   2.5147106535558614E+04   7.2259015381945979E-09   4.6264149384141579E-19   3.0046544234540565E+03
   7.3367700000000000E+08   2.5484398903417197E+04   7.0345334291510524E-09   4.4630464346634174E-19   3.0321519686806869E+03
   7.3567700000000000E+08   2.5718866700666793E+04   6.8432857530037399E-09   4.3070944390848270E-19   3.0565207763738827E+03
   7.3767700000000000E+08   2.5874194994882724E+04   6.6536465422523222E-09   4.1584029412629996E-19   3.0780823069661183E+03
   7.3967700000000000E+08   2.5970614783452489E+04   6.4667934857227969E-09   4.0167558784628644E-19   3.0971384918427611E+03
   7.4167700000000000E+08   2.6024681388516212E+04   6.2836160512043603E-09   3.8818848881645483E-19   3.1139673815642523E+03
   7.4367700000000000E+08   2.6049444783106945E+04   6.1047520146624251E-09   3.7534827914223994E-19   3.1288206500649458E+03
   7.4567700000000000E+08   2.6054859139404067E+04   5.9306300331685320E-09   3.6312186018919392E-19   3.1419227979990278E+03
   7.4767700000000000E+08   2.6048300649161436E+04   5.7615120963067558E-09   3.5147513518123344E-19   3.1534717363937430E+03
   7.4967700000000000E+08   2.6035097651863642E+04   5.5975320145892653E-09   3.4037413416264070E-19   3.1636403649685581E+03
   7.5167700000000000E+08   2.6019013516559622E+04   5.4387280783279822E-09   3.2978583950370147E-19   3.1725787686759259E+03
   7.5367700000000000E+08   2.6002653287727298E+04   5.2850694394097146E-09   3.1967873082745190E-19   3.1804167127317974E+03
   7.5567700000000000E+08   2.5987786843278845E+04   5.1364766341747927E-09   3.1002309818438656E-19   3.1872661936344389E+03
   7.5767700000000000E+08   2.5975594413903385E+04   4.9928370888599408E-09   3.0079118080792629E-19   3.1932238815008827E+03
   7.5967700000000000E+08   2.5966846587322911E+04   4.8540165715522168E-09   2.9195718479007739E-19   3.1983733558876283E+03
   7.6167700000000000E+08   2.5962032607100220E+04   4.7198675027363691E-09   2.8349722335019955E-19   3.2027870884491304E+03
   7.6367700000000000E+08   2.5961449844685161E+04   4.5902349033610148E-09   2.7538921241001380E-19   3.2065281612851841E+03
   7.6567700000000000E+08   2.5965265212992705E+04   4.4649606038157027E-09   2.6761274427430942E-19   3.2096517320253683E+03
   7.6767700000000000E+08   2.5973556900444528E+04   4.3438861911870383E-09   2.6014895428407007E-19   3.2122062688200535E+03
   7.6967700000000000E+08   2.5986342614216330E+04   4.2268550493316981E-09   2.5298038947149723E-19   3.2142345835653473E+03
   7.7167700000000000E+08   2.6003598725960321E+04   4.1137137496921004E-09   2.4609088422562882E-19   3.2157746924441653E+03
   7.7367700000000000E+08   2.6025273344127607E+04   4.0043129780930648E-09   2.3946544536478976E-19   3.2168605311142505E+03
   7.7567700000000000E+08   2.6051295345869778E+04   3.8985081296876654E-09   2.3309014741098990E-19   3.2175225489065469E+03
   7.7767700000000000E+08   2.6081580711840292E+04   3.7961596662244464E-09   2.2695203794393034E-19   3.2177882030262040E+03
   7.7967700000000000E+08   2.6116037041942705E+04   3.6971333029118857E-09   2.2103905243336170E-19   3.2176823704398671E+03
   7.8167700000000000E+08   2.6154566823670390E+04   3.6013000732063312E-09   2.1533993773689860E-19   3.2172276921251246E+03
   7.8367700000000000E+08   2.6197069826516516E+04   3.5085363064854050E-09   2.0984418339270364E-19   3.2164448617450744E+03
   7.8567700000000000E+08   2.6243444869292456E+04   3.4187235440944990E-09   2.0454195986130957E-19   3.2153528686067812E+03
   7.8767700000000000E+08   2.6293591126689837E+04   3.3317484124789746E-09   1.9942406293519707E-19   3.2139692029373973E+03
   7.8967700000000000E+08   2.6347409090099758E+04   3.2475024672191129E-09   1.9448186361395346E-19   3.2123100300189676E+03
   7.9167700000000000E+08   2.6404801264594920E+04   3.1658820182076611E-09   1.8970726282364453E-19   3.2103903385109038E+03
   7.9367700000000000E+08   2.6465672662156219E+04   3.0867879435667571E-09   1.8509265043489388E-19   3.2082240673085398E+03
   7.9567700000000000E+08   2.6529931136384264E+04   3.0101254979298854E-09   1.8063086810241547E-19   3.2058242144943247E+03
   7.9767700000000000E+08   2.6597487593472732E+04   2.9358041192324429E-09   1.7631517550872534E-19   3.2032029312983673E+03
   7.9967700000000000E+08   2.6668256106555218E+04   2.8637372370335988E-09   1.7213921964682473E-19   3.2003716034672761E+03
   8.0167700000000000E+08   2.6742153954736208E+04   2.7938420845418110E-09   1.6809700682162404E-19   3.1973409220203353E+03
   8.0367700000000000E+08   2.6819101603620231E+04   2.7260395158701004E-09   1.6418287708865592E-19   3.1941209450305528E+03
   8.0567700000000000E+08   2.6899022640622246E+04   2.6602538295567864E-09   1.6039148088211056E-19   3.1907211517895985E+03
   8.0767700000000000E+08   2.6981843675564869E+04   2.5964125990167760E-09   1.5671775761323401E-19   3.1871504904877334E+03
   8.0967700000000000E+08   2.7067494214929495E+04   2.5344465103098338E-09   1.5315691604531569E-19   3.1834174203529069E+03
   8.1167700000000000E+08   2.7155906516505966E+04   2.4742892074049629E-09   1.4970441627345707E-19   3.1795299490394386E+03
   8.1367700000000000E+08   2.7247015430030013E+04   2.4158771449679407E-09   1.4635595315654206E-19   3.1754956659299646E+03
   8.1567700000000000E+08   2.7340758228641404E+04   2.3591494485888484E-09   1.4310744106567562E-19   3.1713217719096328E+03
   8.1767700000000000E+08   2.7437074435553353E+04   2.3040477822891692E-09   1.3995499982819207E-19   3.1670151060850339E+03
   8.1967700000000000E+08   2.7535905650154938E+04   2.2505162230947237E-09   1.3689494175936958E-19   3.1625821698486347E+03
   8.2167700000000000E+08   2.7637195377771954E+04   2.1985011424259531E-09   1.3392375968547338E-19   3.1580291486301171E+03
   8.2367700000000000E+08   2.7740888867412701E+04   2.1479510940351276E-09   1.3103811587182834E-19   3.1533619316267377E+03
   8.2567700000000000E+08   2.7846932961940111E+04   2.0988167082075873E-09   1.2823483177847448E-19   3.1485861297638648E+03
   8.2767700000000000E+08   2.7955275965141685E+04   2.0510505919374288E-09   1.2551087857367461E-19   3.1437070921026670E+03
   8.2967700000000000E+08   2.8065867530039639E+04   2.0046072347853276E-09   1.2286336834227170E-19   3.1387299208833306E+03
   8.3167700000000000E+08   2.8178658572430872E+04   1.9594429201255166E-09   1.2028954593172489E-19   3.1336594853680135E+03
   8.3367700000000000E+08   2.8293601213016049E+04   1.9155156414890724E-09   1.1778678138368261E-19   3.1285004346271121E+03
   8.3567700000000000E+08   2.8410648750551041E+04   1.8727850237116916E-09   1.1535256290332252E-19   3.1232572093945860E+03
   8.3767700000000000E+08   2.8529755667258702E+04   1.8312122485951891E-09   1.1298449032246384E-19   3.1179340531023831E+03
   8.3967700000000000E+08   2.8650877666293465E+04   1.7907599847938306E-09   1.1068026901577485E-19   3.1125350221899903E+03
   8.4167700000000000E+08   2.8773971739458037E+04   1.7513923216395742E-09   1.0843770423235673E-19   3.1070639957723147E+03
   8.4367700000000000E+08   2.8898996261714437E+04   1.7130747066248912E-09   1.0625469580766939E-19   3.1015246847373883E+03
   8.4567700000000000E+08   2.9025911107428208E+04   1.6757738862687486E-09   1.0412923322328022E-19   3.0959206403344406E+03
   8.4767700000000000E+08   2.9154677781869977E+04   1.6394578501010879E-09   1.0205939098432935E-19   3.0902552623027063E+03
   8.4967700000000000E+08   2.9285259560373939E+04   1.6040957775138953E-09   1.0004332428696355E-19   3.0845318065820475E+03
   8.5167700000000000E+08   2.9417621626833294E+04   1.5696579872429324E-09   9.8079264950342497E-20   3.0787533926378787E+03
   8.5367700000000000E+08   2.9551731202953863E+04   1.5361158892630788E-09   9.6165517590169321E-20   3.0729230104252833E+03
   8.5567700000000000E+08   2.9687557659936785E+04   1.5034419389017619E-09   9.4300456013048852E-20   3.0670435270107359E+03
   8.5767700000000000E+08   2.9825072605019646E+04   1.4716095929979890E-09   9.2482519813291168E-20   3.0611176928642940E+03
   8.5967700000000000E+08   2.9964249936509004E+04   1.4405932679586640E-09   9.0710211156038509E-20   3.0551481478309865E+03
   8.6167700000000000E+08   3.0105065862532272E+04   1.4103682995878745E-09   8.8982091732748256E-20   3.0491374267870683E+03
   8.6367700000000000E+08   3.0247498880601070E+04   1.3809109045876870E-09   8.7296779877060687E-20   3.0430879649850153E+03
   8.6567700000000000E+08   3.0391529717082562E+04   1.3521981436499455E-09   8.5652947830890530E-20   3.0370021030903995E+03
   8.6767700000000000E+08   3.0537141227693981E+04   1.3242078860767252E-09   8.4049319152156246E-20   3.0308820919141481E+03
   8.6967700000000000E+08   3.0684318262031247E+04   1.2969187758818543E-09   8.2484666256879138E-20   3.0247300968447994E+03
   8.7167700000000000E+08   3.0833047496790965E+04   1.2703101993371055E-09   8.0957808089441285E-20   3.0185482019870647E+03
   8.7367700000000000E+08   3.0983317243668105E+04   1.2443622539340426E-09   7.9467607915577063E-20   3.0123384140152980E+03
   8.7567700000000000E+08   3.1135117238829807E+04   1.2190557187363773E-09   7.8012971233216577E-20   3.0061026657527159E+03
   8.7767700000000000E+08   3.1288438421352352E+04   1.1943720260983156E-09   7.6592843796615238E-20   2.9998428194896505E+03
   8.7967700000000000E+08   3.1443272708069817E+04   1.1702932347224256E-09   7.5206209749343641E-20   2.9935606700562075E+03
   8.8167700000000000E+08   3.1599612771945445E+04   1.1468020040265250E-09   7.3852089861701261E-20   2.9872579476665364E+03
   8.8367700000000000E+08   3.1757451830414491E+04   1.1238815697837003E-09   7.2529539868009221E-20   2.9809363205532395E+03
   8.8567700000000000E+08   3.1916783449251998E+04   1.1015157209935216E-09   7.1237648899069243E-20   2.9745973974113435E+03
   8.8767700000000000E+08   3.2077601366570605E+04   1.0796887779357978E-09   6.9975538004852666E-20   2.9682427296715241E+03
   8.8967700000000000E+08   3.2239899340823136E+04   1.0583855713510145E-09   6.8742358762204848E-20   2.9618738136222951E+03
   8.9167700000000000E+08   3.2403671026783708E+04   1.0375914226820664E-09   6.7537291961897468E-20   2.9554920924006515E+03
   8.9367700000000000E+08   3.2568909885659177E+04   1.0172921252962078E-09   6.6359546368462655E-20   2.9490989578709678E+03
   8.9567700000000000E+08   3.2735609142335721E+04   9.9747392657551052E-10   6.5208357544290834E-20   2.9426957524141085E+03
   8.9767700000000000E+08   3.2903761819147556E+04   9.7812351070221456E-10   6.4082986725329009E-20   2.9362837706551804E+03
   8.9967700000000000E+08   3.3073360909259631E+04   9.5922798184715376E-10   6.2982719727599351E-20   2.9298642611740611E+03
   9.0167700000000000E+08   3.3244399812803909E+04   9.4077484726984876E-10   6.1906865849809152E-20   2.9234384282750125E+03
   9.0367700000000000E+08   3.3416873246827083E+04   9.2275199956488796E-10   6.0854756717749851E-20   2.9170074339490834E+03
   9.0567700000000000E+08   3.3590778927044514E+04   9.0514769706119170E-10   5.9825744998843374E-20   2.9105724002479592E+03
   9.0767700000000000E+08   3.3766120305203614E+04   8.8795054156128184E-10   5.8819202924651446E-20   2.9041344123799772E+03
   9.0967700000000000E+08   3.3942910318113201E+04   8.7114945391008489E-10   5.7834520644853038E-20   2.8976945228639115E+03
   9.1167700000000000E+08   3.4121175168286514E+04   8.5473365120398209E-10   5.6871104662278082E-20   2.8912537568796506E+03
   9.1367700000000000E+08   3.4300955471043912E+04   8.3869263500947771E-10   5.5928376986195607E-20   2.8848131183236728E+03
   9.1567700000000000E+08   3.4482300232877838E+04   8.2301620548291483E-10   5.5005776042777905E-20   2.8783735948914732E+03
   9.1767700000000000E+08   3.4665248981369899E+04   8.0769451519508215E-10   5.4102760350225946E-20   2.8719361590729909E+03
   9.1967700000000000E+08   3.4849801950650806E+04   7.9271815924798953E-10   5.3218814832100002E-20   2.8655017613410914E+03
   9.2167700000000000E+08   3.5035889089239186E+04   7.7807826188168139E-10   5.2353457148027861E-20   2.8590713137400162E+03
   9.2367700000000000E+08   3.5223360624725909E+04   7.6376648219533215E-10   5.1506238738682051E-20   2.8526456675165368E+03
   9.2567700000000000E+08   3.5412021567254575E+04   7.4977487116399994E-10   5.0676735720722988E-20   2.8462255952587020E+03
   9.2767700000000000E+08   3.5601705532550368E+04   7.3609560309311608E-10   4.9864530828548060E-20   2.8398117901656660E+03
   9.2967700000000000E+08   3.5792341206457975E+04   7.2272074111245003E-10   4.9069197063316579E-20   2.8334048864743600E+03
   9.3167700000000000E+08   3.5983957126516223E+04   7.0964224500723867E-10   4.8290297493868509E-20   2.8270054892251446E+03
   9.3367700000000000E+08   3.6176613838880396E+04   6.9685220304443680E-10   4.7527400559063564E-20   2.8206141938678688E+03
   9.3567700000000000E+08   3.6370331968458711E+04   6.8434304168661220E-10   4.6780094436427335E-20   2.8142315858004013E+03
   9.3767700000000000E+08   3.6565138448939702E+04   6.7210769350306514E-10   4.6047998859646210E-20   2.8078582328631751E+03
   9.3967700000000000E+08   3.6761213703340305E+04   6.6013982067175098E-10   4.5330780517179913E-20   2.8014947017714194E+03
   9.4167700000000000E+08   3.6958891883945529E+04   6.4843368683948971E-10   4.4628143988582899E-20   2.7951416056645526E+03
   9.4367700000000000E+08   3.7158370345741459E+04   6.3698322658859892E-10   4.3939767602616804E-20   2.7887996309567120E+03
   9.4567700000000000E+08   3.7359390991720808E+04   6.2578100735631012E-10   4.3265232328166390E-20   2.7824694799760323E+03
   9.4767700000000000E+08   3.7561279147883390E+04   6.1481837903478401E-10   4.2604032946198364E-20   2.7761517461271005E+03
   9.4967700000000000E+08   3.7763365321273006E+04   6.0408690534763826E-10   4.1955677706360461E-20   2.7698468236016283E+03
   9.5167700000000000E+08   3.7965415799892173E+04   5.9357976169243924E-10   4.1319785134455328E-20   2.7635549352824719E+03
   9.5367700000000000E+08   3.8167743578958456E+04   5.8329201824346073E-10   4.0696103012715833E-20   2.7572762573145374E+03
   9.5567700000000000E+08   3.8371146605191738E+04   5.7321992923598063E-10   4.0084458110321103E-20   2.7510110562498244E+03
   9.5767700000000000E+08   3.8576285217309654E+04   5.6335974628597242E-10   3.9484673067437414E-20   2.7447597548678218E+03
   9.5967700000000000E+08   3.8783156607873694E+04   5.5370684818479978E-10   3.8896506094540438E-20   2.7385228820935572E+03
   9.6167700000000000E+08   3.8991524257412944E+04   5.4425601842486840E-10   3.8319671451106861E-20   2.7323009610912522E+03
   9.6367700000000000E+08   3.9201239553930325E+04   5.3500209670993674E-10   3.7753885627288715E-20   2.7260944571573536E+03
   9.6567700000000000E+08   3.9412213602633252E+04   5.2594014042012281E-10   3.7198878522551588E-20   2.7199037925136176E+03
   9.6767700000000000E+08   3.9624391334976739E+04   5.1706540205124810E-10   3.6654391788977880E-20   2.7137293584762033E+03
   9.6967700000000000E+08   3.9837736243855019E+04   5.0837330188121374E-10   3.6120176887151351E-20   2.7075715232976177E+03
   9.7167700000000000E+08   4.0052222837826492E+04   4.9985941099161029E-10   3.5595993905273007E-20   2.7014306368402063E+03
   9.7367700000000000E+08   4.0267832784484432E+04   4.9151943929346498E-10   3.5081610747453027E-20   2.6953070335824896E+03
   9.7567700000000000E+08   4.0484552635050110E+04   4.8334922560593291E-10   3.4576802473654292E-20   2.6892010347191549E+03
   9.7767700000000000E+08   4.0702372108501244E+04   4.7534472963586280E-10   3.4081350777376962E-20   2.6831129496731833E+03
   9.7967700000000000E+08   4.0921282778126522E+04   4.6750202549477861E-10   3.3595043574416885E-20   2.6770430771677884E+03
   9.8167700000000000E+08   4.1141277282806026E+04   4.5981729603124071E-10   3.3117674650154364E-20   2.6709917059915360E+03
   9.8367700000000000E+08   4.1362348941731194E+04   4.5228682786548766E-10   3.2649043356161255E-20   2.6649591155811941E+03
   9.8567700000000000E+08   4.1584491538347938E+04   4.4490700732406615E-10   3.2188954370009803E-20   2.6589455764990976E+03
   9.8767700000000000E+08   4.1807699161674660E+04   4.3767431710364100E-10   3.1737217506293080E-20   2.6529513508416608E+03
   9.8967700000000000E+08   4.2031966016032151E+04   4.3058533329528205E-10   3.1293647552569586E-20   2.6469766925944182E+03
   9.9167700000000000E+08   4.2257286112549395E+04   4.2363672254352953E-10   3.0858064114171306E-20   2.6410218479263431E+03
   9.9367700000000000E+08   4.2483653005589862E+04   4.1682523930671205E-10   3.0430291465597365E-20   2.6350870554119424E+03
   9.9567700000000000E+08   4.2711060060174648E+04   4.1014772352204980E-10   3.0010158430255221E-20   2.6291725462198042E+03
   9.9767700000000000E+08   4.2939501885645659E+04   4.0360109963439875E-10   2.9597498357741216E-20   2.6232785444015167E+03
   9.9967700000000000E+08   4.3168976979983112E+04   3.9718237760268383E-10   2.9192149242970299E-20   2.6174052674996947E+03
   1.0016770000000000E+09   4.3399491140881699E+04   3.9088865636156306E-10   2.8793954022817102E-20   2.6115529276599204E+03
   1.0036770000000000E+09   4.3631060146550546E+04   3.8471712912793360E-10   2.8402761007883682E-20   2.6057217332968844E+03
   1.0056770000000000E+09   4.3863709697291721E+04   3.7866508171877424E-10   2.8018423800042904E-20   2.5999118911555120E+03
   1.0076770000000000E+09   4.4097471528520393E+04   3.7272988000105320E-10   2.7640800406628716E-20   2.5941236081693282E+03
   1.0096770000000000E+09   4.4332376103470844E+04   3.6690895372578464E-10   2.7269752085824129E-20   2.5883570923183524E+03
   1.0116770000000000E+09   4.4568443737393529E+04   3.6119978228157863E-10   2.6905142335596908E-20   2.5826125519909519E+03
   1.0136770000000000E+09   4.4805677103782182E+04   3.5559988219907566E-10   2.6546836014342460E-20   2.5768901938672275E+03
   1.0156770000000000E+09   4.5044055387197157E+04   3.5010679649696926E-10   2.6194698597781857E-20   2.5711902196257338E+03
   1.0176770000000000E+09   4.5283531841862219E+04   3.4471809046837370E-10   2.5848595913825455E-20   2.5655128219089706E+03
   1.0196770000000000E+09   4.5524039863491336E+04   3.3943135895765032E-10   2.5508394734178854E-20   2.5598581803237512E+03
   1.0216770000000000E+09   4.5765504193914145E+04   3.3424424295323935E-10   2.5173964059897601E-20   2.5542264587455252E+03
   1.0236770000000000E+09   4.6007852187411336E+04   3.2915444692877022E-10   2.4845176458420521E-20   2.5486178047150629E+03
   1.0256770000000000E+09   4.6251023495964764E+04   3.2415975217852130E-10   2.4521909096473208E-20   2.5430323507708113E+03
   1.0276770000000000E+09   4.6494976102491157E+04   3.1925802378460376E-10   2.4204044290776685E-20   2.5374702172675302E+03
   1.0296770000000000E+09   4.6739688007015080E+04   3.1444721063320755E-10   2.3891469532742655E-20   2.5319315159558591E+03
   1.0316770000000000E+09   4.6985155120002688E+04   3.0972533975458404E-10   2.3584077083603349E-20   2.5264163535687881E+03
   1.0336770000000000E+09   4.7231386706055018E+04   3.0509050729515168E-10   2.3281763314844387E-20   2.5209248348259171E+03
   1.0356770000000000E+09   4.7478399923764860E+04   3.0054086856015900E-10   2.2984427978943779E-20   2.5154570645309382E+03
   1.0376770000000000E+09   4.7726214745032405E+04   2.9607462903171798E-10   2.2691973555147545E-20   2.5100131487022600E+03
   1.0396770000000000E+09   4.7974850043912083E+04   2.9169003743032633E-10   2.2404304751517044E-20   2.5045931948729799E+03
   1.0416770000000000E+09   4.8224321136216626E+04   2.8738538108494888E-10   2.2121328183320513E-20   2.4991973117994380E+03
   1.0436770000000000E+09   4.8474638660874814E+04   2.8315898331820601E-10   2.1842952205162068E-20   2.4938256088356557E+03
   1.0456770000000000E+09   4.8725808475782564E+04   2.7900920228869027E-10   2.1569086853956847E-20   2.4884781951913801E+03
   1.0476770000000000E+09   4.8977832183009159E+04   2.7493443069945269E-10   2.1299643857300417E-20   2.4831551792253781E+03
   1.0496770000000000E+09   4.9230707946813804E+04   2.7093309588584798E-10   2.1034536669761177E-20   2.4778566678586772E+03
   1.0516770000000000E+09   4.9484431362640651E+04   2.6700365995326417E-10   2.0773680511726442E-20   2.4725827661389053E+03
   1.0536770000000000E+09   4.9738996234529921E+04   2.6314461978407467E-10   2.0516992396909521E-20   2.4673335769514388E+03
   1.0556770000000000E+09   4.9994395199368926E+04   2.5935450684356648E-10   2.0264391143157010E-20   2.4621092008544961E+03
   1.0576770000000000E+09   5.0250620189757683E+04   2.5563188678422935E-10   2.0015797366585045E-20   2.4569097360090509E+03
   1.0596770000000000E+09   5.0507662755673402E+04   2.5197535888363208E-10   1.9771133461851384E-20   2.4517352781756931E+03
   1.0616770000000000E+09   5.0765514276048976E+04   2.4838355536252518E-10   1.9530323572254503E-20   2.4465859207554204E+03
   1.0636770000000000E+09   5.1024166091293715E+04   2.4485514062766696E-10   1.9293293553181558E-20   2.4414617548571514E+03
   1.0656770000000000E+09   5.1283609582536628E+04   2.4138881047563558E-10   1.9059970931782256E-20   2.4363628693800511E+03
   1.0676770000000000E+09   5.1543836216982687E+04   2.3798329128390178E-10   1.8830284864963434E-20   2.4312893511029192E+03
   1.0696770000000000E+09   5.1804837572942022E+04   2.3463733920676804E-10   1.8604166097118036E-20   2.4262412847759615E+03
   1.0716770000000000E+09   5.2066605353682011E+04   2.3134973938718649E-10   1.8381546918483335E-20   2.4212187532123185E+03
   1.0736770000000000E+09   5.2329131396161909E+04   2.2811930519078953E-10   1.8162361124654037E-20   2.4162218373780361E+03
   1.0756770000000000E+09   5.2592407678471602E+04   2.2494487746530710E-10   1.7946543977525433E-20   2.4112506164800138E+03
   1.0776770000000000E+09   5.2856426328081478E+04   2.2182532382631367E-10   1.7734032167763909E-20   2.4063051680519561E+03
   1.0796770000000000E+09   5.3121179631620180E+04   2.1875953796862921E-10   1.7524763778772582E-20   2.4013855680385518E+03
   1.0816770000000000E+09   5.3386660045835233E+04   2.1574643900165839E-10   1.7318678252035414E-20   2.3964918908781760E+03
   1.0836770000000000E+09   5.3652860208769591E+04   2.1278497080645416E-10   1.7115716353682026E-20   2.3916242095842786E+03
   1.0856770000000000E+09   5.3919772950023842E+04   2.0987410141233191E-10   1.6915820142117200E-20   2.3867825958254930E+03
   1.0876770000000000E+09   5.4187391299203518E+04   2.0701282239129280E-10   1.6718932936592456E-20   2.3819671200043358E+03
   1.0896770000000000E+09   5.4455708492102669E+04   2.0420014826910428E-10   1.6524999286643362E-20   2.3771778513342506E+03
   1.0916770000000000E+09   5.4724717974613231E+04   2.0143511595245428E-10   1.6333964942361356E-20   2.3724148579147181E+03
   1.0936770000000000E+09   5.4994413404656189E+04   1.9871678417192878E-10   1.6145776825494840E-20   2.3676782068041834E+03
   1.0956770000000000E+09   5.5264788652488569E+04   1.9604423294070137E-10   1.5960383001385352E-20   2.3629679640905715E+03
   1.0976770000000000E+09   5.5535837799634057E+04   1.9341656302873147E-10   1.5777732651736496E-20   2.3582841949592384E+03
   1.0996770000000000E+09   5.5807555136451483E+04   1.9083289545209900E-10   1.5597776048199194E-20   2.3536269637582359E+03
   1.1016770000000000E+09   5.6079935158104367E+04   1.8829237097694948E-10   1.5420464526744019E-20   2.3489963340607369E+03
   1.1036770000000000E+09   5.6352972558513495E+04   1.8579414963739058E-10   1.5245750462779764E-20   2.3443923687244978E+03
   1.1056770000000000E+09   5.6626662221760147E+04   1.8333741026668262E-10   1.5073587246977553E-20   2.3398151299481115E+03
   1.1076770000000000E+09   5.6900999210398659E+04   1.8092135004111504E-10   1.4903929261762858E-20   2.3352646793238237E+03
   1.1096770000000000E+09   5.7175978750176415E+04   1.7854518403604991E-10   1.4736731858445402E-20   2.3307410778865669E+03
   1.1116770000000000E+09   5.7451596210743133E+04   1.7620814479375013E-10   1.4571951334967290E-20   2.3262443861588649E+03
   1.1136770000000000E+09   5.7727847082027765E+04   1.7390948190268731E-10   1.4409544914256131E-20   2.3217746641912163E+03
   1.1156770000000000E+09   5.8004726946041337E+04   1.7164846158813920E-10   1.4249470723179005E-20   2.3173319715975490E+03
   1.1176770000000000E+09   5.8282231443956967E+04   1.6942436631389586E-10   1.4091687772093926E-20   2.3129163675853051E+03
   1.1196770000000000E+09   5.8560356238387198E+04   1.6723649439494807E-10   1.3936155934999300E-20   2.3085279109797716E+03
   1.1216770000000000E+09   5.8839096970856954E+04   1.6508415962099040E-10   1.3782835930278529E-20   2.3041666602422406E+03
   1.1236770000000000E+09   5.9118449214539593E+04   1.6296669089057369E-10   1.3631689302036702E-20   2.2998326734816055E+03
   1.1256770000000000E+09   5.9398408422423032E+04   1.6088343185567260E-10   1.3482678402019864E-20   2.2955260084590682E+03
   1.1276770000000000E+09   5.9678969871177353E+04   1.5883374057637635E-10   1.3335766372102531E-20   2.2912467225855930E+03
   1.1296770000000000E+09   5.9960128601110111E+04   1.5681698918534589E-10   1.3190917127322361E-20   2.2869948729118983E+03
   1.1316770000000000E+09   6.0241879352744487E+04   1.5483256356159219E-10   1.3048095339433349E-20   2.2827705161107165E+03
   1.1336770000000000E+09   6.0524216500712173E+04   1.5287986301303936E-10   1.2907266420939751E-20   2.2785737084512348E+03
   1.1356770000000000E+09   6.0807133985825138E+04   1.5095829996725499E-10   1.2768396509565370E-20   2.2744045057656367E+03
   1.1376770000000000E+09   6.1090625246388845E+04   1.4906729966962618E-10   1.2631452453102582E-20   2.2702629634078262E+03
   1.1396770000000000E+09   6.1374683150007455E+04   1.4720629988817876E-10   1.2496401794577366E-20   2.2661491362044826E+03
   1.1416770000000000E+09   6.1659299927336979E+04   1.4537475062416257E-10   1.2363212757658546E-20   2.2620630783987899E+03
   1.1436770000000000E+09   6.1944467109437923E+04   1.4357211382745076E-10   1.2231854232231660E-20   2.2580048435872759E+03
   1.1456770000000000E+09   6.2230175470556416E+04   1.4179786311576773E-10   1.2102295760053096E-20   2.2539744846504000E+03
   1.1476770000000000E+09   6.2516414978315246E+04   1.4005148349673357E-10   1.1974507520396160E-20   2.2499720536776945E+03
   1.1496770000000000E+09   6.2803174753410676E+04   1.3833247109172928E-10   1.1848460315600440E-20   2.2459976018884286E+03
   1.1516770000000000E+09   6.3090443040975275E+04   1.3664033286062732E-10   1.1724125556437475E-20   2.2420511795489824E+03
   1.1536770000000000E+09   6.3378207195757714E+04   1.3497458632652329E-10   1.1601475247212251E-20   2.2381328358882583E+03
   1.1556770000000000E+09   6.3666453683197455E+04   1.3333475929972386E-10   1.1480481970528768E-20   2.2342426190126616E+03
   1.1576770000000000E+09   6.3955168098292372E+04   1.3172038960042921E-10   1.1361118871662955E-20   2.2303805758223166E+03
   1.1596770000000000E+09   6.4244335203893555E+04   1.3013102477974870E-10   1.1243359642502808E-20   2.2265467519303043E+03
   1.1616770000000000E+09   6.4533938989685441E+04   1.2856622183896797E-10   1.1127178505039587E-20   2.2227411915868247E+03
   1.1636770000000000E+09   6.4823962752643012E+04   1.2702554694725617E-10   1.1012550194417961E-20   2.2189639376102009E+03
   1.1656770000000000E+09   6.5114389199172714E+04   1.2550857515835057E-10   1.0899449941584060E-20   2.2152150313266598E+03
   1.1676770000000000E+09   6.5405200568494984E+04   1.2401489012708160E-10   1.0787853455600463E-20   2.2114945125207519E+03
   1.1696770000000000E+09   6.5696378776093072E+04   1.2254408382696442E-10   1.0677736905730881E-20   2.2078024193981632E+03
   1.1716770000000000E+09   6.5987905575282246E+04   1.2109575627040674E-10   1.0569076903428678E-20   2.2041387885624640E+03
   1.1736770000000000E+09   6.6279762734177668E+04   1.1966951523339650E-10   1.0461850484393999E-20   2.2005036550070918E+03
   1.1756770000000000E+09   6.6571932224570439E+04   1.1826497598677865E-10   1.0356035090889961E-20   2.1968970521235597E+03
   1.1776770000000000E+09   6.6864396418545963E+04   1.1688176103641171E-10   1.0251608554528444E-20   2.1933190117264912E+03
   1.1796770000000000E+09   6.7157138288086106E+04   1.1551949987458033E-10   1.0148549079748234E-20   2.1897695640956736E+03
   1.1816770000000000E+09   6.7450141602476710E+04   1.1417782874501888E-10   1.0046835228210806E-20   2.1862487380348821E+03
   1.1836770000000000E+09   6.7743391118090687E+04   1.1285639042376895E-10   9.9464459043320410E-21   2.1827565609467347E+03
   1.1856770000000000E+09   6.8036872755101023E+04   1.1155483401782925E-10   9.8473603421486534E-21   2.1792930589223911E+03
   1.1876770000000000E+09   6.8330573755877806E+04   1.1027281478319499E-10   9.7495580936897233E-21   2.1758582568444808E+03
   1.1896770000000000E+09   6.8624482820279765E+04   1.0900999396340191E-10   9.6530190189837539E-21   2.1724521785011839E+03
   1.1916770000000000E+09   6.8918590213711534E+04   1.0776603864914691E-10   9.5577232777850374E-21   2.1690748467091371E+03
   1.1936770000000000E+09   6.9212887844694371E+04   1.0654062165895325E-10   9.4636513230503544E-21   2.1657262834424805E+03
   1.1956770000000000E+09   6.9507369309720598E+04   1.0533342144022450E-10   9.3707838961408881E-21   2.1624065099652457E+03
   1.1976770000000000E+09   6.9802029904287512E+04   1.0414412198943223E-10   9.2791020236693958E-21   2.1591155469641676E+03
   1.1996770000000000E+09   7.0096866600186579E+04   1.0297241278961929E-10   9.1885870158596879E-21   2.1558534146790435E+03
   1.2016770000000000E+09   7.0391877990275520E+04   1.0181798876293258E-10   9.0992204662401151E-21   2.1526201330278632E+03
   1.2036770000000000E+09   7.0687064203049464E+04   1.0068055023551438E-10   9.0109842524539693E-21   2.1494157217241395E+03
   1.2056770000000000E+09   7.0982426790303623E+04   9.9559802911825493E-11   8.9238605379417759E-21   2.1462402003841621E+03
   1.2076770000000000E+09   7.1277968591990590E+04   9.8455457855328467E-11   8.8378317742321381E-21   2.1430935886222492E+03
   1.2096770000000000E+09   7.1573693583016604E+04   9.7367231472442339E-11   8.7528807035709137E-21   2.1399759061324567E+03
   1.2116770000000000E+09   7.1869606707156505E+04   9.6294845496776122E-11   8.6689903616216147E-21   2.1368871727556584E+03
   1.2136770000000000E+09   7.2165713703508343E+04   9.5238026970839134E-11   8.5861440799820886E-21   2.1338274085313542E+03
   1.2156770000000000E+09   7.2462020930924205E+04   9.4196508222723352E-11   8.5043254882846685E-21   2.1307966337340099E+03
   1.2176770000000000E+09   7.2758535195682169E+04   9.3170026835609818E-11   8.4235185156751612E-21   2.1277948688941547E+03
   1.2196770000000000E+09   7.3055263587248643E+04   9.2158325608392921E-11   8.3437073915025809E-21   2.1248221348048846E+03
   1.2216770000000000E+09   7.3352213326401936E+04   9.1161152506192534E-11   8.2648766450922027E-21   2.1218784525147371E+03
   1.2236770000000000E+09   7.3649391629195336E+04   9.0178260600046183E-11   8.1870111045201189E-21   2.1189638433082191E+03
   1.2256770000000000E+09   7.3946805589315729E+04   8.9209407995602038E-11   8.1100958943547958E-21   2.1160783286754495E+03
   1.2276770000000000E+09   7.4244462080357844E+04   8.8254357751156698E-11   8.0341164323787466E-21   2.1132219302725484E+03
   1.2296770000000000E+09   7.4542367678479597E+04   8.7312877785860608E-11   7.9590584253480643E-21   2.1103946698744367E+03
   1.2316770000000000E+09   7.4840528604878258E+04   8.6384740779319761E-11   7.8849078638862874E-21   2.1075965693216754E+03
   1.2336770000000000E+09   7.5138950686638302E+04   8.5469724064138356E-11   7.8116510166402274E-21   2.1048276504628921E+03
   1.2356770000000000E+09   7.5437639333793792E+04   8.4567609513138631E-11   7.7392744238456433E-21   2.1020879350941746E+03
   1.2376770000000000E+09   7.5736599529989704E+04   8.3678183423061182E-11   7.6677648904597526E-21   2.0993774448966064E+03
   1.2396770000000000E+09   7.6035835833916557E+04   8.2801236396502116E-11   7.5971094790162482E-21   2.0966962013729149E+03
   1.2416770000000000E+09   7.6335352388722400E+04   8.1936563223686663E-11   7.5272955023468583E-21   2.0940442257839632E+03
   1.2436770000000000E+09   7.6635152936824568E+04   8.1083962765461777E-11   7.4583105162960818E-21   2.0914215390856120E+03
   1.2456770000000000E+09   7.6935240837888487E+04   8.0243237838626647E-11   7.3901423125334687E-21   2.0888281618662945E+03
   1.2476770000000000E+09   7.7235619088162523E+04   7.9414195104452941E-11   7.3227789115448675E-21   2.0862641142854941E+03
   1.2496770000000000E+09   7.7536290339760002E+04   7.8596644960998784E-11   7.2562085558623995E-21   2.0837294160131842E+03
   1.2516770000000000E+09   7.7837256918865576E+04   7.7790401439603730E-11   7.1904197035736337E-21   2.0812240861702121E+03
   1.2536770000000000E+09   7.8138520842176978E+04   7.6995282105776867E-11   7.1254010221348006E-21   2.0787481432695272E+03
   1.2556770000000000E+09   7.8440083831171432E+04   7.6211107964542212E-11   7.0611413824992484E-21   2.0763016051581562E+03
   1.2576770000000000E+09   7.8741947324008259E+04   7.5437703370204798E-11   6.9976298535631378E-21   2.0738844889597572E+03
   1.2596770000000000E+09   7.9044112485076796E+04   7.4674895940410757E-11   6.9348556969218029E-21   2.0714968110176028E+03
   1.2616770000000000E+09   7.9346580212338726E+04   7.3922516474318114E-11   6.8728083619245994E-21   2.0691385868378811E+03
   1.2636770000000000E+09   7.9649351142716274E+04   7.3180398874656886E-11   6.8114774810123716E-21   2.0668098310331516E+03
   1.2656770000000000E+09   7.9952425655813058E+04   7.2448380073449090E-11   6.7508528653203459E-21   2.0645105572658786E+03
   1.2676770000000000E+09   8.0255803876257603E+04   7.1726299961158601E-11   6.6909245005289730E-21   2.0622407781919492E+03
   1.2696770000000000E+09   8.0559485674904630E+04   7.1014001319071478E-11   6.6316825429476853E-21   2.0600005054041185E+03
   1.2716770000000000E+09   8.0863470669062692E+04   7.0311329754726879E-11   6.5731173158180933E-21   2.0577897493753276E+03
   1.2736770000000000E+09   8.1167758221830431E+04   6.9618133640255749E-11   6.5152193058263071E-21   2.0556085194018747E+03
   1.2756770000000000E+09   8.1472347440565616E+04   6.8934264053501739E-11   6.4579791598155030E-21   2.0534568235464044E+03
   1.2776770000000000E+09   8.1777237174469949E+04   6.8259574721805407E-11   6.4013876816903500E-21   2.0513346685806819E+03
   1.2796770000000000E+09   8.2082426011227784E+04   6.7593921968344507E-11   6.3454358295057355E-21   2.0492420599281381E+03
   1.2816770000000000E+09   8.2387912272631904E+04   6.6937164660914060E-11   6.2901147127313205E-21   2.0471790016061623E+03
   1.2836770000000000E+09   8.2693694009085986E+04   6.6289164163028762E-11   6.2354155896831908E-21   2.0451454961680990E+03
   1.2856770000000000E+09   8.2999768992828031E+04   6.5649784287236121E-11   6.1813298651142576E-21   2.0431415446449221E+03
   1.2876770000000000E+09   8.3306134709655482E+04   6.5018891250531150E-11   6.1278490879551645E-21   2.0411671464865565E+03
   1.2896770000000000E+09   8.3612788348839982E+04   6.4396353631778851E-11   6.0749649491988510E-21   2.0392222995027767E+03
   1.2916770000000000E+09   8.3919726790797111E+04   6.3782042331072644E-11   6.0226692799238533E-21   2.0373069998036322E+03
   1.2936770000000000E+09   8.4226946591919375E+04   6.3175830530990854E-11   5.9709540494546313E-21   2.0354212417393014E+03
   1.2956770000000000E+09   8.4534443965790939E+04   6.2577593659754027E-11   5.9198113636610716E-21   2.0335650178392457E+03
   1.2976770000000000E+09   8.4842214759809984E+04   6.1987209356334359E-11   5.8692334634038696E-21   2.0317383187505238E+03
   1.2996770000000000E+09   8.5150254426111846E+04   6.1404557437597120E-11   5.8192127231354269E-21   2.0299411331750366E+03
   1.3016770000000000E+09   8.5458557985745123E+04   6.0829519867539684E-11   5.7697416496646011E-21   2.0281734478054402E+03
   1.3036770000000000E+09   8.5767119985491008E+04   6.0261980728581058E-11   5.7208128810829531E-21   2.0264352472594487E+03
   1.3056770000000000E+09   8.6075934447772437E+04   5.9701826194595937E-11   5.6724191858255176E-21   2.0247265140121951E+03
   1.3076770000000000E+09   8.6384994816065227E+04   5.9148944504900081E-11   5.6245534617922907E-21   2.0230472283264139E+03
   1.3096770000000000E+09   8.6694293901209094E+04   5.8603225937685510E-11   5.5772087353880508E-21   2.0213973681804025E+03
   1.3116770000000000E+09   8.7003823838104974E+04   5.8064562780442712E-11   5.5303781602447821E-21   2.0197769091940440E+03
   1.3136770000000000E+09   8.7313576067037677E+04   5.7532849293841292E-11   5.4840550152863559E-21   2.0181858245537740E+03
   1.3156770000000000E+09   8.7623541358432776E+04   5.7007981664581251E-11   5.4382327016996846E-21   2.0166240849381554E+03
   1.3176770000000000E+09   8.7933709902738570E+04   5.6489857942259199E-11   5.3929047383271223E-21   2.0150916584467400E+03
   1.3196770000000000E+09   8.8244071486312794E+04   5.5978377955786871E-11   5.3480647550371734E-21   2.0135885105359555E+03
   1.3216770000000000E+09   8.8554615767509822E+04   5.5473443206850613E-11   5.3037064838134316E-21   2.0121146039666628E+03
   1.3236770000000000E+09   8.8865332652976838E+04   5.4974956741633364E-11   5.2598237476577492E-21   2.0106698987684717E+03
   1.3256770000000000E+09   8.9176212752495296E+04   5.4482823007421429E-11   5.2164104479240844E-21   2.0092543522254748E+03
   1.3276770000000000E+09   8.9487247864089994E+04   5.3996947707071683E-11   5.1734605513171513E-21   2.0078679188865201E+03
   1.3296770000000000E+09   8.9798431415485931E+04   5.3517237670097548E-11   5.1309680783596630E-21   2.0065105506001830E+03
   1.3316770000000000E+09   9.0109758772059620E+04   5.3043600762229075E-11   5.0889270954485971E-21   2.0051821965706745E+03
   1.3336770000000000E+09   9.0421227324907115E+04   5.2575945853472664E-11   5.0473317124662344E-21   2.0038828034264129E+03
   1.3356770000000000E+09   9.0732836302580807E+04   5.2114182856449596E-11   5.0061760871360695E-21   2.0026123152891896E+03
   1.3376770000000000E+09   9.1044586306574114E+04   5.1658222832405932E-11   4.9654544359372637E-21   2.0013706738299254E+03
   1.3396770000000000E+09   9.1356478643405921E+04   5.1207978144522825E-11   4.9251610496739417E-21   2.0001578182982407E+03
   1.3416770000000000E+09   9.1668514594168038E+04   5.0763362622230082E-11   4.8852903102379205E-21   1.9989736855177287E+03
   1.3436770000000000E+09   9.1980694798874014E+04   5.0324291692503016E-11   4.8458367043221452E-21   1.9978182098465429E+03
   1.3456770000000000E+09   9.2293018915438501E+04   4.9890682439682692E-11   4.8067948303376792E-21   1.9966913231114775E+03
   1.3476770000000000E+09   9.2605485635731122E+04   4.9462453575167706E-11   4.7681593966662213E-21   1.9955929545306653E+03
   1.3496770000000000E+09   9.2918093023230438E+04   4.9039525327335799E-11   4.7299252121696125E-21   1.9945230306424619E+03
   1.3516770000000000E+09   9.3230839021266002E+04   4.8621819289813739E-11   4.6920871725745991E-21   1.9934814752547293E+03
   1.3536770000000000E+09   9.3543721919122647E+04   4.8209258280547597E-11   4.6546402477745121E-21   1.9924682094203745E+03
   1.3556770000000000E+09   9.3856740590319547E+04   4.7801766257009395E-11   4.6175794744481917E-21   1.9914831514347397E+03
   1.3576770000000000E+09   9.4169894428795713E+04   4.7399268305695481E-11   4.5808999558032984E-21   1.9905262168426591E+03
   1.3596770000000000E+09   9.4483183054913839E+04   4.7001690688740950E-11   4.5445968668420227E-21   1.9895973184410957E+03
   1.3616770000000000E+09   9.4796605969348951E+04   4.6608960904721494E-11   4.5086654610341967E-21   1.9886963662681999E+03
   1.3636770000000000E+09   9.5110162340022129E+04   4.6221007718451653E-11   4.4731010740260801E-21   1.9878232675784425E+03
   1.3656770000000000E+09   9.5423851010502665E+04   4.5837761137096682E-11   4.4378991221588803E-21   1.9869779268115542E+03
   1.3676770000000000E+09   9.5737670676871290E+04   4.5459152343545659E-11   4.4030550968176397E-21   1.9861602455656125E+03
   1.3696770000000000E+09   9.6051620083891437E+04   4.5085113621776938E-11   4.3685645579504488E-21   1.9853701225809459E+03
   1.3716770000000000E+09   9.6365698101709379E+04   4.4715578308169021E-11   4.3344231300512885E-21   1.9846074537342279E+03
   1.3736770000000000E+09   9.6679903648225125E+04   4.4350480779594954E-11   4.3006265016804863E-21   1.9838721320364896E+03
   1.3756770000000000E+09   9.6994235539031870E+04   4.3989756461713157E-11   4.2671704269385668E-21   1.9831640476283667E+03
   1.3776770000000000E+09   9.7308692388101845E+04   4.3633341829672467E-11   4.2340507262065673E-21   1.9824830877704469E+03
   1.3796770000000000E+09   9.7623272622422111E+04   4.3281174385437276E-11   4.2012632846100084E-21   1.9818291368319822E+03
   1.3816770000000000E+09   9.7937974569914964E+04   4.2933192619098504E-11   4.1688040489051365E-21   1.9812020762832542E+03
   1.3836770000000000E+09   9.8252796520845513E+04   4.2589335975712933E-11   4.1366690248720866E-21   1.9806017846940872E+03
   1.3856770000000000E+09   9.8567736683991679E+04   4.2249544844828561E-11   4.1048542768891463E-21   1.9800281377362762E+03
   1.3876770000000000E+09   9.8882792996305900E+04   4.1913760578568196E-11   4.0733559302759376E-21   1.9794810081841956E+03
   1.3896770000000000E+09   9.9197962655113748E+04   4.1581925553910143E-11   4.0421701779478346E-21   1.9789602659051945E+03
   1.3916770000000000E+09   9.9513240820006526E+04   4.1253983361763691E-11   4.0112932994548029E-21   1.9784657778219505E+03
   1.3936770000000000E+09   9.9828616797514362E+04   4.0929879388302325E-11   3.9807217183421083E-21   1.9779974077952561E+03
   1.3956770000000000E+09   1.0014406326652327E+05   4.0609562492541634E-11   3.9504521666505289E-21   1.9775550162829545E+03
   1.3976770000000000E+09   1.0045950771396834E+05   4.0292989498427892E-11   3.9204821245952884E-21   1.9771384594047790E+03
   1.3996770000000000E+09   1.0077476163503247E+05   3.9980136399379668E-11   3.8908109167743264E-21   1.9767475865323881E+03
   1.4016770000000000E+09   1.0108935773860219E+05   3.9671024290254782E-11   3.8614422494394084E-21   1.9763822344580951E+03
   1.4036770000000000E+09   1.0140220766155026E+05   3.9365774359179360E-11   3.8323895928909085E-21   1.9760422141964414E+03
   1.4056770000000000E+09   1.0171095873218014E+05   3.9064712480746236E-11   3.8036864246566265E-21   1.9757272832578851E+03
   1.4076770000000000E+09   1.0201095531963966E+05   3.8768541199499947E-11   3.7754030892429686E-21   1.9754370922684295E+03
   1.4096770000000000E+09   1.0229391632285937E+05   3.8478565890942032E-11   3.7476690140457139E-21   1.9751710926384094E+03
   1.4116770000000000E+09   1.0254696146349363E+05   3.8196877980099174E-11   3.7206908321028152E-21   1.9749283979435377E+03
   1.4136770000000000E+09   1.0275339912937491E+05   3.7926262800615965E-11   3.6947437266238551E-21   1.9747076160436488E+03
   1.4156770000000000E+09   1.0289707940755483E+05   3.7669508041039789E-11   3.6701042765267676E-21   1.9745067199700459E+03
   1.4176770000000000E+09   1.0297072153797551E+05   3.7427975716721700E-11   3.6469111741935570E-21   1.9743230913045863E+03
   1.4196770000000000E+09   1.0298453980357392E+05   3.7199978264134310E-11   3.6250062019155819E-21   1.9741538889252049E+03
   1.4216770000000000E+09   1.0296740181418881E+05   3.6980327609228679E-11   3.6038888712860049E-21   1.9739967579868742E+03
   1.4236770000000000E+09   1.0295588548087963E+05   3.6762151947469455E-11   3.5828920725739072E-21   1.9738505689744047E+03
   1.4256770000000000E+09   1.0298001101291584E+05   3.6539785211618872E-11   3.5614633167527817E-21   1.9737156566906776E+03
   1.4276770000000000E+09   1.0306341826505662E+05   3.6309328746745636E-11   3.5392203717458379E-21   1.9735934110578276E+03
   1.4296770000000000E+09   1.0323987883016853E+05   3.6065917047439667E-11   3.5156854391869498E-21   1.9734859584748315E+03
   1.4316770000000000E+09   1.0354089669251343E+05   3.5801624287035675E-11   3.4900807715698015E-21   1.9733963659973911E+03
   1.4336770000000000E+09   1.0414558651531546E+05   3.5520537087048950E-11   3.4627926273914620E-21   1.9733317848445522E+03
   1.4356770000000000E+09   1.0317343003363702E+05   3.5112338825782801E-11   3.4230794401919150E-21   1.9732851707873117E+03
   6.5767700000000000E+08  -6.9124981743665176E+03   3.8458218452196770E-13   3.9321828544001978E-24   1.1857497537350409E+03
   6.5967700000000000E+08  -5.7974252193142947E+03   7.5231876255492982E-13   7.3757687135207365E-24   1.2366083924746324E+03
   6.6167700000000000E+08  -4.7943855593182070E+03   1.1702686887335744E-12   1.1074427994577343E-23   1.2811555666902507E+03
   6.6367700000000000E+08  -3.7423744847030885E+03   1.6169001780580245E-12   1.4923496529496445E-23   1.3135608808748991E+03
   6.6567700000000000E+08  -2.6035268997547223E+03   2.0697345786704146E-12   1.8730621935560010E-23   1.3396768222244273E+03
   6.6767700000000000E+08  -1.5087142944551424E+03   2.5328402534963302E-12   2.2545112845043050E-23   1.3620497553802479E+03
   6.6967700000000000E+08  -5.9003241704231334E+02   3.0302975886725636E-12   2.6500853982151712E-23   1.3863184316248335E+03
   6.7167700000000000E+08  -1.5408918961532689E+02   3.6189743379183215E-12   3.0709263641966536E-23   1.4287415898095619E+03
   6.7367700000000000E+08  -1.1708227272863824E+03   4.4217441642678337E-12   3.4575221572705788E-23   1.5504802040520790E+03
   6.7567700000000000E+08  -5.9270973574617619E+03   5.7149203306942554E-12   3.7233587997592196E-23   1.8608564749688442E+03
   6.7767700000000000E+08  -1.5982565726552184E+04   7.8074470014948863E-12   4.1102961683404163E-23   2.3028917023366976E+03
   6.7967700000000000E+08  -2.9091586691588505E+04   1.0891616224030222E-11   4.9224684595344281E-23   2.6825447427713939E+03
   6.8167700000000000E+08  -4.1533098386550839E+04   1.5311410101110981E-11   6.3666596435381322E-23   2.9156886191601543E+03
   6.8367700000000000E+08  -5.0288679918105765E+04   2.1570695498944298E-11   8.6703958760108414E-23   3.0162185557815997E+03
   6.8567700000000000E+08  -5.4257500103696868E+04   3.0242103775612386E-11   1.2099183207600568E-22   3.0303551710977131E+03
   6.8767700000000000E+08  -5.4106151736390195E+04   4.1868878229214939E-11   1.6912021032177308E-22   3.0014658158735506E+03
   6.8967700000000000E+08  -5.1254613916304137E+04   5.6846600677885671E-11   2.3290627528259423E-22   2.9591085447123469E+03
   6.9167700000000000E+08  -4.7024050585627214E+04   7.5292221330382207E-11   3.1266147599288994E-22   2.9195325581649313E+03
   6.9367700000000000E+08  -4.2272672452521692E+04   9.6947684934177904E-11   4.0675220859089404E-22   2.8896491083675387E+03
   6.9567700000000000E+08  -3.7396827819917104E+04   1.2117688075318501E-10   5.1170211736584410E-22   2.8710459369161472E+03
   6.9767700000000000E+08  -3.2489857367419150E+04   1.4707221114395536E-10   6.2282587190692187E-22   2.8628695773030231E+03
   6.9967700000000000E+08  -2.7503574784375218E+04   1.7362603724209233E-10   7.3512275080723726E-22   2.8634695941754821E+03
   7.0167700000000000E+08  -2.2353082774019469E+04   1.9989717491451622E-10   8.4408673706674578E-22   2.8711584889749088E+03
   7.0367700000000000E+08  -1.6968945630632057E+04   2.2512200263138065E-10   9.4621007075534957E-22   2.8844828672785757E+03
   7.0567700000000000E+08  -1.1316022919740188E+04   2.4875658160722418E-10   1.0391397101219199E-21   2.9022727555430488E+03
   7.0767700000000000E+08  -5.3940554947183564E+03   2.7046472510448286E-10   1.1215765616910767E-21   2.9236090149236484E+03
   7.0967700000000000E+08   7.7094784075726329E+02   2.9007773880564431E-10   1.1930487877571143E-21   2.9477712846265936E+03
   7.1167700000000000E+08   7.1494809849726989E+03   3.0755570936437574E-10   1.2536969975498925E-21   2.9741905820352049E+03
   7.1367700000000000E+08   1.3683733478554303E+04   3.2290355309176449E-10   1.3038732312967014E-21   3.0024448637493551E+03
   7.1567700000000000E+08   2.0288153092852353E+04   3.3618263811379168E-10   1.3441769461462134E-21   3.0321900941752192E+03
   7.1767700000000000E+08   2.6904500822732280E+04   3.4753495515455450E-10   1.3755893110263698E-21   3.0630020424326062E+03
   7.1967700000000000E+08   3.3501363872014721E+04   3.5708234225910553E-10   1.3989668265371483E-21   3.0945574156229209E+03
   7.2167700000000000E+08   4.0049696692403500E+04   3.6494318741396439E-10   1.4151096147721338E-21   3.1266031813109380E+03
   7.2367700000000000E+08   4.6524875751536951E+04   3.7123110793654358E-10   1.4247575261502085E-21   3.1589371700464662E+03
   7.2567700000000000E+08   5.2907880868353495E+04   3.7605548053514147E-10   1.4285941100708762E-21   3.1913956844005265E+03
   7.2767700000000000E+08   5.9185838925486016E+04   3.7952278801196458E-10   1.4272538062931533E-21   3.2238456018144889E+03
   7.2967700000000000E+08   6.5352056303379577E+04   3.8173807619847089E-10   1.4213295010111169E-21   3.2561791906236140E+03
   7.3167700000000000E+08   7.1405622024226075E+04   3.8280604036803652E-10   1.4113786830436367E-21   3.2883104647073510E+03
   7.3367700000000000E+08   7.7350659326782232E+04   3.8283145879280016E-10   1.3979272768141928E-21   3.3201723273885841E+03
   7.3567700000000000E+08   8.3195330581970557E+04   3.8191888886028313E-10   1.3814709683964022E-21   3.3517140647511242E+03
   7.3767700000000000E+08   8.8950723221652283E+04   3.8017172050117478E-10   1.3624744483851387E-21   3.3828989732194218E+03
   7.3967700000000000E+08   9.4629746538891908E+04   3.7769080629155462E-10   1.3413693719567670E-21   3.4137020585379828E+03
   7.4167700000000000E+08   1.0024614931251820E+05   3.7457293969323562E-10   1.3185519500596387E-21   3.4441078316954790E+03
   7.4367700000000000E+08   1.0581372534929731E+05   3.7090943439087116E-10   1.2943809667750013E-21   3.4741082632732036E+03
   7.4567700000000000E+08   1.1134573227713525E+05   3.6678498842542148E-10   1.2691767488553439E-21   3.5037009573658438E+03
   7.4767700000000000E+08   1.1685451306258536E+05   3.6227692956419952E-10   1.2432213103429876E-21   3.5328875861477914E+03
   7.4967700000000000E+08   1.2235128780637027E+05   3.5745485764057823E-10   1.2167596362412771E-21   3.5616725998565275E+03
   7.5167700000000000E+08   1.2784607445438170E+05   3.5238064115146848E-10   1.1900018985500487E-21   3.5900622033348423E+03
   7.5367700000000000E+08   1.3334769796109438E+05   3.4710869323929797E-10   1.1631263197870866E-21   3.6180635735174883E+03
   7.5567700000000000E+08   1.3886385386381217E+05   3.4168644268930784E-10   1.1362823942716303E-21   3.6456842831178233E+03
   7.5767700000000000E+08   1.4440120062590102E+05   3.3615492158709750E-10   1.1095942181586787E-21   3.6729318930398986E+03
   7.5967700000000000E+08   1.4996546317186792E+05   3.3054940549609190E-10   1.0831637399811201E-21   3.6998136777473565E+03
   7.6167700000000000E+08   1.5556153663576802E+05   3.2490005874246688E-10   1.0570738060238721E-21   3.7263364520456585E+03
   7.6367700000000000E+08   1.6119358417652154E+05   3.1923255306124783E-10   1.0313909288668716E-21   3.7525064729811779E+03
   7.6567700000000000E+08   1.6686512594352313E+05   3.1356864072260195E-10   1.0061677488048581E-21   3.7783293958376871E+03
   7.6767700000000000E+08   1.7257911825511305E+05   3.0792667285758238E-10   9.8144518649859639E-22   3.8038102679644999E+03
   7.6967700000000000E+08   1.7833802315302947E+05   3.0232206029947999E-10   9.5725430308232253E-22   3.8289535481664520E+03
   7.7167700000000000E+08   1.8414386903163383E+05   2.9676767842613054E-10   9.3361789365948540E-22   3.8537631425893696E+03
   7.7367700000000000E+08   1.8999830324351054E+05   2.9127421986392217E-10   9.1055184416720617E-22   3.8782424505179765E+03
   7.7567700000000000E+08   1.9590263760858701E+05   2.8585050005752266E-10   8.8806628202977242E-22   3.9023944153826005E+03
   7.7767700000000000E+08   2.0185788769794680E+05   2.8050372106207524E-10   8.6616654937042921E-22   3.9262215776698149E+03
   7.7967700000000000E+08   2.0786480667958007E+05   2.7523969879652560E-10   8.4485402484674933E-22   3.9497261274611628E+03
   7.8167700000000000E+08   2.1392391442797866E+05   2.7006305862481748E-10   8.2412681707942316E-22   3.9729099550758197E+03
   7.8367700000000000E+08   2.2003552252330899E+05   2.6497740364465275E-10   8.0398034954791470E-22   3.9957746988387476E+03
   7.8567700000000000E+08   2.2619975570098794E+05   2.5998545954500909E-10   7.8440785393802321E-22   4.0183217893906158E+03
   7.8767700000000000E+08   2.3241657025710557E+05   2.5508919939061397E-10   7.6540078634087170E-22   4.0405524902392613E+03
   7.8967700000000000E+08   2.3868576986643905E+05   2.5028995122780104E-10   7.4694917844726206E-22   4.0624679344540687E+03
   7.9167700000000000E+08   2.4500701922507715E+05   2.4558849099147189E-10   7.2904193394606613E-22   4.0840691575458350E+03
   7.9367700000000000E+08   2.5137985588698176E+05   2.4098512282916324E-10   7.1166707869277702E-22   4.1053571266706331E+03
   7.9567700000000000E+08   2.5780370062206677E+05   2.3647974864322901E-10   6.9481197183000577E-22   4.1263327663587570E+03
   7.9767700000000000E+08   2.6427786658226128E+05   2.3207192838166055E-10   6.7846348388032285E-22   4.1469969810071607E+03
   7.9967700000000000E+08   2.7080156752170069E+05   2.2776093237721048E-10   6.6260814686042675E-22   4.1673506743926946E+03
   8.0167700000000000E+08   2.7737392527821119E+05   2.2354578683826507E-10   6.4723228065453247E-22   4.1873947664688740E+03
   8.0367700000000000E+08   2.8399397668629733E+05   2.1942531342868008E-10   6.3232209920847258E-22   4.2071302077045266E+03
   8.0567700000000000E+08   2.9066068005751533E+05   2.1539816373333421E-10   6.1786379954223665E-22   4.2265579912118510E+03
   8.0767700000000000E+08   2.9737292133303639E+05   2.1146284928764135E-10   6.0384363610875023E-22   4.2456791628962510E+03
   8.0967700000000000E+08   3.0412951998576755E+05   2.0761776774943919E-10   5.9024798263493774E-22   4.2644948298428390E+03
   8.1167700000000000E+08   3.1092923472580238E+05   2.0386122570761030E-10   5.7706338325420175E-22   4.2830061671357889E+03
   8.1367700000000000E+08   3.1777076904335513E+05   2.0019145855102981E-10   5.6427659446630709E-22   4.3012144232882465E+03
   8.1567700000000000E+08   3.2465277660756465E+05   1.9660664776182204E-10   5.5187461923208214E-22   4.3191209244424281E+03
   8.1767700000000000E+08   3.3157386652744707E+05   1.9310493594664974E-10   5.3984473431865515E-22   4.3367270774828985E+03
   8.1967700000000000E+08   3.3853260847256077E+05   1.8968443987730496E-10   5.2817451184980605E-22   4.3540343721906211E+03
   8.2167700000000000E+08   3.4552753764521045E+05   1.8634326177596615E-10   5.1685183588026158E-22   4.3710443825516932E+03
   8.2367700000000000E+08   3.5255715959292272E+05   1.8307949905003929E-10   5.0586491469807817E-22   4.3877587673225516E+03
   8.2567700000000000E+08   3.5961995484894799E+05   1.7989125265565823E-10   4.9520228946220470E-22   4.4041792699428861E+03
   8.2767700000000000E+08   3.6671438338934211E+05   1.7677663424694365E-10   4.8485283970001921E-22   4.4203077178783296E+03
   8.2967700000000000E+08   3.7383888889720343E+05   1.7373377224940564E-10   4.7480578611973197E-22   4.4361460214671488E+03
   8.3167700000000000E+08   3.8099190282753570E+05   1.7076081697994290E-10   4.6505069113315344E-22   4.4516961723382774E+03
   8.3367700000000000E+08   3.8817184826952388E+05   1.6785594492229660E-10   4.5557745743376526E-22   4.4669602414620922E+03
   8.3567700000000000E+08   3.9537714360635885E+05   1.6501736225522118E-10   4.4637632493198139E-22   4.4819403768900156E+03
   8.3767700000000000E+08   4.0260620597586350E+05   1.6224330772070251E-10   4.3743786631272205E-22   4.4966388012342659E+03
   8.3967700000000000E+08   4.0985745453768567E+05   1.5953205491101948E-10   4.2875298144896221E-22   4.5110578089344881E+03
   8.4167700000000000E+08   4.1712931355466525E+05   1.5688191404603739E-10   4.2031289087777295E-22   4.5251997633538449E+03
   8.4367700000000000E+08   4.2442021529692120E+05   1.5429123330563551E-10   4.1210912852184813E-22   4.5390670937428504E+03
   8.4567700000000000E+08   4.3172860277726466E+05   1.5175839977637907E-10   4.0413353381879339E-22   4.5526622921052731E+03
   8.4767700000000000E+08   4.3905293232578953E+05   1.4928184006628563E-10   3.9637824340202491E-22   4.5659879099962000E+03
   8.4967700000000000E+08   4.4639167601000017E+05   1.4686002063665378E-10   3.8883568246042260E-22   4.5790465552785017E+03
   8.5167700000000000E+08   4.5374332390485285E+05   1.4449144789529831E-10   3.8149855588853385E-22   4.5918408888599088E+03
   8.5367700000000000E+08   4.6110638621477562E+05   1.4217466809109160E-10   3.7435983932481939E-22   4.6043736214291830E+03
   8.5567700000000000E+08   4.6847939524742222E+05   1.3990826704538774E-10   3.6741277016195918E-22   4.6166475102063696E+03
   8.5767700000000000E+08   4.7586090723680874E+05   1.3769086975168404E-10   3.6065083860049282E-22   4.6286653557187819E+03
   8.5967700000000000E+08   4.8324950401180296E+05   1.3552113987076986E-10   3.5406777880502741E-22   4.6404299986116266E+03
   8.6167700000000000E+08   4.9064379450490884E+05   1.3339777914463606E-10   3.4765756021090780E-22   4.6519443164996519E+03
   8.6367700000000000E+08   4.9804241609598504E+05   1.3131952674863869E-10   3.4141437901873025E-22   4.6632112208642384E+03
   8.6567700000000000E+08   5.0544403578604327E+05   1.2928515859786082E-10   3.3533264990443862E-22   4.6742336539988910E+03
   8.6767700000000000E+08   5.1284735119753500E+05   1.2729348662036826E-10   3.2940699796412059E-22   4.6850145860050525E+03
   8.6967700000000000E+08   5.2025109139947942E+05   1.2534335800715397E-10   3.2363225090509635E-22   4.6955570118395453E+03
   8.7167700000000000E+08   5.2765401755829435E+05   1.2343365444604733E-10   3.1800343148851793E-22   4.7058639484147761E+03
   8.7367700000000000E+08   5.3505492341799638E+05   1.2156329134476116E-10   3.1251575022351963E-22   4.7159384317529566E+03
   8.7567700000000000E+08   5.4245263561641600E+05   1.1973121704657167E-10   3.0716459830898400E-22   4.7257835141959158E+03
   8.7767700000000000E+08   5.4984601384697412E+05   1.1793641204084339E-10   3.0194554081608910E-22   4.7354022616726324E+03
   8.7967700000000000E+08   5.5723395087817428E+05   1.1617788816972711E-10   2.9685431010298333E-22   4.7447977510271239E+03
   8.8167700000000000E+08   5.6461537244524190E+05   1.1445468783179348E-10   2.9188679945194784E-22   4.7539730674100319E+03
   8.8367700000000000E+08   5.7198923703012487E+05   1.1276588318308136E-10   2.8703905691916687E-22   4.7629313017375853E+03
   8.8567700000000000E+08   5.7935453554769233E+05   1.1111057533592813E-10   2.8230727938740795E-22   4.7716755482221943E+03
   8.8767700000000000E+08   5.8671029095791862E+05   1.0948789355589412E-10   2.7768780681224160E-22   4.7802089019791929E+03
   8.8967700000000000E+08   5.9405555782787083E+05   1.0789699445683799E-10   2.7317711665223350E-22   4.7885344567145066E+03
   8.9167700000000000E+08   6.0138942187706335E+05   1.0633706119333187E-10   2.6877181847177460E-22   4.7966553024985578E+03
   8.9367700000000000E+08   6.0871099956298980E+05   1.0480730264730899E-10   2.6446864869983600E-22   4.8045745236326002E+03
   8.9567700000000000E+08   6.1601943781542813E+05   1.0330695260066065E-10   2.6026446551530145E-22   4.8122951966158353E+03
   8.9767700000000000E+08   6.2331391413298144E+05   1.0183526887530580E-10   2.5615624380433252E-22   4.8198203882259149E+03
   8.9967700000000000E+08   6.3059363744511444E+05   1.0039153240461383E-10   2.5214107009146320E-22   4.8271531537330611E+03
   9.0167700000000000E+08   6.3785785043604719E+05   9.8975046174612502E-11   2.4821613728314172E-22   4.8342965352797582E+03
   9.0367700000000000E+08   6.4510583436757710E+05   9.7585133947738268E-11   2.4437873899944277E-22   4.8412535604735240E+03
   9.0567700000000000E+08   6.5233691757629311E+05   9.6221138681891006E-11   2.4062626327160606E-22   4.8480272412552731E+03
   9.0767700000000000E+08   6.5955048815462412E+05   9.4882420639125547E-11   2.3695618558886578E-22   4.8546205731122827E+03
   9.0967700000000000E+08   6.6674600886284315E+05   9.3568355424344410E-11   2.3336606189239870E-22   4.8610365346890203E+03
   9.1167700000000000E+08   6.7392302713791572E+05   9.2278332665196040E-11   2.2985352328322624E-22   4.8672780877933174E+03
   9.1367700000000000E+08   6.8108116575732117E+05   9.1011756646672261E-11   2.2641627569742570E-22   4.8733481776711842E+03
   9.1567700000000000E+08   6.8822007474679942E+05   8.9768050511986971E-11   2.2305210852352928E-22   4.8792497331766772E+03
   9.1767700000000000E+08   6.9533933215167362E+05   8.8546664797421156E-11   2.1975891402836237E-22   4.8849856660110045E+03
   9.1967700000000000E+08   7.0243831071614765E+05   8.7347088302347219E-11   2.1653471261495919E-22   4.8905588675620274E+03
   9.2167700000000000E+08   7.0951607655978750E+05   8.6168855098602349E-11   2.1337766860826384E-22   4.8959722014465906E+03
   9.2367700000000000E+08   7.1657141977554606E+05   8.5011539077193182E-11   2.1028607538891614E-22   4.9012284910386606E+03
   9.2567700000000000E+08   7.2360307797406241E+05   8.3874731594976062E-11   2.0725829898716620E-22   4.9063305051571633E+03
   9.2767700000000000E+08   7.3061007248548232E+05   8.2758010631847787E-11   2.0429270077742465E-22   4.9112809514608516E+03
   9.2967700000000000E+08   7.3759192694778659E+05   8.1660922024459738E-11   2.0138758962753061E-22   4.9160824898599085E+03
   9.3167700000000000E+08   7.4454861801639560E+05   8.0582984016869184E-11   1.9854123117978388E-22   4.9207377623401426E+03
   9.3367700000000000E+08   7.5148041653602535E+05   7.9523698951770494E-11   1.9575187470710364E-22   4.9252494241833847E+03
   9.3567700000000000E+08   7.5838813136555220E+05   7.8482515774871993E-11   1.9301765929346756E-22   4.9296201667783116E+03
   9.3767700000000000E+08   7.6527456356344349E+05   7.7458646496874796E-11   1.9033616360231468E-22   4.9338526915544389E+03
   9.3967700000000000E+08   7.7214705371538119E+05   7.6450769627586961E-11   1.8770368144004440E-22   4.9379496529304015E+03
   9.4167700000000000E+08   7.7901840208530438E+05   7.5456977771978983E-11   1.8511509325949388E-22   4.9419137654834240E+03
   9.4367700000000000E+08   7.8590272834857344E+05   7.4475348374053400E-11   1.8256525614339285E-22   4.9457481692500078E+03
   9.4567700000000000E+08   7.9280727032713697E+05   7.3504914746742427E-11   1.8005137250811154E-22   4.9494566889657071E+03
   9.4767700000000000E+08   7.9972645976082177E+05   7.2546237317088576E-11   1.7757439156101690E-22   4.9530435124494761E+03
   9.4967700000000000E+08   8.0664347986631852E+05   7.1601056583992129E-11   1.7513817356495526E-22   4.9565124456630992E+03
   9.5167700000000000E+08   8.1353851725194661E+05   7.0671273044519033E-11   1.7274702168463954E-22   4.9598658750053173E+03
   9.5367700000000000E+08   8.2040115777014347E+05   6.9758445547186671E-11   1.7040435879097551E-22   4.9631074923583783E+03
   9.5567700000000000E+08   8.2718773351359332E+05   6.8865710233247532E-11   1.6811783747905456E-22   4.9662299212383887E+03
   9.5767700000000000E+08   8.3384435415397410E+05   6.7998278571701924E-11   1.6589909392088571E-22   4.9692573709973058E+03
   9.5967700000000000E+08   8.4044527041672729E+05   6.7147752188208331E-11   1.6372831522551659E-22   4.9721620256528531E+03
   9.6167700000000000E+08   8.4700913512165390E+05   6.6311912089837314E-11   1.6159935636525626E-22   4.9749590521423288E+03
   9.6367700000000000E+08   8.5354205894156976E+05   6.5489847689331423E-11   1.5950975470795509E-22   4.9776495792234118E+03
   9.6567700000000000E+08   8.6004571736720356E+05   6.4681116233983961E-11   1.5745818722490872E-22   4.9802351048329338E+03
   9.6767700000000000E+08   8.6652058233107137E+05   6.3885400960428209E-11   1.5544363405581679E-22   4.9827175591930891E+03
   9.6967700000000000E+08   8.7296677753697103E+05   6.3102424590855652E-11   1.5346517785199363E-22   4.9850989807726546E+03
   9.7167700000000000E+08   8.7938431393751735E+05   6.2331927736142032E-11   1.5152195408053462E-22   4.9873814116992053E+03
   9.7367700000000000E+08   8.8577316877964570E+05   6.1573661652846328E-11   1.4961313371999544E-22   4.9895668733123530E+03
   9.7567700000000000E+08   8.9213331700547645E+05   6.0827384941105472E-11   1.4773791497202588E-22   4.9916573608501430E+03
   9.7767700000000000E+08   8.9846474395736377E+05   6.0092862050810196E-11   1.4589551926909394E-22   4.9936548422863953E+03
   9.7967700000000000E+08   9.0476744982816442E+05   5.9369862736146745E-11   1.4408518958006460E-22   4.9955612581044816E+03
   9.8167700000000000E+08   9.1104145050961745E+05   5.8658161912088905E-11   1.4230618970259596E-22   4.9973785213067349E+03
   9.8367700000000000E+08   9.1728677664122498E+05   5.7957539646822521E-11   1.4055780389669582E-22   4.9991085175758699E+03
   9.8567700000000000E+08   9.2350347179912962E+05   5.7267781178109659E-11   1.3883933658950725E-22   5.0007531054916271E+03
   9.8767700000000000E+08   9.2969159069822624E+05   5.6588676894867445E-11   1.3715011201221516E-22   5.0023141166638388E+03
   9.8967700000000000E+08   9.3585119742242782E+05   5.5920022304617977E-11   1.3548947381835300E-22   5.0037933557889201E+03
   9.9167700000000000E+08   9.4198236222566653E+05   5.5261618113986434E-11   1.3385678498814974E-22   5.0051926007326610E+03
   9.9367700000000000E+08   9.4808515459083347E+05   5.4613270589969220E-11   1.3225142842283474E-22   5.0065136026871069E+03
   9.9567700000000000E+08   9.5415963077892875E+05   5.3974792282727234E-11   1.3067280842131486E-22   5.0077580864649881E+03
   9.9767700000000000E+08   9.6020581756142061E+05   5.3346002894102026E-11   1.2912035252229230E-22   5.0089277506706185E+03
   9.9967700000000000E+08   9.6622369793004857E+05   5.2726729788647477E-11   1.2759351249253637E-22   5.0100242677794940E+03
   1.0016770000000000E+09   9.7221321038787579E+05   5.2116807338455154E-11   1.2609176251995137E-22   5.0110492835676705E+03
   1.0036770000000000E+09   9.7817427348320908E+05   5.1516074467921185E-11   1.2461459308331250E-22   5.0120044157771199E+03
   1.0056770000000000E+09   9.8410683778055955E+05   5.0924370571298293E-11   1.2316150089314629E-22   5.0128912530964535E+03
   1.0076770000000000E+09   9.9001095632770192E+05   5.0341530761956021E-11   1.2173197721535096E-22   5.0137113548852185E+03
   1.0096770000000000E+09   9.9588685133657826E+05   4.9767382075235418E-11   1.2032549846409881E-22   5.0144662531014328E+03
   1.0116770000000000E+09   1.0017349535407961E+06   4.9201742022417951E-11   1.1894152242749085E-22   5.0151574570116472E+03
   1.0136770000000000E+09   1.0075559074845617E+06   4.8644419479610904E-11   1.1757949019351459E-22   5.0157864560323151E+03
   1.0156770000000000E+09   1.0133505313506996E+06   4.8095218906606876E-11   1.1623883613638337E-22   5.0163547222336392E+03
   1.0176770000000000E+09   1.0191197085471175E+06   4.7553948266590519E-11   1.1491900669676440E-22   5.0168637193482809E+03
   1.0196770000000000E+09   1.0248642603318787E+06   4.7020426768160865E-11   1.1361947893113682E-22   5.0173149033276995E+03
   1.0216770000000000E+09   1.0305848472944462E+06   4.6494490259548299E-11   1.1233977353551566E-22   5.0177097162350401E+03
   1.0236770000000000E+09   1.0362818997269734E+06   4.5975994221393760E-11   1.1107946196884404E-22   5.0180495843207009E+03
   1.0256770000000000E+09   1.0419555931388400E+06   4.5464813691948677E-11   1.0983816624516481E-22   5.0183359127066269E+03
   1.0276770000000000E+09   1.0476058674837884E+06   4.4960840605239652E-11   1.0861555247199550E-22   5.0185700804359994E+03
   1.0296770000000000E+09   1.0532324788704645E+06   4.4463979496196275E-11   1.0741132042249230E-22   5.0187534367769731E+03
   1.0316770000000000E+09   1.0588350678098074E+06   4.3974142664396506E-11   1.0622519177155372E-22   5.0188872991678081E+03
   1.0336770000000000E+09   1.0644132285442094E+06   4.3491245719769722E-11   1.0505689922748344E-22   5.0189729527712761E+03
   1.0356770000000000E+09   1.0699665679947566E+06   4.3015204099855280E-11   1.0390617799027750E-22   5.0190116513079274E+03
   1.0376770000000000E+09   1.0754947482077519E+06   4.2545930789599685E-11   1.0277276010359113E-22   5.0190046187113057E+03
   1.0396770000000000E+09   1.0809975110977974E+06   4.2083335188090956E-11   1.0165637157466716E-22   5.0189530511652283E+03
   1.0416770000000000E+09   1.0864746877363655E+06   4.1627322893802554E-11   1.0055673171693055E-22   5.0188581191851490E+03
   1.0436770000000000E+09   1.0919261961642941E+06   4.1177796116606179E-11   9.9473554014450981E-23   5.0187209695342408E+03
   1.0456770000000000E+09   1.0973520320135846E+06   4.0734654440341388E-11   9.8406547842841850E-23   5.0185427268739049E+03
   1.0476770000000000E+09   1.1027522556362646E+06   4.0297795717348391E-11   9.7355420518878080E-23   5.0183244951233592E+03
   1.0496770000000000E+09   1.1081269784556502E+06   3.9867116946296659E-11   9.6319879319167712E-23   5.0180673585464638E+03
   1.0516770000000000E+09   1.1134763502424178E+06   3.9442515048057933E-11   9.5299633260963955E-23   5.0177723826055462E+03
   1.0536770000000000E+09   1.1188005481842803E+06   3.9023887502464129E-11   9.4294394554280210E-23   5.0174406146261836E+03
   1.0556770000000000E+09   1.1240997680331466E+06   3.8611132840333240E-11   9.3303879710721667E-23   5.0170730843136971E+03
   1.0576770000000000E+09   1.1293742172584366E+06   3.8204151002965565E-11   9.2327810337595526E-23   5.0166708041568399E+03
   1.0596770000000000E+09   1.1346241099569572E+06   3.7802843589330528E-11   9.1365913665357845E-23   5.0162347697481246E+03
   1.0616770000000000E+09   1.1398496632082805E+06   3.7407114013079682E-11   9.0417922861217572E-23   5.0157659600441239E+03
   1.0636770000000000E+09   1.1450510945682838E+06   3.7016867590197664E-11   8.9483577178628480E-23   5.0152653375845002E+03
   1.0656770000000000E+09   1.1502286204278218E+06   3.6632011575344336E-11   8.8562621985840439E-23   5.0147338486842673E+03
   1.0676770000000000E+09   1.1553824550078118E+06   3.6252455161783040E-11   8.7654808709143439E-23   5.0141724236100636E+03
   1.0696770000000000E+09   1.1605128098054780E+06   3.5878109456759089E-11   8.6759894719189345E-23   5.0135819767484536E+03
   1.0716770000000000E+09   1.1656198933456843E+06   3.5508887441466777E-11   8.5877643182256606E-23   5.0129634067716188E+03
   1.0736770000000000E+09   1.1707039111256683E+06   3.5144703922374873E-11   8.5007822892653057E-23   5.0123175968038777E+03
   1.0756770000000000E+09   1.1757650656712200E+06   3.4785475478679193E-11   8.4150208097658027E-23   5.0116454145907592E+03
   1.0776770000000000E+09   1.1808035566477112E+06   3.4431120409012622E-11   8.3304578322474629E-23   5.0109477126713264E+03
   1.0796770000000000E+09   1.1858195809900854E+06   3.4081558679270962E-11   8.2470718199608696E-23   5.0102253285536808E+03
   1.0816770000000000E+09   1.1908133330313447E+06   3.3736711872504927E-11   8.1648417304907349E-23   5.0094790848932544E+03
   1.0836770000000000E+09   1.1957850046195372E+06   3.3396503141240307E-11   8.0837470001072664E-23   5.0087097896734058E+03
   1.0856770000000000E+09   1.2007347852191427E+06   3.3060857162265795E-11   8.0037675288687920E-23   5.0079182363879536E+03
   1.0876770000000000E+09   1.2056628619955725E+06   3.2729700093779671E-11   7.9248836664439938E-23   5.0071052042251367E+03
   1.0896770000000000E+09   1.2105694198824216E+06   3.2402959534748163E-11   7.8470761986125855E-23   5.0062714582527997E+03
   1.0916770000000000E+09   1.2154546416315755E+06   3.2080564486323092E-11   7.7703263344028412E-23   5.0054177496042366E+03
   1.0936770000000000E+09   1.2203187078466839E+06   3.1762445315176853E-11   7.6946156938265900E-23   5.0045448156644306E+03
   1.0956770000000000E+09   1.2251617970013518E+06   3.1448533718609731E-11   7.6199262961722148E-23   5.0036533802561571E+03
   1.0976770000000000E+09   1.2299840854442846E+06   3.1138762691281421E-11   7.5462405488153683E-23   5.0027441538255616E+03
   1.0996770000000000E+09   1.2347857473944186E+06   3.0833066493413757E-11   7.4735412365059388E-23   5.0018178336269211E+03
   1.1016770000000000E+09   1.2395669549294205E+06   3.0531380620317229E-11   7.4018115110914642E-23   5.0008751039062117E+03
   1.1036770000000000E+09   1.2443278779709192E+06   3.0233641773104129E-11   7.3310348816395146E-23   4.9999166360832996E+03
   1.1056770000000000E+09   1.2490686842692194E+06   2.9939787830474144E-11   7.2611952049270389E-23   4.9989430889327459E+03
   1.1076770000000000E+09   1.2537895393895665E+06   2.9649757821477471E-11   7.1922766762699416E-23   4.9979551087629097E+03
   1.1096770000000000E+09   1.2584906067010765E+06   2.9363491899183074E-11   7.1242638206710477E-23   4.9969533295935362E+03
   1.1116770000000000E+09   1.2631720473686310E+06   2.9080931315197414E-11   7.0571414842697096E-23   4.9959383733315717E+03
   1.1136770000000000E+09   1.2678340203473368E+06   2.8802018394992121E-11   6.9908948260791676E-23   4.9949108499452732E+03
   1.1156770000000000E+09   1.2724766823786420E+06   2.8526696514007102E-11   6.9255093100001182E-23   4.9938713576365244E+03
   1.1176770000000000E+09   1.2771001879869143E+06   2.8254910074501385E-11   6.8609706971004539E-23   4.9928204830112891E+03
   1.1196770000000000E+09   1.2817046894751543E+06   2.7986604483126123E-11   6.7972650381517471E-23   4.9917588012481528E+03
   1.1216770000000000E+09   1.2862903369185464E+06   2.7721726129195766E-11   6.7343786664137326E-23   4.9906868762648173E+03
   1.1236770000000000E+09   1.2908572781546647E+06   2.7460222363634847E-11   6.6722981906582546E-23   4.9896052608825530E+03
   1.1256770000000000E+09   1.2954056587694068E+06   2.7202041478576833E-11   6.6110104884243086E-23   4.9885144969884577E+03
   1.1276770000000000E+09   1.2999356220780076E+06   2.6947132687591648E-11   6.5505026994957561E-23   4.9874151156954649E+03
   1.1296770000000000E+09   1.3044473091008384E+06   2.6695446106516639E-11   6.4907622195930994E-23   4.9863076374999819E+03
   1.1316770000000000E+09   1.3089408585340541E+06   2.6446932734865886E-11   6.4317766942706301E-23   4.9851925724371422E+03
   1.1336770000000000E+09   1.3134164067156061E+06   2.6201544437787831E-11   6.3735340130093517E-23   4.9840704202335737E+03
   1.1356770000000000E+09   1.3178740875875175E+06   2.5959233928539887E-11   6.3160223034957625E-23   4.9829416704575824E+03
   1.1376770000000000E+09   1.3223140326558140E+06   2.5719954751443725E-11   6.2592299260752760E-23   4.9818068026668434E+03
   1.1396770000000000E+09   1.3267363709499352E+06   2.5483661265280272E-11   6.2031454683683807E-23   4.9806662865533872E+03
   1.1416770000000000E+09   1.3311412289838432E+06   2.5250308627081784E-11   6.1477577400367054E-23   4.9795205820861156E+03
   1.1436770000000000E+09   1.3355287307215245E+06   2.5019852776271168E-11   6.0930557676850401E-23   4.9783701396506849E+03
   1.1456770000000000E+09   1.3398989975498987E+06   2.4792250419098382E-11   6.0390287898848361E-23   4.9772154001869476E+03
   1.1476770000000000E+09   1.3442521482624540E+06   2.4567459013320812E-11   5.9856662523043187E-23   4.9760567953239924E+03
   1.1496770000000000E+09   1.3485882990571798E+06   2.4345436753074229E-11   5.9329578029301646E-23   4.9748947475129135E+03
   1.1516770000000000E+09   1.3529075635524406E+06   2.4126142553883063E-11   5.8808932873662104E-23   4.9737296701575269E+03
   1.1536770000000000E+09   1.3572100528244558E+06   2.3909536037761507E-11   5.8294627441955236E-23   4.9725619677431405E+03
   1.1556770000000000E+09   1.3614958754698327E+06   2.3695577518364643E-11   5.7786564003937620E-23   4.9713920359637650E+03
   1.1576770000000000E+09   1.3657651376963335E+06   2.3484227986154099E-11   5.7284646667835081E-23   4.9702202618478195E+03
   1.1596770000000000E+09   1.3700179434444164E+06   2.3275449093557141E-11   5.6788781335223486E-23   4.9690470238828075E+03
   1.1616770000000000E+09   1.3742543945414391E+06   2.3069203140108133E-11   5.6298875656202426E-23   4.9678726921392163E+03
   1.1636770000000000E+09   1.3784745908894448E+06   2.2865453057576934E-11   5.5814838984855748E-23   4.9666976283939512E+03
   1.1656770000000000E+09   1.3826786306863236E+06   2.2664162395105296E-11   5.5336582335033655E-23   4.9655221862535936E+03
   1.1676770000000000E+09   1.3868666106788635E+06   2.2465295304388900E-11   5.4864018336531360E-23   4.9643467112779090E+03
   1.1696770000000000E+09   1.3910386264447877E+06   2.2268816524959971E-11   5.4397061191784114E-23   4.9631715411038740E+03
   1.1716770000000000E+09   1.3951947726994478E+06   2.2074691369640256E-11   5.3935626633236360E-23   4.9619970055704034E+03
   1.1736770000000000E+09   1.3993351436213066E+06   2.1882885710250824E-11   5.3479631881581962E-23   4.9608234268441993E+03
   1.1756770000000000E+09   1.4034598331891065E+06   2.1693365963672599E-11   5.3028995605096381E-23   4.9596511195467165E+03
   1.1776770000000000E+09   1.4075689355223079E+06   2.1506099078362353E-11   5.2583637880306972E-23   4.9584803908824142E+03
   1.1796770000000000E+09   1.4116625452155767E+06   2.1321052521429481E-11   5.2143480154249890E-23   4.9573115407684681E+03
   1.1816770000000000E+09   1.4157407576575191E+06   2.1138194266374965E-11   5.1708445208559535E-23   4.9561448619655594E+03
   1.1836770000000000E+09   1.4198036693236961E+06   2.0957492781588405E-11   5.1278457125616643E-23   4.9549806402099821E+03
   1.1856770000000000E+09   1.4238513780343274E+06   2.0778917019681250E-11   5.0853441256947285E-23   4.9538191543464945E+03
   1.1876770000000000E+09   1.4278839831678716E+06   2.0602436407717637E-11   5.0433324194019522E-23   4.9526606764617964E+03
   1.1896770000000000E+09   1.4319015858229264E+06   2.0428020838379308E-11   5.0018033741527855E-23   4.9515054720181270E+03
   1.1916770000000000E+09   1.4359042889225585E+06   2.0255640662075010E-11   4.9607498893190922E-23   4.9503537999865785E+03
   1.1936770000000000E+09   1.4398921972571611E+06   2.0085266679976177E-11   4.9201649810020165E-23   4.9492059129794707E+03
   1.1956770000000000E+09   1.4438654174641008E+06   1.9916870137933876E-11   4.8800417800948358E-23   4.9480620573814458E+03
   1.1976770000000000E+09   1.4478240579447825E+06   1.9750422721202902E-11   4.8403735305640188E-23   4.9469224734784366E+03
   1.1996770000000000E+09   1.4517682287219253E+06   1.9585896549879443E-11   4.8011535879252720E-23   4.9457873955842797E+03
   1.2016770000000000E+09   1.4556980412420619E+06   1.9423264174935846E-11   4.7623754178862131E-23   4.9446570521642534E+03
   1.2036770000000000E+09   1.4596136081301095E+06   1.9262498574724163E-11   4.7240325951240479E-23   4.9435316659550745E+03
   1.2056770000000000E+09   1.4635150429043835E+06   1.9103573151812356E-11   4.6861188021643976E-23   4.9424114540811861E+03
   1.2076770000000000E+09   1.4674024596617180E+06   1.8946461730011282E-11   4.6486278283263472E-23   4.9412966281667668E+03
   1.2096770000000000E+09   1.4712759727430032E+06   1.8791138551457001E-11   4.6115535686996991E-23   4.9401873944434947E+03
   1.2116770000000000E+09   1.4751356963899352E+06   1.8637578273617069E-11   4.5748900231217259E-23   4.9390839538537839E+03
   1.2136770000000000E+09   1.4789817444036831E+06   1.8485755966103071E-11   4.5386312951236100E-23   4.9379865021495998E+03
   1.2156770000000000E+09   1.4828142298157362E+06   1.8335647107186544E-11   4.5027715908205506E-23   4.9368952299868270E+03
   1.2176770000000000E+09   1.4866332645804163E+06   1.8187227579933616E-11   4.4673052177237489E-23   4.9358103230153765E+03
   1.2196770000000000E+09   1.4904389592973294E+06   1.8040473667895546E-11   4.4322265834577624E-23   4.9347319619653344E+03
   1.2216770000000000E+09   1.4942314229705648E+06   1.7895362050313919E-11   4.3975301943721647E-23   4.9336603227293008E+03
   1.2236770000000000E+09   1.4980107628096577E+06   1.7751869796824596E-11   4.3632106540423522E-23   4.9325955764414603E+03
   1.2256770000000000E+09   1.5017770840754176E+06   1.7609974361665994E-11   4.3292626616600194E-23   4.9315378895535223E+03
   1.2276770000000000E+09   1.5055304899715933E+06   1.7469653577423516E-11   4.2956810103197347E-23   4.9304874239083174E+03
   1.2296770000000000E+09   1.5092710815814787E+06   1.7330885648357616E-11   4.2624605852126516E-23   4.9294443368110924E+03
   1.2316770000000000E+09   1.5129989578466150E+06   1.7193649143383275E-11   4.2295963617428445E-23   4.9284087810991841E+03
   1.2336770000000000E+09   1.5167142155832993E+06   1.7057922988778171E-11   4.1970834035845544E-23   4.9273809052103516E+03
   1.2356770000000000E+09   1.5204169495314853E+06   1.6923686460703964E-11   4.1649168607003369E-23   4.9263608532501376E+03
   1.2376770000000000E+09   1.5241072524300488E+06   1.6790919177624763E-11   4.1330919673403089E-23   4.9253487650584175E+03
   1.2396770000000000E+09   1.5277852151121842E+06   1.6659601092704383E-11   4.1016040400419012E-23   4.9243447762755450E+03
   1.2416770000000000E+09   1.5314509266149784E+06   1.6529712486253669E-11   4.0704484756474834E-23   4.9233490184079837E+03
   1.2436770000000000E+09   1.5351044742977053E+06   1.6401233958290239E-11   4.0396207493547499E-23   4.9223616188937131E+03
   1.2456770000000000E+09   1.5387459439641763E+06   1.6274146421259448E-11   4.0091164128118037E-23   4.9213827011672556E+03
   1.2476770000000000E+09   1.5423754199852177E+06   1.6148431092955594E-11   3.9789310922662361E-23   4.9204123847245173E+03
   1.2496770000000000E+09   1.5459929854182098E+06   1.6024069489669493E-11   3.9490604867746162E-23   4.9194507851872668E+03
   1.2516770000000000E+09   1.5495987221212666E+06   1.5901043419581484E-11   3.9195003664769304E-23   4.9184980143672938E+03
   1.2536770000000000E+09   1.5531927108603015E+06   1.5779334976409953E-11   3.8902465709383127E-23   4.9175541803302640E+03
   1.2556770000000000E+09   1.5567750314077362E+06   1.5658926533319757E-11   3.8612950075591690E-23   4.9166193874591063E+03
   1.2576770000000000E+09   1.5603457626320275E+06   1.5539800737090462E-11   3.8326416500534779E-23   4.9156937365170279E+03
   1.2596770000000000E+09   1.5639049825775763E+06   1.5421940502539751E-11   3.8042825369941794E-23   4.9147773247099640E+03
   1.2616770000000000E+09   1.5674527685348648E+06   1.5305329007195019E-11   3.7762137704237506E-23   4.9138702457485360E+03
   1.2636770000000000E+09   1.5709891971008328E+06   1.5189949686204102E-11   3.7484315145277756E-23   4.9129725899093528E+03
   1.2656770000000000E+09   1.5745143442296651E+06   1.5075786227474993E-11   3.7209319943688449E-23   4.9120844440956980E+03
   1.2676770000000000E+09   1.5780282852741263E+06   1.4962822567034685E-11   3.6937114946783431E-23   4.9112058918975035E+03
   1.2696770000000000E+09   1.5815310950176150E+06   1.4851042884596679E-11   3.6667663587034452E-23   4.9103370136505828E+03
   1.2716770000000000E+09   1.5850228476969937E+06   1.4740431599328313E-11   3.6400929871070156E-23   4.9094778864951377E+03
   1.2736770000000000E+09   1.5885036170162603E+06   1.4630973365808278E-11   3.6136878369179662E-23   4.9086285844335134E+03
   1.2756770000000000E+09   1.5919734761511057E+06   1.4522653070164891E-11   3.5875474205297403E-23   4.9077891783870282E+03
   1.2776770000000000E+09   1.5954324977443938E+06   1.4415455826386293E-11   3.5616683047444670E-23   4.9069597362521445E+03
   1.2796770000000000E+09   1.5988807538927712E+06   1.4309366972790858E-11   3.5360471098600543E-23   4.9061403229555854E+03
   1.2816770000000000E+09   1.6023183161245771E+06   1.4204372068647863E-11   3.5106805087975005E-23   4.9053310005086378E+03
   1.2836770000000000E+09   1.6057452553693864E+06   1.4100456890936211E-11   3.4855652262654002E-23   4.9045318280604806E+03
   1.2856770000000000E+09   1.6091616419195305E+06   1.3997607431229203E-11   3.4606980379586154E-23   4.9037428619504981E+03
   1.2876770000000000E+09   1.6125675453839337E+06   1.3895809892694295E-11   3.4360757697881843E-23   4.9029641557596797E+03
   1.2896770000000000E+09   1.6159630346346367E+06   1.3795050687195536E-11   3.4116952971395232E-23   4.9021957603608298E+03
   1.2916770000000000E+09   1.6193481777461623E+06   1.3695316432490311E-11   3.3875535441565040E-23   4.9014377239679288E+03
   1.2936770000000000E+09   1.6227230419278236E+06   1.3596593949510825E-11   3.3636474830491882E-23   4.9006900921842598E+03
   1.2956770000000000E+09   1.6260876934487193E+06   1.3498870259725721E-11   3.3399741334238294E-23   4.8999529080495495E+03
   1.2976770000000000E+09   1.6294421975549867E+06   1.3402132582578155E-11   3.3165305616340943E-23   4.8992262120861296E+03
   1.2996770000000000E+09   1.6327866183787098E+06   1.3306368332998916E-11   3.2933138801530855E-23   4.8985100423441272E+03
   1.3016770000000000E+09   1.6361210188381365E+06   1.3211565118991806E-11   3.2703212469652353E-23   4.8978044344458613E+03
   1.3036770000000000E+09   1.6394454605297341E+06   1.3117710739283246E-11   3.2475498649758343E-23   4.8971094216297215E+03
   1.3056770000000000E+09   1.6427600036146322E+06   1.3024793181013843E-11   3.2249969814326354E-23   4.8964250347934667E+03
   1.3076770000000000E+09   1.6460647067053460E+06   1.2932800617428460E-11   3.2026598873484291E-23   4.8957513025373528E+03
   1.3096770000000000E+09   1.6493596267637322E+06   1.2841721405487010E-11   3.1805359169053948E-23   4.8950882512068692E+03
   1.3116770000000000E+09   1.6526448190275028E+06   1.2751544083278309E-11   3.1586224468120211E-23   4.8944359049350278E+03
   1.3136770000000000E+09   1.6559203369896668E+06   1.2662257367075498E-11   3.1369168955729224E-23   4.8937942856834952E+03
   1.3156770000000000E+09   1.6591862324611624E+06   1.2573850147839543E-11   3.1154167226239849E-23   4.8931634132817098E+03
   1.3176770000000000E+09   1.6624425557491251E+06   1.2486311486973436E-11   3.0941194272842978E-23   4.8925433054630475E+03
   1.3196770000000000E+09   1.6656893559787215E+06   1.2399630611171243E-11   3.0730225474868561E-23   4.8919339778965896E+03
   1.3216770000000000E+09   1.6689266815718720E+06   1.2313796906318576E-11   3.0521236582769585E-23   4.8913354442144600E+03
   1.3236770000000000E+09   1.6721545808702216E+06   1.2228799910582570E-11   3.0314203701118123E-23   4.8907477160353237E+03
   1.3256770000000000E+09   1.6753731028535254E+06   1.2144629307072683E-11   3.0109103270536883E-23   4.8901708029871943E+03
   1.3276770000000000E+09   1.6785822978640599E+06   1.2061274916710156E-11   2.9905912050117517E-23   4.8896047127343445E+03
   1.3296770000000000E+09   1.6817822182133466E+06   1.1978726692143337E-11   2.9704607102361580E-23   4.8890494510152421E+03
   1.3316770000000000E+09   1.6849729185334924E+06   1.1896974713592758E-11   2.9505165782804272E-23   4.8885050216977097E+03
   1.3336770000000000E+09   1.6881544557552056E+06   1.1816009187326856E-11   2.9307565736045216E-23   4.8879714268550761E+03
   1.3356770000000000E+09   1.6913268886555268E+06   1.1735820447018129E-11   2.9111784898833534E-23   4.8874486668604395E+03
   1.3376770000000000E+09   1.6944902770148152E+06   1.1656398957571259E-11   2.8917801509265315E-23   4.8869367404885788E+03
   1.3396770000000000E+09   1.6976446805330617E+06   1.1577735320304252E-11   2.8725594119430002E-23   4.8864356450072237E+03
   1.3416770000000000E+09   1.7007901577442884E+06   1.1499820277845073E-11   2.8535141607560383E-23   4.8859453762371768E+03
   1.3436770000000000E+09   1.7039267651955897E+06   1.1422644717022063E-11   2.8346423185493851E-23   4.8854659285656589E+03
   1.3456770000000000E+09   1.7070545570978816E+06   1.1346199668520923E-11   2.8159418398385024E-23   4.8849972949124267E+03
   1.3476770000000000E+09   1.7101735855135121E+06   1.1270476303074077E-11   2.7974107115964718E-23   4.8845394666670491E+03
   1.3496770000000000E+09   1.7132839009635209E+06   1.1195465925136746E-11   2.7790469517497729E-23   4.8840924336331482E+03
   1.3516770000000000E+09   1.7163855531865726E+06   1.1121159965899765E-11   2.7608486074812861E-23   4.8836561840180966E+03
   1.3536770000000000E+09   1.7194785917331907E+06   1.1047549977669349E-11   2.7428137538324514E-23   4.8832307044918216E+03
   1.3556770000000000E+09   1.7225630661667294E+06   1.0974627630944384E-11   2.7249404929415269E-23   4.8828159803065273E+03
   1.3576770000000000E+09   1.7256390258354517E+06   1.0902384714218155E-11   2.7072269539492351E-23   4.8824119954364460E+03
   1.3596770000000000E+09   1.7287065193871530E+06   1.0830813135246023E-11   2.6896712932910613E-23   4.8820187326813666E+03
   1.3616770000000000E+09   1.7317655943106138E+06   1.0759904921930012E-11   2.6722716949385441E-23   4.8816361736931394E+03
   1.3636770000000000E+09   1.7348162967433238E+06   1.0689652221406252E-11   2.6550263702353383E-23   4.8812642989269298E+03
   1.3656770000000000E+09   1.7378586716087731E+06   1.0620047297119755E-11   2.6379335572468555E-23   4.8809030875645321E+03
   1.3676770000000000E+09   1.7408927629483922E+06   1.0551082524884673E-11   2.6209915198352999E-23   4.8805525174753684E+03
   1.3696770000000000E+09   1.7439186142181058E+06   1.0482750389395472E-11   2.6041985468030676E-23   4.8802125652562418E+03
   1.3716770000000000E+09   1.7469362683842557E+06   1.0415043482109259E-11   2.5875529513426231E-23   4.8798832063356876E+03
   1.3736770000000000E+09   1.7499457678218854E+06   1.0347954500321919E-11   2.5710530707819809E-23   4.8795644150830867E+03
   1.3756770000000000E+09   1.7529471541601962E+06   1.0281476246451632E-11   2.5546972664130266E-23   4.8792561648611563E+03
   1.3776770000000000E+09   1.7559404682306570E+06   1.0215601626611895E-11   2.5384839231806982E-23   4.8789584280074778E+03
   1.3796770000000000E+09   1.7589257501577185E+06   1.0150323648351236E-11   2.5224114491791954E-23   4.8786711757868488E+03
   1.3816770000000000E+09   1.7619030394970875E+06   1.0085635418227061E-11   2.5064782750903035E-23   4.8783943783729146E+03
   1.3836770000000000E+09   1.7648723752833521E+06   1.0021530140001008E-11   2.4906828537532740E-23   4.8781280048727112E+03
   1.3856770000000000E+09   1.7678337959017779E+06   9.9580011137408335E-12   2.4750236599728163E-23   4.8778720233257473E+03
   1.3876770000000000E+09   1.7707873387143482E+06   9.8950417357902294E-12   2.4594991906335611E-23   4.8776264005220792E+03
   1.3896770000000000E+09   1.7737330391158576E+06   9.8326455005557332E-12   2.4441079654910956E-23   4.8773911013638790E+03
   1.3916770000000000E+09   1.7766709278239966E+06   9.7708060087562243E-12   2.4288485300619138E-23   4.8771660872137709E+03
   1.3936770000000000E+09   1.7796010229862533E+06   9.7095169962254508E-12   2.4137194646814752E-23   4.8769513120430074E+03
   1.3956770000000000E+09   1.7825233083828848E+06   9.6487724205528832E-12   2.3987194100580041E-23   4.8767467141366878E+03
   1.3976770000000000E+09   1.7854376770563817E+06   9.5885666974449384E-12   2.3838471336733402E-23   4.8765522000896281E+03
   1.3996770000000000E+09   1.7883437954148762E+06   9.5288952947728119E-12   2.3691016897489620E-23   4.8763676187011779E+03
   1.4016770000000000E+09   1.7912408008782170E+06   9.4697561025855731E-12   2.3544827742241561E-23   4.8761927296724707E+03
   1.4036770000000000E+09   1.7941266914889098E+06   9.4111522891569959E-12   2.3399914388775608E-23   4.8760271928742259E+03
   1.4056770000000000E+09   1.7969972379927223E+06   9.3530975434533889E-12   2.3256313586267677E-23   4.8758706418237753E+03
   1.4076770000000000E+09   1.7998443566869933E+06   9.2956241401683933E-12   2.3114107157478691E-23   4.8757229395169988E+03
   1.4096770000000000E+09   1.8026543107586405E+06   9.2387921385085493E-12   2.2973442594522556E-23   4.8755846703910202E+03
   1.4116770000000000E+09   1.8054069933470443E+06   9.1826934040689853E-12   2.2834540685649985E-23   4.8754576708759641E+03
   1.4136770000000000E+09   1.8080785718676592E+06   9.1274385095975130E-12   2.2697663655469136E-23   4.8753449144627366E+03
   1.4156770000000000E+09   1.8106496404108927E+06   9.0731148827167614E-12   2.2563019180490822E-23   4.8752487949617835E+03
   1.4176770000000000E+09   1.8131177536444764E+06   9.0197220636411819E-12   2.2430614121562913E-23   4.8751679009919208E+03
   1.4196770000000000E+09   1.8155068926398382E+06   8.9671248319118382E-12   2.2300145624908668E-23   4.8750952215246825E+03
   1.4216770000000000E+09   1.8178632994852136E+06   8.9150821451581448E-12   2.2171053417296740E-23   4.8750223061320730E+03
   1.4236770000000000E+09   1.8202368313019895E+06   8.8633536792887121E-12   2.2042743304210268E-23   4.8749483946739174E+03
   1.4256770000000000E+09   1.8226661717583446E+06   8.8117756425183991E-12   2.1914766308703495E-23   4.8748827376411991E+03
   1.4276770000000000E+09   1.8251874962649567E+06   8.7601942470570655E-12   2.1786720564720453E-23   4.8748298228235462E+03
   1.4296770000000000E+09   1.8278563795564559E+06   8.7083100485856473E-12   2.1657990034180440E-23   4.8747609100983082E+03
   1.4316770000000000E+09   1.8306977979362635E+06   8.6559564064436087E-12   2.1528324543615345E-23   4.8746385084944186E+03
   1.4336770000000000E+09   1.8341960620359210E+06   8.5990255699257432E-12   2.1392111033174223E-23   4.8734126088344738E+03
   1.4356770000000000E+09   1.8344977114974640E+06   8.5618692175802833E-12   2.1294133213356794E-23   4.8746810980758219E+03
   6.5767700000000000E+08  -3.2167898649148069E+03   1.1218293424214503E-14   4.7688133080119597E-25   1.1325272103289292E+03
   6.5967700000000000E+08  -3.2214261191793789E+03   1.8779329432843792E-14   7.7178600867270234E-25   1.1714273248343052E+03
   6.6167700000000000E+08  -3.1499272897698793E+03   3.0590603162182668E-14   1.2283084581423621E-24   1.1989822910099238E+03
   6.6367700000000000E+08  -2.9986088445571982E+03   4.8967731819729105E-14   1.9346678463780444E-24   1.2185286507025833E+03
   6.6567700000000000E+08  -2.7481060463839585E+03   7.7627396706882109E-14   3.0303229460554299E-24   1.2332703161542083E+03
   6.6767700000000000E+08  -2.4749003537383091E+03   1.2261627448681042E-13   4.7411292551451916E-24   1.2450835406700128E+03
   6.6967700000000000E+08  -2.1933977418340605E+03   1.9378714112156822E-13   7.4355249246081285E-24   1.2547161639984447E+03
   6.7167700000000000E+08  -1.8549428325763129E+03   3.0601088979827986E-13   1.1676791364769777E-23   1.2616692897644464E+03
   6.7367700000000000E+08  -1.3688098436995974E+03   4.7750346762526865E-13   1.8170263492157773E-23   1.2651658929790265E+03
   6.7567700000000000E+08  -6.8770631633787627E+02   7.2253784031564903E-13   2.7485457224164103E-23   1.2655805786041469E+03
   6.7767700000000000E+08   1.4980319591673779E+02   1.0405726298019167E-12   3.9616108453875050E-23   1.2645405411636073E+03
   6.7967700000000000E+08   1.0602785441633318E+03   1.4098791156531385E-12   5.3697381555244858E-23   1.2640403561368112E+03
   6.8167700000000000E+08   1.9780622220537291E+03   1.7927744099443200E-12   6.8157984680333292E-23   1.2663130273232509E+03
   6.8367700000000000E+08   2.8680820622885412E+03   2.1504665657055998E-12   8.1226461723421434E-23   1.2745806768921102E+03
   6.8567700000000000E+08   3.7112052918243949E+03   2.4579850404726396E-12   9.1455919541868291E-23   1.2938966414122992E+03
   6.8767700000000000E+08   4.4673191340989179E+03   2.7099532750995004E-12   9.8067907406523522E-23   1.3303535271213191E+03
   6.8967700000000000E+08   5.0776456899730456E+03   2.9153845500595181E-12   1.0110690213941635E-22   1.3881845762117366E+03
   6.9167700000000000E+08   5.5251066404349258E+03   3.0865659575684384E-12   1.0131827691069202E-22   1.4666278835299254E+03
   6.9367700000000000E+08   5.8753752291862311E+03   3.2295906042076187E-12   9.9633893643001186E-23   1.5605315057915725E+03
   6.9567700000000000E+08   6.2577217749857446E+03   3.3456245207194205E-12   9.6871491734125374E-23   1.6626980285445584E+03
   6.9767700000000000E+08   6.8197487746903998E+03   3.4348058463955916E-12   9.3606092118429544E-23   1.7665675542344100E+03
   6.9967700000000000E+08   7.6868187429608342E+03   3.4985639957861116E-12   9.0188566232887273E-23   1.8675425712949664E+03
   7.0167700000000000E+08   8.9414466715428680E+03   3.5398293045619312E-12   8.6814203306047369E-23   1.9630154016002168E+03
   7.0367700000000000E+08   1.0618643322111082E+04   3.5622466659620915E-12   8.3581961045414293E-23   2.0518405242015178E+03
   7.0567700000000000E+08   1.2710344857946708E+04   3.5693534042959769E-12   8.0533173968279339E-23   2.1337665614108828E+03
   7.0767700000000000E+08   1.5174691218455177E+04   3.5640952905284159E-12   7.7675330961286251E-23   2.2090134766554006E+03
   7.0967700000000000E+08   1.7947407777256132E+04   3.5486841853907353E-12   7.4997049929325647E-23   2.2780085069410097E+03
   7.1167700000000000E+08   2.0953207716775836E+04   3.5246737538305724E-12   7.2477780457404179E-23   2.3412414820365839E+03
   7.1367700000000000E+08   2.4113366447060078E+04   3.4931100306956643E-12   7.0093728877082173E-23   2.3991934789093170E+03
   7.1567700000000000E+08   2.7351383934698282E+04   3.4546837103045145E-12   6.7821255743298038E-23   2.4523058624893451E+03
   7.1767700000000000E+08   3.0598961541018340E+04   3.4098868351446237E-12   6.5639210243488817E-23   2.5009717720701829E+03
   7.1967700000000000E+08   3.3798690796464711E+04   3.3591421231795279E-12   6.3530240981940890E-23   2.5455407109688158E+03
   7.2167700000000000E+08   3.6904759122479918E+04   3.3028781414448420E-12   6.1481061981219941E-23   2.5863265679646761E+03
   7.2367700000000000E+08   3.9883045254046963E+04   3.2415706897184175E-12   5.9482269331553062E-23   2.6236152013926853E+03
   7.2567700000000000E+08   4.2710577894817689E+04   3.1757612110561462E-12   5.7527929919536297E-23   2.6576712851303214E+03
   7.2767700000000000E+08   4.5374593628385242E+04   3.1060580623171954E-12   5.5615042013195808E-23   2.6887441041064899E+03
   7.2967700000000000E+08   4.7871295291752569E+04   3.0331253906953912E-12   5.3742933084998444E-23   2.7170721475950913E+03
   7.3167700000000000E+08   5.0204384266094479E+04   2.9576634604463849E-12   5.1912639430107335E-23   2.7428863694368474E+03
   7.3367700000000000E+08   5.2383448535403062E+04   2.8803840178315650E-12   5.0126305603995492E-23   2.7664120385854039E+03
   7.3567700000000000E+08   5.4422310740290362E+04   2.8019842149562035E-12   4.8386639165436222E-23   2.7878692216541226E+03
   7.3767700000000000E+08   5.6337450584320439E+04   2.7231223460815271E-12   4.6696451267523354E-23   2.8074720907626133E+03
   7.3967700000000000E+08   5.8146605641172035E+04   2.6443979696349857E-12   4.5058303513144320E-23   2.8254273825415021E+03
   7.4167700000000000E+08   5.9867626872025503E+04   2.5663379915880108E-12   4.3474268149323331E-23   2.8419324065049555E+03
   7.4367700000000000E+08   6.1517623255294842E+04   2.4893891926801314E-12   4.1945795354192946E-23   2.8571729970344277E+03
   7.4567700000000000E+08   6.3112391410772754E+04   2.4139167130093886E-12   4.0473670748820583E-23   2.8713217327308471E+03
   7.4767700000000000E+08   6.4666095695860269E+04   2.3402073588453992E-12   3.9058040550882881E-23   2.8845366381614576E+03
   7.4967700000000000E+08   6.6191147283505619E+04   2.2684763029364677E-12   3.7698480809742451E-23   2.8969604661945600E+03
   7.5167700000000000E+08   6.7698226089149670E+04   2.1988757630385697E-12   3.6394089829822333E-23   2.9087205586180025E+03
   7.5367700000000000E+08   6.9196393920228962E+04   2.1315044581419142E-12   3.5143587544275705E-23   2.9199292117943405E+03
   7.5567700000000000E+08   7.0693256806939069E+04   2.0664169482260807E-12   3.3945410753599144E-23   2.9306844354155028E+03
   7.5767700000000000E+08   7.2195145671151360E+04   2.0036322756081608E-12   3.2797797768136849E-23   2.9410709813218687E+03
   7.5967700000000000E+08   7.3707294953065488E+04   1.9431415925790116E-12   3.1698859583921075E-23   2.9511615277240662E+03
   7.6167700000000000E+08   7.5234007335489965E+04   1.8849146600090629E-12   3.0646637177516107E-23   2.9610179235519613E+03
   7.6367700000000000E+08   7.6778798941282119E+04   1.8289052348240600E-12   2.9639145969264527E-23   2.9706924211109499E+03
   7.6567700000000000E+08   7.8344523513635679E+04   1.7750554416654630E-12   2.8674409217422655E-23   2.9802288480068528E+03
   7.6767700000000000E+08   7.9933476544358215E+04   1.7232992603129295E-12   2.7750482315918967E-23   2.9896636887635414E+03
   7.6967700000000000E+08   8.1547481562946356E+04   1.6735652694753811E-12   2.6865469881871556E-23   2.9990270616773601E+03
   7.7167700000000000E+08   8.3187961255376358E+04   1.6257787805333167E-12   2.6017537285045374E-23   3.0083435872579371E+03
   7.7367700000000000E+08   8.4855996067957734E+04   1.5798634797413353E-12   2.5204917986994068E-23   3.0176331516872369E+03
   7.7567700000000000E+08   8.6552372693991914E+04   1.5357426794663326E-12   2.4425917778488985E-23   3.0269115728918232E+03
   7.7767700000000000E+08   8.8277624484285363E+04   1.4933402612817767E-12   2.3678916757367315E-23   3.0361911788678112E+03
   7.7967700000000000E+08   9.0032065451826522E+04   1.4525813777119248E-12   2.2962369684781931E-23   3.0454813085126580E+03
   7.8167700000000000E+08   9.1815819200389538E+04   1.4133929657337548E-12   2.2274805195802227E-23   3.0547887449420564E+03
   7.8367700000000000E+08   9.3628843815215092E+04   1.3757041138701211E-12   2.1614824215487167E-23   3.0641180904962298E+03
   7.8567700000000000E+08   9.5470953515246714E+04   1.3394463156410510E-12   2.0981097837396528E-23   3.0734720916348374E+03
   7.8767700000000000E+08   9.7341837677109259E+04   1.3045536349660976E-12   2.0372364851538001E-23   3.0828519208553653E+03
   7.8967700000000000E+08   9.9241077694268286E+04   1.2709628034926969E-12   1.9787429057274171E-23   3.0922574217462147E+03
   7.9167700000000000E+08   1.0116816202300861E+05   1.2386132654530065E-12   1.9225156459081115E-23   3.1016873223560983E+03
   7.9367700000000000E+08   1.0312249968284102E+05   1.2074471822583944E-12   1.8684472415624381E-23   3.1111394212478745E+03
   7.9567700000000000E+08   1.0510343241645595E+05   1.1774094064081902E-12   1.8164358792646779E-23   3.1206107499102618E+03
   7.9767700000000000E+08   1.0711024566831051E+05   1.1484474322437403E-12   1.7663851155597637E-23   3.1300977146183718E+03
   7.9967700000000000E+08   1.0914217850726722E+05   1.1205113294845264E-12   1.7182036027284226E-23   3.1395962203508507E+03
   8.0167700000000000E+08   1.1119843259421462E+05   1.0935536642356041E-12   1.6718048228010717E-23   3.1491017789737680E+03
   8.0367700000000000E+08   1.1327818027788954E+05   1.0675294111746992E-12   1.6271068309906136E-23   3.1586096035754767E+03
   8.0567700000000000E+08   1.1538057188928677E+05   1.0423958598522366E-12   1.5840320092876928E-23   3.1681146905694945E+03
   8.0767700000000000E+08   1.1750474229573862E+05   1.0181125174218644E-12   1.5425068306445554E-23   3.1776118909632823E+03
   8.0967700000000000E+08   1.1964981676893734E+05   9.9464100962730318E-13   1.5024616339367556E-23   3.1870959720099013E+03
   8.1167700000000000E+08   1.2181491621603438E+05   9.7194498147738586E-13   1.4638304097154893E-23   3.1965616703096280E+03
   8.1367700000000000E+08   1.2399916181910166E+05   9.4998999872318500E-13   1.4265505966307234E-23   3.2060037373030282E+03
   8.1567700000000000E+08   1.2620167912506641E+05   9.2874345099486675E-13   1.3905628883077507E-23   3.2154169779909907E+03
   8.1767700000000000E+08   1.2842160162565888E+05   9.0817445724827887E-13   1.3558110503879330E-23   3.2247962836268666E+03
   8.1967700000000000E+08   1.3065807386472127E+05   8.8825377400304929E-13   1.3222417473927891E-23   3.2341366590479333E+03
   8.2167700000000000E+08   1.3291025410823597E+05   8.6895370671841007E-13   1.2898043790357576E-23   3.2434332452455665E+03
   8.2367700000000000E+08   1.3517731661075342E+05   8.5024802454307137E-13   1.2584509255827588E-23   3.2526813377142662E+03
   8.2567700000000000E+08   1.3745845351022619E+05   8.3211187858884905E-13   1.2281358018522078E-23   3.2618764010668292E+03
   8.2767700000000000E+08   1.3975287638200019E+05   8.1452172380776408E-13   1.1988157194406880E-23   3.2710140803563409E+03
   8.2967700000000000E+08   1.4205981748134943E+05   7.9745524449913503E-13   1.1704495567655296E-23   3.2800902095037450E+03
   8.3167700000000000E+08   1.4437853070300040E+05   7.8089128343112185E-13   1.1429982365239644E-23   3.2891008171921048E+03
   8.3367700000000000E+08   1.4670829228500449E+05   7.6480977453092621E-13   1.1164246101833853E-23   3.2980421305547065E+03
   8.3567700000000000E+08   1.4904840128357118E+05   7.4919167907478986E-13   1.0906933491333418E-23   3.3069105769534372E+03
   8.3767700000000000E+08   1.5139817984456578E+05   7.3401892529359754E-13   1.0657708421495914E-23   3.3157027841157692E+03
   8.3967700000000000E+08   1.5375697329666224E+05   7.1927435129866994E-13   1.0416250988394983E-23   3.3244155788732519E+03
   8.4167700000000000E+08   1.5612415009011861E+05   7.0494165122587295E-13   1.0182256587585688E-23   3.3330459847207153E+03
   8.4367700000000000E+08   1.5849910160424549E+05   6.9100532449126174E-13   9.9554350590584187E-24   3.3415912183938563E+03
   8.4567700000000000E+08   1.6088124184532234E+05   6.7745062804898841E-13   9.7355098832352350E-24   3.3500486856424868E+03
   8.4767700000000000E+08   1.6327000705546772E+05   6.6426353153949732E-13   9.5222174254024089E-24   3.3584159763579732E+03
   8.4967700000000000E+08   1.6566485525122852E+05   6.5143067521444654E-13   9.3153062261023943E-24   3.3666908591956467E+03
   8.5167700000000000E+08   1.6806526570892488E+05   6.3893933052234422E-13   9.1145363351029742E-24   3.3748712758162533E+03
   8.5367700000000000E+08   1.7047073841175871E+05   6.2677736323650374E-13   8.9196786866380106E-24   3.3829553348548179E+03
   8.5567700000000000E+08   1.7288079347168963E+05   6.1493319900380647E-13   8.7305145136648115E-24   3.3909413057105708E+03
   8.5767700000000000E+08   1.7529497053680487E+05   6.0339579119026196E-13   8.5468347989297544E-24   3.3988276122377783E+03
   8.5967700000000000E+08   1.7771282819292656E+05   5.9215459089615558E-13   8.3684397606592489E-24   3.4066128264044696E+03
   8.6167700000000000E+08   1.8013394336610165E+05   5.8119951901153106E-13   8.1951383707255149E-24   3.4142956619743718E+03
   8.6367700000000000E+08   1.8255791073078741E+05   5.7052094018131687E-13   8.0267479031694288E-24   3.4218749682566504E+03
   8.6567700000000000E+08   1.8498434212696974E+05   5.6010963854894056E-13   7.8630935110018094E-24   3.4293497239585540E+03
   8.6767700000000000E+08   1.8741286598799384E+05   5.4995679514871433E-13   7.7040078292638557E-24   3.4367190311677591E+03
   8.6967700000000000E+08   1.8984312678001495E+05   5.4005396681935669E-13   7.5493306023898887E-24   3.4439821094840117E+03
   8.7167700000000000E+08   1.9227478445297896E+05   5.3039306651579999E-13   7.3989083340102958E-24   3.4511382903137310E+03
   8.7367700000000000E+08   1.9470751390270697E+05   5.2096634490171245E-13   7.2525939574292905E-24   3.4581870113363339E+03
   8.7567700000000000E+08   1.9714100444339326E+05   5.1176637311216864E-13   7.1102465251283635E-24   3.4651278111471861E+03
   8.7767700000000000E+08   1.9957495928968216E+05   5.0278602658419128E-13   6.9717309157763037E-24   3.4719603240791876E+03
   8.7967700000000000E+08   2.0200909504766783E+05   4.9401846986154482E-13   6.8369175573582004E-24   3.4786842752028651E+03
   8.8167700000000000E+08   2.0444314121445257E+05   4.8545714228917541E-13   6.7056821651691624E-24   3.4852994755034269E+03
   8.8367700000000000E+08   2.0687683968599371E+05   4.7709574452249059E-13   6.5779054935600206E-24   3.4918058172323517E+03
   8.8567700000000000E+08   2.0930994427364488E+05   4.6892822578502418E-13   6.4534731004417068E-24   3.4982032694306099E+03
   8.8767700000000000E+08   2.1174222023037475E+05   4.6094877181655176E-13   6.3322751236747463E-24   3.5044918736206018E+03
   8.8967700000000000E+08   2.1417344378922789E+05   4.5315179346030773E-13   6.2142060685621044E-24   3.5106717396642116E+03
   8.9167700000000000E+08   2.1660340172026306E+05   4.4553191584191092E-13   6.0991646057175042E-24   3.5167430417855644E+03
   8.9367700000000000E+08   2.1903189092053680E+05   4.3808396809212379E-13   5.9870533785724368E-24   3.5227060147596731E+03
   8.9567700000000000E+08   2.2145871807114515E+05   4.3080297355516547E-13   5.8777788196364381E-24   3.5285609502743919E+03
   8.9767700000000000E+08   2.2388369943589426E+05   4.2368414039756051E-13   5.7712509742460802E-24   3.5343081934868319E+03
   8.9967700000000000E+08   2.2630666095392502E+05   4.1672285247858455E-13   5.6673833297750586E-24   3.5399481398237749E+03
   9.0167700000000000E+08   2.2872743890888061E+05   4.0991466025409178E-13   5.5660926470110038E-24   3.5454812321299605E+03
   9.0367700000000000E+08   2.3114588163165958E+05   4.0325527137400051E-13   5.4672987888063674E-24   3.5509079583606881E+03
   9.0567700000000000E+08   2.3356185283107727E+05   3.9674054056747979E-13   5.3709245401019385E-24   3.5562288501490771E+03
   9.0767700000000000E+08   2.3597523700723398E+05   3.9036645857091855E-13   5.2768954155086075E-24   3.5614444827209732E+03
   9.0967700000000000E+08   2.3838594653381154E+05   3.8412914055769914E-13   5.1851394601917629E-24   3.5665554766701707E+03
   9.1167700000000000E+08   2.4079392785508465E+05   3.7802481611681375E-13   5.0955870716312431E-24   3.5715625018120732E+03
   9.1367700000000000E+08   2.4319916077758736E+05   3.7204982522983839E-13   5.0081709032045751E-24   3.5764662823828057E+03
   9.1567700000000000E+08   2.4560164162121259E+05   3.6620062665096456E-13   4.9228259385012159E-24   3.5812676010430164E+03
   9.1767700000000000E+08   2.4800134228300786E+05   3.6047382352981295E-13   4.8394898059626096E-24   3.5859672968823847E+03
   9.1967700000000000E+08   2.5039814878764233E+05   3.5486620216624694E-13   4.7581032835449404E-24   3.5905662514588112E+03
   9.2167700000000000E+08   2.5279180598114867E+05   3.4937476308042631E-13   4.6786107157655877E-24   3.5950653594752821E+03
   9.2367700000000000E+08   2.5518191652391382E+05   3.4399670892430185E-13   4.6009598613649799E-24   3.5994654889341855E+03
   9.2567700000000000E+08   2.5756803429524705E+05   3.3872936112782596E-13   4.5251007792274325E-24   3.6037674471940927E+03
   9.2767700000000000E+08   2.5994983103657688E+05   3.3357002403358635E-13   4.4509839840215983E-24   3.6079719754371949E+03
   9.2967700000000000E+08   2.6232722989366169E+05   3.2851587698996572E-13   4.3785589392078413E-24   3.6120797833871438E+03
   9.3167700000000000E+08   2.6470038847767806E+05   3.2356399056107371E-13   4.3077741882785488E-24   3.6160916085063086E+03
   9.3367700000000000E+08   2.6706951253241935E+05   3.1871150309282570E-13   4.2385796420466370E-24   3.6200082602284301E+03
   9.3567700000000000E+08   2.6943463127696293E+05   3.1395582337203017E-13   4.1709292590087553E-24   3.6238306152884779E+03
   9.3767700000000000E+08   2.7179555415961292E+05   3.0929460960595532E-13   4.1047807895171013E-24   3.6275595696580481E+03
   9.3967700000000000E+08   2.7415208102976414E+05   3.0472555622670890E-13   4.0400929636855719E-24   3.6311959960063782E+03
   9.4167700000000000E+08   2.7650421933067514E+05   3.0024641154369349E-13   3.9768256972964528E-24   3.6347407497720851E+03
   9.4367700000000000E+08   2.7885212816591735E+05   2.9585535706254623E-13   3.9149450508367983E-24   3.6381947057384277E+03
   9.4567700000000000E+08   2.8119585811461339E+05   2.9155120026050382E-13   3.8544257263860599E-24   3.6415587689677027E+03
   9.4767700000000000E+08   2.8353516781605221E+05   2.8733291193751740E-13   3.7952449450279564E-24   3.6448338398537030E+03
   9.4967700000000000E+08   2.8586956192936515E+05   2.8319878308522383E-13   3.7373713487716337E-24   3.6480207656740909E+03
   9.5167700000000000E+08   2.8819840344681498E+05   2.7914590215331207E-13   3.6807581539028619E-24   3.6511203182701374E+03
   9.5367700000000000E+08   2.9052103008971229E+05   2.7517036703874309E-13   3.6253459880660806E-24   3.6541331972874377E+03
   9.5567700000000000E+08   2.9283785933081264E+05   2.7126840824671333E-13   3.5710776959061396E-24   3.6570600417969185E+03
   9.5767700000000000E+08   2.9515020353955362E+05   2.6743797193473251E-13   3.5179189410979377E-24   3.6599016303755602E+03
   9.5967700000000000E+08   2.9745847736909409E+05   2.6367832355203330E-13   3.4658527920496440E-24   3.6626590006867023E+03
   9.6167700000000000E+08   2.9976244109717302E+05   2.5998852094722757E-13   3.4148598040552343E-24   3.6653332422320177E+03
   9.6367700000000000E+08   3.0206195331590722E+05   2.5636723922160087E-13   3.3649158213024190E-24   3.6679253923655529E+03
   9.6567700000000000E+08   3.0435693136044469E+05   2.5281301323199979E-13   3.3159951361340203E-24   3.6704364657495312E+03
   9.6767700000000000E+08   3.0664732629155793E+05   2.4932434160926397E-13   3.2680718402205485E-24   3.6728674629327888E+03
   9.6967700000000000E+08   3.0893310450474254E+05   2.4589973045717357E-13   3.2211203828686908E-24   3.6752193765501770E+03
   9.7167700000000000E+08   3.1121423458973231E+05   2.4253771472375793E-13   3.1751158388356938E-24   3.6774931937281508E+03
   9.7367700000000000E+08   3.1349067630912253E+05   2.3923687176939756E-13   3.1300340756854268E-24   3.6796898959819946E+03
   9.7567700000000000E+08   3.1576237191346235E+05   2.3599583019878326E-13   3.0858518605883924E-24   3.6818104571956624E+03
   9.7767700000000000E+08   3.1802924180249509E+05   2.3281327324348143E-13   3.0425468968609368E-24   3.6838558403214133E+03
   9.7967700000000000E+08   3.2029118685729703E+05   2.2968793553566130E-13   3.0000977745622934E-24   3.6858269937125247E+03
   9.8167700000000000E+08   3.2254809769977018E+05   2.2661859389223639E-13   2.9584838425955907E-24   3.6877248482606005E+03
   9.8367700000000000E+08   3.2479986790359276E+05   2.2360405518296119E-13   2.9176850419155117E-24   3.6895503163774260E+03
   9.8567700000000000E+08   3.2704640652623359E+05   2.2064314538537576E-13   2.8776817532514943E-24   3.6913042932338813E+03
   9.8767700000000000E+08   3.2928764620951470E+05   2.1773470289061843E-13   2.8384546996256247E-24   3.6929876598831675E+03
   9.8967700000000000E+08   3.3152354529471271E+05   2.1487757703445516E-13   2.7999849169405672E-24   3.6946012873667096E+03
   9.9167700000000000E+08   3.3375408461488312E+05   2.1207063082971847E-13   2.7622537798808993E-24   3.6961460407783143E+03
   9.9367700000000000E+08   3.3597926123205700E+05   2.0931274553331690E-13   2.7252430527181960E-24   3.6976227824758089E+03
   9.9567700000000000E+08   3.3819908169900771E+05   2.0660282448804059E-13   2.6889349318730474E-24   3.6990323740215858E+03
   9.9767700000000000E+08   3.4041355511939927E+05   2.0393979573841430E-13   2.6533120737741960E-24   3.7003756766889642E+03
   9.9967700000000000E+08   3.4262266161088814E+05   2.0132263171067043E-13   2.6183578451105296E-24   3.7016535515614182E+03
   1.0016770000000000E+09   3.4482631348927529E+05   1.9875037713070540E-13   2.5840566648983041E-24   3.7028668811384896E+03
   1.0036770000000000E+09   3.4702935118529503E+05   1.9621854369950779E-13   2.5503471944870133E-24   3.7040164890733595E+03
   1.0056770000000000E+09   3.4924007084969193E+05   1.9372038111083469E-13   2.5171384079554692E-24   3.7051038835566046E+03
   1.0076770000000000E+09   3.5146018282351561E+05   1.9125408722572577E-13   2.4844029681285266E-24   3.7061317708708279E+03
   1.0096770000000000E+09   3.5368305505490169E+05   1.8882398369434340E-13   2.4521931490313430E-24   3.7071029925813764E+03
   1.0116770000000000E+09   3.5590254997752828E+05   1.8643627505434157E-13   2.4205864933272796E-24   3.7080192704929905E+03
   1.0136770000000000E+09   3.5810823118734447E+05   1.8409348632215882E-13   2.3896133531241916E-24   3.7088814923991818E+03
   1.0156770000000000E+09   3.6028709877924883E+05   1.8180278334600555E-13   2.3593646744456457E-24   3.7096900573838006E+03
   1.0176770000000000E+09   3.6245586983953515E+05   1.7955310808825119E-13   2.3296959337466231E-24   3.7104437868717796E+03
   1.0196770000000000E+09   3.6461804345942533E+05   1.7734128196461484E-13   2.3005640461878297E-24   3.7111429745729824E+03
   1.0216770000000000E+09   3.6677436197453015E+05   1.7516616000964986E-13   2.2719522024395953E-24   3.7117882269770903E+03
   1.0236770000000000E+09   3.6892499730464938E+05   1.7302695064383573E-13   2.2438482102866139E-24   3.7123802201370891E+03
   1.0256770000000000E+09   3.7106998012320040E+05   1.7092293939003701E-13   2.2162409311754689E-24   3.7129196612074747E+03
   1.0276770000000000E+09   3.7320931027696555E+05   1.6885342514009025E-13   2.1891194660020990E-24   3.7134072642321021E+03
   1.0296770000000000E+09   3.7534299140166922E+05   1.6681770162282958E-13   2.1624729157093726E-24   3.7138437446081125E+03
   1.0316770000000000E+09   3.7747104247077345E+05   1.6481505472996618E-13   2.1362903448319173E-24   3.7142298180556836E+03
   1.0336770000000000E+09   3.7959350442987436E+05   1.6284476469694855E-13   2.1105608070744353E-24   3.7145662011827644E+03
   1.0356770000000000E+09   3.8171045273885457E+05   1.6090610515467066E-13   2.0852733297997878E-24   3.7148536130887264E+03
   1.0376770000000000E+09   3.8382201982670027E+05   1.5899833572571935E-13   2.0604168141220515E-24   3.7150927784993387E+03
   1.0396770000000000E+09   3.8592841904343700E+05   1.5712069281704229E-13   2.0359799104719855E-24   3.7152844333548064E+03
   1.0416770000000000E+09   3.8802995085704071E+05   1.5527238950231729E-13   2.0119510108938592E-24   3.7154293328063559E+03
   1.0436770000000000E+09   3.9012697395464190E+05   1.5345263371479022E-13   1.9883184787679717E-24   3.7155282594222858E+03
   1.0456770000000000E+09   3.9221984052003117E+05   1.5166066415747998E-13   1.9650711103350836E-24   3.7155820276474046E+03
   1.0476770000000000E+09   3.9430881551113032E+05   1.4989579217924260E-13   1.9421986775546320E-24   3.7155914808477974E+03
   1.0496770000000000E+09   3.9639401005494117E+05   1.4815743323798573E-13   1.9196923404572660E-24   3.7155574798123321E+03
   1.0516770000000000E+09   3.9847535304129531E+05   1.4644511608171217E-13   1.8975447738073383E-24   3.7154808849627652E+03
   1.0536770000000000E+09   4.0055260787071020E+05   1.4475846772340727E-13   1.8757499806164124E-24   3.7153625368693542E+03
   1.0556770000000000E+09   4.0262542383885494E+05   1.4309718149418391E-13   1.8543028843664985E-24   3.7152032399342843E+03
   1.0576770000000000E+09   4.0469340212443192E+05   1.4146097971615410E-13   1.8331988479145678E-24   3.7150037525279467E+03
   1.0596770000000000E+09   4.0675615674510493E+05   1.3984958135367237E-13   1.8124332530248398E-24   3.7147647844986018E+03
   1.0616770000000000E+09   4.0881335789332737E+05   1.3826268058690048E-13   1.7920012183340637E-24   3.7144870009239621E+03
   1.0636770000000000E+09   4.1086475380534428E+05   1.3669993740951841E-13   1.7718974713356340E-24   3.7141710298491312E+03
   1.0656770000000000E+09   4.1291017403533892E+05   1.3516097795915181E-13   1.7521163459957786E-24   3.7138174716045651E+03
   1.0676770000000000E+09   4.1494952028983110E+05   1.3364540088375700E-13   1.7326518590707923E-24   3.7134269078038674E+03
   1.0696770000000000E+09   4.1698275125951390E+05   1.3215278621604726E-13   1.7134978199442689E-24   3.7129999088796958E+03
   1.0716770000000000E+09   4.1900986641904182E+05   1.3068270421323145E-13   1.6946479411895396E-24   3.7125370397184406E+03
   1.0736770000000000E+09   4.2103089177404495E+05   1.2923472276112298E-13   1.6760959316073762E-24   3.7120388634481274E+03
   1.0756770000000000E+09   4.2304586880223453E+05   1.2780841285934627E-13   1.6578355652600184E-24   3.7115059436973570E+03
   1.0776770000000000E+09   4.2505484667388891E+05   1.2640335227682086E-13   1.6398607274161686E-24   3.7109388457254890E+03
   1.0796770000000000E+09   4.2705787723819440E+05   1.2501912773218148E-13   1.6221654417913975E-24   3.7103381367969032E+03
   1.0816770000000000E+09   4.2905501207041240E+05   1.2365533601267686E-13   1.6047438842819079E-24   3.7097043860955428E+03
   1.0836770000000000E+09   4.3104630091614282E+05   1.2231158439535823E-13   1.5875903877957384E-24   3.7090381643905075E+03
   1.0856770000000000E+09   4.3303179100775009E+05   1.2098749064613689E-13   1.5706994416833652E-24   3.7083400435896560E+03
   1.0876770000000000E+09   4.3501152688231610E+05   1.1968268278493779E-13   1.5540656881672578E-24   3.7076105962628576E+03
   1.0896770000000000E+09   4.3698555046110204E+05   1.1839679873546198E-13   1.5376839172857274E-24   3.7068503951791931E+03
   1.0916770000000000E+09   4.3895390124707011E+05   1.1712948592875178E-13   1.5215490612388088E-24   3.7060600128790197E+03
   1.0936770000000000E+09   4.4091661656096013E+05   1.1588040089826042E-13   1.5056561886220676E-24   3.7052400212884891E+03
   1.0956770000000000E+09   4.4287373177592841E+05   1.1464920888536355E-13   1.4900004987941652E-24   3.7043909913770362E+03
   1.0976770000000000E+09   4.4482528053327696E+05   1.1343558346392036E-13   1.4745773164914542E-24   3.7035134928550847E+03
   1.0996770000000000E+09   4.4677129493362718E+05   1.1223920618720514E-13   1.4593820867347258E-24   3.7026080939079343E+03
   1.1016770000000000E+09   4.4871180570359417E+05   1.1105976625797887E-13   1.4444103700400662E-24   3.7016753609617458E+03
   1.1036770000000000E+09   4.5064684234004526E+05   1.0989696022141408E-13   1.4296578379318993E-24   3.7007158584776266E+03
   1.1056770000000000E+09   4.5257643323469482E+05   1.0875049168003505E-13   1.4151202687488161E-24   3.6997301487704440E+03
   1.1076770000000000E+09   4.5450060578161501E+05   1.0762007102958576E-13   1.4007935437293310E-24   3.6987187918492682E+03
   1.1096770000000000E+09   4.5641938646958815E+05   1.0650541521464854E-13   1.3866736433633097E-24   3.6976823452768153E+03
   1.1116770000000000E+09   4.5833280096102180E+05   1.0540624750264046E-13   1.3727566439920714E-24   3.6966213640455476E+03
   1.1136770000000000E+09   4.6024087415840040E+05   1.0432229727485169E-13   1.3590387146404979E-24   3.6955364004683861E+03
   1.1156770000000000E+09   4.6214363025921560E+05   1.0325329983305802E-13   1.3455161140626496E-24   3.6944280040821209E+03
   1.1176770000000000E+09   4.6404109279986849E+05   1.0219899622031859E-13   1.3321851879832646E-24   3.6932967215618764E+03
   1.1196770000000000E+09   4.6593328468894714E+05   1.0115913305457802E-13   1.3190423665175717E-24   3.6921430966450166E+03
   1.1216770000000000E+09   4.6782022823009448E+05   1.0013346237377451E-13   1.3060841617527890E-24   3.6909676700630866E+03
   1.1236770000000000E+09   4.6970194513474987E+05   9.9121741491187544E-14   1.2933071654750574E-24   3.6897709794804027E+03
   1.1256770000000000E+09   4.7157845652486465E+05   9.8123732859881926E-14   1.2807080470270643E-24   3.6885535594380517E+03
   1.1276770000000000E+09   4.7344978292590007E+05   9.7139203945122135E-14   1.2682835512817823E-24   3.6873159413021112E+03
   1.1296770000000000E+09   4.7531594425038173E+05   9.6167927103733969E-14   1.2560304967190351E-24   3.6860586532149691E+03
   1.1316770000000000E+09   4.7717695977245294E+05   9.5209679469446234E-14   1.2439457735922451E-24   3.6847822200487535E+03
   1.1336770000000000E+09   4.7903284809420205E+05   9.4264242843272138E-14   1.2320263421730287E-24   3.6834871633599178E+03
   1.1356770000000000E+09   4.8088362710450857E+05   9.3331403588143564E-14   1.2202692310632461E-24   3.6821740013441377E+03
   1.1376770000000000E+09   4.8272931393178902E+05   9.2410952526995221E-14   1.2086715355638127E-24   3.6808432487908449E+03
   1.1396770000000000E+09   4.8456992489216325E+05   9.1502684843634002E-14   1.1972304160913635E-24   3.6794954170367469E+03
   1.1416770000000000E+09   4.8640547543494747E+05   9.0606399985820544E-14   1.1859430966349615E-24   3.6781310139179341E+03
   1.1436770000000000E+09   4.8823598008796579E+05   8.9721901570016905E-14   1.1748068632453457E-24   3.6767505437202685E+03
   1.1456770000000000E+09   4.9006145240532025E+05   8.8848997287406380E-14   1.1638190625511245E-24   3.6753545071280178E+03
   1.1476770000000000E+09   4.9188190492059995E+05   8.7987498810861259E-14   1.1529771002971927E-24   3.6739434011707895E+03
   1.1496770000000000E+09   4.9369734910894267E+05   8.7137221702549611E-14   1.1422784399007732E-24   3.6725177191691346E+03
   1.1516770000000000E+09   4.9550779536119697E+05   8.6297985322020013E-14   1.1317206010223566E-24   3.6710779506793992E+03
   1.1536770000000000E+09   4.9731325297356467E+05   8.5469612734602138E-14   1.1213011581487887E-24   3.6696245814385438E+03
   1.1556770000000000E+09   4.9911373015591316E+05   8.4651930620018561E-14   1.1110177391864323E-24   3.6681580933099449E+03
   1.1576770000000000E+09   5.0090923406144301E+05   8.3844769181175998E-14   1.1008680240632749E-24   3.6666789642313565E+03
   1.1596770000000000E+09   5.0269977084006800E+05   8.3047962053091410E-14   1.0908497433386888E-24   3.6651876681662975E+03
   1.1616770000000000E+09   5.0448534571699542E+05   8.2261346211996781E-14   1.0809606768206866E-24   3.6636846750603418E+03
   1.1636770000000000E+09   5.0626596309725195E+05   8.1484761884686646E-14   1.0711986521908252E-24   3.6621704508037719E+03
   1.1656770000000000E+09   5.0804162669593532E+05   8.0718052458227987E-14   1.0615615436376643E-24   3.6606454572021125E+03
   1.1676770000000000E+09   5.0981233969300712E+05   7.9961064390198806E-14   1.0520472705003764E-24   3.6591101519559470E+03
   1.1696770000000000E+09   5.1157810491029563E+05   7.9213647119706630E-14   1.0426537959252530E-24   3.6575649886514489E+03
   1.1716770000000000E+09   5.1333892500757251E+05   7.8475652979450089E-14   1.0333791255381648E-24   3.6560104167626482E+03
   1.1736770000000000E+09   5.1509480269348627E+05   7.7746937109178046E-14   1.0242213061372592E-24   3.6544468816665262E+03
   1.1756770000000000E+09   5.1684574094632932E+05   7.7027357370950485E-14   1.0151784244110170E-24   3.6528748246714808E+03
   1.1776770000000000E+09   5.1859174323908286E+05   7.6316774266611532E-14   1.0062486056869401E-24   3.6512946830595829E+03
   1.1796770000000000E+09   5.2033281376269169E+05   7.5615050857921517E-14   9.9743001271677074E-25   3.6497068901426264E+03
   1.1816770000000000E+09   5.2206895764127170E+05   7.4922052689800140E-14   9.8872084450433716E-25   3.6481118753315673E+03
   1.1836770000000000E+09   5.2380018113303324E+05   7.4237647717105381E-14   9.8011933518184452E-25   3.6465100642187067E+03
   1.1856770000000000E+09   5.2552649181118549E+05   7.3561706235285944E-14   9.7162375293942190E-25   3.6449018786714992E+03
   1.1876770000000000E+09   5.2724789871925686E+05   7.2894100815269633E-14   9.6323239901312939E-25   3.6432877369365974E+03
   1.1896770000000000E+09   5.2896441249653231E+05   7.2234706242759003E-14   9.5494360673417107E-25   3.6416680537524917E+03
   1.1916770000000000E+09   5.3067604546994611E+05   7.1583399462083438E-14   9.4675574064184125E-25   3.6400432404687613E+03
   1.1936770000000000E+09   5.3238281171008502E+05   7.0940059524618585E-14   9.3866719566087881E-25   3.6384137051699699E+03
   1.1956770000000000E+09   5.3408472705015808E+05   7.0304567541675852E-14   9.3067639634254548E-25   3.6367798528018488E+03
   1.1976770000000000E+09   5.3578180906806025E+05   6.9676806641664844E-14   9.2278179616730823E-25   3.6351420852977317E+03
   1.1996770000000000E+09   5.3747407703289879E+05   6.9056661931235556E-14   9.1498187690577223E-25   3.6335008017029272E+03
   1.2016770000000000E+09   5.3916155181851948E+05   6.8444020460019572E-14   9.0727514803321966E-25   3.6318563982950491E+03
   1.2036770000000000E+09   5.4084425578765140E+05   6.7838771188520406E-14   8.9966014619215364E-25   3.6302092686983569E+03
   1.2056770000000000E+09   5.4252221265105868E+05   6.7240804958669027E-14   8.9213543469666428E-25   3.6285598039905067E+03
   1.2076770000000000E+09   5.4419544730685977E+05   6.6650014466517871E-14   8.8469960307178846E-25   3.6269083928002797E+03
   1.2096770000000000E+09   5.4586398566563602E+05   6.6066294236539098E-14   8.7735126662082189E-25   3.6252554213951976E+03
   1.2116770000000000E+09   5.4752785446704109E+05   6.5489540597034938E-14   8.7008906601396390E-25   3.6236012737583496E+03
   1.2136770000000000E+09   5.4918708109396847E+05   6.4919651656135963E-14   8.6291166689120383E-25   3.6219463316538836E+03
   1.2156770000000000E+09   5.5084169338989758E+05   6.4356527277961240E-14   8.5581775947350298E-25   3.6202909746811770E+03
   1.2176770000000000E+09   5.5249171948475612E+05   6.3800069058550301E-14   8.4880605817676717E-25   3.6186355803178435E+03
   1.2196770000000000E+09   5.5413718763414200E+05   6.3250180301232041E-14   8.4187530122374999E-25   3.6169805239520633E+03
   1.2216770000000000E+09   5.5577812607584125E+05   6.2706765991206429E-14   8.3502425025043555E-25   3.6153261789050484E+03
   1.2236770000000000E+09   5.5741456290669471E+05   6.2169732769191295E-14   8.2825168990444607E-25   3.6136729164445578E+03
   1.2256770000000000E+09   5.5904652598190878E+05   6.1638988904060329E-14   8.2155642743397780E-25   3.6120211057905835E+03
   1.2276770000000000E+09   5.6067404283754609E+05   6.1114444264535265E-14   8.1493729226759321E-25   3.6103711141143995E+03
   1.2296770000000000E+09   5.6229714063602278E+05   6.0596010290038319E-14   8.0839313558578302E-25   3.6087233065322494E+03
   1.2316770000000000E+09   5.6391584613334772E+05   6.0083599960889314E-14   8.0192282988631432E-25   3.6070780460948099E+03
   1.2336770000000000E+09   5.6553018566575914E+05   5.9577127768118234E-14   7.9552526854654454E-25   3.6054356937736738E+03
   1.2356770000000000E+09   5.6714018515308097E+05   5.9076509683138956E-14   7.8919936538564521E-25   3.6037966084457785E+03
   1.2376770000000000E+09   5.6874587011541124E+05   5.8581663127582334E-14   7.8294405423042427E-25   3.6021611468766650E+03
   1.2396770000000000E+09   5.7034726569987112E+05   5.8092506943534553E-14   7.7675828848778849E-25   3.6005296637033216E+03
   1.2416770000000000E+09   5.7194439671407896E+05   5.7608961364415151E-14   7.7064104072683509E-25   3.5989025114170317E+03
   1.2436770000000000E+09   5.7353728766341857E+05   5.7130947986667870E-14   7.6459130227273964E-25   3.5972800403467286E+03
   1.2456770000000000E+09   5.7512596278951527E+05   5.6658389742393743E-14   7.5860808281413215E-25   3.5956625986429349E+03
   1.2476770000000000E+09   5.7671044610784575E+05   5.6191210872997901E-14   7.5269041002486120E-25   3.5940505322624622E+03
   1.2496770000000000E+09   5.7829076144276513E+05   5.5729336903892677E-14   7.4683732920070598E-25   3.5924441849538803E+03
   1.2516770000000000E+09   5.7986693245867896E+05   5.5272694620253911E-14   7.4104790291101522E-25   3.5908438982436064E+03
   1.2536770000000000E+09   5.8143898268647899E+05   5.4821212043795869E-14   7.3532121066481633E-25   3.5892500114225468E+03
   1.2556770000000000E+09   5.8300693554452457E+05   5.4374818410529251E-14   7.2965634859095381E-25   3.5876628615330565E+03
   1.2576770000000000E+09   5.8457081435380713E+05   5.3933444149434832E-14   7.2405242913137299E-25   3.5860827833560706E+03
   1.2596770000000000E+09   5.8613064234709786E+05   5.3497020861984013E-14   7.1850858074666052E-25   3.5845101093981452E+03
   1.2616770000000000E+09   5.8768644267209875E+05   5.3065481302422356E-14   7.1302394763273665E-25   3.5829451698782023E+03
   1.2636770000000000E+09   5.8923823838860623E+05   5.2638759358751138E-14   7.0759768944784202E-25   3.5813882927137879E+03
   1.2656770000000000E+09   5.9078605246002087E+05   5.2216790034306337E-14   7.0222898104848683E-25   3.5798398035065952E+03
   1.2676770000000000E+09   5.9232990773938433E+05   5.1799509429867919E-14   6.9691701223345709E-25   3.5783000255271077E+03
   1.2696770000000000E+09   5.9386982695020887E+05   5.1386854726225091E-14   6.9166098749488878E-25   3.5767692796981278E+03
   1.2716770000000000E+09   5.9540583266249718E+05   5.0978764167112082E-14   6.8646012577523126E-25   3.5752478845771366E+03
   1.2736770000000000E+09   5.9693794726417959E+05   5.0575177042456268E-14   6.8131366022933523E-25   3.5737361563371792E+03
   1.2756770000000000E+09   5.9846619292843679E+05   5.0176033671857935E-14   6.7622083799052344E-25   3.5722344087463321E+03
   1.2776770000000000E+09   5.9999059157733736E+05   4.9781275388230083E-14   6.7118091993968204E-25   3.5707429531454927E+03
   1.2796770000000000E+09   6.0151116484233004E+05   4.9390844521524872E-14   6.6619318047633734E-25   3.5692620984244772E+03
   1.2816770000000000E+09   6.0302793402228516E+05   4.9004684382462614E-14   6.6125690729055674E-25   3.5677921509963121E+03
   1.2836770000000000E+09   6.0454092003969988E+05   4.8622739246198558E-14   6.5637140113474628E-25   3.5663334147697137E+03
   1.2856770000000000E+09   6.0605014339586417E+05   4.8244954335850023E-14   6.5153597559426810E-25   3.5648861911196555E+03
   1.2876770000000000E+09   6.0755562412561942E+05   4.7871275805835936E-14   6.4674995685615764E-25   3.5634507788561100E+03
   1.2896770000000000E+09   6.0905738175234734E+05   4.7501650724982691E-14   6.4201268347528268E-25   3.5620274741908738E+03
   1.2916770000000000E+09   6.1055543524358037E+05   4.7136027059390754E-14   6.3732350613779130E-25   3.5606165707026107E+03
   1.2936770000000000E+09   6.1204980296751030E+05   4.6774353655060463E-14   6.3268178742178187E-25   3.5592183593000796E+03
   1.2956770000000000E+09   6.1354050265028048E+05   4.6416580220325175E-14   6.2808690155578724E-25   3.5578331281836195E+03
   1.2976770000000000E+09   6.1502755133361008E+05   4.6062657308170850E-14   6.2353823417609056E-25   3.5564611628049379E+03
   1.2996770000000000E+09   6.1651096533222857E+05   4.5712536298523230E-14   6.1903518208393034E-25   3.5551027458252192E+03
   1.3016770000000000E+09   6.1799076019026851E+05   4.5366169380629573E-14   6.1457715300428481E-25   3.5537581570715333E+03
   1.3036770000000000E+09   6.1946695063639432E+05   4.5023509535614738E-14   6.1016356534728912E-25   3.5524276734915461E+03
   1.3056770000000000E+09   6.2093955053818098E+05   4.4684510519269781E-14   6.0579384797305628E-25   3.5511115691064956E+03
   1.3076770000000000E+09   6.2240857285844837E+05   4.4349126844989969E-14   6.0146743995876189E-25   3.5498101149624013E+03
   1.3096770000000000E+09   6.2387402961889911E+05   4.4017313766654763E-14   5.9718379036513452E-25   3.5485235790796310E+03
   1.3116770000000000E+09   6.2533593188043614E+05   4.3689027261012402E-14   5.9294235799633930E-25   3.5472522264011268E+03
   1.3136770000000000E+09   6.2679428975392878E+05   4.3364224008899904E-14   5.8874261114403728E-25   3.5459963187398680E+03
   1.3156770000000000E+09   6.2824911245899205E+05   4.3042861374445881E-14   5.8458402730381152E-25   3.5447561147266424E+03
   1.3176770000000000E+09   6.2970040845022094E+05   4.2724897381324900E-14   5.8046609285094669E-25   3.5435318697599082E+03
   1.3196770000000000E+09   6.3114818562826875E+05   4.2410290685274170E-14   5.7638830266440070E-25   3.5423238359599227E+03
   1.3216770000000000E+09   6.3259245164511236E+05   4.2099000542546738E-14   5.7235015969397127E-25   3.5411322621301392E+03
   1.3236770000000000E+09   6.3403321429774922E+05   4.1790986774802227E-14   5.6835117447690086E-25   3.5399573937290115E+03
   1.3256770000000000E+09   6.3547048198295932E+05   4.1486209732076592E-14   5.6439086462576383E-25   3.5387994728551439E+03
   1.3276770000000000E+09   6.3690426416088070E+05   4.1184630256734650E-14   5.6046875432687648E-25   3.5376587382479088E+03
   1.3296770000000000E+09   6.3833457175327674E+05   4.0886209652350183E-14   5.5658437390306984E-25   3.5365354253036744E+03
   1.3316770000000000E+09   6.3976141739181324E+05   4.0590909661857052E-14   5.5273725950057256E-25   3.5354297661056007E+03
   1.3336770000000000E+09   6.4118481544142205E+05   4.0298692458597760E-14   5.4892695295060290E-25   3.5343419894617114E+03
   1.3356770000000000E+09   6.4260478175853239E+05   4.0009520651907397E-14   5.4515300182955936E-25   3.5332723209438541E+03
   1.3376770000000000E+09   6.4402133320155367E+05   3.9723357305749406E-14   5.4141495969941268E-25   3.5322209829182425E+03
   1.3396770000000000E+09   6.4543448697890202E+05   3.9440165965410515E-14   5.3771238646175894E-25   3.5311881945593068E+03
   1.3416770000000000E+09   6.4684425997725781E+05   3.9159910684422491E-14   5.3404484871965244E-25   3.5301741718409803E+03
   1.3436770000000000E+09   6.4825066823448881E+05   3.8882556043040694E-14   5.3041192002883638E-25   3.5291791275047231E+03
   1.3456770000000000E+09   6.4965372669092775E+05   3.8608067151508272E-14   5.2681318094478395E-25   3.5282032710092885E+03
   1.3476770000000000E+09   6.5105344926994946E+05   3.8336409635838166E-14   5.2324821883258251E-25   3.5272468084719803E+03
   1.3496770000000000E+09   6.5244984922750376E+05   3.8067549609663301E-14   5.1971662748586731E-25   3.5263099426132103E+03
   1.3516770000000000E+09   6.5384293961402925E+05   3.7801453640527077E-14   5.1621800666739171E-25   3.5253928727140928E+03
   1.3536770000000000E+09   6.5523273365515762E+05   3.7538088720652016E-14   5.1275196170770846E-25   3.5244957945913084E+03
   1.3556770000000000E+09   6.5661924490402720E+05   3.7277422249596799E-14   5.0931810326392718E-25   3.5236189005860260E+03
   1.3576770000000000E+09   6.5800248713227210E+05   3.7019422030262263E-14   5.0591604726013112E-25   3.5227623795583604E+03
   1.3596770000000000E+09   6.5938247405569209E+05   3.6764056273191690E-14   5.0254541494216739E-25   3.5219264168770860E+03
   1.3616770000000000E+09   6.6075921906661394E+05   3.6511293600442729E-14   4.9920583292857408E-25   3.5211111943983910E+03
   1.3636770000000000E+09   6.6213273512506683E+05   3.6261103041524570E-14   4.9589693315481635E-25   3.5203168904341151E+03
   1.3656770000000000E+09   6.6350303485639417E+05   3.6013454019294634E-14   4.9261835268081927E-25   3.5195436797162847E+03
   1.3676770000000000E+09   6.6487013077783876E+05   3.5768316330010110E-14   4.8936973341776454E-25   3.5187917333665150E+03
   1.3696770000000000E+09   6.6623403550966282E+05   3.5525660125044608E-14   4.8615072187611953E-25   3.5180612188755622E+03
   1.3716770000000000E+09   6.6759476185803639E+05   3.5285455900155811E-14   4.8296096901575460E-25   3.5173523000916962E+03
   1.3736770000000000E+09   6.6895232275872561E+05   3.5047674493086895E-14   4.7980013020991591E-25   3.5166651372117499E+03
   1.3756770000000000E+09   6.7030673116380302E+05   3.4812287085579137E-14   4.7666786527036622E-25   3.5159998867685281E+03
   1.3776770000000000E+09   6.7165799997048359E+05   3.4579265204825042E-14   4.7356383846588711E-25   3.5153567016129300E+03
   1.3796770000000000E+09   6.7300614202715154E+05   3.4348580722245057E-14   4.7048771850465187E-25   3.5147357308940104E+03
   1.3816770000000000E+09   6.7435117016896443E+05   3.4120205851252664E-14   4.6743917850257832E-25   3.5141371200416693E+03
   1.3836770000000000E+09   6.7569309720458591E+05   3.3894113147040674E-14   4.6441789597902444E-25   3.5135610107533353E+03
   1.3856770000000000E+09   6.7703193580494320E+05   3.3670275509944438E-14   4.6142355290169854E-25   3.5130075409807573E+03
   1.3876770000000000E+09   6.7836769825866807E+05   3.3448666192848521E-14   4.5845583578823746E-25   3.5124768449090793E+03
   1.3896770000000000E+09   6.7970039591799618E+05   3.3229258818110740E-14   4.5551443594093987E-25   3.5119690529169507E+03
   1.3916770000000000E+09   6.8103003765796090E+05   3.3012027428080265E-14   4.5259905014791672E-25   3.5114842914930114E+03
   1.3936770000000000E+09   6.8235662539002788E+05   3.2796946640135075E-14   4.4970938283155110E-25   3.5110226830444640E+03
   1.3956770000000000E+09   6.8368014160550607E+05   3.2583992088279492E-14   4.4684515216113946E-25   3.5105843454414990E+03
   1.3976770000000000E+09   6.8500051698007260E+05   3.2373141585731382E-14   4.4400610613183673E-25   3.5101693909630771E+03
   1.3996770000000000E+09   6.8631755181571573E+05   3.2164377965672099E-14   4.4119206182208105E-25   3.5097779240138252E+03
   1.4016770000000000E+09   6.8763074004563515E+05   3.1957695487652432E-14   4.3840299386017380E-25   3.5094100365747572E+03
   1.4036770000000000E+09   6.8893891081905726E+05   3.1753112976768240E-14   4.3563921574713170E-25   3.5090657999408713E+03
   1.4056770000000000E+09   6.9023958211713447E+05   3.1550697718928944E-14   4.3290170947318455E-25   3.5087452510686599E+03
   1.4076770000000000E+09   6.9152797661332972E+05   3.1350602246880551E-14   4.3019263297790228E-25   3.5084483717064068E+03
   1.4096770000000000E+09   6.9279589457373694E+05   3.1153107253646291E-14   4.2751591303219521E-25   3.5081750572071865E+03
   1.4116770000000000E+09   6.9403116462339973E+05   3.0958644152614867E-14   4.2487756100701869E-25   3.5079250670495153E+03
   1.4136770000000000E+09   6.9521904119582905E+05   3.0767745515364685E-14   4.2228500258920466E-25   3.5076979414826837E+03
   1.4156770000000000E+09   6.9634693798316526E+05   3.0580868390099741E-14   4.1974466686560663E-25   3.5074928768672921E+03
   1.4176770000000000E+09   6.9741204986328143E+05   3.0398102380317355E-14   4.1725798986244561E-25   3.5073086208276977E+03
   1.4196770000000000E+09   6.9842757886265113E+05   3.0218922609472043E-14   4.1481800712924161E-25   3.5071435850957046E+03
   1.4216770000000000E+09   6.9942097861280234E+05   3.0042248033277614E-14   4.1241008691709152E-25   3.5069963941552683E+03
   1.4236770000000000E+09   7.0042291879267280E+05   2.9866875836858267E-14   4.1001780116148620E-25   3.5068666751358955E+03
   1.4256770000000000E+09   7.0145751566373708E+05   2.9691892303885551E-14   4.0762854822274892E-25   3.5067552459081980E+03
   1.4276770000000000E+09   7.0254660305636225E+05   2.9516530419075884E-14   4.0523170073138275E-25   3.5066632721533679E+03
   1.4296770000000000E+09   7.0372346807941003E+05   2.9339586111127394E-14   4.0281081605692459E-25   3.5065903266281671E+03
   1.4316770000000000E+09   7.0500120180664829E+05   2.9160789930014717E-14   4.0036067553165405E-25   3.5065500477356632E+03
   1.4336770000000000E+09   7.0667436390993430E+05   2.8967060753049310E-14   3.9771651726638441E-25   3.5064122373733662E+03
   1.4356770000000000E+09   7.0625560306376207E+05   2.8863242379430048E-14   3.9627396571592252E-25   3.5065638085515352E+03
   6.5767700000000000E+08  -1.6938485004275344E+03   2.5170419245481276E-08   8.9917529843626620E-23   1.8468034509102613E+03
   6.5967700000000000E+08  -1.6101249521817874E+03   4.4307860404249522E-08   1.3118152692897152E-22   2.2283726398302751E+03
   6.6167700000000000E+08  -1.4819549256483265E+03   5.7069361727446122E-08   1.5098091896403852E-22   2.4938737915653182E+03
   6.6367700000000000E+08  -1.2717919604445403E+03   6.3676854047118373E-08   1.5550148068094225E-22   2.7018100499813700E+03
   6.6567700000000000E+08  -9.3167165277792378E+02   6.5024203132009339E-08   1.4924435233070516E-22   2.8747198508793117E+03
   6.6767700000000000E+08  -5.0401051186473194E+02   6.3068793859495407E-08   1.3762951618892018E-22   3.0236244759059259E+03
   6.6967700000000000E+08  -1.4058488837403944E+01   5.9415612405613383E-08   1.2426759262122026E-22   3.1547928332825600E+03
   6.7167700000000000E+08   5.1240867146613414E+02   5.5122730722276796E-08   1.1115320409513843E-22   3.2721843032301435E+03
   6.7367700000000000E+08   1.0521899902333473E+03   5.0788569086835075E-08   9.9190743675290705E-23   3.3784947800259843E+03
   6.7567700000000000E+08   1.5800464018531632E+03   4.6711154316856533E-08   8.8676809817351673E-23   3.4756627428287229E+03
   6.7767700000000000E+08   2.0656490664496359E+03   4.3015839643890701E-08   7.9611810838348353E-23   3.5651387064631576E+03
   6.7967700000000000E+08   2.4791156484544190E+03   3.9736080070984483E-08   7.1870279078076540E-23   3.6480410955099455E+03
   6.8167700000000000E+08   2.8115568973519926E+03   3.6848016842745053E-08   6.5265098635057934E-23   3.7252540413193333E+03
   6.8367700000000000E+08   3.0673755348753039E+03   3.4295649221108239E-08   5.9588749557265111E-23   3.7974907332458170E+03
   6.8567700000000000E+08   3.2435625161271905E+03   3.2003838612458179E-08   5.4630681570555590E-23   3.8653357419815870E+03
   6.8767700000000000E+08   3.2980160203085261E+03   2.9898537018575006E-08   5.0206464631430803E-23   3.9292738615110966E+03
   6.8967700000000000E+08   3.1648026481057054E+03   2.7933842223997836E-08   4.6196734747547342E-23   3.9897107617989532E+03
   6.9167700000000000E+08   2.8248246399582617E+03   2.6103264916451338E-08   4.2558242700091151E-23   4.0469903036858614E+03
   6.9367700000000000E+08   2.3591902957465004E+03   2.4426402634890735E-08   3.9295687406290792E-23   4.1014095532695874E+03
   6.9567700000000000E+08   1.9348592875465274E+03   2.2925208984092012E-08   3.6420155338526000E-23   4.1532300450604016E+03
   6.9767700000000000E+08   1.7430110486742033E+03   2.1608967975614780E-08   3.3924735842519374E-23   4.2026845853710029E+03
   6.9967700000000000E+08   1.9383735741196831E+03   2.0471713651336130E-08   3.1781225185227228E-23   4.2499807081926347E+03
   7.0167700000000000E+08   2.6054605165077246E+03   1.9496150720663539E-08   2.9946956126484868E-23   4.2953025494389221E+03
   7.0367700000000000E+08   3.7531873750828477E+03   1.8658913981419953E-08   2.8373168645272320E-23   4.3388124005681548E+03
   7.0567700000000000E+08   5.3287831756938676E+03   1.7934939570705715E-08   2.7011534221797832E-23   4.3806524945546917E+03
   7.0767700000000000E+08   7.2399982432491288E+03   1.7300413342032340E-08   2.5818221169960744E-23   4.4209471018842141E+03
   7.0967700000000000E+08   9.3770655177005829E+03   1.6734410627790328E-08   2.4755860381729240E-23   4.4598048003041240E+03
   7.1167700000000000E+08   1.1630133571745140E+04   1.6219562610379302E-08   2.3794042512739520E-23   4.4973207397625265E+03
   7.1367700000000000E+08   1.3898870780781264E+04   1.5742005253885908E-08   2.2908804622690062E-23   4.5335787418071004E+03
   7.1567700000000000E+08   1.6098509526593820E+04   1.5291189165900040E-08   2.2081981861461882E-23   4.5686531507480031E+03
   7.1767700000000000E+08   1.8165171660814623E+04   1.4859607103285569E-08   2.1300517636594284E-23   4.6026104482341252E+03
   7.1967700000000000E+08   2.0056035574312456E+04   1.4442173282510388E-08   2.0555332635866404E-23   4.6355106275453327E+03
   7.2167700000000000E+08   2.1746803383373390E+04   1.4035755807955592E-08   1.9840483172260166E-23   4.6674083113734978E+03
   7.2367700000000000E+08   2.3229193402892633E+04   1.3638712019160798E-08   1.9152374163862949E-23   4.6983536424672129E+03
   7.2567700000000000E+08   2.4507905726588950E+04   1.3250468595165692E-08   1.8489077416348523E-23   4.7283929863453341E+03
   7.2767700000000000E+08   2.5597348597248896E+04   1.2871153241499409E-08   1.7849755462784518E-23   4.7575694760732949E+03
   7.2967700000000000E+08   2.6518373889859053E+04   1.2501285926099771E-08   1.7234193942493106E-23   4.7859234276582592E+03
   7.3167700000000000E+08   2.7295261551133492E+04   1.2141536082395725E-08   1.6642444220613586E-23   4.8134926529766035E+03
   7.3367700000000000E+08   2.7953159820923724E+04   1.1792548043662358E-08   1.6074573065874681E-23   4.8403126950764090E+03
   7.3567700000000000E+08   2.8516122193141073E+04   1.1454831352051380E-08   1.5530509452781422E-23   4.8664170078565103E+03
   7.3767700000000000E+08   2.9005791660279741E+04   1.1128706664921597E-08   1.5009971585917320E-23   4.8918370985105485E+03
   7.3967700000000000E+08   2.9440692223598944E+04   1.0814294479032091E-08   1.4512453695658506E-23   4.9166026469203107E+03
   7.4167700000000000E+08   2.9836022020945940E+04   1.0511532390297820E-08   1.4037251283327248E-23   4.9407416119989448E+03
   7.4367700000000000E+08   3.0203806700377452E+04   1.0220207921061456E-08   1.3583506267990950E-23   4.9642803312275628E+03
   7.4567700000000000E+08   3.0553270823232247E+04   9.9399966708305549E-09   1.3150257896403185E-23   4.9872436166537836E+03
   7.4767700000000000E+08   3.0891306787922858E+04   9.6704988931313272E-09   1.2736490244210246E-23   5.0096548485498679E+03
   7.4967700000000000E+08   3.1222953826771016E+04   9.4112706845284793E-09   1.2341171506916550E-23   5.0315360666902734E+03
   7.5167700000000000E+08   3.1551833330279707E+04   9.1618483506363964E-09   1.1963283530956585E-23   5.0529080586256687E+03
   7.5367700000000000E+08   3.1880514695951861E+04   8.9217660641010268E-09   1.1601842075056303E-23   5.0737904441891542E+03
   7.5567700000000000E+08   3.2210805575050377E+04   8.6905677549799054E-09   1.1255909317311593E-23   5.0942017555793682E+03
   7.5767700000000000E+08   3.2543972128753128E+04   8.4678144733757218E-09   1.0924600437930543E-23   5.1141595125809035E+03
   7.5967700000000000E+08   3.2880900440373654E+04   8.2530884417679056E-09   1.0607086004188106E-23   5.1336802927142071E+03
   7.6167700000000000E+08   3.3222211636430948E+04   8.0459948327992214E-09   1.0302591586995087E-23   5.1527797963069470E+03
   7.6367700000000000E+08   3.3568342345404119E+04   7.8461620759044984E-09   1.0010395692189751E-23   5.1714729066287946E+03
   7.6567700000000000E+08   3.3919600167703327E+04   7.6532412743177079E-09   9.7298267722627795E-24   5.1897737453313730E+03
   7.6767700000000000E+08   3.4276201649754177E+04   7.4669051299382897E-09   9.4602598277753389E-24   5.2076957234924230E+03
   7.6967700000000000E+08   3.4638298272243963E+04   7.2868466338891282E-09   9.2011129172429852E-24   5.2252515885888115E+03
   7.7167700000000000E+08   3.5005994346714906E+04   7.1127776813944995E-09   8.9518437616079414E-24   5.2424534677265110E+03
   7.7367700000000000E+08   3.5379359489051276E+04   6.9444277028123883E-09   8.7119465419867447E-24   5.2593129074452700E+03
   7.7567700000000000E+08   3.5758437455955653E+04   6.7815423597795848E-09   8.4809489346675591E-24   5.2758409103974027E+03
   7.7767700000000000E+08   3.6143252520201735E+04   6.6238823291514801E-09   8.2584093949332409E-24   5.2920479691778683E+03
   7.7967700000000000E+08   3.6533814151653860E+04   6.4712221821041735E-09   8.0439146833612708E-24   5.3079440975594562E+03
   7.8167700000000000E+08   3.6930120504157785E+04   6.3233493573769583E-09   7.8370776192861983E-24   5.3235388593637972E+03
   7.8367700000000000E+08   3.7332161037580649E+04   6.1800632234356762E-09   7.6375350424295457E-24   5.3388413951771590E+03
   7.8567700000000000E+08   3.7739918496388549E+04   6.0411742225656602E-09   7.4449459629696589E-24   5.3538604470997971E+03
   7.8767700000000000E+08   3.8153370398380554E+04   5.9065030894610911E-09   7.2589898811143993E-24   5.3686043816993160E+03
   7.8967700000000000E+08   3.8572490144387564E+04   5.7758801371124059E-09   7.0793652587215825E-24   5.3830812113218817E+03
   7.9167700000000000E+08   3.8997247832152243E+04   5.6491446033327062E-09   6.9057881272250943E-24   5.3972986139002869E+03
   7.9367700000000000E+08   3.9427610839158631E+04   5.5261440519050513E-09   6.7379908178289529E-24   5.4112639513844933E+03
   7.9567700000000000E+08   3.9863544226172686E+04   5.4067338229733355E-09   6.5757208015161445E-24   5.4249842869083241E+03
   7.9767700000000000E+08   4.0305011003520303E+04   5.2907765278941548E-09   6.4187396278422720E-24   5.4384664007953143E+03
   7.9967700000000000E+08   4.0751972294412713E+04   5.1781415842986013E-09   6.2668219527396473E-24   5.4517168054970343E+03
   8.0167700000000000E+08   4.1204387423246233E+04   5.0687047875816053E-09   6.1197546466575278E-24   5.4647417595487977E+03
   8.0367700000000000E+08   4.1662213951390506E+04   4.9623479154458816E-09   5.9773359753253630E-24   5.4775472806196722E+03
   8.0567700000000000E+08   4.2125407678347925E+04   4.8589583624865038E-09   5.8393748462668907E-24   5.4901391577270379E+03
   8.0767700000000000E+08   4.2593922622215592E+04   4.7584288021178352E-09   5.7056901149317109E-24   5.5025229626794908E+03
   8.0967700000000000E+08   4.3067710990086031E+04   4.6606568734234117E-09   5.5761099449611294E-24   5.5147040608064053E+03
   8.1167700000000000E+08   4.3546723146309829E+04   4.5655448907572408E-09   5.4504712176803666E-24   5.5266876210272740E+03
   8.1367700000000000E+08   4.4030907584406581E+04   4.4729995741468625E-09   5.3286189864198196E-24   5.5384786253094753E+03
   8.1567700000000000E+08   4.4520210906798406E+04   4.3829317987463077E-09   5.2104059717213270E-24   5.5500818775588896E+03
   8.1767700000000000E+08   4.5014577815376855E+04   4.2952563617654799E-09   5.0956920938897761E-24   5.5615020119841174E+03
   8.1967700000000000E+08   4.5513951115158176E+04   4.2098917654612079E-09   4.9843440397096535E-24   5.5727435009715919E+03
   8.2167700000000000E+08   4.6018271732828245E+04   4.1267600149176274E-09   4.8762348604661915E-24   5.5838106625059045E+03
   8.2367700000000000E+08   4.6527478751747723E+04   4.0457864294689115E-09   4.7712435986939483E-24   5.5947076671667619E+03
   8.2567700000000000E+08   4.7041509464885807E+04   3.9668994667282839E-09   4.6692549413264535E-24   5.6054385447315653E+03
   8.2767700000000000E+08   4.7560299447081394E+04   3.8900305582827781E-09   4.5701588971403998E-24   5.6160071904102342E+03
   8.2967700000000000E+08   4.8083782647908178E+04   3.8151139561957008E-09   4.4738504965805721E-24   5.6264173707368845E+03
   8.3167700000000000E+08   4.8611891506181288E+04   3.7420865895283534E-09   4.3802295122194061E-24   5.6366727291409334E+03
   8.3367700000000000E+08   4.9144557086732515E+04   3.6708879301506015E-09   4.2892001982500529E-24   5.6467767912186528E+03
   8.3567700000000000E+08   4.9681709239466494E+04   3.6014598671585185E-09   4.2006710475383742E-24   5.6567329697243986E+03
   8.3767700000000000E+08   5.0223276779920227E+04   3.5337465892575699E-09   4.1145545648687631E-24   5.6665445692994490E+03
   8.3967700000000000E+08   5.0769187689577797E+04   3.4676944745040364E-09   4.0307670551154246E-24   5.6762147909549894E+03
   8.4167700000000000E+08   5.1319369333132890E+04   3.4032519868277952E-09   3.9492284251573938E-24   5.6857467363245178E+03
   8.4367700000000000E+08   5.1873748688800872E+04   3.3403695787877742E-09   3.8698619984349438E-24   5.6951434116999371E+03
   8.4567700000000000E+08   5.2432252586750365E+04   3.2789996000395746E-09   3.7925943411199715E-24   5.7044077318644522E+03
   8.4767700000000000E+08   5.2994807949858725E+04   3.2190962110244761E-09   3.7173550989457670E-24   5.7135425237345153E+03
   8.4967700000000000E+08   5.3561342030368287E+04   3.1606153014210611E-09   3.6440768438133119E-24   5.7225505298221997E+03
   8.5167700000000000E+08   5.4131782635716801E+04   3.1035144129359901E-09   3.5726949293636254E-24   5.7314344115284966E+03
   8.5367700000000000E+08   5.4706058336869988E+04   3.0477526660489202E-09   3.5031473547784132E-24   5.7401967522774194E+03
   8.5567700000000000E+08   5.5284098652926754E+04   2.9932906903679056E-09   3.4353746361445978E-24   5.7488400605000152E+03
   8.5767700000000000E+08   5.5865834206590742E+04   2.9400905582945355E-09   3.3693196847907516E-24   5.7573667724768557E+03
   8.5967700000000000E+08   5.6451196846240120E+04   2.8881157217418448E-09   3.3049276920744472E-24   5.7657792550469039E+03
   8.6167700000000000E+08   5.7040119731736348E+04   2.8373309516909227E-09   3.2421460201672341E-24   5.7740798081902640E+03
   8.6367700000000000E+08   5.7632537382688686E+04   2.7877022804124186E-09   3.1809240984467416E-24   5.7822706674916653E+03
   8.6567700000000000E+08   5.8228385689524854E+04   2.7391969462159648E-09   3.1212133251622065E-24   5.7903540064913686E+03
   8.6767700000000000E+08   5.8827601889315265E+04   2.6917833406219207E-09   3.0629669740890820E-24   5.7983319389293301E+03
   8.6967700000000000E+08   5.9430124509750502E+04   2.6454309578756755E-09   3.0061401059295127E-24   5.8062065208886370E+03
   8.7167700000000000E+08   6.0035893285885795E+04   2.6001103467438686E-09   2.9506894842482153E-24   5.8139797528433864E+03
   8.7367700000000000E+08   6.0644849055189406E+04   2.5557930645446390E-09   2.8965734957575040E-24   5.8216535816161650E+03
   8.7567700000000000E+08   6.1256933637012335E+04   2.5124516333706174E-09   2.8437520747816457E-24   5.8292299022498564E+03
   8.7767700000000000E+08   6.1872089702822035E+04   2.4700594984642990E-09   2.7921866317400313E-24   5.8367105597982609E+03
   8.7967700000000000E+08   6.2490260643428635E+04   2.4285909887020170E-09   2.7418399854924747E-24   5.8440973510397362E+03
   8.8167700000000000E+08   6.3111390439015420E+04   2.3880212791356663E-09   2.6926762993890549E-24   5.8513920261178409E+03
   8.8367700000000000E+08   6.3735423537132054E+04   2.3483263555319130E-09   2.6446610208631071E-24   5.8585962901127205E+03
   8.8567700000000000E+08   6.4362304743012959E+04   2.3094829808379970E-09   2.5977608244003070E-24   5.8657118045467578E+03
   8.8767700000000000E+08   6.4991979125832928E+04   2.2714686634912196E-09   2.5519435577093397E-24   5.8727401888278018E+03
   8.8967700000000000E+08   6.5624391944108851E+04   2.2342616274755268E-09   2.5071781909099796E-24   5.8796830216330864E+03
   8.9167700000000000E+08   6.6259488594118840E+04   2.1978407840091051E-09   2.4634347685379520E-24   5.8865418422368721E+03
   8.9367700000000000E+08   6.6897214588441333E+04   2.1621857047120735E-09   2.4206843641321709E-24   5.8933181517844350E+03
   8.9567700000000000E+08   6.7537515580649793E+04   2.1272765960330067E-09   2.3788990370961149E-24   5.9000134145152579E+03
   8.9767700000000000E+08   6.8180337472679268E+04   2.0930942745687754E-09   2.3380517913691796E-24   5.9066290589377377E+03
   8.9967700000000000E+08   6.8825626682695773E+04   2.0596201426361561E-09   2.2981165351415204E-24   5.9131664789579736E+03
   9.0167700000000000E+08   6.9473330723937441E+04   2.0268361629862683E-09   2.2590680403330784E-24   5.9196270349651058E+03
   9.0367700000000000E+08   7.0123399349923056E+04   1.9947248309072125E-09   2.2208818998516377E-24   5.9260120548756850E+03
   9.0567700000000000E+08   7.0775786622357933E+04   1.9632691414066478E-09   2.1835344800510181E-24   5.9323228351399139E+03
   9.0767700000000000E+08   7.1430454232865377E+04   1.9324525495290330E-09   2.1470028662471327E-24   5.9385606417127146E+03
   9.0967700000000000E+08   7.2087376003179335E+04   1.9022589247777726E-09   2.1112648024242003E-24   5.9447267109925015E+03
   9.1167700000000000E+08   7.2746542352812394E+04   1.8726725081685548E-09   2.0762986346565623E-24   5.9508222507298196E+03
   9.1367700000000000E+08   7.3407961506404768E+04   1.8436778932406942E-09   2.0420832818789884E-24   5.9568484409052217E+03
   9.1567700000000000E+08   7.4071652016415232E+04   1.8152600653828967E-09   2.0085982718127769E-24   5.9628064345715375E+03
   9.1767700000000000E+08   7.4737621101660290E+04   1.7874045322173732E-09   1.9758238776266125E-24   5.9686973586501445E+03
   9.1967700000000000E+08   7.5405828904882364E+04   1.7600975396078901E-09   1.9437413482800159E-24   5.9745223146688495E+03
   9.2167700000000000E+08   7.6076151767944000E+04   1.7333262851730093E-09   1.9123331342959239E-24   5.9802823794354990E+03
   9.2367700000000000E+08   7.6748371739337177E+04   1.7070789537443037E-09   1.8815829154891170E-24   5.9859786056613384E+03
   9.2567700000000000E+08   7.7422218553471816E+04   1.6813444158976120E-09   1.8514752578400991E-24   5.9916120225734412E+03
   9.2767700000000000E+08   7.8097458072916357E+04   1.6561116336216381E-09   1.8219949518270130E-24   5.9971836365655336E+03
   9.2967700000000000E+08   7.8773971276068158E+04   1.6313691284867305E-09   1.7931264253878852E-24   6.0026944319077211E+03
   9.3167700000000000E+08   7.9451757804584311E+04   1.6071049793013194E-09   1.7648537421615338E-24   6.0081453714806066E+03
   9.3367700000000000E+08   8.0130855165953981E+04   1.5833073148165534E-09   1.7371611412416824E-24   6.0135373974571521E+03
   9.3567700000000000E+08   8.0811252311764954E+04   1.5599647223655016E-09   1.7100334792891017E-24   6.0188714318779039E+03
   9.3767700000000000E+08   8.1492907151064908E+04   1.5370664024470997E-09   1.6834563907814294E-24   6.0241483771658723E+03
   9.3967700000000000E+08   8.2175844678702590E+04   1.5146022962643240E-09   1.6574164215094549E-24   6.0293691166836934E+03
   9.4167700000000000E+08   8.2860152582000694E+04   1.4925627375092052E-09   1.6319006478187324E-24   6.0345345153181461E+03
   9.4367700000000000E+08   8.3545802018259346E+04   1.4709371307433983E-09   1.6068952338536476E-24   6.0396454199462996E+03
   9.4567700000000000E+08   8.4232489274569292E+04   1.4497129020364687E-09   1.5823842821389081E-24   6.0447026597289732E+03
   9.4767700000000000E+08   8.4919717563692146E+04   1.4288765561153314E-09   1.5583509785926947E-24   6.0497070463801310E+03
   9.4967700000000000E+08   8.5607086591140716E+04   1.4084164001964216E-09   1.5347805541186624E-24   6.0546593746366216E+03
   9.5167700000000000E+08   8.6294543149628909E+04   1.3883243622411330E-09   1.5116622606859731E-24   6.0595604230430163E+03
   9.5367700000000000E+08   8.6982884471414392E+04   1.3685959519304149E-09   1.4889893025896658E-24   6.0644109548510723E+03
   9.5567700000000000E+08   8.7672464176079739E+04   1.3492312539698222E-09   1.4667598953062578E-24   6.0692117185098141E+03
   9.5767700000000000E+08   8.8364188085056594E+04   1.3302320353613561E-09   1.4449742837283184E-24   6.0739634478357029E+03
   9.5967700000000000E+08   8.9057704112288819E+04   1.3115822403659031E-09   1.4236133904951000E-24   6.0786668620355222E+03
   9.6167700000000000E+08   8.9752572436387098E+04   1.2932713260838959E-09   1.4026640686970415E-24   6.0833226658358162E+03
   9.6367700000000000E+08   9.0448628159426677E+04   1.2752905620232516E-09   1.3821152512804384E-24   6.0879315499300337E+03
   9.6567700000000000E+08   9.1145781885228454E+04   1.2576321473125123E-09   1.3619569510623639E-24   6.0924941914082538E+03
   9.6767700000000000E+08   9.1843972005898555E+04   1.2402887483446781E-09   1.3421797488998357E-24   6.0970112541385624E+03
   9.6967700000000000E+08   9.2543150507128448E+04   1.2232533411708488E-09   1.3227746178894827E-24   6.1014833891175640E+03
   9.7167700000000000E+08   9.3243278077858995E+04   1.2065191520952464E-09   1.3037328558584344E-24   6.1059112348006902E+03
   9.7367700000000000E+08   9.3944321437971885E+04   1.1900796255982273E-09   1.2850460481308719E-24   6.1102954174176302E+03
   9.7567700000000000E+08   9.4646251472889402E+04   1.1739284013285346E-09   1.2667060403940582E-24   6.1146365512755337E+03
   9.7767700000000000E+08   9.5349041791651398E+04   1.1580592974604238E-09   1.2487049186168252E-24   6.1189352390518115E+03
   9.7967700000000000E+08   9.6052667719065110E+04   1.1424662986003291E-09   1.2310349940163055E-24   6.1231920720770559E+03
   9.8167700000000000E+08   9.6757105821950972E+04   1.1271435459292837E-09   1.2136887905583594E-24   6.1274076306090928E+03
   9.8367700000000000E+08   9.7462333780976682E+04   1.1120853289788297E-09   1.1966590343298102E-24   6.1315824840985779E+03
   9.8567700000000000E+08   9.8168330329750956E+04   1.0972860793688922E-09   1.1799386451190652E-24   6.1357171914467408E+03
   9.8767700000000000E+08   9.8875075167639166E+04   1.0827403660746528E-09   1.1635207297237131E-24   6.1398123012555407E+03
   9.8967700000000000E+08   9.9582548813292960E+04   1.0684428914194454E-09   1.1473985761121541E-24   6.1438683520704817E+03
   9.9167700000000000E+08   1.0029073236913921E+05   1.0543884874423139E-09   1.1315656480524671E-24   6.1478858726163398E+03
   9.9367700000000000E+08   1.0099960738520902E+05   1.0405721127794180E-09   1.1160155803460372E-24   6.1518653820258905E+03
   9.9567700000000000E+08   1.0170915624075457E+05   1.0269888508582355E-09   1.1007421755124890E-24   6.1558073900621876E+03
   9.9767700000000000E+08   1.0241936343737938E+05   1.0136339113613751E-09   1.0857394040167902E-24   6.1597123973351054E+03
   9.9967700000000000E+08   1.0313021759476668E+05   1.0005026357886583E-09   1.0710014089271771E-24   6.1635808955124694E+03
   1.0016770000000000E+09   1.0384171346333911E+05   9.8759050726155809E-10   1.0565225151526010E-24   6.1674133675264047E+03
   1.0036770000000000E+09   1.0455385267118273E+05   9.7489315637380268E-10   1.0422972344997372E-24   6.1712102877745237E+03
   1.0056770000000000E+09   1.0526664219924530E+05   9.6240635655177220E-10   1.0283202595731085E-24   6.1749721223148035E+03
   1.0076770000000000E+09   1.0598009063473590E+05   9.5012600263933882E-10   1.0145864398369807E-24   6.1786993290531782E+03
   1.0096770000000000E+09   1.0669420277911877E+05   9.3804807196519829E-10   1.0010907390782666E-24   6.1823923579233779E+03
   1.0116770000000000E+09   1.0740897446323227E+05   9.2616858380697262E-10   9.8782819122843141E-25   6.1860516510589396E+03
   1.0136770000000000E+09   1.0812438361455497E+05   9.1448356344873762E-10   9.7479386132188643E-25   6.1896776429576094E+03
   1.0156770000000000E+09   1.0884039235681832E+05   9.0298903807532883E-10   9.6198284021605457E-25   6.1932707606410095E+03
   1.0176770000000000E+09   1.0955694796427936E+05   8.9168100014336020E-10   9.4939020514353121E-25   6.1968314238111407E+03
   1.0196770000000000E+09   1.1027398650527636E+05   8.8055548036682455E-10   9.3701109626968575E-25   6.2003600450052700E+03
   1.0216770000000000E+09   1.1099144308228575E+05   8.6960858656187960E-10   9.2484075757010065E-25   6.2038570297510742E+03
   1.0236770000000000E+09   1.1170926002617249E+05   8.5883654840134385E-10   9.1287458359527473E-25   6.2073227767217140E+03
   1.0256770000000000E+09   1.1242739333355351E+05   8.4823575093917658E-10   9.0110815429470941E-25   6.2107576778899729E+03
   1.0276770000000000E+09   1.1314581596641980E+05   8.3780274975514408E-10   8.8953725027653283E-25   6.2141621186796629E+03
   1.0296770000000000E+09   1.1386451781062980E+05   8.2753426716511455E-10   8.7815784794673388E-25   6.2175364781129256E+03
   1.0316770000000000E+09   1.1458350295627271E+05   8.1742717387433992E-10   8.6696609921628039E-25   6.2208811289521400E+03
   1.0336770000000000E+09   1.1530278543843533E+05   8.0747846281864798E-10   8.5595830296875515E-25   6.2241964378359307E+03
   1.0356770000000000E+09   1.1602238461782179E+05   7.9768522187549501E-10   8.4513087539823701E-25   6.2274827654093069E+03
   1.0376770000000000E+09   1.1674232110909015E+05   7.8804461040545846E-10   8.3448032448391947E-25   6.2307404664484520E+03
   1.0396770000000000E+09   1.1746261376717879E+05   7.7855384220183579E-10   8.2400323132738114E-25   6.2339698899808418E+03
   1.0416770000000000E+09   1.1818327786795924E+05   7.6921017524964862E-10   8.1369623876353871E-25   6.2371713794014331E+03
   1.0436770000000000E+09   1.1890432434855358E+05   7.6001090723345460E-10   8.0355604610509625E-25   6.2403452725856941E+03
   1.0456770000000000E+09   1.1962575983040327E+05   7.5095337507656499E-10   7.9357940818654231E-25   6.2434919019997878E+03
   1.0476770000000000E+09   1.2034758712125507E+05   7.4203495675947139E-10   7.8376313684101509E-25   6.2466115948083116E+03
   1.0496770000000000E+09   1.2106980593829828E+05   7.3325307399787552E-10   7.7410410330011784E-25   6.2497046729798021E+03
   1.0516770000000000E+09   1.2179241366867971E+05   7.2460519483500688E-10   7.6459924051272014E-25   6.2527714533900744E+03
   1.0536770000000000E+09   1.2251540605802824E+05   7.1608883564855813E-10   7.5524554485306729E-25   6.2558122479232989E+03
   1.0556770000000000E+09   1.2323877777818983E+05   7.0770156240242043E-10   7.4604007703899125E-25   6.2588273635709902E+03
   1.0576770000000000E+09   1.2396252286526296E+05   6.9944099117700634E-10   7.3697996229703014E-25   6.2618171025287638E+03
   1.0596770000000000E+09   1.2468663504054978E+05   6.9130478811026776E-10   7.2806238991523714E-25   6.2647817622909597E+03
   1.0616770000000000E+09   1.2541110793616208E+05   6.8329066890559819E-10   7.1928461234968115E-25   6.2677216357430470E+03
   1.0636770000000000E+09   1.2613593524798006E+05   6.7539639804801242E-10   7.1064394403462978E-25   6.2706370112519644E+03
   1.0656770000000000E+09   1.2686111083567268E+05   6.6761978784027403E-10   7.0213776001469335E-25   6.2735281727542124E+03
   1.0676770000000000E+09   1.2758662878556510E+05   6.5995869733927136E-10   6.9376349448373381E-25   6.2763953998420538E+03
   1.0696770000000000E+09   1.2831248344827391E+05   6.5241103124744457E-10   6.8551863928828132E-25   6.2792389678475247E+03
   1.0716770000000000E+09   1.2903866945990975E+05   6.4497473879566641E-10   6.7740074243355289E-25   6.2820591479246295E+03
   1.0736770000000000E+09   1.2976518175326212E+05   6.3764781264095663E-10   6.6940740661641308E-25   6.2848562071294618E+03
   1.0756770000000000E+09   1.3049201556343635E+05   6.3042828779344370E-10   6.6153628780003171E-25   6.2876304084985895E+03
   1.0776770000000000E+09   1.3121916643079382E+05   6.2331424058007546E-10   6.5378509383776664E-25   6.2903820111254745E+03
   1.0796770000000000E+09   1.3194663020269340E+05   6.1630378764730546E-10   6.4615158314817114E-25   6.2931112702353003E+03
   1.0816770000000000E+09   1.3267440303446972E+05   6.0939508500112425E-10   6.3863356343905020E-25   6.2958184372578653E+03
   1.0836770000000000E+09   1.3340248138941400E+05   6.0258632708070960E-10   6.3122889047623395E-25   6.2985037598990248E+03
   1.0856770000000000E+09   1.3413086203723832E+05   5.9587574586138823E-10   6.2393546689221360E-25   6.3011674822102468E+03
   1.0876770000000000E+09   1.3485954205053515E+05   5.8926160998343325E-10   6.1675124103059181E-25   6.3038098446568474E+03
   1.0896770000000000E+09   1.3558851879897591E+05   5.8274222390446647E-10   6.0967420582371531E-25   6.3064310841844554E+03
   1.0916770000000000E+09   1.3631778994122916E+05   5.7631592707468713E-10   6.0270239770231252E-25   6.3090314342841039E+03
   1.0936770000000000E+09   1.3704735341477382E+05   5.6998109313489554E-10   5.9583389553680754E-25   6.3116111250558151E+03
   1.0956770000000000E+09   1.3777720742380575E+05   5.6373612913761508E-10   5.8906681961033095E-25   6.3141703832707171E+03
   1.0976770000000000E+09   1.3850735042538869E+05   5.5757947479132403E-10   5.8239933062314359E-25   6.3167094324318723E+03
   1.0996770000000000E+09   1.3923778111385711E+05   5.5150960172729464E-10   5.7582962872768785E-25   6.3192284928336258E+03
   1.1016770000000000E+09   1.3996849840331697E+05   5.4552501278813703E-10   5.6935595259305221E-25   6.3217277816197338E+03
   1.1036770000000000E+09   1.4069950140798104E+05   5.3962424133674653E-10   5.6297657849724167E-25   6.3242075128401266E+03
   1.1056770000000000E+09   1.4143078941996995E+05   5.3380585058438735E-10   5.5668981944568186E-25   6.3266678975065115E+03
   1.1076770000000000E+09   1.4216236188418319E+05   5.2806843293674755E-10   5.5049402431452290E-25   6.3291091436466977E+03
   1.1096770000000000E+09   1.4289421836982280E+05   5.2241060935707768E-10   5.4438757701758774E-25   6.3315314563576903E+03
   1.1116770000000000E+09   1.4362635853816569E+05   5.1683102874588573E-10   5.3836889569620084E-25   6.3339350378576837E+03
   1.1136770000000000E+09   1.4435878210620960E+05   5.1132836733687600E-10   5.3243643193136338E-25   6.3363200875369375E+03
   1.1156770000000000E+09   1.4509148880582117E+05   5.0590132810911280E-10   5.2658866997806864E-25   6.3386868020074890E+03
   1.1176770000000000E+09   1.4582447833807976E+05   5.0054864021543912E-10   5.2082412602158430E-25   6.3410353751518478E+03
   1.1196770000000000E+09   1.4655775032253575E+05   4.9526905842728288E-10   5.1514134745566712E-25   6.3433659981705759E+03
   1.1216770000000000E+09   1.4729130424118837E+05   4.9006136259589058E-10   5.0953891218255953E-25   6.3456788596288907E+03
   1.1236770000000000E+09   1.4802513937705016E+05   4.8492435713000391E-10   5.0401542793461828E-25   6.3479741455022577E+03
   1.1256770000000000E+09   1.4875925474730486E+05   4.7985687048977948E-10   4.9856953161719684E-25   6.3502520392209653E+03
   1.1276770000000000E+09   1.4949364903120094E+05   4.7485775469659830E-10   4.9319988867224730E-25   6.3525127217138452E+03
   1.1296770000000000E+09   1.5022832049299235E+05   4.6992588485815943E-10   4.8790519246186461E-25   6.3547563714509333E+03
   1.1316770000000000E+09   1.5096326690044720E+05   4.6506015870802048E-10   4.8268416367074697E-25   6.3569831644853102E+03
   1.1336770000000000E+09   1.5169848543967996E+05   4.6025949615842121E-10   4.7753554972621864E-25   6.3591932744940495E+03
   1.1356770000000000E+09   1.5243397262730807E+05   4.5552283886495810E-10   4.7245812423420478E-25   6.3613868728182297E+03
   1.1376770000000000E+09   1.5316972422122554E+05   4.5084914980134662E-10   4.6745068642918956E-25   6.3635641285021575E+03
   1.1396770000000000E+09   1.5390573513156833E+05   4.4623741284221171E-10   4.6251206063590375E-25   6.3657252083317962E+03
   1.1416770000000000E+09   1.5464199933374219E+05   4.4168663235156124E-10   4.5764109574020945E-25   6.3678702768723224E+03
   1.1436770000000000E+09   1.5537850978568583E+05   4.3719583277434086E-10   4.5283666466637561E-25   6.3699994965049364E+03
   1.1456770000000000E+09   1.5611525835180594E+05   4.3276405822828258E-10   4.4809766385777099E-25   6.3721130274628813E+03
   1.1476770000000000E+09   1.5685223573626761E+05   4.2839037209312538E-10   4.4342301275786340E-25   6.3742110278667415E+03
   1.1496770000000000E+09   1.5758943142850965E+05   4.2407385659426161E-10   4.3881165328840434E-25   6.3762936537590131E+03
   1.1516770000000000E+09   1.5832683366398336E+05   4.1981361237791169E-10   4.3426254932173247E-25   6.3783610591380775E+03
   1.1536770000000000E+09   1.5906442940313800E+05   4.1560875807511425E-10   4.2977468614436561E-25   6.3804133959911242E+03
   1.1556770000000000E+09   1.5980220433161876E+05   4.1145842985218787E-10   4.2534706990934991E-25   6.3824508143269777E+03
   1.1576770000000000E+09   1.6054014288443071E+05   4.0736178094569951E-10   4.2097872707536749E-25   6.3844734622078049E+03
   1.1596770000000000E+09   1.6127822829650433E+05   4.0331798118064456E-10   4.1666870383118581E-25   6.3864814857803522E+03
   1.1616770000000000E+09   1.6201644268159961E+05   3.9932621647130290E-10   4.1241606550486904E-25   6.3884750293067509E+03
   1.1636770000000000E+09   1.6275476714087848E+05   3.9538568830503284E-10   4.0821989595802168E-25   6.3904542351944938E+03
   1.1656770000000000E+09   1.6349318190167187E+05   3.9149561321036305E-10   4.0407929696641564E-25   6.3924192440259649E+03
   1.1676770000000000E+09   1.6423166648607425E+05   3.8765522221173867E-10   3.9999338758941298E-25   6.3943701945874454E+03
   1.1696770000000000E+09   1.6497019990796622E+05   3.8386376027443025E-10   3.9596130353177192E-25   6.3963072238975756E+03
   1.1716770000000000E+09   1.6570876089597167E+05   3.8012048574418763E-10   3.9198219650252398E-25   6.3982304672352257E+03
   1.1736770000000000E+09   1.6644732813872752E+05   3.7642466978728657E-10   3.8805523357668085E-25   6.4001400581670659E+03
   1.1756770000000000E+09   1.6718588054772574E+05   3.7277559583746480E-10   3.8417959656642441E-25   6.4020361285745257E+03
   1.1776770000000000E+09   1.6792439753197218E+05   3.6917255905696086E-10   3.8035448140913478E-25   6.4039188086802396E+03
   1.1796770000000000E+09   1.6866285927780988E+05   3.6561486581931071E-10   3.7657909758003252E-25   6.4057882270743103E+03
   1.1816770000000000E+09   1.6940124702659342E+05   3.6210183322159118E-10   3.7285266753729601E-25   6.4076445107396903E+03
   1.1836770000000000E+09   1.7013954334246993E+05   3.5863278863367408E-10   3.6917442620726610E-25   6.4094877850776393E+03
   1.1856770000000000E+09   1.7087773236244381E+05   3.5520706929128885E-10   3.6554362051665813E-25   6.4113181739323563E+03
   1.1876770000000000E+09   1.7161580002111901E+05   3.5182402193882719E-10   3.6195950897770851E-25   6.4131357996154520E+03
   1.1896770000000000E+09   1.7235373424312100E+05   3.4848300252641162E-10   3.5842136133077712E-25   6.4149407829298816E+03
   1.1916770000000000E+09   1.7309152509710248E+05   3.4518337596418791E-10   3.5492845824729314E-25   6.4167332431934155E+03
   1.1936770000000000E+09   1.7382916490646775E+05   3.4192451593502552E-10   3.5148009109408561E-25   6.4185132982619443E+03
   1.1956770000000000E+09   1.7456664831340362E+05   3.3870580476485188E-10   3.4807556175817765E-25   6.4202810645521413E+03
   1.1976770000000000E+09   1.7530397229442160E+05   3.3552663334801390E-10   3.4471418252920300E-25   6.4220366570637070E+03
   1.1996770000000000E+09   1.7604113612732629E+05   3.3238640112325416E-10   3.4139527603475998E-25   6.4237801894014819E+03
   1.2016770000000000E+09   1.7677814131120173E+05   3.2928451609428279E-10   3.3811817522243203E-25   6.4255117737967685E+03
   1.2036770000000000E+09   1.7751499144261732E+05   3.2622039488766746E-10   3.3488222338085671E-25   6.4272315211285741E+03
   1.2056770000000000E+09   1.7825169205268950E+05   3.2319346283973871E-10   3.3168677419125352E-25   6.4289395409443205E+03
   1.2076770000000000E+09   1.7898825041086171E+05   3.2020315410359226E-10   3.2853119180018924E-25   6.4306359414800199E+03
   1.2096770000000000E+09   1.7972467530222781E+05   3.1724891176704527E-10   3.2541485090412529E-25   6.4323208296803832E+03
   1.2116770000000000E+09   1.8046097678590240E+05   3.1433018797243541E-10   3.2233713683640899E-25   6.4339943112181345E+03
   1.2136770000000000E+09   1.8119716594233704E+05   3.1144644402962411E-10   3.1929744564780012E-25   6.4356564905132727E+03
   1.2156770000000000E+09   1.8193325461754270E+05   3.0859715051424446E-10   3.1629518417240633E-25   6.4373074707517135E+03
   1.2176770000000000E+09   1.8266925517196747E+05   3.0578178734422954E-10   3.1332977007189032E-25   6.4389473539037263E+03
   1.2196770000000000E+09   1.8340518024121365E+05   3.0299984382885993E-10   3.1040063185209162E-25   6.4405762407418579E+03
   1.2216770000000000E+09   1.8414104251496072E+05   3.0025081868597516E-10   3.0750720884763415E-25   6.4421942308585867E+03
   1.2236770000000000E+09   1.8487685453933265E+05   2.9753422002453282E-10   3.0464895117168269E-25   6.4438014226836785E+03
   1.2256770000000000E+09   1.8561262854661676E+05   2.9484956529129827E-10   3.0182531962967003E-25   6.4453979135010322E+03
   1.2276770000000000E+09   1.8634837631473469E+05   2.9219638118210979E-10   2.9903578559747736E-25   6.4469837994654099E+03
   1.2296770000000000E+09   1.8708410905731498E+05   2.8957420351964044E-10   2.9627983086610996E-25   6.4485591756186341E+03
   1.2316770000000000E+09   1.8781983734370157E+05   2.8698257710095332E-10   2.9355694745626161E-25   6.4501241359056903E+03
   1.2336770000000000E+09   1.8855557104689290E+05   2.8442105551917705E-10   2.9086663740724338E-25   6.4516787731904014E+03
   1.2356770000000000E+09   1.8929131931633147E+05   2.8188920096434742E-10   2.8820841254546009E-25   6.4532231792708371E+03
   1.2376770000000000E+09   1.9002709057173735E+05   2.7938658400878129E-10   2.8558179423792799E-25   6.4547574448945461E+03
   1.2396770000000000E+09   1.9076289251381974E+05   2.7691278338229112E-10   2.8298631313627821E-25   6.4562816597733590E+03
   1.2416770000000000E+09   1.9149873214769413E+05   2.7446738574218870E-10   2.8042150891628259E-25   6.4577959125980960E+03
   1.2436770000000000E+09   1.9223461581510623E+05   2.7204998544240803E-10   2.7788693001732453E-25   6.4593002910528821E+03
   1.2456770000000000E+09   1.9297054923203957E+05   2.6966018430534646E-10   2.7538213338546107E-25   6.4607948818293262E+03
   1.2476770000000000E+09   1.9370653752887444E+05   2.6729759139922767E-10   2.7290668422291814E-25   6.4622797706404162E+03
   1.2496770000000000E+09   1.9444258529084560E+05   2.6496182282306194E-10   2.7046015574610523E-25   6.4637550422342483E+03
   1.2516770000000000E+09   1.9517869659711159E+05   2.6265250150060716E-10   2.6804212895356011E-25   6.4652207804073441E+03
   1.2536770000000000E+09   1.9591487505722849E+05   2.6036925698422766E-10   2.6565219240469066E-25   6.4666770680179397E+03
   1.2556770000000000E+09   1.9665112384425258E+05   2.5811172526905201E-10   2.6328994200970137E-25   6.4681239869989868E+03
   1.2576770000000000E+09   1.9738744572401510E+05   2.5587954861753202E-10   2.6095498083077438E-25   6.4695616183709353E+03
   1.2596770000000000E+09   1.9812384308042380E+05   2.5367237539420646E-10   2.5864691889427135E-25   6.4709900422543196E+03
   1.2616770000000000E+09   1.9886031793685988E+05   2.5148985991027435E-10   2.5636537301352884E-25   6.4724093378820344E+03
   1.2636770000000000E+09   1.9959687197390277E+05   2.4933166227747355E-10   2.5410996662169147E-25   6.4738195836116438E+03
   1.2656770000000000E+09   2.0033350654367908E+05   2.4719744827067672E-10   2.5188032961397743E-25   6.4752208569371842E+03
   1.2676770000000000E+09   2.0107022268115592E+05   2.4508688919865041E-10   2.4967609819876452E-25   6.4766132345010756E+03
   1.2696770000000000E+09   2.0180702111261769E+05   2.4299966178245766E-10   2.4749691475696542E-25   6.4779967921055368E+03
   1.2716770000000000E+09   2.0254390226148913E+05   2.4093544804108266E-10   2.4534242770921818E-25   6.4793716047241642E+03
   1.2736770000000000E+09   2.0328086625154008E+05   2.3889393518391140E-10   2.4321229139052403E-25   6.4807377465129484E+03
   1.2756770000000000E+09   2.0401791290743573E+05   2.3687481550980090E-10   2.4110616593201594E-25   6.4820952908214231E+03
   1.2776770000000000E+09   2.0475504175254621E+05   2.3487778631243989E-10   2.3902371714955605E-25   6.4834443102034274E+03
   1.2796770000000000E+09   2.0549225200388121E+05   2.3290254979176222E-10   2.3696461643888784E-25   6.4847848764277851E+03
   1.2816770000000000E+09   2.0622954256402297E+05   2.3094881297112087E-10   2.3492854067703797E-25   6.4861170604887329E+03
   1.2836770000000000E+09   2.0696691200990329E+05   2.2901628761994311E-10   2.3291517212965145E-25   6.4874409326164605E+03
   1.2856770000000000E+09   2.0770435857822048E+05   2.2710469018155286E-10   2.3092419836395686E-25   6.4887565622869379E+03
   1.2876770000000000E+09   2.0844188014723835E+05   2.2521374170592154E-10   2.2895531216706399E-25   6.4900640182321486E+03
   1.2896770000000000E+09   2.0917947421460168E+05   2.2334316778708060E-10   2.2700821146934094E-25   6.4913633684497890E+03
   1.2916770000000000E+09   2.0991713787064957E+05   2.2149269850504781E-10   2.2508259927269121E-25   6.4926546802129897E+03
   1.2936770000000000E+09   2.1065486776650604E+05   2.1966206837220511E-10   2.2317818358365767E-25   6.4939380200798660E+03
   1.2956770000000000E+09   2.1139266007596321E+05   2.1785101628419702E-10   2.2129467735142157E-25   6.4952134539027102E+03
   1.2976770000000000E+09   2.1213051044989526E+05   2.1605928547560176E-10   2.1943179841091958E-25   6.4964810468373762E+03
   1.2996770000000000E+09   2.1286841396174300E+05   2.1428662348068992E-10   2.1758926943140780E-25   6.4977408633522491E+03
   1.3016770000000000E+09   2.1360636504266909E+05   2.1253278209956957E-10   2.1576681787075415E-25   6.4989929672370572E+03
   1.3036770000000000E+09   2.1434435740560529E+05   2.1079751736965075E-10   2.1396417593536534E-25   6.5002374216118287E+03
   1.3056770000000000E+09   2.1508238395893047E+05   2.0908058954148038E-10   2.1218108054479457E-25   6.5014742889352365E+03
   1.3076770000000000E+09   2.1582043671341290E+05   2.0738176305644334E-10   2.1041727329843649E-25   6.5027036310133963E+03
   1.3096770000000000E+09   2.1655850669047478E+05   2.0570080652138878E-10   2.0867250043932228E-25   6.5039255090078423E+03
   1.3116770000000000E+09   2.1729658384598012E+05   2.0403749267210219E-10   2.0694651280677018E-25   6.5051399834439162E+03
   1.3136770000000000E+09   2.1803465703097207E+05   2.0239159831387342E-10   2.0523906576600083E-25   6.5063471142187564E+03
   1.3156770000000000E+09   2.1877271401786219E+05   2.0076290422415551E-10   2.0354991909951109E-25   6.5075469606092875E+03
   1.3176770000000000E+09   2.1951074162525233E+05   1.9915119500058280E-10   2.0187883684329898E-25   6.5087395812799377E+03
   1.3196770000000000E+09   2.2024872597382506E+05   1.9755625883908355E-10   2.0022558705253937E-25   6.5099250342903297E+03
   1.3216770000000000E+09   2.2098665289617420E+05   1.9597788723311674E-10   1.9858994148772940E-25   6.5111033771030734E+03
   1.3236770000000000E+09   2.2172450850244713E+05   1.9441587459730926E-10   1.9697167522477980E-25   6.5122746665910672E+03
   1.3256770000000000E+09   2.2246227987100749E+05   1.9287001783674624E-10   1.9537056621070017E-25   6.5134389590451628E+03
   1.3276770000000000E+09   2.2319995579258408E+05   1.9134011590441258E-10   1.9378639480805375E-25   6.5145963101814968E+03
   1.3296770000000000E+09   2.2393752745627088E+05   1.8982596940895450E-10   1.9221894339116259E-25   6.5157467751490221E+03
   1.3316770000000000E+09   2.2467498893956756E+05   1.8832738034581893E-10   1.9066799606797109E-25   6.5168904085366221E+03
   1.3336770000000000E+09   2.2541233736740338E+05   1.8684415201954872E-10   1.8913333859593255E-25   6.5180272643806065E+03
   1.3356770000000000E+09   2.2614957264827081E+05   1.8537608919824277E-10   1.8761475853309134E-25   6.5191573961716604E+03
   1.3376770000000000E+09   2.2688669678038458E+05   1.8392299849382262E-10   1.8611204561745479E-25   6.5202808568620858E+03
   1.3396770000000000E+09   2.2762371283250750E+05   1.8248468890252761E-10   1.8462499230790509E-25   6.5213976988723871E+03
   1.3416770000000000E+09   2.2836062381119275E+05   1.8106097238645600E-10   1.8315339436577346E-25   6.5225079740981773E+03
   1.3436770000000000E+09   2.2909743168741750E+05   1.7965166435001155E-10   1.8169705132926556E-25   6.5236117339164985E+03
   1.3456770000000000E+09   2.2983413683491285E+05   1.7825658388225467E-10   1.8025576675054399E-25   6.5247090291922623E+03
   1.3476770000000000E+09   2.3057073801835495E+05   1.7687555370086625E-10   1.7882934813101175E-25   6.5257999102842768E+03
   1.3496770000000000E+09   2.3130723288906115E+05   1.7550839982955985E-10   1.7741760658757774E-25   6.5268844270515356E+03
   1.3516770000000000E+09   2.3204361876358234E+05   1.7415495113358965E-10   1.7602035637639630E-25   6.5279626288591653E+03
   1.3536770000000000E+09   2.3277989335692773E+05   1.7281503888698197E-10   1.7463741444968957E-25   6.5290345645844081E+03
   1.3556770000000000E+09   2.3351605517469355E+05   1.7148849652291831E-10   1.7326860019841994E-25   6.5301002826226477E+03
   1.3576770000000000E+09   2.3425210343527596E+05   1.7017515962930371E-10   1.7191373544296476E-25   6.5311598308931461E+03
   1.3596770000000000E+09   2.3498803762159392E+05   1.6887486613416341E-10   1.7057264461531283E-25   6.5322132568448142E+03
   1.3616770000000000E+09   2.3572385693524859E+05   1.6758745653904979E-10   1.6924515498925272E-25   6.5332606074617406E+03
   1.3636770000000000E+09   2.3645955994848354E+05   1.6631277404998035E-10   1.6793109680667322E-25   6.5343019292688268E+03
   1.3656770000000000E+09   2.3719514460608791E+05   1.6505066452944818E-10   1.6663030322318768E-25   6.5353372683371217E+03
   1.3676770000000000E+09   2.3793060850728833E+05   1.6380097630490396E-10   1.6534261010924566E-25   6.5363666702895453E+03
   1.3696770000000000E+09   2.3866594923748515E+05   1.6256355994883848E-10   1.6406785582316529E-25   6.5373901803065874E+03
   1.3716770000000000E+09   2.3940116452382985E+05   1.6133826814381423E-10   1.6280588107034185E-25   6.5384078431321532E+03
   1.3736770000000000E+09   2.4013625214546890E+05   1.6012495566922549E-10   1.6155652888541097E-25   6.5394197030792939E+03
   1.3756770000000000E+09   2.4087120971668573E+05   1.5892347945506497E-10   1.6031964468186638E-25   6.5404258040358245E+03
   1.3776770000000000E+09   2.4160603453677986E+05   1.5773369861013983E-10   1.5909507627576173E-25   6.5414261894689735E+03
   1.3796770000000000E+09   2.4234072361469344E+05   1.5655547437177706E-10   1.5788267383028516E-25   6.5424209024293132E+03
   1.3816770000000000E+09   2.4307527381252378E+05   1.5538867000125107E-10   1.5668228974590538E-25   6.5434099855532859E+03
   1.3836770000000000E+09   2.4380968195147824E+05   1.5423315069681239E-10   1.5549377856862371E-25   6.5443934810648798E+03
   1.3856770000000000E+09   2.4454394475172873E+05   1.5308878358197053E-10   1.5431699697433365E-25   6.5453714307770406E+03
   1.3876770000000000E+09   2.4527805854248907E+05   1.5195543778951529E-10   1.5315180384982209E-25   6.5463438760947538E+03
   1.3896770000000000E+09   2.4601201855792914E+05   1.5083298469552246E-10   1.5199806052533323E-25   6.5473108580220096E+03
   1.3916770000000000E+09   2.4674581700960029E+05   1.4972129858484902E-10   1.5085563144336836E-25   6.5482724171747723E+03
   1.3936770000000000E+09   2.4747943742229123E+05   1.4862025865068499E-10   1.4972438617557883E-25   6.5492285938004306E+03
   1.3956770000000000E+09   2.4821283856909818E+05   1.4752975472173864E-10   1.4860420520454396E-25   6.5501794278000643E+03
   1.3976770000000000E+09   2.4894591167479756E+05   1.4644970256012307E-10   1.4749499536702968E-25   6.5511249587445609E+03
   1.3996770000000000E+09   2.4967837378950822E+05   1.4538008198441925E-10   1.4639672832664160E-25   6.5520652258659802E+03
   1.4016770000000000E+09   2.5040952114325066E+05   1.4432102506768611E-10   1.4530952953871715E-25   6.5530002679993295E+03
   1.4036770000000000E+09   2.5113770673925569E+05   1.4327300313093692E-10   1.4423386676181766E-25   6.5539301234463601E+03
   1.4056770000000000E+09   2.5185934927497240E+05   1.4223718235650224E-10   1.4317090831059942E-25   6.5548548297437810E+03
   1.4076770000000000E+09   2.5256731124766314E+05   1.4121600853731546E-10   1.4212311161938317E-25   6.5557744233510084E+03
   1.4096770000000000E+09   2.5324878602858697E+05   1.4021397636720129E-10   1.4109499647227395E-25   6.5566889393404699E+03
   1.4116770000000000E+09   2.5388363235751059E+05   1.3923825432702026E-10   1.4009377075416582E-25   6.5575984112775932E+03
   1.4136770000000000E+09   2.5444534559697562E+05   1.3829837816036580E-10   1.3912901616327410E-25   6.5585028715729095E+03
   1.4156770000000000E+09   2.5490760749246000E+05   1.3740391643316463E-10   1.3821033244431548E-25   6.5594023525384209E+03
   1.4176770000000000E+09   2.5525740541784168E+05   1.3655964487859484E-10   1.3734248026892295E-25   6.5602968879020382E+03
   1.4196770000000000E+09   2.5550935345339237E+05   1.3576005481604433E-10   1.3651986746422171E-25   6.5611865133489991E+03
   1.4216770000000000E+09   2.5570881843679809E+05   1.3498781125204762E-10   1.3572502183733066E-25   6.5620712631444203E+03
   1.4236770000000000E+09   2.5591526059418332E+05   1.3421984506219078E-10   1.3493473786717202E-25   6.5629511603170831E+03
   1.4256770000000000E+09   2.5617825494255457E+05   1.3343705127748111E-10   1.3412982073919486E-25   6.5638262054377856E+03
   1.4276770000000000E+09   2.5653550497717140E+05   1.3262616374314015E-10   1.3329694086062010E-25   6.5646963889244107E+03
   1.4296770000000000E+09   2.5703854855530660E+05   1.3177054890421024E-10   1.3241937364432043E-25   6.5655617687540835E+03
   1.4316770000000000E+09   2.5774923136298775E+05   1.3084350987930210E-10   1.3147030777454725E-25   6.5664226058005052E+03
   1.4336770000000000E+09   2.5882366440180052E+05   1.2985511322396328E-10   1.3045991351988986E-25   6.5672793734391253E+03
   1.4356770000000000E+09   2.5894693584779531E+05   1.2846307642620133E-10   1.2904434972320401E-25   6.5681304307040627E+03
