  99.9999999999964615   5.0000000000000003E-02 390 2001
  85.4936205012088806  22.4265185389128874
   6.5767700000000000E+08  -1.6710956701625530E+03   1.5186536924365457E-08   2.5749886942493689E-18   1.1345679086947712E+03
   6.5967700000000000E+08  -1.5737062969216863E+03   2.3105230597168499E-08   3.7925721052512918E-18   1.1719889914008118E+03
   6.6167700000000000E+08  -1.4404436726469853E+03   2.7332803317391730E-08   4.3878201505516595E-18   1.1983465489194600E+03
   6.6367700000000000E+08  -1.2347569064243748E+03   2.8696953996513474E-08   4.5390808321559311E-18   1.2162278845151145E+03
   6.6567700000000000E+08  -9.1014793686207179E+02   2.7932785125977361E-08   4.3725597231267655E-18   1.2289255174145026E+03
   6.6767700000000000E+08  -5.0698442278544087E+02   2.6025923439586372E-08   4.0439432923795736E-18   1.2380784447395097E+03
   6.6967700000000000E+08  -4.7517163146049057E+01   2.3678065451726187E-08   3.6590018331255105E-18   1.2448890908392248E+03
   6.7167700000000000E+08   4.4725262042293468E+02   2.1297998860484571E-08   3.2771293751420302E-18   1.2502368176464854E+03
   6.7367700000000000E+08   9.5945593696501453E+02   1.9085717814940661E-08   2.9260986763246609E-18   1.2547771524548123E+03
   6.7567700000000000E+08   1.4700445840549492E+03   1.7118683227033011E-08   2.6157077479915085E-18   1.2590071841819642E+03
   6.7767700000000000E+08   1.9539572113408578E+03   1.5411436873573846E-08   2.3467833409906925E-18   1.2633311555223311E+03
   6.7967700000000000E+08   2.3820057278346376E+03   1.3950318328878772E-08   2.1162315949904086E-18   1.2681423180561530E+03
   6.8167700000000000E+08   2.7371793484336749E+03   1.2711459053593716E-08   1.9191818014348837E-18   1.2741670134138624E+03
   6.8367700000000000E+08   3.0161107758463818E+03   1.1673344665032699E-08   1.7501051630501650E-18   1.2831523807882925E+03
   6.8567700000000000E+08   3.2208054447690274E+03   1.0824120155853683E-08   1.6033003302481666E-18   1.2987477078917552E+03
   6.8767700000000000E+08   3.3305113554527129E+03   1.0159883742187436E-08   1.4733346694790217E-18   1.3265829202084035E+03
   6.8967700000000000E+08   3.2898212113966879E+03   9.6739951755816560E-09   1.3560241958698641E-18   1.3724151360956300E+03
   6.9167700000000000E+08   3.0529802977990530E+03   9.3451086781457693E-09   1.2491037573693720E-18   1.4392389809353942E+03
   6.9367700000000000E+08   2.6459454576685466E+03   9.1363229244326573E-09   1.1520480722925120E-18   1.5256254023913814E+03
   6.9567700000000000E+08   2.1875634178875885E+03   9.0060245699641514E-09   1.0651338930782029E-18   1.6265821220209050E+03
   6.9767700000000000E+08   1.8529438808415985E+03   8.9199708273309776E-09   9.8852716312226949E-19   1.7358887877149671E+03
   6.9967700000000000E+08   1.8130577758765016E+03   8.8561032637230974E-09   9.2187849372545176E-19   1.8480599688933012E+03
   7.0167700000000000E+08   2.1871604721699332E+03   8.8024894467202501E-09   8.6434080881357114E-19   1.9591494491573162E+03
   7.0367700000000000E+08   3.0222147818658045E+03   8.7529716064875096E-09   8.1475734437430364E-19   2.0666850944392572E+03
   7.0567700000000000E+08   4.2964200066529202E+03   8.7037296752669452E-09   7.7185988886738041E-19   2.1692719117683810E+03
   7.0767700000000000E+08   5.9370429104448649E+03   8.6515435084794040E-09   7.3441800378509088E-19   2.2661953961086911E+03
   7.0967700000000000E+08   7.8425967127390759E+03   8.5932933263667696E-09   7.0132932340908650E-19   2.3571363770497969E+03
   7.1167700000000000E+08   9.9025927838026000E+03   8.5260533096500745E-09   6.7166093198349864E-19   2.4419964459496077E+03
   7.1367700000000000E+08   1.2011839424950695E+04   8.4473389772319910E-09   6.4465661044084353E-19   2.5208009461283355E+03
   7.1567700000000000E+08   1.4078440220741537E+04   8.3553029639839440E-09   6.1972410398375231E-19   2.5936471065086007E+03
   7.1767700000000000E+08   1.6028808709022071E+04   8.2488664957931600E-09   5.9641563212174529E-19   2.6606780602472704E+03
   7.1967700000000000E+08   1.7810358702256974E+04   8.1277910200428919E-09   5.7440710315182074E-19   2.7220731910943246E+03
   7.2167700000000000E+08   1.9390488594495422E+04   7.9926394713989615E-09   5.5347488999786842E-19   2.7780456139043481E+03
   7.2367700000000000E+08   2.0754260079568339E+04   7.8446427254684282E-09   5.3347221962385761E-19   2.8288403095959693E+03
   7.2567700000000000E+08   2.1901411283302623E+04   7.6855312160093673E-09   5.1430845857097779E-19   2.8747315500890463E+03
   7.2767700000000000E+08   2.2842992182497310E+04   7.5173521335309491E-09   4.9593141684544458E-19   2.9160189665982989E+03
   7.2967700000000000E+08   2.3597931593471876E+04   7.3422913482105750E-09   4.7831280348026908E-19   2.9530219761478184E+03
   7.3167700000000000E+08   2.4189801754080410E+04   7.1625165824226775E-09   4.6143690893734177E-19   2.9860727376314048E+03
   7.3367700000000000E+08   2.4644007065774735E+04   6.9800536335256559E-09   4.4529243886710383E-19   3.0155081764448892E+03
   7.3567700000000000E+08   2.4985560035754464E+04   6.7967016333370029E-09   4.2986724043438718E-19   3.0416618274106190E+03
   7.3767700000000000E+08   2.5237517417100808E+04   6.6139868915386269E-09   4.1514545313942593E-19   3.0648562916313012E+03
   7.3967700000000000E+08   2.5420055207872836E+04   6.4331502114620096E-09   4.0110651722431240E-19   3.0853969446777428E+03
   7.4167700000000000E+08   2.5550090129246106E+04   6.2551593251141926E-09   3.8772542497640603E-19   3.1035672967425080E+03
   7.4367700000000000E+08   2.5641310018538312E+04   6.0807374379213828E-09   3.7497367051816974E-19   3.1196261261173827E+03
   7.4567700000000000E+08   2.5704467794266231E+04   5.9103997403240065E-09   3.6282046970786673E-19   3.1338062687067500E+03
   7.4767700000000000E+08   2.5747810433660750E+04   5.7444916380893565E-09   3.5123396137535505E-19   3.1463147858303441E+03
   7.4967700000000000E+08   2.5777545561106464E+04   5.5832245886927222E-09   3.4018222812725038E-19   3.1573341581636496E+03
   7.5167700000000000E+08   2.5798282314613545E+04   5.4267073316330539E-09   3.2963407283991799E-19   3.1670241513369260E+03
   7.5367700000000000E+08   2.5813412824579009E+04   5.2749717244683873E-09   3.1955955088470073E-19   3.1755240439251984E+03
   7.5567700000000000E+08   2.5825422496024588E+04   5.1279933110561457E-09   3.0993029242857482E-19   3.1829549765562324E+03
   7.5767700000000000E+08   2.5836131061309658E+04   4.9857072363105324E-09   3.0071966190883222E-19   3.1894222524709362E+03
   7.5967700000000000E+08   2.5846873508132488E+04   4.8480203069709873E-09   2.9190280132052724E-19   3.1950174832912408E+03
   7.6167700000000000E+08   2.5858632501098593E+04   4.7148199985002042E-09   2.8345659692738100E-19   3.1998205236797176E+03
   7.6367700000000000E+08   2.5872133670955634E+04   4.5859811151387538E-09   2.7535959986268549E-19   3.2039011742444441E+03
   7.6567700000000000E+08   2.5887913556097395E+04   4.4613706832565170E-09   2.6759192233897515E-19   3.2073206552181691E+03
   7.6767700000000000E+08   2.5906367962458666E+04   4.3408515315955362E-09   2.6013512395393337E-19   3.2101328668942856E+03
   7.6967700000000000E+08   2.5927786569741012E+04   4.2242849018624271E-09   2.5297209713564653E-19   3.2123854593555939E+03
   7.7167700000000000E+08   2.5952377981499489E+04   4.1115323444536230E-09   2.4608695694915599E-19   3.2141207360832236E+03
   7.7367700000000000E+08   2.5980288152261168E+04   4.0024570861423352E-09   2.3946493795892583E-19   3.2153764154035721E+03
   7.7567700000000000E+08   2.6011614198246840E+04   3.8969250061204129E-09   2.3309229926153238E-19   3.2161862716893938E+03
   7.7767700000000000E+08   2.6046414946920788E+04   3.7948053200877902E-09   2.2695623787263437E-19   3.2165806755972444E+03
   7.7967700000000000E+08   2.6084719136866635E+04   3.6959710456492996E-09   2.2104481014486058E-19   3.2165870498861159E+03
   7.8167700000000000E+08   2.6126531884046035E+04   3.6002993032907051E-09   2.1534686064737071E-19   3.2162302547860486E+03
   7.8367700000000000E+08   2.6171839836713891E+04   3.5076714935171252E-09   2.0985195784559120E-19   3.2155329145911287E+03
   7.8567700000000000E+08   2.6220615314981605E+04   3.4179733807888392E-09   2.0455033591217835E-19   3.2145156951769027E+03
   7.8767700000000000E+08   2.6272819648502580E+04   3.3310951075774479E-09   1.9943284203576276E-19   3.2131975404775981E+03
   7.8967700000000000E+08   2.6328405871111376E+04   3.2469311564229495E-09   1.9449088864812704E-19   3.2115958745741891E+03
   7.9167700000000000E+08   2.6387320894168704E+04   3.1653802737694027E-09   1.8971641004983101E-19   3.2097267749011908E+03
   7.9367700000000000E+08   2.6449507254359491E+04   3.0863453662276904E-09   1.8510182297208498E-19   3.2076051211401568E+03
   7.9567700000000000E+08   2.6514904512728364E+04   3.0097333775030373E-09   1.8063999066580594E-19   3.2052447235955910E+03
   7.9767700000000000E+08   2.6583450367360318E+04   2.9354551523533204E-09   1.7632419015623299E-19   3.2026584342145570E+03
   7.9967700000000000E+08   2.6655081530841602E+04   2.8634252924826923E-09   1.7214808234321891E-19   3.1998582428889558E+03
   8.0167700000000000E+08   2.6729734414567483E+04   2.7935620081293998E-09   1.6810568466378636E-19   3.1968553612484961E+03
   8.0367700000000000E+08   2.6807345654554996E+04   2.7257869682075500E-09   1.6419134606538105E-19   3.1936602957961491E+03
   8.0567700000000000E+08   2.6887852507321881E+04   2.6600251511561066E-09   1.6039972406606922E-19   3.1902829119422422E+03
   8.0767700000000000E+08   2.6971193139373107E+04   2.5962046980948223E-09   1.5672576370232275E-19   3.1867324902477335E+03
   8.0967700000000000E+08   2.7057306829748279E+04   2.5342567694536424E-09   1.5316467818647541E-19   3.1830177759825729E+03
   8.1167700000000000E+08   2.7146134101790049E+04   2.4741154059049209E-09   1.4971193111487072E-19   3.1791470229340930E+03
   8.1367700000000000E+08   2.7237616797698203E+04   2.4157173941666284E-09   1.4636322008447977E-19   3.1751280322576677E+03
   8.1567700000000000E+08   2.7331698107445769E+04   2.3590021380434861E-09   1.4311446159063534E-19   3.1709681870421355E+03
   8.1767700000000000E+08   2.7428322562150388E+04   2.3039115349195394E-09   1.3996177709174770E-19   3.1666744831624583E+03
   8.1967700000000000E+08   2.7527436000933427E+04   2.2503898577990497E-09   1.3690148013860775E-19   3.1622535569080496E+03
   8.2167700000000000E+08   2.7628985519551643E+04   2.1983836429049525E-09   1.3393006447631612E-19   3.1577117098047647E+03
   8.2367700000000000E+08   2.7732919408550257E+04   2.1478415827784657E-09   1.3104419303611229E-19   3.1530549309895096E+03
   8.2567700000000000E+08   2.7839187088265284E+04   2.0987144247744409E-09   1.2824068774254302E-19   3.1482889174467336E+03
   8.2767700000000000E+08   2.7947739047578409E+04   2.0509548748100166E-09   1.2551652006856785E-19   3.1434190923742353E+03
   8.2967700000000000E+08   2.8058526792813525E+04   2.0045175061966143E-09   1.2286880227749716E-19   3.1384506219104323E+03
   8.3167700000000000E+08   2.8171502812496459E+04   1.9593586733634167E-09   1.2029477929610709E-19   3.1333884304251392E+03
   8.3367700000000000E+08   2.8286620562789423E+04   1.9154364302637480E-09   1.1779182116803404E-19   3.1282372145502391E+03
   8.3567700000000000E+08   2.8403834477265085E+04   1.8727104532422361E-09   1.1535741604067699E-19   3.1230014561042353E+03
   8.3767700000000000E+08   2.8523100003290459E+04   1.8311419681298607E-09   1.1298916364241910E-19   3.1176854340451637E+03
   8.3967700000000000E+08   2.8644373665689061E+04   1.7906936813261899E-09   1.1068476921015580E-19   3.1122932355689409E+03
   8.4167700000000000E+08   2.8767613156618067E+04   1.7513297146227011E-09   1.0844203782993431E-19   3.1068287664545369E+03
   8.4367700000000000E+08   2.8892777448824367E+04   1.7130155435190889E-09   1.0625886915610761E-19   3.1012957607430567E+03
   8.4567700000000000E+08   2.9019826927744962E+04   1.6757179387856492E-09   1.0413325247682963E-19   3.0956977898247515E+03
   8.4767700000000000E+08   2.9148723536419919E+04   1.6394049110300414E-09   1.0206326209607126E-19   3.0900382709959790E+03
   8.4967700000000000E+08   2.9279430925995806E+04   1.6040456580354667E-09   1.0004705300463694E-19   3.0843204755370425E+03
   8.5167700000000000E+08   2.9411914603813057E+04   1.5696105146502526E-09   9.8082856814973543E-20   3.0785475363520918E+03
   8.5367700000000000E+08   2.9546142070770387E+04   1.5360709050249499E-09   9.6168977936876115E-20   3.0727224552032994E+03
   8.5567700000000000E+08   2.9682082939864660E+04   1.5033992970123394E-09   9.4303789973513968E-20   3.0668481095640423E+03
   8.5767700000000000E+08   2.9819709028526391E+04   1.4715691585670340E-09   9.2485732319495556E-20   3.0609272591094941E+03
   8.5967700000000000E+08   2.9958994418548555E+04   1.4405549160039589E-09   9.0713306944933544E-20   3.0549625518579392E+03
   8.6167700000000000E+08   3.0099915478974945E+04   1.4103319139976593E-09   8.8985075351602195E-20   3.0489565299725818E+03
   8.6367700000000000E+08   3.0242450849154746E+04   1.3808763772263671E-09   8.7299655689277253E-20   3.0429116352311480E+03
   8.6567700000000000E+08   3.0386581381163323E+04   1.3521653735845904E-09   8.5655720022132319E-20   3.0368302141694203E+03
   8.6767700000000000E+08   3.0532290042783803E+04   1.3241767789056243E-09   8.4051991736644988E-20   3.0307145229047564E+03
   8.6967700000000000E+08   3.0679561784133872E+04   1.2968892431494354E-09   8.2487243083773039E-20   3.0245667316463673E+03
   8.7167700000000000E+08   3.0828383372656430E+04   1.2702821580220430E-09   8.0960292849209145E-20   3.0183889289006229E+03
   8.7367700000000000E+08   3.0978743202507256E+04   1.2443356259995499E-09   7.9470004146310659E-20   3.0121831253815262E+03
   8.7567700000000000E+08   3.1130631085284131E+04   1.2190304307334331E-09   7.8015282326834585E-20   3.0059512576386810E+03
   8.7767700000000000E+08   3.1284038029520078E+04   1.1943480088140558E-09   7.6595073004925942E-20   2.9996951914171200E+03
   8.7967700000000000E+08   3.1438956016419725E+04   1.1702704228671781E-09   7.5208360189941046E-20   2.9934167247654868E+03
   8.8167700000000000E+08   3.1595377778975664E+04   1.1467803359539938E-09   7.3854164523677404E-20   2.9871175909106069E+03
   8.8367700000000000E+08   3.1753296590937101E+04   1.1238609872397055E-09   7.2531541617472426E-20   2.9807994609177736E+03
   8.8567700000000000E+08   3.1912706071202439E+04   1.1014961688893531E-09   7.1239580484459991E-20   2.9744639461567376E+03
   8.8767700000000000E+08   3.2073600008254805E+04   1.0796702041429367E-09   6.9977402062055145E-20   2.9681126005937567E+03
   8.8967700000000000E+08   3.2235972208531421E+04   1.0583679265144139E-09   6.8744157819453090E-20   2.9617469229298026E+03
   8.9167700000000000E+08   3.2399816372710509E+04   1.0375746600496451E-09   6.7539028444478015E-20   2.9553683586048483E+03
   8.9367700000000000E+08   3.2565126006079518E+04   1.0172762005625484E-09   6.6361222603215816E-20   2.9489783016884307E+03
   8.9567700000000000E+08   3.2731894376002489E+04   9.9745879773804485E-10   6.5209975763914054E-20   2.9425780966786765E+03
   8.9767700000000000E+08   3.2900114545892633E+04   9.7810913792833685E-10   6.4084549072479224E-20   2.9361690402385325E+03
   8.9967700000000000E+08   3.3069779548819613E+04   9.5921432735087230E-10   6.2984228258788985E-20   2.9297523829135371E+03
   9.0167700000000000E+08   3.3240882823940607E+04   9.4076187519650435E-10   6.1908322539070922E-20   2.9233293309076957E+03
   9.0367700000000000E+08   3.3413419126844470E+04   9.2273967588260446E-10   6.0856163460043328E-20   2.9169010480513239E+03
   9.0567700000000000E+08   3.3587386211685618E+04   9.0513598945823026E-10   5.9827103613197822E-20   2.9104686581797246E+03
   9.0767700000000000E+08   3.3762787568299187E+04   8.8793941935084968E-10   5.8820515157191883E-20   2.9040332482333943E+03
   9.0967700000000000E+08   3.3939636168840087E+04   8.7113888794950888E-10   5.7835788172219394E-20   2.8975958724150159E+03
   9.1167700000000000E+08   3.4117958241567343E+04   8.5472361384311202E-10   5.6872329096510037E-20   2.8911575575413149E+03
   9.1367700000000000E+08   3.4297794405648325E+04   8.3868310008600104E-10   5.5929559882405396E-20   2.8847193090960645E+03
   9.1567700000000000E+08   3.4479193637857701E+04   8.2300714836083776E-10   5.5006918909554748E-20   2.8782821163057183E+03
   9.1767700000000000E+08   3.4662195410743669E+04   8.0768591277680562E-10   5.4103864658251783E-20   2.8718469531272212E+03
   9.1967700000000000E+08   3.4846799933365604E+04   7.9270998980347998E-10   5.3219882010327504E-20   2.8654147714389496E+03
   9.2167700000000000E+08   3.5032937260153660E+04   7.7807050454014554E-10   5.2354488556394465E-20   2.8589864846564151E+03
   9.2367700000000000E+08   3.5220457926047166E+04   7.6375911622446703E-10   5.1507235624894067E-20   2.8525629454167611E+03
   9.2567700000000000E+08   3.5409167336700724E+04   7.4976787560619149E-10   5.0677699199331869E-20   2.8461449277631978E+03
   9.2767700000000000E+08   3.5598899268737674E+04   7.3608895751117123E-10   4.9865461934703347E-20   2.8397331263908604E+03
   9.2967700000000000E+08   3.5789582082727684E+04   7.2271442722992936E-10   4.9070096869196504E-20   2.8333281769628561E+03
   9.3167700000000000E+08   3.5981243723500360E+04   7.0963624743440895E-10   4.8291167165780658E-20   2.8269306857692195E+03
   9.3367700000000000E+08   3.6173944593763896E+04   6.9684650798775215E-10   4.7528241277175708E-20   2.8205412493629183E+03
   9.3567700000000000E+08   3.6367705854493601E+04   6.8433763492764108E-10   4.6780907260848754E-20   2.8141604542667687E+03
   9.3767700000000000E+08   3.6562554758258171E+04   6.7210255983164539E-10   4.6048784693482579E-20   2.8077888695451793E+03
   9.3967700000000000E+08   3.6758671226071441E+04   6.6013494465639070E-10   4.5331540163707048E-20   2.8014270630855822E+03
   9.4167700000000000E+08   3.6956389041026145E+04   6.4842905358102887E-10   4.4628878209440436E-20   2.7950756490177182E+03
   9.4367700000000000E+08   3.7155906064385890E+04   6.3697882279908843E-10   4.3940477195215852E-20   2.7887353146879746E+03
   9.4567700000000000E+08   3.7356964826778545E+04   6.2577682322114479E-10   4.3265918253884894E-20   2.7824067634639268E+03
   9.4767700000000000E+08   3.7558890887280271E+04   6.1481440712736983E-10   4.2604696255956741E-20   2.7760905899233308E+03
   9.4967700000000000E+08   3.7761014407398434E+04   6.0408313768684626E-10   4.1956319340325410E-20   2.7697871894635964E+03
   9.5167700000000000E+08   3.7963100959314295E+04   5.9357618873602854E-10   4.1320405858688763E-20   2.7634967860342431E+03
   9.5367700000000000E+08   3.8165464174166598E+04   5.8328863017244850E-10   4.0696703514351089E-20   2.7572195567339040E+03
   9.5567700000000000E+08   3.8368903378969590E+04   5.7321671771579190E-10   4.0085039124003530E-20   2.7509557690631877E+03
   9.5767700000000000E+08   3.8574077430290883E+04   5.6335670261965359E-10   3.9485235246074525E-20   2.7447058469073399E+03
   9.5967700000000000E+08   3.8780982069143487E+04   5.5370396234340621E-10   3.8897049944358230E-20   2.7384703200890972E+03
   9.6167700000000000E+08   3.8989381577743399E+04   5.4425328102126705E-10   3.8320197474810281E-20   2.7322497123680091E+03
   9.6367700000000000E+08   3.9199127811384686E+04   5.3499949973757918E-10   3.7754394376417509E-20   2.7260444897569369E+03
   9.6567700000000000E+08   3.9410132122530369E+04   5.2593767684503652E-10   3.7199370570293816E-20   2.7198550752626052E+03
   9.6767700000000000E+08   3.9622339548425945E+04   5.1706306545531234E-10   3.6654867706810244E-20   2.7136818610132477E+03
   9.6967700000000000E+08   3.9835713611446561E+04   5.0837108623521428E-10   3.6120637230739940E-20   2.7075252160703253E+03
   9.7167700000000000E+08   4.0050228814945571E+04   4.9985731053833967E-10   3.5596439208156309E-20   2.7013854910859504E+03
   9.7367700000000000E+08   4.0265866812073196E+04   4.9151744850232590E-10   3.5082041519734731E-20   2.6952630213026337E+03
   9.7567700000000000E+08   4.0482614143120831E+04   4.8334733916394894E-10   3.4577219203192096E-20   2.6891581286523733E+03
   9.7767700000000000E+08   4.0700460523779810E+04   4.7534294245095684E-10   3.4081753931744336E-20   2.6830711232705003E+03
   9.7967700000000000E+08   4.0919397531360701E+04   4.6750033269886298E-10   3.3595433602752644E-20   2.6770023045700636E+03
   9.8167700000000000E+08   4.1139417814217617E+04   4.5981569297887896E-10   3.3118051984603881E-20   2.6709519620091587E+03
   9.8367700000000000E+08   4.1360514704451714E+04   4.5228531012845390E-10   3.2649408412940235E-20   2.6649203756754951E+03
   9.8567700000000000E+08   4.1582681999792068E+04   4.4490557068426927E-10   3.2189307550276545E-20   2.6589078167649559E+03
   9.8767700000000000E+08   4.1805913802470262E+04   4.3767295754754245E-10   3.1737559197065438E-20   2.6529145479907224E+03
   9.8967700000000000E+08   4.2030204326490391E+04   4.3058404701152117E-10   3.1293978127822398E-20   2.6469408239383570E+03
   9.9167700000000000E+08   4.2255547588510424E+04   4.2363550592140887E-10   3.0858383935952349E-20   2.6409868913598407E+03
   9.9367700000000000E+08   4.2481937147545119E+04   4.1682408892892181E-10   3.0430600884678709E-20   2.6350529893955772E+03
   9.9567700000000000E+08   4.2709366377405728E+04   4.1014663614598510E-10   3.0010457785892639E-20   2.6291393497637891E+03
   9.9767700000000000E+08   4.2937829905596125E+04   4.0360007217724689E-10   2.9597787977638171E-20   2.6232461970510512E+03
   9.9967700000000000E+08   4.3167326241619528E+04   3.9718140711349007E-10   2.9192429442221044E-20   2.6173737493218696E+03
   1.0016770000000000E+09   4.3397861220471706E+04   3.9088774009301061E-10   2.8794225110141840E-20   2.6115222192306342E+03
   1.0036770000000000E+09   4.3629450670797291E+04   3.8471626471311226E-10   2.8403023299590214E-20   2.6056918156928805E+03
   1.0056770000000000E+09   4.3862120272071399E+04   3.7866426684268175E-10   2.8018677596658695E-20   2.5998827459518802E+03
   1.0076770000000000E+09   4.4095901630986977E+04   3.7272911197588336E-10   2.7641045962309634E-20   2.5940952174166432E+03
   1.0096770000000000E+09   4.4330825139060726E+04   3.6690822962159393E-10   2.7269989618866762E-20   2.5883294384985675E+03
   1.0116770000000000E+09   4.4566911213183797E+04   3.6119909948901370E-10   2.6905372071015121E-20   2.5825856179898069E+03
   1.0136770000000000E+09   4.4804162846397950E+04   3.5559923880137778E-10   2.6547058212264138E-20   2.5768639629821687E+03
   1.0156770000000000E+09   4.5042559223865770E+04   3.5010619089472056E-10   2.6194913525873491E-20   2.5711646756085629E+03
   1.0176770000000000E+09   4.5282053362551567E+04   3.4471752094249542E-10   2.5848803815333988E-20   2.5654879489540212E+03
   1.0196770000000000E+09   4.5522578683963169E+04   3.3943082370029302E-10   2.5508595831106355E-20   2.5598339630213595E+03
   1.0216770000000000E+09   4.5764059948559756E+04   3.3424374022948884E-10   2.5174158565694496E-20   2.5542028820692644E+03
   1.0236770000000000E+09   4.6006424528684991E+04   3.2915397509390508E-10   2.4845364579871307E-20   2.5485948540120071E+03
   1.0256770000000000E+09   4.6249612092093776E+04   3.2415930967688022E-10   2.4522091034182988E-20   2.5430100117529764E+03
   1.0276770000000000E+09   4.6493580634636746E+04   3.1925760914395590E-10   2.4204220239300367E-20   2.5374484760033511E+03
   1.0296770000000000E+09   4.6738308166312061E+04   3.1444682245796676E-10   2.3891639680603321E-20   2.5319103588615349E+03
   1.0316770000000000E+09   4.6983790605105969E+04   3.0972497671932512E-10   2.3584241613307257E-20   2.5263957673994546E+03
   1.0336770000000000E+09   4.7230037221536732E+04   3.0509016813911779E-10   2.3281922402943984E-20   2.5209048066667046E+03
   1.0356770000000000E+09   4.7477065179343095E+04   3.0054055208289667E-10   2.2984581796159983E-20   2.5154375817880468E+03
   1.0376770000000000E+09   4.7724894455414142E+04   2.9607433408963859E-10   2.2692122266537958E-20   2.5099941990941629E+03
   1.0396770000000000E+09   4.7973543928987878E+04   2.9168976293391835E-10   2.2404448516671791E-20   2.5045747664218370E+03
   1.0416770000000000E+09   4.8223028921392586E+04   2.8738512599640649E-10   2.2121467156570224E-20   2.4991793928227626E+03
   1.0436770000000000E+09   4.8473360077394689E+04   2.8315874664929829E-10   2.1843086535786670E-20   2.4938081879382698E+03
   1.0456770000000000E+09   4.8724543260958788E+04   2.7900898309874824E-10   2.1569216686387502E-20   2.4884612612576389E+03
   1.0476770000000000E+09   4.8976580080326748E+04   2.7493422809337027E-10   2.1299769331307595E-20   2.4831387214116662E+03
   1.0496770000000000E+09   4.9229468705901723E+04   2.7093290901205089E-10   2.1034657920626247E-20   2.4778406755861506E+03
   1.0516770000000000E+09   4.9483204739132874E+04   2.6700348800163684E-10   2.0773797670396616E-20   2.4725672290864472E+03
   1.0536770000000000E+09   4.9737781989854157E+04   2.6314446198387979E-10   2.0517105590139036E-20   2.4673184850488378E+03
   1.0556770000000000E+09   4.9993193100506833E+04   2.5935436246141697E-10   2.0264500493639889E-20   2.4620945442758020E+03
   1.0576770000000000E+09   5.0249430009012911E+04   2.5563175512217218E-10   2.0015902993084310E-20   2.4568955051661201E+03
   1.0596770000000000E+09   5.0506484270474706E+04   2.5197523927737066E-10   1.9771235479327370E-20   2.4517214637118991E+03
   1.0616770000000000E+09   5.0764347268795515E+04   2.4838344717978673E-10   1.9530422091993154E-20   2.4465725135395519E+03
   1.0636770000000000E+09   5.1023010349235359E+04   2.4485504326670498E-10   1.9293388682922367E-20   2.4414487459774887E+03
   1.0656770000000000E+09   5.1282464897679522E+04   2.4138872336382614E-10   1.9060062775843287E-20   2.4363502501386042E+03
   1.0676770000000000E+09   5.1542702386004086E+04   2.3798321387640980E-10   1.8830373524361807E-20   2.4312771130098417E+03
   1.0696770000000000E+09   5.1803714397101488E+04   2.3463727098526193E-10   1.8604251669684733E-20   2.4262294195441241E+03
   1.0716770000000000E+09   5.2065492638722986E+04   2.3134967985859627E-10   1.8381629498972332E-20   2.4212072527520359E+03
   1.0736770000000000E+09   5.2328028952206536E+04   2.2811925388609651E-10   1.8162440804845209E-20   2.4162106937919439E+03
   1.0756770000000000E+09   5.2591315319906527E+04   2.2494483393838005E-10   1.7946620846322871E-20   2.4112398220580803E+03
   1.0776770000000000E+09   5.2855343873442587E+04   2.2182528765278990E-10   1.7734106311289830E-20   2.4062947152666297E+03
   1.0796770000000000E+09   5.3120106903477557E+04   2.1875950874484445E-10   1.7524835280457576E-20   2.4013754495400340E+03
   1.0816770000000000E+09   5.3385596870683243E+04   2.1574641634363200E-10   1.7318747192705787E-20   2.3964820994898168E+03
   1.0836770000000000E+09   5.3651806416920459E+04   2.1278495434892762E-10   1.7115782811644432E-20   2.3916147382981048E+03
   1.0856770000000000E+09   5.3918728375506493E+04   2.0987409080785673E-10   1.6915884193240593E-20   2.3867734377978450E+03
   1.0876770000000000E+09   5.4186355779665508E+04   2.0701281730936682E-10   1.6718994654387510E-20   2.3819582685516266E+03
   1.0896770000000000E+09   5.4454681868715612E+04   2.0420014839535489E-10   1.6525058742339536E-20   2.3771692999288421E+03
   1.0916770000000000E+09   5.4723700091982588E+04   2.0143512098786050E-10   1.6334022204981223E-20   2.3724066001809097E+03
   1.0936770000000000E+09   5.4993404110731324E+04   1.9871679383208586E-10   1.6145831961926228E-20   2.3676702365143115E+03
   1.0956770000000000E+09   5.5263787798476864E+04   1.9604424695511969E-10   1.5960436076450888E-20   2.3629602751612128E+03
   1.0976770000000000E+09   5.5534845239918468E+04   1.9341658114016914E-10   1.5777783728260673E-20   2.3582767814475301E+03
   1.0996770000000000E+09   5.5806570728508181E+04   1.9083291741593133E-10   1.5597825187073560E-20   2.3536198198582829E+03
   1.1016770000000000E+09   5.6078958762424765E+04   1.8829239656056592E-10   1.5420511786989767E-20   2.3489894541001386E+03
   1.1036770000000000E+09   5.6352004038529820E+04   1.8579417861961999E-10   1.5245795901608191E-20   2.3443857471609585E+03
   1.1056770000000000E+09   5.6625701443772567E+04   1.8333744243725059E-10   1.5073630919848708E-20   2.3398087613661528E+03
   1.1076770000000000E+09   5.6900046043506547E+04   1.8092138520012182E-10   1.4903971222441812E-20   2.3352585584315793E+03
   1.1096770000000000E+09   5.7175033066210483E+04   1.7854522199347855E-10   1.4736772159056937E-20   2.3307351995126769E+03
   1.1116770000000000E+09   5.7450657884203727E+04   1.7620818536899262E-10   1.4571990026048262E-20   2.3262387452494527E+03
   1.1136770000000000E+09   5.7726915990022091E+04   1.7390952492409863E-10   1.4409582044806475E-20   2.3217692558069507E+03
   1.1156770000000000E+09   5.8003802968224518E+04   1.7164850689260941E-10   1.4249506340710770E-20   2.3173267909107785E+03
   1.1176770000000000E+09   5.8281314462477007E+04   1.6942441374644241E-10   1.4091721922678551E-20   2.3129114098772843E+03
   1.1196770000000000E+09   5.8559446137830673E+04   1.6723654380832773E-10   1.3936188663313349E-20   2.3085231716379531E+03
   1.1216770000000000E+09   5.8838193638197357E+04   1.6508421087533000E-10   1.3782867279647887E-20   2.3041621347576447E+03
   1.1236770000000000E+09   5.9117552539086850E+04   1.6296674385301886E-10   1.3631719314479279E-20   2.2998283574462671E+03
   1.1256770000000000E+09   5.9397518295776070E+04   1.6088348640005135E-10   1.3482707118286773E-20   2.2955218975635389E+03
   1.1276770000000000E+09   5.9678086187178757E+04   1.5883379658288003E-10   1.3335793831717911E-20   2.2912428126165287E+03
   1.1296770000000000E+09   5.9959251255803021E+04   1.5681704654022439E-10   1.3190943368621853E-20   2.2869911597496975E+03
   1.1316770000000000E+09   6.0241008244330471E+04   1.5483262215686296E-10   1.3048120399601193E-20   2.2827669957272296E+03
   1.1336770000000000E+09   6.0523351529510917E+04   1.5287992274621249E-10   1.2907290336044826E-20   2.2785703769075358E+03
   1.1356770000000000E+09   6.0806275054237558E+04   1.5095836074106925E-10   1.2768419314595867E-20   2.2744013592098540E+03
   1.1376770000000000E+09   6.1089772258859688E+04   1.4906736139179826E-10   1.2631474181999588E-20   2.2702599980730283E+03
   1.1396770000000000E+09   6.1373836012989923E+04   1.4720636247116645E-10   1.2496422480267467E-20   2.2661463484066280E+03
   1.1416770000000000E+09   6.1658458549259165E+04   1.4537481398493713E-10   1.2363232432085212E-20   2.2620604645347262E+03
   1.1436770000000000E+09   6.1943631400669845E+04   1.4357217788728207E-10   1.2231872926385729E-20   2.2580024001327970E+03
   1.1456770000000000E+09   6.2229345343377885E+04   1.4179792780001920E-10   1.2102313504002227E-20   2.2539722081583523E+03
   1.1476770000000000E+09   6.2515590346883931E+04   1.4005154873466807E-10   1.1974524343313409E-20   2.2499699407761368E+03
   1.1496770000000000E+09   6.2802355533729649E+04   1.3833253681632495E-10   1.1848476245791955E-20   2.2459956492788419E+03
   1.1516770000000000E+09   6.3089629150860659E+04   1.3664039900840248E-10   1.1724140621369332E-20   2.2420493840045224E+03
   1.1536770000000000E+09   6.3377398554805921E+04   1.3497465283737003E-10   1.1601489473536394E-20   2.2381311942520615E+03
   1.1556770000000000E+09   6.3665650212750726E+04   1.3333482611675150E-10   1.1480495384108321E-20   2.2342411281961890E+03
   1.1576770000000000E+09   6.3954369721402407E+04   1.3172045666981342E-10   1.1361131497596526E-20   2.2303792328037462E+03
   1.1596770000000000E+09   6.4243541845282314E+04   1.3013109205059161E-10   1.1243371505148330E-20   2.2265455537529633E+03
   1.1616770000000000E+09   6.4533150575704880E+04   1.2856628926316335E-10   1.1127189628037270E-20   2.2227401353576633E+03
   1.1636770000000000E+09   6.4823179211231487E+04   1.2702561447936237E-10   1.1012560600712627E-20   2.2189630204983023E+03
   1.1656770000000000E+09   6.5113610459808973E+04   1.2550864275546831E-10   1.0899459653446636E-20   2.2152142505617912E+03
   1.1676770000000000E+09   6.5404426562147819E+04   1.2401495774874017E-10   1.0787862494649037E-20   2.2114938653919507E+03
   1.1696770000000000E+09   6.5695609435169172E+04   1.2254415143501128E-10   1.0677745292950921E-20   2.2078019032523580E+03
   1.1716770000000000E+09   6.5987140833571990E+04   1.2109582382890272E-10   1.0569084659192633E-20   2.2041384008031300E+03
   1.1736770000000000E+09   6.6279002526796277E+04   1.1966958270851537E-10   1.0461857628480261E-20   2.2005033930929362E+03
   1.1756770000000000E+09   6.6571176487898279E+04   1.1826504334671095E-10   1.0356041642501213E-20   2.1968969135672360E+03
   1.1776770000000000E+09   6.6863645090167149E+04   1.1688182825127184E-10   1.0251614532309306E-20   2.1933189940933485E+03
   1.1796770000000000E+09   6.7156391306727426E+04   1.1551956691631617E-10   1.0148554501802211E-20   2.1897696650025359E+03
   1.1816770000000000E+09   6.7449398907944298E+04   1.1417789558732534E-10   1.0046840112116751E-20   2.1862489551488452E+03
   1.1836770000000000E+09   6.7742652651209326E+04   1.1285645704200430E-10   9.9464502671599595E-21   2.1827568919839991E+03
   1.1856770000000000E+09   6.8036138457655281E+04   1.1155490038893209E-10   9.8473642004747933E-21   2.1792935016471188E+03
   1.1876770000000000E+09   6.8329843570555808E+04   1.1027288088560515E-10   9.7495614636112238E-21   2.1758588090676690E+03
   1.1896770000000000E+09   6.8623756690620066E+04   1.0901005977698098E-10   9.6530219161324705E-21   2.1724528380795800E+03
   1.1916770000000000E+09   6.8917868084054164E+04   1.0776610415510424E-10   9.5577257173411739E-21   2.1690756115441618E+03
   1.1936770000000000E+09   6.9212169660138825E+04   1.0654068683977062E-10   9.4636533197552481E-21   2.1657271514791801E+03
   1.1956770000000000E+09   6.9506655016087738E+04   1.0533348627958527E-10   9.3707854643095203E-21   2.1624074791912685E+03
   1.1976770000000000E+09   6.9801319448090246E+04   1.0414418647215008E-10   9.2791031772022050E-21   2.1591166154087618E+03
   1.1996770000000000E+09   7.0096159928603578E+04   1.0297247690157213E-10   9.1885877682542035E-21   2.1558545804120781E+03
   1.2016770000000000E+09   7.0391175051132479E+04   1.0181805249099819E-10   9.0992208306021460E-21   2.1526213941588676E+03
   1.2036770000000000E+09   7.0686364944808287E+04   1.0068061356750819E-10   9.0109842415083632E-21   2.1494170764013693E+03
   1.2056770000000000E+09   7.0981731162055861E+04   9.9559865836441374E-11   8.9238601640428755E-21   2.1462416467936837E+03
   1.2076770000000000E+09   7.1277276543457061E+04   9.8455520362083411E-11   8.8378310493740362E-21   2.1430951249870459E+03
   1.2096770000000000E+09   7.1573005064551282E+04   9.7367293551624110E-11   8.7528796393974142E-21   2.1399775307115547E+03
   1.2116770000000000E+09   7.1868921669755509E+04   9.6294907139393834E-11   8.6689889694359221E-21   2.1368888838432777E+03
   1.2136770000000000E+09   7.2165032098819880E+04   9.5238088168578459E-11   8.5861423707564349E-21   2.1338292044560731E+03
   1.2156770000000000E+09   7.2461342711264093E+04   9.4196568967903517E-11   8.5043234726695833E-21   2.1307985128579535E+03
   1.2176770000000000E+09   7.2757860314045975E+04   9.3170087121146732E-11   8.4235162040088273E-21   2.1277968296122008E+03
   1.2196770000000000E+09   7.3054591997330193E+04   9.2158385427762107E-11   8.3437047938197206E-21   2.1248241755438889E+03
   1.2216770000000000E+09   7.3351544982606982E+04   9.1161211853397682E-11   8.2648737711330203E-21   2.1218805717327791E+03
   1.2236770000000000E+09   7.3648726486655127E+04   9.0178319469590070E-11   8.1870079637390495E-21   2.1189660394938583E+03
   1.2256770000000000E+09   7.3946143603898876E+04   8.9209466382460097E-11   8.1100924959290898E-21   2.1160806003470038E+03
   1.2276770000000000E+09   7.4243803208680052E+04   8.8254415650753316E-11   8.0341127852168998E-21   2.1132242759773894E+03
   1.2296770000000000E+09   7.4541711877911061E+04   8.7312935194046350E-11   7.9590545380979610E-21   2.1103970881882997E+03
   1.2316770000000000E+09   7.4839875833547892E+04   8.6384797692350625E-11   7.8849037449431961E-21   2.1075990588479794E+03
   1.2336770000000000E+09   7.5138300903432464E+04   8.5469780478658769E-11   7.8116466741547725E-21   2.1048302098320801E+03
   1.2356770000000000E+09   7.5436992498356107E+04   8.4567665426161850E-11   7.7392698657312271E-21   2.1020905629630620E+03
   1.2376770000000000E+09   7.5735955602715607E+04   8.3678238831953076E-11   7.6677601243999705E-21   2.0993801399477466E+03
   1.2396770000000000E+09   7.6035194775945740E+04   8.2801291298964816E-11   7.5971045124719827E-21   2.0966989623139752E+03
   1.2416770000000000E+09   7.6334714161929820E+04   8.1936617617742368E-11   7.5272903425631209E-21   2.0940470513471105E+03
   1.2436770000000000E+09   7.6634517503807627E+04   8.1084016649437048E-11   7.4583051703086165E-21   2.0914244280269081E+03
   1.2456770000000000E+09   7.6934608161955373E+04   8.0243291211137042E-11   7.3901367871751033E-21   2.0888311129651115E+03
   1.2476770000000000E+09   7.7234989133318159E+04   7.9414247964386795E-11   7.3227732134515562E-21   2.0862671263439274E+03
   1.2496770000000000E+09   7.7535663070690018E+04   7.8596697307501464E-11   7.2562026914790486E-21   2.0837324878554818E+03
   1.2516770000000000E+09   7.7836632300920042E+04   7.7790453272063523E-11   7.1904136791598541E-21   2.0812272166422090E+03
   1.2536770000000000E+09   7.8137898841356568E+04   7.6995333423807466E-11   7.1253948437701032E-21   2.0787513312380938E+03
   1.2556770000000000E+09   7.8439464414109039E+04   7.6211158767969109E-11   7.0611350560883854E-21   2.0763048495106523E+03
   1.2576770000000000E+09   7.8741330457953823E+04   7.5437753659048917E-11   6.9976233848409929E-21   2.0738877886034870E+03
   1.2596770000000000E+09   7.9043498137879971E+04   7.4674945714875002E-11   6.9348490914583024E-21   2.0715001648792950E+03
   1.2616770000000000E+09   7.9345968352435928E+04   7.3922565734770905E-11   6.8728016251292006E-21   2.0691419938631561E+03
   1.2636770000000000E+09   7.9648741739112331E+04   7.3180447621620058E-11   6.8114706181387149E-21   2.0668132901860113E+03
   1.2656770000000000E+09   7.9951818678069496E+04   7.2448428307582047E-11   6.7508458814704011E-21   2.0645140675281959E+03
   1.2676770000000000E+09   8.0255199294477250E+04   7.1726347683246351E-11   6.6909174006573611E-21   2.0622443385629654E+03
   1.2696770000000000E+09   8.0558883459720411E+04   7.1014048530010801E-11   6.6316753318656524E-21   2.0600041148999449E+03
   1.2716770000000000E+09   8.0862870791623805E+04   7.0311376455514140E-11   6.5731099981974640E-21   2.0577934070284596E+03
   1.2736770000000000E+09   8.1167160653790736E+04   6.9618179831975872E-11   6.5152118862033791E-21   2.0556122242607089E+03
   1.2756770000000000E+09   8.1471752154075599E+04   6.8934309737315556E-11   6.4579716425946518E-21   2.0534605746747588E+03
   1.2776770000000000E+09   8.1776644142165504E+04   6.8259619898939201E-11   6.4013800711476688E-21   2.0513384650573239E+03
   1.2796770000000000E+09   8.2081835206222313E+04   6.7593966640080188E-11   6.3454281297925814E-21   2.0492459008463238E+03
   1.2816770000000000E+09   8.2387323668509300E+04   6.6937208828578865E-11   6.2901069278776943E-21   2.0471828860731712E+03
   1.2836770000000000E+09   8.2693107579894859E+04   6.6289207827985652E-11   6.2354077236010226E-21   2.0451494233047815E+03
   1.2856770000000000E+09   8.2999184713074486E+04   6.5649827450875832E-11   6.1813219216007231E-21   2.0431455135852493E+03
   1.2876770000000000E+09   8.3305552554301103E+04   6.5018933914263005E-11   6.1278410706957442E-21   2.0411711563771785E+03
   1.2896770000000000E+09   8.3612208293296615E+04   6.4396395797023312E-11   6.0749568617704376E-21   2.0392263495025823E+03
   1.2916770000000000E+09   8.3919148810925879E+04   6.3782083999253534E-11   6.0226611257976918E-21   2.0373110890833163E+03
   1.2936770000000000E+09   8.4226370664027650E+04   6.3175871703528261E-11   5.9709458319992266E-21   2.0354253694809333E+03
   1.2956770000000000E+09   8.4533870066632458E+04   6.2577634338057921E-11   5.9198030861450105E-21   2.0335691832358505E+03
   1.2976770000000000E+09   8.4841642866585098E+04   6.1987249541797982E-11   5.8692251289985388E-21   2.0317425210056606E+03
   1.2996770000000000E+09   8.5149684516470545E+04   6.1404597131590516E-11   5.8192043349176272E-21   2.0299453715023838E+03
   1.3016770000000000E+09   8.5457990037789103E+04   6.0829559071403816E-11   5.7697332106190984E-21   2.0281777214283900E+03
   1.3036770000000000E+09   8.5766553977775868E+04   6.0262019443623027E-11   5.7208043941050322E-21   2.0264395554107025E+03
   1.3056770000000000E+09   8.6075370359316192E+04   5.9701864422082428E-11   5.6724106537232898E-21   2.0247308559333605E+03
   1.3076770000000000E+09   8.6384432626351569E+04   5.9148982246053098E-11   5.6245448872890850E-21   2.0230516032676132E+03
   1.3096770000000000E+09   8.6693733590193922E+04   5.8603263193677852E-11   5.5772001211247030E-21   2.0214017753998830E+03
   1.3116770000000000E+09   8.7003265386220693E+04   5.8064599552394156E-11   5.5303695087818927E-21   2.0197813479577944E+03
   1.3136770000000000E+09   8.7313019455193440E+04   5.7532885582815503E-11   5.4840463291065420E-21   2.0181902941351402E+03
   1.3156770000000000E+09   8.7622986568008535E+04   5.7008017471584790E-11   5.4382239832099336E-21   2.0166285846174685E+03
   1.3176770000000000E+09   8.7933156915568179E+04   5.6489893268242756E-11   5.3928959898612904E-21   2.0150961875109429E+03
   1.3196770000000000E+09   8.8243520284658443E+04   5.5978412801646631E-11   5.3480559788584343E-21   2.0135930682782350E+03
   1.3216770000000000E+09   8.8554066334016126E+04   5.5473477573433991E-11   5.3036976821170882E-21   2.0121191896860832E+03
   1.3236770000000000E+09   8.8864784970615408E+04   5.4974990629744055E-11   5.2598149225739395E-21   2.0106745117696105E+03
   1.3256770000000000E+09   8.9175666804494293E+04   5.4482856417826224E-11   5.2164016015206064E-21   2.0092589918180627E+03
   1.3276770000000000E+09   8.9486703633859972E+04   5.3996980640505002E-11   5.1734516856020653E-21   2.0078725843850739E+03
   1.3296770000000000E+09   8.9797888886547400E+04   5.3517270127263812E-11   5.1309591952836275E-21   2.0065152413236485E+03
   1.3316770000000000E+09   9.0109217927990816E+04   5.3043632743798979E-11   5.0889181969065994E-21   2.0051869118420648E+03
   1.3336770000000000E+09   9.0420688149315596E+04   5.2575977360073942E-11   5.0473228002987315E-21   2.0038875425724468E+03
   1.3356770000000000E+09   9.0732298779111821E+04   5.2114213888651180E-11   5.0061671631294231E-21   2.0026170776399365E+03
   1.3376770000000000E+09   9.1044050418954794E+04   5.1658253390697338E-11   4.9654455018236130E-21   2.0013754587184565E+03
   1.3396770000000000E+09   9.1355944375516978E+04   5.1208008229291885E-11   4.9251521071308214E-21   2.0001626250602785E+03
   1.3416770000000000E+09   9.1667981930124923E+04   5.0763392233743102E-11   4.8852813608879703E-21   1.9989785134913188E+03
   1.3436770000000000E+09   9.1980163723097081E+04   5.0324320830891493E-11   4.8458277497333765E-21   1.9978230583717173E+03
   1.3456770000000000E+09   9.2292489412691109E+04   4.9890711104941133E-11   4.8067858720246871E-21   1.9966961915299410E+03
   1.3476770000000000E+09   9.2604957691121672E+04   4.9462481767158934E-11   4.7681504360920859E-21   1.9955978421854782E+03
   1.3496770000000000E+09   9.2917566622172744E+04   4.9039553045804997E-11   4.7299162507486029E-21   1.9945279368777319E+03
   1.3516770000000000E+09   9.3230314149426558E+04   4.8621846534402945E-11   4.6920782116749041E-21   1.9934863994153052E+03
   1.3536770000000000E+09   9.3543198562373320E+04   4.8209285050806010E-11   4.6546312887205607E-21   1.9924731508515438E+03
   1.3556770000000000E+09   9.3856218734712966E+04   4.7801792552398017E-11   4.6175705185224019E-21   1.9914881094819257E+03
   1.3576770000000000E+09   9.4169374060575967E+04   4.7399294125583154E-11   4.5808910042469456E-21   1.9905311908511248E+03
   1.3596770000000000E+09   9.4482664160550994E+04   4.7001716032397021E-11   4.5445879208557173E-21   1.9896023077556536E+03
   1.3616770000000000E+09   9.4796088535575283E+04   4.6608985771308637E-11   4.5086565217783168E-21   1.9887013702329243E+03
   1.3636770000000000E+09   9.5109646353851742E+04   4.6221032107024606E-11   4.4730921426216900E-21   1.9878282855364002E+03
   1.3656770000000000E+09   9.5423336459226120E+04   4.5837785046605160E-11   4.4378901996890470E-21   1.9869829581045256E+03
   1.3676770000000000E+09   9.5737157548033327E+04   4.5459175772840998E-11   4.4030461843290482E-21   1.9861652895338307E+03
   1.3696770000000000E+09   9.6051108365267894E+04   4.5085136569617385E-11   4.3685556564548931E-21   1.9853751785628299E+03
   1.3716770000000000E+09   9.6365187781297020E+04   4.4715600773221619E-11   4.3344142405267769E-21   1.9846125210661312E+03
   1.3736770000000000E+09   9.6679394714245806E+04   4.4350502760434420E-11   4.3006176250720366E-21   1.9838772100524454E+03
   1.3756770000000000E+09   9.6993727979944015E+04   4.3989777956819326E-11   4.2671615641588117E-21   1.9831691356598440E+03
   1.3776770000000000E+09   9.7308186192604873E+04   4.3633362837429410E-11   4.2340418781364790E-21   1.9824881851461089E+03
   1.3796770000000000E+09   9.7622767779448623E+04   4.3281194904135166E-11   4.2012544520998549E-21   1.9818342428774581E+03
   1.3816770000000000E+09   9.7937471068614628E+04   4.2933212646937867E-11   4.1687952327756514E-21   1.9812071903209069E+03
   1.3836770000000000E+09   9.8252294350582742E+04   4.2589355510805297E-11   4.1366602259152507E-21   1.9806069060427933E+03
   1.3856770000000000E+09   9.8567235834348743E+04   4.2249563885196782E-11   4.1048454958689097E-21   1.9800332657112110E+03
   1.3876770000000000E+09   9.8882293457111460E+04   4.1913779122143174E-11   4.0733471679285593E-21   1.9794861420966197E+03
   1.3896770000000000E+09   9.9197464416522576E+04   4.1581943598521290E-11   4.0421614349815423E-21   1.9789654050622576E+03
   1.3916770000000000E+09   9.9512743872724575E+04   4.1254000905112176E-11   4.0112845765476961E-21   1.9784709215265000E+03
   1.3936770000000000E+09   9.9828121133470238E+04   4.0929896427879359E-11   3.9807130161345076E-21   1.9780025553456676E+03
   1.3956770000000000E+09   1.0014356888072037E+05   4.0609579025400886E-11   3.9504434857225996E-21   1.9775601669729997E+03
   1.3976770000000000E+09   1.0045901460928666E+05   4.0293005520601286E-11   3.9204734654085435E-21   1.9771436125236162E+03
   1.3996770000000000E+09   1.0077426983386402E+05   3.9980151904471655E-11   3.8908022795298052E-21   1.9767527413647772E+03
   1.4016770000000000E+09   1.0108886730890984E+05   3.9671039266330440E-11   3.8614336337619104E-21   1.9763873902851872E+03
   1.4036770000000000E+09   1.0140171877006444E+05   3.9365788782505021E-11   3.8323809971902866E-21   1.9760473702977276E+03
   1.4056770000000000E+09   1.0171047174091080E+05   3.9064726304681135E-11   3.8036778449854413E-21   1.9757324389154239E+03
   1.4076770000000000E+09   1.0201047093489820E+05   3.8768554338002992E-11   3.7753945175777590E-21   1.9754422467749969E+03
   1.4096770000000000E+09   1.0229343577248853E+05   3.8478578200728034E-11   3.7476604363672891E-21   1.9751762453114870E+03
   1.4116770000000000E+09   1.0254648660409091E+05   3.8196889255010996E-11   3.7206822276067767E-21   1.9749335481460457E+03
   1.4136770000000000E+09   1.0275293229165189E+05   3.7926272803181594E-11   3.6947350705704779E-21   1.9747127632086854E+03
   1.4156770000000000E+09   1.0289662277908369E+05   3.7669516595287833E-11   3.6700955492488824E-21   1.9745118636198856E+03
   1.4176770000000000E+09   1.0297027613856032E+05   3.7427982848605209E-11   3.6469023751549105E-21   1.9743282310463208E+03
   1.4196770000000000E+09   1.0298410467537005E+05   3.7199984294359978E-11   3.6249973596237958E-21   1.9741590244062445E+03
   1.4216770000000000E+09   1.0296697446625640E+05   3.6980333042875197E-11   3.6038800335800348E-21   1.9740018888171880E+03
   1.4236770000000000E+09   1.0295546402976185E+05   3.6762157095862603E-11   3.5828832703181835E-21   1.9738556946663839E+03
   1.4256770000000000E+09   1.0297959681840970E+05   3.6539789738125584E-11   3.5614545192059108E-21   1.9737207766885606E+03
   1.4276770000000000E+09   1.0306301710987957E+05   3.6309331458633473E-11   3.5392114655633759E-21   1.9735985248750571E+03
   1.4296770000000000E+09   1.0323950070614152E+05   3.6065915948537642E-11   3.5156762334780392E-21   1.9734910658668562E+03
   1.4316770000000000E+09   1.0354055726769436E+05   3.5801616444700185E-11   3.4900709854839687E-21   1.9734014670862880E+03
   1.4336770000000000E+09   1.0414530648913972E+05   3.5520518640273097E-11   3.4627818872750815E-21   1.9733368804953479E+03
   1.4356770000000000E+09   1.0317326177317294E+05   3.5112298930727060E-11   3.4230667198166817E-21   1.9732902615861433E+03
   6.5767700000000000E+08  -6.9584910893459000E+03   3.3452466072531347E-13   3.3840306459289519E-24   1.1984817850338968E+03
   6.5967700000000000E+08  -5.8123123804288252E+03   6.5826450389092910E-13   6.3710288404498596E-24   1.2526462776116630E+03
   6.6167700000000000E+08  -4.8049408166682433E+03   1.0251668469167769E-12   9.5578462029283522E-24   1.3003854495605260E+03
   6.6367700000000000E+08  -3.7590726313013665E+03   1.4160602584493649E-12   1.2857066005043421E-23   1.3352956905237966E+03
   6.6567700000000000E+08  -2.6336187706081951E+03   1.8096882658169504E-12   1.6091429725146843E-23   1.3634735697873662E+03
   6.6767700000000000E+08  -1.5584825916624472E+03   2.2087757988604604E-12   1.9298600602012190E-23   1.3875971632129056E+03
   6.6967700000000000E+08  -6.8165787143523585E+02   2.6339074166401712E-12   2.2573068402629530E-23   1.4146450813626921E+03
   6.7167700000000000E+08  -3.8930448492741107E+02   3.1388138237093941E-12   2.5937418518530736E-23   1.4671563350276456E+03
   6.7367700000000000E+08  -1.9463706884666153E+03   3.8479084949884748E-12   2.8593385446665971E-23   1.6315363095208647E+03
   6.7567700000000000E+08  -8.1311821700642558E+03   5.0238248539262001E-12   2.9800045214834653E-23   2.0438788679971931E+03
   6.7767700000000000E+08  -2.0318195182140968E+04   6.8605512058328893E-12   3.2046161130248535E-23   2.5954973181307769E+03
   6.7967700000000000E+08  -3.6092137475036565E+04   9.4587944448574416E-12   3.7540867965132471E-23   3.0547035134844850E+03
   6.8167700000000000E+08  -5.1784351552743625E+04   1.3101053824409390E-11   4.7690166916596263E-23   3.3305424602609814E+03
   6.8367700000000000E+08  -6.3675180780359857E+04   1.8219869426925341E-11   6.4237624836911544E-23   3.4386927413609069E+03
   6.8567700000000000E+08  -6.9803816239852385E+04   2.5322528454625840E-11   8.9402543626158127E-23   3.4339564169191290E+03
   6.8767700000000000E+08  -7.0466661726571678E+04   3.4923032485336107E-11   1.2563479145746363E-22   3.3700753489927051E+03
   6.8967700000000000E+08  -6.7238728923445567E+04   4.7460120894040944E-11   1.7514359196970131E-22   3.2852783688709101E+03
   6.9167700000000000E+08  -6.1858714165393489E+04   6.3195274655104128E-11   2.3927919021098566E-22   3.2019700232868495E+03
   6.9367700000000000E+08  -5.5627473807294336E+04   8.2110822482848986E-11   3.1795651179910515E-22   3.1309077011939412E+03
   6.9567700000000000E+08  -4.9272837438794988E+04   1.0385291564761304E-10   4.0937627623533877E-22   3.0756266036613852E+03
   6.9767700000000000E+08  -4.3069667793012501E+04   1.2775936013983524E-10   5.1021000295547168E-22   3.0358572417009696E+03
   6.9967700000000000E+08  -3.7029416101432194E+04   1.5297031870658505E-10   6.1619285267420532E-22   3.0097339091901422E+03
   7.0167700000000000E+08  -3.1054335249877498E+04   1.7857726474425727E-10   7.2288151742190949E-22   2.9949986575072298E+03
   7.0367700000000000E+08  -2.5030303576621129E+04   2.0375544810551186E-10   8.2630828528933914E-22   2.9895423418446712E+03
   7.0567700000000000E+08  -1.8870698200219435E+04   2.2784555066469398E-10   9.2337265212624520E-22   2.9915835104378157E+03
   7.0767700000000000E+08  -1.2529808410929354E+04   2.5037948930918246E-10   1.0119551512251497E-21   2.9996809851529124E+03
   7.0967700000000000E+08  -5.9998173670206925E+03   2.7106546560210812E-10   1.0908323103515279E-21   3.0126854085690707E+03
   7.1167700000000000E+08   7.0029029228021170E+02   2.8975350270337248E-10   1.1594971692267682E-21   3.0296788021046955E+03
   7.1367700000000000E+08   7.5536474522997260E+03   3.0640869373683705E-10   1.2180074032663907E-21   3.0499220632834558E+03
   7.1567700000000000E+08   1.4503982244569110E+04   3.2101278365442650E-10   1.2665316740276842E-21   3.0728676729712156E+03
   7.1767700000000000E+08   2.1465301981540470E+04   3.3362423827415734E-10   1.3055990385823399E-21   3.0980281522028840E+03
   7.1967700000000000E+08   2.8388689893947274E+04   3.4437150033959997E-10   1.3360813912527738E-21   3.1248694181525889E+03
   7.2167700000000000E+08   3.5250655002744621E+04   3.5336597753061329E-10   1.3587576849796972E-21   3.1529733918379552E+03
   7.2367700000000000E+08   4.2029602978571413E+04   3.6071850223682439E-10   1.3743740454654562E-21   3.1820064840082928E+03
   7.2567700000000000E+08   4.8707955185109597E+04   3.6653819356156443E-10   1.3836364291310399E-21   3.2116989788719879E+03
   7.2767700000000000E+08   5.5273317756426310E+04   3.7093271390795830E-10   1.3872103850231318E-21   3.2418311573308260E+03
   7.2967700000000000E+08   6.1718901242879954E+04   3.7400902708402162E-10   1.3857237833140453E-21   3.2722238061702037E+03
   7.3167700000000000E+08   6.8043367088508705E+04   3.7587406496179338E-10   1.3797699736506151E-21   3.3027314150172469E+03
   7.3367700000000000E+08   7.4250243780178760E+04   3.7663494614939783E-10   1.3699099190080801E-21   3.3332369672301174E+03
   7.3567700000000000E+08   8.0347051584254965E+04   3.7639859894752835E-10   1.3566727058662036E-21   3.3636476547670682E+03
   7.3767700000000000E+08   8.6344275768855296E+04   3.7527082623738185E-10   1.3405545204330911E-21   3.3938911415397620E+03
   7.3967700000000000E+08   9.2254321436948114E+04   3.7335498211519126E-10   1.3220166297032522E-21   3.4239121974218015E+03
   7.4167700000000000E+08   9.8090564396620495E+04   3.7075049534029913E-10   1.3014830985991918E-21   3.4536696460337962E+03
   7.4367700000000000E+08   1.0386656859889302E+05   3.6755147206458607E-10   1.2793389324408643E-21   3.4831336295587839E+03
   7.4567700000000000E+08   1.0959550141722336E+05   3.6384555439984928E-10   1.2559291237957701E-21   3.5122832115321767E+03
   7.4767700000000000E+08   1.1528974193858255E+05   3.5971313440501581E-10   1.2315588219207721E-21   3.5411043313704490E+03
   7.4967700000000000E+08   1.2096065475841750E+05   3.5522694764288064E-10   1.2064946055759292E-21   3.5695881068077247E+03
   7.5167700000000000E+08   1.2661849144950758E+05   3.5045201328767879E-10   1.1809666755672506E-21   3.5977294623665580E+03
   7.5367700000000000E+08   1.3227238138940581E+05   3.4544585422509330E-10   1.1551717019235524E-21   3.6255260486801139E+03
   7.5567700000000000E+08   1.3793037894588543E+05   3.4025891854959093E-10   1.1292760486019406E-21   3.6529774104660519E+03
   7.5767700000000000E+08   1.4359954169365580E+05   3.3493512724699191E-10   1.1034191319844829E-21   3.6800843595731162E+03
   7.5967700000000000E+08   1.4928602200629489E+05   3.2951248493062487E-10   1.0777167245505372E-21   3.7068485121728668E+03
   7.6167700000000000E+08   1.5499516080478535E+05   3.2402370577670258E-10   1.0522640742134999E-21   3.7332719541303795E+03
   7.6367700000000000E+08   1.6073157704850473E+05   3.1849682165155288E-10   1.0271387622624622E-21   3.7593570044548314E+03
   7.6567700000000000E+08   1.6649924981640658E+05   3.1295575194699990E-10   1.0024032639985323E-21   3.7851060525485341E+03
   7.6767700000000000E+08   1.7230159185194559E+05   3.0742082420961281E-10   9.7810720536319590E-22   3.8105214502001154E+03
   7.6967700000000000E+08   1.7814151458523292E+05   3.0190924138911751E-10   9.5428932764238945E-22   3.8356054436733575E+03
   7.7167700000000000E+08   1.8402148520678445E+05   2.9643549592050618E-10   9.3097918303163534E-22   3.8603601347965155E+03
   7.7367700000000000E+08   1.8994357658221322E+05   2.9101173346779478E-10   9.0819858881508530E-22   3.8847874627352430E+03
   7.7567700000000000E+08   1.9590951082643180E+05   2.8564807052463902E-10   8.8596286912775538E-22   3.9088892002586840E+03
   7.7767700000000000E+08   2.0192069729987474E+05   2.8035287061539180E-10   8.6428191223700823E-22   3.9326669599136453E+03
   7.7967700000000000E+08   2.0797826570541575E+05   2.7513298388539276E-10   8.4316106904512833E-22   3.9561222067245135E+03
   7.8167700000000000E+08   2.1408309488196365E+05   2.6999395462950539E-10   8.2260191576262718E-22   3.9792562749352578E+03
   7.8367700000000000E+08   2.2023583782074146E+05   2.6494020092540943E-10   8.0260290084614566E-22   4.0020703869817607E+03
   7.8567700000000000E+08   2.2643694337499226E+05   2.5997517010073236E-10   7.8315989356678723E-22   4.0245656733864553E+03
   7.8767700000000000E+08   2.3268667509083095E+05   2.5510147332165874E-10   7.6426664908780903E-22   4.0467431926461486E+03
   7.8967700000000000E+08   2.3898512755212138E+05   2.5032100217257890E-10   7.4591520272761743E-22   4.0686039504694013E+03
   7.9167700000000000E+08   2.4533224060173650E+05   2.4563502971450231E-10   7.2809620416737037E-22   4.0901489179349292E+03
   7.9367700000000000E+08   2.5172781177238451E+05   2.4104429816890802E-10   7.1079920071426896E-22   4.1113790483038156E+03
   7.9567700000000000E+08   2.5817150723047520E+05   2.3654909507339385E-10   6.9401287732491852E-22   4.1322952923381035E+03
   7.9767700000000000E+08   2.6466287150540989E+05   2.3214931949358927E-10   6.7772525989859225E-22   4.1528986120661157E+03
   7.9967700000000000E+08   2.7120133624424570E+05   2.2784453964889323E-10   6.6192388733921381E-22   4.1731899929974306E+03
   8.0167700000000000E+08   2.7778622819841246E+05   2.2363404311405442E-10   6.4659595703134214E-22   4.1931704548337784E+03
   8.0367700000000000E+08   2.8441677661593159E+05   2.1951688059075581E-10   6.3172844765612657E-22   4.2128410607502728E+03
   8.0567700000000000E+08   2.9109212018036720E+05   2.1549190409977399E-10   6.1730822266777969E-22   4.2322029253384717E+03
   8.0767700000000000E+08   2.9781131360742036E+05   2.1155780032180763E-10   6.0332211724211825E-22   4.2512572213112353E+03
   8.0967700000000000E+08   3.0457333398243855E+05   2.0771311971084169E-10   5.8975701108097222E-22   4.2700051850718392E+03
   8.1167700000000000E+08   3.1137708689771697E+05   2.0395630191538776E-10   5.7659988909693365E-22   4.2884481212481132E+03
   8.1367700000000000E+08   3.1822141242765042E+05   2.0028569796784302E-10   5.6383789170094598E-22   4.3065874062880221E+03
   8.1567700000000000E+08   3.2510509096270334E+05   1.9669958963854114E-10   5.5145835616132944E-22   4.3244244912070953E+03
   8.1767700000000000E+08   3.3202684890977363E+05   1.9319620629709495E-10   5.3944885028909151E-22   4.3419609035715093E+03
   8.1967700000000000E+08   3.3898536425661668E+05   1.8977373957784436E-10   5.2779719952417755E-22   4.3591982487937657E+03
   8.2167700000000000E+08   3.4597927199132415E+05   1.8643035610735700E-10   5.1649150834516062E-22   4.3761382108114985E+03
   8.2367700000000000E+08   3.5300716936396604E+05   1.8316420851888090E-10   5.0552017679613548E-22   4.3927825522138728E+03
   8.2567700000000000E+08   3.6006762097605440E+05   1.7997344495052901E-10   4.9487191281550070E-22   4.4091331138748146E+03
   8.2767700000000000E+08   3.6715916368394316E+05   1.7685621720000434E-10   4.8453574095871168E-22   4.4251918141475780E+03
   8.2967700000000000E+08   3.7428031130417308E+05   1.7381068768823454E-10   4.7450100802840110E-22   4.4409606476711997E+03
   8.3167700000000000E+08   3.8142955911173049E+05   1.7083503536681437E-10   4.6475738605825946E-22   4.4564416838359148E+03
   8.3367700000000000E+08   3.8860538812559179E+05   1.6792746068924550E-10   4.5529487304006447E-22   4.4716370649514747E+03
   8.3567700000000000E+08   3.9580626917955076E+05   1.6508618975318053E-10   4.4610379173455232E-22   4.4865490041596431E+03
   8.3767700000000000E+08   4.0303066677968501E+05   1.6230947770991079E-10   4.3717478686523212E-22   4.5011797831294643E+03
   8.3967700000000000E+08   4.1027704275268281E+05   1.5959561152787581E-10   4.2849882095855542E-22   4.5155317495713398E+03
   8.4167700000000000E+08   4.1754385969138745E+05   1.5694291218874540E-10   4.2006716906306684E-22   4.5296073146034187E+03
   8.4367700000000000E+08   4.2482958420518297E+05   1.5434973638739853E-10   4.1187141255343038E-22   4.5434089500010177E+03
   8.4567700000000000E+08   4.3213268998322630E+05   1.5181447780066245E-10   4.0390343220170506E-22   4.5569391853570178E+03
   8.4767700000000000E+08   4.3945166067802382E+05   1.4933556798382792E-10   3.9615540067737789E-22   4.5702006051781982E+03
   8.4967700000000000E+08   4.4678499261565210E+05   1.4691147694852241E-10   3.8861977461878270E-22   4.5831958459394491E+03
   8.5167700000000000E+08   4.5413119733710785E+05   1.4454071347042577E-10   3.8128928640132133E-22   4.5959275931146531E+03
   8.5367700000000000E+08   4.6148880397318932E+05   1.4222182517042005E-10   3.7415693571190511E-22   4.6083985782000618E+03
   8.5567700000000000E+08   4.6885636145314726E+05   1.3995339840804437E-10   3.6721598102410483E-22   4.6206115757429525E+03
   8.5767700000000000E+08   4.7623244054534059E+05   1.3773405802155594E-10   3.6045993105447415E-22   4.6325694003857752E+03
   8.5967700000000000E+08   4.8361563572658721E+05   1.3556246694445501E-10   3.5388253626730763E-22   4.6442749039334094E+03
   8.6167700000000000E+08   4.9100456687590969E+05   1.3343732572408023E-10   3.4747778048278664E-22   4.6557309724492279E+03
   8.6367700000000000E+08   4.9839788078815740E+05   1.3135737196382456E-10   3.4123987263203892E-22   4.6669405233838515E+03
   8.6567700000000000E+08   5.0579425250349630E+05   1.2932137970674945E-10   3.3516323869224862E-22   4.6779065027393917E+03
   8.6767700000000000E+08   5.1319238645003753E+05   1.2732815877491037E-10   3.2924251382564087E-22   4.6886318822709809E+03
   8.6967700000000000E+08   5.2059101739885501E+05   1.2537655407561506E-10   3.2347253473803000E-22   4.6991196567271045E+03
   8.7167700000000000E+08   5.2798891123308591E+05   1.2346544488315548E-10   3.1784833226574012E-22   4.7093728411301081E+03
   8.7367700000000000E+08   5.3538486553563038E+05   1.2159374410229668E-10   3.1236512419405782E-22   4.7193944680984705E+03
   8.7567700000000000E+08   5.4277771000292338E+05   1.1976039751799048E-10   3.0701830830598358E-22   4.7291875852128787E+03
   8.7767700000000000E+08   5.5016630669506150E+05   1.1796438303439210E-10   3.0180345565682972E-22   4.7387552524286766E+03
   8.7967700000000000E+08   5.5754955013523030E+05   1.1620470990525342E-10   2.9671630406803846E-22   4.7481005395379143E+03
   8.8167700000000000E+08   5.6492636727350915E+05   1.1448041795711943E-10   2.9175275183237781E-22   4.7572265236847506E+03
   8.8367700000000000E+08   5.7229571733197570E+05   1.1279057680637906E-10   2.8690885162215592E-22   4.7661362869385821E+03
   8.8567700000000000E+08   5.7965659154951014E+05   1.1113428507104734E-10   2.8218080459211274E-22   4.7748329139296011E+03
   8.8767700000000000E+08   5.8700801284669724E+05   1.0951066957802295E-10   2.7756495466875017E-22   4.7833194895518764E+03
   8.8967700000000000E+08   5.9434903543515771E+05   1.0791888456626461E-10   2.7305778301754267E-22   4.7915990967392909E+03
   8.9167700000000000E+08   6.0167874440534913E+05   1.0635811088540893E-10   2.6865590267755996E-22   4.7996748143201266E+03
   8.9367700000000000E+08   6.0899625535012095E+05   1.0482755518700605E-10   2.6435605334752358E-22   4.8075497149570128E+03
   8.9567700000000000E+08   6.1630071413306170E+05   1.0332644910034005E-10   2.6015509629460098E-22   4.8152268631810930E+03
   8.9767700000000000E+08   6.2359129701549746E+05   1.0185404837457313E-10   2.5605000933196991E-22   4.8227093135334117E+03
   8.9967700000000000E+08   6.3086721154587436E+05   1.0040963195126727E-10   2.5203788176733896E-22   4.8300001088342342E+03
   9.0167700000000000E+08   6.3812769890826149E+05   9.8992500905877407E-11   2.4811590916163150E-22   4.8371022786125804E+03
   9.0367700000000000E+08   6.4537203876705281E+05   9.7601977171143916E-11   2.4428138767410038E-22   4.8440188377437889E+03
   9.0567700000000000E+08   6.5259955778216233E+05   9.6237401955408859E-11   2.4053170777228080E-22   4.8507527853578449E+03
   9.0767700000000000E+08   6.5980964230034966E+05   9.4898133850668863E-11   2.3686434729141993E-22   4.8573071040876112E+03
   9.0967700000000000E+08   6.6700175326271658E+05   9.3583546871454854E-11   2.3327686444264174E-22   4.8636847597105152E+03
   9.1167700000000000E+08   6.7417543618773588E+05   9.2293029136315109E-11   2.2976689253712195E-22   4.8698887011817087E+03
   9.1367700000000000E+08   6.8133031179666682E+05   9.1025983504456920E-11   2.2633213967560541E-22   4.8759218609331429E+03
   9.1567700000000000E+08   6.8846602791927278E+05   8.9781831774555255E-11   2.2297039736494631E-22   4.8817871550661730E+03
   9.1767700000000000E+08   6.9558216039728909E+05   8.8560023204794109E-11   2.1967955990612795E-22   4.8874874826125888E+03
   9.1967700000000000E+08   7.0267808011027635E+05   8.7360045349078247E-11   2.1645764956514041E-22   4.8930257223953467E+03
   9.2167700000000000E+08   7.0975285208886606E+05   8.6181431026079569E-11   2.1330283226131235E-22   4.8984047255960922E+03
   9.2367700000000000E+08   7.1680526618623303E+05   8.5023752860121997E-11   2.1021340270432649E-22   4.9036273033211719E+03
   9.2567700000000000E+08   7.2383405976570444E+05   8.3886601006403518E-11   2.0718772821771863E-22   4.9086962123511257E+03
   9.2767700000000000E+08   7.3083825242024811E+05   8.2769552438196515E-11   2.0422417179702913E-22   4.9136141485765047E+03
   9.2967700000000000E+08   7.3781736410249467E+05   8.1672152216263478E-11   2.0132104437598192E-22   4.9183837603392130E+03
   9.3167700000000000E+08   7.4477136754005135E+05   8.0593917883496460E-11   1.9847661372697458E-22   4.9230076780980316E+03
   9.3367700000000000E+08   7.5170053189656988E+05   7.9534350921148485E-11   1.9568913073542692E-22   4.9274885455134436E+03
   9.3567700000000000E+08   7.5860566494571557E+05   7.8492899462361953E-11   1.9295673613142471E-22   4.9318290425395617E+03
   9.3767700000000000E+08   7.6548956077037635E+05   7.7468775492766072E-11   1.9027701225596690E-22   4.9360318597682781E+03
   9.3967700000000000E+08   7.7235954689179547E+05   7.6460658261040202E-11   1.8764625889020922E-22   4.9400996406345666E+03
   9.4167700000000000E+08   7.7922841876469005E+05   7.5466640127907776E-11   1.8505936054969261E-22   4.9440350869766507E+03
   9.4367700000000000E+08   7.8611031415484776E+05   7.4484795566815995E-11   1.8251117157094412E-22   4.9478413246281843E+03
   9.4567700000000000E+08   7.9301250819893519E+05   7.3514152742347883E-11   1.7999888511304767E-22   4.9515221650707972E+03
   9.4767700000000000E+08   7.9992946806478663E+05   7.2555267375472732E-11   1.7752344047394363E-22   4.9550817856793237E+03
   9.4967700000000000E+08   8.0684438937199209E+05   7.1609878067135742E-11   1.7508869358647142E-22   4.9585239846689165E+03
   9.5167700000000000E+08   8.1373744105486386E+05   7.0679886789087065E-11   1.7269895087140655E-22   4.9618511552733926E+03
   9.5367700000000000E+08   8.2059819610998349E+05   6.9766855230074351E-11   1.7035764539340426E-22   4.9650669033948370E+03
   9.5567700000000000E+08   8.2738231524621323E+05   6.8873987352595854E-11   1.6807258710053129E-22   4.9681640477782648E+03
   9.5767700000000000E+08   8.3403680020420381E+05   6.8006397635821090E-11   1.6585518223585804E-22   4.9711665191047186E+03
   9.5967700000000000E+08   8.4063567397823767E+05   6.7155714228800159E-11   1.6368568617941944E-22   4.9740466647895246E+03
   9.6167700000000000E+08   8.4719753186325857E+05   6.6319723377733150E-11   1.6155797219139921E-22   4.9768196028894017E+03
   9.6367700000000000E+08   8.5372847309242527E+05   6.5497515206046943E-11   1.5946958185721318E-22   4.9794864534246199E+03
   9.6567700000000000E+08   8.6023017404938664E+05   6.4688646425876348E-11   1.5741919279334698E-22   4.9820487066238702E+03
   9.6767700000000000E+08   8.6670310865360103E+05   6.3892799644548263E-11   1.5540578539732366E-22   4.9845082846668311E+03
   9.6967700000000000E+08   8.7314740172662062E+05   6.3109697066115837E-11   1.5342844275583425E-22   4.9868672180182002E+03
   9.7167700000000000E+08   8.7956306448239414E+05   6.2339078895852875E-11   1.5148630096759731E-22   4.9891275409937798E+03
   9.7367700000000000E+08   8.8595007385738729E+05   6.1580696065776753E-11   1.4957853177074665E-22   4.9912912673213314E+03
   9.7567700000000000E+08   8.9230840416217805E+05   6.0834306903011312E-11   1.4770433418840086E-22   4.9933603848097573E+03
   9.7767700000000000E+08   8.9863803996128973E+05   6.0099675615611391E-11   1.4586293049089123E-22   4.9953368541744867E+03
   9.7967700000000000E+08   9.0493898062856263E+05   5.9376571735487019E-11   1.4405356447603940E-22   4.9972226088045809E+03
   9.8167700000000000E+08   9.1121124124902370E+05   5.8664769969212346E-11   1.4227550075018513E-22   4.9990195547678650E+03
   9.8367700000000000E+08   9.1745485168848233E+05   5.7964050188043057E-11   1.4052802435811001E-22   5.0007295709689279E+03
   9.8567700000000000E+08   9.2366985478452430E+05   5.7274197443444294E-11   1.3881044048788719E-22   5.0023545093626617E+03
   9.8767700000000000E+08   9.2985630454131472E+05   5.6595001948508641E-11   1.3712207410942245E-22   5.0038961950844214E+03
   9.8967700000000000E+08   9.3601426435089856E+05   5.5926259045367839E-11   1.3546226959461659E-22   5.0053564265035757E+03
   9.9167700000000000E+08   9.4214380379298248E+05   5.5267769285224818E-11   1.3383039062237581E-22   5.0067369753029097E+03
   9.9367700000000000E+08   9.4824499170695548E+05   5.4619338788351062E-11   1.3222582077139230E-22   5.0080395866306490E+03
   9.9567700000000000E+08   9.5431788375109772E+05   5.3980779965829823E-11   1.3064796499536964E-22   5.0092659793955991E+03
   9.9767700000000000E+08   9.6036250616458291E+05   5.3351912385580640E-11   1.2909625146044130E-22   5.0104178464243769E+03
   9.9967700000000000E+08   9.6637884139646043E+05   5.2732563288649426E-11   1.2757013254644079E-22   5.0114968545770616E+03
   1.0016770000000000E+09   9.7236682752049109E+05   5.2122566925261361E-11   1.2606908302191096E-22   5.0125046441308541E+03
   1.0036770000000000E+09   9.7832638288598135E+05   5.1521762091020217E-11   1.2459259389683564E-22   5.0134428274209558E+03
   1.0056770000000000E+09   9.8425745777856605E+05   5.0929988065872921E-11   1.2314016241788962E-22   5.0143129878795062E+03
   1.0076770000000000E+09   9.9016010440255364E+05   5.0347079898039301E-11   1.2171128047971741E-22   5.0151166797777132E+03
   1.0096770000000000E+09   9.9603454340449919E+05   4.9772864614532419E-11   1.2030542524062187E-22   5.0158554301161284E+03
   1.0116770000000000E+09   1.0018812034826232E+06   4.9207159709541854E-11   1.1892205518660241E-22   5.0165307435326304E+03
   1.0136770000000000E+09   1.0077007304690864E+06   4.8649773858564562E-11   1.1756061166304322E-22   5.0171441039621996E+03
   1.0156770000000000E+09   1.0134939439514622E+06   4.8100511364629174E-11   1.1622052937048177E-22   5.0176969787272519E+03
   1.0176770000000000E+09   1.0192617258895334E+06   4.7559180182171628E-11   1.1490125539178126E-22   5.0181908275998085E+03
   1.0196770000000000E+09   1.0250048970151453E+06   4.7025599454298905E-11   1.1360226728323552E-22   5.0186271016078526E+03
   1.0216770000000000E+09   1.0307241175689818E+06   4.6499604962930999E-11   1.1232308619685758E-22   5.0190072384013038E+03
   1.0236770000000000E+09   1.0364198176060540E+06   4.5981052119918951E-11   1.1106328400920797E-22   5.0193326599008460E+03
   1.0256770000000000E+09   1.0420921724542928E+06   4.5469815896395036E-11   1.0982248312473359E-22   5.0196047669923028E+03
   1.0276770000000000E+09   1.0477411219031583E+06   4.4965788163936127E-11   1.0860035002406445E-22   5.0198249345856620E+03
   1.0296770000000000E+09   1.0533664218856923E+06   4.4468873401706130E-11   1.0739658484472459E-22   5.0199945079205554E+03
   1.0316770000000000E+09   1.0589677127067696E+06   4.3978983861221260E-11   1.0621090962356203E-22   5.0201148005102168E+03
   1.0336770000000000E+09   1.0645445883634025E+06   4.3496035112077154E-11   1.0504305743192826E-22   5.0201870936931373E+03
   1.0356770000000000E+09   1.0700966554929856E+06   4.3019942558402757E-11   1.0389276383474944E-22   5.0202126374624322E+03
   1.0376770000000000E+09   1.0756235758283553E+06   4.2550619157320459E-11   1.0275976124116385E-22   5.0201926521165833E+03
   1.0396770000000000E+09   1.0811250909534115E+06   4.2087974284137478E-11   1.0164377602187131E-22   5.0201283302921775E+03
   1.0416770000000000E+09   1.0866010316047184E+06   4.1631913516103073E-11   1.0054452784870586E-22   5.0200208390409625E+03
   1.0436770000000000E+09   1.0920513154949800E+06   4.1182339043158413E-11   9.9461730556237753E-23   5.0198713217418654E+03
   1.0456770000000000E+09   1.0974759379423272E+06   4.0739150429553225E-11   9.8395093860352262E-23   5.0196808997480839E+03
   1.0476770000000000E+09   1.1028749590030080E+06   4.0302245507746572E-11   9.7344325406254988E-23   5.0194506737434622E+03
   1.0496770000000000E+09   1.1082484898232734E+06   3.9871521255902701E-11   9.6309132786265284E-23   5.0191817248266425E+03
   1.0516770000000000E+09   1.1135966799139360E+06   3.9446874573676705E-11   9.5289225320403724E-23   5.0188751153624917E+03
   1.0536770000000000E+09   1.1189197062174331E+06   3.9028202919071146E-11   9.4284315508809926E-23   5.0185318896447125E+03
   1.0556770000000000E+09   1.1242177642522384E+06   3.8615404800687427E-11   9.3294120141257888E-23   5.0181530744104275E+03
   1.0576770000000000E+09   1.1294910612639980E+06   3.8208380137519098E-11   9.2318361092188875E-23   5.0177396792420905E+03
   1.0596770000000000E+09   1.1347398111341342E+06   3.7807030506463536E-11   9.1356765849199334E-23   5.0172926968861657E+03
   1.0616770000000000E+09   1.1399642307349802E+06   3.7411259299652128E-11   9.0409067827703843E-23   5.0168131035119168E+03
   1.0636770000000000E+09   1.1451645374239481E+06   3.7020971812386400E-11   8.9475006521432806E-23   5.0163018589290132E+03
   1.0656770000000000E+09   1.1503409474034351E+06   3.6636075279715523E-11   8.8554327531882359E-23   5.0157599067784722E+03
   1.0676770000000000E+09   1.1554936747174179E+06   3.6256478876540976E-11   8.7646782512320532E-23   5.0151881747076632E+03
   1.0696770000000000E+09   1.1606229306990944E+06   3.5882093693109747E-11   8.6752129054719808E-23   5.0145875745374369E+03
   1.0716770000000000E+09   1.1657289237232842E+06   3.5512832695033135E-11   8.5870130541475775E-23   5.0139590024267000E+03
   1.0736770000000000E+09   1.1708118591516900E+06   3.5148610674606549E-11   8.5000555978115900E-23   5.0133033390378487E+03
   1.0756770000000000E+09   1.1758719393889657E+06   3.4789344198206304E-11   8.4143179818417065E-23   5.0126214497047567E+03
   1.0776770000000000E+09   1.1809093639930224E+06   3.4434951552903218E-11   8.3297781789421897E-23   5.0119141846041166E+03
   1.0796770000000000E+09   1.1859243298037483E+06   3.4085352694162255E-11   8.2464146720800194E-23   5.0111823789298451E+03
   1.0816770000000000E+09   1.1909170310698156E+06   3.3740469195590420E-11   8.1642064380813112E-23   5.0104268530703848E+03
   1.0836770000000000E+09   1.1958876595637337E+06   3.3400224201106059E-11   8.0831329319725595E-23   5.0096484127882595E+03
   1.0856770000000000E+09   1.2008364046812167E+06   3.3064542379578208E-11   8.0031740720726397E-23   5.0088478494015499E+03
   1.0876770000000000E+09   1.2057634535237087E+06   3.2733349881837134E-11   7.9243102258062750E-23   5.0080259399668412E+03
   1.0896770000000000E+09   1.2106689909638618E+06   3.2406574299912478E-11   7.8465221961988742E-23   5.0071834474633497E+03
   1.0916770000000000E+09   1.2155531996941227E+06   3.2084144628351559E-11   7.7697912090122684E-23   5.0063211209777346E+03
   1.0936770000000000E+09   1.2204162602590178E+06   3.1765991227476811E-11   7.6940989004822894E-23   5.0054396958893030E+03
   1.0956770000000000E+09   1.2252583510725007E+06   3.1452045788436516E-11   7.6194273056185119E-23   5.0045398940551167E+03
   1.0976770000000000E+09   1.2300796484225825E+06   3.1142241299898483E-11   7.5457588470254225E-23   5.0036224239945741E+03
   1.0996770000000000E+09   1.2348803264662200E+06   3.0836512016232014E-11   7.4730763242031947E-23   5.0026879810731889E+03
   1.1016770000000000E+09   1.2396605572178622E+06   3.0534793427024370E-11   7.4013629032867575E-23   5.0017372476851888E+03
   1.1036770000000000E+09   1.2444205105348546E+06   3.0237022227795062E-11   7.3306021071856758E-23   5.0007708934348511E+03
   1.1056770000000000E+09   1.2491603541024914E+06   2.9943136291786633E-11   7.2607778060914636E-23   4.9997895753163648E+03
   1.1076770000000000E+09   1.2538802534206749E+06   2.9653074642736080E-11   7.1918742083251108E-23   4.9987939378920892E+03
   1.1096770000000000E+09   1.2585803717932564E+06   2.9366777428552199E-11   7.1238758515026039E-23   4.9977846134692936E+03
   1.1116770000000000E+09   1.2632608703203269E+06   2.9084185895842187E-11   7.0567675940011493E-23   4.9967622222751788E+03
   1.1136770000000000E+09   1.2679219078930314E+06   2.8805242365244816E-11   6.9905346067120299E-23   4.9957273726302064E+03
   1.1156770000000000E+09   1.2725636411899792E+06   2.8529890207536325E-11   6.9251623650684703E-23   4.9946806611196471E+03
   1.1176770000000000E+09   1.2771862246740607E+06   2.8258073820480695E-11   6.8606366413383379E-23   4.9936226727632793E+03
   1.1196770000000000E+09   1.2817898105883070E+06   2.7989738606400397E-11   6.7969434971726090E-23   4.9925539811832641E+03
   1.1216770000000000E+09   1.2863745489495404E+06   2.7724830950442145E-11   6.7340692764006719E-23   4.9914751487699132E+03
   1.1236770000000000E+09   1.2909405875386356E+06   2.7463298199516315E-11   6.6720005980641372E-23   4.9903867268454642E+03
   1.1256770000000000E+09   1.2954880718864370E+06   2.7205088641887955E-11   6.6107243496811518E-23   4.9892892558256981E+03
   1.1276770000000000E+09   1.3000171452547584E+06   2.6950151487394305E-11   6.5502276807325049E-23   4.9881832653792753E+03
   1.1296770000000000E+09   1.3045279486121128E+06   2.6698436848266788E-11   6.4904979963615498E-23   4.9870692745847864E+03
   1.1316770000000000E+09   1.3090206206042888E+06   2.6449895720530643E-11   6.4315229512790173E-23   4.9859477920853797E+03
   1.1336770000000000E+09   1.3134952975202892E+06   2.6204479965952818E-11   6.3732904438632359E-23   4.9848193162408925E+03
   1.1356770000000000E+09   1.3179521132545180E+06   2.5962142294508276E-11   6.3157886104460545E-23   4.9836843352775422E+03
   1.1376770000000000E+09   1.3223911992666437E+06   2.5722836247326388E-11   6.2590058197731598E-23   4.9825433274349461E+03
   1.1396770000000000E+09   1.3268126845409216E+06   2.5486516180078915E-11   6.2029306676270170E-23   4.9813967611106382E+03
   1.1416770000000000E+09   1.3312166955472424E+06   2.5253137246764916E-11   6.1475519715995408E-23   4.9802450950020057E+03
   1.1436770000000000E+09   1.3356033562065724E+06   2.5022655383843818E-11   6.0928587660005844E-23   4.9790887782456384E+03
   1.1456770000000000E+09   1.3399727878637880E+06   2.4795027294666691E-11   6.0388402968878608E-23   4.9779282505542969E+03
   1.1476770000000000E+09   1.3443251092712830E+06   2.4570210434150828E-11   5.9854860172031486E-23   4.9767639423513901E+03
   1.1496770000000000E+09   1.3486604365868384E+06   2.4348162993646802E-11   5.9327855820001250E-23   4.9755962749033142E+03
   1.1516770000000000E+09   1.3529788833894476E+06   2.4128843885944650E-11   5.8807288437490464E-23   4.9744256604496641E+03
   1.1536770000000000E+09   1.3572805607167545E+06   2.3912212730371257E-11   5.8293058477045726E-23   4.9732525023315584E+03
   1.1556770000000000E+09   1.3615655771275510E+06   2.3698229837937953E-11   5.7785068273247836E-23   4.9720771951183578E+03
   1.1576770000000000E+09   1.3658340387924882E+06   2.3486856196503435E-11   5.7283221997310391E-23   4.9709001247329734E+03
   1.1596770000000000E+09   1.3700860496155662E+06   2.3278053455930208E-11   5.6787425612014240E-23   4.9697216685761323E+03
   1.1616770000000000E+09   1.3743217113883016E+06   2.3071783913222976E-11   5.6297586826932639E-23   4.9685421956498194E+03
   1.1636770000000000E+09   1.3785411239774586E+06   2.2868010497654781E-11   5.5813615053942675E-23   4.9673620666802944E+03
   1.1656770000000000E+09   1.3827443855461515E+06   2.2666696755901441E-11   5.5335421363056263E-23   4.9661816342410330E+03
   1.1676770000000000E+09   1.3869315928068487E+06   2.2467806837221000E-11   5.4862918438646028E-23   4.9650012428757891E+03
   1.1696770000000000E+09   1.3911028413033527E+06   2.2271305478734461E-11   5.4396020536186399E-23   4.9638212292222679E+03
   1.1716770000000000E+09   1.3952582257174235E+06   2.2077157990877252E-11   5.3934643439667668E-23   4.9626419221365431E+03
   1.1736770000000000E+09   1.3993978401942314E+06   2.1885330243106366E-11   5.3478704419878179E-23   4.9614636428184858E+03
   1.1756770000000000E+09   1.4035217786794500E+06   2.1695788649959850E-11   5.3028122193779229E-23   4.9602867049384286E+03
   1.1776770000000000E+09   1.4076301352596525E+06   2.1508500157571139E-11   5.2582816885215208E-23   4.9591114147651288E+03
   1.1796770000000000E+09   1.4117230044967511E+06   2.1323432230744059E-11   5.2142709987209431E-23   4.9579380712950988E+03
   1.1816770000000000E+09   1.4158004817466878E+06   2.1140552840690766E-11   5.1707724326091384E-23   4.9567669663831566E+03
   1.1836770000000000E+09   1.4198626634524127E+06   2.0959830453527346E-11   5.1277784027681430E-23   4.9555983848741762E+03
   1.1856770000000000E+09   1.4239096474015575E+06   2.0781234019606090E-11   5.0852814485724915E-23   4.9544326047356990E+03
   1.1876770000000000E+09   1.4279415329399966E+06   2.0604732963745291E-11   5.0432742332722989E-23   4.9532698971911095E+03
   1.1896770000000000E+09   1.4319584211337250E+06   2.0430297176393452E-11   5.0017495413250197E-23   4.9521105268529882E+03
   1.1916770000000000E+09   1.4359604148731893E+06   2.0257897005737823E-11   4.9607002759784053E-23   4.9509547518561276E+03
   1.1936770000000000E+09   1.4399476189161364E+06   2.0087503250739735E-11   4.9201194571005103E-23   4.9498028239896648E+03
   1.1956770000000000E+09   1.4439201398672783E+06   1.9919087155050870E-11   4.8800002192455071E-23   4.9486549888279151E+03
   1.1976770000000000E+09   1.4478780860953594E+06   1.9752620401737438E-11   4.8403358099377221E-23   4.9475114858591296E+03
   1.1996770000000000E+09   1.4518215675904502E+06   1.9588075108717505E-11   4.8011195881504994E-23   4.9463725486118665E+03
   1.2016770000000000E+09   1.4557506957664806E+06   1.9425423824795400E-11   4.7623450229516439E-23   4.9452384047782052E+03
   1.2036770000000000E+09   1.4596655832158201E+06   1.9264639526165861E-11   4.7240056922838201E-23   4.9441092763336355E+03
   1.2056770000000000E+09   1.4635663434243351E+06   1.9105695613249733E-11   4.6860952818459556E-23   4.9429853796530115E+03
   1.2076770000000000E+09   1.4674530904565221E+06   1.8948565907721727E-11   4.6486075840409146E-23   4.9418669256224312E+03
   1.2096770000000000E+09   1.4713259386210823E+06   1.8793224649592500E-11   4.6115364969552206E-23   4.9407541197466871E+03
   1.2116770000000000E+09   1.4751850021277028E+06   1.8639646494215409E-11   4.5748760233382294E-23   4.9396471622523668E+03
   1.2136770000000000E+09   1.4790303947457366E+06   1.8487806509099393E-11   4.5386202695510329E-23   4.9385462481863760E+03
   1.2156770000000000E+09   1.4828622294750742E+06   1.8337680170425165E-11   4.5027634444588644E-23   4.9374515675101275E+03
   1.2176770000000000E+09   1.4866806182386731E+06   1.8189243359180391E-11   4.4672998582453589E-23   4.9363633051894985E+03
   1.2196770000000000E+09   1.4904856716050403E+06   1.8042472356849948E-11   4.4322239211321298E-23   4.9352816412806269E+03
   1.2216770000000000E+09   1.4942774985474162E+06   1.7897343840622299E-11   4.3975301419926584E-23   4.9342067510122160E+03
   1.2236770000000000E+09   1.4980562062447655E+06   1.7753834878092897E-11   4.3632131268551648E-23   4.9331388048642557E+03
   1.2256770000000000E+09   1.5018218999275833E+06   1.7611922921473521E-11   4.3292675772952354E-23   4.9320779686438937E+03
   1.2276770000000000E+09   1.5055746827695903E+06   1.7471585801336155E-11   4.2956882887243267E-23   4.9310244035587311E+03
   1.2296770000000000E+09   1.5093146558243143E+06   1.7332801719941772E-11   4.2624701485854971E-23   4.9299782662880134E+03
   1.2316770000000000E+09   1.5130419180037936E+06   1.7195549244219701E-11   4.2296081344716499E-23   4.9289397090520524E+03
   1.2336770000000000E+09   1.5167565660950684E+06   1.7059807298476210E-11   4.1970973121846304E-23   4.9279088796804590E+03
   1.2356770000000000E+09   1.5204586948090896E+06   1.6925555156915328E-11   4.1649328337551490E-23   4.9268859216792116E+03
   1.2376770000000000E+09   1.5241483968559606E+06   1.6792772436057852E-11   4.1331099354437799E-23   4.9258709742971569E+03
   1.2396770000000000E+09   1.5278257630403254E+06   1.6661439087138467E-11   4.1016239357424121E-23   4.9248641725919297E+03
   1.2416770000000000E+09   1.5314908823709381E+06   1.6531535388552933E-11   4.0704702333934748E-23   4.9238656474954196E+03
   1.2436770000000000E+09   1.5351438421789494E+06   1.6403041938417842E-11   4.0396443054419064E-23   4.9228755258790216E+03
   1.2456770000000000E+09   1.5387847282402369E+06   1.6275939647291647E-11   4.0091417053317908E-23   4.9218939306185066E+03
   1.2476770000000000E+09   1.5424136248978891E+06   1.6150209731095728E-11   3.9789580610568332E-23   4.9209209806587742E+03
   1.2496770000000000E+09   1.5460306151817252E+06   1.6025833704261878E-11   3.9490890733713653E-23   4.9199567910780725E+03
   1.2516770000000000E+09   1.5496357809224720E+06   1.5902793373125401E-11   3.9195305140661035E-23   4.9190014731521196E+03
   1.2536770000000000E+09   1.5532292028588336E+06   1.5781070829573281E-11   3.8902782243111997E-23   4.9180551344177529E+03
   1.2556770000000000E+09   1.5568109607361793E+06   1.5660648444952921E-11   3.8613281130677040E-23   4.9171178787362296E+03
   1.2576770000000000E+09   1.5603811333960758E+06   1.5541508864240117E-11   3.8326761555670784E-23   4.9161898063560902E+03
   1.2596770000000000E+09   1.5639397988561932E+06   1.5423635000462425E-11   3.8043183918578134E-23   4.9152710139754527E+03
   1.2616770000000000E+09   1.5674870343804313E+06   1.5307010029370902E-11   3.7762509254171804E-23   4.9143615948039005E+03
   1.2636770000000000E+09   1.5710229165393026E+06   1.5191617384350675E-11   3.7484699218259152E-23   4.9134616386236457E+03
   1.2656770000000000E+09   1.5745475212607058E+06   1.5077440751560801E-11   3.7209716075032719E-23   4.9125712318500828E+03
   1.2676770000000000E+09   1.5780609238712748E+06   1.4964464065292834E-11   3.6937522684998283E-23   4.9116904575916251E+03
   1.2696770000000000E+09   1.5815631991284094E+06   1.4852671503538853E-11   3.6668082493455863E-23   4.9108193957089079E+03
   1.2716770000000000E+09   1.5850544212431216E+06   1.4742047483758423E-11   3.6401359519508378E-23   4.9099581228731131E+03
   1.2736770000000000E+09   1.5885346638936978E+06   1.4632576658836223E-11   3.6137318345575420E-23   4.9091067126235930E+03
   1.2756770000000000E+09   1.5920040002302455E+06   1.4524243913220769E-11   3.5875924107387556E-23   4.9082652354247466E+03
   1.2776770000000000E+09   1.5954625028702002E+06   1.4417034359233944E-11   3.5617142484436974E-23   4.9074337587218633E+03
   1.2796770000000000E+09   1.5989102438848924E+06   1.4310933333542420E-11   3.5360939690858187E-23   4.9066123469963622E+03
   1.2816770000000000E+09   1.6023472947774967E+06   1.4205926393777572E-11   3.5107282466709160E-23   4.9058010618198232E+03
   1.2836770000000000E+09   1.6057737264525455E+06   1.4101999315294832E-11   3.4856138069625453E-23   4.9049999619073305E+03
   1.2856770000000000E+09   1.6091896091774644E+06   1.3999138088058359E-11   3.4607474266815083E-23   4.9042091031696555E+03
   1.2876770000000000E+09   1.6125950125364079E+06   1.3897328913640818E-11   3.4361259327365723E-23   4.9034285387645368E+03
   1.2896770000000000E+09   1.6159900053767669E+06   1.3796558202326262E-11   3.4117462014834918E-23   4.9026583191468817E+03
   1.2916770000000000E+09   1.6193746557485578E+06   1.3696812570306507E-11   3.3876051580098021E-23   4.9018984921179390E+03
   1.2936770000000000E+09   1.6227490308367154E+06   1.3598078836963019E-11   3.3636997754433472E-23   4.9011491028733935E+03
   1.2956770000000000E+09   1.6261131968860892E+06   1.3500344022228683E-11   3.3400270742829783E-23   4.9004101940504743E+03
   1.2976770000000000E+09   1.6294672191187085E+06   1.3403595344025709E-11   3.3165841217504915E-23   4.8996818057739338E+03
   1.2996770000000000E+09   1.6328111616426837E+06   1.3307820215778985E-11   3.2933680311633389E-23   4.8989639757011955E+03
   1.3016770000000000E+09   1.6361450873524244E+06   1.3213006244001654E-11   3.2703759613271814E-23   4.8982567390667346E+03
   1.3036770000000000E+09   1.6394690578207071E+06   1.3119141225944540E-11   3.2476051159460521E-23   4.8975601287257941E+03
   1.3056770000000000E+09   1.6427831331851140E+06   1.3026213147287965E-11   3.2250527430446163E-23   4.8968741751976404E+03
   1.3076770000000000E+09   1.6460873720347597E+06   1.2934210179831889E-11   3.2027161343913446E-23   4.8961989067086379E+03
   1.3096770000000000E+09   1.6493818313082457E+06   1.2843120679106724E-11   3.1805926249034595E-23   4.8955343492349029E+03
   1.3116770000000000E+09   1.6526665662201764E+06   1.2752933181787198E-11   3.1586795920044410E-23   4.8948805265445053E+03
   1.3136770000000000E+09   1.6559416302405931E+06   1.2663636402747846E-11   3.1369744548944331E-23   4.8942374602385289E+03
   1.3156770000000000E+09   1.6592070751575741E+06   1.2575219231566790E-11   3.1154746736859633E-23   4.8936051697902094E+03
   1.3176770000000000E+09   1.6624629512555047E+06   1.2487670728279465E-11   3.0941777483564285E-23   4.8929836725808727E+03
   1.3196770000000000E+09   1.6657093076368533E+06   1.2400980118228087E-11   3.0730812174793780E-23   4.8923729839317994E+03
   1.3216770000000000E+09   1.6689461927008647E+06   1.2315136785961690E-11   3.0521826567234459E-23   4.8917731171313944E+03
   1.3236770000000000E+09   1.6721736547664858E+06   1.2230130268326025E-11   3.0314796771524857E-23   4.8911840834586901E+03
   1.3256770000000000E+09   1.6753917427907120E+06   1.2145950247123880E-11   3.0109699234192323E-23   4.8906058922060183E+03
   1.3276770000000000E+09   1.6786005070929585E+06   1.2062586541984421E-11   2.9906510720076073E-23   4.8900385507059664E+03
   1.3296770000000000E+09   1.6817999999617925E+06   1.1980029104277641E-11   2.9705208297272064E-23   4.8894820643691246E+03
   1.3316770000000000E+09   1.6849902760062751E+06   1.1898268012959417E-11   2.9505769326760512E-23   4.8889364367393418E+03
   1.3336770000000000E+09   1.6881713921340443E+06   1.1817293473046384E-11   2.9308171458439388E-23   4.8884016695697073E+03
   1.3356770000000000E+09   1.6913434070991036E+06   1.1737095816972192E-11   2.9112392634212505E-23   4.8878777629168617E+03
   1.3376770000000000E+09   1.6945063806588994E+06   1.1657665508415432E-11   2.8918411097189500E-23   4.8873647152428130E+03
   1.3396770000000000E+09   1.6976603724906931E+06   1.1578993147481245E-11   2.8726205404335177E-23   4.8868625235062618E+03
   1.3416770000000000E+09   1.7008054411060265E+06   1.1501069475597876E-11   2.8535754438622488E-23   4.8863711832225263E+03
   1.3436770000000000E+09   1.7039416430297373E+06   1.1423885378408175E-11   2.8347037416498218E-23   4.8858906884770222E+03
   1.3456770000000000E+09   1.7070690324506939E+06   1.1347431885426427E-11   2.8160033887599546E-23   4.8854210318911400E+03
   1.3476770000000000E+09   1.7101876614093222E+06   1.1271700166228235E-11   2.7974723726017753E-23   4.8849622045595897E+03
   1.3496770000000000E+09   1.7132975804048011E+06   1.1196681524126347E-11   2.7791087115260316E-23   4.8845141959944904E+03
   1.3516770000000000E+09   1.7163988391539627E+06   1.1122367389183083E-11   2.7609104531284544E-23   4.8840769941150129E+03
   1.3536770000000000E+09   1.7194914871855143E+06   1.1048749312589705E-11   2.7428756728522203E-23   4.8836505853061681E+03
   1.3556770000000000E+09   1.7225755740410548E+06   1.0975818963743172E-11   2.7250024732264310E-23   4.8832349545384668E+03
   1.3576770000000000E+09   1.7256511490471922E+06   1.0903568130047892E-11   2.7072889837720143E-23   4.8828300855076932E+03
   1.3596770000000000E+09   1.7287182608302203E+06   1.0831988718183156E-11   2.6897333612942361E-23   4.8824359607383467E+03
   1.3616770000000000E+09   1.7317769568575814E+06   1.0761072754988045E-11   2.6723337901242641E-23   4.8820525616101959E+03
   1.3636770000000000E+09   1.7348272832455586E+06   1.0690812386549031E-11   2.6550884819555683E-23   4.8816798683094448E+03
   1.3656770000000000E+09   1.7378692848965514E+06   1.0621199875274472E-11   2.6379956751938454E-23   4.8813178597519354E+03
   1.3676770000000000E+09   1.7409030058309741E+06   1.0552227595954975E-11   2.6210536340323727E-23   4.8809665135441628E+03
   1.3696770000000000E+09   1.7439284894838175E+06   1.0483888032274126E-11   2.6042606475956389E-23   4.8806258060229356E+03
   1.3716770000000000E+09   1.7469457788005790E+06   1.0416173774690628E-11   2.5876150293894471E-23   4.8802957123597025E+03
   1.3736770000000000E+09   1.7499549161355849E+06   1.0349077519514224E-11   2.5711151170465804E-23   4.8799762066696439E+03
   1.3756770000000000E+09   1.7529559430974417E+06   1.0282592068189365E-11   2.5547592721553626E-23   4.8796672620641975E+03
   1.3776770000000000E+09   1.7559489004971480E+06   1.0216710325868034E-11   2.5385458799490740E-23   4.8793688506324688E+03
   1.3796770000000000E+09   1.7589338284387810E+06   1.0151425299149484E-11   2.5224733488024113E-23   4.8790809433935692E+03
   1.3816770000000000E+09   1.7619107664577733E+06   1.0086730093653830E-11   2.5065401096700154E-23   4.8788035102781905E+03
   1.3836770000000000E+09   1.7648797535685445E+06   1.0022617912217285E-11   2.4907446156565397E-23   4.8785365201531513E+03
   1.3856770000000000E+09   1.7678408281363326E+06   9.9590820539937011E-12   2.4750853418248165E-23   4.8782799408203464E+03
   1.3876770000000000E+09   1.7707940275032807E+06   9.8961159144243074E-12   2.4595607853104594E-23   4.8780337388348462E+03
   1.3896770000000000E+09   1.7737393870446815E+06   9.8337129870238540E-12   2.4441694661129455E-23   4.8777978788662085E+03
   1.3916770000000000E+09   1.7766769374594754E+06   9.7718668716289060E-12   2.4289099299853364E-23   4.8775723220465688E+03
   1.3936770000000000E+09   1.7796066968783271E+06   9.7105713031971224E-12   2.4137807574913934E-23   4.8773570221179789E+03
   1.3956770000000000E+09   1.7825286490696617E+06   9.6498202384415629E-12   2.3987805895566357E-23   4.8771519171360915E+03
   1.3976770000000000E+09   1.7854426870765588E+06   9.5896080921801440E-12   2.3839081938625114E-23   4.8769569134630974E+03
   1.3996770000000000E+09   1.7883484773369248E+06   9.5299303313657535E-12   2.3691626247975133E-23   4.8767718596577815E+03
   1.4016770000000000E+09   1.7912451573639708E+06   9.4707848450845516E-12   2.3545435784056819E-23   4.8765965151667242E+03
   1.4036770000000000E+09   1.7941307254197730E+06   9.4121748006258217E-12   2.3400521064567613E-23   4.8764305395886286E+03
   1.4056770000000000E+09   1.7970009526919923E+06   9.3541138861009361E-12   2.3256918836736177E-23   4.8762735661607676E+03
   1.4076770000000000E+09   1.7998477562524765E+06   9.2966343759224641E-12   2.3114710918858339E-23   4.8761254576303572E+03
   1.4096770000000000E+09   1.8026574004444520E+06   9.2397963305258344E-12   2.2974044796251453E-23   4.8759867983029844E+03
   1.4116770000000000E+09   1.8054097797839171E+06   9.1836916196790025E-12   2.2835141250403017E-23   4.8758594247113579E+03
   1.4136770000000000E+09   1.8080810627480978E+06   9.1284308245310304E-12   2.2698262504814431E-23   4.8757463107401500E+03
   1.4156770000000000E+09   1.8106518433061759E+06   9.0741013847486780E-12   2.2563616248074286E-23   4.8756498507057549E+03
   1.4176770000000000E+09   1.8131196741604474E+06   9.0207028515782672E-12   2.2431209369582039E-23   4.8755686333099438E+03
   1.4196770000000000E+09   1.8155085330869495E+06   8.9681000058350057E-12   2.2300739050709359E-23   4.8754956465626001E+03
   1.4216770000000000E+09   1.8178646596750964E+06   8.9160517890638180E-12   2.2171645035583223E-23   4.8754224381278418E+03
   1.4236770000000000E+09   1.8202379117354783E+06   8.8643178451153582E-12   2.2043333107000007E-23   4.8753482463551754E+03
   1.4256770000000000E+09   1.8226669769819377E+06   8.8127343438329726E-12   2.1915354228690776E-23   4.8752823218964204E+03
   1.4276770000000000E+09   1.8251880359227236E+06   8.7611474557122046E-12   2.1787306463928626E-23   4.8752291526283452E+03
   1.4296770000000000E+09   1.8278566684466247E+06   8.7092576708268967E-12   2.1658573698225016E-23   4.8751599912585307E+03
   1.4316770000000000E+09   1.8306978592802351E+06   8.6568982598617622E-12   2.1528905655288936E-23   4.8750373258944828E+03
   1.4336770000000000E+09   1.8341959386622971E+06   8.5999608123166948E-12   2.1392688903962173E-23   4.8738109906471163E+03
   1.4356770000000000E+09   1.8344974017115997E+06   8.5628004467953958E-12   2.1294708871500090E-23   4.8750795001548968E+03
   6.5767700000000000E+08  -3.2084935237721033E+03   1.1161845907697226E-14   4.6888460974621800E-25   1.1460464374325859E+03
   6.5967700000000000E+08  -3.1985157213176331E+03   1.8652757147299999E-14   7.5509978780456836E-25   1.1892436975568760E+03
   6.6167700000000000E+08  -3.1222533494993845E+03   3.0262011555630549E-14   1.1939193017245132E-24   1.2202673472497283E+03
   6.6367700000000000E+08  -2.9752500209319178E+03   4.8153029274475284E-14   1.8657845591828864E-24   1.2424939700285011E+03
   6.6567700000000000E+08  -2.7373279234560505E+03   7.5750524042889408E-14   2.8961619903452476E-24   1.2592007190381305E+03
   6.6767700000000000E+08  -2.4848156492768962E+03   1.1855241460970094E-13   4.4854583003478181E-24   1.2724354240812288E+03
   6.6967700000000000E+08  -2.2369655493636756E+03   1.8545315580778698E-13   6.9578921390010627E-24   1.2831833235644015E+03
   6.7167700000000000E+08  -1.9525792058391780E+03   2.9001296785191398E-13   1.0813399267293042E-23   1.2911816628768347E+03
   6.7367700000000000E+08  -1.5375828162611508E+03   4.4949719774486503E-13   1.6702746907278072E-23   1.2956009538099447E+03
   6.7567700000000000E+08  -9.2281367831062016E+02   6.7891540390293183E-13   2.5210771257047381E-23   1.2964677002602732E+03
   6.7767700000000000E+08  -1.2386356326157167E+02   9.8090590731411512E-13   3.6462057059564160E-23   1.2951448844076206E+03
   6.7967700000000000E+08   7.8189119670239359E+02   1.3382425083326465E-12   4.9805096403553157E-23   1.2935797446997126E+03
   6.8167700000000000E+08   1.7156463601448841E+03   1.7163810841495750E-12   6.3868925135052618E-23   1.2937676365522566E+03
   6.8367700000000000E+08   2.6244879296452832E+03   2.0761086437639699E-12   7.6994128035176769E-23   1.2981492971841490E+03
   6.8567700000000000E+08   3.4825941665067230E+03   2.3884882269838669E-12   8.7741172244582276E-23   1.3105447150853915E+03
   6.8767700000000000E+08   4.2634816418948521E+03   2.6431631604071858E-12   9.5224595408992705E-23   1.3363093507898432E+03
   6.8967700000000000E+08   4.9176508042179521E+03   2.8462700726850189E-12   9.9250251908847494E-23   1.3806279447879042E+03
   6.9167700000000000E+08   5.4090357099580269E+03   3.0116820304781982E-12   1.0031790412433030E-22   1.4453160930386834E+03
   6.9367700000000000E+08   5.7632259005496899E+03   3.1494094677746821E-12   9.9241589437478330E-23   1.5278038086825268E+03
   6.9567700000000000E+08   6.0757588453904718E+03   3.2631625849817232E-12   9.6836695449855860E-23   1.6222990837607138E+03
   6.9767700000000000E+08   6.4839148040869404E+03   3.3534069800916519E-12   9.3742521844550975E-23   1.7221929306898639E+03
   6.9967700000000000E+08   7.1254195743887249E+03   3.4205584797281697E-12   9.0380138009631044E-23   1.8220327985093165E+03
   7.0167700000000000E+08   8.1077314496311365E+03   3.4663091116710240E-12   8.6996681119690058E-23   1.9182127565052310E+03
   7.0367700000000000E+08   9.4941995298090387E+03   3.4934250994927428E-12   8.3724375525363116E-23   2.0087768287540084E+03
   7.0567700000000000E+08   1.1302638953205585E+04   3.5050210994630392E-12   8.0624963581287988E-23   2.0929231224472969E+03
   7.0767700000000000E+08   1.3511391209439884E+04   3.5039492437564450E-12   7.7718116315192464E-23   2.1705395896191826E+03
   7.0967700000000000E+08   1.6069405976177057E+04   3.4924929439283674E-12   7.4999217394946972E-23   2.2418728452541463E+03
   7.1167700000000000E+08   1.8907633101393832E+04   3.4723204029900520E-12   7.2450812465895914E-23   2.3073246352053429E+03
   7.1367700000000000E+08   2.1949850295763630E+04   3.4445869787211566E-12   7.0050046981932238E-23   2.3673414130649408E+03
   7.1567700000000000E+08   2.5118816977483806E+04   3.4100699395628913E-12   6.7773025816668906E-23   2.4223594144989584E+03
   7.1767700000000000E+08   2.8341160196429384E+04   3.3692922582571541E-12   6.5597205178956792E-23   2.4727802229760541E+03
   7.1967700000000000E+08   3.1553087940784302E+04   3.3226537194094602E-12   6.3503148849197997E-23   2.5189641841704806E+03
   7.2167700000000000E+08   3.4702295082459677E+04   3.2705363627753892E-12   6.1475444739566453E-23   2.5612352696930425E+03
   7.2367700000000000E+08   3.7748344310279637E+04   3.2133587371086915E-12   5.9502703835210078E-23   2.5998882586294667E+03
   7.2567700000000000E+08   4.0662427075670930E+04   3.1516021571388632E-12   5.7577226789262707E-23   2.6351953574247700E+03
   7.2767700000000000E+08   4.3426532070184468E+04   3.0858173339790996E-12   5.5694496465174889E-23   2.6674120165010909E+03
   7.2967700000000000E+08   4.6032234510118833E+04   3.0166167057858960E-12   5.3852580806604333E-23   2.6967816326262869E+03
   7.3167700000000000E+08   4.8479226066793140E+04   2.9446570218455080E-12   5.2051505282355721E-23   2.7235389786107635E+03
   7.3367700000000000E+08   5.0773688484654915E+04   2.8706161156720877E-12   5.0292638939936812E-23   2.7479122816328072E+03
   7.3567700000000000E+08   5.2926621838021849E+04   2.7951675084686915E-12   4.8578131153881863E-23   2.7701239819510456E+03
   7.3767700000000000E+08   5.4952240414330394E+04   2.7189561416891756E-12   4.6910429930288091E-23   2.7903903404784255E+03
   7.3967700000000000E+08   5.6866537030983025E+04   2.6425778634278832E-12   4.5291902546919357E-23   2.8089201872111485E+03
   7.4167700000000000E+08   5.8686092034166213E+04   2.5665643544132707E-12   4.3724566737702813E-23   2.8259131761056724E+03
   7.4367700000000000E+08   6.0427162348602251E+04   2.4913741483378869E-12   4.2209928079541000E-23   2.8415579174641562E+03
   7.4567700000000000E+08   6.2105050029618178E+04   2.4173894483334513E-12   4.0748908685754538E-23   2.8560303011282899E+03
   7.4767700000000000E+08   6.3733719831474242E+04   2.3449177803735030E-12   3.9341846339766735E-23   2.8694922277273272E+03
   7.4967700000000000E+08   6.5325618072698147E+04   2.2741971891768927E-12   3.7988541635585186E-23   2.8820908577459713E+03
   7.5167700000000000E+08   6.6891639481975639E+04   2.2054036441131858E-12   3.6688332712523120E-23   2.8939583927810249E+03
   7.5367700000000000E+08   6.8441192095803912E+04   2.1386594887760095E-12   3.5440181274367858E-23   2.9052123335442693E+03
   7.5567700000000000E+08   6.9982318851518547E+04   2.0740420368482991E-12   3.4242758360356936E-23   2.9159561187464706E+03
   7.5767700000000000E+08   7.1521844957232257E+04   2.0115917052051957E-12   3.3094522765475414E-23   2.9262800345837600E+03
   7.5967700000000000E+08   7.3065530094653077E+04   1.9513193299776997E-12   3.1993788548602514E-23   2.9362622891144592E+03
   7.6167700000000000E+08   7.4618212772678075E+04   1.8932125083358496E-12   3.0938780567982306E-23   2.9459701616453194E+03
   7.6367700000000000E+08   7.6183940292909843E+04   1.8372409445846865E-12   2.9927678540653005E-23   2.9554611577906858E+03
   7.6567700000000000E+08   7.7766081936072078E+04   1.7833608620325746E-12   2.8958650944661971E-23   2.9647841215064395E+03
   7.6767700000000000E+08   7.9367425506900501E+04   1.7315185847529256E-12   2.8029880397888497E-23   2.9739802734457453E+03
   7.6967700000000000E+08   8.0990258723723731E+04   1.6816534086043222E-12   2.7139582151246676E-23   2.9830841592850602E+03
   7.7167700000000000E+08   8.2636437504027432E+04   1.6336998793141101E-12   2.6286017173289455E-23   2.9921245021045661E+03
   7.7367700000000000E+08   8.4307443289378687E+04   1.5875895848660300E-12   2.5467501075236425E-23   3.0011249599290177E+03
   7.7567700000000000E+08   8.6004431391985476E+04   1.5432525550568919E-12   2.4682409888281003E-23   3.0101047938307261E+03
   7.7767700000000000E+08   8.7728272073238302E+04   1.5006183460422374E-12   2.3929183488841272E-23   3.0190794542807525E+03
   7.7967700000000000E+08   8.9479585766207194E+04   1.4596168736672755E-12   2.3206327284520761E-23   3.0280610943343313E+03
   7.8167700000000000E+08   9.1258773573919927E+04   1.4201790471311393E-12   2.2512412625993538E-23   3.0370590182524616E+03
   7.8367700000000000E+08   9.3066043933033361E+04   1.3822372442585325E-12   2.1846076294735141E-23   3.0460800736609276E+03
   7.8567700000000000E+08   9.4901436133481940E+04   1.3457256612573313E-12   2.1206019328361494E-23   3.0551289945868316E+03
   7.8767700000000000E+08   9.6764841226641758E+04   1.3105805630940580E-12   2.0591005378880909E-23   3.0642087018556308E+03
   7.8967700000000000E+08   9.8656020731987272E+04   1.2767404552536793E-12   1.9999858749497653E-23   3.0733205664804182E+03
   7.9167700000000000E+08   1.0057462345875210E+05   1.2441461934067420E-12   1.9431462218643522E-23   3.0824646408841159E+03
   7.9367700000000000E+08   1.0252020068870955E+05   1.2127410441582390E-12   1.8884754732424180E-23   3.0916398620908622E+03
   7.9567700000000000E+08   1.0449221991360979E+05   1.1824707074090736E-12   1.8358729026180887E-23   3.1008442304123582E+03
   7.9767700000000000E+08   1.0649007728175826E+05   1.1532833087697172E-12   1.7852429220538981E-23   3.1100749666356392E+03
   7.9967700000000000E+08   1.0851310887933642E+05   1.1251293688054992E-12   1.7364948425779213E-23   3.1193286502821120E+03
   8.0167700000000000E+08   1.1056060095070282E+05   1.0979617545696998E-12   1.6895426379633175E-23   3.1286013411434601E+03
   8.0367700000000000E+08   1.1263179914609500E+05   1.0717356178209929E-12   1.6443047136944911E-23   3.1378886859970808E+03
   8.0567700000000000E+08   1.1472591687337722E+05   1.0464083234693950E-12   1.6007036824531096E-23   3.1471860121521349E+03
   8.0767700000000000E+08   1.1684214282161251E+05   1.0219393711058734E-12   1.5586661470626709E-23   3.1564884092675065E+03
   8.0967700000000000E+08   1.1897964771744543E+05   9.9829031191187273E-13   1.5181224915245617E-23   3.1657908007077262E+03
   8.1167700000000000E+08   1.2113759036998746E+05   9.7542466278930436E-13   1.4790066805399024E-23   3.1750880055553562E+03
   8.1367700000000000E+08   1.2331512305558234E+05   9.5330781917976966E-13   1.4412560677263345E-23   3.1843747922731759E+03
   8.1567700000000000E+08   1.2551139629033714E+05   9.3190696773635830E-13   1.4048112125932368E-23   3.1936459249026652E+03
   8.1767700000000000E+08   1.2772556303515543E+05   9.1119099976206971E-13   1.3696157062277412E-23   3.2028962025928854E+03
   8.1967700000000000E+08   1.2995678237541842E+05   8.9113042612331562E-13   1.3356160055568153E-23   3.2121204931737611E+03
   8.2167700000000000E+08   1.3220422271502388E+05   8.7169729417931175E-13   1.3027612759859730E-23   3.2213137614173661E+03
   8.2367700000000000E+08   1.3446706452232777E+05   8.5286510713123986E-13   1.2710032421675902E-23   3.2304710925685699E+03
   8.2567700000000000E+08   1.3674450266368082E+05   8.3460874608336937E-13   1.2402960466176329E-23   3.2395877116712641E+03
   8.2767700000000000E+08   1.3903574835843878E+05   8.1690439501914416E-13   1.2105961158787171E-23   3.2486589991669493E+03
   8.2967700000000000E+08   1.4134003078789616E+05   7.9972946882318646E-13   1.1818620339148249E-23   3.2576805031981585E+03
   8.3167700000000000E+08   1.4365659838920162E+05   7.8306254442406016E-13   1.1540544224195964E-23   3.2666479490092502E+03
   8.3367700000000000E+08   1.4598471986419288E+05   7.6688329508840695E-13   1.1271358277220513E-23   3.2755572458009547E+03
   8.3567700000000000E+08   1.4832368493197532E+05   7.5117242786380854E-13   1.1010706139813043E-23   3.2844044913623607E+03
   8.3767700000000000E+08   1.5067280485315461E+05   7.3591162414199295E-13   1.0758248623718882E-23   3.2931859747741446E+03
   8.3967700000000000E+08   1.5303141275258688E+05   7.2108348329539913E-13   1.0513662759744095E-23   3.3018981774494246E+03
   8.4167700000000000E+08   1.5539886376651618E+05   7.0667146932596519E-13   1.0276640900995328E-23   3.3105377727536725E+03
   8.4367700000000000E+08   1.5777453503878540E+05   6.9265986045463127E-13   1.0046889877869189E-23   3.3191016244216453E+03
   8.4567700000000000E+08   1.6015782558952266E+05   6.7903370157181189E-13   9.8241302023296474E-24   3.3275867839677539E+03
   8.4767700000000000E+08   1.6254815607820352E+05   6.6577875946239519E-13   9.6080953191194250E-24   3.3359904872660804E+03
   8.4967700000000000E+08   1.6494496848116437E+05   6.5288148071336757E-13   9.3985309016466031E-24   3.3443101504570968E+03
   8.5167700000000000E+08   1.6734772570193201E+05   6.4032895220593162E-13   9.1951941903449825E-24   3.3525433653203290E+03
   8.5367700000000000E+08   1.6975591113043192E+05   6.2810886408934847E-13   8.9978533713663486E-24   3.3606878942352346E+03
   8.5567700000000000E+08   1.7216902816511851E+05   6.1620947512793749E-13   8.8062869934870548E-24   3.3687416648368089E+03
   8.5767700000000000E+08   1.7458659970973543E+05   6.0461958030796928E-13   8.6202834211372121E-24   3.3767027644573623E+03
   8.5967700000000000E+08   1.7700816765430357E+05   5.9332848058633032E-13   8.4396403214704920E-24   3.3845694344323379E+03
   8.6167700000000000E+08   1.7943329234774734E+05   5.8232595465933652E-13   8.2641641834116915E-24   3.3923400643351702E+03
   8.6367700000000000E+08   1.8186155206775377E+05   5.7160223262704648E-13   8.0936698666348570E-24   3.4000131861947393E+03
   8.6567700000000000E+08   1.8429254249167806E+05   5.6114797142736577E-13   7.9279801784604455E-24   3.4075874687386072E+03
   8.6767700000000000E+08   1.8672587617103622E+05   5.5095423191400289E-13   7.7669254766994320E-24   3.4150617116962258E+03
   8.6967700000000000E+08   1.8916118201088431E+05   5.4101245745459433E-13   7.6103432965406063E-24   3.4224348401884117E+03
   8.7167700000000000E+08   1.9159810475466045E+05   5.3131445392861720E-13   7.4580779996538099E-24   3.4297058992228303E+03
   8.7367700000000000E+08   1.9403630447456619E+05   5.2185237100976504E-13   7.3099804437776283E-24   3.4368740483098495E+03
   8.7567700000000000E+08   1.9647545606714729E+05   5.1261868462439055E-13   7.1659076711772070E-24   3.4439385562087314E+03
   8.7767700000000000E+08   1.9891524875386633E+05   5.0360618048476880E-13   7.0257226144733997E-24   3.4508987958108337E+03
   8.7967700000000000E+08   2.0135538558638957E+05   4.9480793860483502E-13   6.8892938184805610E-24   3.4577542391640391E+03
   8.8167700000000000E+08   2.0379558295651435E+05   4.8621731871497689E-13   6.7564951768236845E-24   3.4645044526407332E+03
   8.8367700000000000E+08   2.0623557011108531E+05   4.7782794650125514E-13   6.6272056822335847E-24   3.4711490922506332E+03
   8.8567700000000000E+08   2.0867508867251870E+05   4.6963370060345209E-13   6.5013091895484082E-24   3.4776878990989171E+03
   8.8767700000000000E+08   2.1111389216632160E+05   4.6162870031424430E-13   6.3786941905611491E-24   3.4841206949898851E+03
   8.8967700000000000E+08   2.1355174555854325E+05   4.5380729392828485E-13   6.2592535999434507E-24   3.4904473781764759E+03
   8.9167700000000000E+08   2.1598842480961824E+05   4.4616404769404154E-13   6.1428845515311844E-24   3.4966679192568990E+03
   8.9367700000000000E+08   2.1842371645953783E+05   4.3869373532033270E-13   6.0294882042418880E-24   3.5027823572221128E+03
   8.9567700000000000E+08   2.2085741727848587E+05   4.3139132797935911E-13   5.9189695567477629E-24   3.5087907956639069E+03
   8.9767700000000000E+08   2.2328933405767701E+05   4.2425198472102647E-13   5.8112372696422831E-24   3.5146933991670026E+03
   8.9967700000000000E+08   2.2571928369275178E+05   4.1727104315942530E-13   5.7062034930704453E-24   3.5204903899369338E+03
   9.0167700000000000E+08   2.2814709384210649E+05   4.1044401020317618E-13   5.6037836965197355E-24   3.5261820447700061E+03
   9.0367700000000000E+08   2.3057260461684261E+05   4.0376655248969584E-13   5.5038964958591618E-24   3.5317686925646090E+03
   9.0567700000000000E+08   2.3299567189562091E+05   3.9723448611796197E-13   5.4064634717092740E-24   3.5372507127077506E+03
   9.0767700000000000E+08   2.3541617271790025E+05   3.9084376543561056E-13   5.3114089753273387E-24   3.5426285348139891E+03
   9.0967700000000000E+08   2.3783401234007752E+05   3.8459047134153914E-13   5.2186599278215385E-24   3.5479026403336384E+03
   9.1167700000000000E+08   2.4024913040073661E+05   3.7847080115328098E-13   5.1281456404546399E-24   3.5530735662503798E+03
   9.1367700000000000E+08   2.4266150018320893E+05   3.7248106448759940E-13   5.0397977173034260E-24   3.5581419101314859E+03
   9.1567700000000000E+08   2.4507111176552126E+05   3.6661769154694791E-13   4.9535501294926539E-24   3.5631083339769416E+03
   9.1767700000000000E+08   2.4747793115493000E+05   3.6087725862206577E-13   4.8693395305631924E-24   3.5679735620418132E+03
   9.1967700000000000E+08   2.4988183901185798E+05   3.5525652666725084E-13   4.7871057619644642E-24   3.5727383666447681E+03
   9.2167700000000000E+08   2.5228257555263946E+05   3.4975247214575717E-13   4.7067922698058690E-24   3.5774035385604830E+03
   9.2367700000000000E+08   2.5467973955589021E+05   3.4436227478837521E-13   4.6283459502714444E-24   3.5819698468554570E+03
   9.2567700000000000E+08   2.5707288128728120E+05   3.3908323434207070E-13   4.5517160319385618E-24   3.5864380046267934E+03
   9.2767700000000000E+08   2.5946166829024605E+05   3.3391263500465529E-13   4.4768522269392968E-24   3.5908086631820424E+03
   9.2967700000000000E+08   2.6184601856518909E+05   3.2884763753394682E-13   4.4037032173715074E-24   3.5950824465430178E+03
   9.3167700000000000E+08   2.6422608472015738E+05   3.2388529452987335E-13   4.3322167750483673E-24   3.5992600106007285E+03
   9.3367700000000000E+08   2.6660206969515770E+05   3.1902272551674933E-13   4.2623420396920657E-24   3.6033420875684546E+03
   9.3567700000000000E+08   2.6897400245064945E+05   3.1425731972062110E-13   4.1940322130245097E-24   3.6073294816418133E+03
   9.3767700000000000E+08   2.7134169197610038E+05   3.0958671755887635E-13   4.1272443351192057E-24   3.6112230208965780E+03
   9.3967700000000000E+08   2.7370493530236679E+05   3.0500859909820327E-13   4.0619364820361356E-24   3.6150235141349290E+03
   9.4167700000000000E+08   2.7606373647722218E+05   3.0052070050855766E-13   3.9980679571565191E-24   3.6187317563434763E+03
   9.4367700000000000E+08   2.7841825240564905E+05   2.9612119308566420E-13   3.9356042677185795E-24   3.6223485651151018E+03
   9.4567700000000000E+08   2.8076853157090611E+05   2.9180887704228076E-13   3.8745196449001227E-24   3.6258747912393928E+03
   9.4767700000000000E+08   2.8311432967320416E+05   2.8758271623012334E-13   3.8147908592429717E-24   3.6293112828408971E+03
   9.4967700000000000E+08   2.8545514655482856E+05   2.8344099052997139E-13   3.7563860166918108E-24   3.6326588363000055E+03
   9.5167700000000000E+08   2.8779033792017947E+05   2.7938077073326100E-13   3.6992576540737909E-24   3.6359181740434979E+03
   9.5367700000000000E+08   2.9011923854610795E+05   2.7539813305108102E-13   3.6433456245976522E-24   3.6390899484126039E+03
   9.5567700000000000E+08   2.9244227302096732E+05   2.7148929491480064E-13   3.5885921321696089E-24   3.6421747552697811E+03
   9.5767700000000000E+08   2.9476075480902306E+05   2.6765220045708311E-13   3.5349624445041133E-24   3.6451733365926916E+03
   9.5967700000000000E+08   2.9707509377261845E+05   2.6388611099323930E-13   3.4824392799729313E-24   3.6480866974924784E+03
   9.6167700000000000E+08   2.9938505035439500E+05   2.6019007623240861E-13   3.4310027860289102E-24   3.6509158962505749E+03
   9.6367700000000000E+08   3.0169048273133155E+05   2.5656276345072658E-13   3.3806283902613404E-24   3.6536619409159384E+03
   9.6567700000000000E+08   3.0399130765486573E+05   2.5300270003801196E-13   3.3312899734277413E-24   3.6563258186449170E+03
   9.6767700000000000E+08   3.0628747558768303E+05   2.4950837750005297E-13   3.2829612257452201E-24   3.6589085043702066E+03
   9.6967700000000000E+08   3.0857895242636115E+05   2.4607829509969378E-13   3.2356162065376287E-24   3.6614109669728009E+03
   9.7167700000000000E+08   3.1086570642655535E+05   2.4271098117701499E-13   3.1892296122779751E-24   3.6638341716424020E+03
   9.7367700000000000E+08   3.1314769721205230E+05   2.3940500669300412E-13   3.1437769441015517E-24   3.6661790797180192E+03
   9.7567700000000000E+08   3.1542486708246049E+05   2.3615899407043596E-13   3.0992346149506375E-24   3.6684466465999280E+03
   9.7767700000000000E+08   3.1769713663053734E+05   2.3297162060898997E-13   3.0555799864981469E-24   3.6706378183689089E+03
   9.7967700000000000E+08   3.1996440700834489E+05   2.2984161529456369E-13   3.0127913198572446E-24   3.6727535280282009E+03
   9.8167700000000000E+08   3.2222656912102277E+05   2.2676774960276806E-13   2.9708476473122619E-24   3.6747946925464589E+03
   9.8367700000000000E+08   3.2448351679166179E+05   2.2374882536197887E-13   2.9297286047173632E-24   3.6767622117511232E+03
   9.8567700000000000E+08   3.2673515927394852E+05   2.2078366378414463E-13   2.8894142782309431E-24   3.6786569694923246E+03
   9.8767700000000000E+08   3.2898142935622297E+05   2.1787109873878076E-13   2.8498851059483514E-24   3.6804798367072026E+03
   9.8967700000000000E+08   3.3122228549492348E+05   2.1500997525390769E-13   2.8111218478663181E-24   3.6822316754813373E+03
   9.9167700000000000E+08   3.3345770863439230E+05   2.1219915222310551E-13   2.7731056114051014E-24   3.6839133430817205E+03
   9.9367700000000000E+08   3.3568769598125637E+05   2.0943750694722201E-13   2.7358179018984511E-24   3.6855256951612128E+03
   9.9567700000000000E+08   3.3791225435266894E+05   2.0672393891621402E-13   2.6992406643038258E-24   3.6870695877643852E+03
   9.9767700000000000E+08   3.4013139405966830E+05   2.0405737183914403E-13   2.6633563031316398E-24   3.6885458781348152E+03
   9.9967700000000000E+08   3.4234510619307664E+05   2.0143676696648771E-13   2.6281478496332541E-24   3.6899554259108563E+03
   1.0016770000000000E+09   3.4455339369094407E+05   1.9886110030291199E-13   2.5935986407313599E-24   3.6912991188198803E+03
   1.0036770000000000E+09   3.4676169555033778E+05   1.9632544480430463E-13   2.5596412886269462E-24   3.6925777965561488E+03
   1.0056770000000000E+09   3.4897824032726983E+05   1.9382310486713772E-13   2.5261850021576102E-24   3.6937930917373646E+03
   1.0076770000000000E+09   3.5120383852300578E+05   1.9135293478176939E-13   2.4932107316381834E-24   3.6949478285537393E+03
   1.0096770000000000E+09   3.5343133578539203E+05   1.8891972481851273E-13   2.4607769588450106E-24   3.6960447727795290E+03
   1.0116770000000000E+09   3.5565529723234964E+05   1.8652950299282112E-13   2.4289589348951572E-24   3.6970858159312525E+03
   1.0136770000000000E+09   3.5786160823985899E+05   1.8418565464252795E-13   2.3977993424533608E-24   3.6980700727724770E+03
   1.0156770000000000E+09   3.6004347445242095E+05   1.8189313537494235E-13   2.3673587382794794E-24   3.6990006376576644E+03
   1.0176770000000000E+09   3.6221594126417668E+05   1.7964099458393636E-13   2.3374945778399826E-24   3.6998746412876026E+03
   1.0196770000000000E+09   3.6438192594854353E+05   1.7742668216980945E-13   2.3081714649879374E-24   3.7006927951183511E+03
   1.0216770000000000E+09   3.6654205041969661E+05   1.7524912237409080E-13   2.2793733662439061E-24   3.7014556765149568E+03
   1.0236770000000000E+09   3.6869645017079782E+05   1.7310753579113308E-13   2.2510881045935786E-24   3.7021639880977423E+03
   1.0256770000000000E+09   3.7084514420633356E+05   1.7100121155457469E-13   2.2233044563287843E-24   3.7028184566559376E+03
   1.0276770000000000E+09   3.7298812831100170E+05   1.6892944947831283E-13   2.1960114096308134E-24   3.7034198106276631E+03
   1.0296770000000000E+09   3.7512540448091278E+05   1.6689154255702397E-13   2.1691979368209164E-24   3.7039687760125476E+03
   1.0316770000000000E+09   3.7725699113756197E+05   1.6488677517018441E-13   2.1428529680971968E-24   3.7044660769331217E+03
   1.0336770000000000E+09   3.7938292938119452E+05   1.6291442587490893E-13   2.1169654242631390E-24   3.7049124374634539E+03
   1.0356770000000000E+09   3.8150329521888233E+05   1.6097376674344345E-13   2.0915242043510349E-24   3.7053085839934056E+03
   1.0376770000000000E+09   3.8361822164933459E+05   1.5906405603391424E-13   2.0665180861372222E-24   3.7056552487401109E+03
   1.0396770000000000E+09   3.8572792230425950E+05   1.5718452893302556E-13   2.0419356006030936E-24   3.7059531754922818E+03
   1.0416770000000000E+09   3.8783269755463727E+05   1.5533439731128776E-13   2.0177650225003786E-24   3.7062031276553039E+03
   1.0436770000000000E+09   3.8993290580878325E+05   1.5351286776260339E-13   1.9939945986165624E-24   3.7064058964605451E+03
   1.0456770000000000E+09   3.9202889917818707E+05   1.5171917740125078E-13   1.9706130089033222E-24   3.7065623054126336E+03
   1.0476770000000000E+09   3.9412094312939880E+05   1.4995263571910217E-13   1.9476099102997461E-24   3.7066732073144944E+03
   1.0496770000000000E+09   3.9620915005557617E+05   1.4821265613427522E-13   1.9249763510251898E-24   3.7067394727364649E+03
   1.0516770000000000E+09   3.9829345078500081E+05   1.4649876532282346E-13   1.9027048993111132E-24   3.7067619721744672E+03
   1.0536770000000000E+09   4.0037361104829126E+05   1.4481058834600657E-13   1.8807894582725355E-24   3.7067415564940702E+03
   1.0556770000000000E+09   4.0244928251939657E+05   1.4314781680505534E-13   1.8592248583536325E-24   3.7066790405321017E+03
   1.0576770000000000E+09   4.0452006851955887E+05   1.4151017154399694E-13   1.8380063754121044E-24   3.7065751931551190E+03
   1.0596770000000000E+09   4.0658558481366822E+05   1.3989737027011102E-13   1.8171293088363565E-24   3.7064307347083009E+03
   1.0616770000000000E+09   4.0864550291390758E+05   1.3830910606399153E-13   1.7965886980240364E-24   3.7062463407300770E+03
   1.0636770000000000E+09   4.1069957200737478E+05   1.3674503790968433E-13   1.7763791931921230E-24   3.7060226496765708E+03
   1.0656770000000000E+09   4.1274762233200483E+05   1.3520479097216691E-13   1.7564950522915681E-24   3.7057602722440397E+03
   1.0676770000000000E+09   4.1478955611625907E+05   1.3368796293223291E-13   1.7369302170676294E-24   3.7054598003815040E+03
   1.0696770000000000E+09   4.1682533249670052E+05   1.3219413284861875E-13   1.7176784229512061E-24   3.7051218148448138E+03
   1.0716770000000000E+09   4.1885495137575787E+05   1.3072286999840211E-13   1.6987333098338911E-24   3.7047468908477290E+03
   1.0736770000000000E+09   4.2087843920116051E+05   1.2927374128803565E-13   1.6800885153531618E-24   3.7043356018617956E+03
   1.0756770000000000E+09   4.2289583792012732E+05   1.2784631674703463E-13   1.6617377441372749E-24   3.7038885218820060E+03
   1.0776770000000000E+09   4.2490719720126648E+05   1.2644017319063277E-13   1.6436748138924453E-24   3.7034062265588259E+03
   1.0796770000000000E+09   4.2691256941619812E+05   1.2505489640526530E-13   1.6258936827179756E-24   3.7028892935704912E+03
   1.0816770000000000E+09   4.2891200668002863E+05   1.2369008227038125E-13   1.6083884628592068E-24   3.7023383025328490E+03
   1.0836770000000000E+09   4.3090555928902706E+05   1.2234533718092814E-13   1.5911534255196971E-24   3.7017538346586052E+03
   1.0856770000000000E+09   4.3289327503152681E+05   1.2102027804660839E-13   1.5741830002490199E-24   3.7011364723036781E+03
   1.0876770000000000E+09   4.3487519900150859E+05   1.1971453205661676E-13   1.5574717713170440E-24   3.7004867984829089E+03
   1.0896770000000000E+09   4.3685137367488013E+05   1.1842773632860899E-13   1.5410144725962440E-24   3.6998053963997463E+03
   1.0916770000000000E+09   4.3882183910457813E+05   1.1715953751137094E-13   1.5248059818450953E-24   3.6990928490110387E+03
   1.0936770000000000E+09   4.4078663315490779E+05   1.1590959137898202E-13   1.5088413148805370E-24   3.6983497386346730E+03
   1.0956770000000000E+09   4.4274579173501488E+05   1.1467756243549024E-13   1.4931156198868160E-24   3.6975766466005671E+03
   1.0976770000000000E+09   4.4469934901398560E+05   1.1346312353876154E-13   1.4776241719748255E-24   3.6967741529423333E+03
   1.0996770000000000E+09   4.4664733761187526E+05   1.1226595554686454E-13   1.4623623680376081E-24   3.6959428361255868E+03
   1.1016770000000000E+09   4.4858978876673448E+05   1.1108574698775397E-13   1.4473257219138716E-24   3.6950832728087671E+03
   1.1036770000000000E+09   4.5052673247963551E+05   1.0992219375196248E-13   1.4325098598574460E-24   3.6941960376325801E+03
   1.1056770000000000E+09   4.5245819764045568E+05   1.0877499880739460E-13   1.4179105163023496E-24   3.6932817030345773E+03
   1.1076770000000000E+09   4.5438421213674819E+05   1.0764387193513346E-13   1.4035235299104889E-24   3.6923408390858212E+03
   1.1096770000000000E+09   4.5630480294758698E+05   1.0652852948499386E-13   1.3893448398864829E-24   3.6913740133470042E+03
   1.1116770000000000E+09   4.5821999622392957E+05   1.0542869414940678E-13   1.3753704825420291E-24   3.6903817907415728E+03
   1.1136770000000000E+09   4.6012981735633581E+05   1.0434409475425879E-13   1.3615965880924954E-24   3.6893647334438888E+03
   1.1156770000000000E+09   4.6203429103086691E+05   1.0327446606519039E-13   1.3480193776668475E-24   3.6883234007803467E+03
   1.1176770000000000E+09   4.6393344127365976E+05   1.0221954860792640E-13   1.3346351605126985E-24   3.6872583491418513E+03
   1.1196770000000000E+09   4.6582729148441373E+05   1.0117908850130321E-13   1.3214403313794562E-24   3.6861701319059471E+03
   1.1216770000000000E+09   4.6771586445917480E+05   1.0015283730165825E-13   1.3084313680624174E-24   3.6850592993671389E+03
   1.1236770000000000E+09   4.6959918240262539E+05   9.9140551857376986E-14   1.2956048290922916E-24   3.6839263986740052E+03
   1.1256770000000000E+09   4.7147726693006273E+05   9.8141994172479394E-14   1.2829573515556909E-24   3.6827719737718157E+03
   1.1276770000000000E+09   4.7335013905950129E+05   9.7156931278139244E-14   1.2704856490322230E-24   3.6815965653494063E+03
   1.1296770000000000E+09   4.7521781919419981E+05   9.6185135111158823E-14   1.2581865096354175E-24   3.6804007107892407E+03
   1.1316770000000000E+09   4.7708032709620398E+05   9.5226382398440488E-14   1.2460567941449339E-24   3.6791849441195691E+03
   1.1336770000000000E+09   4.7893768185160268E+05   9.4280454546576311E-14   1.2340934342184533E-24   3.6779497959678006E+03
   1.1356770000000000E+09   4.8078990182848368E+05   9.3347137535728636E-14   1.2222934306722919E-24   3.6766957935142132E+03
   1.1376770000000000E+09   4.8263700462885341E+05   9.2426221817047305E-14   1.2106538518206546E-24   3.6754234604453068E+03
   1.1396770000000000E+09   4.8447900703606469E+05   9.1517502212964430E-14   1.1991718318646289E-24   3.6741333169062086E+03
   1.1416770000000000E+09   4.8631592495986004E+05   9.0620777819729779E-14   1.1878445693222599E-24   3.6728258794516887E+03
   1.1436770000000000E+09   4.8814777338121546E+05   8.9735851911727948E-14   1.1766693254932922E-24   3.6715016609955419E+03
   1.1456770000000000E+09   4.8997456629981636E+05   8.8862531847110374E-14   1.1656434229520266E-24   3.6701611707582142E+03
   1.1476770000000000E+09   4.9179631668715330E+05   8.8000628974408075E-14   1.1547642440633794E-24   3.6688049142128589E+03
   1.1496770000000000E+09   4.9361303644844849E+05   8.7149958539857687E-14   1.1440292295180958E-24   3.6674333930300872E+03
   1.1516770000000000E+09   4.9542473639684572E+05   8.6310339595212525E-14   1.1334358768834742E-24   3.6660471050220435E+03
   1.1536770000000000E+09   4.9723142624307331E+05   8.5481594905915250E-14   1.1229817391673307E-24   3.6646465440865518E+03
   1.1556770000000000E+09   4.9903311460381740E+05   8.4663550859499935E-14   1.1126644233927785E-24   3.6632322001522666E+03
   1.1576770000000000E+09   5.0082980903154344E+05   8.3856037374170948E-14   1.1024815891823771E-24   3.6618045591260839E+03
   1.1596770000000000E+09   5.0262151606793725E+05   8.3058887807556511E-14   1.0924309473509123E-24   3.6603641028440447E+03
   1.1616770000000000E+09   5.0440824132263125E+05   8.2271938865628031E-14   1.0825102585059419E-24   3.6589113090272094E+03
   1.1636770000000000E+09   5.0618998957786016E+05   8.1495030511871740E-14   1.0727173316565502E-24   3.6574466512439340E+03
   1.1656770000000000E+09   5.0796676491879200E+05   8.0728005876840189E-14   1.0630500228312960E-24   3.6559705988801229E+03
   1.1676770000000000E+09   5.0973857088841160E+05   7.9970711168228441E-14   1.0535062337066683E-24   3.6544836171188081E+03
   1.1696770000000000E+09   5.1150541066465847E+05   7.9222995581722780E-14   1.0440839102487496E-24   3.6529861669304646E+03
   1.1716770000000000E+09   5.1326728725658479E+05   7.8484711212904270E-14   1.0347810413713659E-24   3.6514787050751670E+03
   1.1736770000000000E+09   5.1502420371530764E+05   7.7755712970568505E-14   1.0255956576151112E-24   3.6499616841175884E+03
   1.1756770000000000E+09   5.1677616335491528E+05   7.7035858491817307E-14   1.0165258298517181E-24   3.6484355524554171E+03
   1.1776770000000000E+09   5.1852316997752764E+05   7.6325008059396762E-14   1.0075696680198796E-24   3.6469007543616385E+03
   1.1796770000000000E+09   5.2026522809665487E+05   7.5623024521679077E-14   9.9872531989778050E-25   3.6453577300406050E+03
   1.1816770000000000E+09   5.2200234315245791E+05   7.4929773215768186E-14   9.8999096991877324E-25   3.6438069156975944E+03
   1.1836770000000000E+09   5.2373452171274595E+05   7.4245121894139619E-14   9.8136483803585343E-25   3.6422487436211054E+03
   1.1856770000000000E+09   5.2546177165392053E+05   7.3568940655167167E-14   9.7284517863991101E-25   3.6406836422768447E+03
   1.1876770000000000E+09   5.2718410231643869E+05   7.2901101877867533E-14   9.6443027953654781E-25   3.6391120364120065E+03
   1.1896770000000000E+09   5.2890152463026100E+05   7.2241480161085411E-14   9.5611846098489253E-25   3.6375343471681404E+03
   1.1916770000000000E+09   5.3061405120686581E+05   7.1589952267217654E-14   9.4790807480022395E-25   3.6359509922007546E+03
   1.1936770000000000E+09   5.3232169639533537E+05   7.0946397070516518E-14   9.3979750352150563E-25   3.6343623858035039E+03
   1.1956770000000000E+09   5.3402447630145319E+05   7.0310695509858385E-14   9.3178515964286063E-25   3.6327689390348100E+03
   1.1976770000000000E+09   5.3572240876985027E+05   6.9682730545799494E-14   9.2386948490715022E-25   3.6311710598447021E+03
   1.1996770000000000E+09   5.3741551333066204E+05   6.9062387121603695E-14   9.1604894965796667E-25   3.6295691531996886E+03
   1.2016770000000000E+09   5.3910381111320097E+05   6.8449552127871014E-14   9.0832205224552845E-25   3.6279636212035953E+03
   1.2036770000000000E+09   5.4078732473018381E+05   6.7844114370330243E-14   9.0068731848101546E-25   3.6263548632124985E+03
   1.2056770000000000E+09   5.4246607813707541E+05   6.7245964540276279E-14   8.9314330113270377E-25   3.6247432759420567E+03
   1.2076770000000000E+09   5.4414009647153353E+05   6.6654995187163272E-14   8.8568857945753354E-25   3.6231292535658936E+03
   1.2096770000000000E+09   5.4580940587862232E+05   6.6071100692805964E-14   8.7832175876088363E-25   3.6215131878039197E+03
   1.2116770000000000E+09   5.4747403332761570E+05   6.5494177246678515E-14   8.7104146997768419E-25   3.6198954679998715E+03
   1.2136770000000000E+09   5.4913400642627361E+05   6.4924122821818863E-14   8.6384636926818198E-25   3.6182764811875531E+03
   1.2156770000000000E+09   5.5078935323834978E+05   6.4360837150884930E-14   8.5673513762203162E-25   3.6166566121458072E+03
   1.2176770000000000E+09   5.5244010210961057E+05   6.3804221701986501E-14   8.4970648046539402E-25   3.6150362434423146E+03
   1.2196770000000000E+09   5.5408628150718356E+05   6.3254179653960749E-14   8.4275912726619319E-25   3.6134157554667877E+03
   1.2216770000000000E+09   5.5572791987617139E+05   6.2710615870866557E-14   8.3589183113408307E-25   3.6117955264542802E+03
   1.2236770000000000E+09   5.5736504551671736E+05   6.2173436875525683E-14   8.2910336841232872E-25   3.6101759324995837E+03
   1.2256770000000000E+09   5.5899768648338795E+05   6.1642550822080896E-14   8.2239253826069898E-25   3.6085573475637689E+03
   1.2276770000000000E+09   5.6062587050779688E+05   6.1117867467598660E-14   8.1575816222919600E-25   3.6069401434741862E+03
   1.2296770000000000E+09   5.6224962494425755E+05   6.0599298142828027E-14   8.0919908382365429E-25   3.6053246899189935E+03
   1.2316770000000000E+09   5.6386897673705791E+05   6.0086755722327338E-14   8.0271416806553410E-25   3.6037113544375843E+03
   1.2336770000000000E+09   5.6548395240727661E+05   5.9580154594184405E-14   7.9630230104853188E-25   3.6021005024079423E+03
   1.2356770000000000E+09   5.6709457805617806E+05   5.9079410629621220E-14   7.8996238949553204E-25   3.6004924970319780E+03
   1.2376770000000000E+09   5.6870087938203709E+05   5.8584441152744477E-14   7.8369336031909200E-25   3.5988876993197223E+03
   1.2396770000000000E+09   5.7030288170695002E+05   5.8095164910715037E-14   7.7749416018888910E-25   3.5972864680730454E+03
   1.2416770000000000E+09   5.7190061001040076E+05   5.7611502044553679E-14   7.7136375510885847E-25   3.5956891598694406E+03
   1.2436770000000000E+09   5.7349408896661003E+05   5.7133374060762551E-14   7.6530113000630777E-25   3.5940961290462219E+03
   1.2456770000000000E+09   5.7508334298310394E+05   5.6660703803889174E-14   7.5930528833462051E-25   3.5925077276854004E+03
   1.2476770000000000E+09   5.7666839623837871E+05   5.6193415430111959E-14   7.5337525169058056E-25   3.5909243055992647E+03
   1.2496770000000000E+09   5.7824927271699288E+05   5.5731434381879745E-14   7.4751005944672923E-25   3.5893462103167089E+03
   1.2516770000000000E+09   5.7982599624082446E+05   5.5274687363604655E-14   7.4170876839875054E-25   3.5877737870702263E+03
   1.2536770000000000E+09   5.8139859049555252E+05   5.4823102318379778E-14   7.3597045242752300E-25   3.5862073787834088E+03
   1.2556770000000000E+09   5.8296707905170519E+05   5.4376608405678564E-14   7.3029420217527829E-25   3.5846473260588004E+03
   1.2576770000000000E+09   5.8453148537987785E+05   5.3935135979972210E-14   7.2467912473504080E-25   3.5830939671658725E+03
   1.2596770000000000E+09   5.8609183285994362E+05   5.3498616570194086E-14   7.1912434335241571E-25   3.5815476380289365E+03
   1.2616770000000000E+09   5.8764814478423493E+05   5.3066982859972868E-14   7.1362899713869177E-25   3.5800086722147757E+03
   1.2636770000000000E+09   5.8920044435478677E+05   5.2640168668557009E-14   7.0819224079424663E-25   3.5784774009197276E+03
   1.2656770000000000E+09   5.9074875467486971E+05   5.2218108932347317E-14   7.0281324434112628E-25   3.5769541529561102E+03
   1.2676770000000000E+09   5.9229309873507381E+05   5.1800739686955510E-14   6.9749119286371912E-25   3.5754392547376788E+03
   1.2696770000000000E+09   5.9383349939419888E+05   5.1387998049719136E-14   6.9222528625655980E-25   3.5739330302640728E+03
   1.2716770000000000E+09   5.9536997935528727E+05   5.0979822202594009E-14   6.8701473897821288E-25   3.5724358011039731E+03
   1.2736770000000000E+09   5.9690256113710790E+05   5.0576151375356430E-14   6.8185877981029242E-25   3.5709478863769127E+03
   1.2756770000000000E+09   5.9843126704154036E+05   5.0176925829034529E-14   6.7675665162052061E-25   3.5694696027335508E+03
   1.2776770000000000E+09   5.9995611911719805E+05   4.9782086839512396E-14   6.7170761112902501E-25   3.5680012643343648E+03
   1.2796770000000000E+09   6.0147713911998633E+05   4.9391576681210105E-14   6.6671092867655152E-25   3.5665431828265923E+03
   1.2816770000000000E+09   6.0299434847115073E+05   4.9005338610776222E-14   6.6176588799368380E-25   3.5650956673194160E+03
   1.2836770000000000E+09   6.0450776821351785E+05   4.8623316850714493E-14   6.5687178596998013E-25   3.5636590243572850E+03
   1.2856770000000000E+09   6.0601741896668833E+05   4.8245456572873548E-14   6.5202793242200855E-25   3.5622335578913835E+03
   1.2876770000000000E+09   6.0752332088180527E+05   4.7871703881751844E-14   6.4723364985958266E-25   3.5608195692492318E+03
   1.2896770000000000E+09   6.0902549359655322E+05   4.7502005797571152E-14   6.4248827324950946E-25   3.5594173571024257E+03
   1.2916770000000000E+09   6.1052395619081880E+05   4.7136310239104987E-14   6.3779114977660817E-25   3.5580272174325419E+03
   1.2936770000000000E+09   6.1201872714317404E+05   4.6774566006278201E-14   6.3314163860215572E-25   3.5566494434952592E+03
   1.2956770000000000E+09   6.1350982428818173E+05   4.6416722762569619E-14   6.2853911062012908E-25   3.5552843257827794E+03
   1.2976770000000000E+09   6.1499726477406523E+05   4.6062731017298011E-14   6.2398294821229578E-25   3.5539321519844871E+03
   1.2996770000000000E+09   6.1648106502012629E+05   4.5712542107884199E-14   6.1947254500334538E-25   3.5525932069459918E+03
   1.3016770000000000E+09   6.1796124067315331E+05   4.5366108182205488E-14   6.1500730561762141E-25   3.5512677726264515E+03
   1.3036770000000000E+09   6.1943780656255339E+05   4.5023382181126879E-14   6.1058664543855881E-25   3.5499561280542266E+03
   1.3056770000000000E+09   6.2091077665478399E+05   4.4684317821258284E-14   6.0620999037149249E-25   3.5486585492807544E+03
   1.3076770000000000E+09   6.2238016400965024E+05   4.4348869577875011E-14   6.0187677660894523E-25   3.5473753093327409E+03
   1.3096770000000000E+09   6.2384598074397375E+05   4.4016992667771441E-14   5.9758645039525102E-25   3.5461066781626691E+03
   1.3116770000000000E+09   6.2530823801194457E+05   4.3688643031620321E-14   5.9333846778462068E-25   3.5448529225979651E+03
   1.3136770000000000E+09   6.2676694601588498E+05   4.3363777315172366E-14   5.8913229438347664E-25   3.5436143062894089E+03
   1.3156770000000000E+09   6.2822211406501930E+05   4.3042352848439617E-14   5.8496740506517493E-25   3.5423910896599245E+03
   1.3176770000000000E+09   6.2967375070172129E+05   4.2724327621928557E-14   5.8084328364408807E-25   3.5411835298553419E+03
   1.3196770000000000E+09   6.3112186391260580E+05   4.2409660259135649E-14   5.7675942249786875E-25   3.5399918806995174E+03
   1.3216770000000000E+09   6.3256646143376513E+05   4.2098309984985320E-14   5.7271532213299465E-25   3.5388163926566917E+03
   1.3236770000000000E+09   6.3400755114443530E+05   4.1790236590706057E-14   5.6871049069976687E-25   3.5376573128042419E+03
   1.3256770000000000E+09   6.3544514152177202E+05   4.1485400396781249E-14   5.6474444347855334E-25   3.5365148848187664E+03
   1.3276770000000000E+09   6.3687924210438447E+05   4.1183762216891442E-14   5.6081670237671156E-25   3.5353893489776565E+03
   1.3296770000000000E+09   6.3830986389064312E+05   4.0885283326776694E-14   5.5692679548985532E-25   3.5342809421762522E+03
   1.3316770000000000E+09   6.3973701958695636E+05   4.0589925442377243E-14   5.5307425678744166E-25   3.5331898979585521E+03
   1.3336770000000000E+09   6.4116072363123833E+05   4.0297650710862311E-14   5.4925862597307343E-25   3.5321164465562533E+03
   1.3356770000000000E+09   6.4258099195120949E+05   4.0008421716200144E-14   5.4547944854363747E-25   3.5310608149286136E+03
   1.3376770000000000E+09   6.4399784147497348E+05   3.9722201497778377E-14   5.4173627602874008E-25   3.5300232267940150E+03
   1.3396770000000000E+09   6.4541128947920189E+05   3.9438953577076535E-14   5.3802866634380670E-25   3.5290039026447548E+03
   1.3416770000000000E+09   6.4682135291746620E+05   3.9158641984573155E-14   5.3435618415107056E-25   3.5280030597393820E+03
   1.3436770000000000E+09   6.4822804789323860E+05   3.8881231278207241E-14   5.3071840110987712E-25   3.5270209120717559E+03
   1.3456770000000000E+09   6.4963138941117469E+05   3.8606686546629820E-14   5.2711489592274750E-25   3.5260576703218658E+03
   1.3476770000000000E+09   6.5103139145768469E+05   3.8334973394973542E-14   5.2354525414416735E-25   3.5251135417981332E+03
   1.3496770000000000E+09   6.5242806735044764E+05   3.8066057916691131E-14   5.2000906779834333E-25   3.5241887303830117E+03
   1.3516770000000000E+09   6.5382143020029354E+05   3.7799906659837231E-14   5.1650593491861873E-25   3.5232834364916084E+03
   1.3536770000000000E+09   6.5521149329189258E+05   3.7536486597827482E-14   5.1303545914505521E-25   3.5223978570475283E+03
   1.3556770000000000E+09   6.5659827023610403E+05   3.7275765112084165E-14   5.0959724948218200E-25   3.5215321854727963E+03
   1.3576770000000000E+09   6.5798177486101631E+05   3.7017709988029893E-14   5.0619092023852672E-25   3.5206866116832571E+03
   1.3596770000000000E+09   6.5936202093771973E+05   3.6762289419370710E-14   5.0281609108052931E-25   3.5198613220793077E+03
   1.3616770000000000E+09   6.6073902191268047E+05   3.6509472011958457E-14   4.9947238708271502E-25   3.5190564995256186E+03
   1.3636770000000000E+09   6.6211279079890694E+05   3.6259226779719379E-14   4.9615943867113787E-25   3.5182723233203983E+03
   1.3656770000000000E+09   6.6348334027360054E+05   3.6011523130536424E-14   4.9287688142998636E-25   3.5175089691608873E+03
   1.3676770000000000E+09   6.6485068290472787E+05   3.5766330846292087E-14   4.8962435582749379E-25   3.5167666091137853E+03
   1.3696770000000000E+09   6.6621483136212244E+05   3.5523620064577505E-14   4.8640150696313747E-25   3.5160454115957491E+03
   1.3716770000000000E+09   6.6757579850046779E+05   3.5283361267943507E-14   4.8320798441687633E-25   3.5153455413627189E+03
   1.3736770000000000E+09   6.6893359730297758E+05   3.5045525281494712E-14   4.8004344221245079E-25   3.5146671595019202E+03
   1.3756770000000000E+09   6.7028824076823727E+05   3.4810083274882637E-14   4.7690753884173487E-25   3.5140104234202145E+03
   1.3776770000000000E+09   6.7163974183906789E+05   3.4577006763747978E-14   4.7379993728257581E-25   3.5133754868271612E+03
   1.3796770000000000E+09   6.7298811340853677E+05   3.4346267608490374E-14   4.7072030498054960E-25   3.5127624997160246E+03
   1.3816770000000000E+09   6.7433336835567374E+05   3.4117838012015622E-14   4.6766831381655693E-25   3.5121716083473634E+03
   1.3836770000000000E+09   6.7567551953217469E+05   3.3891690519517381E-14   4.6464364010196761E-25   3.5116029552366408E+03
   1.3856770000000000E+09   6.7701457965124270E+05   3.3667798021825821E-14   4.6164596462289261E-25   3.5110566791418573E+03
   1.3876770000000000E+09   6.7835056104304804E+05   3.3446133762806806E-14   4.5867497274124795E-25   3.5105329150435905E+03
   1.3896770000000000E+09   6.7968347510073904E+05   3.3226671356271875E-14   4.5573035462898474E-25   3.5100317941059393E+03
   1.3916770000000000E+09   6.8101333073990385E+05   3.3009384836475092E-14   4.5281180596888368E-25   3.5095534435940108E+03
   1.3936770000000000E+09   6.8234012991296360E+05   3.2794248813105400E-14   4.4991903010312253E-25   3.5090979866835992E+03
   1.3956770000000000E+09   6.8366385515473492E+05   3.2581238912762002E-14   4.4705174414710821E-25   3.5086655420069796E+03
   1.3976770000000000E+09   6.8498443719231489E+05   3.2370332941242941E-14   4.4420969507252633E-25   3.5082562226007772E+03
   1.3996770000000000E+09   6.8630167639955506E+05   3.2161513723580132E-14   4.4139269897560196E-25   3.5078701336257964E+03
   1.4016770000000000E+09   6.8761506682902924E+05   3.1954775508837868E-14   4.3860072956866082E-25   3.5075073678216741E+03
   1.4036770000000000E+09   6.8892343784901418E+05   3.1750137106018940E-14   4.3583409955504714E-25   3.5071679972476240E+03
   1.4056770000000000E+09   6.9022430784692941E+05   3.1547665773411954E-14   4.3309379034109119E-25   3.5068520596273174E+03
   1.4076770000000000E+09   6.9151290020753571E+05   3.1347513995610582E-14   4.3038195964538502E-25   3.5065595374607501E+03
   1.4096770000000000E+09   6.9278101631359628E+05   3.1149962386682575E-14   4.2770253455928211E-25   3.5062903267920697E+03
   1.4116770000000000E+09   6.9401648627328558E+05   3.0955442245471762E-14   4.2506152742145012E-25   3.5060441876630903E+03
   1.4136770000000000E+09   6.9520456601379288E+05   3.0764486006675776E-14   4.2246636535756264E-25   3.5058206607156330E+03
   1.4156770000000000E+09   6.9633266997250309E+05   3.0577550602450764E-14   4.1992347866297623E-25   3.5056189425997645E+03
   1.4176770000000000E+09   6.9739799215608579E+05   3.0394725606932325E-14   4.1743430310314214E-25   3.5054377813255792E+03
   1.4196770000000000E+09   6.9841373193771788E+05   3.0215486245033432E-14   4.1499187129307752E-25   3.5052755892122891E+03
   1.4216770000000000E+09   6.9940733980623935E+05   3.0038751665616745E-14   4.1258154577733018E-25   3.5051309911544549E+03
   1.4236770000000000E+09   7.0040948400911444E+05   2.9863319217198165E-14   4.1018689153450631E-25   3.5050036137742704E+03
   1.4256770000000000E+09   7.0144428203611285E+05   2.9688275234675327E-14   4.0779530055053748E-25   3.5048942735777632E+03
   1.4276770000000000E+09   7.0253356998276920E+05   2.9512852720519755E-14   4.0539613960244759E-25   3.5048041355740097E+03
   1.4296770000000000E+09   7.0371063619154145E+05   2.9335847759549385E-14   4.0297295865591698E-25   3.5047327758731540E+03
   1.4316770000000000E+09   7.0498857674731582E+05   2.9156990707688303E-14   4.0052053463434306E-25   3.5046938145886652E+03
   1.4336770000000000E+09   7.0666192752316524E+05   2.8963204519588064E-14   3.9787405346922917E-25   3.5045572858071500E+03
   1.4356770000000000E+09   7.0624355646273529E+05   2.8859306284305699E-14   3.9642957788625522E-25   3.5047093581113932E+03
   6.5767700000000000E+08  -1.6713441061253989E+03   2.4756566574600720E-08   8.8316450243095230E-23   1.8493630613004689E+03
   6.5967700000000000E+08  -1.5739127826410022E+03   4.3958659729631266E-08   1.3007764756057100E-22   2.2295668403233212E+03
   6.6167700000000000E+08  -1.4406407701221303E+03   5.6897569983826938E-08   1.5049470052614564E-22   2.4943966993844756E+03
   6.6367700000000000E+08  -1.2349488781254850E+03   6.3753646734024011E-08   1.5568438489785034E-22   2.7018907335457902E+03
   6.6567700000000000E+08  -9.1033124373385260E+02   6.5337148693295083E-08   1.4997510164456002E-22   2.8744852304522606E+03
   6.6767700000000000E+08  -5.0715621128166134E+02   6.3552469536942265E-08   1.3870648705193227E-22   3.0231640050415631E+03
   6.6967700000000000E+08  -4.7687222742952493E+01   5.9995866822678044E-08   1.2550624717553844E-22   3.1541740120968784E+03
   6.7167700000000000E+08   4.4701484825649715E+02   5.5734150528209385E-08   1.1241150348485623E-22   3.2714583282309982E+03
   6.7367700000000000E+08   9.5883630165099169E+02   5.1382348046474502E-08   1.0037443471421525E-22   3.3777001619485004E+03
   6.7567700000000000E+08   1.4680927659093097E+03   4.7254786562471726E-08   8.9730760787971196E-23   3.4748283611464785E+03
   6.7767700000000000E+08   1.9488663036770026E+03   4.3490690607020983E-08   8.0510208313946026E-23   3.5642863868057857E+03
   6.7967700000000000E+08   2.3708785478729046E+03   4.0134296796163029E-08   7.2607779920778577E-23   3.6471875299790454E+03
   6.8167700000000000E+08   2.7153922254727709E+03   3.7173674388218627E-08   6.5857001892123607E-23   3.7244116451201621E+03
   6.8367700000000000E+08   2.9770498122205718E+03   3.4564462036172297E-08   6.0068974177706509E-23   3.7966681198724073E+03
   6.8567700000000000E+08   3.1561277197524141E+03   3.2242289643146334E-08   5.5049167724076892E-23   3.8645384184683662E+03
   6.8767700000000000E+08   3.2308511242051395E+03   3.0134387453837710E-08   5.0612471058675943E-23   3.9285055228301781E+03
   6.8967700000000000E+08   3.1458643388252526E+03   2.8182448828841103E-08   4.6616561471063498E-23   3.9889742528578945E+03
   6.9167700000000000E+08   2.8568472627921310E+03   2.6360082571364657E-08   4.2984554211063140E-23   4.0462873120921590E+03
   6.9367700000000000E+08   2.3927554448893679E+03   2.4672632370257220E-08   3.9698498924322048E-23   4.1007393690497975E+03
   6.9567700000000000E+08   1.8768688324037280E+03   2.3139807796679534E-08   3.6767019966978709E-23   4.1525886625782841E+03
   6.9767700000000000E+08   1.4896086471263241E+03   2.1777135168700214E-08   3.4194084932487063E-23   4.2020649531763474E+03
   6.9967700000000000E+08   1.4073191109287934E+03   2.0587248647998142E-08   3.1965447554397773E-23   4.2493739161730646E+03
   7.0167700000000000E+08   1.7539924309551350E+03   1.9560096223501881E-08   3.0049671390570053E-23   4.2946992916900690E+03
   7.0367700000000000E+08   2.5803754246458689E+03   1.8677039635642172E-08   2.8404941688269167E-23   4.3382041971252347E+03
   7.0567700000000000E+08   3.8675301561000565E+03   1.7915387246539163E-08   2.6986083655694787E-23   4.3800324584309928E+03
   7.0767700000000000E+08   5.5448436802630176E+03   1.7251960682380835E-08   2.5749746129500858E-23   4.4203102606622542E+03
   7.0967700000000000E+08   7.5123716696120982E+03   1.6665386299348033E-08   2.4657454747095286E-23   4.4591480842230485E+03
   7.1167700000000000E+08   9.6607167581124722E+03   1.6137280883868108E-08   2.3676934955024472E-23   4.4966427644075229E+03
   7.1367700000000000E+08   1.1885900051356388E+04   1.5652652609803728E-08   2.2782278917155243E-23   4.5328795114188479E+03
   7.1567700000000000E+08   1.4096043952741400E+04   1.5199685635413428E-08   2.1953262547072372E-23   4.5679337513932987E+03
   7.1767700000000000E+08   1.6216017360085903E+04   1.4769585678825941E-08   2.1174813118462328E-23   4.6018727299201619E+03
   7.1967700000000000E+08   1.8192128656094177E+04   1.4356247467075019E-08   2.0436287068194087E-23   4.6347569086647309E+03
   7.2167700000000000E+08   1.9990963427930103E+04   1.3955667856891015E-08   1.9730436446458496E-23   4.6666411475053883E+03
   7.2367700000000000E+08   2.1596261532656878E+04   1.3565496999577528E-08   1.9052631857595067E-23   4.6975756534214443E+03
   7.2567700000000000E+08   2.3005970336830767E+04   1.3184603378929479E-08   1.8400147973590950E-23   4.7276067281473206E+03
   7.2767700000000000E+08   2.4228966117773671E+04   1.2812690081947346E-08   1.7771556410322853E-23   4.7567773513289676E+03
   7.2967700000000000E+08   2.5281741660093052E+04   1.2449970033381207E-08   1.7166228299112773E-23   4.7851276278924724E+03
   7.3167700000000000E+08   2.6185311937142178E+04   1.2096906426680008E-08   1.6583947759181314E-23   4.8126951268991161E+03
   7.3367700000000000E+08   2.6962546576133347E+04   1.1754020620474833E-08   1.6024632896729172E-23   4.8395151371240263E+03
   7.3567700000000000E+08   2.7636073871115859E+04   1.1421764813038362E-08   1.5488155133863214E-23   4.8656208618029204E+03
   7.3767700000000000E+08   2.8226815019207501E+04   1.1100451017529757E-08   1.4974240866966523E-23   4.8910435715145213E+03
   7.3967700000000000E+08   2.8753119769206383E+04   1.0790224669441850E-08   1.4482436307235637E-23   4.9158127300581918E+03
   7.4167700000000000E+08   2.9230411316904130E+04   1.0491069219192319E-08   1.4012114820454336E-23   4.9399561041070147E+03
   7.4367700000000000E+08   2.9671208840187574E+04   1.0202829085435641E-08   1.3562508468821433E-23   4.9634998636738164E+03
   7.4567700000000000E+08   3.0085391543802991E+04   9.9252406467493714E-09   1.3132749321473457E-23   4.9864686773923077E+03
   7.4767700000000000E+08   3.0480585314277108E+04   9.6579640291047747E-09   1.2721910745435171E-23   5.0088858044323515E+03
   7.4967700000000000E+08   3.0862582820973377E+04   9.4006113918348236E-09   1.2329043115374827E-23   5.0307731834926199E+03
   7.5167700000000000E+08   3.1235739628534509E+04   9.1527697769237640E-09   1.1953201648477260E-23   5.0521515185938624E+03
   7.5367700000000000E+08   3.1603316142384792E+04   8.9140181948646382E-09   1.1593466219455402E-23   5.0730403611359789E+03
   7.5567700000000000E+08   3.1967755080164261E+04   8.6839395377991852E-09   1.1248954181186720E-23   5.0934581876977618E+03
   7.5767700000000000E+08   3.2330896561622452E+04   8.4621283054042798E-09   1.0918827672700386E-23   5.1134224732072435E+03
   7.5967700000000000E+08   3.2694139249996060E+04   8.2481951887783171E-09   1.0602296910952309E-23   5.1329497592979787E+03
   7.6167700000000000E+08   3.3058558139790512E+04   8.0417694391174086E-09   1.0298620754291758E-23   5.1520557178395693E+03
   7.6367700000000000E+08   3.3424989281562579E+04   7.8424997603865360E-09   1.0007105540663946E-23   5.1707552097659409E+03
   7.6567700000000000E+08   3.3794090244814397E+04   7.6500542730468737E-09   9.7271029260765125E-24   5.1890623394178147E+03
   7.6767700000000000E+08   3.4166383268681202E+04   7.4641199304593445E-09   9.4580072167837309E-24   5.2069905046714221E+03
   7.6967700000000000E+08   3.4542286289344214E+04   7.2844016409691861E-09   9.1992525121411420E-24   5.2245524431517661E+03
   7.7167700000000000E+08   3.4922135561603616E+04   7.1106212556052628E-09   8.9503098498305945E-24   5.2417602748344834E+03
   7.7367700000000000E+08   3.5306202457266212E+04   6.9425165176491485E-09   8.7106844611477006E-24   5.2586255413328563E+03
   7.7567700000000000E+08   3.5694706195998704E+04   6.7798400287813123E-09   8.4799131904732033E-24   5.2751592421509140E+03
   7.7767700000000000E+08   3.6087823686615477E+04   6.6223582605555506E-09   8.2575621005530065E-24   5.2913718681642185E+03
   7.7967700000000000E+08   3.6485697266256502E+04   6.4698506244192433E-09   8.0432242665676846E-24   5.3072734325688862E+03
   7.8167700000000000E+08   3.6888440867460202E+04   6.3221086046251715E-09   7.8365177520211917E-24   5.3228734995185450E+03
   7.8367700000000000E+08   3.7296144976399664E+04   6.1789349535965857E-09   7.6370837547446209E-24   5.3381812106489506E+03
   7.8567700000000000E+08   3.7708880638591370E+04   6.0401429469306668E-09   7.4445849095585574E-24   5.3532053096714117E+03
   7.8767700000000000E+08   3.8126702699740774E+04   5.9055556942070158E-09   7.2587037339927131E-24   5.3679541651991258E+03
   7.8967700000000000E+08   3.8549652424726548E+04   5.7750055014756403E-09   7.0791412041112926E-24   5.3824357919551230E+03
   7.9167700000000000E+08   3.8977759607777065E+04   5.6483332813689816E-09   6.9056154484802648E-24   5.3966578704964231E+03
   7.9367700000000000E+08   3.9411044265881603E+04   5.5253880070140022E-09   6.7378605493939497E-24   5.4106277655765934E+03
   7.9567700000000000E+08   3.9849517991870394E+04   5.4060262062070374E-09   6.5756254415322990E-24   5.4243525432574315E+03
   7.9767700000000000E+08   4.0293185031306188E+04   5.2901114926061176E-09   6.4186728991951885E-24   5.4378389868703998E+03
   7.9967700000000000E+08   4.0742043137167821E+04   5.1775141309705693E-09   6.2667786041398007E-24   5.4510936119192420E+03
   8.0167700000000000E+08   4.1196084247612009E+04   5.0681106337290232E-09   6.1197302868323736E-24   5.4641226800070153E+03
   8.0367700000000000E+08   4.1655295024533967E+04   4.9617833863847325E-09   5.9773269346253626E-24   5.4769322118632408E+03
   8.0567700000000000E+08   4.2119657284032670E+04   4.8584202994736232E-09   5.8393780609948581E-24   5.4895279995403071E+03
   8.0767700000000000E+08   4.2589148344127971E+04   4.7579144849793145E-09   5.7057030305322694E-24   5.5019156178420862E+03
   8.0967700000000000E+08   4.3063741310142243E+04   4.6601639552827197E-09   5.5761304348864151E-24   5.5141004350423027E+03
   8.1167700000000000E+08   4.3543405313996838E+04   4.5650713428848888E-09   5.4504975153057739E-24   5.5260876229453270E+03
   8.1367700000000000E+08   4.4028105720246989E+04   4.4725436392908275E-09   5.3286496278407925E-24   5.5378821663374429E+03
   8.1567700000000000E+08   4.4517804308939383E+04   4.3824919515810437E-09   5.2104397476377049E-24   5.5494888718727125E+03
   8.1767700000000000E+08   4.5012459443245883E+04   4.2948312753265189E-09   5.0957280090922331E-24   5.5609123764337946E+03
   8.1967700000000000E+08   4.5512026228234427E+04   4.2094802826217492E-09   4.9843812789359626E-24   5.5721571550048830E+03
   8.2167700000000000E+08   4.6016456665981037E+04   4.1263611241194279E-09   4.8762727596031926E-24   5.5832275280906888E+03
   8.2367700000000000E+08   4.6525699811400016E+04   4.0453992440491418E-09   4.7712816204726070E-24   5.5941276687128820E+03
   8.2567700000000000E+08   4.7039701932577555E+04   3.9665232072906916E-09   4.6692926547987842E-24   5.6048616090127471E+03
   8.2767700000000000E+08   4.7558406678913670E+04   3.8896645376499678E-09   4.5701959603436672E-24   5.6154332464865511E+03
   8.2967700000000000E+08   4.8081755259915401E+04   3.8147575665532673E-09   4.4738866418912329E-24   5.6258463498782139E+03
   8.3167700000000000E+08   4.8609686636983155E+04   3.7417392914324463E-09   4.3802645339790423E-24   5.6361045647516585E+03
   8.3367700000000000E+08   4.9142137729887181E+04   3.6705492431219023E-09   4.2892339423125161E-24   5.6462114187639145E+03
   8.3567700000000000E+08   4.9679043638848183E+04   3.6011293616282248E-09   4.2007034024427831E-24   5.6561703266580362E+03
   8.3767700000000000E+08   5.0220337882193373E+04   3.5334238796666821E-09   4.1145854543892343E-24   5.6659845949938017E+03
   8.3967700000000000E+08   5.0765952648478225E+04   3.4673792133875561E-09   4.0307964319774207E-24   5.6756574266326697E+03
   8.4167700000000000E+08   5.1315819060810194E+04   3.4029438597404548E-09   3.9492562657428250E-24   5.6851919249922003E+03
   8.4367700000000000E+08   5.1869867449942190E+04   3.3400682999495063E-09   3.8698882983256537E-24   5.6945910980842455E+03
   8.4567700000000000E+08   5.2428027631614117E+04   3.2787049085967857E-09   3.7926191113520923E-24   5.7038578623499097E+03
   8.4767700000000000E+08   5.2990229182703115E+04   3.2188078678386443E-09   3.7173783628668435E-24   5.7129950463036657E+03
   8.4967700000000000E+08   5.3556401710078550E+04   3.1603330863089062E-09   3.6440986344504189E-24   5.7220053939977743E+03
   8.5167700000000000E+08   5.4126475105713282E+04   3.1032381222966542E-09   3.5727152872245364E-24   5.7308915683176674E+03
   8.5367700000000000E+08   5.4700379781635878E+04   3.0474821108229235E-09   3.5031663260196435E-24   5.7396561541181018E+03
   8.5567700000000000E+08   5.5278046878724454E+04   2.9930256942805563E-09   3.4353922710499884E-24   5.7483016612091969E+03
   8.5767700000000000E+08   5.5859408444142879E+04   2.9398309563432987E-09   3.3693360365127306E-24   5.7568305272008556E+03
   8.5967700000000000E+08   5.6444397573342882E+04   2.8878613588930742E-09   3.3049428155973304E-24   5.7652451202135617E+03
   8.6167700000000000E+08   5.7032948513949043E+04   2.8370816817561300E-09   3.2421599714578526E-24   5.7735477414629631E+03
   8.6367700000000000E+08   5.7624996730399253E+04   2.7874579650787750E-09   3.1809369337631107E-24   5.7817406277252112E+03
   8.6567700000000000E+08   5.8220478929844518E+04   2.7389574542090360E-09   3.1212251004951157E-24   5.7898259536895175E+03
   8.6767700000000000E+08   5.8819333051385394E+04   2.6915485469820388E-09   3.0629777447154082E-24   5.7978058342040986E+03
   8.6967700000000000E+08   5.9421498222172442E+04   2.6452007433318466E-09   3.0061499260592328E-24   5.8056823264211807E+03
   8.7167700000000000E+08   6.0026914685098338E+04   2.5998845971714056E-09   2.9506984067497648E-24   5.8134574318464483E+03
   8.7367700000000000E+08   6.0635523703723855E+04   2.5555716704947569E-09   2.8965815719485373E-24   5.8211330982980362E+03
   8.7567700000000000E+08   6.1247267450654159E+04   2.5122344896617978E-09   2.8437593542741545E-24   5.8287112217797876E+03
   8.7767700000000000E+08   6.1862088885794525E+04   2.4698465038267462E-09   2.7921931623305556E-24   5.8361936482732563E+03
   8.7967700000000000E+08   6.2479931630798346E+04   2.4283820454677121E-09   2.7418458130894938E-24   5.8435821754526869E+03
   8.8167700000000000E+08   6.3100739845591597E+04   2.3878162929676001E-09   2.6926814679709084E-24   5.8508785543269414E+03
   8.8367700000000000E+08   6.3724458112203341E+04   2.3481252351870125E-09   2.6446655724608699E-24   5.8580844908121062E+03
   8.8567700000000000E+08   6.4351031330327482E+04   2.3092856379589798E-09   2.5977647991008399E-24   5.8652016472383157E+03
   8.8767700000000000E+08   6.4980404628282005E+04   2.2712750124233442E-09   2.5519469936745818E-24   5.8722316437941081E+03
   8.8967700000000000E+08   6.5612523292630518E+04   2.2340715851047494E-09   2.5071811244091314E-24   5.8791760599114377E+03
   8.9167700000000000E+08   6.6247332720382605E+04   2.1976542696186478E-09   2.4634372339897600E-24   5.8860364355943211E+03
   8.9367700000000000E+08   6.6884778400920375E+04   2.1620026398548314E-09   2.4206863941549451E-24   5.8928142726938440E+03
   8.9567700000000000E+08   6.7524805943730404E+04   2.1270969044175652E-09   2.3789006625635142E-24   5.8995110361322659E+03
   8.9767700000000000E+08   6.8167361188503957E+04   2.0929178819569690E-09   2.3380530414698705E-24   5.9061281550786516E+03
   8.9967700000000000E+08   6.8812390475495529E+04   2.0594469767503090E-09   2.2981174374410354E-24   5.9126670240785270E+03
   9.0167700000000000E+08   6.9459841226678633E+04   2.0266661534239979E-09   2.2590686208357582E-24   5.9191290041400316E+03
   9.0367700000000000E+08   7.0109663093122639E+04   1.9945579090620125E-09   2.2208821830607968E-24   5.9255154237790903E+03
   9.0567700000000000E+08   7.0761810024761449E+04   1.9631052403936976E-09   2.1835344890265912E-24   5.9318275800264109E+03
   9.0767700000000000E+08   7.1416243592930696E+04   1.9322916041210451E-09   2.1470026226659416E-24   5.9380667393992517E+03
   9.0967700000000000E+08   7.2072937488539101E+04   1.9021008713676243E-09   2.1112643266612105E-24   5.9442341388409441E+03
   9.1167700000000000E+08   7.2731881982311708E+04   1.8725172847924379E-09   2.0762979459250644E-24   5.9503309866301242E+03
   9.1367700000000000E+08   7.3393085118650488E+04   1.8435254397001364E-09   2.0420823984740584E-24   5.9563584632592592E+03
   9.1567700000000000E+08   7.4056565226775550E+04   1.8151103234526652E-09   2.0085972114479444E-24   5.9623177222774930E+03
   9.1767700000000000E+08   7.4722329273185474E+04   1.7872574457747446E-09   1.9758226576886981E-24   5.9682098910874465E+03
   9.1967700000000000E+08   7.5390337190026083E+04   1.7599530543211122E-09   1.9437399856101435E-24   5.9740360716836749E+03
   9.2167700000000000E+08   7.6060465273732523E+04   1.7331843473967267E-09   1.9123316441127524E-24   5.9797973413268992E+03
   9.2367700000000000E+08   7.6732495772785842E+04   1.7069395089116073E-09   1.8815813097671730E-24   5.9854947531680446E+03
   9.2567700000000000E+08   7.7406158724902183E+04   1.6812074077328614E-09   1.8514735445771165E-24   5.9911293368613515E+03
   9.2767700000000000E+08   7.8081220004505318E+04   1.6559770059083027E-09   1.8219931370697239E-24   5.9967020992155740E+03
   9.2967700000000000E+08   7.8757560010339163E+04   1.6312368289143349E-09   1.7931245174701865E-24   6.0022140249037975E+03
   9.3167700000000000E+08   7.9435177494831456E+04   1.6069749613025533E-09   1.7648517536991456E-24   6.0076660771975130E+03
   9.3367700000000000E+08   8.0114109592564579E+04   1.5831795347855993E-09   1.7371590860975518E-24   6.0130591986489162E+03
   9.3567700000000000E+08   8.0794345668443450E+04   1.5598391354017786E-09   1.7100313680006367E-24   6.0183943116671071E+03
   9.3767700000000000E+08   8.1475843904805821E+04   1.5369429620952007E-09   1.6834542304052971E-24   6.0236723190337580E+03
   9.3967700000000000E+08   8.2158628788942151E+04   1.5144809573604041E-09   1.6574142188403365E-24   6.0288941044602288E+03
   9.4167700000000000E+08   8.2842787555350878E+04   1.4924434570203438E-09   1.6318984103503454E-24   6.0340605331720635E+03
   9.4367700000000000E+08   8.3528291491832511E+04   1.4708198668501268E-09   1.6068929687362343E-24   6.0391724523757521E+03
   9.4567700000000000E+08   8.4214836793188530E+04   1.4495976150314160E-09   1.5823819970438491E-24   6.0442306915527452E+03
   9.4767700000000000E+08   8.4901926240710833E+04   1.4287632057753553E-09   1.5583486788078610E-24   6.0492360627285907E+03
   9.4967700000000000E+08   8.5589158924482734E+04   1.4083049420795551E-09   1.5347782387034991E-24   6.0541893609426497E+03
   9.5167700000000000E+08   8.6276480845990940E+04   1.3882147491677545E-09   1.5116599244075058E-24   6.0590913650339935E+03
   9.5367700000000000E+08   8.6964691634693881E+04   1.3684881402364248E-09   1.4889869429493061E-24   6.0639428385429819E+03
   9.5567700000000000E+08   8.7654148346341404E+04   1.3491252813529347E-09   1.4667575969801656E-24   6.0687445302003671E+03
   9.5767700000000000E+08   8.8345750775743509E+04   1.3301278199410930E-09   1.4449720034054298E-24   6.0734971740953342E+03
   9.5967700000000000E+08   8.9039146327419134E+04   1.3114797336520809E-09   1.4236111169393772E-24   6.0782014896992714E+03
   9.6167700000000000E+08   8.9733896242389106E+04   1.2931704892516531E-09   1.4026618004482327E-24   6.0828581819967876E+03
   9.6367700000000000E+08   9.0429835904206411E+04   1.2751913609380105E-09   1.3821129907913287E-24   6.0874679419330678E+03
   9.6567700000000000E+08   9.1126875953780545E+04   1.2575345498175468E-09   1.3619547018229240E-24   6.0920314468436791E+03
   9.6767700000000000E+08   9.1824954707717523E+04   1.2401927232846144E-09   1.3421775144266337E-24   6.0965493608360202E+03
   9.6967700000000000E+08   9.2524024029761989E+04   1.2231588579979473E-09   1.3227724013403187E-24   6.1010223351399345E+03
   9.7167700000000000E+08   9.3224044475433067E+04   1.2064261807344875E-09   1.3037306599240896E-24   6.1054510084382282E+03
   9.7367700000000000E+08   9.3924982636531829E+04   1.1899881364391024E-09   1.2850438750615345E-24   6.1098360071822790E+03
   9.7567700000000000E+08   9.4626809281070731E+04   1.1738383652649586E-09   1.2667038920754497E-24   6.1141779458954616E+03
   9.7767700000000000E+08   9.5329497911201586E+04   1.1579706859342518E-09   1.2487027966481293E-24   6.1184774274659976E+03
   9.7967700000000000E+08   9.6033023753544112E+04   1.1423790836303085E-09   1.2310328997704966E-24   6.1227350434301788E+03
   9.8167700000000000E+08   9.6737363283569575E+04   1.1270577001227366E-09   1.2136867252222874E-24   6.1269513742465260E+03
   9.8367700000000000E+08   9.7442494095818605E+04   1.1120008255307006E-09   1.1966569989292530E-24   6.1311269895615242E+03
   9.8567700000000000E+08   9.8148394841183326E+04   1.0972028920557005E-09   1.1799366405371105E-24   6.1352624484675443E+03
   9.8767700000000000E+08   9.8855045137188994E+04   1.0826584692515218E-09   1.1635187567214439E-24   6.1393582997531212E+03
   9.8967700000000000E+08   9.9562425418756000E+04   1.0683622600246479E-09   1.1473966353564467E-24   6.1434150821459389E+03
   9.9167700000000000E+08   1.0027051670199157E+05   1.0543090970035783E-09   1.1315637401447334E-24   6.1474333245485896E+03
   9.9367700000000000E+08   1.0097930045195752E+05   1.0404939394054027E-09   1.1160137058341610E-24   6.1514135462675285E+03
   9.9567700000000000E+08   1.0168875897064392E+05   1.0269118712011787E-09   1.1007403348712625E-24   6.1553562572354640E+03
   9.9767700000000000E+08   1.0239887669475586E+05   1.0135581025830327E-09   1.0857375976317257E-24   6.1592619582279594E+03
   9.9967700000000000E+08   1.0310964217920696E+05   1.0004279754892866E-09   1.0709996370389924E-24   6.1631311410747339E+03
   1.0016770000000000E+09   1.0382105012858167E+05   9.8751697354870581E-10   1.0565207779510932E-24   6.1669642888661101E+03
   1.0036770000000000E+09   1.0453310212915794E+05   9.7482072762816805E-10   1.0422955318950034E-24   6.1707618761543117E+03
   1.0056770000000000E+09   1.0524580507271556E+05   9.6233501146619677E-10   1.0283185912579758E-24   6.1745243691484002E+03
   1.0076770000000000E+09   1.0595916741078299E+05   9.5005572030063413E-10   1.0145848053918189E-24   6.1782522259019943E+03
   1.0096770000000000E+09   1.0667319392805792E+05   9.3797883197361227E-10   1.0010891381092993E-24   6.1819458964932628E+03
   1.0116770000000000E+09   1.0738788060650780E+05   9.2610036646217564E-10   9.8782662363801668E-25   6.1856058231968700E+03
   1.0136770000000000E+09   1.0810320469645530E+05   9.1441635260197831E-10   9.7479233004664206E-25   6.1892324406486323E+03
   1.0156770000000000E+09   1.0881912927107836E+05   9.0292281416735860E-10   9.6198134446396002E-25   6.1928261760052437E+03
   1.0176770000000000E+09   1.0953560086635598E+05   8.9161574412331597E-10   9.4938874390575646E-25   6.1963874491007946E+03
   1.0196770000000000E+09   1.1025255561983677E+05   8.8049117413591843E-10   9.3700966913448490E-25   6.1999166726017602E+03
   1.0216770000000000E+09   1.1096992858146016E+05   8.6954521251243096E-10   9.2483936418691961E-25   6.2034142521621689E+03
   1.0236770000000000E+09   1.1168766202661299E+05   8.5877408934879735E-10   9.1287322361429151E-25   6.2068805865788636E+03
   1.0256770000000000E+09   1.1240571190111667E+05   8.4817419009443635E-10   9.0110682735495890E-25   6.2103160679456450E+03
   1.0276770000000000E+09   1.1312405111996911E+05   8.3774207069876533E-10   8.8953595599715028E-25   6.2137210818047588E+03
   1.0296770000000000E+09   1.1384266952590253E+05   8.2747445382436131E-10   8.7815658592064542E-25   6.2170960072942935E+03
   1.0316770000000000E+09   1.1456157117058456E+05   8.1736821050625121E-10   8.6696486900861921E-25   6.2204412172901002E+03
   1.0336770000000000E+09   1.1528077005587518E+05   8.0742033399947214E-10   8.5595710411981628E-25   6.2237570785419366E+03
   1.0356770000000000E+09   1.1600028551421473E+05   7.9762791249496673E-10   8.4512970742932260E-25   6.2270439518036310E+03
   1.0376770000000000E+09   1.1672013813615081E+05   7.8798810566376893E-10   8.3447918690409293E-25   6.2303021919579378E+03
   1.0396770000000000E+09   1.1744034675554422E+05   7.7849812760739858E-10   8.2400212363961370E-25   6.2335321481367027E+03
   1.0416770000000000E+09   1.1816092662903266E+05   7.6915523661635789E-10   8.1369516046939176E-25   6.2367341638371381E+03
   1.0436770000000000E+09   1.1888188867525689E+05   7.5995673067677172E-10   8.0355499670767408E-25   6.2399085770348775E+03
   1.0456770000000000E+09   1.1960323949702286E+05   7.5089994700830915E-10   7.9357838719189293E-25   6.2430557202942200E+03
   1.0476770000000000E+09   1.2032498188260080E+05   7.4198226388146488E-10   7.8376214375831009E-25   6.2461759208759277E+03
   1.0496770000000000E+09   1.2104711552838261E+05   7.3320110329479506E-10   7.7410313764105577E-25   6.2492695008427863E+03
   1.0516770000000000E+09   1.2176963779912260E+05   7.2455393356678592E-10   7.6459830179051960E-25   6.2523367771629401E+03
   1.0536770000000000E+09   1.2249254441638390E+05   7.1603827134266622E-10   7.5524463258133921E-25   6.2553780618110923E+03
   1.0556770000000000E+09   1.2321583002638497E+05   7.0765168284627304E-10   7.4603919073072437E-25   6.2583936618674852E+03
   1.0576770000000000E+09   1.2393948863832136E+05   6.9939178441070908E-10   7.3697910146384587E-25   6.2613838796146974E+03
   1.0596770000000000E+09   1.2466351394575897E+05   6.9125624241980433E-10   7.2806155406698455E-25   6.2643490126323595E+03
   1.0616770000000000E+09   1.2538789955279078E+05   6.8324277281650598E-10   7.1928380099440482E-25   6.2672893538895405E+03
   1.0636770000000000E+09   1.2611263912760372E+05   6.7534914031957176E-10   7.1064315667891192E-25   6.2702051918351262E+03
   1.0656770000000000E+09   1.2683772650311564E+05   6.6757315746015115E-10   7.0213699616428828E-25   6.2730968104860503E+03
   1.0676770000000000E+09   1.2756315574041022E+05   6.5991268351852812E-10   6.9376275364442686E-25   6.2759644895133861E+03
   1.0696770000000000E+09   1.2828892116684520E+05   6.5236562341586769E-10   6.8551792096689257E-25   6.2788085043265291E+03
   1.0716770000000000E+09   1.2901501739760303E+05   6.4492992659732758E-10   6.7740004613902223E-25   6.2816291261553288E+03
   1.0736770000000000E+09   1.2974143934709071E+05   6.3760358592993071E-10   6.6940673186087242E-25   6.2844266221303205E+03
   1.0756770000000000E+09   1.3046818223464061E+05   6.3038463662963857E-10   6.6153563409984438E-25   6.2872012553610548E+03
   1.0776770000000000E+09   1.3119524158738699E+05   6.2327115522513502E-10   6.5378446071446981E-25   6.2899532850126843E+03
   1.0796770000000000E+09   1.3192261324182825E+05   6.1626125856052006E-10   6.4615097012929266E-25   6.2926829663806584E+03
   1.0816770000000000E+09   1.3265029334453840E+05   6.0935310283536672E-10   6.3863297005878942E-25   6.2953905509638280E+03
   1.0836770000000000E+09   1.3337827835182290E+05   6.0254488267834340E-10   6.3122831627599065E-25   6.2980762865357119E+03
   1.0856770000000000E+09   1.3410656502783202E+05   5.9583483025017489E-10   6.2393491142096136E-25   6.3007404172142997E+03
   1.0876770000000000E+09   1.3483515044066976E+05   5.8922121437241703E-10   6.1675070384511030E-25   6.3033831835301489E+03
   1.0896770000000000E+09   1.3556403195626751E+05   5.8270233967986988E-10   6.0967368648870069E-25   6.3060048224929560E+03
   1.0916770000000000E+09   1.3629320723002308E+05   5.7627654579581818E-10   6.0270189579037552E-25   6.3086055676566684E+03
   1.0936770000000000E+09   1.3702267419638409E+05   5.6994220653009905E-10   5.9583341062840294E-25   6.3111856491830658E+03
   1.0956770000000000E+09   1.3775243105659046E+05   5.6369772910028045E-10   5.8906635129362623E-25   6.3137452939039449E+03
   1.0976770000000000E+09   1.3848247626471825E+05   5.5754155337596148E-10   5.8239887849385171E-25   6.3162847253819327E+03
   1.0996770000000000E+09   1.3921280851202476E+05   5.5147215114571827E-10   5.7582919238890452E-25   6.3188041639698768E+03
   1.1016770000000000E+09   1.3994342670944409E+05   5.4548802540573916E-10   5.6935553165508150E-25   6.3213038268689970E+03
   1.1036770000000000E+09   1.4067432996794963E+05   5.3958770966888335E-10   5.6297617257743868E-25   6.3237839281857023E+03
   1.1056770000000000E+09   1.4140551757640467E+05   5.3376976729287951E-10   5.5668942816832571E-25   6.3262446789871256E+03
   1.1076770000000000E+09   1.4213698897650218E+05   5.2803279082648754E-10   5.5049364731069956E-25   6.3286862873555556E+03
   1.1096770000000000E+09   1.4286874373435759E+05   5.2237540137275709E-10   5.4438721392511051E-25   6.3311089584415331E+03
   1.1116770000000000E+09   1.4360078150835779E+05   5.1679624796880864E-10   5.3836854615953512E-25   6.3335128945158285E+03
   1.1136770000000000E+09   1.4433310201286565E+05   5.1129400698189254E-10   5.3243609560158552E-25   6.3358982950204181E+03
   1.1156770000000000E+09   1.4506570497742546E+05   5.0586738152162515E-10   5.2658834651282951E-25   6.3382653566180970E+03
   1.1176770000000000E+09   1.4579859010115184E+05   5.0051510086850039E-10   5.2082381508507859E-25   6.3406142732413109E+03
   1.1196770000000000E+09   1.4653175700201752E+05   4.9523591991876793E-10   5.1514104871860902E-25   6.3429452361396643E+03
   1.1216770000000000E+09   1.4726520516085171E+05   4.9002861864574700E-10   5.0953862532216076E-25   6.3452584339266277E+03
   1.1236770000000000E+09   1.4799893385991422E+05   4.8489200157756214E-10   5.0401515263456222E-25   6.3475540526250479E+03
   1.1256770000000000E+09   1.4873294211605724E+05   4.7982489729112837E-10   4.9856926756760629E-25   6.3498322757118358E+03
   1.1276770000000000E+09   1.4946722860861459E+05   4.7482615792201721E-10   4.9319963556964635E-25   6.3520932841616277E+03
   1.1296770000000000E+09   1.5020179160233520E+05   4.6989465868960880E-10   4.8790495000913393E-25   6.3543372564895280E+03
   1.1316770000000000E+09   1.5093662886588124E+05   4.6502929743668084E-10   4.8268393157706862E-25   6.3565643687929160E+03
   1.1336770000000000E+09   1.5167173758664692E+05   4.6022899418228786E-10   4.7753532770701939E-25   6.3587747947923945E+03
   1.1356770000000000E+09   1.5240711428290556E+05   4.5549269068648638E-10   4.7245791201108807E-25   6.3609687058718791E+03
   1.1376770000000000E+09   1.5314275471456969E+05   4.5081935002514738E-10   4.6745048372986288E-25   6.3631462711178283E+03
   1.1396770000000000E+09   1.5387865379414480E+05   4.4620795617279858E-10   4.6251186719410559E-25   6.3653076573576554E+03
   1.1416770000000000E+09   1.5461480549974937E+05   4.4165751359113796E-10   4.5764091129562724E-25   6.3674530291972578E+03
   1.1436770000000000E+09   1.5535120279236833E+05   4.3716704682064890E-10   4.5283648896456367E-25   6.3695825490579509E+03
   1.1456770000000000E+09   1.5608783753977978E+05   4.3273560007248707E-10   4.4809749665006572E-25   6.3716963772123700E+03
   1.1476770000000000E+09   1.5682470044983723E+05   4.2836223681776304E-10   4.4342285380129836E-25   6.3737946718199528E+03
   1.1496770000000000E+09   1.5756178101597645E+05   4.2404603937123033E-10   4.3881150234562510E-25   6.3758775889614117E+03
   1.1516770000000000E+09   1.5829906747794617E+05   4.1978610846649916E-10   4.3426240616091291E-25   6.3779452826725383E+03
   1.1536770000000000E+09   1.5903654680078453E+05   4.1558156282010438E-10   4.2977455053912075E-25   6.3799979049776221E+03
   1.1556770000000000E+09   1.5977420467500476E+05   4.1143153868199154E-10   4.2534694163865669E-25   6.3820356059217893E+03
   1.1576770000000000E+09   1.6051202554074716E+05   4.0733518937054666E-10   4.2097860592347789E-25   6.3840585336029944E+03
   1.1596770000000000E+09   1.6124999263832581E+05   4.0329168479083381E-10   4.1666858958755097E-25   6.3860668342032413E+03
   1.1616770000000000E+09   1.6198808808711733E+05   3.9930021093549289E-10   4.1241595796405971E-25   6.3880606520193087E+03
   1.1636770000000000E+09   1.6272629299411140E+05   3.9535996936859359E-10   4.0821979491965097E-25   6.3900401294928215E+03
   1.1656770000000000E+09   1.6346458759265469E+05   3.9147017669377085E-10   4.0407920223505921E-25   6.3920054072397206E+03
   1.1676770000000000E+09   1.6420295141101594E+05   3.8763006400903438E-10   3.9999329897453698E-25   6.3939566240793520E+03
   1.1696770000000000E+09   1.6494136346938161E+05   3.8383887635172251E-10   3.9596122084765536E-25   6.3958939170628901E+03
   1.1716770000000000E+09   1.6567980250278127E+05   3.8009587213820969E-10   3.9198211956818242E-25   6.3978174215012568E+03
   1.1736770000000000E+09   1.6641824720632189E+05   3.7640032260400530E-10   3.8805516221578954E-25   6.3997272709927202E+03
   1.1756770000000000E+09   1.6715667649799644E+05   3.7275151125072850E-10   3.8417953060724101E-25   6.4016235974496813E+03
   1.1776770000000000E+09   1.6789506979330743E+05   3.6914873330721113E-10   3.8035442068441836E-25   6.4035065311254593E+03
   1.1796770000000000E+09   1.6863340728505742E+05   3.6559129521231261E-10   3.7657904192695810E-25   6.4053762006401521E+03
   1.1816770000000000E+09   1.6937167022098595E+05   3.6207851412723399E-10   3.7285261679737146E-25   6.4072327330064572E+03
   1.1836770000000000E+09   1.7010984117152184E+05   3.5860971748478970E-10   3.6917438022624401E-25   6.4090762536547854E+03
   1.1856770000000000E+09   1.7084790427981969E+05   3.5518424258251472E-10   3.6554357914444187E-25   6.4109068864581468E+03
   1.1876770000000000E+09   1.7158584548647644E+05   3.5180143622549460E-10   3.6195947206825941E-25   6.4127247537564244E+03
   1.1896770000000000E+09   1.7232365272193402E+05   3.4846065442346222E-10   3.5842132874201023E-25   6.4145299763804951E+03
   1.1916770000000000E+09   1.7306131606046678E+05   3.4516126214512299E-10   3.5492842984098225E-25   6.4163226736756478E+03
   1.1936770000000000E+09   1.7379882783090023E+05   3.4190263313085893E-10   3.5148006673575529E-25   6.4181029635247978E+03
   1.1956770000000000E+09   1.7453618268063353E+05   3.3868414976309510E-10   3.4807554131700019E-25   6.4198709623713057E+03
   1.1976770000000000E+09   1.7527337759118751E+05   3.3550520299166224E-10   3.4471416587788668E-25   6.4216267852411456E+03
   1.1996770000000000E+09   1.7601041184517331E+05   3.3236519230979157E-10   3.4139526304944518E-25   6.4233705457650267E+03
   1.2016770000000000E+09   1.7674728694629259E+05   3.2926352577469600E-10   3.3811816578258626E-25   6.4251023561997690E+03
   1.2036770000000000E+09   1.7748400649556046E+05   3.2619962006546249E-10   3.3488221736916806E-25   6.4268223274495158E+03
   1.2056770000000000E+09   1.7822057602838552E+05   3.2317290056996226E-10   3.3168677149352705E-25   6.4285305690864288E+03
   1.2076770000000000E+09   1.7895700281837178E+05   3.2018280149186489E-10   3.2853119230524934E-25   6.4302271893709521E+03
   1.2096770000000000E+09   1.7969329565466646E+05   3.1722876596859198E-10   3.2541485450372088E-25   6.4319122952718017E+03
   1.2116770000000000E+09   1.8042946460035766E+05   3.1431024619112631E-10   3.2233714342512113E-25   6.4335859924854331E+03
   1.2136770000000000E+09   1.8116552073981392E+05   3.1142670351701895E-10   3.1929745512295976E-25   6.4352483854551401E+03
   1.2156770000000000E+09   1.8190147592293576E+05   3.0857760856864805E-10   3.1629519643401205E-25   6.4368995773899251E+03
   1.2176770000000000E+09   1.8263734251405092E+05   3.0576244130975271E-10   3.1332978502253957E-25   6.4385396702826993E+03
   1.2196770000000000E+09   1.8337313315266350E+05   3.0298069109448749E-10   3.1040064939690771E-25   6.4401687649283531E+03
   1.2216770000000000E+09   1.8410886053238841E+05   3.0023185668465506E-10   3.0750722889420601E-25   6.4417869609414647E+03
   1.2236770000000000E+09   1.8484453720333669E+05   2.9751544623226817E-10   3.0464897363000892E-25   6.4433943567734696E+03
   1.2256770000000000E+09   1.8558017540184798E+05   2.9483097722626765E-10   3.0182534441210719E-25   6.4449910497297687E+03
   1.2276770000000000E+09   1.8631578690997002E+05   2.9217797640378846E-10   2.9903581261869360E-25   6.4465771359861319E+03
   1.2296770000000000E+09   1.8705138294553864E+05   2.8955597962795377E-10   2.9627986004303862E-25   6.4481527106052717E+03
   1.2316770000000000E+09   1.8778697408218856E+05   2.8696453173543948E-10   2.9355697870805907E-25   6.4497178675526911E+03
   1.2336770000000000E+09   1.8852257019728655E+05   2.8440318635817839E-10   2.9086667065525593E-25   6.4512726997124510E+03
   1.2356770000000000E+09   1.8925818044472620E+05   2.8187150572421391E-10   2.8820844771318077E-25   6.4528172989026079E+03
   1.2376770000000000E+09   1.8999381324875128E+05   2.7936906044309645E-10   2.8558183125096134E-25   6.4543517558903795E+03
   1.2396770000000000E+09   1.9072947631466144E+05   2.7689542928111822E-10   2.8298635192230362E-25   6.4558761604069623E+03
   1.2416770000000000E+09   1.9146517665222305E+05   2.7445019893134094E-10   2.8042154940501630E-25   6.4573906011623731E+03
   1.2436770000000000E+09   1.9220092060788290E+05   2.7203296378273106E-10   2.7788697214048148E-25   6.4588951658595961E+03
   1.2456770000000000E+09   1.9293671390236961E+05   2.6964332569202260E-10   2.7538217707671613E-25   6.4603899412088203E+03
   1.2476770000000000E+09   1.9367256167084302E+05   2.6728089376110134E-10   2.7290672941786384E-25   6.4618750129414821E+03
   1.2496770000000000E+09   1.9440846850334384E+05   2.6494528412197248E-10   2.7046020238220916E-25   6.4633504658237262E+03
   1.2516770000000000E+09   1.9514443848385179E+05   2.6263611973075190E-10   2.6804217697012704E-25   6.4648163836699250E+03
   1.2536770000000000E+09   1.9588047522676009E+05   2.6035303017152964E-10   2.6565224174281166E-25   6.4662728493559825E+03
   1.2556770000000000E+09   1.9661658190996174E+05   2.5809565147055293E-10   2.6328999261221532E-25   6.4677199448322681E+03
   1.2576770000000000E+09   1.9735276130412522E+05   2.5586362592078804E-10   2.6095503264221916E-25   6.4691577511363257E+03
   1.2596770000000000E+09   1.9808901579798516E+05   2.5365660191671141E-10   2.5864697186084279E-25   6.4705863484056117E+03
   1.2616770000000000E+09   1.9882534741974215E+05   2.5147423379888806E-10   2.5636542708303058E-25   6.4720058158897737E+03
   1.2636770000000000E+09   1.9956175785477224E+05   2.4931618170786613E-10   2.5411002174349613E-25   6.4734162319627440E+03
   1.2656770000000000E+09   2.0029824845998461E+05   2.4718211144678801E-10   2.5188038573897647E-25   6.4748176741349207E+03
   1.2676770000000000E+09   2.0103482027510254E+05   2.4507169435215557E-10   2.4967615527932870E-25   6.4762102190646410E+03
   1.2696770000000000E+09   2.0177147403114464E+05   2.4298460717225618E-10   2.4749697274689938E-25   6.4775939425700872E+03
   1.2716770000000000E+09   2.0250821015624143E+05   2.4092053195278453E-10   2.4534248656371891E-25   6.4789689196403979E+03
   1.2736770000000000E+09   2.0324502877884003E+05   2.3887915592934684E-10   2.4321235106614260E-25   6.4803352244469697E+03
   1.2756770000000000E+09   2.0398192972825826E+05   2.3686017142653188E-10   2.4110622638661382E-25   6.4816929303545357E+03
   1.2776770000000000E+09   2.0471891253249018E+05   2.3486327576328723E-10   2.3902377834226740E-25   6.4830421099319401E+03
   1.2796770000000000E+09   2.0545597641314275E+05   2.3288817116434344E-10   2.3696467833008330E-25   6.4843828349628493E+03
   1.2816770000000000E+09   2.0619312027737239E+05   2.3093456467739337E-10   2.3492860322828702E-25   6.4857151764561222E+03
   1.2836770000000000E+09   2.0693034270666426E+05   2.2900216809575414E-10   2.3291523530368575E-25   6.4870392046563193E+03
   1.2856770000000000E+09   2.0766764194224836E+05   2.2709069788620842E-10   2.3092426212463940E-25   6.4883549890536833E+03
   1.2876770000000000E+09   2.0840501586691011E+05   2.2519987512175346E-10   2.2895537647935244E-25   6.4896625983942686E+03
   1.2896770000000000E+09   2.0914246198280365E+05   2.2332942541902549E-10   2.2700827629925782E-25   6.4909621006896477E+03
   1.2916770000000000E+09   2.0987997738477585E+05   2.2147907888023274E-10   2.2508266458729118E-25   6.4922535632266727E+03
   1.2936770000000000E+09   2.1061755872845984E+05   2.1964857003953724E-10   2.2317824935099824E-25   6.4935370525769085E+03
   1.2956770000000000E+09   2.1135520219216702E+05   2.1783763781396782E-10   2.2129474354053391E-25   6.4948126346060717E+03
   1.2976770000000000E+09   2.1209290343131052E+05   2.1604602545908810E-10   2.1943186499177951E-25   6.4960803744831583E+03
   1.2996770000000000E+09   2.1283065752390100E+05   2.1427348052976340E-10   2.1758933637490692E-25   6.4973403366895318E+03
   1.3016770000000000E+09   2.1356845890571017E+05   2.1251975484631442E-10   2.1576688514867181E-25   6.4985925850278190E+03
   1.3036770000000000E+09   2.1430630129432914E+05   2.1078460446598358E-10   2.1396424352034398E-25   6.4998371826306930E+03
   1.3056770000000000E+09   2.1504417760286832E+05   2.0906778965877537E-10   2.1218114841030985E-25   6.5010741919694447E+03
   1.3076770000000000E+09   2.1578207984690496E+05   2.0736907488515638E-10   2.1041734141877346E-25   6.5023036748624427E+03
   1.3096770000000000E+09   2.1651999905276432E+05   2.0568822877069643E-10   2.0867256878955100E-25   6.5035256924834812E+03
   1.3116770000000000E+09   2.1725792518131735E+05   2.0402502406954145E-10   2.0694658136272300E-25   6.5047403053699918E+03
   1.3136770000000000E+09   2.1799584708872059E+05   2.0237923760498881E-10   2.0523913450425259E-25   6.5059475734310081E+03
   1.3156770000000000E+09   2.1873375255259516E+05   2.0075065017216165E-10   2.0354998799736576E-25   6.5071475559551827E+03
   1.3176770000000000E+09   2.1947162839682371E+05   1.9913904638604814E-10   2.0187890587878397E-25   6.5083403116185855E+03
   1.3196770000000000E+09   2.2020946074740446E+05   1.9754421445962801E-10   2.0022565620440103E-25   6.5095258984923030E+03
   1.3216770000000000E+09   2.2094723544220818E+05   1.9596594590314601E-10   1.9859001073544369E-25   6.5107043740502677E+03
   1.3236770000000000E+09   2.2168493859654694E+05   1.9440403514777117E-10   1.9697174454856211E-25   6.5118757951765256E+03
   1.3256770000000000E+09   2.2242255729373865E+05   1.9285827911492789E-10   1.9537063559152148E-25   6.5130402181730797E+03
   1.3276770000000000E+09   2.2316008032916576E+05   1.9132847677375175E-10   1.9378646422765177E-25   6.5141976987669286E+03
   1.3296770000000000E+09   2.2389749889619803E+05   1.8981442874887712E-10   1.9221901283204557E-25   6.5153482921178575E+03
   1.3316770000000000E+09   2.2463480707620029E+05   1.8831593705156921E-10   1.9066806551340294E-25   6.5164920528253233E+03
   1.3336770000000000E+09   2.2537200199756693E+05   1.8683280500201452E-10   1.8913340802989869E-25   6.5176290349362307E+03
   1.3356770000000000E+09   2.2610908357193007E+05   1.8536483738374324E-10   1.8761482794024216E-25   6.5187592919516246E+03
   1.3376770000000000E+09   2.2684605380044380E+05   1.8391184082385857E-10   1.8611211498303088E-25   6.5198828768340209E+03
   1.3396770000000000E+09   2.2758291575476067E+05   1.8247362433349765E-10   1.8462506161765529E-25   6.5209998420141737E+03
   1.3416770000000000E+09   2.2831967244441796E+05   1.8104999988933382E-10   1.8315346360587756E-25   6.5221102393976380E+03
   1.3436770000000000E+09   2.2905632584357038E+05   1.7964078291002610E-10   1.8169712048627830E-25   6.5232141203714327E+03
   1.3456770000000000E+09   2.2979287632934091E+05   1.7824579249858216E-10   1.8025583581137363E-25   6.5243115358101722E+03
   1.3476770000000000E+09   2.3052932266996909E+05   1.7686485138636160E-10   1.7882941708292453E-25   6.5254025360823971E+03
   1.3496770000000000E+09   2.3126566252039236E+05   1.7549778561053169E-10   1.7741767541823238E-25   6.5264871710566331E+03
   1.3516770000000000E+09   2.3200189320073219E+05   1.7414442404961148E-10   1.7602042507388072E-25   6.5275654901074549E+03
   1.3536770000000000E+09   2.3273801242944071E+05   1.7280459799071654E-10   1.7463748300254555E-25   6.5286375421214125E+03
   1.3556770000000000E+09   2.3347401871541247E+05   1.7147814087994140E-10   1.7326866859564892E-25   6.5297033755031025E+03
   1.3576770000000000E+09   2.3420991128025859E+05   1.7016488831790114E-10   1.7191380367400481E-25   6.5307630381809158E+03
   1.3596770000000000E+09   2.3494568961011551E+05   1.6886467824510481E-10   1.7057271267000329E-25   6.5318165776127908E+03
   1.3616770000000000E+09   2.3568135290987615E+05   1.6757735117534764E-10   1.6924522285779850E-25   6.5328640407916764E+03
   1.3636770000000000E+09   2.3641689975516664E+05   1.6630275032666164E-10   1.6793116447962795E-25   6.5339054742512180E+03
   1.3656770000000000E+09   2.3715232809421909E+05   1.6504072157334760E-10   1.6663037069145121E-25   6.5349409240712075E+03
   1.3676770000000000E+09   2.3788763552970198E+05   1.6379111325447785E-10   1.6534267736407413E-25   6.5359704358831450E+03
   1.3696770000000000E+09   2.3862281965041396E+05   1.6255377595399196E-10   1.6406792285617763E-25   6.5369940548760242E+03
   1.3716770000000000E+09   2.3935787818685811E+05   1.6132856236572479E-10   1.6280594787351437E-25   6.5380118258021475E+03
   1.3736770000000000E+09   2.4009280892151306E+05   1.6011532728015605E-10   1.6155659545106212E-25   6.5390237929827344E+03
   1.3756770000000000E+09   2.4082760947201200E+05   1.5891392763817850E-10   1.6031971100263629E-25   6.5400300003139437E+03
   1.3776770000000000E+09   2.4156227714102995E+05   1.5772422255930675E-10   1.5909514234459692E-25   6.5410304912710189E+03
   1.3796770000000000E+09   2.4229680894088911E+05   1.5654607329140406E-10   1.5788273964043250E-25   6.5420253089125727E+03
   1.3816770000000000E+09   2.4303120173703812E+05   1.5537934310612192E-10   1.5668235529091448E-25   6.5430144958829724E+03
   1.3836770000000000E+09   2.4376545235401540E+05   1.5422389721192151E-10   1.5549384384233684E-25   6.5439980944139816E+03
   1.3856770000000000E+09   2.4449955751531845E+05   1.5307960274236337E-10   1.5431706197087451E-25   6.5449761463264058E+03
   1.3876770000000000E+09   2.4523351355355073E+05   1.5194632884010337E-10   1.5315186856357214E-25   6.5459486930328485E+03
   1.3896770000000000E+09   2.4596731570649028E+05   1.5082394689086607E-10   1.5199812495088487E-25   6.5469157755448068E+03
   1.3916770000000000E+09   2.4670095618993210E+05   1.4971233118884218E-10   1.5085569557541662E-25   6.5478774344857620E+03
   1.3936770000000000E+09   2.4743441853480437E+05   1.4861136093592302E-10   1.4972445000861747E-25   6.5488337101104289E+03
   1.3956770000000000E+09   2.4816766152571890E+05   1.4752092596802991E-10   1.4860426873204169E-25   6.5497846423271385E+03
   1.3976770000000000E+09   2.4890057641338883E+05   1.4644094205082125E-10   1.4749505857933183E-25   6.5507302707140198E+03
   1.3996770000000000E+09   2.4963288031027123E+05   1.4537138899755070E-10   1.4639679120593427E-25   6.5516706345102175E+03
   1.4016770000000000E+09   2.5036386959443285E+05   1.4431239885571213E-10   1.4530959204786772E-25   6.5526057725578394E+03
   1.4036770000000000E+09   2.5109189760351297E+05   1.4326444287803014E-10   1.4423392882186659E-25   6.5535357231658600E+03
   1.4056770000000000E+09   2.5181338373752893E+05   1.4222868709694118E-10   1.4317096976059930E-25   6.5544605238781123E+03
   1.4076770000000000E+09   2.5252119184106484E+05   1.4120757701879648E-10   1.4212317215613082E-25   6.5553802111611230E+03
   1.4096770000000000E+09   2.5320251759111419E+05   1.4020560686120835E-10   1.4109505558327538E-25   6.5562948200943520E+03
   1.4116770000000000E+09   2.5383722312921408E+05   1.3922994444141755E-10   1.4009382769066641E-25   6.5572043842498178E+03
   1.4136770000000000E+09   2.5439880787016664E+05   1.3829012479739954E-10   1.3912907004114397E-25   6.5581089360440474E+03
   1.4156770000000000E+09   2.5486095682240205E+05   1.3739571610162239E-10   1.3821038256013695E-25   6.5590085077945741E+03
   1.4176770000000000E+09   2.5521065757444460E+05   1.3655149446996391E-10   1.3734252659091493E-25   6.5599031332349123E+03
   1.4196770000000000E+09   2.5546251973729843E+05   1.3575195256434298E-10   1.3651991097544850E-25   6.5607928480571436E+03
   1.4216770000000000E+09   2.5566190224621378E+05   1.3497975710419306E-10   1.3572506419252909E-25   6.5616776865361880E+03
   1.4236770000000000E+09   2.5586825861713311E+05   1.3421183976255279E-10   1.3493478012560277E-25   6.5625576717126651E+03
   1.4256770000000000E+09   2.5613116252610993E+05   1.3342909458526273E-10   1.3412986181406201E-25   6.5634328041669769E+03
   1.4276770000000000E+09   2.5648831996738762E+05   1.3261825335450608E-10   1.3329697679282388E-25   6.5643030743150211E+03
   1.4296770000000000E+09   2.5699126961538484E+05   1.3176268081932802E-10   1.3241939777255046E-25   6.5651685401157301E+03
   1.4316770000000000E+09   2.5770185612475959E+05   1.3083567856735663E-10   1.3147031029558119E-25   6.5660294624331964E+03
   1.4336770000000000E+09   2.5877620205870573E+05   1.2984730917241749E-10   1.3045988123840993E-25   6.5668863147101792E+03
   1.4356770000000000E+09   2.5889932809295604E+05   1.2845528931655706E-10   1.2904424805683813E-25   6.5677374560267181E+03
