  99.9999999999964615   5.0000000000000003E-02 390 2001
  80.4784500623912038  21.0386885214517108
   6.5767700000000000E+08  -1.5177158490083862E+03   1.7117555860605894E-08   2.8884784993677805E-18   1.1400389412023549E+03
   6.5967700000000000E+08  -1.4345680432365291E+03   2.4752644171420750E-08   4.0375482783155615E-18   1.1793723505451169E+03
   6.6167700000000000E+08  -1.3115336887322499E+03   2.8546570225647284E-08   4.5486000076620294E-18   1.2073224057888769E+03
   6.6367700000000000E+08  -1.1255894643187132E+03   2.9609909436509621E-08   4.6447325557182934E-18   1.2263754223025146E+03
   6.6567700000000000E+08  -8.2034634022025239E+02   2.8648002912900830E-08   4.4446453619533887E-18   1.2399503893959306E+03
   6.6767700000000000E+08  -4.3510250299285684E+02   2.6605792997114738E-08   4.0955088409716540E-18   1.2497277446772359E+03
   6.6967700000000000E+08   7.2721674156659120E+00   2.4157851025844394E-08   3.6972531802712662E-18   1.2569736658058177E+03
   6.7167700000000000E+08   4.8486862171365772E+02   2.1700318680915226E-08   3.3063571849333991E-18   1.2625931091853938E+03
   6.7367700000000000E+08   9.8084593331730787E+02   1.9425840328879140E-08   2.9489008031950492E-18   1.2672629049509335E+03
   6.7567700000000000E+08   1.4779836993728827E+03   1.7407334916968195E-08   2.6336868558735756E-18   1.2714966504814233E+03
   6.7767700000000000E+08   1.9531021485822198E+03   1.5656488431397382E-08   2.3609775558436694E-18   1.2757029927866442E+03
   6.7967700000000000E+08   2.3776630027260121E+03   1.4157759315388820E-08   2.1273634884734769E-18   1.2802650658829850E+03
   6.8167700000000000E+08   2.7321828224242827E+03   1.2885637109426658E-08   1.9278598251669218E-18   1.2858121191183716E+03
   6.8367700000000000E+08   3.0094822843072893E+03   1.1816210621568778E-08   1.7569380779334537E-18   1.2938050434044303E+03
   6.8567700000000000E+08   3.2108699668053323E+03   1.0934644023231873E-08   1.6089815234163663E-18   1.3073764682228891E+03
   6.8767700000000000E+08   3.3219754172507241E+03   1.0234978763597909E-08   1.4785598521071162E-18   1.3316653757935962E+03
   6.8967700000000000E+08   3.2942681633799757E+03   9.7115783515252615E-09   1.3612922779343916E-18   1.3724151668868906E+03
   6.9167700000000000E+08   3.0780868814768824E+03   9.3470988895658687E-09   1.2545419426070554E-18   1.4333053549789361E+03
   6.9367700000000000E+08   2.6820806073754607E+03   9.1089378892258112E-09   1.1574403461442495E-18   1.5139662553622327E+03
   6.9567700000000000E+08   2.2050924048037396E+03   8.9573822574975905E-09   1.0701199956715185E-18   1.6102588717059728E+03
   6.9767700000000000E+08   1.8117993845297472E+03   8.8574051054019754E-09   9.9279534149164929E-19   1.7163025551370483E+03
   6.9967700000000000E+08   1.6761691998518861E+03   8.7849428817150259E-09   9.2525289621651313E-19   1.8265247459092895E+03
   7.0167700000000000E+08   1.9301574057797068E+03   8.7262032236044459E-09   8.6678218102862243E-19   1.9367003000305774E+03
   7.0367700000000000E+08   2.6370053767066838E+03   8.6738240180777268E-09   8.1632627845264132E-19   2.0440612297630305E+03
   7.0567700000000000E+08   3.7897728597445002E+03   8.6233567950623423E-09   7.7267480477246148E-19   2.1469734605699723E+03
   7.0767700000000000E+08   5.3264892470886844E+03   8.5712834276187356E-09   7.3462120706130672E-19   2.2445509408118214E+03
   7.0967700000000000E+08   7.1517351356664058E+03   8.5143206217855805E-09   7.0106417461347383E-19   2.3363574981939651E+03
   7.1167700000000000E+08   9.1570705556270459E+03   8.4494080676221833E-09   6.7105868592608188E-19   2.4222159215729616E+03
   7.1367700000000000E+08   1.1236592886020078E+04   8.3739217291078679E-09   6.4383061655415824E-19   2.5020981602534239E+03
   7.1567700000000000E+08   1.3296202066574191E+04   8.2858649798800927E-09   6.1876831082435900E-19   2.5760652526615931E+03
   7.1767700000000000E+08   1.5258809585452591E+04   8.1839875265244447E-09   5.9540429787739263E-19   2.6442350952873994E+03
   7.1967700000000000E+08   1.7067661067370012E+04   8.0678611804101234E-09   5.7339570190597626E-19   2.7067681352564769E+03
   7.2167700000000000E+08   1.8686329469093766E+04   7.9378660221720899E-09   5.5250265850915333E-19   2.7638626939313035E+03
   7.2367700000000000E+08   2.0096391232181108E+04   7.7950708413854747E-09   5.3256510305499100E-19   2.8157522026944421E+03
   7.2567700000000000E+08   2.1294552965261082E+04   7.6410679282946746E-09   5.1348175830130604E-19   2.8627018084759352E+03
   7.2767700000000000E+08   2.2289315068584547E+04   7.4777929496445342E-09   4.9519219402090521E-19   2.9050038841115393E+03
   7.2967700000000000E+08   2.3097540848273737E+04   7.3073476992166754E-09   4.7766200615297248E-19   2.9429721052419181E+03
   7.3167700000000000E+08   2.3741204828799982E+04   7.1318424608868938E-09   4.6087120507254939E-19   2.9769342191440264E+03
   7.3367700000000000E+08   2.4244549129332776E+04   6.9532699331654579E-09   4.4480574159946608E-19   3.0072239842719205E+03
   7.3567700000000000E+08   2.4631812511899869E+04   6.7734170339704047E-09   4.2945192309050991E-19   3.0341729709976876E+03
   7.3767700000000000E+08   2.4925608332318287E+04   6.5938145862937329E-09   4.1479326610909481E-19   3.0581029741033576E+03
   7.3967700000000000E+08   2.5145935095001056E+04   6.4157203011357847E-09   4.0080923635607178E-19   3.0793196459508786E+03
   7.4167700000000000E+08   2.5309733347266723E+04   6.2401271425009377E-09   3.8747527307120616E-19   3.0981077420077345E+03
   7.4367700000000000E+08   2.5430856555237799E+04   6.0677883757454263E-09   3.7476355972171176E-19   3.1147281052110193E+03
   7.4567700000000000E+08   2.5520314250863747E+04   5.8992513047324701E-09   3.6264411199046001E-19   3.1294162852115510E+03
   7.4767700000000000E+08   2.5586660535182291E+04   5.7348934637526979E-09   3.5108588884446191E-19   3.1423825305036103E+03
   7.4967700000000000E+08   2.5636430496830624E+04   5.5749570745931837E-09   3.4005775687333375E-19   3.1538128152707300E+03
   7.5167700000000000E+08   2.5674560044661990E+04   5.4195794346091539E-09   3.2952923544333035E-19   3.1638705565066148E+03
   7.5367700000000000E+08   2.5704753779325776E+04   5.2688183159382690E-09   3.1947101498116286E-19   3.1726987177532001E+03
   7.5567700000000000E+08   2.5729787297067240E+04   5.1226723828653957E-09   3.0985527650576659E-19   3.1804220599483733E+03
   7.5767700000000000E+08   2.5751744280801646E+04   4.9810971442113161E-09   3.0065585490962845E-19   3.1871493686905496E+03
   7.5967700000000000E+08   2.5772196177013546E+04   4.8440171666259605E-09   2.9184828947197499E-19   3.1929755489451745E+03
   7.6167700000000000E+08   2.5792335092030011E+04   4.7113352965376678E-09   2.8340979918767240E-19   3.1979835273460758E+03
   7.6367700000000000E+08   2.5813070579520270E+04   4.5829395624148984E-09   2.7531921216415612E-19   3.2022459377523205E+03
   7.6567700000000000E+08   2.5835099625205374E+04   4.4587083147659714E-09   2.6755687013732376E-19   3.2058265891286305E+03
   7.6767700000000000E+08   2.5858957281547431E+04   4.3385140437049642E-09   2.6010452227252377E-19   3.2087817287057374E+03
   7.6967700000000000E+08   2.5885053583296107E+04   4.2222262098526027E-09   2.5294521718019515E-19   3.2111611204374617E+03
   7.7167700000000000E+08   2.5913700823301417E+04   4.1097133396553865E-09   2.4606319837163418E-19   3.2130089613230543E+03
   7.7367700000000000E+08   2.5945134055786370E+04   4.0008445707819920E-09   2.3944380591354944E-19   3.2143646579852239E+03
   7.7567700000000000E+08   2.5979526801305252E+04   3.8954907843631783E-09   2.3307338548658530E-19   3.2152634842383336E+03
   7.7767700000000000E+08   2.6017003297478750E+04   3.7935254250276010E-09   2.2693920513035089E-19   3.2157371380637837E+03
   7.7967700000000000E+08   2.6057648208864674E+04   3.6948250837145800E-09   2.2102937944735562E-19   3.2158142139251177E+03
   7.8167700000000000E+08   2.6101514421512882E+04   3.5992698994453056E-09   2.1533280078454430E-19   3.2155206039754835E+03
   7.8367700000000000E+08   2.6148629358107675E+04   3.5067438225663695E-09   2.0983907680896112E-19   3.2148798395662279E+03
   7.8567700000000000E+08   2.6199000125235827E+04   3.4171347719509900E-09   2.0453847387632903E-19   3.2139133826024199E+03
   7.8767700000000000E+08   2.6252617722292965E+04   3.3303347111955139E-09   1.9942186561695577E-19   3.2126408747086575E+03
   7.8967700000000000E+08   2.6309460486512311E+04   3.2462396632440207E-09   1.9448068620854225E-19   3.2110803508420895E+03
   7.9167700000000000E+08   2.6369496910631013E+04   3.1647496786001106E-09   1.8970688785689014E-19   3.2092484228868957E+03
   7.9367700000000000E+08   2.6432687942525969E+04   3.0857687689879713E-09   1.8509290205644405E-19   3.2071604378508246E+03
   7.9567700000000000E+08   2.6498988855891719E+04   3.0092048157562751E-09   1.8063160424988363E-19   3.2048306145286674E+03
   7.9767700000000000E+08   2.6568350765335617E+04   2.9349694603021053E-09   1.7631628154847708E-19   3.2022721618719511E+03
   7.9967700000000000E+08   2.6640721846715387E+04   2.8629779822008713E-09   1.7214060321250871E-19   3.1994973817853488E+03
   8.0167700000000000E+08   2.6716048313279709E+04   2.7931491694677654E-09   1.6809859362410676E-19   3.1965177586393920E+03
   8.0367700000000000E+08   2.6794275189658423E+04   2.7254051843769580E-09   1.6418460751379894E-19   3.1933440374299480E+03
   8.0567700000000000E+08   2.6875346918662526E+04   2.6596714274713810E-09   1.6039330722757134E-19   3.1899862922152342E+03
   8.0767700000000000E+08   2.6959207829951363E+04   2.5958764017675961E-09   1.5671964184366505E-19   3.1864539862102033E+03
   8.0967700000000000E+08   2.7045802494751781E+04   2.5339515786634729E-09   1.5315882796820964E-19   3.1827560247078600E+03
   8.1167700000000000E+08   2.7135075986845881E+04   2.4738312666646117E-09   1.4970633205641445E-19   3.1789008018203049E+03
   8.1367700000000000E+08   2.7226974066851715E+04   2.4154524837383640E-09   1.4635785412174452E-19   3.1748962418838137E+03
   8.1567700000000000E+08   2.7321443304318713E+04   2.3587548338643498E-09   1.4310931270951565E-19   3.1707498362471833E+03
   8.1767700000000000E+08   2.7418431150245873E+04   2.3036803881638290E-09   1.3995683102384255E-19   3.1664686760572977E+03
   8.1967700000000000E+08   2.7517885971183303E+04   2.2501735708464418E-09   1.3689672410805806E-19   3.1620594815671420E+03
   8.2167700000000000E+08   2.7619757055007605E+04   2.1981810501019172E-09   1.3392548698867794E-19   3.1575286284167141E+03
   8.2367700000000000E+08   2.7723994597661676E+04   2.1476516339793837E-09   1.3103978370184544E-19   3.1528821712743911E+03
   8.2567700000000000E+08   2.7830549679481290E+04   2.0985361712315431E-09   1.2823643712903938E-19   3.1481258651730100E+03
   8.2767700000000000E+08   2.7939374239110792E+04   2.0507874570507975E-09   1.2551241957575996E-19   3.1432651848300438E+03
   8.2967700000000000E+08   2.8050421052340756E+04   2.0043601435849533E-09   1.2286484403296623E-19   3.1383053422031544E+03
   8.3167700000000000E+08   2.8163643722367742E+04   1.9592106550893426E-09   1.2029095606635557E-19   3.1332513024998648E+03
   8.3367700000000000E+08   2.8278996686964729E+04   1.9152971075471770E-09   1.1778812628317859E-19   3.1281077988322309E+03
   8.3567700000000000E+08   2.8396435246790395E+04   1.8725792325699474E-09   1.1535384333030433E-19   3.1228793456831518E+03
   8.3767700000000000E+08   2.8515915617588689E+04   1.8310183053735007E-09   1.1298570738075298E-19   3.1175702513297738E+03
   8.3967700000000000E+08   2.8637395007356787E+04   1.7905770766127567E-09   1.1068142406900031E-19   3.1121846293505696E+03
   8.4167700000000000E+08   2.8760831717760186E+04   1.7512197078490455E-09   1.0843879883813344E-19   3.1067264093257372E+03
   8.4367700000000000E+08   2.8886185267253204E+04   1.7129117104186088E-09   1.0625573166447306E-19   3.1011993468251690E+03
   8.4567700000000000E+08   2.9013416531618317E+04   1.6756198874695767E-09   1.0413021212767865E-19   3.0956070327641769E+03
   8.4767700000000000E+08   2.9142487896106439E+04   1.6393122789373414E-09   1.0206031479665096E-19   3.0899529021943940E+03
   8.4967700000000000E+08   2.9273363412130431E+04   1.6039581092354851E-09   1.0004419490384336E-19   3.0842402425854330E+03
   8.5167700000000000E+08   2.9406008950663225E+04   1.5695277374505188E-09   9.8080084282869382E-20   3.0784722016424516E+03
   8.5367700000000000E+08   2.9540392344157863E+04   1.5359926098436333E-09   9.6166287546593987E-20   3.0726517946953741E+03
   8.5567700000000000E+08   2.9676483509004644E+04   1.5033252144808045E-09   9.4301178485200511E-20   3.0667819116875025E+03
   8.5767700000000000E+08   2.9814254541235528E+04   1.4714990378329272E-09   9.2483196666007197E-20   3.0608653237844587E+03
   8.5967700000000000E+08   2.9953679779354083E+04   1.4404885232095651E-09   9.0710844219041982E-20   3.0549046896191421E+03
   8.6167700000000000E+08   3.0094735829726007E+04   1.4102690309118557E-09   8.8982682794507999E-20   3.0489025611843326E+03
   8.6367700000000000E+08   3.0237401551796884E+04   1.3808168000114420E-09   8.7297330680255650E-20   3.0428613893819411E+03
   8.6567700000000000E+08   3.0381658002383090E+04   1.3521089116819691E-09   8.5653460069171576E-20   3.0367835292365471E+03
   8.6767700000000000E+08   3.0527488340276876E+04   1.3241232540265618E-09   8.4049794467950620E-20   3.0306712447804980E+03
   8.6967700000000000E+08   3.0674877694282517E+04   1.2968384883586982E-09   8.2485106240034063E-20   3.0245267136184757E+03
   8.7167700000000000E+08   3.0823812999435340E+04   1.2702340169041829E-09   8.0958214276538192E-20   3.0183520311807006E+03
   8.7367700000000000E+08   3.0974282807461543E+04   1.2442899518987268E-09   7.9467981789780718E-20   3.0121492146758087E+03
   8.7567700000000000E+08   3.1126277078445080E+04   1.2189870860588674E-09   7.8013314224545636E-20   3.0059202067563328E+03
   8.7767700000000000E+08   3.1279786961142858E+04   1.1943068644042670E-09   7.6593157282546087E-20   2.9996668789118849E+03
   8.7967700000000000E+08   3.1434804569445299E+04   1.1702313574069537E-09   7.5206495055672104E-20   2.9933910346069865E+03
   8.8167700000000000E+08   3.1591322762132335E+04   1.1467432354387856E-09   7.3852348263601481E-20   2.9870944121820753E+03
   8.8367700000000000E+08   3.1749334932404865E+04   1.1238257444827805E-09   7.2529772591241272E-20   2.9807786875374172E+03
   8.8567700000000000E+08   3.1908834812775796E+04   1.1014626830676262E-09   7.1237857121296603E-20   2.9744454766202671E+03
   8.8767700000000000E+08   3.2069816299952956E+04   1.0796383803777713E-09   6.9975722857035024E-20   2.9680963377358889E+03
   8.8967700000000000E+08   3.2232273303602997E+04   1.0583376754842096E-09   6.8742521330041430E-20   2.9617327737028668E+03
   8.9167700000000000E+08   3.2396199622995930E+04   1.0375458976312895E-09   6.7537433287297513E-20   2.9553562338728166E+03
   8.9367700000000000E+08   3.2561588857707127E+04   1.0172488474991464E-09   6.6359667451022998E-20   2.9489681160348860E+03
   8.9567700000000000E+08   3.2728434365413181E+04   9.9743277933051446E-10   6.5208459342757491E-20   2.9425697682274440E+03
   8.9767700000000000E+08   3.2896729296239995E+04   9.7808438374855368E-10   6.4083070159005579E-20   2.9361624904858422E+03
   8.9967700000000000E+08   3.3066466766883786E+04   9.5919077097393878E-10   6.2982785677641756E-20   2.9297475365707792E+03
   9.0167700000000000E+08   3.3237640297838065E+04   9.4073945394942970E-10   6.1906915160295515E-20   2.9233261157540251E+03
   9.0367700000000000E+08   3.3410244724917349E+04   9.2271833060653380E-10   6.0854790196390094E-20   2.9168993947955669E+03
   9.0567700000000000E+08   3.3584277882690854E+04   9.0511566428260703E-10   5.9825763417285728E-20   2.9104685003312493E+03
   9.0767700000000000E+08   3.3759743341626541E+04   8.8792006148304543E-10   5.8819207018835115E-20   2.9040345219814485E+03
   9.0967700000000000E+08   3.3936654149941445E+04   8.7112044749579447E-10   5.7834511117060117E-20   2.8975985165149764E+03
   9.1167700000000000E+08   3.4115036592200457E+04   8.5470604369551250E-10   5.6871082188402613E-20   2.8911615132037855E+03
   9.1367700000000000E+08   3.4294931295536080E+04   8.3866635591769842E-10   5.5928342232639490E-20   2.8847245198708333E+03
   9.1567700000000000E+08   3.4476387166171633E+04   8.2299118872968394E-10   5.5005729693187277E-20   2.8782885279504580E+03
   9.1767700000000000E+08   3.4659443536377294E+04   8.0767069919728458E-10   5.4102703128337481E-20   2.8718545134575393E+03
   9.1967700000000000E+08   3.4844100512497258E+04   7.9269548645667706E-10   5.3218747487445785E-20   2.8654234301792421E+03
   9.2167700000000000E+08   3.5030288294350961E+04   7.7805667727569409E-10   5.2353380368922243E-20   2.8589961933431532E+03
   9.2367700000000000E+08   3.5217857975469953E+04   7.6374593105977464E-10   5.1506153012283190E-20   2.8525736574122602E+03
   9.2567700000000000E+08   3.5406615742135036E+04   7.4975529784274001E-10   5.0676641253958305E-20   2.8461565983731484E+03
   9.2767700000000000E+08   3.5596395754765654E+04   7.3607695299892218E-10   4.9864427689097026E-20   2.8397457129540003E+03
   9.2967700000000000E+08   3.5787125856905775E+04   7.2270296547509177E-10   4.9069085512907790E-20   2.8333416387403272E+03
   9.3167700000000000E+08   3.5978832948249721E+04   7.0962530304032737E-10   4.8290178154420259E-20   2.8269449836315889E+03
   9.3367700000000000E+08   3.6171577199116211E+04   6.9683605839056189E-10   4.7527274188517313E-20   2.8205563455247025E+03
   9.3567700000000000E+08   3.6365380860533798E+04   6.8432765723503090E-10   4.6779961582221170E-20   2.8141763123319706E+03
   9.3767700000000000E+08   3.6560271562500573E+04   6.7209302916348647E-10   4.6047859707151010E-20   2.8078054546945327E+03
   9.3967700000000000E+08   3.6756427079716479E+04   6.6012583214940143E-10   4.5330634814407954E-20   2.8014443418596702E+03
   9.4167700000000000E+08   3.6954179402569658E+04   6.4842032738596683E-10   4.4627991183423973E-20   2.7950935886349280E+03
   9.4367700000000000E+08   3.7153728496817843E+04   6.3697045629980875E-10   4.3939607491751578E-20   2.7887538827475923E+03
   9.4567700000000000E+08   3.7354821512958122E+04   6.2576880502356302E-10   4.3265065871142874E-20   2.7824259285865351E+03
   9.4767700000000000E+08   3.7556787710499440E+04   6.1480674106394806E-10   4.2603862186162488E-20   2.7761103228680722E+03
   9.4967700000000000E+08   3.7758957326842181E+04   6.0407582992816782E-10   4.1955504675270468E-20   2.7698074638904632E+03
   9.5167700000000000E+08   3.7961091700965029E+04   5.9356923426204224E-10   4.1319610856177291E-20   2.7635175782136503E+03
   9.5367700000000000E+08   3.8163497133175573E+04   5.8328200632199811E-10   4.0695927161917134E-20   2.7572408442563888E+03
   9.5567700000000000E+08   3.8366964357680299E+04   5.7321038910642998E-10   4.0084279495718888E-20   2.7509775292637914E+03
   9.5767700000000000E+08   3.8572159308965580E+04   5.6335063957659611E-10   3.9484490804933103E-20   2.7447280555827138E+03
   9.5967700000000000E+08   3.8779088490704227E+04   5.5369815043936990E-10   3.8896320196209040E-20   2.7384929528889047E+03
   9.6167700000000000E+08   3.8987514314237014E+04   5.4424771175483130E-10   3.8319482299797183E-20   2.7322727464199324E+03
   9.6367700000000000E+08   3.9197287329045437E+04   5.3499416390925594E-10   3.7753693568882890E-20   2.7260679035252642E+03
   9.6567700000000000E+08   3.9408318295250378E+04   5.2593256487121978E-10   3.7198683865410092E-20   2.7198788482901368E+03
   9.6767700000000000E+08   3.9620552032577594E+04   5.1705816782020505E-10   3.6654194815569081E-20   2.7137059737674217E+03
   9.6967700000000000E+08   3.9833951961623367E+04   5.0836639366029367E-10   3.6119977854129682E-20   2.7075496498600628E+03
   9.7167700000000000E+08   4.0048492517806677E+04   4.9985281402145455E-10   3.5595793041766179E-20   2.7014102280031507E+03
   9.7367700000000000E+08   4.0264155306402012E+04   4.9151313933832336E-10   3.5081408256868546E-20   2.6952880441732891E+03
   9.7567700000000000E+08   4.0480926839145322E+04   4.8334320896954806E-10   3.4576598538150006E-20   2.6891834209942654E+03
   9.7767700000000000E+08   4.0698796819714771E+04   4.7533898318732515E-10   3.4081145562824418E-20   2.6830966692568236E+03
   9.7967700000000000E+08   4.0917756824585056E+04   4.6749653668576820E-10   3.3594837234550004E-20   2.6770280889979808E+03
   9.8167700000000000E+08   4.1137799506598174E+04   4.5981205290009876E-10   3.3117467329600459E-20   2.6709779702718697E+03
   9.8367700000000000E+08   4.1358918202890571E+04   4.5228181903090415E-10   3.2648835192576686E-20   2.6649465937364107E+03
   9.8567700000000000E+08   4.1581106714318979E+04   4.4490222197201021E-10   3.2188745495599435E-20   2.6589342311329738E+03
   9.8767700000000000E+08   4.1804359146088776E+04   4.3766974496733790E-10   3.1737008048709060E-20   2.6529411456963544E+03
   9.8967700000000000E+08   4.2028669723186729E+04   4.3058096462058842E-10   3.1293437634627649E-20   2.6469675925116321E+03
   9.9167700000000000E+08   4.2254032496561471E+04   4.2363254802907743E-10   3.0857853851578379E-20   2.6410138188122614E+03
   9.9367700000000000E+08   4.2480441092793713E+04   4.1682125001158849E-10   3.0430080962109771E-20   2.6350800642088834E+03
   9.9567700000000000E+08   4.2707888984025114E+04   4.1014391080531527E-10   3.0009947774938426E-20   2.6291665608855196E+03
   9.9767700000000000E+08   4.2936370840681593E+04   4.0359745513749176E-10   2.9597287625242352E-20   2.6232735338907250E+03
   9.9967700000000000E+08   4.3165885174902665E+04   3.9717889353672314E-10   2.9191938516276922E-20   2.6174012017326240E+03
   1.0016770000000000E+09   4.3396437622680656E+04   3.9088532553951681E-10   2.8793743397537303E-20   2.6115497774782930E+03
   1.0036770000000000E+09   4.3628043755911516E+04   3.8471394356922404E-10   2.8402550491229655E-20   2.6057194704073950E+03
   1.0056770000000000E+09   4.3860729403911399E+04   3.7866203320549270E-10   2.8018213353228604E-20   2.5999104880517980E+03
   1.0076770000000000E+09   4.4094526854402582E+04   3.7272696250250272E-10   2.7640590125467496E-20   2.5941230381221208E+03
   1.0096770000000000E+09   4.4329467069207363E+04   3.6690616391880469E-10   2.7269542240666317E-20   2.5883573294699013E+03
   1.0116770000000000E+09   4.4565570292119977E+04   3.6119711712109889E-10   2.6904933192031493E-20   2.5826135714468619E+03
   1.0136770000000000E+09   4.4802837965206600E+04   3.5559733637902972E-10   2.6546627645456982E-20   2.5768919716209857E+03
   1.0156770000000000E+09   4.5041248631693976E+04   3.5010436302184897E-10   2.6194490928688727E-20   2.5711927323162108E+03
   1.0176770000000000E+09   4.5280756505765537E+04   3.4471576294226232E-10   2.5848388894041303E-20   2.5655160467012397E+03
   1.0196770000000000E+09   4.5521295421816365E+04   3.3942913239619338E-10   2.5508188398752560E-20   2.5598620949964416E+03
   1.0216770000000000E+09   4.5762790043152345E+04   3.3424211286050462E-10   2.5173758460769317E-20   2.5542310417567141E+03
   1.0236770000000000E+09   4.6005167699376936E+04   3.2915240901731251E-10   2.4844971644486449E-20   2.5486230351751187E+03
   1.0256770000000000E+09   4.6248368045316623E+04   3.2415780235145199E-10   2.4521705113165716E-20   2.5430382084187750E+03
   1.0276770000000000E+09   4.6492349081570392E+04   3.1925615813849817E-10   2.4203841181147634E-20   2.5374766824502308E+03
   1.0296770000000000E+09   4.6737088831156121E+04   3.1444542545496694E-10   2.3891267338033564E-20   2.5319385696095865E+03
   1.0316770000000000E+09   4.6982583226888397E+04   3.0972363151214094E-10   2.3583875843304701E-20   2.5264239772021610E+03
   1.0336770000000000E+09   4.7228841552310994E+04   3.0508887262532486E-10   2.3281563066501493E-20   2.5209330105030745E+03
   1.0356770000000000E+09   4.7475880981017937E+04   3.0053930425640530E-10   2.2984228757921724E-20   2.5154657748547302E+03
   1.0376770000000000E+09   4.7723721496631806E+04   2.9607313203323298E-10   2.2691775394468165E-20   2.5100223767974148E+03
   1.0396770000000000E+09   4.7972381982731415E+04   2.9168860481289329E-10   2.2404107681799657E-20   2.5046029243693879E+03
   1.0416770000000000E+09   4.8221877763497956E+04   2.8738401005332236E-10   2.2121132232810676E-20   2.4992075268157450E+03
   1.0436770000000000E+09   4.8472219485877758E+04   2.8315767119962783E-10   2.1842757399818066E-20   2.4938362939633312E+03
   1.0456770000000000E+09   4.8723413015969876E+04   2.7900794652721813E-10   2.1568893217570099E-20   2.4884893354793439E+03
   1.0476770000000000E+09   4.8975459964539688E+04   2.7493322885092993E-10   2.1299451411637618E-20   2.4831667601652421E+03
   1.0496770000000000E+09   4.9228358505168602E+04   2.7093194561342664E-10   2.1034345434722518E-20   2.4778686753706265E+03
   1.0516770000000000E+09   4.9482104243243048E+04   2.6700255902337152E-10   2.0773490505513024E-20   2.4725951865581892E+03
   1.0536770000000000E+09   4.9736690993248201E+04   2.6314356606264951E-10   2.0516803636187716E-20   2.4673463970154789E+03
   1.0556770000000000E+09   4.9992111402817325E+04   2.5935349829236190E-10   2.0264203643205454E-20   2.4621224076905569E+03
   1.0576770000000000E+09   5.0248357415353530E+04   2.5563092145701474E-10   2.0015611141412643E-20   2.4569233171224105E+03
   1.0596770000000000E+09   5.0505420591454582E+04   2.5197443492222079E-10   1.9770948524281555E-20   2.4517492214382728E+03
   1.0616770000000000E+09   5.0763292320302382E+04   2.4838267099266097E-10   1.9530139933979416E-20   2.4466002143948049E+03
   1.0636770000000000E+09   5.1021963952076847E+04   2.4485429415487613E-10   1.9293111224795499E-20   2.4414763874459745E+03
   1.0656770000000000E+09   5.1281426877180966E+04   2.4138800028116982E-10   1.9059789922805188E-20   2.4363778298256743E+03
   1.0676770000000000E+09   5.1541672571650248E+04   2.3798251582088326E-10   1.8830105183864133E-20   2.4313046286374120E+03
   1.0696770000000000E+09   5.1802692622274713E+04   2.3463659699660049E-10   1.8603987751342678E-20   2.4262568689463742E+03
   1.0716770000000000E+09   5.2064478740552957E+04   2.3134902901625770E-10   1.8381369914492470E-20   2.4212346338712305E+03
   1.0736770000000000E+09   5.2327022771518343E+04   2.2811862530743014E-10   1.8162185467965854E-20   2.4162380046743856E+03
   1.0756770000000000E+09   5.2590316701234973E+04   2.2494422677697920E-10   1.7946369672763843E-20   2.4112670608502212E+03
   1.0776770000000000E+09   5.2854352665076942E+04   2.2182470109697440E-10   1.7733859218707903E-20   2.4063218802113151E+03
   1.0796770000000000E+09   5.3119122957504587E+04   2.1875894201623523E-10   1.7524592188404673E-20   2.4014025389728986E+03
   1.0816770000000000E+09   5.3384620043010669E+04   2.1574586869578188E-10   1.7318508022587436E-20   2.3965091118358196E+03
   1.0836770000000000E+09   5.3650836567269078E+04   2.1278442506599351E-10   1.7115547486677470E-20   2.3916416720681891E+03
   1.0856770000000000E+09   5.3917765367366977E+04   2.0987357920331215E-10   1.6915652638410255E-20   2.3868002915857369E+03
   1.0876770000000000E+09   5.4185399480230226E+04   2.0701232272474748E-10   1.6718766796403561E-20   2.3819850410307381E+03
   1.0896770000000000E+09   5.4453732148786847E+04   2.0419967019904375E-10   1.6524834509592172E-20   2.3771959898492878E+03
   1.0916770000000000E+09   5.4722756825866170E+04   2.0143465857391692E-10   1.6333801527497163E-20   2.3724332063666393E+03
   1.0936770000000000E+09   5.4992467176123057E+04   1.9871634661911823E-10   1.6145614771325332E-20   2.3676967578603303E+03
   1.0956770000000000E+09   5.5262857076344342E+04   1.9604381438521092E-10   1.5960222305904007E-20   2.3629867106309175E+03
   1.0976770000000000E+09   5.5533920614384275E+04   1.9341616267784554E-10   1.5777573312448301E-20   2.3583031300701250E+03
   1.0996770000000000E+09   5.5805652086737675E+04   1.9083251254718070E-10   1.5597618062145793E-20   2.3536460807262979E+03
   1.1016770000000000E+09   5.6078045994518558E+04   1.8829200479189913E-10   1.5420307890527319E-20   2.3490156263670328E+03
   1.1036770000000000E+09   5.6351097037419160E+04   1.8579379947718213E-10   1.5245595172585066E-20   2.3444118300388059E+03
   1.1056770000000000E+09   5.6624800105124559E+04   1.8333707546596752E-10   1.5073433298595508E-20   2.3398347541234180E+03
   1.1076770000000000E+09   5.6899150265632728E+04   1.8092102996289293E-10   1.4903776650610686E-20   2.3352844603909748E+03
   1.1096770000000000E+09   5.7174142749983825E+04   1.7854487807040098E-10   1.4736580579587104E-20   2.3307610100490897E+03
   1.1116770000000000E+09   5.7449772932976834E+04   1.7620785235662709E-10   1.4571801383133064E-20   2.3262644637879494E+03
   1.1136770000000000E+09   5.7726036309553165E+04   1.7390920243476648E-10   1.4409396283861139E-20   2.3217948818208583E+03
   1.1156770000000000E+09   5.8002928466607249E+04   1.7164819455372104E-10   1.4249323408341113E-20   2.3173523239198253E+03
   1.1176770000000000E+09   5.8280445050073380E+04   1.6942411119986027E-10   1.4091541766650867E-20   2.3129368494458163E+03
   1.1196770000000000E+09   5.8558581727209355E+04   1.6723625070975390E-10   1.3936011232524840E-20   2.3085485173732072E+03
   1.1216770000000000E+09   5.8837334144073677E+04   1.6508392689372390E-10   1.3782692524098120E-20   2.3041873863080900E+03
   1.1236770000000000E+09   5.9116697878267580E+04   1.6296646867004094E-10   1.3631547185242431E-20   2.2998535144999992E+03
   1.1256770000000000E+09   5.9396668387107573E+04   1.6088321970953030E-10   1.3482537567484534E-20   2.2955469598467366E+03
   1.1276770000000000E+09   5.9677240951495674E+04   1.5883353809030617E-10   1.3335626812493331E-20   2.2912677798919667E+03
   1.1296770000000000E+09   5.9958410615881388E+04   1.5681679596226422E-10   1.3190778835113796E-20   2.2870160318153062E+03
   1.1316770000000000E+09   6.0240172124843368E+04   1.5483237922089600E-10   1.3047958306919528E-20   2.2827917724147173E+03
   1.1336770000000000E+09   6.0522519856986131E+04   1.5287968718988936E-10   1.2907130640246353E-20   2.2785950580810550E+03
   1.1356770000000000E+09   6.0805447757017479E+04   1.5095813231188783E-10   1.2768261972660800E-20   2.2744259447647132E+03
   1.1376770000000000E+09   6.1088949267063181E+04   1.4906713984670176E-10   1.2631319151808876E-20   2.2702844879344616E+03
   1.1396770000000000E+09   6.1373017258476742E+04   1.4720614757615664E-10   1.2496269720580549E-20   2.2661707425286036E+03
   1.1416770000000000E+09   6.1657643965595300E+04   1.4537460551470691E-10   1.2363081902518539E-20   2.2620847628988013E+03
   1.1436770000000000E+09   6.1942820923094361E+04   1.4357197562486344E-10   1.2231724587391806E-20   2.2580266027470152E+03
   1.1456770000000000E+09   6.2228538908769478E+04   1.4179773153644930E-10   1.2102167316849420E-20   2.2539963150561871E+03
   1.1476770000000000E+09   6.2514787893729816E+04   1.4005135826866800E-10   1.1974380270066169E-20   2.2499939520154689E+03
   1.1496770000000000E+09   6.2801557002094589E+04   1.3833235195399479E-10   1.1848334249291715E-20   2.2460195649409829E+03
   1.1516770000000000E+09   6.3088834482354803E+04   1.3664021956293007E-10   1.1724000665215982E-20   2.2420732041932733E+03
   1.1536770000000000E+09   6.3376607692552177E+04   1.3497447862875352E-10   1.1601351522070369E-20   2.2381549190928063E+03
   1.1556770000000000E+09   6.3664863101351410E+04   1.3333465697153430E-10   1.1480359402393188E-20   2.2342647578350311E+03
   1.1576770000000000E+09   6.3953586306904770E+04   1.3172029242083163E-10   1.1360997451402184E-20   2.2304027674066683E+03
   1.1596770000000000E+09   6.4242762075141560E+04   1.3013093253673363E-10   1.1243239360934769E-20   2.2265689935050300E+03
   1.1616770000000000E+09   6.4532374398745917E+04   1.2856613432913895E-10   1.1127059352938740E-20   2.2227634804622512E+03
   1.1636770000000000E+09   6.4822406577606955E+04   1.2702546397548383E-10   1.1012432162522476E-20   2.2189862711763576E+03
   1.1656770000000000E+09   6.5112841320955100E+04   1.2550849653744134E-10   1.0899333020602652E-20   2.2152374070511187E+03
   1.1676770000000000E+09   6.5403660870738277E+04   1.2401481567746269E-10   1.0787737636219134E-20   2.2115169279465299E+03
   1.1696770000000000E+09   6.5694847145064661E+04   1.2254401337638215E-10   1.0677622178619410E-20   2.2078248721416885E+03
   1.1716770000000000E+09   6.5986381899768516E+04   1.2109568965363728E-10   1.0568963259246854E-20   2.2041612763115900E+03
   1.1736770000000000E+09   6.6278246905369917E+04   1.1966945229196858E-10   1.0461737913797629E-20   2.2005261755191741E+03
   1.1756770000000000E+09   6.6570424135947920E+04   1.1826491656870855E-10   1.0355923584536709E-20   2.1969196032235850E+03
   1.1776770000000000E+09   6.6862895965756587E+04   1.1688170499594605E-10   1.0251498103083223E-20   2.1933415913052536E+03
   1.1796770000000000E+09   6.7155645368826357E+04   1.1551944707194737E-10   1.0148439673888229E-20   2.1897921701080013E+03
   1.1816770000000000E+09   6.7448656116368700E+04   1.1417777904618961E-10   1.0046726858630317E-20   2.1862713684979058E+03
   1.1836770000000000E+09   6.7741912966563046E+04   1.1285634370022399E-10   9.9463385617467987E-21   2.1827792139382009E+03
   1.1856770000000000E+09   6.8035401841272047E+04   1.1155479014633348E-10   9.8472540172998373E-21   2.1793157325790235E+03
   1.1876770000000000E+09   6.8329109984446128E+04   1.1027277364557721E-10   9.7494527773474977E-21   2.1758809493603680E+03
   1.1896770000000000E+09   6.8623026097420239E+04   1.0900995544633956E-10   9.6529147019502836E-21   2.1724748881262199E+03
   1.1916770000000000E+09   6.8917140446978956E+04   1.0776600264395974E-10   9.5576199508974097E-21   2.1690975717474917E+03
   1.1936770000000000E+09   6.9211444942940288E+04   1.0654058806139875E-10   9.4635489771827655E-21   2.1657490222511083E+03
   1.1956770000000000E+09   6.9505933183017929E+04   1.0533339015030283E-10   9.3706825222067931E-21   2.1624292609524318E+03
   1.1976770000000000E+09   6.9800600463871247E+04   1.0414409291119271E-10   9.2790016126229469E-21   2.1591383085881089E+03
   1.1996770000000000E+09   7.0095443758404363E+04   1.0297238583097663E-10   9.1884875586971882E-21   2.1558761854464647E+03
   1.2016770000000000E+09   7.0390461660550907E+04   1.0181796383548820E-10   9.0991219540011063E-21   2.1526429114926664E+03
   1.2036770000000000E+09   7.0685654299857473E+04   1.0068052725438603E-10   9.0108866762222353E-21   2.1494385064860903E+03
   1.2056770000000000E+09   7.0981023229159851E+04   9.9559781795481668E-11   8.9237638888459839E-21   2.1462629900876113E+03
   1.2076770000000000E+09   7.1276571289449843E+04   9.8455438525431941E-11   8.8377360434465381E-21   2.1431163819548842E+03
   1.2096770000000000E+09   7.1572302456680816E+04   9.7367213853701815E-11   8.7527858823159886E-21   2.1399987018240899E+03
   1.2116770000000000E+09   7.1868221675690977E+04   9.6294829516805024E-11   8.6688964411646638E-21   2.1369099695770497E+03
   1.2136770000000000E+09   7.2164334686664108E+04   9.5238012560023701E-11   8.5860510516379293E-21   2.1338502052930676E+03
   1.2156770000000000E+09   7.2460647849565954E+04   9.4196495314097754E-11   8.5042333434163296E-21   2.1308194292852986E+03
   1.2176770000000000E+09   7.2757167971817922E+04   9.3170015364740097E-11   8.4234272456947044E-21   2.1278176621218840E+03
   1.2196770000000000E+09   7.3053902144059743E+04   9.2158315513268748E-11   8.3436169878720412E-21   2.1248449246324840E+03
   1.2216770000000000E+09   7.3350857588274128E+04   9.1161143727126596E-11   8.2647870993246387E-21   2.1219012379011856E+03
   1.2236770000000000E+09   7.3648041521746592E+04   9.0178253079579969E-11   8.1869224081807235E-21   2.1189866232470567E+03
   1.2256770000000000E+09   7.3945461039418966E+04   8.9209401678419163E-11   8.1100080390621836E-21   2.1161011021938207E+03
   1.2276770000000000E+09   7.4243123016162295E+04   8.8254352584001788E-11   8.0340294098062664E-21   2.1132446964302776E+03
   1.2296770000000000E+09   7.4541034029424278E+04   8.7312873717463419E-11   7.9589722272251694E-21   2.1104174277631246E+03
   1.2316770000000000E+09   7.4839200301700766E+04   8.6384737760324351E-11   7.8848224819999715E-21   2.1076193180638238E+03
   1.2336770000000000E+09   7.5137627661375926E+04   8.5469722047036576E-11   7.8115664428364658E-21   2.1048503892110552E+03
   1.2356770000000000E+09   7.5436321519780249E+04   8.4567608452205683E-11   7.7391906500306882E-21   2.1021106630301315E+03
   1.2376770000000000E+09   7.5735286861845743E+04   8.3678183274295864E-11   7.6676819086015238E-21   2.0994001612305588E+03
   1.2396770000000000E+09   7.6034528247537572E+04   8.2801237117567101E-11   7.5970272811454356E-21   2.0967189053427028E+03
   1.2416770000000000E+09   7.6334049821260080E+04   8.1936564773851914E-11   7.5272140805580086E-21   2.0940669166543084E+03
   1.2436770000000000E+09   7.6633855326663412E+04   8.1083965105549979E-11   7.4582298627486197E-21   2.0914442161473717E+03
   1.2456770000000000E+09   7.6933948124622140E+04   8.0243240930958132E-11   7.3900624194524076E-21   2.0888508244357399E+03
   1.2476770000000000E+09   7.7234331212567646E+04   7.9414198912792766E-11   7.3226997712214741E-21   2.0862867617036063E+03
   1.2496770000000000E+09   7.7535007243765969E+04   7.8596649450504446E-11   7.2561301606546770E-21   2.0837520476449654E+03
   1.2516770000000000E+09   7.7835978545524296E+04   7.7790406576774894E-11   7.1903420459067915E-21   2.0812467014040103E+03
   1.2536770000000000E+09   7.8137247135633370E+04   7.6995287858404231E-11   7.1253240945013891E-21   2.0787707415163854E+03
   1.2556770000000000E+09   7.8438814736633067E+04   7.6211114301658330E-11   7.0610651774592905E-21   2.0763241858511692E+03
   1.2576770000000000E+09   7.8740682787713740E+04   7.5437710262036042E-11   6.9975543637441690E-21   2.0739070515534431E+03
   1.2596770000000000E+09   7.9042852454265623E+04   7.4674903358330808E-11   6.9347809150188342E-21   2.0715193549872934E+03
   1.2616770000000000E+09   7.9345324635223093E+04   7.3922524390801556E-11   6.8727342806999290E-21   2.0691611116791200E+03
   1.2636770000000000E+09   7.9648099968453025E+04   7.3180407263235181E-11   6.8114040932954070E-21   2.0668323362611113E+03
   1.2656770000000000E+09   7.9951178834476377E+04   7.2448388908667008E-11   6.7507801640073105E-21   2.0645330424147855E+03
   1.2676770000000000E+09   8.0254561358813458E+04   7.1726309218533314E-11   6.6908524785826796E-21   2.0622632428145230E+03
   1.2696770000000000E+09   8.0558247413188321E+04   7.1014010975051384E-11   6.6316111933971313E-21   2.0600229490710217E+03
   1.2716770000000000E+09   8.0862236615755261E+04   7.0311339786653640E-11   6.5730466317581856E-21   2.0578121716746282E+03
   1.2736770000000000E+09   8.1166528330438989E+04   6.9618144026327210E-11   6.5151492804175012E-21   2.0556309199385237E+03
   1.2756770000000000E+09   8.1471121665405328E+04   6.8934274772735223E-11   6.4579097862833645E-21   2.0534792019417141E+03
   1.2776770000000000E+09   8.1776015470646191E+04   6.8259585754004136E-11   6.4013189533252263E-21   2.0513570244718248E+03
   1.2796770000000000E+09   8.2081208334622614E+04   6.7593933294064683E-11   6.3453677396623656E-21   2.0492643929676542E+03
   1.2816770000000000E+09   8.2386698579891643E+04   6.6937176261432864E-11   6.2900472548283954E-21   2.0472013114614715E+03
   1.2836770000000000E+09   8.2692484257609438E+04   6.6289176020314613E-11   6.2353487572029980E-21   2.0451677825210263E+03
   1.2856770000000000E+09   8.2998563140758444E+04   6.5649796383919583E-11   6.1812636516022468E-21   2.0431638071912359E+03
   1.2876770000000000E+09   8.3304932715873700E+04   6.5018903569877351E-11   6.1277834870195451E-21   2.0411893849355095E+03
   1.2896770000000000E+09   8.3611590172958735E+04   6.4396366157661078E-11   6.0748999545101686E-21   2.0392445135766629E+03
   1.2916770000000000E+09   8.3918532393158472E+04   6.3782055047946867E-11   6.0226048852145525E-21   2.0373291892373472E+03
   1.2936770000000000E+09   8.4225755933592227E+04   6.3175843423871728E-11   5.9708902485186407E-21   2.0354434062799128E+03
   1.2956770000000000E+09   8.4533257008572327E+04   6.2577606714191379E-11   5.9197481503533145E-21   2.0335871572455760E+03
   1.2976770000000000E+09   8.4841031466226341E+04   6.1987222558391190E-11   5.8691708316398284E-21   2.0317604327927368E+03
   1.2996770000000000E+09   8.5149074759425697E+04   6.1404570773827402E-11   5.8191506668905881E-21   2.0299632216342300E+03
   1.3016770000000000E+09   8.5457381909961492E+04   6.0829533324967565E-11   5.7696801629739099E-21   2.0281955104732556E+03
   1.3036770000000000E+09   8.5765947465365272E+04   6.0261994294681485E-11   5.7207519580403180E-21   2.0264572839376822E+03
   1.3056770000000000E+09   8.6074765448824139E+04   5.9701839857274109E-11   5.6723588205831262E-21   2.0247485245124135E+03
   1.3076770000000000E+09   8.6383829304589279E+04   5.9148958252474086E-11   5.6244936485601025E-21   2.0230692124695854E+03
   1.3096770000000000E+09   8.6693131844289412E+04   5.8603239758868340E-11   5.5771494684331576E-21   2.0214193257965328E+03
   1.3116770000000000E+09   8.7002665203623998E+04   5.8064576664326970E-11   5.5303194338909447E-21   2.0197988401218183E+03
   1.3136770000000000E+09   8.7312420823679349E+04   5.7532863229885259E-11   5.4839968239136025E-21   2.0182077286402055E+03
   1.3156770000000000E+09   8.7622389475671152E+04   5.7007995642599251E-11   5.4381750397442668E-21   2.0166459620382407E+03
   1.3176770000000000E+09   8.7932561350808988E+04   5.6489871952414807E-11   5.3928476002816998E-21   2.0151135084231237E+03
   1.3196770000000000E+09   8.8242926236158979E+04   5.5978391988589896E-11   5.3480081354513772E-21   2.0136103332585935E+03
   1.3216770000000000E+09   8.8553473790699412E+04   5.5473457253159288E-11   5.3036503772949520E-21   2.0121363993124912E+03
   1.3236770000000000E+09   8.8864193921589584E+04   5.4974970792658409E-11   5.2597681488736742E-21   2.0106916666210714E+03
   1.3256770000000000E+09   8.9175077238985788E+04   5.4482837054731489E-11   5.2163553516024329E-21   2.0092760924747454E+03
   1.3276770000000000E+09   8.9486115541139297E+04   5.3996961742596410E-11   5.1734059522483135E-21   2.0078896314283388E+03
   1.3296770000000000E+09   8.9797302255858041E+04   5.3517251686124892E-11   5.1309139713973495E-21   2.0065322353360662E+03
   1.3316770000000000E+09   9.0108632748493415E+04   5.3043614751392745E-11   5.0888734755098951E-21   2.0052038534074347E+03
   1.3336770000000000E+09   9.0420104410060230E+04   5.2575959808726473E-11   5.0472785745303814E-21   2.0039044322758123E+03
   1.3356770000000000E+09   9.0731716469043924E+04   5.2114196771029822E-11   5.0061234262419746E-21   2.0026339160675941E+03
   1.3376770000000000E+09   9.1043469526957590E+04   5.1658236699783898E-11   4.9654022471798925E-21   2.0013922464579664E+03
   1.3396770000000000E+09   9.1355364890483717E+04   5.1207991958353027E-11   4.9251093282000456E-21   2.0001793627004758E+03
   1.3416770000000000E+09   9.1667403841041756E+04   5.0763376376303452E-11   4.8852390512419792E-21   1.9989952016223208E+03
   1.3436770000000000E+09   9.1979587019115439E+04   5.0324305380714185E-11   4.8457859030434231E-21   1.9978396975849521E+03
   1.3456770000000000E+09   9.2291914083171912E+04   4.9890696056015957E-11   4.8067444820589510E-21   1.9967127824181557E+03
   1.3476770000000000E+09   9.2604383725638530E+04   4.9462467113702049E-11   4.7681094967142873E-21   1.9956143853427643E+03
   1.3496770000000000E+09   9.2916994010478928E+04   4.9039538782264160E-11   4.7298757559172461E-21   1.9945444328995436E+03
   1.3516770000000000E+09   9.3229742881401689E+04   4.8621832655466267E-11   4.6920381554429944E-21   1.9935028488984772E+03
   1.3536770000000000E+09   9.3542628627973201E+04   4.8209271551406726E-11   4.6545916652350578E-21   1.9924895543943030E+03
   1.3556770000000000E+09   9.3855650123945044E+04   4.7801779427712746E-11   4.6175313220231164E-21   1.9915044676839045E+03
   1.3576770000000000E+09   9.4168806763509812E+04   4.7399281371021961E-11   4.5808522290646718E-21   1.9905475043133633E+03
   1.3596770000000000E+09   9.4482098167350938E+04   4.7001703643589640E-11   4.5445495614099407E-21   1.9896185770806087E+03
   1.3616770000000000E+09   9.4795523836540189E+04   4.6608973744090898E-11   4.5086185725749071E-21   1.9887175960244717E+03
   1.3636770000000000E+09   9.5109082939437474E+04   4.6221020437429132E-11   4.4730545982509708E-21   1.9878444683998393E+03
   1.3656770000000000E+09   9.5422774320043885E+04   4.5837773730857615E-11   4.4378530548244131E-21   1.9869990986465887E+03
   1.3676770000000000E+09   9.5736596674824745E+04   4.5459164807360486E-11   4.4030094337260659E-21   1.9861813883626771E+03
   1.3696770000000000E+09   9.6050548748882153E+04   4.5085125951015566E-11   4.3685192949503158E-21   1.9853912362880510E+03
   1.3716770000000000E+09   9.6364629412681476E+04   4.4715590498298191E-11   4.3343782630372675E-21   1.9846285382987435E+03
   1.3736770000000000E+09   9.6678837584450856E+04   4.4350492826169204E-11   4.3005820265925703E-21   1.9838931874048828E+03
   1.3756770000000000E+09   9.6993172080134551E+04   4.3989768360363434E-11   4.2671263397609767E-21   1.9831850737459536E+03
   1.3776770000000000E+09   9.7307631514065390E+04   4.3633353576098383E-11   4.2340070229669897E-21   1.9825040845811329E+03
   1.3796770000000000E+09   9.7622214313579374E+04   4.3281185975404002E-11   4.2012199613792416E-21   1.9818501042780285E+03
   1.3816770000000000E+09   9.7936918806920032E+04   4.2933204048437308E-11   4.1687611017971242E-21   1.9812230143050263E+03
   1.3836770000000000E+09   9.8251743284660522E+04   4.2589347240318783E-11   4.1366264500436520E-21   1.9806226932298189E+03
   1.3856770000000000E+09   9.8566685955899346E+04   4.2249555940653699E-11   4.1048120705393185E-21   1.9800490167218336E+03
   1.3876770000000000E+09   9.8881744757965091E+04   4.1913771501609264E-11   4.0733140886445964E-21   1.9795018575528459E+03
   1.3896770000000000E+09   9.9196916888705236E+04   4.1581936300185628E-11   4.0421286973133131E-21   1.9789810855873816E+03
   1.3916770000000000E+09   9.9512197508662401E+04   4.1253993927257742E-11   4.0112521761279731E-21   1.9784865677450848E+03
   1.3936770000000000E+09   9.9827575926582838E+04   4.0929889768807357E-11   3.9806809486499405E-21   1.9780181678835345E+03
   1.3956770000000000E+09   1.0014302482707819E+05   4.0609572683230895E-11   3.9504117468914745E-21   1.9775757464572553E+03
   1.3976770000000000E+09   1.0045847171196135E+05   4.0292999492755539E-11   3.9204420509241846E-21   1.9771591595827597E+03
   1.3996770000000000E+09   1.0077372811358419E+05   3.9980146186431479E-11   3.8907711849240573E-21   1.9767682566290423E+03
   1.4016770000000000E+09   1.0108832682825178E+05   3.9671033848847444E-11   3.8614028540972443E-21   1.9764028743874260E+03
   1.4036770000000000E+09   1.0140117968356174E+05   3.9365783645902887E-11   3.8323505264242537E-21   1.9760628238754725E+03
   1.4056770000000000E+09   1.0170993438760232E+05   3.9064721408539157E-11   3.8036476748009739E-21   1.9757478626153111E+03
   1.4076770000000000E+09   1.0200993598461138E+05   3.8768549605401640E-11   3.7753646355446323E-21   1.9754576412614520E+03
   1.4096770000000000E+09   1.0229290440656581E+05   3.8478573500311672E-11   3.7476308237064990E-21   1.9751916112820202E+03
   1.4116770000000000E+09   1.0254596063945333E+05   3.8196884393173678E-11   3.7206528577867422E-21   1.9749488863548170E+03
   1.4136770000000000E+09   1.0275241405943161E+05   3.7926267550477920E-11   3.6947059112964738E-21   1.9747280744964205E+03
   1.4156770000000000E+09   1.0289611454525859E+05   3.7669510772556615E-11   3.6700665708012766E-21   1.9745271489406321E+03
   1.4176770000000000E+09   1.0296977909272624E+05   3.7427976463961678E-11   3.6468735648063386E-21   1.9743434914720410E+03
   1.4196770000000000E+09   1.0298361809593007E+05   3.7199977639724494E-11   3.6249687334193571E-21   1.9741742610890935E+03
   1.4216770000000000E+09   1.0296649616945630E+05   3.6980326585730823E-11   3.6038516285761313E-21   1.9740171029126404E+03
   1.4236770000000000E+09   1.0295499270349834E+05   3.6762151074641488E-11   3.5828551065459791E-21   1.9738708872690102E+03
   1.4256770000000000E+09   1.0297913512242225E+05   3.6539783631966771E-11   3.5614265470381421E-21   1.9737359488618179E+03
   1.4276770000000000E+09   1.0306257334941554E+05   3.6309323686597925E-11   3.5391835347834482E-21   1.9736136778066791E+03
   1.4296770000000000E+09   1.0323908870602351E+05   3.6065903900350113E-11   3.5156480966159218E-21   1.9735062010802803E+03
   1.4316770000000000E+09   1.0354019739969574E+05   3.5801596391729233E-11   3.4900422911825954E-21   1.9734165865878890E+03
   1.4336770000000000E+09   1.0414502580590961E+05   3.5520486106487813E-11   3.4627522066797012E-21   1.9733519873080602E+03
   1.4356770000000000E+09   1.0317311047103925E+05   3.5112239469168852E-11   3.4230347344303869E-21   1.9733053585919176E+03
   6.5767700000000000E+08  -6.2123627063485583E+03   3.6979963571017466E-13   3.7334167678904199E-24   1.2008744135611596E+03
   6.5967700000000000E+08  -5.2505316830852171E+03   6.9129296172798651E-13   6.6575340384821332E-24   1.2588857743578119E+03
   6.6167700000000000E+08  -4.3805172190753919E+03   1.0480120202480571E-12   9.7077316617567527E-24   1.3088385769062388E+03
   6.6367700000000000E+08  -3.4539397373666106E+03   1.4269631370367829E-12   1.2864142259900882E-23   1.3448365573807610E+03
   6.6567700000000000E+08  -2.4084723527484780E+03   1.8080375153049418E-12   1.5956977057323685E-23   1.3737079232970671E+03
   6.6767700000000000E+08  -1.3819962377497932E+03   2.1936052567228968E-12   1.9020895056956355E-23   1.3981865337795923E+03
   6.6967700000000000E+08  -5.2692561836977256E+02   2.6025814605162594E-12   2.2141478341512869E-23   1.4250670665656530E+03
   6.7167700000000000E+08  -2.1645887639121483E+02   3.0853428196863479E-12   2.5349803597091284E-23   1.4755924143141297E+03
   6.7367700000000000E+08  -1.6478177774814681E+03   3.7582078747526984E-12   2.7901178256765899E-23   1.6330363082527192E+03
   6.7567700000000000E+08  -7.5534394409027755E+03   4.8704542326705320E-12   2.8921978947222147E-23   2.0416394427756854E+03
   6.7767700000000000E+08  -1.9571385446801283E+04   6.6112397846677383E-12   3.0683256111065406E-23   2.6122759385224094E+03
   6.7967700000000000E+08  -3.5592166773456825E+04   9.0567503090124918E-12   3.5369460222133578E-23   3.1044276927003630E+03
   6.8167700000000000E+08  -5.2175555439737785E+04   1.2455583246916372E-11   4.4259892444419987E-23   3.4118607736156191E+03
   6.8367700000000000E+08  -6.5458890842442182E+04   1.7208562470507287E-11   5.8914828743458144E-23   3.5412579252499827E+03
   6.8567700000000000E+08  -7.3009152291037477E+04   2.3795814339302358E-11   8.1364921514849847E-23   3.5456915164369943E+03
   6.8767700000000000E+08  -7.4718344712894308E+04   3.2714635031857475E-11   1.1392908089888490E-22   3.4813290343369758E+03
   6.8967700000000000E+08  -7.2019431625786543E+04   4.4407311860613970E-11   1.5882451901621342E-22   3.3898034864882211E+03
   6.9167700000000000E+08  -6.6717396201285606E+04   5.9169962957335380E-11   2.1761719854634940E-22   3.2964437432109607E+03
   6.9367700000000000E+08  -6.0270477035818032E+04   7.7055119616103478E-11   2.9065444453536766E-22   3.2141202197878088E+03
   6.9567700000000000E+08  -5.3565241075730723E+04   9.7804499850897115E-11   3.7670501227552695E-22   3.1477122490371985E+03
   6.9767700000000000E+08  -4.6990677627063626E+04   1.2085307708524783E-10   4.7299841356015276E-22   3.0976733170780299E+03
   6.9967700000000000E+08  -4.0619512883829208E+04   1.4541450543370613E-10   5.7567763180469220E-22   3.0624285280904455E+03
   7.0167700000000000E+08  -3.4375114481747660E+04   1.7061567989096931E-10   6.8048358501324711E-22   3.0397570477036597E+03
   7.0367700000000000E+08  -2.8141194747817193E+04   1.9562948843213881E-10   7.8341680382066930E-22   3.0274642461784279E+03
   7.0567700000000000E+08  -2.1818732866109200E+04   2.1976700986043811E-10   8.8119109411072543E-22   3.0236393335761886E+03
   7.0767700000000000E+08  -1.5347303672704085E+04   2.4251686980843440E-10   9.7142449465275876E-22   3.0267077608260029E+03
   7.0967700000000000E+08  -8.7059097809340201E+03   2.6354139930086879E-10   1.0526174932538387E-21   3.0353994468918268E+03
   7.1167700000000000E+08  -1.9039527237470570E+03   2.8264840574661020E-10   1.1240106367515149E-21   3.0486930831910463E+03
   7.1367700000000000E+08   5.0377856738126620E+03   2.9976117867434726E-10   1.1854261879256479E-21   3.0657621409128160E+03
   7.1567700000000000E+08   1.2088592034036346E+04   3.1487775375249560E-10   1.2370655649250075E-21   3.0859355172647688E+03
   7.1767700000000000E+08   1.9167237969820882E+04   3.2797956598987325E-10   1.2790806498483419E-21   3.1087546239821818E+03
   7.1967700000000000E+08   2.6203167021984606E+04   3.3920008181767689E-10   1.3123404348631535E-21   3.1336250080378900E+03
   7.2167700000000000E+08   3.3174237210208499E+04   3.4864604933549372E-10   1.3375996858000930E-21   3.1600661701815065E+03
   7.2367700000000000E+08   4.0059830780301243E+04   3.5642535439663380E-10   1.3555934912477497E-21   3.1876945613211028E+03
   7.2567700000000000E+08   4.6842838251339665E+04   3.6264579963972582E-10   1.3670273968676369E-21   3.2161997916939667E+03
   7.2767700000000000E+08   5.3510976163020765E+04   3.6741472344614642E-10   1.3725730222882290E-21   3.2453286480568486E+03
   7.2967700000000000E+08   6.0057319294520748E+04   3.7083934092953169E-10   1.3728680144270490E-21   3.2748740362850044E+03
   7.3167700000000000E+08   6.6480245310342085E+04   3.7302715777419141E-10   1.3685174228135268E-21   3.3046670230654631E+03
   7.3367700000000000E+08   7.2782926336028526E+04   3.7408604220484417E-10   1.3600947099617617E-21   3.3345707712186177E+03
   7.3567700000000000E+08   7.8972507942602009E+04   3.7412377195994825E-10   1.3481415876984473E-21   3.3644756115240043E+03
   7.3767700000000000E+08   8.5059120333764120E+04   3.7324706882889362E-10   1.3331666214540317E-21   3.3942948130111859E+03
   7.3967700000000000E+08   9.1054858216384251E+04   3.7156026986087977E-10   1.3156430266663528E-21   3.4239608304659587E+03
   7.4167700000000000E+08   9.6972846239330640E+04   3.6916385408887038E-10   1.2960063028193356E-21   3.4534219422043066E+03
   7.4367700000000000E+08   1.0282646227116583E+05   3.6615304664202547E-10   1.2746523377441128E-21   3.4826392605685701E+03
   7.4567700000000000E+08   1.0862875203349216E+05   3.6261667165059315E-10   1.2519364296782101E-21   3.5115841219015711E+03
   7.4767700000000000E+08   1.1439203251973211E+05   3.5863635281695607E-10   1.2281734328026045E-21   3.5402358602442901E+03
   7.4967700000000000E+08   1.2012765870613289E+05   3.5428608776388392E-10   1.2036390058799660E-21   3.5685799545580376E+03
   7.5167700000000000E+08   1.2584591722602159E+05   3.4963216614502149E-10   1.1785717841347961E-21   3.5966065232296446E+03
   7.5367700000000000E+08   1.3155600963455590E+05   3.4473336783720112E-10   1.1531762137076064E-21   3.6243091275074175E+03
   7.5567700000000000E+08   1.3726609273570951E+05   3.3964136476598033E-10   1.1276257745148498E-21   3.6516838391939850E+03
   7.5767700000000000E+08   1.4298335079425713E+05   3.3440125240782442E-10   1.1020663486662381E-21   3.6787285269571489E+03
   7.5967700000000000E+08   1.4871408194473415E+05   3.2905214831180841E-10   1.0766195449873962E-21   3.7054423185473934E+03
   7.6167700000000000E+08   1.5446378747120569E+05   3.2362780970005109E-10   1.0513858482161210E-21   3.7318252013877523E+03
   7.6367700000000000E+08   1.6023725742537351E+05   3.1815723671826693E-10   1.0264475134325239E-21   3.7578777300595889E+03
   7.6567700000000000E+08   1.6603864933283781E+05   3.1266524027781032E-10   1.0018711674328343E-21   3.7836008152023601E+03
   7.6767700000000000E+08   1.7187155879231720E+05   3.0717296296944676E-10   9.7771010823734142E-22   3.8089955737360224E+03
   7.6967700000000000E+08   1.7773908193815377E+05   3.0169834830977144E-10   9.5400631310276086E-22   3.8340632248679526E+03
   7.7167700000000000E+08   1.8364387031443458E+05   2.9625655804547918E-10   9.3079217652329742E-22   3.8588050200285948E+03
   7.7367700000000000E+08   1.8958817893231264E+05   2.9086033993918747E-10   9.0809200504717170E-22   3.8832221977686099E+03
   7.7567700000000000E+08   1.9557390831252598E+05   2.8552034990956405E-10   8.8592329726550635E-22   3.9073159568690598E+03
   7.7767700000000000E+08   2.0160264125585344E+05   2.8024543301931941E-10   8.6429783654544882E-22   3.9310874425982270E+03
   7.7967700000000000E+08   2.0767567499539521E+05   2.7504286791095270E-10   8.4322262203354093E-22   3.9545377423148520E+03
   7.8167700000000000E+08   2.1379404929693355E+05   2.6991857910053240E-10   8.2270066084144396E-22   3.9776678875691050E+03
   7.8367700000000000E+08   2.1995857100010206E+05   2.6487732119766687E-10   8.0273164156856896E-22   4.0004788605691792E+03
   7.8567700000000000E+08   2.2616983543628783E+05   2.5992283871446347E-10   7.8331250665530809E-22   4.0229716034233347E+03
   7.8767700000000000E+08   2.3242824511668339E+05   2.5505800470997068E-10   7.6443793861720250E-22   4.0451470289794852E+03
   7.8967700000000000E+08   2.3873402605137671E+05   2.5028494111791554E-10   7.4610077303301759E-22   4.0670060323995044E+03
   7.9167700000000000E+08   2.4508724203346827E+05   2.4560512323837981E-10   7.2829234925537447E-22   4.0885495028468408E+03
   7.9367700000000000E+08   2.5148780719739312E+05   2.4101947054381203E-10   7.1100280816682909E-22   4.1097783348512685E+03
   7.9567700000000000E+08   2.5793549713552976E+05   2.3652842565708868E-10   6.9422134489291538E-22   4.1306934390556917E+03
   7.9767700000000000E+08   2.6442995883054758E+05   2.3213202310253223E-10   6.7793642317946831E-22   4.1512957521570588E+03
   7.9967700000000000E+08   2.7097071963248850E+05   2.2782994920698405E-10   6.6213595711764085E-22   4.1715862459332402E+03
   8.0167700000000000E+08   2.7755719547965587E+05   2.2362159433402114E-10   6.4680746503165400E-22   4.1915659353062947E+03
   8.0367700000000000E+08   2.8418869853179791E+05   2.1950609846695021E-10   6.3193819960929703E-22   4.2112358854343829E+03
   8.0567700000000000E+08   2.9086444435381662E+05   2.1548239101218378E-10   6.1751525773397953E-22   4.2305972178533139E+03
   8.0767700000000000E+08   2.9758355875924695E+05   2.1154922557114965E-10   6.0352567295281010E-22   4.2496511157075847E+03
   8.0967700000000000E+08   3.0434508439594501E+05   2.0770521032333003E-10   5.8995649307300187E-22   4.2683988281220782E+03
   8.1167700000000000E+08   3.1114798713247787E+05   2.0394883457299252E-10   5.7679484500621765E-22   4.2868416737715615E+03
   8.1367700000000000E+08   3.1799116228300839E+05   2.0027849193551927E-10   5.6402798866644994E-22   4.3049810437072392E+03
   8.1567700000000000E+08   3.2487344069137255E+05   1.9669250057401838E-10   5.5164336146228924E-22   4.3228184034992009E+03
   8.1767700000000000E+08   3.3179359468149877E+05   1.9318912084146356E-10   5.3962861470115944E-22   4.3403552947516619E+03
   8.1967700000000000E+08   3.3875034387123230E+05   1.8976657063646113E-10   5.2797164303453105E-22   4.3575933360451472E+03
   8.2167700000000000E+08   3.4574236083977611E+05   1.8642303874063237E-10   5.1666060791368866E-22   4.3745342233566398E+03
   8.2367700000000000E+08   3.5276827663494460E+05   1.8315669637144093E-10   5.0568395589059376E-22   4.3911797300056660E+03
   8.2567700000000000E+08   3.5982668610485760E+05   1.7996570715517752E-10   4.9503043248386463E-22   4.4075317061714086E+03
   8.2767700000000000E+08   3.6691615303911583E+05   1.7684823569997074E-10   4.8468909223261495E-22   4.4235920780234837E+03
   8.2967700000000000E+08   3.7403521510643658E+05   1.7380245492746240E-10   4.7464930547815415E-22   4.4393628465066995E+03
   8.3167700000000000E+08   3.8118238857866783E+05   1.7082655230364962E-10   4.6490076234312573E-22   4.4548460858182780E+03
   8.3367700000000000E+08   3.8835617283465806E+05   1.6791873509386409E-10   4.5543347431761173E-22   4.4700439416142472E+03
   8.3567700000000000E+08   3.9555505464115017E+05   1.6507723475355082E-10   4.4623777381049283E-22   4.4849586289801209E+03
   8.3767700000000000E+08   4.0277751221138879E+05   1.6230031055505896E-10   4.3730431198049721E-22   4.4995924301992973E+03
   8.3967700000000000E+08   4.1002201904510858E+05   1.5958625254078411E-10   4.2862405512376983E-22   4.5139476923510219E+03
   8.4167700000000000E+08   4.1728704755587137E+05   1.5693338388438510E-10   4.2018827986230190E-22   4.5280268247677395E+03
   8.4367700000000000E+08   4.2457107249310554E+05   1.5434006273424269E-10   4.1198856734936508E-22   4.5418322963797382E+03
   8.4567700000000000E+08   4.3187257416673150E+05   1.5180468360656035E-10   4.0401679668328804E-22   4.5553666329726011E+03
   8.4767700000000000E+08   4.3919004148186930E+05   1.4932567838938598E-10   3.9626513769891844E-22   4.5686324143805305E+03
   8.4967700000000000E+08   4.4652197479000024E+05   1.4690151701316310E-10   3.8872604328626647E-22   4.5816322716359364E+03
   8.5167700000000000E+08   4.5386688856128010E+05   1.4453070783809200E-10   3.8139224136772163E-22   4.5943688840929481E+03
   8.5367700000000000E+08   4.6122331388066517E+05   1.4221179780349532E-10   3.7425672664849481E-22   4.6068449765397136E+03
   8.5567700000000000E+08   4.6858980076842179E+05   1.3994337237948525E-10   3.6731275223933636E-22   4.6190633163116709E+03
   8.5767700000000000E+08   4.7596492032364185E+05   1.3772405535649312E-10   3.6055382123596620E-22   4.6310267104154709E+03
   8.5967700000000000E+08   4.8334726668785611E+05   1.3555250850364439E-10   3.5397367832594805E-22   4.6427380026709416E+03
   8.6167700000000000E+08   4.9073545882492239E+05   1.3342743112256823E-10   3.4756630148095235E-22   4.6542000708765572E+03
   8.6367700000000000E+08   4.9812814211310347E+05   1.3134755951907409E-10   3.4132589378056444E-22   4.6654158240023198E+03
   8.6567700000000000E+08   5.0552398974580929E+05   1.2931166641123921E-10   3.3524687540302908E-22   4.6763881994128014E+03
   8.6767700000000000E+08   5.1292170393875113E+05   1.2731856028890028E-10   3.2932387580871911E-22   4.6871201601223102E+03
   8.6967700000000000E+08   5.2032001694320538E+05   1.2536708473637004E-10   3.2355172613371868E-22   4.6976146920838401E+03
   8.7167700000000000E+08   5.2771769186754653E+05   1.2345611772744024E-10   3.1792545180379055E-22   4.7078748015133333E+03
   8.7367700000000000E+08   5.3511352331199590E+05   1.2158457089941721E-10   3.1244026537315617E-22   4.7179035122511395E+03
   8.7567700000000000E+08   5.4250633782447549E+05   1.1975138881105739E-10   3.0709155958794100E-22   4.7277038631629066E+03
   8.7767700000000000E+08   5.4989499418826005E+05   1.1795554818783200E-10   3.0187490067076743E-22   4.7372789055827570E+03
   8.7967700000000000E+08   5.5727838355473941E+05   1.1619605715689910E-10   2.9678602182067222E-22   4.7466317008022215E+03
   8.8167700000000000E+08   5.6465542943673290E+05   1.1447195447347883E-10   2.9182081692119696E-22   4.7557653176089943E+03
   8.8367700000000000E+08   5.7202508757959213E+05   1.1278230873991166E-10   2.8697533444888113E-22   4.7646828298801165E+03
   8.8567700000000000E+08   5.7938634572883090E+05   1.1112621761847403E-10   2.8224577157430896E-22   4.7733873142345428E+03
   8.8767700000000000E+08   5.8673822331496468E+05   1.0950280703887030E-10   2.7762846844790494E-22   4.7818818477504728E+03
   8.8967700000000000E+08   5.9407977108016261E+05   1.0791123040098908E-10   2.7311990266227073E-22   4.7901695057530142E+03
   8.9167700000000000E+08   6.0141007068105787E+05   1.0635066777256913E-10   2.6871668388088988E-22   4.7982533596781786E+03
   8.9367700000000000E+08   6.0872823432532209E+05   1.0482032507904655E-10   2.6441554861743896E-22   4.8061364750202038E+03
   8.9567700000000000E+08   6.1603340455144248E+05   1.0331943327762231E-10   2.6021335513717121E-22   4.8138219093711969E+03
   8.9767700000000000E+08   6.2332475436617387E+05   1.0184724749731769E-10   2.5610707842643771E-22   4.8213127105664289E+03
   8.9967700000000000E+08   6.3060148814429878E+05   1.0040304610906058E-10   2.5209380513247090E-22   4.8286119149560745E+03
   9.0167700000000000E+08   6.3786284398838773E+05   9.8986129664372320E-11   2.4817072831251246E-22   4.8357225458360153E+03
   9.0367700000000000E+08   6.4510809858589014E+05   9.7595819615629250E-11   2.4433514176860125E-22   4.8426476120856496E+03
   9.0567700000000000E+08   6.5233657573485863E+05   9.6231456731305417E-11   2.4058443374731945E-22   4.8493901070756428E+03
   9.0767700000000000E+08   6.5954765903347277E+05   9.4892399202124778E-11   2.3691607999190970E-22   4.8559530079148626E+03
   9.0967700000000000E+08   6.6674080675193714E+05   9.3578020681353397E-11   2.3332763675150228E-22   4.8623392750900421E+03
   9.1167700000000000E+08   6.7391556172051246E+05   9.2287708973416394E-11   2.2981673552114352E-22   4.8685518524959380E+03
   9.1367700000000000E+08   6.8107154180325370E+05   9.1020866682949752E-11   2.2638108276164675E-22   4.8745936677292266E+03
   9.1567700000000000E+08   6.8820839168776118E+05   8.9776915422415220E-11   2.2301846853992805E-22   4.8804676322705745E+03
   9.1767700000000000E+08   6.9532568392621214E+05   8.8555304317191976E-11   2.1972678588496002E-22   4.8861766407246378E+03
   9.1967700000000000E+08   7.0242278657746210E+05   8.7355520783015199E-11   2.1650405582003666E-22   4.8917235676473611E+03
   9.2167700000000000E+08   7.0949876325894019E+05   8.6177097407347540E-11   2.1334844283873859E-22   4.8971112600862925E+03
   9.2367700000000000E+08   7.1655240422729775E+05   8.5019606450379771E-11   2.1025823993886398E-22   4.9023425251657818E+03
   9.2567700000000000E+08   7.2358244774505647E+05   8.3882637686398998E-11   2.0723181271441842E-22   4.9074201159480453E+03
   9.2767700000000000E+08   7.3058791212480760E+05   8.2765767922958998E-11   2.0426752296178506E-22   4.9123467249830492E+03
   9.2967700000000000E+08   7.3756831294008717E+05   8.1668542344544066E-11   2.0136368111999210E-22   4.9171249975272985E+03
   9.3167700000000000E+08   7.4452361854784959E+05   8.0590478625729545E-11   1.9851855449088656E-22   4.9217575608800207E+03
   9.3367700000000000E+08   7.5145409866760822E+05   7.9531077900863228E-11   1.9573039233673823E-22   4.9262470551106899E+03
   9.3567700000000000E+08   7.5836056375657360E+05   7.8489787832434623E-11   1.9299733345866717E-22   4.9305961563128785E+03
   9.3767700000000000E+08   7.6524579229139432E+05   7.7465822248479237E-11   1.9031696378980700E-22   4.9348075522484341E+03
   9.3967700000000000E+08   7.7211705400165101E+05   7.6457867211706890E-11   1.8768559851448420E-22   4.9388838856819111E+03
   9.4167700000000000E+08   7.7898706533832662E+05   7.5464023828884081E-11   1.8509814198164223E-22   4.9428278562717869E+03
   9.4367700000000000E+08   7.8586993122612312E+05   7.4482368992580140E-11   1.8254945307916836E-22   4.9466425806952248E+03
   9.4567700000000000E+08   7.9277296264437900E+05   7.3511925101301559E-11   1.8003671004803928E-22   4.9503318611307686E+03
   9.4767700000000000E+08   7.9969071872117685E+05   7.2553236664597660E-11   1.7756082458587139E-22   4.9538998740816842E+03
   9.4967700000000000E+08   8.0660650158930256E+05   7.1608031486197732E-11   1.7512562522655598E-22   4.9573504617182707E+03
   9.5167700000000000E+08   8.1350053409646801E+05   7.0678208137148944E-11   1.7273540484202852E-22   4.9606861899228579E+03
   9.5367700000000000E+08   8.2036206151747773E+05   6.9765283266857351E-11   1.7039353078571460E-22   4.9639093976564372E+03
   9.5567700000000000E+08   8.2714972722861683E+05   6.8872413950032993E-11   1.6810759865345015E-22   4.9670158622928748E+03
   9.5767700000000000E+08   8.3380639610852732E+05   6.8004803967567791E-11   1.6588936303603884E-22   4.9700257605365223E+03
   9.5967700000000000E+08   8.4040681454893062E+05   6.7154216584034645E-11   1.6371930520936233E-22   4.9729143626464211E+03
   9.6167700000000000E+08   8.4697007698418619E+05   6.6318334312381183E-11   1.6159108672032455E-22   4.9756954954571665E+03
   9.6367700000000000E+08   8.5350237323592673E+05   6.5496233888228632E-11   1.5950221005002127E-22   4.9783704435405371E+03
   9.6567700000000000E+08   8.6000541036813695E+05   6.4687469786842741E-11   1.5745134514850063E-22   4.9809407459589775E+03
   9.6767700000000000E+08   8.6647967182450776E+05   6.3891724307987788E-11   1.5543747099181947E-22   4.9834083295708424E+03
   9.6967700000000000E+08   8.7292528557750292E+05   6.3108719617926141E-11   1.5345967015341037E-22   4.9857752227118635E+03
   9.7167700000000000E+08   8.7934226346888836E+05   6.2338195910100687E-11   1.5151707829511783E-22   4.9880434577480737E+03
   9.7367700000000000E+08   8.8573058212204126E+05   6.1579904140267671E-11   1.4960886679940684E-22   4.9902150471242649E+03
   9.7567700000000000E+08   8.9209021529863519E+05   6.0833602697664546E-11   1.4773423442983557E-22   4.9922919777250463E+03
   9.7767700000000000E+08   8.9842114699139656E+05   6.0099055872249531E-11   1.4589240325370309E-22   4.9942762094868749E+03
   9.7967700000000000E+08   9.0472337601564894E+05   5.9376033281243267E-11   1.4408261688440897E-22   4.9961696750843876E+03
   9.8167700000000000E+08   9.1099691692200501E+05   5.8664309713786449E-11   1.4230413974754179E-22   4.9979742799242294E+03
   9.8367700000000000E+08   9.1724179907960386E+05   5.7963665121292985E-11   1.4055625671108348E-22   4.9996919023130004E+03
   9.8567700000000000E+08   9.2345806487971975E+05   5.7273884634852686E-11   1.3883827279435385E-22   5.0013243936791041E+03
   9.8767700000000000E+08   9.2964576794650231E+05   5.6594758547484457E-11   1.3714951280833281E-22   5.0028735787036367E+03
   9.8967700000000000E+08   9.3580497138516221E+05   5.5926082280752009E-11   1.3548932097379159E-22   5.0043412553694097E+03
   9.9167700000000000E+08   9.4193574462388665E+05   5.5267656462312806E-11   1.3385706082042859E-22   5.0057291950288181E+03
   9.9367700000000000E+08   9.4803815647673118E+05   5.4619287285823559E-11   1.3225211577932486E-22   5.0070391425581447E+03
   9.9567700000000000E+08   9.5411226268513897E+05   5.3980787230802383E-11   1.3067389065470416E-22   5.0082728166160114E+03
   9.9767700000000000E+08   9.6015808929108339E+05   5.3351975950227940E-11   1.2912181351102846E-22   5.0094319099043632E+03
   9.9967700000000000E+08   9.6617561849268421E+05   5.2732680766224146E-11   1.2759533662952943E-22   5.0105180890856254E+03
   1.0016770000000000E+09   9.7216478754842805E+05   5.2122736041420545E-11   1.2609393476359775E-22   5.0115329943372617E+03
   1.0036770000000000E+09   9.7812551301899832E+05   5.1521980749058806E-11   1.2461709906991887E-22   5.0124782380830329E+03
   1.0056770000000000E+09   9.8405774398593337E+05   5.0930254306827006E-11   1.2316432685623895E-22   5.0133554036768410E+03
   1.0076770000000000E+09   9.8996153357447265E+05   5.0347391734688429E-11   1.2173510968097846E-22   5.0141660453215263E+03
   1.0096770000000000E+09   9.9583710729396949E+05   4.9773219762652967E-11   1.2032892372401591E-22   5.0149116897509421E+03
   1.0116770000000000E+09   1.0016849021249705E+06   4.9207555462885742E-11   1.1894522621712768E-22   5.0155938403113123E+03
   1.0136770000000000E+09   1.0075055605072948E+06   4.8650207956972939E-11   1.1758345927398177E-22   5.0162139829301577E+03
   1.0156770000000000E+09   1.0132998899114516E+06   4.8100982296650134E-11   1.1624305910304460E-22   5.0167735868131067E+03
   1.0176770000000000E+09   1.0190687719321371E+06   4.7559686355294592E-11   1.1492347240135638E-22   5.0172741091402113E+03
   1.0196770000000000E+09   1.0248130314106372E+06   4.7026139108855720E-11   1.1362417608346759E-22   5.0177170008177745E+03
   1.0216770000000000E+09   1.0305333290232337E+06   4.6500176380504270E-11   1.1234469114639857E-22   5.0181037006951792E+03
   1.0236770000000000E+09   1.0362300946737698E+06   4.5981653650318215E-11   1.1108458941817117E-22   5.0184356306992677E+03
   1.0256770000000000E+09   1.0419035032616586E+06   4.5470445975017050E-11   1.0984349330723908E-22   5.0187141918401339E+03
   1.0276770000000000E+09   1.0475534941075956E+06   4.4966445313675080E-11   1.0862106931366476E-22   5.0189407591972367E+03
   1.0296770000000000E+09   1.0531798227713315E+06   4.4469556226438345E-11   1.0741701758824917E-22   5.0191166781842485E+03
   1.0316770000000000E+09   1.0587821293497086E+06   4.3979691035351821E-11   1.0623106016321874E-22   5.0192432624897883E+03
   1.0336770000000000E+09   1.0643600078169946E+06   4.3496765369177601E-11   1.0506293008310224E-22   5.0193217936312485E+03
   1.0356770000000000E+09   1.0699130649576285E+06   4.3020694680961819E-11   1.0391236286485832E-22   5.0193535217864264E+03
   1.0376770000000000E+09   1.0754409627847008E+06   4.2551391968693211E-11   1.0277909085274828E-22   5.0193396674463465E+03
   1.0396770000000000E+09   1.0809434432503677E+06   4.2088766642987580E-11   1.0166284034115625E-22   5.0192814234493098E+03
   1.0416770000000000E+09   1.0864203375026421E+06   4.1632724313087537E-11   1.0056333091942883E-22   5.0191799570588628E+03
   1.0436770000000000E+09   1.0918715636700268E+06   4.1183167199310105E-11   9.9480276337700130E-23   5.0190364118760954E+03
   1.0456770000000000E+09   1.0972971174607738E+06   4.0739994895730527E-11   9.8413386228317759E-23   5.0188519094864614E+03
   1.0476770000000000E+09   1.1026970592749964E+06   4.0303105264589560E-11   9.7362368155391497E-23   5.0186275508155122E+03
   1.0496770000000000E+09   1.1080715005448179E+06   3.9872395313880204E-11   9.6326929633111947E-23   5.0183644172121849E+03
   1.0516770000000000E+09   1.1134205910046606E+06   3.9447761972977073E-11   9.5306779906220085E-23   5.0180635712990716E+03
   1.0536770000000000E+09   1.1187445077599077E+06   3.9029102729242491E-11   9.4301631402013070E-23   5.0177260576339559E+03
   1.0556770000000000E+09   1.1240434464372154E+06   3.8616316120043634E-11   9.3311200839425120E-23   5.0173529032232100E+03
   1.0576770000000000E+09   1.1293176143443985E+06   3.8209302092398550E-11   9.2335210023775236E-23   5.0169451179227090E+03
   1.0596770000000000E+09   1.1345672253894506E+06   3.7807962250453910E-11   9.1373386375196480E-23   5.0165036947555600E+03
   1.0616770000000000E+09   1.1397924964466779E+06   3.7412200012892831E-11   9.0425463243470632E-23   5.0160296101701133E+03
   1.0636770000000000E+09   1.1449936448616511E+06   3.7021920701033270E-11   8.9491180058871585E-23   5.0155238242570204E+03
   1.0656770000000000E+09   1.1501708868210509E+06   3.6637031575613754E-11   8.8570282362053849E-23   5.0149872809396275E+03
   1.0676770000000000E+09   1.1553244363578479E+06   3.6257441837113878E-11   8.7662521748498387E-23   5.0144209081487516E+03
   1.0696770000000000E+09   1.1604545048059090E+06   3.5883062601431792E-11   8.6767655755802428E-23   5.0138256179895698E+03
   1.0716770000000000E+09   1.1655613005575398E+06   3.5513806860030264E-11   8.5885447715611628E-23   5.0132023069061206E+03
   1.0736770000000000E+09   1.1706450290119848E+06   3.5149589431311738E-11   8.5015666586368189E-23   5.0125518558466765E+03
   1.0756770000000000E+09   1.1757058926329068E+06   3.4790326907994754E-11   8.4158086778284352E-23   5.0118751304317802E+03
   1.0776770000000000E+09   1.1807440910584284E+06   3.4435937603638309E-11   8.3312487978051832E-23   5.0111729811255718E+03
   1.0796770000000000E+09   1.1857598212281554E+06   3.4086341500197761E-11   8.2478654977766089E-23   5.0104462434102743E+03
   1.0816770000000000E+09   1.1907532775072043E+06   3.3741460197592246E-11   8.1656377510369213E-23   5.0096957379634650E+03
   1.0836770000000000E+09   1.1957246517977498E+06   3.3401216865676784E-11   8.0845450092503587E-23   5.0089222708376110E+03
   1.0856770000000000E+09   1.2006741336345389E+06   3.3065536198686744E-11   8.0045671874881797E-23   5.0081266336414992E+03
   1.0876770000000000E+09   1.2056019102635728E+06   3.2734344372070214E-11   7.9256846499915854E-23   5.0073096037230443E+03
   1.0896770000000000E+09   1.2105081667040491E+06   3.2407569001577530E-11   7.8478781966234392E-23   5.0064719443532513E+03
   1.0916770000000000E+09   1.2153930857938877E+06   3.2085139104469313E-11   7.7711290499702884E-23   5.0056144049109234E+03
   1.0936770000000000E+09   1.2202568482196310E+06   3.1766985062701985E-11   7.6954188430560060E-23   5.0047377210676050E+03
   1.0956770000000000E+09   1.2250996325320669E+06   3.1453038587947230E-11   7.6207296076275271E-23   5.0038426149724864E+03
   1.0976770000000000E+09   1.2299216151498237E+06   3.1143232688289879E-11   7.5470437629707674E-23   5.0029297954368212E+03
   1.0996770000000000E+09   1.2347229703538415E+06   3.0837501636442527E-11   7.4743441052134057E-23   5.0019999581174461E+03
   1.1016770000000000E+09   1.2395038702759726E+06   3.0535780939318941E-11   7.4026137970718477E-23   5.0010537856992232E+03
   1.1036770000000000E+09   1.2442644848848500E+06   3.0238007308819012E-11   7.3318363580025980E-23   5.0000919480762004E+03
   1.1056770000000000E+09   1.2490049819716576E+06   2.9944118633698764E-11   7.2619956547233049E-23   4.9991151025313011E+03
   1.1076770000000000E+09   1.2537255271376448E+06   2.9654053952423237E-11   7.1930758920746594E-23   4.9981238939144723E+03
   1.1096770000000000E+09   1.2584262837843627E+06   2.9367753426922777E-11   7.1250616041998695E-23   4.9971189548193233E+03
   1.1116770000000000E+09   1.2631074131068415E+06   2.9085158317191773E-11   7.0579376460233739E-23   4.9961009057580277E+03
   1.1136770000000000E+09   1.2677690740891786E+06   2.8806210956686370E-11   6.9916891850144409E-23   4.9950703553345938E+03
   1.1156770000000000E+09   1.2724114235016222E+06   2.8530854728485134E-11   6.9263016932235706E-23   4.9940279004163576E+03
   1.1176770000000000E+09   1.2770346158979095E+06   2.8259034042185315E-11   6.8617609395816968E-23   4.9929741263036703E+03
   1.1196770000000000E+09   1.2816388036115374E+06   2.7990694311509454E-11   6.7980529824530088E-23   4.9919096068976596E+03
   1.1216770000000000E+09   1.2862241367496680E+06   2.7725781932600557E-11   6.7351641624329492E-23   4.9908349048660402E+03
   1.1236770000000000E+09   1.2907907631835456E+06   2.7464244262983747E-11   6.6730810953832481E-23   4.9897505718068633E+03
   1.1256770000000000E+09   1.2953388285344923E+06   2.7206029601173884E-11   6.6117906656962097E-23   4.9886571484100978E+03
   1.1276770000000000E+09   1.2998684761548936E+06   2.6951087166906516E-11   6.5512800197801218E-23   4.9875551646169733E+03
   1.1296770000000000E+09   1.3043798471038721E+06   2.6699367081970098E-11   6.4915365597578298E-23   4.9864451397770172E+03
   1.1316770000000000E+09   1.3088730801177828E+06   2.6450820351613694E-11   6.4325479373698101E-23   4.9853275828026744E+03
   1.1336770000000000E+09   1.3133483115760284E+06   2.6205398846502810E-11   6.3743020480726741E-23   4.9842029923214686E+03
   1.1356770000000000E+09   1.3178056754631330E+06   2.5963055285191951E-11   6.3167870253231572E-23   4.9830718568256561E+03
   1.1376770000000000E+09   1.3222453033284859E+06   2.5723743217077737E-11   6.2599912350366862E-23   4.9819346548192570E+03
   1.1396770000000000E+09   1.3266673242455465E+06   2.5487417005793915E-11   6.2039032702086762E-23   4.9807918549626120E+03
   1.1416770000000000E+09   1.3310718647727862E+06   2.5254031813002996E-11   6.1485119456857452E-23   4.9796439162142533E+03
   1.1436770000000000E+09   1.3354590489190230E+06   2.5023543582537098E-11   6.0938062930728705E-23   4.9784912879703534E+03
   1.1456770000000000E+09   1.3398289981161917E+06   2.4795909024836002E-11   6.0397755557620896E-23   4.9773344102015872E+03
   1.1476770000000000E+09   1.3441818312028486E+06   2.4571085601630779E-11   5.9864091840678219E-23   4.9761737135877502E+03
   1.1496770000000000E+09   1.3485176644219984E+06   2.4349031510817899E-11   5.9336968304536979E-23   4.9750096196499962E+03
   1.1516770000000000E+09   1.3528366114368639E+06   2.4129705671473885E-11   5.8816283448364722E-23   4.9738425408811154E+03
   1.1536770000000000E+09   1.3571387833682776E+06   2.3913067708961111E-11   5.8301937699532027E-23   4.9726728808738626E+03
   1.1556770000000000E+09   1.3614242888571441E+06   2.3699077940083431E-11   5.7793833367796014E-23   4.9715010344476923E+03
   1.1576770000000000E+09   1.3656932341551310E+06   2.3487697358257161E-11   5.7291874599893105E-23   4.9703273877740630E+03
   1.1596770000000000E+09   1.3699457232461383E+06   2.3278887618675648E-11   5.6795967334468214E-23   4.9691523185007354E+03
   1.1616770000000000E+09   1.3741818580004668E+06   2.3072611023455213E-11   5.6306019257294235E-23   4.9679761958752078E+03
   1.1636770000000000E+09   1.3784017383625254E+06   2.2868830506769589E-11   5.5821939756779499E-23   4.9667993808677893E+03
   1.1656770000000000E+09   1.3826054625719676E+06   2.2667509619990740E-11   5.5343639879792329E-23   4.9656222262944702E+03
   1.1676770000000000E+09   1.3867931274166692E+06   2.2468612516877003E-11   5.4871032287884139E-23   4.9644450769401283E+03
   1.1696770000000000E+09   1.3909648285147548E+06   2.2272103938859437E-11   5.4404031214023882E-23   4.9632682696820784E+03
   1.1716770000000000E+09   1.3951206606212261E+06   2.2077949200500730E-11   5.3942552420008331E-23   4.9620921336145757E+03
   1.1736770000000000E+09   1.3992607179534342E+06   2.1886114175208900E-11   5.3486513154739652E-23   4.9609169901742480E+03
   1.1756770000000000E+09   1.4033850945282013E+06   2.1696565281302999E-11   5.3035832113595632E-23   4.9597431532667606E+03
   1.1776770000000000E+09   1.4074938845022419E+06   2.1509269468533491E-11   5.2590429399135131E-23   4.9585709293947957E+03
   1.1796770000000000E+09   1.4115871825066297E+06   2.1324194205163092E-11   5.2150226483389740E-23   4.9574006177873707E+03
   1.1816770000000000E+09   1.4156650839655080E+06   2.1141307465710533E-11   5.1715146171986816E-23   4.9562325105304244E+03
   1.1836770000000000E+09   1.4197276853891013E+06   2.0960577719451412E-11   5.1285112570329922E-23   4.9550668926985454E+03
   1.1856770000000000E+09   1.4237750846314069E+06   2.0781973919755901E-11   5.0860051052029328E-23   4.9539040424876102E+03
   1.1876770000000000E+09   1.4278073811037743E+06   2.0605465494323709E-11   5.0439888229729280E-23   4.9527442313479687E+03
   1.1896770000000000E+09   1.4318246759368102E+06   2.0431022336352914E-11   5.0024551928422045E-23   4.9515877241177386E+03
   1.1916770000000000E+09   1.4358270720847070E+06   2.0258614796653910E-11   4.9613971161275091E-23   4.9504347791559103E+03
   1.1936770000000000E+09   1.4398146743681121E+06   2.0088213676689099E-11   4.9208076107927949E-23   4.9492856484744480E+03
   1.1956770000000000E+09   1.4437875894538001E+06   1.9919790222493732E-11   4.8806798095148229E-23   4.9481405778690905E+03
   1.1976770000000000E+09   1.4477459257717351E+06   1.9753316119404863E-11   4.8410069579669870E-23   4.9469998070481888E+03
   1.1996770000000000E+09   1.4516897933723808E+06   1.9588763487502613E-11   4.8017824132979770E-23   4.9458635697589752E+03
   1.2016770000000000E+09   1.4556193037292161E+06   1.9426104877649303E-11   4.7629996427770807E-23   4.9447320939108768E+03
   1.2036770000000000E+09   1.4595345694933101E+06   1.9265313267997792E-11   4.7246522225744217E-23   4.9436056016954126E+03
   1.2056770000000000E+09   1.4634357042083917E+06   1.9106362060830713E-11   4.6867338366421889E-23   4.9424843097020657E+03
   1.2076770000000000E+09   1.4673228219959624E+06   1.8949225079592493E-11   4.6492382756621947E-23   4.9413684290302090E+03
   1.2096770000000000E+09   1.4711960372208662E+06   1.8793876565975569E-11   4.6121594360254512E-23   4.9402581653966645E+03
   1.2116770000000000E+09   1.4750554641480602E+06   1.8640291176930395E-11   4.5754913188112200E-23   4.9391537192386577E+03
   1.2136770000000000E+09   1.4789012166012975E+06   1.8488443981481955E-11   4.5392280287356775E-23   4.9380552858124656E+03
   1.2156770000000000E+09   1.4827334076339966E+06   1.8338310457249337E-11   4.5033637730441574E-23   4.9369630552875760E+03
   1.2176770000000000E+09   1.4865521492217595E+06   1.8189866486584211E-11   4.4678928603252353E-23   4.9358772128366454E+03
   1.2196770000000000E+09   1.4903575519848485E+06   1.8043088352264456E-11   4.4328096992300631E-23   4.9347979387213900E+03
   1.2216770000000000E+09   1.4941497249473848E+06   1.7897952732702926E-11   4.3981087970859684E-23   4.9337254083747976E+03
   1.2236770000000000E+09   1.4979287753383361E+06   1.7754436696654015E-11   4.3637847583990461E-23   4.9326597924799617E+03
   1.2256770000000000E+09   1.5016948084373374E+06   1.7612517697425336E-11   4.3298322832464592E-23   4.9316012570459025E+03
   1.2276770000000000E+09   1.5054479274663811E+06   1.7472173566624480E-11   4.2962461655646489E-23   4.9305499634809494E+03
   1.2296770000000000E+09   1.5091882335264161E+06   1.7333382507489827E-11   4.2630212913446814E-23   4.9295060686638881E+03
   1.2316770000000000E+09   1.5129158255760609E+06   1.7196123087872344E-11   4.2301526367501087E-23   4.9284697250134705E+03
   1.2336770000000000E+09   1.5166308004481224E+06   1.7060374232945861E-11   4.1976352661756720E-23   4.9274410805565612E+03
   1.2356770000000000E+09   1.5203332528984991E+06   1.6926115217730523E-11   4.1654643302668563E-23   4.9264202789953679E+03
   1.2376770000000000E+09   1.5240232756814542E+06   1.6793325659513314E-11   4.1336350639204844E-23   4.9254074597738572E+03
   1.2396770000000000E+09   1.5277009596450238E+06   1.6661985510247006E-11   4.1021427842857532E-23   4.9244027581437094E+03
   1.2416770000000000E+09   1.5313663938405919E+06   1.6532075048999338E-11   4.0709828887830981E-23   4.9234063052298343E+03
   1.2436770000000000E+09   1.5350196656412012E+06   1.6403574874514347E-11   4.0401508531557621E-23   4.9224182280956111E+03
   1.2456770000000000E+09   1.5386608608639047E+06   1.6276465897935179E-11   4.0096422295660523E-23   4.9214386498078284E+03
   1.2476770000000000E+09   1.5422900638922553E+06   1.6150729335726704E-11   3.9794526447455229E-23   4.9204676895013399E+03
   1.2496770000000000E+09   1.5459073577958529E+06   1.6026346702824712E-11   3.9495777982055664E-23   4.9195054624434215E+03
   1.2516770000000000E+09   1.5495128244445261E+06   1.5903299806030609E-11   3.9200134605128907E-23   4.9185520800978666E+03
   1.2536770000000000E+09   1.5531065446154182E+06   1.5781570737661098E-11   3.8907554716322792E-23   4.9176076501886064E+03
   1.2556770000000000E+09   1.5566885980916901E+06   1.5661141869458441E-11   3.8617997393377072E-23   4.9166722767630918E+03
   1.2576770000000000E+09   1.5602590637520575E+06   1.5541995846759958E-11   3.8331422376916431E-23   4.9157460602550946E+03
   1.2596770000000000E+09   1.5638180196507093E+06   1.5424115582922954E-11   3.8047790055913449E-23   4.9148290975471127E+03
   1.2616770000000000E+09   1.5673655430874424E+06   1.5307484253997735E-11   3.7767061453803958E-23   4.9139214820321731E+03
   1.2636770000000000E+09   1.5709017106680500E+06   1.5192085293639747E-11   3.7489198215231286E-23   4.9130233036750751E+03
   1.2656770000000000E+09   1.5744265983551112E+06   1.5077902388250551E-11   3.7214162593394447E-23   4.9121346490728874E+03
   1.2676770000000000E+09   1.5779402815093256E+06   1.4964919472338217E-11   3.6941917437974260E-23   4.9112556015149066E+03
   1.2696770000000000E+09   1.5814428349215747E+06   1.4853120724086056E-11   3.6672426183611772E-23   4.9103862410417369E+03
   1.2716770000000000E+09   1.5849343328357518E+06   1.4742490561121208E-11   3.6405652838915273E-23   4.9095266445036914E+03
   1.2736770000000000E+09   1.5884148489624439E+06   1.4633013636473469E-11   3.6141561975971454E-23   4.9086768856184926E+03
   1.2756770000000000E+09   1.5918844564834782E+06   1.4524674834714881E-11   3.5880118720338328E-23   4.9078370350279774E+03
   1.2776770000000000E+09   1.5953432280474235E+06   1.4417459268270840E-11   3.5621288741493525E-23   4.9070071603541555E+03
   1.2796770000000000E+09   1.5987912357561882E+06   1.4311352273892003E-11   3.5365038243712776E-23   4.9061873262543022E+03
   1.2816770000000000E+09   1.6022285511429466E+06   1.4206339409275761E-11   3.5111333957349633E-23   4.9053775944750942E+03
   1.2836770000000000E+09   1.6056552451416824E+06   1.4102406449826124E-11   3.4860143130487318E-23   4.9045780239058749E+03
   1.2856770000000000E+09   1.6090713880487105E+06   1.3999539385539732E-11   3.4611433520931912E-23   4.9037886706309455E+03
   1.2876770000000000E+09   1.6124770494765297E+06   1.3897724418006186E-11   3.4365173388517453E-23   4.9030095879807704E+03
   1.2896770000000000E+09   1.6158722983003445E+06   1.3796947957511757E-11   3.4121331487694021E-23   4.9022408265822060E+03
   1.2916770000000000E+09   1.6192572025974472E+06   1.3697196620236823E-11   3.3879877060374184E-23   4.9014824344077224E+03
   1.2936770000000000E+09   1.6226318295795294E+06   1.3598457225538167E-11   3.3640779829015976E-23   4.9007344568234357E+03
   1.2956770000000000E+09   1.6259962455176888E+06   1.3500716793311607E-11   3.3404009989927960E-23   4.8999969366362802E+03
   1.2976770000000000E+09   1.6293505156596997E+06   1.3403962541430517E-11   3.3169538206786861E-23   4.8992699141399444E+03
   1.2996770000000000E+09   1.6326947041389304E+06   1.3308181883259817E-11   3.2937335604362463E-23   4.8985534271600764E+03
   1.3016770000000000E+09   1.6360288738745665E+06   1.3213362425242166E-11   3.2707373762441429E-23   4.8978475110986392E+03
   1.3036770000000000E+09   1.6393530864636959E+06   1.3119491964547851E-11   3.2479624709926974E-23   4.8971521989776102E+03
   1.3056770000000000E+09   1.6426674020677544E+06   1.3026558486767291E-11   3.2254060919059358E-23   4.8964675214823237E+03
   1.3076770000000000E+09   1.6459718792992723E+06   1.2934550163601462E-11   3.2030655299645882E-23   4.8957935070044432E+03
   1.3096770000000000E+09   1.6492665751198316E+06   1.2843455350473450E-11   3.1809381193108530E-23   4.8951301816847053E+03
   1.3116770000000000E+09   1.6525515447665886E+06   1.2753262583942601E-11   3.1590212366057113E-23   4.8944775694550563E+03
   1.3136770000000000E+09   1.6558268417317169E+06   1.2663960578760576E-11   3.1373123002991035E-23   4.8938356920798014E+03
   1.3156770000000000E+09   1.6590925178250256E+06   1.2575538224375196E-11   3.1158087697654332E-23   4.8932045691946350E+03
   1.3176770000000000E+09   1.6623486233522035E+06   1.2487984580684984E-11   3.0945081442558349E-23   4.8925842183427249E+03
   1.3196770000000000E+09   1.6655952074366282E+06   1.2401288872888213E-11   3.0734079616291171E-23   4.8919746550064319E+03
   1.3216770000000000E+09   1.6688323184980417E+06   1.2315440485383465E-11   3.0525057968504228E-23   4.8913758926345708E+03
   1.3236770000000000E+09   1.6720600048754825E+06   1.2230428954859463E-11   3.0317992602909757E-23   4.8907879426659474E+03
   1.3256770000000000E+09   1.6752783155456486E+06   1.2146243962955126E-11   3.0112859959213670E-23   4.8902108145519578E+03
   1.3276770000000000E+09   1.6784873008472917E+06   1.2062875329128765E-11   2.9909636795534539E-23   4.8896445157835806E+03
   1.3296770000000000E+09   1.6816870130879763E+06   1.1980313004572464E-11   2.9708300173344950E-23   4.8890890519291615E+03
   1.3316770000000000E+09   1.6848775068954653E+06   1.1898547068056851E-11   2.9508827447096080E-23   4.8885444266895765E+03
   1.3336770000000000E+09   1.6880588391958450E+06   1.1817567724406259E-11   2.9311196260249313E-23   4.8880106419742751E+03
   1.3356770000000000E+09   1.6912310687613571E+06   1.1737365305855279E-11   2.9115384548363604E-23   4.8874876979955643E+03
   1.3376770000000000E+09   1.6943942553675061E+06   1.1657930275877370E-11   2.8921370548296186E-23   4.8869755933703973E+03
   1.3396770000000000E+09   1.6975484587094469E+06   1.1579253234367216E-11   2.8729132810853350E-23   4.8864743252116405E+03
   1.3416770000000000E+09   1.7006937373164201E+06   1.1501324922538679E-11   2.8538650212945496E-23   4.8859838891880954E+03
   1.3436770000000000E+09   1.7038301477307344E+06   1.1424136225817106E-11   2.8349901965054236E-23   4.8855042795378813E+03
   1.3456770000000000E+09   1.7069577441584389E+06   1.1347678173497237E-11   2.8162867610949343E-23   4.8850354890344315E+03
   1.3476770000000000E+09   1.7100765786568122E+06   1.1271941934933442E-11   2.7977527018951253E-23   4.8845775089237841E+03
   1.3496770000000000E+09   1.7131867017415238E+06   1.1196918813215838E-11   2.7793860366890698E-23   4.8841303288687632E+03
   1.3516770000000000E+09   1.7162881631455449E+06   1.1122600238182372E-11   2.7611848125138818E-23   4.8836939369385864E+03
   1.3536770000000000E+09   1.7193810124134000E+06   1.1048977760798028E-11   2.7431471042628530E-23   4.8832683196676771E+03
   1.3556770000000000E+09   1.7224652991022433E+06   1.0976043050231130E-11   2.7252710139236563E-23   4.8828534621752578E+03
   1.3576770000000000E+09   1.7255410725540291E+06   1.0903787893655139E-11   2.7075546704840937E-23   4.8824493483051201E+03
   1.3596770000000000E+09   1.7286083814101950E+06   1.0832204197516564E-11   2.6899962302246024E-23   4.8820559607290797E+03
   1.3616770000000000E+09   1.7316672731531321E+06   1.0761283988420058E-11   2.6725938769597814E-23   4.8816732809734576E+03
   1.3636770000000000E+09   1.7347177939138422E+06   1.0691019412216751E-11   2.6553458218747712E-23   4.8813012893703608E+03
   1.3656770000000000E+09   1.7377599886091931E+06   1.0621402731078859E-11   2.6382503028750441E-23   4.8809399649808438E+03
   1.3676770000000000E+09   1.7407939012738049E+06   1.0552426319560188E-11   2.6213055836615691E-23   4.8805892855559823E+03
   1.3696770000000000E+09   1.7438195753566406E+06   1.0484082661106604E-11   2.6045099528742071E-23   4.8802492275764953E+03
   1.3716770000000000E+09   1.7468370538169665E+06   1.0416364345938168E-11   2.5878617235416248E-23   4.8799197663570949E+03
   1.3736770000000000E+09   1.7498463790227012E+06   1.0349264070124828E-11   2.5713592328268226E-23   4.8796008761554722E+03
   1.3756770000000000E+09   1.7528475925958590E+06   1.0282774634870614E-11   2.5550008418556187E-23   4.8792925302249478E+03
   1.3776770000000000E+09   1.7558407353606722E+06   1.0216888945086239E-11   2.5387849354059475E-23   4.8789947007957589E+03
   1.3796770000000000E+09   1.7588258474342583E+06   1.0151600007129282E-11   2.5227099214042114E-23   4.8787073590275177E+03
   1.3816770000000000E+09   1.7618029683648958E+06   1.0086900926377785E-11   2.5067742303636615E-23   4.8784304749907869E+03
   1.3836770000000000E+09   1.7647721371796809E+06   1.0022784905425264E-11   2.4909763149543206E-23   4.8781640176915253E+03
   1.3856770000000000E+09   1.7677333922563717E+06   9.9592452431825915E-12   2.4753146498110297E-23   4.8779079550702118E+03
   1.3876770000000000E+09   1.7706867709495137E+06   9.8962753348477456E-12   2.4597877316479713E-23   4.8776622538199308E+03
   1.3896770000000000E+09   1.7736323086467485E+06   9.8338686736924888E-12   2.4443940800497310E-23   4.8774268787479841E+03
   1.3916770000000000E+09   1.7765700360595176E+06   9.7720188593117510E-12   2.4291322403611482E-23   4.8772017911246548E+03
   1.3936770000000000E+09   1.7794999713317542E+06   9.7107196264245995E-12   2.4140007927449653E-23   4.8769869448318941E+03
   1.3956770000000000E+09   1.7824220982475101E+06   9.6499649315126953E-12   2.3989983777347126E-23   4.8767822780699071E+03
   1.3976770000000000E+09   1.7853363098717874E+06   9.5897491891772625E-12   2.3841237626339089E-23   4.8765876973552458E+03
   1.3996770000000000E+09   1.7882422726796414E+06   9.5300678661826630E-12   2.3693760014800808E-23   4.8764030514183451E+03
   1.4016770000000000E+09   1.7911391242549540E+06   9.4709188514782634E-12   2.3547547900237941E-23   4.8762280999018894E+03
   1.4036770000000000E+09   1.7940248629967284E+06   9.4123053123119768E-12   2.3402611798652189E-23   4.8760625026223988E+03
   1.4056770000000000E+09   1.7968952603436089E+06   9.3542409369424008E-12   2.3258988458119510E-23   4.8759058930247638E+03
   1.4076770000000000E+09   1.7997422337789065E+06   9.2967580003341896E-12   2.3116759702566027E-23   4.8757581339689559E+03
   1.4096770000000000E+09   1.8025520482105101E+06   9.2399165643609982E-12   2.2976073030884141E-23   4.8756198096421431E+03
   1.4116770000000000E+09   1.8053045987165966E+06   9.1838085020226801E-12   2.2837149249146460E-23   4.8754927561228587E+03
   1.4136770000000000E+09   1.8079760539468981E+06   9.1285444007290659E-12   2.2700250616533124E-23   4.8753799466351611E+03
   1.4156770000000000E+09   1.8105470071277202E+06   9.0742117100457504E-12   2.2565584860789028E-23   4.8752837751917214E+03
   1.4176770000000000E+09   1.8130150091078063E+06   9.0208099925188321E-12   2.2433158895029818E-23   4.8752028313581595E+03
   1.4196770000000000E+09   1.8154040355588049E+06   8.9682040343958739E-12   2.2302669882760570E-23   4.8751301053401849E+03
   1.4216770000000000E+09   1.8177603257969504E+06   8.9161527662309966E-12   2.2173557491307522E-23   4.8750571469068882E+03
   1.4236770000000000E+09   1.8201337411779850E+06   8.8644157987094580E-12   2.2045227376536779E-23   4.8749831942302235E+03
   1.4256770000000000E+09   1.8225629766021608E+06   8.8128292532024908E-12   2.1917230353861148E-23   4.8749174956545885E+03
   1.4276770000000000E+09   1.8250842210258923E+06   8.7612392512650422E-12   2.1789164332221293E-23   4.8748645390234387E+03
   1.4296770000000000E+09   1.8277530628428389E+06   8.7093462379625483E-12   2.1660413014487023E-23   4.8747955848311158E+03
   1.4316770000000000E+09   1.8305944948433468E+06   8.6569834693006094E-12   2.1530725999880318E-23   4.8746731399197824E+03
   1.4336770000000000E+09   1.8340928872374829E+06   8.6000420827178429E-12   2.1394488627285204E-23   4.8734470554286272E+03
   1.4356770000000000E+09   1.8343945011963914E+06   8.5628796292684666E-12   2.1296495161465706E-23   4.8747156695964450E+03
   6.5767700000000000E+08  -2.9606656596271246E+03   1.3805244355042791E-15   5.7711609925972256E-26   1.1516302908252112E+03
   6.5967700000000000E+08  -2.9731545647237749E+03   2.3052564196237963E-15   9.2744924111862726E-26   1.1966337863935291E+03
   6.6167700000000000E+08  -2.9251076072841920E+03   3.7337550546238414E-15   1.4624323753906082E-25   1.2291424036978683E+03
   6.6367700000000000E+08  -2.8265426685364578E+03   5.9288987347125643E-15   2.2784650459652671E-25   1.2527483318403772E+03
   6.6567700000000000E+08  -2.6857545043839318E+03   9.3265181315715879E-15   3.5307058340549054E-25   1.2717161147428924E+03
   6.6767700000000000E+08  -2.7300137068296676E+03   1.4777647041214513E-14   5.5104153309775159E-25   1.2910799196091170E+03
   6.6967700000000000E+08  -3.2406995757168493E+03   2.4375547937054241E-14   8.9153588750120722E-25   1.3162783195167351E+03
   6.7167700000000000E+08  -4.1373673331489181E+03   4.3480116932633329E-14   1.5565257018944542E-24   1.3448274896509693E+03
   6.7367700000000000E+08  -4.6182703858628493E+03   8.3383528933045155E-14   2.9460334987821913E-24   1.3626200070916148E+03
   6.7567700000000000E+08  -4.1404229685217415E+03   1.6137580508513196E-13   5.6994927980918613E-24   1.3631209217211360E+03
   6.7767700000000000E+08  -2.9858137019306168E+03   2.9451610789724912E-13   1.0472772097070287E-23   1.3538781230530451E+03
   6.7967700000000000E+08  -1.6004622868190118E+03   4.8854485383120144E-13   1.7507825951391083E-23   1.3433970591342706E+03
   6.8167700000000000E+08  -2.3213101870459309E+02   7.3058590923171144E-13   2.6322136766155881E-23   1.3362333946557899E+03
   6.8367700000000000E+08   1.0247593020402480E+03   9.9309193732195207E-13   3.5812281740255398E-23   1.3350257250577661E+03
   6.8567700000000000E+08   2.1453168790225986E+03   1.2464846763843090E-12   4.4684592496686996E-23   1.3429545440383395E+03
   6.8767700000000000E+08   3.1166745682570831E+03   1.4710917556372451E-12   5.1893945719565466E-23   1.3647567131071951E+03
   6.8967700000000000E+08   3.9061043159872288E+03   1.6611806632492109E-12   5.6898289029095704E-23   1.4055614291950951E+03
   6.9167700000000000E+08   4.4794708914343200E+03   1.8208815310278496E-12   5.9703660277064075E-23   1.4682935952490718E+03
   6.9367700000000000E+08   4.8501609289773933E+03   1.9572062688530344E-12   6.0726506163762035E-23   1.5516382386079545E+03
   6.9567700000000000E+08   5.1086240679202938E+03   2.0749433111491344E-12   6.0534105192223032E-23   1.6502064480397671E+03
   6.9767700000000000E+08   5.3989869205216191E+03   2.1757224857918508E-12   5.9606835178091305E-23   1.7572745017025131E+03
   6.9967700000000000E+08   5.8737273532953968E+03   2.2601589173066974E-12   5.8292351182050673E-23   1.8666357307769101E+03
   7.0167700000000000E+08   6.6604275108399615E+03   2.3291057144611478E-12   5.6811103889917120E-23   1.9737318243267539E+03
   7.0367700000000000E+08   7.8429619490400701E+03   2.3839777290261312E-12   5.5290768285394303E-23   2.0757819926518350E+03
   7.0567700000000000E+08   9.4570223676470505E+03   2.4265283392629582E-12   5.3799295757383182E-23   2.1714055720314568E+03
   7.0767700000000000E+08   1.1494936397984689E+04   2.4585093523583370E-12   5.2368126792299381E-23   2.2601486108556210E+03
   7.0967700000000000E+08   1.3915541157830545E+04   2.4814326496186574E-12   5.1007040769265417E-23   2.3420951506703736E+03
   7.1167700000000000E+08   1.6655860462515106E+04   2.4964776771678996E-12   4.9713584184500310E-23   2.4176018675043988E+03
   7.1367700000000000E+08   1.9642482903924039E+04   2.5045102456974725E-12   4.8479168439900101E-23   2.4871376494321280E+03
   7.1567700000000000E+08   2.2799558042526023E+04   2.5061464974638200E-12   4.7292794826829581E-23   2.5511949414936535E+03
   7.1767700000000000E+08   2.6053176872562191E+04   2.5018169487868869E-12   4.6143096279826842E-23   2.6102431706935149E+03
   7.1967700000000000E+08   2.9336811224802816E+04   2.4918424405786263E-12   4.5019757193868594E-23   2.6647078471780574E+03
   7.2167700000000000E+08   3.2595064172040155E+04   2.4765106927810465E-12   4.3914482918881326E-23   2.7149673109423943E+03
   7.2367700000000000E+08   3.5783915232221203E+04   2.4561239254358019E-12   4.2821289843171800E-23   2.7613579157996569E+03
   7.2567700000000000E+08   3.8870778618330136E+04   2.4310228940541029E-12   4.1736424876747933E-23   2.8041805638182809E+03
   7.2767700000000000E+08   4.1833797110655032E+04   2.4015974599845106E-12   4.0658133037721265E-23   2.8437076994010795E+03
   7.2967700000000000E+08   4.4660721688320322E+04   2.3682860834358734E-12   3.9586328806427716E-23   2.8801897880703491E+03
   7.3167700000000000E+08   4.7347515453032356E+04   2.3315672444979334E-12   3.8522221183810761E-23   2.9138607652079377E+03
   7.3367700000000000E+08   4.9896794097467173E+04   2.2919454190334706E-12   3.7467927716131092E-23   2.9449421512566523E+03
   7.3567700000000000E+08   5.2316214279266322E+04   2.2499341474765271E-12   3.6426106405485124E-23   2.9736457242234760E+03
   7.3767700000000000E+08   5.4616919007714088E+04   2.2060386302824826E-12   3.5399629846284809E-23   3.0001748295668372E+03
   7.3967700000000000E+08   5.6812136470501267E+04   2.1607399337541933E-12   3.4391319253028402E-23   3.0247245661917364E+03
   7.4167700000000000E+08   5.8916006128528526E+04   2.1144823152589275E-12   3.3403747690690672E-23   3.0474811881092601E+03
   7.4367700000000000E+08   6.0942667472147594E+04   2.0676644783727363E-12   3.2439113125487993E-23   3.0686210893863745E+03
   7.4567700000000000E+08   6.2905613344863101E+04   2.0206348625475152E-12   3.1499174094569611E-23   3.0883097021354256E+03
   7.4767700000000000E+08   6.4817281235017967E+04   1.9736905329973649E-12   3.0585235833186348E-23   3.1067005570690881E+03
   7.4967700000000000E+08   6.6688839184954006E+04   1.9270789104155708E-12   2.9698172666464710E-23   3.1239346593479272E+03
   7.5167700000000000E+08   6.8530117047712774E+04   1.8810014690921240E-12   2.8838473022918422E-23   3.1401402418736448E+03
   7.5367700000000000E+08   7.0349636407161728E+04   1.8356185835042025E-12   2.8006295637470239E-23   3.1554328876692261E+03
   7.5567700000000000E+08   7.2154700067928934E+04   1.7910548504473297E-12   2.7201528442188016E-23   3.1699159675441792E+03
   7.5767700000000000E+08   7.3951511518699481E+04   1.7474043954303254E-12   2.6423844552860454E-23   3.1836813171541548E+03
   7.5967700000000000E+08   7.5745303970801921E+04   1.7047358458722263E-12   2.5672752209893624E-23   3.1968100734640875E+03
   7.6167700000000000E+08   7.7540466268463206E+04   1.6630967967361081E-12   2.4947637351976482E-23   3.2093735981264454E+03
   7.6367700000000000E+08   7.9340658743036984E+04   1.6225176992583101E-12   2.4247798704198159E-23   3.2214344286916257E+03
   7.6567700000000000E+08   8.1148916029335611E+04   1.5830151727243234E-12   2.3572475958510410E-23   3.2330472136485159E+03
   7.6767700000000000E+08   8.2967736311580797E+04   1.5445947797352703E-12   2.2920871952749951E-23   3.2442596013961388E+03
   7.6967700000000000E+08   8.4799157818791762E+04   1.5072533251167251E-12   2.2292169843826707E-23   3.2551130650349214E+03
   7.7167700000000000E+08   8.6644824008752315E+04   1.4709807447190523E-12   2.1685546222627800E-23   3.2656436539243014E+03
   7.7367700000000000E+08   8.8506039052624401E+04   1.4357616484197842E-12   2.1100181003672470E-23   3.2758826694244935E+03
   7.7567700000000000E+08   9.0383815162054190E+04   1.4015765755722169E-12   2.0535264786320549E-23   3.2858572665347638E+03
   7.7767700000000000E+08   9.2278913118985292E+04   1.3684030134562937E-12   1.9990004251535900E-23   3.2955909857495108E+03
   7.7967700000000000E+08   9.4191877153426773E+04   1.3362162214424250E-12   1.9463626040863305E-23   3.3051042208412118E+03
   7.8167700000000000E+08   9.6123065107488350E+04   1.3049898963351545E-12   1.8955379466449457E-23   3.3144146288334900E+03
   7.8367700000000000E+08   9.8072674643468723E+04   1.2746967080408155E-12   1.8464538322347213E-23   3.3235374884474300E+03
   7.8567700000000000E+08   1.0004076610496575E+05   1.2453087293689060E-12   1.7990402005694467E-23   3.3324860130067414E+03
   7.8767700000000000E+08   1.0202728252137567E+05   1.2167977793692469E-12   1.7532296108716107E-23   3.3412716233209308E+03
   7.8967700000000000E+08   1.0403206715346519E+05   1.1891356960098056E-12   1.7089572605976800E-23   3.3499041855279797E+03
   7.9167700000000000E+08   1.0605487890592394E+05   1.1622945510832971E-12   1.6661609733402599E-23   3.3583922183287923E+03
   7.9367700000000000E+08   1.0809540587727341E+05   1.1362468178716286E-12   1.6247811634243214E-23   3.3667430735198809E+03
   7.9567700000000000E+08   1.1015327727429492E+05   1.1109655001890187E-12   1.5847607830763430E-23   3.3749630932460295E+03
   7.9767700000000000E+08   1.1222807388417309E+05   1.0864242298778808E-12   1.5460452567804946E-23   3.3830577469585919E+03
   7.9967700000000000E+08   1.1431933727045654E+05   1.0625973385744563E-12   1.5085824064535426E-23   3.3910317506790416E+03
   8.0167700000000000E+08   1.1642657783699923E+05   1.0394599085356964E-12   1.4723223703013644E-23   3.3988891708286451E+03
   8.0367700000000000E+08   1.1854928188596398E+05   1.0169878064793767E-12   1.4372175176138675E-23   3.4066335145905159E+03
   8.0567700000000000E+08   1.2068691778083294E+05   9.9515770369995349E-13   1.4032223612746861E-23   3.4142678085142456E+03
   8.0767700000000000E+08   1.2283894131251624E+05   9.7394708515411562E-13   1.3702934693781259E-23   3.4217946668517757E+03
   8.0967700000000000E+08   1.2500480035553122E+05   9.5333424974029090E-13   1.3383893770382890E-23   3.4292163509214461E+03
   8.1167700000000000E+08   1.2718393889158162E+05   9.3329830360695792E-13   1.3074704992274326E-23   3.4365348206310628E+03
   8.1367700000000000E+08   1.2937580046935253E+05   9.1381914800111033E-13   1.2774990452802156E-23   3.4437517791470432E+03
   8.1567700000000000E+08   1.3157983116177426E+05   8.9487746289963291E-13   1.2484389355390664E-23   3.4508687115719154E+03
   8.1767700000000000E+08   1.3379548207538619E+05   8.7645468744198250E-13   1.2202557204842619E-23   3.4578869183841616E+03
   8.1967700000000000E+08   1.3602221146034062E+05   8.5853299799712542E-13   1.1929165025880743E-23   3.4648075442999329E+03
   8.2167700000000000E+08   1.3825948646447455E+05   8.4109528454209021E-13   1.1663898610466665E-23   3.4716316031344386E+03
   8.2367700000000000E+08   1.4050678457008250E+05   8.2412512590189016E-13   1.1406457794776071E-23   3.4783599991689680E+03
   8.2567700000000000E+08   1.4276359474807378E+05   8.0760676429423429E-13   1.1156555766180438E-23   3.4849935454673996E+03
   8.2767700000000000E+08   1.4502941836064402E+05   7.9152507953574285E-13   1.0913918400192090E-23   3.4915329795315783E+03
   8.2967700000000000E+08   1.4730376984068257E+05   7.7586556319524780E-13   1.0678283627032849E-23   3.4979789766375911E+03
   8.3167700000000000E+08   1.4958617717363915E+05   7.6061429292248949E-13   1.0449400827281791E-23   3.5043321611536521E+03
   8.3367700000000000E+08   1.5187618220555189E+05   7.4575790713429641E-13   1.0227030255919732E-23   3.5105931161043518E+03
   8.3567700000000000E+08   1.5417334079924459E+05   7.3128358020371461E-13   1.0010942494010305E-23   3.5167623912146555E+03
   8.3767700000000000E+08   1.5647722285935091E+05   7.1717899826822813E-13   9.8009179272182141E-24   3.5228405096396750E+03
   8.3967700000000000E+08   1.5878741224559332E+05   7.0343233575014899E-13   9.5967462503596330E-24   3.5288279735623805E+03
   8.4167700000000000E+08   1.6110350659270302E+05   6.9003223266352718E-13   9.3982259971892378E-24   3.5347252688204103E+03
   8.4367700000000000E+08   1.6342511705433941E+05   6.7696777276646747E-13   9.2051640946450082E-24   3.5405328687047036E+03
   8.4567700000000000E+08   1.6575186798720449E+05   6.6422846260495430E-13   9.0173754407936044E-24   3.5462512370562231E+03
   8.4767700000000000E+08   1.6808339659053338E+05   6.5180421148194950E-13   8.8346825057202334E-24   3.5518808307724071E+03
   8.4967700000000000E+08   1.7041935251459840E+05   6.3968531237530908E-13   8.6569149546147744E-24   3.5574221018216563E+03
   8.5167700000000000E+08   1.7275939745058632E+05   6.2786242381690817E-13   8.4839092922820047E-24   3.5628754988521000E+03
   8.5367700000000000E+08   1.7510320471249850E+05   6.1632655273521809E-13   8.3155085282780811E-24   3.5682414684697465E+03
   8.5567700000000000E+08   1.7745045882012352E+05   6.0506903825301518E-13   8.1515618618305015E-24   3.5735204562508889E+03
   8.5767700000000000E+08   1.7980085509025923E+05   5.9408153642209855E-13   7.9919243856527829E-24   3.5787129075441944E+03
   8.5967700000000000E+08   1.8215409924164668E+05   5.8335600586730645E-13   7.8364568077125983E-24   3.5838192681090204E+03
   8.6167700000000000E+08   1.8450990701744996E+05   5.7288469430320739E-13   7.6850251899594019E-24   3.5888399846286252E+03
   8.6367700000000000E+08   1.8686800382752233E+05   5.6266012587931846E-13   7.5375007029766470E-24   3.5937755051295221E+03
   8.6567700000000000E+08   1.8922812441132846E+05   5.5267508930351982E-13   7.3937593954935651E-24   3.5986262793317196E+03
   8.6767700000000000E+08   1.9159001252126053E+05   5.4292262668875745E-13   7.2536819776767062E-24   3.6033927589488071E+03
   8.6967700000000000E+08   1.9395342062524019E+05   5.3339602306525591E-13   7.1171536171239740E-24   3.6080753979518317E+03
   8.7167700000000000E+08   1.9631810962679953E+05   5.2408879649967261E-13   6.9840637465087908E-24   3.6126746528067511E+03
   8.7367700000000000E+08   1.9868384860051924E+05   5.1499468876332289E-13   6.8543058818622549E-24   3.6171909826917240E+03
   8.7567700000000000E+08   2.0105041454053222E+05   5.0610765649403536E-13   6.7277774505396614E-24   3.6216248496979460E+03
   8.7767700000000000E+08   2.0341759211973223E+05   4.9742186280025241E-13   6.6043796279945492E-24   3.6259767190155276E+03
   8.7967700000000000E+08   2.0578517345773624E+05   4.8893166926032174E-13   6.4840171825595649E-24   3.6302470591047181E+03
   8.8167700000000000E+08   2.0815295789571284E+05   4.8063162827597245E-13   6.3665983275300702E-24   3.6344363418516709E+03
   8.8367700000000000E+08   2.1052075177666961E+05   4.7251647574469679E-13   6.2520345799353841E-24   3.6385450427076748E+03
   8.8567700000000000E+08   2.1288836823036295E+05   4.6458112402149599E-13   6.1402406254698502E-24   3.6425736408105563E+03
   8.8767700000000000E+08   2.1525562696278121E+05   4.5682065514591244E-13   6.0311341891372717E-24   3.6465226190873072E+03
   8.8967700000000000E+08   2.1762235405189954E+05   4.4923031431420325E-13   5.9246359112217379E-24   3.6503924643376163E+03
   8.9167700000000000E+08   2.1998838175510595E+05   4.4180550357839422E-13   5.8206692282283982E-24   3.6541836672993545E+03
   8.9367700000000000E+08   2.2235354834250017E+05   4.3454177575091208E-13   5.7191602584006339E-24   3.6578967227000171E+03
   8.9567700000000000E+08   2.2471769799014277E+05   4.2743482848090500E-13   5.6200376912529927E-24   3.6615321293044271E+03
   8.9767700000000000E+08   2.2708068080847865E+05   4.2048049843984828E-13   5.5232326801743058E-24   3.6650903899826944E+03
   8.9967700000000000E+08   2.2944235316052244E+05   4.1367475549699393E-13   5.4286787363807428E-24   3.6685720118504387E+03
   9.0167700000000000E+08   2.3180257855571370E+05   4.0701369667446703E-13   5.3363116212569420E-24   3.6719775065863232E+03
   9.0367700000000000E+08   2.3416122958123920E+05   4.0049353955764769E-13   5.2460692325416719E-24   3.6753073911220886E+03
   9.0567700000000000E+08   2.3651819146748766E+05   3.9411061477120595E-13   5.1578914788450832E-24   3.6785621890299485E+03
   9.0767700000000000E+08   2.3887336773573945E+05   3.8786135729635596E-13   5.0717201390471277E-24   3.6817424330689482E+03
   9.0967700000000000E+08   2.4122668748674364E+05   3.8174229711966195E-13   4.9874987125107633E-24   3.6848486693862305E+03
   9.1167700000000000E+08   2.4357811172030919E+05   3.7575005130342744E-13   4.9051722873430074E-24   3.6878814635759632E+03
   9.1367700000000000E+08   2.4592763259937451E+05   3.6988132196550983E-13   4.8246874862662762E-24   3.6908414078675232E+03
   9.1567700000000000E+08   2.4827525641362142E+05   3.6413290656068715E-13   4.7459925762278478E-24   3.6937291269608641E+03
   9.1767700000000000E+08   2.5062096244685113E+05   3.5850172518442182E-13   4.6690378079446776E-24   3.6965452778565796E+03
   9.1967700000000000E+08   2.5296464166613042E+05   3.5298486058469450E-13   4.5937759342792716E-24   3.6992905379629201E+03
   9.2167700000000000E+08   2.5530604218687661E+05   3.4757958999805837E-13   4.5201626373108528E-24   3.7019655783294538E+03
   9.2367700000000000E+08   2.5764476944888721E+05   3.4228337375821541E-13   4.4481564015095163E-24   3.7045710268515509E+03
   9.2567700000000000E+08   2.5998038012418416E+05   3.3709377364915700E-13   4.3777174649342588E-24   3.7071074373590850E+03
   9.2767700000000000E+08   2.6231254758302070E+05   3.3200832045708511E-13   4.3088060812706366E-24   3.7095752860858797E+03
   9.2967700000000000E+08   2.6464119307422813E+05   3.2702441052379855E-13   4.2413811215852711E-24   3.7119750065111484E+03
   9.3167700000000000E+08   2.6696646735702513E+05   3.2213932454424508E-13   4.1754002443651145E-24   3.7143070470956859E+03
   9.3367700000000000E+08   2.6928856638727500E+05   3.1735040073586973E-13   4.1108220868819370E-24   3.7165719142885050E+03
   9.3567700000000000E+08   2.7160751072451082E+05   3.1265523139789022E-13   4.0476088062063591E-24   3.7187701690960853E+03
   9.3767700000000000E+08   2.7392310310402018E+05   3.0805164275693820E-13   3.9857258512563563E-24   3.7209023825674949E+03
   9.3967700000000000E+08   2.7623513558093866E+05   3.0353748690628274E-13   3.9251392972875283E-24   3.7229690958813671E+03
   9.4167700000000000E+08   2.7854360710903577E+05   2.9911065359226430E-13   3.8658159796400297E-24   3.7249708265238582E+03
   9.4367700000000000E+08   2.8084866961705725E+05   2.9476944017566725E-13   3.8077282225523343E-24   3.7269081060693297E+03
   9.4567700000000000E+08   2.8315036916199338E+05   2.9051275081700581E-13   3.7508563743565810E-24   3.7287814964015661E+03
   9.4767700000000000E+08   2.8544846613899345E+05   2.8633965605043871E-13   3.6951831281170973E-24   3.7305915614483592E+03
   9.4967700000000000E+08   2.8774247340413107E+05   2.8224857321166785E-13   3.6406829843491809E-24   3.7323388212914288E+03
   9.5167700000000000E+08   2.9003176400804782E+05   2.7823674639857201E-13   3.5873155826988574E-24   3.7340237251753101E+03
   9.5367700000000000E+08   2.9231567462783982E+05   2.7430043282903144E-13   3.5350281305637650E-24   3.7356466456920557E+03
   9.5567700000000000E+08   2.9459457671813102E+05   2.7043597681057063E-13   3.4837692488214763E-24   3.7372078807850498E+03
   9.5767700000000000E+08   2.9686975253266405E+05   2.6664137795369995E-13   3.4335089744463801E-24   3.7387078426140465E+03
   9.5967700000000000E+08   2.9914162154815887E+05   2.6291595444860741E-13   3.3842342607231365E-24   3.7401471930361045E+03
   9.6167700000000000E+08   3.0140993119753298E+05   2.5925883940642905E-13   3.3359297772148909E-24   3.7415266542366644E+03
   9.6367700000000000E+08   3.0367452841915243E+05   2.5566878247328493E-13   3.2885754566623278E-24   3.7428469009991072E+03
   9.6567700000000000E+08   3.0593531970195036E+05   2.5214438985017989E-13   3.2421495572623370E-24   3.7441085892513943E+03
   9.6767700000000000E+08   3.0819224535065726E+05   2.4868422811243954E-13   3.1966299875362466E-24   3.7453123634962353E+03
   9.6967700000000000E+08   3.1044526059258363E+05   2.4528686811421322E-13   3.1519948604171196E-24   3.7464588627122171E+03
   9.7167700000000000E+08   3.1269432220416813E+05   2.4195090649921185E-13   3.1082227621028112E-24   3.7475487226809396E+03
   9.7367700000000000E+08   3.1493937744671415E+05   2.3867497933549898E-13   3.0652929215595071E-24   3.7485825759348809E+03
   9.7567700000000000E+08   3.1718035551656428E+05   2.3545777094067609E-13   3.0231853196551367E-24   3.7495610498915862E+03
   9.7767700000000000E+08   3.1941716349945619E+05   2.3229801720854408E-13   2.9818807285967295E-24   3.7504847637976841E+03
   9.7967700000000000E+08   3.2164968907467445E+05   2.2919450234422145E-13   2.9413606670109999E-24   3.7513543253671405E+03
   9.8167700000000000E+08   3.2387781010586343E+05   2.2614604970027692E-13   2.9016072788118750E-24   3.7521703282357803E+03
   9.8367700000000000E+08   3.2610140804666886E+05   2.2315150981501477E-13   2.8626031750494790E-24   3.7529333512151020E+03
   9.8567700000000000E+08   3.2832038050523767E+05   2.2020974972254163E-13   2.8243312908028139E-24   3.7536439597171252E+03
   9.8767700000000000E+08   3.3053464925440121E+05   2.1731964653536118E-13   2.7867747959637083E-24   3.7543027089692700E+03
   9.8967700000000000E+08   3.3274416220040090E+05   2.1448008622059323E-13   2.7499170723755061E-24   3.7549101481408952E+03
   9.9167700000000000E+08   3.3494889003298053E+05   2.1168996652369711E-13   2.7137417445773306E-24   3.7554668243986393E+03
   9.9367700000000000E+08   3.3714881983512250E+05   2.0894820169152546E-13   2.6782327345173804E-24   3.7559732861311800E+03
   9.9567700000000000E+08   3.3934394844009884E+05   2.0625372631469431E-13   2.6433743060456461E-24   3.7564300850018581E+03
   9.9767700000000000E+08   3.4153427811544150E+05   2.0360549611273762E-13   2.6091510711280020E-24   3.7568377769751951E+03
   9.9967700000000000E+08   3.4371982232602214E+05   2.0100248061737290E-13   2.5755478922599610E-24   3.7571969235524825E+03
   1.0016770000000000E+09   3.4590073472173029E+05   1.9844356883303623E-13   2.5425486650863889E-24   3.7575081004492677E+03
   1.0036770000000000E+09   3.4807878262811503E+05   1.9592652265313754E-13   2.5101228943065104E-24   3.7577719182925948E+03
   1.0056770000000000E+09   3.5026081359258061E+05   1.9344560113921025E-13   2.4781951615318538E-24   3.7579891741238166E+03
   1.0076770000000000E+09   3.5245239314919105E+05   1.9099621213040529E-13   2.4467042204786314E-24   3.7581616290715506E+03
   1.0096770000000000E+09   3.5465078704634670E+05   1.8857972278150057E-13   2.4156647933713732E-24   3.7582917793260240E+03
   1.0116770000000000E+09   3.5684851268127753E+05   1.8620120273911269E-13   2.3851394732294038E-24   3.7583815968827198E+03
   1.0136770000000000E+09   3.5904188990124717E+05   1.8386510002888683E-13   2.3551835749288786E-24   3.7584321057098887E+03
   1.0156770000000000E+09   3.6121369738568505E+05   1.8157647334940648E-13   2.3258612646842208E-24   3.7584427711370417E+03
   1.0176770000000000E+09   3.6336552133038075E+05   1.7933499984482703E-13   2.2971666033394393E-24   3.7584150094378756E+03
   1.0196770000000000E+09   3.6550941173910740E+05   1.7713210095153528E-13   2.2689901455503228E-24   3.7583466527919049E+03
   1.0216770000000000E+09   3.6764748370665748E+05   1.7496578384436495E-13   2.2413051874493890E-24   3.7582381892711373E+03
   1.0236770000000000E+09   3.6978015796772036E+05   1.7283509261990666E-13   2.2140984332234449E-24   3.7580899692490289E+03
   1.0256770000000000E+09   3.7190752395265840E+05   1.7073927715592277E-13   2.1873592045804422E-24   3.7579024419538282E+03
   1.0276770000000000E+09   3.7402959967368067E+05   1.6867763332544439E-13   2.1610774404064437E-24   3.7576760782511651E+03
   1.0296770000000000E+09   3.7614639342735929E+05   1.6664946269942893E-13   2.1352431884746341E-24   3.7574113552781769E+03
   1.0316770000000000E+09   3.7825792360134434E+05   1.6465406310476839E-13   2.1098464844864653E-24   3.7571087539968239E+03
   1.0336770000000000E+09   3.8036422880289686E+05   1.6269072811568319E-13   2.0848773437412340E-24   3.7567687598468483E+03
   1.0356770000000000E+09   3.8246538175615843E+05   1.6075874452769247E-13   2.0603257263697512E-24   3.7563918645250974E+03
   1.0376770000000000E+09   3.8456151216162957E+05   1.5885738384273401E-13   2.0361814251371267E-24   3.7559785691090610E+03
   1.0396770000000000E+09   3.8665283055687771E+05   1.5698589250851820E-13   2.0124339361034567E-24   3.7555293894539973E+03
   1.0416770000000000E+09   3.8873963393690524E+05   1.5514349196820791E-13   1.9890724539356031E-24   3.7550448638840498E+03
   1.0436770000000000E+09   3.9082227587477403E+05   1.5332939764427728E-13   1.9660861101565150E-24   3.7545255610567724E+03
   1.0456770000000000E+09   3.9290110082817619E+05   1.5154285586398063E-13   1.9434644438471382E-24   3.7539720841382623E+03
   1.0476770000000000E+09   3.9497636301757343E+05   1.4978318648976260E-13   1.9211979498094699E-24   3.7533850677173214E+03
   1.0496770000000000E+09   3.9704816031778150E+05   1.4804981458112114E-13   1.8992784907050183E-24   3.7527651663958814E+03
   1.0516770000000000E+09   3.9911640711229504E+05   1.4634227923739443E-13   1.8776994195938051E-24   3.7521130373077517E+03
   1.0536770000000000E+09   4.0118085258093034E+05   1.4466021794771994E-13   1.8564553886362534E-24   3.7514293210891560E+03
   1.0556770000000000E+09   4.0324113336207968E+05   1.4300333403208520E-13   1.8355419385485845E-24   3.7507146260442300E+03
   1.0576770000000000E+09   4.0529684022114985E+05   1.4137135891523226E-13   1.8149550178335453E-24   3.7499695186721492E+03
   1.0596770000000000E+09   4.0734757904819603E+05   1.3976401964615939E-13   1.7946905651822255E-24   3.7491945213996582E+03
   1.0616770000000000E+09   4.0939301377711573E+05   1.3818101755057537E-13   1.7747442315021289E-24   3.7483901163680243E+03
   1.0636770000000000E+09   4.1143288764004799E+05   1.3662201901842713E-13   1.7551112558597711E-24   3.7475567530486228E+03
   1.0656770000000000E+09   4.1346702585102851E+05   1.3508665604556759E-13   1.7357864661662617E-24   3.7466948573372306E+03
   1.0676770000000000E+09   4.1549532600092806E+05   1.3357453277801943E-13   1.7167643574596146E-24   3.7458048402867234E+03
   1.0696770000000000E+09   4.1751774263359222E+05   1.3208523451076755E-13   1.6980392027727985E-24   3.7448871053838620E+03
   1.0716770000000000E+09   4.1953427094515786E+05   1.3061833660067257E-13   1.6796051641104773E-24   3.7439420539594580E+03
   1.0736770000000000E+09   4.2154493253154820E+05   1.2917341190521478E-13   1.6614563855911613E-24   3.7429700887976710E+03
   1.0756770000000000E+09   4.2354976437888620E+05   1.2775003627762081E-13   1.6435870624909868E-24   3.7419716162608329E+03
   1.0776770000000000E+09   4.2554881114427367E+05   1.2634779221894364E-13   1.6259914872262152E-24   3.7409470473220758E+03
   1.0796770000000000E+09   4.2754212019306672E+05   1.2496627104939458E-13   1.6086640767084227E-24   3.7398967978683781E+03
   1.0816770000000000E+09   4.2952973868026363E+05   1.2360507401731645E-13   1.5915993862818503E-24   3.7388212885608491E+03
   1.0836770000000000E+09   4.3151171201340150E+05   1.2226381271217352E-13   1.5747921148378869E-24   3.7377209444556574E+03
   1.0856770000000000E+09   4.3348808317654161E+05   1.2094210905833684E-13   1.5582371045935808E-24   3.7365961945175418E+03
   1.0876770000000000E+09   4.3545889254953177E+05   1.1963959507822121E-13   1.5419293379179704E-24   3.7354474711045896E+03
   1.0896770000000000E+09   4.3742417798652395E+05   1.1835591254290411E-13   1.5258639327046691E-24   3.7342752094669468E+03
   1.0916770000000000E+09   4.3938397501219518E+05   1.1709071257891564E-13   1.5100361371653261E-24   3.7330798472798474E+03
   1.0936770000000000E+09   4.4133831705711217E+05   1.1584365526807719E-13   1.4944413245160765E-24   3.7318618242183547E+03
   1.0956770000000000E+09   4.4328723569208290E+05   1.1461440925858685E-13   1.4790749877920278E-24   3.7306215815744845E+03
   1.0976770000000000E+09   4.4523076084344980E+05   1.1340265139531825E-13   1.4639327348946418E-24   3.7293595619140287E+03
   1.0996770000000000E+09   4.4716892098306568E+05   1.1220806637217596E-13   1.4490102839113071E-24   3.7280762087692419E+03
   1.1016770000000000E+09   4.4910174329242687E+05   1.1103034640704332E-13   1.4343034587166738E-24   3.7267719663632647E+03
   1.1036770000000000E+09   4.5102925380305474E+05   1.0986919093887501E-13   1.4198081848524042E-24   3.7254472793624127E+03
   1.1056770000000000E+09   4.5295147751584137E+05   1.0872430634620390E-13   1.4055204856780640E-24   3.7241025926528609E+03
   1.1076770000000000E+09   4.5486843850228679E+05   1.0759540568613337E-13   1.3914364787830188E-24   3.7227383511387211E+03
   1.1096770000000000E+09   4.5678015999014699E+05   1.0648220845281528E-13   1.3775523726480374E-24   3.7213549995588946E+03
   1.1116770000000000E+09   4.5868666443569463E+05   1.0538444035428786E-13   1.3638644635434611E-24   3.7199529823204020E+03
   1.1136770000000000E+09   4.6058797358413727E+05   1.0430183310651736E-13   1.3503691326501612E-24   3.7185327433463244E+03
   1.1156770000000000E+09   4.6248410851958382E+05   1.0323412424330766E-13   1.3370628433870910E-24   3.7170947259365221E+03
   1.1176770000000000E+09   4.6437508970528078E+05   1.0218105694078602E-13   1.3239421389295966E-24   3.7156393726396859E+03
   1.1196770000000000E+09   4.6626093701473222E+05   1.0114237985506617E-13   1.3110036399011786E-24   3.7141671251352755E+03
   1.1216770000000000E+09   4.6814166975382878E+05   1.0011784697176696E-13   1.2982440422222913E-24   3.7126784241240421E+03
   1.1236770000000000E+09   4.7001730667413556E+05   9.9107217466023262E-14   1.2856601150990811E-24   3.7111737092259964E+03
   1.1256770000000000E+09   4.7188786597724014E+05   9.8110255571715830E-14   1.2732486991361137E-24   3.7096534188845794E+03
   1.1276770000000000E+09   4.7375336531005328E+05   9.7126730458708916E-14   1.2610067045578068E-24   3.7081179902759932E+03
   1.1296770000000000E+09   4.7561382175113953E+05   9.6156416116917295E-14   1.2489311095236520E-24   3.7065678592226300E+03
   1.1316770000000000E+09   4.7746925178818969E+05   9.5199091246148540E-14   1.2370189585238491E-24   3.7050034601095799E+03
   1.1336770000000000E+09   4.7931967128710187E+05   9.4254539150721089E-14   1.2252673608426049E-24   3.7034252258032775E+03
   1.1356770000000000E+09   4.8116509545332228E+05   9.3322547637992724E-14   1.2136734890779995E-24   3.7018335875714520E+03
   1.1376770000000000E+09   4.8300553878663131E+05   9.2402908919986990E-14   1.2022345777079602E-24   3.7002289750035825E+03
   1.1396770000000000E+09   4.8484101503079222E+05   9.1495419517466513E-14   1.1909479216938704E-24   3.6986118159312518E+03
   1.1416770000000000E+09   4.8667153712011629E+05   9.0599880165840218E-14   1.1798108751137878E-24   3.6969825363478594E+03
   1.1436770000000000E+09   4.8849711712521536E+05   8.9716095722459237E-14   1.1688208498193231E-24   3.6953415603274093E+03
   1.1456770000000000E+09   4.9031776620077516E+05   8.8843875074898159E-14   1.1579753141107141E-24   3.6936893099422073E+03
   1.1476770000000000E+09   4.9213349453845620E+05   8.7983031049918737E-14   1.1472717914258582E-24   3.6920262051795562E+03
   1.1496770000000000E+09   4.9394431132823857E+05   8.7133380322894262E-14   1.1367078590400478E-24   3.6903526638577459E+03
   1.1516770000000000E+09   4.9575022473164357E+05   8.6294743327534053E-14   1.1262811467739003E-24   3.6886691015418460E+03
   1.1536770000000000E+09   4.9755124187027989E+05   8.5466944165779860E-14   1.1159893357073187E-24   3.6869759314600819E+03
   1.1556770000000000E+09   4.9934736883291649E+05   8.4649810517809087E-14   1.1058301568981196E-24   3.6852735644217282E+03
   1.1576770000000000E+09   5.0113861070385954E+05   8.3843173552121503E-14   1.0958013901044643E-24   3.6835624087376723E+03
   1.1596770000000000E+09   5.0292497161502898E+05   8.3046867835686009E-14   1.0859008625102144E-24   3.6818428701449629E+03
   1.1616770000000000E+09   5.0470645482321898E+05   8.2260731244212336E-14   1.0761264474534750E-24   3.6801153517367620E+03
   1.1636770000000000E+09   5.0648306281332998E+05   8.1484604872613789E-14   1.0664760631586421E-24   3.6783802538991749E+03
   1.1656770000000000E+09   5.0825479742738942E+05   8.0718332945787736E-14   1.0569476714730765E-24   3.6766379742564427E+03
   1.1676770000000000E+09   5.1002166001812852E+05   7.9961762729894631E-14   1.0475392766102846E-24   3.6748889076259852E+03
   1.1696770000000000E+09   5.1178365162490745E+05   7.9214744444360566E-14   1.0382489239021706E-24   3.6731334459845220E+03
   1.1716770000000000E+09   5.1354077316867356E+05   7.8477131174917299E-14   1.0290746985640993E-24   3.6713719784465970E+03
   1.1736770000000000E+09   5.1529302566183696E+05   7.7748778788001794E-14   1.0200147244768186E-24   3.6696048912562487E+03
   1.1756770000000000E+09   5.1704041042811179E+05   7.7029545846907488E-14   1.0110671629902249E-24   3.6678325677926146E+03
   1.1776770000000000E+09   5.1878292932656157E+05   7.6319293530145746E-14   1.0022302117549891E-24   3.6660553885897775E+03
   1.1796770000000000E+09   5.2052058497396804E+05   7.5617885552419116E-14   9.9350210358743696E-25   3.6642737313708262E+03
   1.1816770000000000E+09   5.2225338095911982E+05   7.4925188088685016E-14   9.8488110537418572E-25   3.6624879710957875E+03
   1.1836770000000000E+09   5.2398132204294484E+05   7.4241069701702085E-14   9.7636551702203767E-25   3.6606984800226746E+03
   1.1856770000000000E+09   5.2570441433844564E+05   7.3565401273464247E-14   9.6795367045887594E-25   3.6589056277806199E+03
   1.1876770000000000E+09   5.2742266546525632E+05   7.2898055940799025E-14   9.5964392868974272E-25   3.6571097814535979E+03
   1.1896770000000000E+09   5.2913608467417024E+05   7.2238909035379734E-14   9.5143468491194792E-25   3.6553113056731195E+03
   1.1916770000000000E+09   5.3084468293824093E+05   7.1587838028245738E-14   9.4332436169108506E-25   3.6535105627179364E+03
   1.1936770000000000E+09   5.3254847300791147E+05   7.0944722478882159E-14   9.3531141019928450E-25   3.6517079126186372E+03
   1.1956770000000000E+09   5.3424746942917828E+05   7.0309443988735929E-14   9.2739430951471354E-25   3.6499037132649710E+03
   1.1976770000000000E+09   5.3594168852479907E+05   6.9681886158992455E-14   9.1957156598063911E-25   3.6480983205136026E+03
   1.1996770000000000E+09   5.3763114833995106E+05   6.9061934552316877E-14   9.1184171262068854E-25   3.6462920882942053E+03
   1.2016770000000000E+09   5.3931586855497689E+05   6.8449476658158992E-14   9.0420330860553804E-25   3.6444853687117188E+03
   1.2036770000000000E+09   5.4099587036867265E+05   6.7844401861206090E-14   8.9665493876593334E-25   3.6426785121429307E+03
   1.2056770000000000E+09   5.4267117635661014E+05   6.7246601412480679E-14   8.8919521314571492E-25   3.6408718673256863E+03
   1.2076770000000000E+09   5.4434181030967063E+05   6.6655968402555086E-14   8.8182276658806626E-25   3.6390657814393744E+03
   1.2096770000000000E+09   5.4600779705827241E+05   6.6072397736374449E-14   8.7453625834837096E-25   3.6372606001755462E+03
   1.2116770000000000E+09   5.4766916228823317E+05   6.5495786109154406E-14   8.6733437172658997E-25   3.6354566677979692E+03
   1.2136770000000000E+09   5.4932593235413998E+05   6.4926031982864340E-14   8.6021581371258648E-25   3.6336543271916257E+03
   1.2156770000000000E+09   5.5097813409589091E+05   6.4363035562862346E-14   8.5317931463841555E-25   3.6318539199006605E+03
   1.2176770000000000E+09   5.5262579466385080E+05   6.3806698774271897E-14   8.4622362783188323E-25   3.6300557861553543E+03
   1.2196770000000000E+09   5.5426894135730364E+05   6.3256925237798035E-14   8.3934752926696255E-25   3.6282602648887982E+03
   1.2216770000000000E+09   5.5590760148024512E+05   6.2713620244736419E-14   8.3254981720740354E-25   3.6264676937438844E+03
   1.2236770000000000E+09   5.5754180221759470E+05   6.2176690731023135E-14   8.2582931184104218E-25   3.6246784090716478E+03
   1.2256770000000000E+09   5.5917157053378492E+05   6.1646045250279318E-14   8.1918485490371813E-25   3.6228927459220699E+03
   1.2276770000000000E+09   5.6079693309460487E+05   6.1121593945885643E-14   8.1261530929278945E-25   3.6211110380285363E+03
   1.2296770000000000E+09   5.6241791621212603E+05   6.0603248522193706E-14   8.0611955867120309E-25   3.6193336177872025E+03
   1.2316770000000000E+09   5.6403454581126047E+05   6.0090922215090610E-14   7.9969650706457434E-25   3.6175608162324447E+03
   1.2336770000000000E+09   5.6564684741587320E+05   5.9584529762145199E-14   7.9334507845390920E-25   3.6157929630096505E+03
   1.2356770000000000E+09   5.6725484615154855E+05   5.9083987372613306E-14   7.8706421636738180E-25   3.6140303863461586E+03
   1.2376770000000000E+09   5.6885856676177867E+05   5.8589212697581831E-14   7.8085288347457763E-25   3.6122734130214471E+03
   1.2396770000000000E+09   5.7045803363415622E+05   5.8100124800516637E-14   7.7471006118656860E-25   3.6105223683371128E+03
   1.2416770000000000E+09   5.7205327083339985E+05   5.7616644128425542E-14   7.6863474926449118E-25   3.6087775760871668E+03
   1.2436770000000000E+09   5.7364430213811528E+05   5.7138692483835081E-14   7.6262596543917343E-25   3.6070393585290926E+03
   1.2456770000000000E+09   5.7523115107884665E+05   5.6666192997688704E-14   7.5668274504321464E-25   3.6053080363558070E+03
   1.2476770000000000E+09   5.7681384097523300E+05   5.6199070103257109E-14   7.5080414065672235E-25   3.6035839286686096E+03
   1.2496770000000000E+09   5.7839239497062692E+05   5.5737249511089930E-14   7.4498922176709330E-25   3.6018673529511907E+03
   1.2516770000000000E+09   5.7996683606288338E+05   5.5280658185010564E-14   7.3923707444292691E-25   3.6001586250444625E+03
   1.2536770000000000E+09   5.8153718713038031E+05   5.4829224319129324E-14   7.3354680102174764E-25   3.5984580591222398E+03
   1.2556770000000000E+09   5.8310347095266706E+05   5.4382877315820032E-14   7.2791751981088518E-25   3.5967659676674275E+03
   1.2576770000000000E+09   5.8466571022524941E+05   5.3941547764614502E-14   7.2234836480092126E-25   3.5950826614486527E+03
   1.2596770000000000E+09   5.8622392756842833E+05   5.3505167421927143E-14   7.1683848539061470E-25   3.5934084494969434E+03
   1.2616770000000000E+09   5.8777814553009055E+05   5.3073669191545459E-14   7.1138704612244730E-25   3.5917436390824273E+03
   1.2636770000000000E+09   5.8932838658260927E+05   5.2646987105798864E-14   7.0599322642769122E-25   3.5900885356906456E+03
   1.2656770000000000E+09   5.9087467311403190E+05   5.2225056307328940E-14   7.0065622037997515E-25   3.5884434429983899E+03
   1.2676770000000000E+09   5.9241702741381701E+05   5.1807813031380172E-14   6.9537523645629737E-25   3.5868086628488113E+03
   1.2696770000000000E+09   5.9395547165342770E+05   5.1395194588534823E-14   6.9014949730447399E-25   3.5851844952256270E+03
   1.2716770000000000E+09   5.9549002786205104E+05   5.0987139347820003E-14   6.8497823951606480E-25   3.5835712382262691E+03
   1.2736770000000000E+09   5.9702071789784101E+05   5.0583586720109963E-14   6.7986071340374486E-25   3.5819691880338132E+03
   1.2756770000000000E+09   5.9854756341497158E+05   5.0184477141763690E-14   6.7479618278231088E-25   3.5803786388875628E+03
   1.2776770000000000E+09   6.0007058582705003E+05   4.9789752058412628E-14   6.6978392475216745E-25   3.5787998830521674E+03
   1.2796770000000000E+09   6.0158980626741261E+05   4.9399353908826163E-14   6.6482322948430596E-25   3.5772332107851503E+03
   1.2816770000000000E+09   6.0310524554696132E+05   4.9013226108776312E-14   6.5991340000568498E-25   3.5756789103028223E+03
   1.2836770000000000E+09   6.0461692411019362E+05   4.8631313034831775E-14   6.5505375198405408E-25   3.5741372677444620E+03
   1.2856770000000000E+09   6.0612486199017125E+05   4.8253560008011203E-14   6.5024361351123234E-25   3.5726085671347578E+03
   1.2876770000000000E+09   6.0762907876314328E+05   4.7879913277235229E-14   6.4548232488398932E-25   3.5710930903444919E+03
   1.2896770000000000E+09   6.0912959350335551E+05   4.7510320002548769E-14   6.4076923838208813E-25   3.5695911170495151E+03
   1.2916770000000000E+09   6.1062642473855440E+05   4.7144728238087665E-14   6.3610371804311462E-25   3.5681029246879343E+03
   1.2936770000000000E+09   6.1211959040630981E+05   4.6783086914813123E-14   6.3148513943432969E-25   3.5666287884156995E+03
   1.2956770000000000E+09   6.1360910781120532E+05   4.6425345823037328E-14   6.2691288942184937E-25   3.5651689810604539E+03
   1.2976770000000000E+09   6.1509499358234485E+05   4.6071455594834806E-14   6.2238636593834982E-25   3.5637237730738834E+03
   1.2996770000000000E+09   6.1657726363064139E+05   4.5721367686420103E-14   6.1790497775038955E-25   3.5622934324823777E+03
   1.3016770000000000E+09   6.1805593310513441E+05   4.5375034360609344E-14   6.1346814422688964E-25   3.5608782248361376E+03
   1.3036770000000000E+09   6.1953101634794183E+05   4.5032408669463740E-14   6.0907529511008498E-25   3.5594784131566894E+03
   1.3056770000000000E+09   6.2100252684857685E+05   4.4693444437148616E-14   6.0472587028940841E-25   3.5580942578826739E+03
   1.3076770000000000E+09   6.2247047720012069E+05   4.4358096242950506E-14   6.0041931957750229E-25   3.5567260168140015E+03
   1.3096770000000000E+09   6.2393487906274607E+05   4.4026319404227439E-14   5.9615510248528697E-25   3.5553739450544449E+03
   1.3116770000000000E+09   6.2539574314390135E+05   4.3698069958862721E-14   5.9193268799019827E-25   3.5540382949529467E+03
   1.3136770000000000E+09   6.2685307920895715E+05   4.3373304646548751E-14   5.8775155428834464E-25   3.5527193160442089E+03
   1.3156770000000000E+09   6.2830689613980369E+05   4.3051980888057318E-14   5.8361118851889759E-25   3.5514172549897971E+03
   1.3176770000000000E+09   6.2975720206096431E+05   4.2734056761550724E-14   5.7951108644758189E-25   3.5501323555212603E+03
   1.3196770000000000E+09   6.3120400455051404E+05   4.2419490975155918E-14   5.7545075209823332E-25   3.5488648583877316E+03
   1.3216770000000000E+09   6.3264731094522623E+05   4.2108242835465966E-14   5.7142969732733109E-25   3.5476150013108481E+03
   1.3236770000000000E+09   6.3408712873408443E+05   4.1800272212483898E-14   5.6744744134791432E-25   3.5463830189502096E+03
   1.3256770000000000E+09   6.3552346601293387E+05   4.1495539502632238E-14   5.6350351022444936E-25   3.5451691428822846E+03
   1.3276770000000000E+09   6.3695633194793155E+05   4.1194005592745058E-14   5.5959743637799829E-25   3.5439736015948833E+03
   1.3296770000000000E+09   6.3838573717367952E+05   4.0895631828986560E-14   5.5572875815542025E-25   3.5427966204974182E+03
   1.3316770000000000E+09   6.3981169404141000E+05   4.0600379995035263E-14   5.5189701952223158E-25   3.5416384219447118E+03
   1.3336770000000000E+09   6.4123421664223121E+05   4.0308212303168259E-14   5.4810176992973324E-25   3.5404992252692450E+03
   1.3356770000000000E+09   6.4265332056521205E+05   4.0019091399884936E-14   5.4434256438032277E-25   3.5393792468142642E+03
   1.3376770000000000E+09   6.4406902240767889E+05   3.9732980384587941E-14   5.4061896367265743E-25   3.5382786999584955E+03
   1.3396770000000000E+09   6.4548133912308584E+05   3.9449842836319505E-14   5.3693053476013888E-25   3.5371977951241361E+03
   1.3416770000000000E+09   6.4689028734905552E+05   3.9169642840731078E-14   5.3327685111717556E-25   3.5361367397622103E+03
   1.3436770000000000E+09   6.4829588288001355E+05   3.8892345008614386E-14   5.2965749299499288E-25   3.5350957383147356E+03
   1.3456770000000000E+09   6.4969814041829586E+05   3.8617914479203314E-14   5.2607204747331419E-25   3.5340749921585093E+03
   1.3476770000000000E+09   6.5109707365450216E+05   3.8346316905996118E-14   5.2252010827518391E-25   3.5330746995405339E+03
   1.3496770000000000E+09   6.5249269561688649E+05   3.8077518428634659E-14   5.1900127539087397E-25   3.5320950555168092E+03
   1.3516770000000000E+09   6.5388501913321961E+05   3.7811485639214922E-14   5.1551515462329163E-25   3.5311362519042682E+03
   1.3536770000000000E+09   6.5527405721142318E+05   3.7548185553078465E-14   5.1206135719129645E-25   3.5301984772501228E+03
   1.3556770000000000E+09   6.5665982319183752E+05   3.7287585591491489E-14   5.0863949949268724E-25   3.5292819168154397E+03
   1.3576770000000000E+09   6.5804233063819096E+05   3.7029653577672233E-14   5.0524920304845368E-25   3.5283867525641922E+03
   1.3596770000000000E+09   6.5942159306319046E+05   3.6774357741118988E-14   5.0189009456119372E-25   3.5275131631477425E+03
   1.3616770000000000E+09   6.6079762366073544E+05   3.6521666721514154E-14   4.9856180596966429E-25   3.5266613238782734E+03
   1.3636770000000000E+09   6.6217043519696977E+05   3.6271549564689316E-14   4.9526397439665872E-25   3.5258314066917878E+03
   1.3656770000000000E+09   6.6354004010777618E+05   3.6023975708547385E-14   4.9199624196028062E-25   3.5250235801073782E+03
   1.3676770000000000E+09   6.6490645072525518E+05   3.5778914963137476E-14   4.8875825550446786E-25   3.5242380091915325E+03
   1.3696770000000000E+09   6.6626967948875763E+05   3.5536337492394244E-14   4.8554966635061233E-25   3.5234748555326355E+03
   1.3716770000000000E+09   6.6762973902769235E+05   3.5296213803428962E-14   4.8237013015102851E-25   3.5227342772243833E+03
   1.3736770000000000E+09   6.6898664210506121E+05   3.5058514744160752E-14   4.7921930685610918E-25   3.5220164288519090E+03
   1.3756770000000000E+09   6.7034040150401823E+05   3.4823211505359599E-14   4.7609686074247635E-25   3.5213214614744311E+03
   1.3776770000000000E+09   6.7169102995654452E+05   3.4590275622127967E-14   4.7300246043442868E-25   3.5206495226024913E+03
   1.3796770000000000E+09   6.7303854014923971E+05   3.4359678972711805E-14   4.6993577888930502E-25   3.5200007561733278E+03
   1.3816770000000000E+09   6.7438294475883513E+05   3.4131393776286504E-14   4.6689649336859829E-25   3.5193753025289179E+03
   1.3836770000000000E+09   6.7572425643883715E+05   3.3905392592765307E-14   4.6388428543631897E-25   3.5187732983980818E+03
   1.3856770000000000E+09   6.7706248770819756E+05   3.3681648326185012E-14   4.6089884100644099E-25   3.5181948768787497E+03
   1.3876770000000000E+09   6.7839765070674743E+05   3.3460134232131521E-14   4.5793985044680965E-25   3.5176401674126464E+03
   1.3896770000000000E+09   6.7972975664116989E+05   3.3240823934682654E-14   4.5500700881597140E-25   3.5171092957408769E+03
   1.3916770000000000E+09   6.8105881424444681E+05   3.3023691476952156E-14   4.5210001656578896E-25   3.5166023838158844E+03
   1.3936770000000000E+09   6.8238482529022370E+05   3.2808711476177886E-14   4.4921858168959714E-25   3.5161195496052255E+03
   1.3956770000000000E+09   6.8370777213815553E+05   3.2595859565437702E-14   4.4636242582982536E-25   3.5156609066303936E+03
   1.3976770000000000E+09   6.8502758534287929E+05   3.2385113556564855E-14   4.4353130034068823E-25   3.5152265629056096E+03
   1.3996770000000000E+09   6.8634406510555954E+05   3.2176456281754403E-14   4.4072502550392544E-25   3.5148166186452213E+03
   1.4016770000000000E+09   6.8765670529729768E+05   3.1969882002080205E-14   4.3794357890163601E-25   3.5144311617021554E+03
   1.4036770000000000E+09   6.8896433507367363E+05   3.1765409551514122E-14   4.3518727655228380E-25   3.5140702592933189E+03
   1.4056770000000000E+09   6.9026447252619790E+05   3.1563106242170405E-14   4.3245710220237616E-25   3.5137339443453902E+03
   1.4076770000000000E+09   6.9155234055607778E+05   3.1363124668340747E-14   4.2975521432236658E-25   3.5134221946556363E+03
   1.4096770000000000E+09   6.9281973970046511E+05   3.1165745646807160E-14   4.2708553852669154E-25   3.5131349017937205E+03
   1.4116770000000000E+09   6.9405449864368280E+05   3.0971400805585791E-14   4.2445408329584245E-25   3.5128718217657297E+03
   1.4136770000000000E+09   6.9524187119566370E+05   3.0780623029460513E-14   4.2186827074558097E-25   3.5126324917638935E+03
   1.4156770000000000E+09   6.9636926926857117E+05   3.0593869726817673E-14   4.1933452839455639E-25   3.5124161053853832E+03
   1.4176770000000000E+09   6.9743388493970362E+05   3.0411230768955773E-14   4.1685429639195108E-25   3.5122214073741266E+03
   1.4196770000000000E+09   6.9844891785384470E+05   3.0232181264941699E-14   4.1442062221662006E-25   3.5120468062435025E+03
   1.4216770000000000E+09   6.9944182218199421E+05   3.0055639766974303E-14   4.1201889122230138E-25   3.5118909237908470E+03
   1.4236770000000000E+09   7.0044327275990485E+05   2.9880402770575221E-14   4.0963269067187967E-25   3.5117533867929624E+03
   1.4256770000000000E+09   7.0147739460471785E+05   2.9705555804310158E-14   4.0724942770902296E-25   3.5116350152428899E+03
   1.4276770000000000E+09   7.0256603133834538E+05   2.9530331068835225E-14   4.0485848063985058E-25   3.5115369760915810E+03
   1.4296770000000000E+09   7.0374248128467961E+05   2.9353523355379571E-14   4.0244341653260110E-25   3.5114588342877996E+03
   1.4316770000000000E+09   7.0501984388184035E+05   2.9174862881167671E-14   3.9999901719450391E-25   3.5114142737370234E+03
   1.4336770000000000E+09   7.0669276917138149E+05   2.8981255091694258E-14   3.9736061837282312E-25   3.5112725195748972E+03
   1.4356770000000000E+09   7.0627333687162108E+05   2.8877628808076065E-14   3.9592291643140990E-25   3.5114222820314872E+03
   6.5767700000000000E+08  -1.5180529867774280E+03   2.7754616288858930E-08   9.9068363006005895E-23   1.8483414568010865E+03
   6.5967700000000000E+08  -1.4348386877135893E+03   4.6753855617303119E-08   1.3847967546021235E-22   2.2275062259726556E+03
   6.6167700000000000E+08  -1.3117879425038327E+03   5.8926404974482545E-08   1.5600891508304288E-22   2.4920717366465442E+03
   6.6367700000000000E+08  -1.1258378029807502E+03   6.5179889489572020E-08   1.5930770788255129E-22   2.6995389587677055E+03
   6.6567700000000000E+08  -8.2058827182631114E+02   6.6360868707455515E-08   1.5244700550239630E-22   2.8722062512256648E+03
   6.6767700000000000E+08  -4.3533577807445857E+02   6.4315901331615215E-08   1.4047434348536158E-22   3.0209946930156716E+03
   6.6967700000000000E+08   7.0401456599701477E+00   6.0582787368328031E-08   1.2681708970668309E-22   3.1521231335017478E+03
   6.7167700000000000E+08   4.8457720146464987E+02   5.6196881308393660E-08   1.1341234304140247E-22   3.2695227378464110E+03
   6.7367700000000000E+08   9.8020962672750102E+02   5.1753328037892124E-08   1.0115421861863348E-22   3.3758722438134541E+03
   6.7567700000000000E+08   1.4761182358021542E+03   4.7554051665957523E-08   9.0344239519524003E-23   3.4730994307498386E+03
   6.7767700000000000E+08   1.9483078003436926E+03   4.3731122497334649E-08   8.0992724688318115E-23   3.5626481475029227E+03
   6.7967700000000000E+08   2.3672221883145535E+03   4.0324948803538046E-08   7.2983963182125803E-23   3.6456325967855528E+03
   6.8167700000000000E+08   2.7117035308126228E+03   3.7322831588774281E-08   6.6147620110784490E-23   3.7229335101745746E+03
   6.8367700000000000E+08   2.9725602332231883E+03   3.4681486211088380E-08   6.0294782480318688E-23   3.7952609046854459E+03
   6.8567700000000000E+08   3.1492669954116159E+03   3.2339129245993939E-08   5.5233740993776549E-23   3.8631966626152516E+03
   6.8767700000000000E+08   3.2262490203507036E+03   3.0223877756972014E-08   5.0779370736565733E-23   3.9272242820950032E+03
   6.8967700000000000E+08   3.1547810215647587E+03   2.8274099211404621E-08   4.6782555963118062E-23   3.9877492670506090E+03
   6.9167700000000000E+08   2.8863333937343114E+03   2.6456123851800629E-08   4.3153713223508684E-23   4.0451148519563185E+03
   6.9367700000000000E+08   2.4322285078910841E+03   2.4768225572072046E-08   3.9863301611680149E-23   4.0996156817389938E+03
   6.9567700000000000E+08   1.8954821182379235E+03   2.3227015003521184E-08   3.6915273421339073E-23   4.1515093869292969E+03
   6.9767700000000000E+08   1.4459902261423772E+03   2.1849006389148659E-08   3.4315541775340388E-23   4.2010249131235514E+03
   6.9967700000000000E+08   1.2632172624270854E+03   2.0639786186666404E-08   3.2054733302656010E-23   4.2483673578811213E+03
   7.0167700000000000E+08   1.4841498104743787E+03   1.9592346543895008E-08   3.0106193045858000E-23   4.2937203564670326E+03
   7.0367700000000000E+08   2.1761752366554879E+03   1.8690321695452004E-08   2.8431512788782509E-23   4.3372473949071900E+03
   7.0567700000000000E+08   3.3355552065300694E+03   1.7912364607084109E-08   2.6987400860669855E-23   4.3790930066824767E+03
   7.0767700000000000E+08   4.9027133815890857E+03   1.7235871910543334E-08   2.5731184064275270E-23   4.4193842555337269E+03
   7.0967700000000000E+08   6.7839813905883011E+03   1.6639516873756814E-08   2.4624275970077116E-23   4.4582325299895638E+03
   7.1167700000000000E+08   8.8721515228972003E+03   1.6104651783534526E-08   2.3633851479797969E-23   4.4957355074345314E+03
   7.1367700000000000E+08   1.1062319860759539E+04   1.5615869016837768E-08   2.2733262496722893E-23   4.5319791208102906E+03
   7.1567700000000000E+08   1.3261049219995202E+04   1.5160979582521938E-08   2.1901639135293667E-23   4.5670393896348942E+03
   7.1767700000000000E+08   1.5389970619549844E+04   1.4730633287441066E-08   2.1123029616828733E-23   4.6009840267651507E+03
   7.1967700000000000E+08   1.7390525982604035E+04   1.4318312724856610E-08   2.0386145809204551E-23   4.6338738295503172E+03
   7.2167700000000000E+08   1.9225465735427442E+04   1.3919639892026236E-08   1.9683170682656256E-23   4.6657638780842635E+03
   7.2367700000000000E+08   2.0875060584799707E+04   1.3531954145208073E-08   1.9009013713139955E-23   4.6967045126338153E+03
   7.2567700000000000E+08   2.2334248649046855E+04   1.3153872425401013E-08   1.8360584839441169E-23   4.7267421007397861E+03
   7.2767700000000000E+08   2.3609378019758704E+04   1.2784900846579549E-08   1.7736176743865948E-23   4.7559196375603242E+03
   7.2967700000000000E+08   2.4714890580009371E+04   1.2425104443961990E-08   1.7134956470248904E-23   4.7842772078613943E+03
   7.3167700000000000E+08   2.5670207375226524E+04   1.2074841562497940E-08   1.6556567872802462E-23   4.8118523370203347E+03
   7.3367700000000000E+08   2.6497026226225153E+04   1.1734565173790848E-08   1.6000841480085879E-23   4.8386802563992096E+03
   7.3567700000000000E+08   2.7217177983786169E+04   1.1404688674722974E-08   1.5467602843859851E-23   4.8647941056773861E+03
   7.3767700000000000E+08   2.7851103410480173E+04   1.1085508047623744E-08   1.4956563790688822E-23   4.8902250913093358E+03
   7.3967700000000000E+08   2.8416926681987843E+04   1.0777169168580582E-08   1.4467277969601382E-23   4.9150026162184095E+03
   7.4167700000000000E+08   2.8930038948541380E+04   1.0479666947666011E-08   1.3999140374442939E-23   4.9391543918082225E+03
   7.4367700000000000E+08   2.9403064934701826E+04   1.0192863876750341E-08   1.3551412727171357E-23   4.9627065396489643E+03
   7.4567700000000000E+08   2.9846079545496879E+04   9.9165176940842231E-09   1.3123260251633584E-23   4.9856836871479900E+03
   7.4767700000000000E+08   3.0266956866917160E+04   9.6503108292830475E-09   1.2713789857250631E-23   5.0081090592935770E+03
   7.4967700000000000E+08   3.0671762195686842E+04   9.3938771637068254E-09   1.2322083895582741E-23   5.0300045671334474E+03
   7.5167700000000000E+08   3.1065128489565996E+04   9.1468239799316579E-09   1.1947226905050264E-23   5.0513908928750188E+03
   7.5367700000000000E+08   3.1450585441860447E+04   8.9087485942080779E-09   1.1588324936785751E-23   5.0722875711844408E+03
   7.5567700000000000E+08   3.1830829209247768E+04   8.6792501136685688E-09   1.1244518275617408E-23   5.0927130662364398E+03
   7.5767700000000000E+08   3.2207933412038183E+04   8.4579371905679442E-09   1.0914988880937443E-23   5.1126848441854054E+03
   7.5967700000000000E+08   3.2583508655245601E+04   8.2444327387160098E-09   1.0598963935238191E-23   5.1322194408942951E+03
   7.6167700000000000E+08   3.2958820277263716E+04   8.0383764855994802E-09   1.0295716717624108E-23   5.1513325249169602E+03
   7.6367700000000000E+08   3.3334873986060549E+04   7.8394260659559725E-09   1.0004565762320071E-23   5.1700389558563948E+03
   7.6567700000000000E+08   3.3712477755650245E+04   7.6472571841737881E-09   9.7248730034024373E-24   5.1883528383098628E+03
   7.6767700000000000E+08   3.4092286652914030E+04   7.4615632164790481E-09   9.4560413869394918E-24   5.2062875716652152E+03
   7.6967700000000000E+08   3.4474835608231733E+04   7.2820545009099800E-09   9.1975122625789069E-24   5.2238558960383871E+03
   7.7167700000000000E+08   3.4860563742157530E+04   7.1084574733874938E-09   8.9487627456224346E-24   5.2410699346481088E+03
   7.7367700000000000E+08   3.5249832771621135E+04   6.9405137464264470E-09   8.7093031589154101E-24   5.2579412329168881E+03
   7.7567700000000000E+08   3.5642941221463159E+04   6.7779791864888165E-09   8.4786746114127566E-24   5.2744807945725770E+03
   7.7767700000000000E+08   3.6040135607631339E+04   6.6206230204813493E-09   8.2564467381939081E-24   5.2906991150064096E+03
   7.7967700000000000E+08   3.6441619378777839E+04   6.4682269865067974E-09   8.0422156080733546E-24   5.3066062121231225E+03
   7.8167700000000000E+08   3.6847560151821774E+04   6.3205845350698473E-09   7.8356017948162275E-24   5.3222116548986814E+03
   7.8367700000000000E+08   3.7258095613646125E+04   6.1775000820269934E-09   7.6362486029529148E-24   5.3375245898418707E+03
   7.8567700000000000E+08   3.7673338355696673E+04   6.0387883120247410E-09   7.4438204371216945E-24   5.3525537655379449E+03
   7.8767700000000000E+08   3.8093379840080677E+04   5.9042735299704094E-09   7.2580013034109588E-24   5.3673075554360603E+03
   7.8967700000000000E+08   3.8518293650944332E+04   5.7737890576106802E-09   7.0784934315317169E-24   5.3817939790270993E+03
   7.9167700000000000E+08   3.8948138154472952E+04   5.6471766721974158E-09   6.9050160073744291E-24   5.3960207215449300E+03
   7.9367700000000000E+08   3.9382958669167172E+04   5.5242860843020498E-09   6.7373040063527112E-24   5.4099951523118398E+03
   7.9567700000000000E+08   3.9822789231683273E+04   5.4049744519940185E-09   6.5751071187877546E-24   5.4237243418377639E+03
   7.9767700000000000E+08   4.0267654030451304E+04   5.2891059287748343E-09   6.4181887593875820E-24   5.4372150777730421E+03
   7.9967700000000000E+08   4.0717568568342409E+04   5.1765512428342178E-09   6.2663251536064820E-24   5.4504738798053722E+03
   8.0167700000000000E+08   4.1172540606212300E+04   5.0671873053598360E-09   6.1193044943284561E-24   5.4635070135835049E+03
   8.0367700000000000E+08   4.1632570930853835E+04   4.9608968457872700E-09   5.9769261629124055E-24   5.4763205037430243E+03
   8.0567700000000000E+08   4.2097653983600248E+04   4.8575680720206580E-09   5.8390000091708478E-24   5.4889201461027978E+03
   8.0767700000000000E+08   4.2567778379428695E+04   4.7570943537911965E-09   5.7053456853383256E-24   5.5013115190948365E+03
   8.0967700000000000E+08   4.3042927340888033E+04   4.6593739274501481E-09   5.5757920295259413E-24   5.5134999944847596E+03
   8.1167700000000000E+08   4.3523079066487597E+04   4.5643096206168554E-09   5.4501764945596544E-24   5.5254907474353822E+03
   8.1367700000000000E+08   4.4008207049270357E+04   4.4718085952207933E-09   5.3283446184674774E-24   5.5372887659612588E+03
   8.1567700000000000E+08   4.4498280358124335E+04   4.3817821075901927E-09   5.2101495332168517E-24   5.5488988598181913E+03
   8.1767700000000000E+08   4.4993263891888564E+04   4.2941452843469770E-09   5.0954515086104417E-24   5.5603256688679576E+03
   8.1967700000000000E+08   4.5493118614377694E+04   4.2088169129695569E-09   4.9841175285294822E-24   5.5715736709552866E+03
   8.2167700000000000E+08   4.5997801777010791E+04   4.1257192459790716E-09   4.8760208969683116E-24   5.5826471893310181E+03
   8.2367700000000000E+08   4.6507267134670612E+04   4.0447778177913756E-09   4.7710408715340988E-24   5.5935503996527204E+03
   8.2567700000000000E+08   4.7021465159611398E+04   3.9659212733551256E-09   4.6690623222925249E-24   5.6042873365915311E+03
   8.2767700000000000E+08   4.7540343257580891E+04   3.8890812077661030E-09   4.5699754140249252E-24   5.6148619000716990E+03
   8.2967700000000000E+08   4.8063845989736205E+04   3.8141920161078157E-09   4.4736753101251339E-24   5.6252778611673120E+03
   8.3167700000000000E+08   4.8591915303285779E+04   3.7411907528204400E-09   4.3800618965082701E-24   5.6355388676786688E+03
   8.3367700000000000E+08   4.9124490773070567E+04   3.6700169999433315E-09   4.2890395240288694E-24   5.6456484494092747E+03
   8.3567700000000000E+08   4.9661509855422933E+04   3.6006127436124622E-09   4.2005167680157956E-24   5.6556100231625469E+03
   8.3767700000000000E+08   5.0202908154636534E+04   3.5329222582245321E-09   4.1144062036276252E-24   5.6654268974761981E+03
   8.3967700000000000E+08   5.0748619701251155E+04   3.4668919977050705E-09   4.0306241958175924E-24   5.6751022771107328E+03
   8.4167700000000000E+08   5.1298577240150727E+04   3.4024704933413051E-09   3.9490907027747060E-24   5.6846392673072951E+03
   8.4367700000000000E+08   5.1852712525275929E+04   3.3396082576629694E-09   3.8697290917792354E-24   5.6940408778291448E+03
   8.4567700000000000E+08   5.2410956616629104E+04   3.2782576938776536E-09   3.7924659664796867E-24   5.7033100267998188E+03
   8.4767700000000000E+08   5.2973240174315877E+04   3.2183730103924938E-09   3.7172310046651624E-24   5.7124495443502192E+03
   8.4967700000000000E+08   5.3539493743670333E+04   3.1599101399830911E-09   3.6439568056750273E-24   5.7214621760860064E+03
   8.5167700000000000E+08   5.4109648025163304E+04   3.1028266632026400E-09   3.5725787466559943E-24   5.7303505863857481E+03
   8.5367700000000000E+08   5.4683634122800715E+04   3.0470817356604241E-09   3.5030348469464988E-24   5.7391173615397456E+03
   8.5567700000000000E+08   5.5261383765133964E+04   2.9926360188379450E-09   3.4352656399388052E-24   5.7477650127386105E+03
   8.5767700000000000E+08   5.5842829493784782E+04   2.9394516141522636E-09   3.3692140518395543E-24   5.7562959789201332E+03
   8.5967700000000000E+08   5.6427904815503964E+04   2.8874920000184508E-09   3.3048252868186789E-24   5.7647126294824075E+03
   8.6167700000000000E+08   5.7016544315170016E+04   2.8367219717044871E-09   3.2420467181024456E-24   5.7730172668706437E+03
   8.6367700000000000E+08   5.7608683728683245E+04   2.7871075838113053E-09   3.1808277846280377E-24   5.7812121290445975E+03
   8.6567700000000000E+08   5.8204259976328569E+04   2.7386160952465568E-09   3.1211198929327200E-24   5.7892993918331858E+03
   8.6767700000000000E+08   5.8803211158758684E+04   2.6912159165911694E-09   3.0628763239988019E-24   5.7972811711823306E+03
   8.6967700000000000E+08   5.9405476519183510E+04   2.6448765597830446E-09   3.0060521448161924E-24   5.8051595253017967E+03
   8.7167700000000000E+08   6.0010996376553907E+04   2.5995685900607371E-09   2.9506041244561849E-24   5.8129364567164075E+03
   8.7367700000000000E+08   6.0619712035434764E+04   2.5552635801222498E-09   2.8964906544737859E-24   5.8206139142266993E+03
   8.7567700000000000E+08   6.1231565678832420E+04   2.5119340664601266E-09   2.8436716734717191E-24   5.8281937947837523E+03
   8.7767700000000000E+08   6.1846500250449993E+04   2.4695535078348665E-09   2.7921085956683498E-24   5.8356779452827159E+03
   8.7967700000000000E+08   6.2464459332726932E+04   2.4280962458446445E-09   2.7417642433148864E-24   5.8430681642792288E+03
   8.8167700000000000E+08   6.3085387026585413E+04   2.3875374675421622E-09   2.6926027828062211E-24   5.8503662036327187E+03
   8.8367700000000000E+08   6.3709227838142862E+04   2.3478531700398074E-09   2.6445896643256487E-24   5.8575737700803174E+03
   8.8567700000000000E+08   6.4335926576849655E+04   2.3090201270334660E-09   2.5976915648578023E-24   5.8646925267449187E+03
   8.8767700000000000E+08   6.4965428268754717E+04   2.2710158571630357E-09   2.5518763343963596E-24   5.8717240945807243E+03
   8.8967700000000000E+08   6.5597678088178029E+04   2.2338185941140839E-09   2.5071129451634775E-24   5.8786700537593861E+03
   8.9167700000000000E+08   6.6232621311744355E+04   2.1974072583452074E-09   2.4633714436410510E-24   5.8855319449997151E+03
   8.9367700000000000E+08   6.6870203301955757E+04   2.1617614302908956E-09   2.4206229051800675E-24   5.8923112708437611E+03
   8.9567700000000000E+08   6.7510369536422761E+04   2.1268613248189205E-09   2.3788393908802196E-24   5.8990094968818394E+03
   8.9767700000000000E+08   6.8153065719395032E+04   2.0926877665768279E-09   2.3379939062754771E-24   5.9056280529291134E+03
   8.9967700000000000E+08   6.8798238053609515E+04   2.0592221655855718E-09   2.2980603610586390E-24   5.9121683341561411E+03
   9.0167700000000000E+08   6.9445833823179695E+04   2.0264464919702086E-09   2.2590135285640376E-24   5.9186317021758814E+03
   9.0367700000000000E+08   7.0095802543074460E+04   1.9943432480728691E-09   2.2208290030228014E-24   5.9250194860896618E+03
   9.0567700000000000E+08   7.0748098031014451E+04   1.9628954356437801E-09   2.1834831520158919E-24   5.9313329834949518E+03
   9.0767700000000000E+08   7.1402681730427852E+04   1.9320865161824162E-09   2.1469530620017226E-24   5.9375734614578787E+03
   9.0967700000000000E+08   7.2059527202998448E+04   1.9019003654395275E-09   2.1112164780957252E-24   5.9437421574534555E+03
   9.1167700000000000E+08   7.2718624570565196E+04   1.8723212306663543E-09   2.0762517476949578E-24   5.9498402802754508E+03
   9.1367700000000000E+08   7.3379981674622046E+04   1.8433337119612161E-09   2.0420377916086716E-24   5.9558690109155459E+03
   9.1567700000000000E+08   7.4043616551877087E+04   1.8149228019193798E-09   2.0085541403392282E-24   5.9618295034066523E+03
   9.1767700000000000E+08   7.4709535799043922E+04   1.7870740158579560E-09   1.9757810705749210E-24   5.9677228856203028E+03
   9.1967700000000000E+08   7.5377699031802520E+04   1.7597736065400009E-09   1.9436998341386652E-24   5.9735502600055534E+03
   9.2167700000000000E+08   7.6047982535816758E+04   1.7330087752433301E-09   1.9122928810993674E-24   5.9793127042639726E+03
   9.2367700000000000E+08   7.6720169046006733E+04   1.7067677054978679E-09   1.8815438856343330E-24   5.9850112719745002E+03
   9.2567700000000000E+08   7.7393989352125645E+04   1.6810392637774080E-09   1.8514374052705995E-24   5.9906469932074706E+03
   9.2767700000000000E+08   7.8069209603067284E+04   1.6558124125804570E-09   1.8219582272748666E-24   5.9962208751762064E+03
   9.2967700000000000E+08   7.8745709398219391E+04   1.6310756849058472E-09   1.7930907883848221E-24   6.0017339029466302E+03
   9.3167700000000000E+08   7.9423486099280562E+04   1.6068171762613898E-09   1.7648191667450625E-24   6.0071870401708493E+03
   9.3367700000000000E+08   8.0102576378063488E+04   1.5830250242181166E-09   1.7371276073046535E-24   6.0125812297698722E+03
   9.3567700000000000E+08   8.0782970616242659E+04   1.5596878137201654E-09   1.7100009604743810E-24   6.0179173945113725E+03
   9.3767700000000000E+08   8.1464627596714228E+04   1.5367947415592210E-09   1.6834248533253500E-24   6.0231964375263715E+03
   9.3967700000000000E+08   8.2147570507228709E+04   1.5143357496622843E-09   1.6573858292889500E-24   6.0284192428656124E+03
   9.4167700000000000E+08   8.2831885812567940E+04   1.4923011779439102E-09   1.6318709683702213E-24   6.0335866760835870E+03
   9.4367700000000000E+08   8.3517546832299413E+04   1.4706804465898982E-09   1.6068664485168688E-24   6.0386995847072949E+03
   9.4567700000000000E+08   8.4204252787768666E+04   1.4494610100459123E-09   1.5823563997538511E-24   6.0437587985326008E+03
   9.4767700000000000E+08   8.4891508076297978E+04   1.4286293923051897E-09   1.5583240255003205E-24   6.0487651298936426E+03
   9.4967700000000000E+08   8.5578910831637957E+04   1.4081738879759100E-09   1.5347545398119119E-24   6.0537193741294141E+03
   9.5167700000000000E+08   8.6266402733023730E+04   1.3880863911667221E-09   1.5116371553620658E-24   6.0586223103645661E+03
   9.5367700000000000E+08   8.6954738890570414E+04   1.3683623423426457E-09   1.4889650008608510E-24   6.0634747024109147E+03
   9.5567700000000000E+08   8.7644393418712018E+04   1.3490017762566428E-09   1.4667362318573011E-24   6.0682772992623404E+03
   9.5767700000000000E+08   8.8336104865154572E+04   1.3300065246343419E-09   1.4449511688235277E-24   6.0730308352702141E+03
   9.5967700000000000E+08   8.9029642423959638E+04   1.3113607168325286E-09   1.4235909257558025E-24   6.0777360301680283E+03
   9.6167700000000000E+08   8.9724539765534268E+04   1.2930537235360758E-09   1.4026422637608583E-24   6.0823935891955762E+03
   9.6367700000000000E+08   9.0420626247080188E+04   1.2750767994235967E-09   1.3820940960917536E-24   6.0870042035445276E+03
   9.6567700000000000E+08   9.1117811885405565E+04   1.2574221415832074E-09   1.3619364310011593E-24   6.0915685507897906E+03
   9.6767700000000000E+08   9.1816035088559627E+04   1.2400824174028309E-09   1.3421598483478936E-24   6.0960872952717200E+03
   9.6967700000000000E+08   9.2515247752730895E+04   1.2230506043512966E-09   1.3227553208029519E-24   6.1005610884471544E+03
   9.7167700000000000E+08   9.3215410346010452E+04   1.2063199301431150E-09   1.3037141458365967E-24   6.1049905692201573E+03
   9.7367700000000000E+08   9.3916489346446207E+04   1.1898838407526952E-09   1.2850279085713655E-24   6.1093763642577396E+03
   9.7567700000000000E+08   9.4618455433420750E+04   1.1737359774690699E-09   1.2666884547119471E-24   6.1137190882935911E+03
   9.7767700000000000E+08   9.5321282046059510E+04   1.1578701602286953E-09   1.2486878704346663E-24   6.1180193444210254E+03
   9.7967700000000000E+08   9.6024944359863526E+04   1.1422803754680761E-09   1.2310184672924865E-24   6.1222777243764331E+03
   9.8167700000000000E+08   9.6729418802099055E+04   1.1269607662213719E-09   1.2136727696637142E-24   6.1264948088135061E+03
   9.8367700000000000E+08   9.7434682918998151E+04   1.1119056238699855E-09   1.1966435040928852E-24   6.1306711675692168E+03
   9.8567700000000000E+08   9.8140715313542038E+04   1.0971093818662837E-09   1.1799235908537725E-24   6.1348073599218351E+03
   9.8767700000000000E+08   9.8847495560206822E+04   1.0825666109853124E-09   1.1635061372386889E-24   6.1389039348413517E+03
   9.8967700000000000E+08   9.9555004066836962E+04   1.0682720152823617E-09   1.1473844316803612E-24   6.1429614312325921E+03
   9.9167700000000000E+08   1.0026322185698674E+05   1.0542204283963155E-09   1.1315519383104216E-24   6.1469803781711362E+03
   9.9367700000000000E+08   1.0097213045052534E+05   1.0404068103491498E-09   1.1160022921044397E-24   6.1509612951324225E+03
   9.9567700000000000E+08   1.0168171224189857E+05   1.0268262458049361E-09   1.1007292956365213E-24   6.1549046922142370E+03
   9.9767700000000000E+08   1.0239195170828815E+05   1.0134739456494349E-09   1.0857269194312539E-24   6.1588110703534749E+03
   9.9967700000000000E+08   1.0310283735987097E+05   1.0003452532141950E-09   1.0709893073278981E-24   6.1626809215374751E+03
   1.0016770000000000E+09   1.0381436367192959E+05   9.8743565332114951E-10   1.0565107849042684E-24   6.1665147290105424E+03
   1.0036770000000000E+09   1.0452653204409117E+05   9.7474077907167799E-10   1.0422858655312572E-24   6.1703129674752636E+03
   1.0056770000000000E+09   1.0523934957256484E+05   9.6225640573198759E-10   1.0283092426997718E-24   6.1740761032876762E+03
   1.0076770000000000E+09   1.0595282514447818E+05   9.4997842924204541E-10   1.0145757660024700E-24   6.1778045946452066E+03
   1.0096770000000000E+09   1.0666696351922750E+05   9.3790282854213908E-10   1.0010803999384760E-24   6.1814988917666351E+03
   1.0116770000000000E+09   1.0738175927809849E+05   9.2602562144388624E-10   9.8781817592438344E-25   6.1851594370640905E+03
   1.0136770000000000E+09   1.0809719270952018E+05   9.1434283170251354E-10   9.7478415637164519E-25   6.1887866653079200E+03
   1.0156770000000000E+09   1.0881322324743899E+05   9.0285048022237831E-10   9.6197342439067864E-25   6.1923810037861549E+03
   1.0176770000000000E+09   1.0952979860570206E+05   8.9154457899674173E-10   9.4938107718326807E-25   6.1959428724611798E+03
   1.0196770000000000E+09   1.1024685545169433E+05   8.8042115378152110E-10   9.3700224867649207E-25   6.1994726841252195E+03
   1.0216770000000000E+09   1.1096432875493391E+05   8.6947631267474577E-10   9.2483218223304097E-25   6.2029708445553806E+03
   1.0236770000000000E+09   1.1168216076208223E+05   8.5870628612705594E-10   9.1286627234862510E-25   6.2064377526689505E+03
   1.0256770000000000E+09   1.1240030741454943E+05   8.4810746013738512E-10   9.0110009913166720E-25   6.2098738006775448E+03
   1.0276770000000000E+09   1.1311874163903893E+05   8.3767639127846212E-10   8.8952944343712204E-25   6.2132793742387830E+03
   1.0296770000000000E+09   1.1383745329757746E+05   8.2740980285053902E-10   8.7815028194416800E-25   6.2166548526036449E+03
   1.0316770000000000E+09   1.1455644646308775E+05   8.1730456650777896E-10   8.6695876683127535E-25   6.2200006087585780E+03
   1.0336770000000000E+09   1.1527573515768311E+05   8.0735767609068156E-10   8.5595119723007460E-25   6.2233170095615887E+03
   1.0356770000000000E+09   1.1599533873185466E+05   7.9756622033851103E-10   8.4512398956019697E-25   6.2266044158724953E+03
   1.0376770000000000E+09   1.1671527779186345E+05   7.8792735943665052E-10   8.3447365200626093E-25   6.2298631826778828E+03
   1.0396770000000000E+09   1.1743557118536616E+05   7.7843830797307939E-10   8.2399676585960249E-25   6.2330936592113130E+03
   1.0416770000000000E+09   1.1815623418145564E+05   7.6909632470344885E-10   8.1368997413388218E-25   6.2362961890695897E+03
   1.0436770000000000E+09   1.1887727771035187E+05   7.5989870806344277E-10   8.0354997631342459E-25   6.2394711103259506E+03
   1.0456770000000000E+09   1.1959870838576740E+05   7.5084279571083684E-10   7.9357352739992287E-25   6.2426187556402920E+03
   1.0476770000000000E+09   1.2032052900610703E+05   7.4192596634526447E-10   7.8375743939073896E-25   6.2457394523670810E+03
   1.0496770000000000E+09   1.2104273927678750E+05   7.3314564238640481E-10   7.7409858367904946E-25   6.2488335226609079E+03
   1.0516770000000000E+09   1.2176533657000636E+05   7.2449929256574786E-10   7.6459389337220996E-25   6.2519012835798876E+03
   1.0536770000000000E+09   1.2248831661272640E+05   7.1598443393270194E-10   7.5524036499904145E-25   6.2549430471869155E+03
   1.0556770000000000E+09   1.2321167405420609E+05   7.0759863310556897E-10   7.4603505942720154E-25   6.2579591206486457E+03
   1.0576770000000000E+09   1.2393540290425777E+05   6.9933950680144361E-10   7.3697510202770203E-25   6.2609498063324145E+03
   1.0596770000000000E+09   1.2465949685488512E+05   6.9120472177722255E-10   7.2805768222748691E-25   6.2639154019009038E+03
   1.0616770000000000E+09   1.2538394950699770E+05   6.8319199433796257E-10   7.1928005261613065E-25   6.2668562004046462E+03
   1.0636770000000000E+09   1.2610875452480484E+05   6.7529908955388517E-10   7.1063952775658416E-25   6.2697724903723720E+03
   1.0656770000000000E+09   1.2683390573744882E+05   6.6752382029760567E-10   7.0213348281813006E-25   6.2726645558993387E+03
   1.0676770000000000E+09   1.2755939720349089E+05   6.5986404618167317E-10   6.9375935211620027E-25   6.2755326767334200E+03
   1.0696770000000000E+09   1.2828522324999949E+05   6.5231767245114537E-10   6.8551462761664839E-25   6.2783771283593533E+03
   1.0716770000000000E+09   1.2901137849490059E+05   6.4488264886744071E-10   6.7739685744247504E-25   6.2811981820808833E+03
   1.0736770000000000E+09   1.2973785785892377E+05   6.3755696860676218E-10   6.6940364440720763E-25   6.2839961051010232E+03
   1.0756770000000000E+09   1.3046465657155505E+05   6.3033866718752418E-10   6.6153264458974093E-25   6.2867711606004887E+03
   1.0776770000000000E+09   1.3119177017387399E+05   6.2322582143426761E-10   6.5378156595813698E-25   6.2895236078141861E+03
   1.0796770000000000E+09   1.3191919451981358E+05   6.1621654848036727E-10   6.4614816704436864E-25   6.2922537021060789E+03
   1.0816770000000000E+09   1.3264692577637089E+05   6.0930900480796449E-10   6.3863025566799047E-25   6.2949616950422214E+03
   1.0836770000000000E+09   1.3337496042262393E+05   6.0250138532144198E-10   6.3122568770447141E-25   6.2976478344621210E+03
   1.0856770000000000E+09   1.3410329524713630E+05   5.9579192245024457E-10   6.2393236589340859E-25   6.3003123645485284E+03
   1.0876770000000000E+09   1.3483192734336463E+05   5.8917888527753370E-10   6.1674823868259056E-25   6.3029555258955852E+03
   1.0896770000000000E+09   1.3556085410287709E+05   5.8266057869254316E-10   6.0967129910533285E-25   6.3055775555753953E+03
   1.0916770000000000E+09   1.3629007320643106E+05   5.7623534256582853E-10   6.0269958368989576E-25   6.3081786872032262E+03
   1.0936770000000000E+09   1.3701958261311339E+05   5.6990155094739109E-10   5.9583117140068886E-25   6.3107591510010179E+03
   1.0956770000000000E+09   1.3774938054776125E+05   5.6365761128799735E-10   5.8906418261125484E-25   6.3133191738596815E+03
   1.0976770000000000E+09   1.3847946548681462E+05   5.5750196368363476E-10   5.8239677810872460E-25   6.3158589793998754E+03
   1.0996770000000000E+09   1.3920983614258052E+05   5.5143308014266870E-10   5.7582715812899181E-25   6.3183787880314630E+03
   1.1016770000000000E+09   1.3994049144574310E+05   5.4544946387469937E-10   5.6935356142130540E-25   6.3208788170116750E+03
   1.1036770000000000E+09   1.4067143052580761E+05   5.3954964859987186E-10   5.6297426434073147E-25   6.3233592805018907E+03
   1.1056770000000000E+09   1.4140265268909375E+05   5.3373219787731181E-10   5.5668757996683884E-25   6.3258203896233226E+03
   1.1076770000000000E+09   1.4213415739383642E+05   5.2799570445153110E-10   5.5049185724719598E-25   6.3282623525112822E+03
   1.1096770000000000E+09   1.4286594422195980E+05   5.2233878961591746E-10   5.4438548016449981E-25   6.3306853743684942E+03
   1.1116770000000000E+09   1.4359801284709238E+05   5.1676010259274532E-10   5.3836686692657665E-25   6.3330896575170127E+03
   1.1136770000000000E+09   1.4433036299843359E+05   5.1125831992942300E-10   5.3243446917871682E-25   6.3354754014491155E+03
   1.1156770000000000E+09   1.4506299442009517E+05   5.0583214491093709E-10   5.2658677123811793E-25   6.3378428028771605E+03
   1.1176770000000000E+09   1.4579590682559917E+05   5.0048030698852278E-10   5.2082228935029165E-25   6.3401920557821468E+03
   1.1196770000000000E+09   1.4652909984725624E+05   4.9520156122471723E-10   5.1513957096736988E-25   6.3425233514615320E+03
   1.1216770000000000E+09   1.4726257298022270E+05   4.8999468775480836E-10   5.0953719404819454E-25   6.3448368785757484E+03
   1.1236770000000000E+09   1.4799632552111804E+05   4.8485849126471564E-10   5.0401376638001706E-25   6.3471328231938442E+03
   1.1256770000000000E+09   1.4873035650121013E+05   4.7979180048509357E-10   4.9856792492143779E-25   6.3494113688381194E+03
   1.1276770000000000E+09   1.4946466461431084E+05   4.7479346770132435E-10   4.9319833516606845E-25   6.3516726965278585E+03
   1.1296770000000000E+09   1.5019924813970973E+05   4.6986236827877537E-10   4.8790369052612169E-25   6.3539169848220508E+03
   1.1316770000000000E+09   1.5093410486066280E+05   4.6499740020249427E-10   4.8268271173491231E-25   6.3561444098612019E+03
   1.1336770000000000E+09   1.5166923197919709E+05   4.6019748363019603E-10   4.7753414626692924E-25   6.3583551454083736E+03
   1.1356770000000000E+09   1.5240462602824054E+05   4.5546156045707779E-10   4.7245676777384027E-25   6.3605493628892373E+03
   1.1376770000000000E+09   1.5314028278236400E+05   4.5078859389072624E-10   4.6744937553449613E-25   6.3627272314312549E+03
   1.1396770000000000E+09   1.5387619716871838E+05   4.4617756803405063E-10   4.6251079391665280E-25   6.3648889179021880E+03
   1.1416770000000000E+09   1.5461236318003736E+05   4.4162748747389214E-10   4.5763987184789287E-25   6.3670345869476596E+03
   1.1436770000000000E+09   1.5534877379187424E+05   4.3713737687271627E-10   4.5283548229293918E-25   6.3691644010280233E+03
   1.1456770000000000E+09   1.5608542088651337E+05   4.3270628056059594E-10   4.4809652173438888E-25   6.3712785204543497E+03
   1.1476770000000000E+09   1.5682229518624191E+05   4.2833326212456776E-10   4.4342190965374544E-25   6.3733771034238362E+03
   1.1496770000000000E+09   1.5755938619884383E+05   4.2401740399240930E-10   4.3881058800964409E-25   6.3754603060543586E+03
   1.1516770000000000E+09   1.5829668217831981E+05   4.1975780700794056E-10   4.3426152071019304E-25   6.3775282824183478E+03
   1.1536770000000000E+09   1.5903417010385433E+05   4.1555358999516331E-10   4.2977369307660096E-25   6.3795811845760409E+03
   1.1556770000000000E+09   1.5977183567999332E+05   4.1140388930883482E-10   4.2534611129556639E-25   6.3816191626079681E+03
   1.1576770000000000E+09   1.6050966336078834E+05   4.0730785836958110E-10   4.2097780185841549E-25   6.3836423646469493E+03
   1.1596770000000000E+09   1.6124763640033617E+05   4.0326466718221372E-10   4.1666781098559572E-25   6.3856509369092946E+03
   1.1616770000000000E+09   1.6198573693166254E+05   3.9927350183670144E-10   4.1241520403591328E-25   6.3876450237255112E+03
   1.1636770000000000E+09   1.6272394607526448E+05   3.9533356399211318E-10   4.0821906490081590E-25   6.3896247675704208E+03
   1.1656770000000000E+09   1.6346224407784984E+05   3.9144407034483581E-10   4.0407849538504763E-25   6.3915903090927222E+03
   1.1676770000000000E+09   1.6420061048089928E+05   3.8760425208344948E-10   3.9999261457610543E-25   6.3935417871439158E+03
   1.1696770000000000E+09   1.6493902431765466E+05   3.8381335433376960E-10   3.9596055820607126E-25   6.3954793388068747E+03
   1.1716770000000000E+09   1.6567746433604351E+05   3.8007063559862642E-10   3.9198147801051520E-25   6.3974030994237346E+03
   1.1736770000000000E+09   1.6641590924390871E+05   3.7637536719803186E-10   3.8805454109022783E-25   6.3993132026233925E+03
   1.1756770000000000E+09   1.6715433797181369E+05   3.7272683271624359E-10   3.8417892928243623E-25   6.4012097803485667E+03
   1.1776770000000000E+09   1.6789272994766626E+05   3.6912432746291657E-10   3.8035383854884727E-25   6.4030929628822896E+03
   1.1796770000000000E+09   1.6863106537650694E+05   3.6556715795599424E-10   3.7657847838830741E-25   6.4049628788739728E+03
   1.1816770000000000E+09   1.6936932551814479E+05   3.6205464143408458E-10   3.7285207128194263E-25   6.4068196553651951E+03
   1.1836770000000000E+09   1.7010749295491181E+05   3.5858610540577967E-10   3.6917385217837209E-25   6.4086634178147551E+03
   1.1856770000000000E+09   1.7084555184169728E+05   3.5516088724282951E-10   3.6554306802593757E-25   6.4104942901236655E+03
   1.1876770000000000E+09   1.7158348813067042E+05   3.5177833382300944E-10   3.6195897735785916E-25   6.4123123946593969E+03
   1.1896770000000000E+09   1.7232128976368366E+05   3.4843780122726183E-10   3.5842084993484499E-25   6.4141178522799455E+03
   1.1916770000000000E+09   1.7305894682626260E+05   3.4513865449406296E-10   3.5492796644805851E-25   6.4159107823573449E+03
   1.1936770000000000E+09   1.7379645165833022E+05   3.4188026743216102E-10   3.5147961828344795E-25   6.4176913028009030E+03
   1.1956770000000000E+09   1.7453379891823154E+05   3.3866202249096441E-10   3.4807510734656128E-25   6.4194595300798283E+03
   1.1976770000000000E+09   1.7527098559828810E+05   3.3548331068594379E-10   3.4471374594496203E-25   6.4212155792457470E+03
   1.1996770000000000E+09   1.7600801099177264E+05   3.3234353157463205E-10   3.4139485672360531E-25   6.4229595639544823E+03
   1.2016770000000000E+09   1.7674487661291345E+05   3.2924209327723649E-10   3.3811777264686689E-25   6.4246915964876953E+03
   1.2036770000000000E+09   1.7748158607311797E+05   3.2617841253454758E-10   3.3488183701963030E-25   6.4264117877739800E+03
   1.2056770000000000E+09   1.7821814491806398E+05   3.2315191479485571E-10   3.3168640353882219E-25   6.4281202474095599E+03
   1.2076770000000000E+09   1.7895456043150270E+05   3.2016203432098669E-10   3.2853083636619940E-25   6.4298170836786476E+03
   1.2096770000000000E+09   1.7969084141261035E+05   3.1720821430826317E-10   3.2541451021291410E-25   6.4315024035733086E+03
   1.2116770000000000E+09   1.8042699793438878E+05   3.1428990700433291E-10   3.2233681042652042E-25   6.4331763128130488E+03
   1.2136770000000000E+09   1.8116304109100898E+05   3.1140657382218674E-10   3.1929713307152364E-25   6.4348389158639184E+03
   1.2156770000000000E+09   1.8189898274206213E+05   3.0855768543842862E-10   3.1629488499533254E-25   6.4364903159572314E+03
   1.2176770000000000E+09   1.8263483526146162E+05   3.0574272186982920E-10   3.1332948387248727E-25   6.4381306151079971E+03
   1.2196770000000000E+09   1.8337061129818176E+05   3.0296117252240295E-10   3.1040035822130192E-25   6.4397599141328774E+03
   1.2216770000000000E+09   1.8410632355520094E+05   3.0021253620865146E-10   3.0750694738849110E-25   6.4413783126678736E+03
   1.2236770000000000E+09   1.8484198459188367E+05   2.9749632113014673E-10   3.0464870149894347E-25   6.4429859091855187E+03
   1.2256770000000000E+09   1.8557760665370844E+05   2.9481204482427716E-10   3.0182508136946916E-25   6.4445828010120422E+03
   1.2276770000000000E+09   1.8631320153174986E+05   2.9215923407553587E-10   2.9903555838699488E-25   6.4461690843438064E+03
   1.2296770000000000E+09   1.8704878045275135E+05   2.8953742479333670E-10   2.9627961435325515E-25   6.4477448542637221E+03
   1.2316770000000000E+09   1.8778435399913482E+05   2.8694616185961201E-10   2.9355674129937102E-25   6.4493102047572702E+03
   1.2336770000000000E+09   1.8851993205693510E+05   2.8438499895053470E-10   2.9086644127479174E-25   6.4508652287282011E+03
   1.2356770000000000E+09   1.8925552378858620E+05   2.8185349833740449E-10   2.8820822611577763E-25   6.4524100180139485E+03
   1.2376770000000000E+09   1.8999113762674635E+05   2.7935123067207434E-10   2.8558161719893209E-25   6.4539446634008764E+03
   1.2396770000000000E+09   1.9072678128500489E+05   2.7687777476220418E-10   2.8298614518520638E-25   6.4554692546390579E+03
   1.2416770000000000E+09   1.9146246178128850E+05   2.7443271734131880E-10   2.8042134975943489E-25   6.4569838804570900E+03
   1.2436770000000000E+09   1.9219818547007354E+05   2.7201565283797465E-10   2.7788677936981405E-25   6.4584886285763514E+03
   1.2456770000000000E+09   1.9293395807999049E+05   2.6962618314763654E-10   2.7538199097096296E-25   6.4599835857251319E+03
   1.2476770000000000E+09   1.9366978475397310E+05   2.6726391741009249E-10   2.7290654977342713E-25   6.4614688376526656E+03
   1.2496770000000000E+09   1.9440567008970704E+05   2.6492847179444560E-10   2.7046002900169542E-25   6.4629444691427116E+03
   1.2516770000000000E+09   1.9514161817869113E+05   2.6261946929312736E-10   2.6804200966215347E-25   6.4644105640270636E+03
   1.2536770000000000E+09   1.9587763264271087E+05   2.6033653952578159E-10   2.6565208032182207E-25   6.4658672051987387E+03
   1.2556770000000000E+09   1.9661371666693213E+05   2.5807931855346090E-10   2.6328983689829255E-25   6.4673144746249382E+03
   1.2576770000000000E+09   1.9734987302917172E+05   2.5584744870322638E-10   2.6095488246091226E-25   6.4687524533599526E+03
   1.2596770000000000E+09   1.9808610412519571E+05   2.5364057840293873E-10   2.5864682704299134E-25   6.4701812215576238E+03
   1.2616770000000000E+09   1.9882241199011591E+05   2.5145836202587028E-10   2.5636528746460135E-25   6.4716008584838310E+03
   1.2636770000000000E+09   1.9955879831611074E+05   2.4930045974460766E-10   2.5410988716541540E-25   6.4730114425285765E+03
   1.2656770000000000E+09   2.0029526446677474E+05   2.4716653739368162E-10   2.5188025604697733E-25   6.4744130512179372E+03
   1.2676770000000000E+09   2.0103181148840947E+05   2.4505626634035647E-10   2.4967603032379647E-25   6.4758057612259372E+03
   1.2696770000000000E+09   2.0176844011850478E+05   2.4296932336306006E-10   2.4749685238272429E-25   6.4771896483860746E+03
   1.2716770000000000E+09   2.0250515079155753E+05   2.4090539053702844E-10   2.4534237065015549E-25   6.4785647877026013E+03
   1.2736770000000000E+09   2.0324194364228152E+05   2.3886415512682808E-10   2.4321223946666902E-25   6.4799312533620150E+03
   1.2756770000000000E+09   2.0397881850616095E+05   2.3684530948542956E-10   2.4110611896880091E-25   6.4812891187437408E+03
   1.2776770000000000E+09   2.0471577491725940E+05   2.3484855095960822E-10   2.3902367497765026E-25   6.4826384564312202E+03
   1.2796770000000000E+09   2.0545281210316115E+05   2.3287358180137269E-10   2.3696457889403619E-25   6.4839793382224516E+03
   1.2816770000000000E+09   2.0618992897690937E+05   2.3092010908516561E-10   2.3492850759990290E-25   6.4853118351405874E+03
   1.2836770000000000E+09   2.0692712412578493E+05   2.2898784463052879E-10   2.3291514336566344E-25   6.4866360174441152E+03
   1.2856770000000000E+09   2.0766439579673257E+05   2.2707650492995985E-10   2.3092417376316751E-25   6.4879519546371648E+03
   1.2876770000000000E+09   2.0840174187816581E+05   2.2518581108167172E-10   2.2895529158400472E-25   6.4892597154794221E+03
   1.2896770000000000E+09   2.0913915987778833E+05   2.2331548872702700E-10   2.2700819476288646E-25   6.4905593679959757E+03
   1.2916770000000000E+09   2.0987664689591824E+05   2.2146526799247511E-10   2.2508258630592686E-25   6.4918509794868642E+03
   1.2936770000000000E+09   2.1061419959358493E+05   2.1963488343595774E-10   2.2317817422375208E-25   6.4931346165369350E+03
   1.2956770000000000E+09   2.1135181415442523E+05   2.1782407399781011E-10   2.2129467146950126E-25   6.4944103450247594E+03
   1.2976770000000000E+09   2.1208948623910689E+05   2.1603258295645347E-10   2.1943179588194941E-25   6.4956782301321573E+03
   1.2996770000000000E+09   2.1282721093083045E+05   2.1426015788916224E-10   2.1758927013407154E-25   6.4969383363531397E+03
   1.3016770000000000E+09   2.1356498267049561E+05   2.1250655063822421E-10   2.1576682168733920E-25   6.4981907275028007E+03
   1.3036770000000000E+09   2.1430279518076353E+05   2.1077151728241492E-10   2.1396418275165300E-25   6.4994354667261323E+03
   1.3056770000000000E+09   2.1504064137975813E+05   2.0905481811284105E-10   2.1218109024994731E-25   6.5006726165065338E+03
   1.3076770000000000E+09   2.1577851328801949E+05   2.0735621761065438E-10   2.1041728578489495E-25   6.5019022386744618E+03
   1.3096770000000000E+09   2.1651640193678800E+05   2.0567548442168648E-10   2.0867251560270120E-25   6.5031243944154940E+03
   1.3116770000000000E+09   2.1725429729179983E+05   2.0401239131994068E-10   2.0694653054576362E-25   6.5043391442787824E+03
   1.3136770000000000E+09   2.1799218821402613E+05   2.0236671514817412E-10   2.0523908598229238E-25   6.5055465481849515E+03
   1.3156770000000000E+09   2.1873006248584192E+05   2.0073823672058592E-10   2.0354994169769977E-25   6.5067466654340606E+03
   1.3176770000000000E+09   2.1946790693581599E+05   1.9912674067087284E-10   2.0187886173083558E-25   6.5079395547134418E+03
   1.3196770000000000E+09   2.2020570769454091E+05   1.9753201523038546E-10   2.0022561413967810E-25   6.5091252741053331E+03
   1.3216770000000000E+09   2.2094345060437286E+05   1.9595385192742395E-10   1.9858997068750011E-25   6.5103038810945936E+03
   1.3236770000000000E+09   2.2168112178496964E+05   1.9439204521094243E-10   1.9697170645297074E-25   6.5114754325762624E+03
   1.3256770000000000E+09   2.2241870832383685E+05   1.9284639201989449E-10   1.9537059938584867E-25   6.5126399848629089E+03
   1.3276770000000000E+09   2.2315619902036691E+05   1.9131669134073878E-10   1.9378642985143517E-25   6.5137975936922621E+03
   1.3296770000000000E+09   2.2389358507176119E+05   1.8980274381522689E-10   1.9221898022676383E-25   6.5149483142344261E+03
   1.3316770000000000E+09   2.2463086056305200E+05   1.8830435147155909E-10   1.9066803462243431E-25   6.5160922010993309E+03
   1.3336770000000000E+09   2.2536802262617706E+05   1.8682131764664344E-10   1.8913337879845636E-25   6.5172293083440181E+03
   1.3356770000000000E+09   2.2610507117623527E+05   1.8535344714050094E-10   1.8761480031529091E-25   6.5183596894796619E+03
   1.3376770000000000E+09   2.2684200821782972E+05   1.8390054659644845E-10   1.8611208891318544E-25   6.5194833974786879E+03
   1.3396770000000000E+09   2.2757883682609737E+05   1.8246242504152083E-10   1.8462503705306637E-25   6.5206004847817157E+03
   1.3416770000000000E+09   2.2831556001412109E+05   1.8103889446794214E-10   1.8315344049812397E-25   6.5217110033040481E+03
   1.3436770000000000E+09   2.2905217975965657E+05   1.7962977030956571E-10   1.8169709878827959E-25   6.5228150044422409E+03
   1.3456770000000000E+09   2.2978869644345023E+05   1.7823487168425514E-10   1.8025581547732859E-25   6.5239125390804802E+03
   1.3476770000000000E+09   2.3052510883732641E+05   1.7685402133792259E-10   1.7882939806828770E-25   6.5250036575966378E+03
   1.3496770000000000E+09   2.3126141459971460E+05   1.7548704532203162E-10   1.7741765767971144E-25   6.5260884098685065E+03
   1.3516770000000000E+09   2.3199761105409489E+05   1.7413377252918428E-10   1.7602040856944931E-25   6.5271668452798222E+03
   1.3536770000000000E+09   2.3273369592214542E+05   1.7279403426038379E-10   1.7463746769144572E-25   6.5282390127261842E+03
   1.3556770000000000E+09   2.3346966771588658E+05   1.7146766397541399E-10   1.7326865443837397E-25   6.5293049606211316E+03
   1.3576770000000000E+09   2.3420552566001136E+05   1.7015449728835424E-10   1.7191379063225567E-25   6.5303647369018345E+03
   1.3596770000000000E+09   2.3494126924373378E+05   1.6885437215293345E-10   1.7057270070663076E-25   6.5314183890350159E+03
   1.3616770000000000E+09   2.3567689767503750E+05   1.6756712909590419E-10   1.6924521193674575E-25   6.5324659640222335E+03
   1.3636770000000000E+09   2.3641240953263480E+05   1.6629261134800265E-10   1.6793115456588599E-25   6.5335075084056907E+03
   1.3656770000000000E+09   2.3714780276780334E+05   1.6503066479600078E-10   1.6663036175103334E-25   6.5345430682735841E+03
   1.3676770000000000E+09   2.3788307498617892E+05   1.6378113779123825E-10   1.6534266936400648E-25   6.5355726892657021E+03
   1.3696770000000000E+09   2.3861822377945017E+05   1.6254388092973137E-10   1.6406791576448615E-25   6.5365964165792766E+03
   1.3716770000000000E+09   2.3935324688095140E+05   1.6131874691719746E-10   1.6280594165920120E-25   6.5376142949747364E+03
   1.3736770000000000E+09   2.4008814207595927E+05   1.6010559055579967E-10   1.6155659008407094E-25   6.5386263687814680E+03
   1.3756770000000000E+09   2.4082290698488470E+05   1.5890426879789769E-10   1.6031970645381416E-25   6.5396326819033839E+03
   1.3776770000000000E+09   2.4155753891315308E+05   1.5771464077427810E-10   1.5909513858566330E-25   6.5406332778236892E+03
   1.3796770000000000E+09   2.4229203487579609E+05   1.5653656774388076E-10   1.5788273664395421E-25   6.5416281996087428E+03
   1.3816770000000000E+09   2.4302639174091714E+05   1.5536991298925384E-10   1.5668235303028642E-25   6.5426174899105536E+03
   1.3836770000000000E+09   2.4376060633565331E+05   1.5421454172958776E-10   1.5549384229176520E-25   6.5436011909685749E+03
   1.3856770000000000E+09   2.4449467538607414E+05   1.5307032110898510E-10   1.5431706110534797E-25   6.5445793446109756E+03
   1.3876770000000000E+09   2.4522859522736107E+05   1.5193712028045405E-10   1.5315186835882275E-25   6.5455519922578833E+03
   1.3896770000000000E+09   2.4596236109993522E+05   1.5081481063984749E-10   1.5199812538333675E-25   6.5465191749281239E+03
   1.3916770000000000E+09   2.4669596522251662E+05   1.4970326649116493E-10   1.5085569662207516E-25   6.5474809332524128E+03
   1.3936770000000000E+09   2.4742939112985251E+05   1.4860236704549906E-10   1.4972445164679101E-25   6.5484373074925179E+03
   1.3956770000000000E+09   2.4816259761295651E+05   1.4751200214657795E-10   1.4860427093861067E-25   6.5493883375638889E+03
   1.3976770000000000E+09   2.4889547593585894E+05   1.4643208756440224E-10   1.4749506132886453E-25   6.5503340630516104E+03
   1.3996770000000000E+09   2.4962774324153591E+05   1.4536260310815122E-10   1.4639679446612427E-25   6.5512745232016478E+03
   1.4016770000000000E+09   2.5035869597826048E+05   1.4430368080183819E-10   1.4530959576924372E-25   6.5522097568630570E+03
   1.4036770000000000E+09   2.5108668763771059E+05   1.4325579183320464E-10   1.4423393291659330E-25   6.5531398023517486E+03
   1.4056770000000000E+09   2.5180813793283005E+05   1.4222010208923334E-10   1.4317097406361050E-25   6.5540646972184268E+03
   1.4076770000000000E+09   2.5251591128219682E+05   1.4119905679345937E-10   1.4212317636445817E-25   6.5549844779365676E+03
   1.4096770000000000E+09   2.5319720428325713E+05   1.4019714968501749E-10   1.4109505918339133E-25   6.5558991795921856E+03
   1.4116770000000000E+09   2.5383188029711667E+05   1.3922154789927316E-10   1.4009382991600354E-25   6.5568088357634169E+03
   1.4136770000000000E+09   2.5439343989961542E+05   1.3828178572317992E-10   1.3912906994620607E-25   6.5577134788722360E+03
   1.4156770000000000E+09   2.5485556844060216E+05   1.3738743086250619E-10   1.3821037930867465E-25   6.5586131412409813E+03
   1.4176770000000000E+09   2.5520525217836420E+05   1.3654325973963934E-10   1.3734251994297103E-25   6.5595078566078364E+03
   1.4196770000000000E+09   2.5545709771828991E+05   1.3574376632443415E-10   1.3651990167019064E-25   6.5603976606711149E+03
   1.4216770000000000E+09   2.5565646115531537E+05   1.3497161906322277E-10   1.3572505365108107E-25   6.5612825877145142E+03
   1.4236770000000000E+09   2.5586279650488621E+05   1.3420375037802600E-10   1.3493476911915007E-25   6.5621626607903263E+03
   1.4256770000000000E+09   2.5612568302665558E+05   1.3342105301492065E-10   1.3412984864607185E-25   6.5630378804887887E+03
   1.4276770000000000E+09   2.5648283537138527E+05   1.3261025604013391E-10   1.3329695623443588E-25   6.5639082372240782E+03
   1.4296770000000000E+09   2.5698580057120760E+05   1.3175472178332118E-10   1.3241936116234565E-25   6.5647737889381033E+03
   1.4316770000000000E+09   2.5769643254504129E+05   1.3082774982034649E-10   1.3147024534204293E-25   6.5656347964867246E+03
   1.4336770000000000E+09   2.5877086402149254E+05   1.2983939882522595E-10   1.3045977234325545E-25   6.5664917333819876E+03
   1.4356770000000000E+09   2.5889416411621653E+05   1.2844738027430273E-10   1.2904405373187583E-25   6.5673429587511064E+03
