  99.9999999999964615   5.0000000000000003E-02 390 2001
  79.7819675929972476   1.1230865243698092E+02
   6.5767700000000000E+08  -1.6151488683166006E+03   1.5623447280974312E-08   2.6855982589553492E-18   1.1191360641556801E+03
   6.5967700000000000E+08  -1.5186922126578679E+03   2.3451376463204504E-08   3.8975814809551133E-18   1.1574978868499250E+03
   6.6167700000000000E+08  -1.3864284353632345E+03   2.7537151620515481E-08   4.4711829423016529E-18   1.1847961862752763E+03
   6.6367700000000000E+08  -1.1869817278617986E+03   2.8807572605029905E-08   4.6048206866015253E-18   1.2034859191303599E+03
   6.6567700000000000E+08  -8.7027262885117489E+02   2.7984819991679563E-08   4.4242016110571933E-18   1.2168433685337520E+03
   6.6767700000000000E+08  -4.7618019527370200E+02   2.6040636908405660E-08   4.0843963454045855E-18   1.2265091562596763E+03
   6.6967700000000000E+08  -2.6016210273180750E+01   2.3666929827772851E-08   3.6904226737698794E-18   1.2337094311235528E+03
   6.7167700000000000E+08   4.5937766553450291E+02   2.1268418581343481E-08   3.3013525076742358E-18   1.2393397268969275E+03
   6.7367700000000000E+08   9.6272846565345708E+02   1.9042856281627947E-08   2.9446462174965282E-18   1.2440734935442104E+03
   6.7567700000000000E+08   1.4653845785244594E+03   1.7066332649302577E-08   2.6298143598602445E-18   1.2484242197351200E+03
   6.7767700000000000E+08   1.9424582030120462E+03   1.5352478474646718E-08   2.3574543644409078E-18   1.2528015274717943E+03
   6.7967700000000000E+08   2.3648323244983803E+03   1.3886890021017035E-08   2.1242296620479093E-18   1.2576233687376869E+03
   6.8167700000000000E+08   2.7125842602074558E+03   1.2645208279034699E-08   1.9251760837831030E-18   1.2635795851025816E+03
   6.8367700000000000E+08   2.9814622256958642E+03   1.1604974592541940E-08   1.7546503892191286E-18   1.2723326395413003E+03
   6.8567700000000000E+08   3.1741086207127473E+03   1.0753601934099763E-08   1.6068587029650032E-18   1.2874291504383550E+03
   6.8767700000000000E+08   3.2721428879552454E+03   1.0087213467564111E-08   1.4762303474339169E-18   1.3145107860933329E+03
   6.8967700000000000E+08   3.2200598189429156E+03   9.6002028480589356E-09   1.3584084156551680E-18   1.3595560525594162E+03
   6.9167700000000000E+08   2.9676876127409714E+03   9.2724311075153763E-09   1.2509832884009221E-18   1.4259003601343927E+03
   6.9367700000000000E+08   2.5355072895748417E+03   9.0673037100566405E-09   1.1533794122896767E-18   1.5123525369428041E+03
   6.9567700000000000E+08   2.0407553585531359E+03   8.9424424797916256E-09   1.0659071865074827E-18   1.6139268120078257E+03
   6.9767700000000000E+08   1.6620518403643287E+03   8.8624694979966010E-09   9.8879116092910190E-19   1.7242381482770513E+03
   6.9967700000000000E+08   1.5767075412987267E+03   8.8044876335849710E-09   9.2172342865217200E-19   1.8375980979068840E+03
   7.0167700000000000E+08   1.9102945076485360E+03   8.7562001579669777E-09   8.6387245437086653E-19   1.9499035315207702E+03
   7.0367700000000000E+08   2.7143326043232269E+03   8.7114169791336825E-09   8.1407788030779935E-19   2.0585902860692258E+03
   7.0567700000000000E+08   3.9692914015483029E+03   8.6664265149194778E-09   7.7105763800883697E-19   2.1622220245080503E+03
   7.0767700000000000E+08   5.6026888895178263E+03   8.6181353157888645E-09   7.3356364489310549E-19   2.2600735908540182E+03
   7.0967700000000000E+08   7.5118829911237672E+03   8.5635176557319372E-09   7.0047593521575632E-19   2.3518306677394557E+03
   7.1167700000000000E+08   9.5844592905070876E+03   8.4997000318313513E-09   6.7084592875310579E-19   2.4374060348428461E+03
   7.1367700000000000E+08   1.1713081376977876E+04   8.4242187457619063E-09   6.4390452185933060E-19   2.5168378229563132E+03
   7.1567700000000000E+08   1.3803815415290421E+04   8.3352275728215694E-09   6.1904934525747888E-19   2.5902355796427387E+03
   7.1767700000000000E+08   1.5781120225419523E+04   8.2316333374009692E-09   5.9582461830953706E-19   2.6577531736444539E+03
   7.1967700000000000E+08   1.7590678091394566E+04   8.1131752684453915E-09   5.7390010957289123E-19   2.7195786429105760E+03
   7.2167700000000000E+08   1.9198571989651751E+04   7.9803973979738892E-09   5.5304794061260888E-19   2.7759319173229983E+03
   7.2367700000000000E+08   2.0588885756035863E+04   7.8345195305468546E-09   5.3311866594255759E-19   2.8270634149249718E+03
   7.2567700000000000E+08   2.1760682295421735E+04   7.6772695129428418E-09   5.1402017978256913E-19   2.8732518119090132E+03
   7.2767700000000000E+08   2.2724591745349295E+04   7.5107001670385539E-09   4.9569972241252854E-19   2.9148004020817275E+03
   7.2967700000000000E+08   2.3499332638341490E+04   7.3370100964320777E-09   4.7812908467571729E-19   2.9520317592665365E+03
   7.3167700000000000E+08   2.4108433032854398E+04   7.1583852552579114E-09   4.6129308090530178E-19   2.9852808761103547E+03
   7.3367700000000000E+08   2.4577378482213702E+04   6.9768733574975009E-09   4.4518121070106760E-19   3.0148873192509063E+03
   7.3567700000000000E+08   2.4931350449587379E+04   6.7942973476038736E-09   4.2978224858205306E-19   3.0411871537057759E+03
   7.3767700000000000E+08   2.5193629211006479E+04   6.6122076679867992E-09   4.1508129210268496E-19   3.0645054385673320E+03
   7.3967700000000000E+08   2.5384641051739516E+04   6.4318683280418011E-09   4.0105869887892044E-19   3.0851499412841958E+03
   7.4167700000000000E+08   2.5521558073560311E+04   6.2542684688445273E-09   3.8769029388312624E-19   3.1034064824339257E+03
   7.4367700000000000E+08   2.5618313130701685E+04   6.0801503966407224E-09   3.7494829721495405E-19   3.1195360431886161E+03
   7.4567700000000000E+08   2.5685883980648337E+04   5.9100458839842549E-09   3.6280253812798153E-19   3.1337735270086346E+03
   7.4767700000000000E+08   2.5732717088679339E+04   5.7443144135353228E-09   3.5122166102324671E-19   3.1463279038387350E+03
   7.4967700000000000E+08   2.5765192511179055E+04   5.5831791753608707E-09   3.4017415706663708E-19   3.1573833878794062E+03
   7.5167700000000000E+08   2.5788065402079297E+04   5.4267585407676580E-09   3.2962915414938347E-19   3.1671012954039747E+03
   7.5367700000000000E+08   2.5804849538543993E+04   5.2750921758072688E-09   3.1955696297628802E-19   3.1756222727608606E+03
   7.5567700000000000E+08   2.5818130352698037E+04   5.1281618881939423E-09   3.0992941230069822E-19   3.1830686518522884E+03
   7.5767700000000000E+08   2.5829808955380988E+04   4.9859078023461062E-09   3.0072001975962781E-19   3.1895467616909095E+03
   7.5967700000000000E+08   2.5841285958507469E+04   4.8482406520929766E-09   2.9190404474426526E-19   3.1951490881133072E+03
   7.6167700000000000E+08   2.5853596550281847E+04   4.7150509876451436E-09   2.8345846296945270E-19   3.1999562239050083E+03
   7.6367700000000000E+08   2.5867508123639247E+04   4.5862160042408043E-09   2.7536189338945224E-19   3.2040385875770939E+03
   7.6567700000000000E+08   2.5883590224819822E+04   4.4616045751081214E-09   2.6759449940697739E-19   3.2074579125229334E+03
   7.6767700000000000E+08   2.5902264602333827E+04   4.3410809457884396E-09   2.6013787909315918E-19   3.2102685220085550E+03
   7.6967700000000000E+08   2.5923841214361193E+04   4.2245074369733926E-09   2.5297495367116546E-19   3.2125184122207393E+03
   7.7167700000000000E+08   2.5948544428449404E+04   4.1117464141868275E-09   2.4608985966560776E-19   3.2142501678110416E+03
   7.7367700000000000E+08   2.5976532383650858E+04   4.0026617143469473E-09   2.3946784756180773E-19   3.2155017338593120E+03
   7.7567700000000000E+08   2.6007911556324980E+04   3.8971196683926002E-09   2.3309518821024254E-19   3.2163070662155169E+03
   7.7767700000000000E+08   2.6042747915797325E+04   3.7949898220341190E-09   2.2695908725665965E-19   3.2166966795918311E+03
   7.7967700000000000E+08   2.6081075608230978E+04   3.6961454298613898E-09   2.2104760735041632E-19   3.2166981100659737E+03
   7.8167700000000000E+08   2.6122903807569099E+04   3.6004637787015474E-09   2.1534959762103402E-19   3.2163363060912684E+03
   7.8367700000000000E+08   2.6168222174882729E+04   3.5078263821283108E-09   2.0985462980741404E-19   3.2156339598160384E+03
   7.8567700000000000E+08   2.6217005237890029E+04   3.4181190778203214E-09   2.0455294040616005E-19   3.2146117885346684E+03
   7.8767700000000000E+08   2.6269215917034544E+04   3.3312320519426119E-09   1.9943537823273229E-19   3.2132887744193072E+03
   7.8967700000000000E+08   2.6324808367457681E+04   3.2470598091091541E-09   1.9449335683686620E-19   3.2116823692855410E+03
   7.9167700000000000E+08   2.6383730267111929E+04   3.1655011022405918E-09   1.8971881126809179E-19   3.2098086699907271E+03
   7.9367700000000000E+08   2.6445924653591788E+04   3.0864588333886261E-09   1.8510415874118116E-19   3.2076825691121176E+03
   7.9567700000000000E+08   2.6511331391934491E+04   3.0098399340968675E-09   1.8064226280156393E-19   3.2053178847688878E+03
   7.9767700000000000E+08   2.6579888340156747E+04   2.9355552319241489E-09   1.7632640063597396E-19   3.2027274728077155E+03
   7.9967700000000000E+08   2.6651532267125949E+04   2.8635193082374395E-09   1.7215023321362856E-19   3.1999233240403369E+03
   8.0167700000000000E+08   2.6726199567578358E+04   2.7936503511909216E-09   1.6810777797843371E-19   3.1969166487827938E+03
   8.0367700000000000E+08   2.6803826811104300E+04   2.7258700068728243E-09   1.6419338384356480E-19   3.1937179505828622E+03
   8.0567700000000000E+08   2.6884351155363842E+04   2.6601032308678788E-09   1.6040170826687202E-19   3.1903370907208273E+03
   8.0767700000000000E+08   2.6967710648416629E+04   2.5962781419074153E-09   1.5672769620937204E-19   3.1867833448180786E+03
   8.0967700000000000E+08   2.7053844440659817E+04   2.5343258788295793E-09   1.5316656080014099E-19   3.1830654526790950E+03
   8.1167700000000000E+08   2.7142692923353865E+04   2.4741804617214082E-09   1.4971376554951783E-19   3.1791916623180009E+03
   8.1367700000000000E+08   2.7234197807932636E+04   2.4157786578434549E-09   1.4636500796907006E-19   3.1751697689750899E+03
   8.1567700000000000E+08   2.7328302158168022E+04   2.3590598527284634E-09   1.4311620447145765E-19   3.1710071498065972E+03
   8.1767700000000000E+08   2.7424950385662614E+04   2.3039659266861525E-09   1.3996347643642013E-19   3.1667107948289135E+03
   8.1967700000000000E+08   2.7524088217995304E+04   2.2504411368248445E-09   1.3690313734075551E-19   3.1622873346126808E+03
   8.2167700000000000E+08   2.7625662648025977E+04   2.1984320046095806E-09   1.3393168086051897E-19   3.1577430651504815E+03
   8.2367700000000000E+08   2.7729621872285214E+04   2.1478872089079672E-09   1.3104576986285640E-19   3.1530839702615958E+03
   8.2567700000000000E+08   2.7835915225903267E+04   2.0987574844237510E-09   1.2824222621299954E-19   3.1483157418466940E+03
   8.2767700000000000E+08   2.7944493121076495E+04   2.0509955253800145E-09   1.2551802132910471E-19   3.1434437982628574E+03
   8.2967700000000000E+08   2.8055306995541428E+04   2.0045558942845508E-09   1.2287026742386213E-19   3.1384733010532836E+03
   8.3167700000000000E+08   2.8168309276823860E+04   1.9593949355877689E-09   1.2029620937726434E-19   3.1334091702355695E+03
   8.3367700000000000E+08   2.8283453367118782E+04   1.9154706940257526E-09   1.1779321718965263E-19   3.1282560983263356E+03
   8.3567700000000000E+08   2.8400693652493675E+04   1.8727428374271938E-09   1.1535877896828283E-19   3.1230185632572779E+03
   8.3767700000000000E+08   2.8519985538703153E+04   1.8311725837518544E-09   1.1299049440423350E-19   3.1177008403179780E+03
   8.3967700000000000E+08   2.8641285514301035E+04   1.7907226321200572E-09   1.1068606869964513E-19   3.1123070132432076E+03
   8.4167700000000000E+08   2.8764551239992965E+04   1.7513570975870951E-09   1.0844330690809525E-19   3.1068409845465299E+03
   8.4367700000000000E+08   2.8889741661395678E+04   1.7130414494145457E-09   1.0626010865351785E-19   3.1013064851877466E+03
   8.4567700000000000E+08   2.9016817140678024E+04   1.6757424525913046E-09   1.0413446319548739E-19   3.0957070836483949E+03
   8.4767700000000000E+08   2.9145739601048252E+04   1.6394281123624918E-09   1.0206444481104766E-19   3.0900461944775084E+03
   8.4967700000000000E+08   2.9276472676864283E+04   1.6040676215330634E-09   1.0004820846556259E-19   3.0843270863587509E+03
   8.5167700000000000E+08   2.9408981861363700E+04   1.5696313103258665E-09   9.8083985747379787E-20   3.0785528897401291E+03
   8.5367700000000000E+08   2.9543234643702384E+04   1.5360905985899873E-09   9.6170081043406493E-20   3.0727266040585687E+03
   8.5567700000000000E+08   2.9679200627199105E+04   1.5034179501745859E-09   9.4304867935021694E-20   3.0668511045841365E+03
   8.5767700000000000E+08   2.9816851621403574E+04   1.4715868293046654E-09   9.2486785796041491E-20   3.0609291489022130E+03
   8.5967700000000000E+08   2.9956161701785502E+04   1.4405716588178568E-09   9.0714336576694755E-20   3.0549633830470807E+03
   8.6167700000000000E+08   3.0097107232407550E+04   1.4103477801439795E-09   8.8986081759703501E-20   3.0489563472965192E+03
   8.6367700000000000E+08   3.0239666848788314E+04   1.3808914149310892E-09   8.7300639476553010E-20   3.0429104816347613E+03
   8.6567700000000000E+08   3.0383821400152614E+04   1.3521796282416928E-09   8.5656681773828411E-20   3.0368281308899368E+03
   8.6767700000000000E+08   3.0529553852264093E+04   1.3241902932602960E-09   8.4052932021067955E-20   3.0307115495519306E+03
   8.6967700000000000E+08   3.0676849153919840E+04   1.2969020574676362E-09   8.2488162452891309E-20   3.0245629062775101E+03
   8.7167700000000000E+08   3.0825694071827886E+04   1.2702943102476253E-09   8.0961191839214999E-20   3.0183842880908664E+03
   8.7367700000000000E+08   3.0976076999897316E+04   1.2443471518999793E-09   7.9470883278144760E-20   3.0121777042897488E+03
   8.7567700000000000E+08   3.1127987749881559E+04   1.2190413640351097E-09   7.8016142106681011E-20   3.0059450900693919E+03
   8.7767700000000000E+08   3.1281417330802211E+04   1.1943583813280954E-09   7.6595913924679225E-20   2.9996883098786857E+03
   8.7967700000000000E+08   3.1436357724625213E+04   1.1702802646064575E-09   7.5209182727649776E-20   2.9934091605249760E+03
   8.8167700000000000E+08   3.1592801665329211E+04   1.1467896752421702E-09   7.3854969143966979E-20   2.9871093740455240E+03
   8.8367700000000000E+08   3.1750742427832236E+04   1.1238698508128591E-09   7.2532328771949513E-20   2.9807906203649268E+03
   8.8567700000000000E+08   3.1910173632351078E+04   1.1015045819908677E-09   7.1240350612102116E-20   2.9744545097584837E+03
   8.8767700000000000E+08   3.2071089068811758E+04   1.0796781906121061E-09   6.9978155589584767E-20   2.9681025951418173E+03
   8.8967700000000000E+08   3.2233482545194784E+04   1.0583755088692922E-09   6.8744895161700196E-20   2.9617363742068160E+03
   8.9167700000000000E+08   3.2397347763801499E+04   1.0375818595645753E-09   6.7539750004731480E-20   2.9553572914238707E+03
   8.9367700000000000E+08   3.2562678231602466E+04   1.0172830373407756E-09   6.6361928773565836E-20   2.9489667399304981E+03
   8.9567700000000000E+08   3.2729467217671714E+04   9.9746529077982160E-10   6.5210666925589277E-20   2.9425660633285729E+03
   8.9767700000000000E+08   3.2897707787100262E+04   9.7811530519494972E-10   6.4085225596185919E-20   2.9361565574188844E+03
   8.9967700000000000E+08   3.3067392974479946E+04   9.5922018582510027E-10   6.2984890505067462E-20   2.9297394719172958E+03
   9.0167700000000000E+08   3.3238516220095931E+04   9.4076744094013566E-10   6.1908970858693413E-20   2.9233160122290778E+03
   9.0367700000000000E+08   3.3411072279862150E+04   9.2274496409176639E-10   6.0856798194489418E-20   2.9168873414151617E+03
   9.0567700000000000E+08   3.3585058906914397E+04   9.0514101451702456E-10   5.9827725095227520E-20   2.9104545825691694E+03
   9.0767700000000000E+08   3.3760479588399168E+04   8.8794419488245134E-10   5.8821123711448450E-20   2.9040188219159118E+03
   9.0967700000000000E+08   3.3937347292945182E+04   8.7114342686058150E-10   5.7836384115569573E-20   2.8975811129668546E+03
   9.1167700000000000E+08   3.4115688248029692E+04   8.5472792835229498E-10   5.6872912737474624E-20   2.8911424818712949E+03
   9.1367700000000000E+08   3.4295543082297358E+04   8.3868720172418392E-10   5.5930131518805431E-20   2.8847039334706387E+03
   9.1567700000000000E+08   3.4476960801429355E+04   8.2301104794031010E-10   5.5007478824107285E-20   2.8782664563780577E+03
   9.1767700000000000E+08   3.4659980927780103E+04   8.0768962035952608E-10   5.4104413114101314E-20   2.8718310239719244E+03
   9.1967700000000000E+08   3.4844603720068480E+04   7.9271351474647337E-10   5.3220419251836074E-20   2.8653985875889139E+03
   9.2167700000000000E+08   3.5030759234946148E+04   7.7807385570626324E-10   5.2355014821405032E-20   2.8589700601306786E+03
   9.2367700000000000E+08   3.5218297918941556E+04   7.6376230232847761E-10   5.1507751166798382E-20   2.8525462937253528E+03
   9.2567700000000000E+08   3.5407025027339878E+04   7.4977090546052773E-10   5.0678204303063919E-20   2.8461280618875367E+03
   9.2767700000000000E+08   3.5596774246367415E+04   7.3609183983643146E-10   4.9865956903343068E-20   2.8397160587646263E+03
   9.2967700000000000E+08   3.5787474011808015E+04   7.2271717003767753E-10   4.9070581980680737E-20   2.8333109194888370E+03
   9.3167700000000000E+08   3.5979152474212977E+04   7.0963885769569095E-10   4.8291642647926339E-20   2.8269132498773524E+03
   9.3367700000000000E+08   3.6171870133511686E+04   6.9684899183301122E-10   4.7528707318812721E-20   2.8205236460723081E+03
   9.3567700000000000E+08   3.6365648038384730E+04   6.8433999806760066E-10   4.6781364039186638E-20   2.8141426942006283E+03
   9.3767700000000000E+08   3.6560513420811854E+04   6.7210480818701853E-10   4.6049232416741204E-20   2.8077709629150577E+03
   9.3967700000000000E+08   3.6756646433445087E+04   6.6013708511820979E-10   4.5331979122608354E-20   2.8014090197197411E+03
   9.4167700000000000E+08   3.6954381069151495E+04   6.4843109420821343E-10   4.4629308789753664E-20   2.7950574784404203E+03
   9.4367700000000000E+08   3.7153915229269682E+04   6.3698077183117679E-10   4.3940899808506090E-20   2.7887170261934189E+03
   9.4567700000000000E+08   3.7354990283073763E+04   6.2577868484374333E-10   4.3266333044227640E-20   2.7823883660856609E+03
   9.4767700000000000E+08   3.7556931379990761E+04   6.1481617897541128E-10   4.2605102926414452E-20   2.7760720922332616E+03
   9.4967700000000000E+08   3.7759067712161333E+04   6.0408481949565486E-10   4.1956717753297438E-20   2.7697685992977922E+03
   9.5167700000000000E+08   3.7961165609081705E+04   5.9357778211147960E-10   4.1320796022099534E-20   2.7634781104300541E+03
   9.5367700000000000E+08   3.8163542241267358E+04   5.8329013968238060E-10   4.0697085653252191E-20   2.7572008023216390E+03
   9.5567700000000000E+08   3.8366997771924413E+04   5.7321815362880499E-10   4.0085413865792649E-20   2.7509369426312992E+03
   9.5767700000000000E+08   3.8572188940877910E+04   5.6335807215631519E-10   3.9485603008542332E-20   2.7446869555628823E+03
   9.5967700000000000E+08   3.8779109574098620E+04   5.5370526895911476E-10   3.8897410889490112E-20   2.7384513708011955E+03
   9.6167700000000000E+08   3.8987524333366651E+04   5.4425452704501087E-10   3.8320551695088780E-20   2.7322307117204223E+03
   9.6367700000000000E+08   3.9197285361033806E+04   5.3500068761418807E-10   3.7754741981226430E-20   2.7260254439577830E+03
   9.6567700000000000E+08   3.9408304149226817E+04   5.2593880908756418E-10   3.7199711681420188E-20   2.7198359902099796E+03
   9.6767700000000000E+08   3.9620525797660157E+04   5.1706414455193459E-10   3.6655202451128807E-20   2.7136627423323480E+03
   9.6967700000000000E+08   3.9833913864150396E+04   5.0837211461030103E-10   3.6120965736906599E-20   2.7075060691353065E+03
   9.7167700000000000E+08   4.0048442877831025E+04   4.9985829054118767E-10   3.5596761605338588E-20   2.7013663210359318E+03
   9.7367700000000000E+08   4.0264094511484742E+04   4.9151838240130997E-10   3.5082357936771722E-20   2.6952438330551058E+03
   9.7567700000000000E+08   4.0480855319366725E+04   4.8334822914080271E-10   3.4577529767797992E-20   2.6891389269147953E+03
   9.7767700000000000E+08   4.0698715026269761E+04   4.7534379059623992E-10   3.4082058769826318E-20   2.6830519125503615E+03
   9.7967700000000000E+08   4.0917665215017922E+04   4.6750114100995558E-10   3.3595732837935855E-20   2.6769830891836700E+03
   9.8167700000000000E+08   4.1137698537148528E+04   4.5981646336064010E-10   3.3118345737970742E-20   2.6709327460894351E+03
   9.8367700000000000E+08   4.1358808326632257E+04   4.5228604439568791E-10   3.2649696802920524E-20   2.6649011631790640E+03
   9.8567700000000000E+08   4.1580988382594631E+04   4.4490627056482508E-10   3.2189590692601751E-20   2.6588886114786951E+03
   9.8767700000000000E+08   4.1804232809024827E+04   4.3767362468489988E-10   3.1737837204702024E-20   2.6528953535379978E+03
   9.8967700000000000E+08   4.2028535822812999E+04   4.3058468296638692E-10   3.1294251110845674E-20   2.6469216437851410E+03
   9.9167700000000000E+08   4.2253891444760193E+04   4.2363611217324365E-10   3.0858652001425458E-20   2.6409677288208209E+03
   9.9367700000000000E+08   4.2480293238148362E+04   4.1682466687990465E-10   3.0430864136719808E-20   2.6350338476401989E+03
   9.9567700000000000E+08   4.2707734579495162E+04   4.1014718712905536E-10   3.0010716326055742E-20   2.6291202318219516E+03
   9.9767700000000000E+08   4.2936210096212395E+04   4.0360059746312166E-10   2.9598041905240068E-20   2.6232271058182278E+03
   9.9967700000000000E+08   4.3165718300287474E+04   3.9718190791995224E-10   2.9192678854854058E-20   2.6173546875638049E+03
   1.0016770000000000E+09   4.3396265020948202E+04   3.9088821755937787E-10   2.8794470101637565E-20   2.6115031895881198E+03
   1.0036770000000000E+09   4.3627866076302693E+04   3.8471671984866282E-10   2.8403263956069035E-20   2.6056728206847247E+03
   1.0056770000000000E+09   4.3860547156342633E+04   3.7866470063755071E-10   2.8018914004583201E-20   2.5998637879759949E+03
   1.0076770000000000E+09   4.4094339911401723E+04   3.7272952552714578E-10   2.7641278217684931E-20   2.5940762987575258E+03
   1.0096770000000000E+09   4.4329274758328320E+04   3.6690862408147689E-10   2.7270217823255910E-20   2.5883105613412749E+03
   1.0116770000000000E+09   4.4565372071671511E+04   3.6119947588301855E-10   2.6905596317893677E-20   2.5825667844274099E+03
   1.0136770000000000E+09   4.4802634741910544E+04   3.5559959790888707E-10   2.6547278578007054E-20   2.5768451750118161E+03
   1.0156770000000000E+09   4.5041041965231314E+04   3.5010653338332943E-10   2.6195130079729362E-20   2.5711459351169597E+03
   1.0176770000000000E+09   4.5280546836508423E+04   3.4471784751238946E-10   2.5849016630074211E-20   2.5654692577209735E+03
   1.0196770000000000E+09   4.5521082775547329E+04   3.3943113506946117E-10   2.5508804981720023E-20   2.5598153227355365E+03
   1.0216770000000000E+09   4.5762574546484546E+04   3.3424403708928846E-10   2.5174364125974363E-20   2.5541842943322204E+03
   1.0236770000000000E+09   4.6004949526413366E+04   3.2915425810737870E-10   2.4845566622204688E-20   2.5485763203421216E+03
   1.0256770000000000E+09   4.6248147388084632E+04   3.2415957948055424E-10   2.4522289629618083E-20   2.5429915335891756E+03
   1.0276770000000000E+09   4.6492126131626224E+04   3.1925786634911984E-10   2.4204415457583015E-20   2.5374300547087305E+03
   1.0296770000000000E+09   4.6736863770020689E+04   3.1444706765101831E-10   2.3891831590149467E-20   2.5318919957267344E+03
   1.0316770000000000E+09   4.6982356222747403E+04   3.0972521046149367E-10   2.3584430281131160E-20   2.5263774636457238E+03
   1.0336770000000000E+09   4.7228612760474083E+04   3.0509039096604077E-10   2.3282107894575976E-20   2.5208865634486333E+03
   1.0356770000000000E+09   4.7475650546145793E+04   3.0054076450445272E-10   2.2984764175583465E-20   2.5154194001959777E+03
   1.0376770000000000E+09   4.7723489555417189E+04   2.9607453659026288E-10   2.2692301596162786E-20   2.5099760801563921E+03
   1.0396770000000000E+09   4.7972148666312220E+04   2.9168995597342248E-10   2.2404624857346654E-20   2.5045567111066493E+03
   1.0416770000000000E+09   4.8221643199289007E+04   2.8738531001118278E-10   2.2121640567625671E-20   2.4991614020404004E+03
   1.0436770000000000E+09   4.8471983798751127E+04   2.8315892205372866E-10   2.1843257075095982E-20   2.4937902625428678E+03
   1.0456770000000000E+09   4.8723176328831592E+04   2.7900915028665204E-10   2.1569384410433218E-20   2.4884434020491585E+03
   1.0476770000000000E+09   4.8975222398400962E+04   2.7493438743939558E-10   2.1299934295246816E-20   2.4831209291378286E+03
   1.0496770000000000E+09   4.9228120178843521E+04   2.7093306087294153E-10   2.1034820178349433E-20   2.4778229509443677E+03
   1.0516770000000000E+09   4.9481865272823132E+04   2.6700363271736457E-10   2.0773957274579155E-20   2.4725495727257216E+03
   1.0536770000000000E+09   4.9736451491518703E+04   2.6314459987864780E-10   2.0517262592285769E-20   2.4673008975716302E+03
   1.0556770000000000E+09   4.9991871478765708E+04   2.5935449384454206E-10   2.0264654944122933E-20   2.4620770262398519E+03
   1.0576770000000000E+09   5.0248117173872008E+04   2.5563188028885884E-10   2.0016054941175031E-20   2.4568780570861982E+03
   1.0596770000000000E+09   5.0505180133277667E+04   2.5197535850939908E-10   1.9771384973223907E-20   2.4517040860615075E+03
   1.0616770000000000E+09   5.0763051742154690E+04   2.4838356074613311E-10   1.9530569178844692E-20   2.4465552067525532E+03
   1.0636770000000000E+09   5.1021723346957006E+04   2.4485515142410286E-10   1.9293533408850775E-20   2.4414315104496691E+03
   1.0656770000000000E+09   5.1281186334689221E+04   2.4138882635730104E-10   1.9060205185964377E-20   2.4363330862291682E+03
   1.0676770000000000E+09   5.1541432178280804E+04   2.3798331193978517E-10   1.8830513662806037E-20   2.4312600210428427E+03
   1.0696770000000000E+09   5.1802452461624263E+04   2.3463736434165571E-10   1.8604389579618521E-20   2.4262123998098537E+03
   1.0716770000000000E+09   5.2064238893431662E+04   2.3134976872089969E-10   1.8381765222619535E-20   2.4211903055083390E+03
   1.0736770000000000E+09   5.2326783315971756E+04   2.2811933845744538E-10   1.8162574383509272E-20   2.4161938192654943E+03
   1.0756770000000000E+09   5.2590077712509046E+04   2.2494491441260935E-10   1.7946752320408847E-20   2.4112230204456164E+03
   1.0776770000000000E+09   5.2854114215559479E+04   2.2182536421487346E-10   1.7734235720326448E-20   2.4062779867361351E+03
   1.0796770000000000E+09   5.3118885116672660E+04   2.1875958157131487E-10   1.7524962663118788E-20   2.4013587942318850E+03
   1.0816770000000000E+09   5.3384382877397293E+04   2.1574648560298381E-10   1.7318872586831981E-20   2.3964655175178987E+03
   1.0836770000000000E+09   5.3650600140465220E+04   2.1278502020199664E-10   1.7115906254262827E-20   2.3915982297508690E+03
   1.0856770000000000E+09   5.3917529740056321E+04   2.0987415340818378E-10   1.6916005720585181E-20   2.3867570027393567E+03
   1.0876770000000000E+09   5.4185164710251658E+04   2.0701287680353932E-10   1.6719114301918164E-20   2.3819419070225572E+03
   1.0896770000000000E+09   5.4453498291219279E+04   2.0420020492333360E-10   1.6525176544760749E-20   2.3771530119474323E+03
   1.0916770000000000E+09   5.4722523933128570E+04   2.0143517468328748E-10   1.6334138196260048E-20   2.3723903857439045E+03
   1.0936770000000000E+09   5.4992235298080770E+04   1.9871684482257986E-10   1.6145946175309995E-20   2.3676540955978544E+03
   1.0956770000000000E+09   5.5262626260422265E+04   1.9604429536255510E-10   1.5960548544484250E-20   2.3629442077217113E+03
   1.0976770000000000E+09   5.5533690905678770E+04   1.9341662708094176E-10   1.5777894482802247E-20   2.3582607874224877E+03
   1.0996770000000000E+09   5.5805423528124578E+04   1.9083296100121321E-10   1.5597934259312251E-20   2.3536038991671066E+03
   1.1016770000000000E+09   5.6077818626755550E+04   1.8829243789654499E-10   1.5420619207460489E-20   2.3489736066449095E+03
   1.1036770000000000E+09   5.6350870899244976E+04   1.8579421780773216E-10   1.5245901700207451E-20   2.3443699728271786E+03
   1.1056770000000000E+09   5.6624575233349489E+04   1.8333747957439619E-10   1.5073735125849469E-20   2.3397930600234599E+03
   1.1076770000000000E+09   5.6898926695223301E+04   1.8092142037887793E-10   1.4904073864508440E-20   2.3352429299344458E+03
   1.1096770000000000E+09   5.7173920514142279E+04   1.7854525530229362E-10   1.4736873265259167E-20   2.3307196437010712E+03
   1.1116770000000000E+09   5.7449552063215473E+04   1.7620821689237688E-10   1.4572089623875251E-20   2.3262232619494825E+03
   1.1136770000000000E+09   5.7725816835763559E+04   1.7390955474280319E-10   1.4409680161180239E-20   2.3217538448314849E+03
   1.1156770000000000E+09   5.8002710417124639E+04   1.7164853508379578E-10   1.4249603001999277E-20   2.3173114520600411E+03
   1.1176770000000000E+09   5.8280228451737959E+04   1.6942444038384662E-10   1.4091817154708654E-20   2.3128961429394271E+03
   1.1196770000000000E+09   5.8558366605424169E+04   1.6723656896241293E-10   1.3936282491383070E-20   2.3085079763896156E+03
   1.1216770000000000E+09   5.8837120522859550E+04   1.6508423461343377E-10   1.3782959728538585E-20   2.3041470109644861E+03
   1.1236770000000000E+09   5.9116485780314877E+04   1.6296676623949302E-10   1.3631810408467474E-20   2.2998133048634763E+03
   1.1256770000000000E+09   5.9396457833826302E+04   1.6088350749639474E-10   1.3482796881155598E-20   2.2955069159363370E+03
   1.1276770000000000E+09   5.9677031963065238E+04   1.5883381644786463E-10   1.3335882286768271E-20   2.2912279016806469E+03
   1.1296770000000000E+09   5.9958203211296735E+04   1.5681706523001681E-10   1.3191030538683428E-20   2.2869763192318355E+03
   1.1316770000000000E+09   6.0239966321960892E+04   1.5483263972513956E-10   1.3048206307043068E-20   2.2827522253455081E+03
   1.1336770000000000E+09   6.0522315672568067E+04   1.5287993924426826E-10   1.2907375002785851E-20   2.2785556763719196E+03
   1.1356770000000000E+09   6.0805245206773841E+04   1.5095837621792361E-10   1.2768502762114895E-20   2.2743867282225706E+03
   1.1376770000000000E+09   6.1088748365693806E+04   1.4906737589429582E-10   1.2631556431345445E-20   2.2702454363289689E+03
   1.1396770000000000E+09   6.1372818019711332E+04   1.4720637604407213E-10   1.2496503552068640E-20   2.2661318555937310E+03
   1.1416770000000000E+09   6.1657446402232221E+04   1.4537482667102956E-10   1.2363312346559485E-20   2.2620460403343545E+03
   1.1436770000000000E+09   6.1942625047038615E+04   1.4357218972744111E-10   1.2231951703349488E-20   2.2579880442200938E+03
   1.1456770000000000E+09   6.2228344731069468E+04   1.4179793883331183E-10   1.2102391162879711E-20   2.2539579202025916E+03
   1.1476770000000000E+09   6.2514595424611296E+04   1.4005155899843019E-10   1.1974600903145751E-20   2.2499557204410562E+03
   1.1496770000000000E+09   6.2801366250993524E+04   1.3833254634624101E-10   1.1848551725246108E-20   2.2459814962229652E+03
   1.1516770000000000E+09   6.3088645457949315E+04   1.3664040783858166E-10   1.1724215038746799E-20   2.2420352978814726E+03
   1.1536770000000000E+09   6.3376420402791759E+04   1.3497466100042020E-10   1.1601562846781852E-20   2.2381171747108583E+03
   1.1556770000000000E+09   6.3664677553484886E+04   1.3333483364385062E-10   1.1480567730818056E-20   2.2342271748815406E+03
   1.1576770000000000E+09   6.3953402507504761E+04   1.3172046359077904E-10   1.1361202835026818E-20   2.2303653453563197E+03
   1.1596770000000000E+09   6.4242580030128214E+04   1.3013109839394797E-10   1.1243441850223624E-20   2.2265317318096559E+03
   1.1616770000000000E+09   6.4532194113408157E+04   1.2856629505620466E-10   1.1127258997358093E-20   2.2227263785518521E+03
   1.1636770000000000E+09   6.4822228056620384E+04   1.2702561974821582E-10   1.1012629010563477E-20   2.2189493284600890E+03
   1.1656770000000000E+09   6.5112664568398592E+04   1.2550864752515388E-10   1.0899527119803675E-20   2.2152006229182289E+03
   1.1676770000000000E+09   6.5403485890108561E+04   1.2401496204322750E-10   1.0787929033187443E-20   2.2114803017672721E+03
   1.1696770000000000E+09   6.5694673939287997E+04   1.2254415527727386E-10   1.0677810919052123E-20   2.2077884032681741E+03
   1.1716770000000000E+09   6.5986210471211481E+04   1.2109582724096867E-10   1.0569149387951179E-20   2.2041249640786300E+03
   1.1736770000000000E+09   6.6278077255846831E+04   1.1966958571151675E-10   1.0461921474710601E-20   2.2004900192450705E+03
   1.1756770000000000E+09   6.6570256266728320E+04   1.1826504596092928E-10   1.0356104620744070E-20   2.1968836022108949E+03
   1.1776770000000000E+09   6.6862729877571706E+04   1.1688183049617873E-10   1.0251676656837698E-20   2.1933057448415184E+03
   1.1796770000000000E+09   6.7155481061873652E+04   1.1551956881061199E-10   1.0148615786627233E-20   2.1897564774664497E+03
   1.1816770000000000E+09   6.7448493590316837E+04   1.1417789714897414E-10   1.0046900570993012E-20   2.1862358289381282E+03
   1.1836770000000000E+09   6.7741752220557624E+04   1.1285645828826400E-10   9.9465099135906181E-21   2.1827438267067928E+03
   1.1856770000000000E+09   6.8035242873940471E+04   1.1155490133638304E-10   9.8474230477164148E-21   2.1792804969102031E+03
   1.1876770000000000E+09   6.8328952793903198E+04   1.1027288155017310E-10   9.7496195246781354E-21   2.1758458644765715E+03
   1.1896770000000000E+09   6.8622870681276763E+04   1.0901006017395864E-10   9.6530792038010040E-21   2.1724399532386747E+03
   1.1916770000000000E+09   6.8916986802351094E+04   1.0776610429916721E-10   9.5577822441533764E-21   2.1690627860567629E+03
   1.1936770000000000E+09   6.9211293066458660E+04   1.0654068674499402E-10   9.4637090980226703E-21   2.1657143849476279E+03
   1.1956770000000000E+09   6.9505783070842168E+04   1.0533348595945588E-10   9.3708405061166174E-21   2.1623947712170025E+03
   1.1976770000000000E+09   6.9800452111703562E+04   1.0414418593957740E-10   9.2791574944096118E-21   2.1591039655923978E+03
   1.1996770000000000E+09   7.0095297161507027E+04   1.0297247616889714E-10   9.1886413725018630E-21   2.1558419883534698E+03
   1.2016770000000000E+09   7.0390316813764104E+04   1.0181805157000190E-10   9.0992737333123906E-21   2.1526088594571706E+03
   1.2036770000000000E+09   7.0685511197620915E+04   1.0068061246942082E-10   9.0110364538890911E-21   2.1494045986550955E+03
   1.2056770000000000E+09   7.0980881865534335E+04   9.9559864571950457E-11   8.9239116970906425E-21   2.1462292256007549E+03
   1.2076770000000000E+09   7.1276431658141708E+04   9.8455518941341204E-11   8.8378819138770909E-21   2.1430827599448453E+03
   1.2096770000000000E+09   7.1572164551065798E+04   9.7367291984258051E-11   8.7529298459390275E-21   2.1399652214169751E+03
   1.2116770000000000E+09   7.1868085488839759E+04   9.6294905434517361E-11   8.6690385283977848E-21   2.1368766298927635E+03
   1.2136770000000000E+09   7.2164200211367497E+04   9.5238086334803258E-11   8.5861912923221574E-21   2.1338170054456696E+03
   1.2156770000000000E+09   7.2460515078362136E+04   9.4196567013351920E-11   8.5043717668282631E-21   2.1307863683833421E+03
   1.2176770000000000E+09   7.2757036897015685E+04   9.3170085053467059E-11   8.4235638805588661E-21   2.1277847392687418E+03
   1.2196770000000000E+09   7.3053772757765240E+04   9.2158383254145839E-11   8.3437518623728029E-21   2.1248121389266598E+03
   1.2216770000000000E+09   7.3350729882412692E+04   9.1161209580597030E-11   8.2649202411181574E-21   2.1218685884366073E+03
   1.2236770000000000E+09   7.3647915488085244E+04   9.0178317103936805E-11   8.1870538444067178E-21   2.1189541091133542E+03
   1.2256770000000000E+09   7.3945336669587981E+04   8.9209463929885440E-11   8.1101377963554372E-21   2.1160687224765957E+03
   1.2276770000000000E+09   7.4243000301672728E+04   8.8254413116808617E-11   8.0341575143080373E-21   2.1132124502113497E+03
   1.2296770000000000E+09   7.4540912961686277E+04   8.7312932583924171E-11   7.9590987045942823E-21   2.1103853141207633E+03
   1.2316770000000000E+09   7.4839080872038685E+04   8.6384795010906091E-11   7.8849473574236598E-21   2.1075873360729720E+03
   1.2336770000000000E+09   7.5137509861041282E+04   8.5469777730429132E-11   7.8116897410410354E-21   2.1048185379435331E+03
   1.2356770000000000E+09   7.5436205339965396E+04   8.4567662615386813E-11   7.7393123952918046E-21   2.1020789415548220E+03
   1.2376770000000000E+09   7.5735172293693351E+04   8.3678235962593825E-11   7.6678021247542506E-21   2.0993685686135877E+03
   1.2396770000000000E+09   7.6034415282148475E+04   8.2801288374721058E-11   7.5971459915940286E-21   2.0966874406475995E+03
   1.2416770000000000E+09   7.6333938449701236E+04   8.1936614642068914E-11   7.5273313082854053E-21   2.0940355789421446E+03
   1.2436770000000000E+09   7.6633745539975236E+04   8.1084013625558120E-11   7.4583456303254944E-21   2.0914130044769017E+03
   1.2456770000000000E+09   7.6933839913824064E+04   8.0243288142058845E-11   7.3901767490461281E-21   2.0888197378635164E+03
   1.2476770000000000E+09   7.7234224568661331E+04   7.9414244852909814E-11   7.3228126846047055E-21   2.0862557992840857E+03
   1.2496770000000000E+09   7.7534902157740798E+04   7.8596694156230077E-11   7.2562416792136873E-21   2.0837212084305997E+03
   1.2516770000000000E+09   7.7835875008360716E+04   7.7790450083413951E-11   7.1904521906495190E-21   2.0812159844453231E+03
   1.2536770000000000E+09   7.8137145138304433E+04   7.6995330200016781E-11   7.1254328860653289E-21   2.0787401458620443E+03
   1.2556770000000000E+09   7.8438714270108161E+04   7.6211155511099277E-11   7.0611726361190696E-21   2.0762937105480337E+03
   1.2576770000000000E+09   7.8740583842960201E+04   7.5437750370993471E-11   6.9976605094189558E-21   2.0738766956466079E+03
   1.2596770000000000E+09   7.9042755022251498E+04   7.4674942397362104E-11   6.9348857672795088E-21   2.0714891175201178E+03
   1.2616770000000000E+09   7.9345228706919093E+04   7.3922562389367622E-11   6.8728378587760277E-21   2.0691309916932464E+03
   1.2636770000000000E+09   7.9648005534833530E+04   7.3180444249734277E-11   6.8115064160820059E-21   2.0668023327964725E+03
   1.2656770000000000E+09   7.9951085886522254E+04   7.2448424910466082E-11   6.7508812500716411E-21   2.0645031545095972E+03
   1.2676770000000000E+09   8.0254469887513886E+04   7.1726344261997791E-11   6.6909523461705584E-21   2.0622334695052718E+03
   1.2696770000000000E+09   8.0558157409542939E+04   7.1014045085574676E-11   6.6317098604393347E-21   2.0599932893924370E+03
   1.2716770000000000E+09   8.0862148070776835E+04   7.0311372988684258E-11   6.5731441158765542E-21   2.0577826246596501E+03
   1.2736770000000000E+09   8.1166441235154154E+04   6.9618176343395819E-11   6.5152455989310437E-21   2.0556014846182484E+03
   1.2756770000000000E+09   8.1471036010859272E+04   6.8934306227479896E-11   6.4580049562141079E-21   2.0534498773453465E+03
   1.2776770000000000E+09   8.1775931247904577E+04   6.8259616368194806E-11   6.4014129914040009E-21   2.0513278096266090E+03
   1.2796770000000000E+09   8.2081125534774590E+04   6.7593963088626809E-11   6.3454606623344660E-21   2.0492352868987991E+03
   1.2816770000000000E+09   8.2386617194053688E+04   6.6937205256469713E-11   6.2901390782590868E-21   2.0471723131920685E+03
   1.2836770000000000E+09   8.2692404276928573E+04   6.6289204235129221E-11   6.2354394972829515E-21   2.0451388910719575E+03
   1.2856770000000000E+09   8.2998484556415598E+04   6.5649823837035664E-11   6.1813533239528691E-21   2.0431350215810705E+03
   1.2876770000000000E+09   8.3304855519087621E+04   6.5018930279059450E-11   6.1278721069981790E-21   2.0411607041803995E+03
   1.2896770000000000E+09   8.3611514354991203E+04   6.4396392139933462E-11   6.0749875372151719E-21   2.0392159366902220E+03
   1.2916770000000000E+09   8.3918457945317190E+04   6.3782080319613086E-11   6.0226914454903810E-21   2.0373007152305322E+03
   1.2936770000000000E+09   8.4225682847237913E+04   6.3175868000531297E-11   5.9709758009606586E-21   2.0354150341608895E+03
   1.2956770000000000E+09   8.4533185275121054E+04   6.2577630610758144E-11   5.9198327093127273E-21   2.0335588860195794E+03
   1.2976770000000000E+09   8.4840961077156695E+04   6.1987245789109111E-11   5.8692544112283251E-21   2.0317322614619309E+03
   1.2996770000000000E+09   8.5149005706282303E+04   6.1404593352287057E-11   5.8192332809850551E-21   2.0299351491975517E+03
   1.3016770000000000E+09   8.5457314184362127E+04   6.0829555264121361E-11   5.7697618252209640E-21   2.0281675359262633E+03
   1.3036770000000000E+09   8.5765881059007777E+04   6.0262015606857942E-11   5.7208326818607636E-21   2.0264294062723854E+03
   1.3056770000000000E+09   8.6074700353490785E+04   5.9701860554192967E-11   5.6724386191764310E-21   2.0247207427171081E+03
   1.3076770000000000E+09   8.6383765512154656E+04   5.9148978345258895E-11   5.6245725349086232E-21   2.0230415255286796E+03
   1.3096770000000000E+09   8.6693069346724777E+04   5.8603259258061104E-11   5.5772274553065448E-21   2.0213917326903643E+03
   1.3116770000000000E+09   8.7002603993002209E+04   5.8064595579900611E-11   5.5303965338502813E-21   2.0197713398264752E+03
   1.3136770000000000E+09   8.7312360892177690E+04   5.7532881571257131E-11   5.4840730493156338E-21   2.0181803201273324E+03
   1.3156770000000000E+09   8.7622330815571127E+04   5.7008013418644052E-11   5.4382504027454891E-21   2.0166186442748472E+03
   1.3176770000000000E+09   8.7932503954491796E+04   5.6489889171478332E-11   5.3929221128424645E-21   2.0150862803713856E+03
   1.3196770000000000E+09   8.8242870096095343E+04   5.5978408658503062E-11   5.3480818093399114E-21   2.0135831938756519E+03
   1.3216770000000000E+09   8.8553418899434750E+04   5.5473473381252202E-11   5.3037232240912489E-21   2.0121093475502444E+03
   1.3236770000000000E+09   8.8864140271723052E+04   5.4974986385774686E-11   5.2598401799732370E-21   2.0106647014259672E+03
   1.3256770000000000E+09   8.9175024823148313E+04   5.4482852119241588E-11   5.2164265782197500E-21   2.0092492127875669E+03
   1.3276770000000000E+09   8.9486064351968424E+04   5.3996976284410525E-11   5.1734763854200868E-21   2.0078628361839903E+03
   1.3296770000000000E+09   8.9797252285979514E+04   5.3517265710703382E-11   5.1309836219853168E-21   2.0065055234633580E+03
   1.3316770000000000E+09   9.0108583990510087E+04   5.3043628263753749E-11   5.0889423542032685E-21   2.0051772238288634E+03
   1.3336770000000000E+09   9.0420056856553041E+04   5.2575972813451284E-11   5.0473466918479944E-21   2.0038778839073489E+03
   1.3356770000000000E+09   9.0731670112583277E+04   5.2114209272266526E-11   5.0061907925343112E-21   2.0026074478184685E+03
   1.3376770000000000E+09   9.1043424360131175E+04   5.1658248701247944E-11   4.9654688726309287E-21   2.0013658572304564E+03
   1.3396770000000000E+09   9.1355320905928340E+04   5.1208003463328871E-11   4.9251752228293783E-21   2.0001530513896960E+03
   1.3416770000000000E+09   9.1667361031473789E+04   5.0763387387648318E-11   4.8853042249073261E-21   1.9989689671160247E+03
   1.3436770000000000E+09   9.1979545377354007E+04   5.0324315900864488E-11   4.8458503654435665E-21   1.9978135387633192E+03
   1.3456770000000000E+09   9.2291873602151260E+04   4.9890706086997198E-11   4.8068082427370460E-21   1.9966866981535968E+03
   1.3476770000000000E+09   9.2604344398401387E+04   4.9462476657142210E-11   4.7681725650614797E-21   1.9955883744997163E+03
   1.3496770000000000E+09   9.2916955830163628E+04   4.9039547839408458E-11   4.7299381411762686E-21   1.9945184943342713E+03
   1.3516770000000000E+09   9.3229705841225645E+04   4.8621841227190802E-11   4.6920998667114586E-21   1.9934769814588742E+03
   1.3536770000000000E+09   9.3542592721222230E+04   4.8209279638229779E-11   4.6546527114683423E-21   1.9924637569196884E+03
   1.3556770000000000E+09   9.3855615343974336E+04   4.7801787029802700E-11   4.6175917120367902E-21   1.9914787390048339E+03
   1.3576770000000000E+09   9.4168773103754967E+04   4.7399288488203104E-11   4.5809119715367035E-21   1.9905218432514316E+03
   1.3596770000000000E+09   9.4482065621344955E+04   4.7001710275346555E-11   4.5446086648828048E-21   1.9895929824482635E+03
   1.3616770000000000E+09   9.4795492397924725E+04   4.6608979889575201E-11   4.5086770454579674E-21   1.9886920666248323E+03
   1.3636770000000000E+09   9.5109052601967531E+04   4.6221026095467591E-11   4.4731124488230321E-21   1.9878190030265152E+03
   1.3656770000000000E+09   9.5422745077585190E+04   4.5837778899961782E-11   4.4379102912363772E-21   1.9869736960835025E+03
   1.3676770000000000E+09   9.5736568521348017E+04   4.5459169485736678E-11   4.4030660640035110E-21   1.9861560473838970E+03
   1.3696770000000000E+09   9.6050521678459292E+04   4.5085130136572982E-11   4.3685753269957995E-21   1.9853659556576226E+03
   1.3716770000000000E+09   9.6364603419483872E+04   4.4715594188657051E-11   4.3344337046325632E-21   1.9846033167705234E+03
   1.3736770000000000E+09   9.6678812662754572E+04   4.4350496018666690E-11   4.3006368854006493E-21   1.9838680237223855E+03
   1.3756770000000000E+09   9.6993148224326753E+04   4.3989771052059786E-11   4.2671806233280109E-21   1.9831599666421946E+03
   1.3776770000000000E+09   9.7307608718644362E+04   4.3633355763783332E-11   4.2340607387243635E-21   1.9824790327784863E+03
   1.3796770000000000E+09   9.7622192573146924E+04   4.3281187655606382E-11   4.2012731166458370E-21   1.9818251064880826E+03
   1.3816770000000000E+09   9.7936898116184704E+04   4.2933205217431244E-11   4.1688137037812110E-21   1.9811980692284505E+03
   1.3836770000000000E+09   9.8251723638435680E+04   4.2589347894130850E-11   4.1366785058448136E-21   1.9805977995562339E+03
   1.3856770000000000E+09   9.8566667349108582E+04   4.2249556075069017E-11   4.1048635871502649E-21   1.9800241731296826E+03
   1.3876770000000000E+09   9.8881727185661919E+04   4.1913771112175332E-11   4.0733650729527459E-21   1.9794770627092798E+03
   1.3896770000000000E+09   9.9196900346124545E+04   4.1581935382211648E-11   4.0421791561019992E-21   1.9789563381481521E+03
   1.3916770000000000E+09   9.9512181991371035E+04   4.1253992475800425E-11   4.0113021160765534E-21   1.9784618663544416E+03
   1.3936770000000000E+09   9.9827561430906790E+04   4.0929887778616484E-11   3.9807303763306652E-21   1.9779935111741411E+03
   1.3956770000000000E+09   1.0014301135123704E+05   4.0609570148595914E-11   3.9504606687587096E-21   1.9775511330501315E+03
   1.3976770000000000E+09   1.0045845925889950E+05   4.0292996407115022E-11   3.9204904732858879E-21   1.9771345880872830E+03
   1.3996770000000000E+09   1.0077371669752889E+05   3.9980142541466424E-11   3.8908191138763447E-21   1.9767437256430740E+03
   1.4016770000000000E+09   1.0108831648864431E+05   3.9671029632566802E-11   3.8614502953917799E-21   1.9763783824976638E+03
   1.4036770000000000E+09   1.0140117051166744E+05   3.9365778839032477E-11   3.8323974852360963E-21   1.9760383696582192E+03
   1.4056770000000000E+09   1.0170992657070012E+05   3.9064715978659103E-11   3.8036941554022650E-21   1.9757234446378714E+03
   1.4076770000000000E+09   1.0200992986561882E+05   3.8768543499414409E-11   3.7754106410219146E-21   1.9754332580842404E+03
   1.4096770000000000E+09   1.0229290053741685E+05   3.8478566638769741E-11   3.7476763561316163E-21   1.9751672614609990E+03
   1.4116770000000000E+09   1.0254595977455110E+05   3.8196876674631978E-11   3.7206979195885828E-21   1.9749245684428447E+03
   1.4136770000000000E+09   1.0275241701159766E+05   3.7926258877071097E-11   3.6947505086010355E-21   1.9747037870405304E+03
   1.4156770000000000E+09   1.0289612185995450E+05   3.7669501101807484E-11   3.6701107185183245E-21   1.9745028904709623E+03
   1.4176770000000000E+09   1.0296979062794532E+05   3.7427965870015658E-11   3.6469172909486922E-21   1.9743192604789717E+03
   1.4196770000000000E+09   1.0298363275037165E+05   3.7199966342008647E-11   3.6250120783193853E-21   1.9741500559900862E+03
   1.4216770000000000E+09   1.0296651193526185E+05   3.6980314916132661E-11   3.6038946375560093E-21   1.9739929220190522E+03
   1.4236770000000000E+09   1.0295500679512561E+05   3.6762139432507195E-11   3.5828978235223075E-21   1.9738467287672152E+03
   1.4256770000000000E+09   1.0297914364476068E+05   3.6539772536042707E-11   3.5614690209849834E-21   1.9737118108092386E+03
   1.4276770000000000E+09   1.0306257068876932E+05   3.6309313910296819E-11   3.5392258350153628E-21   1.9735895581179605E+03
   1.4296770000000000E+09   1.0323906798753455E+05   3.6065896420393693E-11   3.5156903066868704E-21   1.9734820974816082E+03
   1.4316770000000000E+09   1.0354015330839477E+05   3.5801592044396751E-11   3.4900844716788449E-21   1.9733924966248262E+03
   1.4336770000000000E+09   1.0414495138022782E+05   3.5520484548911883E-11   3.4627943083918465E-21   1.9733279081605576E+03
   1.4356770000000000E+09   1.0317304142835860E+05   3.5112245225532105E-11   3.4230770526562800E-21   1.9732812868563847E+03
   6.5767700000000000E+08  -6.7702197959607265E+03   3.2626327898455046E-13   3.3450414694057432E-24   1.1825085150192006E+03
   6.5967700000000000E+08  -5.6325532523005322E+03   6.3407366734844862E-13   6.2078992775380506E-24   1.2383193007341465E+03
   6.6167700000000000E+08  -4.6429715144586662E+03   9.8116952602034675E-13   9.2420283327640717E-24   1.2871060799427235E+03
   6.6367700000000000E+08  -3.6246925168072189E+03   1.3518026501001134E-12   1.2392120806836456E-23   1.3225291137969359E+03
   6.6567700000000000E+08  -2.5255685021308877E+03   1.7259347001511862E-12   1.5487792180519030E-23   1.3510531494212357E+03
   6.6767700000000000E+08  -1.4715757956957934E+03   2.1066576717967892E-12   1.8572113874010871E-23   1.3752137871501420E+03
   6.6967700000000000E+08  -6.0684642179765513E+02   2.5129351718928168E-12   2.1730587956418314E-23   1.4019980003510909E+03
   6.7167700000000000E+08  -3.1547292985345763E+02   2.9959946698189925E-12   2.4987622335341927E-23   1.4536293706298857E+03
   6.7367700000000000E+08  -1.8715439987491452E+03   3.6767737571388264E-12   2.7551533708592443E-23   1.6179262224972008E+03
   6.7567700000000000E+08  -8.1467689144579981E+03   4.8148098112601262E-12   2.8605065176230135E-23   2.0406747061872322E+03
   6.7767700000000000E+08  -2.0634764270409061E+04   6.5960316694545370E-12   3.0600038279629382E-23   2.6133546395009880E+03
   6.7967700000000000E+08  -3.6889180330857664E+04   9.1095454987571085E-12   3.5724171604563618E-23   3.0915204864235479E+03
   6.8167700000000000E+08  -5.3210887724073757E+04   1.2629845454330572E-11   4.5319137478394414E-23   3.3787338819613119E+03
   6.8367700000000000E+08  -6.5710352175257693E+04   1.7585234949296879E-11   6.1085376273591172E-23   3.4901854851222570E+03
   6.8567700000000000E+08  -7.2239695459640338E+04   2.4482384728208277E-11   8.5219632484022139E-23   3.4829853499610949E+03
   6.8767700000000000E+08  -7.3033477373052781E+04   3.3840124933382470E-11   1.2018621572509055E-22   3.4136177114628117E+03
   6.8967700000000000E+08  -6.9719871574724588E+04   4.6109618434638766E-11   1.6826281732616023E-22   3.3223161580691603E+03
   6.9167700000000000E+08  -6.4132918617179384E+04   6.1573244045575518E-11   2.3092526839386405E-22   3.2326461198486536E+03
   6.9367700000000000E+08  -5.7658328316361629E+04   8.0240105574724729E-11   3.0825015697746439E-22   3.1559184423357251E+03
   6.9567700000000000E+08  -5.1076863879674478E+04   1.0178253832385341E-10   3.9859449586178751E-22   3.0958475501889884E+03
   6.9767700000000000E+08  -4.4685028860583698E+04   1.2555673797919803E-10   4.9873866263237565E-22   3.0521408668295544E+03
   6.9967700000000000E+08  -3.8495635042116097E+04   1.5070945949567782E-10   6.0445698810580676E-22   3.0228228453626475E+03
   7.0167700000000000E+08  -3.2403239323172027E+04   1.7632751179942634E-10   7.1127919741709748E-22   3.0055057158331174E+03
   7.0367700000000000E+08  -2.6284024731084781E+04   2.0157390358271216E-10   8.1516562077669965E-22   2.9979614034281503E+03
   7.0567700000000000E+08  -2.0042966352131705E+04   2.2577398509509393E-10   9.1292461774875816E-22   2.9983102309799092E+03
   7.0767700000000000E+08  -1.3628267760521398E+04   2.4844479343154172E-10   1.0023471735685572E-21   3.0050334874764098E+03
   7.0967700000000000E+08  -7.0282069045771441E+03   2.6928203530741040E-10   1.0821337506005443E-21   3.0169216043553074E+03
   7.1167700000000000E+08  -2.5976692130739303E+02   2.8812593336353685E-10   1.1517178646610171E-21   3.0330099325626875E+03
   7.1367700000000000E+08   6.6582218710615034E+03   3.0493247411977763E-10   1.2111065210576290E-21   3.0525228337074241E+03
   7.1567700000000000E+08   1.3675999552949681E+04   3.1969257525026639E-10   1.2605042575873616E-21   3.0748633456140201E+03
   7.1767700000000000E+08   2.0707958979138733E+04   3.3244337097854051E-10   1.3003372292549296E-21   3.0995544280551544E+03
   7.1967700000000000E+08   2.7698052731706724E+04   3.4331864551006502E-10   1.3315000793554602E-21   3.1260345961963089E+03
   7.2167700000000000E+08   3.4622955937673971E+04   3.5243022377635628E-10   1.3547767994780128E-21   3.1538641403704491E+03
   7.2367700000000000E+08   4.1461197046335685E+04   3.5988961469166964E-10   1.3709204684053246E-21   3.1826922021352880E+03
   7.2567700000000000E+08   4.8195287995900449E+04   3.6580665868256579E-10   1.3806444557201250E-21   3.2122352207827748E+03
   7.2767700000000000E+08   5.4812896777609429E+04   3.7028969613755884E-10   1.3846214891112511E-21   3.2422622973354141E+03
   7.2967700000000000E+08   6.1307288211490246E+04   3.7344629947151203E-10   1.3834860794779680E-21   3.2725851319788289E+03
   7.3167700000000000E+08   6.7677188236813425E+04   3.7538394220398518E-10   1.3778375758437022E-21   3.3030507971892471E+03
   7.3367700000000000E+08   7.3926209463234467E+04   3.7621023156655205E-10   1.3682422972399288E-21   3.3335362108819918E+03
   7.3567700000000000E+08   8.0061978691881042E+04   3.7603254917332999E-10   1.3552340930535956E-21   3.3639436068770092E+03
   7.3767700000000000E+08   8.6095108855776853E+04   3.7495713269752702E-10   1.3393133908323434E-21   3.3941966050181622E+03
   7.3967700000000000E+08   9.2038150192606670E+04   3.7308776522928834E-10   1.3209452498292323E-21   3.4242366887800049E+03
   7.4167700000000000E+08   9.7904636130589439E+04   3.7052430585860456E-10   1.3005571399107702E-21   3.4540200241880270E+03
   7.4367700000000000E+08   1.0370829535628099E+05   3.6736129399375390E-10   1.2785371310229749E-21   3.4835146171931679E+03
   7.4567700000000000E+08   1.0946246208299535E+05   3.6368680517966828E-10   1.2552329735716877E-21   3.5126978263300771E+03
   7.4767700000000000E+08   1.1517968020844558E+05   3.5958165970461713E-10   1.2309522917565532E-21   3.5415542415277537E+03
   7.4967700000000000E+08   1.2087147408952126E+05   3.5511900980513010E-10   1.2059638748577151E-21   3.5700739230592822E+03
   7.5167700000000000E+08   1.2654824809746823E+05   3.5036427372792498E-10   1.1804998861788588E-21   3.5982509769818025E+03
   7.5367700000000000E+08   1.3221927647055491E+05   3.4537535087640160E-10   1.1547587266047077E-21   3.6260824303545010E+03
   7.5567700000000000E+08   1.3789275022311724E+05   3.4020303978800433E-10   1.1289082765409157E-21   3.6535673626804437E+03
   7.5767700000000000E+08   1.4357585553863086E+05   3.3489158374831919E-10   1.1030892725454966E-21   3.6807062487900512E+03
   7.5967700000000000E+08   1.4927486578093993E+05   3.2947928073638987E-10   1.0774186296330063E-21   3.7075004711823431E+03
   7.6167700000000000E+08   1.5499523574838470E+05   3.2399910958866571E-10   1.0519925791816086E-21   3.7339519649461567E+03
   7.6367700000000000E+08   1.6074169165451959E+05   3.1847933910405020E-10   1.0268895448537561E-21   3.7600629643896191E+03
   7.6567700000000000E+08   1.6651831362779939E+05   3.1294409936439346E-10   1.0021727202081983E-21   3.7858358264520998E+03
   7.6767700000000000E+08   1.7232860958386862E+05   3.0741390415905422E-10   9.7789234103034448E-22   3.8112729113137912E+03
   7.6967700000000000E+08   1.7817558048779063E+05   3.0190612018867062E-10   9.5408766432351223E-22   3.8363765051216587E+03
   7.7167700000000000E+08   1.8406177759800735E+05   2.9643538315405938E-10   9.3078867670659197E-22   3.8611487733853292E+03
   7.7367700000000000E+08   1.8998935250444399E+05   2.9101396348306635E-10   9.0801756000233079E-22   3.8855917364411962E+03
   7.7567700000000000E+08   1.9596010080243816E+05   2.8565208584083920E-10   8.8578994306181098E-22   3.9097072605628146E+03
   7.7767700000000000E+08   2.0197550018477786E+05   2.8035820713577136E-10   8.6411596786220987E-22   3.9334970599430958E+03
   7.7967700000000000E+08   2.0803674364530187E+05   2.7513925779163405E-10   8.4300119569160103E-22   3.9569627060098051E+03
   7.8167700000000000E+08   2.1414476839945823E+05   2.7000085082570617E-10   8.2244737648413563E-22   3.9801056414607324E+03
   7.8367700000000000E+08   2.2030028105234780E+05   2.6494746289650377E-10   8.0245310150974481E-22   4.0029271970974287E+03
   7.8567700000000000E+08   2.2650377948562050E+05   2.5998259105161919E-10   7.8301435688801076E-22   4.0254286100570107E+03
   7.8767700000000000E+08   2.3275557188868843E+05   2.5510888846776499E-10   7.6412499290135675E-22   4.0476110424339213E+03
   7.8967700000000000E+08   2.3905579332314836E+05   2.5032828205906197E-10   7.4577712187145579E-22   4.0694755995805413E+03
   7.9167700000000000E+08   2.4540442017791691E+05   2.4564207444911258E-10   7.2796145543794107E-22   4.0910233476002500E+03
   7.9367700000000000E+08   2.5180128284321900E+05   2.4105103246215355E-10   7.1066759042236306E-22   4.1122553297161603E+03
   7.9567700000000000E+08   2.5824607690215769E+05   2.3655546398864609E-10   6.9388425104600734E-22   4.1331725813259272E+03
   7.9767700000000000E+08   2.6473837310806994E+05   2.3215528481880649E-10   6.7759949406845627E-22   4.1537761436470400E+03
   7.9967700000000000E+08   2.7127762638411764E+05   2.2785007681048153E-10   6.6180088239606864E-22   4.1740670759252025E+03
   8.0167700000000000E+08   2.7786318404900492E+05   2.2363913856183660E-10   6.4647563184977694E-22   4.1940464662266222E+03
   8.0367700000000000E+08   2.8449429344012291E+05   2.1952152959095301E-10   6.3161073505659103E-22   4.2137154408674260E+03
   8.0567700000000000E+08   2.9117010907377407E+05   2.1549610888024015E-10   6.1719306581860482E-22   4.2330751725541495E+03
   8.0767700000000000E+08   2.9788969945227855E+05   2.1156156852046038E-10   6.0320946679966249E-22   4.2521268873208874E+03
   8.0967700000000000E+08   3.0465205360049882E+05   2.0771646308428874E-10   5.8964682293798061E-22   4.2708718703538771E+03
   8.1167700000000000E+08   3.1145608739022125E+05   2.0395923527018776E-10   5.7649212263009011E-22   4.2893114707949053E+03
   8.1367700000000000E+08   3.1830064969024790E+05   2.0028823828167285E-10   5.6373250842632543E-22   4.3074471056124439E+03
   8.1567700000000000E+08   3.2518452836312709E+05   1.9670175534283489E-10   5.5135531872148828E-22   4.3252802626250723E+03
   8.1767700000000000E+08   3.3210645611622103E+05   1.9319801669650268E-10   5.3934812170822337E-22   4.3428125027564593E+03
   8.1967700000000000E+08   3.3906511620499723E+05   1.8977521438519100E-10   5.2769874267847632E-22   4.3600454615954113E+03
   8.2167700000000000E+08   3.4605914797985012E+05   1.8643151507570150E-10   5.1639528560454166E-22   4.3769808503290014E+03
   8.2367700000000000E+08   3.5308715226396726E+05   1.8316507115483666E-10   5.0542614980105670E-22   4.3936204561114846E+03
   8.2567700000000000E+08   3.6014769654833362E+05   1.7997403029524784E-10   4.9478004235901507E-22   4.4099661419269978E+03
   8.2767700000000000E+08   3.6723931999050482E+05   1.7685654366617606E-10   4.8444598694922040E-22   4.4260198459999192E+03
   8.2967700000000000E+08   3.7436053820571193E+05   1.7381077294315568E-10   4.7441332951306649E-22   4.4417835808030732E+03
   8.3167700000000000E+08   3.8150984784181009E+05   1.7083489625307084E-10   4.6467174129082500E-22   4.4572594317108114E+03
   8.3367700000000000E+08   3.8868573093306849E+05   1.6792711317583049E-10   4.5521121957993490E-22   4.4724495553412025E+03
   8.3567700000000000E+08   3.9588665903137357E+05   1.6508564891099075E-10   4.4602208656663736E-22   4.4873561776288916E+03
   8.3767700000000000E+08   4.0311109711682762E+05   1.6230875770652405E-10   4.3709498653221533E-22   4.5019815916677908E+03
   8.3967700000000000E+08   4.1035750729254010E+05   1.5959472563735049E-10   4.2842088169907509E-22   4.5163281553602637E+03
   8.4167700000000000E+08   4.1762435227056529E+05   1.5694187281289210E-10   4.1999104695077310E-22   4.5303982889069057E+03
   8.4367700000000000E+08   4.2491009865716350E+05   1.5434855508558855E-10   4.1179706363310928E-22   4.5441944721683940E+03
   8.4567700000000000E+08   4.3221322004593181E+05   1.5181316532576275E-10   4.0383081261966267E-22   4.5577192419280582E+03
   8.4767700000000000E+08   4.3953219992682320E+05   1.4933413432229300E-10   3.9608446680407719E-22   4.5709751890808566E+03
   8.4967700000000000E+08   4.4686553441780841E+05   1.4690993136305648E-10   3.8855048316239321E-22   4.5839649557713747E+03
   8.5167700000000000E+08   4.5421173482414219E+05   1.4453906454394206E-10   3.8122159451134246E-22   4.5966912325003968E+03
   8.5367700000000000E+08   4.6156933002803719E+05   1.4222008085029126E-10   3.7409080107244121E-22   4.6091567552164524E+03
   8.5567700000000000E+08   4.6893686870935821E+05   1.3995156604986648E-10   3.6715136193669131E-22   4.6213643024058574E+03
   8.5767700000000000E+08   4.7631292139593256E+05   1.3773214443182726E-10   3.6039678651059009E-22   4.6333166921919392E+03
   8.5967700000000000E+08   4.8369608234048093E+05   1.3556047842172891E-10   3.5382082601089339E-22   4.6450167794517511E+03
   8.6167700000000000E+08   4.9108497122015810E+05   1.3343526809827341E-10   3.4741746506321566E-22   4.6564674529563999E+03
   8.6367700000000000E+08   4.9847823465443123E+05   1.3135525063346901E-10   3.4118091344809092E-22   4.6676716325394436E+03
   8.6567700000000000E+08   5.0587454753753298E+05   1.2931919967405333E-10   3.3510559802768132E-22   4.6786322662965167E+03
   8.6767700000000000E+08   5.1327261418296205E+05   1.2732592467856424E-10   3.2918615487700038E-22   4.6893523278184775E+03
   8.6967700000000000E+08   5.2067116927945556E+05   1.2537427022132915E-10   3.2341742163535005E-22   4.6998348134599537E+03
   8.7167700000000000E+08   5.2806897866030026E+05   1.2346311527195463E-10   3.1779443008677900E-22   4.7100827396449758E+03
   8.7367700000000000E+08   5.3546483989063255E+05   1.2159137245663108E-10   3.1231239897271295E-22   4.7200991402116506E+03
   8.7567700000000000E+08   5.4285758268031524E+05   1.1975798730574450E-10   3.0696672703550351E-22   4.7298870637981636E+03
   8.7767700000000000E+08   5.5024606913280347E+05   1.1796193749088664E-10   3.0175298628840658E-22   4.7394495712730013E+03
   8.7967700000000000E+08   5.5762919384300732E+05   1.1620223205335127E-10   2.9666691550534521E-22   4.7487897332127595E+03
   8.8167700000000000E+08   5.6500588385934266E+05   1.1447791062554719E-10   2.9170441392256418E-22   4.7579106274316127E+03
   8.8367700000000000E+08   5.7237509852690448E+05   1.1278804264638752E-10   2.8686153514380124E-22   4.7668153365669205E+03
   8.8567700000000000E+08   5.7973582923027826E+05   1.1113172657152556E-10   2.8213448124057245E-22   4.7755069457259015E+03
   8.8767700000000000E+08   5.8708709905638802E+05   1.0950808907918669E-10   2.7751959703931620E-22   4.7839885401985948E+03
   8.8967700000000000E+08   5.9442796240175865E+05   1.0791628427203364E-10   2.7301336458679323E-22   4.7922632032425772E+03
   8.9167700000000000E+08   6.0175750455824903E+05   1.0635549287458638E-10   2.6861239778324621E-22   4.8003340139453730E+03
   8.9367700000000000E+08   6.0907484133454238E+05   1.0482492142336992E-10   2.6431343716731417E-22   4.8082040451713456E+03
   8.9567700000000000E+08   6.1637911882235669E+05   1.0332380144176294E-10   2.6011334482400631E-22   4.8158763616020387E+03
   8.9767700000000000E+08   6.2366951352110796E+05   1.0185138858129451E-10   2.5600909936177876E-22   4.8233540178830572E+03
   8.9967700000000000E+08   6.3094523322454630E+05   1.0040696169346284E-10   2.5199779086095168E-22   4.8306400568982190E+03
   9.0167700000000000E+08   6.3820551936572755E+05   9.8989821770702354E-11   2.4807661563276207E-22   4.8377375082033614E+03
   9.0367700000000000E+08   6.4544965185727424E+05   9.7599290669430751E-11   2.4424287056534686E-22   4.8446493866676119E+03
   9.0567700000000000E+08   6.5267695760180813E+05   9.6234709528129254E-11   2.4049394683490189E-22   4.8513786913848808E+03
   9.0767700000000000E+08   6.5988682318089891E+05   9.4895436874979973E-11   2.3682732296592526E-22   4.8579284049247472E+03
   9.0967700000000000E+08   6.6707870976845955E+05   9.3580846665554276E-11   2.3324055783823572E-22   4.8643014929763394E+03
   9.1167700000000000E+08   6.7425216313581180E+05   9.2290326961562481E-11   2.2973128540591946E-22   4.8705009043833943E+03
   9.1367700000000000E+08   6.8140680431753886E+05   9.1023280563015359E-11   2.2629721437664592E-22   4.8765295714453787E+03
   9.1567700000000000E+08   6.8854228155725647E+05   8.9779129202590821E-11   2.2293613681699284E-22   4.8823904101134240E+03
   9.1767700000000000E+08   6.9565817119979241E+05   8.8557322066010752E-11   2.1964594753975340E-22   4.8880863192575089E+03
   9.1967700000000000E+08   7.0275384459505195E+05   8.7357346638794702E-11   2.1642466929860232E-22   4.8936201775370082E+03
   9.2167700000000000E+08   7.0982836699752451E+05   8.6178735694400062E-11   2.1327046852251154E-22   4.8989948359770788E+03
   9.2367700000000000E+08   7.1688052810565068E+05   8.5021061847393177E-11   2.1018164048589960E-22   4.9042131055325981E+03
   9.2567700000000000E+08   7.2390906496039848E+05   8.3883915260594092E-11   2.0715655309577901E-22   4.9092777428139298E+03
   9.2767700000000000E+08   7.3091299717578257E+05   8.2766872889034587E-11   2.0419356985392457E-22   4.9141914434963119E+03
   9.2967700000000000E+08   7.3789184525424603E+05   8.1669479735892395E-11   2.0129100209483731E-22   4.9189568556927061E+03
   9.3167700000000000E+08   7.4484558253869310E+05   8.0591253290031698E-11   1.9844711798902637E-22   4.9235766096846701E+03
   9.3367700000000000E+08   7.5177447797638632E+05   7.9531695077065237E-11   1.9566016904364289E-22   4.9280533491208398E+03
   9.3567700000000000E+08   7.5867933882934286E+05   7.8490253296531935E-11   1.9292829665611465E-22   4.9323897541294500E+03
   9.3767700000000000E+08   7.6556296231253294E+05   7.7466139543257452E-11   1.9024908276423104E-22   4.9365885153981608E+03
   9.3967700000000000E+08   7.7243268512909603E+05   7.6458031997505173E-11   1.8761882520561355E-22   4.9406522766920225E+03
   9.4167700000000000E+08   7.7930131808123167E+05   7.5464021358117292E-11   1.8503240523118537E-22   4.9445837405231532E+03
   9.4367700000000000E+08   7.8618301791398681E+05   7.4482180247814952E-11   1.8248467345171869E-22   4.9483860332269032E+03
   9.4567700000000000E+08   7.9308507393267367E+05   7.3511535538436354E-11   1.7997282056283945E-22   4.9520629624367193E+03
   9.4767700000000000E+08   8.0000188955654309E+05   7.2552650493046474E-11   1.7749780428790562E-22   4.9556187102103368E+03
   9.4967700000000000E+08   8.0691669522432960E+05   7.1607258610021616E-11   1.7506346989223428E-22   4.9590570176587808E+03
   9.5167700000000000E+08   8.1380956925500988E+05   7.0677270309345292E-11   1.7267414644224591E-22   4.9623802112800595E+03
   9.5367700000000000E+08   8.2067009873391979E+05   6.9764289604898739E-11   1.7033333683529387E-22   4.9655928637077768E+03
   9.5567700000000000E+08   8.2745349690567143E+05   6.8871416686470166E-11   1.6804868386896245E-22   4.9686852599424274E+03
   9.5767700000000000E+08   8.3410755032858939E+05   6.8003893424112434E-11   1.6583178976461359E-22   4.9716846790446625E+03
   9.5967700000000000E+08   8.4070611554276547E+05   6.7153227942262080E-11   1.6366270381900143E-22   4.9745609675120868E+03
   9.6167700000000000E+08   8.4726768893813598E+05   6.6317253202231088E-11   1.6153538197784744E-22   4.9773302005309006E+03
   9.6367700000000000E+08   8.5379835353184654E+05   6.5495061259257951E-11   1.5944737359424895E-22   4.9799934211050477E+03
   9.6567700000000000E+08   8.6029977981546044E+05   6.4686208922499136E-11   1.5739735796614706E-22   4.9825520851448746E+03
   9.6767700000000000E+08   8.6677244032485550E+05   6.3890378799653978E-11   1.5538431609090659E-22   4.9850081045835132E+03
   9.6967700000000000E+08   8.7321645971326972E+05   6.3107293119852587E-11   1.5340733143738959E-22   4.9873635075791699E+03
   9.7167700000000000E+08   8.7963184944207850E+05   6.2336692123183199E-11   1.5146554042445161E-22   4.9896203284707353E+03
   9.7367700000000000E+08   8.8601858678031911E+05   6.1578326763332879E-11   1.4955811505557601E-22   4.9917805814651892E+03
   9.7567700000000000E+08   8.9237664626782935E+05   6.0831955365818257E-11   1.4768425455802127E-22   4.9938462547607869E+03
   9.7767700000000000E+08   8.9870601253670524E+05   6.0097342116109890E-11   1.4584318135414964E-22   4.9958193092702486E+03
   9.7967700000000000E+08   9.0500668491106015E+05   5.9374256512027292E-11   1.4403413936401650E-22   4.9977016784139241E+03
   9.8167700000000000E+08   9.1127867839495058E+05   5.8662473225032722E-11   1.4225639331039867E-22   4.9994952681748046E+03
   9.8367700000000000E+08   9.1752202281430631E+05   5.7961772097401811E-11   1.4050922836483961E-22   5.0012019573002572E+03
   9.8567700000000000E+08   9.2373676104061189E+05   5.7271938160188379E-11   1.3879194985759001E-22   5.0028235975469352E+03
   9.8767700000000000E+08   9.2992294718121609E+05   5.6592761613358411E-11   1.3710388291259752E-22   5.0043620138310762E+03
   9.8967700000000000E+08   9.3608064477542380E+05   5.5924037790180846E-11   1.3544437206019219E-22   5.0058190042936421E+03
   9.9167700000000000E+08   9.4220992356412462E+05   5.5265567234310696E-11   1.3381278113494492E-22   5.0071963403859936E+03
   9.9367700000000000E+08   9.4831085253643105E+05   5.4617156057885880E-11   1.3220849386386594E-22   5.0084957670253762E+03
   9.9567700000000000E+08   9.5438348747638578E+05   5.3978616662318165E-11   1.3063091533935033E-22   5.0097190028906589E+03
   9.9767700000000000E+08   9.6042785471662274E+05   5.3349768604583451E-11   1.2907947385714224E-22   5.0108677405837343E+03
   9.9967700000000000E+08   9.6644393679636472E+05   5.2730439112034696E-11   1.2755362191441463E-22   5.0119436467337255E+03
   1.0016770000000000E+09   9.7243167183258687E+05   5.2120462422318850E-11   1.2605283439406141E-22   5.0129483613959637E+03
   1.0036770000000000E+09   9.7839097812497616E+05   5.1519677323700287E-11   1.2457660242794623E-22   5.0138834966991844E+03
   1.0056770000000000E+09   9.8432180590411671E+05   5.0927923088614459E-11   1.2312442338057440E-22   5.0147506358644987E+03
   1.0076770000000000E+09   9.9022420746727916E+05   5.0345034747047732E-11   1.2169578923618318E-22   5.0155513329385458E+03
   1.0096770000000000E+09   9.9609840378059715E+05   4.9770839293307517E-11   1.2029017720643933E-22   5.0162871146754596E+03
   1.0116770000000000E+09   1.0019448239128662E+06   4.9205154201777719E-11   1.1890704586149332E-22   5.0169594854238339E+03
   1.0136770000000000E+09   1.0077641129671397E+06   4.8647788189480735E-11   1.1754583677076228E-22   5.0175699291167111E+03
   1.0156770000000000E+09   1.0135570898857482E+06   4.8098545581771920E-11   1.1620598481568552E-22   5.0181199128397020E+03
   1.0176770000000000E+09   1.0193246369418495E+06   4.7557234307572746E-11   1.1488693714494298E-22   5.0186108959350822E+03
   1.0196770000000000E+09   1.0250675749404965E+06   4.7023673498654940E-11   1.1358817140196806E-22   5.0190443293298604E+03
   1.0216770000000000E+09   1.0307865642375548E+06   4.6497698921478333E-11   1.1230920881285992E-22   5.0194216504383512E+03
   1.0236770000000000E+09   1.0364820350406711E+06   4.5979165970041059E-11   1.1104962131559733E-22   5.0197442809564627E+03
   1.0256770000000000E+09   1.0421541628589642E+06   4.5467949596044388E-11   1.0980903136559656E-22   5.0200136215543207E+03
   1.0276770000000000E+09   1.0478028876680920E+06   4.4963941651647832E-11   1.0858710548858830E-22   5.0202310469341555E+03
   1.0296770000000000E+09   1.0534279655667250E+06   4.4467046598243932E-11   1.0738354386627730E-22   5.0203979021357018E+03
   1.0316770000000000E+09   1.0590290369843689E+06   4.3977176672449976E-11   1.0619806858281838E-22   5.0205155004797962E+03
   1.0336770000000000E+09   1.0646056959897622E+06   4.3494247432467937E-11   1.0503041276251089E-22   5.0205851231191946E+03
   1.0356770000000000E+09   1.0701575492363221E+06   4.3018174274578355E-11   1.0388031202974248E-22   5.0206080198667460E+03
   1.0376770000000000E+09   1.0756842584222069E+06   4.2548870151174306E-11   1.0274749885911754E-22   5.0205854108450421E+03
   1.0396770000000000E+09   1.0811855650563755E+06   4.2086244435247572E-11   1.0163169969139300E-22   5.0205184885179324E+03
   1.0416770000000000E+09   1.0866612997734072E+06   4.1630202703354327E-11   1.0053263427123856E-22   5.0204084197666980E+03
   1.0436770000000000E+09   1.0921113801705244E+06   4.1180647145639718E-11   9.9450016507062298E-23   5.0202563478013999E+03
   1.0456770000000000E+09   1.0975358014489771E+06   4.0737477326885445E-11   9.8383556188119977E-23   5.0200633938075071E+03
   1.0476770000000000E+09   1.1029346235562472E+06   4.0300591080031163E-11   9.7332961031482167E-23   5.0198306583021049E+03
   1.0496770000000000E+09   1.1083079575445112E+06   3.9869885383464232E-11   9.6297938699211361E-23   5.0195592222180076E+03
   1.0516770000000000E+09   1.1136559528488459E+06   3.9445257136735119E-11   9.5278198578680548E-23   5.0192501477552951E+03
   1.0536770000000000E+09   1.1189787863554598E+06   3.9026603797430878E-11   9.4273453234959166E-23   5.0189044790441030E+03
   1.0556770000000000E+09   1.1242766535453054E+06   3.8613823873486131E-11   9.3283419520428981E-23   5.0185232426593484E+03
   1.0576770000000000E+09   1.1295497616430223E+06   3.8206817283046602E-11   9.2307819369965785E-23   5.0181074480228954E+03
   1.0596770000000000E+09   1.1347983245224978E+06   3.7805485602039583E-11   9.1346380329571333E-23   5.0176580877223796E+03
   1.0616770000000000E+09   1.1400225590585396E+06   3.7409732221542301E-11   9.0398835871146373E-23   5.0171761377701359E+03
   1.0636770000000000E+09   1.1452226826175232E+06   3.7019462435734518E-11   8.9464925543058382E-23   5.0166625578208968E+03
   1.0656770000000000E+09   1.1503989114140084E+06   3.6634583478474718E-11   8.8544394999627553E-23   5.0161182913627736E+03
   1.0676770000000000E+09   1.1555514595044439E+06   3.6255004523393554E-11   8.7636995945150080E-23   5.0155442658922875E+03
   1.0696770000000000E+09   1.1606805382324590E+06   3.5880636659372803E-11   8.6742486020844595E-23   5.0149413930814735E+03
   1.0716770000000000E+09   1.1657863559795206E+06   3.5511392850553542E-11   8.5860628656594649E-23   5.0143105689423892E+03
   1.0736770000000000E+09   1.1708691181090607E+06   3.5147187887653907E-11   8.4991192903702572E-23   5.0136526739924748E+03
   1.0756770000000000E+09   1.1759290270219778E+06   3.4787938335375250E-11   8.4133953260078174E-23   5.0129685734224795E+03
   1.0776770000000000E+09   1.1809662822668771E+06   3.4433562479036512E-11   8.3288689495353181E-23   5.0122591172676975E+03
   1.0796770000000000E+09   1.1859810806691560E+06   3.4083980272303712E-11   8.2455186480360676E-23   5.0115251405822946E+03
   1.0816770000000000E+09   1.1909736164584674E+06   3.3739113286976093E-11   8.1633234023235500E-23   5.0107674636165539E+03
   1.0836770000000000E+09   1.1959440813846285E+06   3.3398884665196784E-11   8.0822626712969294E-23   5.0099868919963355E+03
   1.0856770000000000E+09   1.2008926648179363E+06   3.3063219074134076E-11   8.0023163770471652E-23   5.0091842169045349E+03
   1.0876770000000000E+09   1.2058195538326462E+06   3.2732042663030396E-11   7.9234648906836554E-23   5.0083602152639778E+03
   1.0896770000000000E+09   1.2107249332733415E+06   3.2405283022472932E-11   7.8456890188406684E-23   5.0075156499214845E+03
   1.0916770000000000E+09   1.2156089858042828E+06   3.2082869145737549E-11   7.7689699908227425E-23   5.0066512698327142E+03
   1.0936770000000000E+09   1.2204718919423011E+06   3.1764731392063137E-11   7.6932894463497830E-23   5.0057678102473383E+03
   1.0956770000000000E+09   1.2253138300745967E+06   3.1450801451710378E-11   7.6186294238620121E-23   5.0048659928941343E+03
   1.0976770000000000E+09   1.2301349764636576E+06   3.1141012312656149E-11   7.5449723493444687E-23   5.0039465261655614E+03
   1.0996770000000000E+09   1.2349355052422921E+06   3.0835298228769103E-11   7.4723010256292310E-23   5.0030101053015496E+03
   1.1016770000000000E+09   1.2397155884021712E+06   3.0533594689315561E-11   7.4005986221348257E-23   5.0020574125721078E+03
   1.1036770000000000E+09   1.2444753957791692E+06   3.0235838389658147E-11   7.3298486650052046E-23   5.0010891174586031E+03
   1.1056770000000000E+09   1.2492150950382515E+06   2.9941967203030344E-11   7.2600350276157869E-23   5.0001058768336479E+03
   1.1076770000000000E+09   1.2539348516599482E+06   2.9651920153290092E-11   7.1911419214192757E-23   4.9991083351393627E+03
   1.1096770000000000E+09   1.2586348289294846E+06   2.9365637388579957E-11   7.1231538871095918E-23   4.9980971245640703E+03
   1.1116770000000000E+09   1.2633151879288745E+06   2.9083060155837512E-11   7.0560557860866209E-23   4.9970728652173020E+03
   1.1136770000000000E+09   1.2679760875315266E+06   2.8804130776114753E-11   6.9898327922080821E-23   4.9960361653031141E+03
   1.1156770000000000E+09   1.2726176843985114E+06   2.8528792620671009E-11   6.9244703838165416E-23   4.9949876212916133E+03
   1.1176770000000000E+09   1.2772401329752351E+06   2.8256990087813554E-11   6.8599543360319641E-23   4.9939278180886413E+03
   1.1196770000000000E+09   1.2818435854872148E+06   2.7988668580459401E-11   6.7962707133002305E-23   4.9928573292035653E+03
   1.1216770000000000E+09   1.2864281919336556E+06   2.7723774484395138E-11   6.7334058621889574E-23   4.9917767169150948E+03
   1.1236770000000000E+09   1.2909941000776757E+06   2.7462255147211160E-11   6.6713464044221254E-23   4.9906865324349819E+03
   1.1256770000000000E+09   1.2955414554322218E+06   2.7204058857888746E-11   6.6100792301453417E-23   4.9895873160696192E+03
   1.1276770000000000E+09   1.3000704012410662E+06   2.6949134827015124E-11   6.5495914914132156E-23   4.9884795973793534E+03
   1.1296770000000000E+09   1.3045810784545692E+06   2.6697433167603152E-11   6.4898705958905521E-23   4.9873638953354866E+03
   1.1316770000000000E+09   1.3090736257002894E+06   2.6448904876489353E-11   6.4309042007584600E-23   4.9862407184749154E+03
   1.1336770000000000E+09   1.3135481792489595E+06   2.6203501816280807E-11   6.3726802068160608E-23   4.9851105650522059E+03
   1.1356770000000000E+09   1.3180048729767231E+06   2.5961176697819976E-11   6.3151867527676859E-23   4.9839739231892481E+03
   1.1376770000000000E+09   1.3224438383250418E+06   2.5721883063130325E-11   6.2584122096845555E-23   4.9828312710222744E+03
   1.1396770000000000E+09   1.3268652042600603E+06   2.5485575268803477E-11   6.2023451756290215E-23   4.9816830768463687E+03
   1.1416770000000000E+09   1.3312690972336987E+06   2.5252208469782739E-11   6.1469744704284640E-23   4.9805297992573051E+03
   1.1436770000000000E+09   1.3356556411491304E+06   2.5021738603495384E-11   6.0922891305849161E-23   4.9793718872909585E+03
   1.1456770000000000E+09   1.3400249573336577E+06   2.4794122374282422E-11   6.0382784043061002E-23   4.9782097805601716E+03
   1.1476770000000000E+09   1.3443771645223291E+06   2.4569317238072741E-11   5.9849317466427754E-23   4.9770439093892810E+03
   1.1496770000000000E+09   1.3487123788558415E+06   2.4347281387248487E-11   5.9322388147175240E-23   4.9758746949463921E+03
   1.1516770000000000E+09   1.3530307138963891E+06   2.4127973735649916E-11   5.8801894630303686E-23   4.9747025493735646E+03
   1.1536770000000000E+09   1.3573322806651008E+06   2.3911353903672004E-11   5.8287737388276220E-23   4.9735278759151315E+03
   1.1556770000000000E+09   1.3616171877045443E+06   2.3697382203410692E-11   5.7779818775217633E-23   4.9723510690443945E+03
   1.1576770000000000E+09   1.3658855411694315E+06   2.3486019623824770E-11   5.7278042981521996E-23   4.9711725145889241E+03
   1.1596770000000000E+09   1.3701374449481096E+06   2.3277227815890872E-11   5.6782315988795391E-23   4.9699925898547544E+03
   1.1616770000000000E+09   1.3743730008167014E+06   2.3070969077741279E-11   5.6292545525089930E-23   4.9688116637498615E+03
   1.1636770000000000E+09   1.3785923086268194E+06   2.2867206339788978E-11   5.5808641020423327E-23   4.9676300969071599E+03
   1.1656770000000000E+09   1.3827954665266459E+06   2.2665903149860868E-11   5.5330513562617893E-23   4.9664482418073667E+03
   1.1676770000000000E+09   1.3869825712139003E+06   2.2467023658376768E-11   5.4858075853534555E-23   4.9652664429021224E+03
   1.1696770000000000E+09   1.3911537182177964E+06   2.2270532603628891E-11   5.4391242165821302E-23   4.9640850367375942E+03
   1.1716770000000000E+09   1.3953090022056256E+06   2.2076395297232660E-11   5.3929928300335101E-23   4.9629043520788882E+03
   1.1736770000000000E+09   1.3994485173081569E+06   2.1884577609833603E-11   5.3474051544432323E-23   4.9617247100354880E+03
   1.1756770000000000E+09   1.4035723574567095E+06   2.1695045957165515E-11   5.3023530631349787E-23   4.9605464241878781E+03
   1.1776770000000000E+09   1.4076806167235081E+06   2.1507767286564288E-11   5.2578285700922135E-23   4.9593698007154981E+03
   1.1796770000000000E+09   1.4117733896560878E+06   2.1322709064042294E-11   5.2138238261884434E-23   4.9581951385260718E+03
   1.1816770000000000E+09   1.4158507715959481E+06   2.1139839262025646E-11   5.1703311156005816E-23   4.9570227293861390E+03
   1.1836770000000000E+09   1.4199128589715168E+06   2.0959126347848816E-11   5.1273428524279785E-23   4.9558528580527745E+03
   1.1856770000000000E+09   1.4239597495557899E+06   2.0780539273086589E-11   5.0848515775364269E-23   4.9546858024062531E+03
   1.1876770000000000E+09   1.4279915426798910E+06   2.0604047463782549E-11   5.0428499556417223E-23   4.9535218335831296E+03
   1.1896770000000000E+09   1.4320083393949401E+06   2.0429620811612810E-11   5.0013307726419039E-23   4.9523612161096617E+03
   1.1916770000000000E+09   1.4360102425763858E+06   2.0257229665993387E-11   4.9602869332006566E-23   4.9512042080347401E+03
   1.1936770000000000E+09   1.4399973569668541E+06   2.0086844827114987E-11   4.9197114585777028E-23   4.9500510610621195E+03
   1.1956770000000000E+09   1.4439697891558488E+06   1.9918437539857734E-11   4.8795974846949530E-23   4.9489020206811265E+03
   1.1976770000000000E+09   1.4479276474968188E+06   1.9751979488515009E-11   4.8399382604208961E-23   4.9477573262955411E+03
   1.1996770000000000E+09   1.4518710419645063E+06   1.9587442792228914E-11   4.8007271460497354E-23   4.9466172113497760E+03
   1.2016770000000000E+09   1.4558000839574849E+06   1.9424800001024687E-11   4.7619576119471318E-23   4.9454819034523225E+03
   1.2036770000000000E+09   1.4597148860527987E+06   1.9264024092312910E-11   4.7236232373308303E-23   4.9443516244954226E+03
   1.2056770000000000E+09   1.4636155617210460E+06   1.9105088467724822E-11   4.6857177091523283E-23   4.9432265907711617E+03
   1.2076770000000000E+09   1.4675022250115634E+06   1.8947966950138744E-11   4.6482348210447825E-23   4.9421070130832368E+03
   1.2096770000000000E+09   1.4713749902180322E+06   1.8792633780761604E-11   4.6111684723029879E-23   4.9409930968544886E+03
   1.2116770000000000E+09   1.4752339715352922E+06   1.8639063616134880E-11   4.5745126668628375E-23   4.9398850422299474E+03
   1.2136770000000000E+09   1.4790792827180743E+06   1.8487231524946343E-11   4.5382615122504103E-23   4.9387830441753322E+03
   1.2156770000000000E+09   1.4829110367518943E+06   1.8337112984546110E-11   4.5024092184746898E-23   4.9376872925713224E+03
   1.2176770000000000E+09   1.4867293455456165E+06   1.8188683877080838E-11   4.4669500968421486E-23   4.9365979723033615E+03
   1.2196770000000000E+09   1.4905343196539441E+06   1.8041920485184097E-11   4.4318785586766173E-23   4.9355152633476100E+03
   1.2216770000000000E+09   1.4943260680366440E+06   1.7896799487181788E-11   4.3971891139334755E-23   4.9344393408531241E+03
   1.2236770000000000E+09   1.4981046978595376E+06   1.7753297951795598E-11   4.3628763697029147E-23   4.9333703752205984E+03
   1.2256770000000000E+09   1.5018703143403162E+06   1.7611393332352201E-11   4.3289350286029057E-23   4.9323085321782692E+03
   1.2276770000000000E+09   1.5056230206402394E+06   1.7471063460526982E-11   4.2953598870681023E-23   4.9312539728551665E+03
   1.2296770000000000E+09   1.5093629178007208E+06   1.7332286539672614E-11   4.2621458335459557E-23   4.9302068538522572E+03
   1.2316770000000000E+09   1.5130901047220139E+06   1.7195041137798900E-11   4.2292878466153534E-23   4.9291673273119904E+03
   1.2336770000000000E+09   1.5168046781797200E+06   1.7059306180280751E-11   4.1967809930461150E-23   4.9281355409863399E+03
   1.2356770000000000E+09   1.5205067328736563E+06   1.6925060942379861E-11   4.1646204258193481E-23   4.9271116383040398E+03
   1.2376770000000000E+09   1.5241963615031086E+06   1.6792285041663283E-11   4.1328013821288155E-23   4.9260957584369717E+03
   1.2396770000000000E+09   1.5278736548621999E+06   1.6660958430400818E-11   4.1013191813827967E-23   4.9250880363660872E+03
   1.2416770000000000E+09   1.5315387019494488E+06   1.6531061388012352E-11   4.0701692232236866E-23   4.9240886029468975E+03
   1.2436770000000000E+09   1.5351915900860382E+06   1.6402574513627745E-11   4.0393469855803365E-23   4.9230975849747201E+03
   1.2456770000000000E+09   1.5388324050381449E+06   1.6275478718807859E-11   4.0088480227650353E-23   4.9221151052495361E+03
   1.2476770000000000E+09   1.5424612311394000E+06   1.6149755220465736E-11   3.9786679636243820E-23   4.9211412826406795E+03
   1.2496770000000000E+09   1.5460781514104079E+06   1.6025385534014229E-11   3.9488025097505443E-23   4.9201762321511696E+03
   1.2516770000000000E+09   1.5496832476729136E+06   1.5902351466758912E-11   3.9192474337573857E-23   4.9192200649816978E+03
   1.2536770000000000E+09   1.5532766006568507E+06   1.5780635111546754E-11   3.8899985776238346E-23   4.9182728885943925E+03
   1.2556770000000000E+09   1.5568582900990425E+06   1.5660218840674265E-11   3.8610518511055775E-23   4.9173348067760026E+03
   1.2576770000000000E+09   1.5604283948327107E+06   1.5541085300055911E-11   3.8324032302149041E-23   4.9164059197008246E+03
   1.2596770000000000E+09   1.5639869928673829E+06   1.5423217403647439E-11   3.8040487557675621E-23   4.9154863239930155E+03
   1.2616770000000000E+09   1.5675341614590131E+06   1.5306598328117408E-11   3.7759845319947734E-23   4.9145761127884080E+03
   1.2636770000000000E+09   1.5710699771703612E+06   1.5191211507757862E-11   3.7482067252181750E-23   4.9136753757956867E+03
   1.2656770000000000E+09   1.5745945159217622E+06   1.5077040629624219E-11   3.7207115625851003E-23   4.9127841993569709E+03
   1.2676770000000000E+09   1.5781078530324653E+06   1.4964069628893916E-11   3.6934953308616277E-23   4.9119026665076635E+03
   1.2696770000000000E+09   1.5816100632526779E+06   1.4852282684434014E-11   3.6665543752808750E-23   4.9110308570355473E+03
   1.2716770000000000E+09   1.5851012207863878E+06   1.4741664214568722E-11   3.6398850984441251E-23   4.9101688475392530E+03
   1.2736770000000000E+09   1.5885813993050472E+06   1.4632198873036521E-11   3.6134839592723645E-23   4.9093167114857670E+03
   1.2756770000000000E+09   1.5920506719521009E+06   1.4523871545129086E-11   3.5873474720059656E-23   4.9084745192673181E+03
   1.2776770000000000E+09   1.5955091113384876E+06   1.4416667344001091E-11   3.5614722052499372E-23   4.9076423382573284E+03
   1.2796770000000000E+09   1.5989567895292414E+06   1.4310571607140789E-11   3.5358547810621304E-23   4.9068202328654461E+03
   1.2816770000000000E+09   1.6023937780213899E+06   1.4205569892991095E-11   3.5104918740816455E-23   4.9060082645918219E+03
   1.2836770000000000E+09   1.6058201477135113E+06   1.4101647977707985E-11   3.4853802106943476E-23   4.9052064920802404E+03
   1.2856770000000000E+09   1.6092359688672409E+06   1.3998791852045777E-11   3.4605165682325913E-23   4.9044149711704240E+03
   1.2876770000000000E+09   1.6126413110611257E+06   1.3896987718356595E-11   3.4358977742060768E-23   4.9036337549492491E+03
   1.2896770000000000E+09   1.6160362431371261E+06   1.3796221987693464E-11   3.4115207055610644E-23   4.9028628938009888E+03
   1.2916770000000000E+09   1.6194208331400040E+06   1.3696481277006729E-11   3.3873822879653475E-23   4.9021024354564743E+03
   1.2936770000000000E+09   1.6227951482496213E+06   1.3597752406425922E-11   3.3634794951169487E-23   4.9013524250411656E+03
   1.2956770000000000E+09   1.6261592547059394E+06   1.3500022396621559E-11   3.3398093480749693E-23   4.9006129051222706E+03
   1.2976770000000000E+09   1.6295132177262786E+06   1.3403278466243251E-11   3.3163689146117243E-23   4.8998839157547354E+03
   1.2996770000000000E+09   1.6328571014142388E+06   1.3307508029432894E-11   3.2931553085855575E-23   4.8991654945263836E+03
   1.3016770000000000E+09   1.6361909686599053E+06   1.3212698693410509E-11   3.2701656893336096E-23   4.8984576766022910E+03
   1.3036770000000000E+09   1.6395148810319288E+06   1.3118838256123609E-11   3.2473972610821025E-23   4.8977604947685031E+03
   1.3056770000000000E+09   1.6428288986639709E+06   1.3025914703939116E-11   3.2248472723687366E-23   4.8970739794753226E+03
   1.3076770000000000E+09   1.6461330801414372E+06   1.2933916209333389E-11   3.2025130154660344E-23   4.8963981588802844E+03
   1.3096770000000000E+09   1.6494274823994148E+06   1.2842831128503622E-11   3.1803918257864559E-23   4.8957330588909717E+03
   1.3116770000000000E+09   1.6527121606492058E+06   1.2752647998781288E-11   3.1584810812400443E-23   4.8950787032070430E+03
   1.3136770000000000E+09   1.6559871683577325E+06   1.2663355535688227E-11   3.1367782015050257E-23   4.8944351133614164E+03
   1.3156770000000000E+09   1.6592525573101167E+06   1.2574942629440691E-11   3.1152806471637611E-23   4.8938023087593629E+03
   1.3176770000000000E+09   1.6625083777879106E+06   1.2487398340703420E-11   3.0939859186554585E-23   4.8931803067144410E+03
   1.3196770000000000E+09   1.6657546788908124E+06   1.2400711895439814E-11   3.0728915550077684E-23   4.8925691224803686E+03
   1.3216770000000000E+09   1.6689915090152919E+06   1.2314872678812658E-11   3.0519951323360350E-23   4.8919687692781927E+03
   1.3236770000000000E+09   1.6722189164774362E+06   1.2229870228274800E-11   3.0312942621437824E-23   4.8913792583197992E+03
   1.3256770000000000E+09   1.6754369502312161E+06   1.2145694226230289E-11   3.0107865895167216E-23   4.8908005988305995E+03
   1.3276770000000000E+09   1.6786456605928023E+06   1.2062334492904154E-11   2.9904697913653661E-23   4.8902327980764094E+03
   1.3296770000000000E+09   1.6818450998472581E+06   1.1979780980257538E-11   2.9703415749197488E-23   4.8896758614013333E+03
   1.3316770000000000E+09   1.6850353225999142E+06   1.1898023767832258E-11   2.9503996766922628E-23   4.8891297922828671E+03
   1.3336770000000000E+09   1.6882163857544903E+06   1.1817053061225692E-11   2.9306418620810471E-23   4.8885945924079815E+03
   1.3356770000000000E+09   1.6913883480610058E+06   1.1736859193445932E-11   2.9110659256785931E-23   4.8880702617674206E+03
   1.3376770000000000E+09   1.6945512692729738E+06   1.1657432628738816E-11   2.8916696921915759E-23   4.8875567987574950E+03
   1.3396770000000000E+09   1.6977052090639106E+06   1.1578763967768269E-11   2.8724510177054998E-23   4.8870542002714037E+03
   1.3416770000000000E+09   1.7008502259418627E+06   1.1500843952512559E-11   2.8534077908998987E-23   4.8865624617592466E+03
   1.3436770000000000E+09   1.7039863764284572E+06   1.1423663469155197E-11   2.8345379337948496E-23   4.8860815772413971E+03
   1.3456770000000000E+09   1.7071137147095855E+06   1.1347213547742274E-11   2.8158394017227745E-23   4.8856115392744869E+03
   1.3476770000000000E+09   1.7102322928228308E+06   1.1271485358373181E-11   2.7973101824551263E-23   4.8851523388887117E+03
   1.3496770000000000E+09   1.7133421612645783E+06   1.1196470204876981E-11   2.7789482946989073E-23   4.8847039655318449E+03
   1.3516770000000000E+09   1.7164433697488124E+06   1.1122159517826021E-11   2.7607517864003887E-23   4.8842664070589972E+03
   1.3536770000000000E+09   1.7195359678013297E+06   1.1048544848915385E-11   2.7427187333477616E-23   4.8838396497913100E+03
   1.3556770000000000E+09   1.7226200049608005E+06   1.0975617868039488E-11   2.7248472384096594E-23   4.8834236786356369E+03
   1.3576770000000000E+09   1.7256955305509674E+06   1.0903370363093267E-11   2.7071354314410047E-23   4.8830184772242837E+03
   1.3596770000000000E+09   1.7287625931953676E+06   1.0831794241239559E-11   2.6895814695754971E-23   4.8826240280185584E+03
   1.3616770000000000E+09   1.7318212403588395E+06   1.0760881529793475E-11   2.6721835374671410E-23   4.8822403123352260E+03
   1.3636770000000000E+09   1.7348715181551848E+06   1.0690624375310440E-11   2.6549398471267705E-23   4.8818673102977727E+03
   1.3656770000000000E+09   1.7379134714843882E+06   1.0621015040661102E-11   2.6378486372721801E-23   4.8815050007595446E+03
   1.3676770000000000E+09   1.7409471443644678E+06   1.0552045901092192E-11   2.6209081724036695E-23   4.8811533612648018E+03
   1.3696770000000000E+09   1.7439725802280263E+06   1.0483709440737323E-11   2.6041167419478117E-23   4.8808123680883218E+03
   1.3716770000000000E+09   1.7469898220182091E+06   1.0415998250499186E-11   2.5874726597076221E-23   4.8804819963397576E+03
   1.3736770000000000E+09   1.7499989120870510E+06   1.0348905027125301E-11   2.5709742636082647E-23   4.8801622200726997E+03
   1.3756770000000000E+09   1.7529998920409356E+06   1.0282422572491887E-11   2.5546199155256736E-23   4.8798530123372684E+03
   1.3776770000000000E+09   1.7559928026886976E+06   1.0216543792176687E-11   2.5384080009760586E-23   4.8795543451614913E+03
   1.3796770000000000E+09   1.7589776841322815E+06   1.0151261693199032E-11   2.5223369286124986E-23   4.8792661895036354E+03
   1.3816770000000000E+09   1.7619545759050027E+06   1.0086569381593693E-11   2.5064051296635830E-23   4.8789885152338329E+03
   1.3836770000000000E+09   1.7649235170191894E+06   1.0022460060606030E-11   2.4906110575035648E-23   4.8787212911585302E+03
   1.3856770000000000E+09   1.7678845458380552E+06   9.9589270297935720E-12   2.4749531874605192E-23   4.8784644850195727E+03
   1.3876770000000000E+09   1.7708376997018848E+06   9.8959636849950397E-12   2.4594300169308888E-23   4.8782180633121325E+03
   1.3896770000000000E+09   1.7737830139844844E+06   9.8335635201160199E-12   2.4440400661702993E-23   4.8779819906462999E+03
   1.3916770000000000E+09   1.7767205193843818E+06   9.7717201353735937E-12   2.4287818811823021E-23   4.8777562280951006E+03
   1.3936770000000000E+09   1.7796502340348097E+06   9.7104272660862370E-12   2.4136540427726412E-23   4.8775407293420749E+03
   1.3956770000000000E+09   1.7825721417147771E+06   9.6496788692822997E-12   2.3986551920926207E-23   4.8773354323852645E+03
   1.3976770000000000E+09   1.7854861354983223E+06   9.5894693599846887E-12   2.3837840970141275E-23   4.8771402435305999E+03
   1.3996770000000000E+09   1.7883918819027888E+06   9.5297942050899306E-12   2.3690398120366526E-23   4.8769550112819115E+03
   1.4016770000000000E+09   1.7912885186275113E+06   9.4706512930464469E-12   2.3544220331430733E-23   4.8767794950305324E+03
   1.4036770000000000E+09   1.7941740443347103E+06   9.4120437893182469E-12   2.3399318116951793E-23   4.8766133543135802E+03
   1.4056770000000000E+09   1.7970442309944478E+06   9.3539853780230458E-12   2.3255728213781464E-23   4.8764562222870500E+03
   1.4076770000000000E+09   1.7998909970451239E+06   9.2965083261744036E-12   2.3113532419912462E-23   4.8763079615783317E+03
   1.4096770000000000E+09   1.8027006088968401E+06   9.2396726825585481E-12   2.2972878187709674E-23   4.8761691563275899E+03
   1.4116770000000000E+09   1.8054529636148156E+06   9.1835703020392704E-12   2.2833986255144373E-23   4.8760416429038723E+03
   1.4136770000000000E+09   1.8081242318637259E+06   9.1283117522833865E-12   2.2697118803729225E-23   4.8759283951791158E+03
   1.4156770000000000E+09   1.8106950079692197E+06   9.0739844695525983E-12   2.2562483505337418E-23   4.8758318078179927E+03
   1.4176770000000000E+09   1.8131628418413715E+06   9.0205880201076460E-12   2.2430087283334594E-23   4.8757504702528977E+03
   1.4196770000000000E+09   1.8155517056519529E+06   8.9679872171912176E-12   2.2299627407291218E-23   4.8756773710963053E+03
   1.4216770000000000E+09   1.8179078333773038E+06   8.9159410363532868E-12   2.2170543727354034E-23   4.8756040576148880E+03
   1.4236770000000000E+09   1.8202810806560719E+06   8.8642091368582752E-12   2.2042242094107981E-23   4.8755297666459774E+03
   1.4256770000000000E+09   1.8227101369773517E+06   8.8126276830816972E-12   2.1914273482157699E-23   4.8754637476853686E+03
   1.4276770000000000E+09   1.8252311858287135E+06   8.7610428369455858E-12   2.1786235948171080E-23   4.8754104889580358E+03
   1.4296770000000000E+09   1.8278998103192858E+06   8.7091550835759364E-12   2.1657513385516342E-23   4.8753412424522166E+03
   1.4316770000000000E+09   1.8307410066225689E+06   8.6567976287699478E-12   2.1527855408697408E-23   4.8752184848319093E+03
   1.4336770000000000E+09   1.8342390919614567E+06   8.5998623084909114E-12   2.1391649146493767E-23   4.8739920586846683E+03
   1.4356770000000000E+09   1.8345407845157867E+06   8.5627022984047434E-12   2.1293674309328225E-23   4.8752604761830962E+03
   6.5767700000000000E+08  -3.1484429839440795E+03   1.1725759369687725E-14   4.9924595005880365E-25   1.1307291749102994E+03
   6.5967700000000000E+08  -3.1274213898744238E+03   1.9749056622111544E-14   8.0932234192128266E-25   1.1747812226368151E+03
   6.6167700000000000E+08  -3.0447260798254888E+03   3.2263073256914656E-14   1.2872551895773127E-24   1.2066275965389423E+03
   6.6367700000000000E+08  -2.9001183692433879E+03   5.1661214926547129E-14   2.0227372076901085E-24   1.2295815076422548E+03
   6.6567700000000000E+08  -2.6671849161503005E+03   8.1758291349097477E-14   3.1567200016589477E-24   1.2468893497855361E+03
   6.6767700000000000E+08  -2.4188217949031100E+03   1.2871969044996464E-13   4.9161094390950587E-24   1.2605370505045598E+03
   6.6967700000000000E+08  -2.1641537084379743E+03   2.0248710124629276E-13   7.6675597988579248E-24   1.2713711797307769E+03
   6.7167700000000000E+08  -1.8516465020572984E+03   3.1781283809384622E-13   1.1962421195274905E-23   1.2790411518313954E+03
   6.7367700000000000E+08  -1.3906769142648252E+03   4.9230665337609812E-13   1.8474117394031875E-23   1.2829335928089363E+03
   6.7567700000000000E+08  -7.3180013123230458E+02   7.3909702608968379E-13   2.7723407833122053E-23   1.2834738122862002E+03
   6.7767700000000000E+08   9.2942438955484789E+01   1.0564599783235141E-12   3.9666673468668449E-23   1.2822108251518184E+03
   6.7967700000000000E+08   1.0028107120062307E+03   1.4221996365767820E-12   5.3448875459951688E-23   1.2810148430187483E+03
   6.8167700000000000E+08   1.9212465454824573E+03   1.7989253636452009E-12   6.7573912977759771E-23   1.2816405739594015E+03
   6.8367700000000000E+08   2.8008525083846803E+03   2.1480448857406561E-12   8.0396720638553911E-23   1.2862849512742209E+03
   6.8567700000000000E+08   3.6215996182801655E+03   2.4438543792742232E-12   9.0601252340236067E-23   1.2985937081934865E+03
   6.8767700000000000E+08   4.3628138687543642E+03   2.6799525885529961E-12   9.7451100528857170E-23   1.3239528955333562E+03
   6.8967700000000000E+08   4.9784911555321005E+03   2.8659730581340122E-12   1.0087551494580205E-22   1.3677871193776373E+03
   6.9167700000000000E+08   5.4316484316468759E+03   3.0177085335212722E-12   1.0143513019937494E-22   1.4322573870357066E+03
   6.9367700000000000E+08   5.7434963380452937E+03   3.1455121265286443E-12   9.9950293500388951E-23   1.5150935904447235E+03
   6.9567700000000000E+08   6.0067273270278292E+03   3.2526574582738124E-12   9.7232868298709019E-23   1.6104876660253337E+03
   6.9767700000000000E+08   6.3603638506861025E+03   3.3387891131319559E-12   9.3909641554904220E-23   1.7116342835642333E+03
   6.9967700000000000E+08   6.9465271136833771E+03   3.4035063446967187E-12   9.0384697959189760E-23   1.8128581540929135E+03
   7.0167700000000000E+08   7.8773469481935053E+03   3.4478803007653244E-12   8.6888381017783319E-23   1.9103926820707375E+03
   7.0367700000000000E+08   9.2198430386034579E+03   3.4742747411751568E-12   8.3539065528317049E-23   2.0021965876279014E+03
   7.0567700000000000E+08   1.0994129607806246E+04   3.4855681559681980E-12   8.0388175282830346E-23   2.0874379719053063E+03
   7.0767700000000000E+08   1.3179538415121660E+04   3.4844807533696205E-12   7.7448050303241043E-23   2.1660064806719911E+03
   7.0967700000000000E+08   1.5724938064575861E+04   3.4732212243818020E-12   7.4708928865083434E-23   2.2381650376985185E+03
   7.1167700000000000E+08   1.8560405507196341E+04   3.4534107949689764E-12   7.2149705636766194E-23   2.3043362376666332E+03
   7.1367700000000000E+08   2.1608366136119930E+04   3.4261710122871047E-12   6.9744905530616646E-23   2.3649867768622889E+03
   7.1567700000000000E+08   2.4790295494316164E+04   3.3922539216874499E-12   6.7468764028052468E-23   2.4205706873850331E+03
   7.1767700000000000E+08   2.8031404598973993E+04   3.3521606956594733E-12   6.5297360183920073E-23   2.4715043339418276E+03
   7.1967700000000000E+08   3.1266275605749917E+04   3.3062685216704887E-12   6.3210180905923832E-23   2.5181596454056366E+03
   7.2167700000000000E+08   3.4441256886482188E+04   3.2549373416168629E-12   6.1190983376392539E-23   2.5608690473215738E+03
   7.2367700000000000E+08   3.7514744690530773E+04   3.1985662752120576E-12   5.9227757728145371E-23   2.5999334615442117E+03
   7.2567700000000000E+08   4.0456973011212227E+04   3.1376199750709361E-12   5.7312341772090159E-23   2.6356294889292535E+03
   7.2767700000000000E+08   4.3249167577755652E+04   3.0726353557560214E-12   5.5439877531198653E-23   2.6682156809145526E+03
   7.2967700000000000E+08   4.5882314580304876E+04   3.0042138380540252E-12   5.3608186222479373E-23   2.6979375924589344E+03
   7.3167700000000000E+08   4.8355668648723193E+04   2.9330037622684244E-12   5.1817119468647640E-23   2.7250314831907717E+03
   7.3367700000000000E+08   5.0675105533243091E+04   2.8596769454541296E-12   5.0067929147040885E-23   2.7497266070154515E+03
   7.3567700000000000E+08   5.2851430893681478E+04   2.7849030354114559E-12   4.8362691538536097E-23   2.7722461349802143E+03
   7.3767700000000000E+08   5.4898757913485482E+04   2.7093249617297018E-12   4.6703815526051685E-23   2.7928068879195266E+03
   7.3967700000000000E+08   5.6833054279292708E+04   2.6335381137302723E-12   4.5093654883298498E-23   2.8116181760029790E+03
   7.4167700000000000E+08   5.8670934742301884E+04   2.5580749439234511E-12   4.3534232449193882E-23   2.8288801149561973E+03
   7.4367700000000000E+08   6.0428734912400316E+04   2.4833956698425548E-12   4.2027071651034739E-23   2.8447817944143308E+03
   7.4567700000000000E+08   6.2121866105770670E+04   2.4098847952288785E-12   4.0573120404275586E-23   2.8594996166964229E+03
   7.4767700000000000E+08   6.3764421088426745E+04   2.3378525066619519E-12   3.9172746471687590E-23   2.8731960285699884E+03
   7.4967700000000000E+08   6.5368983178754046E+04   2.2675396602532349E-12   3.7825781776422821E-23   2.8860187609494801E+03
   7.5167700000000000E+08   6.6946585406508966E+04   2.1991250283494103E-12   3.6531595148502726E-23   2.8981005954608700E+03
   7.5367700000000000E+08   6.8506769669437825E+04   2.1327336370079047E-12   3.5289177059087445E-23   2.9095596060699741E+03
   7.5567700000000000E+08   7.0057704304653802E+04   2.0684452905163600E-12   3.4097224662833602E-23   2.9204997825153232E+03
   7.5767700000000000E+08   7.1606328882028276E+04   2.0063026659585043E-12   3.2954219904013320E-23   2.9310119268909998E+03
   7.5967700000000000E+08   7.3158504992395101E+04   1.9463186154516996E-12   3.1858496999814850E-23   2.9411747184689516E+03
   7.6167700000000000E+08   7.4719160082374176E+04   1.8884825114768449E-12   3.0808298137697824E-23   2.9510558570615058E+03
   7.6367700000000000E+08   7.6292417562417832E+04   1.8327656077700374E-12   2.9801817804406379E-23   2.9607132153518846E+03
   7.6567700000000000E+08   7.7881710599790938E+04   1.7791254724497266E-12   2.8837237008046504E-23   2.9701959510163592E+03
   7.6767700000000000E+08   7.9489879574341903E+04   1.7275095939720858E-12   2.7912748987763621E-23   2.9795455473985407E+03
   7.6967700000000000E+08   8.1119254558140557E+04   1.6778582768276064E-12   2.7026578023753328E-23   2.9887967657843888E+03
   7.7167700000000000E+08   8.2771724775290117E+04   1.6301069431931490E-12   2.6176992810179742E-23   2.9979785028077958E+03
   7.7367700000000000E+08   8.4448797115609777E+04   1.5841879468423921E-12   2.5362315633062317E-23   3.0071145536161712E+03
   7.7567700000000000E+08   8.6151645635335488E+04   1.5400319917141031E-12   2.4580928363042308E-23   3.0162242858115469E+03
   7.7767700000000000E+08   8.7881153722333795E+04   1.4975692328169063E-12   2.3831276059905039E-23   3.0253232315566802E+03
   7.7967700000000000E+08   8.9637950317536830E+04   1.4567301233360142E-12   2.3111868804649827E-23   3.0344236062177529E+03
   7.8167700000000000E+08   9.1422441313618605E+04   1.4174460596849228E-12   2.2421282228235461E-23   3.0435347620013404E+03
   7.8367700000000000E+08   9.3234837016643083E+04   1.3796498660369532E-12   2.1758157091112759E-23   3.0526635846004801E+03
   7.8567700000000000E+08   9.5075176362314305E+04   1.3432761515004956E-12   2.1121198179391600E-23   3.0618148401482836E+03
   7.8767700000000000E+08   9.6943348423715943E+04   1.3082615663535956E-12   2.0509172716713525E-23   3.0709914789547656E+03
   7.8967700000000000E+08   9.8839111626991260E+04   1.2745449783699292E-12   1.9920908440805314E-23   3.0801949016754074E+03
   7.9167700000000000E+08   1.0076211099916209E+05   1.2420675859983235E-12   1.9355291456263918E-23   3.0894251927857449E+03
   7.9367700000000000E+08   1.0271189370244223E+05   1.2107729817790523E-12   1.8811263947179051E-23   3.0986813255421962E+03
   7.9567700000000000E+08   1.0468792305690037E+05   1.1806071767059806E-12   1.8287821812294283E-23   3.1079613420044016E+03
   7.9767700000000000E+08   1.0668959121405282E+05   1.1515185941232343E-12   1.7784012269703653E-23   3.1172625111772900E+03
   7.9967700000000000E+08   1.0871623061464052E+05   1.1234580400584676E-12   1.7298931466223244E-23   3.1265814678939623E+03
   8.0167700000000000E+08   1.1076712434192044E+05   1.0963786555482421E-12   1.6831722117569259E-23   3.1359143346941501E+03
   8.0367700000000000E+08   1.1284151546536366E+05   1.0702358554313225E-12   1.6381571198587784E-23   3.1452568286468022E+03
   8.0567700000000000E+08   1.1493861545722747E+05   1.0449872572163960E-12   1.5947707697486509E-23   3.1546043548097655E+03
   8.0767700000000000E+08   1.1705761175496610E+05   1.0205926029276966E-12   1.5529400443923209E-23   3.1639520878056505E+03
   8.0967700000000000E+08   1.1919767453505077E+05   9.9701367626154506E-13   1.5125956017627453E-23   3.1732950428133631E+03
   8.1167700000000000E+08   1.2135796275789266E+05   9.7421421692193282E-13   1.4736716741753217E-23   3.1826281371229970E+03
   8.1367700000000000E+08   1.2353762953874163E+05   9.5215983362387745E-13   1.4361058763231053E-23   3.1919462432727519E+03
   8.1567700000000000E+08   1.2573582689541312E+05   9.3081791694238708E-13   1.3998390220880817E-23   3.2012442346759167E+03
   8.1767700000000000E+08   1.2795170992020315E+05   9.1015755293047032E-13   1.3648149500882617E-23   3.2105170245502591E+03
   8.1967700000000000E+08   1.3018444042027270E+05   8.9014943822115082E-13   1.3309803578309153E-23   3.2197595988789576E+03
   8.2167700000000000E+08   1.3243319006808012E+05   8.7076579715769920E-13   1.2982846442743957E-23   3.2289670440591517E+03
   8.2367700000000000E+08   1.3469714310093637E+05   8.5198030135768484E-13   1.2666797605520973E-23   3.2381345698295099E+03
   8.2567700000000000E+08   1.3697549860665144E+05   8.3376799200323471E-13   1.2361200685764379E-23   3.2472575280110914E+03
   8.2767700000000000E+08   1.3926747243018859E+05   8.1610520505968841E-13   1.2065622072190595E-23   3.2563314275443395E+03
   8.2967700000000000E+08   1.4157229873461658E+05   7.9896949955222750E-13   1.1779649657503570E-23   3.2653519462593895E+03
   8.3167700000000000E+08   1.4388923124808021E+05   7.8233958897339854E-13   1.1502891642175765E-23   3.2743149397754055E+03
   8.3367700000000000E+08   1.4621754422723837E+05   7.6619527585015164E-13   1.1234975404426365E-23   3.2832164478875984E+03
   8.3567700000000000E+08   1.4855653316639809E+05   7.5051738946542498E-13   1.0975546433282025E-23   3.2920526987667558E+03
   8.3767700000000000E+08   1.5090551528050020E+05   7.3528772670390976E-13   1.0724267321710749E-23   3.3008201112655074E+03
   8.3967700000000000E+08   1.5326382978905205E+05   7.2048899597278164E-13   1.0480816816946283E-23   3.3095152955976769E+03
   8.4167700000000000E+08   1.5563083802694394E+05   7.0610476413450719E-13   1.0244888925260655E-23   3.3181350526312244E+03
   8.4367700000000000E+08   1.5800592340694982E+05   6.9211940637822152E-13   1.0016192068573151E-23   3.3266763720118906E+03
   8.4567700000000000E+08   1.6038849125725444E+05   6.7851805894862799E-13   9.7944482904166193E-24   3.3351364293124584E+03
   8.4767700000000000E+08   1.6277796855589998E+05   6.6528657464455329E-13   9.5793925088866271E-24   3.3435125823822555E+03
   8.4967700000000000E+08   1.6517380358223352E+05   6.5241148099385330E-13   9.3707718142935132E-24   3.3518023670522944E+03
   8.5167700000000000E+08   1.6757546550352051E+05   6.3987994100598762E-13   9.1683448093068937E-24   3.3600034923334242E+03
   8.5367700000000000E+08   1.6998244391278669E+05   6.2767971639845360E-13   8.9718809894339168E-24   3.3681138352279268E+03
   8.5567700000000000E+08   1.7239424833182321E+05   6.1579913318793278E-13   8.7811601617028411E-24   3.3761314352592735E+03
   8.5767700000000000E+08   1.7481040769091868E+05   6.0422704953256374E-13   8.5959718994530262E-24   3.3840544888096906E+03
   8.5967700000000000E+08   1.7723046979483054E+05   5.9295282570687958E-13   8.4161150311414417E-24   3.3918813433416371E+03
   8.6167700000000000E+08   1.7965400078232281E+05   5.8196629608754857E-13   8.2413971610961170E-24   3.3996104915666074E+03
   8.6367700000000000E+08   1.8208058458471374E+05   5.7125774302532601E-13   8.0716342201668175E-24   3.4072405656132146E+03
   8.6567700000000000E+08   1.8450982238715485E+05   5.6081787247751405E-13   7.9066500442579307E-24   3.4147703312363005E+03
   8.6767700000000000E+08   1.8694133209512359E+05   5.5063779127495101E-13   7.7462759787673497E-24   3.4221986820998691E+03
   8.6967700000000000E+08   1.8937474780723409E+05   5.4070898590026606E-13   7.5903505070298302E-24   3.4295246341588631E+03
   8.7167700000000000E+08   1.9180971929495927E+05   5.3102330265688553E-13   7.4387189009319047E-24   3.4367473201583780E+03
   8.7367700000000000E+08   1.9424591148911466E+05   5.2157292911404169E-13   7.2912328919713009E-24   3.4438659842635020E+03
   8.7567700000000000E+08   1.9668300397278054E+05   5.1235037671932454E-13   7.1477503611417988E-24   3.4508799768287486E+03
   8.7767700000000000E+08   1.9912069048029179E+05   5.0334846447795706E-13   7.0081350461468267E-24   3.4577887493128101E+03
   8.7967700000000000E+08   2.0155867840184568E+05   4.9456030360688747E-13   6.8722562645816471E-24   3.4645918493418326E+03
   8.8167700000000000E+08   2.0399668829374478E+05   4.8597928308013671E-13   6.7399886518487229E-24   3.4712889159228212E+03
   8.8367700000000000E+08   2.0643445339432920E+05   4.7759905599148098E-13   6.6112119127112303E-24   3.4778796748075615E+03
   8.8567700000000000E+08   2.0887171914626285E+05   4.6941352666884873E-13   6.4858105855088038E-24   3.4843639340068185E+03
   8.8767700000000000E+08   2.1130824272637334E+05   4.6141683848322821E-13   6.3636738181785550E-24   3.4907415794542862E+03
   8.8967700000000000E+08   2.1374379258598061E+05   4.5360336230095772E-13   6.2446951553091376E-24   3.4970125708199935E+03
   8.9167700000000000E+08   2.1617814800802490E+05   4.4596768553265971E-13   6.1287723355158068E-24   3.5031769374737578E+03
   8.9367700000000000E+08   2.1861109869585960E+05   4.3850460173104646E-13   6.0158070984073609E-24   3.5092347746018463E+03
   8.9567700000000000E+08   2.2104244442784271E+05   4.3120910067952703E-13   5.9057050002679153E-24   3.5151862394860541E+03
   8.9767700000000000E+08   2.2347199485234532E+05   4.2407635888681068E-13   5.7983752371956316E-24   3.5210315479680089E+03
   8.9967700000000000E+08   2.2589956957549078E+05   4.1710173034863213E-13   5.6937304736719089E-24   3.5267709711499751E+03
   9.0167700000000000E+08   2.2832499882397920E+05   4.1028073734859911E-13   5.5916866732649215E-24   3.5324048324377236E+03
   9.0367700000000000E+08   2.3074812513983238E+05   4.0360906095825666E-13   5.4921629265610723E-24   3.5379335051239250E+03
   9.0567700000000000E+08   2.3316880670050564E+05   3.9708253083124280E-13   5.3950812704189883E-24   3.5433574108448584E+03
   9.0767700000000000E+08   2.3558692271890256E+05   3.9069711404650835E-13   5.3003664947223745E-24   3.5486770193863499E+03
   9.0967700000000000E+08   2.3800238050923913E+05   3.8444890346075759E-13   5.2079459424188389E-24   3.5538928503546585E+03
   9.1167700000000000E+08   2.4041512166671103E+05   3.7833410761746108E-13   5.1177493305280784E-24   3.5590054769324174E+03
   9.1367700000000000E+08   2.4282512134803005E+05   3.7234904666066019E-13   5.0297086532752460E-24   3.5640155309850388E+03
   9.1567700000000000E+08   2.4523237143350311E+05   3.6649016065165263E-13   4.9437582564897952E-24   3.5689237069693063E+03
   9.1767700000000000E+08   2.4763683964638103E+05   3.6075403511427880E-13   4.8598351529239804E-24   3.5737307598259549E+03
   9.1967700000000000E+08   2.5003840821226413E+05   3.5513743968433588E-13   4.7778795278276019E-24   3.5784374908741042E+03
   9.2167700000000000E+08   2.5243681866341006E+05   3.4963735905897965E-13   4.6978351563526169E-24   3.5830447183024330E+03
   9.2367700000000000E+08   2.5483167080246384E+05   3.4425098083748515E-13   4.6196492502664583E-24   3.5875532371053318E+03
   9.2567700000000000E+08   2.5722251577433787E+05   3.3897561223915172E-13   4.5432713415801465E-24   3.5919637849129581E+03
   9.2767700000000000E+08   2.5960902217840980E+05   3.3380854439907994E-13   4.4686514346771749E-24   3.5962770362529222E+03
   9.2967700000000000E+08   2.6199110942418946E+05   3.2874694441500994E-13   4.3957384941521186E-24   3.6004936371242206E+03
   9.3167700000000000E+08   2.6436893159629166E+05   3.2378787088336616E-13   4.3244805677383368E-24   3.6046142641805245E+03
   9.3367700000000000E+08   2.6674269248126663E+05   3.1892844956287387E-13   4.2548270689200138E-24   3.6086396691353207E+03
   9.3567700000000000E+08   2.6911242100284901E+05   3.1416607620171260E-13   4.1867314678869018E-24   3.6125706743262522E+03
   9.3767700000000000E+08   2.7147792593362468E+05   3.0949839724413458E-13   4.1201510579343338E-24   3.6164081246057922E+03
   9.3967700000000000E+08   2.7383900484439463E+05   3.0492309753900000E-13   4.0550441471364971E-24   3.6201528443434936E+03
   9.4167700000000000E+08   2.7619566286643257E+05   3.0043791729101475E-13   3.9913702559345659E-24   3.6238056430908641E+03
   9.4367700000000000E+08   2.7854805821094615E+05   2.9604103177684615E-13   3.9290950960651630E-24   3.6273673521190094E+03
   9.4567700000000000E+08   2.8089623847868975E+05   2.9173124681401464E-13   3.8681931098121536E-24   3.6308388351454400E+03
   9.4767700000000000E+08   2.8323996136651339E+05   2.8750752742594503E-13   3.8086412141142235E-24   3.6342209524468822E+03
   9.4967700000000000E+08   2.8557872519525391E+05   2.8336815650665281E-13   3.7504076942608996E-24   3.6375145124842320E+03
   9.5167700000000000E+08   2.8791188406608108E+05   2.7931020676885890E-13   3.6934452697675316E-24   3.6407202488423923E+03
   9.5367700000000000E+08   2.9023877909608051E+05   2.7532975360283681E-13   3.6376939532468080E-24   3.6438388240102749E+03
   9.5567700000000000E+08   2.9255983979187923E+05   2.7142302440082992E-13   3.5830962422700398E-24   3.6468708438333974E+03
   9.5767700000000000E+08   2.9487637745060568E+05   2.6758797273040756E-13   3.5296176575182648E-24   3.6498170595462257E+03
   9.5967700000000000E+08   2.9718879671786178E+05   2.6382386181911887E-13   3.4772410474938980E-24   3.6526784837112050E+03
   9.6167700000000000E+08   2.9949685837606114E+05   2.6012974103296359E-13   3.4259466622855618E-24   3.6554561804757277E+03
   9.6367700000000000E+08   3.0180042102284217E+05   2.5650427903781603E-13   3.3757100581795929E-24   3.6581511635485126E+03
   9.6567700000000000E+08   3.0409940168080671E+05   2.5294600525650637E-13   3.3265052523710305E-24   3.6607644253205058E+03
   9.6767700000000000E+08   3.0639375097560073E+05   2.4945341340044609E-13   3.2783060713834172E-24   3.6632969454998843E+03
   9.6967700000000000E+08   3.0868343489387468E+05   2.4602500493660143E-13   3.2310867078092286E-24   3.6657496972659114E+03
   9.7167700000000000E+08   3.1096842171494872E+05   2.4265931036111476E-13   3.1848219874934103E-24   3.6681236496324068E+03
   9.7367700000000000E+08   3.1324867101886933E+05   2.3935490273025611E-13   3.1394875367615701E-24   3.6704197673001872E+03
   9.7567700000000000E+08   3.1552412499977514E+05   2.3611040649119815E-13   3.0950598893903260E-24   3.6726390085864541E+03
   9.7767700000000000E+08   3.1779470409944083E+05   2.3292450088376454E-13   3.0515165233967558E-24   3.6747823220663709E+03
   9.7967700000000000E+08   3.2006030929625587E+05   2.2979591673707093E-13   3.0088358117190151E-24   3.6768506428412961E+03
   9.8167700000000000E+08   3.2232083132107632E+05   2.2672342726643191E-13   2.9669968940810892E-24   3.6788448896095451E+03
   9.8367700000000000E+08   3.2457616383703263E+05   2.2370583593827307E-13   2.9259795096717826E-24   3.6807659635859050E+03
   9.8567700000000000E+08   3.2682621595795039E+05   2.2074196550923849E-13   2.8857638442202529E-24   3.6826147496873614E+03
   9.8767700000000000E+08   3.2907092035056918E+05   2.1783065131111006E-13   2.8463304319387247E-24   3.6843921196141359E+03
   9.8967700000000000E+08   3.3131023536149005E+05   2.1497073976209902E-13   2.8076601257129228E-24   3.6860989359236141E+03
   9.9167700000000000E+08   3.3354414182786446E+05   2.1216109108268990E-13   2.7697341227700911E-24   3.6877360560734874E+03
   9.9367700000000000E+08   3.3577263683984475E+05   2.0940058384635377E-13   2.7325340152923248E-24   3.6893043356355270E+03
   9.9567700000000000E+08   3.3799572705946636E+05   2.0668811878394568E-13   2.6960418324385868E-24   3.6908046303085803E+03
   9.9767700000000000E+08   3.4021342230716767E+05   2.0402262103100019E-13   2.6602400631626364E-24   3.6922377967111320E+03
   9.9967700000000000E+08   3.4242570944779663E+05   2.0140305591985124E-13   2.6251118556033764E-24   3.6936046934124611E+03
   1.0016770000000000E+09   3.4463255610854330E+05   1.9882842610517772E-13   2.5906409564187036E-24   3.6949062057522706E+03
   1.0036770000000000E+09   3.4683921247615013E+05   1.9629394296340386E-13   2.5567618922361290E-24   3.6961431678561121E+03
   1.0056770000000000E+09   3.4905394422178430E+05   1.9379288220801366E-13   2.5233836493483567E-24   3.6973171739582090E+03
   1.0076770000000000E+09   3.5127784494356532E+05   1.9132389128065674E-13   2.4904845602952412E-24   3.6984310152793596E+03
   1.0096770000000000E+09   3.5350390808706218E+05   1.8889162101947549E-13   2.4581212683396425E-24   3.6994874641436463E+03
   1.0116770000000000E+09   3.5572652617847698E+05   1.8650221818429589E-13   2.4263704944855946E-24   3.7004884771347602E+03
   1.0136770000000000E+09   3.5793271199947729E+05   1.8415844975169881E-13   2.3952669821273210E-24   3.7014330063776351E+03
   1.0156770000000000E+09   3.6011364475824457E+05   1.8186656143333931E-13   2.3648878211487448E-24   3.7023245068003562E+03
   1.0176770000000000E+09   3.6228497970486945E+05   1.7961516352515201E-13   2.3350850482751676E-24   3.7031599072693957E+03
   1.0196770000000000E+09   3.6444979664208245E+05   1.7740159815066083E-13   2.3058219308180196E-24   3.7039399179173697E+03
   1.0216770000000000E+09   3.6660875662498409E+05   1.7522476987929282E-13   2.2770822324117209E-24   3.7046651042245753E+03
   1.0236770000000000E+09   3.6876200583935855E+05   1.7308389579219050E-13   2.2488537746997193E-24   3.7053361631170710E+03
   1.0256770000000000E+09   3.7090956660283898E+05   1.7097826405586234E-13   2.2211253626077390E-24   3.7059538175074285E+03
   1.0276770000000000E+09   3.7305143589062296E+05   1.6890717436521418E-13   2.1938860223856123E-24   3.7065187924373454E+03
   1.0296770000000000E+09   3.7518761619203520E+05   1.6686992005738375E-13   2.1671247692712824E-24   3.7070318106430827E+03
   1.0316770000000000E+09   3.7731812605734734E+05   1.6486578603004040E-13   2.1408305776300337E-24   3.7074935930060137E+03
   1.0336770000000000E+09   3.7944300646893040E+05   1.6289405136974174E-13   2.1149924115788938E-24   3.7079048603235478E+03
   1.0356770000000000E+09   3.8156233319056738E+05   1.6095398862770945E-13   2.0895992118651366E-24   3.7082663356364042E+03
   1.0376770000000000E+09   3.8367623898815265E+05   1.5904485648396882E-13   2.0646397964099333E-24   3.7085787477189874E+03
   1.0396770000000000E+09   3.8578493737700424E+05   1.5716589051214112E-13   2.0401027351774608E-24   3.7088428368158011E+03
   1.0416770000000000E+09   3.8788872875328129E+05   1.5531630297365990E-13   2.0159763412663848E-24   3.7090593626877335E+03
   1.0436770000000000E+09   3.8998797161874612E+05   1.5349530090087377E-13   1.9922488995762217E-24   3.7092291128264173E+03
   1.0456770000000000E+09   3.9208301811163971E+05   1.5170212192428365E-13   1.9689091279993627E-24   3.7093529069067008E+03
   1.0476770000000000E+09   3.9417413353218901E+05   1.4993607613164432E-13   1.9459467208986075E-24   3.7094315938169807E+03
   1.0496770000000000E+09   3.9626142985629145E+05   1.4819657758786982E-13   1.9233527627742712E-24   3.7094660401366023E+03
   1.0516770000000000E+09   3.9834483727403724E+05   1.4648315361928515E-13   1.9011198563495823E-24   3.7094571123084502E+03
   1.0536770000000000E+09   4.0042412075078278E+05   1.4479542989419803E-13   1.8792419370320561E-24   3.7094056571040733E+03
   1.0556770000000000E+09   4.0249893118146999E+05   1.4313309854744986E-13   1.8577138653099636E-24   3.7093124852501605E+03
   1.0576770000000000E+09   4.0456887118717819E+05   1.4149588087558182E-13   1.8365309451145880E-24   3.7091783615109971E+03
   1.0596770000000000E+09   4.0663355596268154E+05   1.3988349496841546E-13   1.8156885023988357E-24   3.7090040021561290E+03
   1.0616770000000000E+09   4.0869265658957232E+05   1.3829563424005602E-13   1.7951816020951600E-24   3.7087900786861587E+03
   1.0636770000000000E+09   4.1074592194402713E+05   1.3673195798077255E-13   1.7750049193021648E-24   3.7085372255608240E+03
   1.0656770000000000E+09   4.1279318203904101E+05   1.3519209165130773E-13   1.7551527364244804E-24   3.7082460495192363E+03
   1.0676770000000000E+09   4.1483433892981039E+05   1.3367563322750253E-13   1.7356190193148293E-24   3.7079171385869081E+03
   1.0696770000000000E+09   4.1686935160346993E+05   1.3218216206604131E-13   1.7163975271484825E-24   3.7075510696231322E+03
   1.0716770000000000E+09   4.1889821981820627E+05   1.3071124774434200E-13   1.6974819231308234E-24   3.7071484139659378E+03
   1.0736770000000000E+09   4.2092096987238323E+05   1.2926245746915840E-13   1.6788658677043813E-24   3.7067097412272915E+03
   1.0756770000000000E+09   4.2293764355467877E+05   1.2783536156744096E-13   1.6605430877279455E-24   3.7062356215557688E+03
   1.0776770000000000E+09   4.2494829036571964E+05   1.2642953714666646E-13   1.6425074225203387E-24   3.7057266267672426E+03
   1.0796770000000000E+09   4.2695296250153176E+05   1.2504457027867913E-13   1.6247528511533346E-24   3.7051833307170587E+03
   1.0816770000000000E+09   4.2895171189627756E+05   1.2368005712066151E-13   1.6072735062012198E-24   3.7046063092107120E+03
   1.0836770000000000E+09   4.3094458866228367E+05   1.2233560433723574E-13   1.5900636785607585E-24   3.7039961396644871E+03
   1.0856770000000000E+09   4.3293164040282881E+05   1.2101082909971000E-13   1.5731178168544774E-24   3.7033534006535265E+03
   1.0876770000000000E+09   4.3491291202719527E+05   1.1970535885097957E-13   1.5564305238239864E-24   3.7026786714293844E+03
   1.0896770000000000E+09   4.3688844582797028E+05   1.1841883095476296E-13   1.5399965512330169E-24   3.7019725314515722E+03
   1.0916770000000000E+09   4.3885828167689848E+05   1.1715089229854897E-13   1.5238107941714945E-24   3.7012355599541397E+03
   1.0936770000000000E+09   4.4082245725973061E+05   1.1590119888802695E-13   1.5078682852480627E-24   3.7004683355550164E+03
   1.0956770000000000E+09   4.4278100831000443E+05   1.1466941545200747E-13   1.4921641889181297E-24   3.6996714359085736E+03
   1.0976770000000000E+09   4.4473396882424515E+05   1.1345521506649014E-13   1.4766937960614212E-24   3.6988454373987270E+03
   1.0996770000000000E+09   4.4668137125303416E+05   1.1225827880118967E-13   1.4614525188540602E-24   3.6979909148685574E+03
   1.1016770000000000E+09   4.4862324666782032E+05   1.1107829538935858E-13   1.4464358859480144E-24   3.6971084413823123E+03
   1.1036770000000000E+09   4.5055962490572117E+05   1.0991496092053447E-13   1.4316395379547980E-24   3.6961985880158886E+03
   1.1056770000000000E+09   4.5249053469492123E+05   1.0876797855538363E-13   1.4170592232241469E-24   3.6952619236723126E+03
   1.1076770000000000E+09   4.5441600376306532E+05   1.0763705826154976E-13   1.4026907939046738E-24   3.6942990149192060E+03
   1.1096770000000000E+09   4.5633605893069628E+05   1.0652191656921645E-13   1.3885302022707267E-24   3.6933104258455405E+03
   1.1116770000000000E+09   4.5825072619108844E+05   1.0542227634506359E-13   1.3745734972990876E-24   3.6922967179353518E+03
   1.1136770000000000E+09   4.6016003077764664E+05   1.0433786658315224E-13   1.3608168214771251E-24   3.6912584499562913E+03
   1.1156770000000000E+09   4.6206399721948133E+05   1.0326842221133757E-13   1.3472564078246972E-24   3.6901961778611685E+03
   1.1176770000000000E+09   4.6396264938574727E+05   1.0221368391175922E-13   1.3338885771113868E-24   3.6891104547006698E+03
   1.1196770000000000E+09   4.6585601051908004E+05   1.0117339795404511E-13   1.3207097352516279E-24   3.6880018305457370E+03
   1.1216770000000000E+09   4.6774410325841821E+05   1.0014731603992319E-13   1.3077163708610027E-24   3.6868708524180774E+03
   1.1236770000000000E+09   4.6962694965139189E+05   9.9135195158028436E-14   1.2949050529580943E-24   3.6857180642274388E+03
   1.1256770000000000E+09   4.7150457115652418E+05   9.8136797447756000E-14   1.2822724287970578E-24   3.6845440067143527E+03
   1.1276770000000000E+09   4.7337698863562680E+05   9.7151890071049138E-14   1.2698152218164844E-24   3.6833492173971481E+03
   1.1296770000000000E+09   4.7524422233661113E+05   9.6180245091156727E-14   1.2575302296919802E-24   3.6821342305221242E+03
   1.1316770000000000E+09   4.7710629186732729E+05   9.5221639357375787E-14   1.2454143224795734E-24   3.6808995770158481E+03
   1.1336770000000000E+09   4.7896321616115060E+05   9.4275854394882090E-14   1.2334644408381451E-24   3.6796457844386246E+03
   1.1356770000000000E+09   4.8081501343519869E+05   9.3342676298845017E-14   1.2216775943202271E-24   3.6783733769383321E+03
   1.1376770000000000E+09   4.8266170114250854E+05   9.2421895632047365E-14   1.2100508597207743E-24   3.6770828752038979E+03
   1.1396770000000000E+09   4.8450329591966519E+05   9.1513307325363040E-14   1.1985813794751950E-24   3.6757747964177997E+03
   1.1416770000000000E+09   4.8633981353197648E+05   9.0616710580461508E-14   1.1872663600980443E-24   3.6744496542072097E+03
   1.1436770000000000E+09   4.8817126881845237E+05   8.9731908774257749E-14   1.1761030706557171E-24   3.6731079585934394E+03
   1.1456770000000000E+09   4.8999767563937238E+05   8.8858709364663283E-14   1.1650888412668539E-24   3.6717502159396772E+03
   1.1476770000000000E+09   4.9181904682939599E+05   8.7996923797311028E-14   1.1542210616256831E-24   3.6703769288970971E+03
   1.1496770000000000E+09   4.9363539415952237E+05   8.7146367412970518E-14   1.1434971795440197E-24   3.6689885963496749E+03
   1.1516770000000000E+09   4.9544672831126768E+05   8.6306859355443020E-14   1.1329146995085391E-24   3.6675857133583054E+03
   1.1536770000000000E+09   4.9725305886629899E+05   8.5478222479808399E-14   1.1224711812509948E-24   3.6661687711049508E+03
   1.1556770000000000E+09   4.9905439431477530E+05   8.4660283260894485E-14   1.1121642383289851E-24   3.6647382568378202E+03
   1.1576770000000000E+09   5.0085074208512611E+05   8.3852871701918119E-14   1.1019915367158726E-24   3.6632946538187643E+03
   1.1596770000000000E+09   5.0264210859745287E+05   8.3055821243295927E-14   1.0919507933991159E-24   3.6618384412741520E+03
   1.1616770000000000E+09   5.0442849934218271E+05   8.2268968671625530E-14   1.0820397749862818E-24   3.6603700943506924E+03
   1.1636770000000000E+09   5.0620991898465704E+05   8.1492154028915809E-14   1.0722562963190717E-24   3.6588900840776760E+03
   1.1656770000000000E+09   5.0798637149547064E+05   8.0725220522175952E-14   1.0625982190961382E-24   3.6573988773371293E+03
   1.1676770000000000E+09   5.0975786030526360E+05   7.9968014433555003E-14   1.0530634505066009E-24   3.6558969368433277E+03
   1.1696770000000000E+09   5.1152438848181255E+05   7.9220385031240851E-14   1.0436499418764716E-24   3.6543847211330008E+03
   1.1716770000000000E+09   5.1328595892613410E+05   7.8482184481416310E-14   1.0343556873314615E-24   3.6528626845673921E+03
   1.1736770000000000E+09   5.1504257458344870E+05   7.7753267761614251E-14   1.0251787224803152E-24   3.6513312773471189E+03
   1.1756770000000000E+09   5.1679423866396298E+05   7.7033492575876959E-14   1.0161171231237853E-24   3.6497909455404679E+03
   1.1776770000000000E+09   5.1854095486798650E+05   7.6322719272118067E-14   1.0071690039943627E-24   3.6482421311255193E+03
   1.1796770000000000E+09   5.2028272760918329E+05   7.5620810762166903E-14   9.9833251753309668E-25   3.6466852720460806E+03
   1.1816770000000000E+09   5.2201956222983758E+05   7.4927632444907781E-14   9.8960585270907054E-25   3.6451208022810588E+03
   1.1836770000000000E+09   5.2375146520183276E+05   7.4243052132958833E-14   9.8098723388761846E-25   3.6435491519265884E+03
   1.1856770000000000E+09   5.2547844430754648E+05   7.3566939983243791E-14   9.7247491975228818E-25   3.6419707472898399E+03
   1.1876770000000000E+09   5.2720050879527465E+05   7.2899168431778165E-14   9.6406720228521056E-25   3.6403860109930938E+03
   1.1896770000000000E+09   5.2891766950469324E+05   7.2239612132882115E-14   9.5576240580916982E-25   3.6387953620864159E+03
   1.1916770000000000E+09   5.3062993895880471E+05   7.1588147902950690E-14   9.4755888609362386E-25   3.6371992161670332E+03
   1.1936770000000000E+09   5.3233733142005734E+05   7.0944654668778586E-14   9.3945502952520148E-25   3.6355979855032974E+03
   1.1956770000000000E+09   5.3403986290935415E+05   7.0309013420376870E-14   9.3144925234239013E-25   3.6339920791610843E+03
   1.1976770000000000E+09   5.3573755118823121E+05   6.9681107168050365E-14   9.2353999993189036E-25   3.6323819031303701E+03
   1.1996770000000000E+09   5.3743041570545477E+05   6.9060820903464524E-14   9.1572574618351532E-25   3.6307678604498647E+03
   1.2016770000000000E+09   5.3911847751066845E+05   6.8448041564306253E-14   9.0800499289881959E-25   3.6291503513275866E+03
   1.2036770000000000E+09   5.4080175913866598E+05   6.7842658002092506E-14   9.0037626924788137E-25   3.6275297732554882E+03
   1.2056770000000000E+09   5.4248028446860623E+05   6.7244560952661509E-14   8.9283813126828367E-25   3.6259065211165671E+03
   1.2076770000000000E+09   5.4415407856350916E+05   6.6653643008779257E-14   8.8538916139895181E-25   3.6242809872828961E+03
   1.2096770000000000E+09   5.4582316749538213E+05   6.6069798594383785E-14   8.7802796804249463E-25   3.6226535617036948E+03
   1.2116770000000000E+09   5.4748757816205861E+05   6.5492923939901053E-14   8.7075318514850278E-25   3.6210246319825051E+03
   1.2136770000000000E+09   5.4914733810138190E+05   6.4922917058191859E-14   8.6356347181175062E-25   3.6193945834431847E+03
   1.2156770000000000E+09   5.5080247530873364E+05   6.4359677720628228E-14   8.5645751187840082E-25   3.6177637991845022E+03
   1.2176770000000000E+09   5.5245301806295232E+05   6.3803107432966982E-14   8.4943401355542468E-25   3.6161326601236556E+03
   1.2196770000000000E+09   5.5409899476569856E+05   6.3253109410644987E-14   8.4249170901786141E-25   3.6145015450290962E+03
   1.2216770000000000E+09   5.5574043379802688E+05   6.2709588553303862E-14   8.3562935401086498E-25   3.6128708305435362E+03
   1.2236770000000000E+09   5.5737736339738721E+05   6.2172451418364791E-14   8.2884572744367310E-25   3.6112408911979969E+03
   1.2256770000000000E+09   5.5900981155699224E+05   6.1641606193610767E-14   8.2213963097441330E-25   3.6096120994180228E+03
   1.2276770000000000E+09   5.6063780594839784E+05   6.1116962668817405E-14   8.1550988858576713E-25   3.6079848255233087E+03
   1.2296770000000000E+09   5.6226137386708171E+05   6.0598432206545387E-14   8.0895534615251283E-25   3.6063594377219501E+03
   1.2316770000000000E+09   5.6388054219973914E+05   6.0085927712283521E-14   8.0247487100301943E-25   3.6047363021004712E+03
   1.2336770000000000E+09   5.6549533741099550E+05   5.9579363604205662E-14   7.9606735147776266E-25   3.6031157826109011E+03
   1.2356770000000000E+09   5.6710578554681805E+05   5.9078655782790597E-14   7.8973169648787837E-25   3.6014982410557200E+03
   1.2376770000000000E+09   5.6871191225126875E+05   5.8583721600604015E-14   7.8346683507740600E-25   3.5998840370717594E+03
   1.2396770000000000E+09   5.7031374279330124E+05   5.8094479832487201E-14   7.7727171599230178E-25   3.5982735281135724E+03
   1.2416770000000000E+09   5.7191130210027390E+05   5.7610850646388882E-14   7.7114530725919388E-25   3.5966670694368859E+03
   1.2436770000000000E+09   5.7350461479527142E+05   5.7132755575008067E-14   7.6508659577600322E-25   3.5950650140825046E+03
   1.2456770000000000E+09   5.7509370523564797E+05   5.6660117488377955E-14   7.5909458691611454E-25   3.5934677128608064E+03
   1.2476770000000000E+09   5.7667859755065455E+05   5.6192860567473738E-14   7.5316830414714025E-25   3.5918755143370527E+03
   1.2496770000000000E+09   5.7825931567652139E+05   5.5730910278868937E-14   7.4730678866462330E-25   3.5902887648173719E+03
   1.2516770000000000E+09   5.7983588338766142E+05   5.5274193350452047E-14   7.4150909904081753E-25   3.5887078083354536E+03
   1.2536770000000000E+09   5.8140832432314823E+05   5.4822637748159272E-14   7.3577431088799044E-25   3.5871329866397255E+03
   1.2556770000000000E+09   5.8297666200772370E+05   5.4376172653694517E-14   7.3010151653587302E-25   3.5855646391808837E+03
   1.2576770000000000E+09   5.8454091986701300E+05   5.3934728443161620E-14   7.2448982472227689E-25   3.5840031030995810E+03
   1.2596770000000000E+09   5.8610112123671558E+05   5.3498236666545530E-14   7.1893836029605781E-25   3.5824487132140325E+03
   1.2616770000000000E+09   5.8765728936573840E+05   5.3066630027965834E-14   7.1344626393142227E-25   3.5809018020073122E+03
   1.2636770000000000E+09   5.8920944741344627E+05   5.2639842366613469E-14   7.0801269185238302E-25   3.5793626996141779E+03
   1.2656770000000000E+09   5.9075761844119162E+05   5.2217808638296314E-14   7.0263681556639075E-25   3.5778317338071452E+03
   1.2676770000000000E+09   5.9230182539833197E+05   5.1800464897520357E-14   6.9731782160614603E-25   3.5763092299816913E+03
   1.2696770000000000E+09   5.9384209110316040E+05   5.1387748280010827E-14   6.9205491127831186E-25   3.5747955111403649E+03
   1.2716770000000000E+09   5.9537843821888848E+05   5.0979596985623431E-14   6.8684730041844002E-25   3.5732908978756714E+03
   1.2736770000000000E+09   5.9691088922515081E+05   5.0575950261555676E-14   6.8169421915088723E-25   3.5717957083515707E+03
   1.2756770000000000E+09   5.9843946638533776E+05   5.0176748385795902E-14   6.7659491165286226E-25   3.5703102582834545E+03
   1.2776770000000000E+09   5.9996419171024696E+05   4.9781932650735308E-14   6.7154863592155533E-25   3.5688348609165610E+03
   1.2796770000000000E+09   6.0148508691860468E+05   4.9391445346863424E-14   6.6655466354327110E-25   3.5673698270026039E+03
   1.2816770000000000E+09   6.0300217339513672E+05   4.9005229746467500E-14   6.6161227946343260E-25   3.5659154647746536E+03
   1.2836770000000000E+09   6.0451547214678384E+05   4.8623230087273321E-14   6.5672078175657372E-25   3.5644720799201964E+03
   1.2856770000000000E+09   6.0602500375787844E+05   4.8245391555946687E-14   6.5187948139519157E-25   3.5630399755522831E+03
   1.2876770000000000E+09   6.0753078834492422E+05   4.7871660271406282E-14   6.4708770201672587E-25   3.5616194521788348E+03
   1.2896770000000000E+09   6.0903284551159840E+05   4.7501983267906506E-14   6.4234477968805008E-25   3.5602108076701061E+03
   1.2916770000000000E+09   6.1053119430438254E+05   4.7136308477878302E-14   6.3765006266726724E-25   3.5588143372242644E+03
   1.2936770000000000E+09   6.1202585316908848E+05   4.6774584714532330E-14   6.3300291116278595E-25   3.5574303333312514E+03
   1.2956770000000000E+09   6.1351683990811545E+05   4.6416761654276194E-14   6.2840269709033967E-25   3.5560590857348766E+03
   1.2976770000000000E+09   6.1500417163815838E+05   4.6062789819003991E-14   6.2384880382868024E-25   3.5547008813931957E+03
   1.2996770000000000E+09   6.1648786474757839E+05   4.5712620558372312E-14   6.1934062597544502E-25   3.5533560044372430E+03
   1.3016770000000000E+09   6.1796793485286331E+05   4.5366206032156414E-14   6.1487756910443753E-25   3.5520247361280676E+03
   1.3036770000000000E+09   6.1944439675374376E+05   4.5023499192790526E-14   6.1045904952570854E-25   3.5507073548120602E+03
   1.3056770000000000E+09   6.2091726438759395E+05   4.4684453768136657E-14   6.0608449404901440E-25   3.5494041358745681E+03
   1.3076770000000000E+09   6.2238655078575783E+05   4.4349024244408465E-14   6.0175333974964408E-25   3.5481153516917439E+03
   1.3096770000000000E+09   6.2385226803722326E+05   4.4017165849030801E-14   5.9746503373359448E-25   3.5468412715807613E+03
   1.3116770000000000E+09   6.2531442726892978E+05   4.3688834533011014E-14   5.9321903289626146E-25   3.5455821617486786E+03
   1.3136770000000000E+09   6.2677303865654464E+05   4.3363986952142661E-14   5.8901480366528323E-25   3.5443382852405489E+03
   1.3156770000000000E+09   6.2822811148321629E+05   4.3042580446195948E-14   5.8485182171580932E-25   3.5431099018878886E+03
   1.3176770000000000E+09   6.2967965426581132E+05   4.2724573015156729E-14   5.8072957164510662E-25   3.5418972682591343E+03
   1.3196770000000000E+09   6.3112767496594170E+05   4.2409923291733581E-14   5.7664754659541831E-25   3.5407006376144800E+03
   1.3216770000000000E+09   6.3257218129518256E+05   4.2098590509800281E-14   5.7260524782001667E-25   3.5395202598679052E+03
   1.3236770000000000E+09   6.3401318110873527E+05   4.1790534469275243E-14   5.6860218419868822E-25   3.5383563815596044E+03
   1.3256770000000000E+09   6.3545068286010949E+05   4.1485715499085066E-14   5.6463787172457567E-25   3.5372092458418279E+03
   1.3276770000000000E+09   6.3688469606470456E+05   4.1184094421104164E-14   5.6071183300149397E-25   3.5360790924800895E+03
   1.3296770000000000E+09   6.3831523169803154E+05   4.0885632519029203E-14   5.5682359680575336E-25   3.5349661578700479E+03
   1.3316770000000000E+09   6.3974230244407593E+05   4.0590291516513839E-14   5.5297269777202890E-25   3.5338706750679139E+03
   1.3336770000000000E+09   6.4116592271872913E+05   4.0298033568206422E-14   5.4915867625410152E-25   3.5327928738291935E+03
   1.3356770000000000E+09   6.4258610842818138E+05   4.0008821265314997E-14   5.4538107838420595E-25   3.5317329806482267E+03
   1.3376770000000000E+09   6.4400287647949602E+05   3.9722617654234530E-14   5.4163945631278783E-25   3.5306912187894754E+03
   1.3396770000000000E+09   6.4541624412884575E+05   3.9439386263219216E-14   5.3793336856181385E-25   3.5296678083019647E+03
   1.3416770000000000E+09   6.4682622830987128E+05   3.9159091129291336E-14   5.3426238038598125E-25   3.5286629660113422E+03
   1.3436770000000000E+09   6.4823284510662069E+05   3.8881696816712054E-14   5.3062606402337002E-25   3.5276769054885908E+03
   1.3456770000000000E+09   6.4963610950481228E+05   3.8607168420237675E-14   5.2702399874182050E-25   3.5267098370005415E+03
   1.3476770000000000E+09   6.5103603547232447E+05   3.8335471550897591E-14   5.2345577064812342E-25   3.5257619674518564E+03
   1.3496770000000000E+09   6.5243263630868855E+05   3.8066572307835633E-14   5.1992097230613628E-25   3.5248335003302777E+03
   1.3516770000000000E+09   6.5382592510688980E+05   3.7800437244601612E-14   5.1641920227664583E-25   3.5239246356649824E+03
   1.3536770000000000E+09   6.5521591513409978E+05   3.7537033339908818E-14   5.1295006471523672E-25   3.5230355700020687E+03
   1.3556770000000000E+09   6.5660261998401699E+05   3.7276327980284421E-14   5.0951316913036553E-25   3.5221664963942153E+03
   1.3576770000000000E+09   6.5798605346798967E+05   3.7018288956059667E-14   5.0610813032307509E-25   3.5213176043957305E+03
   1.3596770000000000E+09   6.5936622934076481E+05   3.6762884465659680E-14   5.0273456844119319E-25   3.5204890800530311E+03
   1.3616770000000000E+09   6.6074316103286645E+05   3.6510083119468325E-14   4.9939210902973850E-25   3.5196811058840367E+03
   1.3636770000000000E+09   6.6211686154176295E+05   3.6259853935758692E-14   4.9608038297459767E-25   3.5188938608471367E+03
   1.3656770000000000E+09   6.6348734352946735E+05   3.6012166326581666E-14   4.9279902630944824E-25   3.5181275203063619E+03
   1.3676770000000000E+09   6.6485461954907340E+05   3.5766990077814175E-14   4.8954767994197554E-25   3.5173822560015356E+03
   1.3696770000000000E+09   6.6621870225587196E+05   3.5524295330869058E-14   4.8632598940131000E-25   3.5166582360284688E+03
   1.3716770000000000E+09   6.6757960449032509E+05   3.5284052571950231E-14   4.8313360468752541E-25   3.5159556248279896E+03
   1.3736770000000000E+09   6.6893733922176168E+05   3.5046232629648847E-14   4.7997018023514560E-25   3.5152745831776474E+03
   1.3756770000000000E+09   6.7029191943521379E+05   3.4810806676939685E-14   4.7683537493770264E-25   3.5146152681797944E+03
   1.3776770000000000E+09   6.7164335806019499E+05   3.4577746232633129E-14   4.7372885216586763E-25   3.5139778332443739E+03
   1.3796770000000000E+09   6.7299166797678266E+05   3.4347023160140051E-14   4.7065027974930961E-25   3.5133624280695858E+03
   1.3816770000000000E+09   6.7433686205122469E+05   3.4118609665231200E-14   4.6759932994460808E-25   3.5127691986252739E+03
   1.3836770000000000E+09   6.7567895312269393E+05   3.3892478295816797E-14   4.6457567943052609E-25   3.5121982871402147E+03
   1.3856770000000000E+09   6.7701795389211085E+05   3.3668601945300419E-14   4.6157900935249172E-25   3.5116498320894912E+03
   1.3876770000000000E+09   6.7835387667768006E+05   3.3446953859975944E-14   4.5860900542375735E-25   3.5111239681742582E+03
   1.3896770000000000E+09   6.7968673286096845E+05   3.3227507655940425E-14   4.5566535815976474E-25   3.5106208262824516E+03
   1.3916770000000000E+09   6.8101653134668083E+05   3.3010237369584355E-14   4.5274776357887451E-25   3.5101405334059582E+03
   1.3936770000000000E+09   6.8234327407799428E+05   3.2795117612556651E-14   4.4985592535033198E-25   3.5096832124500188E+03
   1.3956770000000000E+09   6.8366694358440209E+05   3.2582124013180434E-14   4.4698956090640332E-25   3.5092489817786854E+03
   1.3976770000000000E+09   6.8498747059723642E+05   3.2371234378591095E-14   4.4414841752084250E-25   3.5088379541622594E+03
   1.3996770000000000E+09   6.8630465551694459E+05   3.2162431534430377E-14   4.4133231156614276E-25   3.5084502344966545E+03
   1.4016770000000000E+09   6.8761799247107306E+05   3.1955709728991739E-14   4.3854121698171935E-25   3.5080859152577268E+03
   1.4036770000000000E+09   6.8892631099843839E+05   3.1751087768014691E-14   4.3577544660388300E-25   3.5077450682426725E+03
   1.4056770000000000E+09   6.9022712982379599E+05   3.1548632902590845E-14   4.3303598180389036E-25   3.5074277309187473E+03
   1.4076770000000000E+09   6.9151567291495635E+05   3.1348497605183036E-14   4.3032497999989428E-25   3.5071338855459348E+03
   1.4096770000000000E+09   6.9278374250946066E+05   3.1150962474340228E-14   4.2764636764039353E-25   3.5068634279675530E+03
   1.4116770000000000E+09   6.9401916969956807E+05   3.0956458797351530E-14   4.2500615612587390E-25   3.5066161180983909E+03
   1.4136770000000000E+09   6.9520721109459933E+05   3.0765519016709617E-14   4.2241177166658502E-25   3.5063914965586046E+03
   1.4156770000000000E+09   6.9633528083713504E+05   3.0578600110638550E-14   4.1986964431749323E-25   3.5061887600737055E+03
   1.4176770000000000E+09   6.9740057117068558E+05   3.0395791743534954E-14   4.1738121101464580E-25   3.5060066567455360E+03
   1.4196770000000000E+09   6.9841627865314495E+05   3.0216569245932059E-14   4.1493950711916013E-25   3.5058435988891315E+03
   1.4216770000000000E+09   6.9940985149172379E+05   3.0039851824795784E-14   4.1252989851336977E-25   3.5056982113010613E+03
   1.4236770000000000E+09   7.0041195785294811E+05   2.9864436788544819E-14   4.1013595244183017E-25   3.5055701206084650E+03
   1.4256770000000000E+09   7.0144671733732405E+05   2.9689410349387836E-14   4.0774506137912673E-25   3.5054601435550976E+03
   1.4276770000000000E+09   7.0253596886016161E+05   2.9514005358680763E-14   4.0534659188425049E-25   3.5053694453266194E+03
   1.4296770000000000E+09   7.0371300417085330E+05   2.9337017703941170E-14   4.0292409411109024E-25   3.5052976010625212E+03
   1.4316770000000000E+09   7.0499092642797867E+05   2.9158177478699054E-14   4.0047234190418217E-25   3.5052582364667005E+03
   1.4336770000000000E+09   7.0666427966817270E+05   2.8964406332286716E-14   3.9782653668870511E-25   3.5051213105693387E+03
   1.4356770000000000E+09   7.0624595078108145E+05   2.8860526443367454E-14   3.9638256535693168E-25   3.5052732255877550E+03
   6.5767700000000000E+08  -1.6157314318796634E+03   2.5712759361045434E-08   9.2110016175366722E-23   1.8417032273004068E+03
   6.5967700000000000E+08  -1.5191249421907858E+03   4.5051789508928835E-08   1.3367907918064233E-22   2.2234727050419065E+03
   6.6167700000000000E+08  -1.3868199888199351E+03   5.7853407944860729E-08   1.5335364020149024E-22   2.4890387240180003E+03
   6.6367700000000000E+08  -1.1873609768591095E+03   6.4560020535962926E-08   1.5793883717916691E-22   2.6970286386886064E+03
   6.6567700000000000E+08  -8.7065040818061073E+02   6.6005664463604969E-08   1.5174597382925090E-22   2.8700237941447381E+03
   6.6767700000000000E+08  -4.7656268996010334E+02   6.4100310942206533E-08   1.4009357153832062E-22   3.0190477062019004E+03
   6.6967700000000000E+08  -2.6418744582573218E+01   6.0437443844682556E-08   1.2658352843645779E-22   3.1503604297916004E+03
   6.7167700000000000E+08   4.5888499070459767E+02   5.6084818041791140E-08   1.1324192632170076E-22   3.2679114250380044E+03
   6.7367700000000000E+08   9.6184189542316028E+02   5.1656975094529379E-08   1.0101023664178603E-22   3.3743884750465509E+03
   6.7567700000000000E+08   1.4631818697162760E+03   4.7466863094090779E-08   9.0214270147164619E-23   3.4717244066307908E+03
   6.7767700000000000E+08   1.9371858806470036E+03   4.3652321675823911E-08   8.0875845247392218E-23   3.5613662614315999E+03
   6.7967700000000000E+08   2.3536751808907857E+03   4.0255130936482618E-08   7.2881600822219540E-23   3.6444306133404411E+03
   6.8167700000000000E+08   2.6909947285020362E+03   3.7263074950501044E-08   6.6061805582136696E-23   3.7217999679053951E+03
   6.8367700000000000E+08   2.9428585872075014E+03   3.4630744575328474E-08   6.0223612909811326E-23   3.7941859157228655E+03
   6.8567700000000000E+08   3.1101072131798501E+03   3.2292844223542344E-08   5.5169325036301324E-23   3.8621718251889934E+03
   6.8767700000000000E+08   3.1732463435192581E+03   3.0174512951892384E-08   5.0709124271085223E-23   3.9262424047127524E+03
   6.8967700000000000E+08   3.0767221942631886E+03   2.8214369512529507E-08   4.6694811355825991E-23   3.9868039997960004E+03
   6.9167700000000000E+08   2.7716962713654402E+03   2.6383277883349397E-08   4.3044623428348558E-23   4.0442005247892539E+03
   6.9367700000000000E+08   2.2815655570592617E+03   2.4685642505523999E-08   3.9738974805892785E-23   4.0987275337528608E+03
   6.9567700000000000E+08   1.7279691168068291E+03   2.3141970804761080E-08   3.6787728402502626E-23   4.1506439758367278E+03
   6.9767700000000000E+08   1.2948846304657675E+03   2.1769148535132932E-08   3.4196919368452386E-23   4.2001803274116774E+03
   6.9967700000000000E+08   1.1651118477037978E+03   2.0570824886753488E-08   3.1953743130052831E-23   4.2475430663575526E+03
   7.0167700000000000E+08   1.4691098246795423E+03   1.9537395645731996E-08   3.0027279270659784E-23   4.2929167976020135E+03
   7.0367700000000000E+08   2.2623284326694302E+03   1.8650228628835230E-08   2.8375548723722650E-23   4.3364654977360169E+03
   7.0567700000000000E+08   3.5282176405986806E+03   1.7886384274159269E-08   2.6952850434621832E-23   4.3783337838666848E+03
   7.0767700000000000E+08   5.1964979091999212E+03   1.7222327936878498E-08   2.5715178362525751E-23   4.4186485260691134E+03
   7.0967700000000000E+08   7.1661211167616912E+03   1.6636312310511566E-08   2.4623412414955480E-23   4.4575207699035318E+03
   7.1167700000000000E+08   9.3257869205015431E+03   1.6109610720582834E-08   2.3644707899395986E-23   4.4950477994725316E+03
   7.1367700000000000E+08   1.1569290770711763E+04   1.5626939180975063E-08   2.2752687142234015E-23   4.5313151703194590E+03
   7.1567700000000000E+08   1.3802886342202628E+04   1.5176274289392679E-08   2.1926798428137722E-23   4.5663985700649237E+03
   7.1767700000000000E+08   1.5949529964011972E+04   1.4748602811712945E-08   2.1151638460192106E-23   4.6003654390660540E+03
   7.1967700000000000E+08   1.7953559472533954E+04   1.4337684841303109E-08   2.0416365332873943E-23   4.6332763773661154E+03
   7.2167700000000000E+08   1.9780228152121712E+04   1.3939416638718330E-08   1.9713587915493536E-23   4.6651863403842617E+03
   7.2367700000000000E+08   2.1412287414430913E+04   1.3551383677333537E-08   1.9038588854054577E-23   4.6961456020233309E+03
   7.2567700000000000E+08   2.2847001373610743E+04   1.3172417496580112E-08   1.8388596295132888E-23   4.7262005116257951E+03
   7.2767700000000000E+08   2.4092817992085504E+04   1.2802205545589403E-08   1.7762166174642749E-23   4.7553940841959447E+03
   7.2967700000000000E+08   2.5166009404143108E+04   1.2440960895899083E-08   1.7158676009893628E-23   4.7837664529347585E+03
   7.3167700000000000E+08   2.6087533520869238E+04   1.2089157951662429E-08   1.6577931128445823E-23   4.8113552117223990E+03
   7.3367700000000000E+08   2.6880325628142033E+04   1.1747336361594857E-08   1.6019879765389749E-23   4.8381956730914935E+03
   7.3567700000000000E+08   2.7567165248658312E+04   1.1415970434126630E-08   1.5484427730359712E-23   4.8643210644043884E+03
   7.3767700000000000E+08   2.8169177903006555E+04   1.1095395587149296E-08   1.4971336580998876E-23   4.8897626814418945E+03
   7.3967700000000000E+08   2.8704943935819254E+04   1.0785780135611695E-08   1.4480186053664916E-23   4.9145500144766602E+03
   7.4167700000000000E+08   2.9190122738255712E+04   1.0487128703785611E-08   1.4010379926493776E-23   4.9387108577931231E+03
   7.4367700000000000E+08   2.9637460680798726E+04   1.0199304529144189E-08   1.3561176830814229E-23   4.9622714098368469E+03
   7.4567700000000000E+08   3.0057045963286109E+04   9.9220602079564522E-09   1.3131731377798230E-23   4.9852563681032589E+03
   7.4767700000000000E+08   3.0456690459405352E+04   9.6550695135907976E-09   1.2721135625072958E-23   5.0076890206574844E+03
   7.4967700000000000E+08   3.0842348245901427E+04   9.3979558812777313E-09   1.2328455166969313E-23   5.0295913347718088E+03
   7.5167700000000000E+08   3.1218512311628972E+04   9.1503155403568969E-09   1.1952757439943448E-23   5.0509840424250888E+03
   7.5367700000000000E+08   3.1588558387443649E+04   8.9117349093108034E-09   1.1593132021786850E-23   5.0718867221331247E+03
   7.5567700000000000E+08   3.1955024935637837E+04   8.6818028084658590E-09   1.1248703905151159E-23   5.0923178765856137E+03
   7.5767700000000000E+08   3.2319830948483086E+04   8.4601184566219595E-09   1.0918641204991052E-23   5.1122950057095368E+03
   7.5967700000000000E+08   3.2684439716433968E+04   8.2462962889097033E-09   1.0602158789146365E-23   5.1318346749645234E+03
   7.6167700000000000E+08   3.3049979012595097E+04   8.0399685215826950E-09   1.0298519121463052E-23   5.1509525788487408E+03
   7.6367700000000000E+08   3.3417327918866715E+04   7.8407862055940175E-09   1.0007031326398308E-23   5.1696635997299600E+03
   7.6567700000000000E+08   3.3787179081130853E+04   7.6484193203400252E-09   9.7270492082325631E-24   5.1879818622108869E+03
   7.6767700000000000E+08   3.4160083358550321E+04   7.4625562939732146E-09   9.4579687260849518E-24   5.2059207832946904E+03
   7.6967700000000000E+08   3.4536482085811796E+04   7.2829032078741162E-09   9.1992252487936008E-24   5.2234931186442645E+03
   7.7167700000000000E+08   3.4916730701132328E+04   7.1091828493007161E-09   8.9502907875167941E-24   5.2407110052357748E+03
   7.7367700000000000E+08   3.5301116358320731E+04   6.9411337119527031E-09   8.7106713188890245E-24   5.2575860007001629E+03
   7.7567700000000000E+08   3.5689871311646471E+04   6.7785090020433045E-09   8.4799042570450595E-24   5.2741291196317316E+03
   7.7767700000000000E+08   3.6083183280751844E+04   6.6210756809754501E-09   8.2575560994992243E-24   5.2903508671238860E+03
   7.7967700000000000E+08   3.6481203608111959E+04   6.4686135597209777E-09   8.0432202525258673E-24   5.3062612697717159E+03
   7.8167700000000000E+08   3.6884053759972696E+04   6.3209144507417866E-09   7.8365150311646707E-24   5.3218699043604220E+03
   7.8367700000000000E+08   3.7291830551195468E+04   6.1777813781927883E-09   7.6370818237830023E-24   5.3371859244389661E+03
   7.8567700000000000E+08   3.7704610364224623E+04   6.0390278445148704E-09   7.4445834090098215E-24   5.3522180849598517E+03
   7.8767700000000000E+08   3.8122452560968028E+04   5.9044771503059950E-09   7.2587024124245899E-24   5.3669747651490761E+03
   7.8967700000000000E+08   3.8545402239436051E+04   5.7739617639069330E-09   7.0791398908106401E-24   5.3814639897549241E+03
   7.9167700000000000E+08   3.8973492455186220E+04   5.6473227370830738E-09   6.9056140325956692E-24   5.3956934488103243E+03
   7.9367700000000000E+08   3.9406746005123096E+04   5.5244091633175426E-09   6.7378589640486969E-24   5.4096705160310048E+03
   7.9567700000000000E+08   3.9845176854416794E+04   5.4050776754415066E-09   6.5756236517523604E-24   5.4234022659602988E+03
   7.9767700000000000E+08   4.0288791274084251E+04   5.2891919795607073E-09   6.4186708927643134E-24   5.4368954899614100E+03
   7.9967700000000000E+08   4.0737588745885609E+04   5.1766224224663017E-09   6.2667763846992510E-24   5.4501567111487038E+03
   8.0167700000000000E+08   4.1191562681927608E+04   5.0672455899340669E-09   6.1197278687008695E-24   5.4631921983413104E+03
   8.0367700000000000E+08   4.1650700998345310E+04   4.9609439335161574E-09   5.9773243389359077E-24   5.4760079791150392E+03
   8.0567700000000000E+08   4.2114986575467672E+04   4.8576054236151474E-09   5.8393753128387886E-24   5.4886098520217238E+03
   8.0767700000000000E+08   4.2584397630845458E+04   4.7571232268018583E-09   5.7057001568720160E-24   5.5010033980392036E+03
   8.0967700000000000E+08   4.3058908026355144E+04   4.6593954054998677E-09   5.5761274630540817E-24   5.5131939913095584E+03
   8.1167700000000000E+08   4.3538487526270088E+04   4.5643246383097944E-09   5.4504944719465128E-24   5.5251868092183113E+03
   8.1367700000000000E+08   4.4023102019620768E+04   4.4718179593887681E-09   5.3286465381927400E-24   5.5369868418629094E+03
   8.1567700000000000E+08   4.4512713717326063E+04   4.3817865154329508E-09   5.2104366350652181E-24   5.5485989009545347E+03
   8.1767700000000000E+08   4.5007281332363200E+04   4.2941453389356762E-09   5.0957248948084168E-24   5.5600276281938559E+03
   8.1967700000000000E+08   4.5506760249587292E+04   4.2088131365088602E-09   4.9843781818653524E-24   5.5712775031577912E+03
   8.2167700000000000E+08   4.6011102690601212E+04   4.1257120911618052E-09   4.8762696963468272E-24   5.5823528507314704E+03
   8.2367700000000000E+08   4.6520257878221513E+04   4.0447676775279111E-09   4.7712786053467079E-24   5.5932578481167275E+03
   8.2567700000000000E+08   4.7034172204455732E+04   3.9659084891162871E-09   4.6692896999247583E-24   5.6039965314460233E+03
   8.2767700000000000E+08   4.7552789405402553E+04   3.8890660767418216E-09   4.5701930757728837E-24   5.6145728020283814E+03
   8.2967700000000000E+08   4.8076050746021705E+04   3.8141747973532675E-09   4.4738838357516131E-24   5.6249904322518514E+03
   8.3167700000000000E+08   4.8603895217186211E+04   3.7411716725355303E-09   4.3802618126340219E-24   5.6352530711651207E+03
   8.3367700000000000E+08   4.9136259746790412E+04   3.6699962560096615E-09   4.2892313105252041E-24   5.6453642497591936E+03
   8.3567700000000000E+08   4.9673079425889475E+04   3.6005905094936735E-09   4.2007008635400380E-24   5.6553273859684014E+03
   8.3767700000000000E+08   5.0214287749895841E+04   3.5328986863202257E-09   4.1145830104219256E-24   5.6651457894086798E+03
   8.3967700000000000E+08   5.0759816873777760E+04   3.4668672222355955E-09   4.0307940838741926E-24   5.6748226658695794E+03
   8.4167700000000000E+08   5.1309597879041292E+04   3.4024446328293194E-09   3.9492540134554830E-24   5.6843611215753763E+03
   8.4367700000000000E+08   5.1863561049101831E+04   3.3395814170685239E-09   3.8698861409651272E-24   5.6937641672294912E+03
   8.4567700000000000E+08   5.2421636148570411E+04   3.2782299664350536E-09   3.7926170473142637E-24   5.7030347218553297E+03
   8.4767700000000000E+08   5.2983752701046818E+04   3.2183444791908019E-09   3.7173763899479847E-24   5.7121756164458966E+03
   8.4967700000000000E+08   5.3549840259347344E+04   3.1598808793258600E-09   3.6440967499522313E-24   5.7211895974333956E+03
   8.5167700000000000E+08   5.4119828661753723E+04   3.1027967397777188E-09   3.5727134880490567E-24   5.7300793299895176E+03
   8.5367700000000000E+08   5.4693648267893477E+04   3.0470512095461814E-09   3.5031646087543043E-24   5.7388474011661638E+03
   8.5567700000000000E+08   5.5271230168278096E+04   2.9926049443686972E-09   3.4353906320433326E-24   5.7474963228858114E+03
   8.5767700000000000E+08   5.5852506362322492E+04   2.9394200406625083E-09   3.3693344719413356E-24   5.7560285347899880E+03
   8.5967700000000000E+08   5.6437409900792569E+04   2.8874599724827710E-09   3.3049413215244675E-24   5.7644464069539663E+03
   8.6167700000000000E+08   5.7025874990014941E+04   2.8366895312875747E-09   3.2421585438845467E-24   5.7727522424749077E+03
   8.6367700000000000E+08   5.7617837056740631E+04   2.7870747683408001E-09   3.1809355686721343E-24   5.7809482799406624E+03
   8.6567700000000000E+08   5.8213232774180571E+04   2.7385829396193014E-09   3.1212237938885880E-24   5.7890366957855449E+03
   8.6767700000000000E+08   5.8812000051306386E+04   2.6911824531223386E-09   3.0629764926465724E-24   5.7970196065393166E+03
   8.6967700000000000E+08   5.9414077988953519E+04   2.6448428185061096E-09   3.0061487246589389E-24   5.8048990709750988E+03
   8.7167700000000000E+08   6.0019406807467582E+04   2.5995345989851936E-09   2.9506972522482903E-24   5.8126770921615289E+03
   8.7367700000000000E+08   6.0627927751545707E+04   2.5552293654550408E-09   2.8965804606931612E-24   5.8203556194243401E+03
   8.7567700000000000E+08   6.1239582978493054E+04   2.5118996527960213E-09   2.8437582827430819E-24   5.8279365502220662E+03
   8.7767700000000000E+08   6.1854315436338838E+04   2.4695189183200960E-09   2.7921921271435610E-24   5.8354217319403560E+03
   8.7967700000000000E+08   6.2472068738123708E+04   2.4280615023176803E-09   2.7418448110157320E-24   5.8428129636091398E+03
   8.8167700000000000E+08   6.3092787038253176E+04   2.3875025906549228E-09   2.6926804959342680E-24   5.8501119975466463E+03
   8.8367700000000000E+08   6.3716414916145317E+04   2.3478181793621503E-09   2.6446646275432096E-24   5.8573205409339762E+03
   8.8567700000000000E+08   6.4342897271605485E+04   2.3089850411433532E-09   2.5977638785434677E-24   5.8644402573237867E+03
   8.8767700000000000E+08   6.4972179235599331E+04   2.2709806937245217E-09   2.5519460948781693E-24   5.8714727680864416E+03
   8.8967700000000000E+08   6.5604206099682604E+04   2.2337833699449280E-09   2.5071802449324076E-24   5.8784196537967082E+03
   8.9167700000000000E+08   6.6238923268011029E+04   2.1973719894757245E-09   2.4634363715471699E-24   5.8852824555639854E+03
   8.9367700000000000E+08   6.6876276239075669E+04   2.1617261320155050E-09   2.4206855466135257E-24   5.8920626763088849E+03
   8.9567700000000000E+08   6.7516210633227151E+04   2.1268260117419617E-09   2.3788998279392798E-24   5.8987617819887228E+03
   8.9767700000000000E+08   6.8158672302534833E+04   2.0926524526545539E-09   2.3380522179241380E-24   5.9053812027745698E+03
   8.9967700000000000E+08   6.8803607600822739E+04   2.0591868641672005E-09   2.2981166232774086E-24   5.9119223341822244E+03
   9.0167700000000000E+08   6.9450963964352355E+04   2.0264112158422824E-09   2.2590678144988673E-24   5.9183865381595879E+03
   9.0367700000000000E+08   7.0100691058503726E+04   1.9943080095123381E-09   2.2208813831382851E-24   5.9247751441330593E+03
   9.0567700000000000E+08   7.0752742846666588E+04   1.9628602464821118E-09   2.1835336942552331E-24   5.9310894500156437E+03
   9.0767700000000000E+08   7.1407080912143341E+04   1.9320513878683170E-09   2.1470018319393413E-24   5.9373307231798153E+03
   9.0967700000000000E+08   7.2063678957094497E+04   1.9018653090513828E-09   2.1112635390279817E-24   5.9435002013980620E+03
   9.1167700000000000E+08   7.2722527266928795E+04   1.8722862567694100E-09   2.0762971605530669E-24   5.9495990937531351E+03
   9.1367700000000000E+08   7.3383633913169338E+04   1.8432988301753166E-09   2.0420816145479435E-24   5.9556285815175061E+03
   9.1567700000000000E+08   7.4047017275788894E+04   1.8148880201786301E-09   2.0085964279903022E-24   5.9615898189970976E+03
   9.1767700000000000E+08   7.4712684397892168E+04   1.7870393397358411E-09   1.9758218733785970E-24   5.9674839343290741E+03
   9.1967700000000000E+08   7.5380595289725577E+04   1.7597390395694333E-09   1.9437391987949904E-24   5.9733120302210000E+03
   9.2167700000000000E+08   7.6050626271816363E+04   1.7329743212466965E-09   1.9123308532388149E-24   5.9790751846259172E+03
   9.2367700000000000E+08   7.6722559512372856E+04   1.7067333724607050E-09   1.8815805141645821E-24   5.9847744513670132E+03
   9.2567700000000000E+08   7.7396124897442292E+04   1.6810050662227969E-09   1.8514727450169278E-24   5.9904108607513062E+03
   9.2767700000000000E+08   7.8071088221155005E+04   1.6557783682003073E-09   1.8219923352608960E-24   5.9959854202215674E+03
   9.2967700000000000E+08   7.8747329997442517E+04   1.6310418060771307E-09   1.7931237145161649E-24   6.0014991150668848E+03
   9.3167700000000000E+08   7.9424849236443348E+04   1.6067834658147013E-09   1.7648509492388819E-24   6.0069529091575632E+03
   9.3367700000000000E+08   8.0103683216499689E+04   1.5829914809192759E-09   1.7371582788087273E-24   6.0123477456281307E+03
   9.3567700000000000E+08   8.0783821219263569E+04   1.5596544399899748E-09   1.7100305565623560E-24   6.0176845474538695E+03
   9.3767700000000000E+08   8.1465221356807378E+04   1.5367615452134475E-09   1.6834534143754991E-24   6.0229642179669809E+03
   9.3967700000000000E+08   8.2147908171892108E+04   1.5143027430355633E-09   1.6574133995806475E-24   6.0281876414143098E+03
   9.4167700000000000E+08   8.2831968856512773E+04   1.4922683728687031E-09   1.6318975907353446E-24   6.0333556835423333E+03
   9.4367700000000000E+08   8.3517374568967789E+04   1.4706478417287888E-09   1.6068921505256555E-24   6.0384691920644773E+03
   9.4567700000000000E+08   8.4203820560594948E+04   1.4494285706221485E-09   1.5823811715116135E-24   6.0435289969547102E+03
   9.4767700000000000E+08   8.4890810099091424E+04   1.4285970616367433E-09   1.5583478321497952E-24   6.0485359107178956E+03
   9.4967700000000000E+08   8.5577940913601386E+04   1.4081416196811302E-09   1.5347773567994251E-24   6.0534907288594095E+03
   9.5167700000000000E+08   8.6265160008331950E+04   1.3880541878066299E-09   1.5116590104773484E-24   6.0583942306726785E+03
   9.5367700000000000E+08   8.6953290153721609E+04   1.3683303231491367E-09   1.4889860456853004E-24   6.0632471801440388E+03
   9.5567700000000000E+08   8.7642617187114083E+04   1.3489701185158319E-09   1.4667566879491438E-24   6.0680503264387044E+03
   9.5767700000000000E+08   8.8334142315208854E+04   1.3299753187883883E-09   1.4449711536733038E-24   6.0728044040671857E+03
   9.5967700000000000E+08   8.9027442821707155E+04   1.3113297875931279E-09   1.4236102766639733E-24   6.0775101329104973E+03
   9.6167700000000000E+08   8.9722096350649954E+04   1.2930230359728355E-09   1.4026609624159839E-24   6.0821682183520425E+03
   9.6367700000000000E+08   9.0417939498153661E+04   1.2750463434914455E-09   1.3821121526132174E-24   6.0867793517260588E+03
   9.6567700000000000E+08   9.1114883030199693E+04   1.2573919140449010E-09   1.3619538624690904E-24   6.0913442107475057E+03
   9.6767700000000000E+08   9.1812865327288528E+04   1.2400524169738370E-09   1.3421766733868309E-24   6.0958634598937806E+03
   9.6967700000000000E+08   9.2511838320456736E+04   1.2230208306119376E-09   1.3227715583916352E-24   6.1003377507556143E+03
   9.7167700000000000E+08   9.3211762640086512E+04   1.2062903832870402E-09   1.3037298150531117E-24   6.1047677223678711E+03
   9.7367700000000000E+08   9.3912604941767160E+04   1.1898545213916911E-09   1.2850430284051476E-24   6.1091540015253386E+03
   9.7567700000000000E+08   9.4614336030289793E+04   1.1737068864252261E-09   1.2667030438596130E-24   6.1134972030864801E+03
   9.7767700000000000E+08   9.5316929415372520E+04   1.1578412983658392E-09   1.2487019471355090E-24   6.1177979302664990E+03
   9.7967700000000000E+08   9.6020360311776618E+04   1.1422517435830203E-09   1.2310320492273373E-24   6.1220567749207430E+03
   9.8167700000000000E+08   9.6724605177729609E+04   1.1269323649836816E-09   1.2136858739057167E-24   6.1262743178191531E+03
   9.8367700000000000E+08   9.7429641596360991E+04   1.1118774537900213E-09   1.1966561470885671E-24   6.1304511289121992E+03
   9.8567700000000000E+08   9.8135448218233738E+04   1.0970814432782864E-09   1.1799357884200830E-24   6.1345877675890515E+03
   9.8767700000000000E+08   9.8842004671549148E+04   1.0825389040474406E-09   1.1635179045780196E-24   6.1386847829280669E+03
   9.8967700000000000E+08   9.9549291409810117E+04   1.0682445400150135E-09   1.1473957834363612E-24   6.1427427139399206E+03
   9.9167700000000000E+08   1.0025728947129213E+05   1.0541931847840801E-09   1.1315628886914361E-24   6.1467620898036903E+03
   9.9367700000000000E+08   1.0096598034204445E+05   1.0403797985145495E-09   1.1160128550827156E-24   6.1507434300958776E+03
   9.9567700000000000E+08   1.0167534633995575E+05   1.0267994660983896E-09   1.1007394850558069E-24   6.1546872450130595E+03
   9.9767700000000000E+08   1.0238537191109819E+05   1.0134473986262057E-09   1.0857367489917754E-24   6.1585940355885887E+03
   9.9967700000000000E+08   1.0309604561819720E+05   1.0003189389209265E-09   1.0709987898347959E-24   6.1624642939041632E+03
   1.0016770000000000E+09   1.0380736216696771E+05   9.8740957143774925E-10   1.0565199324323005E-24   6.1662985032963443E+03
   1.0036770000000000E+09   1.0451932314296548E+05   9.7471492791141639E-10   1.0422946883754894E-24   6.1700971385580433E+03
   1.0056770000000000E+09   1.0523193545117839E+05   9.6223078290318563E-10   1.0283177500969770E-24   6.1738606661336553E+03
   1.0076770000000000E+09   1.0594520757115514E+05   9.4995303242231412E-10   1.0145839669658493E-24   6.1775895443068757E+03
   1.0096770000000000E+09   1.0665914427848223E+05   9.3787765501443168E-10   1.0010883027625709E-24   6.1812842233808387E+03
   1.0116770000000000E+09   1.0737374152640220E+05   9.2600067134235738E-10   9.8782579168460509E-25   6.1849451458502499E+03
   1.0136770000000000E+09   1.0808897660983220E+05   9.1431810950642563E-10   9.7479150024798435E-25   6.1885727465661294E+03
   1.0156770000000000E+09   1.0880481250836999E+05   9.0282599595687325E-10   9.6198051770135571E-25   6.1921674528956337E+03
   1.0176770000000000E+09   1.0952119582951517E+05   8.9152032380151687E-10   9.4938792047451820E-25   6.1957296848787737E+03
   1.0196770000000000E+09   1.1023806269815765E+05   8.8039712532763393E-10   9.3700884927023870E-25   6.1992598553835178E+03
   1.0216770000000000E+09   1.1095534816181390E+05   8.6945250947541265E-10   9.2483854809677343E-25   6.2027583702610382E+03
   1.0236770000000000E+09   1.1167299449269666E+05   8.5868270696423780E-10   9.1287241149039166E-25   6.2062256285011053E+03
   1.0256770000000000E+09   1.1239095763321477E+05   8.4808410384246043E-10   9.0110601937518596E-25   6.2096620223863320E+03
   1.0276770000000000E+09   1.1310921049555203E+05   8.3765325663152910E-10   8.8953515232447955E-25   6.2130679376438202E+03
   1.0296770000000000E+09   1.1382774292042371E+05   8.2738688853980120E-10   8.7815578670236543E-25   6.2164437535925736E+03
   1.0316770000000000E+09   1.1454655895807725E+05   8.1728187112434799E-10   8.6696407437574267E-25   6.2197898432856518E+03
   1.0336770000000000E+09   1.1526567260929296E+05   8.0733519814227006E-10   8.5595631418721304E-25   6.2231065736462615E+03
   1.0356770000000000E+09   1.1598510320557709E+05   7.9754395827075688E-10   8.4512892229688305E-25   6.2263943055981254E+03
   1.0376770000000000E+09   1.1670487133655261E+05   7.8790531165491917E-10   8.3447840665886831E-25   6.2296533941903772E+03
   1.0396770000000000E+09   1.1742499583508055E+05   7.7841647286080702E-10   8.2400134835858125E-25   6.2328841887178323E+03
   1.0416770000000000E+09   1.1814549195667884E+05   7.6907470063533599E-10   8.1369439022235316E-25   6.2360870328373685E+03
   1.0436770000000000E+09   1.1886637061875140E+05   7.5987729341332563E-10   8.0355423155985798E-25   6.2392622646810414E+03
   1.0456770000000000E+09   1.1958763842280414E+05   7.5082158885510681E-10   7.9357762720595776E-25   6.2424102169663647E+03
   1.0476770000000000E+09   1.2030929815583714E+05   7.4190496566321013E-10   7.8376138899569454E-25   6.2455312171042942E+03
   1.0496770000000000E+09   1.2103134951313783E+05   7.3312484625889829E-10   7.7410238816268351E-25   6.2486255873047612E+03
   1.0516770000000000E+09   1.2175378985865800E+05   7.2447869937350650E-10   7.6459755765702180E-25   6.2516936446801310E+03
   1.0536770000000000E+09   1.2247661491357748E+05   7.1596404205493397E-10   7.5524389385296151E-25   6.2547357013464834E+03
   1.0556770000000000E+09   1.2319981932421830E+05   7.0757844091938595E-10   7.4603845746705286E-25   6.2577520645226205E+03
   1.0576770000000000E+09   1.2392339710036579E+05   6.9931951268207607E-10   7.3697837372345038E-25   6.2607430366269809E+03
   1.0596770000000000E+09   1.2464734193658328E+05   6.9118492409884866E-10   7.2806083190705187E-25   6.2637089153723800E+03
   1.0616770000000000E+09   1.2537164743822407E+05   6.8317239147479751E-10   7.1928308447038550E-25   6.2666499938584766E+03
   1.0636770000000000E+09   1.2609630727480577E+05   6.7527967988119969E-10   7.1064244584416652E-25   6.2695665606622551E+03
   1.0656770000000000E+09   1.2682131528042105E+05   6.6750460219237277E-10   7.0213629106977134E-25   6.2724588999262132E+03
   1.0676770000000000E+09   1.2754666551694961E+05   6.5984501802268637E-10   6.9376205433837197E-25   6.2753272914446361E+03
   1.0696770000000000E+09   1.2827235231196355E+05   6.5229883261858309E-10   6.8551722749452391E-25   6.2781720107477631E+03
   1.0716770000000000E+09   1.2899837028012004E+05   6.4486399574194688E-10   6.7739935854227567E-25   6.2809933291839634E+03
   1.0736770000000000E+09   1.2972471433445146E+05   6.3753850056825601E-10   6.6940605017815273E-25   6.2837915140000332E+03
   1.0756770000000000E+09   1.3045137969202064E+05   6.3032038261392722E-10   6.6153495836580836E-25   6.2865668284196645E+03
   1.0776770000000000E+09   1.3117836187680945E+05   6.2320771870035454E-10   6.5378379095985828E-25   6.2893195317199124E+03
   1.0796770000000000E+09   1.3190565672134724E+05   6.1619862595688272E-10   6.4615030638080577E-25   6.2920498793061124E+03
   1.0816770000000000E+09   1.3263326036752784E+05   6.0929126086111994E-10   6.3863231233902423E-25   6.2947581227848978E+03
   1.0836770000000000E+09   1.3336116926640694E+05   6.0248381831282155E-10   6.3122766460342933E-25   6.2974445100356243E+03
   1.0856770000000000E+09   1.3408938017646605E+05   5.9577453073710066E-10   6.2393426581002262E-25   6.3001092852801221E+03
   1.0876770000000000E+09   1.3481789015988109E+05   5.8916166721343909E-10   6.1675006430624677E-25   6.3027526891509096E+03
   1.0896770000000000E+09   1.3554669657654141E+05   5.8264353262833235E-10   6.0967305302854932E-25   6.3053749587577495E+03
   1.0916770000000000E+09   1.3627579707582024E+05   5.7621846685073606E-10   6.0270126841193631E-25   6.3079763277528500E+03
   1.0936770000000000E+09   1.3700518958626146E+05   5.6988484393033933E-10   5.9583278933125344E-25   6.3105570263944619E+03
   1.0956770000000000E+09   1.3773487230340272E+05   5.6364107131891451E-10   5.8906573607414417E-25   6.3131172816091184E+03
   1.0976770000000000E+09   1.3846484367587100E+05   5.5748558911478637E-10   5.8239826934544404E-25   6.3156573170524644E+03
   1.0996770000000000E+09   1.3919510238975278E+05   5.5141686932992948E-10   5.7582858930223607E-25   6.3181773531686886E+03
   1.1016770000000000E+09   1.3992564735109272E+05   5.4543341517874387E-10   5.6935493461828703E-25   6.3206776072487664E+03
   1.1036770000000000E+09   1.4065647766624109E+05   5.3953376038724243E-10   5.6297558157632694E-25   6.3231582934872122E+03
   1.1056770000000000E+09   1.4138759261968036E+05   5.3371646852137059E-10   5.5668884318655393E-25   6.3256196230377691E+03
   1.1076770000000000E+09   1.4211899164892524E+05   5.2798013233328949E-10   5.5049306832994353E-25   6.3280618040677218E+03
   1.1096770000000000E+09   1.4285067431608433E+05   5.2232337312473632E-10   5.4438664092519315E-25   6.3304850418111646E+03
   1.1116770000000000E+09   1.4358264027566501E+05   5.1674484012693383E-10   5.3836797911855292E-25   6.3328895386210352E+03
   1.1136770000000000E+09   1.4431488923824651E+05   5.1124320989673117E-10   5.3243553449600904E-25   6.3352754940199020E+03
   1.1156770000000000E+09   1.4504742092965386E+05   5.0581718572896852E-10   5.2658779131759005E-25   6.3376431047498900E+03
   1.1176770000000000E+09   1.4578023504532169E+05   5.0046549708507884E-10   5.2082326577364854E-25   6.3399925648212793E+03
   1.1196770000000000E+09   1.4651333119956683E+05   4.9518689903808145E-10   5.1514050526306442E-25   6.3423240655603022E+03
   1.1216770000000000E+09   1.4724670886957200E+05   4.8998017173398349E-10   5.0953808769324182E-25   6.3446377956556189E+03
   1.1236770000000000E+09   1.4798036733395539E+05   4.8484411986963189E-10   5.0401462080172950E-25   6.3469339412040672E+03
   1.1256770000000000E+09   1.4871430560593167E+05   4.7977757218678802E-10   4.9856874149909151E-25   6.3492126857552657E+03
   1.1276770000000000E+09   1.4944852236120435E+05   4.7477938098209005E-10   4.9319911523250011E-25   6.3514742103553199E+03
   1.1296770000000000E+09   1.5018301586090453E+05   4.6984842163230619E-10   4.8790443536927774E-25   6.3537186935896134E+03
   1.1316770000000000E+09   1.5091778387009856E+05   4.6498359213400904E-10   4.8268342259934207E-25   6.3559463116245961E+03
   1.1336770000000000E+09   1.5165282357261758E+05   4.6018381265655156E-10   4.7753482435522836E-25   6.3581572382488666E+03
   1.1356770000000000E+09   1.5238813148321270E+05   4.5544802510686854E-10   4.7245741424805609E-25   6.3603516449130839E+03
   1.1376770000000000E+09   1.5312370335832835E+05   4.5077519270438837E-10   4.6744999151748317E-25   6.3625297007694226E+03
   1.1396770000000000E+09   1.5385953410706684E+05   4.4616429956394586E-10   4.6251138049339087E-25   6.3646915727098994E+03
   1.1416770000000000E+09   1.5459561770421753E+05   4.4161435028438855E-10   4.5764043006676562E-25   6.3668374254039836E+03
   1.1436770000000000E+09   1.5533194710752036E+05   4.3712436954025680E-10   4.5283601316697094E-25   6.3689674213354429E+03
   1.1456770000000000E+09   1.5606851418159899E+05   4.3269340167376531E-10   4.4809702624244280E-25   6.3710817208384324E+03
   1.1476770000000000E+09   1.5680530963125019E+05   4.2832051028415140E-10   4.4342238874168857E-25   6.3731804821328551E+03
   1.1496770000000000E+09   1.5754232294695463E+05   4.2400477781144153E-10   4.3881104259147342E-25   6.3752638613588633E+03
   1.1516770000000000E+09   1.5827954236561045E+05   4.1974530511175349E-10   4.3426195166912498E-25   6.3773320126108983E+03
   1.1536770000000000E+09   1.5901695484950949E+05   4.1554121102141700E-10   4.2977410126612449E-25   6.3793850879707443E+03
   1.1556770000000000E+09   1.5975454608652202E+05   4.1139163190755510E-10   4.2534649754046262E-25   6.3814232375402125E+03
   1.1576770000000000E+09   1.6049230051424212E+05   4.0729572120318610E-10   4.2097816695574416E-25   6.3834466094730478E+03
   1.1596770000000000E+09   1.6123020137052980E+05   4.0325264892553105E-10   4.1666815570564552E-25   6.3854553500060865E+03
   1.1616770000000000E+09   1.6196823077239111E+05   3.9926160117699169E-10   4.1241552912311958E-25   6.3874496034901213E+03
   1.1636770000000000E+09   1.6270636982451417E+05   3.9532177962908048E-10   4.0821937107464604E-25   6.3894295124198852E+03
   1.1656770000000000E+09   1.6344459875800079E+05   3.9143240099063817E-10   4.0407878334085404E-25   6.3913952174636634E+03
   1.1676770000000000E+09   1.6418289709891757E+05   3.8759269646271063E-10   3.9999288498594593E-25   6.3933468574923008E+03
   1.1696770000000000E+09   1.6492124386527095E+05   3.8380191118357762E-10   3.9596081171949881E-25   6.3952845696075983E+03
   1.1716770000000000E+09   1.6565961778991763E+05   3.8005930366854034E-10   3.9198171525533489E-25   6.3972084891704089E+03
   1.1736770000000000E+09   1.6639799756577538E+05   3.7636414525008905E-10   3.8805476267322997E-25   6.3991187498280806E+03
   1.1756770000000000E+09   1.6713636210861366E+05   3.7271571952495058E-10   3.8417913579009305E-25   6.4010154835413996E+03
   1.1776770000000000E+09   1.6787469083165954E+05   3.6911332181524753E-10   3.8035403054798338E-25   6.4028988206112126E+03
   1.1796770000000000E+09   1.6861296392536754E+05   3.6555625865139313E-10   3.7657865642674365E-25   6.4047688897045637E+03
   1.1816770000000000E+09   1.6935116263504000E+05   3.6204384728445048E-10   3.7285223588911236E-25   6.4066258178802727E+03
   1.1836770000000000E+09   1.7008926952856657E+05   3.5857541523546271E-10   3.6917400386591346E-25   6.4084697306141879E+03
   1.1856770000000000E+09   1.7082726874644464E+05   3.5515029988861346E-10   3.6554320728825918E-25   6.4103007518240574E+03
   1.1876770000000000E+09   1.7156514622649088E+05   3.5176784813409809E-10   3.6195910467268472E-25   6.4121190038938612E+03
   1.1896770000000000E+09   1.7230288989623752E+05   3.4842741606525919E-10   3.5842096576373783E-25   6.4139246076978407E+03
   1.1916770000000000E+09   1.7304048982691905E+05   3.4512836873294671E-10   3.5492807123691875E-25   6.4157176826240984E+03
   1.1936770000000000E+09   1.7377793834418885E+05   3.4187007995825010E-10   3.5147971246300285E-25   6.4174983465976238E+03
   1.1956770000000000E+09   1.7451523009215205E+05   3.3865193220288721E-10   3.4807519133282877E-25   6.4192667161032323E+03
   1.1976770000000000E+09   1.7525236204892004E+05   3.3547331649459110E-10   3.4471382013970431E-25   6.4210229062077942E+03
   1.1996770000000000E+09   1.7598933349359588E+05   3.3233363240311205E-10   3.4139492151476508E-25   6.4227670305822476E+03
   1.2016770000000000E+09   1.7672614592628556E+05   3.2923228806081673E-10   3.3811782840899426E-25   6.4244992015230828E+03
   1.2036770000000000E+09   1.7746280294433868E+05   3.2616870022059053E-10   3.3488188411429498E-25   6.4262195299734794E+03
   1.2056770000000000E+09   1.7819931007944967E+05   3.2314229434275710E-10   3.3168644231501992E-25   6.4279281255441183E+03
   1.2076770000000000E+09   1.7893567460148194E+05   3.2015250470209123E-10   3.2853086716074237E-25   6.4296250965333575E+03
   1.2096770000000000E+09   1.7967190529583217E+05   3.1719877450579006E-10   3.2541453335081822E-25   6.4313105499473068E+03
   1.2116770000000000E+09   1.8040801222184990E+05   3.1428055601328510E-10   3.2233682622138358E-25   6.4329845915192400E+03
   1.2136770000000000E+09   1.8114400646019715E+05   3.1139731064925917E-10   3.1929714182589678E-25   6.4346473257287671E+03
   1.2156770000000000E+09   1.8187989985711974E+05   3.0854850910190919E-10   3.1629488700107768E-25   6.4362988558206271E+03
   1.2176770000000000E+09   1.8261570477335816E+05   3.0573363139949719E-10   3.1332947941113926E-25   6.4379392838229414E+03
   1.2196770000000000E+09   1.8335143384490683E+05   3.0295216695942818E-10   3.1040034756441257E-25   6.4395687105654633E+03
   1.2216770000000000E+09   1.8408709976196423E+05   3.0020361460547960E-10   3.0750693079797094E-25   6.4411872356969370E+03
   1.2236770000000000E+09   1.8482271507132720E+05   2.9748748255039606E-10   3.0464867922739636E-25   6.4427949577025629E+03
   1.2256770000000000E+09   1.8555829200612704E+05   2.9480328834262342E-10   3.0182505366051612E-25   6.4443919739210214E+03
   1.2276770000000000E+09   1.8629384234531436E+05   2.9215055877760100E-10   2.9903552547559276E-25   6.4459783805609241E+03
   1.2296770000000000E+09   1.8702937730373876E+05   2.8952882977557736E-10   2.9627957646600386E-25   6.4475542727173142E+03
   1.2316770000000000E+09   1.8776490745215767E+05   2.8693764622920212E-10   2.9355669865481143E-25   6.4491197443875526E+03
   1.2336770000000000E+09   1.8850044266517003E+05   2.8437656182525879E-10   2.9086639408369734E-25   6.4506748884871977E+03
   1.2356770000000000E+09   1.8923599209400325E+05   2.8184513884553868E-10   2.8820817458143264E-25   6.4522197968652090E+03
   1.2376770000000000E+09   1.8997156416033191E+05   2.7934294795227975E-10   2.8558156151740129E-25   6.4537545603194358E+03
   1.2396770000000000E+09   1.9070716656697943E+05   2.7686956796341593E-10   2.8298608554559669E-25   6.4552792686112361E+03
   1.2416770000000000E+09   1.9144280632132103E+05   2.7442458562263402E-10   2.8042128634414608E-25   6.4567940104802838E+03
   1.2436770000000000E+09   1.9217848976749208E+05   2.7200759536853994E-10   2.7788671235477522E-25   6.4582988736588941E+03
   1.2456770000000000E+09   1.9291422262398386E+05   2.6961819910654603E-10   2.7538192052586555E-25   6.4597939448862426E+03
   1.2476770000000000E+09   1.9365001002378546E+05   2.6725600598627392E-10   2.7290647606194615E-25   6.4612793099221772E+03
   1.2496770000000000E+09   1.9438585655483001E+05   2.6492063218655472E-10   2.7045995218169966E-25   6.4627550535609907E+03
   1.2516770000000000E+09   1.9512176629904809E+05   2.6261170070943849E-10   2.6804192988590885E-25   6.4642212596448262E+03
   1.2536770000000000E+09   1.9585774286883243E+05   2.6032884118408291E-10   2.6565199773618801E-25   6.4656780110769041E+03
   1.2556770000000000E+09   1.9659378944013047E+05   2.5807168968094967E-10   2.6328975164490749E-25   6.4671253898345421E+03
   1.2576770000000000E+09   1.9732990878170572E+05   2.5583988853640264E-10   2.6095479467637374E-25   6.4685634769819853E+03
   1.2596770000000000E+09   1.9806610328043345E+05   2.5363308618750129E-10   2.5864673685902787E-25   6.4699923526829225E+03
   1.2616770000000000E+09   1.9880237496269174E+05   2.5145093701660701E-10   2.5636519500823594E-25   6.4714120962128427E+03
   1.2636770000000000E+09   1.9953872551207570E+05   2.4929310120529989E-10   2.5410979255912707E-25   6.4728227859713761E+03
   1.2656770000000000E+09   2.0027515628374508E+05   2.4715924459699657E-10   2.5188015940885349E-25   6.4742244994940102E+03
   1.2676770000000000E+09   2.0101166831571067E+05   2.4504903856774438E-10   2.4967593176767847E-25   6.4756173134640812E+03
   1.2696770000000000E+09   2.0174826233731091E+05   2.4296215990465121E-10   2.4749675201835081E-25   6.4770013037242079E+03
   1.2716770000000000E+09   2.0248493877502912E+05   2.4089829069153467E-10   2.4534226858329678E-25   6.4783765452877860E+03
   1.2736770000000000E+09   2.0322169775569724E+05   2.3885711820143683E-10   2.4321213579926115E-25   6.4797431123501428E+03
   1.2756770000000000E+09   2.0395853910705095E+05   2.3683833479570997E-10   2.4110601379907026E-25   6.4811010782996518E+03
   1.2776770000000000E+09   2.0469546235553356E+05   2.3484163782940311E-10   2.3902356840023720E-25   6.4824505157283511E+03
   1.2796770000000000E+09   2.0543246672123659E+05   2.3286672956270580E-10   2.3696447100011299E-25   6.4837914964429119E+03
   1.2816770000000000E+09   2.0616955110983702E+05   2.3091331707813522E-10   2.3492839847728758E-25   6.4851240914748714E+03
   1.2836770000000000E+09   2.0690671410137456E+05   2.2898111220321461E-10   2.3291503309893005E-25   6.4864483710911509E+03
   1.2856770000000000E+09   2.0764395393567678E+05   2.2706983143832198E-10   2.3092406243375380E-25   6.4877644048041129E+03
   1.2876770000000000E+09   2.0838126849416460E+05   2.2517919588945219E-10   2.2895517927031492E-25   6.4890722613815724E+03
   1.2896770000000000E+09   2.0911865527767604E+05   2.2330893120565226E-10   2.2700808154039057E-25   6.4903720088566797E+03
   1.2916770000000000E+09   2.0985611137978674E+05   2.2145876752096222E-10   2.2508247224725946E-25   6.4916637145374734E+03
   1.2936770000000000E+09   2.1059363345491566E+05   2.1962843940080737E-10   2.2317805939880315E-25   6.4929474450165153E+03
   1.2956770000000000E+09   2.1133121768021429E+05   2.1781768579292102E-10   2.2129455594551026E-25   6.4942232661802300E+03
   1.2976770000000000E+09   2.1206885971000040E+05   2.1602624998301787E-10   2.1943167972359090E-25   6.4954912432180481E+03
   1.2996770000000000E+09   2.1280655462125619E+05   2.1425387955557186E-10   2.1758915340354276E-25   6.4967514406315240E+03
   1.3016770000000000E+09   2.1354429684880425E+05   2.1250032635997123E-10   2.1576670444444209E-25   6.4980039222431496E+03
   1.3036770000000000E+09   2.1428208010937204E+05   2.1076534648199696E-10   2.1396406505387416E-25   6.4992487512053176E+03
   1.3056770000000000E+09   2.1501989731529466E+05   2.0904870021966455E-10   2.1218097215253864E-25   6.5004859900086667E+03
   1.3076770000000000E+09   2.1575774048147921E+05   2.0735015206093444E-10   2.1041716734094651E-25   6.5017157004908131E+03
   1.3096770000000000E+09   2.1649560063368463E+05   2.0566947065835694E-10   2.0867239686322084E-25   6.5029379438444657E+03
   1.3116770000000000E+09   2.1723346773232566E+05   2.0400642879255347E-10   2.0694641155974752E-25   6.5041527806257291E+03
   1.3136770000000000E+09   2.1797133063320784E+05   2.0236080331281101E-10   2.0523896679680006E-25   6.5053602707621885E+03
   1.3156770000000000E+09   2.1870917711369155E+05   2.0073237503976355E-10   2.0354982235792565E-25   6.5065604735606194E+03
   1.3176770000000000E+09   2.1944699399746797E+05   1.9912092861346452E-10   2.0187874228018181E-25   6.5077534477151548E+03
   1.3196770000000000E+09   2.2018476741036764E+05   1.9752625227154292E-10   2.0022549461982720E-25   6.5089392513146640E+03
   1.3216770000000000E+09   2.2092248319007186E+05   1.9594813754850947E-10   1.9858985113848518E-25   6.5101179418505944E+03
   1.3236770000000000E+09   2.2166012745161372E+05   1.9438637889946721E-10   1.9697158691324327E-25   6.5112895762244007E+03
   1.3256770000000000E+09   2.2239768727788550E+05   1.9284077326947146E-10   1.9537047989234018E-25   6.5124542107551479E+03
   1.3276770000000000E+09   2.2313515146363663E+05   1.9131111965103285E-10   1.9378631043961328E-25   6.5136119011867859E+03
   1.3296770000000000E+09   2.2387251120136864E+05   1.8979721869191825E-10   1.9221886093067630E-25   6.5147627026957898E+03
   1.3316770000000000E+09   2.2460976057134412E+05   1.8829887242629167E-10   1.9066791547474116E-25   6.5159066698982169E+03
   1.3336770000000000E+09   2.2534689670066891E+05   1.8681588419697219E-10   1.8913325983045256E-25   6.5170438568571917E+03
   1.3356770000000000E+09   2.2608391949957504E+05   1.8534805880982907E-10   1.8761468155692307E-25   6.5181743170898717E+03
   1.3376770000000000E+09   2.2682083096782348E+05   1.8389520291395190E-10   1.8611197039306032E-25   6.5192981035747898E+03
   1.3396770000000000E+09   2.2755763417578838E+05   1.8245712554205135E-10   1.8462491879846623E-25   6.5204152687583091E+03
   1.3416770000000000E+09   2.2829433213192475E+05   1.8103363869193828E-10   1.8315332253503197E-25   6.5215258645615822E+03
   1.3436770000000000E+09   2.2903092680953137E+05   1.7962455780295765E-10   1.8169698114141901E-25   6.5226299423868959E+03
   1.3456770000000000E+09   2.2976741858508094E+05   1.7822970199837713E-10   1.8025569817021413E-25   6.5237275531240848E+03
   1.3476770000000000E+09   2.3050380622627909E+05   1.7684889402944255E-10   1.7882928112328922E-25   6.5248187471566835E+03
   1.3496770000000000E+09   2.3124008738755478E+05   1.7548195995288686E-10   1.7741754111811899E-25   6.5259035743679751E+03
   1.3516770000000000E+09   2.3197625938846078E+05   1.7412872866653036E-10   1.7602029241153085E-25   6.5269820841472419E+03
   1.3536770000000000E+09   2.3271231994679052E+05   1.7278903147653688E-10   1.7463735195649325E-25   6.5280543253953920E+03
   1.3556770000000000E+09   2.3344826757072003E+05   1.7146270184779558E-10   1.7326853914473451E-25   6.5291203465313956E+03
   1.3576770000000000E+09   2.3418410148115346E+05   1.7014957539942235E-10   1.7191367579735491E-25   6.5301801954977000E+03
   1.3596770000000000E+09   2.3491982116360491E+05   1.6884949009010519E-10   1.7057258634699263E-25   6.5312339197661640E+03
   1.3616770000000000E+09   2.3565542582246286E+05   1.6756228645148658E-10   1.6924509806802071E-25   6.5322815663435413E+03
   1.3636770000000000E+09   2.3639091403295737E+05   1.6628780771912284E-10   1.6793104120288544E-25   6.5333231817771684E+03
   1.3656770000000000E+09   2.3712628374298464E+05   1.6502589978454032E-10   1.6663024890776893E-25   6.5343588121601915E+03
   1.3676770000000000E+09   2.3786153255487862E+05   1.6377641100378120E-10   1.6534255705372812E-25   6.5353885031375185E+03
   1.3696770000000000E+09   2.3859665805709132E+05   1.6253919197749985E-10   1.6406780399971194E-25   6.5364122999112278E+03
   1.3716770000000000E+09   2.3933165797977586E+05   1.6131409541599826E-10   1.6280583045174626E-25   6.5374302472466279E+03
   1.3736770000000000E+09   2.4006653010509766E+05   1.6010097612595943E-10   1.6155647944506765E-25   6.5384423894778756E+03
   1.3756770000000000E+09   2.4080127205043688E+05   1.5889969106420266E-10   1.6031959639373341E-25   6.5394487705136935E+03
   1.3776770000000000E+09   2.4153588111826734E+05   1.5771009936590808E-10   1.5909502911433696E-25   6.5404494338419099E+03
   1.3796770000000000E+09   2.4227035432073078E+05   1.5653206229436291E-10   1.5788262777060751E-25   6.5414444225336110E+03
   1.3816770000000000E+09   2.4300468852311288E+05   1.5536544313639972E-10   1.5668224476355799E-25   6.5424337792453343E+03
   1.3836770000000000E+09   2.4373888054979237E+05   1.5421010711544238E-10   1.5549373463972898E-25   6.5434175462211379E+03
   1.3856770000000000E+09   2.4447292712415132E+05   1.5306592137976770E-10   1.5431695407553163E-25   6.5443957652936679E+03
   1.3876770000000000E+09   2.4520682457879221E+05   1.5193275508649035E-10   1.5315176195821772E-25   6.5453684778874358E+03
   1.3896770000000000E+09   2.4594056815174589E+05   1.5081047963548574E-10   1.5199801961839400E-25   6.5463357250257568E+03
   1.3916770000000000E+09   2.4667415005976812E+05   1.4969896933462238E-10   1.5085559149865667E-25   6.5472975473435918E+03
   1.3936770000000000E+09   2.4740755383675077E+05   1.4859810339853247E-10   1.4972434716999201E-25   6.5482539851070414E+03
   1.3956770000000000E+09   2.4814073827577493E+05   1.4750777167367931E-10   1.4860416711226829E-25   6.5492050782357364E+03
   1.3976770000000000E+09   2.4887359465043558E+05   1.4642788993084099E-10   1.4749495815432844E-25   6.5501508663189807E+03
   1.3996770000000000E+09   2.4960584013145417E+05   1.4535843797539545E-10   1.4639669193945690E-25   6.5510913886068647E+03
   1.4016770000000000E+09   2.5033677123596423E+05   1.4429954781758254E-10   1.4530949387545883E-25   6.5520266839525775E+03
   1.4036770000000000E+09   2.5106474161000809E+05   1.4325169061152408E-10   1.4423383161919538E-25   6.5529567906761085E+03
   1.4056770000000000E+09   2.5178617128137953E+05   1.4221603217543933E-10   1.4317087328870280E-25   6.5538817463324158E+03
   1.4076770000000000E+09   2.5249392524761616E+05   1.4119501761103206E-10   1.4212307598322395E-25   6.5548015873989752E+03
   1.4096770000000000E+09   2.5317520104634025E+05   1.4019314047344790E-10   1.4109495900700626E-25   6.5557163489657587E+03
   1.4116770000000000E+09   2.5380986333695031E+05   1.3921756767492200E-10   1.4009372973122762E-25   6.5566260646148548E+03
   1.4136770000000000E+09   2.5437141410244987E+05   1.3827783332219985E-10   1.3912896962489296E-25   6.5575307667716779E+03
   1.4156770000000000E+09   2.5483353961099318E+05   1.3738350512514686E-10   1.3821027899387718E-25   6.5584304877618624E+03
   1.4176770000000000E+09   2.5518322574341277E+05   1.3653935982652965E-10   1.3734242023227599E-25   6.5593252613269251E+03
   1.4196770000000000E+09   2.5543507691596146E+05   1.3573989202754685E-10   1.3651980363977035E-25   6.5602151231689932E+03
   1.4216770000000000E+09   2.5563444553595304E+05   1.3496777092580101E-10   1.3572495864506772E-25   6.5611001075766762E+03
   1.4236770000000000E+09   2.5584078138942164E+05   1.3419992964130544E-10   1.3493467853669322E-25   6.5619802376082371E+03
   1.4256770000000000E+09   2.5610365949610568E+05   1.3341726170810019E-10   1.3412976414440050E-25   6.5628555138584506E+03
   1.4276770000000000E+09   2.5646078991730235E+05   1.3260649733344869E-10   1.3329688024718309E-25   6.5637259267405916E+03
   1.4296770000000000E+09   2.5696371516527041E+05   1.3175099989804647E-10   1.3241929671286702E-25   6.5645915341884502E+03
   1.4316770000000000E+09   2.5767428709621532E+05   1.3082406894572016E-10   1.3147019467319500E-25   6.5654525970537788E+03
   1.4336770000000000E+09   2.5874864268925696E+05   1.2983576007549382E-10   1.3045973488789616E-25   6.5663095888792650E+03
   1.4356770000000000E+09   2.5887181245751199E+05   1.2844379829195271E-10   1.2904403298099293E-25   6.5671608688113947E+03
