   99.999999999996461        5.0000000000000003E-002         390        2001
   80.479812979494170        20.199451252266851     
   6.5767700000000000E+08  -3.0683216905122631E+03   1.4370780677012101E-08   3.3745740296559397E-18   8.1923495218896142E+02
   6.5967700000000000E+08  -3.4926374781208742E+03   1.7630262430603797E-08   4.0596263089051007E-18   8.3544870484222167E+02
   6.6167700000000000E+08  -3.7408369510575794E+03   1.8697833968712697E-08   4.2301109131645616E-18   8.5032826610535710E+02
   6.6367700000000000E+08  -3.5717418548246378E+03   1.8274128157395765E-08   4.0618140557425158E-18   8.6549327900405058E+02
   6.6567700000000000E+08  -3.0037291427706177E+03   1.7124726850680799E-08   3.7306511344472240E-18   8.8305160832180343E+02
   6.6767700000000000E+08  -2.3129236225779923E+03   1.5823485327698487E-08   3.3630505577903450E-18   9.0514013810188726E+02
   6.6967700000000000E+08  -1.6741447091971693E+03   1.4643872411514544E-08   3.0198019993114512E-18   9.3287733038095041E+02
   6.7167700000000000E+08  -1.0811935756173841E+03   1.3661831962503072E-08   2.7172457968136181E-18   9.6722404660031214E+02
   6.7367700000000000E+08  -4.5816050684203231E+02   1.2887960667445750E-08   2.4554254043102284E-18   1.0097283003083021E+03
   6.7567700000000000E+08   3.5099618908050246E+02   1.2327320701827913E-08   2.2281534377677934E-18   1.0643161975232597E+03
   6.7767700000000000E+08   1.4363722234609413E+03   1.1994146374556634E-08   2.0271918690909998E-18   1.1382078079437479E+03
   6.7967700000000000E+08   2.7339429354645135E+03   1.1876965244758329E-08   1.8475758038210837E-18   1.2366599357234086E+03
   6.8167700000000000E+08   4.1288206696271172E+03   1.1915856067407058E-08   1.6876010700047511E-18   1.3583213536958906E+03
   6.8367700000000000E+08   5.5748209629194089E+03   1.2023739469346440E-08   1.5476697876279087E-18   1.4945426881325368E+03
   6.8567700000000000E+08   7.1152096546369694E+03   1.2128754320118078E-08   1.4269162967741150E-18   1.6351770102466892E+03
   6.8767700000000000E+08   8.7858954677047477E+03   1.2193391441804194E-08   1.3232432317969444E-18   1.7726863733336438E+03
   6.8967700000000000E+08   1.0591527982129397E+04   1.2206244003878384E-08   1.2340338074227696E-18   1.9028390747710573E+03
   6.9167700000000000E+08   1.2511940238554886E+04   1.2169473145801057E-08   1.1567553500074990E-18   2.0238453878303974E+03
   6.9367700000000000E+08   1.4516017739754370E+04   1.2090180378304686E-08   1.0892043410416157E-18   2.1353569766612527E+03
   6.9567700000000000E+08   1.6568304820256930E+04   1.1976147852189131E-08   1.0295589742522255E-18   2.2377573484609802E+03
   6.9767700000000000E+08   1.8631619549841751E+04   1.1834068508321692E-08   9.7634219525343946E-19   2.3317344634502169E+03
   6.9967700000000000E+08   2.0668441684567271E+04   1.1669098128944550E-08   9.2836599581136472E-19   2.4180492308884582E+03
   7.0167700000000000E+08   2.2641596009098033E+04   1.1484968206842709E-08   8.8467765549410753E-19   2.4974212946538346E+03
   7.0367700000000000E+08   2.4515060076800146E+04   1.1284292185981478E-08   8.4451448159246827E-19   2.5704803793503565E+03
   7.0567700000000000E+08   2.6255009934862817E+04   1.1068908978060406E-08   8.0726795987550050E-19   2.6377532804290427E+03
   7.0767700000000000E+08   2.7831038744051632E+04   1.0840198258097666E-08   7.7245591540346695E-19   2.6996694583951380E+03
   7.0967700000000000E+08   2.9217448023318986E+04   1.0599342291975907E-08   7.3970076420554133E-19   2.7565756878131465E+03
   7.1167700000000000E+08   3.0394500256578373E+04   1.0347527360945201E-08   7.0871215597986080E-19   2.8087544468782598E+03
   7.1367700000000000E+08   3.1349520382533148E+04   1.0086084502285233E-08   6.7927260735268841E-19   2.8564430679861507E+03
   7.1567700000000000E+08   3.2077721857376051E+04   9.8165714726666689E-09   6.5122503153623316E-19   2.8998519043627293E+03
   7.1767700000000000E+08   3.2582623181697167E+04   9.5407987637066214E-09   6.2446135595030116E-19   2.9391803771674249E+03
   7.1967700000000000E+08   3.2875928559688931E+04   9.2608042018402053E-09   5.9891171954375908E-19   2.9746300587874443E+03
   7.2167700000000000E+08   3.2976787721387627E+04   8.9787838322898466E-09   5.7453406414444752E-19   3.0064141323655003E+03
   7.2367700000000000E+08   3.2910429908490085E+04   8.6969910133696248E-09   5.5130425298381808E-19   3.0347627870880451E+03
   7.2567700000000000E+08   3.2706274168715685E+04   8.4176196044512814E-09   5.2920710430148992E-19   3.0599244352169385E+03
   7.2767700000000000E+08   3.2395724696936977E+04   8.1426891412669049E-09   5.0822885064983166E-19   3.0821630649808608E+03
   7.2967700000000000E+08   3.2009931206163383E+04   7.8739487129217623E-09   4.8835148491206127E-19   3.1017524975122133E+03
   7.3167700000000000E+08   3.1577803384590108E+04   7.6128117454397802E-09   4.6954924666332244E-19   3.1189686808805218E+03
   7.3367700000000000E+08   3.1124509813569988E+04   7.3603271740160272E-09   4.5178720744361998E-19   3.1340813248734403E+03
   7.3567700000000000E+08   3.0670584344974097E+04   7.1171854506326704E-09   4.3502162828982426E-19   3.1473461082161125E+03
   7.3767700000000000E+08   3.0231641725037542E+04   6.8837523339656012E-09   4.1920157118224180E-19   3.1589984042227861E+03
   7.3967700000000000E+08   2.9818604137400391E+04   6.6601205253950388E-09   4.0427118690429431E-19   3.1692490620329809E+03
   7.4167700000000000E+08   2.9438282848410210E+04   6.4461690121196216E-09   3.9017216366012078E-19   3.1782823609812990E+03
   7.4367700000000000E+08   2.9094147572860871E+04   6.2416217378898988E-09   3.7684595842321591E-19   3.1862559177144558E+03
   7.4567700000000000E+08   2.8787139595422159E+04   6.0460999190919841E-09   3.6423559301147497E-19   3.1933021174804012E+03
   7.4767700000000000E+08   2.8516426171018611E+04   5.8591650543322718E-09   3.5228693781181063E-19   3.1995305647813680E+03
   7.4967700000000000E+08   2.8280037876315182E+04   5.6803518756719688E-09   3.4094950654024085E-19   3.2050310751699972E+03
   7.5167700000000000E+08   2.8075367431032981E+04   5.5091919515938578E-09   3.3017684215553191E-19   3.2098768180918059E+03
   7.5367700000000000E+08   2.7899533978498057E+04   5.3452294209967395E-09   3.1992659494668721E-19   3.2141273320861628E+03
   7.5567700000000000E+08   2.7749631137808763E+04   5.1880305835486958E-09   3.1016039086644864E-19   3.2178312409804498E+03
   7.5767700000000000E+08   2.7622882765133025E+04   5.0371889885796415E-09   3.0084357263464924E-19   3.2210285878772233E+03
   7.5967700000000000E+08   2.7516730307102338E+04   4.8923274154602515E-09   2.9194487630763673E-19   3.2237527676343079E+03
   7.6167700000000000E+08   2.7428872529308803E+04   4.7530978365012828E-09   2.8343608696879212E-19   3.2260320794424883E+03
   7.6367700000000000E+08   2.7357274148831482E+04   4.6191801653246824E-09   2.7529170137338412E-19   3.2278909434076982E+03
   7.6567700000000000E+08   2.7300155644180886E+04   4.4902803507088508E-09   2.6748861346488728E-19   3.2293508339666523E+03
   7.6767700000000000E+08   2.7255972837517867E+04   4.3661281869242659E-09   2.6000583039159819E-19   3.2304309832611243E+03
   7.6967700000000000E+08   2.7223391941827824E+04   4.2464750731752248E-09   2.5282422130457032E-19   3.2311489030024791E+03
   7.7167700000000000E+08   2.7201263624517971E+04   4.1310918583286105E-09   2.4592629804505085E-19   3.2315207665126218E+03
   7.7367700000000000E+08   2.7188598143778370E+04   4.0197668428726784E-09   2.3929602515273653E-19   3.2315616852186572E+03
   7.7567700000000000E+08   2.7184542621081164E+04   3.9123039691435334E-09   2.3291865591213875E-19   3.2312859068737434E+03
   7.7767700000000000E+08   2.7188360886389099E+04   3.8085212061010476E-09   2.2678059101761169E-19   3.2307069566473638E+03
   7.7967700000000000E+08   2.7199415959462876E+04   3.7082491209182599E-09   2.2086925661728681E-19   3.2298377371319225E+03
   7.8167700000000000E+08   2.7217155025299602E+04   3.6113296225010986E-09   2.1517299882588390E-19   3.2286905992276320E+03
   7.8367700000000000E+08   2.7241096662583357E+04   3.5176148591285768E-09   2.0968099217648879E-19   3.2272773926829600E+03
   7.8567700000000000E+08   2.7270820048891193E+04   3.4269662519450063E-09   2.0438315985653588E-19   3.2256095026386784E+03
   7.8767700000000000E+08   2.7305955867540164E+04   3.3392536469242124E-09   1.9927010391586072E-19   3.2236978767038777E+03
   7.8967700000000000E+08   2.7346178660873331E+04   3.2543545694693197E-09   1.9433304393400533E-19   3.2215530457492737E+03
   7.9167700000000000E+08   2.7391200402885934E+04   3.1721535675982518E-09   1.8956376288826773E-19   3.2191851406254632E+03
   7.9367700000000000E+08   2.7440765094280039E+04   3.0925416314615382E-09   1.8495455917636113E-19   3.2166039063105827E+03
   7.9567700000000000E+08   2.7494644212043459E+04   3.0154156786238520E-09   1.8049820392306667E-19   3.2138187144919880E+03
   7.9767700000000000E+08   2.7552632871920028E+04   2.9406780960576072E-09   1.7618790284444024E-19   3.2108385752357181E+03
   7.9967700000000000E+08   2.7614546585107000E+04   2.8682363311293654E-09   1.7201726206129597E-19   3.2076721481543868E+03
   8.0167700000000000E+08   2.7680218510169230E+04   2.7980025250107302E-09   1.6798025735050620E-19   3.2043277533180708E+03
   8.0367700000000000E+08   2.7749497117740968E+04   2.7298931829299069E-09   1.6407120640212877E-19   3.2008133820417602E+03
   8.0567700000000000E+08   2.7822244199493311E+04   2.6638288765159015E-09   1.6028474371579571E-19   3.1971367076101033E+03
   8.0767700000000000E+08   2.7898333164442931E+04   2.5997339741947898E-09   1.5661579782388047E-19   3.1933050959543184E+03
   8.0967700000000000E+08   2.7977647575390023E+04   2.5375363961944592E-09   1.5305957057385400E-19   3.1893256162685816E+03
   8.1167700000000000E+08   2.8060079886414820E+04   2.4771673912179281E-09   1.4961151823969976E-19   3.1852050515381125E+03
   8.1367700000000000E+08   2.8145530349231944E+04   2.4185613322704705E-09   1.4626733426367305E-19   3.1809499089444371E+03
   8.1567700000000000E+08   2.8233906062047372E+04   2.3616555294844366E-09   1.4302293345614305E-19   3.1765664301119805E+03
   8.1767700000000000E+08   2.8325120139564799E+04   2.3063900580890798E-09   1.3987443750366072E-19   3.1720606011622376E+03
   8.1967700000000000E+08   2.8419090987090669E+04   2.2527075999289181E-09   1.3681816165440518E-19   3.1674381625460792E+03
   8.2167700000000000E+08   2.8515741665374495E+04   2.2005532971510060E-09   1.3385060246637166E-19   3.1627046186300799E+03
   8.2367700000000000E+08   2.8614999335969736E+04   2.1498746168645637E-09   1.3096842651749263E-19   3.1578652470187017E+03
   8.2567700000000000E+08   2.8716794779527310E+04   2.1006212257304994E-09   1.2816845998868216E-19   3.1529251076001797E+03
   8.2767700000000000E+08   2.8821061981541057E+04   2.0527448735682004E-09   1.2544767904089540E-19   3.1478890513096717E+03
   8.2967700000000000E+08   2.8927737781665135E+04   2.0061992851749044E-09   1.2280320091586739E-19   3.1427617286086238E+03
   8.3167700000000000E+08   2.9036761583789215E+04   1.9609400596434685E-09   1.2023227569754884E-19   3.1375475976837829E+03
   8.3367700000000000E+08   2.9148075124624069E+04   1.9169245765385636E-09   1.1773227867746283E-19   3.1322509323731601E+03
   8.3567700000000000E+08   2.9261622298601720E+04   1.8741119083533025E-09   1.1530070327253615E-19   3.1268758298291409E+03
   8.3767700000000000E+08   2.9377349036508567E+04   1.8324627387190139E-09   1.1293515444848602E-19   3.1214262179306616E+03
   8.3967700000000000E+08   2.9495203234490033E+04   1.7919392858839456E-09   1.1063334260578059E-19   3.1159058624574004E+03
   8.4167700000000000E+08   2.9615134729018733E+04   1.7525052310128012E-09   1.0839307788861007E-19   3.1103183740386289E+03
   8.4367700000000000E+08   2.9737095312197744E+04   1.7141256508912633E-09   1.0621226488038107E-19   3.1046672148883317E+03
   8.4567700000000000E+08   2.9861038780515817E+04   1.6767669546489700E-09   1.0408889765204750E-19   3.0989557053363742E+03
   8.4767700000000000E+08   2.9986921009024889E+04   1.6403968241427035E-09   1.0202105513224343E-19   3.0931870301629069E+03
   8.4967700000000000E+08   3.0114700042006840E+04   1.6049841576693066E-09   1.0000689677070901E-19   3.0873642447403968E+03
   8.5167700000000000E+08   3.0244336190629812E+04   1.5704990167062752E-09   9.8044658468991929E-20   3.0814902809845394E+03
   8.5367700000000000E+08   3.0375792127963581E+04   1.5369125754070632E-09   9.6132648754857648E-20   3.0755679531123487E+03
   8.5567700000000000E+08   3.0509032972068977E+04   1.5041970726079448E-09   9.4269245179266870E-20   3.0695999632030321E+03
   8.5767700000000000E+08   3.0644026348707248E+04   1.4723257661334102E-09   9.2452890917159019E-20   3.0635889065550905E+03
   8.5967700000000000E+08   3.0780742426494198E+04   1.4412728892169929E-09   9.0682091555587722E-20   3.0575372768316565E+03
   8.6167700000000000E+08   3.0919153918975971E+04   1.4110136088832229E-09   8.8955412054945843E-20   3.0514474709852661E+03
   8.6367700000000000E+08   3.1059236050034302E+04   1.3815239861636134E-09   8.7271473871058542E-20   3.0453217939536185E+03
   8.6567700000000000E+08   3.1200966481108437E+04   1.3527809380439249E-09   8.5628952227760226E-20   3.0391624631186073E+03
   8.6767700000000000E+08   3.1344325200807893E+04   1.3247622010613244E-09   8.4026573531183397E-20   3.0329716125228456E+03
   8.6967700000000000E+08   3.1489294379471125E+04   1.2974462964874662E-09   8.2463112918336465E-20   3.0267512968401415E+03
   8.7167700000000000E+08   3.1635858192959877E+04   1.2708124970471621E-09   8.0937391933640757E-20   3.0205034950992231E+03
   8.7367700000000000E+08   3.1784002621384392E+04   1.2448407951316811E-09   7.9448276327907905E-20   3.0142301141631256E+03
   8.7567700000000000E+08   3.1933715229459864E+04   1.2195118724715569E-09   7.7994673974819562E-20   3.0079329919698175E+03
   8.7767700000000000E+08   3.2084984935764012E+04   1.1948070712358596E-09   7.6575532900307145E-20   3.0016139005426699E+03
   8.7967700000000000E+08   3.2237801778287932E+04   1.1707083665244408E-09   7.5189839420397556E-20   2.9952745487822140E+03
   8.8167700000000000E+08   3.2392156683406705E+04   1.1471983402167192E-09   7.3836616383097544E-20   2.9889165850529289E+03
   8.8367700000000000E+08   3.2548041244780186E+04   1.1242601561362413E-09   7.2514921509797229E-20   2.9825415995807193E+03
   8.8567700000000000E+08   3.2705447517843259E+04   1.1018775364848179E-09   7.1223845831508038E-20   2.9761511266779512E+03
   8.8767700000000000E+08   3.2864367834636199E+04   1.0800347394941568E-09   6.9962512215040034E-20   2.9697466468137059E+03
   8.8967700000000000E+08   3.3024794643081215E+04   1.0587165382357167E-09   6.8730073973918434E-20   2.9633295885471966E+03
   8.9167700000000000E+08   3.3186720375052726E+04   1.0379082005201312E-09   6.7525713558365141E-20   2.9569013303424749E+03
   8.9367700000000000E+08   3.3350137350143654E+04   1.0175954698009851E-09   6.6348641317689667E-20   2.9504632022832811E+03
   8.9567700000000000E+08   3.3515037729662727E+04   9.9776454696514617E-10   6.5198094326326184E-20   2.9440164877095522E+03
   8.9767700000000000E+08   3.3681413553349230E+04   9.7840207282608921E-10   6.4073335260317768E-20   2.9375624248046524E+03
   8.9967700000000000E+08   3.3849256927742012E+04   9.5949511101226391E-10   6.2973651302477473E-20   2.9311022081796364E+03
   9.0167700000000000E+08   3.4018560499216954E+04   9.4103113073503194E-10   6.1898353039907915E-20   2.9246369905359156E+03
   9.0367700000000000E+08   3.4189318436793132E+04   9.2299798864202282E-10   6.0846773297576852E-20   2.9181678845490574E+03
   9.0567700000000000E+08   3.4361528237036509E+04   9.0538390874355719E-10   5.9818265834841637E-20   2.9116959652061269E+03
   9.0767700000000000E+08   3.4535193636613847E+04   8.8817745962630305E-10   5.8812203844259991E-20   2.9052222729235159E+03
   9.0967700000000000E+08   3.4710328550779181E+04   8.7136752957872324E-10   5.7827978285019986E-20   2.8987478177912703E+03
   9.1167700000000000E+08   3.4886960940224388E+04   8.5494330375653122E-10   5.6864996322123801E-20   2.8922735850686977E+03
   9.1367700000000000E+08   3.5065133710534916E+04   8.3889425328689398E-10   5.5922680545469812E-20   2.8858005413705073E+03
   9.1567700000000000E+08   3.5244897794773889E+04   8.2321015180346874E-10   5.5000470051467932E-20   2.8793296397128092E+03
   9.1767700000000000E+08   3.5426292532852611E+04   8.0788113340336853E-10   5.4097824412712559E-20   2.8728618200717528E+03
   9.1967700000000000E+08   3.5609313571364059E+04   7.9289778739494728E-10   5.3214230332853266E-20   2.8663980015179659E+03
   9.2167700000000000E+08   3.5793880449385360E+04   7.7825124649989221E-10   5.2349208127854258E-20   2.8599390641722725E+03
   9.2367700000000000E+08   3.5979828904194786E+04   7.6393318527632774E-10   5.1502312322187859E-20   2.8534858252291510E+03
   9.2567700000000000E+08   3.6166952083222641E+04   7.4993565875981628E-10   5.0673121318531964E-20   2.8470390207098853E+03
   9.2767700000000000E+08   3.6355083079505224E+04   7.3625081126802498E-10   4.9861217768901266E-20   2.8405993066546112E+03
   9.2967700000000000E+08   3.6544163951634750E+04   7.2287063826419526E-10   4.9066171895367304E-20   2.8341672831542373E+03
   9.3167700000000000E+08   3.6734241510948690E+04   7.0978703192158336E-10   4.8287543791210516E-20   2.8277435266617908E+03
   9.3367700000000000E+08   3.6925380851110072E+04   6.9699205122472777E-10   4.7524901356167370E-20   2.8213286084833094E+03
   9.3567700000000000E+08   3.7117589464797849E+04   6.8447813292036244E-10   4.6777834856379352E-20   2.8149230898921146E+03
   9.3767700000000000E+08   3.7310901730128659E+04   6.7223828619648125E-10   4.6045970627969516E-20   2.8085275132729198E+03
   9.3967700000000000E+08   3.7505559764426893E+04   6.6026636851960147E-10   4.5328989973376560E-20   2.8021424275139257E+03
   9.4167700000000000E+08   3.7701955311797064E+04   6.4855683933167567E-10   4.4626611892684502E-20   2.7957684468992893E+03
   9.4367700000000000E+08   3.7900227189313700E+04   6.3710350586789538E-10   4.3938506784430944E-20   2.7894062699713504E+03
   9.4567700000000000E+08   3.8099922295348784E+04   6.2589834838671819E-10   4.3264216164613817E-20   2.7830565897377401E+03
   9.4767700000000000E+08   3.8300158889864855E+04   6.1493207524321571E-10   4.2603192007703165E-20   2.7767199383492157E+03
   9.4967700000000000E+08   3.8500217747960814E+04   6.0419608855799558E-10   4.1954933280422655E-20   2.7703966037727937E+03
   9.5167700000000000E+08   3.8700091027402537E+04   5.9368408909719138E-10   4.1319096732426200E-20   2.7640867075354622E+03
   9.5367700000000000E+08   3.8900723622756501E+04   5.8339213106725103E-10   4.0695499490049089E-20   2.7577903980480373E+03
   9.5567700000000000E+08   3.9103029578417911E+04   5.7331694403728179E-10   4.0084001137669616E-20   2.7515080199150202E+03
   9.5767700000000000E+08   3.9307086634995743E+04   5.6345422715338208E-10   3.9484385323106824E-20   2.7452400834946357E+03
   9.5967700000000000E+08   3.9512702285724466E+04   5.5379878586363628E-10   3.8896370807943296E-20   2.7389871139087240E+03
   9.6167700000000000E+08   3.9719732212206378E+04   5.4434536124156501E-10   3.8319670004838743E-20   2.7327495874549377E+03
   9.6367700000000000E+08   3.9928079243414606E+04   5.3508886702109099E-10   3.7754005488228142E-20   2.7265279376885796E+03
   9.6567700000000000E+08   4.0137677278458897E+04   5.2602440330597297E-10   3.7199110902864717E-20   2.7203225649497263E+03
   9.6767700000000000E+08   4.0348479819008324E+04   5.1714723933073853E-10   3.6654729733603097E-20   2.7141338437881859E+03
   9.6967700000000000E+08   4.0560453397125268E+04   5.0845279984285998E-10   3.6120614357907649E-20   2.7079621280057409E+03
   9.7167700000000000E+08   4.0773573496840851E+04   4.9993665546730496E-10   3.5596525396272168E-20   2.7018077541675675E+03
   9.7367700000000000E+08   4.0987821993873149E+04   4.9159451365995004E-10   3.5082231113260518E-20   2.6956710441542582E+03
   9.7567700000000000E+08   4.1203185362986027E+04   4.8342220996607721E-10   3.4577506843941702E-20   2.6895523070811423E+03
   9.7767700000000000E+08   4.1419653142999930E+04   4.7541570055590577E-10   3.4082134512938325E-20   2.6834518407312316E+03
   9.7967700000000000E+08   4.1637216710020955E+04   4.6757105599515847E-10   3.3595902242712945E-20   2.6773699325881871E+03
   9.8167700000000000E+08   4.1855868538758958E+04   4.5988445567851988E-10   3.3118604009314398E-20   2.6713068605821750E+03
   9.8367700000000000E+08   4.2075601829436368E+04   4.5235218292366459E-10   3.2650039344348947E-20   2.6652628936628230E+03
   9.8567700000000000E+08   4.2296410278750351E+04   4.4497062095013758E-10   3.2190013099042486E-20   2.6592382922682045E+03
   9.8767700000000000E+08   4.2518287907662605E+04   4.3773624956306880E-10   3.1738335257766223E-20   2.6532333087230809E+03
   9.8967700000000000E+08   4.2741228866260368E+04   4.3064564217941543E-10   3.1294820775173215E-20   2.6472481875823350E+03
   9.9167700000000000E+08   4.2965227125430909E+04   4.2369546295765726E-10   3.0859289419870912E-20   2.6412831659142562E+03
   9.9367700000000000E+08   4.3190276198155334E+04   4.1688246394163810E-10   3.0431565618241735E-20   2.6353384735125837E+03
   9.9567700000000000E+08   4.3416369351811169E+04   4.1020348253716031E-10   3.0011478321234366E-20   2.6294143330709767E+03
   9.9767700000000000E+08   4.3643500880999505E+04   4.0365544026767093E-10   2.9598860962446449E-20   2.6235109604415966E+03
   9.9967700000000000E+08   4.3871668674769287E+04   3.9723534379940686E-10   2.9193551579506219E-20   2.6176285651827211E+03
   1.0016770000000000E+09   4.4100877512766601E+04   3.9094028813539670E-10   2.8795393091933649E-20   2.6117673515991369E+03
   1.0036770000000000E+09   4.4331142181027710E+04   3.8476746123102070E-10   2.8404233682390243E-20   2.6059275203502866E+03
   1.0056770000000000E+09   4.4562488180154636E+04   3.7871414500407742E-10   2.8019926912671142E-20   2.6001092705133933E+03
   1.0076770000000000E+09   4.4794948045662983E+04   3.7277770420661782E-10   2.7642330943175454E-20   2.5943128016021019E+03
   1.0096770000000000E+09   4.5028553686866857E+04   3.6695556859100583E-10   2.7271307255129761E-20   2.5885383146158265E+03
   1.0116770000000000E+09   4.5263327650216685E+04   3.6124521804085325E-10   2.6906719593621448E-20   2.5827860115008980E+03
   1.0136770000000000E+09   4.5499276395503461E+04   3.5564417179231297E-10   2.6548433216458774E-20   2.5770560931261812E+03
   1.0156770000000000E+09   4.5736382413785286E+04   3.5014997784523926E-10   2.6196314156463361E-20   2.5713487561779798E+03
   1.0176770000000000E+09   4.5974600712055631E+04   3.4476020560690835E-10   2.5850228724239153E-20   2.5656641890259980E+03
   1.0196770000000000E+09   4.6213865341022029E+04   3.3947245222102081E-10   2.5510044031335853E-20   2.5600025674246499E+03
   1.0216770000000000E+09   4.6454099900631125E+04   3.3428435875093736E-10   2.5175629245975889E-20   2.5543640515923271E+03
   1.0236770000000000E+09   4.6695229129777821E+04   3.2919362737905493E-10   2.4846856920617456E-20   2.5487487853119760E+03
   1.0256770000000000E+09   4.6937189208546544E+04   3.2419803533161310E-10   2.4523604069659855E-20   2.5431568970423637E+03
   1.0276770000000000E+09   4.7179934506720623E+04   3.1929544274126950E-10   2.4205752787545129E-20   2.5375885026300371E+03
   1.0296770000000000E+09   4.7423439892605507E+04   3.1448379355964641E-10   2.3893190340642965E-20   2.5320437089020015E+03
   1.0316770000000000E+09   4.7667699027627888E+04   3.0976111057715261E-10   2.3585808813134361E-20   2.5265226173592355E+03
   1.0336770000000000E+09   4.7912719950643957E+04   3.0512548675710130E-10   2.3283504474219684E-20   2.5210253273395169E+03
   1.0356770000000000E+09   4.8158519534709951E+04   3.0057507533529786E-10   2.2986177052679539E-20   2.5155519382813568E+03
   1.0376770000000000E+09   4.8405118180930753E+04   2.9610808067583298E-10   2.2693729070048974E-20   2.5101025509952779E+03
   1.0396770000000000E+09   4.8652535629757258E+04   2.9172275106057376E-10   2.2406065321925706E-20   2.5046772680604076E+03
   1.0416770000000000E+09   4.8900788243207433E+04   2.8741737377274047E-10   2.2123092534693744E-20   2.4992761935821650E+03
   1.0436770000000000E+09   4.9149887690816977E+04   2.8319027224363910E-10   2.1844719179769527E-20   2.4938994325754402E+03
   1.0456770000000000E+09   4.9399840724786671E+04   2.7903980473143923E-10   2.1570855404482426E-20   2.4885470902032462E+03
   1.0476770000000000E+09   4.9650649651585118E+04   2.7496436394020261E-10   2.1301413034035798E-20   2.4832192710352356E+03
   1.0496770000000000E+09   4.9902313145507658E+04   2.7096237707631319E-10   2.1036305605821627E-20   2.4779160784213377E+03
   1.0516770000000000E+09   5.0154827142333656E+04   2.6703230599227344E-10   2.0775448409127291E-20   2.4726376140187008E+03
   1.0536770000000000E+09   5.0408185653787834E+04   2.6317264721869447E-10   2.0518758514913819E-20   2.4673839774714056E+03
   1.0556770000000000E+09   5.0662381429832378E+04   2.5938193180076263E-10   2.0266154789269500E-20   2.4621552662212357E+03
   1.0576770000000000E+09   5.0917406454246273E+04   2.5565872493068473E-10   2.0017557889965443E-20   2.4569515754199224E+03
   1.0596770000000000E+09   5.1173252291316014E+04   2.5200162540784208E-10   1.9772890248656718E-20   2.4517729979138094E+03
   1.0616770000000000E+09   5.1429910314879344E+04   2.4840926497265440E-10   1.9532076042378292E-20   2.4466196242764840E+03
   1.0636770000000000E+09   5.1687371852070828E+04   2.4488030755955040E-10   1.9295041157933352E-20   2.4414915428709055E+03
   1.0656770000000000E+09   5.1945628269195353E+04   2.4141344850670895E-10   1.9061713152165131E-20   2.4363888399280754E+03
   1.0676770000000000E+09   5.2204671020605703E+04   2.3800741375019653E-10   1.8832021210315243E-20   2.4313115996338588E+03
   1.0696770000000000E+09   5.2464491675265388E+04   2.3466095902113766E-10   1.8605896103965298E-20   2.4262599042187489E+03
   1.0716770000000000E+09   5.2725081930914523E+04   2.3137286905763610E-10   1.8383270149513199E-20   2.4212338340476804E+03
   1.0736770000000000E+09   5.2986433622409590E+04   2.2814195683821194E-10   1.8164077167744427E-20   2.4162334677083891E+03
   1.0756770000000000E+09   5.3248538728389423E+04   2.2496706284023409E-10   1.7948252444797908E-20   2.4112588820977689E+03
   1.0776770000000000E+09   5.3511389378628883E+04   2.2184705432450886E-10   1.7735732694641399E-20   2.4063101525061757E+03
   1.0796770000000000E+09   5.3774977862974556E+04   2.1878082464552118E-10   1.7526456023037895E-20   2.4013873526999105E+03
   1.0816770000000000E+09   5.4039296641639841E+04   2.1576729258574333E-10   1.7320361892896871E-20   2.3964905550021786E+03
   1.0836770000000000E+09   5.4304338355926840E+04   2.1280540171185505E-10   1.7117391090857366E-20   2.3916198303727242E+03
   1.0856770000000000E+09   5.4570095838222951E+04   2.0989411975070153E-10   1.6917485694947116E-20   2.3867752484861762E+03
   1.0876770000000000E+09   5.4836562120303875E+04   2.0703243798319446E-10   1.6720589043190840E-20   2.3819568778090234E+03
   1.0896770000000000E+09   5.5103730439412422E+04   2.0421937065493514E-10   1.6526645703086024E-20   2.3771647856749796E+03
   1.0916770000000000E+09   5.5371594242037718E+04   2.0145395440290968E-10   1.6335601441909748E-20   2.3723990383584628E+03
   1.0936770000000000E+09   5.5640147185652902E+04   1.9873524769798408E-10   1.6147403197849759E-20   2.3676597011459176E+03
   1.0956770000000000E+09   5.5909383138782578E+04   1.9606233030307048E-10   1.5961999051964178E-20   2.3629468384047800E+03
   1.0976770000000000E+09   5.6179296179657402E+04   1.9343430274679028E-10   1.5779338200970110E-20   2.3582605136498955E+03
   1.0996770000000000E+09   5.6449880593505775E+04   1.9085028581230470E-10   1.5599370930848355E-20   2.3536007896072661E+03
   1.1016770000000000E+09   5.6721130868280074E+04   1.8830942004079287E-10   1.5422048591235415E-20   2.3489677282750049E+03
   1.1036770000000000E+09   5.6993041688395933E+04   1.8581086524896899E-10   1.5247323570566452E-20   2.3443613909813353E+03
   1.1056770000000000E+09   5.7265607925961667E+04   1.8335380005996606E-10   1.5075149271927229E-20   2.3397818384394236E+03
   1.1076770000000000E+09   5.7538824628933027E+04   1.8093742144698162E-10   1.4905480089578062E-20   2.3352291307987948E+03
   1.1096770000000000E+09   5.7812687005669693E+04   1.7856094428916283E-10   1.4738271386119343E-20   2.3307033276930138E+03
   1.1116770000000000E+09   5.8087190405453563E+04   1.7622360093931657E-10   1.4573479470276728E-20   2.3262044882832579E+03
   1.1136770000000000E+09   5.8362330294616113E+04   1.7392464080314897E-10   1.4411061575293612E-20   2.3217326712973909E+03
   1.1156770000000000E+09   5.8638102228031683E+04   1.7166332992979612E-10   1.4250975837923049E-20   2.3172879350641078E+03
   1.1176770000000000E+09   5.8914501815800475E+04   1.6943895061348441E-10   1.4093181278017189E-20   2.3128703375417385E+03
   1.1196770000000000E+09   5.9191524685046796E+04   1.6725080100616408E-10   1.3937637778712771E-20   2.3084799363412631E+03
   1.1216770000000000E+09   5.9469166436825617E+04   1.6509819474094329E-10   1.3784306067209290E-20   2.3041167887431379E+03
   1.1236770000000000E+09   5.9747422598213212E+04   1.6298046056615374E-10   1.3633147696136489E-20   2.2997809517075389E+03
   1.1256770000000000E+09   6.0026288569765449E+04   1.6089694198979516E-10   1.3484125025500520E-20   2.2954724818776422E+03
   1.1276770000000000E+09   6.0305759568623544E+04   1.5884699693406620E-10   1.3337201205194020E-20   2.2911914355756307E+03
   1.1296770000000000E+09   6.0585830567682744E+04   1.5682999739961830E-10   1.3192340158048842E-20   2.2869378687911485E+03
   1.1316770000000000E+09   6.0866496231388206E+04   1.5484532913907305E-10   1.3049506563401356E-20   2.2827118371619817E+03
   1.1336770000000000E+09   6.1147750848879972E+04   1.5289239133926802E-10   1.2908665841132738E-20   2.2785133959468440E+03
   1.1356770000000000E+09   6.1429588265394377E+04   1.5097059631160437E-10   1.2769784136137977E-20   2.2743425999902042E+03
   1.1376770000000000E+09   6.1712001813027644E+04   1.4907936918977049E-10   1.2632828303167583E-20   2.2701995036792441E+03
   1.1396770000000000E+09   6.1994984242159713E+04   1.4721814763404227E-10   1.2497765891978310E-20   2.2660841608931087E+03
   1.1416770000000000E+09   6.2278527655044723E+04   1.4538638154127665E-10   1.2364565132720576E-20   2.2619966249448007E+03
   1.1436770000000000E+09   6.2562623443271761E+04   1.4358353275965642E-10   1.2233194921483574E-20   2.2579369485161828E+03
   1.1456770000000000E+09   6.2847262230975670E+04   1.4180907480720125E-10   1.2103624805913606E-20   2.2539051835867517E+03
   1.1476770000000000E+09   6.3132433825824010E+04   1.4006249259304871E-10   1.1975824970818502E-20   2.2499013813570191E+03
   1.1496770000000000E+09   6.3418127179922056E+04   1.3834328214051656E-10   1.1849766223669861E-20   2.2459255921675094E+03
   1.1516770000000000E+09   6.3704330362823799E+04   1.3665095031101382E-10   1.1725419979918039E-20   2.2419778654145739E+03
   1.1536770000000000E+09   6.3991030548828741E+04   1.3498501452795239E-10   1.1602758248040377E-20   2.2380582494644382E+03
   1.1556770000000000E+09   6.4278214020641608E+04   1.3334500249994200E-10   1.1481753614253527E-20   2.2341667915669955E+03
   1.1576770000000000E+09   6.4565866191286324E+04   1.3173045194273428E-10   1.1362379226835096E-20   2.2303035377711017E+03
   1.1596770000000000E+09   6.4853971645880694E+04   1.3014091029958514E-10   1.1244608780017234E-20   2.2264685328431847E+03
   1.1616770000000000E+09   6.5142514204475701E+04   1.2857593445997857E-10   1.1128416497438277E-20   2.2226618201910815E+03
   1.1636770000000000E+09   6.5431477006675057E+04   1.2703509047694263E-10   1.1013777115163845E-20   2.2188834417950893E+03
   1.1656770000000000E+09   6.5720842618144117E+04   1.2551795328351483E-10   1.0900665864318481E-20   2.2151334381481538E+03
   1.1676770000000000E+09   6.6010593158443764E+04   1.2402410640925622E-10   1.0789058453399991E-20   2.2114118482071053E+03
   1.1696770000000000E+09   6.6300710448874772E+04   1.2255314169805266E-10   1.0678931050381010E-20   2.2077187093566513E+03
   1.1716770000000000E+09   6.6591176178230089E+04   1.2110465902877610E-10   1.0570260264733928E-20   2.2040540573877115E+03
   1.1736770000000000E+09   6.6881972083564528E+04   1.1967826604067143E-10   1.0463023129544979E-20   2.2004179264913241E+03
   1.1756770000000000E+09   6.7173080142326813E+04   1.1827357786557861E-10   1.0357197083908172E-20   2.1968103492691116E+03
   1.1776770000000000E+09   6.7464482771521478E+04   1.1689021686926350E-10   1.0252759955808920E-20   2.1932313567608330E+03
   1.1796770000000000E+09   6.7756163028999086E+04   1.1552781240420913E-10   1.0149689945718380E-20   2.1896809784891584E+03
   1.1816770000000000E+09   6.8048104811569894E+04   1.1418600057618655E-10   1.0047965611121257E-20   2.1861592425213557E+03
   1.1836770000000000E+09   6.8340293044421269E+04   1.1286442402677690E-10   9.9475658521914457E-21   2.1826661755470482E+03
   1.1856770000000000E+09   6.8632713856343937E+04   1.1156273173374760E-10   9.8484698988097867E-21   2.1792018029707938E+03
   1.1876770000000000E+09   6.8925354735516856E+04   1.1028057883081467E-10   9.7506572990890974E-21   2.1757661490177502E+03
   1.1896770000000000E+09   6.9218204661103053E+04   1.0901762644783615E-10   9.6541079095308668E-21   2.1723592368503078E+03
   1.1916770000000000E+09   6.9511254206614030E+04   1.0777354157194547E-10   9.5588018868921164E-21   2.1689810886932391E+03
   1.1936770000000000E+09   6.9804495611932580E+04   1.0654799692951859E-10   9.4647196817868505E-21   2.1656317259646439E+03
   1.1956770000000000E+09   7.0097922821928980E+04   1.0534067088826863E-10   9.3718420339924637E-21   2.1623111694098129E+03
   1.1976770000000000E+09   7.0391531490771697E+04   1.0415124737815848E-10   9.2801499693760264E-21   2.1590194392350636E+03
   1.1996770000000000E+09   7.0685318952222122E+04   1.0297941582928952E-10   9.1896247983051483E-21   2.1557565552386363E+03
   1.2016770000000000E+09   7.0979284157381408E+04   1.0182487112444948E-10   9.1002481153618366E-21   2.1525225369358768E+03
   1.2036770000000000E+09   7.1273427582424352E+04   1.0068731356365362E-10   9.0120018001422643E-21   2.1493174036761370E+03
   1.2056770000000000E+09   7.1567751109830206E+04   9.9566448837763254E-11   8.9248680188977884E-21   2.1461411747491475E+03
   1.2076770000000000E+09   7.1862257887413973E+04   9.8461988008139340E-11   8.8388292267559401E-21   2.1429938694789789E+03
   1.2096770000000000E+09   7.2156952170073302E+04   9.7373647489280500E-11   8.7538681702539209E-21   2.1398755073041038E+03
   1.2116770000000000E+09   7.2451839149567808E+04   9.6301149031504069E-11   8.6699678899215801E-21   2.1367861078425481E+03
   1.2136770000000000E+09   7.2746924777858032E+04   9.5244219700929585E-11   8.5871117226638668E-21   2.1337256909415496E+03
   1.2156770000000000E+09   7.3042215589508807E+04   9.4202591854317589E-11   8.5052833037146725E-21   2.1306942767116238E+03
   1.2176770000000000E+09   7.3337718528433878E+04   9.3176003106691043E-11   8.4244665679638266E-21   2.1276918855453300E+03
   1.2196770000000000E+09   7.3633440783827013E+04   9.2164196290091802E-11   8.3446457504941092E-21   2.1247185381214772E+03
   1.2216770000000000E+09   7.3929389639469970E+04   9.1166919402315478E-11   8.2658053862073091E-21   2.1217742553958087E+03
   1.2236770000000000E+09   7.4225572339799081E+04   9.0183925544974870E-11   8.1879303084626182E-21   2.1188590585795141E+03
   1.2256770000000000E+09   7.4521995975135360E+04   8.9214972850771321E-11   8.1110056466981986E-21   2.1159729691070988E+03
   1.2276770000000000E+09   7.4818667387431080E+04   8.8259824400361558E-11   8.0350168230530668E-21   2.1131160085952820E+03
   1.2296770000000000E+09   7.5115593096799028E+04   8.7318248129679301E-11   7.9599495480505955E-21   2.1102881987946212E+03
   1.2316770000000000E+09   7.5412779248075138E+04   8.6390016728955908E-11   7.8857898154417748E-21   2.1074895615355158E+03
   1.2336770000000000E+09   7.5710231575774102E+04   8.5474907534989387E-11   7.8125238963366115E-21   2.1047201186701491E+03
   1.2356770000000000E+09   7.6007955385121764E+04   8.4572702418380219E-11   7.7401383327703661E-21   2.1019798920117187E+03
   1.2376770000000000E+09   7.6305955546411918E+04   8.3683187667508789E-11   7.6686199308593185E-21   2.0992689032721446E+03
   1.2396770000000000E+09   7.6604236499776875E+04   8.2806153870967902E-11   7.5979557536982374E-21   2.0965871739991726E+03
   1.2416770000000000E+09   7.6902802267515319E+04   8.1941395799997300E-11   7.5281331141390916E-21   2.0939347255135840E+03
   1.2436770000000000E+09   7.7201656471374343E+04   8.1088712292252236E-11   7.4591395675732792E-21   2.0913115788470095E+03
   1.2456770000000000E+09   7.7500802352566243E+04   8.0247906137973972E-11   7.3909629048172657E-21   2.0887177546806552E+03
   1.2476770000000000E+09   7.7800242792721896E+04   7.9418783969364440E-11   7.3235911451787555E-21   2.0861532732850837E+03
   1.2496770000000000E+09   7.8099980334401480E+04   7.8601156153738186E-11   7.2570125297603408E-21   2.0836181544610986E+03
   1.2516770000000000E+09   7.8400017200186310E+04   7.7794836690803174E-11   7.1912155150379381E-21   2.0811124174816810E+03
   1.2536770000000000E+09   7.8700355309685838E+04   7.6999643114266432E-11   7.1261887667373883E-21   2.0786360810348529E+03
   1.2556770000000000E+09   7.9000996294097757E+04   7.6215396397813944E-11   7.0619211540190635E-21   2.0761891631673466E+03
   1.2576770000000000E+09   7.9301941508164033E+04   7.5441920865421777E-11   6.9984017439719101E-21   2.0737716812288945E+03
   1.2596770000000000E+09   7.9603192039571659E+04   7.4679044105866257E-11   6.9356197964097092E-21   2.0713836518169937E+03
   1.2616770000000000E+09   7.9904748715982103E+04   7.3926596891254847E-11   6.8735647589579694E-21   2.0690250907219784E+03
   1.2636770000000000E+09   8.0206612109966314E+04   7.3184413099360438E-11   6.8122262624157216E-21   2.0666960128722772E+03
   1.2656770000000000E+09   8.0508782542164932E+04   7.2452329639534936E-11   6.7515941163756295E-21   2.0643964322797328E+03
   1.2676770000000000E+09   8.0811260082974375E+04   7.1730186381987055E-11   6.6916583050861746E-21   2.0621263619849092E+03
   1.2696770000000000E+09   8.1114044553011219E+04   7.1017826090231513E-11   6.6324089835415089E-21   2.0598858140023021E+03
   1.2716770000000000E+09   8.1417135522529628E+04   7.0315094356545043E-11   6.5738364737868799E-21   2.0576747992654168E+03
   1.2736770000000000E+09   8.1720532309886621E+04   6.9621839540292775E-11   6.5159312614298468E-21   2.0554933275716739E+03
   1.2756770000000000E+09   8.2024233979089244E+04   6.8937912709009015E-11   6.4586839923493534E-21   2.0533414075271053E+03
   1.2776770000000000E+09   8.2328239336416169E+04   6.8263167582121601E-11   6.4020854695948956E-21   2.0512190464908272E+03
   1.2796770000000000E+09   8.2632546926073308E+04   6.7597460477213716E-11   6.3461266504684552E-21   2.0491262505192340E+03
   1.2816770000000000E+09   8.2937155024821594E+04   6.6940650258715009E-11   6.2907986437813411E-21   2.0470630243099304E+03
   1.2836770000000000E+09   8.3242061635481354E+04   6.6292598288907665E-11   6.2360927072775780E-21   2.0450293711453269E+03
   1.2856770000000000E+09   8.3547264479165766E+04   6.5653168381141336E-11   6.1820002452159262E-21   2.0430252928359034E+03
   1.2876770000000000E+09   8.3852760986026755E+04   6.5022226755149600E-11   6.1285128061025453E-21   2.0410507896630666E+03
   1.2896770000000000E+09   8.4158548284193486E+04   6.4399641994382725E-11   6.0756220805681555E-21   2.0391058603215811E+03
   1.2916770000000000E+09   8.4464623186453216E+04   6.3785285005290821E-11   6.0233198993853952E-21   2.0371905018614914E+03
   1.2936770000000000E+09   8.4770982174068602E+04   6.3179028978521180E-11   5.9715982316248544E-21   2.0353047096294301E+03
   1.2956770000000000E+09   8.5077621376910363E+04   6.2580749352043627E-11   5.9204491829528737E-21   2.0334484772092244E+03
   1.2976770000000000E+09   8.5384536548901466E+04   6.1990323776254963E-11   5.8698649940780105E-21   2.0316217963615884E+03
   1.2996770000000000E+09   8.5691723037644522E+04   6.1407632081144261E-11   5.8198380393558095E-21   2.0298246569627315E+03
   1.3016770000000000E+09   8.5999175747199974E+04   6.0832556245572683E-11   5.7703608255592685E-21   2.0280570469415661E+03
   1.3036770000000000E+09   8.6306889093495163E+04   6.0264980368597561E-11   5.7214259908103650E-21   2.0263189522152543E+03
   1.3056770000000000E+09   8.6614856953029230E+04   5.9704790642483186E-11   5.6730263036408367E-21   2.0246103566227434E+03
   1.3076770000000000E+09   8.6923072607656082E+04   5.9151875326539280E-11   5.6251546621019495E-21   2.0229312418560955E+03
   1.3096770000000000E+09   8.7231528691431726E+04   5.8606124720183899E-11   5.5778040927711194E-21   2.0212815873895745E+03
   1.3116770000000000E+09   8.7540217149775446E+04   5.8067431132658809E-11   5.5309677494088842E-21   2.0196613704068532E+03
   1.3136770000000000E+09   8.7849129226066827E+04   5.7535688845768073E-11   5.4846389109158116E-21   2.0180705657273338E+03
   1.3156770000000000E+09   8.8158255495305668E+04   5.7010794065098240E-11   5.4388109781478075E-21   2.0165091457333986E+03
   1.3176770000000000E+09   8.8467585967013991E+04   5.6492644854802982E-11   5.3934774691075980E-21   2.0149770803014446E+03
   1.3196770000000000E+09   8.8777110278017033E+04   5.5981141051688070E-11   5.3486320120877080E-21   2.0134743367406609E+03
   1.3216770000000000E+09   8.9086817987979739E+04   5.5476184156469865E-11   5.3042683365412497E-21   2.0120008797443388E+03
   1.3236770000000000E+09   8.9396698975041087E+04   5.4977677204006518E-11   5.2603802618317274E-21   2.0105566713589199E+03
   1.3256770000000000E+09   8.9706743905905809E+04   5.4485524619824423E-11   5.2169616845461271E-21   2.0091416709753696E+03
   1.3276770000000000E+09   9.0016944727379669E+04   5.3999632076585333E-11   5.1740065656712106E-21   2.0077558353457011E+03
   1.3296770000000000E+09   9.0327295101008785E+04   5.3519906369653843E-11   5.1315089194776229E-21   2.0063991186243450E+03
   1.3316770000000000E+09   9.0637790688402543E+04   5.3046255333504486E-11   5.0894628062240796E-21   2.0050714724298819E+03
   1.3336770000000000E+09   9.0948429201788502E+04   5.2578587818131489E-11   5.0478623305674439E-21   2.0037728459181042E+03
   1.3356770000000000E+09   9.1259210168802558E+04   5.2116813735634194E-11   5.0067016467165141E-21   2.0025031858536529E+03
   1.3376770000000000E+09   9.1570134421388007E+04   5.1660844172243743E-11   4.9659749699389655E-21   2.0012624366658997E+03
   1.3396770000000000E+09   9.1881203393766118E+04   5.1210591543354732E-11   4.9256765923172241E-21   2.0000505404764278E+03
   1.3416770000000000E+09   9.2192418381127864E+04   5.0765969754009562E-11   4.8858008991667997E-21   1.9988674370907693E+03
   1.3436770000000000E+09   9.2503779941498229E+04   5.0326894321078633E-11   4.8463423818942573E-21   1.9977130639551724E+03
   1.3456770000000000E+09   9.2815287596727809E+04   4.9893282420763393E-11   4.8072956437433469E-21   1.9965873560879381E+03
   1.3476770000000000E+09   9.3126939901896549E+04   4.9465052846292981E-11   4.7686553968975365E-21   1.9954902460014814E+03
   1.3496770000000000E+09   9.3438734828969027E+04   4.9042125890012927E-11   4.7304164522307560E-21   1.9944216636330420E+03
   1.3516770000000000E+09   9.3750670296711338E+04   4.8624423190585589E-11   4.6925737055793001E-21   1.9933815362977132E+03
   1.3536770000000000E+09   9.4062744626612010E+04   4.8211867597841226E-11   4.6551221255908485E-21   1.9923697886684008E+03
   1.3556770000000000E+09   9.4374956745561096E+04   4.7804383097849375E-11   4.6180567472897589E-21   1.9913863427768322E+03
   1.3576770000000000E+09   9.4687306079270842E+04   4.7401894811817736E-11   4.5813726727297072E-21   1.9904311180223885E+03
   1.3596770000000000E+09   9.4999792229769751E+04   4.7004329047430753E-11   4.5450650767239342E-21   1.9895040311745524E+03
   1.3616770000000000E+09   9.5312414628316052E+04   4.6611613357981418E-11   4.5091292133679797E-21   1.9886049963605928E+03
   1.3636770000000000E+09   9.5625172346549123E+04   4.6223676565829213E-11   4.4735604191447107E-21   1.9877339250394480E+03
   1.3656770000000000E+09   9.5938064137806054E+04   4.5840448731664898E-11   4.4383541107851888E-21   1.9868907259705541E+03
   1.3676770000000000E+09   9.6251088635350039E+04   4.5461861084609085E-11   4.4035057793008493E-21   1.9860753051882018E+03
   1.3696770000000000E+09   9.6564244547365859E+04   4.5087845949359034E-11   4.3690109836736751E-21   1.9852875659874110E+03
   1.3716770000000000E+09   9.6877530714995650E+04   4.4718336702416590E-11   4.3348653473153613E-21   1.9845274089196857E+03
   1.3736770000000000E+09   9.7190946014957997E+04   4.4353267764455112E-11   4.3010645580051187E-21   1.9837947317916828E+03
   1.3756770000000000E+09   9.7504489203547186E+04   4.3992574609418842E-11   4.2676043694476639E-21   1.9830894296602107E+03
   1.3776770000000000E+09   9.7818158827366089E+04   4.3636193762689867E-11   4.2344806017733331E-21   1.9824113948220793E+03
   1.3796770000000000E+09   9.8131953252913794E+04   4.3284062775196244E-11   4.2016891396941173E-21   1.9817605168027719E+03
   1.3816770000000000E+09   9.8445870760377496E+04   4.2936120183632285E-11   4.1692259292865694E-21   1.9811366823492740E+03
   1.3836770000000000E+09   9.8759909596312951E+04   4.2592305479062399E-11   4.1370869755586300E-21   1.9805397754290980E+03
   1.3856770000000000E+09   9.9074067910285419E+04   4.2252559099759947E-11   4.1052683423497500E-21   1.9799696772325788E+03
   1.3876770000000000E+09   9.9388343532940198E+04   4.1916822453480054E-11   4.0737661550879142E-21   1.9794262661721748E+03
   1.3896770000000000E+09   9.9702733430878565E+04   4.1585037988925254E-11   4.0425766083480678E-21   1.9789094178695543E+03
   1.3916770000000000E+09   1.0001723217443829E+05   4.1257149413291252E-11   4.0116959876810947E-21   1.9784190051097439E+03
   1.3936770000000000E+09   1.0033182744669516E+05   4.0933102356620835E-11   3.9811207351010849E-21   1.9779548977020111E+03
   1.3956770000000000E+09   1.0064648747082555E+05   4.0612846268840372E-11   3.9508476350671428E-21   1.9775169620802747E+03
   1.3976770000000000E+09   1.0096112799928483E+05   4.0296339448359046E-11   3.9208743066946175E-21   1.9771050602187136E+03
   1.3996770000000000E+09   1.0127553133590525E+05   3.9983561458945874E-11   3.8912004187237653E-21   1.9767190468630599E+03
   1.4016770000000000E+09   1.0158916231957826E+05   3.9674541549579795E-11   3.8618304706674832E-21   1.9763587628922669E+03
   1.4036770000000000E+09   1.0190078682945138E+05   3.9369418137049044E-11   3.8327796158917360E-21   1.9760240204379936E+03
   1.4056770000000000E+09   1.0220776754380960E+05   3.9068550099969621E-11   3.8040845637099094E-21   1.9757145719615646E+03
   1.4076770000000000E+09   1.0250495496696729E+05   3.8772695686613782E-11   3.7758211240018189E-21   1.9754300514732342E+03
   1.4096770000000000E+09   1.0278333640827390E+05   3.8483238935797557E-11   3.7481264628364497E-21   1.9751698744682951E+03
   1.4116770000000000E+09   1.0302918165274174E+05   3.8202353030292074E-11   3.7212153043908860E-21   1.9749330909745008E+03
   1.4136770000000000E+09   1.0322522216670017E+05   3.7932853565156333E-11   3.6953659605641142E-21   1.9747182140926320E+03
   1.4156770000000000E+09   1.0335565596554693E+05   3.7677422591836068E-11   3.6708449280398368E-21   1.9745231017151652E+03
   1.4176770000000000E+09   1.0341500279642714E+05   3.7437122521382934E-11   3.6477618784505865E-21   1.9743450349415002E+03
   1.4196770000000000E+09   1.0341637056193461E+05   3.7209848275112112E-11   3.6259179427709273E-21   1.9741811426529498E+03
   1.4216770000000000E+09   1.0339092570793774E+05   3.6990146173876945E-11   3.6047865738766274E-21   1.9740291531308660E+03
   1.4236770000000000E+09   1.0337492082136376E+05   3.6771340859585249E-11   3.5837194846768020E-21   1.9738881061654945E+03
   1.4256770000000000E+09   1.0339517864918441E+05   3.6548445844158746E-11   3.5622301659831555E-21   1.9737584784219271E+03
   1.4276770000000000E+09   1.0347119966040345E+05   3.6318387452872832E-11   3.5400168272267540E-21   1.9736416546242215E+03
   1.4296770000000000E+09   1.0363256423014859E+05   3.6077093432148344E-11   3.5166793389256006E-21   1.9735395892105789E+03
   1.4316770000000000E+09   1.0390281151060312E+05   3.5817855861518245E-11   3.4915592614464419E-21   1.9734550479071588E+03
   1.4336770000000000E+09   1.0445454898733481E+05   3.5546462974667093E-11   3.4652100636730244E-21   1.9733944277561930E+03
   1.4356770000000000E+09   1.0334990320073305E+05   3.5160215522091703E-11   3.4276322286428583E-21   1.9733511919907583E+03
   6.5767700000000000E+08  -8.3658285574067922E+03   3.2187265442029502E-12   4.2225640770852455E-23   9.2415628030993832E+02
   6.5967700000000000E+08  -7.5156683819039399E+03   5.9739926231596572E-12   7.5215045276672232E-23   9.6293627413823094E+02
   6.6167700000000000E+08  -6.7737595754452886E+03   9.5945200614601764E-12   1.1718360026778555E-22   9.9264510372717496E+02
   6.6367700000000000E+08  -5.8736483205639297E+03   1.4204561737412428E-11   1.6882321241410309E-22   1.0200777272521985E+03
   6.6567700000000000E+08  -4.8861525698032992E+03   2.0191986561292526E-11   2.3314481010284441E-22   1.0500038283089928E+03
   6.6767700000000000E+08  -4.0549226501679095E+03   2.8290239926541317E-11   3.1655525317295318E-22   1.0834894627702022E+03
   6.6967700000000000E+08  -3.4468174078198581E+03   3.9309719305223368E-11   4.2505339681162935E-22   1.1212282662858711E+03
   6.7167700000000000E+08  -2.9306360857743789E+03   5.3970038402924250E-11   5.6208463985361177E-22   1.1640954613020519E+03
   6.7367700000000000E+08  -2.3575838954949409E+03   7.2693547311931511E-11   7.2508453901786372E-22   1.2154715660701470E+03
   6.7567700000000000E+08  -1.5378776123777438E+03   9.5543719838778443E-11   9.0308480512659711E-22   1.2826589534189352E+03
   6.7767700000000000E+08  -3.7293489109433364E+02   1.2226132824599852E-10   1.0779384119391943E-21   1.3750951422040814E+03
   6.7967700000000000E+08   1.0584776324386944E+03   1.5215611139303025E-10   1.2329581557229336E-21   1.4961620999534275E+03
   6.8167700000000000E+08   2.6438819197109269E+03   1.8416545754906450E-10   1.3642254577061445E-21   1.6366643137324738E+03
   6.8367700000000000E+08   4.3604330272158104E+03   2.1693267812432636E-10   1.4761320858386634E-21   1.7817113385828936E+03
   6.8567700000000000E+08   6.3049170149514521E+03   2.4914792097073548E-10   1.5730106149331554E-21   1.9202739946760908E+03
   6.8767700000000000E+08   8.5605759025180560E+03   2.7979305647444886E-10   1.6568243615253074E-21   2.0473780702356685E+03
   6.8967700000000000E+08   1.1159036702204143E+04   3.0819637323797772E-10   1.7282591628634066E-21   2.1620027497880701E+03
   6.9167700000000000E+08   1.4077413622439288E+04   3.3398084678020611E-10   1.7877341481527224E-21   2.2649374459219630E+03
   6.9367700000000000E+08   1.7288189217772320E+04   3.5706542116107399E-10   1.8363922731725241E-21   2.3573275073413561E+03
   6.9567700000000000E+08   2.0762728224421222E+04   3.7742360033338252E-10   1.8747670788573085E-21   2.4407276483019846E+03
   6.9767700000000000E+08   2.4457730475798693E+04   3.9514684167526735E-10   1.9036942753076244E-21   2.5165113729777299E+03
   6.9967700000000000E+08   2.8335598790512959E+04   4.1038704398762397E-10   1.9241119838930593E-21   2.5858354400014350E+03
   7.0167700000000000E+08   3.2364671362955938E+04   4.2332461916052324E-10   1.9369573971469254E-21   2.6496654571707477E+03
   7.0367700000000000E+08   3.6518173283894073E+04   4.3414855800227387E-10   1.9431131925314360E-21   2.7088056637744480E+03
   7.0567700000000000E+08   4.0773049826733339E+04   4.4304418256015477E-10   1.9433816047466172E-21   2.7639268010293076E+03
   7.0767700000000000E+08   4.5108923427724920E+04   4.5018607865400802E-10   1.9384753558117311E-21   2.8155896698925462E+03
   7.0967700000000000E+08   4.9507267664047897E+04   4.5573441192799168E-10   1.9290182808514685E-21   2.8642641402825598E+03
   7.1167700000000000E+08   5.3950805531850921E+04   4.5983339601500053E-10   1.9155510621471398E-21   2.9103442484712209E+03
   7.1367700000000000E+08   5.8423134999404348E+04   4.6261112197832408E-10   1.8985393587063420E-21   2.9541602566258894E+03
   7.1567700000000000E+08   6.2908597329527824E+04   4.6418030024275382E-10   1.8783829932574252E-21   2.9959885131039200E+03
   7.1767700000000000E+08   6.7392411043016516E+04   4.6463970170385518E-10   1.8554257511670805E-21   3.0360598066528601E+03
   7.1967700000000000E+08   7.1861075469329997E+04   4.6407620724764449E-10   1.8299657758250362E-21   3.0745667192812880E+03
   7.2167700000000000E+08   7.6303000580197127E+04   4.6256738416219288E-10   1.8022665454797978E-21   3.1116702832317901E+03
   7.2367700000000000E+08   8.0709256884470436E+04   4.6018442669591446E-10   1.7725680970353349E-21   3.1475060619326732E+03
   7.2567700000000000E+08   8.5074286333290816E+04   4.5699517599223684E-10   1.7410977172496738E-21   3.1821896283211049E+03
   7.2767700000000000E+08   8.9396399813071024E+04   4.5306683888467387E-10   1.7080789921634051E-21   3.2158213282804622E+03
   7.2967700000000000E+08   9.3677923547481885E+04   4.4846801566900946E-10   1.6737380918398586E-21   3.2484902017295040E+03
   7.3167700000000000E+08   9.7924937703650314E+04   4.4326974954150395E-10   1.6383065378108407E-21   3.2802769808413668E+03
   7.3367700000000000E+08   1.0214664758946230E+05   4.3754550168401060E-10   1.6020203523579311E-21   3.3112561695365225E+03
   7.3567700000000000E+08   1.0635450664035261E+05   4.3137017396010300E-10   1.5651161954684170E-21   3.3414972992255525E+03
   7.3767700000000000E+08   1.1056124707779358E+05   4.2481847479992173E-10   1.5278256166315143E-21   3.3710655254618955E+03
   7.3967700000000000E+08   1.1477996468534009E+05   4.1796300514820230E-10   1.4903687386770453E-21   3.4000217637086025E+03
   7.4167700000000000E+08   1.1902336206327123E+05   4.1087242217896824E-10   1.4529485455964346E-21   3.4284225589034131E+03
   7.4367700000000000E+08   1.2330320083438755E+05   4.0360994564007714E-10   1.4157465759303441E-21   3.4563198523137080E+03
   7.4567700000000000E+08   1.2762996549900272E+05   3.9623234803976239E-10   1.3789203812837291E-21   3.4837607639129237E+03
   7.4767700000000000E+08   1.3201270958359225E+05   3.8878945445982817E-10   1.3426027248041656E-21   3.5107874616852646E+03
   7.4967700000000000E+08   1.3645903977060763E+05   3.8132409418376203E-10   1.3069022366997627E-21   3.5374371493462636E+03
   7.5167700000000000E+08   1.4097519210385581E+05   3.7387240119505788E-10   1.2719051237923322E-21   3.5637421748553907E+03
   7.5367700000000000E+08   1.4556616074901729E+05   3.6646434852115015E-10   1.2376775201437935E-21   3.5897302440943226E+03
   7.5567700000000000E+08   1.5023584941002593E+05   3.5912441157597185E-10   1.2042681241967136E-21   3.6154247153690653E+03
   7.5767700000000000E+08   1.5498722517929514E+05   3.5187227712038945E-10   1.1717108559355322E-21   3.6408449483384456E+03
   7.5967700000000000E+08   1.5982246269646456E+05   3.4472353882343869E-10   1.1400273577373385E-21   3.6660066830201213E+03
   7.6167700000000000E+08   1.6474307248588029E+05   3.3769034254678097E-10   1.1092292394510564E-21   3.6909224286320709E+03
   7.6367700000000000E+08   1.6975001135685324E+05   3.3078196205047555E-10   1.0793200260189269E-21   3.7156018467723466E+03
   7.6567700000000000E+08   1.7484377517795100E+05   3.2400529837278421E-10   1.0502968048636708E-21   3.7400521179642665E+03
   7.6767700000000000E+08   1.8002447562521591E+05   3.1736530424250851E-10   1.0221515935080234E-21   3.7642782844679950E+03
   7.6967700000000000E+08   1.8529190304597790E+05   3.1086533951859040E-10   9.9487245955764652E-22   3.7882835653355055E+03
   7.7167700000000000E+08   1.9064557767363652E+05   3.0450746583018870E-10   9.6844442907971957E-22   3.8120696419856545E+03
   7.7367700000000000E+08   1.9608479128137228E+05   2.9829268917386944E-10   9.4285021860320087E-22   3.8356369142022209E+03
   7.7567700000000000E+08   2.0160864110666767E+05   2.9222115886834594E-10   9.1807082265610133E-22   3.8589847275420734E+03
   7.7767700000000000E+08   2.0721605759199281E+05   2.8629233042793309E-10   8.9408598439645579E-22   3.8821115738121443E+03
   7.7967700000000000E+08   2.1290582721192462E+05   2.8050509888813570E-10   8.7087457236958997E-22   3.9050152666451349E+03
   7.8167700000000000E+08   2.1867661141271782E+05   2.7485790807533245E-10   8.4841488221383755E-22   3.9276930943653242E+03
   7.8367700000000000E+08   2.2452696248313048E+05   2.6934884035064347E-10   8.2668487845818273E-22   3.9501419523569089E+03
   7.8567700000000000E+08   2.3045533700458769E+05   2.6397569051690251E-10   8.0566238846907961E-22   3.9723584570787348E+03
   7.8767700000000000E+08   2.3646010739067453E+05   2.5873602686757768E-10   7.8532525808508804E-22   3.9943390437474368E+03
   7.8967700000000000E+08   2.4253957191557332E+05   2.5362724177112210E-10   7.6565147646154639E-22   4.0160800495605222E+03
   7.9167700000000000E+08   2.4869196354355736E+05   2.4864659370944014E-10   7.4661927605428484E-22   4.0375777841686004E+03
   7.9367700000000000E+08   2.5491545780253669E+05   2.4379124230825963E-10   7.2820721242362957E-22   4.0588285889425429E+03
   7.9567700000000000E+08   2.6120817989023268E+05   2.3905827759371447E-10   7.1039422756777388E-22   4.0798288864232236E+03
   7.9767700000000000E+08   2.6756821115872107E+05   2.3444474446866173E-10   6.9315969973911310E-22   4.1005752211927138E+03
   7.9967700000000000E+08   2.7399359508938895E+05   2.2994766321148733E-10   6.7648348210992539E-22   4.1210642932682840E+03
   8.0167700000000000E+08   2.8048234284380882E+05   2.2556404664902074E-10   6.6034593219658500E-22   4.1412929849949205E+03
   8.0367700000000000E+08   2.8703243845514109E+05   2.2129091453519050E-10   6.4472793359402185E-22   4.1612583822985134E+03
   8.0567700000000000E+08   2.9364184370822413E+05   2.1712530557153541E-10   6.2961091129124543E-22   4.1809577910598955E+03
   8.0767700000000000E+08   3.0030850274358492E+05   2.1306428742929788E-10   6.1497684161643525E-22   4.2003887492786744E+03
   8.0967700000000000E+08   3.0703034641053295E+05   2.0910496507146504E-10   6.0080825768283825E-22   4.2195490356147193E+03
   8.1167700000000000E+08   3.1380529638671031E+05   2.0524448762353200E-10   5.8708825106410469E-22   4.2384366748232278E+03
   8.1367700000000000E+08   3.2063126907559956E+05   2.0148005400144561E-10   5.7380047031191649E-22   4.2570499405356177E+03
   8.1567700000000000E+08   3.2750617928922770E+05   1.9780891747220629E-10   5.6092911683390851E-22   4.2753873557823881E+03
   8.1767700000000000E+08   3.3442794372041669E+05   1.9422838929545770E-10   5.4845893857146446E-22   4.2934476916046842E+03
   8.1967700000000000E+08   3.4139448420721514E+05   1.9073584157192852E-10   5.3637522185164457E-22   4.3112299640579258E+03
   8.2167700000000000E+08   3.4840373079149990E+05   1.8732870940590534E-10   5.2466378173268853E-22   4.3287334298727756E+03
   8.2367700000000000E+08   3.5545362457393005E+05   1.8400449247334107E-10   5.1331095111635934E-22   4.3459575810055121E+03
   8.2567700000000000E+08   3.6254212036840973E+05   1.8076075607418122E-10   5.0230356886132086E-22   4.3629021382807332E+03
   8.2767700000000000E+08   3.6966718916071818E+05   1.7759513173664440E-10   4.9162896709874206E-22   4.3795670443039326E+03
   8.2967700000000000E+08   3.7682682037787681E+05   1.7450531743215398E-10   4.8127495792340982E-22   4.3959524557992181E+03
   8.3167700000000000E+08   3.8401902397691918E+05   1.7148907745214907E-10   4.7122981961014962E-22   4.4120587355080688E+03
   8.3367700000000000E+08   3.9124183236380888E+05   1.6854424199185250E-10   4.6148228248566115E-22   4.4278864437678312E+03
   8.3567700000000000E+08   3.9849330215508252E+05   1.6566870648106526E-10   4.5202151456944978E-22   4.4434363298736143E+03
   8.3767700000000000E+08   4.0577151579620555E+05   1.6286043069798278E-10   4.4283710708385048E-22   4.4587093233137575E+03
   8.3967700000000000E+08   4.1307458305143809E+05   1.6011743769871900E-10   4.3391905992171092E-22   4.4737065249570323E+03
   8.4167700000000000E+08   4.2040064238010999E+05   1.5743781259251635E-10   4.2525776715069378E-22   4.4884291982587929E+03
   8.4367700000000000E+08   4.2774786221347802E+05   1.5481970119035645E-10   4.1684400262494393E-22   4.5028787605434163E+03
   8.4567700000000000E+08   4.3511444214483222E+05   1.5226130855270107E-10   4.0866890576759767E-22   4.5170567744112095E+03
   8.4767700000000000E+08   4.4249861404328689E+05   1.4976089746027300E-10   4.0072396758098666E-22   4.5309649393095360E+03
   8.4967700000000000E+08   4.4989864309888950E+05   1.4731678683000149E-10   3.9300101693505081E-22   4.5446050833003210E+03
   8.5167700000000000E+08   4.5731282880343706E+05   1.4492735009643749E-10   3.8549220717826961E-22   4.5579791550487798E+03
   8.5367700000000000E+08   4.6473950586803083E+05   1.4259101357701419E-10   3.7819000310910186E-22   4.5710892160519879E+03
   8.5567700000000000E+08   4.7217704507512349E+05   1.4030625483746604E-10   3.7108716833949119E-22   4.5839374331199024E+03
   8.5767700000000000E+08   4.7962385405988520E+05   1.3807160107153353E-10   3.6417675307541395E-22   4.5965260711165029E+03
   8.5967700000000000E+08   4.8707837801337405E+05   1.3588562750678034E-10   3.5745208233278370E-22   4.6088574859642213E+03
   8.6167700000000000E+08   4.9453910029843322E+05   1.3374695584599818E-10   3.5090674460041370E-22   4.6209341179112280E+03
   8.6367700000000000E+08   5.0200454296852945E+05   1.3165425275133123E-10   3.4453458095533751E-22   4.6327584850581889E+03
   8.6567700000000000E+08   5.0947326718003914E+05   1.2960622837598350E-10   3.3832967462974122E-22   4.6443331771389412E+03
   8.6767700000000000E+08   5.1694387348958792E+05   1.2760163494627149E-10   3.3228634102331217E-22   4.6556608495480314E+03
   8.6967700000000000E+08   5.2441500203006947E+05   1.2563926539488765E-10   3.2639911815001583E-22   4.6667442176071490E+03
   8.7167700000000000E+08   5.3188533256154892E+05   1.2371795204463750E-10   3.2066275750439724E-22   4.6775860510621897E+03
   8.7367700000000000E+08   5.3935358439630806E+05   1.2183656534062025E-10   3.1507221532947627E-22   4.6881891688027936E+03
   8.7567700000000000E+08   5.4681851620058855E+05   1.1999401262786532E-10   3.0962264426621594E-22   4.6985564337966835E+03
   8.7767700000000000E+08   5.5427892567881569E+05   1.1818923697082539E-10   3.0430938536338741E-22   4.7086907482318511E+03
   8.7967700000000000E+08   5.6173364914909005E+05   1.1642121601083141E-10   2.9912796042634965E-22   4.7185950488605031E+03
   8.8167700000000000E+08   5.6918156102144346E+05   1.1468896085759134E-10   2.9407406468365692E-22   4.7282723025396035E+03
   8.8367700000000000E+08   5.7662157319255045E+05   1.1299151501102573E-10   2.8914355975141454E-22   4.7377255019637405E+03
   8.8567700000000000E+08   5.8405263437261805E+05   1.1132795331007105E-10   2.8433246687661622E-22   4.7469576615868709E+03
   8.8767700000000000E+08   5.9147372936271154E+05   1.0969738090540722E-10   2.7963696044196547E-22   4.7559718137302152E+03
   8.8967700000000000E+08   5.9888387830551143E+05   1.0809893225316099E-10   2.7505336171534219E-22   4.7647710048743365E+03
   8.9167700000000000E+08   6.0628213594359125E+05   1.0653177012599947E-10   2.7057813282585284E-22   4.7733582921343404E+03
   8.9367700000000000E+08   6.1366759094524151E+05   1.0499508463582471E-10   2.6620787094319970E-22   4.7817367399184923E+03
   8.9567700000000000E+08   6.2103936541481980E+05   1.0348809225697231E-10   2.6193930262404217E-22   4.7899094167734593E+03
   8.9767700000000000E+08   6.2839661481904809E+05   1.0201003482811648E-10   2.5776927826241783E-22   4.7978793924242464E+03
   8.9967700000000000E+08   6.3573852876630274E+05   1.0056017849249042E-10   2.5369476653494973E-22   4.8056497350256823E+03
   9.0167700000000000E+08   6.4306433339042973E+05   9.9137812509345480E-11   2.4971284866524505E-22   4.8132235086555866E+03
   9.0367700000000000E+08   6.5037329645037360E+05   9.7742247843080046E-11   2.4582071226670860E-22   4.8206037710969240E+03
   9.0567700000000000E+08   6.5766473638733639E+05   9.6372815438078900E-11   2.4201564452915098E-22   4.8277935719730358E+03
   9.0767700000000000E+08   6.6493803582957736E+05   9.5028864176573577E-11   2.3829502474073613E-22   4.8347959513067935E+03
   9.0967700000000000E+08   6.7219265733410197E+05   9.3709758781797563E-11   2.3465631680102421E-22   4.8416139385557481E+03
   9.1167700000000000E+08   6.7942815352102299E+05   9.2414878433266948E-11   2.3109706363810592E-22   4.8482505521104467E+03
   9.1367700000000000E+08   6.8664415585306240E+05   9.1143617505465912E-11   2.2761488703839777E-22   4.8547087991024055E+03
   9.1567700000000000E+08   6.9384032101247716E+05   8.9895390158869571E-11   2.2420749716721705E-22   4.8609916750979519E+03
   9.1767700000000000E+08   7.0101622174126923E+05   8.8669639594475611E-11   2.2087271375420733E-22   4.8671021627711825E+03
   9.1967700000000000E+08   7.0817120167249942E+05   8.7465849763106541E-11   2.1760849341994200E-22   4.8730432279732422E+03
   9.2167700000000000E+08   7.1530426847250655E+05   8.6283552677102346E-11   2.1441294615756720E-22   4.8788178111224206E+03
   9.2367700000000000E+08   7.2241413683377765E+05   8.5122321814593445E-11   2.1128431748103146E-22   4.8844288131742496E+03
   9.2567700000000000E+08   7.2949948818435427E+05   8.3981746704191254E-11   2.0822092417333628E-22   4.8898790795140530E+03
   9.2767700000000000E+08   7.3655934692711453E+05   8.2861398850918723E-11   2.0522106866685162E-22   4.8951713928285126E+03
   9.2967700000000000E+08   7.4359329830829764E+05   8.1760813205609036E-11   2.0228299148802135E-22   4.9003084894622261E+03
   9.3167700000000000E+08   7.5060138571644051E+05   8.0679497316004643E-11   1.9940489179178073E-22   4.9052930929791437E+03
   9.3367700000000000E+08   7.5758387767050974E+05   7.9616950341614299E-11   1.9658497209574421E-22   4.9101279514376592E+03
   9.3567700000000000E+08   7.6454157251055026E+05   7.8572616487585701E-11   1.9382132144869493E-22   4.9148158661669513E+03
   9.3767700000000000E+08   7.7147777838042344E+05   7.7545635011200220E-11   1.9111130094566521E-22   4.9193596450281821E+03
   9.3967700000000000E+08   7.7840169636980991E+05   7.6534448881020650E-11   1.8845058577638741E-22   4.9237620174059866E+03
   9.4167700000000000E+08   7.8532929895239777E+05   7.5536781664023322E-11   1.8583310807483989E-22   4.9280258015865511E+03
   9.4367700000000000E+08   7.9227743079129269E+05   7.4550438953332504E-11   1.8325301461120875E-22   4.9321543984146292E+03
   9.4567700000000000E+08   7.9925323306186579E+05   7.3574540147813047E-11   1.8070768000784909E-22   4.9361520889902258E+03
   9.4767700000000000E+08   8.0624771151478926E+05   7.2610092037072797E-11   1.7819912046388397E-22   4.9400235285265362E+03
   9.4967700000000000E+08   8.1323986304458091E+05   7.1659317525933558E-11   1.7573236569022937E-22   4.9437727402491219E+03
   9.5167700000000000E+08   8.2021350799839897E+05   7.0724625120341896E-11   1.7331295567710118E-22   4.9474021296114579E+03
   9.5367700000000000E+08   8.2708407280607650E+05   6.9813190992240751E-11   1.7095826534651427E-22   4.9509093295855191E+03
   9.5567700000000000E+08   8.3382252689881111E+05   6.8927968519240378E-11   1.6867457387627806E-22   4.9543130333160270E+03
   9.5767700000000000E+08   8.4050000794357865E+05   6.8060502878211673E-11   1.6644179595075601E-22   4.9575870267274959E+03
   9.5967700000000000E+08   8.4713706097501621E+05   6.7208397545139274E-11   1.6425330226940442E-22   4.9607463010851689E+03
   9.6167700000000000E+08   8.5374112125731574E+05   6.6370582978900813E-11   1.6210620537382127E-22   4.9637920467697295E+03
   9.6367700000000000E+08   8.6031463463424321E+05   6.5546520633997250E-11   1.5999891590158036E-22   4.9667258587999368E+03
   9.6567700000000000E+08   8.6685846231032629E+05   6.4735840541911252E-11   1.5793025426503708E-22   4.9695497546019733E+03
   9.6767700000000000E+08   8.7337291887536680E+05   6.3938235575725962E-11   1.5589920169739910E-22   4.9722658679940159E+03
   9.6967700000000000E+08   8.7985810630725091E+05   6.3153428526680796E-11   1.5390482263396888E-22   4.9748763452083804E+03
   9.7167700000000000E+08   8.8631403875146317E+05   6.2381158890028107E-11   1.5194623285126639E-22   4.9773833157919735E+03
   9.7367700000000000E+08   8.9274069851827342E+05   6.1621176436095005E-11   1.5002258357141831E-22   4.9797888838109220E+03
   9.7567700000000000E+08   8.9913806435843499E+05   6.0873238082257064E-11   1.4813305346860704E-22   4.9820951251039796E+03
   9.7767700000000000E+08   9.0550612496333278E+05   6.0137106567810113E-11   1.4627684503323054E-22   4.9843040866904557E+03
   9.7967700000000000E+08   9.1184488417079556E+05   5.9412549989719118E-11   1.4445318303767822E-22   4.9864177867723301E+03
   9.8167700000000000E+08   9.1815436205034563E+05   5.8699341666585257E-11   1.4266131381688883E-22   4.9884382148378345E+03
   9.8367700000000000E+08   9.2443459390524111E+05   5.7997260118837473E-11   1.4090050484562963E-22   4.9903673318664578E+03
   9.8567700000000000E+08   9.3068562833766371E+05   5.7306089078193045E-11   1.3917004440181740E-22   4.9922070705722017E+03
   9.8767700000000000E+08   9.3690752535898727E+05   5.6625617466042914E-11   1.3746924117217817E-22   4.9939593355565348E+03
   9.8967700000000000E+08   9.4310035464395059E+05   5.5955639351658980E-11   1.3579742382578154E-22   4.9956260033803965E+03
   9.9167700000000000E+08   9.4926419258265733E+05   5.5295954008902741E-11   1.3415394084032270E-22   4.9972089226435128E+03
   9.9367700000000000E+08   9.5539911576278997E+05   5.4646366246222907E-11   1.3253816100240005E-22   4.9987099141316939E+03
   9.9567700000000000E+08   9.6150518882839661E+05   5.4006687112505633E-11   1.3094947482770341E-22   5.0001307710751107E+03
   9.9767700000000000E+08   9.6758244751490478E+05   5.3376734821510085E-11   1.2938729652046147E-22   5.0014732594292745E+03
   9.9967700000000000E+08   9.7363088296409941E+05   5.2756335362231830E-11   1.2785106518891031E-22   5.0027391178473190E+03
   1.0016770000000000E+09   9.7965043784139503E+05   5.2145322051419049E-11   1.2634024351486255E-22   5.0039300573696255E+03
   1.0036770000000000E+09   9.8564102820897894E+05   5.1543533232128368E-11   1.2485431197062373E-22   5.0050477600970189E+03
   1.0056770000000000E+09   9.9160259629322530E+05   5.0950808098015316E-11   1.2339275851991639E-22   5.0060938775710183E+03
   1.0076770000000000E+09   9.9753518241390947E+05   5.0366981802729359E-11   1.2195506657139997E-22   5.0070700305963082E+03
   1.0096770000000000E+09   1.0034389931466163E+06   4.9791881560888856E-11   1.2054070529722635E-22   5.0079778113661696E+03
   1.0116770000000000E+09   1.0093144426034432E+06   4.9225324967178827E-11   1.1914912525135261E-22   5.0088187892468359E+03
   1.0136770000000000E+09   1.0151621742797151E+06   4.8667120037678513E-11   1.1777975832887847E-22   5.0095945098836210E+03
   1.0156770000000000E+09   1.0209830215912746E+06   4.8117069535053778E-11   1.1643202793231942E-22   5.0103065011453473E+03
   1.0176770000000000E+09   1.0267778922734403E+06   4.7574979234826884E-11   1.1510536856846034E-22   5.0109562837558633E+03
   1.0196770000000000E+09   1.0325476453116967E+06   4.7040665541533468E-11   1.1379924419566546E-22   5.0115453679507555E+03
   1.0216770000000000E+09   1.0382929839462480E+06   4.6513961422494067E-11   1.1251316247578118E-22   5.0120752508017213E+03
   1.0236770000000000E+09   1.0440143788879147E+06   4.5994719780894143E-11   1.1124668283500040E-22   5.0125474132953486E+03
   1.0256770000000000E+09   1.0497120379586767E+06   4.5482813658058589E-11   1.0999941691491714E-22   5.0129633148701942E+03
   1.0276770000000000E+09   1.0553859219471421E+06   4.4978133685530835E-11   1.0877102237119860E-22   5.0133243882145698E+03
   1.0296770000000000E+09   1.0610357957471691E+06   4.4480583748102519E-11   1.0756119232681579E-22   5.0136320352813045E+03
   1.0316770000000000E+09   1.0666612983496024E+06   4.3990075995760758E-11   1.0636964322337138E-22   5.0138876249982104E+03
   1.0336770000000000E+09   1.0722620153010061E+06   4.3506526189342371E-11   1.0519610345230591E-22   5.0140924926823409E+03
   1.0356770000000000E+09   1.0778375411585979E+06   4.3029850025127863E-11   1.0404030433265924E-22   5.0142479408325580E+03
   1.0376770000000000E+09   1.0833875250292176E+06   4.2559960706060287E-11   1.0290197409169883E-22   5.0143552408234764E+03
   1.0396770000000000E+09   1.0889116975441980E+06   4.2096767718503372E-11   1.0178083475779744E-22   5.0144156350297590E+03
   1.0416770000000000E+09   1.0944098814103969E+06   4.1640176582641986E-11   1.0067660141150538E-22   5.0144303390134401E+03
   1.0436770000000000E+09   1.0998819896451728E+06   4.1190089270882078E-11   9.9588983059847970E-23   5.0144005435438030E+03
   1.0456770000000000E+09   1.1053280160269714E+06   4.0746405000973728E-11   9.8517684426582220E-23   5.0143274163378446E+03
   1.0476770000000000E+09   1.1107480217207433E+06   4.0309021170158779E-11   9.7462408093691342E-23   5.0142121034916809E+03
   1.0496770000000000E+09   1.1161421210065130E+06   3.9877834271055318E-11   9.6422856608410788E-23   5.0140557306224127E+03
   1.0516770000000000E+09   1.1215104679543702E+06   3.9452740698222368E-11   9.5398734334620549E-23   5.0138594037632383E+03
   1.0536770000000000E+09   1.1268532449875691E+06   3.9033637406325172E-11   9.4389748953017347E-23   5.0136242100594136E+03
   1.0556770000000000E+09   1.1321706536401561E+06   3.8620422414881363E-11   9.3395612596898506E-23   5.0133512183087532E+03
   1.0576770000000000E+09   1.1374629074300909E+06   3.8212995173643363E-11   9.2416042656617698E-23   5.0130414793844529E+03
   1.0596770000000000E+09   1.1427302265772745E+06   3.7811256811013585E-11   9.1450762306075066E-23   5.0126960265710259E+03
   1.0616770000000000E+09   1.1479728342323089E+06   3.7415110289580907E-11   9.0499500808823825E-23   5.0123158758379441E+03
   1.0636770000000000E+09   1.1531909538890738E+06   3.7024460491082112E-11   8.9561993657176191E-23   5.0119020260701272E+03
   1.0656770000000000E+09   1.1583848076938493E+06   3.6639214249841743E-11   8.8637982589926721E-23   5.0114554592705190E+03
   1.0676770000000000E+09   1.1635546154129738E+06   3.6259280350160550E-11   8.7727215525742962E-23   5.0109771407457793E+03
   1.0696770000000000E+09   1.1687005938678971E+06   3.5884569499785257E-11   8.6829446441272032E-23   5.0104680192835012E+03
   1.0716770000000000E+09   1.1738229566877340E+06   3.5514994288661421E-11   8.5944435215990710E-23   5.0099290273266715E+03
   1.0736770000000000E+09   1.1789219142646459E+06   3.5150469139687802E-11   8.5071947459875765E-23   5.0093610811488861E+03
   1.0756770000000000E+09   1.1839976738274130E+06   3.4790910256131396E-11   8.4211754335030280E-23   5.0087650810323348E+03
   1.0776770000000000E+09   1.1890504395741515E+06   3.4436235568696168E-11   8.3363632378403671E-23   5.0081419114493519E+03
   1.0796770000000000E+09   1.1940804128260494E+06   3.4086364683964271E-11   8.2527363329683610E-23   5.0074924412473792E+03
   1.0816770000000000E+09   1.1990877921798979E+06   3.3741218835026139E-11   8.1702733966263399E-23   5.0068175238370559E+03
   1.0836770000000000E+09   1.2040727736480825E+06   3.3400720834544612E-11   8.0889535945814398E-23   5.0061179973828857E+03
   1.0856770000000000E+09   1.2090355507810577E+06   3.3064795030198350E-11   8.0087565656270993E-23   5.0053946849959020E+03
   1.0876770000000000E+09   1.2139763147703912E+06   3.2733367262334339E-11   7.9296624072754228E-23   5.0046483949280710E+03
   1.0896770000000000E+09   1.2188952545316485E+06   3.2406364823644366E-11   7.8516516620931558E-23   5.0038799207678148E+03
   1.0916770000000000E+09   1.2237925567668776E+06   3.2083716420708583E-11   7.7747053046376116E-23   5.0030900416364038E+03
   1.0936770000000000E+09   1.2286684060070706E+06   3.1765352137274477E-11   7.6988047289557009E-23   5.0022795223846042E+03
   1.0956770000000000E+09   1.2335229846358965E+06   3.1451203399152588E-11   7.6239317366122440E-23   5.0014491137892173E+03
   1.0976770000000000E+09   1.2383564728971070E+06   3.1141202940611481E-11   7.5500685252145176E-23   5.0005995527489376E+03
   1.0996770000000000E+09   1.2431690488889334E+06   3.0835284772153028E-11   7.4771976773993885E-23   4.9997315624792418E+03
   1.1016770000000000E+09   1.2479608885494110E+06   3.0533384149547901E-11   7.4053021502495349E-23   4.9988458527058719E+03
   1.1036770000000000E+09   1.2527321656364901E+06   3.0235437544024559E-11   7.3343652651081288E-23   4.9979431198568100E+03
   1.1056770000000000E+09   1.2574830517063828E+06   2.9941382613516117E-11   7.2643706977645207E-23   4.9970240472524747E+03
   1.1076770000000000E+09   1.2622137160927407E+06   2.9651158174890841E-11   7.1953024689884224E-23   4.9960893052941128E+03
   1.1096770000000000E+09   1.2669243258882952E+06   2.9364704177108136E-11   7.1271449353942417E-23   4.9951395516503389E+03
   1.1116770000000000E+09   1.2716150459296510E+06   2.9081961675255913E-11   7.0598827806209411E-23   4.9941754314416557E+03
   1.1136770000000000E+09   1.2762860387850888E+06   2.8802872805436510E-11   6.9935010068152304E-23   4.9931975774231350E+03
   1.1156770000000000E+09   1.2809374647446522E+06   2.8527380760470881E-11   6.9279849264073784E-23   4.9922066101649416E+03
   1.1176770000000000E+09   1.2855694818113437E+06   2.8255429766396718E-11   6.8633201541697735E-23   4.9912031382309251E+03
   1.1196770000000000E+09   1.2901822456921220E+06   2.7986965059732516E-11   6.7994925995483719E-23   4.9901877583549767E+03
   1.1216770000000000E+09   1.2947759097873271E+06   2.7721932865481805E-11   6.7364884592572625E-23   4.9891610556152482E+03
   1.1236770000000000E+09   1.2993506251772305E+06   2.7460280375850922E-11   6.6742942101268596E-23   4.9881236036061218E+03
   1.1256770000000000E+09   1.3039065406047401E+06   2.7201955729649564E-11   6.6128966021953473E-23   4.9870759646077595E+03
   1.1276770000000000E+09   1.3084438024534457E+06   2.6946907992347384E-11   6.5522826520338620E-23   4.9860186897533067E+03
   1.1296770000000000E+09   1.3129625547206632E+06   2.6695087136754620E-11   6.4924396362949746E-23   4.9849523191935732E+03
   1.1316770000000000E+09   1.3174629389854958E+06   2.6446444024295327E-11   6.4333550854742542E-23   4.9838773822590920E+03
   1.1336770000000000E+09   1.3219450943723973E+06   2.6200930386839102E-11   6.3750167778738621E-23   4.9827943976196357E+03
   1.1356770000000000E+09   1.3264091575112035E+06   2.5958498809053879E-11   6.3174127337568860E-23   4.9817038734409243E+03
   1.1376770000000000E+09   1.3308552624950409E+06   2.5719102711241005E-11   6.2605312096802266E-23   4.9806063075387510E+03
   1.1396770000000000E+09   1.3352835408380912E+06   2.5482696332606705E-11   6.2043606929928846E-23   4.9795021875302591E+03
   1.1416770000000000E+09   1.3396941214355638E+06   2.5249234714924304E-11   6.1488898964860001E-23   4.9783919909825481E+03
   1.1436770000000000E+09   1.3440871305287255E+06   2.5018673686535886E-11   6.0941077531799569E-23   4.9772761855586350E+03
   1.1456770000000000E+09   1.3484626916782437E+06   2.4790969846639154E-11   6.0400034112332619E-23   4.9761552291607268E+03
   1.1476770000000000E+09   1.3528209257493278E+06   2.4566080549806472E-11   5.9865662289579475E-23   4.9750295700710549E+03
   1.1496770000000000E+09   1.3571619509124716E+06   2.4343963890680444E-11   5.9337857699258799E-23   4.9738996470903230E+03
   1.1516770000000000E+09   1.3614858826636425E+06   2.4124578688794013E-11   5.8816517981511726E-23   4.9727658896739813E+03
   1.1536770000000000E+09   1.3657928338677608E+06   2.3907884473466422E-11   5.8301542733347748E-23   4.9716287180664885E+03
   1.1556770000000000E+09   1.3700829148290507E+06   2.3693841468734653E-11   5.7792833461592073E-23   4.9704885434339358E+03
   1.1576770000000000E+09   1.3743562333915452E+06   2.3482410578285389E-11   5.7290293536231581E-23   4.9693457679950916E+03
   1.1596770000000000E+09   1.3786128950723396E+06   2.3273553370368184E-11   5.6793828144089404E-23   4.9682007851514127E+03
   1.1616770000000000E+09   1.3828530032294460E+06   2.3067232062680673E-11   5.6303344242788980E-23   4.9670539796161729E+03
   1.1636770000000000E+09   1.3870766592650486E+06   2.2863409507234337E-11   5.5818750515008755E-23   4.9659057275430996E+03
   1.1656770000000000E+09   1.3912839628637738E+06   2.2662049175225242E-11   5.5339957323069150E-23   4.9647563966549124E+03
   1.1676770000000000E+09   1.3954750122642238E+06   2.2463115141951564E-11   5.4866876663938380E-23   4.9636063463719802E+03
   1.1696770000000000E+09   1.3996499045605005E+06   2.2266572071838390E-11   5.4399422124788058E-23   4.9624559279415043E+03
   1.1716770000000000E+09   1.4038087360289111E+06   2.2072385203646246E-11   5.3937508839271470E-23   4.9613054845674915E+03
   1.1736770000000000E+09   1.4079516024735561E+06   2.1880520335953405E-11   5.3481053444731946E-23   4.9601553515417108E+03
   1.1756770000000000E+09   1.4120785995830228E+06   2.1690943813014831E-11   5.3029974040581372E-23   4.9590058563758430E+03
   1.1776770000000000E+09   1.4161898232892421E+06   2.1503622511106186E-11   5.2584190148104380E-23   4.9578573189349063E+03
   1.1796770000000000E+09   1.4202853701186650E+06   2.1318523825463435E-11   5.2143622671950742E-23   4.9567100515719821E+03
   1.1816770000000000E+09   1.4243653375253098E+06   2.1135615657926014E-11   5.1708193863573710E-23   4.9555643592642109E+03
   1.1836770000000000E+09   1.4284298241952327E+06   2.0954866405379702E-11   5.1277827286845956E-23   4.9544205397497999E+03
   1.1856770000000000E+09   1.4324789303123511E+06   2.0776244949081032E-11   5.0852447786049739E-23   4.9532788836658756E+03
   1.1876770000000000E+09   1.4365127577764136E+06   2.0599720644924491E-11   5.0431981456389951E-23   4.9521396746868240E+03
   1.1896770000000000E+09   1.4405314103653824E+06   2.0425263314686669E-11   5.0016355617114248E-23   4.9510031896625796E+03
   1.1916770000000000E+09   1.4445349938361999E+06   2.0252843238255993E-11   4.9605498787259896E-23   4.9498696987565927E+03
   1.1936770000000000E+09   1.4485236159601363E+06   2.0082431146823794E-11   4.9199340663971517E-23   4.9487394655826365E+03
   1.1956770000000000E+09   1.4524973864911769E+06   1.9913998216986131E-11   4.8797812103264422E-23   4.9476127473401484E+03
   1.1976770000000000E+09   1.4564564170683860E+06   1.9747516065676186E-11   4.8400845103038787E-23   4.9464897949474089E+03
   1.1996770000000000E+09   1.4604008210555825E+06   1.9582956745823414E-11   4.8008372788090955E-23   4.9453708531719558E+03
   1.2016770000000000E+09   1.4643307133238225E+06   1.9420292742617570E-11   4.7620329396820531E-23   4.9442561607578727E+03
   1.2036770000000000E+09   1.4682462099842180E+06   1.9259496970239363E-11   4.7236650269294395E-23   4.9431459505493240E+03
   1.2056770000000000E+09   1.4721474280801369E+06   1.9100542768914211E-11   4.6857271836310595E-23   4.9420404496101164E+03
   1.2076770000000000E+09   1.4760344852491037E+06   1.8943403902140984E-11   4.6482131609095709E-23   4.9409398793388700E+03
   1.2096770000000000E+09   1.4799074993654506E+06   1.8788054553952651E-11   4.6111168169277722E-23   4.9398444555796914E+03
   1.2116770000000000E+09   1.4837665881751194E+06   1.8634469326073411E-11   4.5744321158795614E-23   4.9387543887281927E+03
   1.2136770000000000E+09   1.4876118689339184E+06   1.8482623234850314E-11   4.5381531269437107E-23   4.9376698838329203E+03
   1.2156770000000000E+09   1.4914434580600243E+06   1.8332491707853634E-11   4.5022740231736830E-23   4.9365911406921605E+03
   1.2176770000000000E+09   1.4952614708105947E+06   1.8184050580060854E-11   4.4667890803014169E-23   4.9355183539464642E+03
   1.2196770000000000E+09   1.4990660209910965E+06   1.8037276089560549E-11   4.4316926754384615E-23   4.9344517131670009E+03
   1.2216770000000000E+09   1.5028572207043117E+06   1.7892144872737103E-11   4.3969792856637892E-23   4.9333914029400357E+03
   1.2236770000000000E+09   1.5066351801440564E+06   1.7748633958923345E-11   4.3626434864937533E-23   4.9323376029481315E+03
   1.2256770000000000E+09   1.5104000074366340E+06   1.7606720764530423E-11   4.3286799502356638E-23   4.9312904880481556E+03
   1.2276770000000000E+09   1.5141518085307984E+06   1.7466383086690614E-11   4.2950834442323945E-23   4.9302502283468139E+03
   1.2296770000000000E+09   1.5178906871349465E+06   1.7327599096467645E-11   4.2618488290105409E-23   4.9292169892740148E+03
   1.2316770000000000E+09   1.5216167446983780E+06   1.7190347331706163E-11   4.2289710563487404E-23   4.9281909316545280E+03
   1.2336770000000000E+09   1.5253300804318695E+06   1.7054606689603508E-11   4.1964451672858183E-23   4.9271722117782620E+03
   1.2356770000000000E+09   1.5290307913617364E+06   1.6920356419093016E-11   4.1642662900898238E-23   4.9261609814696603E+03
   1.2376770000000000E+09   1.5327189724109638E+06   1.6787576113126611E-11   4.1324296382091460E-23   4.9251573881562354E+03
   1.2396770000000000E+09   1.5363947165008478E+06   1.6656245700941239E-11   4.1009305082257996E-23   4.9241615749366965E+03
   1.2416770000000000E+09   1.5400581146669050E+06   1.6526345440382735E-11   4.0697642778287939E-23   4.9231736806485815E+03
   1.2436770000000000E+09   1.5437092561834240E+06   1.6397855910350094E-11   4.0389264038226633E-23   4.9221938399355986E+03
   1.2456770000000000E+09   1.5473482286918124E+06   1.6270758003410621E-11   4.0084124201833880E-23   4.9212221833146850E+03
   1.2476770000000000E+09   1.5509751183287802E+06   1.6145032918623257E-11   3.9782179361707967E-23   4.9202588372426762E+03
   1.2496770000000000E+09   1.5545900098511844E+06   1.6020662154597802E-11   3.9483386345039557E-23   4.9193039241827737E+03
   1.2516770000000000E+09   1.5581929867551492E+06   1.5897627502806910E-11   3.9187702696037588E-23   4.9183575626705833E+03
   1.2536770000000000E+09   1.5617841313876542E+06   1.5775911041161355E-11   3.8895086659051038E-23   4.9174198673797882E+03
   1.2556770000000000E+09   1.5653635250493782E+06   1.5655495127852042E-11   3.8605497162394083E-23   4.9164909491874414E+03
   1.2576770000000000E+09   1.5689312480880006E+06   1.5536362395457440E-11   3.8318893802871433E-23   4.9155709152387180E+03
   1.2596770000000000E+09   1.5724873799815285E+06   1.5418495745312124E-11   3.8035236830991164E-23   4.9146598690112287E+03
   1.2616770000000000E+09   1.5760319994115392E+06   1.5301878342127607E-11   3.7754487136844066E-23   4.9137579103786629E+03
   1.2636770000000000E+09   1.5795651843263509E+06   1.5186493608857075E-11   3.7476606236626666E-23   4.9128651356738756E+03
   1.2656770000000000E+09   1.5830870119943132E+06   1.5072325221792704E-11   3.7201556259780308E-23   4.9119816377512343E+03
   1.2676770000000000E+09   1.5865975590473472E+06   1.4959357105885862E-11   3.6929299936720721E-23   4.9111075060482935E+03
   1.2696770000000000E+09   1.5900969015148918E+06   1.4847573430279487E-11   3.6659800587131558E-23   4.9102428266466468E+03
   1.2716770000000000E+09   1.5935851148482836E+06   1.4736958604044039E-11   3.6393022108798415E-23   4.9093876823321134E+03
   1.2736770000000000E+09   1.5970622739356111E+06   1.4627497272107032E-11   3.6128928966959239E-23   4.9085421526540258E+03
   1.2756770000000000E+09   1.6005284531070711E+06   1.4519174311366939E-11   3.5867486184146922E-23   4.9077063139836664E+03
   1.2776770000000000E+09   1.6039837261308329E+06   1.4411974826982683E-11   3.5608659330500265E-23   4.9068802395719831E+03
   1.2796770000000000E+09   1.6074281661996096E+06   1.4305884148826650E-11   3.5352414514515136E-23   4.9060639996062137E+03
   1.2816770000000000E+09   1.6108618459081005E+06   1.4200887828091345E-11   3.5098718374208296E-23   4.9052576612656885E+03
   1.2836770000000000E+09   1.6142848372216211E+06   1.4096971634037161E-11   3.4847538068663540E-23   4.9044612887765807E+03
   1.2856770000000000E+09   1.6176972114362631E+06   1.3994121550869563E-11   3.4598841269929404E-23   4.9036749434656822E+03
   1.2876770000000000E+09   1.6210990391309233E+06   1.3892323774733741E-11   3.4352596155238555E-23   4.9028986838131168E+03
   1.2896770000000000E+09   1.6244903901114904E+06   1.3791564710815876E-11   3.4108771399520551E-23   4.9021325655040200E+03
   1.2916770000000000E+09   1.6278713333474137E+06   1.3691830970540481E-11   3.3867336168181590E-23   4.9013766414790907E+03
   1.2936770000000000E+09   1.6312419369005898E+06   1.3593109368856850E-11   3.3628260110132236E-23   4.9006309619840831E+03
   1.2956770000000000E+09   1.6346022678463478E+06   1.3495386921608172E-11   3.3391513351046780E-23   4.8998955746181628E+03
   1.2976770000000000E+09   1.6379523921859516E+06   1.3398650842981479E-11   3.3157066486847356E-23   4.8991705243812967E+03
   1.2996770000000000E+09   1.6412923747500260E+06   1.3302888543036057E-11   3.2924890577405930E-23   4.8984558537206794E+03
   1.3016770000000000E+09   1.6446222790926143E+06   1.3208087625307064E-11   3.2694957140454214E-23   4.8977516025763489E+03
   1.3036770000000000E+09   1.6479421673766174E+06   1.3114235884474652E-11   3.2467238145674735E-23   4.8970578084262479E+03
   1.3056770000000000E+09   1.6512521002537254E+06   1.3021321304072541E-11   3.2241706008907088E-23   4.8963745063308515E+03
   1.3076770000000000E+09   1.6545521367457223E+06   1.2929332054185627E-11   3.2018333586342699E-23   4.8957017289775022E+03
   1.3096770000000000E+09   1.6578423341396230E+06   1.2838256489049850E-11   3.1797094168492360E-23   4.8950395067244517E+03
   1.3116770000000000E+09   1.6611227479160833E+06   1.2748083144423255E-11   3.1577961473603227E-23   4.8943878676442519E+03
   1.3136770000000000E+09   1.6643934317379189E+06   1.2658800734553509E-11   3.1360909640094057E-23   4.8937468375660028E+03
   1.3156770000000000E+09   1.6676544375315392E+06   1.2570398148534398E-11   3.1145913217500881E-23   4.8931164401151964E+03
   1.3176770000000000E+09   1.6709058156957161E+06   1.2482864445845643E-11   3.0932947155426882E-23   4.8924966967502141E+03
   1.3196770000000000E+09   1.6741476154659826E+06   1.2396188850923923E-11   3.0721986790124378E-23   4.8918876267941723E+03
   1.3216770000000000E+09   1.6773798854459606E+06   1.2310360746739943E-11   3.0513007828643608E-23   4.8912892474620385E+03
   1.3236770000000000E+09   1.6806026742876612E+06   1.2225369667558111E-11   3.0305986330977473E-23   4.8907015738837736E+03
   1.3256770000000000E+09   1.6838160314630873E+06   1.2141205291319441E-11   3.0100898691267612E-23   4.8901246191275013E+03
   1.3276770000000000E+09   1.6870200080265275E+06   1.2057857432353034E-11   2.9897721619789361E-23   4.8895583942276944E+03
   1.3296770000000000E+09   1.6902146572321113E+06   1.1975316035319547E-11   2.9696432127911652E-23   4.8890029082261008E+03
   1.3316770000000000E+09   1.6934000348603423E+06   1.1893571171309659E-11   2.9497007518288718E-23   4.8884581682317385E+03
   1.3336770000000000E+09   1.6965761991338499E+06   1.1812613036790499E-11   2.9299425381992619E-23   4.8879241795032003E+03
   1.3356770000000000E+09   1.6997432101733435E+06   1.1732431955580753E-11   2.9103663603069301E-23   4.8874009455493124E+03
   1.3376770000000000E+09   1.7029011290513598E+06   1.1653018383319488E-11   2.8909700369273896E-23   4.8868884682358248E+03
   1.3396770000000000E+09   1.7060500166188891E+06   1.1574362913150992E-11   2.8717514185938617E-23   4.8863867478779002E+03
   1.3416770000000000E+09   1.7091899323684331E+06   1.1496456280847018E-11   2.8527083888683198E-23   4.8858957832967344E+03
   1.3436770000000000E+09   1.7123209336156729E+06   1.1419289367574369E-11   2.8338388650595552E-23   4.8854155718253214E+03
   1.3456770000000000E+09   1.7154430752056858E+06   1.1342853199120216E-11   2.8151407980905915E-23   4.8849461092651954E+03
   1.3476770000000000E+09   1.7185564097885089E+06   1.1267138941495751E-11   2.7966121714808533E-23   4.8844873898168116E+03
   1.3496770000000000E+09   1.7216609885133542E+06   1.1192137894089284E-11   2.7782509997101572E-23   4.8840394060229255E+03
   1.3516770000000000E+09   1.7247568618394593E+06   1.1117841482417353E-11   2.7600553264502301E-23   4.8836021487654752E+03
   1.3536770000000000E+09   1.7278440801280504E+06   1.1044241252589229E-11   2.7420232231783246E-23   4.8831756073373781E+03
   1.3556770000000000E+09   1.7309226937924172E+06   1.0971328868744115E-11   2.7241527884954283E-23   4.8827597695756067E+03
   1.3576770000000000E+09   1.7339927529988468E+06   1.0899096113289317E-11   2.7064421481347239E-23   4.8823546220080379E+03
   1.3596770000000000E+09   1.7370543071270427E+06   1.0827534888454623E-11   2.6888894553252774E-23   4.8819601499540740E+03
   1.3616770000000000E+09   1.7401074043001777E+06   1.0756637217182158E-11   2.6714928910395041E-23   4.8815763375396473E+03
   1.3636770000000000E+09   1.7431520912240639E+06   1.0686395241974904E-11   2.6542506637752327E-23   4.8812031676357064E+03
   1.3656770000000000E+09   1.7461884133741332E+06   1.0616801221661260E-11   2.6371610088297261E-23   4.8808406217754973E+03
   1.3676770000000000E+09   1.7492164153622666E+06   1.0547847527272765E-11   2.6202221873245783E-23   4.8804886801209341E+03
   1.3696770000000000E+09   1.7522361412341977E+06   1.0479526638589296E-11   2.6034324853488185E-23   4.8801473215154338E+03
   1.3716770000000000E+09   1.7552476345387173E+06   1.0411831142201874E-11   2.5867902134457728E-23   4.8798165236002578E+03
   1.3736770000000000E+09   1.7582509381969625E+06   1.0344753730749867E-11   2.5702937063959878E-23   4.8794962629261754E+03
   1.3756770000000000E+09   1.7612460943400837E+06   1.0278287202218709E-11   2.5539413230519536E-23   4.8791865149982441E+03
   1.3776770000000000E+09   1.7642331442742629E+06   1.0212424458386711E-11   2.5377314460003464E-23   4.8788872542463923E+03
   1.3796770000000000E+09   1.7672121285955447E+06   1.0147158502420744E-11   2.5216624810234981E-23   4.8785984539729407E+03
   1.3816770000000000E+09   1.7701830873372452E+06   1.0082482436412141E-11   2.5057328565248816E-23   4.8783200863379807E+03
   1.3836770000000000E+09   1.7731460600018539E+06   1.0018389459666034E-11   2.4899410231190953E-23   4.8780521223875630E+03
   1.3856770000000000E+09   1.7761010853935357E+06   9.9548728679732441E-12   2.4742854534876446E-23   4.8777945320393255E+03
   1.3876770000000000E+09   1.7790482011648100E+06   9.8919260538399610E-12   2.4587646425844384E-23   4.8775472838451751E+03
   1.3896770000000000E+09   1.7819874426598486E+06   9.8295425089663753E-12   2.4433771086670290E-23   4.8773103442118918E+03
   1.3916770000000000E+09   1.7849188395751771E+06   9.7677158347291105E-12   2.4281213968978075E-23   4.8770836754266193E+03
   1.3936770000000000E+09   1.7878424062948348E+06   9.7064397776692733E-12   2.4129960903996958E-23   4.8768672311074797E+03
   1.3956770000000000E+09   1.7907581154458793E+06   9.6457083344748631E-12   2.3979998410227981E-23   4.8766609465402698E+03
   1.3976770000000000E+09   1.7936658301669818E+06   9.5855160349422084E-12   2.3831314484094920E-23   4.8764647203861223E+03
   1.3996770000000000E+09   1.7965651425275931E+06   9.5258586451000991E-12   2.3683900483952821E-23   4.8762783857225850E+03
   1.4016770000000000E+09   1.7994550183478650E+06   9.4667347685936464E-12   2.3537755259997222E-23   4.8761016775204998E+03
   1.4036770000000000E+09   1.8023330905896495E+06   9.4081491356087900E-12   2.3392893341058998E-23   4.8759342281142435E+03
   1.4056770000000000E+09   1.8051944237188636E+06   9.3501185250035592E-12   2.3249359186944104E-23   4.8757756639588069E+03
   1.4076770000000000E+09   1.8080297174153959E+06   9.2926806203463545E-12   2.3107247777167356E-23   4.8756259088805327E+03
   1.4096770000000000E+09   1.8108234332686111E+06   9.2359035515770561E-12   2.2966725806490213E-23   4.8754857321890850E+03
   1.4116770000000000E+09   1.8135533267951384E+06   9.1798886742326402E-12   2.2828036247630356E-23   4.8753572776943784E+03
   1.4136770000000000E+09   1.8161939118623054E+06   9.1247533939564155E-12   2.2691457166474296E-23   4.8752437776251372E+03
   1.4156770000000000E+09   1.8187259416403151E+06   9.0705827549240748E-12   2.2557191147885289E-23   4.8751474605902049E+03
   1.4176770000000000E+09   1.8211499744864216E+06   9.0173599018820970E-12   2.2425208412327681E-23   4.8750660263994569E+03
   1.4196770000000000E+09   1.8234951682079092E+06   8.9649235211348727E-12   2.2295146838435312E-23   4.8749912249361296E+03
   1.4216770000000000E+09   1.8258121789515482E+06   8.9130126633402702E-12   2.2166398213642009E-23   4.8749142284019699E+03
   1.4236770000000000E+09   1.8281513531278984E+06   8.8613888745396952E-12   2.2038366980048690E-23   4.8748355695808250E+03
   1.4256770000000000E+09   1.8305479842536170E+06   8.8099086823697782E-12   2.1910647394902562E-23   4.8747661108583834E+03
   1.4276770000000000E+09   1.8330340088209941E+06   8.7584382088958999E-12   2.1782889840881513E-23   4.8747097436714894E+03
   1.4296770000000000E+09   1.8356604247098728E+06   8.7066954017051426E-12   2.1654532998857956E-23   4.8746351451077880E+03
   1.4316770000000000E+09   1.8384404807390065E+06   8.6545697394260438E-12   2.1525457802107885E-23   4.8745066971526458E+03
   1.4336770000000000E+09   1.8418514395492256E+06   8.5979729811845177E-12   2.1390145038412495E-23   4.8732639311548164E+03
   1.4356770000000000E+09   1.8419663899628208E+06   8.5616106256183990E-12   2.1294022718599619E-23   4.8745591632934565E+03
   6.5767700000000000E+08  -4.9630794281151311E+03   1.3653808772019151E-15   7.8242817896461730E-26   8.4012034849796521E+02
   6.5967700000000000E+08  -5.3923530729240056E+03   2.7270626428665254E-15   1.5229270071926610E-25   8.6208124441810503E+02
   6.6167700000000000E+08  -5.8957069644393459E+03   5.5032810927134610E-15   2.9956664314236274E-25   8.8442378566251023E+02
   6.6367700000000000E+08  -6.3340832491822639E+03   1.1839719443777328E-14   6.2606051796161813E-25   9.1045244400065792E+02
   6.6567700000000000E+08  -6.2645086743421916E+03   2.8112583265341508E-14   1.4479842973094984E-24   9.3469317911538042E+02
   6.6767700000000000E+08  -5.4769907505100709E+03   6.8357655847699324E-14   3.4513115960126315E-24   9.5353175674996407E+02
   6.6967700000000000E+08  -4.4107819695007029E+03   1.5182378823514747E-13   7.5051116867828275E-24   9.7390105176661439E+02
   6.7167700000000000E+08  -3.3645508872356349E+03   2.9252969216363494E-13   1.4055699395270714E-23   1.0019583399406366E+03
   6.7367700000000000E+08  -2.3400992219914656E+03   4.9029617309488517E-13   2.2685167995028406E-23   1.0405157887045134E+03
   6.7567700000000000E+08  -1.1714486860133024E+03   7.3184381647045424E-13   3.2222930825485643E-23   1.0934162894174210E+03
   6.7767700000000000E+08   2.5306252137952191E+02   9.9889938688096716E-13   4.1192483362198550E-23   1.1674436908178277E+03
   6.7967700000000000E+08   1.8901835960036269E+03   1.2740441341529197E-12   4.8400708381552748E-23   1.2672576616809704E+03
   6.8167700000000000E+08   3.6355869824800652E+03   1.5422546672482680E-12   5.3386077708741979E-23   1.3907858061530396E+03
   6.8367700000000000E+08   5.4411468974836571E+03   1.7916483476979341E-12   5.6420496113383915E-23   1.5287907403526722E+03
   6.8567700000000000E+08   7.3494979022119669E+03   2.0152458927038962E-12   5.8065315361830550E-23   1.6708729431747072E+03
   6.8767700000000000E+08   9.4195010834951445E+03   2.2113252391045302E-12   5.8865161353117783E-23   1.8085330716609797E+03
   6.8967700000000000E+08   1.1683336774424217E+04   2.3791494442584736E-12   5.9113856707937947E-23   1.9376021115128083E+03
   6.9167700000000000E+08   1.4131162304679920E+04   2.5198719345220914E-12   5.8986287670402100E-23   2.0566461452256744E+03
   6.9367700000000000E+08   1.6737970764224719E+04   2.6357738781924095E-12   5.8597431404523347E-23   2.1655177166764165E+03
   6.9567700000000000E+08   1.9474781386990886E+04   2.7294920249582099E-12   5.8021725131338982E-23   2.2647661394568854E+03
   6.9767700000000000E+08   2.2311855623439958E+04   2.8036212907163085E-12   5.7308669545612628E-23   2.3552184459959494E+03
   6.9967700000000000E+08   2.5220587559156178E+04   2.8605267076898537E-12   5.6492001742788643E-23   2.4377615006797782E+03
   7.0167700000000000E+08   2.8173642958098866E+04   2.9022799129296100E-12   5.5595217153979205E-23   2.5132404211660805E+03
   7.0367700000000000E+08   3.1144838819994504E+04   2.9306576392977694E-12   5.4634979908703084E-23   2.5824175832488213E+03
   7.0567700000000000E+08   3.4109079824220004E+04   2.9471701493707752E-12   5.3623333757302609E-23   2.6459618008798811E+03
   7.0767700000000000E+08   3.7042438645528651E+04   2.9531014616262824E-12   5.2569197749904342E-23   2.7044514538046715E+03
   7.0967700000000000E+08   3.9922372879266011E+04   2.9495515182238820E-12   5.1479409122590761E-23   2.7583832285611397E+03
   7.1167700000000000E+08   4.2728037676982873E+04   2.9374754090905957E-12   5.0359463816185793E-23   2.8081823993267544E+03
   7.1367700000000000E+08   4.5440665370052309E+04   2.9177176486311074E-12   4.9214046436381666E-23   2.8542128595639392E+03
   7.1567700000000000E+08   4.8043997962326423E+04   2.8910411877820771E-12   4.8047410683724626E-23   2.8967863256065830E+03
   7.1767700000000000E+08   5.0524764337938665E+04   2.8581516418500863E-12   4.6863652338136981E-23   2.9361707323839846E+03
   7.1967700000000000E+08   5.2873182154624454E+04   2.8197173441429410E-12   4.5666902557243001E-23   2.9725980651519531E+03
   7.2167700000000000E+08   5.5083437419332498E+04   2.7763854912371784E-12   4.4461456633495685E-23   3.0062718500578876E+03
   7.2367700000000000E+08   5.7154063405243032E+04   2.7287941012038581E-12   4.3251842836897344E-23   3.0373743578544882E+03
   7.2567700000000000E+08   5.9088121473471227E+04   2.6775790863339373E-12   4.2042829566621096E-23   3.0660733539354342E+03
   7.2767700000000000E+08   6.0893094484211128E+04   2.6233757304405947E-12   4.0839368714296640E-23   3.0925280471314950E+03
   7.2967700000000000E+08   6.2580443991372704E+04   2.5668143711690670E-12   3.9646479115595759E-23   3.1168938213362167E+03
   7.3167700000000000E+08   6.4164846172910657E+04   2.5085109893022900E-12   3.8469083881985871E-23   3.1393254067562752E+03
   7.3367700000000000E+08   6.5663188025893265E+04   2.4490543692762931E-12   3.7311825012019192E-23   3.1599783382349815E+03
   7.3567700000000000E+08   6.7093452430432153E+04   2.3889921423654904E-12   3.6178883729182001E-23   3.1790087937763365E+03
   7.3767700000000000E+08   6.8473634303222323E+04   2.3288181147485151E-12   3.5073833224681781E-23   3.1965721317852040E+03
   7.3967700000000000E+08   6.9820809784071957E+04   2.2689628092473377E-12   3.3999542535900880E-23   3.2128205915305298E+03
   7.4167700000000000E+08   7.1150437276646771E+04   2.2097883110943708E-12   3.2958139065684609E-23   3.2279006622704255E+03
   7.4367700000000000E+08   7.2475919032644058E+04   2.1515875923682119E-12   3.1951026320047660E-23   3.2419505712400887E+03
   7.4567700000000000E+08   7.3808408564738435E+04   2.0945877437853240E-12   3.0978945531984392E-23   3.2550982214535939E+03
   7.4767700000000000E+08   7.5156820252434263E+04   2.0389560968753234E-12   3.0042066061132159E-23   3.2674597666587620E+03
   7.4967700000000000E+08   7.6527984515979420E+04   1.9848080823959394E-12   2.9140089445935111E-23   3.2791388767995882E+03
   7.5167700000000000E+08   7.7926891972142635E+04   1.9322157688304455E-12   2.8272354516890703E-23   3.2902266443304156E+03
   7.5367700000000000E+08   7.9356978319335627E+04   1.8812162555364982E-12   2.7437934663391592E-23   3.3008020175359516E+03
   7.5567700000000000E+08   8.0820413732145607E+04   1.8318193666182118E-12   2.6635722068523301E-23   3.3109326190979914E+03
   7.5767700000000000E+08   8.2318372850396743E+04   1.7840143411233266E-12   2.5864496818366265E-23   3.3206758081201824E+03
   7.5967700000000000E+08   8.3851272009716180E+04   1.7377754110649528E-12   2.5122980997362918E-23   3.3300798615208860E+03
   7.6167700000000000E+08   8.5418968353796590E+04   1.6930662932176100E-12   2.4409879222334220E-23   3.3391851769653854E+03
   7.6367700000000000E+08   8.7020920866374800E+04   1.6498437001152938E-12   2.3723907712381311E-23   3.3480254274825329E+03
   7.6567700000000000E+08   8.8656316563212080E+04   1.6080600128265462E-12   2.3063814149364274E-23   3.3566286233049887E+03
   7.6767700000000000E+08   9.0324166641358592E+04   1.5676652663641274E-12   2.2428390444756933E-23   3.3650180571713854E+03
   7.6967700000000000E+08   9.2023377829086225E+04   1.5286085895112475E-12   2.1816480240470293E-23   3.3732131247725015E+03
   7.7167700000000000E+08   9.3752803954313378E+04   1.4908392229988258E-12   2.1226982633396361E-23   3.3812300225953381E+03
   7.7367700000000000E+08   9.5511282174483946E+04   1.4543072190927120E-12   2.0658853285539679E-23   3.3890823319571200E+03
   7.7567700000000000E+08   9.7297657601757441E+04   1.4189639051879803E-12   2.0111103793881358E-23   3.3967815014927846E+03
   7.7767700000000000E+08   9.9110799344096085E+04   1.3847621757433840E-12   1.9582799957552550E-23   3.4043372416669527E+03
   7.7967700000000000E+08   1.0094961033476553E+05   1.3516566615258337E-12   1.9073059394285609E-23   3.4117578447747242E+03
   7.8167700000000000E+08   1.0281303276947676E+05   1.3196038127355917E-12   1.8581048817654549E-23   3.4190504429494767E+03
   7.8367700000000000E+08   1.0470005051762822E+05   1.2885619228796625E-12   1.8105981183452250E-23   3.4262212153195715E+03
   7.8567700000000000E+08   1.0660968951512025E+05   1.2584911128436373E-12   1.7647112839664210E-23   3.4332755539258442E+03
   7.8767700000000000E+08   1.0854101686805046E+05   1.2293532890521754E-12   1.7203740762854377E-23   3.4402181964982165E+03
   7.8967700000000000E+08   1.1049313918547420E+05   1.2011120855027711E-12   1.6775199928468504E-23   3.4470533327912540E+03
   7.9167700000000000E+08   1.1246520050153794E+05   1.1737327964688846E-12   1.6360860839039003E-23   3.4537846899413685E+03
   7.9367700000000000E+08   1.1445638003113521E+05   1.1471823045179729E-12   1.5960127219035417E-23   3.4604156012477793E+03
   7.9567700000000000E+08   1.1646588991897310E+05   1.1214290069597779E-12   1.5572433875587125E-23   3.4669490618908681E+03
   7.9767700000000000E+08   1.1849297308163956E+05   1.0964427427642355E-12   1.5197244718674302E-23   3.4733877743705448E+03
   7.9967700000000000E+08   1.2053690119993602E+05   1.0721947212395852E-12   1.4834050931318971E-23   3.4797341858539003E+03
   8.0167700000000000E+08   1.2259697288957772E+05   1.0486574532473952E-12   1.4482369278912899E-23   3.4859905191457988E+03
   8.0367700000000000E+08   1.2467251205885806E+05   1.0258046853824609E-12   1.4141740546453698E-23   3.4921587986181171E+03
   8.0567700000000000E+08   1.2676286644909081E+05   1.0036113373146869E-12   1.3811728092738624E-23   3.4982408721354814E+03
   8.0767700000000000E+08   1.2886740634590668E+05   9.8205344233885270E-13   1.3491916511175446E-23   3.5042384297819940E+03
   8.0967700000000000E+08   1.3098552344509450E+05   9.6110809108259217E-13   1.3181910387649473E-23   3.5101530200121883E+03
   8.1167700000000000E+08   1.3311662985449805E+05   9.4075337826560580E-13   1.2881333146734651E-23   3.5159860637086299E+03
   8.1367700000000000E+08   1.3526015721303399E+05   9.2096835236948524E-13   1.2589825978355592E-23   3.5217388665202520E+03
   8.1567700000000000E+08   1.3741555590821107E+05   9.0173296806156382E-13   1.2307046837797791E-23   3.5274126297720859E+03
   8.1767700000000000E+08   1.3958229437458247E+05   8.8302804121019081E-13   1.2032669512680518E-23   3.5330084601731842E+03
   8.1967700000000000E+08   1.4175985845699473E+05   8.6483520632922974E-13   1.1766382751151297E-23   3.5385273785005684E+03
   8.2167700000000000E+08   1.4394775082399201E+05   8.4713687629492800E-13   1.1507889446147935E-23   3.5439703273998557E+03
   8.2367700000000000E+08   1.4614549041849215E+05   8.2991620418549552E-13   1.1256905871090011E-23   3.5493381784148319E+03
   8.2567700000000000E+08   1.4835261193453489E+05   8.1315704710325424E-13   1.1013160962834438E-23   3.5546317383365990E+03
   8.2767700000000000E+08   1.5056866531076279E+05   7.9684393184924158E-13   1.0776395648148837E-23   3.5598517549468879E+03
   8.2967700000000000E+08   1.5279321523303035E+05   7.8096202233142971E-13   1.0546362210346874E-23   3.5649989222176919E+03
   8.3167700000000000E+08   1.5502584064033980E+05   7.6549708859947930E-13   1.0322823693088015E-23   3.5700738850204298E+03
   8.3367700000000000E+08   1.5726613423022709E+05   7.5043547741024163E-13   1.0105553338666101E-23   3.5750772433910888E+03
   8.3567700000000000E+08   1.5951370196132790E+05   7.3576408424060175E-13   9.8943340584231485E-24   3.5800095563928826E+03
   8.3767700000000000E+08   1.6176816255262130E+05   7.2147032667541186E-13   9.6889579331996841E-24   3.5848713456144728E+03
   8.3967700000000000E+08   1.6402914698035744E+05   7.0754211910901360E-13   9.4892257419860453E-24   3.5896630983391647E+03
   8.4167700000000000E+08   1.6629629797500063E+05   6.9396784870861222E-13   9.2949465171650571E-24   3.5943852704185788E+03
   8.4367700000000000E+08   1.6856926952163677E+05   6.8073635259579444E-13   9.1059371249279231E-24   3.5990382888827698E+03
   8.4567700000000000E+08   1.7084772636802390E+05   6.6783689620909814E-13   8.9220218696084618E-24   3.6036225543173741E+03
   8.4767700000000000E+08   1.7313134354494908E+05   6.5525915281488865E-13   8.7430321208061379E-24   3.6081384430369230E+03
   8.4967700000000000E+08   1.7541980590365294E+05   6.4299318413616956E-13   8.5688059622609595E-24   3.6125863090819230E+03
   8.5167700000000000E+08   1.7771280767483515E+05   6.3102942206935428E-13   8.3991878615044449E-24   3.6169664860654962E+03
   8.5367700000000000E+08   1.8001005205322060E+05   6.1935865145742169E-13   8.2340283593410203E-24   3.6212792888932354E+03
   8.5567700000000000E+08   1.8231125081081968E+05   6.0797199388497657E-13   8.0731837782233933E-24   3.6255250153775064E+03
   8.5767700000000000E+08   1.8461612394114654E+05   5.9686089245612933E-13   7.9165159485685425E-24   3.6297039477647832E+03
   8.5967700000000000E+08   1.8692439933546804E+05   5.8601709751144934E-13   7.7638919520404512E-24   3.6338163541917279E+03
   8.6167700000000000E+08   1.8923581249098506E+05   5.7543265323532523E-13   7.6151838807991280E-24   3.6378624900826339E+03
   8.6367700000000000E+08   1.9155010625000560E+05   5.6509988509970545E-13   7.4702686116795479E-24   3.6418425994980180E+03
   8.6567700000000000E+08   1.9386703056797278E+05   5.5501138808686906E-13   7.3290275942532917E-24   3.6457569164411129E+03
   8.6767700000000000E+08   1.9618634230760334E+05   5.4516001563068271E-13   7.1913466517129403E-24   3.6496056661264029E+03
   8.6967700000000000E+08   1.9850780505584099E+05   5.3553886921434409E-13   7.0571157935269591E-24   3.6533890662120020E+03
   8.7167700000000000E+08   2.0083118895988766E+05   5.2614128856303448E-13   6.9262290388425073E-24   3.6571073279956122E+03
   8.7367700000000000E+08   2.0315627057862992E+05   5.1696084237120133E-13   6.7985842496517312E-24   3.6607606575722975E+03
   8.7567700000000000E+08   2.0548283274576467E+05   5.0799131950756869E-13   6.6740829728003002E-24   3.6643492569510840E+03
   8.7767700000000000E+08   2.0781066444121761E+05   4.9922672064534746E-13   6.5526302899901202E-24   3.6678733251268509E+03
   8.7967700000000000E+08   2.1013956066795610E+05   4.9066125027017561E-13   6.4341346750086997E-24   3.6713330591034901E+03
   8.8167700000000000E+08   2.1246932233165260E+05   4.8228930902467968E-13   6.3185078575123559E-24   3.6747286548645966E+03
   8.8367700000000000E+08   2.1479975612137042E+05   4.7410548635451894E-13   6.2056646927788573E-24   3.6780603082881444E+03
   8.8567700000000000E+08   2.1713067439008690E+05   4.6610455342709733E-13   6.0955230369360526E-24   3.6813282160023487E+03
   8.8767700000000000E+08   2.1946189503501114E+05   4.5828145629950954E-13   5.9880036272503404E-24   3.6845325761808003E+03
   8.8967700000000000E+08   2.2179324137952039E+05   4.5063130931673306E-13   5.8830299671227010E-24   3.6876735892761162E+03
   8.9167700000000000E+08   2.2412454206295009E+05   4.4314938872247266E-13   5.7805282154621222E-24   3.6907514586933912E+03
   8.9367700000000000E+08   2.2645563095424799E+05   4.3583112646166895E-13   5.6804270800636021E-24   3.6937663914082050E+03
   8.9567700000000000E+08   2.2878634712737851E+05   4.2867210414015421E-13   5.5826577144383285E-24   3.6967185985412225E+03
   8.9767700000000000E+08   2.3111653498169311E+05   4.2166804707567434E-13   5.4871536171242523E-24   3.6996082959164082E+03
   8.9967700000000000E+08   2.3344604467624659E+05   4.1481481831442083E-13   5.3938505316944864E-24   3.7024357046601922E+03
   9.0167700000000000E+08   2.3577473318832405E+05   4.0810841239099781E-13   5.3026863443733415E-24   3.7052010519558557E+03
   9.0367700000000000E+08   2.3810246649195655E+05   4.0154494849190823E-13   5.2136009745455178E-24   3.7079045721631442E+03
   9.0567700000000000E+08   2.4042912348743615E+05   3.9512066262031880E-13   5.1265362525101575E-24   3.7105465086496297E+03
   9.0767700000000000E+08   2.4275460213482907E+05   3.8883189854541522E-13   5.0414357811316819E-24   3.7131271168222374E+03
   9.0967700000000000E+08   2.4507882726124948E+05   3.8267509809035590E-13   4.9582447880761118E-24   3.7156466688770056E+03
   9.1167700000000000E+08   2.4740175715069388E+05   3.7664679301868382E-13   4.8769099978643126E-24   3.7181054604632955E+03
   9.1367700000000000E+08   2.4972338226533702E+05   3.7074360332585596E-13   4.7973795870804347E-24   3.7205038184553723E+03
   9.1567700000000000E+08   2.5204370605824972E+05   3.6496224875941207E-13   4.7196033140759078E-24   3.7228421071421226E+03
   9.1767700000000000E+08   2.5436269951929137E+05   3.5929957857222587E-13   4.6435328930436428E-24   3.7251207278177317E+03
   9.1967700000000000E+08   2.5668023412849463E+05   3.5375261470006054E-13   4.5691225559405400E-24   3.7273401056270177E+03
   9.2167700000000000E+08   2.5899602372673273E+05   3.4831858532759997E-13   4.4963295065107215E-24   3.7295006603651227E+03
   9.2367700000000000E+08   2.6130962926134959E+05   3.4299491003996248E-13   4.4251137577815362E-24   3.7316027668023617E+03
   9.2567700000000000E+08   2.6362057011582691E+05   3.3777910630481429E-13   4.3554369434291626E-24   3.7336467224341613E+03
   9.2767700000000000E+08   2.6592851281842729E+05   3.3266864127525227E-13   4.2872603896446576E-24   3.7356327466863336E+03
   9.2967700000000000E+08   2.6823341026336933E+05   3.2766082107229746E-13   4.2205436281737048E-24   3.7375610229693939E+03
   9.3167700000000000E+08   2.7053546022367629E+05   3.2275282575339895E-13   4.1552447685272186E-24   3.7394317639079213E+03
   9.3367700000000000E+08   2.7283487366506277E+05   3.1794192522963527E-13   4.0913232272745852E-24   3.7412452553807557E+03
   9.3567700000000000E+08   2.7513162972530490E+05   3.1322569089241158E-13   4.0287424585210525E-24   3.7430018447446623E+03
   9.3767700000000000E+08   2.7742548363128619E+05   3.0860191227621989E-13   3.9674689289151748E-24   3.7447018863056564E+03
   9.3967700000000000E+08   2.7971625034296367E+05   3.0406835574024621E-13   3.9074690435499535E-24   3.7463457031537378E+03
   9.4167700000000000E+08   2.8200400475790963E+05   2.9962291336216611E-13   3.8487110305578000E-24   3.7479336060480259E+03
   9.4367700000000000E+08   2.8428892656293302E+05   2.9526412155712687E-13   3.7911715461989597E-24   3.7494659361088293E+03
   9.4567700000000000E+08   2.8657095879706583E+05   2.9099123438714322E-13   3.7348365913889822E-24   3.7509430691735624E+03
   9.4767700000000000E+08   2.8884959395153023E+05   2.8680340714473709E-13   3.6796910654675394E-24   3.7523653667445251E+03
   9.4967700000000000E+08   2.9112387961293018E+05   2.8269851303511613E-13   3.6257036532215500E-24   3.7537331079207975E+03
   9.5167700000000000E+08   2.9339272934054193E+05   2.7867258069166666E-13   3.5728196809815681E-24   3.7550464385291457E+03
   9.5367700000000000E+08   2.9565672412034305E+05   2.7472110549491663E-13   3.5209779520082514E-24   3.7563053666207138E+03
   9.5567700000000000E+08   2.9791747234365070E+05   2.7084158349825635E-13   3.4701429204234893E-24   3.7575100707094975E+03
   9.5767700000000000E+08   3.0017531778342213E+05   2.6703323854702246E-13   3.4203010283504104E-24   3.7586610435512875E+03
   9.5967700000000000E+08   3.0243001659932476E+05   2.6329515451451588E-13   3.3714370099454051E-24   3.7597588271887926E+03
   9.6167700000000000E+08   3.0468140300656052E+05   2.5962607010205032E-13   3.3235313427235865E-24   3.7608039271283747E+03
   9.6367700000000000E+08   3.0692936557536764E+05   2.5602457728215508E-13   3.2765627689055905E-24   3.7617968331093243E+03
   9.6567700000000000E+08   3.0917382677077287E+05   2.5248921795258701E-13   3.2305095232667134E-24   3.7627380261101766E+03
   9.6767700000000000E+08   3.1141472916307807E+05   2.4901852667833890E-13   3.1853498708498324E-24   3.7636279842105196E+03
   9.6967700000000000E+08   3.1365202524625021E+05   2.4561105219043444E-13   3.1410623748810762E-24   3.7644671858167080E+03
   9.7167700000000000E+08   3.1588566730185336E+05   2.4226537213537246E-13   3.0976260799388955E-24   3.7652561109509556E+03
   9.7367700000000000E+08   3.1811559748903353E+05   2.3898010479334778E-13   3.0550206578257767E-24   3.7659952407314463E+03
   9.7567700000000000E+08   3.2034173963043629E+05   2.3575391747326835E-13   3.0132265121744497E-24   3.7666850552770516E+03
   9.7767700000000000E+08   3.2256399512484099E+05   2.3258552988064255E-13   2.9722248196146192E-24   3.7673260305039521E+03
   9.7967700000000000E+08   3.2478224552216660E+05   2.2947371097799747E-13   2.9319974879827052E-24   3.7679186346170964E+03
   9.8167700000000000E+08   3.2699636206543772E+05   2.2641726986932900E-13   2.8925270376070567E-24   3.7684633253911215E+03
   9.8367700000000000E+08   3.2920621916977421E+05   2.2341504377364612E-13   2.8537964441984296E-24   3.7689605492299438E+03
   9.8567700000000000E+08   3.3141170716645144E+05   2.2046588717978772E-13   2.8157889954519631E-24   3.7694107423961391E+03
   9.8767700000000000E+08   3.3361274054516415E+05   2.1756866523858439E-13   2.7784882007517456E-24   3.7698143340514116E+03
   9.8967700000000000E+08   3.3580926011922711E+05   2.1472225239165658E-13   2.7418777674081976E-24   3.7701717502457127E+03
   9.9167700000000000E+08   3.3800122976513987E+05   2.1192553525528712E-13   2.7059416315876721E-24   3.7704834178730025E+03
   9.9367700000000000E+08   3.4018862999902695E+05   2.0917741742292886E-13   2.6706640145994868E-24   3.7707497678207660E+03
   9.9567700000000000E+08   3.4237145118221501E+05   2.0647682346502628E-13   2.6360294699804396E-24   3.7709712369523618E+03
   9.9767700000000000E+08   3.4454968890521192E+05   2.0382269989394819E-13   2.6020228927297963E-24   3.7711482690409839E+03
   9.9967700000000000E+08   3.4672334815214417E+05   2.0121400877382046E-13   2.5686294345710306E-24   3.7712813160088140E+03
   1.0016770000000000E+09   3.4889258062211127E+05   1.9864962659835634E-13   2.5358332030121829E-24   3.7713708496792174E+03
   1.0036770000000000E+09   3.5105975081538048E+05   1.9612687407872995E-13   2.5035984835361921E-24   3.7714173749209613E+03
   1.0056770000000000E+09   3.5323329038547701E+05   1.9363890154678752E-13   2.4718362227032999E-24   3.7714216432826397E+03
   1.0076770000000000E+09   3.5541917625560588E+05   1.9118090221447507E-13   2.4404827336739067E-24   3.7713855979282112E+03
   1.0096770000000000E+09   3.5761350365965330E+05   1.8875554756117790E-13   2.4095693926968629E-24   3.7713119511601594E+03
   1.0116770000000000E+09   3.5980954705608828E+05   1.8636976637483641E-13   2.3791824348386804E-24   3.7712027928699786E+03
   1.0136770000000000E+09   3.6198122294946836E+05   1.8403453860694259E-13   2.3494609596859518E-24   3.7710585440492878E+03
   1.0156770000000000E+09   3.6413022259555530E+05   1.8174944795295676E-13   2.3203985556389792E-24   3.7708797625427605E+03
   1.0176770000000000E+09   3.6627003905684553E+05   1.7950477761796784E-13   2.2918720207218783E-24   3.7706638747486650E+03
   1.0196770000000000E+09   3.6840366262754763E+05   1.7729790489892196E-13   2.2638469821609346E-24   3.7704111043980311E+03
   1.0216770000000000E+09   3.7053187083628145E+05   1.7512761840435906E-13   2.2363071308151621E-24   3.7701216513469822E+03
   1.0236770000000000E+09   3.7265488836609334E+05   1.7299307158123947E-13   2.2092407612916815E-24   3.7697958605261670E+03
   1.0256770000000000E+09   3.7477277420808992E+05   1.7089353144304276E-13   2.1826376277842996E-24   3.7694341190683449E+03
   1.0276770000000000E+09   3.7688553532283416E+05   1.6882829640654776E-13   2.1564879112462691E-24   3.7690368283744206E+03
   1.0296770000000000E+09   3.7899317048110306E+05   1.6679666654213209E-13   2.1307818431765692E-24   3.7686043960805487E+03
   1.0316770000000000E+09   3.8109568918870360E+05   1.6479793608928298E-13   2.1055096097333261E-24   3.7681372344545362E+03
   1.0336770000000000E+09   3.8319312200728606E+05   1.6283139346840493E-13   2.0806613501915860E-24   3.7676357611837116E+03
   1.0356770000000000E+09   3.8528553409663477E+05   1.6089631928381038E-13   2.0562271291925537E-24   3.7671004012124336E+03
   1.0376770000000000E+09   3.8737304752667958E+05   1.5899197852362307E-13   2.0321968341820129E-24   3.7665315898563563E+03
   1.0396770000000000E+09   3.8945586500036612E+05   1.5711761138063273E-13   2.0085600540697906E-24   3.7659297781086407E+03
   1.0416770000000000E+09   3.9153427614855208E+05   1.5527243342053727E-13   1.9853060762665127E-24   3.7652954402135451E+03
   1.0436770000000000E+09   3.9360862897576869E+05   1.5345565421314433E-13   1.9624241199281533E-24   3.7646290814999606E+03
   1.0456770000000000E+09   3.9567926542815141E+05   1.5166651377660177E-13   1.9399037993403072E-24   3.7639312427100513E+03
   1.0476770000000000E+09   3.9774644067349064E+05   1.4990432502729322E-13   1.9177356684030424E-24   3.7632024972573413E+03
   1.0496770000000000E+09   3.9981025620058482E+05   1.4816850576694622E-13   1.8959116359795634E-24   3.7624434402499733E+03
   1.0516770000000000E+09   4.0187063100189896E+05   1.4645858822570660E-13   1.8744250973003434E-24   3.7616546713784628E+03
   1.0536770000000000E+09   4.0392731802457437E+05   1.4477420415123958E-13   1.8532707529352981E-24   3.7608367760697229E+03
   1.0556770000000000E+09   4.0597995550998778E+05   1.4311505271329405E-13   1.8324442056050769E-24   3.7599903096124885E+03
   1.0576770000000000E+09   4.0802813318632328E+05   1.4148086282828371E-13   1.8119414816517891E-24   3.7591157874664718E+03
   1.0596770000000000E+09   4.1007145357314369E+05   1.3987136037417030E-13   1.7917586109134478E-24   3.7582136826896431E+03
   1.0616770000000000E+09   4.1210957567764871E+05   1.3828624635295231E-13   1.7718913434196546E-24   3.7572844294230317E+03
   1.0636770000000000E+09   4.1414223713793099E+05   1.3672518718147926E-13   1.7523350194546528E-24   3.7563284302669285E+03
   1.0656770000000000E+09   4.1616925764506223E+05   1.3518781484978551E-13   1.7330845654500526E-24   3.7553460652205204E+03
   1.0676770000000000E+09   4.1819052980858216E+05   1.3367373323922426E-13   1.7141345692656582E-24   3.7543377003371888E+03
   1.0696770000000000E+09   4.2020600393750105E+05   1.3218252703780431E-13   1.6954793897938567E-24   3.7533036949788957E+03
   1.0716770000000000E+09   4.2221567174697504E+05   1.3071377066903447E-13   1.6771132679489627E-24   3.7522444072343596E+03
   1.0736770000000000E+09   4.2421955200050888E+05   1.2926703579886818E-13   1.6590304205439757E-24   3.7511601975470749E+03
   1.0756770000000000E+09   4.2621767935266753E+05   1.2784189691479214E-13   1.6412251103385390E-24   3.7500514308573283E+03
   1.0776770000000000E+09   4.2821009648581053E+05   1.2643793505515533E-13   1.6236916930021349E-24   3.7489184776445891E+03
   1.0796770000000000E+09   4.3019684902901371E+05   1.2505474004126673E-13   1.6064246452871694E-24   3.7477617142315617E+03
   1.0816770000000000E+09   4.3217798255293112E+05   1.2369191162890618E-13   1.5894185795834877E-24   3.7465815226377099E+03
   1.0836770000000000E+09   4.3415354097506934E+05   1.2234905994815517E-13   1.5726682494684126E-24   3.7453782901876675E+03
   1.0856770000000000E+09   4.3612356584839197E+05   1.2102580551237602E-13   1.5561685497813464E-24   3.7441524090083412E+03
   1.0876770000000000E+09   4.3808809616077330E+05   1.1972177898867810E-13   1.5399145136486811E-24   3.7429042754950383E+03
   1.0896770000000000E+09   4.4004716840338567E+05   1.1843662085112139E-13   1.5239013079935376E-24   3.7416342897904324E+03
   1.0916770000000000E+09   4.4200081676248432E+05   1.1716998098738175E-13   1.5081242284288980E-24   3.7403428552974483E+03
   1.0936770000000000E+09   4.4394907335328672E+05   1.1592151829705951E-13   1.4925786940219154E-24   3.7390303782339265E+03
   1.0956770000000000E+09   4.4589196845398750E+05   1.1469090030059847E-13   1.4772602421739156E-24   3.7376972672299362E+03
   1.0976770000000000E+09   4.4782953072104917E+05   1.1347780276709066E-13   1.4621645237248461E-24   3.7363439329651633E+03
   1.0996770000000000E+09   4.4976178737903701E+05   1.1228190936397017E-13   1.4472872983236138E-24   3.7349707878425788E+03
   1.1016770000000000E+09   4.5168876438421273E+05   1.1110291132922330E-13   1.4326244300752373E-24   3.7335782456942220E+03
   1.1036770000000000E+09   4.5361048656400049E+05   1.0994050716568502E-13   1.4181718834618733E-24   3.7321667215152243E+03
   1.1056770000000000E+09   4.5552697773508821E+05   1.0879440235673715E-13   1.4039257195312179E-24   3.7307366312225945E+03
   1.1076770000000000E+09   4.5743826080311951E+05   1.0766430910254674E-13   1.3898820923432080E-24   3.7292883914357117E+03
   1.1096770000000000E+09   4.5934435784662230E+05   1.0654994607590096E-13   1.3760372456646240E-24   3.7278224192758935E+03
   1.1116770000000000E+09   4.6124529018741462E+05   1.0545103819658265E-13   1.3623875098994990E-24   3.7263391321828099E+03
   1.1136770000000000E+09   4.6314107844924828E+05   1.0436731642313535E-13   1.3489292992418277E-24   3.7248389477457517E+03
   1.1156770000000000E+09   4.6503174260593706E+05   1.0329851756078498E-13   1.3356591090358291E-24   3.7233222835480342E+03
   1.1176770000000000E+09   4.6691730201988644E+05   1.0224438408418575E-13   1.3225735133275687E-24   3.7217895570230517E+03
   1.1196770000000000E+09   4.6879777547159168E+05   1.0120466397361343E-13   1.3096691625910781E-24   3.7202411853205108E+03
   1.1216770000000000E+09   4.7067318118029909E+05   1.0017911056324184E-13   1.2969427816120986E-24   3.7186775851816633E+03
   1.1236770000000000E+09   4.7254353681585746E+05   9.9167482400143984E-14   1.2843911675126041E-24   3.7170991728222521E+03
   1.1256770000000000E+09   4.7440885950165399E+05   9.8169543112703712E-14   1.2720111878997049E-24   3.7155063638220518E+03
   1.1276770000000000E+09   4.7626916580862872E+05   9.7185061287141823E-14   1.2597997791226805E-24   3.7138995730198958E+03
   1.1296770000000000E+09   4.7812447174018237E+05   9.6213810351017136E-14   1.2477539446238364E-24   3.7122792144131608E+03
   1.1316770000000000E+09   4.7997479270835640E+05   9.5255568462523126E-14   1.2358707533683005E-24   3.7106457010606109E+03
   1.1336770000000000E+09   4.8182014350147301E+05   9.4310118404635329E-14   1.2241473383407820E-24   3.7089994449877695E+03
   1.1356770000000000E+09   4.8366053824415198E+05   9.3377247483140612E-14   1.2125808950969742E-24   3.7073408570938532E+03
   1.1376770000000000E+09   4.8549599035076267E+05   9.2456747427768323E-14   1.2011686803596182E-24   3.7056703470595403E+03
   1.1396770000000000E+09   4.8732651247395825E+05   9.1548414295700490E-14   1.1899080106499080E-24   3.7039883232549123E+03
   1.1416770000000000E+09   4.8915211645022943E+05   9.0652048376897805E-14   1.1787962609469116E-24   3.7022951926470655E+03
   1.1436770000000000E+09   4.9097281324508623E+05   8.9767454100712884E-14   1.1678308633680272E-24   3.7005913607071152E+03
   1.1456770000000000E+09   4.9278861290065089E+05   8.8894439943429758E-14   1.1570093058656318E-24   3.6988772313163868E+03
   1.1476770000000000E+09   4.9459952448891930E+05   8.8032818336411288E-14   1.1463291309355046E-24   3.6971532066719460E+03
   1.1496770000000000E+09   4.9640555607414129E+05   8.7182405574628816E-14   1.1357879343337623E-24   3.6954196871918057E+03
   1.1516770000000000E+09   4.9820671468789945E+05   8.6343021725403729E-14   1.1253833637997153E-24   3.6936770714202812E+03
   1.1536770000000000E+09   5.0000300632039021E+05   8.5514490537252185E-14   1.1151131177827516E-24   3.6919257559343682E+03
   1.1556770000000000E+09   5.0179443593110517E+05   8.4696639348796112E-14   1.1049749441722838E-24   3.6901661352520996E+03
   1.1576770000000000E+09   5.0358100748198858E+05   8.3889298997665164E-14   1.0949666390292479E-24   3.6883986017440607E+03
   1.1596770000000000E+09   5.0536272399516788E+05   8.3092303729464360E-14   1.0850860453195688E-24   3.6866235455494430E+03
   1.1616770000000000E+09   5.0713958763693960E+05   8.2305491106832734E-14   1.0753310516493728E-24   3.6848413544980963E+03
   1.1636770000000000E+09   5.0891159982871014E+05   8.1528701918690214E-14   1.0656995910027000E-24   3.6830524140400353E+03
   1.1656770000000000E+09   5.1067876138442749E+05   8.0761780089859609E-14   1.0561896394836249E-24   3.6812571071840312E+03
   1.1676770000000000E+09   5.1244107267331053E+05   8.0004572591223869E-14   1.0467992150644644E-24   3.6794558144466596E+03
   1.1696770000000000E+09   5.1419853380531701E+05   7.9256929350705154E-14   1.0375263763434297E-24   3.6776489138131778E+03
   1.1716770000000000E+09   5.1595114483575610E+05   7.8518703165404167E-14   1.0283692213158635E-24   3.6758367807114128E+03
   1.1736770000000000E+09   5.1769890598475386E+05   7.7789749615228042E-14   1.0193258861631882E-24   3.6740197879995080E+03
   1.1756770000000000E+09   5.1944181786607980E+05   7.7069926978466244E-14   1.0103945440654894E-24   3.6721983059682439E+03
   1.1776770000000000E+09   5.2117988171943260E+05   7.6359096149745011E-14   1.0015734040434451E-24   3.6703727023581246E+03
   1.1796770000000000E+09   5.2291309963978542E+05   7.5657120560821820E-14   9.9286070983580445E-25   3.6685433423912200E+03
   1.1816770000000000E+09   5.2464147479717806E+05   7.4963866104678070E-14   9.8425473881871832E-25   3.6667105888172873E+03
   1.1836770000000000E+09   5.2636501164043136E+05   7.4279201063338890E-14   9.7575380097294803E-25   3.6648748019733443E+03
   1.1856770000000000E+09   5.2808371607879212E+05   7.3602996039756999E-14   9.6735623790388005E-25   3.6630363398554850E+03
   1.1876770000000000E+09   5.2979759563578921E+05   7.2935123894105114E-14   9.5906042191943651E-25   3.6611955582014684E+03
   1.1896770000000000E+09   5.3150665957095777E+05   7.2275459684616596E-14   9.5086475516838257E-25   3.6593528105821761E+03
   1.1916770000000000E+09   5.3321091896571056E+05   7.1623880613111137E-14   9.4276766884149417E-25   3.6575084484999711E+03
   1.1936770000000000E+09   5.3491038677115296E+05   7.0980265975169177E-14   9.3476762243581329E-25   3.6556628214917014E+03
   1.1956770000000000E+09   5.3660507781687716E+05   7.0344497114820154E-14   9.2686310308089490E-25   3.6538162772340729E+03
   1.1976770000000000E+09   5.3829500878111995E+05   6.9716457383508193E-14   9.1905262492458991E-25   3.6519691616490391E+03
   1.1996770000000000E+09   5.3998019812399917E+05   6.9096032102991709E-14   9.1133472857441332E-25   3.6501218190070044E+03
   1.2016770000000000E+09   5.4166066598673246E+05   6.8483108531763523E-14   9.0370798058957307E-25   3.6482745920256780E+03
   1.2036770000000000E+09   5.4333643406086555E+05   6.7877575834498198E-14   8.9617097301756299E-25   3.6464278219626731E+03
   1.2056770000000000E+09   5.4500752543231507E+05   6.7279325054013312E-14   8.8872232296885884E-25   3.6445818487001807E+03
   1.2076770000000000E+09   5.4667396440582688E+05   6.6688249085187244E-14   8.8136067222255537E-25   3.6427370108203509E+03
   1.2096770000000000E+09   5.4833577631578466E+05   6.6104242650291035E-14   8.7408468685586522E-25   3.6408936456703182E+03
   1.2116770000000000E+09   5.4999298732964019E+05   6.5527202275195034E-14   8.6689305689031474E-25   3.6390520894161973E+03
   1.2136770000000000E+09   5.5164562425013166E+05   6.4957026265957993E-14   8.5978449594800102E-25   3.6372126770856448E+03
   1.2156770000000000E+09   5.5329371432227374E+05   6.4393614685353428E-14   8.5275774091176487E-25   3.6353757425990502E+03
   1.2176770000000000E+09   5.5493728505070601E+05   6.3836869328940783E-14   8.4581155158378541E-25   3.6335416187895780E+03
   1.2196770000000000E+09   5.5657636403225630E+05   6.3286693700383260E-14   8.3894471033823362E-25   3.6317106374127447E+03
   1.2216770000000000E+09   5.5821097880780802E+05   6.2742992985783922E-14   8.3215602176453532E-25   3.6298831291462861E+03
   1.2236770000000000E+09   5.5984115673644561E+05   6.2205674026927688E-14   8.2544431229924344E-25   3.6280594235814851E+03
   1.2256770000000000E+09   5.6146692489385151E+05   6.1674645293386541E-14   8.1880842984548174E-25   3.6262398492070574E+03
   1.2276770000000000E+09   5.6308830999556475E+05   6.1149816853571675E-14   8.1224724338056296E-25   3.6244247333869357E+03
   1.2296770000000000E+09   5.6470533834465384E+05   6.0631100344876540E-14   8.0575964255322992E-25   3.6226144023332181E+03
   1.2316770000000000E+09   5.6631803580225725E+05   6.0118408943133406E-14   7.9934453727303993E-25   3.6208091810755864E+03
   1.2336770000000000E+09   5.6792642777839734E+05   5.9611657331674494E-14   7.9300085729538751E-25   3.6190093934283186E+03
   1.2356770000000000E+09   5.6953053924006014E+05   5.9110761670277436E-14   7.8672755180556366E-25   3.6172153619559754E+03
   1.2376770000000000E+09   5.7113039473294595E+05   5.8615639564308282E-14   7.8052358900577300E-25   3.6154274079385896E+03
   1.2396770000000000E+09   5.7272601841332507E+05   5.8126210034335204E-14   7.7438795570856046E-25   3.6136458513370453E+03
   1.2416770000000000E+09   5.7431743408655701E+05   5.7642393486447063E-14   7.6831965693962792E-25   3.6118710107592269E+03
   1.2436770000000000E+09   5.7590466524917074E+05   5.7164111683462580E-14   7.6231771555247476E-25   3.6101032034271298E+03
   1.2456770000000000E+09   5.7748773513183289E+05   5.6691287717162219E-14   7.5638117185656518E-25   3.6083427451452753E+03
   1.2476770000000000E+09   5.7906666674105253E+05   5.6223845981617693E-14   7.5050908326005380E-25   3.6065899502703819E+03
   1.2496770000000000E+09   5.8064148289790482E+05   5.5761712147653129E-14   7.4470052392754735E-25   3.6048451316822998E+03
   1.2516770000000000E+09   5.8221220627249195E+05   5.5304813138431773E-14   7.3895458445287562E-25   3.6031086007560702E+03
   1.2536770000000000E+09   5.8377885941314604E+05   5.4853077106148002E-14   7.3327037154665799E-25   3.6013806673349595E+03
   1.2556770000000000E+09   5.8534146476984757E+05   5.4406433409754445E-14   7.2764700773779722E-25   3.5996616397042303E+03
   1.2576770000000000E+09   5.8690004471131135E+05   5.3964812593683947E-14   7.2208363108842480E-25   3.5979518245654281E+03
   1.2596770000000000E+09   5.8845462153574976E+05   5.3528146367463065E-14   7.1657939492097316E-25   3.5962515270109566E+03
   1.2616770000000000E+09   5.9000521747512987E+05   5.3096367586162616E-14   7.1113346755671176E-25   3.5945610504986535E+03
   1.2636770000000000E+09   5.9155185469323478E+05   5.2669410231572451E-14   7.0574503206427707E-25   3.5928806968261583E+03
   1.2656770000000000E+09   5.9309455527758505E+05   5.2247209394040259E-14   7.0041328601743297E-25   3.5912107661048399E+03
   1.2676770000000000E+09   5.9463334122564970E+05   5.1829701254865467E-14   6.9513744126064027E-25   3.5895515567330349E+03
   1.2696770000000000E+09   5.9616823442548979E+05   5.1416823069190480E-14   6.8991672368166891E-25   3.5879033653684796E+03
   1.2716770000000000E+09   5.9769925663128588E+05   5.1008513149289905E-14   6.8475037298995437E-25   3.5862664868996662E+03
   1.2736770000000000E+09   5.9922642943399504E+05   5.0604710848195568E-14   6.7963764249985919E-25   3.5846412144160163E+03
   1.2756770000000000E+09   6.0074977422755491E+05   5.0205356543576766E-14   6.7457779891776183E-25   3.5830278391767229E+03
   1.2776770000000000E+09   6.0226931217116816E+05   4.9810391621787729E-14   6.6957012213178715E-25   3.5814266505781134E+03
   1.2796770000000000E+09   6.0378506414818799E+05   4.9419758462008189E-14   6.6461390500316891E-25   3.5798379361194225E+03
   1.2816770000000000E+09   6.0529705072228168E+05   4.9033400420391430E-14   6.5970845315807231E-25   3.5782619813669044E+03
   1.2836770000000000E+09   6.0680529209162714E+05   4.8651261814134077E-14   6.5485308477869518E-25   3.5766990699162084E+03
   1.2856770000000000E+09   6.0830980804180983E+05   4.8273287905405663E-14   6.5004713039278110E-25   3.5751494833529814E+03
   1.2876770000000000E+09   6.0981061789823289E+05   4.7899424885062271E-14   6.4528993266048826E-25   3.5736135012116579E+03
   1.2896770000000000E+09   6.1130774047854624E+05   4.7529619856116289E-14   6.4058084615818943E-25   3.5720914009324679E+03
   1.2916770000000000E+09   6.1280119404562342E+05   4.7163820816931522E-14   6.3591923715873846E-25   3.5705834578166900E+03
   1.2936770000000000E+09   6.1429099626122101E+05   4.6801976644163870E-14   6.3130448340843585E-25   3.5690899449801504E+03
   1.2956770000000000E+09   6.1577716414025472E+05   4.6444037075481122E-14   6.2673597390109850E-25   3.5676111333050076E+03
   1.2976770000000000E+09   6.1725971400527051E+05   4.6089952692137368E-14   6.2221310865020593E-25   3.5661472913898888E+03
   1.2996770000000000E+09   6.1873866144038364E+05   4.5739674901506347E-14   6.1773529846050612E-25   3.5646986854983520E+03
   1.3016770000000000E+09   6.2021402124405792E+05   4.5393155919675623E-14   6.1330196470043317E-25   3.5632655795056708E+03
   1.3036770000000000E+09   6.2168580738051469E+05   4.5050348754189410E-14   6.0891253907650897E-25   3.5618482348439074E+03
   1.3056770000000000E+09   6.2315403293063585E+05   4.4711207186979002E-14   6.0456646341024193E-25   3.5604469104452714E+03
   1.3076770000000000E+09   6.2461871004556969E+05   4.4375685757376921E-14   6.0026318941611892E-25   3.5590618626836772E+03
   1.3096770000000000E+09   6.2607984990923584E+05   4.4043739744970713E-14   5.9600217847732856E-25   3.5576933453147617E+03
   1.3116770000000000E+09   6.2753746272032603E+05   4.3715325151800452E-14   5.9178290141244517E-25   3.5563416094145628E+03
   1.3136770000000000E+09   6.2899155770889856E+05   4.3390398683182533E-14   5.8760483822319328E-25   3.5550069033176574E+03
   1.3156770000000000E+09   6.3044214320649428E+05   4.3068917726261895E-14   5.8346747781088216E-25   3.5536894725559305E+03
   1.3176770000000000E+09   6.3188922679042351E+05   4.2750840325316583E-14   5.7937031764790440E-25   3.5523895597998544E+03
   1.3196770000000000E+09   6.3333281551967678E+05   4.2436125153060647E-14   5.7531286339359332E-25   3.5511074048047412E+03
   1.3216770000000000E+09   6.3477291627054731E+05   4.2124731477712740E-14   5.7129462845068532E-25   3.5498432443651482E+03
   1.3236770000000000E+09   6.3620953616309667E+05   4.1816619126508760E-14   5.6731513347101130E-25   3.5485973122806745E+03
   1.3256770000000000E+09   6.3764268304590508E+05   4.1511748447568873E-14   5.6337390583584520E-25   3.5473698393362151E+03
   1.3276770000000000E+09   6.3907236598027847E+05   4.1210080273332207E-14   5.5947047915431804E-25   3.5461610532985765E+03
   1.3296770000000000E+09   6.4049859564288089E+05   4.0911575889805351E-14   5.5560439283776576E-25   3.5449711789294042E+03
   1.3316770000000000E+09   6.4192138455720211E+05   4.0616197016126858E-14   5.5177519181193389E-25   3.5438004380116677E+03
   1.3336770000000000E+09   6.4334074707789044E+05   4.0323905798035922E-14   5.4798242641712148E-25   3.5426490493839442E+03
   1.3356770000000000E+09   6.4475669909248652E+05   4.0034664816551514E-14   5.4422565251578296E-25   3.5415172289741877E+03
   1.3376770000000000E+09   6.4616925746874919E+05   3.9748437109783997E-14   5.4050443178122940E-25   3.5404051898233529E+03
   1.3396770000000000E+09   6.4757843934795354E+05   3.9465186202122929E-14   5.3681833209071940E-25   3.5393131420902150E+03
   1.3416770000000000E+09   6.4898426144163241E+05   3.9184876132308890E-14   5.3316692790822213E-25   3.5382412930320083E+03
   1.3436770000000000E+09   6.5038673950569029E+05   3.8907471471368728E-14   5.2954980053381232E-25   3.5371898469608664E+03
   1.3456770000000000E+09   6.5178588812516944E+05   3.8632937323797030E-14   5.2596653812817773E-25   3.5361590051822432E+03
   1.3476770000000000E+09   6.5318172084833053E+05   3.8361239310449625E-14   5.2241673548911773E-25   3.5351489659261715E+03
   1.3496770000000000E+09   6.5457425058959494E+05   3.8092343537723849E-14   5.1889999363997588E-25   3.5341599242837651E+03
   1.3516770000000000E+09   6.5596349012382794E+05   3.7826216562395273E-14   5.1541591935593139E-25   3.5331920721588226E+03
   1.3536770000000000E+09   6.5734945246652944E+05   3.7562825362607005E-14   5.1196412477076450E-25   3.5322455982377601E+03
   1.3556770000000000E+09   6.5873215099546604E+05   3.7302137322172084E-14   5.0854422716263537E-25   3.5313206879736999E+03
   1.3576770000000000E+09   6.6011159929788194E+05   3.7044120228729092E-14   5.0515584892811393E-25   3.5304175235747616E+03
   1.3596770000000000E+09   6.6148781086209975E+05   3.6788742279583052E-14   5.0179861766217883E-25   3.5295362839861405E+03
   1.3616770000000000E+09   6.6286079880164587E+05   3.6535972085803209E-14   4.9847216621653053E-25   3.5286771448598943E+03
   1.3636770000000000E+09   6.6423057576498995E+05   3.6285778667111615E-14   4.9517613263394843E-25   3.5278402785141611E+03
   1.3656770000000000E+09   6.6559715406395355E+05   3.6038131436213864E-14   4.9191015993890951E-25   3.5270258538895405E+03
   1.3676770000000000E+09   6.6696054592290532E+05   3.5793000177754357E-14   4.8867389585369956E-25   3.5262340365118530E+03
   1.3696770000000000E+09   6.6832076369193487E+05   3.5550355029940045E-14   4.8546699254915758E-25   3.5254649884659684E+03
   1.3716770000000000E+09   6.6967781991431478E+05   3.5310166474524168E-14   4.8228910650824121E-25   3.5247188683784934E+03
   1.3736770000000000E+09   6.7103172725237464E+05   3.5072405335203020E-14   4.7913989850433070E-25   3.5239958314022842E+03
   1.3756770000000000E+09   6.7238249836871063E+05   3.4837042779837702E-14   4.7601903363259687E-25   3.5232960291965474E+03
   1.3776770000000000E+09   6.7373014586455212E+05   3.4604050321446899E-14   4.7292618132553351E-25   3.5226196099014769E+03
   1.3796770000000000E+09   6.7507468230026960E+05   3.4373399816332718E-14   4.6986101532965019E-25   3.5219667181114878E+03
   1.3816770000000000E+09   6.7641612023676839E+05   3.4145063461609737E-14   4.6682321367363659E-25   3.5213374948519722E+03
   1.3836770000000000E+09   6.7775447221287852E+05   3.3919013795408466E-14   4.6381245867263554E-25   3.5207320775602925E+03
   1.3856770000000000E+09   6.7908975061087869E+05   3.3695223701146451E-14   4.6082843698838130E-25   3.5201506000660866E+03
   1.3876770000000000E+09   6.8042196736717678E+05   3.3473666416447836E-14   4.5787083975433354E-25   3.5195931925621085E+03
   1.3896770000000000E+09   6.8175113330142992E+05   3.3254315553833673E-14   4.5493936286493042E-25   3.5190599815524884E+03
   1.3916770000000000E+09   6.8307725623080810E+05   3.3037145162505277E-14   4.5203370783396065E-25   3.5185510897489153E+03
   1.3936770000000000E+09   6.8440033550831233E+05   3.2822129915601508E-14   4.4915358438675888E-25   3.5180666358380058E+03
   1.3956770000000000E+09   6.8572034699820180E+05   3.2609245636982376E-14   4.4629871773987447E-25   3.5176067339358628E+03
   1.3976770000000000E+09   6.8703720438038872E+05   3.2398470673175599E-14   4.4346886753997256E-25   3.5171714923436371E+03
   1.3996770000000000E+09   6.8835066628963978E+05   3.2189789210013428E-14   4.4066387360818044E-25   3.5167610108892977E+03
   1.4016770000000000E+09   6.8966013075045531E+05   3.1983198663707433E-14   4.3788375780165612E-25   3.5163753757057602E+03
   1.4036770000000000E+09   6.9096422254693077E+05   3.1778724624597245E-14   4.3512892983082348E-25   3.5160146498853342E+03
   1.4056770000000000E+09   6.9226006286232825E+05   3.1576447537409976E-14   4.3240055457323422E-25   3.5156788582554036E+03
   1.4076770000000000E+09   6.9354218754045910E+05   3.1376542676600431E-14   4.2970110250442939E-25   3.5153679643387118E+03
   1.4096770000000000E+09   6.9480137392359588E+05   3.1179324379147157E-14   4.2703495991357252E-25   3.5150818359020332E+03
   1.4116770000000000E+09   6.9602422911950806E+05   3.0985263457243474E-14   4.2440867426494462E-25   3.5148201896714991E+03
   1.4136770000000000E+09   6.9719505701542168E+05   3.0794920857021976E-14   4.2183005654811064E-25   3.5145824978860460E+03
   1.4156770000000000E+09   6.9830137082935392E+05   3.0608743450022485E-14   4.1930539914385102E-25   3.5143678524736870E+03
   1.4176770000000000E+09   6.9934214896306163E+05   3.0426750186564835E-14   4.1683518580093286E-25   3.5141748659420309E+03
   1.4196770000000000E+09   7.0033371263186063E+05   3.0248299138813708E-14   4.1441087734796591E-25   3.5140018357378617E+03
   1.4216770000000000E+09   7.0130624379715219E+05   3.0072210716725443E-14   4.1201652203777765E-25   3.5138473835699292E+03
   1.4236770000000000E+09   7.0229077937679389E+05   2.9897276114996686E-14   4.0963562615821233E-25   3.5137112801854778E+03
   1.4256770000000000E+09   7.0330932448892482E+05   2.9722672022006276E-14   4.0725683436626207E-25   3.5135945028863857E+03
   1.4276770000000000E+09   7.0438092947590910E+05   2.9547746481467817E-14   4.0487112091186088E-25   3.5134981965821976E+03
   1.4296770000000000E+09   7.0553592821747134E+05   2.9371408705093082E-14   4.0246365579809195E-25   3.5134217024669688E+03
   1.4316770000000000E+09   7.0678015613926342E+05   2.9193659204380656E-14   4.0003288395698115E-25   3.5133790850001751E+03
   1.4336770000000000E+09   7.0840469277227204E+05   2.9001499566455063E-14   3.9741588715746243E-25   3.5132366176710775E+03
   1.4356770000000000E+09   7.0786941532205907E+05   2.8901813223451507E-14   3.9603219375707306E-25   3.5133933057554723E+03
   6.5767700000000000E+08  -3.0695795302508691E+03   3.2241111850472486E-08   1.1576096172851009E-22   1.8375246894249381E+03
   6.5967700000000000E+08  -3.4939898528895455E+03   4.8148142599617351E-08   1.3927420485565025E-22   2.2808324839068382E+03
   6.6167700000000000E+08  -3.7423315284405539E+03   5.6702431722295264E-08   1.4514418561434578E-22   2.5774520010197089E+03
   6.6367700000000000E+08  -3.5734272027169632E+03   5.9283528559201264E-08   1.3940024555701315E-22   2.8058470258781144E+03
   6.6567700000000000E+08  -3.0057786250720751E+03   5.8115624627930281E-08   1.2807744772855348E-22   2.9937684555102082E+03
   6.6767700000000000E+08  -2.3157318436134633E+03   5.5227776401340606E-08   1.1551549565707181E-22   3.1544150503484816E+03
   6.6967700000000000E+08  -1.6783397900104396E+03   5.1842524087625529E-08   1.0380268022505418E-22   3.2951925745586786E+03
   6.7167700000000000E+08  -1.0875306080090070E+03   4.8476765282566915E-08   9.3501363181527327E-23   3.4207359543771613E+03
   6.7367700000000000E+08  -4.6735019464342423E+02   4.5322600757348232E-08   8.4611582003005244E-23   3.5341765067064116E+03
   6.7567700000000000E+08   3.3855334523659803E+02   4.2407461543342302E-08   7.6914998124621138E-23   3.6377499608405674E+03
   6.7767700000000000E+08   1.4208291031491203E+03   3.9674186715266737E-08   7.0118993252295107E-23   3.7331173788567839E+03
   6.7967700000000000E+08   2.7159642838044351E+03   3.7095469890037217E-08   6.4044041243350010E-23   3.8215434603267040E+03
   6.8167700000000000E+08   4.1095899709876030E+03   3.4692282936125528E-08   5.8629498227807996E-23   3.9040087342135430E+03
   6.8367700000000000E+08   5.5563056959339719E+03   3.2520172959207034E-08   5.3891583046628906E-23   3.9812897730136947E+03
   6.8567700000000000E+08   7.1008965904544157E+03   3.0602096666517973E-08   4.9803040870670042E-23   4.0540165157895617E+03
   6.8767700000000000E+08   8.7811665476990638E+03   2.8927428412302749E-08   4.6293081318301181E-23   4.1227094070994626E+03
   6.8967700000000000E+08   1.0603589310529156E+04   2.7466841473930759E-08   4.3272369852428051E-23   4.1878030095127424E+03
   6.9167700000000000E+08   1.2549221329577371E+04   2.6186240617136258E-08   4.0654295272545953E-23   4.2496630810038905E+03
   6.9367700000000000E+08   1.4588168204018344E+04   2.5053676527605662E-08   3.8363921135026631E-23   4.3085998539053508E+03
   6.9567700000000000E+08   1.6686150106167748E+04   2.4041303542474996E-08   3.6339065398648924E-23   4.3648785422176061E+03
   6.9767700000000000E+08   1.8806682085645549E+04   2.3125943734286009E-08   3.4529531024635390E-23   4.4187275803076245E+03
   6.9967700000000000E+08   2.0912972755552408E+04   2.2288600235895136E-08   3.2895087980575103E-23   4.4703451075517396E+03
   7.0167700000000000E+08   2.2968683341405238E+04   2.1513832727038342E-08   3.1403574005079895E-23   4.5199041157575084E+03
   7.0367700000000000E+08   2.4938745891081460E+04   2.0789176743632166E-08   3.0029313625308988E-23   4.5675565677357008E+03
   7.0567700000000000E+08   2.6790376615239882E+04   2.0104664673234398E-08   2.8751874826142241E-23   4.6134367299959831E+03
   7.0767700000000000E+08   2.8494229831980178E+04   1.9452447149807489E-08   2.7555109516923924E-23   4.6576638994891391E+03
   7.0967700000000000E+08   3.0025601902116083E+04   1.8826492942073893E-08   2.6426408111410044E-23   4.7003446566154125E+03
   7.1167700000000000E+08   3.1365581614041908E+04   1.8222343637697806E-08   2.5356107445406499E-23   4.7415747418677347E+03
   7.1367700000000000E+08   3.2502042515960497E+04   1.7636901390526799E-08   2.4337002536603590E-23   4.7814406280923304E+03
   7.1567700000000000E+08   3.3430363131593564E+04   1.7068231660454891E-08   2.3363923940279279E-23   4.8200208418155908E+03
   7.1767700000000000E+08   3.4153754610720571E+04   1.6515367196286423E-08   2.2433352737253754E-23   4.8573870735320907E+03
   7.1967700000000000E+08   3.4683085705579964E+04   1.5978105073592515E-08   2.1543055717526263E-23   4.8936051071624097E+03
   7.2167700000000000E+08   3.5036135830216270E+04   1.5456795435000505E-08   2.0691734385515922E-23   4.9287355924137246E+03
   7.2367700000000000E+08   3.5236281714414989E+04   1.4952127928349686E-08   1.9878692172033642E-23   4.9628346800254812E+03
   7.2567700000000000E+08   3.5310720331769902E+04   1.4464928069440518E-08   1.9103532732506080E-23   4.9959545382878550E+03
   7.2767700000000000E+08   3.5288424781793525E+04   1.3995978986116258E-08   1.8365906240310941E-23   5.0281437690097009E+03
   7.2967700000000000E+08   3.5198089741614029E+04   1.3545882983634165E-08   1.7665318876059518E-23   5.0594477413591658E+03
   7.3167700000000000E+08   3.5066326239676251E+04   1.3114972241329020E-08   1.7001013803886031E-23   5.0899088618242977E+03
   7.3367700000000000E+08   3.4916308561143574E+04   1.2703270317953624E-08   1.6371922162090598E-23   5.1195667973524896E+03
   7.3567700000000000E+08   3.4766977445857774E+04   1.2310498439778822E-08   1.5776673198507297E-23   5.1484586663831033E+03
   7.3767700000000000E+08   3.4632794942303648E+04   1.1936114981628529E-08   1.5213646389975215E-23   5.1766192092755891E+03
   7.3967700000000000E+08   3.4523958035790492E+04   1.1579374279338918E-08   1.4681046458711036E-23   5.2040809461058925E+03
   7.4167700000000000E+08   3.4446928751124149E+04   1.1239391804659998E-08   1.4176984238935684E-23   5.2308743265332932E+03
   7.4367700000000000E+08   3.4405129922711021E+04   1.0915205750363300E-08   1.3699550864304810E-23   5.2570278738433462E+03
   7.4567700000000000E+08   3.4399677983589485E+04   1.0605828889344995E-08   1.3246877993348455E-23   5.2825683235234756E+03
   7.4767700000000000E+08   3.4430061774252208E+04   1.0310288100428696E-08   1.2817181413645675E-23   5.3075207557820631E+03
   7.4967700000000000E+08   3.4494715915712528E+04   1.0027651587171253E-08   1.2408788670759142E-23   5.3319087211009582E+03
   7.5167700000000000E+08   3.4591470058415347E+04   9.7570454027836105E-09   1.2020153248700125E-23   5.3557543579932208E+03
   7.5367700000000000E+08   3.4717877852446843E+04   9.4976615816733567E-09   1.1649858540664074E-23   5.3790785024224606E+03
   7.5567700000000000E+08   3.4871442091440214E+04   9.2487602382896366E-09   1.1296614779958692E-23   5.4019007886814970E+03
   7.5767700000000000E+08   3.5049757387290832E+04   9.0096676993128735E-09   1.0959251616134402E-23   5.4242397418378705E+03
   7.5967700000000000E+08   3.5250591628560265E+04   8.7797722965079082E-09   1.0636708390667372E-23   5.4461128620920917E+03
   7.6167700000000000E+08   3.5471924696836315E+04   8.5585189994260488E-09   1.0328023555505509E-23   5.4675367015522697E+03
   7.6367700000000000E+08   3.5711959131627918E+04   8.3454036795401567E-09   1.0032324166677188E-23   5.4885269340154555E+03
   7.6567700000000000E+08   3.5969113659651252E+04   8.1399674954087555E-09   9.7488159976713674E-24   5.5090984183767960E+03
   7.6767700000000000E+08   3.6242007245538181E+04   7.9417916710568998E-09   9.4767745456638247E-24   5.5292652562799958E+03
   7.6967700000000000E+08   3.6529438751174981E+04   7.7504927936635002E-09   9.2155370265582980E-24   5.5490408445905014E+03
   7.7167700000000000E+08   3.6830365394606866E+04   7.5657186650224008E-09   8.9644953480691266E-24   5.5684379232276742E+03
   7.7367700000000000E+08   3.7143881874262654E+04   7.3871446882872756E-09   8.7230899920767093E-24   5.5874686188415053E+03
   7.7567700000000000E+08   3.7469201142617720E+04   7.2144707443311522E-09   8.4908047111568774E-24   5.6061444847683670E+03
   7.7767700000000000E+08   3.7805637255105830E+04   7.0474185010410833E-09   8.2671619370912805E-24   5.6244765376516489E+03
   7.7967700000000000E+08   3.8152590385776137E+04   6.8857290973322078E-09   8.0517188028411086E-24   5.6424752910684620E+03
   7.8167700000000000E+08   3.8509533915210406E+04   6.7291611471946669E-09   7.8440636884646178E-24   5.6601507864636233E+03
   7.8367700000000000E+08   3.8876003404265211E+04   6.5774890149344981E-09   7.6438132124797305E-24   5.6775126216566532E+03
   7.8567700000000000E+08   3.9251587232117105E+04   6.4305013193234260E-09   7.4506096013498450E-24   5.6945699771565860E+03
   7.8767700000000000E+08   3.9635918674434150E+04   6.2879996307519965E-09   7.2641183801443078E-24   5.7113316404922671E+03
   7.8967700000000000E+08   4.0028669211833439E+04   6.1497973312652413E-09   7.0840263365885574E-24   5.7278060287422277E+03
   7.9167700000000000E+08   4.0429542880778426E+04   6.0157186123892130E-09   6.9100397185706565E-24   5.7440012094278445E+03
   7.9367700000000000E+08   4.0838271503303680E+04   5.8855975899180477E-09   6.7418826317737487E-24   5.7599249199154883E+03
   7.9567700000000000E+08   4.1254610655519005E+04   5.7592775183846984E-09   6.5792956095931617E-24   5.7755845854579557E+03
   7.9767700000000000E+08   4.1678336256324357E+04   5.6366100908711389E-09   6.4220343320300003E-24   5.7909873359916801E+03
   7.9967700000000000E+08   4.2109241676621539E+04   5.5174548122221909E-09   6.2698684739855751E-24   5.8061400217944065E+03
   8.0167700000000000E+08   4.2547135285485543E+04   5.4016784356991385E-09   6.1225806664526071E-24   5.8210492280974195E+03
   8.0367700000000000E+08   4.2991838363431991E+04   5.2891544547244130E-09   5.9799655566301604E-24   5.8357212887372089E+03
   8.0567700000000000E+08   4.3443183324407211E+04   5.1797626426930772E-09   5.8418289550802715E-24   5.8501622989231946E+03
   8.0767700000000000E+08   4.3901012197718454E+04   5.0733886349165402E-09   5.7079870597782054E-24   5.8643781271909347E+03
   8.0967700000000000E+08   4.4365175329169542E+04   4.9699235476631160E-09   5.5782657483516403E-24   5.8783744266036965E+03
   8.1167700000000000E+08   4.4835530267419635E+04   4.8692636300056393E-09   5.4524999310113218E-24   5.8921566452596535E+03
   8.1367700000000000E+08   4.5311940807287167E+04   4.7713099448071716E-09   5.3305329576903154E-24   5.9057300361566377E+03
   8.1567700000000000E+08   4.5794276166582655E+04   4.6759680756948335E-09   5.2122160737647017E-24   5.9190996664619379E+03
   8.1767700000000000E+08   4.6282410277215444E+04   4.5831478573079318E-09   5.0974079194544171E-24   5.9322704262304587E+03
   8.1967700000000000E+08   4.6776221174903782E+04   4.4927631264732214E-09   4.9859740686194622E-24   5.9452470366107973E+03
   8.2167700000000000E+08   4.7275590474889839E+04   4.4047314922700228E-09   4.8777866031928810E-24   5.9580340575754853E+03
   8.2367700000000000E+08   4.7780402923686568E+04   4.3189741232093452E-09   4.7727237199411911E-24   5.9706358952087176E+03
   8.2567700000000000E+08   4.8290546019080182E+04   4.2354155499708912E-09   4.6706693666263254E-24   5.9830568085819996E+03
   8.2767700000000000E+08   4.8805909692375018E+04   4.1539834823274583E-09   4.5715129049717784E-24   5.9953009162457893E+03
   8.2967700000000000E+08   4.9326386048224980E+04   4.0746086390400813E-09   4.4751487981144734E-24   6.0073722023629880E+03
   8.3167700000000000E+08   4.9851869158310939E+04   3.9972245896365848E-09   4.3814763204633558E-24   6.0192745225080544E+03
   8.3367700000000000E+08   5.0382254905650458E+04   3.9217676070917079E-09   4.2903992880879001E-24   6.0310116091536638E+03
   8.3567700000000000E+08   5.0917440876436063E+04   3.8481765305151154E-09   4.2018258079336111E-24   6.0425870768652230E+03
   8.3767700000000000E+08   5.1457326296077423E+04   3.7763926370254583E-09   4.1156680443094699E-24   6.0540044272218993E+03
   8.3967700000000000E+08   5.2001812005593682E+04   3.7063595220497647E-09   4.0318420012211193E-24   6.0652670534815170E+03
   8.4167700000000000E+08   5.2550800473788331E+04   3.6380229873387471E-09   3.9502673192356444E-24   6.0763782450053950E+03
   8.4367700000000000E+08   5.3104195839801825E+04   3.5713309360349879E-09   3.8708670856648449E-24   6.0873411914578883E+03
   8.4567700000000000E+08   5.3661903979795607E+04   3.5062332741736660E-09   3.7935676569460181E-24   6.0981589867944585E+03
   8.4767700000000000E+08   5.4223832590785263E+04   3.4426818180379646E-09   3.7182984921866239E-24   6.1088346330510594E+03
   8.4967700000000000E+08   5.4789891284117330E+04   3.3806302068335295E-09   3.6449919969224527E-24   6.1193710439466558E+03
   8.5167700000000000E+08   5.5359991680835730E+04   3.3200338201911443E-09   3.5735833762208974E-24   6.1297710483099654E+03
   8.5367700000000000E+08   5.5934047501283436E+04   3.2608497000531880E-09   3.5040104963416462E-24   6.1400373933406145E+03
   8.5567700000000000E+08   5.6511974641757726E+04   3.2030364765480506E-09   3.4362137542467293E-24   6.1501727477142849E+03
   8.5767700000000000E+08   5.7093691231877361E+04   3.1465542975063910E-09   3.3701359543299216E-24   6.1601797045407620E+03
   8.5967700000000000E+08   5.7679117667488208E+04   3.0913647613228786E-09   3.3057221918110345E-24   6.1700607841831497E+03
   8.6167700000000000E+08   5.8268176615366669E+04   3.0374308529155529E-09   3.2429197423121383E-24   6.1798184369460332E+03
   8.6367700000000000E+08   5.8860792987588749E+04   2.9847168825805659E-09   3.1816779571993165E-24   6.1894550456397992E+03
   8.6567700000000000E+08   5.9456893885122059E+04   2.9331884275813852E-09   3.1219481643332463E-24   6.1989729280279262E+03
   8.6767700000000000E+08   6.0056408511840491E+04   2.8828122763474129E-09   3.0636835739242394E-24   6.2083743391635880E+03
   8.6967700000000000E+08   6.0659268061686162E+04   2.8335563751861582E-09   3.0068391892310323E-24   6.2176614736214842E+03
   8.7167700000000000E+08   6.1265405582987965E+04   2.7853897774358119E-09   2.9513717218779848E-24   6.2268364676305455E+03
   8.7367700000000000E+08   6.1874755824947279E+04   2.7382825950000189E-09   2.8972395115915085E-24   6.2359014011127538E+03
   8.7567700000000000E+08   6.2487255071959837E+04   2.6922059522155695E-09   2.8444024501753542E-24   6.2448582996329806E+03
   8.7767700000000000E+08   6.3102840971751823E+04   2.6471319420059503E-09   2.7928219095552585E-24   6.2537091362645124E+03
   8.7967700000000000E+08   6.3721452363254284E+04   2.6030335842714346E-09   2.7424606737290924E-24   6.2624558333746418E+03
   8.8167700000000000E+08   6.4343029109801151E+04   2.5598847864597986E-09   2.6932828744590866E-24   6.2711002643344355E+03
   8.8367700000000000E+08   6.4967511942636535E+04   2.5176603062526060E-09   2.6452539305401317E-24   6.2796442551565433E+03
   8.8567700000000000E+08   6.5594842318980169E+04   2.4763357162910215E-09   2.5983404904731922E-24   6.2880895860646797E+03
   8.8767700000000000E+08   6.6224962298204715E+04   2.4358873708529932E-09   2.5525103783663756E-24   6.2964379929983379E+03
   8.8967700000000000E+08   6.6857814439399124E+04   2.3962923743781725E-09   2.5077325428760868E-24   6.3046911690557681E+03
   8.9167700000000000E+08   6.7493341724447979E+04   2.3575285517155240E-09   2.4639770089837925E-24   6.3128507658784702E+03
   8.9367700000000000E+08   6.8131487514477660E+04   2.3195744199283260E-09   2.4212148323674092E-24   6.3209183949800135E+03
   8.9567700000000000E+08   6.8772195557441752E+04   2.2824091614100462E-09   2.3794180560469203E-24   6.3288956290218612E+03
   8.9767700000000000E+08   6.9415410087054799E+04   2.2460125978993275E-09   2.3385596688171514E-24   6.3367840030389343E+03
   8.9967700000000000E+08   7.0061076097977770E+04   2.2103651646690040E-09   2.2986135646613384E-24   6.3445850156173674E+03
   9.0167700000000000E+08   7.0709139959706823E+04   2.1754478836399248E-09   2.2595545018038860E-24   6.3523001300269816E+03
   9.0367700000000000E+08   7.1359550641502676E+04   2.1412423334608287E-09   2.2213580593396310E-24   6.3599307753111752E+03
   9.0567700000000000E+08   7.2012261921651065E+04   2.1077306140181954E-09   2.1840005888037939E-24   6.3674783473369116E+03
   9.0767700000000000E+08   7.2667235913159384E+04   2.0748953033357019E-09   2.1474591585970102E-24   6.3749442098078271E+03
   9.0967700000000000E+08   7.3324447782494899E+04   2.0427194082191945E-09   2.1117114927321514E-24   6.3823296952433302E+03
   9.1167700000000000E+08   7.3983890304833505E+04   2.0111863185881906E-09   2.0767359142471278E-24   6.3896361059255569E+03
   9.1367700000000000E+08   7.4645574746581522E+04   1.9802797897675029E-09   2.0425113183229355E-24   6.3968647148136015E+03
   9.1567700000000000E+08   7.5309522274279880E+04   1.9499839912959051E-09   2.0090172145788474E-24   6.4040167664204073E+03
   9.1767700000000000E+08   7.5975740156949832E+04   1.9202836581782709E-09   1.9762338748011154E-24   6.4110934776425383E+03
   9.1967700000000000E+08   7.6644183284581741E+04   1.8911643360496879E-09   1.9441425761338907E-24   6.4180960385315939E+03
   9.2167700000000000E+08   7.7314715809756977E+04   1.8626126168573623E-09   1.9127258323990688E-24   6.4250256130031385E+03
   9.2367700000000000E+08   7.7987102899916819E+04   1.8346161614672520E-09   1.8819674048065980E-24   6.4318833394978801E+03
   9.2567700000000000E+08   7.8661060810554569E+04   1.8071633314811065E-09   1.8518519125261246E-24   6.4386703316348121E+03
   9.2767700000000000E+08   7.9336355734922108E+04   1.7802424937049279E-09   1.8223641126151643E-24   6.4453876789025089E+03
   9.2967700000000000E+08   8.0012885584776028E+04   1.7538414370174975E-09   1.7934883018849742E-24   6.4520364474047374E+03
   9.3167700000000000E+08   8.0690672034120958E+04   1.7279474589349697E-09   1.7652084070493494E-24   6.4586176806231961E+03
   9.3367700000000000E+08   8.1369759048218140E+04   1.7025479934050020E-09   1.7375086245697165E-24   6.4651324001166504E+03
   9.3567700000000000E+08   8.2050121293096629E+04   1.6776310457543634E-09   1.7103738568119397E-24   6.4715816061037776E+03
   9.3767700000000000E+08   8.2731710734677166E+04   1.6531853359617070E-09   1.6837898474895083E-24   6.4779662779986602E+03
   9.3967700000000000E+08   8.3414575519967198E+04   1.6292004282390888E-09   1.6577433080043018E-24   6.4842873750150466E+03
   9.4167700000000000E+08   8.4098810694026790E+04   1.6056661165774438E-09   1.6322212943383891E-24   6.4905458367848678E+03
   9.4367700000000000E+08   8.4784314970433552E+04   1.5825705591488058E-09   1.6072093135458281E-24   6.4967425837943474E+03
   9.4567700000000000E+08   8.5470644866758361E+04   1.5598991855137401E-09   1.5826902102979314E-24   6.5028785176170277E+03
   9.4767700000000000E+08   8.6157185372948996E+04   1.5376367933296919E-09   1.5586462840955533E-24   6.5089545212228340E+03
   9.4967700000000000E+08   8.6843540310151031E+04   1.5157713025648361E-09   1.5350630838963465E-24   6.5149714596807253E+03
   9.5167700000000000E+08   8.7530401015761701E+04   1.4942961748746442E-09   1.5119318446465433E-24   6.5209301811647929E+03
   9.5367700000000000E+08   8.8218257747863245E+04   1.4732167621270156E-09   1.4892557415335884E-24   6.5268315176894675E+03
   9.5567700000000000E+08   8.8908359817482007E+04   1.4525333694612714E-09   1.4670333710332151E-24   6.5326762853743767E+03
   9.5767700000000000E+08   8.9600254953710668E+04   1.4322298166682124E-09   1.4452463804169581E-24   6.5384652844456450E+03
   9.5967700000000000E+08   9.0293572169001054E+04   1.4122948401132982E-09   1.4238815142109092E-24   6.5441992994000111E+03
   9.6167700000000000E+08   9.0988142035645680E+04   1.3927188941163871E-09   1.4029273349557194E-24   6.5498790994488400E+03
   9.6367700000000000E+08   9.1683861193278237E+04   1.3734934017233756E-09   1.3823734599098539E-24   6.5555054389547822E+03
   9.6567700000000000E+08   9.2380654491649009E+04   1.3546103155051666E-09   1.3622101089450831E-24   6.5610790578335609E+03
   9.6767700000000000E+08   9.3078463960615569E+04   1.3360619463856261E-09   1.3424279269441738E-24   6.5666006819305858E+03
   9.6967700000000000E+08   9.3777243757547491E+04   1.3178408928837457E-09   1.3230179091005361E-24   6.5720710233787649E+03
   9.7167700000000000E+08   9.4476956142560564E+04   1.2999400046075457E-09   1.3039713613256272E-24   6.5774907809410106E+03
   9.7367700000000000E+08   9.5177568719732444E+04   1.2823523558213017E-09   1.2852798710758496E-24   6.5828606403394979E+03
   9.7567700000000000E+08   9.5879052803557803E+04   1.2650712239377663E-09   1.2669352833451268E-24   6.5881812745734687E+03
   9.7767700000000000E+08   9.6581382263509659E+04   1.2480900733496837E-09   1.2489296821966595E-24   6.5934533442264592E+03
   9.7967700000000000E+08   9.7284532685798709E+04   1.2314025432983879E-09   1.2312553764876344E-24   6.5986774977637360E+03
   9.8167700000000000E+08   9.7988480961646375E+04   1.2150024376732009E-09   1.2139048876545344E-24   6.6038543718205137E+03
   9.8367700000000000E+08   9.8693205154792391E+04   1.1988837164365768E-09   1.1968709392400478E-24   6.6089845914814214E+03
   9.8567700000000000E+08   9.9398684411876733E+04   1.1830404891290568E-09   1.1801464485982163E-24   6.6140687705518576E+03
   9.8767700000000000E+08   1.0010489885226599E+05   1.1674670099628511E-09   1.1637245202719371E-24   6.6191075118212839E+03
   9.8967700000000000E+08   1.0081182940948347E+05   1.1521576736406573E-09   1.1475984401718798E-24   6.6241014073189835E+03
   9.9167700000000000E+08   1.0151945759248873E+05   1.1371070114752292E-09   1.1317616701246160E-24   6.6290510385623211E+03
   9.9367700000000000E+08   1.0222776534707479E+05   1.1223096878270676E-09   1.1162078427960917E-24   6.6339569767977637E+03
   9.9567700000000000E+08   1.0293673541612465E+05   1.1077604977869501E-09   1.1009307579022948E-24   6.6388197832351980E+03
   9.9767700000000000E+08   1.0364635253531145E+05   1.0934543682564011E-09   1.0859243818392312E-24   6.6436400092759550E+03
   9.9967700000000000E+08   1.0435660537991067E+05   1.0793863642081112E-09   1.0711828524958141E-24   6.6484181967352779E+03
   1.0016770000000000E+09   1.0506748853682456E+05   1.0655516987531555E-09   1.0567004878813598E-24   6.6531548780595049E+03
   1.0036770000000000E+09   1.0577900365876927E+05   1.0519457418880194E-09   1.0424717934806700E-24   6.6578505765380423E+03
   1.0056770000000000E+09   1.0649115845645136E+05   1.0385640154729591E-09   1.0284914560339452E-24   6.6625058065090743E+03
   1.0076770000000000E+09   1.0720396288350392E+05   1.0254021716383166E-09   1.0147543209975117E-24   6.6671210735582081E+03
   1.0096770000000000E+09   1.0791742347796424E+05   1.0124559539039914E-09   1.0012553530028505E-24   6.6716968747091314E+03
   1.0116770000000000E+09   1.0863153811292991E+05   9.9972115352165310E-10   9.8798959171128433E-25   6.6762336986061273E+03
   1.0136770000000000E+09   1.0934628630775488E+05   9.8719358411783827E-10   9.7495212575664558E-25   6.6807320256895209E+03
   1.0156770000000000E+09   1.1006163373387937E+05   9.7486903441903787E-10   9.6213804578972219E-25   6.6851923283655206E+03
   1.0176770000000000E+09   1.1077752766212843E+05   9.6274326725549126E-10   9.4954244202561809E-25   6.6896150711718765E+03
   1.0196770000000000E+09   1.1149390402844927E+05   9.5081207678438263E-10   9.3716046035120161E-25   6.6940007109414510E+03
   1.0216770000000000E+09   1.1221069651443548E+05   9.3907133109540228E-10   9.2498734345061522E-25   6.6983496969652078E+03
   1.0236770000000000E+09   1.1292784524917358E+05   9.2751702186447387E-10   9.1301847887894275E-25   6.7026624711548075E+03
   1.0256770000000000E+09   1.1364530376117579E+05   9.1614530260899676E-10   9.0124943583890134E-25   6.7069394682039110E+03
   1.0276770000000000E+09   1.1436304277126408E+05   9.0495250759518162E-10   8.8967598286354351E-25   6.7111811157468264E+03
   1.0296770000000000E+09   1.1508105051950873E+05   8.9393515010156446E-10   8.7829408517642138E-25   6.7153878345131343E+03
   1.0316770000000000E+09   1.1579933022513804E+05   8.8308990425078435E-10   8.6709988592187102E-25   6.7195600384772697E+03
   1.0336770000000000E+09   1.1651789581952825E+05   8.7241357749912769E-10   8.5608967827488734E-25   6.7236981350022625E+03
   1.0356770000000000E+09   1.1723676718095965E+05   8.6190308110430417E-10   8.4525987564690002E-25   6.7278025249778129E+03
   1.0376770000000000E+09   1.1795596584858259E+05   8.5155540420508885E-10   8.3460698552575033E-25   6.7318736029530301E+03
   1.0396770000000000E+09   1.1867551179111516E+05   8.4136759460734140E-10   8.2412758997853322E-25   6.7359117572643781E+03
   1.0416770000000000E+09   1.1939542141141294E+05   8.3133674695976925E-10   8.1381833347024518E-25   6.7399173701596546E+03
   1.0436770000000000E+09   1.2011570667174089E+05   8.2145999732278991E-10   8.0367591700074066E-25   6.7438908179184273E+03
   1.0456770000000000E+09   1.2083637506170884E+05   8.1173452232507269E-10   7.9369709677191681E-25   6.7478324709695607E+03
   1.0476770000000000E+09   1.2155743009184919E+05   8.0215754099298385E-10   7.8387868549501502E-25   6.7517426940060186E+03
   1.0496770000000000E+09   1.2227887203750774E+05   7.9272631766218933E-10   7.7421755477109880E-25   6.7556218460972359E+03
   1.0516770000000000E+09   1.2300069873292826E+05   7.8343816488685765E-10   7.6471063747843423E-25   6.7594702807990388E+03
   1.0536770000000000E+09   1.2372290629424066E+05   7.7429044575373839E-10   7.5535492958539522E-25   6.7632883462612199E+03
   1.0556770000000000E+09   1.2444548971571894E+05   7.6528057538159573E-10   7.4614749117473171E-25   6.7670763853329026E+03
   1.0576770000000000E+09   1.2516844332768874E+05   7.5640602162335398E-10   7.3708544669764668E-25   6.7708347356653776E+03
   1.0596770000000000E+09   1.2589176112888489E+05   7.4766430510709066E-10   7.2816598459229178E-25   6.7745637298127713E+03
   1.0616770000000000E+09   1.2661543701673485E+05   7.3905299878565644E-10   7.1938635643392138E-25   6.7782636953303181E+03
   1.0636770000000000E+09   1.2733946494049967E+05   7.3056972715237938E-10   7.1074387577141202E-25   6.7819349548704586E+03
   1.0656770000000000E+09   1.2806383899906959E+05   7.2221216524892611E-10   7.0223591677378520E-25   6.7855778262766316E+03
   1.0676770000000000E+09   1.2878855350083270E+05   7.1397803755669490E-10   6.9385991277608843E-25   6.7891926226749529E+03
   1.0696770000000000E+09   1.2951360299862333E+05   7.0586511683428833E-10   6.8561335478560163E-25   6.7927796525636932E+03
   1.0716770000000000E+09   1.3023898230915541E+05   6.9787122294245457E-10   6.7749378998847213E-25   6.7963392199007340E+03
   1.0736770000000000E+09   1.3096468652361787E+05   6.8999422168294176E-10   6.6949882028221188E-25   6.7998716241889551E+03
   1.0756770000000000E+09   1.3169071101390358E+05   6.8223202366753265E-10   6.6162610084946762E-25   6.8033771605597030E+03
   1.0776770000000000E+09   1.3241705143719589E+05   6.7458258322584637E-10   6.5387333878099633E-25   6.8068561198543212E+03
   1.0796770000000000E+09   1.3314370374019319E+05   6.6704389735459865E-10   6.4623829175001631E-25   6.8103087887037400E+03
   1.0816770000000000E+09   1.3387066416314431E+05   6.5961400470683749E-10   6.3871876673603982E-25   6.8137354496064563E+03
   1.0836770000000000E+09   1.3459792924316679E+05   6.5229098461708194E-10   6.3131261879385685E-25   6.8171363810044304E+03
   1.0856770000000000E+09   1.3532549581604562E+05   6.4507295615772153E-10   6.2401774986270985E-25   6.8205118573575719E+03
   1.0876770000000000E+09   1.3605336101577512E+05   6.3795807722261967E-10   6.1683210761137926E-25   6.8238621492164139E+03
   1.0896770000000000E+09   1.3678152227139313E+05   6.3094454363535659E-10   6.0975368431631498E-25   6.8271875232931434E+03
   1.0916770000000000E+09   1.3750997730096671E+05   6.2403058828106927E-10   6.0278051577145334E-25   6.8304882425310607E+03
   1.0936770000000000E+09   1.3823872410284894E+05   6.1721448026185879E-10   5.9591068022934719E-25   6.8337645661725246E+03
   1.0956770000000000E+09   1.3896776094443828E+05   6.1049452407609460E-10   5.8914229737361535E-25   6.8370167498253804E+03
   1.0976770000000000E+09   1.3969708634863704E+05   6.0386905882177268E-10   5.8247352732254858E-25   6.8402450455279068E+03
   1.0996770000000000E+09   1.4042669907809907E+05   5.9733645742359624E-10   5.7590256966326244E-25   6.8434497018123038E+03
   1.1016770000000000E+09   1.4115659811722385E+05   5.9089512588287571E-10   5.6942766251522339E-25   6.8466309637669001E+03
   1.1036770000000000E+09   1.4188678265169650E+05   5.8454350254904082E-10   5.6304708162173673E-25   6.8497890730968447E+03
   1.1056770000000000E+09   1.4261725204530457E+05   5.7828005741141867E-10   5.5675913946780626E-25   6.8529242681836622E+03
   1.1076770000000000E+09   1.4334800581368941E+05   5.7210329141006190E-10   5.5056218442297459E-25   6.8560367841433190E+03
   1.1096770000000000E+09   1.4407904359467010E+05   5.6601173576471759E-10   5.4445459990799635E-25   6.8591268528832434E+03
   1.1116770000000000E+09   1.4481036511478201E+05   5.6000395132128656E-10   5.3843480358451567E-25   6.8621947031579139E+03
   1.1136770000000000E+09   1.4554197015166807E+05   5.5407852791551497E-10   5.3250124656725195E-25   6.8652405606234233E+03
   1.1156770000000000E+09   1.4627385849200079E+05   5.4823408375377959E-10   5.2665241265836517E-25   6.8682646478907827E+03
   1.1176770000000000E+09   1.4700602988461306E+05   5.4246926481107383E-10   5.2088681760388063E-25   6.8712671845781369E+03
   1.1196770000000000E+09   1.4773848398858018E+05   5.3678274424627200E-10   5.1520300837206470E-25   6.8742483873617739E+03
   1.1216770000000000E+09   1.4847122031605340E+05   5.3117322183472879E-10   5.0959956245358075E-25   6.8772084700262430E+03
   1.1236770000000000E+09   1.4920423816971463E+05   5.2563942341820079E-10   5.0407508718325890E-25   6.8801476435132208E+03
   1.1256770000000000E+09   1.4993753657486613E+05   5.2018010037186399E-10   4.9862821908304979E-25   6.8830661159694637E+03
   1.1276770000000000E+09   1.5067111420629453E+05   5.1479402908801662E-10   4.9325762322560869E-25   6.8859640927936989E+03
   1.1296770000000000E+09   1.5140496931023337E+05   5.0948001047582637E-10   4.8796199261771822E-25   6.8888417766825369E+03
   1.1316770000000000E+09   1.5213909962196962E+05   5.0423686947616340E-10   4.8274004760246083E-25   6.8916993676755073E+03
   1.1336770000000000E+09   1.5287350227986337E+05   4.9906345459024969E-10   4.7759053527879092E-25   6.8945370631990027E+03
   1.1356770000000000E+09   1.5360817373682465E+05   4.9395863742058983E-10   4.7251222893685639E-25   6.8973550581095296E+03
   1.1376770000000000E+09   1.5434310967057876E+05   4.8892131222220091E-10   4.6750392750708005E-25   6.9001535447357546E+03
   1.1396770000000000E+09   1.5507830489434139E+05   4.8395039546197124E-10   4.6256445502074511E-25   6.9029327129199819E+03
   1.1416770000000000E+09   1.5581375326983153E+05   4.7904482538356212E-10   4.5769266007952718E-25   6.9056927500586944E+03
   1.1436770000000000E+09   1.5654944762484659E+05   4.7420356157504775E-10   4.5288741533118501E-25   6.9084338411421450E+03
   1.1456770000000000E+09   1.5728537967789927E+05   4.6942558453629452E-10   4.4814761694842588E-25   6.9111561687932808E+03
   1.1476770000000000E+09   1.5802153997264415E+05   4.6470989524293352E-10   4.4347218410787632E-25   6.9138599133058351E+03
   1.1496770000000000E+09   1.5875791782501939E+05   4.6005551470375296E-10   4.3886005846604322E-25   6.9165452526816607E+03
   1.1516770000000000E+09   1.5949450128612877E+05   4.5546148350842926E-10   4.3431020362926916E-25   6.9192123626672810E+03
   1.1536770000000000E+09   1.6023127712392082E+05   4.5092686136272452E-10   4.2982160461487529E-25   6.9218614167898140E+03
   1.1556770000000000E+09   1.6096823082662161E+05   4.4645072660862581E-10   4.2539326730106028E-25   6.9244925863920698E+03
   1.1576770000000000E+09   1.6170534663066393E+05   4.4203217572745214E-10   4.2102421786361355E-25   6.9271060406670840E+03
   1.1596770000000000E+09   1.6244260757550495E+05   4.3767032282456110E-10   4.1671350219812983E-25   6.9297019466918991E+03
   1.1616770000000000E+09   1.6317999558720458E+05   4.3336429909517470E-10   4.1246018532722148E-25   6.9322804694608030E+03
   1.1636770000000000E+09   1.6391749159199034E+05   4.2911325227174638E-10   4.0826335079312480E-25   6.9348417719178406E+03
   1.1656770000000000E+09   1.6465507566021674E+05   4.2491634605441134E-10   4.0412210003712914E-25   6.9373860149887360E+03
   1.1676770000000000E+09   1.6539272718019914E+05   4.2077275952720934E-10   4.0003555176835331E-25   6.9399133576123704E+03
   1.1696770000000000E+09   1.6613042506035644E+05   4.1668168656394331E-10   3.9600284132552430E-25   6.9424239567715485E+03
   1.1716770000000000E+09   1.6686814795697946E+05   4.1264233522874774E-10   3.9202312003652303E-25   6.9449179675232781E+03
   1.1736770000000000E+09   1.6760587452380621E+05   4.0865392717752586E-10   3.8809555458149649E-25   6.9473955430285259E+03
   1.1756770000000000E+09   1.6834358367847238E+05   4.0471569706734953E-10   3.8421932636620777E-25   6.9498568345813892E+03
   1.1776770000000000E+09   1.6908125487989202E+05   4.0082689198164687E-10   3.8039363091296114E-25   6.9523019916378389E+03
   1.1796770000000000E+09   1.6981886840975966E+05   3.9698677087942557E-10   3.7661767727682620E-25   6.9547311618440162E+03
   1.1816770000000000E+09   1.7055640565072288E+05   3.9319460407684607E-10   3.7289068749494151E-25   6.9571444910639066E+03
   1.1836770000000000E+09   1.7129384935339692E+05   3.8944967276918931E-10   3.6921189607637789E-25   6.9595421234066462E+03
   1.1856770000000000E+09   1.7203118388435667E+05   3.8575126860051774E-10   3.6558054953933064E-25   6.9619242012533659E+03
   1.1876770000000000E+09   1.7276839544751911E+05   3.8209869328726183E-10   3.6199590600138891E-25   6.9642908652835558E+03
   1.1896770000000000E+09   1.7350547227199140E+05   3.7849125830046875E-10   3.5845723482719268E-25   6.9666422545009073E+03
   1.1916770000000000E+09   1.7424240476041025E+05   3.7492828460977054E-10   3.5496381633618150E-25   6.9689785062588935E+03
   1.1936770000000000E+09   1.7497918559310047E+05   3.7140910249009957E-10   3.5151494157124304E-25   6.9712997562857545E+03
   1.1956770000000000E+09   1.7571580978484891E+05   3.6793305139019834E-10   3.4810991212717497E-25   6.9736061387089812E+03
   1.1976770000000000E+09   1.7645227469275749E+05   3.6449947985992435E-10   3.4474804003593791E-25   6.9758977860795803E+03
   1.1996770000000000E+09   1.7718857997534511E+05   3.6110774553144430E-10   3.4142864770391899E-25   6.9781748293957553E+03
   1.2016770000000000E+09   1.7792472750478139E+05   3.5775721514771147E-10   3.3815106789481439E-25   6.9804373981260660E+03
   1.2036770000000000E+09   1.7866072123570237E+05   3.5444726463029961E-10   3.3491464375049982E-25   6.9826856202323734E+03
   1.2056770000000000E+09   1.7939656703549161E+05   3.5117727917759372E-10   3.3171872884130273E-25   6.9849196221921829E+03
   1.2076770000000000E+09   1.8013227248210437E+05   3.4794665338373676E-10   3.2856268723651510E-25   6.9871395290206638E+03
   1.2096770000000000E+09   1.8086784663644031E+05   3.4475479136845810E-10   3.2544589358577695E-25   6.9893454642921424E+03
   1.2116770000000000E+09   1.8160329979690246E+05   3.4160110690807727E-10   3.2236773320212534E-25   6.9915375501612916E+03
   1.2136770000000000E+09   1.8233864324413089E+05   3.3848502355841765E-10   3.1932760213796466E-25   6.9937159073837984E+03
   1.2156770000000000E+09   1.8307388898392429E+05   3.3540597476118488E-10   3.1632490724598936E-25   6.9958806553367331E+03
   1.2176770000000000E+09   1.8380904949607101E+05   3.3236340392643480E-10   3.1335906621813935E-25   6.9980319120384675E+03
   1.2196770000000000E+09   1.8454413749623881E+05   3.2935676448505877E-10   3.1042950759690156E-25   7.0001697941681587E+03
   1.2216770000000000E+09   1.8527916571715768E+05   3.2638551990677938E-10   3.0753567075475097E-25   7.0022944170850951E+03
   1.2236770000000000E+09   1.8601414671418929E+05   3.2344914368074341E-10   3.0467700583907445E-25   7.0044058948472466E+03
   1.2256770000000000E+09   1.8674909269898492E+05   3.2054711925763465E-10   3.0185297368158503E-25   7.0065043402299771E+03
   1.2276770000000000E+09   1.8748401540341062E+05   3.1767893995386386E-10   2.9906304567285598E-25   7.0085898647439963E+03
   1.2296770000000000E+09   1.8821892597433855E+05   3.1484410882011002E-10   2.9630670360414443E-25   7.0106625786532331E+03
   1.2316770000000000E+09   1.8895383489841272E+05   3.1204213847780679E-10   2.9358343947996145E-25   7.0127225909921890E+03
   1.2336770000000000E+09   1.8968875195455729E+05   3.0927255092834821E-10   2.9089275530590013E-25   7.0147700095832661E+03
   1.2356770000000000E+09   1.9042368619097653E+05   3.0653487734042222E-10   2.8823416285686605E-25   7.0168049410534904E+03
   1.2376770000000000E+09   1.9115864592270355E+05   3.0382865782124241E-10   2.8560718343113379E-25   7.0188274908511485E+03
   1.2396770000000000E+09   1.9189363874546040E+05   3.0115344117732643E-10   2.8301134759555676E-25   7.0208377632620331E+03
   1.2416770000000000E+09   1.9262867156162942E+05   2.9850878467003295E-10   2.8044619492681442E-25   7.0228358614255749E+03
   1.2436770000000000E+09   1.9336375061444362E+05   2.9589425377040541E-10   2.7791127375297382E-25   7.0248218873503793E+03
   1.2456770000000000E+09   1.9409888152702799E+05   2.9330942191709622E-10   2.7540614089885667E-25   7.0267959419298732E+03
   1.2476770000000000E+09   1.9483406934351605E+05   2.9075387028024934E-10   2.7293036143790804E-25   7.0287581249575687E+03
   1.2496770000000000E+09   1.9556931857004829E+05   2.8822718753349278E-10   2.7048350845255481E-25   7.0307085351418755E+03
   1.2516770000000000E+09   1.9630463321404965E+05   2.8572896963548758E-10   2.6806516280435576E-25   7.0326472701209323E+03
   1.2536770000000000E+09   1.9704001682062523E+05   2.8325881962192927E-10   2.6567491291475894E-25   7.0345744264772002E+03
   1.2556770000000000E+09   1.9777547250536323E+05   2.8081634740839309E-10   2.6331235455680745E-25   7.0364900997515415E+03
   1.2576770000000000E+09   1.9851100298313709E+05   2.7840116960414070E-10   2.6097709065784076E-25   7.0383943844574114E+03
   1.2596770000000000E+09   1.9924661059281256E+05   2.7601290933662612E-10   2.5866873111293686E-25   7.0402873740945070E+03
   1.2616770000000000E+09   1.9998229731796202E+05   2.7365119608632382E-10   2.5638689260868675E-25   7.0421691611624592E+03
   1.2636770000000000E+09   2.0071806480384822E+05   2.7131566553131333E-10   2.5413119845674901E-25   7.0440398371742276E+03
   1.2656770000000000E+09   2.0145391437100599E+05   2.6900595940102040E-10   2.5190127843660001E-25   7.0458994926690639E+03
   1.2676770000000000E+09   2.0218984702573702E+05   2.6672172533856039E-10   2.4969676864690928E-25   7.0477482172256350E+03
   1.2696770000000000E+09   2.0292586346777264E+05   2.6446261677114114E-10   2.4751731136503125E-25   7.0495860994746017E+03
   1.2716770000000000E+09   2.0366196409525455E+05   2.6222829278811825E-10   2.4536255491418462E-25   7.0514132271112803E+03
   1.2736770000000000E+09   2.0439814900707736E+05   2.6001841802633661E-10   2.4323215353797271E-25   7.0532296869078682E+03
   1.2756770000000000E+09   2.0513441800255157E+05   2.5783266256248858E-10   2.4112576728195675E-25   7.0550355647255519E+03
   1.2776770000000000E+09   2.0587077057830387E+05   2.5567070181221569E-10   2.3904306188200516E-25   7.0568309455265526E+03
   1.2796770000000000E+09   2.0660720592229607E+05   2.5353221643567607E-10   2.3698370865915049E-25   7.0586159133857063E+03
   1.2816770000000000E+09   2.0734372290483362E+05   2.5141689224931584E-10   2.3494738442066966E-25   7.0603905515022043E+03
   1.2836770000000000E+09   2.0808032006641515E+05   2.4932442014351363E-10   2.3293377136708481E-25   7.0621549422107264E+03
   1.2856770000000000E+09   2.0881699560222161E+05   2.4725449600584109E-10   2.3094255700479502E-25   7.0639091669928966E+03
   1.2876770000000000E+09   2.0955374734298326E+05   2.4520682064960962E-10   2.2897343406405047E-25   7.0656533064880387E+03
   1.2896770000000000E+09   2.1029057273183728E+05   2.4318109974751782E-10   2.2702610042204041E-25   7.0673874405043016E+03
   1.2916770000000000E+09   2.1102746879662981E+05   2.4117704377019911E-10   2.2510025903093534E-25   7.0691116480290148E+03
   1.2936770000000000E+09   2.1176443211692039E+05   2.3919436792966123E-10   2.2319561785081918E-25   7.0708260072394078E+03
   1.2956770000000000E+09   2.1250145878464382E+05   2.3723279212770617E-10   2.2131188978760976E-25   7.0725305955128961E+03
   1.2976770000000000E+09   2.1323854435713188E+05   2.3529204090960302E-10   2.1944879263619967E-25   7.0742254894371054E+03
   1.2996770000000000E+09   2.1397568380100233E+05   2.3337184342339638E-10   2.1760604902914543E-25   7.0759107648201070E+03
   1.3016770000000000E+09   2.1471287142554863E+05   2.3147193338510552E-10   2.1578338639115246E-25   7.0775864967000816E+03
   1.3036770000000000E+09   2.1545010080497837E+05   2.2959204904967418E-10   2.1398053689918305E-25   7.0792527593551549E+03
   1.3056770000000000E+09   2.1618736469055296E+05   2.2773193318645558E-10   2.1219723744706040E-25   7.0809096263126667E+03
   1.3076770000000000E+09   2.1692465491677282E+05   2.2589133305625952E-10   2.1043322961174643E-25   7.0825571703589030E+03
   1.3096770000000000E+09   2.1766196231047341E+05   2.2407000038420997E-10   2.0868825961595804E-25   7.0841954635480879E+03
   1.3116770000000000E+09   2.1839927661806811E+05   2.2226769131918435E-10   2.0696207827849120E-25   7.0858245772115015E+03
   1.3136770000000000E+09   2.1913658647353188E+05   2.2048416636665531E-10   2.0525444093999687E-25   7.0874445819664634E+03
   1.3156770000000000E+09   2.1987387943667700E+05   2.1871919027833473E-10   2.0356510734878959E-25   7.0890555477251137E+03
   1.3176770000000000E+09   2.2061114213546421E+05   2.1697253188048459E-10   2.0189384148987060E-25   7.0906575437030497E+03
   1.3196770000000000E+09   2.2134836054429831E+05   2.1524396382491661E-10   2.0024041134239731E-25   7.0922506384279659E+03
   1.3216770000000000E+09   2.2208552041919914E+05   2.1353326225424019E-10   1.9860458855789125E-25   7.0938348997481216E+03
   1.3236770000000000E+09   2.2282260788790067E+05   2.1184020638700820E-10   1.9698614806460430E-25   7.0954103948405627E+03
   1.3256770000000000E+09   2.2355961015854293E+05   2.1016457804847190E-10   1.9538486762209617E-25   7.0969771902196562E+03
   1.3276770000000000E+09   2.2429651626897030E+05   2.0850616119576663E-10   1.9380052737154619E-25   7.0985353517452077E+03
   1.3296770000000000E+09   2.2503331775921874E+05   2.0686474150688303E-10   1.9223290944626757E-25   7.1000849446305529E+03
   1.3316770000000000E+09   2.2577000912639190E+05   2.0524010611285181E-10   1.9068179771610520E-25   7.1016260334507551E+03
   1.3336770000000000E+09   2.2650658792896435E+05   2.0363204354407595E-10   1.8914697773133189E-25   7.1031586821506107E+03
   1.3356770000000000E+09   2.2724305445706481E+05   2.0204034392989244E-10   1.8762823690190220E-25   7.1046829540524268E+03
   1.3376770000000000E+09   2.2797941097600214E+05   2.0046479943677415E-10   1.8612536489798866E-25   7.1061989118638230E+03
   1.3396770000000000E+09   2.2871566066479502E+05   1.9890520486615006E-10   1.8463815419796275E-25   7.1077066176853587E+03
   1.3416770000000000E+09   2.2945180647606775E+05   1.9736135827709855E-10   1.8316640065846517E-25   7.1092061330178149E+03
   1.3436770000000000E+09   2.3018785019619766E+05   1.9583306147525059E-10   1.8170990395933840E-25   7.1106975187693915E+03
   1.3456770000000000E+09   2.3092379195077089E+05   1.9432012023446264E-10   1.8026846779998380E-25   7.1121808352629459E+03
   1.3476770000000000E+09   2.3165963027312898E+05   1.9282234419371427E-10   1.7884189979441742E-25   7.1136561422426594E+03
   1.3496770000000000E+09   2.3239536266602416E+05   1.9133954647783801E-10   1.7743001111079069E-25   7.1151234988809501E+03
   1.3516770000000000E+09   2.3313098640768553E+05   1.8987154318763621E-10   1.7603261599086802E-25   7.1165829637852839E+03
   1.3536770000000000E+09   2.3386649926461495E+05   1.8841815294933673E-10   1.7464953132568512E-25   7.1180345950044630E+03
   1.3556770000000000E+09   2.3460189982675834E+05   1.8697919667884610E-10   1.7328057643111776E-25   7.1194784500356727E+03
   1.3576770000000000E+09   2.3533718736452248E+05   1.8555449761208289E-10   1.7192557307030784E-25   7.1209145858304155E+03
   1.3596770000000000E+09   2.3607236133896594E+05   1.8414388152572850E-10   1.7058434565218421E-25   7.1223430588011252E+03
   1.3616770000000000E+09   2.3680742085685048E+05   1.8274717698724155E-10   1.6925672145652813E-25   7.1237639248271644E+03
   1.3636770000000000E+09   2.3754236436086879E+05   1.8136421547603251E-10   1.6794253073927132E-25   7.1251772392615730E+03
   1.3656770000000000E+09   2.3827718968127391E+05   1.7999483130734244E-10   1.6664160665515076E-25   7.1265830569370055E+03
   1.3676770000000000E+09   2.3901189434830277E+05   1.7863886141230815E-10   1.6535378504768424E-25   7.1279814321726644E+03
   1.3696770000000000E+09   2.3974647591945145E+05   1.7729614510533167E-10   1.6407890422806448E-25   7.1293724187810249E+03
   1.3716770000000000E+09   2.4048093210439611E+05   1.7596652395558515E-10   1.6281680485090767E-25   7.1307560700744234E+03
   1.3736770000000000E+09   2.4121526064408413E+05   1.7464984178910171E-10   1.6156732991093581E-25   7.1321324388713374E+03
   1.3756770000000000E+09   2.4194945908494134E+05   1.7334594475141897E-10   1.6033032479551640E-25   7.1335015775018137E+03
   1.3776770000000000E+09   2.4268352464483687E+05   1.7205468133012398E-10   1.5910563729997848E-25   7.1348635378114723E+03
   1.3796770000000000E+09   2.4341745426123813E+05   1.7077590228915158E-10   1.5789311756143632E-25   7.1362183711640710E+03
   1.3816770000000000E+09   2.4415124474399825E+05   1.6950946055155402E-10   1.5669261794532176E-25   7.1375661284430726E+03
   1.3836770000000000E+09   2.4488489286809528E+05   1.6825521111190764E-10   1.5550399295970259E-25   7.1389068600525125E+03
   1.3856770000000000E+09   2.4561839528440626E+05   1.6701301103665931E-10   1.5432709925108035E-25   7.1402406159197253E+03
   1.3876770000000000E+09   2.4635174818485230E+05   1.6578271957249188E-10   1.5316179570008390E-25   7.1415674455033623E+03
   1.3896770000000000E+09   2.4708494649087827E+05   1.6456419843733577E-10   1.5200794368635270E-25   7.1428873978071460E+03
   1.3916770000000000E+09   2.4781798159933893E+05   1.6335731265476592E-10   1.5086540785692253E-25   7.1442005214032160E+03
   1.3936770000000000E+09   2.4855083477228379E+05   1.6216193304908917E-10   1.4973405843276747E-25   7.1455068644603307E+03
   1.3956770000000000E+09   2.4928345855150709E+05   1.6097794332146206E-10   1.4861377775586249E-25   7.1468064747695735E+03
   1.3976770000000000E+09   2.5001572772652903E+05   1.5980525876448242E-10   1.4750447760345717E-25   7.1480993997514961E+03
   1.3996770000000000E+09   2.5074731843087688E+05   1.5864387243506293E-10   1.4640614188949551E-25   7.1493856864213121E+03
   1.4016770000000000E+09   2.5147743172339181E+05   1.5749396079656237E-10   1.4531892431130648E-25   7.1506653812881714E+03
   1.4036770000000000E+09   2.5220421620319990E+05   1.5635610478126709E-10   1.4424335254768978E-25   7.1519385301706061E+03
   1.4056770000000000E+09   2.5292369160640557E+05   1.5523170335897188E-10   1.4318070997531412E-25   7.1532051779383337E+03
   1.4076770000000000E+09   2.5362802950236388E+05   1.5412363838781135E-10   1.4213364867761293E-25   7.1544653682359576E+03
   1.4096770000000000E+09   2.5430340469595775E+05   1.5303711648568660E-10   1.4110696436568406E-25   7.1557191433217795E+03
   1.4116770000000000E+09   2.5492850888649208E+05   1.5198027859082391E-10   1.4010815457318959E-25   7.1569665442335499E+03
   1.4136770000000000E+09   2.5547609538151903E+05   1.5096366318586404E-10   1.3914691697698076E-25   7.1582076115216241E+03
   1.4156770000000000E+09   2.5592047849668065E+05   1.4999734330826286E-10   1.3823250274111158E-25   7.1594423866023390E+03
   1.4176770000000000E+09   2.5625140969263637E+05   1.4908543873936881E-10   1.3736865714023504E-25   7.1606709131295784E+03
   1.4196770000000000E+09   2.5648782183341574E+05   1.4822039551401004E-10   1.3654836131096643E-25   7.1618932364995653E+03
   1.4216770000000000E+09   2.5667836729915091E+05   1.4738229494237506E-10   1.3575322305304377E-25   7.1631093983654664E+03
   1.4236770000000000E+09   2.5688163596202509E+05   1.4654665161068874E-10   1.3496068165565996E-25   7.1643194245108543E+03
   1.4256770000000000E+09   2.5714177336384487E+05   1.4569508827997345E-10   1.3415382891807654E-25   7.1655233139183583E+03
   1.4276770000000000E+09   2.5748951665825883E+05   1.4481614795302506E-10   1.3332212280859091E-25   7.1667210582964535E+03
   1.4296770000000000E+09   2.5796939457364820E+05   1.4389459519794151E-10   1.3245153255413437E-25   7.1679127346706500E+03
   1.4316770000000000E+09   2.5863091198047981E+05   1.4290579963879417E-10   1.3151941060002873E-25   7.1690986481955415E+03
   1.4336770000000000E+09   2.5961686855159127E+05   1.4186703204052742E-10   1.3054171336517178E-25   7.1702793043929269E+03
   1.4356770000000000E+09   2.5952843801240064E+05   1.4043259620235136E-10   1.2920040371986702E-25   7.1714528738942117E+03
