   99.999999999996461        5.0000000000000003E-002         390        2001
   79.581548007065862        198.84532002424712     
   6.5767700000000000E+08  -3.3902171525320118E+03   1.2380627090719017E-08   3.0254537491015749E-18   7.8722557724990725E+02
   6.5967700000000000E+08  -3.8661831983169363E+03   1.6327943673840624E-08   3.9268340120832638E-18   7.9990059730306700E+02
   6.6167700000000000E+08  -4.0991450323439585E+03   1.7732397357924162E-08   4.1951325386469086E-18   8.1314658035207492E+02
   6.6367700000000000E+08  -3.9067918466292440E+03   1.7457532739492334E-08   4.0548761599340390E-18   8.2823264005820442E+02
   6.6567700000000000E+08  -3.3442143097163362E+03   1.6413274315234287E-08   3.7275832256905165E-18   8.4706151512245310E+02
   6.6767700000000000E+08  -2.6930826699920049E+03   1.5220564747669664E-08   3.3584829809815786E-18   8.7183577624257043E+02
   6.6967700000000000E+08  -2.1276786847218364E+03   1.4157710121605347E-08   3.0124495068232212E-18   9.0410799813857500E+02
   6.7167700000000000E+08  -1.6308667398668008E+03   1.3298127889224623E-08   2.7071938480257609E-18   9.4497043775043858E+02
   6.7367700000000000E+08  -1.1012857089117274E+03   1.2644867131667724E-08   2.4430124223608444E-18   9.9571641426880331E+02
   6.7567700000000000E+08  -3.6365946483557343E+02   1.2195040514981955E-08   2.2139943675863220E-18   1.0596289309814661E+03
   6.7767700000000000E+08   6.8533132459380352E+02   1.1955061010208254E-08   2.0122168846044640E-18   1.1429417033823497E+03
   6.7967700000000000E+08   1.9898569661188487E+03   1.1906328975641973E-08   1.8331029845779530E-18   1.2495052495621287E+03
   6.8167700000000000E+08   3.4460319967929286E+03   1.1986435033939466E-08   1.6749851617169383E-18   1.3766582549410700E+03
   6.8367700000000000E+08   5.0109439179473011E+03   1.2113437856897770E-08   1.5377229306081448E-18   1.5154318008971234E+03
   6.8567700000000000E+08   6.7099518940229982E+03   1.2224331951495632E-08   1.4197799226686858E-18   1.6563464289207873E+03
   6.8767700000000000E+08   8.5509981352203213E+03   1.2288623391384746E-08   1.3186188251062107E-18   1.7927966604448509E+03
   6.8967700000000000E+08   1.0514394999107897E+04   1.2298557223918461E-08   1.2314341330272101E-18   1.9212772951139559E+03
   6.9167700000000000E+08   1.2564936555074151E+04   1.2257668918486160E-08   1.1556652014673752E-18   2.0404357401611041E+03
   6.9367700000000000E+08   1.4664780709975452E+04   1.2173447892650793E-08   1.0891621497401773E-18   2.1501468993351777E+03
   6.9567700000000000E+08   1.6777359340015199E+04   1.2053763482728713E-08   1.0301865020756923E-18   2.2508879789052244E+03
   6.9767700000000000E+08   1.8868402586209384E+04   1.1905386915665250E-08   9.7734799342356309E-19   2.3433726671489703E+03
   6.9967700000000000E+08   2.0905393673910938E+04   1.1733630210123097E-08   9.2953757965385684E-19   2.4283569013759193E+03
   7.0167700000000000E+08   2.2856974618396896E+04   1.1542436138744457E-08   8.8586842044908598E-19   2.5065439947213340E+03
   7.0367700000000000E+08   2.4692890125088245E+04   1.1334644315218058E-08   8.4562970026026570E-19   2.5785451485179597E+03
   7.0567700000000000E+08   2.6384535246133248E+04   1.1112302162634006E-08   8.0825192646698188E-19   2.6448702109039937E+03
   7.0767700000000000E+08   2.7905942335447209E+04   1.0876961623782157E-08   7.7328110643519901E-19   2.7059344298031024E+03
   7.0967700000000000E+08   2.9235015686937775E+04   1.0629934247919558E-08   7.4035919921347271E-19   2.7620731280240329E+03
   7.1167700000000000E+08   3.0354828736293592E+04   1.0372493578396357E-08   7.0920879016058678E-19   2.8135597107146828E+03
   7.1367700000000000E+08   3.1254818030370276E+04   1.0106020858868457E-08   6.7962043875923960E-19   2.8606243462960565E+03
   7.1567700000000000E+08   3.1931715143829442E+04   9.8320933809571657E-09   6.5144157156313607E-19   2.9034716954014239E+03
   7.1767700000000000E+08   3.2390062893920887E+04   9.5525168035704765E-09   6.2456613838239134E-19   2.9422965809234101E+03
   7.1967700000000000E+08   3.2642181040867996E+04   9.2693053022420845E-09   5.9892457712341350E-19   2.9772967497673999E+03
   7.2167700000000000E+08   3.2707495648387518E+04   8.9846171179498932E-09   5.7447396321389180E-19   3.0086820551347532E+03
   7.2367700000000000E+08   3.2611230879315088E+04   8.7006575943480350E-09   5.5118853497001243E-19   3.0366796134277806E+03
   7.2567700000000000E+08   3.2382571005542402E+04   8.4195658369351306E-09   5.2905103076867064E-19   3.0615348249435847E+03
   7.2767700000000000E+08   3.2052506368767230E+04   8.1433030764671710E-09   5.0804538270193089E-19   3.0835085815733805E+03
   7.2967700000000000E+08   3.1651645800320341E+04   7.8735595016771253E-09   4.8815124747749606E-19   3.1028714390729974E+03
   7.3167700000000000E+08   3.1208283900817351E+04   7.6116916810935744E-09   4.6934063640486677E-19   3.1198958907253950E+03
   7.3367700000000000E+08   3.0746950308395342E+04   7.3586958985534371E-09   4.5157660462539753E-19   3.1348480405692762E+03
   7.3567700000000000E+08   3.0287559648531347E+04   7.1152157044393663E-09   4.3481367310771017E-19   3.1479798931877049E+03
   7.3767700000000000E+08   2.9845160316705445E+04   6.8815765645062373E-09   4.1899946749024929E-19   3.1595231855472966E+03
   7.3967700000000000E+08   2.9430181996458341E+04   6.6578377084114263E-09   4.0407700219709668E-19   3.1696852768182148E+03
   7.4167700000000000E+08   2.9049026499976553E+04   6.4438511625879496E-09   3.8998710275339088E-19   3.1786471964180150E+03
   7.4367700000000000E+08   2.8704836659349850E+04   6.2393197555346107E-09   3.7667059763072038E-19   3.1865636191915978E+03
   7.4567700000000000E+08   2.8398302268285432E+04   6.0438485817171908E-09   3.6407006993897026E-19   3.1935643354306344E+03
   7.4767700000000000E+08   2.8128403590810696E+04   5.8569871114455169E-09   3.5213109807193242E-19   3.1997567128120854E+03
   7.4967700000000000E+08   2.7893036576618302E+04   5.6782612917191522E-09   3.4080301246376380E-19   3.2052286773710007E+03
   7.5167700000000000E+08   2.7689500013295485E+04   5.5071964032794881E-09   3.3003925025413173E-19   3.2100518300874105E+03
   7.5367700000000000E+08   2.7514849580637372E+04   5.3433321750927210E-09   3.1979740906698887E-19   3.2142844268492595E+03
   7.5567700000000000E+08   2.7366137515400398E+04   5.1862318811215038E-09   3.1003909727801690E-19   3.2179740557516657E+03
   7.5767700000000000E+08   2.7240561833817337E+04   5.0354870484634217E-09   3.0072966220537428E-19   3.2211599324079693E+03
   7.5967700000000000E+08   2.7135548790434863E+04   4.8907191513484628E-09   2.9183785776432677E-19   3.2238747964527552E+03
   7.6167700000000000E+08   2.7048789063826309E+04   4.7515793628646397E-09   2.8333549419844931E-19   3.2261464321765561E+03
   7.6367700000000000E+08   2.6978243896764834E+04   4.6177471499998073E-09   2.7519709686633642E-19   3.2279988576982187E+03
   7.6567700000000000E+08   2.6922133195717248E+04   4.4889282574822250E-09   2.6739958934510088E-19   3.2294532354556900E+03
   7.6767700000000000E+08   2.6878913965065098E+04   4.3648524399225229E-09   2.5992200799997485E-19   3.2305285567757273E+03
   7.6967700000000000E+08   2.6847254599725460E+04   4.2452711660782004E-09   2.5274524996361357E-19   3.2312421485394061E+03
   7.7167700000000000E+08   2.6826008463065289E+04   4.1299554248827859E-09   2.4585185340316368E-19   3.2316100430738202E+03
   7.7367700000000000E+08   2.6814188717699471E+04   4.0186937004150323E-09   2.3922580735359564E-19   3.2316472450144461E+03
   7.7567700000000000E+08   2.6810945411012082E+04   3.9112901434182704E-09   2.3285238773545608E-19   3.2313679219342011E+03
   7.7767700000000000E+08   2.6815545210241511E+04   3.8075629432097419E-09   2.2671801607462049E-19   3.2307855394744633E+03
   7.7967700000000000E+08   2.6827353822722391E+04   3.7073428905154650E-09   2.2081013764515814E-19   3.2299129566863967E+03
   7.8167700000000000E+08   2.6845820941082944E+04   3.6104721151271466E-09   2.1511711610147229E-19   3.2287624932695344E+03
   7.8367700000000000E+08   2.6870467460462249E+04   3.5168029797112785E-09   2.0962814205575117E-19   3.2273459772647479E+03
   7.8567700000000000E+08   2.6900874683922717E+04   3.4261971108945418E-09   2.0433315343790020E-19   3.2256747793756058E+03
   7.8767700000000000E+08   2.6936675236129402E+04   3.3385245498170483E-09   1.9922276582152016E-19   3.2237598383096115E+03
   7.8967700000000000E+08   2.6977545427075394E+04   3.2536630060130644E-09   1.9428821120098940E-19   3.2216116802177139E+03
   7.9167700000000000E+08   2.7023198836869393E+04   3.1714972003541677E-09   1.8952128396035514E-19   3.2192404343564517E+03
   7.9367700000000000E+08   2.7073380923524885E+04   3.0919182846483108E-09   1.8491429298784969E-19   3.2166558464122254E+03
   7.9567700000000000E+08   2.7127864485150414E+04   3.0148233272174441E-09   1.8046001906577546E-19   3.2138672904418486E+03
   7.9767700000000000E+08   2.7186445834508420E+04   2.9401148553249235E-09   1.7615167680989302E-19   3.2108837800437909E+03
   7.9967700000000000E+08   2.7248941567064347E+04   2.8677004466785386E-09   1.7198288055068281E-19   3.2077139791399745E+03
   8.0167700000000000E+08   2.7315185823411968E+04   2.7974923634025340E-09   1.6794761364569724E-19   3.2043662125888136E+03
   8.0367700000000000E+08   2.7385027963623928E+04   2.7294072228677504E-09   1.6404020079166550E-19   3.2008484767441337E+03
   8.0567700000000000E+08   2.7458330585019758E+04   2.6633657006135260E-09   1.6025528297040310E-19   3.1971684500060419E+03
   8.0767700000000000E+08   2.7534967826477936E+04   2.5992922613083253E-09   1.5658779471661155E-19   3.1933335033669741E+03
   8.0967700000000000E+08   2.7614823912144886E+04   2.5371149142974476E-09   1.5303294344049666E-19   3.1893507109310726E+03
   8.1167700000000000E+08   2.7697791895541734E+04   2.4767649907931543E-09   1.4958619057555245E-19   3.1852268603719308E+03
   8.1367700000000000E+08   2.7783772571949325E+04   2.4181769401896879E-09   1.4624323435321790E-19   3.1809684632884150E+03
   8.1567700000000000E+08   2.7872673532794790E+04   2.3612881433462518E-09   1.4299999403253506E-19   3.1765817654182974E+03
   8.1767700000000000E+08   2.7964408340766331E+04   2.3060387409851719E-09   1.3985259543529114E-19   3.1720727566723012E+03
   8.1967700000000000E+08   2.8058895808671889E+04   2.2523714756097647E-09   1.3679735765611174E-19   3.1674471809563561E+03
   8.2167700000000000E+08   2.8156059368745999E+04   2.2002315455635492E-09   1.3383078083314316E-19   3.1627105457556895E+03
   8.2367700000000000E+08   2.8255826522243908E+04   2.1495664700357659E-09   1.3094953487875436E-19   3.1578681314608411E+03
   8.2567700000000000E+08   2.8358128361771262E+04   2.1003259639725524E-09   1.2815044908147136E-19   3.1529250004220526E+03
   8.2767700000000000E+08   2.8462899160894354E+04   2.0524618219825865E-09   1.2543050250040510E-19   3.1478860057245361E+03
   8.2967700000000000E+08   2.8570076027156141E+04   2.0059278104343553E-09   1.2278681508201627E-19   3.1427557996826163E+03
   8.3167700000000000E+08   2.8679598615681414E+04   1.9606795670319075E-09   1.2021663943634166E-19   3.1375388420555369E+03
   8.3367700000000000E+08   2.8791408901087983E+04   1.9166745072306144E-09   1.1771735321603265E-19   3.1322394079916667E+03
   8.3567700000000000E+08   2.8905451005471852E+04   1.8738717369157187E-09   1.1528645204683451E-19   3.1268615957107295E+03
   8.3767700000000000E+08   2.9021671079828862E+04   1.8322319708174456E-09   1.1292154296266615E-19   3.1214093339357132E+03
   8.3967700000000000E+08   2.9140017235497442E+04   1.7917174561788906E-09   1.1062033830236297E-19   3.1158863890868747E+03
   8.4167700000000000E+08   2.9260439521150256E+04   1.7522919012293221E-09   1.0838065002856823E-19   3.1102963722503187E+03
   8.4367700000000000E+08   2.9382889939648801E+04   1.7139204080474962E-09   1.0620038443232087E-19   3.1046427459323472E+03
   8.4567700000000000E+08   2.9507322497834193E+04   1.6765694094289966E-09   1.0407753718968689E-19   3.0989288306091562E+03
   8.4767700000000000E+08   2.9633693281198790E+04   1.6402066093998756E-09   1.0201018873943050E-19   3.0931578110788005E+03
   8.4967700000000000E+08   2.9761960544494996E+04   1.6048009270467509E-09   9.9996499953253621E-20   3.0873327426196056E+03
   8.5167700000000000E+08   2.9892084808799849E+04   1.5703224433620710E-09   9.8034708072626515E-20   3.0814565569561269E+03
   8.5367700000000000E+08   3.0024028955448306E+04   1.5367423508324218E-09   9.6123122888689911E-20   3.0755320680307600E+03
   8.5567700000000000E+08   3.0157758307617249E+04   1.5040329055277429E-09   9.4260123144139965E-20   3.0695619775765995E+03
   8.5767700000000000E+08   3.0293240691196439E+04   1.4721673814794884E-09   9.2444153138393084E-20   3.0635488804848874E+03
   8.5967700000000000E+08   3.0430446467874914E+04   1.4411200271658067E-09   9.0673719519640137E-20   3.0574952699590553E+03
   8.6167700000000000E+08   3.0569348535040557E+04   1.4108660239506944E-09   8.8947388249593458E-20   3.0514035424467061E+03
   8.6367700000000000E+08   3.0709922289021368E+04   1.3813814463511445E-09   8.7263781728768582E-20   3.0452760023410437E+03
   8.6567700000000000E+08   3.0852145550272344E+04   1.3526432240307912E-09   8.5621576071980562E-20   3.0391148664443544E+03
   8.6767700000000000E+08   3.0995998451191143E+04   1.3246291054396565E-09   8.4019498525339706E-20   3.0329222681877891E+03
   8.6967700000000000E+08   3.1141463289207484E+04   1.2973176230370240E-09   8.2456325017376326E-20   3.0267002616041805E+03
   8.7167700000000000E+08   3.1288524349506373E+04   1.2706880600478703E-09   8.0930877838006069E-20   3.0204508250533836E+03
   8.7367700000000000E+08   3.1437167703125677E+04   1.2447204187125372E-09   7.9442023439851809E-20   3.0141758647027755E+03
   8.7567700000000000E+08   3.1587380987144712E+04   1.2193953899949289E-09   7.7988670357005437E-20   3.0078772177686765E+03
   8.7767700000000000E+08   3.1739153174224633E+04   1.1946943247165720E-09   7.6569767236648661E-20   3.0015566555274768E+03
   8.7967700000000000E+08   3.1892474338870808E+04   1.1705992060830931E-09   7.5184300979098287E-20   2.9952158861081275E+03
   8.8167700000000000E+08   3.2047335427485217E+04   1.1470926235667299E-09   7.3831294981852624E-20   2.9888565570798041E+03
   8.8367700000000000E+08   3.2203728038653186E+04   1.1241577481040357E-09   7.2509807483114658E-20   2.9824802578505182E+03
   8.8567700000000000E+08   3.2361644219245041E+04   1.1017783085624474E-09   7.1218930000098383E-20   2.9760885218936451E+03
   8.8767700000000000E+08   3.2521076280985191E+04   1.0799385694234265E-09   6.9957785857213264E-20   2.9696828288200018E+03
   8.8967700000000000E+08   3.2682016641464350E+04   1.0586233096229337E-09   6.8725528798930084E-20   2.9632646063134216E+03
   8.9167700000000000E+08   3.2844457693751734E+04   1.0378178024806486E-09   6.7521341681661999E-20   2.9568352319478786E+03
   8.9367700000000000E+08   3.3008391711136777E+04   1.0175077966335073E-09   6.6344435238061226E-20   2.9503960349048448E+03
   8.9567700000000000E+08   3.3173810800804269E+04   9.9767949785747944E-10   6.5194046905090612E-20   2.9439482976120225E+03
   8.9767700000000000E+08   3.3340706937448282E+04   9.7831955159784933E-10   6.4069439702940027E-20   2.9374932573317574E+03
   8.9967700000000000E+08   3.3509072142969926E+04   9.5941502590700483E-10   6.2969901143509483E-20   2.9310321077439562E+03
   9.0167700000000000E+08   3.3678898940570180E+04   9.4095339428515493E-10   6.1894742132923093E-20   2.9245660006021408E+03
   9.0367700000000000E+08   3.3850181301729855E+04   9.2292251764305846E-10   6.0843295812754226E-20   2.9180960476006653E+03
   9.0567700000000000E+08   3.4022916392005645E+04   9.0531062438188716E-10   5.9814916267503706E-20   2.9116233226788013E+03
   9.0767700000000000E+08   3.4197107401707821E+04   8.8810628778697098E-10   5.8808977036682515E-20   2.9051488650810106E+03
   9.0967700000000000E+08   3.4372767400587771E+04   8.7129840128529245E-10   5.7824869458941474E-20   2.8986736835153356E+03
   9.1167700000000000E+08   3.4549923178353056E+04   8.5487615553003499E-10   5.6862001108148061E-20   2.8921987615435733E+03
   9.1367700000000000E+08   3.4728616283399024E+04   8.3882902695953192E-10   5.5919794977883271E-20   2.8857250636776134E+03
   9.1567700000000000E+08   3.4908896540932583E+04   8.2314679309177414E-10   5.4997690479773610E-20   2.8792535404231594E+03
   9.1767700000000000E+08   3.5090803217136337E+04   8.0781958859809879E-10   5.4095147282284915E-20   2.8727851290233943E+03
   9.1967700000000000E+08   3.5274333852506439E+04   7.9283799825518369E-10   5.3211651834345979E-20   2.8663207460428644E+03
   9.2167700000000000E+08   3.5459412301979493E+04   7.7819314501631854E-10   5.2346723822402920E-20   2.8598612699911992E+03
   9.2367700000000000E+08   3.5645880133600476E+04   7.6387669206184021E-10   5.1499916997460290E-20   2.8534075179590764E+03
   9.2567700000000000E+08   3.5833535019408810E+04   7.4988068896754611E-10   5.0670809352483105E-20   2.8469602274506897E+03
   9.2767700000000000E+08   3.6022209897862143E+04   7.3619728886267425E-10   4.9858984079995068E-20   2.8405200567335050E+03
   9.2967700000000000E+08   3.6211841157422939E+04   7.2281851066751053E-10   4.9064012955014807E-20   2.8340876073998143E+03
   9.3167700000000000E+08   3.6402467955831817E+04   7.0973626935129436E-10   4.8285457623089518E-20   2.8276634556395334E+03
   9.3367700000000000E+08   3.6594153422699921E+04   6.9694263285349064E-10   4.7522886628183780E-20   2.8212481711285609E+03
   9.3567700000000000E+08   3.6786910327081459E+04   6.8443003194443363E-10   4.6775889856420707E-20   2.8148423139475922E+03
   9.3767700000000000E+08   3.6980767273993166E+04   6.7219143209529594E-10   4.6044090659734507E-20   2.8084464261508715E+03
   9.3967700000000000E+08   3.7175933650381194E+04   6.6022058006195512E-10   4.5327162789998023E-20   2.8020610525816041E+03
   9.4167700000000000E+08   3.7372773008709402E+04   6.4851183180820446E-10   4.4624818271244448E-20   2.7956867941080009E+03
   9.4367700000000000E+08   3.7571460875659977E+04   6.3705907738887030E-10   4.3936733367509468E-20   2.7893243312979548E+03
   9.4567700000000000E+08   3.7771653372209454E+04   6.2585462339843605E-10   4.3262472117739175E-20   2.7829743525686890E+03
   9.4767700000000000E+08   3.7972578024080693E+04   6.1488951085649085E-10   4.2601509209317072E-20   2.7766374146383700E+03
   9.4967700000000000E+08   3.8173531522006131E+04   6.0415519839709606E-10   4.1953347023719036E-20   2.7703138533730016E+03
   9.5167700000000000E+08   3.8374345762251680E+04   5.9364503629437814E-10   4.1317617578946626E-20   2.7640038313276496E+03
   9.5367700000000000E+08   3.8575580202293801E+04   5.8335449995567092E-10   4.0694097805899567E-20   2.7577074939376716E+03
   9.5567700000000000E+08   3.8778208896677403E+04   5.7328016774546035E-10   4.0082637550353993E-20   2.7514251188767457E+03
   9.5767700000000000E+08   3.8982665873663362E+04   5.6341812963011362E-10   3.9483048316925236E-20   2.7451571660591403E+03
   9.5967700000000000E+08   3.9188765108841828E+04   5.5376344345244165E-10   3.8895066373914032E-20   2.7389041690981280E+03
   9.6167700000000000E+08   3.9396319393351987E+04   5.4431082735849273E-10   3.8318402340064159E-20   2.7326666189257635E+03
   9.6367700000000000E+08   3.9605207702022235E+04   5.3505515569064849E-10   3.7752775930164865E-20   2.7264449565198775E+03
   9.6567700000000000E+08   3.9815353620538473E+04   5.2599150665403857E-10   3.7197919207841652E-20   2.7202395851522438E+03
   9.6767700000000000E+08   4.0026706592710274E+04   5.1711514009407456E-10   3.6653574979507881E-20   2.7140508802223162E+03
   9.6967700000000000E+08   4.0239231604058135E+04   5.0842147723560620E-10   3.6119495366586680E-20   2.7078791955406432E+03
   9.7167700000000000E+08   4.0452903574059434E+04   4.9990608767165360E-10   3.5595440912635907E-20   2.7017248673659369E+03
   9.7367700000000000E+08   4.0667704193820879E+04   4.9156467890671297E-10   3.5081179882754071E-20   2.6955882171685962E+03
   9.7567700000000000E+08   4.0883619896229364E+04   4.8339308700842070E-10   3.4576487646349836E-20   2.6894695536322583E+03
   9.7767700000000000E+08   4.1100640227613694E+04   4.7538726885270865E-10   3.4081146175365029E-20   2.6833691741171383E+03
   9.7967700000000000E+08   4.1318756577093343E+04   4.6754329576531548E-10   3.3594943643339516E-20   2.6772873657023315E+03
   9.8167700000000000E+08   4.1537961414811442E+04   4.5985734790603264E-10   3.3117674077686584E-20   2.6712244059315035E+03
   9.8367700000000000E+08   4.1758247914350053E+04   4.5232570933578384E-10   3.2649137059798273E-20   2.6651805633818740E+03
   9.8567700000000000E+08   4.1979609730654643E+04   4.4494476397536062E-10   3.2189137487705437E-20   2.6591560981291318E+03
   9.8767700000000000E+08   4.2202040835608568E+04   4.3771099227736192E-10   3.1737485388767600E-20   2.6531512621430597E+03
   9.8967700000000000E+08   4.2425535328820115E+04   4.3062096824292935E-10   3.1293995756106198E-20   2.6471662996298669E+03
   9.9167700000000000E+08   4.2650087136136943E+04   4.2367135654960550E-10   3.0858488392107970E-20   2.6412014473154991E+03
   9.9367700000000000E+08   4.2875689742768474E+04   4.1685890972843707E-10   3.0430787754622035E-20   2.6352569346588998E+03
   9.9567700000000000E+08   4.3102336429841642E+04   4.1018046573711370E-10   3.0010722830765667E-20   2.6293329840299248E+03
   9.9767700000000000E+08   4.3330021580070650E+04   4.0363294685498072E-10   2.9598127105205533E-20   2.6234298109760830E+03
   9.9967700000000000E+08   4.3558743283165328E+04   3.9721336084252832E-10   2.9192838691446054E-20   2.6175476247849433E+03
   1.0016770000000000E+09   4.3788506629436546E+04   3.9091880412856226E-10   2.8794700609275415E-20   2.6116866295458135E+03
   1.0036770000000000E+09   4.4019326686779976E+04   3.8474646602377338E-10   2.8403561136493158E-20   2.6058470257742397E+03
   1.0056770000000000E+09   4.4251229057250406E+04   3.7869362949395804E-10   2.8019273907552718E-20   2.6000290124590301E+03
   1.0076770000000000E+09   4.4484246193273873E+04   3.7275766045836837E-10   2.7641697164860264E-20   2.5942327890400120E+03
   1.0096770000000000E+09   4.4718409640271399E+04   3.6693598977287264E-10   2.7270692467783880E-20   2.5884585564285344E+03
   1.0116770000000000E+09   4.4953740826432004E+04   3.6122609680987059E-10   2.6906123520574296E-20   2.5827065164202968E+03
   1.0136770000000000E+09   4.5190243574286709E+04   3.5562549773058377E-10   2.6547855350461940E-20   2.5769768695281100E+03
   1.0156770000000000E+09   4.5427898738671058E+04   3.5013173710739676E-10   2.6195753735357595E-20   2.5712698116576303E+03
   1.0176770000000000E+09   4.5666661135930801E+04   3.4474238270411499E-10   2.5849684864499523E-20   2.5655855301506072E+03
   1.0196770000000000E+09   4.5906464431922461E+04   3.3945503091580280E-10   2.5509515793822426E-20   2.5599241997218587E+03
   1.0216770000000000E+09   4.6147232639381327E+04   3.3426732258162690E-10   2.5175115674422852E-20   2.5542859795547947E+03
   1.0236770000000000E+09   4.6388891588425940E+04   3.2917696067152740E-10   2.4846357116240041E-20   2.5486710125211812E+03
   1.0256770000000000E+09   4.6631378958810208E+04   3.2418172401198150E-10   2.4523117250733432E-20   2.5430794263887196E+03
   1.0276770000000000E+09   4.6874650704964144E+04   3.1927947475945107E-10   2.4205278319847795E-20   2.5375113365813563E+03
   1.0296770000000000E+09   4.7118683079401024E+04   3.1446815890857822E-10   2.3892727737733254E-20   2.5319668497664875E+03
   1.0316770000000000E+09   4.7363470739920849E+04   3.0974580100097151E-10   2.3585357713544604E-20   2.5264460674999805E+03
   1.0336770000000000E+09   4.7609022264313528E+04   3.0511049529055296E-10   2.3283064606290755E-20   2.5209490893163193E+03
   1.0356770000000000E+09   4.7855354639897610E+04   3.0056039581249810E-10   2.2985748197421826E-20   2.5154760149154340E+03
   1.0376770000000000E+09   4.8102488056299197E+04   2.9609370730854153E-10   2.2693311029529540E-20   2.5100269453678957E+03
   1.0396770000000000E+09   4.8350441840988315E+04   2.9170867813700137E-10   2.2405657896960155E-20   2.5046019834649969E+03
   1.0416770000000000E+09   4.8599231858006497E+04   2.8740359548469449E-10   2.2122695512353753E-20   2.4992012334512833E+03
   1.0436770000000000E+09   4.8848869283251428E+04   2.8317678262119885E-10   2.1844332329059293E-20   2.4938248004010088E+03
   1.0456770000000000E+09   4.9099360435510040E+04   2.7902659765183609E-10   2.1570478477604505E-20   2.4884727894629555E+03
   1.0476770000000000E+09   4.9350707273551961E+04   2.7495143317763787E-10   2.1301045770687762E-20   2.4831453051323879E+03
   1.0496770000000000E+09   4.9602908212682065E+04   2.7094971636643961E-10   2.1035947738513692E-20   2.4778424506405167E+03
   1.0516770000000000E+09   4.9855959007865582E+04   2.6701990909421850E-10   2.0775099668219370E-20   2.4725643274964982E+03
   1.0536770000000000E+09   5.0109853551714878E+04   2.6316050796578099E-10   2.0518418632709402E-20   2.4673110351796504E+03
   1.0556770000000000E+09   5.0364584519585427E+04   2.5937004413718672E-10   2.0265823502973018E-20   2.4620826709596058E+03
   1.0576770000000000E+09   5.0620143850194436E+04   2.5564708293504517E-10   2.0017234943587554E-20   2.4568793298149899E+03
   1.0596770000000000E+09   5.0876523080743864E+04   2.5199022330608423E-10   1.9772575394077868E-20   2.4517011044220967E+03
   1.0616770000000000E+09   5.1133713567809573E+04   2.4839809714338304E-10   1.9531769039808335E-20   2.4465480851897200E+03
   1.0636770000000000E+09   5.1391706625796978E+04   2.4486936853431328E-10   1.9294741775974936E-20   2.4414203603222663E+03
   1.0656770000000000E+09   5.1650493609661433E+04   2.4140273296726129E-10   1.9061421167640650E-20   2.4363180158986615E+03
   1.0676770000000000E+09   5.1910065962103508E+04   2.3799691652412093E-10   1.8831736407966481E-20   2.4312411359589501E+03
   1.0696770000000000E+09   5.2170415239391514E+04   2.3465067507672092E-10   1.8605618276096786E-20   2.4261898025936512E+03
   1.0716770000000000E+09   5.2431533125365422E+04   2.3136279349854984E-10   1.8382999095622310E-20   2.4211640960330737E+03
   1.0736770000000000E+09   5.2693411439947027E+04   2.2813208489831978E-10   1.8163812694163333E-20   2.4161640947351852E+03
   1.0756770000000000E+09   5.2956042146147105E+04   2.2495738987870944E-10   1.7947994364361571E-20   2.4111898754715194E+03
   1.0776770000000000E+09   5.3219417357813902E+04   2.2183757582132917E-10   1.7735480826386365E-20   2.4062415134111011E+03
   1.0796770000000000E+09   5.3483529348933960E+04   2.1877153619734466E-10   1.7526210191932025E-20   2.4013190822026158E+03
   1.0816770000000000E+09   5.3748370564214289E+04   2.1575818990210053E-10   1.7320121929594338E-20   2.3964226540551158E+03
   1.0836770000000000E+09   5.4013933629991814E+04   2.1279648061158409E-10   1.7117156831473063E-20   2.3915522998174347E+03
   1.0856770000000000E+09   5.4280211364333190E+04   2.0988537615855018E-10   1.6917256980844010E-20   2.3867080890563689E+03
   1.0876770000000000E+09   5.4547196785391483E+04   2.0702386792652551E-10   1.6720365720775253E-20   2.3818900901334741E+03
   1.0896770000000000E+09   5.4814883117513556E+04   2.0421097026053011E-10   1.6526427623610203E-20   2.3770983702802851E+03
   1.0916770000000000E+09   5.5083263795065592E+04   2.0144571989386686E-10   1.6335388461281406E-20   2.3723329956716434E+03
   1.0936770000000000E+09   5.5352332464244595E+04   1.9872717539073166E-10   1.6147195176450100E-20   2.3675940314968975E+03
   1.0956770000000000E+09   5.5622082983236680E+04   1.9605441660452497E-10   1.5961795854476981E-20   2.3628815420287269E+03
   1.0976770000000000E+09   5.5892509420985210E+04   1.9342654415166511E-10   1.5779139696222079E-20   2.3581955906894559E+03
   1.0996770000000000E+09   5.6163606054593693E+04   1.9084267890056551E-10   1.5599176991660443E-20   2.3535362401147136E+03
   1.1016770000000000E+09   5.6435367365148020E+04   1.8830196147524801E-10   1.5421859094284220E-20   2.3489035522143045E+03
   1.1036770000000000E+09   5.6707788031542026E+04   1.8580355177295645E-10   1.5247138396252528E-20   2.3442975882301284E+03
   1.1056770000000000E+09   5.6980862921771601E+04   1.8334662849511662E-10   1.5074968304248490E-20   2.3397184087909714E+03
   1.1076770000000000E+09   5.7254587081150348E+04   1.8093038869102263E-10   1.4905303216005455E-20   2.3351660739638628E+03
   1.1096770000000000E+09   5.7528955716928242E+04   1.7855404731373411E-10   1.4738098497472305E-20   2.3306406433017196E+03
   1.1116770000000000E+09   5.7803964178883922E+04   1.7621683678778678E-10   1.4573310460597437E-20   2.3261421758868846E+03
   1.1136770000000000E+09   5.8079607935553555E+04   1.7391800658841137E-10   1.4410896341718162E-20   2.3216707303701778E+03
   1.1156770000000000E+09   5.8355882545850647E+04   1.7165682283204763E-10   1.4250814280549742E-20   2.3172263650050381E+03
   1.1176770000000000E+09   5.8632783625918979E+04   1.6943256787797929E-10   1.4093023299771087E-20   2.3128091376763346E+03
   1.1196770000000000E+09   5.8910306811132206E+04   1.6724453994094884E-10   1.3937483285206872E-20   2.3084191059234186E+03
   1.1216770000000000E+09   5.9188447713242989E+04   1.6509205271458633E-10   1.3784154966603322E-20   2.3040563269570084E+03
   1.1236770000000000E+09   5.9467201872753270E+04   1.6297443500547396E-10   1.3632999898993444E-20   2.2997208576695248E+03
   1.1256770000000000E+09   5.9746564706676931E+04   1.6089103037761075E-10   1.3483980444642550E-20   2.2954127546385002E+03
   1.1276770000000000E+09   6.0026531451975970E+04   1.5884119680698297E-10   1.3337059755559112E-20   2.2911320741227551E+03
   1.1296770000000000E+09   6.0307097105070272E+04   1.5682430634587704E-10   1.3192201756549811E-20   2.2868788720510552E+03
   1.1316770000000000E+09   6.0588256357970989E+04   1.5483974479648287E-10   1.3049371128789263E-20   2.2826532040030434E+03
   1.1336770000000000E+09   6.0870003531748211E+04   1.5288691139325705E-10   1.2908533293867276E-20   2.2784551251823173E+03
   1.1356770000000000E+09   6.1152332508223357E+04   1.5096521849341023E-10   1.2769654398266759E-20   2.2742846903815830E+03
   1.1376770000000000E+09   6.1435236660964707E+04   1.4907409127481163E-10   1.2632701298217743E-20   2.2701419539399817E+03
   1.1396770000000000E+09   6.1718708786871983E+04   1.4721296744049703E-10   1.2497641544862847E-20   2.2660269696927326E+03
   1.1416770000000000E+09   6.2002741039831446E+04   1.4538129692890167E-10   1.2364443369662298E-20   2.2619397909134400E+03
   1.1436770000000000E+09   6.2287324868118616E+04   1.4357854162887726E-10   1.2233075669959639E-20   2.2578804702495286E+03
   1.1456770000000000E+09   6.2572450957409295E+04   1.4180417509850318E-10   1.2103507994623464E-20   2.2538490596514366E+03
   1.1476770000000000E+09   6.2858109181406144E+04   1.4005768228668818E-10   1.1975710529677333E-20   2.2498456102964196E+03
   1.1496770000000000E+09   6.3144288562200833E+04   1.3833855925657205E-10   1.1849654083829717E-20   2.2458701725079200E+03
   1.1516770000000000E+09   6.3430977242546607E+04   1.3664631290978530E-10   1.1725310073818033E-20   2.2419227956717241E+03
   1.1536770000000000E+09   6.3718162472211749E+04   1.3498046071070941E-10   1.1602650509486649E-20   2.2380035281502696E+03
   1.1556770000000000E+09   6.4005830610488527E+04   1.3334053041001049E-10   1.1481647978528827E-20   2.2341124171966353E+03
   1.1576770000000000E+09   6.4293967146753901E+04   1.3172605976689693E-10   1.1362275630836699E-20   2.2302495088699129E+03
   1.1596770000000000E+09   6.4582556740700958E+04   1.3013659626975867E-10   1.1244507162420812E-20   2.2264148479537776E+03
   1.1616770000000000E+09   6.4871583283468928E+04   1.2857169685511977E-10   1.1128316798884405E-20   2.2226084778801574E+03
   1.1636770000000000E+09   6.5161029980419044E+04   1.2703092762511760E-10   1.1013679278462303E-20   2.2188304406599573E+03
   1.1656770000000000E+09   6.5450879455712995E+04   1.2551386356405314E-10   1.0900569834664279E-20   2.2150807768227737E+03
   1.1676770000000000E+09   6.5741113878181510E+04   1.2402008825489935E-10   1.0788964178594014E-20   2.2113595253674744E+03
   1.1696770000000000E+09   6.6031715107228360E+04   1.2254919359699897E-10   1.0678838481047198E-20   2.2076667237253960E+03
   1.1716770000000000E+09   6.6322664856739459E+04   1.2110077952651392E-10   1.0570169354524125E-20   2.2040024077376897E+03
   1.1736770000000000E+09   6.6613944874176901E+04   1.1967445374149467E-10   1.0462933835322318E-20   2.2003666116481163E+03
   1.1756770000000000E+09   6.6905537131282123E+04   1.1826983143367103E-10   1.0357109365899215E-20   2.1967593681122444E+03
   1.1776770000000000E+09   6.7197424022120860E+04   1.1688653502925473E-10   1.0252673777715775E-20   2.1931807082236405E+03
   1.1796770000000000E+09   6.7489588563638026E+04   1.1552419394111033E-10   1.0149605274782362E-20   2.1896306615571962E+03
   1.1816770000000000E+09   6.7782014593465472E+04   1.1418244433463186E-10   1.0047882418131061E-20   2.1861092562292956E+03
   1.1836770000000000E+09   6.8074686959512328E+04   1.1286092890951881E-10   9.9474841114303027E-21   2.1826165189740655E+03
   1.1856770000000000E+09   6.8367591695852097E+04   1.1155929669938009E-10   9.8483895879383828E-21   2.1791524752344508E+03
   1.1876770000000000E+09   6.8660716179667885E+04   1.1027720289072441E-10   9.7505783989630855E-21   2.1757171492664361E+03
   1.1896770000000000E+09   6.8954049264481335E+04   1.0901430866241768E-10   9.6540304039548071E-21   2.1723105642543496E+03
   1.1916770000000000E+09   6.9247581385590296E+04   1.0777028104613886E-10   9.5587257623136988E-21   2.1689327424347971E+03
   1.1936770000000000E+09   6.9541304634537853E+04   1.0654479280776435E-10   9.4646449269384173E-21   2.1655837052265651E+03
   1.1956770000000000E+09   6.9835212800476002E+04   1.0533752234899692E-10   9.3717686394888471E-21   2.1622634733636232E+03
   1.1976770000000000E+09   7.0129301377437165E+04   1.0414815362795210E-10   9.2800779272798566E-21   2.1589720670283141E+03
   1.1996770000000000E+09   7.0423567537703988E+04   1.0297637609687131E-10   9.1895541016718709E-21   2.1557095059818112E+03
   1.2016770000000000E+09   7.0718010072640944E+04   1.0182188465466078E-10   9.1001787577783940E-21   2.1524758096890837E+03
   1.2036770000000000E+09   7.1012629303433394E+04   1.0068437961158305E-10   9.0119337752728569E-21   2.1492709974357927E+03
   1.2056770000000000E+09   7.1307426965139646E+04   9.9563566663185484E-11   8.9248013200504551E-21   2.1460950884348699E+03
   1.2076770000000000E+09   7.1602406068277400E+04   9.8459156870405910E-11   8.8387638464824388E-21   2.1429481019208488E+03
   1.2096770000000000E+09   7.1897570742780270E+04   9.7370866642795118E-11   8.7538040999946546E-21   2.1398300572304806E+03
   1.2116770000000000E+09   7.2192926069591325E+04   9.6298417721880291E-11   8.6699051197046206E-21   2.1367409738685424E+03
   1.2136770000000000E+09   7.2488477905359643E+04   9.5241537161914854E-11   8.5870502408659757E-21   2.1336808715582665E+03
   1.2156770000000000E+09   7.2784232705730363E+04   9.4199957305532436E-11   8.5052230968893439E-21   2.1306497702762231E+03
   1.2176770000000000E+09   7.3080197352489820E+04   9.3173415752202545E-11   8.4244076207387934E-21   2.1276476902719432E+03
   1.2196770000000000E+09   7.3376378989417441E+04   9.2161655317815988E-11   8.3445880455387779E-21   2.1246746520729534E+03
   1.2216770000000000E+09   7.3672784871071592E+04   9.1164423984205690E-11   8.2657489042671588E-21   2.1217306764762584E+03
   1.2236770000000000E+09   7.3969422227930641E+04   9.0181474837932258E-11   8.1878750284558902E-21   2.1188157845275582E+03
   1.2256770000000000E+09   7.4266298150362214E+04   8.9212565998187443E-11   8.1109515458676609E-21   2.1159299974897444E+03
   1.2276770000000000E+09   7.4563419492849367E+04   8.8257460534178772E-11   8.0349638771635677E-21   2.1130733368022779E+03
   1.2296770000000000E+09   7.4860792798822717E+04   8.7315926372844645E-11   7.9598977316219946E-21   2.1102458240331707E+03
   1.2316770000000000E+09   7.5158424245437622E+04   8.6387736198132734E-11   7.8857391020057415E-21   2.1074474808251957E+03
   1.2336770000000000E+09   7.5456319606731689E+04   8.5472667343391997E-11   7.8124742587057076E-21   2.1046783288378883E+03
   1.2356770000000000E+09   7.5754484232923292E+04   8.4570501678601782E-11   7.7400897433081363E-21   2.1019383896866921E+03
   1.2376770000000000E+09   7.6052923043155039E+04   8.3681025494228053E-11   7.6685723617413398E-21   2.0992276848804454E+03
   1.2396770000000000E+09   7.6351640528807111E+04   8.2804029383436840E-11   7.5979091771554725E-21   2.0965462357581300E+03
   1.2416770000000000E+09   7.6650640764549476E+04   8.1939308124236949E-11   7.5280875026769795E-21   2.0938940634256314E+03
   1.2436770000000000E+09   7.6949927424541209E+04   8.1086660562906797E-11   7.4590948941620433E-21   2.0912711886929851E+03
   1.2456770000000000E+09   7.7249503801555737E+04   8.0245889499790907E-11   7.3909191430504262E-21   2.0886776320124682E+03
   1.2476770000000000E+09   7.7549372827219137E+04   7.9416801578298229E-11   7.3235482693994876E-21   2.0861134134176632E+03
   1.2496770000000000E+09   7.7849537091978607E+04   7.8599207177680147E-11   7.2569705151557018E-21   2.0835785524635894E+03
   1.2516770000000000E+09   7.8149998863795554E+04   7.7792920309966162E-11   7.1911743377034811E-21   2.0810730681678142E+03
   1.2536770000000000E+09   7.8450760104903500E+04   7.6997758521245372E-11   7.1261484037137925E-21   2.0785969789524847E+03
   1.2556770000000000E+09   7.8751822486222445E+04   7.6213542797368058E-11   7.0618815833048559E-21   2.0761503025871225E+03
   1.2576770000000000E+09   7.9053187399285307E+04   7.5440097474012126E-11   6.9983629445151099E-21   2.0737330561320327E+03
   1.2596770000000000E+09   7.9354855965693394E+04   7.4677250150992137E-11   6.9355817480822647E-21   2.0713452558821714E+03
   1.2616770000000000E+09   7.9656829044272439E+04   7.3924831610628830E-11   6.8735274425164369E-21   2.0689869173113211E+03
   1.2636770000000000E+09   7.9959107236198091E+04   7.3182675739961008E-11   6.8121896594516234E-21   2.0666580550164531E+03
   1.2656770000000000E+09   8.0261690888392666E+04   7.2450619456571446E-11   6.7515582092585800E-21   2.0643586826621486E+03
   1.2676770000000000E+09   8.0564580095493278E+04   7.1728502637807197E-11   6.6916230769024104E-21   2.0620888129250170E+03
   1.2696770000000000E+09   8.0867774700633745E+04   7.1016168053196918E-11   6.6323744180300935E-21   2.0598484574380327E+03
   1.2716770000000000E+09   8.1171274295212934E+04   7.0313461299895548E-11   6.5738025552753446E-21   2.0576376267347473E+03
   1.2736770000000000E+09   8.1475078217739618E+04   6.9620230741016211E-11   6.5158979747707911E-21   2.0554563301933349E+03
   1.2756770000000000E+09   8.1779185551782444E+04   6.8936327446727784E-11   6.4586513228589096E-21   2.0533045759804568E+03
   1.2776770000000000E+09   8.2083595123012550E+04   6.8261605138007248E-11   6.4020534029940625E-21   2.0511823709948981E+03
   1.2796770000000000E+09   8.2388305495292021E+04   6.7595920132937257E-11   6.3460951728278851E-21   2.0490897208109704E+03
   1.2816770000000000E+09   8.2693314965741127E+04   6.6939131295436215E-11   6.2907677414698647E-21   2.0470266296216419E+03
   1.2836770000000000E+09   8.2998621558680141E+04   6.6291099986310587E-11   6.2360623669150488E-21   2.0449931001813650E+03
   1.2856770000000000E+09   8.3304223018302655E+04   6.5651690016512794E-11   6.1819704536300285E-21   2.0429891337485790E+03
   1.2876770000000000E+09   8.3610116799853000E+04   6.5020767602503814E-11   6.1284835502897770E-21   2.0410147300278386E+03
   1.2896770000000000E+09   8.3916300058994879E+04   6.4398201323627585E-11   6.0755933476585402E-21   2.0390698871115162E+03
   1.2916770000000000E+09   8.4222769638933300E+04   6.3783862081428802E-11   6.0232916766101987E-21   2.0371546014210182E+03
   1.2936770000000000E+09   8.4529522054681293E+04   6.3177623060878283E-11   5.9715705062865882E-21   2.0352688676474188E+03
   1.2956770000000000E+09   8.4836553473671665E+04   6.2579359693515002E-11   5.9204219423965073E-21   2.0334126786913905E+03
   1.2976770000000000E+09   8.5143859691726480E+04   6.1988949622554151E-11   5.8698382256620165E-21   2.0315860256022652E+03
   1.2996770000000000E+09   8.5451436103259126E+04   6.1406272670043507E-11   5.8198117304218577E-21   2.0297888975160108E+03
   1.3016770000000000E+09   8.5759277664670721E+04   6.0831210806127844E-11   5.7703349633997593E-21   2.0280212815918671E+03
   1.3036770000000000E+09   8.6067378850379595E+04   6.0263648120360937E-11   5.7214005626341212E-21   2.0262831629473212E+03
   1.3056770000000000E+09   8.6375733602054694E+04   5.9703470794728557E-11   5.6730012965390856E-21   2.0245745245911319E+03
   1.3076770000000000E+09   8.6684335273658115E+04   5.9150567077557884E-11   5.6251300630201985E-21   2.0228953473541467E+03
   1.3096770000000000E+09   8.6993176578032464E+04   5.8604827256749919E-11   5.5777798884962726E-21   2.0212456098179046E+03
   1.3116770000000000E+09   8.7302249544937076E+04   5.8066143629814061E-11   5.5309439265860258E-21   2.0196252882413307E+03
   1.3136770000000000E+09   8.7611545505264367E+04   5.7534410467121112E-11   5.4846154561135942E-21   2.0180343564864697E+03
   1.3156770000000000E+09   8.7921055120715158E+04   5.7009523963851905E-11   5.4387878779934206E-21   2.0164727859450225E+03
   1.3176770000000000E+09   8.8230768480895189E+04   5.6491382175710888E-11   5.3934547105113226E-21   2.0149405454684349E+03
   1.3196770000000000E+09   8.8540675288604689E+04   5.5979884934046339E-11   5.3486095825683061E-21   2.0134376013054309E+03
   1.3216770000000000E+09   8.8850765146790902E+04   5.5474933738082411E-11   5.3042462246475549E-21   2.0119639170516919E+03
   1.3236770000000000E+09   8.9161027945712209E+04   5.4976431625800651E-11   5.2603584576307860E-21   2.0105194536168560E+03
   1.3256770000000000E+09   8.9471454326440595E+04   5.4484283030487176E-11   5.2169401801185807E-21   2.0091041692134525E+03
   1.3276770000000000E+09   8.9782036169777275E+04   5.3998393636293394E-11   5.1739853555254490E-21   2.0077180193707256E+03
   1.3296770000000000E+09   9.0092767034166231E+04   5.3518670251801612E-11   5.1314880007770831E-21   2.0063609569732678E+03
   1.3316770000000000E+09   9.0403642451271458E+04   5.3045020723387218E-11   5.0894421787259273E-21   2.0050329323202850E+03
   1.3336770000000000E+09   9.0714659993268200E+04   5.2577353907937007E-11   5.0478419962077467E-21   2.0037338931967963E+03
   1.3356770000000000E+09   9.1025819058376946E+04   5.2115579715806867E-11   5.0066816088444256E-21   2.0024637849443188E+03
   1.3376770000000000E+09   9.1337120380123437E+04   5.1659609220231668E-11   4.9659552322934456E-21   2.0012225505168324E+03
   1.3396770000000000E+09   9.1648565339944762E+04   5.1209354811652770E-11   4.9256571579273031E-21   2.0000101305093131E+03
   1.3416770000000000E+09   9.1960155230106699E+04   5.0764730359954524E-11   4.8857817694104963E-21   1.9988264631511499E+03
   1.3436770000000000E+09   9.2271890647282227E+04   5.0325651340711176E-11   4.8463235559398301E-21   1.9976714842646891E+03
   1.3456770000000000E+09   9.2583771174635709E+04   4.9892034888135138E-11   4.8072771185085865E-21   1.9965451271978479E+03
   1.3476770000000000E+09   9.2895795427660138E+04   4.9463799758028771E-11   4.7686371675129044E-21   1.9954473227465194E+03
   1.3496770000000000E+09   9.3207961417885323E+04   4.9040866213255171E-11   4.7303985128298514E-21   1.9943779990845442E+03
   1.3516770000000000E+09   9.3520267073852898E+04   4.8623155871324516E-11   4.6925560501302565E-21   1.9933370817151792E+03
   1.3536770000000000E+09   9.3832710702182914E+04   4.8210591566631644E-11   4.6551047484795311E-21   1.9923244934492329E+03
   1.3556770000000000E+09   9.4145291206363254E+04   4.7803097271169499E-11   4.6180396434843891E-21   1.9913401544046435E+03
   1.3576770000000000E+09   9.4458007999034613E+04   4.7400598089334552E-11   4.5813558375493183E-21   1.9903839820147048E+03
   1.3596770000000000E+09   9.4770860691669775E+04   4.7003020307275727E-11   4.5450485054110843E-21   1.9894558910307858E+03
   1.3616770000000000E+09   9.5083848747375858E+04   4.6610291452850225E-11   4.5091129007364479E-21   1.9885557935107877E+03
   1.3636770000000000E+09   9.5396971280980099E+04   4.6222340321917624E-11   4.4735443594974638E-21   1.9876835987937263E+03
   1.3656770000000000E+09   9.5710227085809063E+04   4.5839096950599497E-11   4.4383382981199420E-21   1.9868392134687415E+03
   1.3676770000000000E+09   9.6023614822817748E+04   4.5460492546757742E-11   4.4034902076488087E-21   1.9860225413490355E+03
   1.3696770000000000E+09   9.6337133216530550E+04   4.5086459416293346E-11   4.3689956473565101E-21   1.9852334834570365E+03
   1.3716770000000000E+09   9.6650781121539985E+04   4.4716930917190290E-11   4.3348502409903346E-21   1.9844719380196013E+03
   1.3736770000000000E+09   9.6964557433740454E+04   4.4351841450033154E-11   4.3010496765294255E-21   1.9837378004665850E+03
   1.3756770000000000E+09   9.7278460936632444E+04   4.3991126466805955E-11   4.2675897077110899E-21   1.9830309634261348E+03
   1.3776770000000000E+09   9.7592490207362018E+04   4.3634722470210529E-11   4.2344661546399475E-21   1.9823513167149406E+03
   1.3796770000000000E+09   9.7906643639700822E+04   4.3282566989180200E-11   4.2016749020784261E-21   1.9816987473270838E+03
   1.3816770000000000E+09   9.8220919535460736E+04   4.2934598539538544E-11   4.1692118962709534E-21   1.9810731394268348E+03
   1.3836770000000000E+09   9.8535316161277762E+04   4.2590756591789472E-11   4.1370731424305991E-21   1.9804743743476297E+03
   1.3856770000000000E+09   9.8849831694057473E+04   4.2250981562479741E-11   4.1052547044939506E-21   1.9799023305946223E+03
   1.3876770000000000E+09   9.9164464013353529E+04   4.1915214834594644E-11   4.0737527076928122E-21   1.9793568838447611E+03
   1.3896770000000000E+09   9.9479210191741266E+04   4.1583398824818828E-11   4.0425633456991860E-21   1.9788379069355703E+03
   1.3916770000000000E+09   9.9794065070147815E+04   4.1255477188039390E-11   4.0116829011771223E-21   1.9783452698232259E+03
   1.3936770000000000E+09   1.0010901707631069E+05   4.0931395443795186E-11   3.9811078075626893E-21   1.9778788394536348E+03
   1.3956770000000000E+09   1.0042403647307819E+05   4.0611102773419332E-11   3.9508348252761928E-21   1.9774384793897443E+03
   1.3976770000000000E+09   1.0073904437158049E+05   4.0294556805078615E-11   3.9208615101079297E-21   1.9770240487953117E+03
   1.3996770000000000E+09   1.0105383637038960E+05   3.9981735481912007E-11   3.8911873744888801E-21   1.9766353998293498E+03
   1.4016770000000000E+09   1.0136790812557396E+05   3.9672664359914010E-11   3.8618165587873583E-21   1.9762723713735579E+03
   1.4036770000000000E+09   1.0168009146985285E+05   3.9367474075181701E-11   3.8327634568959715E-21   1.9759347749112924E+03
   1.4056770000000000E+09   1.0198787735016651E+05   3.9066508653448845E-11   3.8040633253685944E-21   1.9756223650417160E+03
   1.4076770000000000E+09   1.0228633765852363E+05   3.8770501387400706E-11   3.7757895291000314E-21   1.9753347831135202E+03
   1.4096770000000000E+09   1.0256678528841354E+05   3.8480801303791634E-11   3.7480757962598680E-21   1.9750714605899193E+03
   1.4116770000000000E+09   1.0281586361865525E+05   3.8199545653689305E-11   3.7211333050227462E-21   1.9748314757310279E+03
   1.4136770000000000E+09   1.0301654824934674E+05   3.7929537763027666E-11   3.6952391064101860E-21   1.9746133835466705E+03
   1.4156770000000000E+09   1.0315286248575010E+05   3.7673508458249678E-11   3.6706643716254293E-21   1.9744150924040164E+03
   1.4176770000000000E+09   1.0321850848893983E+05   3.7432654532485377E-11   3.6475317996105111E-21   1.9742339265863704E+03
   1.4196770000000000E+09   1.0322531492147988E+05   3.7205054742993809E-11   3.6256604158599959E-21   1.9740670261590460E+03
   1.4216770000000000E+09   1.0320347470536115E+05   3.6985367216402275E-11   3.6045346238799767E-21   1.9739120805973616E+03
   1.4236770000000000E+09   1.0318946284271938E+05   3.6766820680083510E-11   3.5834968976659602E-21   1.9737680545610231E+03
   1.4256770000000000E+09   1.0321158934901669E+05   3.6544121282966278E-11   3.5620308506364226E-21   1.9736353649140970E+03
   1.4276770000000000E+09   1.0329121766086317E+05   3.6313830634397611E-11   3.5397991007403974E-21   1.9735154043125096E+03
   1.4296770000000000E+09   1.0345977251485882E+05   3.6071533556990723E-11   3.5163679034164211E-21   1.9734102094517320E+03
   1.4316770000000000E+09   1.0374421174960816E+05   3.5810004823899871E-11   3.4910280852361815E-21   1.9733226841600695E+03
   1.4336770000000000E+09   1.0431981921010840E+05   3.5534337585152026E-11   3.4642647985245139E-21   1.9732595557206132E+03
   1.4356770000000000E+09   1.0327217376215765E+05   3.5138689973907041E-11   3.4257718669615646E-21   1.9732140504875324E+03
   6.5767700000000000E+08  -9.4982849694955039E+03   3.0530382563681480E-12   4.1381208237238123E-23   8.9447182587798045E+02
   6.5967700000000000E+08  -8.2116116349811909E+03   6.1570260994424022E-12   8.0628547619203709E-23   9.2580547346126048E+02
   6.6167700000000000E+08  -7.2051544804633404E+03   1.0294744407635041E-11   1.3105436750386439E-22   9.5236111805184407E+02
   6.6367700000000000E+08  -6.1998390504375266E+03   1.5647139457188578E-11   1.9380573493416647E-22   9.7882694362378504E+02
   6.6567700000000000E+08  -5.1933685183593607E+03   2.2728882494002084E-11   2.7312500039849012E-22   1.0089141539672427E+03
   6.6767700000000000E+08  -4.3700400759743625E+03   3.2405291469271798E-11   3.7638144105398317E-22   1.0438192881388422E+03
   6.6967700000000000E+08  -3.7783036210067626E+03   4.5542776007313225E-11   5.0890600415386158E-22   1.0849744485313090E+03
   6.7167700000000000E+08  -3.2892971201250361E+03   6.2780080678656129E-11   6.7137615876335972E-22   1.1336879768945091E+03
   6.7367700000000000E+08  -2.7420302030351404E+03   8.4313805341267085E-11   8.5683187709561147E-22   1.1930005990088405E+03
   6.7567700000000000E+08  -1.9288147188800892E+03   1.0990337690686721E-10   1.0500474730913116E-21   1.2689359135067732E+03
   6.7767700000000000E+08  -7.3129771982391310E+02   1.3897931528906927E-10   1.2307572291398784E-21   1.3690375452729152E+03
   6.7967700000000000E+08   7.8316992608860619E+02   1.7058962511129628E-10   1.3836987027943815E-21   1.4946815279455898E+03
   6.8167700000000000E+08   2.5036913107254900E+03   2.0352572169034134E-10   1.5080513101657986E-21   1.6362165133856640E+03
   6.8367700000000000E+08   4.3993410704196176E+03   2.3645083337566336E-10   1.6104795842571174E-21   1.7800131537662933E+03
   6.8567700000000000E+08   6.5437832643356060E+03   2.6820507878515111E-10   1.6966152505361093E-21   1.9165546931549834E+03
   6.8767700000000000E+08   8.9927990757801781E+03   2.9796835650891529E-10   1.7693313128342634E-21   2.0417312140062359E+03
   6.8967700000000000E+08   1.1749412184822002E+04   3.2524172671675746E-10   1.8299188117547078E-21   2.1548250848723292E+03
   6.9167700000000000E+08   1.4787487886240431E+04   3.4983440825567432E-10   1.8796021064506721E-21   2.2564940146710383E+03
   6.9367700000000000E+08   1.8082975259689709E+04   3.7171556643648219E-10   1.9193908970749225E-21   2.3479286978850182E+03
   6.9567700000000000E+08   2.1601913414614843E+04   3.9090913133933657E-10   1.9498287251068606E-21   2.4306192744728901E+03
   6.9767700000000000E+08   2.5303549034452044E+04   4.0753316324688760E-10   1.9717156362995587E-21   2.5058568700147725E+03
   6.9967700000000000E+08   2.9154570652469210E+04   4.2174923445001864E-10   1.9859063168152542E-21   2.5747385294819719E+03
   7.0167700000000000E+08   3.3128109067236262E+04   4.3373810973587513E-10   1.9932390484188659E-21   2.6381882525583646E+03
   7.0367700000000000E+08   3.7202195979982185E+04   4.4368441824592650E-10   1.9944982036868974E-21   2.6969824091151781E+03
   7.0567700000000000E+08   4.1358299223386050E+04   4.5176724322830141E-10   1.9903964637277164E-21   2.7517738089301733E+03
   7.0767700000000000E+08   4.5580122874708723E+04   4.5815463659298177E-10   1.9815688897652367E-21   2.8031122999285144E+03
   7.0967700000000000E+08   4.9852720053003373E+04   4.6300071110424472E-10   1.9685738666059137E-21   2.8514616099477294E+03
   7.1167700000000000E+08   5.4161893766498390E+04   4.6644441808391959E-10   1.9518978014601325E-21   2.8972129095396131E+03
   7.1367700000000000E+08   5.8493864376442369E+04   4.6860944490758356E-10   1.9319617420719491E-21   2.9406958045974334E+03
   7.1567700000000000E+08   6.2835199160471107E+04   4.6960491722862308E-10   1.9091290342792057E-21   2.9821874592764952E+03
   7.1767700000000000E+08   6.7173010518710173E+04   4.6952676198379983E-10   1.8837137666435232E-21   3.0219204366288150E+03
   7.1967700000000000E+08   7.1495414574441398E+04   4.6845966855483816E-10   1.8559900264859340E-21   3.0600896852249566E+03
   7.2167700000000000E+08   7.5792199488869868E+04   4.6647957140421010E-10   1.8262019149862211E-21   3.0968589249367569E+03
   7.2367700000000000E+08   8.0055595280264140E+04   4.6365648649185636E-10   1.7945739240320401E-21   3.1323665187548750E+03
   7.2567700000000000E+08   8.4280989375882506E+04   4.6005741186385744E-10   1.7613208415928836E-21   3.1667307855823651E+03
   7.2767700000000000E+08   8.8467420756481908E+04   4.5574891333246740E-10   1.7266560520237311E-21   3.2000546333286156E+03
   7.2967700000000000E+08   9.2617723891662550E+04   4.5079901499619408E-10   1.6907971183363761E-21   3.2324293821996207E+03
   7.3167700000000000E+08   9.6738273349800569E+04   4.4527812285611547E-10   1.6539679291905218E-21   3.2639376971359839E+03
   7.3367700000000000E+08   1.0083837348493100E+05   4.3925890191248950E-10   1.6163973522266474E-21   3.2946556324900766E+03
   7.3567700000000000E+08   1.0492941203297957E+05   4.3281524042474375E-10   1.5783150298640142E-21   3.3246538809826702E+03
   7.3767700000000000E+08   1.0902392958032447E+05   4.2602060041574002E-10   1.5399454504076431E-21   3.3539983866413918E+03
   7.3967700000000000E+08   1.1313474574083775E+05   4.1894612626147860E-10   1.5015015912065357E-21   3.3827505136501600E+03
   7.4167700000000000E+08   1.1727424106174507E+05   4.1165885798827782E-10   1.4631792670241066E-21   3.4109669592447385E+03
   7.4367700000000000E+08   1.2145384137982546E+05   4.0422030080077222E-10   1.4251529401699178E-21   3.4386995682650931E+03
   7.4567700000000000E+08   1.2568370559871657E+05   3.9668547991220153E-10   1.3875733115701659E-21   3.4659951629791540E+03
   7.4767700000000000E+08   1.2997258755599079E+05   3.8910249764252967E-10   1.3505666384117941E-21   3.4928954564331134E+03
   7.4967700000000000E+08   1.3432782882758620E+05   3.8151253008583690E-10   1.3142354790860786E-21   3.5194370790229159E+03
   7.5167700000000000E+08   1.3875543822382527E+05   3.7395015894351688E-10   1.2786604570886976E-21   3.5456517199503410E+03
   7.5367700000000000E+08   1.4326022013998689E+05   3.6644392443004380E-10   1.2439026331436260E-21   3.5715663679749209E+03
   7.5567700000000000E+08   1.4784592329812239E+05   3.5901699663572973E-10   1.2100061372736573E-21   3.5972036276083063E+03
   7.5767700000000000E+08   1.5251539074584923E+05   3.5168788462825355E-10   1.1770008019124040E-21   3.6225820850600799E+03
   7.5967700000000000E+08   1.5727069973383739E+05   3.4447112680723914E-10   1.1449046268807242E-21   3.6477167003520685E+03
   7.6167700000000000E+08   1.6211328580848293E+05   3.3737792774768502E-10   1.1137259826249793E-21   3.6726192060892690E+03
   7.6367700000000000E+08   1.6704404926351420E+05   3.3041672383646560E-10   1.0834655143491200E-21   3.6972984980362758E+03
   7.6567700000000000E+08   1.7206344438260954E+05   3.2359367208118221E-10   1.0541177471522632E-21   3.7217610070716314E+03
   7.6767700000000000E+08   1.7717155310798131E+05   3.1691306417903761E-10   1.0256724143661498E-21   3.7460110458661661E+03
   7.6967700000000000E+08   1.8236814526354641E+05   3.1037767226854379E-10   9.9811554209389170E-22   3.7700511266178778E+03
   7.7167700000000000E+08   1.8765272753140659E+05   3.0398903475303354E-10   9.7143032626858733E-22   3.7938822483996587E+03
   7.7367700000000000E+08   1.9302458322414040E+05   2.9774769102812995E-10   9.4559783737702067E-22   3.8175041542404074E+03
   7.7567700000000000E+08   1.9848280463869925E+05   2.9165337350275776E-10   9.2059758447469397E-22   3.8409155590949999E+03
   7.7767700000000000E+08   2.0402631949448772E+05   2.8570516441550633E-10   8.9640796565999436E-22   3.8641143504914812E+03
   7.7967700000000000E+08   2.0965391268800863E+05   2.7990162389684793E-10   8.7300662762035868E-22   3.8870977639850876E+03
   7.8167700000000000E+08   2.1536424435724970E+05   2.7424089467844696E-10   8.5037075266329404E-22   3.9098625356869238E+03
   7.8367700000000000E+08   2.2115586504651894E+05   2.6872078789023344E-10   8.2847728799864402E-22   3.9324050341383704E+03
   7.8567700000000000E+08   2.2702722859576388E+05   2.6333885355102540E-10   8.0730312899438921E-22   3.9547213737199604E+03
   7.8767700000000000E+08   2.3297670324374115E+05   2.5809243865688461E-10   7.8682526565409071E-22   3.9768075116509717E+03
   7.8967700000000000E+08   2.3900258132690509E+05   2.5297873519514001E-10   7.6702089959032263E-22   3.9986593304773332E+03
   7.9167700000000000E+08   2.4510308787072671E+05   2.4799481994607290E-10   7.4786753721404780E-22   4.0202727077768868E+03
   7.9367700000000000E+08   2.5127638830304120E+05   2.4313768756146271E-10   7.2934306364623394E-22   4.0416435746425718E+03
   7.9567700000000000E+08   2.5752059546624386E+05   2.3840427811295386E-10   7.1142580091523725E-22   4.0627679643423839E+03
   7.9767700000000000E+08   2.6383377606377006E+05   2.3379150006866942E-10   6.9409455327277971E-22   4.0836420524031860E+03
   7.9967700000000000E+08   2.7021395664382522E+05   2.2929624947113511E-10   6.7732864189501384E-22   4.1042621892257521E+03
   8.0167700000000000E+08   2.7665912919786450E+05   2.2491542594300180E-10   6.6110793079523936E-22   4.1246249262110377E+03
   8.0367700000000000E+08   2.8316725643139187E+05   2.2064594603094646E-10   6.4541284543170787E-22   4.1447270362629279E+03
   8.0567700000000000E+08   2.8973627674903482E+05   2.1648475430585663E-10   6.3022438522482575E-22   4.1645655294296193E+03
   8.0767700000000000E+08   2.9636410898370092E+05   2.1242883256376736E-10   6.1552413098547643E-22   4.1841376643539816E+03
   8.0967700000000000E+08   3.0304865689021541E+05   2.0847520741294952E-10   6.0129424808687117E-22   4.2034409561215307E+03
   8.1167700000000000E+08   3.0978781341667951E+05   2.0462095648489154E-10   5.8751748607625630E-22   4.2224731810223420E+03
   8.1367700000000000E+08   3.1657946476147161E+05   2.0086321346823138E-10   5.7417717531240538E-22   4.2412323786793031E+03
   8.1567700000000000E+08   3.2342149422005413E+05   1.9719917213307696E-10   5.6125722112434607E-22   4.2597168519387915E+03
   8.1767700000000000E+08   3.3031178582329751E+05   1.9362608948717608E-10   5.4874209591201338E-22   4.2779251648703084E+03
   8.1967700000000000E+08   3.3724822776774620E+05   1.9014128818389817E-10   5.3661682954713541E-22   4.2958561391781750E+03
   8.2167700000000000E+08   3.4422871563792799E+05   1.8674215828414537E-10   5.2486699838033133E-22   4.3135088492902623E+03
   8.2367700000000000E+08   3.5125115542135155E+05   1.8342615845943648E-10   5.1347871311624189E-22   4.3308826163554650E+03
   8.2567700000000000E+08   3.5831346631804178E+05   1.8019081671099281E-10   5.0243860578114222E-22   4.3479770013524931E+03
   8.2767700000000000E+08   3.6541358334822214E+05   1.7703373066931436E-10   4.9173381597586195E-22   4.3647917974871725E+03
   8.2967700000000000E+08   3.7254945976384939E+05   1.7395256753013077E-10   4.8135197658008940E-22   4.3813270220331669E+03
   8.3167700000000000E+08   3.7971906927194929E+05   1.7094506367551642E-10   4.7128119905162519E-22   4.3975829077516582E+03
   8.3367700000000000E+08   3.8692040807992895E+05   1.6800902402311466E-10   4.6151005844522824E-22   4.4135598940083328E+03
   8.3567700000000000E+08   3.9415149677494832E+05   1.6514232114167391E-10   4.5202757825994460E-22   4.4292586176909326E+03
   8.3767700000000000E+08   4.0141038205098419E+05   1.6234289416722845E-10   4.4282321521060795E-22   4.4446799040171945E+03
   8.3967700000000000E+08   4.0869513829806779E+05   1.5960874755114466E-10   4.3388684400824928E-22   4.4598247573109311E+03
   8.4167700000000000E+08   4.1600386906837218E+05   1.5693794966867634E-10   4.2520874222485429E-22   4.4746943518130220E+03
   8.4367700000000000E+08   4.2333470843316877E+05   1.5432863131453953E-10   4.1677957530998193E-22   4.4892900225842604E+03
   8.4567700000000000E+08   4.3068582224327058E+05   1.5177898411012062E-10   4.0859038181969738E-22   4.5036132565477146E+03
   8.4767700000000000E+08   4.3805540930343251E+05   1.4928725884519714E-10   4.0063255891182716E-22   4.5176656837099881E+03
   8.4967700000000000E+08   4.4544170246847859E+05   1.4685176377532911E-10   3.9289784815535807E-22   4.5314490685929140E+03
   8.5167700000000000E+08   4.5284296966580756E+05   1.4447086289432329E-10   3.8537832169572154E-22   4.5449653019001898E+03
   8.5367700000000000E+08   4.6025751484568341E+05   1.4214297419929127E-10   3.7806636881150557E-22   4.5582163924369697E+03
   8.5567700000000000E+08   4.6768367885755951E+05   1.3986656796381988E-10   3.7095468289182904E-22   4.5712044592946540E+03
   8.5767700000000000E+08   4.7511984024787933E+05   1.3764016503263565E-10   3.6403624885715231E-22   4.5839317243080404E+03
   8.5967700000000000E+08   4.8256441597255791E+05   1.3546233514890091E-10   3.5730433103976698E-22   4.5964005047875908E+03
   8.6167700000000000E+08   4.9001586201585934E+05   1.3333169532298947E-10   3.5075246153374445E-22   4.6086132065260044E+03
   8.6367700000000000E+08   4.9747267390676535E+05   1.3124690824930336E-10   3.4437442901785952E-22   4.6205723170753681E+03
   8.6567700000000000E+08   5.0493338712421083E+05   1.2920668077549253E-10   3.3816426804913968E-22   4.6322803992889558E+03
   8.6767700000000000E+08   5.1239657738370990E+05   1.2720976242639379E-10   3.3211624881937095E-22   4.6437400851203911E+03
   8.6967700000000000E+08   5.1986086079985002E+05   1.2525494398317777E-10   3.2622486736228882E-22   4.6549540696719032E+03
   8.7167700000000000E+08   5.2732489392167004E+05   1.2334105611664348E-10   3.2048483619540044E-22   4.6659251054831730E+03
   8.7367700000000000E+08   5.3478737364091631E+05   1.2146696807236163E-10   3.1489107537750338E-22   4.6766559970524359E+03
   8.7567700000000000E+08   5.4224703697632311E+05   1.1963158640446284E-10   3.0943870396102332E-22   4.6871495955818900E+03
   8.7767700000000000E+08   5.4970266074020776E+05   1.1783385375428761E-10   3.0412303181722453E-22   4.6974087939403089E+03
   8.7967700000000000E+08   5.5715306109658047E+05   1.1607274766985433E-10   2.9893955181214250E-22   4.7074365218365456E+03
   8.8167700000000000E+08   5.6459709302246163E+05   1.1434727946210682E-10   2.9388393231157615E-22   4.7172357411985104E+03
   8.8367700000000000E+08   5.7203364968625340E+05   1.1265649309412695E-10   2.8895200999451902E-22   4.7268094417531911E+03
   8.8567700000000000E+08   5.7946166175887734E+05   1.1099946409984609E-10   2.8413978295577383E-22   4.7361606368039575E+03
   8.8767700000000000E+08   5.8688009667576151E+05   1.0937529852913327E-10   2.7944340407981857E-22   4.7452923592021843E+03
   8.8967700000000000E+08   5.9428795787224418E+05   1.0778313191623903E-10   2.7485917466868056E-22   4.7542076575109277E+03
   8.9167700000000000E+08   6.0168428402550973E+05   1.0622212826798606E-10   2.7038353830548793E-22   4.7629095923592122E+03
   8.9367700000000000E+08   6.0906814836105204E+05   1.0469147906597066E-10   2.6601307493035247E-22   4.7714012329869456E+03
   8.9567700000000000E+08   6.1643865813628933E+05   1.0319040227191750E-10   2.6174449509264302E-22   4.7796856539829942E+03
   8.9767700000000000E+08   6.2379495452425734E+05   1.0171814131494906E-10   2.5757463431785316E-22   4.7877659322240161E+03
   8.9967700000000000E+08   6.3113621331884887E+05   1.0027396402147051E-10   2.5350044748219829E-22   4.7956451440298861E+03
   9.0167700000000000E+08   6.3846164718811947E+05   9.8857161422326863E-11   2.4951900302323827E-22   4.8033263625646814E+03
   9.0367700000000000E+08   6.4577051055401925E+05   9.7467046345830024E-11   2.4562747675060809E-22   4.8108126555288909E+03
   9.0567700000000000E+08   6.5306210831278283E+05   9.6102951706116255E-11   2.4182314502522495E-22   4.8181070832050709E+03
   9.0767700000000000E+08   6.6033580890079681E+05   9.4764228481941742E-11   2.3810337729286234E-22   4.8252126969259834E+03
   9.0967700000000000E+08   6.6759105962050275E+05   9.3450243637341437E-11   2.3446562860184815E-22   4.8321325380159924E+03
   9.1167700000000000E+08   6.7482739670371742E+05   9.2160378725621594E-11   2.3090743395807243E-22   4.8388696371932392E+03
   9.1367700000000000E+08   6.8204443491691910E+05   9.0894030546563812E-11   2.2742640792916810E-22   4.8454270142822179E+03
   9.1567700000000000E+08   6.8924181628321577E+05   8.9650615541311783E-11   2.2402025367321081E-22   4.8518076778223485E+03
   9.1767700000000000E+08   6.9641910494624136E+05   8.8429578728713964E-11   2.2068678335106302E-22   4.8580146236891278E+03
   9.1967700000000000E+08   7.0357564652051311E+05   8.7230405069517797E-11   2.1742394462416627E-22   4.8640508311916592E+03
   9.2167700000000000E+08   7.1071046295079880E+05   8.6052626662969706E-11   2.1422983685577971E-22   4.8699192546613131E+03
   9.2367700000000000E+08   7.1782229019291652E+05   8.4895816592464121E-11   2.1110269429228342E-22   4.8756228098259407E+03
   9.2567700000000000E+08   7.2490982369837735E+05   8.3759564673176369E-11   2.0804082454223992E-22   4.8811643582936995E+03
   9.2767700000000000E+08   7.3197207944150572E+05   8.2643444582853169E-11   2.0504252576394087E-22   4.8865467005807241E+03
   9.2967700000000000E+08   7.3900861233098235E+05   8.1546995241742625E-11   2.0210603882732841E-22   4.8917725912337610E+03
   9.3167700000000000E+08   7.4601943344367482E+05   8.0469728276457828E-11   1.9922956374175701E-22   4.8968447709319580E+03
   9.3367700000000000E+08   7.5300480870647542E+05   7.9411143790629189E-11   1.9641129657320622E-22   4.9017660003129440E+03
   9.3567700000000000E+08   7.5996553573918995E+05   7.8370688179565485E-11   1.9364932344006133E-22   4.9065390841203653E+03
   9.3767700000000000E+08   7.6690464950994926E+05   7.7347539118115838E-11   1.9094109086955218E-22   4.9111668359666701E+03
   9.3967700000000000E+08   7.7383034231903288E+05   7.6340266678257073E-11   1.8828257452027193E-22   4.9156520137504467E+03
   9.4167700000000000E+08   7.8075684221540310E+05   7.5346796678671322E-11   1.8566818891934931E-22   4.9199974587794086E+03
   9.4367700000000000E+08   7.8769947631959338E+05   7.4365086230838131E-11   1.8309244058683509E-22   4.9242065150340095E+03
   9.4567700000000000E+08   7.9466543182762282E+05   7.3394208892282432E-11   1.8055258710051955E-22   4.9282832902408563E+03
   9.4767700000000000E+08   8.0164752265178890E+05   7.2434936276583304E-11   1.7805007004122275E-22   4.9322322647648398E+03
   9.4967700000000000E+08   8.0862686552719760E+05   7.1489242037606182E-11   1.7558930990768045E-22   4.9360574622559752E+03
   9.5167700000000000E+08   8.1558306521958916E+05   7.0559196797760681E-11   1.7317499046875435E-22   4.9397621979323640E+03
   9.5367700000000000E+08   8.2249992971181474E+05   6.9647044029325607E-11   1.7081247611412469E-22   4.9433423306872191E+03
   9.5567700000000000E+08   8.2927830318140530E+05   6.8761084777856578E-11   1.6852125344977727E-22   4.9468145000046788E+03
   9.5767700000000000E+08   8.3596742860517476E+05   6.7895939709399200E-11   1.6628828151163135E-22   4.9501657921376245E+03
   9.5967700000000000E+08   8.4261042027454963E+05   6.7046674798803984E-11   1.6410120438297940E-22   4.9533961424143554E+03
   9.6167700000000000E+08   8.4921908784573770E+05   6.6211804177260208E-11   1.6195591069519112E-22   4.9565124996244313E+03
   9.6367700000000000E+08   8.5579701221719559E+05   6.5390654461860673E-11   1.5985048377745688E-22   4.9595162246496011E+03
   9.6567700000000000E+08   8.6234526559777185E+05   6.4582828164115583E-11   1.5778367876753215E-22   4.9624091414597224E+03
   9.6767700000000000E+08   8.6886420572899620E+05   6.3788016465592643E-11   1.5575446983940194E-22   4.9651933503654418E+03
   9.6967700000000000E+08   8.7535394555046526E+05   6.3005944353412434E-11   1.5376192276853360E-22   4.9678710047845334E+03
   9.7167700000000000E+08   8.8181449858966644E+05   6.2236353118961294E-11   1.5180515367298238E-22   4.9704442476824624E+03
   9.7367700000000000E+08   8.8824584300648025E+05   6.1478993843018133E-11   1.4988331307825423E-22   4.9729151967077250E+03
   9.7567700000000000E+08   8.9464795397782617E+05   6.0733624635277985E-11   1.4799557881763550E-22   4.9752859410704123E+03
   9.7767700000000000E+08   9.0102081793040445E+05   6.0000009434230141E-11   1.4614115268712634E-22   4.9775585411017773E+03
   9.7967700000000000E+08   9.0736443709247664E+05   5.9277917528782413E-11   1.4431925887073216E-22   4.9797350282461421E+03
   9.8167700000000000E+08   9.1367882998196210E+05   5.8567123399548590E-11   1.4252914316277850E-22   4.9818174050975149E+03
   9.8367700000000000E+08   9.1996403021608701E+05   5.7867406697348248E-11   1.4077007253781869E-22   4.9838076455647451E+03
   9.8567700000000000E+08   9.2622008461231051E+05   5.7178552259065634E-11   1.3904133482557088E-22   4.9857076951066801E+03
   9.8767700000000000E+08   9.3244705136474094E+05   5.6500350090670124E-11   1.3734223832365067E-22   4.9875194708872350E+03
   9.8967700000000000E+08   9.3864499830085959E+05   5.5832595329454472E-11   1.3567211137686656E-22   4.9892448618472208E+03
   9.9167700000000000E+08   9.4481399982570065E+05   5.5175088309478484E-11   1.3403030222112330E-22   4.9908857287842638E+03
   9.9367700000000000E+08   9.5095413018939353E+05   5.4527634905310783E-11   1.3241617951427376E-22   4.9924439045064601E+03
   9.9567700000000000E+08   9.5706545117256336E+05   5.3890047245139604E-11   1.3082913377252002E-22   4.9939211940895657E+03
   9.9767700000000000E+08   9.6314799523898575E+05   5.3262144619669155E-11   1.2926857929161657E-22   4.9953193751483768E+03
   9.9967700000000000E+08   9.6920175055652694E+05   5.2643754038470872E-11   1.2773395523050002E-22   4.9966401977745008E+03
   1.0016770000000000E+09   9.7522665843382396E+05   5.2034709695920366E-11   1.2622472406804604E-22   4.9978853841541022E+03
   1.0036770000000000E+09   9.8122263628786569E+05   5.1434850611705257E-11   1.2474036566832163E-22   4.9990566272905962E+03
   1.0056770000000000E+09   9.8718963066041551E+05   5.0844016459527045E-11   1.2328036697322397E-22   5.0001555895719484E+03
   1.0076770000000000E+09   9.9312768934847682E+05   5.0262042677133822E-11   1.2184420994100678E-22   5.0011839026368143E+03
   1.0096770000000000E+09   9.9903703025013395E+05   4.9688756535155365E-11   1.2043136178089778E-22   5.0021431692572205E+03
   1.0116770000000000E+09   1.0049180817873161E+06   4.9123975682532135E-11   1.1904127113947481E-22   5.0030349680714016E+03
   1.0136770000000000E+09   1.0107714861522021E+06   4.8567509159217421E-11   1.1767337028901569E-22   5.0038608578859039E+03
   1.0156770000000000E+09   1.0165980664237951E+06   4.8019161120820087E-11   1.1632708398434860E-22   5.0046223780007513E+03
   1.0176770000000000E+09   1.0223987230817847E+06   4.7478738572741157E-11   1.1500184782271006E-22   5.0053210573890083E+03
   1.0196770000000000E+09   1.0281742998801772E+06   4.6946059583690322E-11   1.1369712790602580E-22   5.0059584178114901E+03
   1.0216770000000000E+09   1.0339254815278178E+06   4.6420958850094333E-11   1.1241243432742964E-22   5.0065359661532993E+03
   1.0236770000000000E+09   1.0396527206923524E+06   4.5903290872134050E-11   1.1114732873370412E-22   5.0070551926261523E+03
   1.0256770000000000E+09   1.0453562106383019E+06   4.5392930007858516E-11   1.0990142441131227E-22   5.0075175654433779E+03
   1.0276770000000000E+09   1.0510359029075082E+06   4.4889767855092951E-11   1.0867437990359879E-22   5.0079245256884979E+03
   1.0296770000000000E+09   1.0566915589360069E+06   4.4393708924026799E-11   1.0746588847042770E-22   5.0082774834498441E+03
   1.0316770000000000E+09   1.0623228193694991E+06   4.3904665717418582E-11   1.0627566608718785E-22   5.0085778156448960E+03
   1.0336770000000000E+09   1.0679292751151342E+06   4.3422554173292798E-11   1.0510344029562289E-22   5.0088268655153115E+03
   1.0356770000000000E+09   1.0735105281382021E+06   4.2947290087302125E-11   1.0394894140687947E-22   5.0090259434609043E+03
   1.0376770000000000E+09   1.0790662354842711E+06   4.2478786762984898E-11   1.0281189666634878E-22   5.0091763287418662E+03
   1.0396770000000000E+09   1.0845961351138300E+06   4.2016953840030236E-11   1.0169202726784852E-22   5.0092792715895230E+03
   1.0416770000000000E+09   1.0901000557652193E+06   4.1561697068881579E-11   1.0058904766265734E-22   5.0093359953700483E+03
   1.0436770000000000E+09   1.0955779149109602E+06   4.1112918731844401E-11   9.9502666441442444E-23   5.0093476985791985E+03
   1.0456770000000000E+09   1.1010297092331124E+06   4.0670518425309066E-11   9.8432588100004675E-23   5.0093155565612451E+03
   1.0476770000000000E+09   1.1064555014560784E+06   4.0234393976750011E-11   9.7378515141288949E-23   5.0092407229243563E+03
   1.0496770000000000E+09   1.1118554063614856E+06   3.9804442342666024E-11   9.6340150140758050E-23   5.0091243306719025E+03
   1.0516770000000000E+09   1.1172295777556116E+06   3.9380560399628283E-11   9.5317197561578935E-23   5.0089674930913488E+03
   1.0536770000000000E+09   1.1225781972894650E+06   3.8962645590691636E-11   9.4309365227215536E-23   5.0087713044472011E+03
   1.0556770000000000E+09   1.1279014654208987E+06   3.8550596422200203E-11   9.3316365438413208E-23   5.0085368405206909E+03
   1.0576770000000000E+09   1.1331995944386336E+06   3.8144312824399636E-11   9.2337915766148369E-23   5.0082651590332134E+03
   1.0596770000000000E+09   1.1384728032846721E+06   3.7743696397374598E-11   9.1373739571861190E-23   5.0079572999838847E+03
   1.0616770000000000E+09   1.1437213138508252E+06   3.7348650565566916E-11   9.0423566310615707E-23   5.0076142859253541E+03
   1.0636770000000000E+09   1.1489453484319134E+06   3.6959080662526007E-11   8.9487131669055476E-23   5.0072371221970434E+03
   1.0656770000000000E+09   1.1541451280563225E+06   3.6574893964495945E-11   8.8564177582745720E-23   5.0068267971305258E+03
   1.0676770000000000E+09   1.1593208714618292E+06   3.6195999688051243E-11   8.7654452169363344E-23   5.0063842822383385E+03
   1.0696770000000000E+09   1.1644727945299875E+06   3.5822308963782653E-11   8.6757709606501726E-23   5.0059105323942713E+03
   1.0716770000000000E+09   1.1696011100323927E+06   3.5453734795193087E-11   8.5873709976040350E-23   5.0054064860107510E+03
   1.0736770000000000E+09   1.1747060275765653E+06   3.5090192009525630E-11   8.5002219091177152E-23   5.0048730652169797E+03
   1.0756770000000000E+09   1.1797877536687055E+06   3.4731597205202433E-11   8.4143008317320573E-23   5.0043111760396114E+03
   1.0776770000000000E+09   1.1848464918356331E+06   3.4377868698894863E-11   8.3295854394050099E-23   5.0037217085867760E+03
   1.0796770000000000E+09   1.1898824427686925E+06   3.4028926473968692E-11   8.2460539262284116E-23   5.0031055372354576E+03
   1.0816770000000000E+09   1.1948958044679277E+06   3.3684692131138404E-11   8.1636849898604505E-23   5.0024635208217687E+03
   1.0836770000000000E+09   1.1998867723752595E+06   3.3345088841592698E-11   8.0824578157305069E-23   5.0017965028337458E+03
   1.0856770000000000E+09   1.2048555394916579E+06   3.3010041302541479E-11   8.0023520619983281E-23   5.0011053116060320E+03
   1.0876770000000000E+09   1.2098022964761020E+06   3.2679475695017712E-11   7.9233478452206901E-23   5.0003907605162703E+03
   1.0896770000000000E+09   1.2147272317253933E+06   3.2353319643744077E-11   7.8454257266741048E-23   4.9996536481825451E+03
   1.0916770000000000E+09   1.2196305314344037E+06   3.2031502178898460E-11   7.7685666992875068E-23   4.9988947586616332E+03
   1.0936770000000000E+09   1.2245123796370092E+06   3.1713953699637001E-11   7.6927521751456314E-23   4.9981148616474866E+03
   1.0956770000000000E+09   1.2293729582289467E+06   3.1400605939246353E-11   7.6179639735267762E-23   4.9973147126695731E+03
   1.0976770000000000E+09   1.2342124469749655E+06   3.1091391931797829E-11   7.5441843094395567E-23   4.9964950532904531E+03
   1.0996770000000000E+09   1.2390310235035317E+06   3.0786245980180464E-11   7.4713957826236539E-23   4.9956566113024537E+03
   1.1016770000000000E+09   1.2438288632929667E+06   3.0485103625388009E-11   7.3995813669800500E-23   4.9948001009228410E+03
   1.1036770000000000E+09   1.2486061396527842E+06   3.0187901616952070E-11   7.3287244003996146E-23   4.9939262229874994E+03
   1.1056770000000000E+09   1.2533630237035465E+06   2.9894577884425872E-11   7.2588085749625392E-23   4.9930356651428301E+03
   1.1076770000000000E+09   1.2580996843577612E+06   2.9605071509842871E-11   7.1898179274856615E-23   4.9921291020358694E+03
   1.1096770000000000E+09   1.2628162883033329E+06   2.9319322701092022E-11   7.1217368303994296E-23   4.9912071955024385E+03
   1.1116770000000000E+09   1.2675129999901629E+06   2.9037272766166610E-11   7.0545499829396578E-23   4.9902705947534496E+03
   1.1136770000000000E+09   1.2721899816197366E+06   2.8758864088249502E-11   6.9882424026413616E-23   4.9893199365591499E+03
   1.1156770000000000E+09   1.2768473931368785E+06   2.8484040101607629E-11   6.9227994171240168E-23   4.9883558454314152E+03
   1.1176770000000000E+09   1.2814853922225607E+06   2.8212745268266324E-11   6.8582066561577184E-23   4.9873789338038969E+03
   1.1196770000000000E+09   1.2861041342863711E+06   2.7944925055438997E-11   6.7944500440006604E-23   4.9863898022100639E+03
   1.1216770000000000E+09   1.2907037724573116E+06   2.7680525913684134E-11   6.7315157919978592E-23   4.9853890394590544E+03
   1.1236770000000000E+09   1.2952844575716848E+06   2.7419495255762681E-11   6.6693903914315356E-23   4.9843772228091802E+03
   1.1256770000000000E+09   1.2998463381570228E+06   2.7161781436168654E-11   6.6080606066133219E-23   4.9833549181391427E+03
   1.1276770000000000E+09   1.3043895604113368E+06   2.6907333731304795E-11   6.5475134682087740E-23   4.9823226801167320E+03
   1.1296770000000000E+09   1.3089142681773086E+06   2.6656102320274178E-11   6.4877362667840793E-23   4.9812810523650933E+03
   1.1316770000000000E+09   1.3134206029114842E+06   2.6408038266257029E-11   6.4287165465651113E-23   4.9802305676262758E+03
   1.1336770000000000E+09   1.3179087036488997E+06   2.6163093498441297E-11   6.3704420993982252E-23   4.9791717479222643E+03
   1.1356770000000000E+09   1.3223787069641023E+06   2.5921220794470675E-11   6.3129009589018265E-23   4.9781051047131541E+03
   1.1376770000000000E+09   1.3268307469299424E+06   2.5682373763372897E-11   6.2560813947968341E-23   4.9770311390527486E+03
   1.1396770000000000E+09   1.3312649550760547E+06   2.5446506828923998E-11   6.1999719074033022E-23   4.9759503417412398E+03
   1.1416770000000000E+09   1.3356814603493167E+06   2.5213575213404751E-11   6.1445612222898627E-23   4.9748631934752448E+03
   1.1436770000000000E+09   1.3400803890790597E+06   2.4983534921698517E-11   6.0898382850615435E-23   4.9737701649951150E+03
   1.1456770000000000E+09   1.3444618649501973E+06   2.4756342725678170E-11   6.0357922562709863E-23   4.9726717172295530E+03
   1.1476770000000000E+09   1.3488260089876701E+06   2.4531956148829942E-11   5.9824125064379981E-23   4.9715683014378001E+03
   1.1496770000000000E+09   1.3531729395559356E+06   2.4310333451058327E-11   5.9296886111618657E-23   4.9704603593493357E+03
   1.1516770000000000E+09   1.3575027723772402E+06   2.4091433613621979E-11   5.8776103463120018E-23   4.9693483233013503E+03
   1.1536770000000000E+09   1.3618156205724315E+06   2.3875216324152097E-11   5.8261676832828654E-23   4.9682326163743010E+03
   1.1556770000000000E+09   1.3661115947279001E+06   2.3661641961710811E-11   5.7753507843010123E-23   4.9671136525255424E+03
   1.1576770000000000E+09   1.3703908029917937E+06   2.3450671581857936E-11   5.7251499977742166E-23   4.9659918367215696E+03
   1.1596770000000000E+09   1.3746533512021538E+06   2.3242266901703112E-11   5.6755558536752584E-23   4.9648675650690120E+03
   1.1616770000000000E+09   1.3788993430488117E+06   2.3036390284934782E-11   5.6265590589563014E-23   4.9637412249447416E+03
   1.1636770000000000E+09   1.3831288802698997E+06   2.2833004726832453E-11   5.5781504929935977E-23   4.9626131951254065E+03
   1.1656770000000000E+09   1.3873420628826790E+06   2.2632073839285113E-11   5.5303212030662691E-23   4.9614838459167731E+03
   1.1676770000000000E+09   1.3915389894470256E+06   2.2433561835856381E-11   5.4830623998773952E-23   4.9603535392832055E+03
   1.1696770000000000E+09   1.3957197573584921E+06   2.2237433516953125E-11   5.4363654531298409E-23   4.9592226289774690E+03
   1.1716770000000000E+09   1.3998844631663268E+06   2.2043654255172228E-11   5.3902218871733863E-23   4.9580914606713459E+03
   1.1736770000000000E+09   1.4040332029103399E+06   2.1852189980913193E-11   5.3446233767435118E-23   4.9569603720871328E+03
   1.1756770000000000E+09   1.4081660724691437E+06   2.1663007168355340E-11   5.2995617428147745E-23   4.9558296931302202E+03
   1.1776770000000000E+09   1.4122831679110392E+06   2.1476072821907088E-11   5.2550289485939959E-23   4.9546997460229904E+03
   1.1796770000000000E+09   1.4163845858379777E+06   2.1291354463234289E-11   5.2110170956788273E-23   4.9535708454398509E+03
   1.1816770000000000E+09   1.4204704237124387E+06   2.1108820118973535E-11   5.1675184204067804E-23   4.9524432986435368E+03
   1.1836770000000000E+09   1.4245407801569805E+06   2.0928438309225606E-11   5.1245252904177255E-23   4.9513174056223625E+03
   1.1856770000000000E+09   1.4285957552165776E+06   2.0750178036910271E-11   5.0820302014492238E-23   4.9501934592283869E+03
   1.1876770000000000E+09   1.4326354505747617E+06   2.0574008778041929E-11   5.0400257743793688E-23   4.9490717453158568E+03
   1.1896770000000000E+09   1.4366599697158304E+06   2.0399900472963608E-11   4.9985047525259470E-23   4.9479525428798443E+03
   1.1916770000000000E+09   1.4406694180272333E+06   2.0227823518546056E-11   4.9574599992038383E-23   4.9468361241943267E+03
   1.1936770000000000E+09   1.4446639028382199E+06   2.0057748761332721E-11   4.9168844955358872E-23   4.9457227549493073E+03
   1.1956770000000000E+09   1.4486435333931728E+06   1.9889647491580803E-11   4.8767713385050870E-23   4.9446126943864365E+03
   1.1976770000000000E+09   1.4526084207603908E+06   1.9723491438122069E-11   4.8371137392295024E-23   4.9435061954324765E+03
   1.1996770000000000E+09   1.4565586776794328E+06   1.9559252763943565E-11   4.7979050214353274E-23   4.9424035048301666E+03
   1.2016770000000000E+09   1.4604944183523278E+06   1.9396904062368467E-11   4.7591386200987688E-23   4.9413048632658265E+03
   1.2036770000000000E+09   1.4644157581858328E+06   1.9236418353705015E-11   4.7208080802238822E-23   4.9402105054935128E+03
   1.2056770000000000E+09   1.4683228134935724E+06   1.9077769082220433E-11   4.6829070557213023E-23   4.9391206604549734E+03
   1.2076770000000000E+09   1.4722157011679895E+06   1.8920930113298300E-11   4.6454293083522085E-23   4.9380355513955801E+03
   1.2096770000000000E+09   1.4760945383329499E+06   1.8765875730635924E-11   4.6083687067022386E-23   4.9369553959755176E+03
   1.2116770000000000E+09   1.4799594419880544E+06   1.8612580633351400E-11   4.5717192251521659E-23   4.9358804063766083E+03
   1.2136770000000000E+09   1.4838105286557483E+06   1.8461019932878062E-11   4.5354749428148583E-23   4.9348107894043842E+03
   1.2156770000000000E+09   1.4876479140417671E+06   1.8311169149543810E-11   4.4996300424120826E-23   4.9337467465858181E+03
   1.2176770000000000E+09   1.4914717127186579E+06   1.8163004208748547E-11   4.4641788090692012E-23   4.9326884742625016E+03
   1.2196770000000000E+09   1.4952820378408027E+06   1.8016501436678028E-11   4.4291156290111697E-23   4.9316361636798820E+03
   1.2216770000000000E+09   1.4990790008978494E+06   1.7871637555513768E-11   4.3944349881490609E-23   4.9305900010726255E+03
   1.2236770000000000E+09   1.5028627115116094E+06   1.7728389678123959E-11   4.3601314705521661E-23   4.9295501677465645E+03
   1.2256770000000000E+09   1.5066332772794429E+06   1.7586735302244228E-11   4.3261997568068709E-23   4.9285168401575256E+03
   1.2276770000000000E+09   1.5103908036650214E+06   1.7446652304181658E-11   4.2926346222691600E-23   4.9274901899877341E+03
   1.2296770000000000E+09   1.5141353939353358E+06   1.7308118932093531E-11   4.2594309352227180E-23   4.9264703842198815E+03
   1.2316770000000000E+09   1.5178671491409512E+06   1.7171113798910552E-11   4.2265836549586056E-23   4.9254575852095177E+03
   1.2336770000000000E+09   1.5215861681349271E+06   1.7035615874985650E-11   4.1940878297956815E-23   4.9244519507560926E+03
   1.2356770000000000E+09   1.5252925476247799E+06   1.6901604480554635E-11   4.1619385950622874E-23   4.9234536341729445E+03
   1.2376770000000000E+09   1.5289863822512191E+06   1.6769059278095602E-11   4.1301311710599613E-23   4.9224627843565113E+03
   1.2396770000000000E+09   1.5326677646872383E+06   1.6637960264669709E-11   4.0986608610289655E-23   4.9214795458550252E+03
   1.2416770000000000E+09   1.5363367857514420E+06   1.6508287764316272E-11   4.0675230491332547E-23   4.9205040589367563E+03
   1.2436770000000000E+09   1.5399935345300632E+06   1.6380022420564259E-11   4.0367131984799240E-23   4.9195364596578074E+03
   1.2456770000000000E+09   1.5436380985028730E+06   1.6253145189110880E-11   4.0062268491851635E-23   4.9185768799297612E+03
   1.2476770000000000E+09   1.5472705636690641E+06   1.6127637330704088E-11   3.9760596164959314E-23   4.9176254475867863E+03
   1.2496770000000000E+09   1.5508910146699497E+06   1.6003480404257116E-11   3.9462071889737960E-23   4.9166822864525966E+03
   1.2516770000000000E+09   1.5544995349060958E+06   1.5880656260212094E-11   3.9166653267452697E-23   4.9157475164069028E+03
   1.2536770000000000E+09   1.5580962066470960E+06   1.5759147034163294E-11   3.8874298598209486E-23   4.9148212534515624E+03
   1.2556770000000000E+09   1.5616811111327540E+06   1.5638935140743844E-11   3.8584966864844574E-23   4.9139036097761964E+03
   1.2576770000000000E+09   1.5652543286648602E+06   1.5520003267775529E-11   3.8298617717508323E-23   4.9129946938234407E+03
   1.2596770000000000E+09   1.5688159386891683E+06   1.5402334370676030E-11   3.8015211458930903E-23   4.9120946103535134E+03
   1.2616770000000000E+09   1.5723660198673694E+06   1.5285911667117359E-11   3.7734709030351144E-23   4.9112034605083563E+03
   1.2636770000000000E+09   1.5759046501391623E+06   1.5170718631924792E-11   3.7457071998084278E-23   4.9103213418749319E+03
   1.2656770000000000E+09   1.5794319067745255E+06   1.5056738992207444E-11   3.7182262540702712E-23   4.9094483485480177E+03
   1.2676770000000000E+09   1.5829478664163819E+06   1.4943956722709140E-11   3.6910243436803426E-23   4.9085845711921656E+03
   1.2696770000000000E+09   1.5864526051137953E+06   1.4832356041369789E-11   3.6640978053336123E-23   4.9077300971028544E+03
   1.2716770000000000E+09   1.5899461983457326E+06   1.4721921405088605E-11   3.6374430334468616E-23   4.9068850102669976E+03
   1.2736770000000000E+09   1.5934287210354751E+06   1.4612637505678714E-11   3.6110564790964484E-23   4.9060493914225062E+03
   1.2756770000000000E+09   1.5969002475556736E+06   1.4504489266004677E-11   3.5849346490049960E-23   4.9052233181170550E+03
   1.2776770000000000E+09   1.6003608517241064E+06   1.4397461836293362E-11   3.5590741045745473E-23   4.9044068647660069E+03
   1.2796770000000000E+09   1.6038106067903156E+06   1.4291540590606803E-11   3.5334714609633836E-23   4.9036001027093425E+03
   1.2816770000000000E+09   1.6072495854133072E+06   1.4186711123466847E-11   3.5081233862037777E-23   4.9028031002677099E+03
   1.2836770000000000E+09   1.6106778596306285E+06   1.4082959246619344E-11   3.4830266003576554E-23   4.9020159227974436E+03
   1.2856770000000000E+09   1.6140955008191606E+06   1.3980270985926189E-11   3.4581778747071219E-23   4.9012386327445975E+03
   1.2876770000000000E+09   1.6175025796479976E+06   1.3878632578373018E-11   3.4335740309768100E-23   4.9004712896978708E+03
   1.2896770000000000E+09   1.6208991660236970E+06   1.3778030469182138E-11   3.4092119405852479E-23   4.8997139504405704E+03
   1.2916770000000000E+09   1.6242853290281161E+06   1.3678451309020271E-11   3.3850885239227065E-23   4.8989666690014128E+03
   1.2936770000000000E+09   1.6276611368488541E+06   1.3579881951293083E-11   3.3612007496533804E-23   4.8982294967042053E+03
   1.2956770000000000E+09   1.6310266567020398E+06   1.3482309449521467E-11   3.3375456340404717E-23   4.8975024822165278E+03
   1.2976770000000000E+09   1.6343819547469704E+06   1.3385721054796158E-11   3.3141202402933016E-23   4.8967856715972930E+03
   1.2996770000000000E+09   1.6377270959920096E+06   1.3290104213309072E-11   3.2909216779358159E-23   4.8960791083433824E+03
   1.3016770000000000E+09   1.6410621441913696E+06   1.3195446563959027E-11   3.2679471021956695E-23   4.8953828334355585E+03
   1.3036770000000000E+09   1.6443871617335295E+06   1.3101735936021228E-11   3.2451937134111912E-23   4.8946968853836206E+03
   1.3056770000000000E+09   1.6477022095240355E+06   1.3008960346858092E-11   3.2226587564503222E-23   4.8940213002712180E+03
   1.3076770000000000E+09   1.6510073468691830E+06   1.2917107999623021E-11   3.2003395201294093E-23   4.8933561118003845E+03
   1.3096770000000000E+09   1.6543026313723668E+06   1.2826167280874462E-11   3.1782333366114149E-23   4.8927013513356005E+03
   1.3116770000000000E+09   1.6575881188615544E+06   1.2736126757976126E-11   3.1563375807526327E-23   4.8920570479474500E+03
   1.3136770000000000E+09   1.6608638633736807E+06   1.2646975176113649E-11   3.1346496693562803E-23   4.8914232284549980E+03
   1.3156770000000000E+09   1.6641299172276314E+06   1.2558701454727046E-11   3.1131670602836284E-23   4.8907999174659653E+03
   1.3176770000000000E+09   1.6673863312193928E+06   1.2471294683157195E-11   3.0918872513729898E-23   4.8901871374137618E+03
   1.3196770000000000E+09   1.6706331549675646E+06   1.2384744115351830E-11   3.0708077791288991E-23   4.8895849085898972E+03
   1.3216770000000000E+09   1.6738704374214923E+06   1.2299039163597912E-11   3.0499262171728823E-23   4.8889932491717655E+03
   1.3236770000000000E+09   1.6770982275164609E+06   1.2214169391439907E-11   3.0292401744944920E-23   4.8884121752467117E+03
   1.3256770000000000E+09   1.6803165749222930E+06   1.2130124506196113E-11   3.0087472936027055E-23   4.8878417008353999E+03
   1.3276770000000000E+09   1.6835255307896340E+06   1.2046894351750016E-11   2.9884452487420798E-23   4.8872818379201208E+03
   1.3296770000000000E+09   1.6867251483636890E+06   1.1964468902488550E-11   2.9683317443860694E-23   4.8867325964848687E+03
   1.3316770000000000E+09   1.6899154833227287E+06   1.1882838259293725E-11   2.9484045142290984E-23   4.8861939845736024E+03
   1.3336770000000000E+09   1.6930965937222103E+06   1.1801992648284680E-11   2.9286613208490790E-23   4.8856660083703346E+03
   1.3356770000000000E+09   1.6962685394917156E+06   1.1721922422522285E-11   2.9090999560962602E-23   4.8851486722974269E+03
   1.3376770000000000E+09   1.6994313815341208E+06   1.1642618066198743E-11   2.8897182420976088E-23   4.8846419791206108E+03
   1.3396770000000000E+09   1.7025851805909551E+06   1.1564070200106056E-11   2.8705140325891246E-23   4.8841459300415345E+03
   1.3416770000000000E+09   1.7057299961266762E+06   1.1486269586667660E-11   2.8514852141623554E-23   4.8836605247564876E+03
   1.3436770000000000E+09   1.7088658855074933E+06   1.1409207132772179E-11   2.8326297069955002E-23   4.8831857614662449E+03
   1.3456770000000000E+09   1.7119929036817024E+06   1.1332873889201526E-11   2.8139454647671974E-23   4.8827216368374393E+03
   1.3476770000000000E+09   1.7151111034157425E+06   1.1257261046504814E-11   2.7954304737021094E-23   4.8822681459366186E+03
   1.3496770000000000E+09   1.7182205359503112E+06   1.1182359928390549E-11   2.7770827509921048E-23   4.8818252821744354E+03
   1.3516770000000000E+09   1.7213212517894849E+06   1.1108161984596911E-11   2.7589003430573048E-23   4.8813930372996174E+03
   1.3536770000000000E+09   1.7244133012951927E+06   1.1034658785320204E-11   2.7408813241522523E-23   4.8809714014653428E+03
   1.3556770000000000E+09   1.7274967348609872E+06   1.0961842018493748E-11   2.7230237956466267E-23   4.8805603633567425E+03
   1.3576770000000000E+09   1.7305716026447779E+06   1.0889703489836570E-11   2.7053258859870192E-23   4.8801599103351136E+03
   1.3596770000000000E+09   1.7336379540526723E+06   1.0818235124287640E-11   2.6877857510288374E-23   4.8797700285402980E+03
   1.3616770000000000E+09   1.7366958372729963E+06   1.0747428966903486E-11   2.6704015742814962E-23   4.8793907029115489E+03
   1.3636770000000000E+09   1.7397452991006863E+06   1.0677277181821815E-11   2.6531715667147238E-23   4.8790219171320059E+03
   1.3656770000000000E+09   1.7427863851021016E+06   1.0607772049170948E-11   2.6360939660657075E-23   4.8786636535490943E+03
   1.3676770000000000E+09   1.7458191399669887E+06   1.0538905961032565E-11   2.6191670358850515E-23   4.8783158931387752E+03
   1.3696770000000000E+09   1.7488436078064283E+06   1.0470671417973895E-11   2.6023890646785053E-23   4.8779786155527490E+03
   1.3716770000000000E+09   1.7518598322344807E+06   1.0403061027033827E-11   2.5857583653762915E-23   4.8776517992299214E+03
   1.3736770000000000E+09   1.7548678562503411E+06   1.0336067500893996E-11   2.5692732750989527E-23   4.8773354215073759E+03
   1.3756770000000000E+09   1.7578677220789881E+06   1.0269683657177972E-11   2.5529321549893925E-23   4.8770294586690889E+03
   1.3776770000000000E+09   1.7608594711282931E+06   1.0203902416961786E-11   2.5367333898871540E-23   4.8767338859219080E+03
   1.3796770000000000E+09   1.7638431440931933E+06   1.0138716802438970E-11   2.5206753878049548E-23   4.8764486773453827E+03
   1.3816770000000000E+09   1.7668187810994741E+06   1.0074119934477296E-11   2.5047565793590980E-23   4.8761738058758328E+03
   1.3836770000000000E+09   1.7697864217431988E+06   1.0010105030869517E-11   2.4889754173495955E-23   4.8759092433333881E+03
   1.3856770000000000E+09   1.7727461049411765E+06   9.9466654055330881E-12   2.4733303765937954E-23   4.8756549604144166E+03
   1.3876770000000000E+09   1.7756978685139844E+06   9.8837944686257975E-12   2.4578199540897276E-23   4.8754109264805220E+03
   1.3896770000000000E+09   1.7786417481274174E+06   9.8214857287077696E-12   2.4424426699356516E-23   4.8751771088452178E+03
   1.3916770000000000E+09   1.7815777742433669E+06   9.7597328021896679E-12   2.4271970706012405E-23   4.8749534709497739E+03
   1.3936770000000000E+09   1.7845059632695494E+06   9.6985294457209337E-12   2.4120817390592531E-23   4.8747399681374991E+03
   1.3956770000000000E+09   1.7874262932451607E+06   9.6378696526754315E-12   2.3970953231477734E-23   4.8745365386220083E+03
   1.3976770000000000E+09   1.7903386412998659E+06   9.5777479145606079E-12   2.3822366088102334E-23   4.8743430862431769E+03
   1.3996770000000000E+09   1.7932426337634302E+06   9.5181598738076901E-12   2.3675046954585007E-23   4.8741594527965362E+03
   1.4016770000000000E+09   1.7961373149192880E+06   9.4591038187028042E-12   2.3528993824659934E-23   4.8739853860055618E+03
   1.4036770000000000E+09   1.7990204837230626E+06   9.4005837739299123E-12   2.3384219403286948E-23   4.8738205320188072E+03
   1.4056770000000000E+09   1.8018875240677013E+06   9.3426151130315431E-12   2.3240764646602936E-23   4.8736645213346237E+03
   1.4076770000000000E+09   1.8047296825374651E+06   9.2852330581349632E-12   2.3098718574949190E-23   4.8735172503185950E+03
   1.4096770000000000E+09   1.8075322240767486E+06   9.2285020775784549E-12   2.2958239233724170E-23   4.8733794041592328E+03
   1.4116770000000000E+09   1.8102738449840227E+06   9.1725192521882992E-12   2.2819559700617850E-23   4.8732529881163546E+03
   1.4136770000000000E+09   1.8129297630571497E+06   9.1173989736068115E-12   2.2682951163401758E-23   4.8731411217197783E+03
   1.4156770000000000E+09   1.8154806072932472E+06   9.0632274989852199E-12   2.2548618886344850E-23   4.8730461180904949E+03
   1.4176770000000000E+09   1.8179255484874358E+06   9.0099955003589936E-12   2.2416549873262128E-23   4.8729660895305260E+03
   1.4196770000000000E+09   1.8202914412875436E+06   8.9575533953367260E-12   2.2286408465208733E-23   4.8728933455833076E+03
   1.4216770000000000E+09   1.8226270698583312E+06   8.9056488822623254E-12   2.2157607047324234E-23   4.8728192104159898E+03
   1.4236770000000000E+09   1.8249827285210460E+06   8.8540421457209811E-12   2.2029549226688725E-23   4.8727436097663094E+03
   1.4256770000000000E+09   1.8273953828341949E+06   8.8025801531359446E-12   2.1901808624148869E-23   4.8726766742021910E+03
   1.4276770000000000E+09   1.8298989623918401E+06   8.7511199753188555E-12   2.1774011674341009E-23   4.8726225731720297E+03
   1.4296770000000000E+09   1.8325465599511680E+06   8.6993719721652325E-12   2.1645572774118105E-23   4.8725511287386144E+03
   1.4316770000000000E+09   1.8353565273876539E+06   8.6472014571902939E-12   2.1516316353510448E-23   4.8724258908984139E+03
   1.4336770000000000E+09   1.8388090380179810E+06   8.5905164481783064E-12   2.1380687988167348E-23   4.8711912865323884E+03
   1.4356770000000000E+09   1.8390073862766076E+06   8.5538475698484817E-12   2.1283826650833835E-23   4.8724723137048531E+03
   6.5767700000000000E+08  -5.3963282754183920E+03   1.3097414219435886E-15   7.8022757422201074E-26   8.0815830231877703E+02
   6.5967700000000000E+08  -5.8206348932570554E+03   2.6805156098948389E-15   1.5614220823823576E-25   8.2647590071592765E+02
   6.6167700000000000E+08  -6.2863450192859091E+03   5.6088022273413048E-15   3.1870405592226550E-25   8.4725610516943232E+02
   6.6367700000000000E+08  -6.6410102756075121E+03   1.2715447723838416E-14   7.0195212962097971E-25   8.7208001004105449E+02
   6.6567700000000000E+08  -6.3645092477979579E+03   3.1696372880406658E-14   1.7060977745363315E-24   8.9441242088410036E+02
   6.6767700000000000E+08  -5.4702341314132527E+03   7.8233915641100247E-14   4.1190494246479722E-24   9.1438740463785894E+02
   6.6967700000000000E+08  -4.4862079997662004E+03   1.7126671438449942E-13   8.7703303796264450E-24   9.4013275357900739E+02
   6.7167700000000000E+08  -3.6077056553141151E+03   3.2169495382789733E-13   1.5864247793307174E-23   9.7624075611310161E+02
   6.7367700000000000E+08  -2.7555038261799232E+03   5.2597517569070499E-13   2.4718342985067514E-23   1.0244200363524928E+03
   6.7567700000000000E+08  -1.7283427583376219E+03   7.6975563576005663E-13   3.4071829258887902E-23   1.0876510849687177E+03
   6.7767700000000000E+08  -3.9946021740505398E+02   1.0357378812949442E-12   4.2555895157605697E-23   1.1717158402037869E+03
   6.7967700000000000E+08   1.1921709948328075E+03   1.3078131191504926E-12   4.9192782687865860E-23   1.2799012714506007E+03
   6.8167700000000000E+08   2.9489418097797811E+03   1.5717977276914176E-12   5.3709534244284654E-23   1.4088911501832938E+03
   6.8367700000000000E+08   4.8260078534417025E+03   1.8165231379873148E-12   5.6448969295149996E-23   1.5492342454860800E+03
   6.8567700000000000E+08   6.8516842859961926E+03   2.0356795541034946E-12   5.7945745327876245E-23   1.6912975985437970E+03
   6.8767700000000000E+08   9.0606736131421821E+03   2.2279732037356289E-12   5.8687291615473838E-23   1.8276711921488841E+03
   6.8967700000000000E+08   1.1462958953440992E+04   2.3928946106335838E-12   5.8930151877220956E-23   1.9548713512658826E+03
   6.9167700000000000E+08   1.4033878201346613E+04   2.5315032790720980E-12   5.8820949204625306E-23   2.0719469740839954E+03
   6.9367700000000000E+08   1.6740056556221047E+04   2.6459051790195844E-12   5.8459484737739504E-23   2.1789710693866873E+03
   6.9567700000000000E+08   1.9548652879059366E+04   2.7385355983110119E-12   5.7911961501067108E-23   2.2765766999391494E+03
   6.9767700000000000E+08   2.2429734162078181E+04   2.8118104874529878E-12   5.7223708345636241E-23   2.3656049416040714E+03
   6.9967700000000000E+08   2.5356632298557775E+04   2.8679632724827889E-12   5.6426745154952755E-23   2.4469255545002275E+03
   7.0167700000000000E+08   2.8305208552350556E+04   2.9089819602071784E-12   5.5544251244528735E-23   2.5213554917377501E+03
   7.0367700000000000E+08   3.1253048622132275E+04   2.9365993778080995E-12   5.4593324828087940E-23   2.5896276824015140E+03
   7.0567700000000000E+08   3.4178927921713352E+04   2.9523106041675725E-12   5.3586790903914284E-23   2.6523844163405329E+03
   7.0767700000000000E+08   3.7062591609552022E+04   2.9574029731030172E-12   5.2534456396814028E-23   2.7101818548379374E+03
   7.0967700000000000E+08   3.9884804211835501E+04   2.9529901474677049E-12   5.1444018253456663E-23   2.7634988307909221E+03
   7.1167700000000000E+08   4.2627590922370262E+04   2.9400455967498851E-12   5.0321736664863019E-23   2.8127466493542952E+03
   7.1367700000000000E+08   4.5274608908719500E+04   2.9194331661952626E-12   4.9172939168460798E-23   2.8582784873680466E+03
   7.1567700000000000E+08   4.7811607611961925E+04   2.8919339292285493E-12   4.8002399030592935E-23   2.9003979845942272E+03
   7.1767700000000000E+08   5.0226949522456664E+04   2.8582693082127888E-12   4.6814618326813830E-23   2.9393671063633165E+03
   7.1967700000000000E+08   5.2512157377555086E+04   2.8191206550163486E-12   4.5614036042249024E-23   2.9754135266072331E+03
   7.2167700000000000E+08   5.4662432572065431E+04   2.7751452472239548E-12   4.4405171936674124E-23   3.0087377377438402E+03
   7.2367700000000000E+08   5.6677063414824486E+04   2.7269882262299764E-12   4.3192708612257778E-23   3.0395199221782868E+03
   7.2567700000000000E+08   5.8559627029170959E+04   2.6752896893461252E-12   4.1981509414992781E-23   3.0679264052727312E+03
   7.2767700000000000E+08   6.0317899678405331E+04   2.6206862192242244E-12   4.0776570530623105E-23   3.0941153384798599E+03
   7.2967700000000000E+08   6.1963431816274220E+04   2.5638066921326435E-12   3.9582912113896257E-23   3.1182412014668707E+03
   7.3167700000000000E+08   6.3510807006694544E+04   2.5052631165506743E-12   3.8405423193445918E-23   3.1404577893162132E+03
   7.3367700000000000E+08   6.4976668111556173E+04   2.4456381910226785E-12   3.7248684305304001E-23   3.1609195410478574E+03
   7.3567700000000000E+08   6.6378638461288778E+04   2.3854718761607519E-12   3.6116796299909197E-23   3.1797813066380663E+03
   7.3767700000000000E+08   6.7734277160623242E+04   2.3252493285748198E-12   3.5013241527230815E-23   3.1971968681694598E+03
   7.3967700000000000E+08   6.9060186442710081E+04   2.2653920515295025E-12   3.3940795433019406E-23   3.2133166700756374E+03
   7.4167700000000000E+08   7.0371346183702626E+04   2.2062532819469771E-12   3.2901495428919068E-23   3.2282852498930333E+03
   7.4367700000000000E+08   7.1680701767629391E+04   2.1481177384901972E-12   3.1896663223986981E-23   3.2422388042588473E+03
   7.4567700000000000E+08   7.2998989611542958E+04   2.0912051377091619E-12   3.0926969213858001E-23   3.2553032070539321E+03
   7.4767700000000000E+08   7.4334757088445651E+04   2.0356764654691903E-12   2.9992524017201464E-23   3.2675926563190860E+03
   7.4967700000000000E+08   7.5694521499599025E+04   1.9816418714904899E-12   2.9092982400095412E-23   3.2792089967083220E+03
   7.5167700000000000E+08   7.7083013194059356E+04   1.9291691610683162E-12   2.8227647411597719E-23   3.2902416651381773E+03
   7.5367700000000000E+08   7.8503456273478660E+04   1.8782920891682048E-12   2.7395566203219450E-23   3.3007681461642860E+03
   7.5567700000000000E+08   7.9957852109119194E+04   1.8290179290727528E-12   2.6595612645904841E-23   3.3108547976856698E+03
   7.5767700000000000E+08   8.1447242851106377E+04   1.7813340306790494E-12   2.5826554856696471E-23   3.3205579085120162E+03
   7.5967700000000000E+08   8.2971942314690954E+04   1.7352132727778422E-12   2.5087107867776802E-23   3.3299248672026224E+03
   7.6167700000000000E+08   8.4531729317420002E+04   1.6906184424911170E-12   2.4375972946296994E-23   3.3389953475126426E+03
   7.6367700000000000E+08   8.6126003709937795E+04   1.6475056503796353E-12   2.3691865673709465E-23   3.3478024431631106E+03
   7.6567700000000000E+08   8.7753908390702418E+04   1.6058269241441064E-12   2.3033535024449135E-23   3.3563737093813506E+03
   7.6767700000000000E+08   8.9414422058818120E+04   1.5655321305350483E-12   2.2399775532000704E-23   3.3647320887404262E+03
   7.6967700000000000E+08   9.1106427857670045E+04   1.5265703652454818E-12   2.1789434338149558E-23   3.3728967137583500E+03
   7.7167700000000000E+08   9.2828762819277705E+04   1.4888909324840770E-12   2.1201414584514573E-23   3.3808835889009906E+03
   7.7367700000000000E+08   9.4580252445346123E+04   1.4524440151360771E-12   2.0634676281299848E-23   3.3887061608979075E+03
   7.7567700000000000E+08   9.6359734062422285E+04   1.4171811161996696E-12   2.0088235505099545E-23   3.3963757895755034E+03
   7.7767700000000000E+08   9.8166071889734827E+04   1.3830553342206329E-12   1.9561162545579670E-23   3.4039021326165944E+03
   7.7967700000000000E+08   9.9998166125151751E+04   1.3500215203840143E-12   1.9052579439285422E-23   3.4112934574991300E+03
   7.8167700000000000E+08   1.0185495781505544E+05   1.3180363527930091E-12   1.8561657191724043E-23   3.4185568929050210E+03
   7.8367700000000000E+08   1.0373543083297601E+05   1.2870583539903761E-12   1.8087612888350660E-23   3.4256986305205601E+03
   7.8567700000000000E+08   1.0563861194232837E+05   1.2570478705484607E-12   1.7629706823256630E-23   3.4327240866376492E+03
   7.8767700000000000E+08   1.0756356964813422E+05   1.2279670281415431E-12   1.7187239724241602E-23   3.4396380314754456E+03
   7.8967700000000000E+08   1.0950941233730841E+05   1.1997796715250100E-12   1.6759550118790618E-23   3.4464446927683721E+03
   7.9167700000000000E+08   1.1147528605377406E+05   1.1724512959461587E-12   1.6346011862791726E-23   3.4531478389530871E+03
   7.9367700000000000E+08   1.1346037214199798E+05   1.1459489744278079E-12   1.5946031839184776E-23   3.4597508462484811E+03
   7.9567700000000000E+08   1.1546388491070090E+05   1.1202412838881363E-12   1.5559047824672617E-23   3.4662567530528945E+03
   7.9767700000000000E+08   1.1748506941031131E+05   1.0952982320216224E-12   1.5184526517295652E-23   3.4726683043680605E+03
   7.9967700000000000E+08   1.1952319937678674E+05   1.0710911861464683E-12   1.4821961714838798E-23   3.4789879883794993E+03
   8.0167700000000000E+08   1.2157757536633655E+05   1.0475928047317116E-12   1.4470872632808824E-23   3.4852180668585120E+03
   8.0367700000000000E+08   1.2364752308689071E+05   1.0247769719851420E-12   1.4130802350477276E-23   3.4913606006822229E+03
   8.0567700000000000E+08   1.2573239192008768E+05   1.0026187356637238E-12   1.3801316373836847E-23   3.4974174714775968E+03
   8.0767700000000000E+08   1.2783155362021632E+05   9.8109424812661609E-13   1.3482001304994886E-23   3.5033904001683391E+03
   8.0967700000000000E+08   1.2994440117248079E+05   9.6018071056269622E-13   1.3172463608360156E-23   3.5092809630267975E+03
   8.1167700000000000E+08   1.3207034779123220E+05   9.3985632027101015E-13   1.2872328464839257E-23   3.5150906056965368E+03
   8.1367700000000000E+08   1.3420882603830562E+05   9.2010022084466023E-13   1.2581238706127453E-23   3.5208206555458642E+03
   8.1567700000000000E+08   1.3635928704236084E+05   9.0089245509405722E-13   1.2298853821963564E-23   3.5264723326318949E+03
   8.1767700000000000E+08   1.3852119980113834E+05   8.8221392054245866E-13   1.2024849033959280E-23   3.5320467594928768E+03
   8.1967700000000000E+08   1.4069405055009038E+05   8.6404632732884405E-13   1.1758914430266635E-23   3.5375449699393494E+03
   8.2167700000000000E+08   1.4287734218249287E+05   8.4637215835931924E-13   1.1500754155934637E-23   3.5429679169788660E+03
   8.2367700000000000E+08   1.4507059370787776E+05   8.2917463155688263E-13   1.1250085654333388E-23   3.5483164799817123E+03
   8.2567700000000000E+08   1.4727333973741994E+05   8.1243766406914989E-13   1.1006638955493160E-23   3.5535914711744686E+03
   8.2767700000000000E+08   1.4948512998669955E+05   7.9614583830466308E-13   1.0770156007634454E-23   3.5587936415327604E+03
   8.2967700000000000E+08   1.5170552878813798E+05   7.8028436967956954E-13   1.0540390048549464E-23   3.5639236861329232E+03
   8.3167700000000000E+08   1.5393411460717628E+05   7.6483907596846873E-13   1.0317105013854633E-23   3.5689822490137403E+03
   8.3367700000000000E+08   1.5617047955808116E+05   7.4979634816516104E-13   1.0100074979462603E-23   3.5739699275930489E+03
   8.3567700000000000E+08   1.5841422891705061E+05   7.3514312277068405E-13   9.8890836359223211E-24   3.5788872766794507E+03
   8.3767700000000000E+08   1.6066498063189461E+05   7.2086685543780895E-13   9.6839237925585589E-24   3.5837348121160790E+03
   8.3967700000000000E+08   1.6292236482918289E+05   7.0695549591138262E-13   9.4843969095871503E-24   3.5885130140909619E+03
   8.4167700000000000E+08   1.6518602332097304E+05   6.9339746421393671E-13   9.2903126566114103E-24   3.5932223301467798E+03
   8.4367700000000000E+08   1.6745560911443172E+05   6.8018162803367153E-13   9.1014884960917727E-24   3.5978631779213556E+03
   8.4567700000000000E+08   1.6973078592838164E+05   6.6729728127839186E-13   8.9177492905416664E-24   3.6024359476489999E+03
   8.4767700000000000E+08   1.7201122772125271E+05   6.5473412376349114E-13   8.7389269323302697E-24   3.6069410044514452E+03
   8.4967700000000000E+08   1.7429661823511246E+05   6.4248224200408374E-13   8.5648599950604596E-24   3.6113786904456138E+03
   8.5167700000000000E+08   1.7658665056021730E+05   6.3053209108178417E-13   8.3953934055511777E-24   3.6157493266938191E+03
   8.5367700000000000E+08   1.7888102672397895E+05   6.1887447755517255E-13   8.2303781354856284E-24   3.6200532150198774E+03
   8.5567700000000000E+08   1.8117945730753438E+05   6.0750054337977952E-13   8.0696709117918549E-24   3.6242906397122665E+03
   8.5767700000000000E+08   1.8348166109217016E+05   5.9640175079919012E-13   7.9131339448100848E-24   3.6284618691329679E+03
   8.5967700000000000E+08   1.8578736473677112E+05   5.8556986816405656E-13   7.7606346732790409E-24   3.6325671572477113E+03
   8.6167700000000000E+08   1.8809630248641007E+05   5.7499695663076302E-13   7.6120455251445780E-24   3.6366067450905452E+03
   8.6367700000000000E+08   1.9040821591116852E+05   5.6467535768674539E-13   7.4672436931669641E-24   3.6405808621726483E+03
   8.6567700000000000E+08   1.9272285367332684E+05   5.5459768144571521E-13   7.3261109242859713E-24   3.6444897278425588E+03
   8.6767700000000000E+08   1.9503997132042429E+05   5.4475679565291169E-13   7.1885333216913808E-24   3.6483335526023757E+03
   8.6967700000000000E+08   1.9735933110093692E+05   5.3514581533970155E-13   7.0544011585629687E-24   3.6521125393821235E+03
   8.7167700000000000E+08   1.9968070179922451E+05   5.2575809306638519E-13   6.9236087024617430E-24   3.6558268847726154E+03
   8.7367700000000000E+08   2.0200385858610983E+05   5.1658720969411352E-13   6.7960540494026832E-24   3.6594767802155152E+03
   8.7567700000000000E+08   2.0432858288152554E+05   5.0762696562995934E-13   6.6716389666991062E-24   3.6630624131481841E+03
   8.7767700000000000E+08   2.0665466222609425E+05   4.9887137249304453E-13   6.5502687437355351E-24   3.6665839681002667E+03
   8.7967700000000000E+08   2.0898189015865314E+05   4.9031464515538341E-13   6.4318520499155334E-24   3.6700416277386021E+03
   8.8167700000000000E+08   2.1131006609725219E+05   4.8195119411687526E-13   6.3163007991185735E-24   3.6734355738570689E+03
   8.8367700000000000E+08   2.1363899522181158E+05   4.7377561817981994E-13   6.2035300200878051E-24   3.6767659883083220E+03
   8.8567700000000000E+08   2.1596848835718189E+05   4.6578269739461584E-13   6.0934577322613579E-24   3.6800330538749954E+03
   8.8767700000000000E+08   2.1829836185640321E+05   4.5796738625365593E-13   5.9860048266370896E-24   3.6832369550786902E+03
   8.8967700000000000E+08   2.2062843748580979E+05   4.5032480711466510E-13   5.8810949513216752E-24   3.6863778789262556E+03
   8.9167700000000000E+08   2.2295854231778963E+05   4.4285024383623572E-13   5.7786544014388411E-24   3.6894560155947765E+03
   8.9367700000000000E+08   2.2528850864622823E+05   4.3553913560528872E-13   5.6786120130340100E-24   3.6924715590598794E+03
   8.9567700000000000E+08   2.2761817396068785E+05   4.2838707092301158E-13   5.5808990604378259E-24   3.6954247076790330E+03
   8.9767700000000000E+08   2.2994738105881296E+05   4.2138978168564101E-13   5.4854491561464645E-24   3.6983156647557580E+03
   8.9967700000000000E+08   2.3227597845892669E+05   4.1454313723832089E-13   5.3921981514920371E-24   3.7011446391398367E+03
   9.0167700000000000E+08   2.3460382141172120E+05   4.0784313818597890E-13   5.3010840350958770E-24   3.7039118459733604E+03
   9.0367700000000000E+08   2.3693077399107034E+05   4.0128590962925935E-13   5.2120468245008356E-24   3.7066175077851153E+03
   9.0567700000000000E+08   2.3925671288102641E+05   3.9486769342802570E-13   5.1250284454064751E-24   3.7092618562686025E+03
   9.0767700000000000E+08   2.4158153331602225E+05   3.8858483926771628E-13   5.0399725950672078E-24   3.7118451352186576E+03
   9.0967700000000000E+08   2.4390515669834646E+05   3.8243379504350079E-13   4.9568245960440809E-24   3.7143676051357857E+03
   9.1167700000000000E+08   2.4622753714836278E+05   3.7641109873114562E-13   4.8755312683559261E-24   3.7168295497044378E+03
   9.1367700000000000E+08   2.4854866059483541E+05   3.7051337640584438E-13   4.7960408814430645E-24   3.7192312833899614E+03
   9.1567700000000000E+08   2.5086852666624187E+05   3.6473735308220911E-13   4.7183032752405271E-24   3.7215731575808663E+03
   9.1767700000000000E+08   2.5318710512243930E+05   3.5907988136949998E-13   4.6422702199451736E-24   3.7238555604350340E+03
   9.1967700000000000E+08   2.5550427097823945E+05   3.5353798349344016E-13   4.5678959624446471E-24   3.7260789044500552E+03
   9.2167700000000000E+08   2.5781974730140797E+05   3.4810888457204421E-13   4.4951376755499565E-24   3.7282435984514354E+03
   9.2367700000000000E+08   2.6013310755216039E+05   3.4278999958040955E-13   4.4239553176855156E-24   3.7303500091776336E+03
   9.2567700000000000E+08   2.6244387999427406E+05   3.3757884448626986E-13   4.3543105036823374E-24   3.7323984295230125E+03
   9.2767700000000000E+08   2.6475172808145400E+05   3.3247289351867211E-13   4.2861646480993519E-24   3.7343890765413134E+03
   9.2967700000000000E+08   2.6705658725129307E+05   3.2746947071249425E-13   4.2194775101941034E-24   3.7363221305726443E+03
   9.3167700000000000E+08   2.6935863171497500E+05   3.2256577899035612E-13   4.1542074934689476E-24   3.7381977974468332E+03
   9.3367700000000000E+08   2.7165806033967895E+05   3.1775909996723184E-13   4.0903141687539558E-24   3.7400163518875825E+03
   9.3567700000000000E+08   2.7395486232719908E+05   3.1304700056993370E-13   4.0277609378886968E-24   3.7417781288024603E+03
   9.3767700000000000E+08   2.7624880529591464E+05   3.0842727626414308E-13   3.9665143460711475E-24   3.7434834728613737E+03
   9.3967700000000000E+08   2.7853968463193264E+05   3.0389771780196296E-13   3.9065411110181861E-24   3.7451326997417427E+03
   9.4167700000000000E+08   2.8082753025887691E+05   2.9945618752841539E-13   3.8478090810098447E-24   3.7467261093645025E+03
   9.4367700000000000E+08   2.8311250531884172E+05   2.9510106503475048E-13   3.7902929083147104E-24   3.7482640264518404E+03
   9.4567700000000000E+08   2.8539461015011516E+05   2.9083140079582649E-13   3.7339759929035814E-24   3.7497468120657295E+03
   9.4767700000000000E+08   2.8767349122915446E+05   2.8664631368161214E-13   3.6788427673793547E-24   3.7511748268214974E+03
   9.4967700000000000E+08   2.8994847576482856E+05   2.8254401387724271E-13   3.6248662094386483E-24   3.7525483757145325E+03
   9.5167700000000000E+08   2.9221867196827213E+05   2.7852124026817362E-13   3.5720006739579504E-24   3.7538676716233676E+03
   9.5367700000000000E+08   2.9448368390151556E+05   2.7457372239204219E-13   3.5201878530520631E-24   3.7551328167583615E+03
   9.5567700000000000E+08   2.9674470701613376E+05   2.7069812088513943E-13   3.4693815636837925E-24   3.7563438976242651E+03
   9.5767700000000000E+08   2.9900284752549866E+05   2.6689315197799856E-13   3.4195618746330913E-24   3.7575012621648989E+03
   9.5967700000000000E+08   3.0125796471698669E+05   2.6315814906073718E-13   3.3707167071286786E-24   3.7586054600678904E+03
   9.6167700000000000E+08   3.0350984859172301E+05   2.5949200110868837E-13   3.3228284464024738E-24   3.7596570085261301E+03
   9.6367700000000000E+08   3.0575836277736945E+05   2.5589335621622550E-13   3.2758765411934744E-24   3.7606564017592896E+03
   9.6567700000000000E+08   3.0800341830284422E+05   2.5236077493647642E-13   3.2298394556130661E-24   3.7616041217166312E+03
   9.6767700000000000E+08   3.1024495232823770E+05   2.4889279797053146E-13   3.1846955252002003E-24   3.7625006456901674E+03
   9.6967700000000000E+08   3.1248291419019597E+05   2.4548797638588178E-13   3.1404233357064442E-24   3.7633464505761740E+03
   9.7167700000000000E+08   3.1471725385071785E+05   2.4214488915904189E-13   3.0970019417346645E-24   3.7641420145650209E+03
   9.7367700000000000E+08   3.1694791148368956E+05   2.3886215577051119E-13   3.0544110237348063E-24   3.7648878167801627E+03
   9.7567700000000000E+08   3.1917480911763862E+05   2.3563844480980739E-13   3.0126309952653648E-24   3.7655843352510101E+03
   9.7767700000000000E+08   3.2139784656935284E+05   2.3247247730414222E-13   2.9716430436352353E-24   3.7662320437476701E+03
   9.7967700000000000E+08   3.2361690408344334E+05   2.2936302347987702E-13   2.9314290868066543E-24   3.7668314083067276E+03
   9.8167700000000000E+08   3.2583185191058880E+05   2.2630889357834575E-13   2.8919716537435309E-24   3.7673828845459902E+03
   9.8367700000000000E+08   3.2804256377080380E+05   2.2330892581720769E-13   2.8532537270870779E-24   3.7678869167475814E+03
   9.8567700000000000E+08   3.3024892952982837E+05   2.2036197558311971E-13   2.8152586002065398E-24   3.7683439390876233E+03
   9.8767700000000000E+08   3.3245086334247614E+05   2.1746690888660512E-13   2.7779697877098817E-24   3.7687543786442411E+03
   9.8967700000000000E+08   3.3464830572666728E+05   2.1462260104194446E-13   2.7413710023796667E-24   3.7691186593212228E+03
   9.9167700000000000E+08   3.3684122025311668E+05   2.1182793955974042E-13   2.7054461862843391E-24   3.7694372057191440E+03
   9.9367700000000000E+08   3.3902958712123072E+05   2.0908182890972381E-13   2.6701795666246603E-24   3.7697104462085572E+03
   9.9567700000000000E+08   3.4121339641697769E+05   2.0638319444831172E-13   2.6355557019247050E-24   3.7699388148788807E+03
   9.9767700000000000E+08   3.4339264360643912E+05   2.0373098331116722E-13   2.6015594903050847E-24   3.7701227525181221E+03
   9.9967700000000000E+08   3.4556733428242500E+05   2.0112415770156839E-13   2.5681760805857293E-24   3.7702627078889091E+03
   1.0016770000000000E+09   3.4773761155577860E+05   1.9856160132617525E-13   2.5353896688405626E-24   3.7703591474882519E+03
   1.0036770000000000E+09   3.4990541016160394E+05   1.9604094409908009E-13   2.5031684775260404E-24   3.7704125741765570E+03
   1.0056770000000000E+09   3.5207827793792065E+05   1.9355594932298720E-13   2.4714312871382600E-24   3.7704236883042836E+03
   1.0076770000000000E+09   3.5426217006151966E+05   1.9110177468648997E-13   2.4401140549465723E-24   3.7703942515000917E+03
   1.0096770000000000E+09   3.5645391756500473E+05   1.8868020885510240E-13   2.4092369855659259E-24   3.7703268209377552E+03
   1.0116770000000000E+09   3.5864633419600624E+05   1.8629752510789192E-13   2.3788780371133656E-24   3.7702233572332079E+03
   1.0136770000000000E+09   3.6082947688414535E+05   1.8395866637777020E-13   2.3490989474430841E-24   3.7700847497616896E+03
   1.0156770000000000E+09   3.6298306702139811E+05   1.8167264700691631E-13   2.3200137901196820E-24   3.7699114428230741E+03
   1.0176770000000000E+09   3.6512464586118236E+05   1.7942921442827079E-13   2.2914920205558190E-24   3.7697016293970478E+03
   1.0196770000000000E+09   3.6725959494390158E+05   1.7722382384492597E-13   2.2634750856669516E-24   3.7694549315254180E+03
   1.0216770000000000E+09   3.6938902858135710E+05   1.7505501945629780E-13   2.2359435254106625E-24   3.7691715885891631E+03
   1.0236770000000000E+09   3.7151325174223125E+05   1.7292192617768286E-13   2.2088852821886808E-24   3.7688519175289648E+03
   1.0256770000000000E+09   3.7363234276676731E+05   1.7082380607652835E-13   2.1822900471967916E-24   3.7684962975205499E+03
   1.0276770000000000E+09   3.7574631281201635E+05   1.6875995419285589E-13   2.1561479565516897E-24   3.7681051251444769E+03
   1.0296770000000000E+09   3.7785516258521902E+05   1.6672966879010730E-13   2.1304492165670866E-24   3.7676788037740316E+03
   1.0316770000000000E+09   3.7995890347803256E+05   1.6473224386841358E-13   2.1051840079459931E-24   3.7672177417942771E+03
   1.0336770000000000E+09   3.8205756781595323E+05   1.6276696871903479E-13   2.0803424783638303E-24   3.7667223534935592E+03
   1.0356770000000000E+09   3.8415122248285980E+05   1.6083312550435860E-13   2.0559147092980766E-24   3.7661930609663241E+03
   1.0376770000000000E+09   3.8623999150683783E+05   1.5892998106082848E-13   2.0318906083773227E-24   3.7656302972618801E+03
   1.0396770000000000E+09   3.8832407984447468E+05   1.5705677740290192E-13   2.0082597839744609E-24   3.7650345117139332E+03
   1.0416770000000000E+09   3.9040377929750149E+05   1.5521273179259758E-13   1.9850115410069858E-24   3.7644061775112255E+03
   1.0436770000000000E+09   3.9247943923594378E+05   1.5339705551436643E-13   1.9621351161299519E-24   3.7637457994669489E+03
   1.0456770000000000E+09   3.9455140146474517E+05   1.5160899055285575E-13   1.9396201443116364E-24   3.7630539181986328E+03
   1.0476770000000000E+09   3.9661991922776907E+05   1.4984785215348655E-13   1.9174572049845360E-24   3.7623311071681260E+03
   1.0496770000000000E+09   3.9868509063814447E+05   1.4811306068198183E-13   1.8956382359768808E-24   3.7615779614722642E+03
   1.0516770000000000E+09   4.0074683066061453E+05   1.4640415084870812E-13   1.8741566609476740E-24   3.7607950805510709E+03
   1.0536770000000000E+09   4.0280488848564710E+05   1.4472075644239338E-13   1.8530072037889216E-24   3.7599830492611486E+03
   1.0556770000000000E+09   4.0485889957383170E+05   1.4306257799603790E-13   1.8321854822544674E-24   3.7591424220248641E+03
   1.0576770000000000E+09   4.0690845215322659E+05   1.4142934506349757E-13   1.8116875286383560E-24   3.7582737132375210E+03
   1.0596770000000000E+09   4.0895314844072168E+05   1.3982078355769575E-13   1.7915093710579583E-24   3.7573773948212115E+03
   1.0616770000000000E+09   4.1099264800663450E+05   1.3823659413167956E-13   1.7716467528245274E-24   3.7564538998240137E+03
   1.0636770000000000E+09   4.1302668950878002E+05   1.3667644269895717E-13   1.7520950053816874E-24   3.7555036298746518E+03
   1.0656770000000000E+09   4.1505509375821450E+05   1.3513996077356831E-13   1.7328490465148903E-24   3.7545269641592004E+03
   1.0676770000000000E+09   4.1707775434492104E+05   1.3362675189860945E-13   1.7139034570710741E-24   3.7535242680792362E+03
   1.0696770000000000E+09   4.1909462230134470E+05   1.3213640060510417E-13   1.6952525911626715E-24   3.7524959004874772E+03
   1.0716770000000000E+09   4.2110568978612957E+05   1.3066848133651840E-13   1.6768906871461126E-24   3.7514422190777532E+03
   1.0736770000000000E+09   4.2311097575981758E+05   1.2922256592525227E-13   1.6588119611470522E-24   3.7503635839842900E+03
   1.0756770000000000E+09   4.2511051488477446E+05   1.2779822913245215E-13   1.6410106766342954E-24   3.7492603598992514E+03
   1.0776770000000000E+09   4.2710434972095507E+05   1.2639505234010932E-13   1.6234811909256153E-24   3.7481329170967233E+03
   1.0796770000000000E+09   4.2909252569429891E+05   1.2501262575314339E-13   1.6062179829880467E-24   3.7469816317241343E+03
   1.0816770000000000E+09   4.3107508812817995E+05   1.2365054952920544E-13   1.5892156677203014E-24   3.7458068856478312E+03
   1.0836770000000000E+09   4.3305208067310409E+05   1.2230843420421612E-13   1.5724690013219777E-24   3.7446090660567834E+03
   1.0856770000000000E+09   4.3502354461034964E+05   1.2098590069268700E-13   1.5559728812572708E-24   3.7433885649571507E+03
   1.0876770000000000E+09   4.3698951865981484E+05   1.1968258005346416E-13   1.5397223432182257E-24   3.7421457786370725E+03
   1.0896770000000000E+09   4.3895003905278759E+05   1.1839811314062766E-13   1.5237125566032270E-24   3.7408811071449732E+03
   1.0916770000000000E+09   4.4090513972567272E+05   1.1713215020931452E-13   1.5079388193974172E-24   3.7395949538020750E+03
   1.0936770000000000E+09   4.4285485255455691E+05   1.1588435051395221E-13   1.4923965529341085E-24   3.7382877247567894E+03
   1.0956770000000000E+09   4.4479920758939243E+05   1.1465438191745342E-13   1.4770812967764517E-24   3.7369598285817701E+03
   1.0976770000000000E+09   4.4673823326915491E+05   1.1344192051948523E-13   1.4619887038260622E-24   3.7356116759110391E+03
   1.0996770000000000E+09   4.4867195661143819E+05   1.1224665030670262E-13   1.4471145356986228E-24   3.7342436791133200E+03
   1.1016770000000000E+09   4.5060040337589063E+05   1.1106826282548600E-13   1.4324546583762370E-24   3.7328562519974721E+03
   1.1036770000000000E+09   4.5252359820344072E+05   1.0990645687680412E-13   1.4180050381342564E-24   3.7314498095461490E+03
   1.1056770000000000E+09   4.5444156473417598E+05   1.0876093823247061E-13   1.4037617377354769E-24   3.7300247676741751E+03
   1.1076770000000000E+09   4.5635432570688211E+05   1.0763141937191521E-13   1.3897209128823836E-24   3.7285815430086391E+03
   1.1096770000000000E+09   4.5826190304283262E+05   1.0651761923853302E-13   1.3758788089171337E-24   3.7271205526880653E+03
   1.1116770000000000E+09   4.6016431791610329E+05   1.0541926301454648E-13   1.3622317577570647E-24   3.7256422141784078E+03
   1.1136770000000000E+09   4.6206159081217129E+05   1.0433608191322123E-13   1.3487761750521006E-24   3.7241469451039225E+03
   1.1156770000000000E+09   4.6395374157607672E+05   1.0326781298719345E-13   1.3355085575491759E-24   3.7226351630912154E+03
   1.1176770000000000E+09   4.6584078945112566E+05   1.0221419895155468E-13   1.3224254806472208E-24   3.7211072856249216E+03
   1.1196770000000000E+09   4.6772275310856121E+05   1.0117498802036465E-13   1.3095235961264166E-24   3.7195637299136356E+03
   1.1216770000000000E+09   4.6959965066851722E+05   1.0014993375519071E-13   1.2967996300343904E-24   3.7180049127648499E+03
   1.1236770000000000E+09   4.7147149971223297E+05   9.9138794924333715E-14   1.2842503807127157E-24   3.7164312504676600E+03
   1.1256770000000000E+09   4.7333831728544104E+05   9.8141335371421354E-14   1.2718727169472578E-24   3.7148431586821116E+03
   1.1276770000000000E+09   4.7520011989284930E+05   9.7157323892099582E-14   1.2596635762264551E-24   3.7132410523340868E+03
   1.1296770000000000E+09   4.7705692348364671E+05   9.6186534117649072E-14   1.2476199630927978E-24   3.7116253455146684E+03
   1.1316770000000000E+09   4.7890874342819437E+05   9.5228744404412901E-14   1.2357389475734418E-24   3.7099964513829818E+03
   1.1336770000000000E+09   4.8075559448627289E+05   9.4283737728036264E-14   1.2240176636773085E-24   3.7083547820715480E+03
   1.1356770000000000E+09   4.8259749076764210E+05   9.3351301581598267E-14   1.2124533079469590E-24   3.7067007485932954E+03
   1.1376770000000000E+09   4.8443444568599755E+05   9.2431227876840723E-14   1.2010431380550776E-24   3.7050347607494209E+03
   1.1396770000000000E+09   4.8626647190787451E+05   9.1523312847801999E-14   1.1897844714366365E-24   3.7033572270375025E+03
   1.1416770000000000E+09   4.8809358129850897E+05   9.0627356956260393E-14   1.1786746839490094E-24   3.7016685545592868E+03
   1.1436770000000000E+09   4.8991578486710013E+05   8.9743164798503489E-14   1.1677112085536421E-24   3.6999691489278871E+03
   1.1456770000000000E+09   4.9173309271426528E+05   8.8870545013048416E-14   1.1568915340142439E-24   3.6982594141742047E+03
   1.1476770000000000E+09   4.9354551398487017E+05   8.8009310189009590E-14   1.1462132036072938E-24   3.6965397526526826E+03
   1.1496770000000000E+09   4.9535305682976148E+05   8.7159276774854026E-14   1.1356738138411687E-24   3.6948105649466665E+03
   1.1516770000000000E+09   4.9715572837970947E+05   8.6320264987440010E-14   1.1252710131821376E-24   3.6930722497739484E+03
   1.1536770000000000E+09   4.9895353473522305E+05   8.5492098721175148E-14   1.1150025007846496E-24   3.6913252038932178E+03
   1.1556770000000000E+09   5.0074648097535293E+05   8.4674605457268176E-14   1.1048660252250917E-24   3.6895698220124145E+03
   1.1576770000000000E+09   5.0253457118849538E+05   8.3867616173010386E-14   1.0948593832376483E-24   3.6878064967001537E+03
   1.1596770000000000E+09   5.0431780852733634E+05   8.3070965251139022E-14   1.0849804184524039E-24   3.6860356183015524E+03
   1.1616770000000000E+09   5.0609619528963097E+05   8.2284490389302229E-14   1.0752270201354045E-24   3.6842575748598701E+03
   1.1636770000000000E+09   5.0786973302549910E+05   8.1508032509726272E-14   1.0655971219314488E-24   3.6824727520455126E+03
   1.1656770000000000E+09   5.0963842267093132E+05   8.0741435669234218E-14   1.0560887006110759E-24   3.6806815330938498E+03
   1.1676770000000000E+09   5.1140226470628416E+05   7.9984546969790842E-14   1.0466997748235808E-24   3.6788842987533189E+03
   1.1696770000000000E+09   5.1316125933729071E+05   7.9237216469848327E-14   1.0374284038592644E-24   3.6770814272451971E+03
   1.1716770000000000E+09   5.1491540669529192E+05   7.8499297096776611E-14   1.0282726864243637E-24   3.6752732942360917E+03
   1.1736770000000000E+09   5.1666470705226099E+05   7.7770644560756502E-14   1.0192307594333980E-24   3.6734602728241771E+03
   1.1756770000000000E+09   5.1840916104552802E+05   7.7051117270525324E-14   1.0103007968239747E-24   3.6716427335397279E+03
   1.1776770000000000E+09   5.2014876990627224E+05   7.6340576251437893E-14   1.0014810084001368E-24   3.6698210443603243E+03
   1.1796770000000000E+09   5.2188353568564623E+05   7.5638885066269641E-14   9.9276963871002448E-25   3.6679955707406207E+03
   1.1816770000000000E+09   5.2361346147199610E+05   7.4945909739232779E-14   9.8416496596427841E-25   3.6661666756563177E+03
   1.1836770000000000E+09   5.2533855159283848E+05   7.4261518683617617E-14   9.7566530100099919E-25   3.6643347196614914E+03
   1.1856770000000000E+09   5.2705881179559859E+05   7.3585582633422811E-14   9.6726898630249631E-25   3.6625000609581948E+03
   1.1876770000000000E+09   5.2877424940166599E+05   7.2917974579279097E-14   9.5897439506841696E-25   3.6606630554767885E+03
   1.1896770000000000E+09   5.3048487342915975E+05   7.2258569708883282E-14   9.5077993034871591E-25   3.6588240569652708E+03
   1.1916770000000000E+09   5.3219069468089449E+05   7.1607245352043020E-14   9.4268402423845616E-25   3.6569834170856202E+03
   1.1936770000000000E+09   5.3389172579531092E+05   7.0963880930309273E-14   9.3468513713483229E-25   3.6551414855149387E+03
   1.1956770000000000E+09   5.3558798125914263E+05   7.0328357911122192E-14   9.2678175705609855E-25   3.6532986100491944E+03
   1.1976770000000000E+09   5.3727947738226026E+05   6.9700559766209922E-14   9.1897239901962892E-25   3.6514551367072104E+03
   1.1996770000000000E+09   5.3896623223617184E+05   6.9080371933942179E-14   9.1125560447575206E-25   3.6496114098327439E+03
   1.2016770000000000E+09   5.4064826555900031E+05   6.8467681785221434E-14   9.0362994079238353E-25   3.6477677721924988E+03
   1.2036770000000000E+09   5.4232559863063891E+05   6.7862378592468166E-14   8.9609400078501461E-25   3.6459245650681964E+03
   1.2056770000000000E+09   5.4399825412286550E+05   6.7264353501170124E-14   8.8864640228539487E-25   3.6440821283409864E+03
   1.2076770000000000E+09   5.4566625592977286E+05   6.6673499503460789E-14   8.8128578774203332E-25   3.6422408005668799E+03
   1.2096770000000000E+09   5.4732962898428331E+05   6.6089711413196022E-14   8.7401082384561198E-25   3.6404009190420929E+03
   1.2116770000000000E+09   5.4898839906680060E+05   6.5512885842003998E-14   8.6682020117235593E-25   3.6385628198575691E+03
   1.2136770000000000E+09   5.5064259261212626E+05   6.4942921175803127E-14   8.5971263383854280E-25   3.6367268379423344E+03
   1.2156770000000000E+09   5.5229223652050551E+05   6.4379717551342352E-14   8.5268685916004276E-25   3.6348933070956186E+03
   1.2176770000000000E+09   5.5393735797815386E+05   6.3823176832397516E-14   8.4574163731173461E-25   3.6330625600079811E+03
   1.2196770000000000E+09   5.5557798429232824E+05   6.3273202585270568E-14   8.3887575098173521E-25   3.6312349282720470E+03
   1.2216770000000000E+09   5.5721414274468890E+05   6.2729700053416213E-14   8.3208800501768828E-25   3.6294107423836404E+03
   1.2236770000000000E+09   5.5884586046628002E+05   6.2192576131008808E-14   8.2537722606215874E-25   3.6275903317343436E+03
   1.2256770000000000E+09   5.6047316433587298E+05   6.1661739335446801E-14   8.1874226217661883E-25   3.6257740245966002E+03
   1.2276770000000000E+09   5.6209608090254676E+05   6.1137099778830889E-14   8.1218198245400547E-25   3.6239621481026934E+03
   1.2296770000000000E+09   5.6371463633203262E+05   6.0618569138568994E-14   8.0569527662143610E-25   3.6221550282187909E+03
   1.2316770000000000E+09   5.6532885637547041E+05   6.0106060627302417E-14   7.9928105463522652E-25   3.6203529897153467E+03
   1.2336770000000000E+09   5.6693876635811373E+05   5.9599488962429689E-14   7.9293824627151158E-25   3.6185563561350168E+03
   1.2356770000000000E+09   5.6854439118503768E+05   5.9098770335509992E-14   7.8666580071590554E-25   3.6167654497590834E+03
   1.2376770000000000E+09   5.7014575536038703E+05   5.8603822381842332E-14   7.8046268615588232E-25   3.6149805915732954E+03
   1.2396770000000000E+09   5.7174288301676267E+05   5.8114564150476584E-14   7.7432788937910733E-25   3.6132021012337577E+03
   1.2416770000000000E+09   5.7333579795126000E+05   5.7630916074906990E-14   7.6826041538091705E-25   3.6114302970334497E+03
   1.2436770000000000E+09   5.7492452366522711E+05   5.7152799944610418E-14   7.6225928698304799E-25   3.6096654958696513E+03
   1.2456770000000000E+09   5.7650908340500493E+05   5.6680138877577949E-14   7.5632354446554917E-25   3.6079080132125455E+03
   1.2476770000000000E+09   5.7808950020161492E+05   5.6212857293898332E-14   7.5045224521268180E-25   3.6061581630749756E+03
   1.2496770000000000E+09   5.7966579690763843E+05   5.5750880890438518E-14   7.4464446337342664E-25   3.6044162579833892E+03
   1.2516770000000000E+09   5.8123799622998748E+05   5.5294136616619258E-14   7.3889928953660807E-25   3.6026826089499045E+03
   1.2536770000000000E+09   5.8280612075768842E+05   5.4842552651247886E-14   7.3321583042021287E-25   3.6009575254451993E+03
   1.2556770000000000E+09   5.8437019298398378E+05   5.4396058380367754E-14   7.2759320857439224E-25   3.5992413153721754E+03
   1.2576770000000000E+09   5.8593023532238323E+05   5.3954584376056003E-14   7.2203056209731485E-25   3.5975342850400680E+03
   1.2596770000000000E+09   5.8748627011645923E+05   5.3518062376100554E-14   7.1652704436299684E-25   3.5958367391388001E+03
   1.2616770000000000E+09   5.8903831964342762E+05   5.3086425264468538E-14   7.1108182375998353E-25   3.5941489807133644E+03
   1.2636770000000000E+09   5.9058640611157520E+05   5.2659607052491475E-14   7.0569408343993992E-25   3.5924713111379392E+03
   1.2656770000000000E+09   5.9213055165181810E+05   5.2237542860674297E-14   7.0036302107492934E-25   3.5908040300895873E+03
   1.2676770000000000E+09   5.9367077830359666E+05   5.1820168901053626E-14   6.9508784862242499E-25   3.5891474355212617E+03
   1.2696770000000000E+09   5.9520710799545003E+05   5.1407422460020036E-14   6.8986779209691933E-25   3.5875018236339879E+03
   1.2716770000000000E+09   5.9673956252051669E+05   5.0999241881536261E-14   6.8470209134724153E-25   3.5858674888480073E+03
   1.2736770000000000E+09   5.9826816350739053E+05   5.0595566550665242E-14   6.7958999983843186E-25   3.5842447237727324E+03
   1.2756770000000000E+09   5.9979293238663394E+05   5.0196336877344499E-14   6.7453078443731253E-25   3.5826338191754139E+03
   1.2776770000000000E+09   6.0131389035348536E+05   4.9801494280321586E-14   6.6952372520061951E-25   3.5810350639483049E+03
   1.2796770000000000E+09   6.0283105832729186E+05   4.9410981171176387E-14   6.6456811516466557E-25   3.5794487450743104E+03
   1.2816770000000000E+09   6.0434445690835314E+05   4.9024740938343005E-14   6.5966326013535287E-25   3.5778751475909826E+03
   1.2836770000000000E+09   6.0585410633286647E+05   4.8642717931058301E-14   6.5480847847752370E-25   3.5763145545528009E+03
   1.2856770000000000E+09   6.0736002642670018E+05   4.8264857443166611E-14   6.5000310090266206E-25   3.5747672469917343E+03
   1.2876770000000000E+09   6.0886223655869067E+05   4.7891105696721764E-14   6.4524647025412388E-25   3.5732335038760057E+03
   1.2896770000000000E+09   6.1036075559410721E+05   4.7521409825342176E-14   6.4053794128924050E-25   3.5717136020671574E+03
   1.2916770000000000E+09   6.1185560184866353E+05   4.7155717857308207E-14   6.3587688045812121E-25   3.5702078162753310E+03
   1.2936770000000000E+09   6.1334679304335348E+05   4.6793978698404250E-14   6.3126266567913050E-25   3.5687164190128647E+03
   1.2956770000000000E+09   6.1483434625992866E+05   4.6436142114558036E-14   6.2669468611169647E-25   3.5672396805462708E+03
   1.2976770000000000E+09   6.1631827789669146E+05   4.6082158714338661E-14   6.2217234192725934E-25   3.5657778688465232E+03
   1.2996770000000000E+09   6.1779860362389346E+05   4.5731979931418296E-14   6.1769504407972990E-25   3.5643312495377668E+03
   1.3016770000000000E+09   6.1927533833801164E+05   4.5385558007110244E-14   6.1326221407696139E-25   3.5629000858443974E+03
   1.3036770000000000E+09   6.2074849611470150E+05   4.5042845973065274E-14   6.0887328375433503E-25   3.5614846385364599E+03
   1.3056770000000000E+09   6.2221809016115149E+05   4.4703797634171472E-14   6.0452769505105065E-25   3.5600851658733968E+03
   1.3076770000000000E+09   6.2368413277075137E+05   4.4368367551572840E-14   6.0022489978797809E-25   3.5587019235460562E+03
   1.3096770000000000E+09   6.2514663528600009E+05   4.4036511025563875E-14   5.9596435944373951E-25   3.5573351646171432E+03
   1.3116770000000000E+09   6.2660560807959456E+05   4.3708184077905514E-14   5.9174554492279936E-25   3.5559851394604116E+03
   1.3136770000000000E+09   6.2806106056827505E+05   4.3383343432858270E-14   5.8756793630588598E-25   3.5546520956992185E+03
   1.3156770000000000E+09   6.2951300127779541E+05   4.3061946496048976E-14   5.8343102257052702E-25   3.5533362781456599E+03
   1.3176770000000000E+09   6.3096143797903915E+05   4.2743951330229801E-14   5.7933430126858319E-25   3.5520379287420424E+03
   1.3196770000000000E+09   6.3240637791287433E+05   4.2429316627139559E-14   5.7527727814959763E-25   3.5507572865071033E+03
   1.3216770000000000E+09   6.3384782811235660E+05   4.2118001675202799E-14   5.7125946672579752E-25   3.5494945874900218E+03
   1.3236770000000000E+09   6.3528579581476410E+05   4.1809966323670166E-14   5.6728038778635695E-25   3.5482500647354605E+03
   1.3256770000000000E+09   6.3672028893337445E+05   4.1505170944974405E-14   5.6333956888451258E-25   3.5470239482626398E+03
   1.3276770000000000E+09   6.3815131653291080E+05   4.1203576398396489E-14   5.5943654383930923E-25   3.5458164650604263E+03
   1.3296770000000000E+09   6.3957888923069253E+05   4.0905143999150507E-14   5.5557085230794841E-25   3.5446278390985462E+03
   1.3316770000000000E+09   6.4100301943597314E+05   4.0609835497324453E-14   5.5174203948973935E-25   3.5434582913523468E+03
   1.3336770000000000E+09   6.4242372135177604E+05   4.0317613070292902E-14   5.4794965601205494E-25   3.5423080398356828E+03
   1.3356770000000000E+09   6.4384101070159150E+05   4.0028439330052389E-14   5.4419325801972537E-25   3.5411772996338736E+03
   1.3376770000000000E+09   6.4525490420412144E+05   3.9742277343682226E-14   5.4047240744528348E-25   3.5400662829273720E+03
   1.3396770000000000E+09   6.4666541888994828E+05   3.9459090661487974E-14   5.3678667238762025E-25   3.5389751989974543E+03
   1.3416770000000000E+09   6.4807257141103642E+05   3.9178843344639512E-14   5.3313562748849047E-25   3.5379042542084694E+03
   1.3436770000000000E+09   6.4947637751312659E+05   3.8901499983412488E-14   5.2951885418565289E-25   3.5368536519662912E+03
   1.3456770000000000E+09   6.5087685180480802E+05   3.8627025699334811E-14   5.2593594075011916E-25   3.5358235926585921E+03
   1.3476770000000000E+09   6.5227400786758622E+05   3.8355386129372177E-14   5.2238648207995080E-25   3.5348142735873466E+03
   1.3496770000000000E+09   6.5366785863551579E+05   3.8086547396270791E-14   5.1887007930435445E-25   3.5338258889058552E+03
   1.3516770000000000E+09   6.5505841687600140E+05   3.7820476073996415E-14   5.1538633931816227E-25   3.5328586295699515E+03
   1.3536770000000000E+09   6.5644569557111827E+05   3.7557139158590947E-14   5.1193487438683041E-25   3.5319126833072328E+03
   1.3556770000000000E+09   6.5782970805347955E+05   3.7296504051726545E-14   5.0851530192206861E-25   3.5309882346004392E+03
   1.3576770000000000E+09   6.5921046787292906E+05   3.7038538557918408E-14   5.0512724444296804E-25   3.5300854646757271E+03
   1.3596770000000000E+09   6.6058798850265332E+05   3.6783210889727600E-14   5.0177032964715048E-25   3.5292045514853889E+03
   1.3616770000000000E+09   6.6196228306621022E+05   3.6530489671803619E-14   4.9844419046809196E-25   3.5283456696788812E+03
   1.3636770000000000E+09   6.6333336423842888E+05   3.6280343936273316E-14   4.9514846501607244E-25   3.5275089905632512E+03
   1.3656770000000000E+09   6.6470124436002295E+05   3.6032743107779292E-14   4.9188279637826693E-25   3.5266946820604071E+03
   1.3676770000000000E+09   6.6606593567717867E+05   3.5787656982904441E-14   4.8864683234117882E-25   3.5259029086701071E+03
   1.3696770000000000E+09   6.6742745055430604E+05   3.5545055711825020E-14   4.8544022514175207E-25   3.5251338314437157E+03
   1.3716770000000000E+09   6.6878580154869962E+05   3.5304909787969017E-14   4.8226263132646969E-25   3.5243876079668280E+03
   1.3736770000000000E+09   6.7014100134412898E+05   3.5067190046084399E-14   4.7911371172508835E-25   3.5236643923441893E+03
   1.3756770000000000E+09   6.7149306263412454E+05   3.4831867664395176E-14   4.7599313148098249E-25   3.5229643351805630E+03
   1.3776770000000000E+09   6.7284199805570045E+05   3.4598914165830325E-14   4.7290056006977020E-25   3.5222875835562063E+03
   1.3796770000000000E+09   6.7418782020336634E+05   3.4368301416451043E-14   4.6983567128003384E-25   3.5216342810006722E+03
   1.3816770000000000E+09   6.7553054166812426E+05   3.4140001623087800E-14   4.6679814318291790E-25   3.5210045674698017E+03
   1.3836770000000000E+09   6.7687017501921346E+05   3.3913987333362571E-14   4.6378765813388816E-25   3.5203985793269421E+03
   1.3856770000000000E+09   6.7820673268015403E+05   3.3690231439560859E-14   4.6080390282733970E-25   3.5198164493237887E+03
   1.3876770000000000E+09   6.7954022665981925E+05   3.3468707186875268E-14   4.5784656841229418E-25   3.5192583065726981E+03
   1.3896770000000000E+09   6.8087066793516441E+05   3.3249388192385750E-14   4.5491535075788129E-25   3.5187242764979860E+03
   1.3916770000000000E+09   6.8219806472417677E+05   3.3032248501681626E-14   4.5200995124027644E-25   3.5182144807389318E+03
   1.3936770000000000E+09   6.8352241747141478E+05   3.2817262761406337E-14   4.4913007913169251E-25   3.5177290369333641E+03
   1.3956770000000000E+09   6.8484370499729586E+05   3.2604406707250067E-14   4.4627545834491974E-25   3.5172680582099792E+03
   1.3976770000000000E+09   6.8616184867249930E+05   3.2393658440893602E-14   4.4344584506293777E-25   3.5168316520261938E+03
   1.3996770000000000E+09   6.8747662604726630E+05   3.2185001531564698E-14   4.4064107052194523E-25   3.5164199176740062E+03
   1.4016770000000000E+09   6.8878747863960313E+05   3.1978431964311155E-14   4.3786113678170778E-25   3.5160329413543809E+03
   1.4036770000000000E+09   6.9009312363164895E+05   3.1773972277699888E-14   4.3510641146296083E-25   3.5156707873132118E+03
   1.4056770000000000E+09   6.9139086082856799E+05   3.1571697012885471E-14   4.3237797814428875E-25   3.5153334833279087E+03
   1.4076770000000000E+09   6.9267553345855384E+05   3.1371771309050497E-14   4.2967816781819772E-25   3.5150209986787881E+03
   1.4096770000000000E+09   6.9393837290914368E+05   3.1174494646212911E-14   4.2701116226116982E-25   3.5147332112614467E+03
   1.4116770000000000E+09   6.9516652111243515E+05   3.0980320708530956E-14   4.2438327266137952E-25   3.5144698550670587E+03
   1.4136770000000000E+09   6.9634468374481611E+05   3.0789798652971068E-14   4.2180214560878196E-25   3.5142304313624686E+03
   1.4156770000000000E+09   6.9746029724121792E+05   3.0603381052993341E-14   4.1927414668418887E-25   3.5140140775986461E+03
   1.4176770000000000E+09   6.9851151806560380E+05   3.0421119193583701E-14   4.1680019578614781E-25   3.5138194648286062E+03
   1.4196770000000000E+09   6.9951328497829509E+05   3.0242422776165393E-14   4.1437245490614183E-25   3.5136449380807253E+03
   1.4216770000000000E+09   7.0049462817466038E+05   3.0066153526952203E-14   4.1197553756914102E-25   3.5134891160303487E+03
   1.4236770000000000E+09   7.0148652640064945E+05   2.9891101390961260E-14   4.0959293934805882E-25   3.5133517038138389E+03
   1.4256770000000000E+09   7.0251202436609077E+05   2.9716399431527075E-14   4.0721271400145444E-25   3.5132336114735945E+03
   1.4276770000000000E+09   7.0359147344651993E+05   2.9541342750161924E-14   4.0482510768354413E-25   3.5131359988231775E+03
   1.4296770000000000E+09   7.0475655536918598E+05   2.9364789431621227E-14   4.0241457699448580E-25   3.5130583050175264E+03
   1.4316770000000000E+09   7.0601625478431140E+05   2.9186623839833420E-14   3.9997799201940295E-25   3.5130144484211469E+03
   1.4336770000000000E+09   7.0766319491450361E+05   2.8993804477308452E-14   3.9735170411101449E-25   3.5128717680645009E+03
   1.4356770000000000E+09   7.0717812861785246E+05   2.8892440197872757E-14   3.9594521243610046E-25   3.5130254645538694E+03
   6.5767700000000000E+08  -3.3915220855410548E+03   2.8284662014884010E-08   1.0378670258595416E-22   1.7979800000613168E+03
   6.5967700000000000E+08  -3.8675830568909450E+03   4.5605543772138858E-08   1.3472276595798850E-22   2.2333369778502333E+03
   6.6167700000000000E+08  -4.1006699651059862E+03   5.5074745644363132E-08   1.4395208140006982E-22   2.5241774171143029E+03
   6.6367700000000000E+08  -3.9085164965789336E+03   5.7966617205685903E-08   1.3917590225654274E-22   2.7479344621463338E+03
   6.6567700000000000E+08  -3.3463510888613064E+03   5.6877574535630090E-08   1.2799402046161950E-22   2.9319008711048309E+03
   6.6767700000000000E+08  -2.6960552779132859E+03   5.4025036766871027E-08   1.1539149070873507E-22   3.0890374326370170E+03
   6.6967700000000000E+08  -2.1320992122050384E+03   5.0662624551093838E-08   1.0359631815105014E-22   3.2266164791155179E+03
   6.7167700000000000E+08  -1.6373916491883031E+03   4.7318167101177885E-08   9.3216336258233054E-23   3.3491935906902386E+03
   6.7367700000000000E+08  -1.1104087197252602E+03   4.4183955383352655E-08   8.4257830043661232E-23   3.4598514698934096E+03
   6.7567700000000000E+08  -3.7540700886331064E+02   4.1291639147574637E-08   7.6509615548226722E-23   3.5607951491633926E+03
   6.7767700000000000E+08   6.7165316024942103E+02   3.8591667112381309E-08   6.9688747652408117E-23   3.6536650897958102E+03
   6.7967700000000000E+08   1.9755224794329408E+03   3.6066508359728821E-08   6.3629809119899635E-23   3.7397111180095580E+03
   6.8167700000000000E+08   3.4327310906254911E+03   3.3739909681599456E-08   5.8275125424838240E-23   3.8199024280115327E+03
   6.8367700000000000E+08   5.0009565629940171E+03   3.1657349533674358E-08   5.3623552217507528E-23   3.8950065495352355E+03
   6.8567700000000000E+08   6.7069209688548144E+03   2.9828502546775519E-08   4.9625534684890196E-23   3.9656453161314380E+03
   6.8767700000000000E+08   8.5603361638279330E+03   2.8233900448895749E-08   4.6195680773360582E-23   4.0323311509866180E+03
   6.8967700000000000E+08   1.0543059755033410E+04   2.6840483423491257E-08   4.3238507666139982E-23   4.0954906583625634E+03
   6.9167700000000000E+08   1.2621177043718355E+04   2.5613912522205879E-08   4.0666879169309264E-23   4.1554820622881198E+03
   6.9367700000000000E+08   1.4758223903536544E+04   2.4523466578768690E-08   3.8407623860065114E-23   4.2126087964758881E+03
   6.9567700000000000E+08   1.6918650940594809E+04   2.3543274641878238E-08   3.6401422002448303E-23   4.2671301251339064E+03
   6.9767700000000000E+08   1.9068824602788889E+04   2.2652235575783767E-08   3.4601033196187091E-23   4.3192693765050490E+03
   6.9967700000000000E+08   2.1176907096073817E+04   2.1833271113291909E-08   3.2968890003961119E-23   4.3692203644050505E+03
   7.0167700000000000E+08   2.3212327652208874E+04   2.1072579929615894E-08   3.1475035787149237E-23   4.4171524352608458E+03
   7.0367700000000000E+08   2.5145739918645213E+04   2.0359026325118329E-08   3.0095520868043827E-23   4.4632144786900062E+03
   7.0567700000000000E+08   2.6949539634405581E+04   1.9683676626170058E-08   2.8811202929204439E-23   4.5075381587567008E+03
   7.0767700000000000E+08   2.8598787951635866E+04   1.9039457271775093E-08   2.7606858308145619E-23   4.5502405526807088E+03
   7.0967700000000000E+08   3.0072358408092881E+04   1.8420898073776511E-08   2.6470512185865615E-23   4.5914263311806808E+03
   7.1167700000000000E+08   3.1354130784675333E+04   1.7823929054451462E-08   2.5392915621023792E-23   4.6311895770444389E+03
   7.1367700000000000E+08   3.2434074849729619E+04   1.7245705465268851E-08   2.4367115287872024E-23   4.6696153118333832E+03
   7.1567700000000000E+08   3.3309076080656712E+04   1.6684441771255607E-08   2.3388076756159449E-23   4.7067807816871573E+03
   7.1767700000000000E+08   3.3983363721265028E+04   1.6139241096607685E-08   2.2452334363138388E-23   4.7427565397322924E+03
   7.1967700000000000E+08   3.4468422558645078E+04   1.5609912835638297E-08   2.1557652102810855E-23   4.7776073532520159E+03
   7.2167700000000000E+08   3.4782317925620897E+04   1.5096778142854775E-08   2.0702691250188355E-23   4.8113929577394574E+03
   7.2367700000000000E+08   3.4948442532823865E+04   1.4600470240454956E-08   1.9886691067663789E-23   4.8441686766622197E+03
   7.2567700000000000E+08   3.4993792646512309E+04   1.4121742422239859E-08   1.9109177088533600E-23   4.8759859245893422E+03
   7.2767700000000000E+08   3.4946974618184388E+04   1.3661299522827386E-08   1.8369715041360773E-23   4.9068926114604583E+03
   7.2967700000000000E+08   3.4836200595126196E+04   1.3219667325011502E-08   1.7667726298941043E-23   4.9369334662593528E+03
   7.3167700000000000E+08   3.4687532684959559E+04   1.2797109111239987E-08   1.7002373443890814E-23   4.9661502983030095E+03
   7.3367700000000000E+08   3.4523575753209450E+04   1.2393590962428031E-08   1.6372514555913266E-23   4.9945822131959449E+03
   7.3567700000000000E+08   3.4362719555941905E+04   1.2008789859579840E-08   1.5776715373571071E-23   5.0222657981157790E+03
   7.3767700000000000E+08   3.4218922740601432E+04   1.1642133277160965E-08   1.5213302256183313E-23   5.0492352878163838E+03
   7.3967700000000000E+08   3.4101944608796213E+04   1.1292856839791037E-08   1.4680437050713553E-23   5.0755227191423182E+03
   7.4167700000000000E+08   3.4017882940767704E+04   1.0960067567355820E-08   1.4176197090130885E-23   5.1011580785394999E+03
   7.4367700000000000E+08   3.3969869069061911E+04   1.0642803214092185E-08   1.3698648090158034E-23   5.1261694444432396E+03
   7.4567700000000000E+08   3.3958794208597370E+04   1.0340081919866688E-08   1.3245902925014749E-23   5.1505831246943399E+03
   7.4767700000000000E+08   3.3983978665391813E+04   1.0050939792294626E-08   1.2816163819116089E-23   5.1744237882229563E+03
   7.4967700000000000E+08   3.4043734599398085E+04   9.7744565532677252E-09   1.2407748721243029E-23   5.1977145899596671E+03
   7.5167700000000000E+08   3.4135805114521318E+04   9.5097708808753413E-09   1.2019104442717960E-23   5.2204772880538940E+03
   7.5367700000000000E+08   3.4257684343896843E+04   9.2560877097094908E-09   1.1648809805923583E-23   5.2427323527971184E+03
   7.5567700000000000E+08   3.4406835308089736E+04   9.0126797865380970E-09   1.1295571952637460E-23   5.2644990670145235E+03
   7.5767700000000000E+08   3.4580826900784690E+04   8.7788854780529068E-09   1.0958218463993346E-23   5.2857956180159963E+03
   7.5967700000000000E+08   3.4777411072699855E+04   8.5541043949697660E-09   1.0635687310694366E-23   5.3066391814470162E+03
   7.6167700000000000E+08   3.4994558433847458E+04   8.3377919602041304E-09   1.0327016044235311E-23   5.3270459975443100E+03
   7.6367700000000000E+08   3.5230466705418708E+04   8.1294536738189000E-09   1.0031331134385259E-23   5.3470314403910279E+03
   7.6567700000000000E+08   3.5483552707437426E+04   7.9286395367307304E-09   9.7478379767152938E-24   5.3666100807982584E+03
   7.6767700000000000E+08   3.5752435352255110E+04   7.7349388868216511E-09   9.4758118277363348E-24   5.3857957434320442E+03
   7.6967700000000000E+08   3.6035914587536790E+04   7.5479757617655132E-09   9.2145897525126952E-24   5.4046015587722823E+03
   7.7167700000000000E+08   3.6332949374062875E+04   7.3674048160066660E-09   8.9635635662370337E-24   5.4230400104438258E+03
   7.7367700000000000E+08   3.6642636488914017E+04   7.1929077695416347E-09   8.7221736957092092E-24   5.4411229784084462E+03
   7.7567700000000000E+08   3.6964191085975137E+04   7.0241903409903637E-09   8.4899038620596960E-24   5.4588617784542812E+03
   7.7767700000000000E+08   3.7296929404059534E+04   6.8609796076470038E-09   8.2662764801508185E-24   5.4762671983700038E+03
   7.7967700000000000E+08   3.7640253690324549E+04   6.7030217343511606E-09   8.0508486745657275E-24   5.4933495311456782E+03
   7.8167700000000000E+08   3.7993639228665757E+04   6.5500800169014247E-09   7.8432088216248776E-24   5.5101186055017624E+03
   7.8367700000000000E+08   3.8356623276180442E+04   6.4019331917333350E-09   7.6429735382430181E-24   5.5265838140118367E+03
   7.8567700000000000E+08   3.8728795679251052E+04   6.2583739701726304E-09   7.4497850498450437E-24   5.5427541390535098E+03
   7.8767700000000000E+08   3.9109790940443869E+04   6.1192077619315502E-09   7.2633088800859710E-24   5.5586381767944531E+03
   7.8967700000000000E+08   3.9499281523271347E+04   5.9842515582468087E-09   7.0832318143819062E-24   5.5742441593970761E+03
   7.9167700000000000E+08   3.9896972204826925E+04   5.8533329500247226E-09   6.9092600971777013E-24   5.5895799756045772E+03
   7.9367700000000000E+08   4.0302595311183191E+04   5.7262892605574392E-09   6.7411178295236354E-24   5.6046531898532976E+03
   7.9567700000000000E+08   4.0715906694420031E+04   5.6029667758696153E-09   6.5785455390529167E-24   5.6194710600406897E+03
   7.9767700000000000E+08   4.1136682331917837E+04   5.4832200586369493E-09   6.4212988990056485E-24   5.6340405540645970E+03
   7.9967700000000000E+08   4.1564715447602452E+04   5.3669113339816839E-09   6.2691475766913862E-24   5.6483683652375521E+03
   8.0167700000000000E+08   4.1999814071137152E+04   5.2539099373855334E-09   6.1218741948644522E-24   5.6624609266694215E+03
   8.0367700000000000E+08   4.2441798964842317E+04   5.1440918165439538E-09   5.9792733920240805E-24   5.6763244247023758E+03
   8.0567700000000000E+08   4.2890501859679563E+04   5.0373390802842250E-09   5.8411509697477951E-24   5.6899648114740721E+03
   8.0767700000000000E+08   4.3345763951298213E+04   4.9335395887375879E-09   5.7073231169039564E-24   5.7033878166777140E+03
   8.0967700000000000E+08   4.3807434615234153E+04   4.8325865798365634E-09   5.5776157020354000E-24   5.7165989585811831E+03
   8.1167700000000000E+08   4.4275370307139623E+04   4.7343783279389800E-09   5.4518636264154880E-24   5.7296035543617472E+03
   8.1367700000000000E+08   4.4749433619665600E+04   4.6388178309882231E-09   5.3299102312934978E-24   5.7424067298078126E+03
   8.1567700000000000E+08   4.5229492472501923E+04   4.5458125231273119E-09   5.2116067537033167E-24   5.7550134284344822E+03
   8.1767700000000000E+08   4.5715419416268349E+04   4.4552740101112504E-09   5.0968118259354878E-24   5.7674284200557277E+03
   8.1967700000000000E+08   4.6207091034541801E+04   4.3671178252211875E-09   4.9853910143899505E-24   5.7796563088522480E+03
   8.2167700000000000E+08   4.6704387431398420E+04   4.2812632036869681E-09   4.8772163940529733E-24   5.7917015409707647E+03
   8.2367700000000000E+08   4.7207191794480954E+04   4.1976328738801842E-09   4.7721661552909206E-24   5.8035684116876073E+03
   8.2567700000000000E+08   4.7715390025795015E+04   4.1161528637551320E-09   4.6701242400372789E-24   5.8152610721665951E+03
   8.2767700000000000E+08   4.8228870434209959E+04   4.0367523211958965E-09   4.5709800047768504E-24   5.8267835358389939E+03
   8.2967700000000000E+08   4.8747523484985228E+04   3.9593633470789243E-09   4.4746279080108894E-24   5.8381396844308902E+03
   8.3167700000000000E+08   4.9271241602568996E+04   3.8839208399857460E-09   4.3809672201244430E-24   5.8493332736615612E+03
   8.3367700000000000E+08   4.9799919023414179E+04   3.8103623516044669E-09   4.2899017537804735E-24   5.8603679386343310E+03
   8.3567700000000000E+08   5.0333451695678872E+04   3.7386279519440979E-09   4.2013396131378007E-24   5.8712471989399837E+03
   8.3767700000000000E+08   5.0871737222441290E+04   3.6686601035565537E-09   4.1151929603381762E-24   5.8819744634911276E+03
   8.3967700000000000E+08   5.1414674844539601E+04   3.6004035440202530E-09   4.0313777978357263E-24   5.8925530351045736E+03
   8.4167700000000000E+08   5.1962165458423282E+04   3.5338051759900979E-09   3.9498137652543677E-24   5.9029861148475411E+03
   8.4367700000000000E+08   5.2514111663573130E+04   3.4688139641638035E-09   3.8704239495595460E-24   5.9132768061623046E+03
   8.4567700000000000E+08   5.3070417833219828E+04   3.4053808385566328E-09   3.7931347074228270E-24   5.9234281187828083E+03
   8.4767700000000000E+08   5.3630990201369212E+04   3.3434586035182435E-09   3.7178754987452404E-24   5.9334429724558677E+03
   8.4967700000000000E+08   5.4195736958631998E+04   3.2830018519671303E-09   3.6445787303887818E-24   5.9433242004786280E+03
   8.5167700000000000E+08   5.4764568349131354E+04   3.2239668843621073E-09   3.5731796092476967E-24   5.9530745530631302E+03
   8.5367700000000000E+08   5.5337396760883232E+04   3.1663116319759678E-09   3.5036160038721277E-24   5.9626967005380102E+03
   8.5567700000000000E+08   5.5914136802536545E+04   3.1099955840843242E-09   3.4358283139366052E-24   5.9721932363968599E+03
   8.5767700000000000E+08   5.6494705360220571E+04   3.0549797187312370E-09   3.3697593469242093E-24   5.9815666802018814E+03
   8.5967700000000000E+08   5.7079021629427392E+04   3.0012264367822094E-09   3.3053542014729517E-24   5.9908194803510578E+03
   8.6167700000000000E+08   5.7667007118304806E+04   2.9486994990224514E-09   3.2425601569026630E-24   5.9999540167164459E+03
   8.6367700000000000E+08   5.8258585620346603E+04   2.8973639661028987E-09   3.1813265685071788E-24   6.0089726031606842E+03
   8.6567700000000000E+08   5.8853683156152489E+04   2.8471861411768805E-09   3.1216047682564466E-24   6.0178774899385180E+03
   8.6767700000000000E+08   5.9452227885569242E+04   2.7981335151049740E-09   3.0633479706053377E-24   6.0266708659893729E+03
   8.6967700000000000E+08   6.0054149993033898E+04   2.7501747141342974E-09   3.0065111831495500E-24   6.0353548611270626E+03
   8.7167700000000000E+08   6.0659381550210441E+04   2.7032794499800464E-09   2.9510511219040627E-24   6.0439315481319718E+03
   8.7367700000000000E+08   6.1267856360992177E+04   2.6574184722517636E-09   2.8969261310056148E-24   6.0524029447509556E+03
   8.7567700000000000E+08   6.1879509794577643E+04   2.6125635231751724E-09   2.8440961066590878E-24   6.0607710156098092E+03
   8.7767700000000000E+08   6.2494278612611553E+04   2.5686872945626206E-09   2.7925224251586352E-24   6.0690376740428619E+03
   8.7967700000000000E+08   6.3112100796326995E+04   2.5257633869825115E-09   2.7421678748192975E-24   6.0772047838440467E+03
   8.8167700000000000E+08   6.3732915379243212E+04   2.4837662710718252E-09   2.6929965916555230E-24   6.0852741609433915E+03
   8.8367700000000000E+08   6.4356662290372842E+04   2.4426712509269181E-09   2.6449739986401160E-24   6.0932475750129042E+03
   8.8567700000000000E+08   6.4983282212138991E+04   2.4024544294969685E-09   2.5980667483720914E-24   6.1011267510053058E+03
   8.8767700000000000E+08   6.5612716456486974E+04   2.3630926758927417E-09   2.5522426689753938E-24   6.1089133706290913E+03
   8.8967700000000000E+08   6.6244906862348624E+04   2.3245635945089489E-09   2.5074707130408123E-24   6.1166090737630175E+03
   8.9167700000000000E+08   6.6879795718398324E+04   2.2868454958378667E-09   2.4637209094067441E-24   6.1242154598131574E+03
   8.9367700000000000E+08   6.7517325718528387E+04   2.2499173688145754E-09   2.4209643175396979E-24   6.1317340890152191E+03
   8.9567700000000000E+08   6.8157439966947612E+04   2.2137588544579130E-09   2.3791729841985570E-24   6.1391664836849395E+03
   8.9767700000000000E+08   6.8800082071318990E+04   2.1783502204160129E-09   2.3383199019053819E-24   6.1465141294190025E+03
   8.9967700000000000E+08   6.9445196405449373E+04   2.1436723357296408E-09   2.2983789684345733E-24   6.1537784762491592E+03
   9.0167700000000000E+08   7.0092728698276085E+04   2.1097066446284950E-09   2.2593249460077763E-24   6.1609609397518316E+03
   9.0367700000000000E+08   7.0742627213518441E+04   2.0764351374953238E-09   2.2211334181681947E-24   6.1680629021159302E+03
   9.0567700000000000E+08   7.1394844885689090E+04   2.0438403165624248E-09   2.1837807417223978E-24   6.1750857131716566E+03
   9.0767700000000000E+08   7.2049342745562564E+04   2.0119051543302401E-09   2.1472439916271096E-24   6.1820306913831782E+03
   9.0967700000000000E+08   7.2706094537578261E+04   1.9806130458560596E-09   2.1115009001057349E-24   6.1888991248081447E+03
   9.1167700000000000E+08   7.3365091245210671E+04   1.9499477641619566E-09   2.0765297999208115E-24   6.1956922720259090E+03
   9.1367700000000000E+08   7.4026342145930088E+04   1.9198934416737662E-09   2.0423095961826539E-24   6.2024113630340789E+03
   9.1567700000000000E+08   7.4689866750756977E+04   1.8904346144459942E-09   2.0088198055193105E-24   6.2090576001084473E+03
   9.1767700000000000E+08   7.5355671953927857E+04   1.8615563639909035E-09   1.9760406988938111E-24   6.2156321586164349E+03
   9.1967700000000000E+08   7.6023714663750332E+04   1.8332445500283452E-09   1.9439535398405310E-24   6.2221361877721356E+03
   9.2167700000000000E+08   7.6693863961479234E+04   1.8054860376745563E-09   1.9125408148016175E-24   6.2285708113280889E+03
   9.2367700000000000E+08   7.7365891713582110E+04   1.7782687269448862E-09   1.8817862523199425E-24   6.2349371282181946E+03
   9.2567700000000000E+08   7.8039519257808628E+04   1.7515812133847483E-09   1.8516744525178022E-24   6.2412362131914660E+03
   9.2767700000000000E+08   7.8714512219466822E+04   1.7254121343090803E-09   1.8221901886766969E-24   6.2474691174846157E+03
   9.2967700000000000E+08   7.9390761396452173E+04   1.6997496057331679E-09   1.7933178110875209E-24   6.2536368695513929E+03
   9.3167700000000000E+08   8.0068279340085806E+04   1.6745812715125102E-09   1.7650413002075318E-24   6.2597404758118437E+03
   9.3367700000000000E+08   8.0747107237427132E+04   1.6498948781569535E-09   1.7373448711033833E-24   6.2657809213423334E+03
   9.3567700000000000E+08   8.1427225632986621E+04   1.6256786975755383E-09   1.7102134115055129E-24   6.2717591704533716E+03
   9.3767700000000000E+08   8.2108588158534694E+04   1.6019216577257673E-09   1.6836326092823110E-24   6.2776761672137436E+03
   9.3967700000000000E+08   8.2791231338201542E+04   1.5786134700293799E-09   1.6575890804343945E-24   6.2835328360309268E+03
   9.4167700000000000E+08   8.3475248644355117E+04   1.5557441855722671E-09   1.6320699041568334E-24   6.2893300822544888E+03
   9.4367700000000000E+08   8.4160581358986921E+04   1.5333026307550589E-09   1.6070609841778055E-24   6.2950687926342580E+03
   9.4567700000000000E+08   8.4846863980911265E+04   1.5112752891159796E-09   1.5825458735862928E-24   6.3007498355886119E+03
   9.4767700000000000E+08   8.5533544292885330E+04   1.4896478030833321E-09   1.5585073380924282E-24   6.3063740614803373E+03
   9.4967700000000000E+08   8.6220214022838700E+04   1.4684081914737516E-09   1.5349307128188986E-24   6.3119423031769102E+03
   9.5167700000000000E+08   8.6906943514508414E+04   1.4475487896402985E-09   1.5118059197622008E-24   6.3174553769629902E+03
   9.5367700000000000E+08   8.7594910233729475E+04   1.4270670250680437E-09   1.4891282196704864E-24   6.3229140833816155E+03
   9.5567700000000000E+08   8.8284444004567689E+04   1.4069699765986563E-09   1.4669030611686516E-24   6.3283192076369942E+03
   9.5767700000000000E+08   8.8976033498322911E+04   1.3872462620225791E-09   1.4451168796664649E-24   6.3336715196452624E+03
   9.5967700000000000E+08   8.9669200224925517E+04   1.3678825417952518E-09   1.4237539040749046E-24   6.3389717740869592E+03
   9.6167700000000000E+08   9.0363682904317015E+04   1.3488688162738816E-09   1.4028019696060344E-24   6.3442207107388613E+03
   9.6367700000000000E+08   9.1059340306199359E+04   1.3301964563688729E-09   1.3822504174132595E-24   6.3494190549198092E+03
   9.6567700000000000E+08   9.1756084580964918E+04   1.3118575250013740E-09   1.3620893776486658E-24   6.3545675179017244E+03
   9.6767700000000000E+08   9.2453855820823461E+04   1.2938444934453554E-09   1.3423094680944421E-24   6.3596667972871892E+03
   9.6967700000000000E+08   9.3152608539442997E+04   1.2761501313046474E-09   1.3229016758949539E-24   6.3647175773631197E+03
   9.7167700000000000E+08   9.3852305013905803E+04   1.2587674584220329E-09   1.3038573045102228E-24   6.3697205294370151E+03
   9.7367700000000000E+08   9.4552912552532754E+04   1.2416897159441228E-09   1.2851679410370654E-24   6.3746763121593576E+03
   9.7567700000000000E+08   9.5254402226032907E+04   1.2249103444673079E-09   1.2668254311908907E-24   6.3795855718342646E+03
   9.7767700000000000E+08   9.5956747794682189E+04   1.2084229677740268E-09   1.2488218602813756E-24   6.3844489427197668E+03
   9.7967700000000000E+08   9.6659924789288707E+04   1.1922213806962472E-09   1.2311495385986912E-24   6.3892670473183098E+03
   9.8167700000000000E+08   9.7363910025237623E+04   1.1762995390380708E-09   1.2138009890479475E-24   6.3940404966580591E+03
   9.8367700000000000E+08   9.8068681453187310E+04   1.1606515511562440E-09   1.1967689366080658E-24   6.3987698905657826E+03
   9.8567700000000000E+08   9.8774218084783250E+04   1.1452716715811741E-09   1.1800462999952245E-24   6.4034558179315673E+03
   9.8767700000000000E+08   9.9480499899205548E+04   1.1301542961937880E-09   1.1636261850156519E-24   6.4080988569658448E+03
   9.8967700000000000E+08   1.0018750769561043E+05   1.1152939581098727E-09   1.1475018787236541E-24   6.4126995754489308E+03
   9.9167700000000000E+08   1.0089522286321958E+05   1.1006853238813987E-09   1.1316668439735564E-24   6.4172585309731730E+03
   9.9367700000000000E+08   1.0160362724993310E+05   1.0863231900994941E-09   1.1161147144412636E-24   6.4217762711781688E+03
   9.9567700000000000E+08   1.0231270352914343E+05   1.0722024813517434E-09   1.1008392910842021E-24   6.4262533339792571E+03
   9.9767700000000000E+08   1.0302243639851638E+05   1.0583182515481417E-09   1.0858345421001322E-24   6.4306902477899985E+03
   9.9967700000000000E+08   1.0373281453096216E+05   1.0446656902023051E-09   1.0710946080074905E-24   6.4350875317392192E+03
   1.0016770000000000E+09   1.0444383253327719E+05   1.0312401320212828E-09   1.0566138101561967E-24   6.4394456958829378E+03
   1.0036770000000000E+09   1.0515549201645519E+05   1.0180370647622538E-09   1.0423866575025507E-24   6.4437652414111017E+03
   1.0056770000000000E+09   1.0586780050180199E+05   1.0050521237509166E-09   1.0284078397962552E-24   6.4480466608481938E+03
   1.0076770000000000E+09   1.0658076757862383E+05   9.9228107038242754E-10   1.0146722044681380E-24   6.4522904382466759E+03
   1.0096770000000000E+09   1.0729439901772936E+05   9.7971975360881730E-10   1.0011747162304144E-24   6.4564970493725086E+03
   1.0116770000000000E+09   1.0800869133002721E+05   9.6736406595575268E-10   9.8791041117147892E-25   6.4606669618826309E+03
   1.0136770000000000E+09   1.0872362477879450E+05   9.5520990793786548E-10   9.7487435962003635E-25   6.4648006354951294E+03
   1.0156770000000000E+09   1.0943916110066175E+05   9.4325318356830530E-10   9.6206166073234137E-25   6.4688985221541752E+03
   1.0176770000000000E+09   1.1015524900872906E+05   9.3148975937752511E-10   9.4946740014815781E-25   6.4729610661914885E+03
   1.0196770000000000E+09   1.1087182437566573E+05   9.1991553386171689E-10   9.3708671969961370E-25   6.4769887044856441E+03
   1.0216770000000000E+09   1.1158882147880740E+05   9.0852648215492461E-10   9.2491486237479065E-25   6.4809818666212177E+03
   1.0236770000000000E+09   1.1230618143816914E+05   8.9731870258001299E-10   9.1294721886040163E-25   6.4849409750477289E+03
   1.0256770000000000E+09   1.1302385890578858E+05   8.8628845259777092E-10   9.0117936326050267E-25   6.4888664452373496E+03
   1.0276770000000000E+09   1.1374182563047606E+05   8.7543216595087686E-10   8.8960706964399386E-25   6.4927586858400400E+03
   1.0296770000000000E+09   1.1446007061408435E+05   8.6474644993306025E-10   8.7822630837390936E-25   6.4966180988347287E+03
   1.0316770000000000E+09   1.1517859748380409E+05   8.5422806707527737E-10   8.6703322662635346E-25   6.5004450796749979E+03
   1.0336770000000000E+09   1.1589742022284867E+05   8.4387390819660704E-10   8.5602412019522788E-25   6.5042400174293007E+03
   1.0356770000000000E+09   1.1661655846763896E+05   8.3368096385771064E-10   8.4519540375217344E-25   6.5080032949152728E+03
   1.0376770000000000E+09   1.1733603331769646E+05   8.2364629954497426E-10   8.3454358497563341E-25   6.5117352888285823E+03
   1.0396770000000000E+09   1.1805586420385211E+05   8.1376703744108764E-10   8.2406524543827511E-25   6.5154363698673533E+03
   1.0416770000000000E+09   1.1877606697504311E+05   8.0404034533140519E-10   8.1375702879366250E-25   6.5191069028523279E+03
   1.0436770000000000E+09   1.1949665307906820E+05   7.9446343161475100E-10   8.0361563519780056E-25   6.5227472468439000E+03
   1.0456770000000000E+09   1.2021762955915993E+05   7.8503354464889688E-10   7.9363782015511797E-25   6.5263577552561337E+03
   1.0476770000000000E+09   1.2093899955483477E+05   7.7574797458722355E-10   7.8382039590845744E-25   6.5299387759682422E+03
   1.0496770000000000E+09   1.2166076303929907E+05   7.6660405619255279E-10   7.7416023383170910E-25   6.5334906514337235E+03
   1.0516770000000000E+09   1.2238291760047886E+05   7.5759917160701596E-10   7.6465426678731836E-25   6.5370137187871132E+03
   1.0536770000000000E+09   1.2310545914969211E+05   7.4873075252825158E-10   7.5529949089120994E-25   6.5405083099485828E+03
   1.0556770000000000E+09   1.2382838250541814E+05   7.3999628159592557E-10   7.4609296648740877E-25   6.5439747517261785E+03
   1.0576770000000000E+09   1.2455168184184650E+05   7.3139329301429327E-10   7.3703181835966382E-25   6.5474133659158460E+03
   1.0596770000000000E+09   1.2527535101504700E+05   7.2291937254571969E-10   7.2811323531786251E-25   6.5508244693992037E+03
   1.0616770000000000E+09   1.2599938378961290E+05   7.1457215703925181E-10   7.1933446932623486E-25   6.5542083742390560E+03
   1.0636770000000000E+09   1.2672377398988491E+05   7.0634933364461781E-10   7.1069283432605104E-25   6.5575653877727345E+03
   1.0656770000000000E+09   1.2744851559678934E+05   6.9824863883135497E-10   7.0218570487414530E-25   6.5608958127031983E+03
   1.0676770000000000E+09   1.2817360280716042E+05   6.9026785729939521E-10   6.9381051468451863E-25   6.5641999471881609E+03
   1.0696770000000000E+09   1.2889903006820621E+05   6.8240482084013551E-10   6.8556475513253267E-25   6.5674780849268918E+03
   1.0716770000000000E+09   1.2962479209637384E+05   6.7465740718709681E-10   6.7744597376082729E-25   6.5707305152452145E+03
   1.0736770000000000E+09   1.3035088388725382E+05   6.6702353888115787E-10   6.6945177281182863E-25   6.5739575231784729E+03
   1.0756770000000000E+09   1.3107730072102245E+05   6.5950118216575554E-10   6.6157980780194815E-25   6.5771593895524729E+03
   1.0776770000000000E+09   1.3180403816620127E+05   6.5208834592010881E-10   6.5382778614513795E-25   6.5803363910626549E+03
   1.0796770000000000E+09   1.3253109208305558E+05   6.4478308063292799E-10   6.4619346582785839E-25   6.5834888003514407E+03
   1.0816770000000000E+09   1.3325845862685997E+05   6.3758347741496047E-10   6.3867465413338928E-25   6.5866168860837315E+03
   1.0836770000000000E+09   1.3398613425052675E+05   6.3048766704649943E-10   6.3126920641117088E-25   6.5897209130208066E+03
   1.0856770000000000E+09   1.3471411570583406E+05   6.2349381905525949E-10   6.2397502488619258E-25   6.5928011420924531E+03
   1.0876770000000000E+09   1.3544240004254092E+05   6.1660014082078302E-10   6.1679005750420097E-25   6.5958578304674502E+03
   1.0896770000000000E+09   1.3617098460493053E+05   6.0980487670302871E-10   6.0971229681000690E-25   6.5988912316225260E+03
   1.0916770000000000E+09   1.3689986702565753E+05   6.0310630719410555E-10   6.0273977885752058E-25   6.6019015954097868E+03
   1.0936770000000000E+09   1.3762904521699669E+05   5.9650274809315658E-10   5.9587058215119715E-25   6.6048891681225214E+03
   1.0956770000000000E+09   1.3835851735968937E+05   5.8999254970474091E-10   5.8910282661891527E-25   6.6078541925596446E+03
   1.0976770000000000E+09   1.3908828188957938E+05   5.8357409606075463E-10   5.8243467261603846E-25   6.6107969080886742E+03
   1.0996770000000000E+09   1.3981833748209375E+05   5.7724580416553872E-10   5.7586431996001812E-25   6.6137175507073234E+03
   1.1016770000000000E+09   1.4054868303450517E+05   5.7100612326325394E-10   5.6939000699434201E-25   6.6166163531037455E+03
   1.1036770000000000E+09   1.4127931764578022E+05   5.6485353412628055E-10   5.6301000968033593E-25   6.6194935447153539E+03
   1.1056770000000000E+09   1.4201024059372061E+05   5.5878654836338317E-10   5.5672264071527435E-25   6.6223493517866191E+03
   1.1076770000000000E+09   1.4274145130906714E+05   5.5280370774639262E-10   5.5052624867536944E-25   6.6251839974252143E+03
   1.1096770000000000E+09   1.4347294934620123E+05   5.4690358355457094E-10   5.4441921718250793E-25   6.6279977016573266E+03
   1.1116770000000000E+09   1.4420473435008095E+05   5.4108477593604444E-10   5.3839996409395139E-25   6.6307906814815360E+03
   1.1136770000000000E+09   1.4493680601905947E+05   5.3534591328601634E-10   5.3246694071447535E-25   6.6335631509215800E+03
   1.1156770000000000E+09   1.4566916406324820E+05   5.2968565164171148E-10   5.2661863103068871E-25   6.6363153210780220E+03
   1.1176770000000000E+09   1.4640180815811711E+05   5.2410267409408338E-10   5.2085355096737034E-25   6.6390474001787798E+03
   1.1196770000000000E+09   1.4713473789305607E+05   5.1859569021642341E-10   5.1517024766576364E-25   6.6417595936286107E+03
   1.1216770000000000E+09   1.4786795271469917E+05   5.1316343550990299E-10   5.0956729878367351E-25   6.6444521040574791E+03
   1.1236770000000000E+09   1.4860145186488409E+05   5.0780467086604111E-10   5.0404331181716994E-25   6.6471251313679295E+03
   1.1256770000000000E+09   1.4933523431323894E+05   5.0251818204590034E-10   4.9859692344352505E-25   6.6497788727814659E+03
   1.1276770000000000E+09   1.5006929868454274E+05   4.9730277917560813E-10   4.9322679888482076E-25   6.6524135228839141E+03
   1.1296770000000000E+09   1.5080364318116728E+05   4.9215729625760035E-10   4.8793163129144045E-25   6.6550292736699539E+03
   1.1316770000000000E+09   1.5153826550113407E+05   4.8708059069663143E-10   4.8271014114438008E-25   6.6576263145864586E+03
   1.1336770000000000E+09   1.5227316275254139E+05   4.8207154283940189E-10   4.7756107567504444E-25   6.6602048325751339E+03
   1.1356770000000000E+09   1.5300833136539446E+05   4.7712905552624301E-10   4.7248320830085852E-25   6.6627650121142615E+03
   1.1376770000000000E+09   1.5374376700213549E+05   4.7225205365303021E-10   4.6747533807475848E-25   6.6653070352594787E+03
   1.1396770000000000E+09   1.5447946446848611E+05   4.6743948374115815E-10   4.6253628914627333E-25   6.6678310816837848E+03
   1.1416770000000000E+09   1.5521541762650298E+05   4.6269031351310582E-10   4.5766491023165854E-25   6.6703373287165450E+03
   1.1436770000000000E+09   1.5595161931204004E+05   4.5800353147092372E-10   4.5286007409029550E-25   6.6728259513820440E+03
   1.1456770000000000E+09   1.5668806125909474E+05   4.5337814647466828E-10   4.4812067700437402E-25   6.6752971224368894E+03
   1.1476770000000000E+09   1.5742473403374915E+05   4.4881318731777961E-10   4.4344563825875938E-25   6.6777510124068986E+03
   1.1496770000000000E+09   1.5816162698060196E+05   4.4430770229630320E-10   4.3883389961793721E-25   6.6801877896230399E+03
   1.1516770000000000E+09   1.5889872818470749E+05   4.3986075876897895E-10   4.3428442479700948E-25   6.6826076202568229E+03
   1.1536770000000000E+09   1.5963602445206390E+05   4.3547144270537464E-10   4.2979619892391678E-25   6.6850106683549084E+03
   1.1556770000000000E+09   1.6037350131161127E+05   4.3113885821961854E-10   4.2536822799041852E-25   6.6873970958730461E+03
   1.1576770000000000E+09   1.6111114304148691E+05   4.2686212708776356E-10   4.2099953828985960E-25   6.6897670627093275E+03
   1.1596770000000000E+09   1.6184893272195201E+05   4.2264038824744601E-10   4.1668917584036317E-25   6.6921207267368691E+03
   1.1616770000000000E+09   1.6258685231688782E+05   4.1847279727931411E-10   4.1243620579291859E-25   6.6944582438357420E+03
   1.1636770000000000E+09   1.6332488278513291E+05   4.1435852587061147E-10   4.0823971182470318E-25   6.6967797679244422E+03
   1.1656770000000000E+09   1.6406300422212688E+05   4.1029676126233951E-10   4.0409879551902323E-25   6.6990854509907413E+03
   1.1676770000000000E+09   1.6480119603140492E+05   4.0628670568254710E-10   4.0001257573436137E-25   6.7013754431218940E+03
   1.1696770000000000E+09   1.6553943712445247E+05   4.0232757576947013E-10   3.9598018796614721E-25   6.7036498925343976E+03
   1.1716770000000000E+09   1.6627770614632117E+05   3.9841860198936552E-10   3.9200078370598573E-25   6.7059089456032079E+03
   1.1736770000000000E+09   1.6701598172327201E+05   3.9455902805497139E-10   3.8807352980413153E-25   6.7081527468903232E+03
   1.1756770000000000E+09   1.6775424272760894E+05   3.9074811035143728E-10   3.8419760784185186E-25   6.7103814391731339E+03
   1.1776770000000000E+09   1.6849246855383052E+05   3.8698511737726955E-10   3.8037221352104894E-25   6.7125951634719468E+03
   1.1796770000000000E+09   1.6923063939937029E+05   3.8326932920829362E-10   3.7659655607887283E-25   6.7147940590774097E+03
   1.1816770000000000E+09   1.6996873654252608E+05   3.7960003699267397E-10   3.7286985773515009E-25   6.7169782635770907E+03
   1.1836770000000000E+09   1.7070674260980290E+05   3.7597654248483187E-10   3.6919135318015908E-25   6.7191479128820165E+03
   1.1856770000000000E+09   1.7144464182480515E+05   3.7239815762532804E-10   3.6556028910959866E-25   6.7213031412522378E+03
   1.1876770000000000E+09   1.7218242023110026E+05   3.6886420417286578E-10   3.6197592381256733E-25   6.7234440813226856E+03
   1.1896770000000000E+09   1.7292006588208309E+05   3.6537401339300133E-10   3.5843752681696931E-25   6.7255708641278543E+03
   1.1916770000000000E+09   1.7365756899182382E+05   3.6192692580662850E-10   3.5494437859512052E-25   6.7276836191265047E+03
   1.1936770000000000E+09   1.7439492204213535E+05   3.5852229099931802E-10   3.5149577033047408E-25   6.7297824742257762E+03
   1.1956770000000000E+09   1.7513211984256518E+05   3.5515946749066320E-10   3.4809100374445254E-25   6.7318675558049399E+03
   1.1976770000000000E+09   1.7586915954166590E+05   3.5183782266078609E-10   3.4472939098043916E-25   6.7339389887387033E+03
   1.1996770000000000E+09   1.7660604058959300E+05   3.4855673272932306E-10   3.4141025454019227E-25   6.7359968964200571E+03
   1.2016770000000000E+09   1.7734276465378696E+05   3.4531558278057291E-10   3.3813292726635202E-25   6.7380414007827821E+03
   1.2036770000000000E+09   1.7807933549108513E+05   3.4211376682710817E-10   3.3489675236339792E-25   6.7400726223233669E+03
   1.2056770000000000E+09   1.7881575878102993E+05   3.3895068790321479E-10   3.3170108344848354E-25   6.7420906801227593E+03
   1.2076770000000000E+09   1.7955204192635813E+05   3.3582575817880808E-10   3.2854528462295003E-25   6.7440956918673828E+03
   1.2096770000000000E+09   1.8028819382759058E+05   3.3273839908431787E-10   3.2542873055512749E-25   6.7460877738701693E+03
   1.2116770000000000E+09   1.8102422463931667E+05   3.2968804143702674E-10   3.2235080656512832E-25   6.7480670410907405E+03
   1.2136770000000000E+09   1.8176014551609749E+05   3.2667412555993147E-10   3.1931090870285174E-25   6.7500336071554757E+03
   1.2156770000000000E+09   1.8249596835599700E+05   3.2369610138484316E-10   3.1630844381113468E-25   6.7519875843770096E+03
   1.2176770000000000E+09   1.8323170554946613E+05   3.2075342853255071E-10   3.1334282956704010E-25   6.7539290837735962E+03
   1.2196770000000000E+09   1.8396736974074048E+05   3.1784557636408900E-10   3.1041349449552928E-25   6.7558582150876791E+03
   1.2216770000000000E+09   1.8470297360805399E+05   3.1497202399867845E-10   3.0751987795119270E-25   6.7577750868046969E+03
   1.2236770000000000E+09   1.8543852966781636E+05   3.1213226029544076E-10   3.0466143006532232E-25   6.7596798061708896E+03
   1.2256770000000000E+09   1.8617405010654897E+05   3.0932578379776990E-10   3.0183761165724477E-25   6.7615724792111887E+03
   1.2276770000000000E+09   1.8690954664286211E+05   3.0655210264084094E-10   2.9904789411046890E-25   6.7634532107466293E+03
   1.2296770000000000E+09   1.8764503042017337E+05   3.0381073442438613E-10   2.9629175921577804E-25   6.7653221044114171E+03
   1.2316770000000000E+09   1.8838051192938467E+05   3.0110120605419616E-10   2.9356869898468099E-25   6.7671792626697625E+03
   1.2336770000000000E+09   1.8911600095937544E+05   2.9842305355692257E-10   2.9087821543772902E-25   6.7690247868324541E+03
   1.2356770000000000E+09   1.8985150657214751E+05   2.9577582187342525E-10   2.8821982037285066E-25   6.7708587770728464E+03
   1.2376770000000000E+09   1.9058703709873310E+05   2.9315906463628359E-10   2.8559303511916721E-25   6.7726813324429968E+03
   1.2396770000000000E+09   1.9132260015165992E+05   2.9057234393694523E-10   2.8299739028166300E-25   6.7744925508891392E+03
   1.2416770000000000E+09   1.9205820264978582E+05   2.8801523008763886E-10   2.8043242548166457E-25   6.7762925292672599E+03
   1.2436770000000000E+09   1.9279385085160722E+05   2.8548730138249356E-10   2.7789768909747424E-25   6.7780813633579910E+03
   1.2456770000000000E+09   1.9352955039365683E+05   2.8298814386156474E-10   2.7539273800870270E-25   6.7798591478816707E+03
   1.2476770000000000E+09   1.9426530633117651E+05   2.8051735108062649E-10   2.7291713734708528E-25   6.7816259765128243E+03
   1.2496770000000000E+09   1.9500112317886285E+05   2.7807452388884554E-10   2.7047046025578479E-25   6.7833819418946841E+03
   1.2516770000000000E+09   1.9573700495002416E+05   2.7565927021577576E-10   2.6805228765856864E-25   6.7851271356531815E+03
   1.2536770000000000E+09   1.9647295519300411E+05   2.7327120486853781E-10   2.6566220803964446E-25   6.7868616484109316E+03
   1.2556770000000000E+09   1.9720897702408384E+05   2.7090994933964976E-10   2.6329981723458111E-25   6.7885855698009991E+03
   1.2576770000000000E+09   1.9794507315647841E+05   2.6857513162553619E-10   2.6096471823231887E-25   6.7902989884801200E+03
   1.2596770000000000E+09   1.9868124592528716E+05   2.6626638605556045E-10   2.5865652098805072E-25   6.7920019921422218E+03
   1.2616770000000000E+09   1.9941749730849007E+05   2.6398335313113772E-10   2.5637484224655158E-25   6.7936946675312856E+03
   1.2636770000000000E+09   2.0015382894424169E+05   2.6172567937441827E-10   2.5411930537540345E-25   6.7953771004541395E+03
   1.2656770000000000E+09   2.0089024214477569E+05   2.5949301718595566E-10   2.5188954020751989E-25   6.7970493757932127E+03
   1.2676770000000000E+09   2.0162673790723697E+05   2.5728502471076256E-10   2.4968518289238493E-25   6.7987115775187076E+03
   1.2696770000000000E+09   2.0236331692169278E+05   2.5510136571227676E-10   2.4750587575548276E-25   6.8003637887009909E+03
   1.2716770000000000E+09   2.0309997957647307E+05   2.5294170945377286E-10   2.4535126716547581E-25   6.8020060915225549E+03
   1.2736770000000000E+09   2.0383672596088439E+05   2.5080573058688774E-10   2.4322101140877168E-25   6.8036385672897177E+03
   1.2756770000000000E+09   2.0457355586525798E+05   2.4869310904697326E-10   2.4111476857117399E-25   6.8052612964444115E+03
   1.2776770000000000E+09   2.0531046877824265E+05   2.4660352995499482E-10   2.3903220442634090E-25   6.8068743585754728E+03
   1.2796770000000000E+09   2.0604746388122378E+05   2.4453668352572187E-10   2.3697299033076931E-25   6.8084778324299186E+03
   1.2816770000000000E+09   2.0678454003973852E+05   2.4249226498192271E-10   2.3493680312501079E-25   6.8100717959241210E+03
   1.2836770000000000E+09   2.0752169579172638E+05   2.4046997447426617E-10   2.3292332504082575E-25   6.8116563261545070E+03
   1.2856770000000000E+09   2.0825892933243231E+05   2.3846951700664175E-10   2.3093224361395539E-25   6.8132314994084900E+03
   1.2876770000000000E+09   2.0899623849568321E+05   2.3649060236660681E-10   2.2896325160224044E-25   6.8147973911748450E+03
   1.2896770000000000E+09   2.0973362073116662E+05   2.3453294506074174E-10   2.2701604690883795E-25   6.8163540761541572E+03
   1.2916770000000000E+09   2.1047107307718633E+05   2.3259626425473856E-10   2.2509033251036526E-25   6.8179016282689890E+03
   1.2936770000000000E+09   2.1120859212814952E+05   2.3068028371818265E-10   2.2318581638990717E-25   6.8194401206740704E+03
   1.2956770000000000E+09   2.1194617399577118E+05   2.2878473177410778E-10   2.2130221147497307E-25   6.8209696257659061E+03
   1.2976770000000000E+09   2.1268381426272105E+05   2.2690934125360481E-10   2.1943923558062503E-25   6.8224902151928381E+03
   1.2996770000000000E+09   2.1342150792722555E+05   2.2505384945579968E-10   2.1759661135811101E-25   6.8240019598643166E+03
   1.3016770000000000E+09   2.1415924933724405E+05   2.2321799811352777E-10   2.1577406624926543E-25   6.8255049299605362E+03
   1.3036770000000000E+09   2.1489703211350887E+05   2.2140153336455055E-10   2.1397133244654205E-25   6.8269991949415598E+03
   1.3056770000000000E+09   2.1563484906235087E+05   2.1960420572725635E-10   2.1218814685761881E-25   6.8284848235564650E+03
   1.3076770000000000E+09   2.1637269208219994E+05   2.1782577007806182E-10   2.1042425107187378E-25   6.8299618838523811E+03
   1.3096770000000000E+09   2.1711055207229240E+05   2.1606598562514106E-10   2.0867939132353274E-25   6.8314304431831879E+03
   1.3116770000000000E+09   2.1784841885834298E+05   2.1432461586975529E-10   2.0695331844303739E-25   6.8328905682182876E+03
   1.3136770000000000E+09   2.1858628115725503E+05   2.1260142854264262E-10   2.0524578778454408E-25   6.8343423249510470E+03
   1.3156770000000000E+09   2.1932412660997588E+05   2.1089619549956068E-10   2.0355655911420926E-25   6.8357857787073463E+03
   1.3176770000000000E+09   2.2006194191597827E+05   2.0920869255845164E-10   2.0188539644241660E-25   6.8372209941536694E+03
   1.3196770000000000E+09   2.2079971310157227E+05   2.0753869926253518E-10   2.0023206778487453E-25   6.8386480353054194E+03
   1.3216770000000000E+09   2.2153742594381751E+05   2.0588599856061678E-10   1.9859634484431975E-25   6.8400669655350321E+03
   1.3236770000000000E+09   2.2227506654982042E+05   2.0425037640915484E-10   1.9697800261736656E-25   6.8414778475798448E+03
   1.3256770000000000E+09   2.2301262205754820E+05   2.0263162131978953E-10   1.9537681894950097E-25   6.8428807435500876E+03
   1.3276770000000000E+09   2.2375008138303141E+05   2.0102952389834406E-10   1.9379257408270300E-25   6.8442757149368008E+03
   1.3296770000000000E+09   2.2448743589906918E+05   1.9944387644149633E-10   1.9222505025953777E-25   6.8456628226195871E+03
   1.3316770000000000E+09   2.2522467990592436E+05   1.9787447266780401E-10   1.9067403145750592E-25   6.8470421268744039E+03
   1.3336770000000000E+09   2.2596181076001280E+05   1.9632110765276547E-10   1.8913930332053744E-25   6.8484136873812158E+03
   1.3356770000000000E+09   2.2669882857335245E+05   1.9478357800800991E-10   1.8762065332584188E-25   6.8497775632314597E+03
   1.3376770000000000E+09   2.2743573548460391E+05   1.9326168229384104E-10   1.8611787117523546E-25   6.8511338129356554E+03
   1.3396770000000000E+09   2.2817253461590130E+05   1.9175522159212583E-10   1.8463074934020134E-25   6.8524824944303800E+03
   1.3416770000000000E+09   2.2890922893544633E+05   1.9026400011166432E-10   1.8315908363726704E-25   6.8538236650855179E+03
   1.3436770000000000E+09   2.2964582030231561E+05   1.8878782567270971E-10   1.8170267368612112E-25   6.8551573817111866E+03
   1.3456770000000000E+09   2.3038230894192259E+05   1.8732650993886373E-10   1.8026132312399211E-25   6.8564837005641757E+03
   1.3476770000000000E+09   2.3111869347910478E+05   1.8587986833552109E-10   1.7883483951833168E-25   6.8578026773548236E+03
   1.3496770000000000E+09   2.3185497147107680E+05   1.8444771969579081E-10   1.7742303401787564E-25   6.8591143672534545E+03
   1.3516770000000000E+09   2.3259114020206936E+05   1.8302988577019662E-10   1.7602572087368688E-25   6.8604188248965083E+03
   1.3536770000000000E+09   2.3332719740585700E+05   1.8162619078314388E-10   1.7464271700626038E-25   6.8617161043933747E+03
   1.3556770000000000E+09   2.3406314162646656E+05   1.8023646119017224E-10   1.7327384176653080E-25   6.8630062593322791E+03
   1.3576770000000000E+09   2.3479897210388281E+05   1.7886052569247547E-10   1.7191891694445528E-25   6.8642893427865629E+03
   1.3596770000000000E+09   2.3553468830203151E+05   1.7749821544215202E-10   1.7057776696064673E-25   6.8655654073207061E+03
   1.3616770000000000E+09   2.3627028936275127E+05   1.7614936428547813E-10   1.6925021909399828E-25   6.8668345049962654E+03
   1.3636770000000000E+09   2.3700577377867847E+05   1.7481380888909070E-10   1.6793610359638392E-25   6.8680966873779107E+03
   1.3656770000000000E+09   2.3774113942294737E+05   1.7349138867670112E-10   1.6663525362535825E-25   6.8693520055392728E+03
   1.3676770000000000E+09   2.3847638384857005E+05   1.7218194562162765E-10   1.6534750503881543E-25   6.8706005100690782E+03
   1.3696770000000000E+09   2.3921150461821840E+05   1.7088532401933142E-10   1.6407269617107135E-25   6.8718422510776400E+03
   1.3716770000000000E+09   2.3994649944293205E+05   1.6960137035558940E-10   1.6281066770125038E-25   6.8730772782029017E+03
   1.3736770000000000E+09   2.4068136607478891E+05   1.6832993330164962E-10   1.6156126264367401E-25   6.8743056406166897E+03
   1.3756770000000000E+09   2.4141610208462569E+05   1.6707086377315061E-10   1.6032432639929861E-25   6.8755273870303372E+03
   1.3776770000000000E+09   2.4215070472056814E+05   1.6582401495550386E-10   1.5909970677483749E-25   6.8767425656987807E+03
   1.3796770000000000E+09   2.4288517094581484E+05   1.6458924224519105E-10   1.5788725392127856E-25   6.8779512244243606E+03
   1.3816770000000000E+09   2.4361949758763853E+05   1.6336640313799908E-10   1.5668682022185947E-25   6.8791534105583250E+03
   1.3836770000000000E+09   2.4435368143630266E+05   1.6215535714142290E-10   1.5549826020358206E-25   6.8803491710023573E+03
   1.3856770000000000E+09   2.4508771916892554E+05   1.6095596576939310E-10   1.5432143052790742E-25   6.8815385522103588E+03
   1.3876770000000000E+09   2.4582160703497229E+05   1.5976809263953636E-10   1.5315619007986231E-25   6.8827216001938514E+03
   1.3896770000000000E+09   2.4655534009411515E+05   1.5859160373793599E-10   1.5200240021813190E-25   6.8838983605325202E+03
   1.3916770000000000E+09   2.4728891011228313E+05   1.5742636817548804E-10   1.5085992549783736E-25   6.8850688783919368E+03
   1.3936770000000000E+09   2.4802229938517351E+05   1.5627226045462760E-10   1.4972863584487273E-25   6.8862331985478422E+03
   1.3956770000000000E+09   2.4875546330487862E+05   1.5512916692591965E-10   1.4860841275474017E-25   6.8873913654107537E+03
   1.3976770000000000E+09   2.4948828416986682E+05   1.5399700293872677E-10   1.4749916575780051E-25   6.8885434230379024E+03
   1.3996770000000000E+09   2.5022045676808085E+05   1.5287575534299541E-10   1.4640087320765135E-25   6.8896894151123342E+03
   1.4016770000000000E+09   2.5095122543326253E+05   1.5176558021090727E-10   1.4531367601521011E-25   6.8908293848635349E+03
   1.4036770000000000E+09   2.5167883141719596E+05   1.5066700851666964E-10   1.4423807481323554E-25   6.8919633749073637E+03
   1.4056770000000000E+09   2.5239947462134928E+05   1.4958133374089699E-10   1.4317530123514179E-25   6.8930914270006479E+03
   1.4076770000000000E+09   2.5310563716782181E+05   1.4851124130252893E-10   1.4212792024640536E-25   6.8942135817465078E+03
   1.4096770000000000E+09   2.5378394872319317E+05   1.4746161944899119E-10   1.4110060491318224E-25   6.8953298783596729E+03
   1.4116770000000000E+09   2.5441361641832825E+05   1.4644017883577928E-10   1.4010072573431981E-25   6.8964403546919302E+03
   1.4136770000000000E+09   2.5496770969832828E+05   1.4545702311902317E-10   1.3913793337660945E-25   6.8975450477800769E+03
   1.4156770000000000E+09   2.5542023734332950E+05   1.4452202467614192E-10   1.3822164079457789E-25   6.8986439950601907E+03
   1.4176770000000000E+09   2.5575970036150404E+05   1.4363962655679164E-10   1.3735604925474495E-25   6.8997372358209923E+03
   1.4196770000000000E+09   2.5600312098708111E+05   1.4280320442617294E-10   1.3653476812037304E-25   6.9008248112355950E+03
   1.4216770000000000E+09   2.5619775444019772E+05   1.4199396989297485E-10   1.3573979205258000E-25   6.9019067599349282E+03
   1.4236770000000000E+09   2.5640267900798575E+05   1.4118800018613581E-10   1.3494824301708006E-25   6.9029831070436994E+03
   1.4256770000000000E+09   2.5666453604288277E+05   1.4036650645798130E-10   1.3414217679484257E-25   6.9040538531117982E+03
   1.4276770000000000E+09   2.5701717684950298E+05   1.3951715937000109E-10   1.3330981753839043E-25   6.9051189899412311E+03
   1.4296770000000000E+09   2.5750819406515744E+05   1.3862405972666564E-10   1.3243596826285068E-25   6.9061785851867799E+03
   1.4316770000000000E+09   2.5819237043206501E+05   1.3766162524558692E-10   1.3149621042802891E-25   6.9072329200599270E+03
   1.4336770000000000E+09   2.5921798713913988E+05   1.3664402437085723E-10   1.3050413813274307E-25   6.9082824814991518E+03
   1.4356770000000000E+09   2.5922048649042760E+05   1.3522702341568142E-10   1.2913103806075926E-25   6.9093255490310457E+03
