   99.999999999996461        5.0000000000000003E-002         390        2001
   65.133354789580864        19.372200942778047     
   6.5767700000000000E+08  -3.0640336433245357E+03   1.4589378781182878E-08   3.4559148914050086E-18   8.1212117229214311E+02
   6.5967700000000000E+08  -3.4749568336439761E+03   1.7499007912598058E-08   4.0565641256466353E-18   8.2985488224136623E+02
   6.6167700000000000E+08  -3.7497816778074111E+03   1.8425766187889100E-08   4.1911752439103919E-18   8.4573987503914645E+02
   6.6367700000000000E+08  -3.6235608211080003E+03   1.7995732890972578E-08   4.0187015596046745E-18   8.6145154538700046E+02
   6.6567700000000000E+08  -3.1014672955404985E+03   1.6888290330296840E-08   3.6951258276696915E-18   8.7923208133936976E+02
   6.6767700000000000E+08  -2.4455656760097577E+03   1.5632099513191940E-08   3.3368931894070082E-18   9.0120185511661077E+02
   6.6967700000000000E+08  -1.8267679633973039E+03   1.4486434859616173E-08   3.0008332762473088E-18   9.2868134637584774E+02
   6.7167700000000000E+08  -1.2408696807954423E+03   1.3528456425782381E-08   2.7034953495120228E-18   9.6265282980345842E+02
   6.7367700000000000E+08  -6.1198054136965311E+02   1.2771880906558934E-08   2.4451710694253189E-18   1.0048302088271214E+03
   6.7567700000000000E+08   2.0918323988517119E+02   1.2224542729358847E-08   2.2202206699980136E-18   1.0592136109666408E+03
   6.7767700000000000E+08   1.3101079946689274E+03   1.1902290625857879E-08   2.0208763161404528E-18   1.1330208133886847E+03
   6.7967700000000000E+08   2.6248806723375237E+03   1.1794952919929169E-08   1.8424108896411789E-18   1.2315634494379819E+03
   6.8167700000000000E+08   4.0358523676136233E+03   1.1843230799339890E-08   1.6833167453336130E-18   1.3534786845713288E+03
   6.8367700000000000E+08   5.4973389445861112E+03   1.1959979009341987E-08   1.5440795451848405E-18   1.4900739392096320E+03
   6.8567700000000000E+08   7.0539893711434834E+03   1.2073129404373559E-08   1.4238955887450038E-18   1.6311307779122551E+03
   6.8767700000000000E+08   8.7431951125478372E+03   1.2145020121553879E-08   1.3206961357719423E-18   1.7690593491192988E+03
   6.8967700000000000E+08   1.0569669680313535E+04   1.2164248167311869E-08   1.2318844975014926E-18   1.8996008417053235E+03
   6.9167700000000000E+08   1.2512728295881776E+04   1.2133038394243757E-08   1.1549411199806611E-18   2.0209557261823879E+03
   6.9367700000000000E+08   1.4540503350743324E+04   1.2058583702571683E-08   1.0876726714583147E-18   2.1327755683159212E+03
   6.9567700000000000E+08   1.6616769559736509E+04   1.1948757563408539E-08   1.0282655082241937E-18   2.2354479014040553E+03
   6.9767700000000000E+08   1.8703728618187251E+04   1.1810335084239272E-08   9.7524932652446867E-19   2.3296658423197273E+03
   6.9967700000000000E+08   2.0763415138799694E+04   1.1648546284371678E-08   9.2744198523234983E-19   2.4161953749671015E+03
   7.0167700000000000E+08   2.2758361199289106E+04   1.1467188939708565E-08   8.8389587462917573E-19   2.4957606487779940E+03
   7.0367700000000000E+08   2.4652366971874912E+04   1.1268934938403624E-08   8.4385271495099602E-19   2.5689951892314771E+03
   7.0567700000000000E+08   2.6411508288677993E+04   1.1055673784965835E-08   8.0670774096831819E-19   2.6364288951484600E+03
   7.0767700000000000E+08   2.8005323070375918E+04   1.0828827977159681E-08   7.7198190229755836E-19   2.6984936909009707E+03
   7.0967700000000000E+08   2.9408078782814689E+04   1.0589615118403121E-08   7.3930016680054387E-19   2.7555382455725885E+03
   7.1167700000000000E+08   3.0600009661784465E+04   1.0339249876253740E-08   7.0837422670830301E-19   2.8078464309958295E+03
   7.1367700000000000E+08   3.1568410507783468E+04   1.0079085508787865E-08   6.7898820436501819E-19   2.8556565365155857E+03
   7.1567700000000000E+08   3.2308461823498892E+04   9.8106968470445394E-09   6.5098626079676338E-19   2.8991794980710110E+03
   7.1767700000000000E+08   3.2823651122745883E+04   9.5359075171201890E-09   6.2426129556339329E-19   2.9386150103597806E+03
   7.1967700000000000E+08   3.3125662611151936E+04   9.2567658486283215E-09   5.9874422526157634E-19   2.9741646816397724E+03
   7.2167700000000000E+08   3.3233648182166653E+04   8.9754770408146672E-09   5.7439364910908295E-19   3.0060415725771727E+03
   7.2367700000000000E+08   3.3172872075611383E+04   8.6943033583949897E-09   5.5118602816626735E-19   3.0344756762360803E+03
   7.2567700000000000E+08   3.2972828556916291E+04   8.4154480979707524E-09   5.2910676057202325E-19   3.0597152187867182E+03
   7.2767700000000000E+08   3.2665039146212966E+04   8.1409411319114875E-09   5.0814266088076012E-19   3.0820240859628752E+03
   7.2967700000000000E+08   3.2280808450422828E+04   7.8725427433804055E-09   4.8827630611290134E-19   3.1016761342121258E+03
   7.3167700000000000E+08   3.1849228349029392E+04   7.6116780439363671E-09   4.6948250757515631E-19   3.1189475130697833E+03
   7.3367700000000000E+08   3.1395663013227680E+04   7.3594076004062664E-09   4.5172687459804152E-19   3.1341083007035113E+03
   7.3567700000000000E+08   3.0940840571493285E+04   7.1164328737718263E-09   4.3496615098169751E-19   3.1474146878898191E+03
   7.3767700000000000E+08   3.0500555857208867E+04   6.8831295417509217E-09   4.1914981120495597E-19   3.1591026639955621E+03
   7.3967700000000000E+08   3.0085887707214883E+04   6.6595988383148522E-09   4.0422234138038280E-19   3.1693837513710450E+03
   7.4167700000000000E+08   2.9703775661527805E+04   6.4457267840676544E-09   3.9012568910379483E-19   3.1784429142304293E+03
   7.4367700000000000E+08   2.9357788350984130E+04   6.2412428996310112E-09   3.7680150222883089E-19   3.1864384277734239E+03
   7.4567700000000000E+08   2.9048938650806860E+04   6.0457726711271254E-09   3.6419293596240189E-19   3.1935032821296372E+03
   7.4767700000000000E+08   2.8776441954222813E+04   5.8588807651938311E-09   3.5224594879228059E-19   3.1997476168004951E+03
   7.4967700000000000E+08   2.8538358172083070E+04   5.6801042001291737E-09   3.4091010885873325E-19   3.2052617060026623E+03
   7.5167700000000000E+08   2.8332095180175947E+04   5.5089761551305246E-09   3.3013898985417824E-19   3.2101191024983646E+03
   7.5367700000000000E+08   2.8154777212820340E+04   5.3450418816511862E-09   3.1989025706409198E-19   3.2143796587136840E+03
   7.5567700000000000E+08   2.8003496287269205E+04   5.1878684367996145E-09   3.1012554164476771E-19   3.2180922515541238E+03
   7.5767700000000000E+08   2.7875470555715499E+04   5.0370498819208362E-09   3.0081018592380406E-19   3.2212971260005538E+03
   7.5967700000000000E+08   2.7768133538471720E+04   4.8922093436354885E-09   2.9191292277401123E-19   3.2240278370148212E+03
   7.6167700000000000E+08   2.7679175143385524E+04   4.7529990339362569E-09   2.8340553307020613E-19   3.2263128106653903E+03
   7.6367700000000000E+08   2.7606551133967965E+04   4.6190990378024493E-09   2.7526250936899740E-19   3.2281765680493486E+03
   7.6567700000000000E+08   2.7548473442098664E+04   4.4902154331356849E-09   2.6746074197111779E-19   3.2296406647576559E+03
   7.6767700000000000E+08   2.7503390021579842E+04   4.3660781178959840E-09   2.5997923517422541E-19   3.2307243990774632E+03
   7.6967700000000000E+08   2.7469960013470496E+04   4.2464385799921682E-09   2.5279885612239805E-19   3.2314453376100096E+03
   7.7167700000000000E+08   2.7447027831813266E+04   4.1310677482468808E-09   2.4590211544382831E-19   3.2318197001659914E+03
   7.7367700000000000E+08   2.7433598265923483E+04   4.0197539978827807E-09   2.3927297716087205E-19   3.2318626383903734E+03
   7.7567700000000000E+08   2.7428813689188999E+04   3.9123013425922517E-09   2.3289669462148256E-19   3.2315884355469061E+03
   7.7767700000000000E+08   2.7431933827919871E+04   3.8085278201512393E-09   2.2675966905041847E-19   3.2310106487394255E+03
   7.7967700000000000E+08   2.7442318163931162E+04   3.7082640642784098E-09   2.2084932748948595E-19   3.2301422097258746E+03
   7.8167700000000000E+08   2.7459410834720227E+04   3.6113520481300422E-09   2.1515401722053070E-19   3.2289954963727928E+03
   7.8367700000000000E+08   2.7482727793092126E+04   3.5176439817860503E-09   2.0966291414199937E-19   3.2275823835935539E+03
   7.8567700000000000E+08   2.7511845951177016E+04   3.4270013455538052E-09   2.0436594294344711E-19   3.2259142801680941E+03
   7.8767700000000000E+08   2.7546394033888530E+04   3.3392940417611657E-09   1.9925370726430377E-19   3.2240021560092082E+03
   7.8967700000000000E+08   2.7586044886220890E+04   3.2543996492265325E-09   1.9431742832228595E-19   3.2218565630874837E+03
   7.9167700000000000E+08   2.7630509006602952E+04   3.1722027663647091E-09   1.8954889075120770E-19   3.2194876522417376E+03
   7.9367700000000000E+08   2.7679529108620922E+04   3.0925944306748210E-09   1.8494039460047755E-19   3.2169051873929429E+03
   7.9567700000000000E+08   2.7732875542420556E+04   3.0154716040367347E-09   1.8048471262429768E-19   3.2141185581757259E+03
   7.9767700000000000E+08   2.7790342433421927E+04   2.9407367147575987E-09   1.7617505213298979E-19   3.2111367916476229E+03
   7.9967700000000000E+08   2.7851744419023937E+04   2.8682972486416434E-09   1.7200502079721454E-19   3.2079685634910416E+03
   8.0167700000000000E+08   2.7916913883699010E+04   2.7980653825080734E-09   1.6796859589286550E-19   3.2046222089553175E+03
   8.0367700000000000E+08   2.7985698609552928E+04   2.7299576545667219E-09   1.6406009655402163E-19   3.2011057336741478E+03
   8.0567700000000000E+08   2.8057959773388429E+04   2.6638946668980197E-09   1.6027415866689696E-19   3.1974268244201485E+03
   8.0767700000000000E+08   2.8133570232982660E+04   2.5998008159920506E-09   1.5660571209190303E-19   3.1935928598119581E+03
   8.0967700000000000E+08   2.8212413055051027E+04   2.5376040478993381E-09   1.5304995994591776E-19   3.1896109209613678E+03
   8.1167700000000000E+08   2.8294380245557393E+04   2.4772356350503456E-09   1.4960235971437087E-19   3.1854878020327337E+03
   8.1367700000000000E+08   2.8379371649941113E+04   2.4186299722265171E-09   1.4625860599423055E-19   3.1812300206799664E+03
   8.1567700000000000E+08   2.8467293996717584E+04   2.3617243895248909E-09   1.4301461469546578E-19   3.1768438283250971E+03
   8.1767700000000000E+08   2.8558060062932873E+04   2.3064589804619691E-09   1.3986650855098642E-19   3.1723352202444044E+03
   8.1967700000000000E+08   2.8651587944277813E+04   2.2527764436195306E-09   1.3681060380412056E-19   3.1677099454324448E+03
   8.2167700000000000E+08   2.8747800416393879E+04   2.2006219364518375E-09   1.3384339795890061E-19   3.1629735162195666E+03
   8.2367700000000000E+08   2.8846624377055719E+04   2.1499429400572099E-09   1.3096155849228173E-19   3.1581312176246020E+03
   8.2567700000000000E+08   2.8947990361569577E+04   2.1006891338714722E-09   1.2816191243924701E-19   3.1531881164303368E+03
   8.2767700000000000E+08   2.9051832125859688E+04   2.0528122793702652E-09   1.2544143677183340E-19   3.1481490699751866E+03
   8.2967700000000000E+08   2.9158086293315340E+04   2.0062661119761690E-09   1.2279724950174893E-19   3.1430187346598682E+03
   8.3167700000000000E+08   2.9266692062579066E+04   1.9610062404563794E-09   1.2022660144356188E-19   3.1378015741724430E+03
   8.3367700000000000E+08   2.9377590974016955E+04   1.9169900531717277E-09   1.1772686858170113E-19   3.1325018674389676E+03
   8.3567700000000000E+08   2.9490726732686748E+04   1.8741766305995090E-09   1.1529554498982353E-19   3.1271237163098526E+03
   8.3767700000000000E+08   2.9606045085241953E+04   1.8325266636037016E-09   1.1293023625564810E-19   3.1216710529940328E+03
   8.3967700000000000E+08   2.9723493747445304E+04   1.7920023769689576E-09   1.1062865336829199E-19   3.1161476472537606E+03
   8.4167700000000000E+08   2.9843022377909114E+04   1.7525674577510348E-09   1.0838860702856390E-19   3.1105571133728645E+03
   8.4367700000000000E+08   2.9964582592461102E+04   1.7141869880287125E-09   1.0620800234576017E-19   3.1049029169101441E+03
   8.4567700000000000E+08   3.0088128012284087E+04   1.6768273816712419E-09   1.0408483388729301E-19   3.0991883812477877E+03
   8.4767700000000000E+08   3.0213614337812745E+04   1.6404563247637059E-09   1.0201718105013418E-19   3.0934166939421584E+03
   8.4967700000000000E+08   3.0340999439459018E+04   1.6050427193602955E-09   1.0000320372557945E-19   3.0875909128814678E+03
   8.5167700000000000E+08   3.0470243455653643E+04   1.5705566302638258E-09   9.8041138231325393E-20   3.0817139722516931E+03
   8.5367700000000000E+08   3.0601308888549091E+04   1.5369692345587561E-09   9.6129293487292067E-20   3.0757886883091887E+03
   8.5567700000000000E+08   3.0734160688058841E+04   1.5042527736545904E-09   9.4266047414041889E-20   3.0698177649556837E+03
   8.5767700000000000E+08   3.0868766315720677E+04   1.4723805076266772E-09   9.2449843535026885E-20   3.0638037991091737E+03
   8.5967700000000000E+08   3.1005095781145417E+04   1.4413266716711105E-09   9.0679187766190605E-20   3.0577492858627693E+03
   8.6167700000000000E+08   3.1143121645455645E+04   1.4110664345192669E-09   8.8952645378644028E-20   3.0516566234227744E+03
   8.6367700000000000E+08   3.1282818988047555E+04   1.3815758586845790E-09   8.7268838122173164E-20   3.0455281178174046E+03
   8.6567700000000000E+08   3.1424165335087248E+04   1.3528318624385969E-09   8.5626441499172294E-20   3.0393659873685920E+03
   8.6767700000000000E+08   3.1567140550252032E+04   1.3248121834346221E-09   8.4024182180209653E-20   3.0331723669208818E+03
   8.6967700000000000E+08   3.1711726690211770E+04   1.2974953439148232E-09   8.2460835553789333E-20   3.0269493118238988E+03
   8.7167700000000000E+08   3.1857907829098651E+04   1.2708606174502887E-09   8.0935223403962390E-20   3.0206988016676009E+03
   8.7367700000000000E+08   3.2005669857631470E+04   1.2448879971730156E-09   7.9446211710262668E-20   3.0144227437726140E+03
   8.7567700000000000E+08   3.2155000263582544E+04   1.2195581654647095E-09   7.7992708565023948E-20   3.0081229764411983E+03
   8.7767700000000000E+08   3.2305887900859019E+04   1.1948524650694648E-09   7.6573662203479888E-20   3.0018012719773474E+03
   8.7967700000000000E+08   3.2458322754613142E+04   1.1707528715969593E-09   7.5188059142215971E-20   2.9954593394874328E+03
   8.8167700000000000E+08   3.2612295709536036E+04   1.1472419673799732E-09   7.3834922421556339E-20   2.9890988274751030E+03
   8.8367700000000000E+08   3.2767798327887758E+04   1.1243029166456957E-09   7.2513309947377965E-20   2.9827213262460468E+03
   8.8567700000000000E+08   3.2924822642972569E+04   1.1019194419549626E-09   7.1222312927682264E-20   2.9763283701395339E+03
   8.8767700000000000E+08   3.3083360972875649E+04   1.0800758018575045E-09   6.9961054399037012E-20   2.9699214396043781E+03
   8.8967700000000000E+08   3.3243405758642628E+04   1.0587567697042313E-09   6.8728687837701115E-20   2.9635019631373493E+03
   8.9167700000000000E+08   3.3404949431385052E+04   1.0379476135478569E-09   6.7524395849751670E-20   2.9570713191022146E+03
   8.9367700000000000E+08   3.3567984315454945E+04   1.0176340770463272E-09   6.6347388933529719E-20   2.9506308374484261E+03
   8.9567700000000000E+08   3.3732502582712979E+04   9.9780236125017490E-10   6.5196904305562775E-20   2.9441818013512484E+03
   8.9767700000000000E+08   3.3898496291369898E+04   9.7843910708781506E-10   6.4072204776592324E-20   2.9377254488029148E+03
   8.9967700000000000E+08   3.4065957580200520E+04   9.5953137823623591E-10   6.2972577655608994E-20   2.9312629742021327E+03
   9.0167700000000000E+08   3.4234879154246722E+04   9.4106664385447871E-10   6.1897333645063213E-20   2.9247955300251861E+03
   9.0367700000000000E+08   3.4405255291367357E+04   9.2303276037744371E-10   6.0845805670328496E-20   2.9183242287244507E+03
   9.0567700000000000E+08   3.4577083685729478E+04   9.0541795135403720E-10   5.9817347569971274E-20   2.9118501450910558E+03
   9.0767700000000000E+08   3.4750368412237345E+04   8.8821078455901984E-10   5.8811332587068520E-20   2.9053743194133413E+03
   9.0967700000000000E+08   3.4925123914102296E+04   8.7140014705934651E-10   5.7827151697615630E-20   2.8988977617787668E+03
   9.1167700000000000E+08   3.5101378874202164E+04   8.5497522247963920E-10   5.6864212055111170E-20   2.8924214576364011E+03
   9.1367700000000000E+08   3.5279177004241996E+04   8.3892548052708760E-10   5.5921936236861879E-20   2.8859463740341785E+03
   9.1567700000000000E+08   3.5458569829050117E+04   8.2324069437958097E-10   5.4999763383252707E-20   2.8794734646532665E+03
   9.1767700000000000E+08   3.5639596575700387E+04   8.0791099979872458E-10   5.4097153248224753E-20   2.8730036702343236E+03
   9.1967700000000000E+08   3.5822251557854681E+04   7.9292699075808942E-10   5.3213592920012852E-20   2.8665379104260223E+03
   9.2167700000000000E+08   3.6006451616070655E+04   7.7827980727489205E-10   5.2348603286421693E-20   2.8600770653513855E+03
   9.2367700000000000E+08   3.6192029098340026E+04   7.6396113127352695E-10   5.1501739465561415E-20   2.8536219513138194E+03
   9.2567700000000000E+08   3.6378774726336975E+04   7.4996302096489509E-10   5.0672580186969661E-20   2.8471733025626413E+03
   9.2767700000000000E+08   3.6566521874542646E+04   7.3627761568466379E-10   4.9860707881951953E-20   2.8407317729975111E+03
   9.2967700000000000E+08   3.6755215873265115E+04   7.2289689849408151E-10   4.9065692034499727E-20   2.8342979610121893E+03
   9.3167700000000000E+08   3.6944907853395809E+04   7.0981275020547249E-10   4.8287092043259940E-20   2.8278724423648455E+03
   9.3367700000000000E+08   3.7135663981646132E+04   6.9701722537829459E-10   4.7524475563444904E-20   2.8214557884574042E+03
   9.3567700000000000E+08   3.7327488924501784E+04   6.8450276516694591E-10   4.6777433218954040E-20   2.8150485604333376E+03
   9.3767700000000000E+08   3.7520421466537242E+04   6.7226240976099402E-10   4.6045593531303718E-20   2.8086513001537724E+03
   9.3967700000000000E+08   3.7714724894000617E+04   6.6029009158831932E-10   4.5328642980515044E-20   2.8022645585108603E+03
   9.4167700000000000E+08   3.7910806931264255E+04   6.4858033028186673E-10   4.4626304678223297E-20   2.7958889577915179E+03
   9.4367700000000000E+08   3.8108778159002977E+04   6.3712686395322666E-10   4.3938244226838727E-20   2.7895252067972742E+03
   9.4567700000000000E+08   3.8308108727741339E+04   6.2592145778689651E-10   4.3263988385593899E-20   2.7831739986260250E+03
   9.4767700000000000E+08   3.8507846550690650E+04   6.1495460330366233E-10   4.2602974419986826E-20   2.7768358457539316E+03
   9.4967700000000000E+08   3.8707273665305554E+04   6.0421769978404961E-10   4.1954701510783249E-20   2.7705110018811042E+03
   9.5167700000000000E+08   3.8906579798116036E+04   5.9370476541285304E-10   4.1318848683773781E-20   2.7641995669218468E+03
   9.5367700000000000E+08   3.9106881227279962E+04   5.8341221460818077E-10   4.0695257953361012E-20   2.7579017049934514E+03
   9.5567700000000000E+08   3.9308934223246390E+04   5.7333671429389253E-10   4.0083784081186272E-20   2.7516178030155397E+03
   9.5767700000000000E+08   3.9512676631652757E+04   5.6347370119426740E-10   3.9484192239687325E-20   2.7453483892556778E+03
   9.5967700000000000E+08   3.9717942261959986E+04   5.5381791403557014E-10   3.8896196716715637E-20   2.7390939778909824E+03
   9.6167700000000000E+08   3.9924605253135625E+04   5.4436411536686918E-10   3.8319511556231711E-20   2.7328550379705193E+03
   9.6367700000000000E+08   4.0132578434907875E+04   5.3510723798881977E-10   3.7753860755418769E-20   2.7266319991059031E+03
   9.6567700000000000E+08   4.0341800128123476E+04   5.2604239220335363E-10   3.7198978734732558E-20   2.7204252597487398E+03
   9.6767700000000000E+08   4.0552225689232437E+04   5.1716485183404263E-10   3.6654609348670066E-20   2.7142351934964295E+03
   9.6967700000000000E+08   4.0763822375960066E+04   5.0847004352262916E-10   3.6120505149010650E-20   2.7080621535871110E+03
   9.7167700000000000E+08   4.0976565911853802E+04   4.9995353857039364E-10   3.5596426841775405E-20   2.7019064761713080E+03
   9.7367700000000000E+08   4.1190438220854987E+04   4.9161104455013444E-10   3.5082142735751524E-20   2.6957684827652374E+03
   9.7567700000000000E+08   4.1405425762036270E+04   4.8343839687391370E-10   3.4577428191179572E-20   2.6896484821320910E+03
   9.7767700000000000E+08   4.1621518043311371E+04   4.7543155148415781E-10   3.4082065149976898E-20   2.6835467717018814E+03
   9.7967700000000000E+08   4.1838706415436078E+04   4.6758657869150315E-10   3.3595841748860153E-20   2.6774636386015636E+03
   9.8167700000000000E+08   4.2056983343496773E+04   4.5989965763122518E-10   3.3118551976737537E-20   2.6713993604028083E+03
   9.8367700000000000E+08   4.2276342034255380E+04   4.5236707136994922E-10   3.2649995377583931E-20   2.6653542056985511E+03
   9.8567700000000000E+08   4.2496776201631437E+04   4.4498520289481554E-10   3.2189976815250702E-20   2.6593284345751604E+03
   9.8767700000000000E+08   4.2718279889107922E+04   4.3775053180322556E-10   3.1738306287456231E-20   2.6533222990125546E+03
   9.8967700000000000E+08   4.2940847270634717E+04   4.3065963133441603E-10   3.1294798763355206E-20   2.6473360432283930E+03
   9.9167700000000000E+08   4.3164472338021733E+04   4.2370916550040739E-10   3.0859274027361533E-20   2.6413699039612484E+03
   9.9367700000000000E+08   4.3389148615095452E+04   4.1689588621035533E-10   3.0431556521613895E-20   2.6354241106817849E+03
   9.9567700000000000E+08   4.3614869354961549E+04   4.1021663068872344E-10   3.0011475208558054E-20   2.6294988857649614E+03
   9.9767700000000000E+08   4.3841628793394404E+04   4.0366832014687189E-10   2.9598863522906899E-20   2.6235944447434699E+03
   9.9967700000000000E+08   4.4069424690354957E+04   3.9724796071954395E-10   2.9193559486515732E-20   2.6177109968462046E+03
   1.0016770000000000E+09   4.4298261629249741E+04   3.9095264666673324E-10   2.8795405986794051E-20   2.6118487460251895E+03
   1.0036770000000000E+09   4.4528154222756144E+04   3.8477956528080705E-10   2.8404251179407924E-20   2.6060078925534513E+03
   1.0056770000000000E+09   4.4759127892297620E+04   3.7872599798511046E-10   2.8019948610767472E-20   2.6001886350988939E+03
   1.0076770000000000E+09   4.4991215140128093E+04   3.7278930879119702E-10   2.7642356406701329E-20   2.5943911727637210E+03
   1.0096770000000000E+09   4.5224447992691188E+04   3.6696692667287650E-10   2.7271336009959260E-20   2.5886157061365757E+03
   1.0116770000000000E+09   4.5458850018102887E+04   3.6125633210130520E-10   2.6906751227370997E-20   2.5828624367991329E+03
   1.0136770000000000E+09   4.5694429248062894E+04   3.5565504667445245E-10   2.6548467508995242E-20   2.5771315654350719E+03
   1.0156770000000000E+09   4.5931168878117809E+04   3.5016062037383030E-10   2.6196351049991017E-20   2.5714232888083870E+03
   1.0176770000000000E+09   4.6169024209068884E+04   3.4477062349841090E-10   2.5850268241344985E-20   2.5657377954981512E+03
   1.0196770000000000E+09   4.6407929555593997E+04   3.3948265389450319E-10   2.5510086260909174E-20   2.5600752614973221E+03
   1.0216770000000000E+09   4.6647808267741093E+04   3.3429435287197810E-10   2.5175674308979520E-20   2.5544358472782942E+03
   1.0236770000000000E+09   4.6888584409364114E+04   3.2920342220930129E-10   2.4846904921578283E-20   2.5488196968121993E+03
   1.0256770000000000E+09   4.7130193225736926E+04   3.2420763821410345E-10   2.4523655058423248E-20   2.5432269386184785E+03
   1.0276770000000000E+09   4.7372588093236474E+04   3.1930485982868517E-10   2.4205806739240705E-20   2.5376576884454221E+03
   1.0296770000000000E+09   4.7615743007557030E+04   3.1449302979490441E-10   2.3893247154499071E-20   2.5321120528651495E+03
   1.0316770000000000E+09   4.7859650997304365E+04   3.0977016986933461E-10   2.3585868325815276E-20   2.5265901329966382E+03
   1.0336770000000000E+09   4.8104319753800708E+04   3.0513437226452365E-10   2.3283566481034931E-20   2.5210920277135633E+03
   1.0356770000000000E+09   4.8349766068910270E+04   3.0058378976938932E-10   2.2986241330172089E-20   2.5156178359563473E+03
   1.0376770000000000E+09   4.8596010467861168E+04   2.9611662656273481E-10   2.2693795395235235E-20   2.5101676580449093E+03
   1.0396770000000000E+09   4.8843072942998908E+04   2.9173113092795737E-10   2.2406133485776632E-20   2.5047415961045735E+03
   1.0416770000000000E+09   4.9090970162830141E+04   2.8742559025646917E-10   2.2123162349498417E-20   2.4993397538396571E+03
   1.0436770000000000E+09   4.9339714101583668E+04   2.8319832812701005E-10   2.1844790481388332E-20   2.4939622359210011E+03
   1.0456770000000000E+09   4.9589311778902127E+04   2.7904770293776387E-10   2.1570928051096688E-20   2.4886091472207077E+03
   1.0476770000000000E+09   4.9839765715135443E+04   2.7497210749959444E-10   2.1301486902997893E-20   2.4832805920621790E+03
   1.0496770000000000E+09   5.0091074742828678E+04   2.7096996908322148E-10   2.1036380589870958E-20   2.4779766735836761E+03
   1.0516770000000000E+09   5.0343234906912825E+04   2.6703974956458351E-10   2.0775524412794298E-20   2.4726974932556618E+03
   1.0536770000000000E+09   5.0596240289509005E+04   2.6317994546399800E-10   2.0518835451531808E-20   2.4674431505525058E+03
   1.0556770000000000E+09   5.0850083683054610E+04   2.5938908779155045E-10   2.0266232578718134E-20   2.4622137427571915E+03
   1.0576770000000000E+09   5.1104757095328467E+04   2.5566574168791240E-10   2.0017636457093207E-20   2.4570093648693905E+03
   1.0596770000000000E+09   5.1360252103442697E+04   2.5200850589125330E-10   1.9772969522249852E-20   2.4518301095874649E+03
   1.0616770000000000E+09   5.1616560088038474E+04   2.4841601207599298E-10   1.9532155954525349E-20   2.4466760673395947E+03
   1.0636770000000000E+09   5.1873672380363394E+04   2.4488692410900842E-10   1.9295121643653348E-20   2.4415473263451504E+03
   1.0656770000000000E+09   5.2131580350121272E+04   2.4141993726135215E-10   1.9061794149198733E-20   2.4364439726931173E+03
   1.0676770000000000E+09   5.2390275455402894E+04   2.3801377740347207E-10   1.8832102659007924E-20   2.4313660904289145E+03
   1.0696770000000000E+09   5.2649749269698972E+04   2.3466720020291052E-10   1.8605977947198397E-20   2.4263137616443073E+03
   1.0716770000000000E+09   5.2909993496159048E+04   2.3137899033640063E-10   1.8383352332654838E-20   2.4212870665674077E+03
   1.0736770000000000E+09   5.3170999975812039E+04   2.2814796072326423E-10   1.8164159638603352E-20   2.4162860836512232E+03
   1.0756770000000000E+09   5.3432760694004814E+04   2.2497295178371215E-10   1.7948335153572864E-20   2.4113108896601721E+03
   1.0776770000000000E+09   5.3695267787501776E+04   2.2185283072322821E-10   1.7735815593860330E-20   2.4063615597545017E+03
   1.0796770000000000E+09   5.3958513553179138E+04   2.1878649084262496E-10   1.7526539067488350E-20   2.4014381675728646E+03
   1.0816770000000000E+09   5.4222490458129927E+04   2.1577285087218976E-10   1.7320445039549559E-20   2.3965407853133029E+03
   1.0836770000000000E+09   5.4487191150259699E+04   2.1281085432779614E-10   1.7117474298786873E-20   2.3916694838129179E+03
   1.0856770000000000E+09   5.4752608468211460E+04   2.0989946888679683E-10   1.6917568925253263E-20   2.3868243326262132E+03
   1.0876770000000000E+09   5.5018735449632062E+04   2.0703768578189386E-10   1.6720672258923237E-20   2.3820054001020690E+03
   1.0896770000000000E+09   5.5285565337225991E+04   2.0422451921174154E-10   1.6526728869172561E-20   2.3772127534590986E+03
   1.0916770000000000E+09   5.5553091582505833E+04   2.0145900576761785E-10   1.6335684525088566E-20   2.3724464588591136E+03
   1.0936770000000000E+09   5.5821307847486671E+04   1.9874020387587896E-10   1.6147486166603148E-20   2.3677065814784441E+03
   1.0956770000000000E+09   5.6090208004690045E+04   1.9606719325607059E-10   1.5962081876453140E-20   2.3629931855768809E+03
   1.0976770000000000E+09   5.6359786135731112E+04   1.9343907439452987E-10   1.5779420852968910E-20   2.3583063345640726E+03
   1.0996770000000000E+09   5.6630036528540091E+04   1.9085496803314763E-10   1.5599453383678301E-20   2.3536460910632445E+03
   1.1016770000000000E+09   5.6900953673024051E+04   1.8831401467279888E-10   1.5422130819699461E-20   2.3490125169721164E+03
   1.1036770000000000E+09   5.7172532254756494E+04   1.8581537409081437E-10   1.5247405550884605E-20   2.3444056735208610E+03
   1.1056770000000000E+09   5.7444767146160200E+04   1.8335822487185205E-10   1.5075230981675411E-20   2.3398256213268851E+03
   1.1076770000000000E+09   5.7717653394626104E+04   1.8094176395153625E-10   1.4905561507630718E-20   2.3352724204462020E+03
   1.1096770000000000E+09   5.7991186207030005E+04   1.7856520617235455E-10   1.4738352492597267E-20   2.3307461304210524E+03
   1.1116770000000000E+09   5.8265360930201095E+04   1.7622778385139644E-10   1.4573560246501382E-20   2.3262468103234237E+03
   1.1136770000000000E+09   5.8540173026991812E+04   1.7392874635961592E-10   1.4411142003747456E-20   2.3217745187940541E+03
   1.1156770000000000E+09   5.8815618047683674E+04   1.7166735971240118E-10   1.4251055902217067E-20   2.3173293140765209E+03
   1.1176770000000000E+09   5.9091691596569712E+04   1.6944290617126702E-10   1.4093260962865161E-20   2.3129112540459487E+03
   1.1196770000000000E+09   5.9368389293625791E+04   1.6725468385651002E-10   1.3937717069911318E-20   2.3085203962319397E+03
   1.1216770000000000E+09   5.9645706731261111E+04   1.6510200637067448E-10   1.3784384951624578E-20   2.3041567978352878E+03
   1.1236770000000000E+09   5.9923639426240479E+04   1.6298420243262538E-10   1.3633226161695531E-20   2.2998205157381026E+03
   1.1256770000000000E+09   6.0202182766948630E+04   1.6090061552199590E-10   1.3484203061186799E-20   2.2955116065069315E+03
   1.1276770000000000E+09   6.0481331956289519E+04   1.5885060353371264E-10   1.3337278801046629E-20   2.2912301263886075E+03
   1.1296770000000000E+09   6.0761081950646418E+04   1.5683353844222053E-10   1.3192417305163282E-20   2.2869761312984997E+03
   1.1316770000000000E+09   6.1041427395463921E+04   1.5484880597496099E-10   1.3049583253931015E-20   2.2827496768009873E+03
   1.1336770000000000E+09   6.1322362558193840E+04   1.5289580529455799E-10   1.2908742068289365E-20   2.2785508180819934E+03
   1.1356770000000000E+09   6.1603881259519141E+04   1.5097394868908493E-10   1.2769859894189313E-20   2.2743796099135529E+03
   1.1376770000000000E+09   6.1885976803970829E+04   1.4908266126969014E-10   1.2632903587430507E-20   2.2702361066104863E+03
   1.1396770000000000E+09   6.2168641911253930E+04   1.4722138067477709E-10   1.2497840698805609E-20   2.2661203619793446E+03
   1.1416770000000000E+09   6.2451868649802258E+04   1.4538955677985511E-10   1.2364639459479188E-20   2.2620324292599894E+03
   1.1436770000000000E+09   6.2735648374276388E+04   1.4358665141212470E-10   1.2233268766522608E-20   2.2579723610602773E+03
   1.1456770000000000E+09   6.3019971668899874E+04   1.4181213806881102E-10   1.2103698168520385E-20   2.2539402092845185E+03
   1.1476770000000000E+09   6.3304828298675842E+04   1.4006550163825031E-10   1.1975897851160807E-20   2.2499360250565496E+03
   1.1496770000000000E+09   6.3590207170631584E+04   1.3834623812274965E-10   1.1849838622723306E-20   2.2459598586384436E+03
   1.1516770000000000E+09   6.3876096307292828E+04   1.3665385436228673E-10   1.1725491899377378E-20   2.2420117593460741E+03
   1.1536770000000000E+09   6.4162482834568102E+04   1.3498786775821110E-10   1.1602829690214398E-20   2.2380917754629381E+03
   1.1556770000000000E+09   6.4449352986127698E+04   1.3334780599623622E-10   1.1481824581943516E-20   2.2341999541538057E+03
   1.1576770000000000E+09   6.4736692126162074E+04   1.3173320676819198E-10   1.1362449723197436E-20   2.2303363413799120E+03
   1.1596770000000000E+09   6.5024484792116273E+04   1.3014361749222082E-10   1.1244678808411668E-20   2.2265009818175467E+03
   1.1616770000000000E+09   6.5312714758594499E+04   1.2857859503136512E-10   1.1128486061263864E-20   2.2226939187819639E+03
   1.1636770000000000E+09   6.5601365123121708E+04   1.2703770541078802E-10   1.1013846217685616E-20   2.2189151941585919E+03
   1.1656770000000000E+09   6.5890418413851949E+04   1.2552052353419347E-10   1.0900734508488555E-20   2.2151648483434919E+03
   1.1676770000000000E+09   6.6179856718623618E+04   1.2402663290034472E-10   1.0789126641677153E-20   2.2114429201949433E+03
   1.1696770000000000E+09   6.6469661834002705E+04   1.2255562532094010E-10   1.0678998784554239E-20   2.2077494469979233E+03
   1.1716770000000000E+09   6.6759815432177769E+04   1.2110710064140786E-10   1.0570327545754942E-20   2.2040844644429953E+03
   1.1736770000000000E+09   6.7050299242758629E+04   1.1968066646650348E-10   1.0463089957376118E-20   2.2004480066208985E+03
   1.1756770000000000E+09   6.7341095245794189E+04   1.1827593789279871E-10   1.0357263457390695E-20   2.1968401060337442E+03
   1.1776770000000000E+09   6.7632185871615453E+04   1.1689253725035193E-10   1.0252825872558005E-20   2.1932607936233944E+03
   1.1796770000000000E+09   6.7923554202577914E+04   1.1553009385588957E-10   1.0149755402049514E-20   2.1897100988171119E+03
   1.1816770000000000E+09   6.8215184171348767E+04   1.1418824377981516E-10   1.0048030602012668E-20   2.1861880495901410E+03
   1.1836770000000000E+09   6.8507060750213888E+04   1.1286662962920192E-10   9.9476303712857996E-21   2.1826946725443840E+03
   1.1856770000000000E+09   6.8799170125882447E+04   1.1156490034865532E-10   9.8485339384572361E-21   2.1792299930018789E+03
   1.1876770000000000E+09   6.9091499854545531E+04   1.1028271104055854E-10   9.7507208504320633E-21   2.1757940351113280E+03
   1.1896770000000000E+09   6.9384038992447691E+04   1.0901972280573311E-10   9.6541709626299482E-21   2.1723868219655296E+03
   1.1916770000000000E+09   6.9676778197965396E+04   1.0777560260499492E-10   9.5588644308899916E-21   2.1690083757272537E+03
   1.1936770000000000E+09   6.9969709802106328E+04   1.0655002314148988E-10   9.4647817051062294E-21   2.1656587177608003E+03
   1.1956770000000000E+09   7.0262827845420747E+04   1.0534266276308091E-10   9.3719035245621412E-21   2.1623378687663671E+03
   1.1976770000000000E+09   7.0556128080477734E+04   1.0415320538346943E-10   9.2802109148783743E-21   2.1590458489142698E+03
   1.1996770000000000E+09   7.0849607940258662E+04   1.0298134042019351E-10   9.1896851864368808E-21   2.1557826779760740E+03
   1.2016770000000000E+09   7.1143266473991374E+04   1.0182676274718598E-10   9.1003079340998049E-21   2.1525483754498891E+03
   1.2036770000000000E+09   7.1437104253028840E+04   1.0068917265922484E-10   9.0120610380056826E-21   2.1493429606772470E+03
   1.2056770000000000E+09   7.1731123250340868E+04   9.9568275845360405E-11   8.9249266651982284E-21   2.1461664529493255E+03
   1.2076770000000000E+09   7.2025326697970770E+04   9.8463783368287932E-11   8.8388872718272121E-21   2.1430188716006510E+03
   1.2096770000000000E+09   7.2319718927416776E+04   9.7375411646626302E-11   8.7539256056548439E-21   2.1399002360888071E+03
   1.2116770000000000E+09   7.2614305198299160E+04   9.6302882437174598E-11   8.6700247086056414E-21   2.1368105660591500E+03
   1.2136770000000000E+09   7.2909091520863396E+04   9.5245922814419263E-11   8.5871679191108637E-21   2.1337498813939733E+03
   1.2156770000000000E+09   7.3204084477841636E+04   9.4204265144867264E-11   8.5053388740213002E-21   2.1307182022460402E+03
   1.2176770000000000E+09   7.3499291050954780E+04   9.3177647054147812E-11   8.4245215098914158E-21   2.1277155490568175E+03
   1.2196770000000000E+09   7.3794718456894116E+04   9.2165811385255101E-11   8.3447000634735311E-21   2.1247419425601402E+03
   1.2216770000000000E+09   7.4090373996956434E+04   9.1168506146792089E-11   8.2658590713024488E-21   2.1217974037723866E+03
   1.2236770000000000E+09   7.4386264923681258E+04   9.0185484450585085E-11   8.1879833682955646E-21   2.1188819539705405E+03
   1.2256770000000000E+09   7.4682398326858442E+04   8.9216504438563007E-11   8.1110580853406640E-21   2.1159956146596573E+03
   1.2276770000000000E+09   7.4978781040210306E+04   8.8261329199301542E-11   8.0350686458896715E-21   2.1131384075314513E+03
   1.2296770000000000E+09   7.5275419568966783E+04   8.7319726675098208E-11   7.9600007616203592E-21   2.1103103544156802E+03
   1.2316770000000000E+09   7.5572320037524041E+04   8.6391469560833199E-11   7.8858404272651741E-21   2.1075114772260117E+03
   1.2336770000000000E+09   7.5869488155498490E+04   8.5476335196163345E-11   7.8125739147354948E-21   2.1047417979019078E+03
   1.2356770000000000E+09   7.6166929199827631E+04   8.4574105452759127E-11   7.7401877666872806E-21   2.1020013383479013E+03
   1.2376770000000000E+09   7.6464648010113058E+04   8.3684566618360109E-11   7.6686687896830462E-21   2.0992901203714214E+03
   1.2396770000000000E+09   7.6762648994283954E+04   8.2807509279341154E-11   7.5980040471004374E-21   2.0966081656200995E+03
   1.2416770000000000E+09   7.7060936141707614E+04   8.1942728203328454E-11   7.5281808519263058E-21   2.0939554955192525E+03
   1.2436770000000000E+09   7.7359513041135186E+04   8.1090022223183347E-11   7.4591867595573970E-21   2.0913321312100284E+03
   1.2456770000000000E+09   7.7658382901268415E+04   8.0249194123401732E-11   7.3910095607057383E-21   2.0887380934885059E+03
   1.2476770000000000E+09   7.7957548572150539E+04   7.9420050529727846E-11   7.3236372744855188E-21   2.0861734027459142E+03
   1.2496770000000000E+09   7.8257012566018195E+04   7.8602401802534820E-11   7.2570581417366205E-21   2.0836380789099726E+03
   1.2516770000000000E+09   7.8556777076636572E+04   7.7796061934326390E-11   7.1912606186223270E-21   2.0811321413873179E+03
   1.2536770000000000E+09   7.8856843996474025E+04   7.7000848451539896E-11   7.1262333705231602E-21   2.0786556090068784E+03
   1.2556770000000000E+09   7.9157214931348310E+04   7.6216582320705653E-11   7.0619652662372081E-21   2.0762084999640706E+03
   1.2576770000000000E+09   7.9457891212408693E+04   7.5443087858909418E-11   6.9984453724873882E-21   2.0737908317656297E+03
   1.2596770000000000E+09   7.9758873905512140E+04   7.4680192648432002E-11   6.9356629487290644E-21   2.0714026211749156E+03
   1.2616770000000000E+09   8.0060163818180212E+04   7.3927727455377930E-11   6.8736074422454625E-21   2.0690438841575337E+03
   1.2636770000000000E+09   8.0361761504419715E+04   7.3185526152092611E-11   6.8122684835166975E-21   2.0667146358271443E+03
   1.2656770000000000E+09   8.0663667267744357E+04   7.2453425643130431E-11   6.7516358818445821E-21   2.0644148903913324E+03
   1.2676770000000000E+09   8.0965881162690581E+04   7.1731265794569360E-11   6.6916996212179693E-21   2.0621446610974481E+03
   1.2696770000000000E+09   8.1268402995089127E+04   7.1018889366483045E-11   6.6324498564045153E-21   2.0599039601783675E+03
   1.2716770000000000E+09   8.1571232321269912E+04   7.0316141948403606E-11   6.5738769092565814E-21   2.0576927987980980E+03
   1.2736770000000000E+09   8.1874368446293069E+04   6.9622871897648036E-11   6.5159712652223818E-21   2.0555111869972093E+03
   1.2756770000000000E+09   8.2177810421250062E+04   6.8938930280387912E-11   6.4587235700539804E-21   2.0533591336380455E+03
   1.2776770000000000E+09   8.2481557039624240E+04   6.8264170815357018E-11   6.4021246267049241E-21   2.0512366463497015E+03
   1.2796770000000000E+09   8.2785606832677338E+04   6.7598449820093763E-11   6.3461653924104059E-21   2.0491437314727245E+03
   1.2816770000000000E+09   8.3089958063807178E+04   6.6941626159606036E-11   6.2908369759417798E-21   2.0470803940035205E+03
   1.2836770000000000E+09   8.3394608721777637E+04   6.6293561197351276E-11   6.2361306350276576E-21   2.0450466375384312E+03
   1.2856770000000000E+09   8.3699556512681796E+04   6.5654118748422562E-11   6.1820377739334097E-21   2.0430424642174612E+03
   1.2876770000000000E+09   8.4004798850416380E+04   6.5023165034838324E-11   6.1285499411915447E-21   2.0410678746675910E+03
   1.2896770000000000E+09   8.4310332845348777E+04   6.4400568642850208E-11   6.0756588274767791E-21   2.0391228679456544E+03
   1.2916770000000000E+09   8.4616155290729934E+04   6.3786200482201523E-11   6.0233562636214016E-21   2.0372074414806812E+03
   1.2936770000000000E+09   8.4922262646221890E+04   6.3179933747310975E-11   5.9716342187703047E-21   2.0353215910156437E+03
   1.2956770000000000E+09   8.5228651017733137E+04   6.2581643880386411E-11   5.9204847986781158E-21   2.0334653105484547E+03
   1.2976770000000000E+09   8.5535316132535110E+04   6.1991208536526726E-11   5.8699002441557937E-21   2.0316385922720685E+03
   1.2996770000000000E+09   8.5842253308526997E+04   6.1408507550893559E-11   5.8198729296765130E-21   2.0298414265134534E+03
   1.3016770000000000E+09   8.6149457416628662E+04   6.0833422908000678E-11   5.7703953621475149E-21   2.0280738016711750E+03
   1.3036770000000000E+09   8.6456922835803489E+04   6.0265838713045240E-11   5.7214601798429404E-21   2.0263357041512652E+03
   1.3056770000000000E+09   8.6764643401441150E+04   5.9705641164909846E-11   5.6730601514643762E-21   2.0246271183010929E+03
   1.3076770000000000E+09   8.7072612349988791E+04   5.9152718529955428E-11   5.6251881752469602E-21   2.0229480263409914E+03
   1.3096770000000000E+09   8.7380822265978597E+04   5.8606961114975548E-11   5.5778372779563125E-21   2.0212984082936468E+03
   1.3116770000000000E+09   8.7689265041917082E+04   5.8068261236710305E-11   5.5310006135268787E-21   2.0196782419116200E+03
   1.3136770000000000E+09   8.7997931866397746E+04   5.7536513184260995E-11   5.4846714609883110E-21   2.0180875026040269E+03
   1.3156770000000000E+09   8.8306813260287061E+04   5.7011613169850617E-11   5.4388432212369494E-21   2.0165261633642322E+03
   1.3176770000000000E+09   8.8615899183268572E+04   5.6493459263029576E-11   5.3935094121715356E-21   2.0149941947014722E+03
   1.3196770000000000E+09   8.8925179231309579E+04   5.5981951304114612E-11   5.3486636617733303E-21   2.0134915645804060E+03
   1.3216770000000000E+09   8.9234642937524171E+04   5.5476990794847479E-11   5.3042996989176232E-21   2.0120182383734493E+03
   1.3236770000000000E+09   8.9544280173020379E+04   5.4978480768228648E-11   5.2604113420828815E-21   2.0105741788310909E+03
   1.3256770000000000E+09   8.9854081620976867E+04   5.4486325645047587E-11   5.2169924866609665E-21   2.0091593460747818E+03
   1.3276770000000000E+09   9.0164039269639834E+04   5.4000431090930928E-11   5.1740370921856842E-21   2.0077736976151282E+03
   1.3296770000000000E+09   9.0474146844717019E+04   5.3520703893176686E-11   5.1315391713352460E-21   2.0064171883949475E+03
   1.3316770000000000E+09   9.0784400088132374E+04   5.3047051879067097E-11   5.0894927828172558E-21   2.0050897708525085E+03
   1.3336770000000000E+09   9.1094796798042618E+04   5.2579383894576420E-11   5.0478920299990269E-21   2.0037913949957037E+03
   1.3356770000000000E+09   9.1405336580728166E+04   5.2117609853195332E-11   5.0067310662781725E-21   2.0025220084742471E+03
   1.3376770000000000E+09   9.1716020326997299E+04   5.1661640849551773E-11   4.9660041067466831E-21   2.0012815566354561E+03
   1.3396770000000000E+09   9.2026849501386663E+04   5.1211389314833268E-11   4.9257054439899775E-21   2.0000699825510394E+03
   1.3416770000000000E+09   9.2337825398654604E+04   5.0766769176138210E-11   4.8858294644024955E-21   1.9988872270077841E+03
   1.3436770000000000E+09   9.2648948551211084E+04   5.0327695976097870E-11   4.8463706608051599E-21   1.9977332284632121E+03
   1.3456770000000000E+09   9.2960218442121361E+04   4.9894086916997876E-11   4.8073236378697895E-21   1.9966079229761410E+03
   1.3476770000000000E+09   9.3271633589156831E+04   4.9465860815247491E-11   4.7686831089121659E-21   1.9955112441285642E+03
   1.3496770000000000E+09   9.3583191940562232E+04   4.9042937981432421E-11   4.7304438854456714E-21   1.9944431229568404E+03
   1.3516770000000000E+09   9.3894891410045675E+04   4.8625240067350186E-11   4.6926008634349483E-21   1.9934034879057060E+03
   1.3536770000000000E+09   9.4206730329030572E+04   4.8212689932528922E-11   4.6551490113034421E-21   1.9923922648093455E+03
   1.3556770000000000E+09   9.4518707639027707E+04   4.7805211572011914E-11   4.6180833637594084E-21   1.9914093768932630E+03
   1.3576770000000000E+09   9.4830822773369902E+04   4.7402730117752222E-11   4.5813990226902821E-21   1.9904547447834327E+03
   1.3596770000000000E+09   9.5143075327445113E+04   4.7005171891114105E-11   4.5450911630076004E-21   1.9895282865085392E+03
   1.3616770000000000E+09   9.5455464712092624E+04   4.6612464461426014E-11   4.5091550391168068E-21   1.9886299174871456E+03
   1.3636770000000000E+09   9.5767989971904783E+04   4.6224536667651682E-11   4.4735859878519985E-21   1.9877595505011386E+03
   1.3656770000000000E+09   9.6080649835561708E+04   4.5841318585818343E-11   4.4383794261604854E-21   1.9869170956644300E+03
   1.3676770000000000E+09   9.6393442919448527E+04   4.5462741458313141E-11   4.4035308450575597E-21   1.9861024603975659E+03
   1.3696770000000000E+09   9.6706367921737168E+04   4.5088737621604262E-11   4.3690358033721028E-21   1.9853155494140326E+03
   1.3716770000000000E+09   9.7019423675000027E+04   4.4719240463834926E-11   4.3348899243383661E-21   1.9845562647163053E+03
   1.3736770000000000E+09   9.7332609043571603E+04   4.4354184418308589E-11   4.3010888956432144E-21   1.9838245055945429E+03
   1.3756770000000000E+09   9.7645922766354372E+04   4.3993504972732891E-11   4.2676284709998232E-21   1.9831201686213608E+03
   1.3776770000000000E+09   9.7959363370660736E+04   4.3637138666649593E-11   4.2345044705779886E-21   1.9824431476414131E+03
   1.3796770000000000E+09   9.8272929205905268E+04   4.3285023064682541E-11   4.2017127790779677E-21   1.9817933337599227E+03
   1.3816770000000000E+09   9.8586618538699418E+04   4.2937096716519647E-11   4.1692493424910653E-21   1.9811706153355099E+03
   1.3836770000000000E+09   9.8900429602785924E+04   4.2593299126051342E-11   4.1371101657191771E-21   1.9805748779792134E+03
   1.3856770000000000E+09   9.9214360530075952E+04   4.2253570745132867E-11   4.1052913125658226E-21   1.9800060045565856E+03
   1.3876770000000000E+09   9.9528409119527525E+04   4.1917852997048332E-11   4.0737889086108718E-21   1.9794638751864525E+03
   1.3896770000000000E+09   9.9842572268866948E+04   4.1586088350700584E-11   4.0425991490368421E-21   1.9789483672268834E+03
   1.3916770000000000E+09   1.0015684437215836E+05   4.1258220546629391E-11   4.0117183212875295E-21   1.9784593552267604E+03
   1.3936770000000000E+09   1.0047121262761203E+05   4.0934195285866090E-11   3.9811428729517751E-21   1.9779967107800132E+03
   1.3956770000000000E+09   1.0078564393325186E+05   4.0613962191300847E-11   3.9508696040372936E-21   1.9775603021085738E+03
   1.3976770000000000E+09   1.0110005057018380E+05   4.0297479992606697E-11   3.9208961744752038E-21   1.9771499929339252E+03
   1.3996770000000000E+09   1.0141420625844569E+05   3.9984729293983948E-11   3.8912223534269136E-21   1.9767656396032842E+03
   1.4016770000000000E+09   1.0172755601412730E+05   3.9675741708065638E-11   3.8618528703526413E-21   1.9764070842164849E+03
   1.4036770000000000E+09   1.0203882347511686E+05   3.9370660613191187E-11   3.8328033630217936E-21   1.9760741392598943E+03
   1.4056770000000000E+09   1.0234528958867212E+05   3.9069854316731780E-11   3.8041114631419214E-21   1.9757665557690134E+03
   1.4076770000000000E+09   1.0264166470487084E+05   3.8774096817618241E-11   3.7758545240429824E-21   1.9754839630213685E+03
   1.4096770000000000E+09   1.0291873187176204E+05   3.8484794066746910E-11   3.7481718639713982E-21   1.9752257663255612E+03
   1.4116770000000000E+09   1.0316253013217224E+05   3.8204141362217357E-11   3.7212803908726478E-21   1.9749909978366738E+03
   1.4136770000000000E+09   1.0335564756691623E+05   3.7934960999836605E-11   3.6954591113305016E-21   1.9747781443387512E+03
   1.4156770000000000E+09   1.0348240697310046E+05   3.7679903066403153E-11   3.6709714567517164E-21   1.9745850323832128E+03
   1.4176770000000000E+09   1.0353785287371359E+05   3.7439945007324409E-11   3.6479188610265025E-21   1.9744089168480045E+03
   1.4196770000000000E+09   1.0353588746700439E+05   3.7212868297815194E-11   3.6260914105548893E-21   1.9742469209039323E+03
   1.4216770000000000E+09   1.0350824693996673E+05   3.6993154609078616E-11   3.6049562209638277E-21   1.9740967981535653E+03
   1.4236770000000000E+09   1.0349098063097909E+05   3.6774195987622694E-11   3.5838715051206226E-21   1.9739576348679816E+03
   1.4256770000000000E+09   1.0350992424219751E+05   3.6551203342009006E-11   3.5623699458471662E-21   1.9738299420975172E+03
   1.4276770000000000E+09   1.0358339050739739E+05   3.6321330627500973E-11   3.5401719724242317E-21   1.9737150946043535E+03
   1.4296770000000000E+09   1.0373982099080883E+05   3.6080713070333000E-11   3.5168978033793669E-21   1.9736149900777343E+03
   1.4316770000000000E+09   1.0400071235553884E+05   3.5822948234305533E-11   3.4919189705728500E-21   1.9735323039672307E+03
   1.4336770000000000E+09   1.0453714784778508E+05   3.5554213302586305E-11   3.4658272005580323E-21   1.9734732284197735E+03
   1.4356770000000000E+09   1.0339803529306302E+05   3.5173634436524868E-11   3.4288010923638541E-21   1.9734313587193003E+03
   6.5767700000000000E+08  -8.2694905084490492E+03   3.3153776833216763E-12   4.3787039816582323E-23   9.1796264788242502E+02
   6.5967700000000000E+08  -7.4555033996673938E+03   6.0359487765595417E-12   7.6362914045232174E-23   9.5829812611926934E+02
   6.6167700000000000E+08  -6.7949389362637739E+03   9.6418970315673446E-12   1.1822779753260254E-22   9.8873629413650679E+02
   6.6367700000000000E+08  -5.9630935572249418E+03   1.4277806811374361E-11   1.7031314588130483E-22   1.0163678449594296E+03
   6.6567700000000000E+08  -5.0230472890885867E+03   2.0336113736246337E-11   2.3569500980744978E-22   1.0460565442918382E+03
   6.6767700000000000E+08  -4.2151449584829297E+03   2.8537131934933225E-11   3.2062250204268263E-22   1.0790806640570802E+03
   6.6967700000000000E+08  -3.6080072065356267E+03   3.9694701170863778E-11   4.3114668606414282E-22   1.1162078458060635E+03
   6.7167700000000000E+08  -3.0776508351689313E+03   5.4530467306044725E-11   5.7072997628276450E-22   1.1583668549301308E+03
   6.7367700000000000E+08  -2.4765643119127094E+03   7.3467976318524572E-11   7.3665030049982574E-22   1.2091336099519006E+03
   6.7567700000000000E+08  -1.6236345264392457E+03   9.6570438772926356E-11   9.1766444931781689E-22   1.2758449051155683E+03
   6.7767700000000000E+08  -4.2152157840456709E+02   1.2357560315798527E-10   1.0952401743057746E-21   1.3679208195526382E+03
   6.7967700000000000E+08   1.0515046692780199E+03   1.5378815609290638E-10   1.2523818595603432E-21   1.4887566272946945E+03
   6.8167700000000000E+08   2.6798215166259884E+03   1.8612481373184001E-10   1.3850756447495543E-21   1.6291773732147642E+03
   6.8367700000000000E+08   4.4392611172713641E+03   2.1920044484914857E-10   1.4978406237914699E-21   1.7742442741049581E+03
   6.8567700000000000E+08   6.4257969250626793E+03   2.5168046161685850E-10   1.5951515021437272E-21   1.9128686561561703E+03
   6.8767700000000000E+08   8.7232025716910812E+03   2.8253248105077486E-10   1.6790589482304693E-21   2.0400463088501901E+03
   6.8967700000000000E+08   1.1361905106073671E+04   3.1108045971677507E-10   1.7503072688581540E-21   2.1547456966212471E+03
   6.9167700000000000E+08   1.4319407466395271E+04   3.3695513495669423E-10   1.8094001559223405E-21   2.2577457945892506E+03
   6.9367700000000000E+08   1.7568806925851903E+04   3.6008171039976799E-10   1.8575343579394649E-21   2.3501836127636702E+03
   6.9567700000000000E+08   2.1080893672577095E+04   3.8043950640389957E-10   1.8952586894376840E-21   2.4336308347311683E+03
   6.9767700000000000E+08   2.4812074517829304E+04   3.9812894547613731E-10   1.9234513218583566E-21   2.5094592058036164E+03
   6.9967700000000000E+08   2.8724811641075536E+04   4.1330952625541093E-10   1.9430817609240921E-21   2.5788253246656027E+03
   7.0167700000000000E+08   3.2787523327860603E+04   4.2616830043994062E-10   1.9551121649293652E-21   2.6426950481736676E+03
   7.0367700000000000E+08   3.6973553473718304E+04   4.3689987099855450E-10   1.9604445727721706E-21   2.7018730205105794E+03
   7.0567700000000000E+08   4.1259980139014180E+04   4.4569419362901706E-10   1.9598958664860945E-21   2.7570304685580813E+03
   7.0767700000000000E+08   4.5626548296160872E+04   4.5272961255493382E-10   1.9541895885561582E-21   2.8087287088388744E+03
   7.0967700000000000E+08   5.0054824813138468E+04   4.5816929000336277E-10   1.9439573401259582E-21   2.8574381072744995E+03
   7.1167700000000000E+08   5.4527582832800115E+04   4.6215977780647241E-10   1.9297451353056406E-21   2.9035531298817941E+03
   7.1367700000000000E+08   5.9028418509064148E+04   4.6483093374465909E-10   1.9120220047306103E-21   2.9474043636194624E+03
   7.1567700000000000E+08   6.3541615840139741E+04   4.6629673475027362E-10   1.8911895376589253E-21   2.9892683507242941E+03
   7.1767700000000000E+08   6.8052283052049082E+04   4.6665677855689641E-10   1.8675919538419844E-21   3.0293759328838028E+03
   7.1967700000000000E+08   7.2546765084719926E+04   4.6599838974553071E-10   1.8415267284041124E-21   3.0679196112868672E+03
   7.2167700000000000E+08   7.7013288975327800E+04   4.6439925527569610E-10   1.8132557886389127E-21   3.1050602270894906E+03
   7.2367700000000000E+08   8.1442734896744529E+04   4.6193043133534845E-10   1.7830169708734111E-21   3.1409330790257704E+03
   7.2567700000000000E+08   8.5829371316906254E+04   4.5865943767522355E-10   1.7510349641810688E-21   3.1756534464349024E+03
   7.2767700000000000E+08   9.0171376126596457E+04   4.5465305548780804E-10   1.7175306205461144E-21   3.2093213990932195E+03
   7.2967700000000000E+08   9.4471001921329094E+04   4.4997943184671724E-10   1.6827274837916828E-21   3.2420257599289257E+03
   7.3167700000000000E+08   9.8734325380127979E+04   4.4470919468928376E-10   1.6468547550937977E-21   3.2738471347571167E+03
   7.3367700000000000E+08   1.0297061958022979E+05   4.3891547478604712E-10   1.6101465703164781E-21   3.3048600099177233E+03
   7.3567700000000000E+08   1.0719146909212398E+05   4.3267295266879027E-10   1.5728381848892942E-21   3.3351340120216328E+03
   7.3767700000000000E+08   1.1140978619282093E+05   4.2605622668405433E-10   1.5351601996948681E-21   3.3647344959768866E+03
   7.3967700000000000E+08   1.1563887799182728E+05   4.1913788363369863E-10   1.4973321646498252E-21   3.3937226626110487E+03
   7.4167700000000000E+08   1.1989167206550456E+05   4.1198663654610277E-10   1.4595567576369336E-21   3.4221554044026489E+03
   7.4367700000000000E+08   1.2418015347443156E+05   4.0466580148514309E-10   1.4220153649681807E-21   3.4500850465435879E+03
   7.4567700000000000E+08   1.2851501715494714E+05   3.9723226026978265E-10   1.3848654412537842E-21   3.4775591046253298E+03
   7.4767700000000000E+08   1.3290550661485156E+05   3.8973593840781970E-10   1.3482396335827166E-21   3.5046201324744097E+03
   7.4967700000000000E+08   1.3735939420459422E+05   3.8221974182732353E-10   1.3122463896583116E-21   3.5313056927837220E+03
   7.5167700000000000E+08   1.4188305628288249E+05   3.7471984923535251E-10   1.2769716441793198E-21   3.5576484532643431E+03
   7.5367700000000000E+08   1.4648160289634499E+05   3.6726624389420737E-10   1.2424811650527860E-21   3.5836763924546635E+03
   7.5567700000000000E+08   1.5115903130132632E+05   3.5988337841235789E-10   1.2088231987428124E-21   3.6094130902524030E+03
   7.5767700000000000E+08   1.5591838249899479E+05   3.5259088765261342E-10   1.1760311427524190E-21   3.6348780760162158E+03
   7.5967700000000000E+08   1.6076188823119947E+05   3.4540428948510736E-10   1.1441260646389320E-21   3.6600872091089936E+03
   7.6167700000000000E+08   1.6569110203761997E+05   3.3833563558936085E-10   1.1131189651872902E-21   3.6850530709261366E+03
   7.6367700000000000E+08   1.7070701211030292E+05   3.3139409240717448E-10   1.0830127423249930E-21   3.7097853523060821E+03
   7.6567700000000000E+08   1.7581013619402365E+05   3.2458644516496623E-10   1.0538038521734196E-21   3.7342912248685825E+03
   7.6767700000000000E+08   1.8100060012380613E+05   3.1791752618073473E-10   1.0254836874859955E-21   3.7585756888188148E+03
   7.6967700000000000E+08   1.8627820216377886E+05   3.1139057343229228E-10   9.9803970575731690E-22   3.7826418929356264E+03
   7.7167700000000000E+08   1.9164246542025611E+05   3.0500752761522348E-10   9.7145634337812528E-22   3.8064914248471323E+03
   7.7367700000000000E+08   1.9709268045938926E+05   2.9876927653854567E-10   9.4571575147365554E-22   3.8301245713893154E+03
   7.7567700000000000E+08   2.0262794000262782E+05   2.9267585536157549E-10   9.2079838574848834E-22   3.8535405499768926E+03
   7.7767700000000000E+08   2.0824716728264480E+05   2.8672661033353597E-10   8.9668347826043241E-22   3.8767377126224746E+03
   7.7967700000000000E+08   2.1394913936203910E+05   2.8092033265941630E-10   8.7334941446409382E-22   3.8997137246353514E+03
   7.8167700000000000E+08   2.1973250646743507E+05   2.7525536806082027E-10   8.5077403459432026E-22   3.9224657202082490E+03
   7.8367700000000000E+08   2.2559580817937152E+05   2.6972970662496275E-10   8.2893487472590160E-22   3.9449904371308926E+03
   7.8567700000000000E+08   2.3153748714325129E+05   2.6434105668114072E-10   8.0780935971256552E-22   3.9672843328055874E+03
   7.8767700000000000E+08   2.3755590082480985E+05   2.5908690572295792E-10   7.8737495765137015E-22   3.9893436836201754E+03
   7.8967700000000000E+08   2.4364933172017109E+05   2.5396457080006802E-10   7.6760930347198603E-22   4.0111646695831978E+03
   7.9167700000000000E+08   2.4981599634057871E+05   2.4897124032104623E-10   7.4849029763415734E-22   4.0327434459624742E+03
   7.9367700000000000E+08   2.5605405322085280E+05   2.4410400882224721E-10   7.2999618465159529E-22   4.0540762035028220E+03
   7.9567700000000000E+08   2.6236161014465586E+05   2.3935990594950887E-10   7.1210561517582505E-22   4.0751592186380994E+03
   7.9767700000000000E+08   2.6873673073564935E+05   2.3473592065528362E-10   6.9479769460889919E-22   4.0959888949614051E+03
   7.9967700000000000E+08   2.7517744052899629E+05   2.3022902142039440E-10   6.7805202062033832E-22   4.1165617970771582E+03
   8.0167700000000000E+08   2.8168173261044390E+05   2.2583617315648246E-10   6.6184871148198259E-22   4.1368746778306722E+03
   8.0367700000000000E+08   2.8824757288880809E+05   2.2155435132377241E-10   6.4616842677401518E-22   4.1569244997950645E+03
   8.0567700000000000E+08   2.9487290505084163E+05   2.1738055370216398E-10   6.3099238173253195E-22   4.1767084517910880E+03
   8.0767700000000000E+08   3.0155565523426369E+05   2.1331181017649817E-10   6.1630235628549760E-22   4.1962239611224968E+03
   8.0967700000000000E+08   3.0829373644446663E+05   2.0934519083490271E-10   6.0208069964591697E-22   4.2154687021266354E+03
   8.1167700000000000E+08   3.1508505273247510E+05   2.0547781262913414E-10   5.8831033118805195E-22   4.2344406015665190E+03
   8.1367700000000000E+08   3.2192750314579078E+05   2.0170684480522368E-10   5.7497473821655334E-22   4.2531378413255916E+03
   8.1567700000000000E+08   3.2881898545943561E+05   1.9802951327956250E-10   5.6205797114349166E-22   4.2715588588091314E+03
   8.1767700000000000E+08   3.3575739969157299E+05   1.9444310410829072E-10   5.4954463650994797E-22   4.2897023454057153E+03
   8.1967700000000000E+08   3.4274065140638663E+05   1.9094496617529069E-10   5.3741988822356467E-22   4.3075672433178852E+03
   8.2167700000000000E+08   3.4976665480625228E+05   1.8753251320535883E-10   5.2566941732880463E-22   4.3251527410323079E+03
   8.2367700000000000E+08   3.5683333561545273E+05   1.8420322519352564E-10   5.1427944058062564E-22   4.3424582676657628E+03
   8.2567700000000000E+08   3.6393863375868351E+05   1.8095464932846574E-10   5.0323668805336677E-22   4.3594834863935139E+03
   8.2767700000000000E+08   3.7108050583915715E+05   1.7778440047709507E-10   4.9252838998377101E-22   4.3762282871407988E+03
   8.2967700000000000E+08   3.7825692742305825E+05   1.7469016128842069E-10   4.8214226301929255E-22   4.3926927786953329E+03
   8.3167700000000000E+08   3.8546589513925591E+05   1.7166968196726833E-10   4.7206649601950878E-22   4.4088772803790253E+03
   8.3367700000000000E+08   3.9270542860529799E+05   1.6872077976238291E-10   4.6228973553887877E-22   4.4247823133995362E+03
   8.3567700000000000E+08   3.9997357219259109E+05   1.6584133820842258E-10   4.5280107110280694E-22   4.4404085919869631E+03
   8.3767700000000000E+08   4.0726839664515405E+05   1.6302930615731588E-10   4.4359002037537701E-22   4.4557570144072306E+03
   8.3967700000000000E+08   4.1458800056716782E+05   1.6028269663119091E-10   4.3464651430585150E-22   4.4708286539314695E+03
   8.4167700000000000E+08   4.2193051179462549E+05   1.5759958552642058E-10   4.2596088233155435E-22   4.4856247498296234E+03
   8.4367700000000000E+08   4.2929408866572822E+05   1.5497811019608970E-10   4.1752383770662325E-22   4.5001466984463632E+03
   8.4567700000000000E+08   4.3667692120314704E+05   1.5241646793625845E-10   4.0932646301899818E-22   4.5143960444081458E+03
   8.4767700000000000E+08   4.4407723221899918E+05   1.4991291439961312E-10   4.0136019595148706E-22   4.5283744720017175E+03
   8.4967700000000000E+08   4.5149327835054731E+05   1.4746576195835012E-10   3.9361681533652348E-22   4.5420837967565612E+03
   8.5167700000000000E+08   4.5892335103134438E+05   1.4507337803635127E-10   3.8608842754810495E-22   4.5555259572564364E+03
   8.5367700000000000E+08   4.6636577739911707E+05   1.4273418342881097E-10   3.7876745326816815E-22   4.5687030071987765E+03
   8.5567700000000000E+08   4.7381892113830318E+05   1.4044665062544254E-10   3.7164661465829409E-22   4.5816171077146946E+03
   8.5767700000000000E+08   4.8128118325218238E+05   1.3820930215121674E-10   3.6471892296109006E-22   4.5942705199571819E+03
   8.5967700000000000E+08   4.8875100275710237E+05   1.3602070893630539E-10   3.5797766654897987E-22   4.6066655979606576E+03
   8.6167700000000000E+08   4.9622685728965944E+05   1.3387948872455676E-10   3.5141639943153832E-22   4.6188047817712368E+03
   8.6367700000000000E+08   5.0370726361695229E+05   1.3178430452748743E-10   3.4502893022610250E-22   4.6306905908441558E+03
   8.6567700000000000E+08   5.1119077804022346E+05   1.2973386312851333E-10   3.3880931159036998E-22   4.6423256177025596E+03
   8.6767700000000000E+08   5.1867599668333668E+05   1.2772691364002482E-10   3.3275183011020379E-22   4.6537125218502424E+03
   8.6967700000000000E+08   5.2616155565948237E+05   1.2576224611402241E-10   3.2685099663109401E-22   4.6648540239301219E+03
   8.7167700000000000E+08   5.3364613111214561E+05   1.2383869020540925E-10   3.2110153701777384E-22   4.6757529001198154E+03
   8.7367700000000000E+08   5.4112843912942475E+05   1.2195511388574397E-10   3.1549838332346772E-22   4.6864119767557950E+03
   8.7567700000000000E+08   5.4860723553410044E+05   1.2011042220429772E-10   3.1003666534815994E-22   4.6968341251781494E+03
   8.7767700000000000E+08   5.5608131555518787E+05   1.1830355609263860E-10   3.0471170256410396E-22   4.7070222567886130E+03
   8.7967700000000000E+08   5.6354951338972058E+05   1.1653349120868034E-10   2.9951899638651690E-22   4.7169793183154670E+03
   8.8167700000000000E+08   5.7101070166629681E+05   1.1479923681611003E-10   2.9445422276780987E-22   4.7267082872799028E+03
   8.8367700000000000E+08   5.7846379082416417E+05   1.1309983469532922E-10   2.8951322509475000E-22   4.7362121676591651E+03
   8.8567700000000000E+08   5.8590772842374793E+05   1.1143435808238306E-10   2.8469200736926548E-22   4.7454939857428872E+03
   8.8767700000000000E+08   5.9334149840713292E+05   1.0980191063269692E-10   2.7998672765494044E-22   4.7545567861796198E+03
   8.8967700000000000E+08   6.0076412033191463E+05   1.0820162540652330E-10   2.7539369177187775E-22   4.7634036282113784E+03
   8.9167700000000000E+08   6.0817464861331705E+05   1.0663266387235588E-10   2.7090934722137164E-22   4.7720375820949494E+03
   8.9367700000000000E+08   6.1557217183616129E+05   1.0509421492231163E-10   2.6653027731649535E-22   4.7804617257102464E+03
   8.9567700000000000E+08   6.2295581225678371E+05   1.0358549388805559E-10   2.6225319548135819E-22   4.7886791413587525E+03
   8.9767700000000000E+08   6.3032472573243675E+05   1.0210574153491806E-10   2.5807493965460512E-22   4.7966929127603598E+03
   8.9967700000000000E+08   6.3767810252605635E+05   1.0065422299291605E-10   2.5399246668553518E-22   4.8045061222656950E+03
   9.0167700000000000E+08   6.4501516975496442E+05   9.9230226556294514E-11   2.5000284654385569E-22   4.8121218483147422E+03
   9.0367700000000000E+08   6.5233519661606685E+05   9.7833062256555104E-11   2.4610325609854380E-22   4.8195431631899955E+03
   9.0567700000000000E+08   6.5963750364395906E+05   9.6462060116359195E-11   2.4229097222951787E-22   4.8267731311294956E+03
   9.0767700000000000E+08   6.6692147647269594E+05   9.5116568083962645E-11   2.3856336426959147E-22   4.8338148068717737E+03
   9.0967700000000000E+08   6.7418658179033478E+05   9.3795949919222895E-11   2.3491788645456510E-22   4.8406712346851618E+03
   9.1167700000000000E+08   6.8143237741205504E+05   9.2499583816228601E-11   2.3135207234024040E-22   4.8473454478670019E+03
   9.1367700000000000E+08   6.8865850036878127E+05   9.1226863199923657E-11   2.2786353476027949E-22   4.8538404685531123E+03
   9.1567700000000000E+08   6.9586461163362092E+05   8.9977201446905460E-11   2.2444997565592460E-22   4.8601593074004268E+03
   9.1767700000000000E+08   7.0305028441745671E+05   8.8750041330236435E-11   2.2110920772279147E-22   4.8663049622122526E+03
   9.1967700000000000E+08   7.1021485649678402E+05   8.7544866902740091E-11   2.1783918215875548E-22   4.8722804138925494E+03
   9.2167700000000000E+08   7.1735732291672821E+05   8.6361210811690144E-11   2.1463800514138460E-22   4.8780886176207978E+03
   9.2367700000000000E+08   7.2447638273407845E+05   8.5198647381185106E-11   2.1150391916364739E-22   4.8837324885368380E+03
   9.2567700000000000E+08   7.3157070712570823E+05   8.4056766513969642E-11   2.0843523707552807E-22   4.8892148853297231E+03
   9.2767700000000000E+08   7.3863932380808855E+05   8.2935138987022769E-11   2.0543025488467803E-22   4.8945386031239450E+03
   9.2967700000000000E+08   7.4568183426237328E+05   8.1833297995217973E-11   2.0248720435309164E-22   4.8997063905475943E+03
   9.3167700000000000E+08   7.5269830062455928E+05   8.0750749157441142E-11   1.9960427562599564E-22   4.9047209839368270E+03
   9.3367700000000000E+08   7.5968899444027536E+05   7.9686991396175815E-11   1.9677966647985962E-22   4.9095851468704168E+03
   9.3567700000000000E+08   7.6665472072340816E+05   7.8641467266104080E-11   1.9401145766975934E-22   4.9143017021527730E+03
   9.3767700000000000E+08   7.7359897695568146E+05   7.7613290122534584E-11   1.9129694239121791E-22   4.9188734782400388E+03
   9.3967700000000000E+08   7.8053163725061784E+05   7.6600819191465248E-11   1.8863158629386381E-22   4.9233032115084306E+03
   9.4167700000000000E+08   7.8746981560154539E+05   7.5601647453023224E-11   1.8600899728750272E-22   4.9275937318575416E+03
   9.4367700000000000E+08   7.9443126767972915E+05   7.4613493169088870E-11   1.8342310303335728E-22   4.9317485186253480E+03
   9.4567700000000000E+08   8.0142308470581227E+05   7.3635508841031773E-11   1.8087135427567407E-22   4.9357719799347378E+03
   9.4767700000000000E+08   8.0843499276245863E+05   7.2668865418424689E-11   1.7835616228812371E-22   4.9396689822278886E+03
   9.4967700000000000E+08   8.1544490680136171E+05   7.1715970458273426E-11   1.7588299036114191E-22   4.9434440718402302E+03
   9.5167700000000000E+08   8.2243036301693413E+05   7.0779922285008589E-11   1.7345927516630793E-22   4.9470937494193604E+03
   9.5367700000000000E+08   8.2927204937012913E+05   6.9871382767862195E-11   1.7111024959720290E-22   4.9506349058866981E+03
   9.5567700000000000E+08   8.3600721370266785E+05   6.8986058481298114E-11   1.6882548685180748E-22   4.9540559575081888E+03
   9.5767700000000000E+08   8.4268799533280695E+05   6.8117866784475697E-11   1.6658994521767605E-22   4.9573529415197800E+03
   9.5967700000000000E+08   8.4933052906698140E+05   6.7264846759075280E-11   1.6439828486451732E-22   4.9605343478554014E+03
   9.6167700000000000E+08   8.5594048502242425E+05   6.6426092430646903E-11   1.6224801249862619E-22   4.9636014902829029E+03
   9.6367700000000000E+08   8.6251983824471454E+05   6.5601097456426996E-11   1.6013761040766964E-22   4.9665561241359092E+03
   9.6567700000000000E+08   8.6906935621078254E+05   6.4789498012449389E-11   1.5806591047430284E-22   4.9694003257764734E+03
   9.6767700000000000E+08   8.7558935336612212E+05   6.3990989140595151E-11   1.5603189694584430E-22   4.9721362527113815E+03
   9.6967700000000000E+08   8.8207994210502238E+05   6.3205294369296392E-11   1.5403463415770136E-22   4.9747660655919426E+03
   9.7167700000000000E+08   8.8854114122659608E+05   6.2432153040685984E-11   1.5207323578893680E-22   4.9772919052628358E+03
   9.7367700000000000E+08   8.9497293427690549E+05   6.1671314497721154E-11   1.5014685040661138E-22   4.9797158858059929E+03
   9.7567700000000000E+08   9.0137530108888855E+05   6.0922535301527733E-11   1.4825465428272364E-22   4.9820400926587381E+03
   9.7767700000000000E+08   9.0774823207906086E+05   6.0185577948973820E-11   1.4639584784911571E-22   4.9842665823250427E+03
   9.7967700000000000E+08   9.1409173305551964E+05   5.9460210336943272E-11   1.4456965398576140E-22   4.9863973823822189E+03
   9.8167700000000000E+08   9.2040582592895697E+05   5.8746205570420782E-11   1.4277531716427200E-22   4.9884344915237916E+03
   9.8367700000000000E+08   9.2669054764672904E+05   5.8043341929180122E-11   1.4101210299054306E-22   4.9903798797347808E+03
   9.8567700000000000E+08   9.3294594834825816E+05   5.7351402886566173E-11   1.3927929788813616E-22   4.9922354885360091E+03
   9.8767700000000000E+08   9.3917208957570523E+05   5.6670177099891250E-11   1.3757620873031330E-22   4.9940032311480436E+03
   9.8967700000000000E+08   9.4536904260447493E+05   5.5999458374552556E-11   1.3590216242524692E-22   4.9956849925727956E+03
   9.9167700000000000E+08   9.5153688558718236E+05   5.5339045718761039E-11   1.3425650573508171E-22   4.9972826296767953E+03
   9.9367700000000000E+08   9.5767569716959912E+05   5.4688743665956835E-11   1.3263860575566438E-22   4.9987979713365075E+03
   9.9567700000000000E+08   9.6378554444827908E+05   5.4048362975646583E-11   1.3104785132237777E-22   5.0002328186994155E+03
   9.9767700000000000E+08   9.6986646593229135E+05   5.3417721565039888E-11   1.2948365498488754E-22   5.0015889454687804E+03
   9.9967700000000000E+08   9.7591845541326713E+05   5.2796645150320072E-11   1.2794545429490342E-22   5.0028680978996053E+03
   1.0016770000000000E+09   9.8194145726096968E+05   5.2184966850031430E-11   1.2643271059579419E-22   5.0040719945392375E+03
   1.0036770000000000E+09   9.8793538769062608E+05   5.1582524912853461E-11   1.2494490330958209E-22   5.0052023248599644E+03
   1.0056770000000000E+09   9.9390018743369728E+05   5.0989158537375437E-11   1.2348151962902418E-22   5.0062607474937467E+03
   1.0076770000000000E+09   9.9983589302608976E+05   5.0404703014364918E-11   1.2204204254780169E-22   5.0072488901173438E+03
   1.0096770000000000E+09   1.0057427036476610E+06   4.9828985901616922E-11   1.2062594134239942E-22   5.0081683521706627E+03
   1.0116770000000000E+09   1.0116210267439174E+06   4.9261824953379047E-11   1.1923266626658590E-22   5.0090207098049905E+03
   1.0136770000000000E+09   1.0174715087836984E+06   4.8703027771912966E-11   1.1786164760369173E-22   5.0098075134124419E+03
   1.0156770000000000E+09   1.0232949887928580E+06   4.8152396646168320E-11   1.1651230698787839E-22   5.0105302972023865E+03
   1.0176770000000000E+09   1.0290923794560627E+06   4.7609736878466005E-11   1.1518407717058117E-22   5.0111905888272540E+03
   1.0196770000000000E+09   1.0348645499881803E+06   4.7074864126617689E-11   1.1387641975700433E-22   5.0117899036955841E+03
   1.0216770000000000E+09   1.0406122156073393E+06   4.6547610566571538E-11   1.1258883994835475E-22   5.0123297449410302E+03
   1.0236770000000000E+09   1.0463358586684967E+06   4.6027828382200671E-11   1.1132089490306166E-22   5.0128115996621000E+03
   1.0256770000000000E+09   1.0520356965033512E+06   4.5515390059048569E-11   1.1007219440794870E-22   5.0132369334466266E+03
   1.0276770000000000E+09   1.0577116961915770E+06   4.5010185876822330E-11   1.0884239477473078E-22   5.0136071851185470E+03
   1.0296770000000000E+09   1.0633636254313872E+06   4.4512119564788820E-11   1.0763118827577684E-22   5.0139237626748136E+03
   1.0316770000000000E+09   1.0689911229635430E+06   4.4021103271459588E-11   1.0643829089426575E-22   5.0141880409265677E+03
   1.0336770000000000E+09   1.0745937719042485E+06   4.3537052851386654E-11   1.0526343081369410E-22   5.0144013608679888E+03
   1.0356770000000000E+09   1.0801711632203055E+06   4.3059884131199255E-11   1.0410633925410916E-22   5.0145650304506707E+03
   1.0376770000000000E+09   1.0857229421912883E+06   4.2589510434206581E-11   1.0296674433955396E-22   5.0146803262821049E+03
   1.0396770000000000E+09   1.0912488360663590E+06   4.2125841327556095E-11   1.0184436791852519E-22   5.0147484957687911E+03
   1.0416770000000000E+09   1.0967486650119228E+06   4.1668782359621241E-11   1.0073892478251611E-22   5.0147707593285941E+03
   1.0436770000000000E+09   1.1022223404880837E+06   4.1218235478196094E-11   9.9650123538683848E-23   5.0147483124356513E+03
   1.0456770000000000E+09   1.1076698556548746E+06   4.0774099831283738E-11   9.8577668417534365E-23   5.0146823273825339E+03
   1.0476770000000000E+09   1.1130912718453368E+06   4.0336272712266969E-11   9.7521261440053027E-23   5.0145739547284302E+03
   1.0496770000000000E+09   1.1184867040998687E+06   3.9904650486915404E-11   9.6480604550712064E-23   5.0144243244532208E+03
   1.0516770000000000E+09   1.1238563076508080E+06   3.9479129409324720E-11   9.5455401490722482E-23   5.0142345468610411E+03
   1.0536770000000000E+09   1.1292002663242894E+06   3.9059606287021091E-11   9.4445359314270361E-23   5.0140057132819220E+03
   1.0556770000000000E+09   1.1345187831751660E+06   3.8645978990294589E-11   9.3450189534757443E-23   5.0137388966160261E+03
   1.0576770000000000E+09   1.1398120732750222E+06   3.8238146820289311E-11   9.2469608935232455E-23   5.0134351517590221E+03
   1.0596770000000000E+09   1.1450803583766348E+06   3.7836010758822807E-11   9.1503340097756269E-23   5.0130955159398691E+03
   1.0616770000000000E+09   1.1503238631130159E+06   3.7439473624538657E-11   9.0551111710521850E-23   5.0127210089957316E+03
   1.0636770000000000E+09   1.1555428123969152E+06   3.7048440158078152E-11   8.9612658707024706E-23   5.0123126336036303E+03
   1.0656770000000000E+09   1.1607374297276351E+06   3.6662817055565447E-11   8.8687722283481999E-23   5.0118713754839428E+03
   1.0676770000000000E+09   1.1659079361627707E+06   3.6282512966004647E-11   8.7776049831852079E-23   5.0113982035871268E+03
   1.0696770000000000E+09   1.1710545497607009E+06   3.5907438464767948E-11   8.6877394817615008E-23   5.0108940702719337E+03
   1.0716770000000000E+09   1.1761774853418525E+06   3.5537506012382431E-11   8.5991516624351650E-23   5.0103599114809222E+03
   1.0736770000000000E+09   1.1812769544526616E+06   3.5172629905322199E-11   8.5118180381167227E-23   5.0097966469168459E+03
   1.0756770000000000E+09   1.1863531654467327E+06   3.4812726223448300E-11   8.4257156784053322E-23   5.0092051802219376E+03
   1.0776770000000000E+09   1.1914063236236693E+06   3.4457712777078859E-11   8.3408221918301662E-23   5.0085863991607057E+03
   1.0796770000000000E+09   1.1964366313872181E+06   3.4107509055405025E-11   8.2571157086035324E-23   5.0079411758063579E+03
   1.0816770000000000E+09   1.2014442884006556E+06   3.3762036177065779E-11   8.1745748640757423E-23   5.0072703667302230E+03
   1.0836770000000000E+09   1.2064294917282832E+06   3.3421216843133486E-11   8.0931787829459125E-23   5.0065748131938344E+03
   1.0856770000000000E+09   1.2113924359584628E+06   3.3084975292458294E-11   8.0129070642102614E-23   5.0058553413429772E+03
   1.0876770000000000E+09   1.2163333133066325E+06   3.2753237259208093E-11   7.9337397668021889E-23   5.0051127624033898E+03
   1.0896770000000000E+09   1.2212523136978634E+06   3.2425929932427403E-11   7.8556573958757397E-23   5.0043478728776263E+03
   1.0916770000000000E+09   1.2261496248289468E+06   3.2102981917463867E-11   7.7786408896902134E-23   5.0035614547427040E+03
   1.0936770000000000E+09   1.2310254322104733E+06   3.1784323199137393E-11   7.7026716070606123E-23   5.0027542756479907E+03
   1.0956770000000000E+09   1.2358799191902308E+06   3.1469885106537277E-11   7.6277313153409732E-23   5.0019270891129690E+03
   1.0976770000000000E+09   1.2407132669602891E+06   3.1159600279331643E-11   7.5538021789080514E-23   5.0010806347242633E+03
   1.0996770000000000E+09   1.2455256545510723E+06   3.0853402635470211E-11   7.4808667481115095E-23   5.0002156383317242E+03
   1.1016770000000000E+09   1.2503172588163021E+06   3.0551227340158341E-11   7.4089079486567673E-23   4.9993328122430194E+03
   1.1036770000000000E+09   1.2550882544126629E+06   3.0253010775992981E-11   7.3379090713890795E-23   4.9984328554167460E+03
   1.1056770000000000E+09   1.2598388137776493E+06   2.9958690514161703E-11   7.2678537624506758E-23   4.9975164536536822E+03
   1.1076770000000000E+09   1.2645691071081744E+06   2.9668205286628800E-11   7.1987260137878962E-23   4.9965842797862642E+03
   1.1096770000000000E+09   1.2692793023416048E+06   2.9381494959247399E-11   7.1305101539894293E-23   4.9956369938660746E+03
   1.1116770000000000E+09   1.2739695651399156E+06   2.9098500505754491E-11   7.0631908394408386E-23   4.9946752433494794E+03
   1.1136770000000000E+09   1.2786400588768518E+06   2.8819163982612912E-11   6.9967530457830348E-23   4.9936996632811351E+03
   1.1156770000000000E+09   1.2832909446273383E+06   2.8543428504673875E-11   6.9311820596641351E-23   4.9927108764755812E+03
   1.1176770000000000E+09   1.2879223811580297E+06   2.8271238221632822E-11   6.8664634707748614E-23   4.9917094936966205E+03
   1.1196770000000000E+09   1.2925345249176351E+06   2.8002538295253985E-11   6.8025831641577346E-23   4.9906961138346524E+03
   1.1216770000000000E+09   1.2971275300256724E+06   2.7737274877336892E-11   6.7395273127805455E-23   4.9896713240817107E+03
   1.1236770000000000E+09   1.3017015482583586E+06   2.7475395088398714E-11   6.6772823703644315E-23   4.9886357001042679E+03
   1.1256770000000000E+09   1.3062567290306278E+06   2.7216846997042903E-11   6.6158350644565585E-23   4.9875898062135984E+03
   1.1276770000000000E+09   1.3107932193734844E+06   2.6961579599986181E-11   6.5551723897375241E-23   4.9865341955337826E+03
   1.1296770000000000E+09   1.3153111639063756E+06   2.6709542802711364E-11   6.4952816015530471E-23   4.9854694101671002E+03
   1.1316770000000000E+09   1.3198107048045641E+06   2.6460687400715574E-11   6.4361502096596546E-23   4.9843959813568999E+03
   1.1336770000000000E+09   1.3242919817620348E+06   2.6214965061317499E-11   6.3777659721731558E-23   4.9833144296477521E+03
   1.1356770000000000E+09   1.3287551319509088E+06   2.5972328305986815E-11   6.3201168897082679E-23   4.9822252650429491E+03
   1.1376770000000000E+09   1.3332002899788145E+06   2.5732730493155016E-11   6.2631911996972183E-23   4.9811289871592035E+03
   1.1396770000000000E+09   1.3376275878462035E+06   2.5496125801462868E-11   6.2069773708738836E-23   4.9800260853786785E+03
   1.1416770000000000E+09   1.3420371549060433E+06   2.5262469213395805E-11   6.1514640979095593E-23   4.9789170389981718E+03
   1.1436770000000000E+09   1.3464291178287645E+06   2.5031716499256984E-11   6.0966402961855692E-23   4.9778023173757083E+03
   1.1456770000000000E+09   1.3508036005757535E+06   2.4803824201423059E-11   6.0424950966873313E-23   4.9766823800744696E+03
   1.1476770000000000E+09   1.3551607243849807E+06   2.4578749618827751E-11   5.9890178410042732E-23   4.9755576770041625E+03
   1.1496770000000000E+09   1.3595006077725664E+06   2.4356450791618809E-11   5.9361980764200460E-23   4.9744286485601142E+03
   1.1516770000000000E+09   1.3638233665542158E+06   2.4136886485935047E-11   5.8840255510781071E-23   4.9732957257600929E+03
   1.1536770000000000E+09   1.3681291138904013E+06   2.3920016178754896E-11   5.8324902092086071E-23   4.9721593303791806E+03
   1.1556770000000000E+09   1.3724179603589098E+06   2.3705800042775982E-11   5.7815821864046396E-23   4.9710198750829413E+03
   1.1576770000000000E+09   1.3766900140580670E+06   2.3494198931291136E-11   5.7312918049374693E-23   4.9698777635590941E+03
   1.1596770000000000E+09   1.3809453807432319E+06   2.3285174363041590E-11   5.6816095691039765E-23   4.9687333906480608E+03
   1.1616770000000000E+09   1.3851841639983936E+06   2.3078688507039809E-11   5.6325261606025215E-23   4.9675871424727384E+03
   1.1636770000000000E+09   1.3894064654436675E+06   2.2874704167369672E-11   5.5840324339373723E-23   4.9664393965677182E+03
   1.1656770000000000E+09   1.3936123849782401E+06   2.2673184767990447E-11   5.5361194118562062E-23   4.9652905220084467E+03
   1.1676770000000000E+09   1.3978020210569154E+06   2.2474094337587965E-11   5.4887782808297429E-23   4.9641408795405241E+03
   1.1696770000000000E+09   1.4019754709969084E+06   2.2277397494534213E-11   5.4420003865867893E-23   4.9629908217095472E+03
   1.1716770000000000E+09   1.4061328313099700E+06   2.2083059432033256E-11   5.3957772297223501E-23   4.9618406929917383E+03
   1.1736770000000000E+09   1.4102741980533567E+06   2.1891045903546266E-11   5.3501004614001958E-23   4.9606908299255692E+03
   1.1756770000000000E+09   1.4143996671917804E+06   2.1701323208598566E-11   5.3049618791738346E-23   4.9595415612446341E+03
   1.1776770000000000E+09   1.4185093349611904E+06   2.1513858179080179E-11   5.2603534229522761E-23   4.9583932080117775E+03
   1.1796770000000000E+09   1.4226032982243879E+06   2.1328618166151013E-11   5.2162671711369972E-23   4.9572460837545023E+03
   1.1816770000000000E+09   1.4266816548078672E+06   2.1145571027860404E-11   5.1726953369561540E-23   4.9561004946017383E+03
   1.1836770000000000E+09   1.4307445038093328E+06   2.0964685117576930E-11   5.1296302650193968E-23   4.9549567394215064E+03
   1.1856770000000000E+09   1.4347919458656255E+06   2.0785929273312723E-11   5.0870644281132808E-23   4.9538151099595425E+03
   1.1876770000000000E+09   1.4388240833718437E+06   2.0609272808001403E-11   5.0449904242518740E-23   4.9526758909782602E+03
   1.1896770000000000E+09   1.4428410206437944E+06   2.0434685500765554E-11   5.0034009739911459E-23   4.9515393603958019E+03
   1.1916770000000000E+09   1.4468428640177976E+06   2.0262137589179472E-11   4.9622889180086877E-23   4.9504057894245752E+03
   1.1936770000000000E+09   1.4508297218839943E+06   2.0091599762503478E-11   4.9216472149430652E-23   4.9492754427087239E+03
   1.1956770000000000E+09   1.4548017046517280E+06   1.9923043155836497E-11   4.8814689394797369E-23   4.9481485784600536E+03
   1.1976770000000000E+09   1.4587589246480090E+06   1.9756439345105106E-11   4.8417472806636936E-23   4.9470254485917294E+03
   1.1996770000000000E+09   1.4627014959525226E+06   1.9591760342783392E-11   4.8024755404128786E-23   4.9459062988492215E+03
   1.2016770000000000E+09   1.4666295341748365E+06   1.9428978594219054E-11   4.7636471322017707E-23   4.9447913689380075E+03
   1.2036770000000000E+09   1.4705431561814954E+06   1.9268066974425945E-11   4.7252555798806630E-23   4.9436808926475424E+03
   1.2056770000000000E+09   1.4744424797822398E+06   1.9108998785196966E-11   4.6872945165944455E-23   4.9425750979711884E+03
   1.2076770000000000E+09   1.4783276233858506E+06   1.8951747752387178E-11   4.6497576837637661E-23   4.9414742072216377E+03
   1.2096770000000000E+09   1.4821987056368196E+06   1.8796288023223466E-11   4.6126389300924021E-23   4.9403784371419697E+03
   1.2116770000000000E+09   1.4860558450444574E+06   1.8642594163502363E-11   4.5759322105665829E-23   4.9392879990118054E+03
   1.2136770000000000E+09   1.4898991596158706E+06   1.8490641154554158E-11   4.5396315854151063E-23   4.9382030987489816E+03
   1.2156770000000000E+09   1.4937287665037219E+06   1.8340404389866574E-11   4.5037312190033676E-23   4.9371239370065568E+03
   1.2176770000000000E+09   1.4975447816787716E+06   1.8191859671282161E-11   4.4682253786390952E-23   4.9360507092654352E+03
   1.2196770000000000E+09   1.5013473196358555E+06   1.8044983204706125E-11   4.4331084332731592E-23   4.9349836059228555E+03
   1.2216770000000000E+09   1.5051364931402951E+06   1.7899751595286198E-11   4.3983748520849494E-23   4.9339228123770263E+03
   1.2236770000000000E+09   1.5089124130197964E+06   1.7756141842051702E-11   4.3640192029478855E-23   4.9328685091083980E+03
   1.2256770000000000E+09   1.5126751880048276E+06   1.7614131332022496E-11   4.3300361507767909E-23   4.9318208717577645E+03
   1.2276770000000000E+09   1.5164249246181599E+06   1.7473697833825342E-11   4.2964204557649160E-23   4.9307800712019744E+03
   1.2296770000000000E+09   1.5201617271122662E+06   1.7334819490872143E-11   4.2631669715233359E-23   4.9297462736272792E+03
   1.2316770000000000E+09   1.5238856974512115E+06   1.7197474814175425E-11   4.2302706431398918E-23   4.9287196406012199E+03
   1.2336770000000000E+09   1.5275969353322745E+06   1.7061642674883364E-11   4.1977265051774202E-23   4.9277003291429937E+03
   1.2356770000000000E+09   1.5312955382413070E+06   1.6927302296625976E-11   4.1655296796328250E-23   4.9266884917929474E+03
   1.2376770000000000E+09   1.5349816015353128E+06   1.6794433247761487E-11   4.1336753738783606E-23   4.9256842766813397E+03
   1.2396770000000000E+09   1.5386552185456317E+06   1.6663015433607026E-11   4.1021588786053942E-23   4.9246878275965137E+03
   1.2416770000000000E+09   1.5423164806953920E+06   1.6533029088729135E-11   4.0709755657886763E-23   4.9236992840527846E+03
   1.2436770000000000E+09   1.5459654776255831E+06   1.6404454769356231E-11   4.0401208866863365E-23   4.9227187813578621E+03
   1.2456770000000000E+09   1.5496022973248467E+06   1.6277273345964427E-11   4.0095903698877779E-23   4.9217464506801325E+03
   1.2476770000000000E+09   1.5532270262590351E+06   1.6151465996073448E-11   3.9793796194185844E-23   4.9207824191155005E+03
   1.2496770000000000E+09   1.5568397494973419E+06   1.6027014197280302E-11   3.9494843129089704E-23   4.9198268097539503E+03
   1.2516770000000000E+09   1.5604405508325975E+06   1.5903899720548172E-11   3.9199001998299163E-23   4.9188797417458236E+03
   1.2536770000000000E+09   1.5640295128939578E+06   1.5782104623759735E-11   3.8906230997992965E-23   4.9179413303676283E+03
   1.2556770000000000E+09   1.5676067172507478E+06   1.5661611245539321E-11   3.8616489009588184E-23   4.9170116870875218E+03
   1.2576770000000000E+09   1.5711722445066855E+06   1.5542402199341606E-11   3.8329735584213124E-23   4.9160909196302191E+03
   1.2596770000000000E+09   1.5747261743840617E+06   1.5424460367802570E-11   3.8045930927870752E-23   4.9151791320414532E+03
   1.2616770000000000E+09   1.5782685857977497E+06   1.5307768897344322E-11   3.7765035887272248E-23   4.9142764247518180E+03
   1.2636770000000000E+09   1.5817995569190879E+06   1.5192311193024468E-11   3.7487011936316503E-23   4.9133828946399917E+03
   1.2656770000000000E+09   1.5853191652298123E+06   1.5078070913619282E-11   3.7211821163188182E-23   4.9124986350953077E+03
   1.2676770000000000E+09   1.5888274875661954E+06   1.4965031966929981E-11   3.6939426258048510E-23   4.9116237360794439E+03
   1.2696770000000000E+09   1.5923246001534641E+06   1.4853178505303438E-11   3.6669790501293345E-23   4.9107582841876138E+03
   1.2716770000000000E+09   1.5958105786306225E+06   1.4742494921356199E-11   3.6402877752353173E-23   4.9099023627088336E+03
   1.2736770000000000E+09   1.5992854980656472E+06   1.4632965843893123E-11   3.6138652439012296E-23   4.9090560516852756E+03
   1.2756770000000000E+09   1.6027494329610455E+06   1.4524576134012649E-11   3.5877079547223600E-23   4.9082194279710784E+03
   1.2776770000000000E+09   1.6062024572498829E+06   1.4417310881386781E-11   3.5618124611392948E-23   4.9073925652900043E+03
   1.2796770000000000E+09   1.6096446442823575E+06   1.4311155400706869E-11   3.5361753705107255E-23   4.9065755342923094E+03
   1.2816770000000000E+09   1.6130760668031473E+06   1.4206095228283643E-11   3.5107933432277480E-23   4.9057684026107090E+03
   1.2836770000000000E+09   1.6164967969198420E+06   1.4102116118788946E-11   3.4856630918666082E-23   4.9049712349152096E+03
   1.2856770000000000E+09   1.6199069060627604E+06   1.3999204042128321E-11   3.4607813803768777E-23   4.9041840929671062E+03
   1.2876770000000000E+09   1.6233064649365253E+06   1.3897345180431454E-11   3.4361450233020188E-23   4.9034070356717530E+03
   1.2896770000000000E+09   1.6266955434636709E+06   1.3796525925150294E-11   3.4117508850294751E-23   4.9026401191304358E+03
   1.2916770000000000E+09   1.6300742107204704E+06   1.3696732874254271E-11   3.3875958790677829E-23   4.9018833966910170E+03
   1.2936770000000000E+09   1.6334425348649435E+06   1.3597952829515185E-11   3.3636769673486504E-23   4.9011369189975112E+03
   1.2956770000000000E+09   1.6368005830567596E+06   1.3500172793876493E-11   3.3399911595525355E-23   4.9004007340386725E+03
   1.2976770000000000E+09   1.6401484213684890E+06   1.3403379968903646E-11   3.3165355124569102E-23   4.8996748871953987E+03
   1.2996770000000000E+09   1.6434861146875632E+06   1.3307561752314437E-11   3.2933071293066353E-23   4.8989594212872898E+03
   1.3016770000000000E+09   1.6468137266086701E+06   1.3212705735585527E-11   3.2703031592053408E-23   4.8982543766184335E+03
   1.3036770000000000E+09   1.6501313193174389E+06   1.3118799701624461E-11   3.2475207965249947E-23   4.8975597910225615E+03
   1.3056770000000000E+09   1.6534389534686592E+06   1.3025831622480362E-11   3.2249572803267895E-23   4.8968756999077841E+03
   1.3076770000000000E+09   1.6567366880661766E+06   1.2933789657041537E-11   3.2026098937802735E-23   4.8962021363011891E+03
   1.3096770000000000E+09   1.6600245803574326E+06   1.2842662148628853E-11   3.1804759635583254E-23   4.8955391308928956E+03
   1.3116770000000000E+09   1.6633026857625726E+06   1.2752437622352305E-11   3.1585528591749852E-23   4.8948867120796522E+03
   1.3136770000000000E+09   1.6665710578657018E+06   1.2663104782050682E-11   3.1368379922219232E-23   4.8942449060071249E+03
   1.3156770000000000E+09   1.6698297485017509E+06   1.2574652506603902E-11   3.1153288154519117E-23   4.8936137366098155E+03
   1.3176770000000000E+09   1.6730788079738577E+06   1.2487069845409940E-11   3.0940228216582324E-23   4.8929932256474094E+03
   1.3196770000000000E+09   1.6763182854295974E+06   1.2400346012875921E-11   3.0729175423130825E-23   4.8923833927364976E+03
   1.3216770000000000E+09   1.6795482294067233E+06   1.2314470381903086E-11   3.0520105459597930E-23   4.8917842553773289E+03
   1.3236770000000000E+09   1.6827686885288423E+06   1.2229432476554942E-11   3.0312994364045975E-23   4.8911958289769218E+03
   1.3256770000000000E+09   1.6859797122909667E+06   1.2145221964363183E-11   3.0107818508182913E-23   4.8906181268719265E+03
   1.3276770000000000E+09   1.6891813518311030E+06   1.2061828648998669E-11   2.9904554579243573E-23   4.8900511603572631E+03
   1.3296770000000000E+09   1.6923736605494504E+06   1.1979242464225869E-11   2.9703179564972395E-23   4.8894949387276192E+03
   1.3316770000000000E+09   1.6955566944267033E+06   1.1897453470075235E-11   2.9503670743989645E-23   4.8889494693387142E+03
   1.3336770000000000E+09   1.6987305119215769E+06   1.1816451851921753E-11   2.9306005683240789E-23   4.8884147576911646E+03
   1.3356770000000000E+09   1.7018951734010498E+06   1.1736227922629996E-11   2.9110162242962981E-23   4.8878908075327345E+03
   1.3376770000000000E+09   1.7050507401662047E+06   1.1656772127193896E-11   2.8916118587836715E-23   4.8873776209660382E+03
   1.3396770000000000E+09   1.7081972732556516E+06   1.1578075048550454E-11   2.8723853201171432E-23   4.8868751985411127E+03
   1.3416770000000000E+09   1.7113348322967235E+06   1.1500127412750265E-11   2.8533344897742321E-23   4.8863835393107265E+03
   1.3436770000000000E+09   1.7144634746903342E+06   1.1422920091677285E-11   2.8344572830864949E-23   4.8859026408338323E+03
   1.3456770000000000E+09   1.7175832553344429E+06   1.1346444102143948E-11   2.8157516490762193E-23   4.8854324991295098E+03
   1.3476770000000000E+09   1.7206942269246671E+06   1.1270690601328856E-11   2.7972155693984507E-23   4.8849731086055026E+03
   1.3496770000000000E+09   1.7237964406718404E+06   1.1195650879788658E-11   2.7788470566700329E-23   4.8845244620014300E+03
   1.3516770000000000E+09   1.7268899471254249E+06   1.1121316354145471E-11   2.7606441526841071E-23   4.8840865503877976E+03
   1.3536770000000000E+09   1.7299747967627335E+06   1.1047678561584507E-11   2.7426049270299515E-23   4.8836593632413305E+03
   1.3556770000000000E+09   1.7330510401233956E+06   1.0974729157396983E-11   2.7247274764354526E-23   4.8832428885815652E+03
   1.3576770000000000E+09   1.7361187274903811E+06   1.0902459915337853E-11   2.7070099248043586E-23   4.8828371131192980E+03
   1.3596770000000000E+09   1.7391779083364445E+06   1.0830862729251824E-11   2.6894504235985119E-23   4.8824420223558309E+03
   1.3616770000000000E+09   1.7422286308526124E+06   1.0759929613955099E-11   2.6720471520851515E-23   4.8820576005946159E+03
   1.3636770000000000E+09   1.7452709417973282E+06   1.0689652704009880E-11   2.6547983171026368E-23   4.8816838308759816E+03
   1.3656770000000000E+09   1.7483048866973531E+06   1.0620024250401913E-11   2.6377021523136266E-23   4.8813206948929655E+03
   1.3676770000000000E+09   1.7513305102233649E+06   1.0551036616371794E-11   2.6207569172174730E-23   4.8809681729594386E+03
   1.3696770000000000E+09   1.7543478564863477E+06   1.0482682273974644E-11   2.6039608962949862E-23   4.8806262440665250E+03
   1.3716770000000000E+09   1.7573569690986008E+06   1.0414953802195140E-11   2.5873123985066149E-23   4.8802948860020851E+03
   1.3736770000000000E+09   1.7603578910351163E+06   1.0347843886226318E-11   2.5708097570856140E-23   4.8799740754626027E+03
   1.3756770000000000E+09   1.7633506644697918E+06   1.0281345316765557E-11   2.5544513293736970E-23   4.8796637880954595E+03
   1.3776770000000000E+09   1.7663353307457375E+06   1.0215450988421782E-11   2.5382354964750912E-23   4.8793639984663923E+03
   1.3796770000000000E+09   1.7693119304967707E+06   1.0150153897270144E-11   2.5221606627084632E-23   4.8790746800057505E+03
   1.3816770000000000E+09   1.7722805037967248E+06   1.0085447138379358E-11   2.5062252550296716E-23   4.8787958049950093E+03
   1.3836770000000000E+09   1.7752410901862625E+06   1.0021323904128741E-11   2.4904277226281906E-23   4.8785273445957737E+03
   1.3856770000000000E+09   1.7781937284938009E+06   9.9577774835272363E-12   2.4747665367969165E-23   4.8782692688307852E+03
   1.3876770000000000E+09   1.7811384563585895E+06   9.8948012625181622E-12   2.4592401911647294E-23   4.8780215463297136E+03
   1.3896770000000000E+09   1.7840753090097019E+06   9.8323887266673489E-12   2.4438472028004987E-23   4.8777841435076552E+03
   1.3916770000000000E+09   1.7870043157366621E+06   9.7705334723250134E-12   2.4285861160296844E-23   4.8775570224948478E+03
   1.3936770000000000E+09   1.7899254896930782E+06   9.7092292441362352E-12   2.4134555140910214E-23   4.8773401363824596E+03
   1.3956770000000000E+09   1.7928388000678404E+06   9.6484700455343807E-12   2.3984540514607742E-23   4.8771334191624610E+03
   1.3976770000000000E+09   1.7957441009953837E+06   9.5882504356068141E-12   2.3835805366749122E-23   4.8769367667854267E+03
   1.3996770000000000E+09   1.7986409624487865E+06   9.5285662645020153E-12   2.3688341290966325E-23   4.8767500074262580E+03
   1.4016770000000000E+09   1.8015282997470519E+06   9.4694163426133157E-12   2.3542147688046967E-23   4.8765728687366855E+03
   1.4036770000000000E+09   1.8044036394529874E+06   9.4108058547052469E-12   2.3397240253198661E-23   4.8764049753422760E+03
   1.4056770000000000E+09   1.8072618424403011E+06   9.3527524748182387E-12   2.3253665672977891E-23   4.8762459525818604E+03
   1.4076770000000000E+09   1.8100932624115972E+06   9.2952954379033022E-12   2.3111522684503492E-23   4.8760957433590083E+03
   1.4096770000000000E+09   1.8128818581051370E+06   9.2385051519506470E-12   2.2970983376177333E-23   4.8759551712496677E+03
   1.4116770000000000E+09   1.8156048065877967E+06   9.1824855763008791E-12   2.2832296773967502E-23   4.8758264660542500E+03
   1.4136770000000000E+09   1.8182362091670800E+06   9.1273558426668844E-12   2.2695744919477051E-23   4.8757129246414615E+03
   1.4156770000000000E+09   1.8207569413078737E+06   9.0732000065468273E-12   2.2561528233639189E-23   4.8756167114543887E+03
   1.4176770000000000E+09   1.8231684697414655E+06   9.0199963296798020E-12   2.2429606041448387E-23   4.8755352590893972E+03
   1.4196770000000000E+09   1.8255013880355980E+06   8.9675762574246398E-12   2.2299599816144225E-23   4.8754599745948999E+03
   1.4216770000000000E+09   1.8278074404847100E+06   8.9156739339856642E-12   2.2170889475121817E-23   4.8753819638584528E+03
   1.4236770000000000E+09   1.8301368624397395E+06   8.8640525084455971E-12   2.2042881613914561E-23   4.8753021682609751E+03
   1.4256770000000000E+09   1.8325237611386138E+06   8.8125751225752970E-12   2.1915184899704419E-23   4.8752319077729235E+03
   1.4276770000000000E+09   1.8349987359358985E+06   8.7611139118355771E-12   2.1787465565965067E-23   4.8751748857824878E+03
   1.4296770000000000E+09   1.8376114266803309E+06   8.7093918427634162E-12   2.1659177839581608E-23   4.8750991109949564E+03
   1.4316770000000000E+09   1.8403719844477312E+06   8.6573131165163482E-12   2.1530236698132820E-23   4.8749695487450635E+03
   1.4336770000000000E+09   1.8437558256036206E+06   8.6007940839908572E-12   2.1395145398873868E-23   4.8737235829608153E+03
   1.4356770000000000E+09   1.8438203047445188E+06   8.5646240510717250E-12   2.1299475125822204E-23   4.8750265920371940E+03
   6.5767700000000000E+08  -4.9867878939421471E+03   2.0822956908514021E-15   1.2031735374968758E-25   8.3319431826448726E+02
   6.5967700000000000E+08  -5.3913544009369843E+03   4.1937887160486140E-15   2.3573416157145389E-25   8.5647796577102963E+02
   6.6167700000000000E+08  -5.8707120716023564E+03   8.5081904881954308E-15   4.6609251949084159E-25   8.7881455821816678E+02
   6.6367700000000000E+08  -6.1460726373659436E+03   1.8112185892870265E-14   9.6657471428649617E-25   9.0212684806499647E+02
   6.6567700000000000E+08  -5.8774278083294203E+03   4.0977619993399303E-14   2.1368104832761670E-24   9.2323635111798058E+02
   6.6767700000000000E+08  -5.0838052449070001E+03   9.2112065353039892E-14   4.7078820131340743E-24   9.4193974201674212E+02
   6.6967700000000000E+08  -4.1223136349692886E+03   1.8896169203470110E-13   9.4388361623591942E-24   9.6380126557652591E+02
   6.7167700000000000E+08  -3.1725223596317846E+03   3.4139006438981195E-13   1.6548757977201344E-23   9.9315639606142315E+02
   6.7367700000000000E+08  -2.2076122759474624E+03   5.4590880621649188E-13   2.5452734876828708E-23   1.0325659917603439E+03
   6.7567700000000000E+08  -1.0717287412234602E+03   7.8875667054966578E-13   3.4966395889208873E-23   1.0859862977310427E+03
   6.7767700000000000E+08   3.3930154511569111E+02   1.0533433735574353E-12   4.3704663285501878E-23   1.1603108671239636E+03
   6.7967700000000000E+08   1.9759853099051259E+03   1.3244125396049942E-12   5.0590068838776552E-23   1.2603471525139023E+03
   6.8167700000000000E+08   3.7269498008176879E+03   1.5884411868285554E-12   5.5251527830674996E-23   1.3840730696019741E+03
   6.8367700000000000E+08   5.5402947871168781E+03   1.8341874893041096E-12   5.8007904579090864E-23   1.5222595945187213E+03
   6.8567700000000000E+08   7.4590445168227334E+03   2.0548559374444429E-12   5.9434389287627655E-23   1.6644691339020078E+03
   6.8767700000000000E+08   9.5438725998077116E+03   2.2485339845942028E-12   6.0068871420723570E-23   1.8021135591985885E+03
   6.8967700000000000E+08   1.1826156885297740E+04   2.4141841682519245E-12   6.0184376660878985E-23   1.9311624202424464E+03
   6.9167700000000000E+08   1.4294711881606871E+04   2.5528878334390719E-12   5.9948221953953643E-23   2.0501592539728153E+03
   6.9367700000000000E+08   1.6923917735410778E+04   2.6668732656663684E-12   5.9468592698231344E-23   2.1589713909469760E+03
   6.9567700000000000E+08   1.9684053576408147E+04   2.7587520814769184E-12   5.8815235828819490E-23   2.2581615169135985E+03
   6.9767700000000000E+08   2.2544758415489363E+04   2.8311091039701975E-12   5.8034479310796810E-23   2.3485655434361502E+03
   6.9967700000000000E+08   2.5476961956730840E+04   2.8863071106742953E-12   5.7157903733405897E-23   2.4310753371385981E+03
   7.0167700000000000E+08   2.8453014124904323E+04   2.9264189770310929E-12   5.6207510050392309E-23   2.5065382044628150E+03
   7.0367700000000000E+08   3.1446534828167431E+04   2.9532238422918928E-12   5.5198898477182503E-23   2.5757168885888668E+03
   7.0567700000000000E+08   3.4432314051281595E+04   2.9682343576806150E-12   5.4143331137518657E-23   2.6392795132991355E+03
   7.0767700000000000E+08   3.7386357949559278E+04   2.9727363528298927E-12   5.3049133374620090E-23   2.6978032366036114E+03
   7.0967700000000000E+08   4.0286077943990218E+04   2.9678307646835011E-12   5.1922676272750185E-23   2.7517833204244171E+03
   7.1167700000000000E+08   4.3110583023583735E+04   2.9544727786714888E-12   5.0769078121724895E-23   2.8016435931094738E+03
   7.1367700000000000E+08   4.5841046440321217E+04   2.9335060973367222E-12   4.9592708737320796E-23   2.8477465615169349E+03
   7.1567700000000000E+08   4.8461132178685366E+04   2.9056919892855136E-12   4.8397552873121524E-23   2.8904026317908383E+03
   7.1767700000000000E+08   5.0957472563496667E+04   2.8717335969396191E-12   4.7187471938424791E-23   2.9298784893289035E+03
   7.1967700000000000E+08   5.3320176446038808E+04   2.8322961219458276E-12   4.5966390049900063E-23   2.9664049051968382E+03
   7.2167700000000000E+08   5.5543320095453812E+04   2.7880231597054744E-12   4.4738418433944936E-23   3.0001842085344097E+03
   7.2367700000000000E+08   5.7625340910841289E+04   2.7395488966330111E-12   4.3507921935886432E-23   3.0313974890972199E+03
   7.2567700000000000E+08   5.9569234171988144E+04   2.6875054464155412E-12   4.2279525060444088E-23   3.0602113658981521E+03
   7.2767700000000000E+08   6.1382460609462774E+04   2.6325245759251890E-12   4.1058054678673194E-23   3.0867839707352018E+03
   7.2967700000000000E+08   6.3076513136837217E+04   2.5752335780154742E-12   3.9848422612123242E-23   3.1112697223104033E+03
   7.3167700000000000E+08   6.4666155667831568E+04   2.5162459597920312E-12   3.8655461439354994E-23   3.1338225373538685E+03
   7.3367700000000000E+08   6.6168414937356865E+04   2.4561485980232021E-12   3.7483736784245373E-23   3.1545973167913139E+03
   7.3567700000000000E+08   6.7601454893976697E+04   2.3954876851387114E-12   3.6337364700728198E-23   3.1737497940457083E+03
   7.3767700000000000E+08   6.8983478070523604E+04   2.3347558995524631E-12   3.5219861212911395E-23   3.1914350624786098E+03
   7.3967700000000000E+08   7.0331778599561425E+04   2.2743827692258934E-12   3.4134043185266435E-23   3.2078052492313541E+03
   7.4167700000000000E+08   7.1662028225649119E+04   2.2147293556652988E-12   3.3081988393351721E-23   3.2230068465735703E+03
   7.4367700000000000E+08   7.2987825818250363E+04   2.1560874581548684E-12   3.2065051573521958E-23   3.2371781577319734E+03
   7.4567700000000000E+08   7.4320496563192515E+04   2.0986827774602182E-12   3.1083925141323214E-23   3.2504471943694298E+03
   7.4767700000000000E+08   7.5669097246009798E+04   2.0426810198195990E-12   3.0138729351973781E-23   3.2629302176203632E+03
   7.4967700000000000E+08   7.7040570456113564E+04   1.9881957766117452E-12   2.9229116589490683E-23   3.2747309785302650E+03
   7.5167700000000000E+08   7.8439990275967240E+04   1.9352971097194518E-12   2.8354376990198839E-23   3.2859406088081114E+03
   7.5367700000000000E+08   7.9870850297213197E+04   1.8840200038067129E-12   2.7513536319413267E-23   3.2966380471685716E+03
   7.5567700000000000E+08   8.1335356946130778E+04   1.8343721209199369E-12   2.6705440790532050E-23   3.3068908577838110E+03
   7.5767700000000000E+08   8.2834703592397593E+04   1.7863405458180769E-12   2.5928826658487558E-23   3.3167562970322292E+03
   7.5967700000000000E+08   8.4369311677929363E+04   1.7398974095857880E-12   2.5182374666541761E-23   3.3262825025215375E+03
   7.6167700000000000E+08   8.5939033272091590E+04   1.6950044160805087E-12   2.4464750796083198E-23   3.3355097049472743E+03
   7.6367700000000000E+08   8.7543314992052779E+04   1.6516163769628407E-12   2.3774635431463853E-23   3.3444713917346703E+03
   7.6567700000000000E+08   8.9181326520717630E+04   1.6096838991871079E-12   2.3110743217606553E-23   3.3531953772123970E+03
   7.6767700000000000E+08   9.0852058565856350E+04   1.5691553775338415E-12   2.2471835751018209E-23   3.3617047551112137E+03
   7.6967700000000000E+08   9.2554395576421884E+04   1.5299784357425730E-12   2.1856728954663950E-23   3.3700187248867583E+03
   7.7167700000000000E+08   9.4287168314047100E+04   1.4921009417951473E-12   2.1264296645556077E-23   3.3781532941174032E+03
   7.7367700000000000E+08   9.6049190799169126E+04   1.4554717017657816E-12   2.0693471471786147E-23   3.3861218658766488E+03
   7.7567700000000000E+08   9.7839285432677076E+04   1.4200409159106399E-12   2.0143244104040448E-23   3.3939357235073580E+03
   7.7767700000000000E+08   9.9656299369281332E+04   1.3857604621416190E-12   1.9612661326703335E-23   3.4016044265517608E+03
   7.7967700000000000E+08   1.0149911455931338E+05   1.3525840564405854E-12   1.9100823485391041E-23   3.4091361314803180E+03
   7.8167700000000000E+08   1.0336665331218496E+05   1.3204673271899508E-12   1.8606881605321937E-23   3.4165378498983455E+03
   7.8367700000000000E+08   1.0525788077351743E+05   1.2893678305522939E-12   1.8130034390337620E-23   3.4238156555098685E+03
   7.8567700000000000E+08   1.0717180534211828E+05   1.2592450265119021E-12   1.7669525237542552E-23   3.4309748495630415E+03
   7.8767700000000000E+08   1.0910747776961372E+05   1.2300602295567601E-12   1.7224639350247333E-23   3.4380200929649327E+03
   7.8967700000000000E+08   1.1106398947043622E+05   1.2017765438235736E-12   1.6794700996213650E-23   3.4449555118344142E+03
   7.9167700000000000E+08   1.1304047040914855E+05   1.1743587895055404E-12   1.6379070934457246E-23   3.4517847820076208E+03
   7.9367700000000000E+08   1.1503608681383650E+05   1.1477734251505552E-12   1.5977144018524646E-23   3.4585111969363556E+03
   7.9567700000000000E+08   1.1705003887854271E+05   1.1219884689346839E-12   1.5588346974618560E-23   3.4651377225202555E+03
   7.9767700000000000E+08   1.1908155855643404E+05   1.0969734209127175E-12   1.5212136347331894E-23   3.4716670416743686E+03
   7.9967700000000000E+08   1.2112990750236204E+05   1.0726991874959025E-12   1.4847996602729819E-23   3.4781015908342411E+03
   8.0167700000000000E+08   1.2319437519379788E+05   1.0491380088929723E-12   1.4495438377185018E-23   3.4844435901203915E+03
   8.0367700000000000E+08   1.2527427723933017E+05   1.0262633899031366E-12   1.4153996860069146E-23   3.4906950685027041E+03
   8.0567700000000000E+08   1.2736895387094970E+05   1.0040500342207258E-12   1.3823230298740366E-23   3.4968578850051654E+03
   8.0767700000000000E+08   1.2947776860841979E+05   9.8247378226294477E-13   1.3502718614941325E-23   3.5029337467563678E+03
   8.0967700000000000E+08   1.3160010707957527E+05   9.6151155243940439E-13   1.3192062122557845E-23   3.5089242245086807E+03
   8.1167700000000000E+08   1.3373537597817337E+05   9.4114128572747403E-13   1.2890880337586011E-23   3.5148307661076165E+03
   8.1367700000000000E+08   1.3588300214040690E+05   9.2134189338663554E-13   1.2598810872022165E-23   3.5206547082839465E+03
   8.1567700000000000E+08   1.3804243172146578E+05   9.0209320763188789E-13   1.2315508404225866E-23   3.5263972870574767E+03
   8.1767700000000000E+08   1.4021312945464230E+05   8.8337593508196588E-13   1.2040643719051883E-23   3.5320596469772704E+03
   8.1967700000000000E+08   1.4239457797678013E+05   8.6517161280135543E-13   1.1773902811733422E-23   3.5376428493742355E+03
   8.2167700000000000E+08   1.4458627720546586E+05   8.4746256676180634E-13   1.1514986050107824E-23   3.5431478797645973E+03
   8.2367700000000000E+08   1.4678774375500152E+05   8.3023187255852509E-13   1.1263607390325121E-23   3.5485756545144891E+03
   8.2567700000000000E+08   1.4899851038002511E+05   8.1346331822660586E-13   1.1019493641665291E-23   3.5539270268544092E+03
   8.2767700000000000E+08   1.5121812543730432E+05   7.9714136901565095E-13   1.0782383776543678E-23   3.5592027923160581E+03
   8.2967700000000000E+08   1.5344615235817531E+05   7.8125113399215490E-13   1.0552028282179084E-23   3.5644036936520547E+03
   8.3167700000000000E+08   1.5568216912576990E+05   7.6577833435277522E-13   1.0328188550783400E-23   3.5695304252898636E+03
   8.3367700000000000E+08   1.5792576775314138E+05   7.5070927334370444E-13   1.0110636305464738E-23   3.5745836373647389E+03
   8.3567700000000000E+08   1.6017655376003208E+05   7.3603080769478444E-13   9.8991530593625551E-24   3.5795639393717638E+03
   8.3767700000000000E+08   1.6243414564781400E+05   7.2173032048882198E-13   9.6935296058182405E-24   3.5844719034734353E+03
   8.3967700000000000E+08   1.6469817437359149E+05   7.0779569539847525E-13   9.4935655376533039E-24   3.5893080674969497E+03
   8.4167700000000000E+08   1.6696828282582675E+05   6.9421529223330170E-13   9.2990687938602389E-24   3.5940729376533759E+03
   8.4367700000000000E+08   1.6924412530498777E+05   6.8097792374823694E-13   9.1098552322114788E-24   3.5987669910095437E+03
   8.4567700000000000E+08   1.7152536701340965E+05   6.6807283367207361E-13   8.9257482264649122E-24   3.6033906777420934E+03
   8.4767700000000000E+08   1.7381168355906208E+05   6.5548967591927805E-13   8.7465782869754706E-24   3.6079444232019073E+03
   8.4967700000000000E+08   1.7610276047795100E+05   6.4321849495149670E-13   8.5721827036242696E-24   3.6124286298154871E+03
   8.5167700000000000E+08   1.7839829277969850E+05   6.3124970725561968E-13   8.4024052100394878E-24   3.6168436788482541E+03
   8.5367700000000000E+08   1.8069798452024689E+05   6.1957408390415156E-13   8.2370956681203656E-24   3.6211899320525895E+03
   8.5567700000000000E+08   1.8300154840476101E+05   6.0818273416096853E-13   8.0761097718883466E-24   3.6254677332210376E+03
   8.5767700000000000E+08   1.8530870542286662E+05   5.9706709009131971E-13   7.9193087696779605E-24   3.6296774096625149E+03
   8.5967700000000000E+08   1.8761918451720543E+05   5.8621889213031783E-13   7.7665592036606884E-24   3.6338192736164287E+03
   8.6167700000000000E+08   1.8993272228519237E+05   5.7563017555904408E-13   7.6177326656658032E-24   3.6378936236167046E+03
   8.6367700000000000E+08   1.9224906271268707E+05   5.6529325783306594E-13   7.4727055682409576E-24   3.6419007458146903E+03
   8.6567700000000000E+08   1.9456795693743951E+05   5.5520072670399066E-13   7.3313589298730281E-24   3.6458409152669933E+03
   8.6767700000000000E+08   1.9688916303932274E+05   5.4534542907215823E-13   7.1935781732864646E-24   3.6497143971917330E+03
   8.6967700000000000E+08   1.9921244585392726E+05   5.3572046050695055E-13   7.0592529357421358E-24   3.6535214481942662E+03
   8.7167700000000000E+08   2.0153757680559083E+05   5.2631915537186583E-13   6.9282768902929085E-24   3.6572623174614764E+03
   8.7367700000000000E+08   2.0386433375603778E+05   5.1713507749280888E-13   6.8005475769906871E-24   3.6609372479221929E+03
   8.7567700000000000E+08   2.0619250086482315E+05   5.0816201131151935E-13   6.6759662431042089E-24   3.6645464773701574E+03
   8.7767700000000000E+08   2.0852186845812408E+05   4.9939395347039901E-13   6.5544376914800163E-24   3.6680902395453591E+03
   8.7967700000000000E+08   2.1085223290276696E+05   4.9082510478067827E-13   6.4358701362675495E-24   3.6715687651692974E+03
   8.8167700000000000E+08   2.1318339648303439E+05   4.8244986253164546E-13   6.3201750653171033E-24   3.6749822829297759E+03
   8.8367700000000000E+08   2.1551516727836177E+05   4.7426281310520131E-13   6.2072671086548464E-24   3.6783310204114014E+03
   8.8567700000000000E+08   2.1784735904075208E+05   4.6625872486627315E-13   6.0970639125298975E-24   3.6816152049685224E+03
   8.8767700000000000E+08   2.2017979107187098E+05   4.5843254130526725E-13   5.9894860186091393E-24   3.6848350645383907E+03
   8.8967700000000000E+08   2.2251228810190002E+05   4.5077937441281629E-13   5.8844567479546367E-24   3.6879908283935474E+03
   8.9167700000000000E+08   2.2484468017654048E+05   4.4329449826900440E-13   5.7819020894475861E-24   3.6910827278345760E+03
   8.9367700000000000E+08   2.2717680256880762E+05   4.3597334282539259E-13   5.6817505922741148E-24   3.6941109968279334E+03
   8.9567700000000000E+08   2.2950849575472967E+05   4.2881148784439412E-13   5.5839332619053806E-24   3.6970758726010831E+03
   8.9767700000000000E+08   2.3183960553866549E+05   4.2180465692859081E-13   5.4883834585755285E-24   3.6999775962226677E+03
   8.9967700000000000E+08   2.3416998350181573E+05   4.1494871151137904E-13   5.3950367964351122E-24   3.7028164132265065E+03
   9.0167700000000000E+08   2.3649948809172944E+05   4.0823964458259725E-13   5.3038310402289278E-24   3.7055925743966218E+03
   9.0367700000000000E+08   2.3882798685838774E+05   4.0167357380450620E-13   5.2147059947155076E-24   3.7083063369282354E+03
   9.0567700000000000E+08   2.4115536047606001E+05   3.9524673361304134E-13   5.1276033811342044E-24   3.7109579663186273E+03
   9.0767700000000000E+08   2.4348150899798429E+05   3.8895546609525182E-13   5.0424666974613598E-24   3.7135477394845338E+03
   9.0967700000000000E+08   2.4580635977275961E+05   3.8279621122574203E-13   4.9592410695132036E-24   3.7160759496286951E+03
   9.1167700000000000E+08   2.4812987402990856E+05   3.7676549878474268E-13   4.8778731229495742E-24   3.7185429130423963E+03
   9.1367700000000000E+08   2.5045204531924415E+05   3.7085994685548403E-13   4.7983109407310248E-24   3.7209489769992033E+03
   9.1567700000000000E+08   2.5277287959975156E+05   3.6507627379974171E-13   4.7205041984152938E-24   3.7232945259736121E+03
   9.1767700000000000E+08   2.5509234862549102E+05   3.5941132867475895E-13   4.6444045467293652E-24   3.7255799810607832E+03
   9.1967700000000000E+08   2.5741032170954332E+05   3.5386213500457794E-13   4.5699661813720083E-24   3.7278057863671011E+03
   9.2167700000000000E+08   2.5972650730908068E+05   3.4842592431508631E-13   4.4971462970958037E-24   3.7299723791090937E+03
   9.2367700000000000E+08   2.6204045945080701E+05   3.4310012004010978E-13   4.4259049095915697E-24   3.7320801492546639E+03
   9.2567700000000000E+08   2.6435169307249150E+05   3.3788224136292982E-13   4.3562036328067020E-24   3.7341294070855738E+03
   9.2767700000000000E+08   2.6665987713302614E+05   3.3276975223668503E-13   4.2880037140403029E-24   3.7361203831792609E+03
   9.2967700000000000E+08   2.6896497492623393E+05   3.2775994960210576E-13   4.2212645314632543E-24   3.7380532721530449E+03
   9.3167700000000000E+08   2.7126719819767604E+05   3.2285000149977663E-13   4.1559440049378934E-24   3.7399282996090974E+03
   9.3367700000000000E+08   2.7356676561477460E+05   3.1803717188521143E-13   4.0920014390893730E-24   3.7417457666103337E+03
   9.3567700000000000E+08   2.7586365119199280E+05   3.1331903456309243E-13   4.0294002847634861E-24   3.7435060362441536E+03
   9.3767700000000000E+08   2.7815760376748251E+05   3.0869337451939251E-13   3.9681069193117216E-24   3.7452094767133062E+03
   9.3967700000000000E+08   2.8044845298227470E+05   3.0415794469160322E-13   3.9080875479567515E-24   3.7468564235033318E+03
   9.4167700000000000E+08   2.8273630285150337E+05   2.9971066587212427E-13   3.8493107396037367E-24   3.7484472018611773E+03
   9.4367700000000000E+08   2.8502134145894519E+05   2.9535018526521497E-13   3.7917545416592456E-24   3.7499821705118038E+03
   9.4567700000000000E+08   2.8730345944471442E+05   2.9107589303299224E-13   3.7354066712631674E-24   3.7514617208278255E+03
   9.4767700000000000E+08   2.8958201788766426E+05   2.8688693700069517E-13   3.6802519132623587E-24   3.7528862177615142E+03
   9.4967700000000000E+08   2.9185582901244168E+05   2.8278088225635436E-13   3.6262550070550116E-24   3.7542559220469861E+03
   9.5167700000000000E+08   2.9412399214604119E+05   2.7875327585819137E-13   3.5733551528282972E-24   3.7555709251575649E+03
   9.5367700000000000E+08   2.9638769091692969E+05   2.7479975925148499E-13   3.5214930393774126E-24   3.7568312213645468E+03
   9.5567700000000000E+08   2.9864841510961257E+05   2.7091838656259075E-13   3.4706401794670282E-24   3.7580370817608677E+03
   9.5767700000000000E+08   3.0090614341279911E+05   2.6710844597086475E-13   3.4207837771034898E-24   3.7591890552679956E+03
   9.5967700000000000E+08   3.0316066424793727E+05   2.6336888157448035E-13   3.3719067769817798E-24   3.7602876742789722E+03
   9.6167700000000000E+08   3.0541182957858057E+05   2.5969837437199373E-13   3.3239889098851893E-24   3.7613334464176710E+03
   9.6367700000000000E+08   3.0765953826751676E+05   2.5609549458992796E-13   3.2770086320156665E-24   3.7623268646148008E+03
   9.6567700000000000E+08   3.0990371780640847E+05   2.5255877682919283E-13   3.2309440765161475E-24   3.7632684145580338E+03
   9.6767700000000000E+08   3.1214431356242229E+05   2.4908675332205094E-13   3.1857734704208509E-24   3.7641585795972642E+03
   9.6967700000000000E+08   3.1438127980498748E+05   2.4567797205502266E-13   3.1414753596149955E-24   3.7649978435843827E+03
   9.7167700000000000E+08   3.1661457013043773E+05   2.4233101034497006E-13   3.0980287770982486E-24   3.7657866919692769E+03
   9.7367700000000000E+08   3.1884412784461811E+05   2.3904448615980673E-13   3.0554133837974362E-24   3.7665256111909730E+03
   9.7567700000000000E+08   3.2106987784598692E+05   2.3581706641946060E-13   3.0136095719577305E-24   3.7672150865456329E+03
   9.7767700000000000E+08   3.2329172251317318E+05   2.3264747039598519E-13   2.9725985067057738E-24   3.7678555989609058E+03
   9.7967700000000000E+08   3.2550954422309087E+05   2.2953446663834480E-13   2.9323620850817960E-24   3.7684476214597230E+03
   9.8167700000000000E+08   3.2772321486047620E+05   2.2647686390217147E-13   2.8928828179189664E-24   3.7689916164061892E+03
   9.8367700000000000E+08   3.2993260930323449E+05   2.2347349913294423E-13   2.8541436728760628E-24   3.7694880345305310E+03
   9.8567700000000000E+08   3.3213761820827768E+05   2.2052322659735561E-13   2.8161279307491979E-24   3.7699373161332746E+03
   9.8767700000000000E+08   3.3433815631572297E+05   2.1762491123426883E-13   2.7788190946398975E-24   3.7703398941169171E+03
   9.8967700000000000E+08   3.3653416467067430E+05   2.1477742724827748E-13   2.7422008657100251E-24   3.7706961979855437E+03
   9.9167700000000000E+08   3.3872560739363229E+05   2.1197966098436271E-13   2.7062571739437992E-24   3.7710066578277688E+03
   9.9367700000000000E+08   3.4091246525723534E+05   2.0923051575257408E-13   2.6709722346602617E-24   3.7712717075035102E+03
   9.9567700000000000E+08   3.4309472885789489E+05   2.0652891587399223E-13   2.6363305961321667E-24   3.7714917866658197E+03
   9.9767700000000000E+08   3.4527239393142291E+05   2.0387380769546527E-13   2.6023171494160692E-24   3.7716673417262164E+03
   9.9967700000000000E+08   3.4744546500045899E+05   2.0126415351606071E-13   2.5689170475882803E-24   3.7717988271867007E+03
   1.0016770000000000E+09   3.4961409824546881E+05   1.9869882613809698E-13   2.5361143484730329E-24   3.7718867192847065E+03
   1.0036770000000000E+09   3.5178100601261423E+05   1.9617489657451436E-13   2.5038701531427378E-24   3.7719315239188736E+03
   1.0056770000000000E+09   3.5395526683252369E+05   1.9368506859551770E-13   2.4720896907815163E-24   3.7719340357847932E+03
   1.0076770000000000E+09   3.5614284628583165E+05   1.9122459879069728E-13   2.4407099998491309E-24   3.7718963391257680E+03
   1.0096770000000000E+09   3.5833954141358670E+05   1.8879705730247987E-13   2.4097738364918569E-24   3.7718212842876301E+03
   1.0116770000000000E+09   3.6053548402458249E+05   1.8641021225131374E-13   2.3793781823876233E-24   3.7717108994622317E+03
   1.0136770000000000E+09   3.6269992564029334E+05   1.8407810542536654E-13   2.3497007239936203E-24   3.7715663820729001E+03
   1.0156770000000000E+09   3.6484695795857004E+05   1.8179288339880222E-13   2.3206415450754163E-24   3.7713860122093988E+03
   1.0176770000000000E+09   3.6698587711901928E+05   1.7954753837870501E-13   2.2921112254367278E-24   3.7711685038762535E+03
   1.0196770000000000E+09   3.6911876976640470E+05   1.7733989420595105E-13   2.2640811346804931E-24   3.7709140172024804E+03
   1.0216770000000000E+09   3.7124626163224521E+05   1.7516882074345391E-13   2.2365359782303298E-24   3.7706227911261144E+03
   1.0236770000000000E+09   3.7336856351144286E+05   1.7303349619718920E-13   2.2094643619664107E-24   3.7702951801897552E+03
   1.0256770000000000E+09   3.7548573375130392E+05   1.7093319591095170E-13   2.1828561446671848E-24   3.7699315761197354E+03
   1.0276770000000000E+09   3.7759777719300205E+05   1.6886722054283653E-13   2.1567015348426973E-24   3.7695323838561553E+03
   1.0296770000000000E+09   3.7970469050869590E+05   1.6683487080179876E-13   2.1309907715636369E-24   3.7690980139339690E+03
   1.0316770000000000E+09   3.8180648177472997E+05   1.6483544101331260E-13   2.1057140418672704E-24   3.7686288810561955E+03
   1.0336770000000000E+09   3.8390318042423850E+05   1.6286821912845747E-13   2.0808614790853117E-24   3.7681254050115331E+03
   1.0356770000000000E+09   3.8599485042716551E+05   1.6093248480199347E-13   2.0564231360021848E-24   3.7675880125748395E+03
   1.0376770000000000E+09   3.8808161245518370E+05   1.5902750185911400E-13   2.0323888856878442E-24   3.7670171406433674E+03
   1.0396770000000000E+09   3.9016366766783927E+05   1.5715250937719483E-13   2.0087483034903785E-24   3.7664132415480144E+03
   1.0416770000000000E+09   3.9224130429806316E+05   1.5530672194708283E-13   1.9854906652463322E-24   3.7657767906354647E+03
   1.0436770000000000E+09   3.9431486954840209E+05   1.5348934821002375E-13   1.9626051792615751E-24   3.7651082941373820E+03
   1.0456770000000000E+09   3.9638470556586952E+05   1.5169962713072546E-13   1.9400814473987513E-24   3.7644082935776373E+03
   1.0476770000000000E+09   3.9845106885661645E+05   1.4993687034834415E-13   1.9179100081636163E-24   3.7636773631448009E+03
   1.0496770000000000E+09   4.0051406314870814E+05   1.4820049422112174E-13   1.8960827526750717E-24   3.7629160988346762E+03
   1.0516770000000000E+09   4.0257361005869927E+05   1.4649002955922014E-13   1.8745930584414960E-24   3.7621251014235445E+03
   1.0536770000000000E+09   4.0462946496099641E+05   1.4480510693793787E-13   1.8534356112192102E-24   3.7613049576483495E+03
   1.0556770000000000E+09   4.0668126788911223E+05   1.4314542475980423E-13   1.8326060039186651E-24   3.7604562242973670E+03
   1.0576770000000000E+09   4.0872860954272508E+05   1.4151071161861324E-13   1.8121002586875099E-24   3.7595794184431770E+03
   1.0596770000000000E+09   4.1077109264971124E+05   1.3990069344429258E-13   1.7919144059911287E-24   3.7586750147806747E+03
   1.0616770000000000E+09   4.1280837587464921E+05   1.3831507153242562E-13   1.7720441996805154E-24   3.7577434490340356E+03
   1.0636770000000000E+09   4.1484019622197928E+05   1.3675351269237726E-13   1.7524849852668597E-24   3.7567851252804930E+03
   1.0656770000000000E+09   4.1686637268421397E+05   1.3521564929107379E-13   1.7332316943538378E-24   3.7558004248654493E+03
   1.0676770000000000E+09   4.1888679725965246E+05   1.3370108550065208E-13   1.7142789190003347E-24   3.7547897150559775E+03
   1.0696770000000000E+09   4.2090141980829358E+05   1.3220940618519424E-13   1.6956210209322778E-24   3.7537533563077282E+03
   1.0716770000000000E+09   4.2291023177361884E+05   1.3074018583126592E-13   1.6772522425253613E-24   3.7526917077020062E+03
   1.0736770000000000E+09   4.2491325180383475E+05   1.2929299607340197E-13   1.6591668008942046E-24   3.7516051305932892E+03
   1.0756770000000000E+09   4.2691051455853798E+05   1.2786741129753595E-13   1.6413589582324791E-24   3.7504939907681301E+03
   1.0776770000000000E+09   4.2890206280801311E+05   1.2646301239363262E-13   1.6238230690606096E-24   3.7493586595006745E+03
   1.0796770000000000E+09   4.3088794232065108E+05   1.2507938900669250E-13   1.6065536086317802E-24   3.7481995138661550E+03
   1.0816770000000000E+09   4.3286819883449789E+05   1.2371614070198934E-13   1.5895451876564995E-24   3.7470169366008990E+03
   1.0836770000000000E+09   4.3484287644684559E+05   1.2237287741403337E-13   1.5727925579662128E-24   3.7458113157150206E+03
   1.0856770000000000E+09   4.3681201689323370E+05   1.2104921946111434E-13   1.5562906126572035E-24   3.7445830439924166E+03
   1.0876770000000000E+09   4.3877565934144222E+05   1.1974479731890114E-13   1.5400343831545336E-24   3.7433325184588880E+03
   1.0896770000000000E+09   4.4073384045709117E+05   1.1845925127521822E-13   1.5240190347412757E-24   3.7420601398625918E+03
   1.0916770000000000E+09   4.4268659459424368E+05   1.1719223103734744E-13   1.5082398614593992E-24   3.7407663121880933E+03
   1.0936770000000000E+09   4.4463395402878046E+05   1.1594339533053316E-13   1.4926922808762962E-24   3.7394514422120819E+03
   1.0956770000000000E+09   4.4657594919238752E+05   1.1471241150681428E-13   1.4773718289634503E-24   3.7381159391015876E+03
   1.0976770000000000E+09   4.4851260888798576E+05   1.1349895517262424E-13   1.4622741551980585E-24   3.7367602140522490E+03
   1.0996770000000000E+09   4.5044396047966956E+05   1.1230270983826000E-13   1.4473950179303198E-24   3.7353846799627745E+03
   1.1016770000000000E+09   4.5237003005650936E+05   1.1112336658980614E-13   1.4327302800267604E-24   3.7339897511414920E+03
   1.1036770000000000E+09   4.5429084257213178E+05   1.0996062378316529E-13   1.4182759047877022E-24   3.7325758430411006E+03
   1.1056770000000000E+09   4.5620642196298938E+05   1.0881418675946201E-13   1.4040279521317558E-24   3.7311433720181326E+03
   1.1076770000000000E+09   4.5811679124814499E+05   1.0768376758101024E-13   1.3899825750389212E-24   3.7296927551140880E+03
   1.1096770000000000E+09   4.6002197261333297E+05   1.0656908478686348E-13   1.3761360162414023E-24   3.7282244098556544E+03
   1.1116770000000000E+09   4.6192198748140997E+05   1.0546986316694234E-13   1.3624846051507346E-24   3.7267387540716645E+03
   1.1136770000000000E+09   4.6381685657101474E+05   1.0438583355356808E-13   1.3490247550074066E-24   3.7252362057249429E+03
   1.1156770000000000E+09   4.6570659994465549E+05   1.0331673262918252E-13   1.3357529602384312E-24   3.7237171827572411E+03
   1.1176770000000000E+09   4.6759123704723729E+05   1.0226230274889081E-13   1.3226657940062741E-24   3.7221821029457647E+03
   1.1196770000000000E+09   4.6947078673538461E+05   1.0122229177651904E-13   1.3097599059331414E-24   3.7206313837699072E+03
   1.1216770000000000E+09   4.7134526729795412E+05   1.0019645293275707E-13   1.2970320199829531E-24   3.7190654422868715E+03
   1.1236770000000000E+09   4.7321469646762463E+05   9.9184544654071085E-14   1.2844789324846672E-24   3.7174846950150395E+03
   1.1256770000000000E+09   4.7507909142366011E+05   9.8186330461004520E-14   1.2720975102797250E-24   3.7158895578238580E+03
   1.1276770000000000E+09   4.7693846878551214E+05   9.7201578834678109E-14   1.2598846889787311E-24   3.7142804458292003E+03
   1.1296770000000000E+09   4.7879284459751844E+05   9.6230063100204790E-14   1.2478374713112047E-24   3.7126577732931000E+03
   1.1316770000000000E+09   4.8064223430464952E+05   9.5271561315975608E-14   1.2359529255552433E-24   3.7110219535268902E+03
   1.1336770000000000E+09   4.8248665271983540E+05   9.4325856167764009E-14   1.2242281840337716E-24   3.7093733987967321E+03
   1.1356770000000000E+09   4.8432611398366245E+05   9.3392734866720246E-14   1.2126604416655372E-24   3.7077125202307552E+03
   1.1376770000000000E+09   4.8616063151754282E+05   9.2471989050463922E-14   1.2012469545607470E-24   3.7060397277269353E+03
   1.1396770000000000E+09   4.8799021797195281E+05   9.1563414686567981E-14   1.1899850386522153E-24   3.7043554298611439E+03
   1.1416770000000000E+09   4.8981488517190458E+05   9.0666811977810188E-14   1.1788720683539009E-24   3.7026600337948698E+03
   1.1436770000000000E+09   4.9163464406204782E+05   8.9781985268726981E-14   1.1679054752407128E-24   3.7009539451822316E+03
   1.1456770000000000E+09   4.9344950465436338E+05   8.8908742953063674E-14   1.1570827467440933E-24   3.6992375680762530E+03
   1.1476770000000000E+09   4.9525947598166281E+05   8.8046897381820149E-14   1.1464014248592317E-24   3.6975113048344451E+03
   1.1496770000000000E+09   4.9706456606049684E+05   8.7196264771630858E-14   1.1358591048601709E-24   3.6957755560240348E+03
   1.1516770000000000E+09   4.9886478186683968E+05   8.6356665113373624E-14   1.1254534340210268E-24   3.6940307203274338E+03
   1.1536770000000000E+09   5.0066012932831596E+05   8.5527922080833325E-14   1.1151821103406157E-24   3.6922771944487013E+03
   1.1556770000000000E+09   5.0245061333610467E+05   8.4709862939407120E-14   1.1050428812697934E-24   3.6905153730220723E+03
   1.1576770000000000E+09   5.0423623777949938E+05   8.3902318454807393E-14   1.0950335424404193E-24   3.6887456485236794E+03
   1.1596770000000000E+09   5.0601700560539664E+05   8.3105122801795264E-14   1.0851519363957974E-24   3.6869684111879269E+03
   1.1616770000000000E+09   5.0779291890430159E+05   8.2318113472996684E-14   1.0753959513227406E-24   3.6851840489298879E+03
   1.1636770000000000E+09   5.0956397902345029E+05   8.1541131187924203E-14   1.0657635197863089E-24   3.6833929472753389E+03
   1.1656770000000000E+09   5.1133018670675874E+05   8.0774019802347065E-14   1.0562526174685953E-24   3.6815954892999157E+03
   1.1676770000000000E+09   5.1309154226013453E+05   8.0016626218232486E-14   1.0468612619140183E-24   3.6797920555788937E+03
   1.1696770000000000E+09   5.1484804573961825E+05   7.9268800294530093E-14   1.0375875112843094E-24   3.6779830241489062E+03
   1.1716770000000000E+09   5.1659969715882535E+05   7.8530394759113503E-14   1.0284294631270180E-24   3.6761687704827787E+03
   1.1736770000000000E+09   5.1834649671104364E+05   7.7801265122282477E-14   1.0193852531626262E-24   3.6743496674783919E+03
   1.1756770000000000E+09   5.2008844500063366E+05   7.7081269592233188E-14   1.0104530540955573E-24   3.6725260854621670E+03
   1.1776770000000000E+09   5.2182554327761516E+05   7.6370268992965572E-14   1.0016310744552580E-24   3.6706983922074860E+03
   1.1796770000000000E+09   5.2355779366899020E+05   7.5668126685082029E-14   9.9291755747351166E-25   3.6688669529678746E+03
   1.1816770000000000E+09   5.2528519940010179E+05   7.4974708489939905E-14   9.8431078000431054E-25   3.6670321305246016E+03
   1.1836770000000000E+09   5.2700776499941316E+05   7.4289882617589724E-14   9.7580905149239198E-25   3.6651942852477155E+03
   1.1856770000000000E+09   5.2872549648065621E+05   7.3613519598834517E-14   9.6741071299533621E-25   3.6633537751693643E+03
   1.1876770000000000E+09   5.3043840149662655E+05   7.2945492221742778E-14   9.5911413626418832E-25   3.6615109560678202E+03
   1.1896770000000000E+09   5.3214648946018238E+05   7.2285675472765908E-14   9.5091772288522947E-25   3.6596661815603989E+03
   1.1916770000000000E+09   5.3384977162880183E+05   7.1633946482572282E-14   9.4281990348508395E-25   3.6578198032031178E+03
   1.1936770000000000E+09   5.3554826115055010E+05   7.0990184476548412E-14   9.3481913699918970E-25   3.6559721705949441E+03
   1.1956770000000000E+09   5.3724197307040659E+05   7.0354270729848871E-14   9.2691391000278120E-25   3.6541236314842499E+03
   1.1976770000000000E+09   5.3893092429756769E+05   6.9726088526712538E-14   9.1910273610130723E-25   3.6522745318751713E+03
   1.1996770000000000E+09   5.4061513353545952E+05   6.9105523123707261E-14   9.1138415537643769E-25   3.6504252161315512E+03
   1.2016770000000000E+09   5.4229462117744028E+05   6.8492461716481275E-14   9.0375673388259315E-25   3.6485760270764031E+03
   1.2036770000000000E+09   5.4396940917234740E+05   6.7886793409513175E-14   8.9621906318772505E-25   3.6467273060849138E+03
   1.2056770000000000E+09   5.4563952086484025E+05   6.7288409188333876E-14   8.8876975995169734E-25   3.6448793931693417E+03
   1.2076770000000000E+09   5.4730498081623332E+05   6.6697201893655789E-14   8.8140746553501053E-25   3.6430326270544365E+03
   1.2096770000000000E+09   5.4896581461180223E+05   6.6113066196875737E-14   8.7413084563088896E-25   3.6411873452423592E+03
   1.2116770000000000E+09   5.5062204866103525E+05   6.5535898576384588E-14   8.6693858991321701E-25   3.6393438840663671E+03
   1.2136770000000000E+09   5.5227370999694115E+05   6.4965597294218704E-14   8.5982941169400003E-25   3.6375025787330314E+03
   1.2156770000000000E+09   5.5392082608063833E+05   6.4402062372572799E-14   8.5280204758378915E-25   3.6356637633528480E+03
   1.2176770000000000E+09   5.5556342461671168E+05   6.3845195569815185E-14   8.4585525714994840E-25   3.6338277709597228E+03
   1.2196770000000000E+09   5.5720153338431742E+05   6.3294900355689761E-14   8.3898782256820750E-25   3.6319949335198539E+03
   1.2216770000000000E+09   5.5883518008803495E+05   6.2751081885503181E-14   8.3219854826436216E-25   3.6301655819309403E+03
   1.2236770000000000E+09   5.6046439223162073E+05   6.2213646973153499E-14   8.2548626054373652E-25   3.6283400460127564E+03
   1.2256770000000000E+09   5.6208919701634033E+05   6.1682504063016468E-14   8.1884980720810175E-25   3.6265186544903768E+03
   1.2276770000000000E+09   5.6370962126470613E+05   6.1157563200730054E-14   8.1228805716011696E-25   3.6247017349712496E+03
   1.2296770000000000E+09   5.6532569136891549E+05   6.0638736003068992E-14   8.0579989999733156E-25   3.6228896139175713E+03
   1.2316770000000000E+09   5.6693743326246028E+05   6.0125935627119275E-14   7.9938424559813691E-25   3.6210826166150982E+03
   1.2336770000000000E+09   5.6854487241223233E+05   5.9619076739057067E-14   7.9304002370330228E-25   3.6192810671397142E+03
   1.2356770000000000E+09   5.7014803382801579E+05   5.9118075482820491E-14   7.8676618349664894E-25   3.6174852883226336E+03
   1.2376770000000000E+09   5.7174694208571874E+05   5.8622849448992622E-14   7.8056169318880840E-25   3.6156956017152875E+03
   1.2396770000000000E+09   5.7334162136076030E+05   5.8133317644166123E-14   7.7442553960751180E-25   3.6139123275544430E+03
   1.2416770000000000E+09   5.7493209546803834E+05   5.7649400461040574E-14   7.6835672779762416E-25   3.6121357847280833E+03
   1.2436770000000000E+09   5.7651838790542388E+05   5.7171019649427668E-14   7.6235428063318063E-25   3.6103662907424446E+03
   1.2456770000000000E+09   5.7810052189808397E+05   5.6698098288297942E-14   7.5641723844319565E-25   3.6086041616903208E+03
   1.2476770000000000E+09   5.7967852044137975E+05   5.6230560758956751E-14   7.5054465865242676E-25   3.6068497122206936E+03
   1.2496770000000000E+09   5.8125240634073317E+05   5.5768332719365518E-14   7.4473561543732950E-25   3.6051032555097177E+03
   1.2516770000000000E+09   5.8282220224707574E+05   5.5311341079617767E-14   7.3898919939741332E-25   3.6033651032327853E+03
   1.2536770000000000E+09   5.8438793068698596E+05   5.4859513978530777E-14   7.3330451724150055E-25   3.6016355655376883E+03
   1.2556770000000000E+09   5.8594961408684414E+05   5.4412780761307196E-14   7.2768069148838361E-25   3.5999149510184620E+03
   1.2576770000000000E+09   5.8750727479063044E+05   5.3971071958197098E-14   7.2211686018098430E-25   3.5982035666898519E+03
   1.2596770000000000E+09   5.8906093507121818E+05   5.3534319264081417E-14   7.1661217661305298E-25   3.5965017179619904E+03
   1.2616770000000000E+09   5.9061061713514896E+05   5.3102455518895937E-14   7.1116580906735938E-25   3.5948097086151533E+03
   1.2636770000000000E+09   5.9215634312099952E+05   5.2675414688813029E-14   7.0577694056432963E-25   3.5931278407742961E+03
   1.2656770000000000E+09   5.9369813509164401E+05   5.2253131848082362E-14   7.0044476861984720E-25   3.5914564148831378E+03
   1.2676770000000000E+09   5.9523601502057561E+05   5.1835543161461246E-14   6.9516850501131865E-25   3.5897957296775985E+03
   1.2696770000000000E+09   5.9677000477270351E+05   5.1422585867134523E-14   6.8994737555069335E-25   3.5881460821583551E+03
   1.2716770000000000E+09   5.9830012607985933E+05   5.1014198260056211E-14   6.8478061986353388E-25   3.5865077675623934E+03
   1.2736770000000000E+09   5.9982640051134792E+05   5.0610319675635350E-14   6.7966749117311666E-25   3.5848810793333255E+03
   1.2756770000000000E+09   6.0134884944000654E+05   5.0210890473678566E-14   6.7460725608838322E-25   3.5832663090903711E+03
   1.2776770000000000E+09   6.0286749400421779E+05   4.9815852022512258E-14   6.6959919439470529E-25   3.5816637465958420E+03
   1.2796770000000000E+09   6.0438235506647103E+05   4.9425146683199122E-14   6.6464259884630041E-25   3.5800736797210434E+03
   1.2816770000000000E+09   6.0589345316913258E+05   4.9038717793764480E-14   6.5973677495915112E-25   3.5784963944104602E+03
   1.2836770000000000E+09   6.0740080848815048E+05   4.8656509653349731E-14   6.5488104080327536E-25   3.5769321746442224E+03
   1.2856770000000000E+09   6.0890444078546553E+05   4.8278467506215926E-14   6.5007472679329043E-25   3.5753813023987468E+03
   1.2876770000000000E+09   6.1040436936085159E+05   4.7904537525534011E-14   6.4531717547637013E-25   3.5738440576055664E+03
   1.2896770000000000E+09   6.1190061300371331E+05   4.7534666796928415E-14   6.4060774131710361E-25   3.5723207181083430E+03
   1.2916770000000000E+09   6.1339318994540744E+05   4.7168803301739716E-14   6.3594579047874051E-25   3.5708115596181092E+03
   1.2936770000000000E+09   6.1488211781221244E+05   4.6806895900023980E-14   6.3133070060102708E-25   3.5693168556666978E+03
   1.2956770000000000E+09   6.1636741357883299E+05   4.6448894313331081E-14   6.2676186057514058E-25   3.5678368775584850E+03
   1.2976770000000000E+09   6.1784909352202516E+05   4.6094749107332565E-14   6.2223867031664192E-25   3.5663718943204267E+03
   1.2996770000000000E+09   6.1932717317368696E+05   4.5744411674395361E-14   6.1776054053772001E-25   3.5649221726503670E+03
   1.3016770000000000E+09   6.2080166727267834E+05   4.5397834216218652E-14   6.1332689252027550E-25   3.5634879768636893E+03
   1.3036770000000000E+09   6.2227258971526707E+05   4.5054969726608385E-14   6.0893715789084852E-25   3.5620695688382016E+03
   1.3056770000000000E+09   6.2373995350514958E+05   4.4715771974427725E-14   6.0459077839789264E-25   3.5606672079572459E+03
   1.3076770000000000E+09   6.2520377070641320E+05   4.4380195486611537E-14   6.0028720568987060E-25   3.5592811510510337E+03
   1.3096770000000000E+09   6.2666405240583641E+05   4.4048195530992899E-14   5.9602590109071261E-25   3.5579116523363896E+03
   1.3116770000000000E+09   6.2812080869549967E+05   4.3719728098428164E-14   5.9180633536562361E-25   3.5565589633551449E+03
   1.3136770000000000E+09   6.2957404869112058E+05   4.3394749883494845E-14   5.8762798846723445E-25   3.5552233329120309E+03
   1.3156770000000000E+09   6.3102378060551651E+05   4.3073218262836887E-14   5.8349034924931619E-25   3.5539050070132421E+03
   1.3176770000000000E+09   6.3247001189797255E+05   4.2755091270194799E-14   5.7939291513462041E-25   3.5526042288076087E+03
   1.3196770000000000E+09   6.3391274951708480E+05   4.2440327567358978E-14   5.7533519172602215E-25   3.5513212385329430E+03
   1.3216770000000000E+09   6.3535200024472526E+05   4.2128886410848135E-14   5.7131669235768739E-25   3.5500562734706759E+03
   1.3236770000000000E+09   6.3678777113133878E+05   4.1820727615042461E-14   5.6733693759556438E-25   3.5488095679121616E+03
   1.3256770000000000E+09   6.3822006998858985E+05   4.1515811513752783E-14   5.6339545471359370E-25   3.5475813531396893E+03
   1.3276770000000000E+09   6.3964890587867552E+05   4.1214098923528615E-14   5.5949177719027000E-25   3.5463718574240688E+03
   1.3296770000000000E+09   6.4107428951749019E+05   4.0915551113022977E-14   5.5562544428442178E-25   3.5451813060386257E+03
   1.3316770000000000E+09   6.4249623350083164E+05   4.0620129782956607E-14   5.5179600075269428E-25   3.5440099212867785E+03
   1.3336770000000000E+09   6.4391475227751979E+05   4.0327797060252372E-14   5.4800299675863803E-25   3.5428579225371477E+03
   1.3356770000000000E+09   6.4532986183552118E+05   4.0038515507546469E-14   5.4424598799157598E-25   3.5417255262578110E+03
   1.3376770000000000E+09   6.4674157913243084E+05   3.9752248145822731E-14   5.4052453596653943E-25   3.5406129460398902E+03
   1.3396770000000000E+09   6.4814992137474753E+05   3.9468958484220576E-14   5.3683820842593178E-25   3.5395203926017953E+03
   1.3416770000000000E+09   6.4955490530736966E+05   3.9188610548346233E-14   5.3318657972576471E-25   3.5384480737688332E+03
   1.3436770000000000E+09   6.5095654668957752E+05   3.8911168897983087E-14   5.2956923108223602E-25   3.5373961944284606E+03
   1.3456770000000000E+09   6.5235486009014864E+05   3.8636598627655659E-14   5.2598575058806655E-25   3.5363649564675702E+03
   1.3476770000000000E+09   6.5374985903658136E+05   3.8364865348720357E-14   5.2243573297823765E-25   3.5353545587029962E+03
   1.3496770000000000E+09   6.5514155643225787E+05   3.8095935157848628E-14   5.1891877920900996E-25   3.5343651968178092E+03
   1.3516770000000000E+09   6.5652996505857573E+05   3.7829774601518145E-14   5.1543449597950556E-25   3.5333970633131971E+03
   1.3536770000000000E+09   6.5791509795364260E+05   3.7566350647128417E-14   5.1198249534015396E-25   3.5324503474788798E+03
   1.3556770000000000E+09   6.5929696852454508E+05   3.7305630667789871E-14   5.0856239448507160E-25   3.5315252353776018E+03
   1.3576770000000000E+09   6.6067559038241475E+05   3.7047582441060346E-14   5.0517381573402733E-25   3.5306219098334850E+03
   1.3596770000000000E+09   6.6205097702517908E+05   3.6792174155179214E-14   5.0181638661789491E-25   3.5297405504136641E+03
   1.3616770000000000E+09   6.6342314156053006E+05   3.6539374413163798E-14   4.9848973993708783E-25   3.5288813333973130E+03
   1.3636770000000000E+09   6.6479209662158031E+05   3.6289152227369627E-14   4.9519351369157479E-25   3.5280444317341157E+03
   1.3656770000000000E+09   6.6615785450384091E+05   3.6041477003390211E-14   4.9192735086571877E-25   3.5272300150001583E+03
   1.3676770000000000E+09   6.6752042742017098E+05   3.5796318518730221E-14   4.8869089914058004E-25   3.5264382493605749E+03
   1.3696770000000000E+09   6.6887982771372597E+05   3.5553646904437974E-14   4.8548381064479157E-25   3.5256692975434444E+03
   1.3716770000000000E+09   6.7023606792071986E+05   3.5313432635298796E-14   4.8230574182099844E-25   3.5249233188225048E+03
   1.3736770000000000E+09   6.7158916069142695E+05   3.5075646528442397E-14   4.7915635340708170E-25   3.5242004690014369E+03
   1.3756770000000000E+09   6.7293911867039604E+05   3.4840259745589717E-14   4.7603531046794456E-25   3.5235009003934779E+03
   1.3776770000000000E+09   6.7428595443790290E+05   3.4607243793891384E-14   4.7294228240901258E-25   3.5228247617955540E+03
   1.3796770000000000E+09   6.7562968053454021E+05   3.4376570523863954E-14   4.6987694295038831E-25   3.5221721984611645E+03
   1.3816770000000000E+09   6.7697030950389639E+05   3.4148212126861649E-14   4.6683897009424861E-25   3.5215433520770312E+03
   1.3836770000000000E+09   6.7830785386696097E+05   3.3922141135404619E-14   4.6382804613084046E-25   3.5209383607439695E+03
   1.3856770000000000E+09   6.7964232598092046E+05   3.3698330427700247E-14   4.6084385770208605E-25   3.5203573589568296E+03
   1.3876770000000000E+09   6.8097373773662641E+05   3.3476753236998653E-14   4.5788609593279655E-25   3.5198004775743934E+03
   1.3896770000000000E+09   6.8230209985259047E+05   3.3257383173401737E-14   4.5495445673546434E-25   3.5192678437657087E+03
   1.3916770000000000E+09   6.8362741988537286E+05   3.3040194289016693E-14   4.5204864171526418E-25   3.5187595809018621E+03
   1.3936770000000000E+09   6.8494969647606055E+05   3.2825161274797687E-14   4.4916836089460109E-25   3.5182758083128510E+03
   1.3956770000000000E+09   6.8626890356291889E+05   3.2612260012477902E-14   4.4631334033965744E-25   3.5178166407177455E+03
   1.3976770000000000E+09   6.8758494982846093E+05   3.2401469007869468E-14   4.4348334194471051E-25   3.5173821869274511E+03
   1.3996770000000000E+09   6.8889758165858942E+05   3.2192772845760451E-14   4.4067821107983768E-25   3.5169725470814815E+03
   1.4016770000000000E+09   6.9020616902739007E+05   3.1986169864019798E-14   4.3789798234531697E-25   3.5165878072377113E+03
   1.4036770000000000E+09   6.9150927741113375E+05   3.1781687608702326E-14   4.3514309241688808E-25   3.5162280297225570E+03
   1.4056770000000000E+09   6.9280391399429727E+05   3.1579410286431850E-14   4.3241475796756481E-25   3.5158932374592928E+03
   1.4076770000000000E+09   6.9408441985831002E+05   3.1379519584425152E-14   4.2971553771331289E-25   3.5155833902924969E+03
   1.4096770000000000E+09   6.9534128753114445E+05   3.1182339147327474E-14   4.2704994605599526E-25   3.5152983495470089E+03
   1.4116770000000000E+09   6.9656079419810697E+05   3.0988350337565543E-14   4.2442467600656095E-25   3.5150378209855180E+03
   1.4136770000000000E+09   6.9772700669693702E+05   3.0798121003912677E-14   4.2184763493736847E-25   3.5148012584472067E+03
   1.4156770000000000E+09   6.9882751014792884E+05   3.0612093691770660E-14   4.1932505906410775E-25   3.5145877251745510E+03
   1.4176770000000000E+09   6.9986181930019788E+05   3.0430266475476481E-14   4.1685715041556968E-25   3.5143957973061606E+03
   1.4196770000000000E+09   7.0084711754410481E+05   3.0251965374571066E-14   4.1443493445458485E-25   3.5142237438489860E+03
   1.4216770000000000E+09   7.0181426053027902E+05   3.0075986707481231E-14   4.1204212964064083E-25   3.5140701906529139E+03
   1.4236770000000000E+09   7.0279423912461207E+05   2.9901125325989969E-14   4.0966228820048430E-25   3.5139349508312694E+03
   1.4256770000000000E+09   7.0380832733506977E+05   2.9726587815494540E-14   4.0728446031088169E-25   3.5138190419072262E+03
   1.4276770000000000E+09   7.0487471241110261E+05   2.9551756609698057E-14   4.0490009356243323E-25   3.5137235949316610E+03
   1.4296770000000000E+09   7.0602286572222284E+05   2.9375572988596604E-14   4.0249480556578128E-25   3.5136478876942924E+03
   1.4316770000000000E+09   7.0725671943144850E+05   2.9198106939154544E-14   4.0006798387660685E-25   3.5136060651456469E+03
   1.4336770000000000E+09   7.0886640207980620E+05   2.9006386991725381E-14   3.9745715899788572E-25   3.5134638045299525E+03
   1.4356770000000000E+09   7.0830052695048403E+05   2.8907712169922824E-14   3.9608721626671446E-25   3.5136222367060759E+03
   6.5767700000000000E+08  -3.0650417104205035E+03   3.3358742747814577E-08   1.1855156972191288E-22   1.8564729106823620E+03
   6.5967700000000000E+08  -3.4761133942122460E+03   4.8689405175419544E-08   1.3916981708653648E-22   2.3082017544110477E+03
   6.6167700000000000E+08  -3.7511138513715496E+03   5.6885865311207903E-08   1.4380939767467758E-22   2.6097826865915235E+03
   6.6367700000000000E+08  -3.6251032286729514E+03   5.9406212434154702E-08   1.3792247114959485E-22   2.8417675117084341E+03
   6.6567700000000000E+08  -3.1033818831749054E+03   5.8309443040038640E-08   1.2686051636024550E-22   3.0325538589434500E+03
   6.6767700000000000E+08  -2.4482362623164777E+03   5.5516183785294259E-08   1.1462076044459507E-22   3.1956276344493049E+03
   6.6967700000000000E+08  -1.8308063636468135E+03   5.2197374181701935E-08   1.0315568981324178E-22   3.3385455379696014E+03
   6.7167700000000000E+08  -1.2470027902545637E+03   4.8873671665106135E-08   9.3034809796590345E-23   3.4660284353514403E+03
   6.7367700000000000E+08  -6.2086680201840602E+02   4.5739233376928710E-08   8.4266561943731042E-23   3.5812596537393438E+03
   6.7567700000000000E+08   1.9721683087003385E+02   4.2828569804626842E-08   7.6651237875878172E-23   3.6865078567642436E+03
   6.7767700000000000E+08   1.2953214055634928E+03   4.0090614453672614E-08   6.9912148425282483E-23   3.7834557983143641E+03
   6.7967700000000000E+08   2.6080875117769069E+03   3.7501112223663803E-08   6.3877770484221249E-23   3.8733833346286506E+03
   6.8167700000000000E+08   4.0184083013984773E+03   3.5084552706723881E-08   5.8494161015818214E-23   3.9572820543387134E+03
   6.8367700000000000E+08   5.4813838116693332E+03   3.2898615134504513E-08   5.3780479833202933E-23   4.0359369347646152E+03
   6.8567700000000000E+08   7.0431668982090659E+03   3.0967691440533346E-08   4.9711676380260643E-23   4.1099845255301516E+03
   6.8767700000000000E+08   8.7430288883919602E+03   2.9281520005954324E-08   4.6217988657142129E-23   4.1799506424949304E+03
   6.8967700000000000E+08   1.0587465115059802E+04   2.7810739830258531E-08   4.3210800347500511E-23   4.2462743162423694E+03
   6.9167700000000000E+08   1.2556999577193928E+04   2.6521043875212539E-08   4.0603995200170393E-23   4.3093250809273113E+03
   6.9367700000000000E+08   1.4620992681131473E+04   2.5380242236050477E-08   3.8323014491138327E-23   4.3694164087133213E+03
   6.9567700000000000E+08   1.6744378399436333E+04   2.4360258609822099E-08   3.6305963800338868E-23   4.4268163255690542E+03
   6.9767700000000000E+08   1.8890042052070778E+04   2.3437735229086773E-08   3.4502900288898426E-23   4.4817557307672378E+03
   6.9967700000000000E+08   2.1020746050950806E+04   2.2593536104898878E-08   3.2873811933065877E-23   4.5344349439719490E+03
   7.0167700000000000E+08   2.3099861232619602E+04   2.1812116993586800E-08   3.1386725135694841E-23   4.5850288997731786E+03
   7.0367700000000000E+08   2.5092147761091215E+04   2.1080937159990721E-08   3.0016126165873893E-23   4.6336913021726778E+03
   7.0567700000000000E+08   2.6964728941905203E+04   2.0389973874384859E-08   2.8741719452317459E-23   4.6805579849240448E+03
   7.0767700000000000E+08   2.8688211580381147E+04   1.9731338994618319E-08   2.7547469874700617E-23   4.7257496598106663E+03
   7.0967700000000000E+08   3.0237864855489228E+04   1.9098975534519781E-08   2.6420859529598475E-23   4.7693741867373801E+03
   7.1167700000000000E+08   3.1594754158890406E+04   1.8488410160840560E-08   2.5352298155569629E-23   4.8115284642574434E+03
   7.1367700000000000E+08   3.2746724662284145E+04   1.7896539510082883E-08   2.4334637633441638E-23   4.8523000134632484E+03
   7.1567700000000000E+08   3.3689119638612727E+04   1.7321431930423502E-08   2.3362752239345018E-23   4.8917683094073764E+03
   7.1767700000000000E+08   3.4425112079452883E+04   1.6762130621207985E-08   2.2433156599922981E-23   4.9300059004927507E+03
   7.1967700000000000E+08   3.4965538142736368E+04   1.6218449747491072E-08   2.1543643784157786E-23   4.9670793464398503E+03
   7.2167700000000000E+08   3.5328161257621985E+04   1.5690761996574044E-08   2.0692936973740333E-23   5.0030499988290258E+03
   7.2367700000000000E+08   3.5536369906142674E+04   1.5179783474217816E-08   1.9880358883283264E-23   5.0379746443332297E+03
   7.2567700000000000E+08   3.5617409074533760E+04   1.4686368182811349E-08   1.9105531623648135E-23   5.0719060290365542E+03
   7.2767700000000000E+08   3.5600339816500353E+04   1.4211327677286994E-08   1.8368123824137990E-23   5.1048932819184874E+03
   7.2967700000000000E+08   3.5513982420100147E+04   1.3755290574305671E-08   1.7667660255661700E-23   5.1369822557637499E+03
   7.3167700000000000E+08   3.5385103288004058E+04   1.3318611493748576E-08   1.7003402415898098E-23   5.1682158035635330E+03
   7.3367700000000000E+08   3.5237050048329824E+04   1.2901331334506465E-08   1.6374298850707310E-23   5.1986340073149677E+03
   7.3567700000000000E+08   3.5088941527515519E+04   1.2503182976830673E-08   1.5778994591979289E-23   5.2282743738445170E+03
   7.3767700000000000E+08   3.4955410402365080E+04   1.2123630810273656E-08   1.5215882739964525E-23   5.2571720091461611E+03
   7.3967700000000000E+08   3.4846807438895950E+04   1.1761930105200270E-08   1.4683179198748658E-23   5.2853597792661167E+03
   7.4167700000000000E+08   3.4769725840511397E+04   1.1417193077007538E-08   1.4179003525536164E-23   5.3128684625455498E+03
   7.4367700000000000E+08   3.4727694814018832E+04   1.1088451500888781E-08   1.3701453311082525E-23   5.3397268954611409E+03
   7.4567700000000000E+08   3.4721913007975410E+04   1.0774709583298269E-08   1.3248664729293181E-23   5.3659621125564900E+03
   7.4767700000000000E+08   3.4751929869290521E+04   1.0474984377104447E-08   1.2818856519457874E-23   5.3915994799976770E+03
   7.4967700000000000E+08   3.4816222536177978E+04   1.0188333713877998E-08   1.2410357987673652E-23   5.4166628219430040E+03
   7.5167700000000000E+08   3.4912648846833275E+04   9.9138732557685512E-09   1.2021623517260249E-23   5.4411745389743473E+03
   7.5367700000000000E+08   3.5038779824343081E+04   9.6507849842194991E-09   1.1651236809956205E-23   5.4651557180997552E+03
   7.5567700000000000E+08   3.5192127831035847E+04   9.3983195166369928E-09   1.1297908025264577E-23   5.4886262341598376E+03
   7.5767700000000000E+08   3.5370291659917551E+04   9.1557943510444520E-09   1.0960466508936807E-23   5.5116048427667756E+03
   7.5967700000000000E+08   3.5571039834859934E+04   8.9225896974134540E-09   1.0637851174774798E-23   5.5341092651335202E+03
   7.6167700000000000E+08   3.5792350669476982E+04   8.6981431006968853E-09   1.0329099993631560E-23   5.5561562653026358E+03
   7.6367700000000000E+08   3.6032423871637860E+04   8.4819436667422867E-09   1.0033339531395110E-23   5.5777617203670206E+03
   7.6567700000000000E+08   3.6289674704616795E+04   8.2735263945502229E-09   9.7497750885310264E-24   5.5989406843039224E+03
   7.6767700000000000E+08   3.6562718444774524E+04   8.0724668962658348E-09   9.4776817202863588E-24   5.6197074460349040E+03
   7.6967700000000000E+08   3.6850350289686692E+04   7.8783766366829923E-09   9.2163962379042166E-24   5.6400755822923884E+03
   7.7167700000000000E+08   3.7151523958413149E+04   7.6908987299432714E-09   8.9653101831224616E-24   5.6600580058281703E+03
   7.7367700000000000E+08   3.7465330886639837E+04   7.5097042765088109E-09   8.7238637092259414E-24   5.6796670094489727E+03
   7.7567700000000000E+08   3.7790981026794150E+04   7.3344891952762645E-09   8.4915402748654494E-24   5.6989143063132915E+03
   7.7767700000000000E+08   3.8127785696645013E+04   7.1649714940847826E-09   8.2678620492622407E-24   5.7178110668754007E+03
   7.7967700000000000E+08   3.8475142579594714E+04   7.0008889200130421E-09   8.0523859307581033E-24   5.7363679528180219E+03
   7.8167700000000000E+08   3.8832522789693823E+04   6.8419969342471815E-09   7.8447000894551584E-24   5.7545951482753153E+03
   7.8367700000000000E+08   3.9199459819624113E+04   6.6880669621117463E-09   7.6444209555770140E-24   5.7725023886125573E+03
   7.8567700000000000E+08   3.9575540152918984E+04   6.5388848754298957E-09   7.4511905862791153E-24   5.7900989869979403E+03
   7.8767700000000000E+08   3.9960395317814335E+04   6.3942496708089428E-09   7.2646743539650875E-24   5.8073938589749687E+03
   7.8967700000000000E+08   4.0353695173693370E+04   6.2539723132914478E-09   7.0845589083043733E-24   5.8243955452203063E+03
   7.9167700000000000E+08   4.0755142242598384E+04   6.1178747199030048E-09   6.9105503719878122E-24   5.8411122326515151E+03
   7.9367700000000000E+08   4.1164466922242667E+04   5.9857888619460426E-09   6.7423727368564703E-24   5.8575517740312880E+03
   7.9567700000000000E+08   4.1581423440351500E+04   5.8575559684927485E-09   6.5797664325288318E-24   5.8737217061990605E+03
   7.9767700000000000E+08   4.2005786431557775E+04   5.7330258165072600E-09   6.4224870441873820E-24   5.8896292670473476E+03
   7.9967700000000000E+08   4.2437348036896889E+04   5.6120560954719535E-09   6.2703041599209551E-24   5.9052814113481199E+03
   8.0167700000000000E+08   4.2875915442100610E+04   5.4945118363962344E-09   6.1230003310950941E-24   5.9206848255240220E+03
   8.0367700000000000E+08   4.3321308784585206E+04   5.3802648967267083E-09   5.9803701317566493E-24   5.9358459414498384E+03
   8.0567700000000000E+08   4.3773359370517173E+04   5.2691934940238463E-09   5.8422193051732308E-24   5.9507709493615794E+03
   8.0767700000000000E+08   4.4231908152960408E+04   5.1611817823771808E-09   5.7083639873447374E-24   5.9654658099429607E+03
   8.0967700000000000E+08   4.4696804430171396E+04   5.0561194664453903E-09   5.5786299987699857E-24   5.9799362656528474E+03
   8.1167700000000000E+08   4.5167904729880756E+04   4.9539014487648424E-09   5.4528521969605043E-24   5.9941878513512856E+03
   8.1367700000000000E+08   4.5645071851123248E+04   4.8544275066015628E-09   5.3308738832100513E-24   6.0082259042765500E+03
   8.1567700000000000E+08   4.6128174040065227E+04   4.7576019951487776E-09   5.2125462579853775E-24   6.0220555734211612E+03
   8.1767700000000000E+08   4.6617084280450879E+04   4.6633335743150160E-09   5.0977279200304984E-24   6.0356818283504454E+03
   8.1967700000000000E+08   4.7111679682884263E+04   4.5715349567211280E-09   4.9862844048948680E-24   6.0491094675036948E+03
   8.2167700000000000E+08   4.7611840960270383E+04   4.4821226748386897E-09   4.8780877591222479E-24   6.0623431260144580E+03
   8.2367700000000000E+08   4.8117451979362566E+04   4.3950168654680328E-09   4.7730161467871820E-24   6.0753872830835435E+03
   8.2567700000000000E+08   4.8628399380581439E+04   4.3101410699780203E-09   4.6709534854505773E-24   6.0882462689355580E+03
   8.2767700000000000E+08   4.9144572260060057E+04   4.2274220489170743E-09   4.5717891089338657E-24   6.1009242713872845E+03
   8.2967700000000000E+08   4.9665861909218947E+04   4.1467896097628626E-09   4.4754174545922494E-24   6.1134253420539681E+03
   8.3167700000000000E+08   5.0192161608135873E+04   4.0681764467079134E-09   4.3817377730057275E-24   6.1257534022176087E+03
   8.3367700000000000E+08   5.0723366469489476E+04   3.9915179914866891E-09   4.2906538582105253E-24   6.1379122483792780E+03
   8.3567700000000000E+08   5.1259373329989983E+04   3.9167522743388358E-09   4.2020737967671762E-24   6.1499055575161410E+03
   8.3767700000000000E+08   5.1800080685997069E+04   3.8438197942763147E-09   4.1159097341099227E-24   6.1617368920618546E+03
   8.3967700000000000E+08   5.2345388669511587E+04   3.7726633978841377E-09   4.0320776567509984E-24   6.1734097046280531E+03
   8.4167700000000000E+08   5.2895199060004656E+04   3.7032281659362459E-09   3.9504971890255538E-24   6.1849273424829680E+03
   8.4367700000000000E+08   5.3449415326712282E+04   3.6354613071556071E-09   3.8710914031645414E-24   6.1962930518022904E+03
   8.4567700000000000E+08   5.4007942695191421E+04   3.5693120584901816E-09   3.7937866415745070E-24   6.2075099817061418E+03
   8.4767700000000000E+08   5.4570688231178210E+04   3.5047315913194759E-09   3.7185123502907559E-24   6.2185811880950714E+03
   8.4967700000000000E+08   5.5137560934262416E+04   3.4416729230491924E-09   3.6452009226534355E-24   6.2295096372970893E+03
   8.5167700000000000E+08   5.5708471833626005E+04   3.3800908335965394E-09   3.5737875523380664E-24   6.2402982095369016E+03
   8.5367700000000000E+08   5.6283334078187298E+04   3.3199417863156837E-09   3.5042100949524016E-24   6.2509497022376163E+03
   8.5567700000000000E+08   5.6862063013949155E+04   3.2611838529618601E-09   3.4364089374909008E-24   6.2614668331647435E+03
   8.5767700000000000E+08   5.7444576242172676E+04   3.2037766423430071E-09   3.3703268750162765E-24   6.2718522434212882E+03
   8.5967700000000000E+08   5.8030793653163353E+04   3.1476812323581438E-09   3.3059089940126140E-24   6.2821085003025228E+03
   8.6167700000000000E+08   5.8620637431877854E+04   3.0928601051706721E-09   3.2431025619261912E-24   6.2922381000180976E+03
   8.6367700000000000E+08   5.9214032033166870E+04   3.0392770853113409E-09   3.1818569224765689E-24   6.3022434702889404E+03
   8.6567700000000000E+08   5.9810904126153720E+04   2.9868972805472974E-09   3.1221233963801928E-24   6.3121269728257257E+03
   8.6767700000000000E+08   6.0411182508903003E+04   2.9356870253902197E-09   3.0638551871810929E-24   6.3218909056953908E+03
   8.6967700000000000E+08   6.1014797996054855E+04   2.8856138271464120E-09   3.0070072919272077E-24   6.3315375055816794E+03
   8.7167700000000000E+08   6.1621683283404367E+04   2.8366463144345347E-09   2.9515364164660632E-24   6.3410689499453511E+03
   8.7367700000000000E+08   6.2231772794412376E+04   2.7887541881123604E-09   2.8974008951601258E-24   6.3504873590894304E+03
   8.7567700000000000E+08   6.2845002514306012E+04   2.7419081745628619E-09   2.8445606148409295E-24   6.3597947981344350E+03
   8.7767700000000000E+08   6.3461309817747009E+04   2.6960799812924573E-09   2.7929769428322940E-24   6.3689932789082795E+03
   8.7967700000000000E+08   6.4080633296010732E+04   2.6512422547919408E-09   2.7426126588785602E-24   6.3780847617552563E+03
   8.8167700000000000E+08   6.4702912589280619E+04   2.6073685406040867E-09   2.6934318908144750E-24   6.3870711572684077E+03
   8.8367700000000000E+08   6.5328088229079163E+04   2.5644332455325450E-09   2.6454000538108301E-24   6.3959543279488980E+03
   8.8567700000000000E+08   6.5956101495122872E+04   2.5224116019157187E-09   2.5984837930251294E-24   6.4047360897964109E+03
   8.8767700000000000E+08   6.6586894290217489E+04   2.4812796338764605E-09   2.5526509294798381E-24   6.4134182138338228E+03
   8.8967700000000000E+08   6.7220409036538011E+04   2.4410141254430678E-09   2.5078704089808280E-24   6.4220024275695350E+03
   8.9167700000000000E+08   6.7856588597574126E+04   2.4015925904142962E-09   2.4641122538710392E-24   6.4304904164005366E+03
   8.9367700000000000E+08   6.8495376233874864E+04   2.3629932437993782E-09   2.4213475173770801E-24   6.4388838249590490E+03
   8.9567700000000000E+08   6.9136715610958985E+04   2.3251949745794616E-09   2.3795482402251671E-24   6.4471842584056703E+03
   8.9767700000000000E+08   6.9780550900816190E+04   2.2881773193647732E-09   2.3386874090325850E-24   6.4553932836714657E+03
   8.9967700000000000E+08   7.0426827064184428E+04   2.2519204361970534E-09   2.2987389156558047E-24   6.4635124306517591E+03
   9.0167700000000000E+08   7.1075490479837390E+04   2.2164050772055450E-09   2.2596775161341906E-24   6.4715431933540449E+03
   9.0367700000000000E+08   7.1726490198362953E+04   2.1816125580976944E-09   2.2214787871432702E-24   6.4794870310027227E+03
   9.0567700000000000E+08   7.2379780198164823E+04   2.1475247218873809E-09   2.1841190773092110E-24   6.4873453691034629E+03
   9.0767700000000000E+08   7.3035322973582457E+04   2.1141238948136220E-09   2.1475754513331361E-24   6.4951196004700905E+03
   9.0967700000000000E+08   7.3693094311701352E+04   2.0813928359662209E-09   2.1118256285312866E-24   6.5028110862169151E+03
   9.1167700000000000E+08   7.4353087850125157E+04   2.0493146910400963E-09   2.0768479264329936E-24   6.5104211567182647E+03
   9.1367700000000000E+08   7.5015315821432479E+04   2.0178729753768307E-09   2.0426212349023874E-24   6.5179511125348690E+03
   9.1567700000000000E+08   7.5679800096456878E+04   1.9870516259154290E-09   2.0091250605799878E-24   6.5254022253020394E+03
   9.1767700000000000E+08   7.6346547792624537E+04   1.9568351584239314E-09   1.9763396776350197E-24   6.5327757385705954E+03
   9.1967700000000000E+08   7.7015512177504454E+04   1.9272089199507498E-09   1.9442463734457231E-24   6.5400728685893046E+03
   9.2167700000000000E+08   7.7686554153302903E+04   1.8981593286626674E-09   1.9128276793687358E-24   6.5472948050253472E+03
   9.2367700000000000E+08   7.8359434851456826E+04   1.8696738910497683E-09   1.8820673753303547E-24   6.5544427116378347E+03
   9.2567700000000000E+08   7.9033867695883775E+04   1.8417408161401048E-09   1.8519500895674658E-24   6.5615177269438063E+03
   9.2767700000000000E+08   7.9709619343878760E+04   1.8143482962653012E-09   1.8224605680607005E-24   6.5685209649216031E+03
   9.2967700000000000E+08   8.0386591731393957E+04   1.7874839137391843E-09   1.7935830775165913E-24   6.5754535157669043E+03
   9.3167700000000000E+08   8.1064811604060960E+04   1.7611347492243740E-09   1.7653015158958838E-24   6.5823164466642074E+03
   9.3367700000000000E+08   8.1744324438335039E+04   1.7352880379656325E-09   1.7376000686780248E-24   6.5891108024922742E+03
   9.3567700000000000E+08   8.2425101553251850E+04   1.7099316144026006E-09   1.7104636459849608E-24   6.5958376064110798E+03
   9.3767700000000000E+08   8.3107094111836574E+04   1.6850540700826213E-09   1.6838780295189300E-24   6.6024978604057169E+03
   9.3967700000000000E+08   8.3790357425796901E+04   1.6606448808473173E-09   1.6578299941964932E-24   6.6090925459070004E+03
   9.4167700000000000E+08   8.4474986148828320E+04   1.6366936551453434E-09   1.6323065606145592E-24   6.6156226244175023E+03
   9.4367700000000000E+08   8.5160849469887922E+04   1.6131880824661476E-09   1.6072929522835141E-24   6.6220890379306657E+03
   9.4567700000000000E+08   8.5847448897460301E+04   1.5901128872822791E-09   1.5827715494224741E-24   6.6284927091436139E+03
   9.4767700000000000E+08   8.6534129223791271E+04   1.5674523244973870E-09   1.5587243620455494E-24   6.6348345418071776E+03
   9.4967700000000000E+08   8.7220538991224574E+04   1.5451943688500404E-09   1.5351371818689416E-24   6.6411154215287779E+03
   9.5167700000000000E+08   8.7907646627667797E+04   1.5233342551408238E-09   1.5120030391979925E-24   6.6473362167855594E+03
   9.5367700000000000E+08   8.8596074217817557E+04   1.5018825217061715E-09   1.4893302394515776E-24   6.6534977796075837E+03
   9.5567700000000000E+08   8.9286630365148216E+04   1.4808302753274852E-09   1.4671081231084638E-24   6.6596009457355003E+03
   9.5767700000000000E+08   8.9978860247626042E+04   1.4601631824541462E-09   1.4453204486718140E-24   6.6656465346265832E+03
   9.5967700000000000E+08   9.0672486008221051E+04   1.4398703460804299E-09   1.4239545087290505E-24   6.6716353497428008E+03
   9.6167700000000000E+08   9.1367350874058437E+04   1.4199423388178336E-09   1.4029991361756170E-24   6.6775681790008721E+03
   9.6367700000000000E+08   9.2063350227458926E+04   1.4003705382426479E-09   1.3824440360195496E-24   6.6834457952027697E+03
   9.6567700000000000E+08   9.2760410154695724E+04   1.3811468060646429E-09   1.3622794609652565E-24   6.6892689564373759E+03
   9.6767700000000000E+08   9.3458475563572618E+04   1.3622633495560084E-09   1.3424960702082515E-24   6.6950384064596356E+03
   9.6967700000000000E+08   9.4157502455481706E+04   1.3437126595844734E-09   1.3230848648636955E-24   6.7007548750520336E+03
   9.7167700000000000E+08   9.4857453602714726E+04   1.3254874778136618E-09   1.3040371526333375E-24   6.7064190783714248E+03
   9.7367700000000000E+08   9.5558296567002559E+04   1.3075807722609279E-09   1.2853445210439065E-24   6.7120317192829789E+03
   9.7567700000000000E+08   9.6260002621049149E+04   1.2899857166124503E-09   1.2669988146437836E-24   6.7175934876827323E+03
   9.7767700000000000E+08   9.6962545714586362E+04   1.2726956741957346E-09   1.2489921169674665E-24   6.7231050608096148E+03
   9.7967700000000000E+08   9.7665901571736133E+04   1.2557041857078628E-09   1.2313167363296635E-24   6.7285671035475425E+03
   9.8167700000000000E+08   9.8370047217799249E+04   1.2390049588282963E-09   1.2139651935925544E-24   6.7339802687182109E+03
   9.8367700000000000E+08   9.9074960828791896E+04   1.2225918595198045E-09   1.1969302117048722E-24   6.7393451973650117E+03
   9.8567700000000000E+08   9.9780621647691834E+04   1.2064589054727897E-09   1.1802047074435712E-24   6.7446625190287032E+03
   9.8767700000000000E+08   1.0048700988441733E+05   1.1906002611612349E-09   1.1637817848215520E-24   6.7499328520149693E+03
   9.8967700000000000E+08   1.0119410656250277E+05   1.1750102336276383E-09   1.1476547292877074E-24   6.7551568036542831E+03
   9.9167700000000000E+08   1.0190189327984618E+05   1.1596832685532869E-09   1.1318170022762570E-24   6.7603349705541732E+03
   9.9367700000000000E+08   1.0261035206700348E+05   1.1446139465916865E-09   1.1162622360725954E-24   6.7654679388442828E+03
   9.9567700000000000E+08   1.0331946574260734E+05   1.1297969808733116E-09   1.1009842298718659E-24   6.7705562844143788E+03
   9.9767700000000000E+08   1.0402921910574991E+05   1.1152272179237375E-09   1.0859769492073542E-24   6.7756005731462001E+03
   9.9967700000000000E+08   1.0473960087626625E+05   1.1008996438824903E-09   1.0712345305801160E-24   6.7806013611394719E+03
   1.0016770000000000E+09   1.0545060567271426E+05   1.0868093948722033E-09   1.0567512901629704E-24   6.7855591949326372E+03
   1.0036770000000000E+09   1.0616223521528629E+05   1.0729517663056386E-09   1.0425217315068632E-24   6.7904746117182440E+03
   1.0056770000000000E+09   1.0687449735582445E+05   1.0593222080970482E-09   1.0285405396212144E-24   6.7953481395521476E+03
   1.0076770000000000E+09   1.0758740226130426E+05   1.0459163028829839E-09   1.0148025586502499E-24   6.8001802975554529E+03
   1.0096770000000000E+09   1.0830095712057634E+05   1.0327297276300077E-09   1.0013027535221766E-24   6.8049715961085685E+03
   1.0116770000000000E+09   1.0901516001677958E+05   1.0197582106947394E-09   9.8803616732533182E-25   6.8097225370371507E+03
   1.0136770000000000E+09   1.0972999137268825E+05   1.0069975104425944E-09   9.7499789969827439E-25   6.8144336137909258E+03
   1.0156770000000000E+09   1.1044541799173498E+05   9.9444333966096030E-10   9.6218303308253604E-25   6.8191053116168332E+03
   1.0176770000000000E+09   1.1116138695759127E+05   9.8209139921767687E-10   9.4958666412454886E-25   6.8237381077274249E+03
   1.0196770000000000E+09   1.1187783415200871E+05   9.6993741665390403E-10   9.3720394049152247E-25   6.8283324714672117E+03
   1.0216770000000000E+09   1.1259469290199835E+05   9.5797719249075945E-10   9.2503010476756643E-25   6.8328888644783601E+03
   1.0236770000000000E+09   1.1331190276698594E+05   9.4620665112359949E-10   9.1306054275257993E-25   6.8374077408657849E+03
   1.0256770000000000E+09   1.1402941661338441E+05   9.3462188042120298E-10   9.0129082077881422E-25   6.8418895473608318E+03
   1.0276770000000000E+09   1.1474720455087429E+05   9.2321915175368264E-10   8.8971670408917466E-25   6.8463347234822622E+03
   1.0296770000000000E+09   1.1546525437059341E+05   9.1199491891045183E-10   8.7833415484215517E-25   6.8507437016933345E+03
   1.0316770000000000E+09   1.1618356906151424E+05   9.0094580004854866E-10   8.6713931378696994E-25   6.8551169075537146E+03
   1.0336770000000000E+09   1.1690216254586083E+05   8.9006854984771043E-10   8.5612847256628738E-25   6.8594547598657737E+03
   1.0356770000000000E+09   1.1762105487607468E+05   8.7936002936945436E-10   8.4529804389240197E-25   6.8637576708150727E+03
   1.0376770000000000E+09   1.1834026788997835E+05   8.6881717944596017E-10   8.3464453521124643E-25   6.8680260461055987E+03
   1.0396770000000000E+09   1.1905982191792097E+05   8.5843700084506628E-10   8.2416452896876696E-25   6.8722602850901503E+03
   1.0416770000000000E+09   1.1977973373594250E+05   8.4821654198152996E-10   8.1385467020221522E-25   6.8764607808965893E+03
   1.0436770000000000E+09   1.2050001565577890E+05   8.3815289320216959E-10   8.0371166050077278E-25   6.8806279205507717E+03
   1.0456770000000000E+09   1.2122067547392639E+05   8.2824318581852339E-10   7.9373225656174493E-25   6.8847620850961803E+03
   1.0476770000000000E+09   1.2194171695954428E+05   8.1848459392817457E-10   7.8391327144647340E-25   6.8888636497109901E+03
   1.0496770000000000E+09   1.2266314060132297E+05   8.0887433738572144E-10   7.7425157695329002E-25   6.8929329838225476E+03
   1.0516770000000000E+09   1.2338494440887678E+05   7.9940968479865294E-10   7.6474410602356730E-25   6.8969704512193639E+03
   1.0536770000000000E+09   1.2410712464416100E+05   7.9008795592792480E-10   7.5538785458460829E-25   6.9009764101607361E+03
   1.0556770000000000E+09   1.2482967642539526E+05   7.8090652325855141E-10   7.4617988260498616E-25   6.9049512134840143E+03
   1.0576770000000000E+09   1.2555259419105560E+05   7.7186281275209469E-10   7.3711731437524346E-25   6.9088952087094240E+03
   1.0596770000000000E+09   1.2627587203664245E+05   7.6295430391778284E-10   7.2819733814658656E-25   6.9128087381425394E+03
   1.0616770000000000E+09   1.2699950394802027E+05   7.5417852937558063E-10   7.1941720529493638E-25   6.9166921389745221E+03
   1.0636770000000000E+09   1.2772348395665427E+05   7.4553307407305123E-10   7.1077422916627877E-25   6.9205457433798438E+03
   1.0656770000000000E+09   1.2844780623891228E+05   7.3701557428620914E-10   7.0226578372841245E-25   6.9243698786119849E+03
   1.0676770000000000E+09   1.2917246517711553E+05   7.2862371649877674E-10   6.9388930211965741E-25   6.9281648670967552E+03
   1.0696770000000000E+09   1.2989745539546442E+05   7.2035523622472522E-10   6.8564227515647228E-25   6.9319310265235144E+03
   1.0716770000000000E+09   1.3062277178031098E+05   7.1220791681686983E-10   6.7752224984062293E-25   6.9356686699342799E+03
   1.0736770000000000E+09   1.3134840949145283E+05   7.0417958828886531E-10   6.6952682789167362E-25   6.9393781058106742E+03
   1.0756770000000000E+09   1.3207436396889805E+05   6.9626812616753270E-10   6.6165366432050123E-25   6.9430596381591322E+03
   1.0776770000000000E+09   1.3280063093784690E+05   6.8847145038426784E-10   6.5390046605179304E-25   6.9467135665938058E+03
   1.0796770000000000E+09   1.3352720641315175E+05   6.8078752420859952E-10   6.4626499059793310E-25   6.9503401864179086E+03
   1.0816770000000000E+09   1.3425408670346433E+05   6.7321435322232637E-10   6.3874504478239384E-25   6.9539397887029536E+03
   1.0836770000000000E+09   1.3498126841456327E+05   6.6574998433025351E-10   6.3133848350838703E-25   6.9575126603663011E+03
   1.0856770000000000E+09   1.3570874845108256E+05   6.5839250480272800E-10   6.2404320856779530E-25   6.9610590842471320E+03
   1.0876770000000000E+09   1.3643652401592370E+05   6.5114004134581372E-10   6.1685716748608862E-25   6.9645793391803381E+03
   1.0896770000000000E+09   1.3716459260692025E+05   6.4399075919649230E-10   6.0977835240030841E-25   6.9680737000691051E+03
   1.0916770000000000E+09   1.3789295201063421E+05   6.3694286124175061E-10   6.0280479896872415E-25   6.9715424379556825E+03
   1.0936770000000000E+09   1.3862160029341874E+05   6.2999458716152517E-10   5.9593458531176726E-25   6.9749858200907329E+03
   1.0956770000000000E+09   1.3935053578998646E+05   6.2314421259583650E-10   5.8916583098425674E-25   6.9784041100009526E+03
   1.0976770000000000E+09   1.4007975708969717E+05   6.1639004833634281E-10   5.8249669597878323E-25   6.9817975675554435E+03
   1.0996770000000000E+09   1.4080926302065692E+05   6.0973043954193676E-10   5.7592537975963315E-25   6.9851664490304092E+03
   1.1016770000000000E+09   1.4153905263157870E+05   6.0316376497756866E-10   5.6945012032616102E-25   6.9885110071725767E+03
   1.1036770000000000E+09   1.4226912517121187E+05   5.9668843627502001E-10   5.6306919330413833E-25   6.9918314912612186E+03
   1.1056770000000000E+09   1.4299948006504416E+05   5.9030289721431410E-10   5.5678091106357576E-25   6.9951281471687826E+03
   1.1076770000000000E+09   1.4373011688894450E+05   5.8400562302447865E-10   5.5058362186154337E-25   6.9984012174202244E+03
   1.1096770000000000E+09   1.4446103533936205E+05   5.7779511970275201E-10   5.4447570900888171E-25   7.0016509412511341E+03
   1.1116770000000000E+09   1.4519223519971786E+05   5.7166992335157331E-10   5.3845559005996253E-25   7.0048775546645311E+03
   1.1136770000000000E+09   1.4592371630263646E+05   5.6562859953302347E-10   5.3252171602494599E-25   7.0080812904864488E+03
   1.1156770000000000E+09   1.4665547848766719E+05   5.5966974264066489E-10   5.2667257060426281E-25   7.0112623784204397E+03
   1.1176770000000000E+09   1.4738752155420103E+05   5.5379197528879307E-10   5.2090666944514264E-25   7.0144210451007475E+03
   1.1196770000000000E+09   1.4811984520931437E+05   5.4799394771922348E-10   5.1522255942006752E-25   7.0175575141446025E+03
   1.1216770000000000E+09   1.4885244901033264E+05   5.4227433722566634E-10   5.0961881792704095E-25   7.0206720062031136E+03
   1.1236770000000000E+09   1.4958533230201359E+05   5.3663184759564922E-10   5.0409405221140501E-25   7.0237647390113079E+03
   1.1256770000000000E+09   1.5031849414834654E+05   5.3106520856978029E-10   4.9864689870884120E-25   7.0268359274371041E+03
   1.1276770000000000E+09   1.5105193325911878E+05   5.2557317531792310E-10   4.9327602240897724E-25   7.0298857835291265E+03
   1.1296770000000000E+09   1.5178564791159370E+05   5.2015452793160730E-10   4.8798011623877600E-25   7.0329145165636764E+03
   1.1316770000000000E+09   1.5251963586783502E+05   5.1480807093170687E-10   4.8275790046464399E-25   7.0359223330906161E+03
   1.1336770000000000E+09   1.5325389428847414E+05   5.0953263279010050E-10   4.7760812211188769E-25   7.0389094369783907E+03
   1.1356770000000000E+09   1.5398841964396759E+05   5.0432706546369730E-10   4.7252955439985662E-25   7.0418760294580507E+03
   1.1376770000000000E+09   1.5472320762469107E+05   4.9919024393886259E-10   4.6752099619079363E-25   7.0448223091663313E+03
   1.1396770000000000E+09   1.5545825305150644E+05   4.9412106578398734E-10   4.6258127145012459E-25   7.0477484721880810E+03
   1.1416770000000000E+09   1.5619354978874943E+05   4.8911845070754381E-10   4.5770922871562008E-25   7.0506547120974956E+03
   1.1436770000000000E+09   1.5692909066187183E+05   4.8418134011882382E-10   4.5290374057265667E-25   7.0535412199987459E+03
   1.1456770000000000E+09   1.5766486738225594E+05   4.7930869668824828E-10   4.4816370313259056E-25   7.0564081845656538E+03
   1.1476770000000000E+09   1.5840087048194880E+05   4.7449950390407516E-10   4.4348803551117052E-25   7.0592557920807658E+03
   1.1496770000000000E+09   1.5913708926124449E+05   4.6975276562224793E-10   4.3887567930390200E-25   7.0620842264733274E+03
   1.1516770000000000E+09   1.5987351175216012E+05   4.6506750560628402E-10   4.3432559805535811E-25   7.0648936693567939E+03
   1.1536770000000000E+09   1.6061012470085674E+05   4.6044276705426498E-10   4.2983677671966450E-25   7.0676843000655608E+03
   1.1556770000000000E+09   1.6134691357197272E+05   4.5587761211037094E-10   4.2540822110973279E-25   7.0704562956907666E+03
   1.1576770000000000E+09   1.6208386257760160E+05   4.5137112135897362E-10   4.2103895733332424E-25   7.0732098311156269E+03
   1.1596770000000000E+09   1.6282095473329321E+05   4.4692239329992889E-10   4.1672803121466336E-25   7.0759450790500805E+03
   1.1616770000000000E+09   1.6355817194293690E+05   4.4253054380456956E-10   4.1247450770111585E-25   7.0786622100645836E+03
   1.1636770000000000E+09   1.6429549511371570E+05   4.3819470555291687E-10   4.0827747025536120E-25   7.0813613926236303E+03
   1.1656770000000000E+09   1.6503290430151392E+05   4.3391402745365261E-10   4.0413602023451560E-25   7.0840427931181594E+03
   1.1676770000000000E+09   1.6577037888621810E+05   4.2968767404966825E-10   4.0004927625874160E-25   7.0867065758979752E+03
   1.1696770000000000E+09   1.6650789777528486E+05   4.2551482491313813E-10   3.9601637357305021E-25   7.0893529033029581E+03
   1.1716770000000000E+09   1.6724543963285818E+05   4.2139467403534085E-10   3.9203646340704786E-25   7.0919819356942753E+03
   1.1736770000000000E+09   1.6798298313054224E+05   4.1732642921751745E-10   3.8810871233847546E-25   7.0945938314846135E+03
   1.1756770000000000E+09   1.6872050721486958E+05   4.1330931147001122E-10   3.8423230166716614E-25   7.0971887471682085E+03
   1.1776770000000000E+09   1.6945799138544319E+05   4.0934255442769856E-10   3.8040642680680630E-25   7.0997668373501838E+03
   1.1796770000000000E+09   1.7019541597692043E+05   4.0542540379008930E-10   3.7663029670216996E-25   7.1023282547754015E+03
   1.1816770000000000E+09   1.7093276243732937E+05   4.0155711679459939E-10   3.7290313327960552E-25   7.1048731503568033E+03
   1.1836770000000000E+09   1.7167001359488661E+05   3.9773696173116667E-10   3.6922417093820945E-25   7.1074016732034752E+03
   1.1856770000000000E+09   1.7240715390542691E+05   3.9396421750559792E-10   3.6559265608841757E-25   7.1099139706479182E+03
   1.1876770000000000E+09   1.7314416967286973E+05   3.9023817325798687E-10   3.6200784674370196E-25   7.1124101882730283E+03
   1.1896770000000000E+09   1.7388104923580663E+05   3.8655812804100806E-10   3.5846901216965204E-25   7.1148904699387385E+03
   1.1916770000000000E+09   1.7461778311429272E+05   3.8292339056107538E-10   3.5497543259305449E-25   7.1173549578078164E+03
   1.1936770000000000E+09   1.7535436411219466E+05   3.7933327898346007E-10   3.5152639897175091E-25   7.1198037923717575E+03
   1.1956770000000000E+09   1.7609078737197051E+05   3.7578712080025381E-10   3.4812121282411688E-25   7.1222371124755782E+03
   1.1976770000000000E+09   1.7682705038040361E+05   3.7228425275813898E-10   3.4475918611511168E-25   7.1246550553427578E+03
   1.1996770000000000E+09   1.7756315292554215E+05   3.6882402084086941E-10   3.4143964119406446E-25   7.1270577565993235E+03
   1.2016770000000000E+09   1.7829909700679244E+05   3.6540578029974596E-10   3.3816191077780006E-25   7.1294453502977867E+03
   1.2036770000000000E+09   1.7903488670169393E+05   3.6202889572392855E-10   3.3492533797145792E-25   7.1318179689403278E+03
   1.2056770000000000E+09   1.7977052799433199E+05   3.5869274114144155E-10   3.3172927631841249E-25   7.1341757435017953E+03
   1.2076770000000000E+09   1.8050602857151668E+05   3.5539670014106042E-10   3.2857308987015874E-25   7.1365188034521780E+03
   1.2096770000000000E+09   1.8124139759377940E+05   3.5214016600503918E-10   3.2545615326682144E-25   7.1388472767785888E+03
   1.2116770000000000E+09   1.8197664544887285E+05   3.4892254184279877E-10   3.2237785181911398E-25   7.1411612900069813E+03
   1.2136770000000000E+09   1.8271178349578381E+05   3.4574324071614722E-10   3.1933758158303969E-25   7.1434609682232876E+03
   1.2156770000000000E+09   1.8344682380728060E+05   3.4260168574747302E-10   3.1633474941942900E-25   7.1457464350942255E+03
   1.2176770000000000E+09   1.8418177891871872E+05   3.3949731020343223E-10   3.1336877303143641E-25   7.1480178128877797E+03
   1.2196770000000000E+09   1.8491666159023493E+05   3.3642955754797150E-10   3.1043908097437083E-25   7.1502752224929736E+03
   1.2216770000000000E+09   1.8565148458853774E+05   3.3339788146016230E-10   3.0754511263370219E-25   7.1525187834398221E+03
   1.2236770000000000E+09   1.8638626049333898E+05   3.3040174581391510E-10   3.0468631816864738E-25   7.1547486139184020E+03
   1.2256770000000000E+09   1.8712100153207636E+05   3.2744062461851045E-10   3.0186215842039286E-25   7.1569648307977377E+03
   1.2276770000000000E+09   1.8785571944504385E+05   3.2451400192060144E-10   2.9907210478562157E-25   7.1591675496444814E+03
   1.2296770000000000E+09   1.8859042538146913E+05   3.2162137166998266E-10   2.9631563905754114E-25   7.1613568847409933E+03
   1.2316770000000000E+09   1.8932512982556646E+05   3.1876223755289032E-10   2.9359225323790762E-25   7.1635329491034408E+03
   1.2336770000000000E+09   1.9005984255028155E+05   3.1593611279764331E-10   2.9090144932455354E-25   7.1656958544991348E+03
   1.2356770000000000E+09   1.9079457259544395E+05   3.1314251995819618E-10   2.8824273907954459E-25   7.1678457114639923E+03
   1.2376770000000000E+09   1.9152932826632142E+05   3.1038099068145303E-10   2.8561564378339392E-25   7.1699826293195101E+03
   1.2396770000000000E+09   1.9226411714834167E+05   3.0765106546406394E-10   2.8301969398060134E-25   7.1721067161893789E+03
   1.2416770000000000E+09   1.9299894613376458E+05   3.0495229340400418E-10   2.8045442922137767E-25   7.1742180790159709E+03
   1.2436770000000000E+09   1.9373382145641383E+05   3.0228423195154767E-10   2.7791939780379189E-25   7.1763168235764324E+03
   1.2456770000000000E+09   1.9446874873112125E+05   2.9964644666340513E-10   2.7541415651977222E-25   7.1784030544986927E+03
   1.2476770000000000E+09   1.9520373299510992E+05   2.9703851096295975E-10   2.7293827040764390E-25   7.1804768752769087E+03
   1.2496770000000000E+09   1.9593877874916332E+05   2.9446000590875490E-10   2.7049131251313098E-25   7.1825383882868937E+03
   1.2516770000000000E+09   1.9667388999696731E+05   2.9191051997269499E-10   2.6807286366013288E-25   7.1845876948013520E+03
   1.2536770000000000E+09   1.9740907028150852E+05   2.8938964882881701E-10   2.6568251223203920E-25   7.1866248950045692E+03
   1.2556770000000000E+09   1.9814432271780644E+05   2.8689699515309326E-10   2.6331985396394449E-25   7.1886500880072099E+03
   1.2576770000000000E+09   1.9887965002160522E+05   2.8443216843429405E-10   2.6098449174577438E-25   7.1906633718605508E+03
   1.2596770000000000E+09   1.9961505453393384E+05   2.8199478479571652E-10   2.5867603543609007E-25   7.1926648435707011E+03
   1.2616770000000000E+09   2.0035053824165635E+05   2.7958446682733014E-10   2.5639410168613045E-25   7.1946545991126613E+03
   1.2636770000000000E+09   2.0108610279425967E+05   2.7720084342781392E-10   2.5413831377359074E-25   7.1966327334438083E+03
   1.2656770000000000E+09   2.0182174951724240E+05   2.7484354965586438E-10   2.5190830144551188E-25   7.1985993405175213E+03
   1.2676770000000000E+09   2.0255747942240571E+05   2.7251222659019932E-10   2.4970370076974271E-25   7.2005545132964926E+03
   1.2696770000000000E+09   2.0329329321529903E+05   2.7020652119774398E-10   2.4752415399447834E-25   7.2024983437656538E+03
   1.2716770000000000E+09   2.0402919129998432E+05   2.6792608620956621E-10   2.4536930941543742E-25   7.2044309229451246E+03
   1.2736770000000000E+09   2.0476517378114472E+05   2.6567058000422805E-10   2.4323882125036288E-25   7.2063523409028539E+03
   1.2756770000000000E+09   2.0550124046351228E+05   2.6343966649825123E-10   2.4113234952054405E-25   7.2082626867669524E+03
   1.2776770000000000E+09   2.0623739084852484E+05   2.6123301504344960E-10   2.3904955993909813E-25   7.2101620487381424E+03
   1.2796770000000000E+09   2.0697362412809179E+05   2.5905030033084510E-10   2.3699012380575451E-25   7.2120505141016329E+03
   1.2816770000000000E+09   2.0770993917535432E+05   2.5689120230088740E-10   2.3495371790784404E-25   7.2139281692390159E+03
   1.2836770000000000E+09   2.0844633453227920E+05   2.5475540605968383E-10   2.3294002442721094E-25   7.2157950996400787E+03
   1.2856770000000000E+09   2.0918280839389478E+05   2.5264260180092317E-10   2.3094873085275021E-25   7.2176513899141701E+03
   1.2876770000000000E+09   2.0991935858889751E+05   2.5055248473321981E-10   2.2897952989829516E-25   7.2194971238013877E+03
   1.2896770000000000E+09   2.1065598255623854E+05   2.4848475501266138E-10   2.2703211942562820E-25   7.2213323841839847E+03
   1.2916770000000000E+09   2.1139267731715419E+05   2.4643911768036630E-10   2.2510620237244978E-25   7.2231572530971152E+03
   1.2936770000000000E+09   2.1212943944185183E+05   2.4441528260505881E-10   2.2320148668527264E-25   7.2249718117397315E+03
   1.2956770000000000E+09   2.1286626500983350E+05   2.4241296443074590E-10   2.2131768525731716E-25   7.2267761404851672E+03
   1.2976770000000000E+09   2.1360314956252457E+05   2.4043188252978442E-10   2.1945451587165661E-25   7.2285703188914767E+03
   1.2996770000000000E+09   2.1434008804670974E+05   2.3847176096173631E-10   2.1761170114994499E-25   7.2303544257119356E+03
   1.3016770000000000E+09   2.1507707474742742E+05   2.3653232843824500E-10   2.1578896850695217E-25   7.2321285389048735E+03
   1.3036770000000000E+09   2.1581410320970399E+05   2.3461331829378818E-10   2.1398605011071907E-25   7.2338927356439553E+03
   1.3056770000000000E+09   2.1655116615027213E+05   2.3271446846099082E-10   2.1220268284715493E-25   7.2356470923276338E+03
   1.3076770000000000E+09   2.1728825536356342E+05   2.3083552144739844E-10   2.1043860828618800E-25   7.2373916845891281E+03
   1.3096770000000000E+09   2.1802536163106767E+05   2.2897622430772294E-10   2.0869357264403960E-25   7.2391265873054745E+03
   1.3116770000000000E+09   2.1876247464958325E+05   2.2713632860204591E-10   2.0696732673288784E-25   7.2408518746074942E+03
   1.3136770000000000E+09   2.1949958300128125E+05   2.2531559032632718E-10   2.0525962588555842E-25   7.2425676198882920E+03
   1.3156770000000000E+09   2.2023667419541895E+05   2.2351376979827469E-10   2.0357022983976899E-25   7.2442738958128057E+03
   1.3176770000000000E+09   2.2097373481556965E+05   2.2173063148002672E-10   2.0189890256515440E-25   7.2459707743264953E+03
   1.3196770000000000E+09   2.2171075080418278E+05   2.1996594372152639E-10   2.0024541201847188E-25   7.2476583266642456E+03
   1.3216770000000000E+09   2.2244770790476858E+05   2.1821947841636076E-10   1.9860952981965170E-25   7.2493366233590950E+03
   1.3236770000000000E+09   2.2318459225868594E+05   2.1649101057641701E-10   1.9699103085464507E-25   7.2510057342507189E+03
   1.3256770000000000E+09   2.2392139111863435E+05   2.1478031785236865E-10   1.9538969282979903E-25   7.2526657284941648E+03
   1.3276770000000000E+09   2.2465809359909096E+05   2.1308718005056673E-10   1.9380529582390408E-25   7.2543166745679982E+03
   1.3296770000000000E+09   2.2539469134470637E+05   2.1141137871767785E-10   1.9223762190278000E-25   7.2559586402830855E+03
   1.3316770000000000E+09   2.2613117897513148E+05   2.0975269687408489E-10   1.9068645486997045E-25   7.2575916927905955E+03
   1.3336770000000000E+09   2.2686755417399746E+05   2.0811091896772438E-10   1.8915158021836630E-25   7.2592158985903061E+03
   1.3356770000000000E+09   2.2760381734104746E+05   2.0648583108665858E-10   1.8763278531712010E-25   7.2608313235386941E+03
   1.3376770000000000E+09   2.2833997081871796E+05   2.0487722141330910E-10   1.8612985981779984E-25   7.2624380328569705E+03
   1.3396770000000000E+09   2.2907601781964206E+05   2.0328488083748578E-10   1.8464259620402471E-25   7.2640360911386288E+03
   1.3416770000000000E+09   2.2981196128532672E+05   2.0170860358926152E-10   1.8317079035808085E-25   7.2656255623572997E+03
   1.3436770000000000E+09   2.3054780295628274E+05   2.0014818772977779E-10   1.8171424199754727E-25   7.2672065098740250E+03
   1.3456770000000000E+09   2.3128354289638376E+05   1.9860343536574899E-10   1.8027275486045062E-25   7.2687789964445856E+03
   1.3476770000000000E+09   2.3201917958340852E+05   1.9707415253242906E-10   1.7884613658948718E-25   7.2703430842264206E+03
   1.3496770000000000E+09   2.3275471048816477E+05   1.9556014879856932E-10   1.7743419836459211E-25   7.2718988347859067E+03
   1.3516770000000000E+09   2.3349013288706011E+05   1.9406123674470284E-10   1.7603675442169784E-25   7.2734463091050466E+03
   1.3536770000000000E+09   2.3422544456830851E+05   1.9257723150888925E-10   1.7465362163386359E-25   7.2749855675883127E+03
   1.3556770000000000E+09   2.3496064415091588E+05   1.9110795055593549E-10   1.7328461929591862E-25   7.2765166700693353E+03
   1.3576770000000000E+09   2.3569573092397521E+05   1.8965321371792125E-10   1.7192956915533673E-25   7.2780396758175830E+03
   1.3596770000000000E+09   2.3643070434623989E+05   1.8821284342446777E-10   1.7058829561479192E-25   7.2795546435446358E+03
   1.3616770000000000E+09   2.3716556350238630E+05   1.8678666495650663E-10   1.6926062595540741E-25   7.2810616314108966E+03
   1.3636770000000000E+09   2.3790030680435471E+05   1.8537450656379980E-10   1.6794639043612427E-25   7.2825606970321151E+03
   1.3656770000000000E+09   2.3863493205655762E+05   1.8397619938055623E-10   1.6664542221019495E-25   7.2840518974860688E+03
   1.3676770000000000E+09   2.3936943677604164E+05   1.8259157719780880E-10   1.6535755711243547E-25   7.2855352893194995E+03
   1.3696770000000000E+09   2.4010381851778046E+05   1.8122047622792198E-10   1.6408263344002981E-25   7.2870109285552298E+03
   1.3716770000000000E+09   2.4083807499083658E+05   1.7986273497851388E-10   1.6282049183288853E-25   7.2884788706989984E+03
   1.3736770000000000E+09   2.4157220392916637E+05   1.7851819425896667E-10   1.6157097527414121E-25   7.2899391707455743E+03
   1.3756770000000000E+09   2.4230620286397712E+05   1.7718669724523761E-10   1.6033392914321943E-25   7.2913918831843102E+03
   1.3776770000000000E+09   2.4304006899455492E+05   1.7586808950037121E-10   1.5910920122873426E-25   7.2928370620025971E+03
   1.3796770000000000E+09   2.4377379924284259E+05   1.7456221890432225E-10   1.5789664165942850E-25   7.2942747606878838E+03
   1.3816770000000000E+09   2.4450739040832638E+05   1.7326893553341207E-10   1.5669610278992861E-25   7.2957050322289469E+03
   1.3836770000000000E+09   2.4524083925665790E+05   1.7198809157298618E-10   1.5550743911690614E-25   7.2971279291170194E+03
   1.3856770000000000E+09   2.4597414242212093E+05   1.7071954132146252E-10   1.5433050727807074E-25   7.2985435033492195E+03
   1.3876770000000000E+09   2.4670729605970797E+05   1.6946314130589914E-10   1.5316516615204830E-25   7.2999518064380773E+03
   1.3896770000000000E+09   2.4744029500137505E+05   1.6821875059024424E-10   1.5201127713284983E-25   7.3013528894286865E+03
   1.3916770000000000E+09   2.4817313040383256E+05   1.6698623166111199E-10   1.5086870492789019E-25   7.3027468029247721E+03
   1.3936770000000000E+09   2.4890578285618135E+05   1.6576545307274089E-10   1.4973731995001215E-25   7.3041335971194330E+03
   1.3956770000000000E+09   2.4963820304776382E+05   1.6455629692799646E-10   1.4861700508887047E-25   7.3055133218209003E+03
   1.3976770000000000E+09   2.5037026090066077E+05   1.6335867861081776E-10   1.4750767357028352E-25   7.3068860264549030E+03
   1.3996770000000000E+09   2.5110162049315256E+05   1.6217259533758086E-10   1.4640931288114622E-25   7.3082517600199189E+03
   1.4016770000000000E+09   2.5183145501465921E+05   1.6099823690316749E-10   1.4532208490668884E-25   7.3096105709713329E+03
   1.4036770000000000E+09   2.5255785363134005E+05   1.5983621658802463E-10   1.4424653457777469E-25   7.3109625070224265E+03
   1.4056770000000000E+09   2.5327672105076603E+05   1.5868800118374119E-10   1.4318397812539955E-25   7.3123076148799028E+03
   1.4076770000000000E+09   2.5398003172240738E+05   1.5755659792957701E-10   1.4213712262581866E-25   7.3136459399844944E+03
   1.4096770000000000E+09   2.5465367405725186E+05   1.5644741483349302E-10   1.4111084055632055E-25   7.3149775264019208E+03
   1.4116770000000000E+09   2.5527601971719333E+05   1.5536886147223983E-10   1.4011270766159045E-25   7.3163024170810486E+03
   1.4136770000000000E+09   2.5581963480987269E+05   1.5433174101413852E-10   1.3915244762095908E-25   7.3176206546996164E+03
   1.4156770000000000E+09   2.5625904366715360E+05   1.5334623470242009E-10   1.3823920528316078E-25   7.3189322830898645E+03
   1.4176770000000000E+09   2.5658479657953340E+05   1.5241623608200201E-10   1.3737643742446637E-25   7.3202373485297439E+03
   1.4196770000000000E+09   2.5681701312715566E+05   1.5153359401914813E-10   1.3655673739740169E-25   7.3215358988878070E+03
   1.4216770000000000E+09   2.5700516690159671E+05   1.5067769737977118E-10   1.3576148914770592E-25   7.3228279774684634E+03
   1.4236770000000000E+09   2.5720745651278083E+05   1.4982376219443766E-10   1.3496835607224966E-25   7.3241136102120008E+03
   1.4256770000000000E+09   2.5746639246878732E+05   1.4895373950802645E-10   1.3416109609744267E-25   7.3253927949758654E+03
   1.4276770000000000E+09   2.5781074134085010E+05   1.4805677222270525E-10   1.3332993795815293E-25   7.3266655235075377E+03
   1.4296770000000000E+09   2.5828315349519232E+05   1.4711806921695192E-10   1.3246155727987322E-25   7.3279318789820891E+03
   1.4316770000000000E+09   2.5892999219924634E+05   1.4611361151883027E-10   1.3153435309849683E-25   7.3291921815707583E+03
   1.4336770000000000E+09   2.5989094275029175E+05   1.4506252646317266E-10   1.3056560624815713E-25   7.3304469475213718E+03
   1.4356770000000000E+09   2.5974773768556761E+05   1.4361826595282148E-10   1.2924346710460424E-25   7.3316942797857928E+03
