   99.999999999996461        5.0000000000000003E-002         390        2001
   80.143688690736283        287.32083315013881     
   6.5767700000000000E+08  -3.1599724116177590E+03   1.3747149844590819E-08   3.2822536866937538E-18   8.0572639905420726E+02
   6.5967700000000000E+08  -3.6368936718242608E+03   1.7143065113802735E-08   4.0245579602194646E-18   8.1944037771209048E+02
   6.6167700000000000E+08  -3.9206228780874126E+03   1.8273625157821758E-08   4.2191397757302642E-18   8.3319733132228453E+02
   6.6367700000000000E+08  -3.7706584266990749E+03   1.7879779504424585E-08   4.0540385994851260E-18   8.4844042108137603E+02
   6.6567700000000000E+08  -3.2172117057880196E+03   1.6771723395717270E-08   3.7207173659703695E-18   8.6715769339547649E+02
   6.6767700000000000E+08  -2.5470565469764774E+03   1.5531675881530447E-08   3.3513936005739278E-18   8.9153819635522939E+02
   6.6967700000000000E+08  -1.9427134243438843E+03   1.4425304398119461E-08   3.0070467218241443E-18   9.2285162609613735E+02
   6.7167700000000000E+08  -1.3875819645563229E+03   1.3520216204379687E-08   2.7042042696054484E-18   9.6181426488700686E+02
   6.7367700000000000E+08  -7.8414461202889333E+02   1.2819359560609109E-08   2.4425572211301403E-18   1.0096448951988477E+03
   6.7567700000000000E+08   3.6195086741881248E+01   1.2323331633802053E-08   2.2158323329803979E-18   1.0698879896711715E+03
   6.7767700000000000E+08   1.1648450408008728E+03   1.2042796959214782E-08   2.0158581263050980E-18   1.1492498931075415E+03
   6.7967700000000000E+08   2.5339459231670194E+03   1.1962303409800842E-08   1.8378764170165162E-18   1.2521189259357141E+03
   6.8167700000000000E+08   4.0292630516266977E+03   1.2020707780349377E-08   1.6801132840069968E-18   1.3763806093799185E+03
   6.8367700000000000E+08   5.6004327618906327E+03   1.2134600026051272E-08   1.5425738249131970E-18   1.5133053925627939E+03
   6.8567700000000000E+08   7.2750524000600035E+03   1.2237862127360656E-08   1.4239861501051579E-18   1.6532817140225395E+03
   6.8767700000000000E+08   9.0700053838541171E+03   1.2297290573881851E-08   1.3220438102081737E-18   1.7894132940392019E+03
   6.8967700000000000E+08   1.0976083023442374E+04   1.2303578824969928E-08   1.2340882704291416E-18   1.9179280153272737E+03
   6.9167700000000000E+08   1.2966934272835459E+04   1.2259642625061019E-08   1.1576358624740148E-18   2.0372902633921024E+03
   6.9367700000000000E+08   1.5011015883939099E+04   1.2172832252158608E-08   1.0905671239735965E-18   2.1472682737682362E+03
   6.9567700000000000E+08   1.7075577883790313E+04   1.2051045133697721E-08   1.0311468382701562E-18   2.2482845187470725E+03
   6.9767700000000000E+08   1.9128185904458165E+04   1.1901095752564846E-08   9.7797392225921966E-19   2.3410287456940760E+03
   6.9967700000000000E+08   2.1136686085328274E+04   1.1728301199748376E-08   9.2992249803126930E-19   2.4262493237146905E+03
   7.0167700000000000E+08   2.3069117436865650E+04   1.1536565531437715E-08   8.8608751433666409E-19   2.5046496869226944E+03
   7.0367700000000000E+08   2.4894067533674668E+04   1.1328658836755809E-08   8.4574107484600225E-19   2.5768441117348375E+03
   7.0567700000000000E+08   2.6581523591516252E+04   1.1106543961068887E-08   8.0829888136953011E-19   2.6433461216158703E+03
   7.0767700000000000E+08   2.8104061955043257E+04   1.0871685769367325E-08   7.7329474781863033E-19   2.7045742090899616E+03
   7.0967700000000000E+08   2.9438204632200155E+04   1.0625314305684703E-08   7.4036094963468025E-19   2.7608661586612134E+03
   7.1167700000000000E+08   3.0565780794151284E+04   1.0368631459379175E-08   7.0921259362908070E-19   2.8124970198271303E+03
   7.1367700000000000E+08   3.1475148248231595E+04   1.0102958357673355E-08   6.7963459960686085E-19   2.8596978846132611E+03
   7.1567700000000000E+08   3.2162132197478542E+04   9.8298239025815838E-09   6.5147024201546437E-19   2.9026737569136390E+03
   7.1767700000000000E+08   3.2630538625053134E+04   9.5509965589875129E-09   6.2461050375275472E-19   2.9416193715661711E+03
   7.1967700000000000E+08   3.2892113737616877E+04   9.2684636953166916E-09   5.9898379561315972E-19   2.9767321024935704E+03
   7.2167700000000000E+08   3.2965866014699270E+04   8.9843662216814532E-09   5.7454591077039455E-19   3.0082212854846384E+03
   7.2367700000000000E+08   3.2876749277802941E+04   8.7009006193949743E-09   5.5127039272140435E-19   3.0363135063554801E+03
   7.2567700000000000E+08   3.2653812821216168E+04   8.4202044326424587E-09   5.2913973924214147E-19   3.0612537372417428E+03
   7.2767700000000000E+08   3.2328030638228967E+04   8.1442432616875515E-09   5.0813797740607212E-19   3.0833026353777668E+03
   7.2967700000000000E+08   3.1930091727243122E+04   7.8747160520346516E-09   4.8824508633027556E-19   3.1027307734054179E+03
   7.3167700000000000E+08   3.1488441063251154E+04   7.6129909076454175E-09   4.6943353044517066E-19   3.1198109331698083E+03
   7.3367700000000000E+08   3.1027801012665455E+04   7.3600769068618626E-09   4.5166686723880437E-19   3.1348097622278538E+03
   7.3567700000000000E+08   3.0568295150567294E+04   7.1166303712939109E-09   4.3490010682924476E-19   3.1479800172168048E+03
   7.3767700000000000E+08   3.0125175490829432E+04   6.8829885677408710E-09   4.1908130917138458E-19   3.1595543309511550E+03
   7.3967700000000000E+08   2.9709054732918677E+04   6.6592209736210461E-09   4.0415384613947840E-19   3.1697410317626832E+03
   7.4167700000000000E+08   2.9326488419162015E+04   6.4451880556241047E-09   3.9005881780438198E-19   3.1787221262135254E+03
   7.4367700000000000E+08   2.8980740883508712E+04   6.2405992747445703E-09   3.7673724940471350E-19   3.1866532214408758E+03
   7.4567700000000000E+08   2.8672592488682923E+04   6.0450647158959965E-09   3.6413185451863069E-19   3.1936649581611809E+03
   7.4767700000000000E+08   2.8401087019429026E+04   5.8581374492917632E-09   3.5218828961271001E-19   3.1998654513255542E+03
   7.4967700000000000E+08   2.8164161940410282E+04   5.6793459074231934E-09   3.4085592442519281E-19   3.2053432632032918E+03
   7.5167700000000000E+08   2.7959140708808984E+04   5.5082170032927853E-09   3.3008820846368607E-19   3.2101705220931362E+03
   7.5367700000000000E+08   2.7783091475509536E+04   5.3442914702523320E-09   3.1984273422107456E-19   3.2144059109469044E+03
   7.5567700000000000E+08   2.7633070588573391E+04   5.1871331410145163E-09   3.1008109447919808E-19   3.2180973568669824E+03
   7.5767700000000000E+08   2.7506274784724628E+04   5.0363337960540036E-09   3.0076861544641674E-19   3.2212843398790910E+03
   7.5967700000000000E+08   2.7400125821551745E+04   4.8915149613434695E-09   2.9187402769935082E-19   3.2239998026267467E+03
   7.6167700000000000E+08   2.7312308176824590E+04   4.7523277342682436E-09   2.8336911796955747E-19   3.2262716830233976E+03
   7.6367700000000000E+08   2.7240776191991197E+04   4.6184514301677645E-09   2.7522838912173172E-19   3.2281241138379164E+03
   7.6567700000000000E+08   2.7183742801417855E+04   4.4895916009373980E-09   2.6742874387267718E-19   3.2295783418841297E+03
   7.6767700000000000E+08   2.7139658335416465E+04   4.3654777899738842E-09   2.5994919961142286E-19   3.2306534196581542E+03
   7.6967700000000000E+08   2.7107185007195774E+04   4.2458612509279751E-09   2.5277063641077776E-19   3.2313667176240060E+03
   7.7167700000000000E+08   2.7085170573517364E+04   4.1305127625729750E-09   2.4587557720560465E-19   3.2317342984993156E+03
   7.7367700000000000E+08   2.7072623180387363E+04   4.0192206088596829E-09   2.3924799747799586E-19   3.2317711875074056E+03
   7.7567700000000000E+08   2.7068688424867531E+04   3.9117887530801222E-09   2.3287316110472795E-19   3.2314915655933755E+03
   7.7767700000000000E+08   2.7072629046648522E+04   3.8080352108714112E-09   2.2673747890581871E-19   3.2309089065125627E+03
   7.7967700000000000E+08   2.7083807296588810E+04   3.7077906131895982E-09   2.2082838662641318E-19   3.2300360736425214E+03
   7.8167700000000000E+08   2.7101669828843784E+04   3.6108969435400076E-09   2.1513423942319474E-19   3.2288853883198253E+03
   7.8367700000000000E+08   2.7125734867400311E+04   3.5172064310456131E-09   2.0964422031283607E-19   3.2274686783487609E+03
   7.8567700000000000E+08   2.7155581365030837E+04   3.4265805806377902E-09   2.0434826041929933E-19   3.2257973129254633E+03
   7.8767700000000000E+08   2.7190839875453476E+04   3.3388893226595152E-09   1.9923696920220809E-19   3.2238822284220428E+03
   7.8967700000000000E+08   2.7231184880531615E+04   3.2540102658009138E-09   1.9430157314969507E-19   3.2217339481495442E+03
   7.9167700000000000E+08   2.7276328343257766E+04   3.1718280391362081E-09   1.8953386167468832E-19   3.2193625982543831E+03
   7.9367700000000000E+08   2.7326014288017715E+04   3.0922337108742199E-09   1.8492613916683850E-19   3.2167779212106216E+03
   7.9567700000000000E+08   2.7380014239053471E+04   3.0151242731533635E-09   1.8047118232837069E-19   3.2139892878792980E+03
   7.9767700000000000E+08   2.7438123374605428E+04   2.9404021837545923E-09   1.7616220206672695E-19   3.2110057087619780E+03
   7.9967700000000000E+08   2.7500157277406925E+04   2.8679749569567783E-09   1.7199280933528777E-19   3.2078358448379163E+03
   8.0167700000000000E+08   2.7565949182012449E+04   2.7977547969244822E-09   1.6795698441046720E-19   3.2044880182126840E+03
   8.0367700000000000E+08   2.7635347636151229E+04   2.7296582680126471E-09   1.6404904917306652E-19   3.2009702226981458E+03
   8.0567700000000000E+08   2.7708214507289180E+04   2.6636059972169529E-09   1.6026364202728397E-19   3.1972901343738504E+03
   8.0767700000000000E+08   2.7784423277254518E+04   2.5995224047117160E-09   1.5659569514491137E-19   3.1934551221360002E+03
   8.0967700000000000E+08   2.7863857577546845E+04   2.5373354590188260E-09   1.5304041376717903E-19   3.1894722582143827E+03
   8.1167700000000000E+08   2.7946409926126904E+04   2.4769764538583637E-09   1.4959325733419676E-19   3.1853483286238761E+03
   8.1367700000000000E+08   2.8031980633393392E+04   2.4183798041591493E-09   1.4624992224336167E-19   3.1810898435115150E+03
   8.1567700000000000E+08   2.8120476850918625E+04   2.3614828590681644E-09   1.4300632606456739E-19   3.1767030473596078E+03
   8.1767700000000000E+08   2.8211811741536909E+04   2.3062257301026151E-09   1.3985859306244948E-19   3.1721939290083078E+03
   8.1967700000000000E+08   2.8305903753688723E+04   2.2525511328457676E-09   1.3680304089491908E-19   3.1675682314657379E+03
   8.2167700000000000E+08   2.8402675986632483E+04   2.2004042408054012E-09   1.3383616837344130E-19   3.1628314614797014E+03
   8.2367700000000000E+08   2.8502055636284880E+04   2.1497325502370677E-09   1.3095464418432111E-19   3.1579888988512535E+03
   8.2567700000000000E+08   2.8603973514073386E+04   2.1004857548895042E-09   1.2815529648209049E-19   3.1530456054767137E+03
   8.2767700000000000E+08   2.8708363633310189E+04   2.0526156297588678E-09   1.2543510327613270E-19   3.1480064341107300E+03
   8.2967700000000000E+08   2.8815162859179105E+04   2.0060759230474130E-09   1.2279118354029925E-19   3.1428760368484400E+03
   8.3167700000000000E+08   2.8924310619508295E+04   1.9608222556121576E-09   1.2022078898257202E-19   3.1376588733295703E+03
   8.3367700000000000E+08   2.9035748674050526E+04   1.9168120272639391E-09   1.1772129641805922E-19   3.1323592186712058E+03
   8.3567700000000000E+08   2.9149420940057258E+04   1.8740043293388445E-09   1.1529020069391167E-19   3.1269811711389352E+03
   8.3767700000000000E+08   2.9265273371531501E+04   1.8323598630151090E-09   1.1292510811928428E-19   3.1215286595680222E+03
   8.3967700000000000E+08   2.9383253888777159E+04   1.7918408628913035E-09   1.1062373035738604E-19   3.1160054505471230E+03
   8.4167700000000000E+08   2.9503312353811518E+04   1.7524110253780317E-09   1.0838387874008635E-19   3.1104151553770071E+03
   8.4367700000000000E+08   2.9625400585983614E+04   1.7140354414874272E-09   1.0620345896860846E-19   3.1047612368156852E+03
   8.4567700000000000E+08   2.9749472410899434E+04   1.6766805336343189E-09   1.0408046616665813E-19   3.0990470156194419E+03
   8.4767700000000000E+08   2.9875483734617243E+04   1.6403139960909278E-09   1.0201298025496016E-19   3.0932756768869222E+03
   8.4967700000000000E+08   3.0003392634168806E+04   1.6049047387650106E-09   9.9999161618724504E-20   3.0874502762104394E+03
   8.5167700000000000E+08   3.0133159454911707E+04   1.5704228339997564E-09   9.8037247042045347E-20   3.0815737456357074E+03
   8.5367700000000000E+08   3.0264746905096817E+04   1.5368394661228249E-09   9.6125545885689353E-20   3.0756488994281781E+03
   8.5567700000000000E+08   3.0398120138383656E+04   1.5041268835018230E-09   9.4262436487156783E-20   3.0696784396415710E+03
   8.5767700000000000E+08   3.0533246815877541E+04   1.4722583528936812E-09   9.2446362764283410E-20   3.0636649614819717E+03
   8.5967700000000000E+08   3.0670097140546379E+04   1.4412081159052276E-09   9.0675831005951581E-20   3.0576109584594783E+03
   8.6167700000000000E+08   3.0808643858531002E+04   1.4109513474112785E-09   8.8949406835681139E-20   3.0515188273187014E+03
   8.6367700000000000E+08   3.0948862223796608E+04   1.3814641158034798E-09   8.7265712335899875E-20   3.0453908727395456E+03
   8.6567700000000000E+08   3.1090729924644638E+04   1.3527233449677352E-09   8.5623423322539468E-20   3.0392293118007387E+03
   8.6767700000000000E+08   3.1234226972698765E+04   1.3247067779091852E-09   8.4021266761204937E-20   3.0330362782003149E+03
   8.6967700000000000E+08   3.1379335556944461E+04   1.2973929419611982E-09   8.2458018317519339E-20   3.0268138262295779E+03
   8.7167700000000000E+08   3.1526039867136049E+04   1.2707611155283041E-09   8.0932500035326900E-20   3.0205639344999327E+03
   8.7367700000000000E+08   3.1674325892278845E+04   1.2447912963224811E-09   7.9443578137256950E-20   3.0142885094250810E+03
   8.7567700000000000E+08   3.1824181200892643E+04   1.2194641710577485E-09   7.7990160942714780E-20   3.0079893884641674E+03
   8.7767700000000000E+08   3.1975594710321668E+04   1.1947610865703078E-09   7.6571196898712255E-20   3.0016683431346173E+03
   8.7967700000000000E+08   3.2128556452477595E+04   1.1706640223307527E-09   7.5185672719104755E-20   2.9953270818061237E+03
   8.8167700000000000E+08   3.2283057343122957E+04   1.1471555643120078E-09   7.3832611627812196E-20   2.9889672522895889E+03
   8.8367700000000000E+08   3.2439088961182071E+04   1.1242188801722197E-09   7.2511071701504112E-20   2.9825904442367078E+03
   8.8567700000000000E+08   3.2596643343714299E+04   1.1018376957064871E-09   7.1220144307068840E-20   2.9761981913670984E+03
   8.8767700000000000E+08   3.2755712801272104E+04   1.0799962725151993E-09   6.9958952628963175E-20   2.9697919735406454E+03
   8.8967700000000000E+08   3.2916289757700397E+04   1.0586793868298825E-09   6.8726650281253507E-20   2.9633732186930065E+03
   8.9167700000000000E+08   3.3078366618673681E+04   1.0378723094278750E-09   6.7522419998673956E-20   2.9569433046523727E+03
   8.9367700000000000E+08   3.3241935675746739E+04   1.0175607865509426E-09   6.6345472400068060E-20   2.9505035608563221E+03
   8.9567700000000000E+08   3.3406989060221254E+04   9.9773102171060787E-10   6.5195044815491632E-20   2.9440552699901373E+03
   8.9767700000000000E+08   3.3573518778836937E+04   9.7836965819789908E-10   6.4070400163866905E-20   2.9375996695754225E+03
   8.9967700000000000E+08   3.3741516899317947E+04   9.5946376199188040E-10   6.2970825859580930E-20   2.9311379535548517E+03
   9.0167700000000000E+08   3.3910976017249959E+04   9.4100080455511986E-10   6.1895632711969861E-20   2.9246712739535683E+03
   9.0367700000000000E+08   3.4081890227200231E+04   9.2296864472646257E-10   6.0844153761723330E-20   2.9182007427583521E+03
   9.0567700000000000E+08   3.4254256908248521E+04   9.0535550870158195E-10   5.9815742981338934E-20   2.9117274342448350E+03
   9.0767700000000000E+08   3.4428079609513108E+04   8.8814996731032075E-10   5.8809773778681171E-20   2.9052523880771237E+03
   9.0967700000000000E+08   3.4603371960646407E+04   8.7134091119135984E-10   5.7825637334407285E-20   2.8987766135243955E+03
   9.1167700000000000E+08   3.4780161529209974E+04   8.5491752793788261E-10   5.6862741040676944E-20   2.8923010949220948E+03
   9.1367700000000000E+08   3.4958490764939364E+04   8.3886929102831760E-10   5.5920507709337291E-20   2.8858267978284343E+03
   9.1567700000000000E+08   3.5138410224765117E+04   8.2318597595508847E-10   5.4998376626318940E-20   2.8793546740693205E+03
   9.1767700000000000E+08   3.5319959209642700E+04   8.0785771755791997E-10   5.4095807477985360E-20   2.8728856623574643E+03
   9.1967700000000000E+08   3.5503133970096598E+04   7.9287510417383648E-10   5.3212286962316125E-20   2.8664206805742397E+03
   9.2167700000000000E+08   3.5687855439505649E+04   7.7822926579066911E-10   5.2347335261796915E-20   2.8599606079444411E+03
   9.2367700000000000E+08   3.5873961243727230E+04   7.6391187365554238E-10   5.1500506715082060E-20   2.8535062612605630E+03
   9.2567700000000000E+08   3.6061245997395425E+04   7.4991498135988969E-10   5.0671379651718983E-20   2.8470583766633658E+03
   9.2767700000000000E+08   3.6249542755243579E+04   7.3623073636421699E-10   4.9859536954535877E-20   2.8406176105627601E+03
   9.2967700000000000E+08   3.6438791760332271E+04   7.2285114198378068E-10   4.9064549400832672E-20   2.8341845631960691E+03
   9.3167700000000000E+08   3.6629037341354197E+04   7.0976809797749722E-10   4.8285977634202278E-20   2.8277598106013843E+03
   9.3367700000000000E+08   3.6820343997382741E+04   6.9697366675191344E-10   4.7523389831081348E-20   2.8213439232310016E+03
   9.3567700000000000E+08   3.7012720965169203E+04   6.8446028372622236E-10   4.6776376207058588E-20   2.8149374616611453E+03
   9.3767700000000000E+08   3.7206200040271004E+04   6.7222094190310718E-10   4.6044562023034145E-20   2.8085409678318661E+03
   9.3967700000000000E+08   3.7401011207355528E+04   6.6024945766791258E-10   4.5327625808680043E-20   2.8021549887360507E+03
   9.4167700000000000E+08   3.7597536969613997E+04   6.4854025516187833E-10   4.4625284214589388E-20   2.7957801333756906E+03
   9.4367700000000000E+08   3.7795931467963419E+04   6.3708717651010563E-10   4.3937210123752883E-20   2.7894170937016856E+03
   9.4567700000000000E+08   3.7995783436471218E+04   6.2588232726780905E-10   4.3262953717973065E-20   2.7830665615204266E+03
   9.4767700000000000E+08   3.8196249101759531E+04   6.1491653912304149E-10   4.2601975412514102E-20   2.7767290786236031E+03
   9.4967700000000000E+08   3.8396611494103890E+04   6.0418122004541907E-10   4.1953774419716179E-20   2.7704049506723641E+03
   9.5167700000000000E+08   3.8596787996735162E+04   5.9366991969927046E-10   4.1317996901603987E-20   2.7640943119610001E+03
   9.5367700000000000E+08   3.8797586120284628E+04   5.8337847857398514E-10   4.0694445180630638E-20   2.7577973074785409E+03
   9.5567700000000000E+08   3.8999974661578381E+04   5.7330360977538110E-10   4.0082978023350688E-20   2.7515142554258291E+03
   9.5767700000000000E+08   3.9204155220479886E+04   5.6344116883719076E-10   3.9483390205182102E-20   2.7452456492038486E+03
   9.5967700000000000E+08   3.9409920349845088E+04   5.5378603101673546E-10   3.8895405297873121E-20   2.7389920197526885E+03
   9.6167700000000000E+08   3.9617112816631627E+04   5.4433292496781691E-10   3.8318734804105062E-20   2.7327538477693420E+03
   9.6367700000000000E+08   3.9825627971163580E+04   5.3507675144037650E-10   3.7753100373798438E-20   2.7265315690014327E+03
   9.6567700000000000E+08   4.0035396490602820E+04   5.2601260355979951E-10   3.7198235164864504E-20   2.7203255844971077E+03
   9.6767700000000000E+08   4.0246370560231473E+04   5.1713574759590039E-10   3.6653882464351908E-20   2.7141362688411882E+03
   9.6967700000000000E+08   4.0458516178035345E+04   5.0844160721128256E-10   3.6119794586730051E-20   2.7079639755949784E+03
   9.7167700000000000E+08   4.0671808617915638E+04   4.9992575276127606E-10   3.5595732147541206E-20   2.7018090409802721E+03
   9.7367700000000000E+08   4.0886229679154661E+04   4.9158389179330847E-10   3.5081463431720258E-20   2.6956717865021428E+03
   9.7567700000000000E+08   4.1101765812708705E+04   4.8341186010401507E-10   3.4576763805564921E-20   2.6895525208959566E+03
   9.7767700000000000E+08   4.1318406552374014E+04   4.7540561417671967E-10   3.4081415228776619E-20   2.6834515415707556E+03
   9.7967700000000000E+08   4.1536143272333888E+04   4.6756122490776788E-10   3.3595205859606432E-20   2.6773691356457089E+03
   9.8167700000000000E+08   4.1754968440672514E+04   4.5987487202246261E-10   3.3117929709381731E-20   2.6713055806963225E+03
   9.8367700000000000E+08   4.1974875244706127E+04   4.5234283915937351E-10   3.2649386343819521E-20   2.6652611453263585E+03
   9.8567700000000000E+08   4.2195857363995601E+04   4.4496150984218246E-10   3.2189380646614958E-20   2.6592360896356331E+03
   9.8767700000000000E+08   4.2417908800427802E+04   4.3772736415936632E-10   3.1737722632697562E-20   2.6532306656174264E+03
   9.8967700000000000E+08   4.2641023684797372E+04   4.3063697578727953E-10   3.1294227285150539E-20   2.6472451175015285E+03
   9.9167700000000000E+08   4.2865195970493492E+04   4.2368700911905924E-10   3.0858714398830495E-20   2.6412796820374465E+03
   9.9367700000000000E+08   4.3090419158372213E+04   4.1687421641870702E-10   3.0431008424934224E-20   2.6353345887067394E+03
   9.9567700000000000E+08   4.3316686516699061E+04   4.1019543532823020E-10   3.0010938340023657E-20   2.6294100598984433E+03
   9.9767700000000000E+08   4.3543992364376820E+04   4.0364758766774846E-10   2.9598337607372781E-20   2.6235063111701056E+03
   9.9967700000000000E+08   4.3772334651066230E+04   3.9722768050511524E-10   2.9193044301639383E-20   2.6176235517999726E+03
   1.0016770000000000E+09   4.4001718253248888E+04   3.9093280934854695E-10   2.8794901386661891E-20   2.6117619858341914E+03
   1.0036770000000000E+09   4.4232158045339209E+04   3.8476016262749508E-10   2.8403757086822337E-20   2.6059218137003350E+03
   1.0056770000000000E+09   4.4463679562663099E+04   3.7870702263603295E-10   2.8019464998165270E-20   2.6001032342654566E+03
   1.0076770000000000E+09   4.4696315330237529E+04   3.7277075457107387E-10   2.7641883320279994E-20   2.5943064468425018E+03
   1.0096770000000000E+09   4.4930097167511689E+04   3.6694878863439868E-10   2.7270873573901581E-20   2.5885316522334392E+03
   1.0116770000000000E+09   4.5165047201240377E+04   3.6123860457325403E-10   2.6906299500179343E-20   2.5827790521719239E+03
   1.0136770000000000E+09   4.5401171047850832E+04   3.5563772060169702E-10   2.6548026287192130E-20   2.5770488472471502E+03
   1.0156770000000000E+09   4.5638450737459840E+04   3.5014368370692585E-10   2.6195919899115395E-20   2.5713412337330938E+03
   1.0176770000000000E+09   4.5876841180053416E+04   3.4475406285946754E-10   2.5849846620785956E-20   2.5656563995157871E+03
   1.0196770000000000E+09   4.6116276281530445E+04   3.3946645495913515E-10   2.5509673551819218E-20   2.5599945198660112E+03
   1.0216770000000000E+09   4.6356679763936729E+04   3.3427850101590900E-10   2.5175269862333222E-20   2.5543557545187136E+03
   1.0236770000000000E+09   4.6597976706049303E+04   3.2918790348523285E-10   2.4846508130545079E-20   2.5487402468146979E+03
   1.0256770000000000E+09   4.6840103761730796E+04   3.2419244012743462E-10   2.4523265415539958E-20   2.5431481248429936E+03
   1.0276770000000000E+09   4.7083015805659794E+04   3.1928997174671905E-10   2.4205423866120766E-20   2.5375795041688102E+03
   1.0296770000000000E+09   4.7326688150286296E+04   3.1447844297461579E-10   2.3892870803067582E-20   2.5320344914249940E+03
   1.0316770000000000E+09   4.7571114779271084E+04   3.0975587718965182E-10   2.3585498357596147E-20   2.5265131879904484E+03
   1.0336770000000000E+09   4.7816303908152549E+04   3.0512036779635272E-10   2.3283202834537680E-20   2.5210156931299434E+03
   1.0356770000000000E+09   4.8062272450420176E+04   3.0057006831386752E-10   2.2985883986191828E-20   2.5155421062334049E+03
   1.0376770000000000E+09   4.8309040742239144E+04   2.9610318325312024E-10   2.2693444347212753E-20   2.5100925280659117E+03
   1.0396770000000000E+09   4.8556628393172286E+04   2.9171796094438121E-10   2.2405788718867253E-20   2.5046670611491600E+03
   1.0416770000000000E+09   4.8805051605725414E+04   2.8741268866181805E-10   2.2122823828900294E-20   2.4992658095108286E+03
   1.0436770000000000E+09   4.9054321890168314E+04   2.8318568980480519E-10   2.1844458148414692E-20   2.4938888780653592E+03
   1.0456770000000000E+09   4.9304445857945735E+04   2.7903532260076275E-10   2.1570601824570037E-20   2.4885363718543654E+03
   1.0476770000000000E+09   4.9555425701807988E+04   2.7495997973762789E-10   2.1301166683544612E-20   2.4832083953092965E+03
   1.0496770000000000E+09   4.9807260010624996E+04   2.7095808842528090E-10   2.1036066265204276E-20   2.4779050516300445E+03
   1.0516770000000000E+09   5.0059944659876121E+04   2.6702811053877909E-10   2.0775215862740727E-20   2.4726264423166358E+03
   1.0536770000000000E+09   5.0313473620950637E+04   2.6316854264688541E-10   2.0518532552163678E-20   2.4673726668529080E+03
   1.0556770000000000E+09   5.0567839617978672E+04   2.5937791584412645E-10   2.0265935205401091E-20   2.4621438225202614E+03
   1.0576770000000000E+09   5.0823034618616868E+04   2.5565479537907806E-10   2.0017344486525456E-20   2.4569400043119404E+03
   1.0596770000000000E+09   5.1079050177006415E+04   2.5199778011114313E-10   1.9772682833690182E-20   2.4517613049189504E+03
   1.0616770000000000E+09   5.1335877660165119E+04   2.4840550184198221E-10   1.9531874430436438E-20   2.4466078147633798E+03
   1.0636770000000000E+09   5.1593508389998700E+04   2.4487662456687282E-10   1.9294845169958180E-20   2.4414796220607996E+03
   1.0656770000000000E+09   5.1851933728128177E+04   2.4140984368349039E-10   1.9061522615302198E-20   2.4363768128989796E+03
   1.0676770000000000E+09   5.2111145124200993E+04   2.3800388518552254E-10   1.8831835957689285E-20   2.4312994713245985E+03
   1.0696770000000000E+09   5.2371134142193980E+04   2.3465750485961540E-10   1.8605715974442162E-20   2.4262476794328450E+03
   1.0716770000000000E+09   5.2631892474513224E+04   2.3136948749724315E-10   1.8383094987461561E-20   2.4212215174570201E+03
   1.0736770000000000E+09   5.2893411950377566E+04   2.2813864612820021E-10   1.8163906822805438E-20   2.4162210638567090E+03
   1.0756770000000000E+09   5.3155684542586503E+04   2.2496382127915223E-10   1.7948086771667590E-20   2.4112463954039454E+03
   1.0776770000000000E+09   5.3418702374996778E+04   2.2184388025836050E-10   1.7735571552866926E-20   2.4062975872673551E+03
   1.0796770000000000E+09   5.3682457731574912E+04   2.1877771646606281E-10   1.7526299276827769E-20   2.4013747130945039E+03
   1.0816770000000000E+09   5.3946943066781881E+04   2.1576424872890156E-10   1.7320209410943299E-20   2.3964778450927297E+03
   1.0836770000000000E+09   5.4212151016356678E+04   2.1280242065623855E-10   1.7117242746168623E-20   2.3916070541086710E+03
   1.0856770000000000E+09   5.4478074407347929E+04   2.0989120001618178E-10   1.6917341364687702E-20   2.3867624097065195E+03
   1.0876770000000000E+09   5.4744706266433110E+04   2.0702957812953611E-10   1.6720448608527766E-20   2.3819439802449033E+03
   1.0896770000000000E+09   5.5012039826006774E+04   2.0421656928047262E-10   1.6526509049040843E-20   2.3771518329521682E+03
   1.0916770000000000E+09   5.5280068527973592E+04   2.0145121014326711E-10   1.6335468457216009E-20   2.3723860339997686E+03
   1.0936770000000000E+09   5.5548786025510082E+04   1.9873255922484667E-10   1.6147273774816385E-20   2.3676466485735227E+03
   1.0956770000000000E+09   5.5818186183160047E+04   1.9605969632301043E-10   1.5961873086345014E-20   2.3629337409424897E+03
   1.0976770000000000E+09   5.6088263075522991E+04   1.9343172200015690E-10   1.5779215591840296E-20   2.3582473745253251E+03
   1.0996770000000000E+09   5.6359010984582514E+04   1.9084775707216738E-10   1.5599251580486467E-20   2.3535876119539671E+03
   1.1016770000000000E+09   5.6630424395458940E+04   1.8830694211194473E-10   1.5421932405012051E-20   2.3489545151345301E+03
   1.1036770000000000E+09   5.6902497990179581E+04   1.8580843696696452E-10   1.5247210456836969E-20   2.3443481453052436E+03
   1.1056770000000000E+09   5.7175226638925626E+04   1.8335142029019637E-10   1.5075039141928781E-20   2.3397685630912492E+03
   1.1076770000000000E+09   5.7448605388207019E+04   1.8093508908377310E-10   1.4905372857329807E-20   2.3352158285559608E+03
   1.1096770000000000E+09   5.7722629445438630E+04   1.7855865825488577E-10   1.4738166968324596E-20   2.3306900012487044E+03
   1.1116770000000000E+09   5.7997294159479679E+04   1.7622136018350684E-10   1.4573377786227183E-20   2.3261911402482592E+03
   1.1136770000000000E+09   5.8272594996797110E+04   1.7392244430162608E-10   1.4410962546774311E-20   2.3217193042018844E+03
   1.1156770000000000E+09   5.8548527512995046E+04   1.7166117668378711E-10   1.4250879389118619E-20   2.3172745513594450E+03
   1.1176770000000000E+09   5.8825087319552607E+04   1.6943683964874972E-10   1.4093087335419038E-20   2.3128569396021890E+03
   1.1196770000000000E+09   5.9102270045686586E+04   1.6724873137211722E-10   1.3937546271026450E-20   2.3084665264657465E+03
   1.1216770000000000E+09   5.9380071295330992E+04   1.6509616550978514E-10   1.3784216925263631E-20   2.3041033691569505E+03
   1.1236770000000000E+09   5.9658486599321077E+04   1.6297847083200535E-10   1.3633060852793094E-20   2.2997675245640867E+03
   1.1256770000000000E+09   5.9937511362943973E+04   1.6089499086784463E-10   1.3484040415564802E-20   2.2954590492601837E+03
   1.1276770000000000E+09   6.0217140809148848E+04   1.5884508355973858E-10   1.3337118765328426E-20   2.2911779994990588E+03
   1.1296770000000000E+09   6.0497369917824813E+04   1.5682812092776455E-10   1.3192259826687898E-20   2.2869244312038040E+03
   1.1316770000000000E+09   6.0778193361701487E+04   1.5484348874319446E-10   1.3049428280669753E-20   2.2826983999475333E+03
   1.1336770000000000E+09   6.1059605439594714E+04   1.5289058621078296E-10   1.2908589548767058E-20   2.2784999609262313E+03
   1.1356770000000000E+09   6.1341600007901463E+04   1.5096882565916323E-10   1.2769709777412482E-20   2.2743291689236657E+03
   1.1376770000000000E+09   6.1624170411435094E+04   1.4907763223863361E-10   1.2632755822825261E-20   2.2701860782684398E+03
   1.1396770000000000E+09   6.1907309414898664E+04   1.4721644362552737E-10   1.2497695236167785E-20   2.2660707427833468E+03
   1.1416770000000000E+09   6.2191009136494707E+04   1.4538470973228861E-10   1.2364496248939973E-20   2.2619832157273718E+03
   1.1436770000000000E+09   6.2475260985368273E+04   1.4358189242230452E-10   1.2233127758531790E-20   2.2579235497308159E+03
   1.1456770000000000E+09   6.2760055604752146E+04   1.4180746522851824E-10   1.2103559313850371E-20   2.2538917967241819E+03
   1.1476770000000000E+09   6.3045382822840751E+04   1.4006091307481299E-10   1.1975761100933384E-20   2.2498880078616653E+03
   1.1496770000000000E+09   6.3331231613519893E+04   1.3834173199918787E-10   1.1849703928461267E-20   2.2459122334402596E+03
   1.1516770000000000E+09   6.3617590069146230E+04   1.3664942887778129E-10   1.1725359213082294E-20   2.2419645228156528E+03
   1.1536770000000000E+09   6.3904445387543310E+04   1.3498352114889692E-10   1.1602698964471253E-20   2.2380449243163412E+03
   1.1556770000000000E+09   6.4191783875297166E+04   1.3334353653631007E-10   1.1481695770052116E-20   2.2341534851574716E+03
   1.1576770000000000E+09   6.4479590969243436E+04   1.3172901277131156E-10   1.1362322779329376E-20   2.2302902513561376E+03
   1.1596770000000000E+09   6.4767851277751572E+04   1.3013949731316387E-10   1.1244553687790966E-20   2.2264552676499616E+03
   1.1616770000000000E+09   6.5056548643025868E+04   1.2857454706789813E-10   1.1128362720367707E-20   2.2226485774208645E+03
   1.1636770000000000E+09   6.5345666225141205E+04   1.2703372810568466E-10   1.1013724614460902E-20   2.2188702226259907E+03
   1.1656770000000000E+09   6.5635186607943062E+04   1.2551661537732843E-10   1.0900614602578429E-20   2.2151202437377410E+03
   1.1676770000000000E+09   6.5925091926259367E+04   1.2402279243078342E-10   1.0789008394651347E-20   2.2113986796947738E+03
   1.1696770000000000E+09   6.6215364013134313E+04   1.2255185112892284E-10   1.0678882160134950E-20   2.2077055678657398E+03
   1.1716770000000000E+09   6.6505984564998915E+04   1.2110339137013595E-10   1.0570212510030543E-20   2.2040409440272851E+03
   1.1736770000000000E+09   6.6796935321911951E+04   1.1967702081361563E-10   1.0462976478993306E-20   2.2004048423575932E+03
   1.1756770000000000E+09   6.7088198259242112E+04   1.1827235461144663E-10   1.0357151507717006E-20   2.1967972954464371E+03
   1.1776770000000000E+09   6.7379755786479887E+04   1.1688901514976920E-10   1.0252715425805442E-20   2.1932183343222782E+03
   1.1796770000000000E+09   6.7671590948295663E+04   1.1552663180137714E-10   1.0149646435352079E-20   2.1896679884965829E+03
   1.1816770000000000E+09   6.7963687622557991E+04   1.1418484069207029E-10   1.0047923095450852E-20   2.1861462860250094E+03
   1.1836770000000000E+09   6.8256030709809158E+04   1.1286328448293956E-10   9.9475243078527881E-21   2.1826532535846741E+03
   1.1856770000000000E+09   6.8548606308699789E+04   1.1156161217050282E-10   9.8484293039641792E-21   2.1791889165662456E+03
   1.1876770000000000E+09   6.8841401872141578E+04   1.1027947890622212E-10   9.7506176333511599E-21   2.1757532991791445E+03
   1.1896770000000000E+09   6.9134406339419118E+04   1.0901654583646575E-10   9.6540691538768155E-21   2.1723464245677360E+03
   1.1916770000000000E+09   6.9427610240210648E+04   1.0777247996342820E-10   9.5587640235495163E-21   2.1689683149360940E+03
   1.1936770000000000E+09   6.9721005767381794E+04   1.0654695402691420E-10   9.4646826941081393E-21   2.1656189916785988E+03
   1.1956770000000000E+09   7.0014586816468538E+04   1.0533964640628630E-10   9.3718059063149786E-21   2.1622984755135190E+03
   1.1976770000000000E+09   7.0308348990921470E+04   1.0415024104127649E-10   9.2801146868722387E-21   2.1590067866166314E+03
   1.1996770000000000E+09   7.0602289573372545E+04   1.0297842736981752E-10   9.1895903468265628E-21   2.1557439447519737E+03
   1.2016770000000000E+09   7.0896407464349410E+04   1.0182390028059191E-10   9.1002144812815541E-21   2.1525099693969382E+03
   1.2036770000000000E+09   7.1190703090957788E+04   1.0068636007762082E-10   9.0119689702000179E-21   2.1493048798591703E+03
   1.2056770000000000E+09   7.1485178289002040E+04   9.9565512453980249E-11   8.9248359800518124E-21   2.1461286953829881E+03
   1.2076770000000000E+09   7.1779836162818872E+04   9.8461068471599976E-11   8.8387979660458213E-21   2.1429814352434541E+03
   1.2096770000000000E+09   7.2074680927720066E+04   9.7372744544086284E-11   8.7538376746779185E-21   2.1398631188266022E+03
   1.2116770000000000E+09   7.2369717740341468E+04   9.6300262419621916E-11   8.6699381463315614E-21   2.1367737656947852E+03
   1.2136770000000000E+09   7.2664952522410895E+04   9.5243349161190786E-11   8.5870827176799752E-21   2.1337133956365715E+03
   1.2156770000000000E+09   7.2960391783426516E+04   9.4201737121677566E-11   8.5052550236617085E-21   2.1306820287010469E+03
   1.2176770000000000E+09   7.3256042447529893E+04   9.3175163911753343E-11   8.4244389988297953E-21   2.1276796852168577E+03
   1.2196770000000000E+09   7.3551911689410932E+04   9.2163372358895124E-11   8.3446188779112136E-21   2.1247063857966600E+03
   1.2216770000000000E+09   7.3848006783449440E+04   9.1166110456371658E-11   8.2657791954545245E-21   2.1217621513280469E+03
   1.2236770000000000E+09   7.4144334969492105E+04   9.0183131301535907E-11   8.1879047844882334E-21   2.1188470029522773E+03
   1.2256770000000000E+09   7.4440903337685013E+04   8.9214193023297637E-11   8.1109807741600631E-21   2.1159609620323367E+03
   1.2276770000000000E+09   7.4737718733743241E+04   8.8259058699155129E-11   8.0349925863736437E-21   2.1131040501119724E+03
   1.2296770000000000E+09   7.5034787684944851E+04   8.7317496262642734E-11   7.9599259314834938E-21   2.1102762888674270E+03
   1.2316770000000000E+09   7.5332116346134775E+04   8.6389278402433522E-11   7.8857668031460611E-21   2.1074777000535009E+03
   1.2336770000000000E+09   7.5629710464112548E+04   8.5474182454649769E-11   7.8125014724554064E-21   2.1047083054455015E+03
   1.2356770000000000E+09   7.5927575358124552E+04   8.4571990290095740E-11   7.7401164815098329E-21   2.1019681267784463E+03
   1.2376770000000000E+09   7.6225715913711625E+04   8.3682488198199548E-11   7.6685986365652246E-21   2.0992571856846876E+03
   1.2396770000000000E+09   7.6524136587022673E+04   8.2805466769375967E-11   7.5979350009270112E-21   2.0965755036309006E+03
   1.2416770000000000E+09   7.6822841416741008E+04   8.1940720777370025E-11   7.5281128877214903E-21   2.0939231018551468E+03
   1.2436770000000000E+09   7.7121834041027992E+04   8.1088049062919086E-11   7.4591198526692228E-21   2.0913000013045048E+03
   1.2456770000000000E+09   7.7421117717259462E+04   8.0247254419803388E-11   7.3909436869606233E-21   2.0887062225735835E+03
   1.2476770000000000E+09   7.7720695342749197E+04   7.9418143484105298E-11   7.3235724103124158E-21   2.0861417858440768E+03
   1.2496770000000000E+09   7.8020569475092925E+04   7.8600526627241532E-11   7.2569942642611180E-21   2.0836067108253997E+03
   1.2516770000000000E+09   7.8320742351132139E+04   7.7794217853134976E-11   7.1911977057322380E-21   2.0811010166963674E+03
   1.2536770000000000E+09   7.8621215903880307E+04   7.6999034699719347E-11   7.1261714009082941E-21   2.0786247220477858E+03
   1.2556770000000000E+09   7.8921991777039177E+04   7.6214798144829469E-11   7.0619042194058419E-21   2.0761778448258347E+03
   1.2576770000000000E+09   7.9223071336938796E+04   7.5441332516436612E-11   6.9983852287630824E-21   2.0737604022760847E+03
   1.2596770000000000E+09   7.9524455681957756E+04   7.4678465407094218E-11   6.9356036892307422E-21   2.0713724108879637E+03
   1.2616770000000000E+09   7.9826145649589031E+04   7.3926027592418248E-11   6.8735490488547348E-21   2.0690138863395491E+03
   1.2636770000000000E+09   8.0128141821433543E+04   7.3183852953382576E-11   6.8122109388348110E-21   2.0666848434425274E+03
   1.2656770000000000E+09   8.0430444526434294E+04   7.2451778402204706E-11   6.7515791691424339E-21   2.0643852960872368E+03
   1.2676770000000000E+09   8.0733053842649664E+04   7.1729643811605902E-11   6.6916437243816744E-21   2.0621152571876778E+03
   1.2696770000000000E+09   8.1035969597817675E+04   7.1017291947248771E-11   6.6323947598782834E-21   2.0598747386264467E+03
   1.2716770000000000E+09   8.1339191368881089E+04   7.0314568403191755E-11   6.5738225979851931E-21   2.0576637511995382E+03
   1.2736770000000000E+09   8.1642718480573429E+04   6.9621321540216311E-11   6.5159177245940639E-21   2.0554823045609687E+03
   1.2756770000000000E+09   8.1946550003092561E+04   6.8937402426913274E-11   6.4586707858450369E-21   2.0533304071672096E+03
   1.2776770000000000E+09   8.2250684748854605E+04   6.8262664783415667E-11   6.4020725850268694E-21   2.0512080662213843E+03
   1.2796770000000000E+09   8.2555121268285991E+04   6.7596964927672921E-11   6.3461140796601243E-21   2.0491152876172168E+03
   1.2816770000000000E+09   8.2859857844589307E+04   6.6940161724153936E-11   6.2907863787552420E-21   2.0470520758826992E+03
   1.2836770000000000E+09   8.3164892487385747E+04   6.6292116534868766E-11   6.2360807402374626E-21   2.0450184341234428E+03
   1.2856770000000000E+09   8.3470222925089722E+04   6.5652693172595369E-11   6.1819885685300083E-21   2.0430143639656928E+03
   1.2876770000000000E+09   8.3775846595787385E+04   6.5021757856213449E-11   6.1285014122883840E-21   2.0410398654989594E+03
   1.2896770000000000E+09   8.4081760636314284E+04   6.4399179168049073E-11   6.0756109622786703E-21   2.0390949372182079E+03
   1.2916770000000000E+09   8.4387961869075007E+04   6.3784828013169032E-11   6.0233090493959346E-21   2.0371795759655499E+03
   1.2936770000000000E+09   8.4694446786002052E+04   6.3178577580588050E-11   5.9715876428210971E-21   2.0352937768713518E+03
   1.2956770000000000E+09   8.5001211528841508E+04   6.2580303306398497E-11   5.9204388483191483E-21   2.0334375332946017E+03
   1.2976770000000000E+09   8.5308251864762176E+04   6.1989882838877535E-11   5.8698549066857193E-21   2.0316108367624154E+03
   1.2996770000000000E+09   8.5615563156167744E+04   6.1407196005648385E-11   5.8198281923513855E-21   2.0298136769084347E+03
   1.3016770000000000E+09   8.5923140323667525E+04   6.0832124782956535E-11   5.7703512121516187E-21   2.0280460414098550E+03
   1.3036770000000000E+09   8.6230977801683053E+04   6.0264553266989738E-11   5.7214166042577671E-21   2.0263079159227830E+03
   1.3056770000000000E+09   8.6539069487319895E+04   5.9704367646892687E-11   5.6730171372379656E-21   2.0245992840156152E+03
   1.3076770000000000E+09   8.6847408685227230E+04   5.9151456178629819E-11   5.6251457091690157E-21   2.0229201271001953E+03
   1.3096770000000000E+09   8.7155988054361995E+04   5.8605709158100843E-11   5.5777953466477637E-21   2.0212704243607516E+03
   1.3116770000000000E+09   8.7464799566786300E+04   5.8067018890959460E-11   5.5309592034577404E-21   2.0196501526809354E+03
   1.3136770000000000E+09   8.7773834493506147E+04   5.7535279655514577E-11   5.4846305585414791E-21   2.0180592865699571E+03
   1.3156770000000000E+09   8.8083083436861882E+04   5.7010387654182679E-11   5.4388028128380522E-21   2.0164977980896008E+03
   1.3176770000000000E+09   8.8392536431589193E+04   5.6492240948566399E-11   5.3934694845029360E-21   2.0149656567849663E+03
   1.3196770000000000E+09   8.8702183135226689E+04   5.5980739373867720E-11   5.3486242020830128E-21   2.0134628296228418E+03
   1.3216770000000000E+09   8.9012013120944554E+04   5.5475784430453270E-11   5.3042606954177215E-21   2.0119892809424957E+03
   1.3236770000000000E+09   8.9322016270511565E+04   5.4977279154289941E-11   5.2603727844098174E-21   2.0105449724240821E+03
   1.3256770000000000E+09   8.9632183242333442E+04   5.4485127973474595E-11   5.2169543663404950E-21   2.0091298630792276E+03
   1.3276770000000000E+09   8.9942505962196272E+04   5.3999236564410567E-11   5.1739994030196232E-21   2.0077439092667137E+03
   1.3296770000000000E+09   9.0252978058982408E+04   5.3519511726739814E-11   5.1315019096105741E-21   2.0063870647329754E+03
   1.3316770000000000E+09   9.0563595153279355E+04   5.3045861298782648E-11   5.0894559472427281E-21   2.0050592806730608E+03
   1.3336770000000000E+09   9.0874354913245901E+04   5.2578194132782501E-11   5.0478556213099996E-21   2.0037605058031077E+03
   1.3356770000000000E+09   9.1185256825959397E+04   5.2116420140346201E-11   5.0066950865138178E-21   2.0024906864316918E+03
   1.3376770000000000E+09   9.1496301692707188E+04   5.1660450403652100E-11   4.9659685582895442E-21   2.0012497665157362E+03
   1.3396770000000000E+09   9.1807490931512541E+04   5.1210197330266116E-11   4.9256703285388593E-21   2.0000376876883286E+03
   1.3416770000000000E+09   9.2118825837061522E+04   5.0765574814191700E-11   4.8857947820993968E-21   1.9988543892509972E+03
   1.3436770000000000E+09   9.2430306979862391E+04   5.0326498359338881E-11   4.8463364097239463E-21   1.9976998081310294E+03
   1.3456770000000000E+09   9.2741933901204800E+04   4.9892885128748982E-11   4.8072898139904192E-21   1.9965738788132105E+03
   1.3476770000000000E+09   9.3053705175120238E+04   4.9464653903942993E-11   4.7686497065627919E-21   1.9954765332619820E+03
   1.3496770000000000E+09   9.3365618785796920E+04   4.9041724968065329E-11   4.7304108980440127E-21   1.9944077008519118E+03
   1.3516770000000000E+09   9.3677672654777678E+04   4.8624019953192670E-11   4.6925682842595582E-21   1.9933673083202259E+03
   1.3536770000000000E+09   9.3989865098618015E+04   4.8211461704347449E-11   4.6551168340269074E-21   1.9923552797461923E+03
   1.3556770000000000E+09   9.4302195036713209E+04   4.7803974203193924E-11   4.6180515825887409E-21   1.9913715365516839E+03
   1.3576770000000000E+09   9.4614661890674339E+04   4.7401482565653880E-11   4.5813676321413911E-21   1.9904159975098287E+03
   1.3596770000000000E+09   9.4927265265604248E+04   4.7003913092632024E-11   4.5450601575047343E-21   1.9894885787475509E+03
   1.3616770000000000E+09   9.5240004602886533E+04   4.6611193329422409E-11   4.5091244126700195E-21   1.9885891937335030E+03
   1.3636770000000000E+09   9.5552878987780874E+04   4.6223252090067916E-11   4.4735557339908246E-21   1.9877177532521746E+03
   1.3656770000000000E+09   9.5865887186149965E+04   4.5840019427565321E-11   4.4383495381342544E-21   1.9868741653727729E+03
   1.3676770000000000E+09   9.6179027839867878E+04   4.5461426564389190E-11   4.4035013161541816E-21   1.9860583354234529E+03
   1.3696770000000000E+09   9.6492299662188845E+04   4.5087405819359585E-11   4.3690066271545261E-21   1.9852701659769650E+03
   1.3716770000000000E+09   9.6805701498488110E+04   4.4717890563178817E-11   4.3348610946813784E-21   1.9845095568462455E+03
   1.3736770000000000E+09   9.7119232231584101E+04   4.4352815210220363E-11   4.3010604066042977E-21   1.9837764050830594E+03
   1.3756770000000000E+09   9.7432890626414621E+04   4.3992115227541923E-11   4.2676003166651450E-21   1.9830706049730970E+03
   1.3776770000000000E+09   9.7746675239241857E+04   4.3635727133421673E-11   4.2344766450131695E-21   1.9823920480259628E+03
   1.3796770000000000E+09   9.8060584445156244E+04   4.3283588471907000E-11   4.2016852764032295E-21   1.9817406229638973E+03
   1.3816770000000000E+09   9.8374616531153602E+04   4.2935637773165826E-11   4.1692221569910137E-21   1.9811162157146036E+03
   1.3836770000000000E+09   9.8688769750150153E+04   4.2591814521828523E-11   4.1370832918740759E-21   1.9805187094102653E+03
   1.3856770000000000E+09   9.9003042260438247E+04   4.2252059149357743E-11   4.1052647449458244E-21   1.9799479843899244E+03
   1.3876770000000000E+09   9.9317431908337370E+04   4.1916313055723513E-11   4.0737626415935372E-21   1.9794039181990436E+03
   1.3896770000000000E+09   9.9631935694513217E+04   4.1584518679516405E-11   4.0425731761238366E-21   1.9788863855771363E+03
   1.3916770000000000E+09   9.9946548276443165E+04   4.1256619711294633E-11   4.0116926331805581E-21   1.9783952584131869E+03
   1.3936770000000000E+09   1.0026125757704530E+05   4.0932561745760701E-11   3.9811174520410577E-21   1.9779304056098176E+03
   1.3956770000000000E+09   1.0057603247591192E+05   4.0612294146754405E-11   3.9508444094642556E-21   1.9774916926923495E+03
   1.3976770000000000E+09   1.0089079044800749E+05   4.0295774997835026E-11   3.9208711042702708E-21   1.9770789807462997E+03
   1.3996770000000000E+09   1.0120531806474800E+05   3.9982983343662432E-11   3.8911971551359348E-21   1.9766921237010040E+03
   1.4016770000000000E+09   1.0151909004167105E+05   3.9673947251720361E-11   3.8618269466793398E-21   1.9763309618083956E+03
   1.4036770000000000E+09   1.0183089335697667E+05   3.9368802653286570E-11   3.8327753896653529E-21   1.9759953070052725E+03
   1.4056770000000000E+09   1.0213813163386463E+05   3.9067903691110783E-11   3.8040787302077777E-21   1.9756849124487114E+03
   1.4076770000000000E+09   1.0243572585254387E+05   3.8772000675394731E-11   3.7758120004874688E-21   1.9753994145034503E+03
   1.4096770000000000E+09   1.0271476657131506E+05   3.8482466546834331E-11   3.7481112768446492E-21   1.9751382337643952E+03
   1.4116770000000000E+09   1.0296164126843626E+05   3.8201463176343319E-11   3.7211901670653594E-21   1.9749004292462616E+03
   1.4136770000000000E+09   1.0315915672613922E+05   3.7931802473929673E-11   3.6953266033484681E-21   1.9746845273443257E+03
   1.4156770000000000E+09   1.0329145227386508E+05   3.7676182250926084E-11   3.6707885934301427E-21   1.9744884018861712E+03
   1.4176770000000000E+09   1.0335278578670244E+05   3.7435707690323295E-11   3.6476899556943926E-21   1.9743093474758477E+03
   1.4196770000000000E+09   1.0335586120436406E+05   3.7208331638347731E-11   3.6258374597459781E-21   1.9741444962560963E+03
   1.4216770000000000E+09   1.0333154508314272E+05   3.6988634721579233E-11   3.6047079191602751E-21   1.9739915639862324E+03
   1.4236770000000000E+09   1.0331617451238402E+05   3.6769909600515416E-11   3.5836499641390214E-21   1.9738495667678369E+03
   1.4256770000000000E+09   1.0333705619759858E+05   3.6547071243318714E-11   3.5621675051875628E-21   1.9737189629838826E+03
   1.4276770000000000E+09   1.0341428667174053E+05   3.6316930393480081E-11   3.5399474708550289E-21   1.9736011409810383E+03
   1.4296770000000000E+09   1.0357802853941638E+05   3.6075307506987093E-11   3.5165792120489474E-21   1.9734980824638455E+03
   1.4316770000000000E+09   1.0385288252768875E+05   3.5815334766762139E-11   3.4913886042964771E-21   1.9734125978499339E+03
   1.4336770000000000E+09   1.0441226785075519E+05   3.5542590891245702E-11   3.4649085177211328E-21   1.9733511884417067E+03
   1.4356770000000000E+09   1.0332540123520704E+05   3.5153414899019429E-11   3.4270455813795244E-21   1.9733072462420855E+03
   6.5767700000000000E+08  -8.5902602410165218E+03   3.4979062748463640E-12   4.6543399480035910E-23   9.1114533159847360E+02
   6.5967700000000000E+08  -7.7037664714086177E+03   6.6582423211564312E-12   8.5279212609195191E-23   9.4657275779209169E+02
   6.6167700000000000E+08  -6.9460679378352734E+03   1.0857452052369418E-11   1.3506165085036785E-22   9.7461581126322949E+02
   6.6367700000000000E+08  -6.0512928853494568E+03   1.6264903494950373E-11   1.9686779529924233E-22   1.0016463191644988E+03
   6.6567700000000000E+08  -5.0700224615346151E+03   2.3354674822241461E-11   2.7438555756383082E-22   1.0319298205187117E+03
   6.6767700000000000E+08  -4.2287235594430440E+03   3.2946688822792815E-11   3.7450462446245269E-22   1.0665769051240670E+03
   6.6967700000000000E+08  -3.5987045752546082E+03   4.5852458944451384E-11   5.0229806948657679E-22   1.1067224200091914E+03
   6.7167700000000000E+08  -3.0531223881011047E+03   6.2672959618942712E-11   6.5884586595990812E-22   1.1532778873445141E+03
   6.7367700000000000E+08  -2.4324940696346857E+03   8.3611258987615367E-11   8.3823081424923839E-22   1.2093130161723720E+03
   6.7567700000000000E+08  -1.5356928255175751E+03   1.0848185378852402E-10   1.0264485480990725E-21   1.2813196888024381E+03
   6.7767700000000000E+08  -2.5663897161902042E+02   1.3680975627997973E-10   1.2040487034420632E-21   1.3775602455654205E+03
   6.7967700000000000E+08   1.3247598444955713E+03   1.6774870916847096E-10   1.3556097669414788E-21   1.5002446408623250E+03
   6.8167700000000000E+08   3.0887646850875849E+03   2.0018385028625551E-10   1.4797317328887079E-21   1.6401502597190888E+03
   6.8367700000000000E+08   4.9977850998822796E+03   2.3282009242778618E-10   1.5827062083718076E-21   1.7834368571515549E+03
   6.8567700000000000E+08   7.1277019640667431E+03   2.6448464696311524E-10   1.6700025525439084E-21   1.9200870483335732E+03
   6.8767700000000000E+08   9.5428840016159884E+03   2.9431288193624354E-10   1.7443194837003068E-21   2.0456005222498554E+03
   6.8967700000000000E+08   1.2255699681087332E+04   3.2175305110057600E-10   1.8067424326866586E-21   2.1590565414747052E+03
   6.9167700000000000E+08   1.5248802103076145E+04   3.4657230901078538E-10   1.8583495375277873E-21   2.2610181167138776E+03
   6.9367700000000000E+08   1.8503576059772127E+04   3.6869989313916728E-10   1.8999709945777617E-21   2.3526841523539265E+03
   6.9567700000000000E+08   2.1988396730838071E+04   3.8814127037929735E-10   1.9321081919615082E-21   2.4355439301944780E+03
   6.9767700000000000E+08   2.5664693552548903E+04   4.0500307890568779E-10   1.9555388291612531E-21   2.5109002932179756E+03
   6.9967700000000000E+08   2.9500188097399459E+04   4.1944162836991376E-10   1.9711163417082293E-21   2.5798642746137307E+03
   7.0167700000000000E+08   3.3468253848723289E+04   4.3163634927307476E-10   1.9796902717393995E-21   2.6433723811992218E+03
   7.0367700000000000E+08   3.7546631398074613E+04   4.4177274635441271E-10   1.9820620867549246E-21   2.7022109656836815E+03
   7.0567700000000000E+08   4.1716154661553774E+04   4.5003180730393114E-10   1.9789630368997261E-21   2.7570402961076520E+03
   7.0767700000000000E+08   4.5959689244726185E+04   4.5658378217749400E-10   1.9710457559009125E-21   2.8084155014365178E+03
   7.0967700000000000E+08   5.0261341425290673E+04   4.6158486160830759E-10   1.9588840238004943E-21   2.8568038277846404E+03
   7.1167700000000000E+08   5.4605921776903291E+04   4.6517574935006034E-10   1.9429770630593629E-21   2.9025985799880582E+03
   7.1367700000000000E+08   5.8978650661971595E+04   4.6748147851911302E-10   1.9237561688662781E-21   2.9461304293352960E+03
   7.1567700000000000E+08   6.3365109559382297E+04   4.6861210020573362E-10   1.9015925688992476E-21   2.9876767898072294E+03
   7.1767700000000000E+08   6.7751452664273893E+04   4.6866406792772495E-10   1.8768061400733300E-21   3.0274698622354199E+03
   7.1967700000000000E+08   7.2124877032134478E+04   4.6772223973814271E-10   1.8496749564848326E-21   3.0657037880053776E+03
   7.2167700000000000E+08   7.6474304949053520E+04   4.6586241610490328E-10   1.8204456060196873E-21   3.1025411763732354E+03
   7.2367700000000000E+08   8.0791171901237758E+04   4.6315424511377284E-10   1.7893438840058658E-21   3.1381190992654770E+03
   7.2567700000000000E+08   8.5070163051941170E+04   4.5966420434114259E-10   1.7565850344455926E-21   3.1725545115303307E+03
   7.2767700000000000E+08   8.9309727486651100E+04   4.5545827601310353E-10   1.7223823965442258E-21   3.2059489758722443E+03
   7.2967700000000000E+08   9.3512236901131997E+04   4.5060392694814107E-10   1.6869533203334422E-21   3.2383925605616573E+03
   7.3167700000000000E+08   9.7683735841569651E+04   4.4517111091877231E-10   1.6505216021500733E-21   3.2699668269101667E+03
   7.3367700000000000E+08   1.0183332621903482E+05   4.3923220384674235E-10   1.6133163514032975E-21   3.3007469087457271E+03
   7.3567700000000000E+08   1.0597230582681700E+05   4.3286099923519734E-10   1.5755679066634629E-21   3.3308027768390843E+03
   7.3767700000000000E+08   1.1011321580367889E+05   4.2613106203668842E-10   1.5375019334497312E-21   3.3601998506508935E+03
   7.3967700000000000E+08   1.1426894182323392E+05   4.1911381709172175E-10   1.4993330165464620E-21   3.3889991532246918E+03
   7.4167700000000000E+08   1.1845197174775213E+05   4.1187672643086676E-10   1.4612589064157311E-21   3.4172572017265461E+03
   7.4367700000000000E+08   1.2267385914647917E+05   4.0448181559387443E-10   1.4234562049224670E-21   3.4450257953642504E+03
   7.4567700000000000E+08   1.2694489501127918E+05   3.9698468555428814E-10   1.3860778338178551E-21   3.4723518176867365E+03
   7.4767700000000000E+08   1.3127395854322778E+05   3.8943403244097368E-10   1.3492522479292475E-21   3.4992771239476533E+03
   7.4967700000000000E+08   1.3566850328545881E+05   3.8187161505393316E-10   1.3130841016948824E-21   3.5258385447083688E+03
   7.5167700000000000E+08   1.4013463340940679E+05   3.7433256635380498E-10   1.2776559618357263E-21   3.5520680080287484E+03
   7.5367700000000000E+08   1.4467723130572957E+05   3.6684593400345774E-10   1.2430306522225971E-21   3.5779927647599125E+03
   7.5567700000000000E+08   1.4930010712546532E+05   3.5943534580126189E-10   1.2092538774052466E-21   3.6036356928171995E+03
   7.5767700000000000E+08   1.5400615044430020E+05   3.5211971755840583E-10   1.1763568602869227E-21   3.6290156542772438E+03
   7.5967700000000000E+08   1.5879747218372379E+05   3.4491394534982031E-10   1.1443588197987621E-21   3.6541478811811389E+03
   7.6167700000000000E+08   1.6367553081239504E+05   3.3782954609005437E-10   1.1132691910752448E-21   3.6790443700074024E+03
   7.6367700000000000E+08   1.6864124079050610E+05   3.3087522778990363E-10   1.0830895479927590E-21   3.7037142694946078E+03
   7.6567700000000000E+08   1.7369506359953000E+05   3.2405738322887670E-10   1.0538152263929063E-21   3.7281642509912153E+03
   7.6767700000000000E+08   1.7883708296047768E+05   3.1738050873072588E-10   1.0254366691536127E-21   3.7523988543604737E+03
   7.6967700000000000E+08   1.8406706637103067E+05   3.1084755424323534E-10   9.9794052561527087E-22   3.7764208055251602E+03
   7.7167700000000000E+08   1.8938451517920493E+05   3.0446021301134229E-10   9.7131054153655798E-22   3.8002313040207114E+03
   7.7367700000000000E+08   1.9478870526199616E+05   2.9821915965284110E-10   9.4552827479000497E-22   3.8238302805383687E+03
   7.7567700000000000E+08   2.0027872012198553E+05   2.9212424504799050E-10   9.2057366859838828E-22   3.8472166255130587E+03
   7.7767700000000000E+08   2.0585347792989295E+05   2.8617465558935120E-10   8.9642550970022745E-22   3.8703883904729187E+03
   7.7967700000000000E+08   2.1151175376783501E+05   2.8036904329585690E-10   8.7306179428489049E-22   3.8933429642304050E+03
   7.8167700000000000E+08   2.1725219808556858E+05   2.7470563224660703E-10   8.5046002032359613E-22   3.9160772261491497E+03
   7.8367700000000000E+08   2.2307335217636524E+05   2.6918230582573907E-10   8.2859742125219674E-22   3.9385876787356888E+03
   7.8567700000000000E+08   2.2897366130978486E+05   2.6379667842923117E-10   8.0745115289037879E-22   3.9608705617310156E+03
   7.8767700000000000E+08   2.3495148602167866E+05   2.5854615457670799E-10   7.8699844298127100E-22   3.9829219497504114E+03
   7.8967700000000000E+08   2.4100511195236878E+05   2.5342797778906556E-10   7.6721671073773751E-22   4.0047378353653603E+03
   7.9167700000000000E+08   2.4713275853730727E+05   2.4843927112136029E-10   7.4808366220655162E-22   4.0263141993555373E+03
   7.9367700000000000E+08   2.5333258678616886E+05   2.4357707086288372E-10   7.2957736603056048E-22   4.0476470696923466E+03
   7.9567700000000000E+08   2.5960270633260964E+05   2.3883835461608939E-10   7.1167631323182923E-22   4.0687325706548500E+03
   7.9767700000000000E+08   2.6594118189471873E+05   2.3422006472816945E-10   6.9435946389641228E-22   4.0895669633278972E+03
   7.9967700000000000E+08   2.7234603925307887E+05   2.2971912786095388E-10   6.7760628306562605E-22   4.1101466785930070E+03
   8.0167700000000000E+08   2.7881527082734724E+05   2.2533247133597178E-10   6.6139676769124768E-22   4.1304683435952584E+03
   8.0367700000000000E+08   2.8534684091188223E+05   2.2105703677355388E-10   6.4571146616288037E-22   4.1505288025547179E+03
   8.0567700000000000E+08   2.9193869061493088E+05   2.1688979145108837E-10   6.3053149164182812E-22   4.1703251326877744E+03
   8.0767700000000000E+08   2.9858874253341905E+05   2.1282773773066896E-10   6.1583853021936603E-22   4.1898546559117331E+03
   8.0967700000000000E+08   3.0529490518567496E+05   2.0886792084630773E-10   6.0161484474494382E-22   4.2091149469240700E+03
   8.1167700000000000E+08   3.1205507721699792E+05   2.0500743529241468E-10   5.8784327503133161E-22   4.2281038381753206E+03
   8.1367700000000000E+08   3.1886715138743585E+05   2.0124343001588135E-10   5.7450723503135745E-22   4.2468194221902540E+03
   8.1567700000000000E+08   3.2572901834717742E+05   1.9757311258194217E-10   5.6159070748883803E-22   4.2652600516355642E+03
   8.1767700000000000E+08   3.3263857020231691E+05   1.9399375245755448E-10   5.4907823649028785E-22   4.2834243374824810E+03
   8.1967700000000000E+08   3.3959370387229917E+05   1.9050268353415901E-10   5.3695491828057726E-22   4.3013111455690132E+03
   8.2167700000000000E+08   3.4659232423991483E+05   1.8709730599352722E-10   5.2520639065255575E-22   4.3189195918282858E+03
   8.2367700000000000E+08   3.5363234709510132E+05   1.8377508760526390E-10   5.1381882117581789E-22   4.3362490364159030E+03
   8.2567700000000000E+08   3.6071170187492948E+05   1.8053356453190566E-10   5.0277889449187383E-22   4.3532990769400776E+03
   8.2767700000000000E+08   3.6782833420383121E+05   1.7737034170702918E-10   4.9207379887091235E-22   4.3700695409725722E+03
   8.2967700000000000E+08   3.7498020824014989E+05   1.7428309284303391E-10   4.8169121219822435E-22   4.3865604779962941E+03
   8.3167700000000000E+08   3.8216530883729144E+05   1.7126956011803772E-10   4.7161928753555003E-22   4.4027721509257099E+03
   8.3367700000000000E+08   3.8938164352993655E+05   1.6832755358538758E-10   4.6184663838346238E-22   4.4187050273190935E+03
   8.3567700000000000E+08   3.9662724435768562E+05   1.6545495034445430E-10   4.5236232375494140E-22   4.4343597703864025E+03
   8.3767700000000000E+08   4.0390016953998484E+05   1.6264969350746155E-10   4.4315583315698388E-22   4.4497372298830887E+03
   8.3967700000000000E+08   4.1119850501705235E+05   1.5990979099392496E-10   4.3421707156600663E-22   4.4648384329679875E+03
   8.4167700000000000E+08   4.1852036587168649E+05   1.5723331418167711E-10   4.2553634447344294E-22   4.4796645750925099E+03
   8.4367700000000000E+08   4.2586389764613163E+05   1.5461839644129179E-10   4.1710434306996135E-22   4.4942170109783647E+03
   8.4567700000000000E+08   4.3322727756676666E+05   1.5206323157880516E-10   4.0891212962962305E-22   4.5084972457317999E+03
   8.4767700000000000E+08   4.4060871568717278E+05   1.4956607220989487E-10   4.0095112314885644E-22   4.5225069261340532E+03
   8.4967700000000000E+08   4.4800645595736115E+05   1.4712522808694537E-10   3.9321308528891346E-22   4.5362478321397821E+03
   8.5167700000000000E+08   4.5541877722378471E+05   1.4473906439866322E-10   3.8569010666437407E-22   4.5497218686082088E+03
   8.5367700000000000E+08   4.6284399416141288E+05   1.4240600006002562E-10   3.7837459351406803E-22   4.5629310572852019E+03
   8.5567700000000000E+08   4.7028045813592372E+05   1.4012450600832654E-10   3.7125925478443267E-22   4.5758775290486910E+03
   8.5767700000000000E+08   4.7772655799117236E+05   1.3789310351894170E-10   3.6433708964884776E-22   4.5885635164246951E+03
   8.5967700000000000E+08   4.8518072075480066E+05   1.3571036255217057E-10   3.5760137547990385E-22   4.6009913463768580E+03
   8.6167700000000000E+08   4.9264141225328378E+05   1.3357490014020504E-10   3.5104565628504937E-22   4.6131634333687080E+03
   8.6367700000000000E+08   5.0010713762705826E+05   1.3148537882096384E-10   3.4466373160973240E-22   4.6250822726949291E+03
   8.6567700000000000E+08   5.0757644173661101E+05   1.2944050512330900E-10   3.3844964590621895E-22   4.6367504340757960E+03
   8.6767700000000000E+08   5.1504790945156652E+05   1.2743902810608329E-10   3.3239767836087516E-22   4.6481705555073595E+03
   8.6967700000000000E+08   5.2252016581677500E+05   1.2547973795155457E-10   3.2650233316801763E-22   4.6593453373591510E+03
   8.7167700000000000E+08   5.2999187609195290E+05   1.2356146461227922E-10   3.2075833023459329E-22   4.6702775367108279E+03
   8.7367700000000000E+08   5.3746174566446885E+05   1.2168307650913122E-10   3.1516059629699771E-22   4.6809699619193116E+03
   8.7567700000000000E+08   5.4492851983810891E+05   1.1984347927731509E-10   3.0970425642932293E-22   4.6914254674084768E+03
   8.7767700000000000E+08   5.5239098350382631E+05   1.1804161455659122E-10   3.0438462592123783E-22   4.7016469486741771E+03
   8.7967700000000000E+08   5.5984796070149238E+05   1.1627645882166205E-10   2.9919720250343894E-22   4.7116373374982168E+03
   8.8167700000000000E+08   5.6729831408424350E+05   1.1454702224867126E-10   2.9413765889908370E-22   4.7213995973659112E+03
   8.8367700000000000E+08   5.7474094429924630E+05   1.1285234761398001E-10   2.8920183568063563E-22   4.7309367190826424E+03
   8.8567700000000000E+08   5.8217478930064198E+05   1.1119150922173926E-10   2.8438573441291532E-22   4.7402517165857344E+03
   8.8767700000000000E+08   5.8959882361293898E+05   1.0956361185711530E-10   2.7968551106445891E-22   4.7493476229486978E+03
   8.8967700000000000E+08   5.9701205756774941E+05   1.0796778976212097E-10   2.7509746966995681E-22   4.7582274865755699E+03
   8.9167700000000000E+08   6.0441353654772032E+05   1.0640320563039551E-10   2.7061805622539338E-22   4.7668943675840374E+03
   8.9367700000000000E+08   6.1180234029709280E+05   1.0486904961509538E-10   2.6624385279236434E-22   4.7753513343774130E+03
   8.9567700000000000E+08   6.1917758241459390E+05   1.0336453833880898E-10   2.6197157177512663E-22   4.7836014604083048E+03
   8.9767700000000000E+08   6.2653841025746358E+05   1.0188891388381701E-10   2.5779805030757654E-22   4.7916478211417507E+03
   8.9967700000000000E+08   6.3388400568886602E+05   1.0044144272258765E-10   2.5372024464136899E-22   4.7994934912342887E+03
   9.0167700000000000E+08   6.4121358741231950E+05   9.9021414521932006E-11   2.4973522436055612E-22   4.8071415419585737E+03
   9.0367700000000000E+08   6.4852641599386209E+05   9.7628140727914004E-11   2.4584016618327935E-22   4.8145950389203208E+03
   9.0567700000000000E+08   6.5582180280443130E+05   9.6260952840037474E-11   2.4203234711677301E-22   4.8218570401310044E+03
   9.0767700000000000E+08   6.6309912337617762E+05   9.4919200371434620E-11   2.3830913695571428E-22   4.8289305945065407E+03
   9.0967700000000000E+08   6.7035783300031140E+05   9.3602248754067654E-11   2.3466799077227337E-22   4.8358187408433123E+03
   9.1167700000000000E+08   6.7759747682343365E+05   9.2309477947873674E-11   2.3110644329333524E-22   4.8425245072580728E+03
   9.1367700000000000E+08   6.8481767887046456E+05   9.1040283151963876E-11   2.2762210864460383E-22   4.8490509109374207E+03
   9.1567700000000000E+08   6.9201808914629964E+05   8.9794079332297002E-11   2.2421268970822954E-22   4.8554009577733959E+03
   9.1767700000000000E+08   6.9919827573607804E+05   8.8570310373798197E-11   2.2087599906178698E-22   4.8615776409830451E+03
   9.1967700000000000E+08   7.0635758106168429E+05   8.7368460677028365E-11   2.1760998603951224E-22   4.8675839371434577E+03
   9.2167700000000000E+08   7.1349501557666098E+05   8.6188062427069493E-11   2.1441275310808730E-22   4.8734227976005714E+03
   9.2367700000000000E+08   7.2060929911588063E+05   8.5028689127170090E-11   2.1128253829615592E-22   4.8790971345310199E+03
   9.2567700000000000E+08   7.2769911614351743E+05   8.3889930542204955E-11   2.0821765173990707E-22   4.8846098050089558E+03
   9.2767700000000000E+08   7.3476348721525376E+05   8.2771359000209152E-11   2.0521639088567507E-22   4.8899636039277711E+03
   9.2967700000000000E+08   7.4180198699856654E+05   8.1672510841116126E-11   2.0227699283623369E-22   4.8951612799544928E+03
   9.3167700000000000E+08   7.4881464760159224E+05   8.0592895064638659E-11   1.9939765366881851E-22   4.9002055686472231E+03
   9.3367700000000000E+08   7.5580173601101944E+05   7.9532011253436830E-11   1.9657657056303995E-22   4.9050992284177682E+03
   9.3567700000000000E+08   7.6276404813617689E+05   7.8489304692454918E-11   1.9381182908623982E-22   4.9098450674540873E+03
   9.3767700000000000E+08   7.6970478549938567E+05   7.7463929541390586E-11   1.9110082037011632E-22   4.9144459017601703E+03
   9.3967700000000000E+08   7.7663276846438588E+05   7.6454376579310292E-11   1.8843932883551197E-22   4.9189044781225302E+03
   9.4167700000000000E+08   7.8356332742936793E+05   7.5458443486158981E-11   1.8582145896743475E-22   4.9232236289543844E+03
   9.4367700000000000E+08   7.9051275516810862E+05   7.4473990473791663E-11   1.8324148302791321E-22   4.9274067397486178E+03
   9.4567700000000000E+08   7.9748821535008738E+05   7.3500119697184710E-11   1.8069672858622752E-22   4.9314580453416447E+03
   9.4767700000000000E+08   8.0448147056158108E+05   7.2537742545727851E-11   1.7818897611235278E-22   4.9353821917359855E+03
   9.4967700000000000E+08   8.1147215765240113E+05   7.1589002872018856E-11   1.7572306452376356E-22   4.9391831569776568E+03
   9.5167700000000000E+08   8.1844192083527055E+05   7.0656281451040531E-11   1.7330446749579418E-22   4.9428633644129723E+03
   9.5367700000000000E+08   8.2534000071329193E+05   6.9744015422593916E-11   1.7094387243710564E-22   4.9464200753189170E+03
   9.5567700000000000E+08   8.3209042614195927E+05   6.8859193133900690E-11   1.6865740969684324E-22   4.9498733823082730E+03
   9.5767700000000000E+08   8.3877470935754117E+05   6.7992812392055729E-11   1.6642363466784296E-22   4.9531968597140676E+03
   9.5967700000000000E+08   8.4541695271857805E+05   6.7141936896781922E-11   1.6423462130426740E-22   4.9564044522698869E+03
   9.6167700000000000E+08   8.5202575732754206E+05   6.6305357979253403E-11   1.6208712067322059E-22   4.9594978115493814E+03
   9.6367700000000000E+08   8.5860389651033364E+05   6.5482507735286891E-11   1.5997946652396015E-22   4.9624785777837815E+03
   9.6567700000000000E+08   8.6515232183899754E+05   6.4673013404608865E-11   1.5791046982964283E-22   4.9653487548369203E+03
   9.6767700000000000E+08   8.7167137076841295E+05   6.3876568949336280E-11   1.5587911166381970E-22   4.9681104758861457E+03
   9.6967700000000000E+08   8.7816114614844834E+05   6.3092897881404470E-11   1.5388445529823563E-22   4.9707658944798150E+03
   9.7167700000000000E+08   8.8462165830340516E+05   6.2321740131354363E-11   1.5192561470929550E-22   4.9733171496011837E+03
   9.7367700000000000E+08   8.9105288706454053E+05   6.1562845970087113E-11   1.5000173957495987E-22   4.9757663552263512E+03
   9.7567700000000000E+08   8.9745481039024633E+05   6.0815972902653687E-11   1.4811200733514710E-22   4.9781155972154575E+03
   9.7767700000000000E+08   9.0382741673252161E+05   6.0080884253603786E-11   1.4625561933584853E-22   4.9803669325632700E+03
   9.7967700000000000E+08   9.1017070955047675E+05   5.9357348657651261E-11   1.4443179918290144E-22   4.9825223893240554E+03
   9.8167700000000000E+08   9.1648470830202010E+05   5.8645139930180255E-11   1.4263979203509528E-22   4.9845839667058726E+03
   9.8367700000000000E+08   9.2276944758354593E+05   5.7944037067951659E-11   1.4087886422753171E-22   4.9865536352927656E+03
   9.8567700000000000E+08   9.2902497531545628E+05   5.7253824271559796E-11   1.3914830296298666E-22   4.9884333373006521E+03
   9.8767700000000000E+08   9.3525135089902976E+05   5.6574290927761206E-11   1.3744741592398476E-22   4.9902249867308337E+03
   9.8967700000000000E+08   9.4144864346260543E+05   5.5905231568138112E-11   1.3577553084455841E-22   4.9919304694353041E+03
   9.9167700000000000E+08   9.4761692886286380E+05   5.5246445927353231E-11   1.3413199533769946E-22   4.9935516431891447E+03
   9.9367700000000000E+08   9.5375628308009880E+05   5.4597739276643568E-11   1.3251617740203086E-22   4.9950903378340518E+03
   9.9567700000000000E+08   9.5986677000194520E+05   5.3958923131331355E-11   1.3092746684469317E-22   4.9965483555310702E+03
   9.9767700000000000E+08   9.6594842447739525E+05   5.3329816169659786E-11   1.2936527722632977E-22   4.9979274710338996E+03
   9.9967700000000000E+08   9.7200123685020325E+05   5.2710244824706906E-11   1.2782904703064058E-22   4.9992294316449943E+03
   1.0016770000000000E+09   9.7802514950844448E+05   5.2100042807292746E-11   1.2631823825959883E-22   5.0004559568765853E+03
   1.0036770000000000E+09   9.8402007912108151E+05   5.1499048784438035E-11   1.2483233059507668E-22   5.0016087371400135E+03
   1.0056770000000000E+09   9.8998596950018394E+05   5.0907102203743493E-11   1.2337081108940234E-22   5.0026894321957052E+03
   1.0076770000000000E+09   9.9592286369426432E+05   5.0324038396997934E-11   1.2193316209509030E-22   5.0036996709882324E+03
   1.0096770000000000E+09   1.0018309725826235E+06   4.9749684660150107E-11   1.2051885152935029E-22   5.0046410535987725E+03
   1.0116770000000000E+09   1.0077107151690283E+06   4.9183858697510141E-11   1.1912732879288088E-22   5.0055151569831614E+03
   1.0136770000000000E+09   1.0135627346286390E+06   4.8626368941859079E-11   1.1775802536955296E-22   5.0063235355149900E+03
   1.0156770000000000E+09   1.0193878617909192E+06   4.8077018659676876E-11   1.1641036451265051E-22   5.0070677249763394E+03
   1.0176770000000000E+09   1.0251870025347850E+06   4.7535614106458894E-11   1.1508378058467324E-22   5.0077492531484759E+03
   1.0196770000000000E+09   1.0309610109861604E+06   4.7001972317257524E-11   1.1377773779480156E-22   5.0083696382835951E+03
   1.0216770000000000E+09   1.0367105844439707E+06   4.6475926914593406E-11   1.1249174419155591E-22   5.0089303847733254E+03
   1.0236770000000000E+09   1.0424361877202035E+06   4.5957331419339049E-11   1.1122535956465017E-22   5.0094329806969736E+03
   1.0256770000000000E+09   1.0481380238071436E+06   4.5446059399224430E-11   1.0997819576381303E-22   5.0098788923520779E+03
   1.0276770000000000E+09   1.0538160503846367E+06   4.4942001893711124E-11   1.0874991042495972E-22   5.0102695590739804E+03
   1.0296770000000000E+09   1.0594700311685449E+06   4.4445063076791427E-11   1.0754019641354905E-22   5.0106063892892844E+03
   1.0316770000000000E+09   1.0650996057229666E+06   4.3955155289241974E-11   1.0634876971525705E-22   5.0108907582641777E+03
   1.0336770000000000E+09   1.0707043614815488E+06   4.3472194415513113E-11   1.0517535813410273E-22   5.0111240075478099E+03
   1.0356770000000000E+09   1.0762838956623690E+06   4.2996096241107460E-11   1.0401969234292072E-22   5.0113074457824669E+03
   1.0376770000000000E+09   1.0818378602963388E+06   4.2526774051336780E-11   1.0288149992629000E-22   5.0114423504047809E+03
   1.0396770000000000E+09   1.0873659888045595E+06   4.2064137427002050E-11   1.0176050231690291E-22   5.0115299697700657E+03
   1.0416770000000000E+09   1.0928681062964790E+06   4.1608092004757564E-11   1.0065641406998603E-22   5.0115715253359567E+03
   1.0436770000000000E+09   1.0983441276882195E+06   4.1158539898130298E-11   9.9568943744151614E-23   5.0115682136774476E+03
   1.0456770000000000E+09   1.1037940481413733E+06   4.0715380488357098E-11   9.8497795686823676E-23   5.0115212082230992E+03
   1.0476770000000000E+09   1.1092179297431910E+06   4.0278511353724449E-11   9.7442672164926287E-23   5.0114316606834127E+03
   1.0496770000000000E+09   1.1146158873221953E+06   3.9847829179961017E-11   9.6403275459349650E-23   5.0113007021909925E+03
   1.0516770000000000E+09   1.1199880752173576E+06   3.9423230561775178E-11   9.5379309704696108E-23   5.0111294441950331E+03
   1.0536770000000000E+09   1.1253346759272099E+06   3.9004612657000668E-11   9.4370482379997525E-23   5.0109189791574954E+03
   1.0556770000000000E+09   1.1306558909382101E+06   3.8591873688437565E-11   9.3376505437507216E-23   5.0106703810943409E+03
   1.0576770000000000E+09   1.1359519336516587E+06   3.8184913307311773E-11   9.2397096102340361E-23   5.0103847059995114E+03
   1.0596770000000000E+09   1.1412230241400818E+06   3.7783632840514351E-11   9.1431977395800179E-23   5.0100629921822820E+03
   1.0616770000000000E+09   1.1464693854016655E+06   3.7387935445472791E-11   9.0480878439441998E-23   5.0097062605424198E+03
   1.0636770000000000E+09   1.1516912407887918E+06   3.6997726194764458E-11   8.9543534592823910E-23   5.0093155148024252E+03
   1.0656770000000000E+09   1.1568888123260534E+06   3.6612912109387512E-11   8.8619687470260593E-23   5.0088917417118018E+03
   1.0676770000000000E+09   1.1620623196818451E+06   3.6233402156076806E-11   8.7709084873449499E-23   5.0084359112345928E+03
   1.0696770000000000E+09   1.1672119796040428E+06   3.5859107220749271E-11   8.6811480668921587E-23   5.0079489767284003E+03
   1.0716770000000000E+09   1.1723380056710965E+06   3.5489940067260113E-11   8.5926634632306374E-23   5.0074318751205810E+03
   1.0736770000000000E+09   1.1774406082448082E+06   3.5125815288179955E-11   8.5054312275476021E-23   5.0068855270851891E+03
   1.0756770000000000E+09   1.1825199945408383E+06   3.4766649252248493E-11   8.4194284667700038E-23   5.0063108372227007E+03
   1.0776770000000000E+09   1.1875763687584023E+06   3.4412360051495973E-11   8.3346328257950424E-23   5.0057086942431142E+03
   1.0796770000000000E+09   1.1926099322313075E+06   3.4062867449751008E-11   8.2510224702431805E-23   5.0050799711525369E+03
   1.0816770000000000E+09   1.1976208835782507E+06   3.3718092833348541E-11   8.1685760699236425E-23   5.0044255254428072E+03
   1.0836770000000000E+09   1.2026094188410577E+06   3.3377959164281983E-11   8.0872727830650332E-23   5.0037461992836179E+03
   1.0856770000000000E+09   1.2075757316057952E+06   3.3042390935743841E-11   8.0070922412911846E-23   5.0030428197167485E+03
   1.0876770000000000E+09   1.2125200131047678E+06   3.2711314129880338E-11   7.9280145352942270E-23   5.0023161988518132E+03
   1.0896770000000000E+09   1.2174424522985553E+06   3.2384656177574883E-11   7.8500202011539512E-23   5.0015671340633007E+03
   1.0916770000000000E+09   1.2223432359377914E+06   3.2062345920099788E-11   7.7730902072592673E-23   5.0007964081883310E+03
   1.0936770000000000E+09   1.2272225486050614E+06   3.1744313572501842E-11   7.6972059417939294E-23   5.0000047897246950E+03
   1.0956770000000000E+09   1.2320805727381741E+06   3.1430490688602734E-11   7.6223492007526274E-23   4.9991930330287532E+03
   1.0976770000000000E+09   1.2369174886372513E+06   3.1120810127494925E-11   7.5485021764538995E-23   4.9983618785125991E+03
   1.0996770000000000E+09   1.2417334744589513E+06   3.0815206021414564E-11   7.4756474465160946E-23   4.9975120528403204E+03
   1.1016770000000000E+09   1.2465287062017822E+06   3.0513613744870970E-11   7.4037679632630499E-23   4.9966442691226994E+03
   1.1036770000000000E+09   1.2513033576863455E+06   3.0215969884927357E-11   7.3328470435287567E-23   4.9957592271105168E+03
   1.1056770000000000E+09   1.2560576005339434E+06   2.9922212212537443E-11   7.2628683588338750E-23   4.9948576133859660E+03
   1.1076770000000000E+09   1.2607916041461211E+06   2.9632279654864282E-11   7.1938159259114468E-23   4.9939401015523108E+03
   1.1096770000000000E+09   1.2655055356867476E+06   2.9346112268522833E-11   7.1256740975635095E-23   4.9930073524216314E+03
   1.1116770000000000E+09   1.2701995600673046E+06   2.9063651213702291E-11   7.0584275538338374E-23   4.9920600142005551E+03
   1.1136770000000000E+09   1.2748738399352035E+06   2.8784838729134521E-11   6.9920612934844241E-23   4.9910987226741472E+03
   1.1156770000000000E+09   1.2795285356643850E+06   2.8509618107878019E-11   6.9265606257648987E-23   4.9901241013876215E+03
   1.1176770000000000E+09   1.2841638053470415E+06   2.8237933673891518E-11   6.8619111624646447E-23   4.9891367618260447E+03
   1.1196770000000000E+09   1.2887798047851014E+06   2.7969730759370234E-11   6.7980988102377334E-23   4.9881373035919123E+03
   1.1216770000000000E+09   1.2933766874801216E+06   2.7704955682817594E-11   6.7351097631908577E-23   4.9871263145804587E+03
   1.1236770000000000E+09   1.2979546046203116E+06   2.7443555727825110E-11   6.6729304957243269E-23   4.9861043711527445E+03
   1.1256770000000000E+09   1.3025137050636420E+06   2.7185479122532202E-11   6.6115477556163959E-23   4.9850720383063363E+03
   1.1276770000000000E+09   1.3070541353163028E+06   2.6930675019736736E-11   6.5509485573408629E-23   4.9840298698435590E+03
   1.1296770000000000E+09   1.3115760395061329E+06   2.6679093477626437E-11   6.4911201756078802E-23   4.9829784085372548E+03
   1.1316770000000000E+09   1.3160795593510440E+06   2.6430685441099778E-11   6.4320501391177550E-23   4.9819181862939222E+03
   1.1336770000000000E+09   1.3205648341229367E+06   2.6185402723642264E-11   6.3737262245168389E-23   4.9808497243141783E+03
   1.1356770000000000E+09   1.3250320006080219E+06   2.5943197989723186E-11   6.3161364505444135E-23   4.9797735332505918E+03
   1.1376770000000000E+09   1.3294811930650210E+06   2.5704024737671665E-11   6.2592690723582672E-23   4.9786901133627171E+03
   1.1396770000000000E+09   1.3339125431831277E+06   2.5467837282989818E-11   6.2031125760262835E-23   4.9775999546693802E+03
   1.1416770000000000E+09   1.3383261800421213E+06   2.5234590742055866E-11   6.1476556731701761E-23   4.9765035370982687E+03
   1.1436770000000000E+09   1.3427222300774532E+06   2.5004241016166440E-11   6.0928872957468755E-23   4.9754013306327570E+03
   1.1456770000000000E+09   1.3471008170534836E+06   2.4776744775866190E-11   6.0387965909525407E-23   4.9742937954561903E+03
   1.1476770000000000E+09   1.3514620620484140E+06   2.4552059445509198E-11   5.9853729162336889E-23   4.9731813820935404E+03
   1.1496770000000000E+09   1.3558060834546052E+06   2.4330143187999403E-11   5.9326058343901650E-23   4.9720645315507909E+03
   1.1516770000000000E+09   1.3601329969981718E+06   2.4110954889656226E-11   5.8804851087549717E-23   4.9709436754520084E+03
   1.1536770000000000E+09   1.3644429157816076E+06   2.3894454145158720E-11   5.8290006984372345E-23   4.9698192361744905E+03
   1.1556770000000000E+09   1.3687359503530774E+06   2.3680601242525766E-11   5.7781427536160310E-23   4.9686916269821304E+03
   1.1576770000000000E+09   1.3730122088055713E+06   2.3469357148099542E-11   5.7279016108750069E-23   4.9675612521572975E+03
   1.1596770000000000E+09   1.3772717969085665E+06   2.3260683491510835E-11   5.6782677885705379E-23   4.9664285071315580E+03
   1.1616770000000000E+09   1.3815148182740209E+06   2.3054542550618237E-11   5.6292319822295962E-23   4.9652937786155362E+03
   1.1636770000000000E+09   1.3857413745575331E+06   2.2850897236428040E-11   5.5807850599771379E-23   4.9641574447282337E+03
   1.1656770000000000E+09   1.3899515656943014E+06   2.2649711078019503E-11   5.5329180579971933E-23   4.9630198751261996E+03
   1.1676770000000000E+09   1.3941454901681612E+06   2.2450948207516683E-11   5.4856221760360828E-23   4.9618814311328460E+03
   1.1696770000000000E+09   1.3983232453104795E+06   2.2254573345166337E-11   5.4388887729607209E-23   4.9607424658682130E+03
   1.1716770000000000E+09   1.4024849276241828E+06   2.2060551784596906E-11   5.3927093623889430E-23   4.9596033243794463E+03
   1.1736770000000000E+09   1.4066306331266318E+06   2.1868849378349632E-11   5.3470756084126417E-23   4.9584643437723489E+03
   1.1756770000000000E+09   1.4107604577037191E+06   2.1679432523781108E-11   5.3019793214371600E-23   4.9573258533439384E+03
   1.1776770000000000E+09   1.4148744974662636E+06   2.1492268149447554E-11   5.2574124541625982E-23   4.9561881747164034E+03
   1.1796770000000000E+09   1.4189728490989525E+06   2.1307323702079094E-11   5.2133670977329995E-23   4.9550516219722494E+03
   1.1816770000000000E+09   1.4230556101915108E+06   2.1124567134250922E-11   5.1698354780788525E-23   4.9539165017906389E+03
   1.1836770000000000E+09   1.4271228795416644E+06   2.0943966892848542E-11   5.1268099524761472E-23   4.9527831135848792E+03
   1.1856770000000000E+09   1.4311747574199014E+06   2.0765491908407598E-11   5.0842830063415905E-23   4.9516517496405904E+03
   1.1876770000000000E+09   1.4352113457869021E+06   2.0589111585389565E-11   5.0422472502786458E-23   4.9505226952544044E+03
   1.1896770000000000E+09   1.4392327484559014E+06   2.0414795793428098E-11   5.0006954173829973E-23   4.9493962288726425E+03
   1.1916770000000000E+09   1.4432390711939789E+06   2.0242514859554610E-11   4.9596203608094580E-23   4.9482726222295696E+03
   1.1936770000000000E+09   1.4472304217584585E+06   2.0072239561380034E-11   4.9190150515948494E-23   4.9471521404846226E+03
   1.1956770000000000E+09   1.4512069098668541E+06   1.9903941121182503E-11   4.8788725767245811E-23   4.9460350423580503E+03
   1.1976770000000000E+09   1.4551686471012626E+06   1.9737591200821862E-11   4.8391861374235647E-23   4.9449215802644630E+03
   1.1996770000000000E+09   1.4591157467504283E+06   1.9573161897379088E-11   4.7999490476465369E-23   4.9438120004436541E+03
   1.2016770000000000E+09   1.4630483235949627E+06   1.9410625739398438E-11   4.7611547327377014E-23   4.9427065430882240E+03
   1.2036770000000000E+09   1.4669664936431043E+06   1.9249955683596887E-11   4.7227967282262738E-23   4.9416054424675740E+03
   1.2056770000000000E+09   1.4708703738260225E+06   1.9091125111896846E-11   4.6848686787223216E-23   4.9405089270478120E+03
   1.2076770000000000E+09   1.4747600816628537E+06   1.8934107828636501E-11   4.6473643368765886E-23   4.9394172196074187E+03
   1.2096770000000000E+09   1.4786357349064436E+06   1.8778878057814626E-11   4.6102775623687131E-23   4.9383305373483427E+03
   1.2116770000000000E+09   1.4824974511811181E+06   1.8625410440235507E-11   4.5736023208900925E-23   4.9372490920024557E+03
   1.2136770000000000E+09   1.4863453476236814E+06   1.8473680030432928E-11   4.5373326830907424E-23   4.9361730899334771E+03
   1.2156770000000000E+09   1.4901795405383990E+06   1.8323662293267104E-11   4.5014628234633432E-23   4.9351027322342625E+03
   1.2176770000000000E+09   1.4940001450757601E+06   1.8175333100110160E-11   4.4659870191425881E-23   4.9340382148197587E+03
   1.2196770000000000E+09   1.4978072749435748E+06   1.8028668724556558E-11   4.4308996486031412E-23   4.9329797285158802E+03
   1.2216770000000000E+09   1.5016010421573503E+06   1.7883645837619071E-11   4.3961951902455015E-23   4.9319274591445046E+03
   1.2236770000000000E+09   1.5053815568350183E+06   1.7740241502396244E-11   4.3618682208651105E-23   4.9308815876050476E+03
   1.2256770000000000E+09   1.5091489270389855E+06   1.7598433168221666E-11   4.3279134140061118E-23   4.9298422899530278E+03
   1.2276770000000000E+09   1.5129032586663575E+06   1.7458198664328903E-11   4.2943255382069885E-23   4.9288097374760528E+03
   1.2296770000000000E+09   1.5166446553860987E+06   1.7319516193086062E-11   4.2610994551503959E-23   4.9277840967675911E+03
   1.2316770000000000E+09   1.5203732186199857E+06   1.7182364322871483E-11   4.2282301177336966E-23   4.9267655297990832E+03
   1.2336770000000000E+09   1.5240890475626939E+06   1.7046721980672379E-11   4.1957125680795793E-23   4.9257541939906532E+03
   1.2356770000000000E+09   1.5277922392352400E+06   1.6912568444495117E-11   4.1635419355077374E-23   4.9247502422808902E+03
   1.2376770000000000E+09   1.5314828885653883E+06   1.6779883335674736E-11   4.1317134344887045E-23   4.9237538231957778E+03
   1.2396770000000000E+09   1.5351610884885436E+06   1.6648646611167077E-11   4.1002223625997067E-23   4.9227650809171591E+03
   1.2416770000000000E+09   1.5388269300628805E+06   1.6518838555897906E-11   4.0690640985005134E-23   4.9217841553507924E+03
   1.2436770000000000E+09   1.5424805025931490E+06   1.6390439775230706E-11   4.0382340999442619E-23   4.9208111821939647E+03
   1.2456770000000000E+09   1.5461218937582944E+06   1.6263431187604282E-11   4.0077279018354217E-23   4.9198462930029264E+03
   1.2476770000000000E+09   1.5497511897389595E+06   1.6137794017377182E-11   3.9775411143440721E-23   4.9188896152598545E+03
   1.2496770000000000E+09   1.5533684753416984E+06   1.6013509787906825E-11   3.9476694210829397E-23   4.9179412724396680E+03
   1.2516770000000000E+09   1.5569738341175041E+06   1.5890560314880036E-11   3.9181085773514902E-23   4.9170013840762867E+03
   1.2536770000000000E+09   1.5605673484728644E+06   1.5768927699905994E-11   3.8888544084493564E-23   4.9160700658287005E+03
   1.2556770000000000E+09   1.5641490997721164E+06   1.5648594324374410E-11   3.8599028080600264E-23   4.9151474295464050E+03
   1.2576770000000000E+09   1.5677191684302883E+06   1.5529542843579081E-11   3.8312497367043879E-23   4.9142335833345933E+03
   1.2596770000000000E+09   1.5712776339960443E+06   1.5411756181100329E-11   3.8028912202628514E-23   4.9133286316185522E+03
   1.2616770000000000E+09   1.5748245752245304E+06   1.5295217523440454E-11   3.7748233485641380E-23   4.9124326752076895E+03
   1.2636770000000000E+09   1.5783600701402272E+06   1.5179910314901338E-11   3.7470422740382399E-23   4.9115458113588156E+03
   1.2656770000000000E+09   1.5818841960899394E+06   1.5065818252694357E-11   3.7195442104309304E-23   4.9106681338387643E+03
   1.2676770000000000E+09   1.5853970297860827E+06   1.4952925282272142E-11   3.6923254315772575E-23   4.9097997329861837E+03
   1.2696770000000000E+09   1.5888986473403829E+06   1.4841215592872926E-11   3.6653822702313604E-23   4.9089406957728397E+03
   1.2716770000000000E+09   1.5923891242880989E+06   1.4730673613266302E-11   3.6387111169502277E-23   4.9080911058637703E+03
   1.2736770000000000E+09   1.5958685356027344E+06   1.4621284007693117E-11   3.6123084190289856E-23   4.9072510436769553E+03
   1.2756770000000000E+09   1.5993369557013027E+06   1.4513031671988826E-11   3.5861706794853986E-23   4.9064205864419291E+03
   1.2776770000000000E+09   1.6027944584401830E+06   1.4405901729881230E-11   3.5602944560909968E-23   4.9055998082576334E+03
   1.2796770000000000E+09   1.6062411171016991E+06   1.4299879529451987E-11   3.5346763604462389E-23   4.9047887801493216E+03
   1.2816770000000000E+09   1.6096770043716570E+06   1.4194950639750507E-11   3.5093130570967954E-23   4.9039875701244955E+03
   1.2836770000000000E+09   1.6131021923081314E+06   1.4091100847548523E-11   3.4842012626879432E-23   4.9031962432278642E+03
   1.2856770000000000E+09   1.6165167523018189E+06   1.3988316154223848E-11   3.4593377451541330E-23   4.9024148615953172E+03
   1.2876770000000000E+09   1.6199207550283389E+06   1.3886582772760776E-11   3.4347193229405689E-23   4.9016434845068297E+03
   1.2896770000000000E+09   1.6233142703927632E+06   1.3785887124856439E-11   3.4103428642540421E-23   4.9008821684382783E+03
   1.2916770000000000E+09   1.6266973674665943E+06   1.3686215838122993E-11   3.3862052863404027E-23   4.9001309671122062E+03
   1.2936770000000000E+09   1.6300701144171532E+06   1.3587555743377966E-11   3.3623035547866889E-23   4.8993899315474446E+03
   1.2956770000000000E+09   1.6334325784291152E+06   1.3489893872017493E-11   3.3386346828464285E-23   4.8986591101077292E+03
   1.2976770000000000E+09   1.6367848256177173E+06   1.3393217453468612E-11   3.3151957307871503E-23   4.8979385485491593E+03
   1.2996770000000000E+09   1.6401269209329619E+06   1.3297513912720180E-11   3.2919838052596634E-23   4.8972282900668342E+03
   1.3016770000000000E+09   1.6434589280545386E+06   1.3202770867928370E-11   3.2689960586880491E-23   4.8965283753406175E+03
   1.3036770000000000E+09   1.6467809092782082E+06   1.3108976128087292E-11   3.2462296886777131E-23   4.8958388425803532E+03
   1.3056770000000000E+09   1.6500929253966482E+06   1.3016117690739342E-11   3.2236819374350839E-23   4.8951597275705981E+03
   1.3076770000000000E+09   1.6533950355814928E+06   1.2924183739676194E-11   3.2013500911865576E-23   4.8944910637151143E+03
   1.3096770000000000E+09   1.6566872972788548E+06   1.2833162642544299E-11   3.1792314795753367E-23   4.8938328820810202E+03
   1.3116770000000000E+09   1.6599697661374272E+06   1.2743042948226449E-11   3.1573234750043944E-23   4.8931852114423409E+03
   1.3136770000000000E+09   1.6632424959956815E+06   1.2653813383826027E-11   3.1356234918828898E-23   4.8925480783223056E+03
   1.3156770000000000E+09   1.6665055389606112E+06   1.2565462851049025E-11   3.1141289857256430E-23   4.8919215070334903E+03
   1.3176770000000000E+09   1.6697589456121910E+06   1.2477980421778689E-11   3.0928374520554005E-23   4.8913055197144695E+03
   1.3196770000000000E+09   1.6730027653618073E+06   1.2391355332690573E-11   3.0717464250704833E-23   4.8907001363619856E+03
   1.3216770000000000E+09   1.6762370469763011E+06   1.2305576978879599E-11   3.0508534760706357E-23   4.8901053748582517E+03
   1.3236770000000000E+09   1.6794618392503937E+06   1.2220634906671119E-11   3.0301562116826500E-23   4.8895212509945741E+03
   1.3256770000000000E+09   1.6826771917711438E+06   1.2136518806046474E-11   3.0096522719902255E-23   4.8889477784945584E+03
   1.3276770000000000E+09   1.6858831556753356E+06   1.2053218503380333E-11   2.9893393287375521E-23   4.8883849690424504E+03
   1.3296770000000000E+09   1.6890797842660248E+06   1.1970723955382642E-11   2.9692150838239323E-23   4.8878328323238020E+03
   1.3316770000000000E+09   1.6922671333430284E+06   1.1889025245163758E-11   2.9492772683139511E-23   4.8872913760850342E+03
   1.3336770000000000E+09   1.6954452611277953E+06   1.1808112581116249E-11   2.9295236421343162E-23   4.8867606062149798E+03
   1.3356770000000000E+09   1.6986142277323315E+06   1.1727976298805738E-11   2.9099519945082417E-23   4.8862405268449629E+03
   1.3376770000000000E+09   1.7017740942272630E+06   1.1648606865352122E-11   2.8905601450070556E-23   4.8857311404549109E+03
   1.3396770000000000E+09   1.7049249214804734E+06   1.1569994885048367E-11   2.8713459449200400E-23   4.8852324479660056E+03
   1.3416770000000000E+09   1.7080667690265924E+06   1.1492131104456014E-11   2.8523072785179627E-23   4.8847444487979656E+03
   1.3436770000000000E+09   1.7111996942474337E+06   1.1415006415196420E-11   2.8334420637755846E-23   4.8842671408762417E+03
   1.3456770000000000E+09   1.7143237520698109E+06   1.1338611853241913E-11   2.8147482522537952E-23   4.8838005205902491E+03
   1.3476770000000000E+09   1.7174389952285031E+06   1.1262938594606560E-11   2.7962238281017351E-23   4.8833445827250680E+03
   1.3496770000000000E+09   1.7205454749485434E+06   1.1187977948574709E-11   2.7778668064384201E-23   4.8828993204049812E+03
   1.3516770000000000E+09   1.7236432417494075E+06   1.1113721350489898E-11   2.7596752315930380E-23   4.8824647250896378E+03
   1.3536770000000000E+09   1.7267323460380782E+06   1.1040160356206742E-11   2.7416471757155687E-23   4.8820407866439991E+03
   1.3556770000000000E+09   1.7298128382667825E+06   1.0967286639478210E-11   2.7237807380827373E-23   4.8816274934697976E+03
   1.3576770000000000E+09   1.7328847686440316E+06   1.0895091992134155E-11   2.7060740450914954E-23   4.8812248326515628E+03
   1.3596770000000000E+09   1.7359481866023226E+06   1.0823568325599055E-11   2.6885252506127240E-23   4.8808327900578579E+03
   1.3616770000000000E+09   1.7390031403292411E+06   1.0752707671786130E-11   2.6711325362381144E-23   4.8804513503582521E+03
   1.3636770000000000E+09   1.7420496766018176E+06   1.0682502181983496E-11   2.6538941110699325E-23   4.8800804969636829E+03
   1.3656770000000000E+09   1.7450878409664654E+06   1.0612944123665651E-11   2.6368082110053687E-23   4.8797202119449021E+03
   1.3676770000000000E+09   1.7481176781012355E+06   1.0544025876397769E-11   2.6198730977677524E-23   4.8793704759980510E+03
   1.3696770000000000E+09   1.7511392321135562E+06   1.0475739928376761E-11   2.6030870580488264E-23   4.8790312684958335E+03
   1.3716770000000000E+09   1.7541525466134786E+06   1.0408078874469809E-11   2.5864484029897896E-23   4.8787025676023013E+03
   1.3736770000000000E+09   1.7571576645870341E+06   1.0341035415431287E-11   2.5699554679587107E-23   4.8783843503843345E+03
   1.3756770000000000E+09   1.7601546282347518E+06   1.0274602357202234E-11   2.5536066123843980E-23   4.8780765928578185E+03
   1.3776770000000000E+09   1.7631434789341120E+06   1.0208772609378147E-11   2.5374002194224092E-23   4.8777792699599349E+03
   1.3796770000000000E+09   1.7661242573510169E+06   1.0143539182827148E-11   2.5213346954211489E-23   4.8774923554974303E+03
   1.3816770000000000E+09   1.7690970035861316E+06   1.0078895187232711E-11   2.5054084693486884E-23   4.8772158221316267E+03
   1.3836770000000000E+09   1.7720617572092526E+06   1.0014833829371099E-11   2.4896199923794167E-23   4.8769496414063487E+03
   1.3856770000000000E+09   1.7750185570976040E+06   9.9513484123603804E-12   2.4739677377425819E-23   4.8766937837357309E+03
   1.3876770000000000E+09   1.7779674409941821E+06   9.8884323358545805E-12   2.4584502009141853E-23   4.8764482181756739E+03
   1.3896770000000000E+09   1.7809084443827553E+06   9.8260790984203354E-12   2.4430659006120847E-23   4.8762129116658816E+03
   1.3916770000000000E+09   1.7838415972422138E+06   9.7642823076858963E-12   2.4278133822906708E-23   4.8759878271043599E+03
   1.3936770000000000E+09   1.7867669146442276E+06   9.7030357148293682E-12   2.4126912288989634E-23   4.8757729189031497E+03
   1.3956770000000000E+09   1.7896843709940484E+06   9.6423333168224816E-12   2.3976980908743423E-23   4.8755681235295697E+03
   1.3976770000000000E+09   1.7925938339659336E+06   9.5821696324529817E-12   2.3828327633385591E-23   4.8753733415522274E+03
   1.3996770000000000E+09   1.7954949066688197E+06   9.5225403892648688E-12   2.3680943703238754E-23   4.8751884090944304E+03
   1.4016770000000000E+09   1.7983865801167130E+06   9.4634440907796276E-12   2.3534827693011086E-23   4.8750130654604836E+03
   1.4036770000000000E+09   1.8012665404220908E+06   9.4048852419219662E-12   2.3389993547348517E-23   4.8748469476252976E+03
   1.4056770000000000E+09   1.8041299540422861E+06   9.3468801724324701E-12   2.3246484607642769E-23   4.8746896834713116E+03
   1.4076770000000000E+09   1.8069676946977794E+06   9.2894657802722170E-12   2.3104393958009055E-23   4.8745411880318261E+03
   1.4096770000000000E+09   1.8097644784671166E+06   9.2327090303182034E-12   2.2963885555100870E-23   4.8744022035901862E+03
   1.4116770000000000E+09   1.8124983566478058E+06   9.1767099261357682E-12   2.2825199263760294E-23   4.8742748296736918E+03
   1.4136770000000000E+09   1.8151440600504973E+06   9.1215849371987229E-12   2.2688611037849509E-23   4.8741622631589844E+03
   1.4156770000000000E+09   1.8176822928468585E+06   9.0674195303867147E-12   2.2554324412743392E-23   4.8740667613545065E+03
   1.4176770000000000E+09   1.8201131650774828E+06   9.0141992769461876E-12   2.2422315009820520E-23   4.8739861578637983E+03
   1.4196770000000000E+09   1.8224651059663878E+06   8.9617665845418839E-12   2.2292229060695584E-23   4.8739123815784087E+03
   1.4216770000000000E+09   1.8247881966341767E+06   8.9098631737884752E-12   2.2163464662038276E-23   4.8738366502414046E+03
   1.4236770000000000E+09   1.8271327986254401E+06   8.8582500275782502E-12   2.2035425637433193E-23   4.8737592986508334E+03
   1.4256770000000000E+09   1.8295347669218113E+06   8.8067805181792965E-12   2.1907699370499484E-23   4.8736909543863176E+03
   1.4276770000000000E+09   1.8320266910680984E+06   8.7553178335486191E-12   2.1779928450543356E-23   4.8736355993823572E+03
   1.4296770000000000E+09   1.8346602441992513E+06   8.7035775076435319E-12   2.1651543781909370E-23   4.8735622756713419E+03
   1.4316770000000000E+09   1.8374502683360635E+06   8.6514415245298785E-12   2.1522408717110107E-23   4.8734351180359427E+03
   1.4336770000000000E+09   1.8408749354588168E+06   8.5948207618336559E-12   2.1386993056053685E-23   4.8721952287251397E+03
   1.4356770000000000E+09   1.8410162534584531E+06   8.5583666020079774E-12   2.1290640548125906E-23   4.8734862412870689E+03
   6.5767700000000000E+08  -5.0523755511690642E+03   1.2874781645089855E-15   7.4989317815691251E-26   8.2655668032081542E+02
   6.5967700000000000E+08  -5.5298661351404144E+03   2.5935098706826505E-15   1.4758329390932486E-25   8.4602437730310749E+02
   6.6167700000000000E+08  -6.0779660410413162E+03   5.3106736830515586E-15   2.9475188139392177E-25   8.6741155221818212E+02
   6.6367700000000000E+08  -6.5495868721599090E+03   1.1692924845889084E-14   6.2998096276533440E-25   8.9356860848511826E+02
   6.6567700000000000E+08  -6.4504718551588057E+03   2.8523600284422597E-14   1.4955736309034569E-24   9.1818187051714267E+02
   6.6767700000000000E+08  -5.6293198621568672E+03   7.0573131559905003E-14   3.6197558868163288E-24   9.3862534445042661E+02
   6.6967700000000000E+08  -4.5925330081082084E+03   1.5745389351206150E-13   7.8742852256577141E-24   9.6266333967821481E+02
   6.7167700000000000E+08  -3.6076691137305538E+03   3.0246197491447989E-13   1.4623441893690221E-23   9.9575695992451290E+02
   6.7367700000000000E+08  -2.6320754140961949E+03   5.0415513932306827E-13   2.3336320681648378E-23   1.0400733906124715E+03
   6.7567700000000000E+08  -1.4788635559363440E+03   7.4850883084175157E-13   3.2790778282795515E-23   1.0989485862592412E+03
   6.7767700000000000E+08  -3.3713848218497418E+01   1.0172088002572840E-12   4.1550169245379812E-23   1.1786082656575234E+03
   6.7967700000000000E+08   1.6550332410418782E+03   1.2929207400568075E-12   4.8521678072561598E-23   1.2828274987584077E+03
   6.8167700000000000E+08   3.4826443271738108E+03   1.5606574548706346E-12   5.3332358674871491E-23   1.4087987930460015E+03
   6.8367700000000000E+08   5.3974089457835134E+03   1.8088154914994098E-12   5.6280350980784517E-23   1.5472826030441574E+03
   6.8567700000000000E+08   7.4294131145712045E+03   2.0309355575406961E-12   5.7907316178237215E-23   1.6884759415559811E+03
   6.8767700000000000E+08   9.6213877462610199E+03   2.2256202353824246E-12   5.8726378488631571E-23   1.8245258142630660E+03
   6.8967700000000000E+08   1.1991619053860466E+04   2.3922352935995939E-12   5.9006337160009927E-23   1.9518094114159428E+03
   6.9167700000000000E+08   1.4522673045748570E+04   2.5319639712720055E-12   5.8911725502863213E-23   2.0691308178699728E+03
   6.9367700000000000E+08   1.7187518680341989E+04   2.6470299092527901E-12   5.8552055610412183E-23   2.1764508933435068E+03
   6.9567700000000000E+08   1.9957582524458430E+04   2.7399924539373879E-12   5.7999582102281098E-23   2.2743467222029917E+03
   6.9767700000000000E+08   2.2805671707256854E+04   2.8133795484175389E-12   5.7303349596144389E-23   2.3636354126888032E+03
   6.9967700000000000E+08   2.5706611104184951E+04   2.8695154843870022E-12   5.6497585444972016E-23   2.4451801180208236E+03
   7.0167700000000000E+08   2.8636820797051882E+04   2.9104557886226793E-12   5.5606704555217883E-23   2.5197996966755186E+03
   7.0367700000000000E+08   3.1573782439480347E+04   2.9379795593644884E-12   5.4648425501400878E-23   2.5882325040903438E+03
   7.0567700000000000E+08   3.4495731832986101E+04   2.9536107928086348E-12   5.3635814766566973E-23   2.6511271353812463E+03
   7.0767700000000000E+08   3.7381616174918629E+04   2.9586526032753295E-12   5.2578697285284708E-23   2.7090456524128399E+03
   7.0967700000000000E+08   4.0211272856452451E+04   2.9542250726597889E-12   5.1484664830677197E-23   2.7624718473337093E+03
   7.1167700000000000E+08   4.2965758580036600E+04   2.9413017694955175E-12   5.0359812145909324E-23   2.8118208934481413E+03
   7.1367700000000000E+08   4.5627776407409125E+04   2.9207426015519772E-12   4.9209278997537217E-23   2.8574487790650587E+03
   7.1567700000000000E+08   4.8182169389654424E+04   2.8933223037976558E-12   4.8037650359311390E-23   2.8996610102365908E+03
   7.1767700000000000E+08   5.0616460958500626E+04   2.8597547054409131E-12   4.6849251342467610E-23   2.9387206108796390E+03
   7.1967700000000000E+08   5.2921414864917351E+04   2.8207131245316726E-12   4.5648361449770277E-23   2.9748556490858996E+03
   7.2167700000000000E+08   5.5091563957731720E+04   2.7768469727624802E-12   4.4439361655379705E-23   3.0082664908997335E+03
   7.2367700000000000E+08   5.7125628434465449E+04   2.7287941792373104E-12   4.3226818328992682E-23   3.0391328161061469E+03
   7.2567700000000000E+08   5.9026727082535392E+04   2.6771886809504460E-12   4.2015502308067553E-23   3.0676202147771519E+03
   7.2767700000000000E+08   6.0802294406332570E+04   2.6226622600285319E-12   4.0810341522204136E-23   3.0938860087403941E+03
   7.2967700000000000E+08   6.2463657491421058E+04   2.5658405442068303E-12   3.9616311729569733E-23   3.1180838789478739E+03
   7.3167700000000000E+08   6.4025289870622597E+04   2.5073338963538378E-12   3.8438279810303645E-23   3.1403669556223695E+03
   7.3367700000000000E+08   6.5503825317542651E+04   2.4477248740104856E-12   3.7280823485293574E-23   3.1608892195779326E+03
   7.3567700000000000E+08   6.6916960464949705E+04   2.3875545723681989E-12   3.6148056130219139E-23   3.1798053077486243E+03
   7.3767700000000000E+08   6.8282387868494232E+04   2.3273102406241459E-12   3.5043483374138865E-23   3.1972690392761324E+03
   7.3967700000000000E+08   6.9616880421905036E+04   2.2674160806017727E-12   3.3969910110131529E-23   3.2134311223869645E+03
   7.4167700000000000E+08   7.0935604953456845E+04   2.2082282989155690E-12   3.2929405315150648E-23   3.2284365418325833E+03
   7.4367700000000000E+08   7.2251693081003585E+04   2.1500345755242072E-12   3.1923321220551345E-23   3.2424220711070002E+03
   7.4567700000000000E+08   7.3576054497022662E+04   2.0930573753856706E-12   3.0952355562691912E-23   3.2555142350876499E+03
   7.4767700000000000E+08   7.4917389369993500E+04   2.0374600929983682E-12   3.0016641945913336E-23   3.2678279064811995E+03
   7.4967700000000000E+08   7.6282343836895598E+04   1.9833548879833259E-12   2.9115853379071047E-23   3.2794655870630277E+03
   7.5167700000000000E+08   7.7675752704030136E+04   1.9308111698110821E-12   2.8249306580705934E-23   3.2905173231655444E+03
   7.5367700000000000E+08   7.9100921774019720E+04   1.8798639196349226E-12   2.7416058305270780E-23   3.3010611418181547E+03
   7.5567700000000000E+08   8.0559914135208281E+04   1.8305213061723249E-12   2.6614988624270061E-23   3.3111638667514712E+03
   7.5767700000000000E+08   8.2053816909692949E+04   1.7827712990207557E-12   2.5844869146623513E-23   3.3208821737864700E+03
   7.5967700000000000E+08   8.3582975378165298E+04   1.7365871757811400E-12   2.5104416331947423E-23   3.3302637628719485E+03
   7.6167700000000000E+08   8.5147189276946316E+04   1.6919319514609035E-12   2.4392331365023073E-23   3.3393485501516047E+03
   7.6367700000000000E+08   8.6745871374557537E+04   1.6487618364225439E-12   2.3707328687117175E-23   3.3481698111794713E+03
   7.6567700000000000E+08   8.8378171580329290E+04   1.6070288652109134E-12   2.3048155427501119E-23   3.3567552315375201E+03
   7.6767700000000000E+08   9.0043071360488393E+04   1.5666828462739752E-12   2.2413603835302847E-23   3.3651278415692736E+03
   7.6967700000000000E+08   9.1739453666175381E+04   1.5276727732499797E-12   2.1802518522757401E-23   3.3733068271901120E+03
   7.7167700000000000E+08   9.3466153346223087E+04   1.4899478205957894E-12   2.1213799994207574E-23   3.3813082191571516E+03
   7.7367700000000000E+08   9.5221992443336276E+04   1.4534580255257488E-12   2.0646405609347785E-23   3.3891454696149131E+03
   7.7567700000000000E+08   9.7005804067312958E+04   1.4181547378983324E-12   2.0099348843781416E-23   3.3968299281368731E+03
   7.7767700000000000E+08   9.8816447831233163E+04   1.3839909015716379E-12   1.9571697475581614E-23   3.4043712307512355E+03
   7.7967700000000000E+08   1.0065281919419240E+05   1.3509212155303400E-12   1.9062571142860718E-23   3.4117776153136901E+03
   7.8167700000000000E+08   1.0251385450621332E+05   1.3189022108167961E-12   1.8571138578485834E-23   3.4190561756384277E+03
   7.8367700000000000E+08   1.0439853310280430E+05   1.2878922697063322E-12   1.8096614726189968E-23   3.4262130654258126E+03
   7.8567700000000000E+08   1.0630587744150060E+05   1.2578516062403429E-12   1.7638257869435291E-23   3.4332536615027707E+03
   7.8767700000000000E+08   1.0823495199767423E+05   1.2287422217442833E-12   1.7195366853507085E-23   3.4401826943887850E+03
   7.8967700000000000E+08   1.1018486142827520E+05   1.2005278449102302E-12   1.6767278446586807E-23   3.4470043528125948E+03
   7.9167700000000000E+08   1.1215474835626494E+05   1.1731738630811480E-12   1.6353364862472971E-23   3.4537223675780619E+03
   7.9367700000000000E+08   1.1414379101393903E+05   1.1466472492584362E-12   1.5953031452697154E-23   3.4603400791268164E+03
   7.9567700000000000E+08   1.1615120090016923E+05   1.1209164878532019E-12   1.5565714566530056E-23   3.4668604922652353E+03
   7.9767700000000000E+08   1.1817622054741882E+05   1.0959515011459158E-12   1.5190879571908174E-23   3.4732863207997830E+03
   7.9967700000000000E+08   1.2021812145270266E+05   1.0717235776878740E-12   1.4828019027398028E-23   3.4796200242378236E+03
   8.0167700000000000E+08   1.2227620219816137E+05   1.0482053033762652E-12   1.4476650994014695E-23   3.4858638382407225E+03
   8.0367700000000000E+08   1.2434978676777745E+05   1.0253704955968695E-12   1.4136317475437909E-23   3.4920198001426065E+03
   8.0567700000000000E+08   1.2643822305450466E+05   1.0031941406042235E-12   1.3806582975491250E-23   3.4980897705539774E+03
   8.0767700000000000E+08   1.2854088154453380E+05   9.8165233416474325E-13   1.3487033162415026E-23   3.5040754518393669E+03
   8.0967700000000000E+08   1.3065715416132641E+05   9.6072222539700130E-13   1.3177273630272144E-23   3.5099784040793597E+03
   8.1167700000000000E+08   1.3278645325003521E+05   9.4038196368986619E-13   1.2876928748702716E-23   3.5158000589887265E+03
   8.1367700000000000E+08   1.3492821068263327E+05   9.2061064854853453E-13   1.2585640593083144E-23   3.5215417321558593E+03
   8.1567700000000000E+08   1.3708187706454788E+05   9.0138828220468878E-13   1.2303067947949782E-23   3.5272046338867945E+03
   8.1767700000000000E+08   1.3924692102477688E+05   8.8269572482242407E-13   1.2028885377271674E-23   3.5327898788743910E+03
   8.1967700000000000E+08   1.4142282857287160E+05   8.6451465213402690E-13   1.1762782355818821E-23   3.5382984948654430E+03
   8.2167700000000000E+08   1.4360910250785376E+05   8.4682751534554424E-13   1.1504462456458672E-23   3.5437314304620427E+03
   8.2367700000000000E+08   1.4580526186588354E+05   8.2961750316039502E-13   1.1253642588738428E-23   3.5490895621658838E+03
   8.2567700000000000E+08   1.4801084139525300E+05   8.1286850577926385E-13   1.1010052284584234E-23   3.5543737007532486E+03
   8.2767700000000000E+08   1.5022539104913059E+05   7.9656508074531905E-13   1.0773433027374648E-23   3.5595845970526898E+03
   8.2967700000000000E+08   1.5244847548829383E+05   7.8069242051521429E-13   1.0543537621034290E-23   3.5647229471855899E+03
   8.3167700000000000E+08   1.5467967358791531E+05   7.6523632164837652E-13   1.0320129596153440E-23   3.5697893973210557E+03
   8.3367700000000000E+08   1.5691857794434167E+05   7.5018315551882984E-13   1.0102982650465379E-23   3.5747845479901898E+03
   8.3567700000000000E+08   1.5916479437950693E+05   7.3551984046606590E-13   9.8918801213219674E-24   3.5797089580001020E+03
   8.3767700000000000E+08   1.6141794144234608E+05   7.2123381531285183E-13   9.6866144880847297E-24   3.5845631479847170E+03
   8.3967700000000000E+08   1.6367764990808829E+05   7.0731301418878117E-13   9.4869869026031057E-24   3.5893476036269399E+03
   8.4167700000000000E+08   1.6594356227770439E+05   6.9374584260790800E-13   9.2928067461734333E-24   3.5940627785850693E+03
   8.4367700000000000E+08   1.6821533228083234E+05   6.8052115475706296E-13   9.1038912115664110E-24   3.5987090971548146E+03
   8.4567700000000000E+08   1.7049262438624210E+05   6.6762823195817105E-13   8.9200649088749492E-24   3.6032869566970176E+03
   8.4767700000000000E+08   1.7277511332451957E+05   6.5505676227176932E-13   8.7411594940528817E-24   3.6077967298598728E+03
   8.4967700000000000E+08   1.7506248362758552E+05   6.4279682121184170E-13   8.5670133191147993E-24   3.6122387666229147E+03
   8.5167700000000000E+08   1.7735442918951856E+05   6.3083885354225204E-13   8.3974711030250356E-24   3.6166133961883047E+03
   8.5367700000000000E+08   1.7965065285268897E+05   6.1917365612328028E-13   8.2323836223314237E-24   3.6209209287428921E+03
   8.5567700000000000E+08   1.8195086602230193E+05   6.0779236177406372E-13   8.0716074206111867E-24   3.6251616571121672E+03
   8.5767700000000000E+08   1.8425478831157353E+05   5.9668642411224710E-13   7.9150045357807342E-24   3.6293358583246095E+03
   8.5967700000000000E+08   1.8656214721861618E+05   5.8584760332745044E-13   7.7624422443002067E-24   3.6334437951020459E+03
   8.6167700000000000E+08   1.8887267783510254E+05   5.7526795283980622E-13   7.6137928212708496E-24   3.6374857172887323E+03
   8.6367700000000000E+08   1.9118612258564445E+05   5.6493980679031545E-13   7.4689333153990267E-24   3.6414618632289466E+03
   8.6567700000000000E+08   1.9350223099591717E+05   5.5485576830573747E-13   7.3277453377801245E-24   3.6453724610999402E+03
   8.6767700000000000E+08   1.9582075948678577E+05   5.4500869847797492E-13   7.1901148634488429E-24   3.6492177302045143E+03
   8.6967700000000000E+08   1.9814147119122252E+05   5.3539170599627303E-13   7.0559320446474922E-24   3.6529978822251446E+03
   8.7167700000000000E+08   2.0046413579035152E+05   5.2599813737100134E-13   6.9250910347938991E-24   3.6567131224395894E+03
   8.7367700000000000E+08   2.0278852936493041E+05   5.1682156768926063E-13   6.7974898221711911E-24   3.6603636508963336E+03
   8.7567700000000000E+08   2.0511443425869066E+05   5.0785579184560113E-13   6.6730300724202762E-24   3.6639496635471346E+03
   8.7767700000000000E+08   2.0744163895014112E+05   4.9909481619570605E-13   6.5516169789918990E-24   3.6674713533332365E+03
   8.7967700000000000E+08   2.0976993792992982E+05   4.9053285058595180E-13   6.4331591207954479E-24   3.6709289112214924E+03
   8.8167700000000000E+08   2.1209913158124770E+05   4.8216430071796964E-13   6.3175683263747572E-24   3.6743225271867377E+03
   8.8367700000000000E+08   2.1442902606144908E+05   4.7398376081328131E-13   6.2047595440291800E-24   3.6776523911370696E+03
   8.8567700000000000E+08   2.1675943318367159E+05   4.6598600654943083E-13   6.0946507173894708E-24   3.6809186937793902E+03
   8.8767700000000000E+08   2.1909017029834582E+05   4.5816598824440344E-13   5.9871626660355700E-24   3.6841216274233066E+03
   8.8967700000000000E+08   2.2142106017643222E+05   4.5051882427032740E-13   5.8822189708036195E-24   3.6872613867228670E+03
   8.9167700000000000E+08   2.2375193090038584E+05   4.4303979467920946E-13   5.7797458634569517E-24   3.6903381693573351E+03
   8.9367700000000000E+08   2.2608261577862312E+05   4.3572433501984738E-13   5.6796721203500279E-24   3.6933521766558542E+03
   8.9567700000000000E+08   2.2841295332074197E+05   4.2856803031186161E-13   5.5819289595393981E-24   3.6963036141778452E+03
   8.9767700000000000E+08   2.3074278735551229E+05   4.2156660911179950E-13   5.4864499403799747E-24   3.6991926922758662E+03
   8.9967700000000000E+08   2.3307196745841741E+05   4.1471593754669698E-13   5.3931708638410659E-24   3.7020196266975936E+03
   9.0167700000000000E+08   2.3540034999517765E+05   4.0801201309523425E-13   5.3020296704823890E-24   3.7047846393397285E+03
   9.0367700000000000E+08   2.3772780027190992E+05   4.0145095777917354E-13   5.2129663314117159E-24   3.7074879593614514E+03
   9.0567700000000000E+08   2.4005419641825865E+05   3.9502901036450735E-13   5.1259227266010064E-24   3.7101298250003088E+03
   9.0767700000000000E+08   2.4237943545749475E+05   3.8874251735336365E-13   5.0408425071876263E-24   3.7127104865745259E+03
   9.0967700000000000E+08   2.4470344105084168E+05   3.8258792330810616E-13   4.9576709482893514E-24   3.7152302111867921E+03
   9.1167700000000000E+08   2.4702617007307746E+05   3.7656176273723167E-13   4.8763548211703572E-24   3.7176892893289182E+03
   9.1367700000000000E+08   2.4934761145325523E+05   3.7066065830159995E-13   4.7968423474598398E-24   3.7200880425970904E+03
   9.1567700000000000E+08   2.5166776733960689E+05   3.6488133211416122E-13   4.7190833260801741E-24   3.7224268298663492E+03
   9.1767700000000000E+08   2.5398660826131084E+05   3.5922063513453267E-13   4.6430295026685582E-24   3.7247060469645007E+03
   9.1967700000000000E+08   2.5630400678756955E+05   3.5367558997005258E-13   4.5686351264730404E-24   3.7269261137530784E+03
   9.2167700000000000E+08   2.5861967969338805E+05   3.4824342435218570E-13   4.4958574028994688E-24   3.7290874453121046E+03
   9.2367700000000000E+08   2.6093319191572617E+05   3.4292155688703662E-13   4.4246563383644402E-24   3.7311904126710683E+03
   9.2567700000000000E+08   2.6324406563327153E+05   3.3770750505988547E-13   4.3549935711189128E-24   3.7332353107146660E+03
   9.2767700000000000E+08   2.6555196628661972E+05   3.3259873881426094E-13   4.2868304663426482E-24   3.7352223569954108E+03
   9.2967700000000000E+08   2.6785684100874572E+05   3.2759257059936859E-13   4.2201266399496016E-24   3.7371517328396126E+03
   9.3167700000000000E+08   2.7015887976965855E+05   3.2268618842667178E-13   4.1548403072124042E-24   3.7390236475959182E+03
   9.3367700000000000E+08   2.7245828955728095E+05   3.1787686633585113E-13   4.0909309423088437E-24   3.7408383824655839E+03
   9.3567700000000000E+08   2.7475505310344242E+05   3.1316217457467628E-13   4.0283619894121703E-24   3.7425962797478687E+03
   9.3767700000000000E+08   2.7704892967644840E+05   3.0853990570948716E-13   3.9670999577409686E-24   3.7442976896935079E+03
   9.3967700000000000E+08   2.7933972663631738E+05   3.0400783474205720E-13   3.9071113658365245E-24   3.7459429320684985E+03
   9.4167700000000000E+08   2.8162750260514329E+05   2.9956384080177712E-13   3.8483642789193690E-24   3.7475323130218549E+03
   9.4367700000000000E+08   2.8391243234168156E+05   2.9520640042767772E-13   3.7908345904713414E-24   3.7490661671360722E+03
   9.4567700000000000E+08   2.8619448453668196E+05   2.9093469266947173E-13   3.7345073451457709E-24   3.7505448646105269E+03
   9.4767700000000000E+08   2.8847321049225406E+05   2.8674787232041444E-13   3.6793674372525302E-24   3.7519687671274769E+03
   9.4967700000000000E+08   2.9074777001093194E+05   2.8264395573267649E-13   3.6253853775660143E-24   3.7533381638589694E+03
   9.5167700000000000E+08   2.9301710843499529E+05   2.7861924361135470E-13   3.5725099510571933E-24   3.7546532273021253E+03
   9.5367700000000000E+08   2.9528140396600560E+05   2.7466925025753327E-13   3.5206801685257332E-24   3.7559139946959567E+03
   9.5567700000000000E+08   2.9754220172325848E+05   2.7079113915374856E-13   3.4698562613021759E-24   3.7571205986484442E+03
   9.5767700000000000E+08   2.9980014920333849E+05   2.6698401166293364E-13   3.4200231466914602E-24   3.7582734843106291E+03
   9.5967700000000000E+08   3.0205498713421391E+05   2.6324705042846207E-13   3.3711668145314429E-24   3.7593732039684642E+03
   9.6167700000000000E+08   3.0430653824187256E+05   2.5957903863500049E-13   3.3232683091823737E-24   3.7604202646845770E+03
   9.6367700000000000E+08   3.0655468356476602E+05   2.5597858566982072E-13   3.2763065929953732E-24   3.7614151571459684E+03
   9.6567700000000000E+08   3.0879934218174865E+05   2.5244423942792971E-13   3.2302599755773470E-24   3.7623583620391901E+03
   9.6767700000000000E+08   3.1104045493026701E+05   2.4897453662906100E-13   3.1851067479510503E-24   3.7632503566709884E+03
   9.6967700000000000E+08   3.1327797319690627E+05   2.4556802693714764E-13   3.1408254838342784E-24   3.7640916184587345E+03
   9.7167700000000000E+08   3.1551184843335941E+05   2.4222328858675824E-13   3.0973952339565451E-24   3.7648826263349783E+03
   9.7367700000000000E+08   3.1774202210279123E+05   2.3893894038911204E-13   3.0547956755812301E-24   3.7656238602839808E+03
   9.7567700000000000E+08   3.1996841740655975E+05   2.3571365019852208E-13   3.0130072180130854E-24   3.7663157992751167E+03
   9.7767700000000000E+08   3.2219093519284297E+05   2.3254613827023641E-13   2.9720110436288817E-24   3.7669589180759235E+03
   9.7967700000000000E+08   3.2440945654984133E+05   2.2943517409144749E-13   2.9317890656978415E-24   3.7675536837583340E+03
   9.8167700000000000E+08   3.2662385236071545E+05   2.2637956724560496E-13   2.8923238093883930E-24   3.7681005529963436E+03
   9.8367700000000000E+08   3.2883399677869998E+05   2.2337815538361222E-13   2.8535982546047801E-24   3.7685999711429881E+03
   9.8567700000000000E+08   3.3103977994956617E+05   2.2042979339222614E-13   2.8155956927433128E-24   3.7690523734745002E+03
   9.8767700000000000E+08   3.3324111622185633E+05   2.1753334680770716E-13   2.7782996366621588E-24   3.7694581882401039E+03
   9.8967700000000000E+08   3.3543794628212054E+05   2.1468769046273469E-13   2.7416937971523203E-24   3.7698178406538332E+03
   9.9167700000000000E+08   3.3763023387799703E+05   2.1189171137451899E-13   2.7057621139324436E-24   3.7701317568474251E+03
   9.9367700000000000E+08   3.3981795939371298E+05   2.0914431353563482E-13   2.6704888118013960E-24   3.7704003670143843E+03
   9.9567700000000000E+08   3.4200111307200376E+05   2.0644442189033937E-13   2.6358584474354390E-24   3.7706241073871638E+03
   9.9767700000000000E+08   3.4417969043337012E+05   2.0379098327395240E-13   2.6018559183028109E-24   3.7708034211699487E+03
   9.9967700000000000E+08   3.4635369666168164E+05   2.0118295989178780E-13   2.5684663762720631E-24   3.7709387597460714E+03
   1.0016770000000000E+09   3.4852328095042595E+05   1.9861923048243826E-13   2.5356739562667929E-24   3.7710305936398649E+03
   1.0036770000000000E+09   3.5069065724376956E+05   1.9609722413969766E-13   2.5034443235588785E-24   3.7710794276484216E+03
   1.0056770000000000E+09   3.5286395350106951E+05   1.9361030173193861E-13   2.4716911154567556E-24   3.7710859956897725E+03
   1.0076770000000000E+09   3.5504914060268458E+05   1.9115364117698708E-13   2.4403504841738185E-24   3.7710521780709000E+03
   1.0096770000000000E+09   3.5724253999674553E+05   1.8872958583102181E-13   2.4094496656271042E-24   3.7709806121657816E+03
   1.0116770000000000E+09   3.5943780342365243E+05   1.8634489447835380E-13   2.3790726710036621E-24   3.7708734782835263E+03
   1.0136770000000000E+09   3.6161336269650038E+05   1.8400798957731741E-13   2.3493263429786004E-24   3.7707305778768696E+03
   1.0156770000000000E+09   3.6376358054763020E+05   1.8172302733881015E-13   2.3202617849960694E-24   3.7705538428056539E+03
   1.0176770000000000E+09   3.6590396678112249E+05   1.7947883763998461E-13   2.2917376642846797E-24   3.7703400102011392E+03
   1.0196770000000000E+09   3.6803802153145516E+05   1.7727248866172843E-13   2.2637156442533447E-24   3.7700893266842968E+03
   1.0216770000000000E+09   3.7016663646269304E+05   1.7510272410550473E-13   2.2361788557349072E-24   3.7698019672261480E+03
   1.0236770000000000E+09   3.7229005879117444E+05   1.7296869061572794E-13   2.2091155085885506E-24   3.7694782704984032E+03
   1.0256770000000000E+09   3.7440835018816229E+05   1.7086965195628541E-13   2.1825153150571262E-24   3.7691186217298027E+03
   1.0276770000000000E+09   3.7652151783940609E+05   1.6880490487408636E-13   2.1563684339092872E-24   3.7687234211126402E+03
   1.0296770000000000E+09   3.7862956112548464E+05   1.6677374891947725E-13   2.1306650890205315E-24   3.7682930752639572E+03
   1.0316770000000000E+09   3.8073249027211161E+05   1.6477547838719984E-13   2.1053954661626194E-24   3.7678279956029637E+03
   1.0336770000000000E+09   3.8283033645622869E+05   1.6280938206768208E-13   2.0805497081534248E-24   3.7673285991202374E+03
   1.0356770000000000E+09   3.8492316542394878E+05   1.6087474114424363E-13   2.0561178857741653E-24   3.7667953101905564E+03
   1.0376770000000000E+09   3.8701109991581872E+05   1.5897082128048342E-13   2.0320898937739761E-24   3.7662285636773122E+03
   1.0396770000000000E+09   3.8909434339799697E+05   1.5709686333248679E-13   2.0084553281351405E-24   3.7656288102421454E+03
   1.0416770000000000E+09   3.9117318622114800E+05   1.5525208347646149E-13   1.9852034825938325E-24   3.7649965239225426E+03
   1.0436770000000000E+09   3.9324797683011612E+05   1.5343569188309936E-13   1.9623235824657576E-24   3.7643322099543616E+03
   1.0456770000000000E+09   3.9531905711145536E+05   1.5164692923917536E-13   1.9398052490792319E-24   3.7636364090641514E+03
   1.0476770000000000E+09   3.9738668159312615E+05   1.4988510923780831E-13   1.9176390448511254E-24   3.7629096946686282E+03
   1.0496770000000000E+09   3.9945095065735228E+05   1.4814965052943783E-13   1.8958168882374320E-24   3.7621526618334028E+03
   1.0516770000000000E+09   4.0151178198430600E+05   1.4644008616580953E-13   1.8743321839001474E-24   3.7613659101113449E+03
   1.0536770000000000E+09   4.0356892730061244E+05   1.4475604857635259E-13   1.8531796402256673E-24   3.7605500246769416E+03
   1.0556770000000000E+09   4.0562202394450636E+05   1.4309723739597321E-13   1.8323548651085649E-24   3.7597055604638617E+03
   1.0576770000000000E+09   4.0767066115474177E+05   1.4146338177345194E-13   1.8118538871547194E-24   3.7588330325086808E+03
   1.0596770000000000E+09   4.0971444134709623E+05   1.3985420762512336E-13   1.7916727359951975E-24   3.7579329134210366E+03
   1.0616770000000000E+09   4.1175302370344015E+05   1.3826941586699801E-13   1.7718071598320467E-24   3.7570056369067825E+03
   1.0636770000000000E+09   4.1378614618326013E+05   1.3670867277917447E-13   1.7522524964223408E-24   3.7560516051706318E+03
   1.0656770000000000E+09   4.1581362883143156E+05   1.3517161022264297E-13   1.7330036697158710E-24   3.7550711978686923E+03
   1.0676770000000000E+09   4.1783536456686712E+05   1.3365783199312494E-13   1.7140552656013178E-24   3.7540647807654655E+03
   1.0696770000000000E+09   4.1985130392599298E+05   1.3216692275061765E-13   1.6954016417063555E-24   3.7530327129828338E+03
   1.0716770000000000E+09   4.2186143876218749E+05   1.3069845694698903E-13   1.6770370383856589E-24   3.7519753524096172E+03
   1.0736770000000000E+09   4.2386578789877018E+05   1.2925200632318193E-13   1.6589556724856212E-24   3.7508930593206615E+03
   1.0756770000000000E+09   4.2586438598998834E+05   1.2782714547567156E-13   1.6411518072401664E-24   3.7497861985111713E+03
   1.0776770000000000E+09   4.2785727567655942E+05   1.2642345557376802E-13   1.6236197990864353E-24   3.7486551403332501E+03
   1.0796770000000000E+09   4.2984450252030435E+05   1.2504052658199841E-13   1.6063541257174015E-24   3.7475002609958724E+03
   1.0816770000000000E+09   4.3182611201060971E+05   1.2367795840457383E-13   1.5893494005482707E-24   3.7463219424157751E+03
   1.0836770000000000E+09   4.3380214797741547E+05   1.2233536132058932E-13   1.5726003782081106E-24   3.7451205718242054E+03
   1.0856770000000000E+09   4.3577265188460669E+05   1.2101235599019471E-13   1.5561019545786386E-24   3.7438965412630464E+03
   1.0876770000000000E+09   4.3773766263210413E+05   1.1970857322356414E-13   1.5398491637997377E-24   3.7426502470503383E+03
   1.0896770000000000E+09   4.3969721662567509E+05   1.1842365363338395E-13   1.5238371737696110E-24   3.7413820892588265E+03
   1.0916770000000000E+09   4.4165134796937066E+05   1.1715724724128534E-13   1.5080612810344459E-24   3.7400924712285355E+03
   1.0936770000000000E+09   4.4360008869966189E+05   1.1590901307617191E-13   1.4925169055524588E-24   3.7387817991211700E+03
   1.0956770000000000E+09   4.4554346901953436E+05   1.1467861878327222E-13   1.4771995855751219E-24   3.7374504815171563E+03
   1.0976770000000000E+09   4.4748151751377177E+05   1.1346574025212813E-13   1.4621049727534878E-24   3.7360989290527923E+03
   1.0996770000000000E+09   4.4941426133873314E+05   1.1227006126649214E-13   1.4472288275106996E-24   3.7347275540936398E+03
   1.1016770000000000E+09   4.5134172638593434E+05   1.1109127317672279E-13   1.4325670146910926E-24   3.7333367704400589E+03
   1.1036770000000000E+09   4.5326393742137379E+05   1.0992907459430713E-13   1.4181154994837183E-24   3.7319269930609944E+03
   1.1056770000000000E+09   4.5518091820361989E+05   1.0878317110773002E-13   1.4038703436125720E-24   3.7304986378524850E+03
   1.1076770000000000E+09   4.5709269158341596E+05   1.0765327501890916E-13   1.3898277017854529E-24   3.7290521214179275E+03
   1.1096770000000000E+09   4.5899927958754671E+05   1.0653910509920966E-13   1.3759838183905293E-24   3.7275878608674234E+03
   1.1116770000000000E+09   4.6090070348925097E+05   1.0544038636397052E-13   1.3623350244283690E-24   3.7261062736339368E+03
   1.1136770000000000E+09   4.6279698386676831E+05   1.0435684986445125E-13   1.3488777346666643E-24   3.7246077773043639E+03
   1.1156770000000000E+09   4.6468814065152477E+05   1.0328823249587522E-13   1.3356084450017548E-24   3.7230927894637389E+03
   1.1176770000000000E+09   4.6657419316668861E+05   1.0223427682030430E-13   1.3225237300116232E-24   3.7215617275510713E+03
   1.1196770000000000E+09   4.6845516015672043E+05   1.0119473090294527E-13   1.3096202406831722E-24   3.7200150087254460E+03
   1.1216770000000000E+09   4.7033105980811111E+05   1.0016934816052716E-13   1.2968947022970024E-24   3.7184530497410615E+03
   1.1236770000000000E+09   4.7220190976136969E+05   9.9157887220379009E-14   1.2843439124526438E-24   3.7168762668300469E+03
   1.1256770000000000E+09   4.7406772711407015E+05   9.8160111788921282E-14   1.2719647392182170E-24   3.7152850755918835E+03
   1.1276770000000000E+09   4.7592852841503883E+05   9.7175790528249014E-14   1.2597541193879320E-24   3.7136798908883352E+03
   1.1296770000000000E+09   4.7778432964943588E+05   9.6204696939685894E-14   1.2477090568333707E-24   3.7120611267428230E+03
   1.1316770000000000E+09   4.7963514621509216E+05   9.5246609253135502E-14   1.2358266209337110E-24   3.7104291962432449E+03
   1.1336770000000000E+09   4.8148099289035395E+05   9.4301310321263796E-14   1.2241039450726826E-24   3.7087845114472689E+03
   1.1356770000000000E+09   4.8332188379424444E+05   9.3368587517579421E-14   1.2125382251903603E-24   3.7071274832892632E+03
   1.1376770000000000E+09   4.8515783234011428E+05   9.2448232637593068E-14   1.2011267183793314E-24   3.7054585214880353E+03
   1.1396770000000000E+09   4.8698885118423193E+05   9.1540041802393536E-14   1.1898667415166869E-24   3.7037780344547982E+03
   1.1416770000000000E+09   4.8881495217149309E+05   9.0643815364000232E-14   1.1787556699235257E-24   3.7020864292007909E+03
   1.1436770000000000E+09   4.9063614628057793E+05   8.9759357812049020E-14   1.1677909360460989E-24   3.7003841112442965E+03
   1.1456770000000000E+09   4.9245244357149501E+05   8.8886477681395580E-14   1.1569700281530262E-24   3.6986714845168799E+03
   1.1476770000000000E+09   4.9426385313874343E+05   8.8024987460329171E-14   1.1462904890443370E-24   3.6969489512689465E+03
   1.1496770000000000E+09   4.9607038307346439E+05   8.7174703499186108E-14   1.1357499147692560E-24   3.6952169119749578E+03
   1.1516770000000000E+09   4.9787204043813905E+05   8.6335445919196675E-14   1.1253459533501982E-24   3.6934757652388116E+03
   1.1536770000000000E+09   4.9966883125740633E+05   8.5507038521434998E-14   1.1150763035108010E-24   3.6917259077002132E+03
   1.1556770000000000E+09   5.0146076052818337E+05   8.4689308695834579E-14   1.1049387134070294E-24   3.6899677339429982E+03
   1.1576770000000000E+09   5.0324783225204988E+05   8.3882087330223449E-14   1.0949309793602224E-24   3.6882016364065789E+03
   1.1596770000000000E+09   5.0503004949207633E+05   8.3085208719428076E-14   1.0850509445921605E-24   3.6864280053019038E+03
   1.1616770000000000E+09   5.0680741445586830E+05   8.2298510474448227E-14   1.0752964979616486E-24   3.6846472285333357E+03
   1.1636770000000000E+09   5.0857992860527051E+05   8.1521833431863361E-14   1.0656655727041661E-24   3.6828596916279998E+03
   1.1656770000000000E+09   5.1034759279262507E+05   8.0755021563570140E-14   1.0561561451753990E-24   3.6810657776740659E+03
   1.1676770000000000E+09   5.1211040742213465E+05   7.9997921887074355E-14   1.0467662336011083E-24   3.6792658672695084E+03
   1.1696770000000000E+09   5.1386837263392867E+05   7.9250384376590897E-14   1.0374938968362989E-24   3.6774603384825823E+03
   1.1716770000000000E+09   5.1562148850732826E+05   7.8512261875272162E-14   1.0283372331375737E-24   3.6756495668252583E+03
   1.1736770000000000E+09   5.1736975527886156E+05   7.7783410008937519E-14   1.0192943789533792E-24   3.6738339252404671E+03
   1.1756770000000000E+09   5.1911317356984731E+05   7.7063687101696629E-14   1.0103635077371972E-24   3.6720137841038463E+03
   1.1776770000000000E+09   5.2085174461746908E+05   7.6352954093946767E-14   1.0015428287900373E-24   3.6701895112401980E+03
   1.1796770000000000E+09   5.2258547050310549E+05   7.5651074463175181E-14   9.9283058613802735E-25   3.6683614719546695E+03
   1.1816770000000000E+09   5.2431435437131522E+05   7.4957914148033119E-14   9.8422505745151561E-25   3.6665300290781688E+03
   1.1836770000000000E+09   5.2603840063302650E+05   7.4273341476098502E-14   9.7572455301154635E-25   3.6646955430262287E+03
   1.1856770000000000E+09   5.2775761514685710E+05   7.3597227095693470E-14   9.6732741472901428E-25   3.6628583718701029E+03
   1.1876770000000000E+09   5.2947200537308282E+05   7.2929443912054780E-14   9.5903201522098497E-25   3.6610188714186129E+03
   1.1896770000000000E+09   5.3118158049565810E+05   7.2269867028056800E-14   9.5083675694744103E-25   3.6591773953089555E+03
   1.1916770000000000E+09   5.3288635150876653E+05   7.1618373689586192E-14   9.4274007141044787E-25   3.6573342951043778E+03
   1.1936770000000000E+09   5.3458633126560342E+05   7.0974843235550362E-14   9.3474041841617876E-25   3.6554899203966070E+03
   1.1956770000000000E+09   5.3628153448837553E+05   7.0339157052401670E-14   9.2683628539893800E-25   3.6536446189106828E+03
   1.1976770000000000E+09   5.3797197773997090E+05   6.9711198532918846E-14   9.1902618680442509E-25   3.6517987366099092E+03
   1.1996770000000000E+09   5.3965767935879901E+05   6.9090853038948060E-14   9.1130866352890014E-25   3.6499526177986786E+03
   1.2016770000000000E+09   5.4133865935983125E+05   6.8478007867655464E-14   9.0368228240885902E-25   3.6481066052210576E+03
   1.2036770000000000E+09   5.4301493930569338E+05   6.7872552220830314E-14   8.9614563575555720E-25   3.6462610401532006E+03
   1.2056770000000000E+09   5.4468654215260723E+05   6.7274377176721088E-14   8.8869734092785809E-25   3.6444162624879527E+03
   1.2076770000000000E+09   5.4635349207671615E+05   6.6683375663847168E-14   8.8133603993626242E-25   3.6425726108102031E+03
   1.2096770000000000E+09   5.4801581428669672E+05   6.6099442436250901E-14   8.7406039907111410E-25   3.6407304224620198E+03
   1.2116770000000000E+09   5.4967353482878802E+05   6.5522474049662446E-14   8.6686910854799763E-25   3.6388900335968015E+03
   1.2136770000000000E+09   5.5132668039052328E+05   6.4952368838060185E-14   8.5976088216335407E-25   3.6370517792220758E+03
   1.2156770000000000E+09   5.5297527810895431E+05   6.4389026890209352E-14   8.5273445695455271E-25   3.6352159932309651E+03
   1.2176770000000000E+09   5.5461935538901412E+05   6.3832350025770203E-14   8.4578859285870107E-25   3.6333830084225679E+03
   1.2196770000000000E+09   5.5625893973685266E+05   6.3282241770675910E-14   8.3892207236583013E-25   3.6315531565118745E+03
   1.2216770000000000E+09   5.5789405861217878E+05   6.2738607331559928E-14   8.3213370016309284E-25   3.6297267681300436E+03
   1.2236770000000000E+09   5.5952473930266150E+05   6.2201353569102362E-14   8.2542230276776709E-25   3.6279041728161010E+03
   1.2256770000000000E+09   5.6115100882231793E+05   6.1670388970260528E-14   8.1878672814812079E-25   3.6260856990011794E+03
   1.2276770000000000E+09   5.6277289383454819E+05   6.1145623619458008E-14   8.1222584533260885E-25   3.6242716739866883E+03
   1.2296770000000000E+09   5.6439042059943383E+05   6.0626969168868576E-14   8.0573854400877038E-25   3.6224624239175946E+03
   1.2316770000000000E+09   5.6600361494367197E+05   6.0114338808028758E-14   7.9932373411448859E-25   3.6206582737521312E+03
   1.2336770000000000E+09   5.6761250225077698E+05   5.9607647233040466E-14   7.9298034542470943E-25   3.6188595472291022E+03
   1.2356770000000000E+09   5.6921710746839200E+05   5.9106810615665717E-14   7.8670732713732281E-25   3.6170665668337920E+03
   1.2376770000000000E+09   5.7081745512929012E+05   5.8611746572604221E-14   7.8050364746183270E-25   3.6152796537633103E+03
   1.2396770000000000E+09   5.7241356938243262E+05   5.8122374135239345E-14   7.7436829321439877E-25   3.6134991278922066E+03
   1.2416770000000000E+09   5.7400547403074615E+05   5.7638613720071437E-14   7.6830026942208502E-25   3.6117253077386504E+03
   1.2436770000000000E+09   5.7559319257246226E+05   5.7160387100035457E-14   7.6229859893883511E-25   3.6099585104316816E+03
   1.2456770000000000E+09   5.7717674824340350E+05   5.6687617376828734E-14   7.5636232207483379E-25   3.6081990516796659E+03
   1.2476770000000000E+09   5.7875616405805887E+05   5.6220228954322053E-14   7.5049049624024568E-25   3.6064472457399879E+03
   1.2496770000000000E+09   5.8033146284771874E+05   5.5758147513094967E-14   7.4468219560389938E-25   3.6047034053899979E+03
   1.2516770000000000E+09   5.8190266729442449E+05   5.5301299986081743E-14   7.3893651076679335E-25   3.6029678418990457E+03
   1.2536770000000000E+09   5.8346979995972116E+05   5.4849614535311596E-14   7.3325254845025287E-25   3.6012408650014959E+03
   1.2556770000000000E+09   5.8503288330765103E+05   5.4403020529678180E-14   7.2762943119795117E-25   3.5995227828704246E+03
   1.2576770000000000E+09   5.8659193972153158E+05   5.3961448523685699E-14   7.2206629709112630E-25   3.5978139020919016E+03
   1.2596770000000000E+09   5.8814699151439546E+05   5.3524830237087238E-14   7.1656229947596116E-25   3.5961145276394386E+03
   1.2616770000000000E+09   5.8969806093304045E+05   5.3093098535341648E-14   7.1111660670216027E-25   3.5944249628485436E+03
   1.2636770000000000E+09   5.9124517015588738E+05   5.2666187410794775E-14   7.0572840187154060E-25   3.5927455093909775E+03
   1.2656770000000000E+09   5.9278834128478321E+05   5.2244031964510107E-14   7.0039688259564882E-25   3.5910764672486193E+03
   1.2676770000000000E+09   5.9432759633110510E+05   5.1826568388654663E-14   6.9512126076118814E-25   3.5894181346866453E+03
   1.2696770000000000E+09   5.9586295719639375E+05   5.1413733949367160E-14   6.8990076230230002E-25   3.5877708082258391E+03
   1.2716770000000000E+09   5.9739444564783329E+05   5.1005466970031872E-14   6.8473462697867029E-25   3.5861347826139317E+03
   1.2736770000000000E+09   5.9892208328900009E+05   5.0601706814869443E-14   6.7962210815830792E-25   3.5845103507956665E+03
   1.2756770000000000E+09   6.0044589152614516E+05   5.0202393872786752E-14   6.7456247260418868E-25   3.5828978038815853E+03
   1.2776770000000000E+09   6.0196589153061260E+05   4.9807469541390019E-14   6.6955500026348527E-25   3.5812974311153530E+03
   1.2796770000000000E+09   6.0348210419788875E+05   4.9416876211088835E-14   6.6459898405840552E-25   3.5797095198394541E+03
   1.2816770000000000E+09   6.0499455010400026E+05   4.9030557249202575E-14   6.5969372967740887E-25   3.5781343554592968E+03
   1.2836770000000000E+09   6.0650324945990671E+05   4.8648456983997477E-14   6.5483855536582738E-25   3.5765722214055422E+03
   1.2856770000000000E+09   6.0800822206470813E+05   4.8270520688572248E-14   6.5003279171474239E-25   3.5750233990946886E+03
   1.2876770000000000E+09   6.0950948725829355E+05   4.7896694564541774E-14   6.4527578144740112E-25   3.5734881678878610E+03
   1.2896770000000000E+09   6.1100706387414492E+05   4.7526925725464665E-14   6.4056687920239583E-25   3.5719668050478313E+03
   1.2916770000000000E+09   6.1250097019260121E+05   4.7161162180013303E-14   6.3590545131354187E-25   3.5704595856942856E+03
   1.2936770000000000E+09   6.1399122389489179E+05   4.6799352814882173E-14   6.3129087558635600E-25   3.5689667827573248E+03
   1.2956770000000000E+09   6.1547784201781626E+05   4.6441447377479889E-14   6.2672254107168644E-25   3.5674886669293460E+03
   1.2976770000000000E+09   6.1696084090860107E+05   4.6087396458483570E-14   6.2219984783753396E-25   3.5660255066152113E+03
   1.2996770000000000E+09   6.1844023617931851E+05   4.5737151474346995E-14   6.1772220674026021E-25   3.5645775678807659E+03
   1.3016770000000000E+09   6.1991604266013461E+05   4.5390664649878296E-14   6.1328903919671323E-25   3.5631451143997488E+03
   1.3036770000000000E+09   6.2138827435120824E+05   4.5047889000967619E-14   6.0889977695836404E-25   3.5617284073989526E+03
   1.3056770000000000E+09   6.2285694437404140E+05   4.4708778317509224E-14   6.0455386188803024E-25   3.5603277056016850E+03
   1.3076770000000000E+09   6.2432206492541253E+05   4.4373287146418169E-14   6.0025074573782921E-25   3.5589432651695042E+03
   1.3096770000000000E+09   6.2578364724002115E+05   4.4041370774495282E-14   5.9598988992499087E-25   3.5575753396423524E+03
   1.3116770000000000E+09   6.2724170157217979E+05   4.3712985210663705E-14   5.9177076529900615E-25   3.5562241798773880E+03
   1.3136770000000000E+09   6.2869623721150274E+05   4.3388087166863067E-14   5.8759285189028091E-25   3.5548900339872739E+03
   1.3156770000000000E+09   6.3014726255142782E+05   4.3066634036696232E-14   5.8345563862779940E-25   3.5535731472790458E+03
   1.3176770000000000E+09   6.3159478523086559E+05   4.2748583870883403E-14   5.7935862301260726E-25   3.5522737621954520E+03
   1.3196770000000000E+09   6.3303881236663647E+05   4.2433895348739106E-14   5.7530131073599712E-25   3.5509921182612138E+03
   1.3216770000000000E+09   6.3447935088484094E+05   4.2122527745442216E-14   5.7128321523870084E-25   3.5497284520372727E+03
   1.3236770000000000E+09   6.3591640794282372E+05   4.1814440895741962E-14   5.6730385721921607E-25   3.5484829970863602E+03
   1.3256770000000000E+09   6.3734999140984809E+05   4.1509595155981847E-14   5.6336276411631948E-25   3.5472559839528958E+03
   1.3276770000000000E+09   6.3878011034860706E+05   4.1207951367604005E-14   5.5945946960848687E-25   3.5460476401590909E+03
   1.3296770000000000E+09   6.4020677541748923E+05   4.0909470826342136E-14   5.5559351318754955E-25   3.5448581902173619E+03
   1.3316770000000000E+09   6.4162999910461449E+05   4.0614115261587659E-14   5.5176443986827123E-25   3.5436878556562679E+03
   1.3336770000000000E+09   6.4304979571774742E+05   4.0321846829524963E-14   5.4797180008400777E-25   3.5425368550543658E+03
   1.3356770000000000E+09   6.4446618109395623E+05   4.0032628121385234E-14   5.4421514978854344E-25   3.5414054040737242E+03
   1.3376770000000000E+09   6.4587917205553257E+05   3.9746422184838341E-14   5.4049405073905167E-25   3.5402937154835859E+03
   1.3396770000000000E+09   6.4728878571057157E+05   3.9463192552855498E-14   5.3680807088468915E-25   3.5392019991654593E+03
   1.3416770000000000E+09   6.4869503875356854E+05   3.9182903271654058E-14   5.3315678474751513E-25   3.5381304620942778E+03
   1.3436770000000000E+09   6.5009794693883008E+05   3.8905518918734971E-14   5.2953977367314061E-25   3.5370793082954883E+03
   1.3456770000000000E+09   6.5149752486012899E+05   3.8631004604376320E-14   5.2595662585935948E-25   3.5360487387840412E+03
   1.3476770000000000E+09   6.5289378607717191E+05   3.8359325954932694E-14   5.2240693613808119E-25   3.5350389514960229E+03
   1.3496770000000000E+09   6.5428674351118889E+05   3.8090449082382694E-14   5.1889030556870459E-25   3.5340501412253529E+03
   1.3516770000000000E+09   6.5567640993515658E+05   3.7824340549341477E-14   5.1540634096680500E-25   3.5330824995752073E+03
   1.3536770000000000E+09   6.5706279835445329E+05   3.7560967340006077E-14   5.1195465451030523E-25   3.5321362149277707E+03
   1.3556770000000000E+09   6.5844592213312641E+05   3.7300296844213962E-14   5.0853486352195030E-25   3.5312114724280623E+03
   1.3576770000000000E+09   6.5982579484728724E+05   3.7042296855300414E-14   5.0514659043924673E-25   3.5303084539722736E+03
   1.3596770000000000E+09   6.6120242998122983E+05   3.6786935575741457E-14   5.0178946289171809E-25   3.5294273381900175E+03
   1.3616770000000000E+09   6.6257584065233730E+05   3.6534181621241886E-14   4.9846311375900442E-25   3.5285683004145376E+03
   1.3636770000000000E+09   6.6394603951797204E+05   3.6284004015782068E-14   4.9516718110730280E-25   3.5277315126423032E+03
   1.3656770000000000E+09   6.6531303889947734E+05   3.6036372176175745E-14   4.9190130798302678E-25   3.5269171434896562E+03
   1.3676770000000000E+09   6.6667685102842026E+05   3.5791255891168414E-14   4.8866514213083997E-25   3.5261253581556657E+03
   1.3696770000000000E+09   6.6803748825973424E+05   3.5548625303065553E-14   4.8545833574445098E-25   3.5253563183959168E+03
   1.3716770000000000E+09   6.6939496314151608E+05   3.5308450897611387E-14   4.8228054532873796E-25   3.5246101825051705E+03
   1.3736770000000000E+09   6.7074928834332735E+05   3.5070703502283454E-14   4.7913143167662392E-25   3.5238871053020453E+03
   1.3756770000000000E+09   6.7210047653799376E+05   3.4835354288497512E-14   4.7601065990017539E-25   3.5231872381093390E+03
   1.3776770000000000E+09   6.7344854033850634E+05   3.4602374772672887E-14   4.7291789944708025E-25   3.5225107287289561E+03
   1.3796770000000000E+09   6.7479349231642450E+05   3.4371736814458494E-14   4.6985282407868273E-25   3.5218577214152938E+03
   1.3816770000000000E+09   6.7613534504258318E+05   3.4143412614291974E-14   4.6681511183853993E-25   3.5212283568521070E+03
   1.3836770000000000E+09   6.7747411106586468E+05   3.3917374713548243E-14   4.6380444505593368E-25   3.5206227721335531E+03
   1.3856770000000000E+09   6.7880980278215942E+05   3.3693595998677751E-14   4.6082051040416657E-25   3.5200411007446819E+03
   1.3876770000000000E+09   6.8014243215155136E+05   3.3472049709914128E-14   4.5786299902273268E-25   3.5194834725327696E+03
   1.3896770000000000E+09   6.8147201004477509E+05   3.3252709461410400E-14   4.5493160679887396E-25   3.5189500136565130E+03
   1.3916770000000000E+09   6.8279854440866900E+05   3.3035549301360798E-14   4.5202603520294918E-25   3.5184408464844714E+03
   1.3936770000000000E+09   6.8412203494869207E+05   3.2820543894515377E-14   4.4914599381513873E-25   3.5179560893675944E+03
   1.3956770000000000E+09   6.8544245848205197E+05   3.2607669036493718E-14   4.4629120743310061E-25   3.5174958561059357E+03
   1.3976770000000000E+09   6.8675973116399534E+05   3.2396902995236033E-14   4.4346143459064163E-25   3.5170602547305643E+03
   1.3996770000000000E+09   6.8807361770748708E+05   3.2188229758736721E-14   4.4065651235347845E-25   3.5166493848978039E+03
   1.4016770000000000E+09   6.8938353008796368E+05   3.1981646284601262E-14   4.3787645623430483E-25   3.5162633327617937E+03
   1.4036770000000000E+09   6.9068812266601482E+05   3.1777177187013565E-14   4.3512166248078296E-25   3.5159021617820772E+03
   1.4056770000000000E+09   6.9198457366094447E+05   3.1574901026685573E-14   4.3239327002709558E-25   3.5155658977248972E+03
   1.4076770000000000E+09   6.9326751676317584E+05   3.1374989853188449E-14   4.2969370497124248E-25   3.5152545059442546E+03
   1.4096770000000000E+09   6.9452787322456052E+05   3.1177753296024233E-14   4.2702728880750700E-25   3.5149678574280078E+03
   1.4116770000000000E+09   6.9575241845435044E+05   3.0983656779144735E-14   4.2440049467460359E-25   3.5147056743946969E+03
   1.4136770000000000E+09   6.9692558041018317E+05   3.0793257617770898E-14   4.2182108290911515E-25   3.5144674383164142E+03
   1.4156770000000000E+09   6.9803484274545009E+05   3.0607004654185566E-14   4.1929537133394163E-25   3.5142522555702408E+03
   1.4176770000000000E+09   6.9907891869213397E+05   3.0424927220467559E-14   4.1682398376181185E-25   3.5140587571368674E+03
   1.4196770000000000E+09   7.0007369220737100E+05   3.0246399687369900E-14   4.1439860237249302E-25   3.5138852552326125E+03
   1.4216770000000000E+09   7.0104899075902358E+05   3.0070255166860783E-14   4.1200344922343957E-25   3.5137303701065553E+03
   1.4236770000000000E+09   7.0203585110810434E+05   2.9895283822951795E-14   4.0962201852495798E-25   3.5135938514264453E+03
   1.4256770000000000E+09   7.0305662596043246E+05   2.9720647935796948E-14   4.0724275963419619E-25   3.5134766555817314E+03
   1.4276770000000000E+09   7.0413078970929305E+05   2.9545678462226705E-14   4.0485641171792422E-25   3.5133799331727355E+03
   1.4296770000000000E+09   7.0528910870316497E+05   2.9369268356420393E-14   4.0244791789417652E-25   3.5133030568518516E+03
   1.4316770000000000E+09   7.0653840070417791E+05   2.9191382057226977E-14   4.0001523383902106E-25   3.5132600473009802E+03
   1.4336770000000000E+09   7.0817022867570166E+05   2.8999007603556183E-14   3.9739521295969089E-25   3.5131174996009854E+03
   1.4356770000000000E+09   7.0765066908827948E+05   2.8898798809536227E-14   3.9600441754469490E-25   3.5132732721362759E+03
   6.5767700000000000E+08  -3.1606839208687038E+03   3.1139607884036736E-08   1.1259699461386705E-22   1.8246068163358191E+03
   6.5967700000000000E+08  -3.6378485778211084E+03   4.7413661923049236E-08   1.3807693993456299E-22   2.2655053174734012E+03
   6.6167700000000000E+08  -3.9217697902703844E+03   5.6183259519017282E-08   1.4477763659557367E-22   2.5603133451164786E+03
   6.6367700000000000E+08  -3.7720143406053517E+03   5.8783987119915313E-08   1.3914883293462385E-22   2.7872290339882356E+03
   6.6567700000000000E+08  -3.2189487677616298E+03   5.7586008647386520E-08   1.2775919880763584E-22   2.9738748268151694E+03
   6.6767700000000000E+08  -2.5495694994095802E+03   5.4684644976759155E-08   1.1514725598723281E-22   3.1333821261602557E+03
   6.6967700000000000E+08  -1.9465924146241957E+03   5.1299066929639891E-08   1.0340729960026283E-22   3.2731180488968935E+03
   6.7167700000000000E+08  -1.3934644140367350E+03   4.7947084118545754E-08   9.3106813346464972E-23   3.3976944070293730E+03
   6.7367700000000000E+08  -7.9250710674805828E+02   4.4813571546493666E-08   8.4231905694813002E-23   3.5102292481215395E+03
   6.7567700000000000E+08   2.5329187224915088E+01   4.1923872280851857E-08   7.6559634027151123E-23   3.6129505702413453E+03
   6.7767700000000000E+08   1.1521550767215178E+03   3.9222386783378742E-08   6.9798958666210856E-23   3.7075140600430918E+03
   6.7967700000000000E+08   2.5206834861578213E+03   3.6686768398340671E-08   6.3778145574815583E-23   3.7951798861000393E+03
   6.8167700000000000E+08   4.0171168537472013E+03   3.4337787645907635E-08   5.8435541464204426E-23   3.8769246045906239E+03
   6.8367700000000000E+08   5.5917019408262749E+03   3.2223502554604085E-08   5.3774785982225336E-23   3.9535212607720314E+03
   6.8567700000000000E+08   7.2734044353730797E+03   3.0358551313205593E-08   4.9755307765141716E-23   4.0255962429130495E+03
   6.8767700000000000E+08   9.0808820716168975E+03   2.8727735090926945E-08   4.6299541369579115E-23   4.0936662063383810E+03
   6.8967700000000000E+08   1.1006468630412988E+04   2.7300573261909662E-08   4.3316934405998626E-23   4.1581618909159879E+03
   6.9167700000000000E+08   1.3025124501318585E+04   2.6043954309486807E-08   4.0722913633615397E-23   4.2194455271985971E+03
   6.9367700000000000E+08   1.5106675950898005E+04   2.4927465495963339E-08   3.8445254531641779E-23   4.2778243257065260E+03
   6.9567700000000000E+08   1.7219357765159850E+04   2.3925065653427962E-08   3.6424727031175227E-23   4.3335610183606950E+03
   6.9767700000000000E+08   1.9331380280704110E+04   2.3015224954825387E-08   3.4613708052658705E-23   4.3868820559853466E+03
   6.9967700000000000E+08   2.1411284865718349E+04   2.2180337842963012E-08   3.2974052431529287E-23   4.4379840272236461E+03
   7.0167700000000000E+08   2.3427921458689227E+04   2.1406067543617369E-08   3.1475185245054789E-23   4.4870387234755344E+03
   7.0367700000000000E+08   2.5350815259983821E+04   2.0680784480689059E-08   3.0092580383204175E-23   4.5341971792396853E+03
   7.0567700000000000E+08   2.7150984909006915E+04   1.9995126036243453E-08   2.8806597879569352E-23   4.5795929376113127E+03
   7.0767700000000000E+08   2.8802065845724137E+04   1.9341661950253828E-08   2.7601605437606479E-23   4.6233447230328966E+03
   7.0967700000000000E+08   3.0281577427687571E+04   1.8714635759903405E-08   2.6465304482872442E-23   4.6655586529253842E+03
   7.1167700000000000E+08   3.1572179971416124E+04   1.8109755233340440E-08   2.5388196533341914E-23   4.7063300837346142E+03
   7.1367700000000000E+08   3.2662785239066718E+04   1.7524009182202347E-08   2.4363140389924325E-23   4.7457451611784563E+03
   7.1567700000000000E+08   3.3549388302939951E+04   1.6955492977908931E-08   2.3384963480896949E-23   4.7838821260515797E+03
   7.1767700000000000E+08   3.4235491949456722E+04   1.6403229975672878E-08   2.2450101512967933E-23   4.8208124137013492E+03
   7.1967700000000000E+08   3.4732011233688208E+04   1.5866981754838652E-08   2.1556251103941664E-23   4.8566015759709826E+03
   7.2167700000000000E+08   3.5056590218301324E+04   1.5347046841459722E-08   2.0702030885556569E-23   4.8913100482846385E+03
   7.2367700000000000E+08   3.5232339427476523E+04   1.4844054739777934E-08   1.9886656983363292E-23   4.9249937811065020E+03
   7.2567700000000000E+08   3.5286100121449017E+04   1.4358768102286506E-08   1.9109646914252480E-23   4.9577047536622231E+03
   7.2767700000000000E+08   3.5246434935577367E+04   1.3891908877710805E-08   1.8370569630444831E-23   4.9894913877900608E+03
   7.2967700000000000E+08   3.5141603231491368E+04   1.3444023086758634E-08   1.7668857440439804E-23   5.0203988801669466E+03
   7.3167700000000000E+08   3.4997781414675497E+04   1.3015393646499683E-08   1.7003688414291181E-23   5.0504694710574813E+03
   7.3367700000000000E+08   3.4837730644944779E+04   1.2606003009624518E-08   1.6373937991904390E-23   5.0797426665829753E+03
   7.3567700000000000E+08   3.4680015432555039E+04   1.2215539715395331E-08   1.5778189068799327E-23   5.1082554291735159E+03
   7.3767700000000000E+08   3.4538768109019446E+04   1.1843437438881412E-08   1.5214783543914672E-23   5.1360423476519718E+03
   7.3967700000000000E+08   3.4423906540407268E+04   1.1488932892547762E-08   1.4681896402522210E-23   5.1631357948650748E+03
   7.4167700000000000E+08   3.4341663666124783E+04   1.1151129832154013E-08   1.4177615451454457E-23   5.1895660775063070E+03
   7.4367700000000000E+08   3.4295279342492497E+04   1.0829059406582183E-08   1.3700014323515056E-23   5.2153615801844480E+03
   7.4567700000000000E+08   3.4285727219583823E+04   1.0521730856145744E-08   1.3247211579943873E-23   5.2405489040526327E+03
   7.4767700000000000E+08   3.4312386858568658E+04   1.0228170036048012E-08   1.2817413321950683E-23   5.2651529993786598E+03
   7.4967700000000000E+08   3.4373610526140117E+04   9.9474458256912797E-09   1.2408939989520567E-23   5.2891972911276143E+03
   7.5167700000000000E+08   3.4467166527917914E+04   9.6786860356008851E-09   1.2020239877555589E-23   5.3127037967189963E+03
   7.5367700000000000E+08   3.4590563184785562E+04   9.4210850900431553E-09   1.1649892593295829E-23   5.3356932354120490E+03
   7.5567700000000000E+08   3.4741269954376032E+04   9.1739058145334059E-09   1.1296605601418743E-23   5.3581851291186013E+03
   7.5767700000000000E+08   3.4916856979080803E+04   8.9364773618789544E-09   1.0959206516239856E-23   5.3801978947552689E+03
   7.5967700000000000E+08   3.5115074178188595E+04   8.7081908752983824E-09   1.0636633171662783E-23   5.4017489284861258E+03
   7.6167700000000000E+08   3.5333888208016229E+04   8.4884940444884120E-09   1.0327922892191669E-23   5.4228546823651122E+03
   7.6367700000000000E+08   3.5571491840371149E+04   8.2768853285442147E-09   1.0032201881357372E-23   5.4435307339734936E+03
   7.6567700000000000E+08   3.5826296556616944E+04   8.0729083225961435E-09   9.7486752602448388E-24   5.4637918496779457E+03
   7.6767700000000000E+08   3.6096915920224266E+04   7.8761465315655621E-09   9.4766180203659436E-24   5.4836520421264358E+03
   7.6967700000000000E+08   3.6382144743503406E+04   7.6862186712934317E-09   9.2153669805076047E-24   5.5031246225662171E+03
   7.7167700000000000E+08   3.6680937186823998E+04   7.5027745277655153E-09   8.9643137322989746E-24   5.5222222485224647E+03
   7.7367700000000000E+08   3.6992385618191023E+04   7.3254913536304102E-09   8.7228985025928886E-24   5.5409569673247706E+03
   7.7567700000000000E+08   3.7315701190437554E+04   7.1540707549659996E-09   8.4906048353755567E-24   5.5593402559171936E+03
   7.7767700000000000E+08   3.7650196542951242E+04   6.9882360108389175E-09   8.2669549894874223E-24   5.5773830573384748E+03
   7.7967700000000000E+08   3.7995270706171395E+04   6.8277297670356051E-09   8.0515059525712272E-24   5.5950958142142053E+03
   7.8167700000000000E+08   3.8350396105041560E+04   6.6723120490934972E-09   7.8438459809764519E-24   5.6124884995623324E+03
   7.8367700000000000E+08   3.8715107468353410E+04   6.5217585457358587E-09   7.6435915865874784E-24   5.6295706451779333E+03
   7.8567700000000000E+08   3.9088992417694870E+04   6.3758591204366659E-09   7.4503849028701769E-24   5.6463513678319905E+03
   7.8767700000000000E+08   3.9471683508346694E+04   6.2344165152565856E-09   7.2638913729103334E-24   5.6628393934917349E+03
   7.8967700000000000E+08   3.9862851509696389E+04   6.0972452168908126E-09   7.0837977114551205E-24   5.6790430797465060E+03
   7.9167700000000000E+08   4.0262199735366907E+04   5.9641704599024350E-09   6.9098101008733482E-24   5.6949704366025508E+03
   7.9367700000000000E+08   4.0669459257935145E+04   5.8350273463749912E-09   6.7416525875916938E-24   5.7106291457923371E+03
   7.9567700000000000E+08   4.1084384867014196E+04   5.7096600647662298E-09   6.5790656510811242E-24   5.7260265787282533E+03
   7.9767700000000000E+08   4.1506751651191538E+04   5.5879211936726794E-09   6.4218049220216023E-24   5.7411698132170668E+03
   7.9967700000000000E+08   4.1936352103361860E+04   5.4696710786169557E-09   6.2696400300210887E-24   5.7560656490395086E+03
   8.0167700000000000E+08   4.2372993665307062E+04   5.3547772719362111E-09   6.1223535643481232E-24   5.7707206224887559E+03
   8.0367700000000000E+08   4.2816496641172329E+04   5.2431140274604443E-09   5.9797401336769294E-24   5.7851410199525480E+03
   8.0567700000000000E+08   4.3266692421058862E+04   5.1345618429892252E-09   5.8416055129419086E-24   5.7993328906151955E+03
   8.0767700000000000E+08   4.3723421965626549E+04   5.0290070446612436E-09   5.7077658671372031E-24   5.8133020583487596E+03
   8.0967700000000000E+08   4.4186534510704078E+04   4.9263414082066592E-09   5.5780470433444116E-24   5.8270541328560248E+03
   8.1167700000000000E+08   4.4655886457701839E+04   4.8264618128150283E-09   5.4522839234818820E-24   5.8405945201222858E+03
   8.1367700000000000E+08   4.5131340421376255E+04   4.7292699239696044E-09   5.3303198312857018E-24   5.8539284322277454E+03
   8.1567700000000000E+08   4.5612764411384516E+04   4.6346719021155188E-09   5.2120059878901731E-24   5.8670608965677711E+03
   8.1767700000000000E+08   4.6100031128260642E+04   4.5425781344633446E-09   5.0972010111025296E-24   5.8799967645241595E+03
   8.1967700000000000E+08   4.6593017358042976E+04   4.4529029875946168E-09   4.9857704540844800E-24   5.8927407196268032E+03
   8.2167700000000000E+08   4.7091603452886229E+04   4.3655645788441992E-09   4.8775863796800790E-24   5.9052972852418989E+03
   8.2367700000000000E+08   4.7595672887626759E+04   4.2804845646937774E-09   4.7725269670786073E-24   5.9176708318197871E+03
   8.2567700000000000E+08   4.8105111884465936E+04   4.1975879446305092E-09   4.6704761478863531E-24   5.9298655837327533E+03
   8.2767700000000000E+08   4.8619809099731312E+04   4.1168028791079189E-09   4.5713232690081840E-24   5.9418856257308071E+03
   8.2967700000000000E+08   4.9139655368014639E+04   4.0380605204005385E-09   4.4749627800207458E-24   5.9537349090411062E+03
   8.3167700000000000E+08   4.9664543499926956E+04   3.9612948552709094E-09   4.3812939429570239E-24   5.9654172571346662E+03
   8.3367700000000000E+08   5.0194368130222341E+04   3.8864425584735808E-09   4.2902205626254686E-24   5.9769363711822798E+03
   8.3567700000000000E+08   5.0729025613170386E+04   3.8134428562074484E-09   4.2016507357600290E-24   5.9882958352197129E+03
   8.3767700000000000E+08   5.1268413961823979E+04   3.7422373986998823E-09   4.1154966174457762E-24   5.9994991210409380E+03
   8.3967700000000000E+08   5.1812432827315664E+04   3.6727701411661647E-09   4.0316742033932994E-24   6.0105495928364653E+03
   8.4167700000000000E+08   5.2360983513599254E+04   3.6049872324393650E-09   3.9501031267473484E-24   6.0214505115929351E+03
   8.4367700000000000E+08   5.2913969022213503E+04   3.5388369106113500E-09   3.8707064682160323E-24   6.0322050392685733E+03
   8.4567700000000000E+08   5.3471294120815379E+04   3.4742694050688561E-09   3.7934105783995549E-24   6.0428162427582847E+03
   8.4767700000000000E+08   5.4032865428506593E+04   3.4112368443499033E-09   3.7181449112840991E-24   6.0532870976611230E+03
   8.4967700000000000E+08   5.4598591510444719E+04   3.3496931692886351E-09   3.6448418679504558E-24   6.0636204918618687E+03
   8.5167700000000000E+08   5.5168382973999571E+04   3.2895940509609168E-09   3.5734366496288225E-24   6.0738192289377866E+03
   8.5367700000000000E+08   5.5742152558822767E+04   3.2308968129891678E-09   3.5038671193119628E-24   6.0838860314006415E+03
   8.5567700000000000E+08   5.6319815213673275E+04   3.1735603578133922E-09   3.4360736712186978E-24   6.0938235437835792E+03
   8.5767700000000000E+08   5.6901288153689660E+04   3.1175450965847461E-09   3.3699991074779627E-24   6.1036343355816625E+03
   8.5967700000000000E+08   5.7486490892975969E+04   3.0628128823872996E-09   3.3055885214789602E-24   6.1133209040543279E+03
   8.6167700000000000E+08   5.8075345248798614E+04   3.0093269465420631E-09   3.2427891874049432E-24   6.1228856768974938E+03
   8.6367700000000000E+08   5.8667775315309940E+04   2.9570518377923523E-09   3.1815504555342806E-24   6.1323310147924904E+03
   8.6567700000000000E+08   5.9263707406390022E+04   2.9059533642108373E-09   3.1218236529525685E-24   6.1416592138385950E+03
   8.6767700000000000E+08   5.9863069968853313E+04   2.8559985377039089E-09   3.0635619893715450E-24   6.1508725078754560E+03
   8.6967700000000000E+08   6.0465793468775388E+04   2.8071555210182225E-09   3.0067204677944576E-24   6.1599730707013478E+03
   8.7167700000000000E+08   6.1071810254982403E+04   2.7593935771763658E-09   2.9512557998025220E-24   6.1689630181928123E+03
   8.7367700000000000E+08   6.1681054404734386E+04   2.7126830212838207E-09   2.8971263252636240E-24   6.1778444103309366E+03
   8.7567700000000000E+08   6.2293461557291150E+04   2.6669951746577173E-09   2.8442919362826423E-24   6.1866192531391434E+03
   8.7767700000000000E+08   6.2908968741342644E+04   2.6223023212304522E-09   2.7927140052240942E-24   6.1952895005371101E+03
   8.7967700000000000E+08   6.3527514202239501E+04   2.5785776661786474E-09   2.7423553166429358E-24   6.2038570561152437E+03
   8.8167700000000000E+08   6.4149037234600917E+04   2.5357952967214994E-09   2.6931800029600096E-24   6.2123237748336860E+03
   8.8367700000000000E+08   6.4773478025278186E+04   2.4939301450234804E-09   2.6451534837158361E-24   6.2206914646498471E+03
   8.8567700000000000E+08   6.5400777510908782E+04   2.4529579531255478E-09   2.5982424082317312E-24   6.2289618880779517E+03
   8.8767700000000000E+08   6.6030877253603452E+04   2.4128552398166953E-09   2.5524146015002618E-24   6.2371367636841333E+03
   8.8967700000000000E+08   6.6663719337994029E+04   2.3735992693430784E-09   2.5076390131176524E-24   6.2452177675202829E+03
   8.9167700000000000E+08   6.7299246293727425E+04   2.3351680218302539E-09   2.4638856690534833E-24   6.2532065344996336E+03
   8.9367700000000000E+08   6.7937401051115914E+04   2.2975401652551328E-09   2.4211256260173115E-24   6.2611046597170052E+03
   8.9567700000000000E+08   6.8578126947445620E+04   2.2606950287244787E-09   2.3793309281031602E-24   6.2689136997164478E+03
   8.9767700000000000E+08   6.9221367823580251E+04   2.2246125766547664E-09   2.3384745652279325E-24   6.2766351737088098E+03
   8.9967700000000000E+08   6.9867068294674798E+04   2.1892733831406832E-09   2.2985304325632471E-24   6.2842705647418416E+03
   9.0167700000000000E+08   7.0515174355601062E+04   2.1546586052838900E-09   2.2594732896285526E-24   6.2918213208252964E+03
   9.0367700000000000E+08   7.1165634590805304E+04   2.1207499535538245E-09   2.2212787169950903E-24   6.2992888560136525E+03
   9.0567700000000000E+08   7.1818402359343178E+04   2.0875296566774755E-09   2.1839230679735150E-24   6.3066745514492641E+03
   9.0767700000000000E+08   7.2473439287357003E+04   2.0549804190281443E-09   2.1473834131890180E-24   6.3139797563688444E+03
   9.0967700000000000E+08   7.3130719952846805E+04   2.0230853718018593E-09   2.1116374794527634E-24   6.3212057890762098E+03
   9.1167700000000000E+08   7.3790236429824217E+04   1.9918280276964363E-09   2.0766635931367246E-24   6.3283539378831456E+03
   9.1367700000000000E+08   7.4451999225563020E+04   1.9611922629209841E-09   2.0424406528712263E-24   6.3354254620179308E+03
   9.1567700000000000E+08   7.5116028861380357E+04   1.9311623645045269E-09   2.0089481708175340E-24   6.3424215924966738E+03
   9.1767700000000000E+08   7.5782332383056841E+04   1.9017231784749002E-09   1.9761664187759276E-24   6.3493435329478016E+03
   9.1967700000000000E+08   7.6450865240501953E+04   1.8728603509948379E-09   1.9440766697331662E-24   6.3561924603781526E+03
   9.2167700000000000E+08   7.7121493095417958E+04   1.8445605613221331E-09   1.9126614288374773E-24   6.3629695258763568E+03
   9.2367700000000000E+08   7.7793983202884629E+04   1.8168115467108546E-09   1.8819044468513142E-24   6.3696758552682031E+03
   9.2567700000000000E+08   7.8468053391100926E+04   1.7896017435741062E-09   1.8517903368195306E-24   6.3763125497635137E+03
   9.2767700000000000E+08   7.9143469619704163E+04   1.7629196054560974E-09   1.8223038610077595E-24   6.3828806866415071E+03
   9.2967700000000000E+08   7.9820127474713867E+04   1.7367530262772183E-09   1.7934293334183002E-24   6.3893813199911001E+03
   9.3167700000000000E+08   8.0498045644629019E+04   1.7110894145732475E-09   1.7651506979786287E-24   6.3958154814692298E+03
   9.3367700000000000E+08   8.1177267187675534E+04   1.6859163048496431E-09   1.7374521577430748E-24   6.4021841809970256E+03
   9.3567700000000000E+08   8.1857768702753980E+04   1.6612217884808184E-09   1.7103186114476953E-24   6.4084884073410685E+03
   9.3767700000000000E+08   8.2539502392009075E+04   1.6369946488900471E-09   1.6837357822810779E-24   6.4147291286449736E+03
   9.3967700000000000E+08   8.3222512108521027E+04   1.6132244917198403E-09   1.6576903460075469E-24   6.4209072930253851E+03
   9.4167700000000000E+08   8.3906893121990652E+04   1.5899011989964860E-09   1.6321693718013375E-24   6.4270238291862761E+03
   9.4367700000000000E+08   8.4592561006475968E+04   1.5670131709717497E-09   1.6071585201153063E-24   6.4330796468651488E+03
   9.4567700000000000E+08   8.5279102079850622E+04   1.5445462222964700E-09   1.5826409070945943E-24   6.4390756370798845E+03
   9.4767700000000000E+08   8.5965921861653987E+04   1.5224854349246815E-09   1.5585989934476762E-24   6.4450126724197362E+03
   9.4967700000000000E+08   8.6652616612223792E+04   1.5008187321843178E-09   1.5350182329747084E-24   6.4508916076935302E+03
   9.5167700000000000E+08   8.7339662318704650E+04   1.4795392411822572E-09   1.5118894618821448E-24   6.4567132809113573E+03
   9.5367700000000000E+08   8.8027736273567847E+04   1.4586480841937108E-09   1.4892117082456409E-24   6.4624785140396098E+03
   9.5567700000000000E+08   8.8717798048069686E+04   1.4381509570408701E-09   1.4669889010176459E-24   6.4681881133573988E+03
   9.5767700000000000E+08   8.9409830918292108E+04   1.4180313248531508E-09   1.4452023291648349E-24   6.4738428694725217E+03
   9.5967700000000000E+08   9.0103328521904055E+04   1.3982775149669962E-09   1.4238381966583812E-24   6.4794435573952269E+03
   9.6167700000000000E+08   9.0798086510184148E+04   1.3788798385787240E-09   1.4028848381890601E-24   6.4849909369690813E+03
   9.6367700000000000E+08   9.1493995354721919E+04   1.3598297148270526E-09   1.3823317974939977E-24   6.4904857533160266E+03
   9.6567700000000000E+08   9.2190981047596651E+04   1.3411191374750493E-09   1.3621692726210660E-24   6.4959287372414447E+03
   9.6767700000000000E+08   9.2888986616468057E+04   1.3227404700274934E-09   1.3423879015855419E-24   6.5013206056102445E+03
   9.6967700000000000E+08   9.3587966069889124E+04   1.3046863652464488E-09   1.3229786767885119E-24   6.5066620617029039E+03
   9.7167700000000000E+08   9.4287881217036687E+04   1.2869497266720144E-09   1.3039329029928132E-24   6.5119537955557444E+03
   9.7367700000000000E+08   9.4988699433868271E+04   1.2695236817967081E-09   1.2852421675139123E-24   6.5171964842880452E+03
   9.7567700000000000E+08   9.5690392022998712E+04   1.2524015602760000E-09   1.2668983157458639E-24   6.5223907924173654E+03
   9.7767700000000000E+08   9.6392932897586274E+04   1.2355768775436964E-09   1.2488934323329605E-24   6.5275373721646456E+03
   9.7967700000000000E+08   9.7096297650599343E+04   1.2190433226204888E-09   1.2312198267257241E-24   6.5326368637492451E+03
   9.8167700000000000E+08   9.7800463133721787E+04   1.2027947479667063E-09   1.2138700209311800E-24   6.5376898956749546E+03
   9.8367700000000000E+08   9.8505407348423163E+04   1.1868251609805294E-09   1.1968367390422718E-24   6.5426970850073749E+03
   9.8567700000000000E+08   9.9211109377429137E+04   1.1711287175513117E-09   1.1801128989420462E-24   6.5476590376429831E+03
   9.8767700000000000E+08   9.9917549284042936E+04   1.1556997171814375E-09   1.1636916056754406E-24   6.5525763485705538E+03
   9.8967700000000000E+08   1.0062470795623705E+05   1.1405325988241841E-09   1.1475661456198163E-24   6.5574496021247915E+03
   9.9167700000000000E+08   1.0133256686893613E+05   1.1256219370271861E-09   1.1317299810319195E-24   6.5622793722326351E+03
   9.9367700000000000E+08   1.0204110794596132E+05   1.1109624384215177E-09   1.1161767450004117E-24   6.5670662226524491E+03
   9.9567700000000000E+08   1.0275031392070974E+05   1.0965489394924589E-09   1.1009002377345703E-24   6.5718107072063813E+03
   9.9767700000000000E+08   1.0346016953109487E+05   1.0823764077404785E-09   1.0858944262983047E-24   6.5765133700066626E+03
   9.9967700000000000E+08   1.0417066346644022E+05   1.0684399479538536E-09   1.0711534495106750E-24   6.5811747456762760E+03
   1.0016770000000000E+09   1.0488179033427221E+05   1.0547348121232406E-09   1.0566716265347718E-24   6.5857953595644012E+03
   1.0036770000000000E+09   1.0559355178679098E+05   1.0412564078997894E-09   1.0424434640452235E-24   6.5903757279567435E+03
   1.0056770000000000E+09   1.0630595548676437E+05   1.0280002934333304E-09   1.0284636498296561E-24   6.5949163582795991E+03
   1.0076770000000000E+09   1.0701901128744973E+05   1.0149621558278243E-09   1.0147270300916828E-24   6.5994177492967592E+03
   1.0096770000000000E+09   1.0773272547909850E+05   1.0021377722976910E-09   1.0012285695674336E-24   6.6038803912985250E+03
   1.0116770000000000E+09   1.0844709564286176E+05   9.8952296639916234E-10   9.8796330685077625E-25   6.6083047662826757E+03
   1.0136770000000000E+09   1.0916210106771921E+05   9.7711357820456930E-10   9.7492632353949738E-25   6.6126913481280617E+03
   1.0156770000000000E+09   1.0987770679979645E+05   9.6490543582929175E-10   9.6211271573111566E-25   6.6170406027630052E+03
   1.0176770000000000E+09   1.1059386023561857E+05   9.5289433316661495E-10   9.4951757019369283E-25   6.6213529883295287E+03
   1.0196770000000000E+09   1.1131049734144448E+05   9.4107609801392924E-10   9.3713603199805010E-25   6.6256289553455499E+03
   1.0216770000000000E+09   1.1202755202557147E+05   9.2944663262605888E-10   9.2496334402702561E-25   6.6298689468666180E+03
   1.0236770000000000E+09   1.1274496475446307E+05   9.1800196271031350E-10   9.1299489490537528E-25   6.6340733986473142E+03
   1.0256770000000000E+09   1.1346268943606302E+05   9.0673827498054790E-10   9.0122625547593047E-25   6.6382427393014241E+03
   1.0276770000000000E+09   1.1418069714116736E+05   8.9565193549873101E-10   8.8965319612237129E-25   6.6423773904593363E+03
   1.0296770000000000E+09   1.1489897637323600E+05   8.8473948760676713E-10   8.7827168379318108E-25   6.6464777669216473E+03
   1.0316770000000000E+09   1.1561753049827018E+05   8.7399763369752781E-10   8.6707786299767722E-25   6.6505442768074454E+03
   1.0336770000000000E+09   1.1633637347626472E+05   8.6342320787326543E-10   8.5606802781369249E-25   6.6545773216968610E+03
   1.0356770000000000E+09   1.1705552511596185E+05   8.5301314672253733E-10   8.4523859210846076E-25   6.6585772967679968E+03
   1.0376770000000000E+09   1.1777500682003866E+05   8.4276446375134515E-10   8.3458606347101426E-25   6.6625445909283753E+03
   1.0396770000000000E+09   1.1849483838647915E+05   8.3267423048569192E-10   8.2410702383967465E-25   6.6664795869417476E+03
   1.0416770000000000E+09   1.1921503604042597E+05   8.2273956488473158E-10   8.1379811744109600E-25   6.6703826615508478E+03
   1.0436770000000000E+09   1.1993561157817901E+05   8.1295762605536171E-10   8.0365604502118953E-25   6.6742541855967365E+03
   1.0456770000000000E+09   1.2065657234514994E+05   8.0332561347329607E-10   7.9367756257219039E-25   6.6780945241351947E+03
   1.0476770000000000E+09   1.2137792173244378E+05   7.9384076881803546E-10   7.8385948266848635E-25   6.6819040365504461E+03
   1.0496770000000000E+09   1.2209965991914390E+05   7.8450037885537659E-10   7.7419867685235443E-25   6.6856830766664643E+03
   1.0516770000000000E+09   1.2282178466248667E+05   7.7530177830325597E-10   7.6469207801248452E-25   6.6894319928559535E+03
   1.0536770000000000E+09   1.2354429201635266E+05   7.6624235210217753E-10   7.5533668218172923E-25   6.6931511281468620E+03
   1.0556770000000000E+09   1.2426717692346337E+05   7.5731953687847436E-10   7.4612954954530488E-25   6.6968408203267891E+03
   1.0576770000000000E+09   1.2499043367011083E+05   7.4853082162066554E-10   7.3706780468091949E-25   6.7005014020449044E+03
   1.0596770000000000E+09   1.2571405621627648E+05   7.3987374770478536E-10   7.2814863616652525E-25   6.7041332009116823E+03
   1.0616770000000000E+09   1.2643803842444373E+05   7.3134590843680643E-10   7.1936929572299300E-25   6.7077365395963134E+03
   1.0636770000000000E+09   1.2716237421181079E+05   7.2294494826735628E-10   7.1072709704579161E-25   6.7113117359218313E+03
   1.0656770000000000E+09   1.2788705764748107E+05   7.1466856180285294E-10   7.0221941444862314E-25   6.7148591029581157E+03
   1.0676770000000000E+09   1.2861208301190355E+05   7.0651449270276666E-10   6.9384368140767673E-25   6.7183789491126945E+03
   1.0696770000000000E+09   1.2933744483146694E+05   6.9848053252448371E-10   6.8559738906703576E-25   6.7218715782194095E+03
   1.0716770000000000E+09   1.3006313789762076E+05   6.9056451955637085E-10   6.7747808474498728E-25   6.7253372896250366E+03
   1.0736770000000000E+09   1.3078915727718630E+05   6.8276433766503087E-10   6.6948337046648887E-25   6.7287763782738693E+03
   1.0756770000000000E+09   1.3151549831832779E+05   6.7507791517274057E-10   6.6161090153709823E-25   6.7321891347904684E+03
   1.0776770000000000E+09   1.3224215665492191E+05   6.6750322377342196E-10   6.5385838516617983E-25   6.7355758455603091E+03
   1.0796770000000000E+09   1.3296912821060140E+05   6.6003827748980144E-10   6.4622357914151840E-25   6.7389367928087140E+03
   1.0816770000000000E+09   1.3369640920264172E+05   6.5268113167019236E-10   6.3870429055338797E-25   6.7422722546780424E+03
   1.0836770000000000E+09   1.3442399614516689E+05   6.4542988202086768E-10   6.3129837456372587E-25   6.7455825053028930E+03
   1.0856770000000000E+09   1.3515188585086417E+05   6.3828266366941120E-10   6.2400373321544634E-25   6.7488678148839026E+03
   1.0876770000000000E+09   1.3588007543047017E+05   6.3123765025503587E-10   6.1681831427762740E-25   6.7521284497596262E+03
   1.0896770000000000E+09   1.3660856228957025E+05   6.2429305304339234E-10   6.0974011012375006E-25   6.7553646724769415E+03
   1.0916770000000000E+09   1.3733734412257580E+05   6.1744712006481691E-10   6.0276715664161946E-25   6.7585767418598925E+03
   1.0936770000000000E+09   1.3806641890399097E+05   6.1069813527599391E-10   5.9589753217462791E-25   6.7617649130768323E+03
   1.0956770000000000E+09   1.3879578487719485E+05   6.0404441774538716E-10   5.8912935649434802E-25   6.7649294377063552E+03
   1.0976770000000000E+09   1.3952544054093238E+05   5.9748432086255778E-10   5.8246078980431096E-25   6.7680705638015024E+03
   1.0996770000000000E+09   1.4025538463361032E+05   5.9101623157101487E-10   5.7589003177429519E-25   6.7711885359526914E+03
   1.1016770000000000E+09   1.4098561611533712E+05   5.8463856962373456E-10   5.6941532060401768E-25   6.7742835953492386E+03
   1.1036770000000000E+09   1.4171613414753348E+05   5.7834978686007468E-10   5.6303493211470957E-25   6.7773559798395445E+03
   1.1056770000000000E+09   1.4244693806981941E+05   5.7214836650280260E-10   5.5674717886707427E-25   6.7804059239899125E+03
   1.1076770000000000E+09   1.4317802737385436E+05   5.6603282247403105E-10   5.5055040930418931E-25   6.7834336591422261E+03
   1.1096770000000000E+09   1.4390940167376510E+05   5.6000169872910405E-10   5.4444300691820624E-25   6.7864394134702225E+03
   1.1116770000000000E+09   1.4464106067279825E+05   5.5405356860787937E-10   5.3842338944005937E-25   6.7894234120346055E+03
   1.1136770000000000E+09   1.4537300412584859E+05   5.4818703420307142E-10   5.3249000805164106E-25   6.7923858768370756E+03
   1.1156770000000000E+09   1.4610523179751870E+05   5.4240072574558290E-10   5.2664134662017649E-25   6.7953270268729684E+03
   1.1176770000000000E+09   1.4683774341540487E+05   5.3669330100692102E-10   5.2087592095464574E-25   6.7982470781831280E+03
   1.1196770000000000E+09   1.4757053861834208E+05   5.3106344471871141E-10   5.1519227808413011E-25   6.8011462439042261E+03
   1.1216770000000000E+09   1.4830361689939597E+05   5.2550986800949627E-10   5.0958899555799423E-25   6.8040247343184647E+03
   1.1236770000000000E+09   1.4903697754349394E+05   5.2003130785865600E-10   5.0406468076762575E-25   6.8068827569018695E+03
   1.1256770000000000E+09   1.4977061955967604E+05   5.1462652656734776E-10   4.9861797028940748E-25   6.8097205163717808E+03
   1.1276770000000000E+09   1.5050454160812049E+05   5.0929431124602070E-10   4.9324752924833241E-25   6.8125382147332612E+03
   1.1296770000000000E+09   1.5123874192226600E+05   5.0403347331783717E-10   4.8795205070144801E-25   6.8153360513245216E+03
   1.1316770000000000E+09   1.5197321822655931E+05   4.9884284803710515E-10   4.8273025504009142E-25   6.8181142228614262E+03
   1.1336770000000000E+09   1.5270796765060327E+05   4.9372129402146127E-10   4.7758088940954384E-25   6.8208729234810680E+03
   1.1356770000000000E+09   1.5344298664074426E+05   4.8866769279624278E-10   4.7250272714445076E-25   6.8236123447844366E+03
   1.1376770000000000E+09   1.5417827087041619E+05   4.8368094834916000E-10   4.6749456721804483E-25   6.8263326758781459E+03
   1.1396770000000000E+09   1.5491381515086276E+05   4.7875998669305926E-10   4.6255523370289494E-25   6.8290341034154117E+03
   1.1416770000000000E+09   1.5564961334415496E+05   4.7390375543425355E-10   4.5768357524064367E-25   6.8317168116360899E+03
   1.1436770000000000E+09   1.5638565828072719E+05   4.6911122334363371E-10   4.5287846451791999E-25   6.8343809824059417E+03
   1.1456770000000000E+09   1.5712194168391114E+05   4.6438137992760262E-10   4.4813879774548009E-25   6.8370267952551012E+03
   1.1476770000000000E+09   1.5785845410420527E+05   4.5971323499568651E-10   4.4346349413746180E-25   6.8396544274156522E+03
   1.1496770000000000E+09   1.5859518486618192E+05   4.5510581822173243E-10   4.3885149538767055E-25   6.8422640538586884E+03
   1.1516770000000000E+09   1.5933212203106994E+05   4.5055817869557898E-10   4.3430176513986591E-25   6.8448558473304029E+03
   1.1536770000000000E+09   1.6006925237805169E+05   4.4606938446238801E-10   4.2981328844925503E-25   6.8474299783875767E+03
   1.1556770000000000E+09   1.6080656140724197E+05   4.4163852204712412E-10   4.2538507123274065E-25   6.8499866154323390E+03
   1.1576770000000000E+09   1.6154403336709153E+05   4.3726469596219874E-10   4.2101613970596788E-25   6.8525259247462955E+03
   1.1596770000000000E+09   1.6228165130860731E+05   4.3294702819694380E-10   4.1670553980586219E-25   6.8550480705239270E+03
   1.1616770000000000E+09   1.6301939716828419E+05   4.2868465768839134E-10   4.1245233659811836E-25   6.8575532149054088E+03
   1.1636770000000000E+09   1.6375725188097468E+05   4.2447673977379446E-10   4.0825561367003931E-25   6.8600415180087948E+03
   1.1656770000000000E+09   1.6449519552313193E+05   4.2032244562638530E-10   4.0411447251013208E-25   6.8625131379616996E+03
   1.1676770000000000E+09   1.6523320748592095E+05   4.1622096167699803E-10   4.0002803187697586E-25   6.8649682309321834E+03
   1.1696770000000000E+09   1.6597126667666197E+05   4.1217148902540118E-10   3.9599542716099869E-25   6.8674069511592816E+03
   1.1716770000000000E+09   1.6670935174594334E+05   4.0817324284633496E-10   3.9201580974392877E-25   6.8698294509830075E+03
   1.1736770000000000E+09   1.6744744133661396E+05   4.0422545179631825E-10   3.8808834636170578E-25   6.8722358808736008E+03
   1.1756770000000000E+09   1.6818551434975307E+05   4.0032735742828093E-10   3.8421221847752312E-25   6.8746263894605872E+03
   1.1776770000000000E+09   1.6892355022169772E+05   3.9647821362171250E-10   3.8038662167234047E-25   6.8770011235610027E+03
   1.1796770000000000E+09   1.6966152920533501E+05   3.9267728603654094E-10   3.7661076506060265E-25   6.8793602282074908E+03
   1.1816770000000000E+09   1.7039943264823200E+05   3.8892385159894098E-10   3.7288387073895344E-25   6.8817038466755575E+03
   1.1836770000000000E+09   1.7113724325979000E+05   3.8521719802706099E-10   3.6920517327543215E-25   6.8840321205107030E+03
   1.1856770000000000E+09   1.7187494535954934E+05   3.8155662340391193E-10   3.6557391924597398E-25   6.8863451895548515E+03
   1.1876770000000000E+09   1.7261252509907051E+05   3.7794143580358944E-10   3.6198936682394863E-25   6.8886431919724509E+03
   1.1896770000000000E+09   1.7334997065044308E+05   3.7437095297556829E-10   3.5845078542710957E-25   6.8909262642760996E+03
   1.1916770000000000E+09   1.7408727235544074E+05   3.7084450209008401E-10   3.5495745542466542E-25   6.8931945413516896E+03
   1.1936770000000000E+09   1.7482442283061208E+05   3.6736141954568447E-10   3.5150866790532220E-25   6.8954481564831895E+03
   1.1956770000000000E+09   1.7556141702508216E+05   3.6392105083801362E-10   3.4810372450522982E-25   6.8976872413769797E+03
   1.1976770000000000E+09   1.7629825222948802E+05   3.6052275048687154E-10   3.4474193729284120E-25   6.8999119261856240E+03
   1.1996770000000000E+09   1.7703492803618824E+05   3.5716588201673030E-10   3.4142262870589942E-25   6.9021223395314355E+03
   1.2016770000000000E+09   1.7777144625257090E+05   3.5384981798419248E-10   3.3814513153421436E-25   6.9043186085293446E+03
   1.2036770000000000E+09   1.7850781077090072E+05   3.5057394004452226E-10   3.3490878894055781E-25   6.9065008588095370E+03
   1.2056770000000000E+09   1.7924402739954050E+05   3.4733763904837218E-10   3.3171295451111310E-25   6.9086692145396210E+03
   1.2076770000000000E+09   1.7998010366159148E+05   3.4414031515919021E-10   3.2855699232631016E-25   6.9108237984463585E+03
   1.2096770000000000E+09   1.8071604856794333E+05   3.4098137798152451E-10   3.2544027704265546E-25   6.9129647318368634E+03
   1.2116770000000000E+09   1.8145187237234687E+05   3.3786024669062034E-10   3.2236219397634148E-25   6.9150921346196410E+03
   1.2136770000000000E+09   1.8218758631649177E+05   3.3477635015409716E-10   3.1932213917985576E-25   6.9172061253250049E+03
   1.2156770000000000E+09   1.8292320237308554E+05   3.3172912703734934E-10   3.1631951950361677E-25   6.9193068211251048E+03
   1.2176770000000000E+09   1.8365873299467593E+05   3.2871802588533949E-10   3.1335375263566573E-25   6.9213943378537278E+03
   1.2196770000000000E+09   1.8439419087535684E+05   3.2574250517475612E-10   3.1042426711372078E-25   6.9234687900255985E+03
   1.2216770000000000E+09   1.8512958873161589E+05   3.2280203333202827E-10   3.0753050230534753E-25   6.9255302908552112E+03
   1.2236770000000000E+09   1.8586493910744481E+05   3.1989608871433593E-10   3.0467190835356317E-25   6.9275789522755531E+03
   1.2256770000000000E+09   1.8660025420743244E+05   3.1702415955246270E-10   3.0184794608685941E-25   6.9296148849562724E+03
   1.2276770000000000E+09   1.8733554576006066E+05   3.1418574385607585E-10   2.9905808689425023E-25   6.9316381983215842E+03
   1.2296770000000000E+09   1.8807082491182862E+05   3.1138034928363064E-10   2.9630181256749807E-25   6.9336490005678115E+03
   1.2316770000000000E+09   1.8880610215135274E+05   3.0860749298046556E-10   2.9357861511396374E-25   6.9356473986806577E+03
   1.2336770000000000E+09   1.8954138726123140E+05   3.0586670138979348E-10   2.9088799654459447E-25   6.9376334984522045E+03
   1.2356770000000000E+09   1.9027668929446393E+05   3.0315751004194580E-10   2.8822946864218298E-25   6.9396074044975376E+03
   1.2376770000000000E+09   1.9101201657147941E+05   3.0047946332759019E-10   2.8560255271535544E-25   6.9415692202709906E+03
   1.2396770000000000E+09   1.9174737669356220E+05   2.9783211426052701E-10   2.8300677934360686E-25   6.9435190480823512E+03
   1.2416770000000000E+09   1.9248277656846857E+05   2.9521502423523932E-10   2.8044168811830854E-25   6.9454569891127567E+03
   1.2436770000000000E+09   1.9321822244434635E+05   2.9262776278371914E-10   2.7790682738397926E-25   6.9473831434300482E+03
   1.2456770000000000E+09   1.9395371994858276E+05   2.9006990733530303E-10   2.7540175398331914E-25   6.9492976100041442E+03
   1.2476770000000000E+09   1.9468927412878006E+05   2.8754104298242793E-10   2.7292603300875531E-25   6.9512004867221094E+03
   1.2496770000000000E+09   1.9542488949368775E+05   2.8504076225440528E-10   2.7047923756246113E-25   6.9530918704028472E+03
   1.2516770000000000E+09   1.9616057005244881E+05   2.8256866490068889E-10   2.6806094852619711E-25   6.9549718568117742E+03
   1.2536770000000000E+09   1.9689631935100636E+05   2.8012435768450541E-10   2.6567075434178163E-25   6.9568405406750990E+03
   1.2556770000000000E+09   1.9763214050495063E+05   2.7770745418726636E-10   2.6330825080254257E-25   6.9586980156938171E+03
   1.2576770000000000E+09   1.9836803622838031E+05   2.7531757462386173E-10   2.6097304085580365E-25   6.9605443745575858E+03
   1.2596770000000000E+09   1.9910400885869609E+05   2.7295434566859287E-10   2.5866473441614688E-25   6.9623797089584014E+03
   1.2616770000000000E+09   1.9984006037740584E+05   2.7061740029135678E-10   2.5638294818904650E-25   6.9642041096040321E+03
   1.2636770000000000E+09   2.0057619242721036E+05   2.6830637760351909E-10   2.5412730550431888E-25   6.9660176662310723E+03
   1.2656770000000000E+09   2.0131240632569024E+05   2.6602092271290207E-10   2.5189743615880014E-25   6.9678204676179703E+03
   1.2676770000000000E+09   2.0204870307591042E+05   2.6376068658730746E-10   2.4969297626767925E-25   6.9696126015978880E+03
   1.2696770000000000E+09   2.0278508337419579E+05   2.6152532592603840E-10   2.4751356812396617E-25   6.9713941550710879E+03
   1.2716770000000000E+09   2.0352154761522455E+05   2.5931450303902879E-10   2.4535886006567551E-25   6.9731652140174410E+03
   1.2736770000000000E+09   2.0425809589449028E+05   2.5712788573319197E-10   2.4322850635035932E-25   6.9749258635084561E+03
   1.2756770000000000E+09   2.0499472800808836E+05   2.5496514720573582E-10   2.4112216703670535E-25   6.9766761877194112E+03
   1.2776770000000000E+09   2.0573144344973995E+05   2.5282596594414474E-10   2.3903950787291925E-25   6.9784162699409244E+03
   1.2796770000000000E+09   2.0646824140493560E+05   2.5071002563259207E-10   2.3698020019162489E-25   6.9801461925906306E+03
   1.2816770000000000E+09   2.0720512074207154E+05   2.4861701506448225E-10   2.3494392081098635E-25   6.9818660372247095E+03
   1.2836770000000000E+09   2.0794208000042164E+05   2.4654662806081694E-10   2.3293035194175965E-25   6.9835758845488481E+03
   1.2856770000000000E+09   2.0867911737476086E+05   2.4449856339410391E-10   2.3093918109996393E-25   6.9852758144294166E+03
   1.2876770000000000E+09   2.0941623069634999E+05   2.4247252471753139E-10   2.2897010102490869E-25   6.9869659059044079E+03
   1.2896770000000000E+09   2.1015341740992712E+05   2.4046822049914728E-10   2.2702280960231906E-25   6.9886462371940415E+03
   1.2916770000000000E+09   2.1089067454614691E+05   2.3848536396090544E-10   2.2509700979241083E-25   6.9903168857111523E+03
   1.2936770000000000E+09   2.1162799868873038E+05   2.3652367302254271E-10   2.2319240956284764E-25   6.9919779280718658E+03
   1.2956770000000000E+09   2.1236538593529374E+05   2.3458287025035619E-10   2.2130872182667226E-25   6.9936294401054565E+03
   1.2976770000000000E+09   2.1310283185055593E+05   2.3266268281119114E-10   2.1944566438544632E-25   6.9952714968646342E+03
   1.2996770000000000E+09   2.1384033141044938E+05   2.3076284243195567E-10   2.1760295987791817E-25   6.9969041726352443E+03
   1.3016770000000000E+09   2.1457787893574210E+05   2.2888308536498526E-10   2.1578033573448481E-25   6.9985275409460228E+03
   1.3036770000000000E+09   2.1531546801451937E+05   2.2702315235908132E-10   2.1397752413727553E-25   7.0001416745781598E+03
   1.3056770000000000E+09   2.1605309141452689E+05   2.2518278863507820E-10   2.1219426198475494E-25   7.0017466455747099E+03
   1.3076770000000000E+09   2.1679074098943188E+05   2.2336174386300989E-10   2.1043029085807064E-25   7.0033425252498137E+03
   1.3096770000000000E+09   2.1752840758778257E+05   2.2155977213525763E-10   2.0868535698383313E-25   7.0049293841977997E+03
   1.3116770000000000E+09   2.1826608097972907E+05   2.1977663192660828E-10   2.0695921118477802E-25   7.0065072923021198E+03
   1.3136770000000000E+09   2.1900374982395861E+05   2.1801208602823858E-10   2.0525160880608672E-25   7.0080763187442499E+03
   1.3156770000000000E+09   2.1974140170424295E+05   2.1626590143924324E-10   2.0356230960198411E-25   7.0096365320121531E+03
   1.3176770000000000E+09   2.2047902326928030E+05   2.1453784919777918E-10   2.0189107756577509E-25   7.0111879999091616E+03
   1.3196770000000000E+09   2.2121660050785559E+05   2.1282770413589447E-10   2.0023768068846399E-25   7.0127307895620625E+03
   1.3216770000000000E+09   2.2195411918050869E+05   2.1113524454954938E-10   1.9860189063806382E-25   7.0142649674297445E+03
   1.3236770000000000E+09   2.2269156540630024E+05   2.0946025178909527E-10   1.9698348236474263E-25   7.0157905993112272E+03
   1.3256770000000000E+09   2.2342892636913675E+05   2.0780250979528762E-10   1.9538223365552094E-25   7.0173077503540226E+03
   1.3276770000000000E+09   2.2416619106654724E+05   2.0616180462876159E-10   1.9379792468371789E-25   7.0188164850621160E+03
   1.3296770000000000E+09   2.2490335098427595E+05   2.0453792406134619E-10   1.9223033761742470E-25   7.0203168673041191E+03
   1.3316770000000000E+09   2.2564040055628394E+05   2.0293065730775410E-10   1.9067925636070886E-25   7.0218089603211238E+03
   1.3336770000000000E+09   2.2637733727680918E+05   2.0133979496826048E-10   1.8914446649359439E-25   7.0232928267348861E+03
   1.3356770000000000E+09   2.2711416137984247E+05   1.9976512922173540E-10   1.8762575544739920E-25   7.0247685285550506E+03
   1.3376770000000000E+09   2.2785087509120899E+05   1.9820645425575149E-10   1.8612291290238933E-25   7.0262361271874870E+03
   1.3396770000000000E+09   2.2858748157267127E+05   1.9666356685656962E-10   1.8463573133486171E-25   7.0276956834411667E+03
   1.3416770000000000E+09   2.2932398378240544E+05   1.9513626702651784E-10   1.8316400658893253E-25   7.0291472575357593E+03
   1.3436770000000000E+09   2.3006038353007491E+05   1.9362435847168348E-10   1.8170753832565213E-25   7.0305909091086223E+03
   1.3456770000000000E+09   2.3079668097266526E+05   1.9212764882700080E-10   1.8026613022506210E-25   7.0320266972217541E+03
   1.3476770000000000E+09   2.3153287467183752E+05   1.9064594956007809E-10   1.7883958988679302E-25   7.0334546803686835E+03
   1.3496770000000000E+09   2.3226896214666389E+05   1.8917907559990605E-10   1.7742772847318603E-25   7.0348749164810761E+03
   1.3516770000000000E+09   2.3300494067631883E+05   1.8772684483308831E-10   1.7603036022921800E-25   7.0362874629353482E+03
   1.3536770000000000E+09   2.3374080801618632E+05   1.8628907765536668E-10   1.7464730205541536E-25   7.0376923765593092E+03
   1.3556770000000000E+09   2.3447656274121167E+05   1.8486559673351799E-10   1.7327837327882523E-25   7.0390897136384592E+03
   1.3576770000000000E+09   2.3521220411194692E+05   1.8345622703062950E-10   1.7192339567110013E-25   7.0404795299225170E+03
   1.3596770000000000E+09   2.3594773159020330E+05   1.8206079602196230E-10   1.7058219364489405E-25   7.0418618806313825E+03
   1.3616770000000000E+09   2.3668314429356149E+05   1.8067913394294860E-10   1.6925459447978532E-25   7.0432368204615723E+03
   1.3636770000000000E+09   2.3741844067999726E+05   1.7931107391205236E-10   1.6794042843056415E-25   7.0446044035922378E+03
   1.3656770000000000E+09   2.3815361859259519E+05   1.7795645185877808E-10   1.6663952865304176E-25   7.0459646836915117E+03
   1.3676770000000000E+09   2.3888867556797073E+05   1.7661510630765536E-10   1.6535173099546924E-25   7.0473177139229492E+03
   1.3696770000000000E+09   2.3962360916448722E+05   1.7528687814715982E-10   1.6407687377650449E-25   7.0486635469521625E+03
   1.3716770000000000E+09   2.4035841709159518E+05   1.7397161050009541E-10   1.6281479765862982E-25   7.0500022349534074E+03
   1.3736770000000000E+09   2.4109309709317272E+05   1.7266914872346360E-10   1.6156534564286596E-25   7.0513338296157108E+03
   1.3756770000000000E+09   2.4182764672274262E+05   1.7137934046996513E-10   1.6032836312099294E-25   7.0526583821484573E+03
   1.3776770000000000E+09   2.4256206320700893E+05   1.7010203571150034E-10   1.5910369789208655E-25   7.0539759432854489E+03
   1.3796770000000000E+09   2.4329634349075236E+05   1.6883708667570703E-10   1.5789120009781395E-25   7.0552865632879148E+03
   1.3816770000000000E+09   2.4403048438849789E+05   1.6758434773042867E-10   1.5669072210939571E-25   7.0565902919457903E+03
   1.3836770000000000E+09   2.4476448267927347E+05   1.6634367529608229E-10   1.5550211844102138E-25   7.0578871785791143E+03
   1.3856770000000000E+09   2.4549833502155446E+05   1.6511492784417604E-10   1.5432524574402569E-25   7.0591772720402705E+03
   1.3876770000000000E+09   2.4623203762487462E+05   1.6389796600210316E-10   1.5315996290048338E-25   7.0604606207210290E+03
   1.3896770000000000E+09   2.4696558545412158E+05   1.6269265283567376E-10   1.5200613128333529E-25   7.0617372725651867E+03
   1.3916770000000000E+09   2.4769897002357239E+05   1.6149885465826434E-10   1.5086361551009124E-25   7.0630072750902627E+03
   1.3936770000000000E+09   2.4843217292549147E+05   1.6031644345212089E-10   1.4973228570689712E-25   7.0642706754143755E+03
   1.3956770000000000E+09   2.4916514761266811E+05   1.5914530374466353E-10   1.4861202394388858E-25   7.0655275202817375E+03
   1.3976770000000000E+09   2.4989777127228802E+05   1.5798535081956805E-10   1.4750274127749428E-25   7.0667778560715988E+03
   1.3996770000000000E+09   2.5062972598497893E+05   1.5683657571001505E-10   1.4640441984001781E-25   7.0680217287684054E+03
   1.4016770000000000E+09   2.5136022657823685E+05   1.5569914830162344E-10   1.4531720923744165E-25   7.0692591838677063E+03
   1.4036770000000000E+09   2.5208745105829253E+05   1.5457363347803102E-10   1.4424162850829649E-25   7.0704902662001123E+03
   1.4056770000000000E+09   2.5280747616942244E+05   1.5346139642454798E-10   1.4317894453065936E-25   7.0717150196755483E+03
   1.4076770000000000E+09   2.5351257134700325E+05   1.5236525628321919E-10   1.4213178167759792E-25   7.0729334870011653E+03
   1.4096770000000000E+09   2.5418905386752545E+05   1.5129031842004696E-10   1.4110489678673086E-25   7.0741457094949428E+03
   1.4116770000000000E+09   2.5481577501428578E+05   1.5024458770090514E-10   1.4010574740126594E-25   7.0753517272059162E+03
   1.4136770000000000E+09   2.5536558176951407E+05   1.4923846658794387E-10   1.3914401701912997E-25   7.0765515795893671E+03
   1.4156770000000000E+09   2.5581268339995691E+05   1.4828196842798400E-10   1.3822900914980013E-25   7.0777453068193299E+03
   1.4176770000000000E+09   2.5614642955600028E+05   1.4737932067474465E-10   1.3736461424774390E-25   7.0789329511918286E+03
   1.4196770000000000E+09   2.5638515194786206E+05   1.4652326721755719E-10   1.3654401141413056E-25   7.0801145568042584E+03
   1.4216770000000000E+09   2.5657707895599940E+05   1.4569424414437363E-10   1.3574892716818538E-25   7.0812901644062376E+03
   1.4236770000000000E+09   2.5678098323720056E+05   1.4486793248748257E-10   1.3495669473304041E-25   7.0824597996306229E+03
   1.4256770000000000E+09   2.5704182503694805E+05   1.4402580886727512E-10   1.3415007356414391E-25   7.0836234619907746E+03
   1.4276770000000000E+09   2.5739133937700937E+05   1.4315612743556937E-10   1.3331813045525021E-25   7.0847811432067074E+03
   1.4296770000000000E+09   2.5787502570761301E+05   1.4224343508911921E-10   1.3244646957841109E-25   7.0859329172785410E+03
   1.4316770000000000E+09   2.5854403612300308E+05   1.4126279574943205E-10   1.3151189580037210E-25   7.0870790817805319E+03
   1.4336770000000000E+09   2.5954282647861322E+05   1.4023051762242989E-10   1.3052965305208945E-25   7.0882201365622714E+03
   1.4356770000000000E+09   2.5948310091256100E+05   1.3880135556208553E-10   1.2917843902575819E-25   7.0893542865826203E+03
