   99.999999999996461        5.0000000000000003E-002         390        2001
   79.787358835465341        111.52989407463168     
   6.5767700000000000E+08  -3.1218037963559868E+03   1.3465252656765474E-08   3.2249241590186451E-18   8.0323397992834703E+02
   6.5967700000000000E+08  -3.5336590654567813E+03   1.7073787301512428E-08   4.0118008143614554E-18   8.1872410316630601E+02
   6.6167700000000000E+08  -3.7416842705606596E+03   1.8311965718053067E-08   4.2284136017335740E-18   8.3311427693068777E+02
   6.6367700000000000E+08  -3.5513190097492734E+03   1.7963506897960131E-08   4.0757162299773451E-18   8.4787973962350111E+02
   6.6567700000000000E+08  -2.9911735338853214E+03   1.6850095592520586E-08   3.7471921416529567E-18   8.6505451641423792E+02
   6.6767700000000000E+08  -2.3301338860132046E+03   1.5570638519679689E-08   3.3779309392879237E-18   8.8675312501527844E+02
   6.6967700000000000E+08  -1.7357818094209197E+03   1.4409345413448846E-08   3.0317617827418596E-18   9.1431585229524251E+02
   6.7167700000000000E+08  -1.2028555924757281E+03   1.3448524422351144E-08   2.7260521955991019E-18   9.4904660624845951E+02
   6.7367700000000000E+08  -6.5898340214599034E+02   1.2700874812316798E-08   2.4610493435250213E-18   9.9279683865962375E+02
   6.7567700000000000E+08   5.1199380955489268E+01   1.2169699300681148E-08   2.2307746754560708E-18   1.0494728634440983E+03
   6.7767700000000000E+08   1.0274474290924768E+03   1.1865781112649042E-08   2.0271700311595438E-18   1.1260384674354561E+03
   6.7967700000000000E+08   2.2186832698051535E+03   1.1774713660624339E-08   1.8454107163202022E-18   1.2274516328452680E+03
   6.8167700000000000E+08   3.5221817082075122E+03   1.1834366112570137E-08   1.6840025972538806E-18   1.3519147772794856E+03
   6.8367700000000000E+08   4.9048030660405529E+03   1.1957152638338293E-08   1.5433809963144752E-18   1.4903960685484526E+03
   6.8567700000000000E+08   6.4161385764543384E+03   1.2072587876932797E-08   1.4225285561776825E-18   1.6326250417137380E+03
   6.8767700000000000E+08   8.0901165766081313E+03   1.2145052085525842E-08   1.3191345647880431E-18   1.7711581954912192E+03
   6.8967700000000000E+08   9.9241361238154295E+03   1.2164519562989737E-08   1.2304017188761404E-18   1.9019325168294722E+03
   6.9167700000000000E+08   1.1889197722947369E+04   1.2133811340404063E-08   1.1536711412048854E-18   2.0233093135827053E+03
   6.9367700000000000E+08   1.3946034764399594E+04   1.2060195271192189E-08   1.0866610728755015E-18   2.1350463197054410E+03
   6.9567700000000000E+08   1.6052812257004734E+04   1.1951397790242817E-08   1.0275069724826161E-18   2.2375924892286780E+03
   6.9767700000000000E+08   1.8167811609946806E+04   1.1814005722793955E-08   9.7471286130310495E-19   2.3316725063669378E+03
   6.9967700000000000E+08   2.0250700438139946E+04   1.1653092936177770E-08   9.2708624778997038E-19   2.4180659562251299E+03
   7.0167700000000000E+08   2.2262883165570776E+04   1.1472359425127531E-08   8.8367821750954469E-19   2.4975009752907126E+03
   7.0367700000000000E+08   2.4167937039660661E+04   1.1274434875539042E-08   8.4373402321857494E-19   2.5706105858549731E+03
   7.0567700000000000E+08   2.5932322015123511E+04   1.1061209317832228E-08   8.0665464211457973E-19   2.6379225773219237E+03
   7.0767700000000000E+08   2.7526331147978373E+04   1.0834134391943111E-08   7.7196742829157573E-19   2.6998666450555183E+03
   7.0967700000000000E+08   2.8925185036531289E+04   1.0594473658980157E-08   7.3930357344878152E-19   2.7567897899544100E+03
   7.1167700000000000E+08   3.0110149226971153E+04   1.0343495828021285E-08   7.0838040251352922E-19   2.8089750213962170E+03
   7.1367700000000000E+08   3.1069547261351046E+04   1.0082610190575554E-08   6.7898691428015883E-19   2.8566605945410706E+03
   7.1567700000000000E+08   3.1799530593222677E+04   9.8134453900650675E-09   6.5097134993571424E-19   2.9000581516790044E+03
   7.1767700000000000E+08   3.2304459698143870E+04   9.5378736409197516E-09   6.2422990745633319E-19   2.9393686898344336E+03
   7.1967700000000000E+08   3.2596762241825025E+04   9.2579844271502524E-09   5.9869605442896526E-19   2.9747955379593104E+03
   7.2167700000000000E+08   3.2696179135898179E+04   8.9760151017493797E-09   5.7433023681873311E-19   3.0065536979404878E+03
   7.2367700000000000E+08   3.2628392113665115E+04   8.6942502009080792E-09   5.5111011283714416E-19   3.0348751192507693E+03
   7.2567700000000000E+08   3.2423135248864466E+04   8.4149053249645797E-09   5.2902170117856965E-19   3.0600098039400787E+03
   7.2767700000000000E+08   3.2111999727913124E+04   8.1400134467380056E-09   5.0805195561133261E-19   3.0822230676424560E+03
   7.2967700000000000E+08   3.1726211565995931E+04   7.8713302730345564E-09   4.8818322540204010E-19   3.1017897351560241E+03
   7.3167700000000000E+08   3.1294669572116189E+04   7.6102707091132674E-09   4.6938985039926175E-19   3.1189864099590836E+03
   7.3367700000000000E+08   3.0842470883987706E+04   7.3578817156399621E-09   4.5163684287541002E-19   3.1340831214968935E+03
   7.3567700000000000E+08   3.0390043478582520E+04   7.1148498232657059E-09   4.3488032372974532E-19   3.1473355757962677E+03
   7.3767700000000000E+08   2.9952884283620708E+04   6.8815361246727456E-09   4.1906919160904532E-19   3.1589789447405415E+03
   7.3967700000000000E+08   2.9541802565838487E+04   6.6580287555910478E-09   4.0414744768263927E-19   3.1692237189131442E+03
   7.4167700000000000E+08   2.9163512195173807E+04   6.4442027425479338E-09   3.9005666344653342E-19   3.1782537306347754E+03
   7.4367700000000000E+08   2.8821406013167412E+04   6.2397789007737363E-09   3.7673821809830022E-19   3.1862261191240050E+03
   7.4567700000000000E+08   2.8516369664052832E+04   6.0443761816687291E-09   3.6413509227174126E-19   3.1932728053655283E+03
   7.4767700000000000E+08   2.8247533943210194E+04   5.8575545964005696E-09   3.5219314513700242E-19   3.1995029713964768E+03
   7.4967700000000000E+08   2.8012908704598096E+04   5.6788480263348088E-09   3.4086190119637467E-19   3.2050060676033108E+03
   7.5167700000000000E+08   2.7809877867193576E+04   5.5077876731713569E-09   3.3009492868860395E-19   3.2098549608891813E+03
   7.5367700000000000E+08   2.7635560150529549E+04   5.3439176529420150E-09   3.1984991149193071E-19   3.2141089481997210E+03
   7.5567700000000000E+08   2.7487054171477757E+04   5.1868044705461714E-09   3.1008851284148286E-19   3.2178164668549639E+03
   7.5767700000000000E+08   2.7361591933072061E+04   5.0360420195943310E-09   3.0077611327167229E-19   3.2210174206718398E+03
   7.5967700000000000E+08   2.7256624546599633E+04   4.8912534982702317E-09   2.9188148520860789E-19   3.2237451040931796E+03
   7.6167700000000000E+08   2.7169860864006587E+04   4.7520913279344545E-09   2.8337644756238698E-19   3.2260277468623240E+03
   7.6367700000000000E+08   2.7099275425998338E+04   4.6182358727052917E-09   2.7523552787825463E-19   3.2278897236400580E+03
   7.6567700000000000E+08   2.7043097884156825E+04   4.4893935157601020E-09   2.6743564774559232E-19   3.2293524815774103E+03
   7.6767700000000000E+08   2.6999792396831115E+04   4.3652944599091383E-09   2.5995583893417361E-19   3.2304352389648679E+03
   7.6967700000000000E+08   2.6968032618977653E+04   4.2456904824291885E-09   2.5277699242994056E-19   3.2311555033828849E+03
   7.7167700000000000E+08   2.6946675785459869E+04   4.1303527784450153E-09   2.4588163940887376E-19   3.2315294508892184E+03
   7.7367700000000000E+08   2.6934737908870276E+04   4.0190699634952724E-09   2.3925376153869354E-19   3.2315722003618280E+03
   7.7567700000000000E+08   2.6931371132498170E+04   3.9116462654525927E-09   2.3287862730294654E-19   3.2312980101230341E+03
   7.7767700000000000E+08   2.6935843661150393E+04   3.8078999115233849E-09   2.2674265091728154E-19   3.2307204178615307E+03
   7.7967700000000000E+08   2.6947522325338803E+04   3.7076617022489938E-09   2.2083327059456050E-19   3.2298523397955673E+03
   7.8167700000000000E+08   2.6965857632847375E+04   3.6107737574240877E-09   2.1513884324918045E-19   3.2287061409569260E+03
   7.8367700000000000E+08   2.6990371064914521E+04   3.5170884160125356E-09   2.0964855311309652E-19   3.2272936853094388E+03
   7.8567700000000000E+08   2.7020644340497074E+04   3.4264672717386283E-09   2.0435233211196223E-19   3.2256263720020033E+03
   7.8767700000000000E+08   2.7056310373957971E+04   3.3387803269541278E-09   1.9924079019259669E-19   3.2237151622484012E+03
   7.8967700000000000E+08   2.7097045671777771E+04   3.2539052489445855E-09   1.9430515409208841E-19   3.2215705999927272E+03
   7.9167700000000000E+08   2.7142563942109460E+04   3.1717267146352920E-09   1.8953721329280279E-19   3.2192028285486749E+03
   7.9367700000000000E+08   2.7192610721170426E+04   3.0921358314587585E-09   1.8492927211955708E-19   3.2166216047029234E+03
   7.9567700000000000E+08   2.7246958849403414E+04   3.0150296238320987E-09   1.8047410711035649E-19   3.2138363112771017E+03
   7.9767700000000000E+08   2.7305404656513980E+04   2.9403105762095816E-09   1.7616492893593125E-19   3.2108559687946836E+03
   7.9967700000000000E+08   2.7367764737354799E+04   2.8678862250069902E-09   1.7199534826118993E-19   3.2076892466581144E+03
   8.0167700000000000E+08   2.7433873220189958E+04   2.7976687928441027E-09   1.6795934503827667E-19   3.2043444740770033E+03
   8.0367700000000000E+08   2.7503579445371000E+04   2.7295748595342885E-09   1.6405124080018734E-19   3.2008296508781523E+03
   8.0567700000000000E+08   2.7576745986279988E+04   2.6635250650848576E-09   1.6026567358917463E-19   3.1971524582562201E+03
   8.0767700000000000E+08   2.7653246955946273E+04   2.5994438406775536E-09   1.5659757520810329E-19   3.1933202694785509E+03
   8.0967700000000000E+08   2.7732966552394286E+04   2.5372591641944794E-09   1.5304215052772202E-19   3.1893401605303843E+03
   8.1167700000000000E+08   2.7815797803881414E+04   2.4769023373573164E-09   1.4959485862017790E-19   3.1852189206720791E+03
   8.1367700000000000E+08   2.7901641482022816E+04   2.4183077819717216E-09   1.4625139552044594E-19   3.1809630628732930E+03
   8.1567700000000000E+08   2.7990405156612465E+04   2.3614128531268723E-09   1.4300767844375120E-19   3.1765788340879335E+03
   8.1767700000000000E+08   2.8082002370933533E+04   2.3061576675025535E-09   1.3985983130940172E-19   3.1720722253359982E+03
   8.1967700000000000E+08   2.8176351920620218E+04   2.2524849451919176E-09   1.3680417144043269E-19   3.1674489815626457E+03
   8.2167700000000000E+08   2.8273377222812251E+04   2.2003398636642936E-09   1.3383719732463389E-19   3.1627146112503638E+03
   8.2367700000000000E+08   2.8373005765469861E+04   2.1496699226748392E-09   1.3095557733632132E-19   3.1578743957660636E+03
   8.2567700000000000E+08   2.8475168629319676E+04   2.1004248190818081E-09   1.2815613933001147E-19   3.1529333984309137E+03
   8.2767700000000000E+08   2.8579800077002241E+04   2.0525563306610742E-09   1.2543586102719737E-19   3.1478964733065341E+03
   8.2967700000000000E+08   2.8686837205564105E+04   2.0060182081156831E-09   1.2279186112601500E-19   3.1427682736965248E+03
   8.3167700000000000E+08   2.8796219659500453E+04   1.9607660745678796E-09   1.2022139107089404E-19   3.1375532603667612E+03
   8.3367700000000000E+08   2.8907889402095647E+04   1.9167573318951396E-09   1.1772182742548396E-19   3.1322557094918648E+03
   8.3567700000000000E+08   2.9021790542846800E+04   1.8739510733335124E-09   1.1529066479747374E-19   3.1268797203379158E+03
   8.3767700000000000E+08   2.9137869218369593E+04   1.8323080018219005E-09   1.1292550926841830E-19   3.1214292226935072E+03
   8.3967700000000000E+08   2.9256073523393199E+04   1.7917903536037929E-09   1.1062407228562555E-19   3.1159079840618665E+03
   8.4167700000000000E+08   2.9376353487403212E+04   1.7523618266389855E-09   1.0838416497655913E-19   3.1103196166268299E+03
   8.4367700000000000E+08   2.9498661091266211E+04   1.7139875134100257E-09   1.0620369284929569E-19   3.1046675840041139E+03
   8.4567700000000000E+08   2.9622950316933784E+04   1.6766338377372962E-09   1.0408065084536431E-19   3.0989552077876283E+03
   8.4767700000000000E+08   2.9749177222180191E+04   1.6402684952449217E-09   1.0201311871394590E-19   3.0931856738979891E+03
   8.4967700000000000E+08   2.9877300031436560E+04   1.6048603971475985E-09   9.9999256678950705E-20   3.0873620387375076E+03
   8.5167700000000000E+08   3.0007279233239791E+04   1.5703796170567668E-09   9.8037301372971885E-20   3.0814872351528952E+03
   8.5367700000000000E+08   3.0139077674691318E+04   1.5367973405338709E-09   9.6125562014582265E-20   3.0755640782039209E+03
   8.5567700000000000E+08   3.0272660643693998E+04   1.5040858171481471E-09   9.4262416807858397E-20   3.0695952707335982E+03
   8.5767700000000000E+08   3.0407995930570185E+04   1.4722183148267550E-09   9.2446309545410440E-20   3.0635834087334083E+03
   8.5967700000000000E+08   3.0545053861959230E+04   1.4411690763148671E-09   9.0675746398500552E-20   3.0575309864954834E+03
   8.6167700000000000E+08   3.0683807301553967E+04   1.4109132775923109E-09   8.8949292880028600E-20   3.0514404015431883E+03
   8.6367700000000000E+08   3.0824231614163527E+04   1.3814269881203955E-09   8.7265570968204410E-20   3.0453139593315227E+03
   8.6567700000000000E+08   3.0966304591671113E+04   1.3526871328170221E-09   8.5623256380561262E-20   3.0391538777099504E+03
   8.6767700000000000E+08   3.1110006341534998E+04   1.3246714556793356E-09   8.4021075989574520E-20   3.0329622911418401E+03
   8.6967700000000000E+08   3.1255319140447675E+04   1.2973584849906497E-09   8.2457805372496164E-20   3.0267412546772393E+03
   8.7167700000000000E+08   3.1402227257491577E+04   1.2707275000617412E-09   8.0932266489097967E-20   3.0204927476783446E+03
   8.7367700000000000E+08   3.1550716752516717E+04   1.2447584994660730E-09   7.9443325481830305E-20   3.0142186773002795E+03
   8.7567700000000000E+08   3.1700775256454937E+04   1.2194321707340057E-09   7.7989890593466594E-20   3.0079208817328708E+03
   8.7767700000000000E+08   3.1852391740831095E+04   1.1947298614732553E-09   7.6570910197645909E-20   3.0016011332121807E+03
   8.7967700000000000E+08   3.2005556283853231E+04   1.1706335518820706E-09   7.5185370937876174E-20   2.9952611408133071E+03
   8.8167700000000000E+08   3.2160259840164537E+04   1.1471258286188069E-09   7.3832295970573977E-20   2.9889025530383547E+03
   8.8367700000000000E+08   3.2316494020728187E+04   1.1241898599869676E-09   7.2510743307613143E-20   2.9825269602152198E+03
   8.8567700000000000E+08   3.2474250888449526E+04   1.1018093723895067E-09   7.1219804253693382E-20   2.9761358967241817E+03
   8.8767700000000000E+08   3.2633522774220408E+04   1.0799686280000963E-09   6.9958601933623583E-20   2.9697308430698959E+03
   8.8967700000000000E+08   3.2794302117404244E+04   1.0586524035921445E-09   6.8726289904321611E-20   2.9633132278168036E+03
   8.9167700000000000E+08   3.2956581334981493E+04   1.0378459704569424E-09   6.7522050845862017E-20   2.9568844294059672E+03
   8.9367700000000000E+08   3.3120352726003657E+04   1.0175350753262058E-09   6.6345095324949494E-20   2.9504457778720948E+03
   8.9567700000000000E+08   3.3285608425394516E+04   9.9770592218247725E-10   6.5194660622143033E-20   2.9439985564820486E+03
   8.9767700000000000E+08   3.3452340438575462E+04   9.7834515477634056E-10   6.4070009609810146E-20   2.9375440033233140E+03
   8.9967700000000000E+08   3.3620540823950367E+04   9.5943983954731244E-10   6.2970429659379329E-20   2.9310833128878057E+03
   9.0167700000000000E+08   3.3790202153052254E+04   9.4097744844041010E-10   6.1895231542109826E-20   2.9246176377304573E+03
   9.0367700000000000E+08   3.3961318468950478E+04   9.2294584083329077E-10   6.0843748267748123E-20   2.9181480903421348E+03
   9.0567700000000000E+08   3.4133887050924888E+04   9.0533324356673939E-10   5.9815333788408700E-20   2.9116757454647181E+03
   9.0767700000000000E+08   3.4307911271461177E+04   8.8812822828034722E-10   5.8809361506315033E-20   2.9052016431701286E+03
   9.0967700000000000E+08   3.4483404478406650E+04   8.7131968662590537E-10   5.7825222614321662E-20   2.8987267930466751E+03
   9.1167700000000000E+08   3.4660393845679195E+04   8.5489680737248712E-10   5.6862324532564485E-20   2.8922521796237725E+03
   9.1367700000000000E+08   3.4838921370421551E+04   8.3884906513000480E-10   5.5920090103280482E-20   2.8857787684986361E+03
   9.1567700000000000E+08   3.5019037254049632E+04   8.2316623603150233E-10   5.4997958615053416E-20   2.8793075113832538E+03
   9.1767700000000000E+08   3.5200780811508732E+04   8.0783845441716659E-10   5.4095389683852740E-20   2.8728393467911806E+03
   9.1967700000000000E+08   3.5384148989526722E+04   7.9285630640534540E-10   5.3211869821523859E-20   2.8663751924768039E+03
   9.2167700000000000E+08   3.5569064235375270E+04   7.7821091807954698E-10   5.2346918905599511E-20   2.8599159278378902E+03
   9.2367700000000000E+08   3.5755366174089875E+04   7.6389395640608563E-10   5.1500090934604742E-20   2.8534623703423872E+03
   9.2567700000000000E+08   3.5942850940378026E+04   7.4989747287051552E-10   5.0670964034960618E-20   2.8470152573266287E+03
   9.2767700000000000E+08   3.6131351507533131E+04   7.3621361770840704E-10   4.9859121213660921E-20   2.8405752466247313E+03
   9.2967700000000000E+08   3.6320806182547763E+04   7.2283440186372357E-10   4.9064133709896676E-20   2.8341429396305402E+03
   9.3167700000000000E+08   3.6511256722721111E+04   7.0975173240262261E-10   4.8285562624098370E-20   2.8277189129262233E+03
   9.3367700000000000E+08   3.6702766982512359E+04   6.9695767417903640E-10   4.7522976271912851E-20   2.8213037370379311E+03
   9.3567700000000000E+08   3.6895348042383222E+04   6.8444466000490223E-10   4.6775964662922137E-20   2.8148979727571755E+03
   9.3767700000000000E+08   3.7089029910617945E+04   6.7220566800257031E-10   4.6044152006193434E-20   2.8085021625356489E+03
   9.3967700000000000E+08   3.7284031511684298E+04   6.6023447714391503E-10   4.5327214245185889E-20   2.8021168526345082E+03
   9.4167700000000000E+08   3.7480725550958872E+04   6.4852547638409396E-10   4.4624865625748241E-20   2.7957426481134808E+03
   9.4367700000000000E+08   3.7679278591603448E+04   6.3707253682429874E-10   4.3936781051083664E-20   2.7893802353621459E+03
   9.4567700000000000E+08   3.7879315182054626E+04   6.2586787296889624E-10   4.3262518194529969E-20   2.7830303050774151E+03
   9.4767700000000000E+08   3.8080028237167004E+04   6.1490242168498019E-10   4.2601544619937785E-20   2.7766934076608854E+03
   9.4967700000000000E+08   3.8280706946945611E+04   6.0416761218872786E-10   4.1953360817127579E-20   2.7703698651552095E+03
   9.5167700000000000E+08   3.8481218743943988E+04   5.9365688444269293E-10   4.1317605164013245E-20   2.7640598266897250E+03
   9.5367700000000000E+08   3.8682239272143139E+04   5.8336588392786060E-10   4.0694066416045549E-20   2.7577634369291918E+03
   9.5567700000000000E+08   3.8884754199992683E+04   5.7329126802243911E-10   4.0082599706770409E-20   2.7514809917969064E+03
   9.5767700000000000E+08   3.9089087440404794E+04   5.6342902226523221E-10   3.9483009049575438E-20   2.7452129687511656E+03
   9.5967700000000000E+08   3.9295032559840161E+04   5.5377410776680947E-10   3.8895023952363199E-20   2.7389599018999929E+03
   9.6167700000000000E+08   3.9502418262361396E+04   5.4432124470901151E-10   3.8318355243638812E-20   2.7327222770931667E+03
   9.6367700000000000E+08   3.9711131991026406E+04   5.3506532076824175E-10   3.7752723605194945E-20   2.7265005329319019E+03
   9.6567700000000000E+08   3.9921101029423902E+04   5.2600142169140161E-10   3.7197861643726985E-20   2.7202950718535658E+03
   9.6767700000000000E+08   4.0132276235682082E+04   5.1712481050933666E-10   3.6653512394523027E-20   2.7141062691372813E+03
   9.6967700000000000E+08   4.0344623107289095E+04   5.0843090960336286E-10   3.6119428062045437E-20   2.7079344787468804E+03
   9.7167700000000000E+08   4.0558116742182392E+04   4.9991528889096760E-10   3.5595369213227795E-20   2.7017800371905296E+03
   9.7367700000000000E+08   4.0772738890416294E+04   4.9157365585368424E-10   3.5081104111756789E-20   2.6956432662162661E+03
   9.7567700000000000E+08   4.0988476001175972E+04   4.8340184638679213E-10   3.4576408115079788E-20   2.6895244747877246E+03
   9.7767700000000000E+08   4.1205317621811148E+04   4.7539581713602488E-10   3.4081063179190288E-20   2.6834239605379139E+03
   9.7967700000000000E+08   4.1423255140009125E+04   4.6755163917950287E-10   3.3594857460577814E-20   2.6773420108085106E+03
   9.8167700000000000E+08   4.1642281029432663E+04   4.5986549242758439E-10   3.3117584969599255E-20   2.6712789033956155E+03
   9.8367700000000000E+08   4.1862388473890533E+04   4.5233366069877069E-10   3.2649045271190821E-20   2.6652349071200501E+03
   9.8567700000000000E+08   4.2083571143207380E+04   4.4495252768521958E-10   3.2189043247995225E-20   2.6592102822936426E+03
   9.8767700000000000E+08   4.2305823026341321E+04   4.3771857362870507E-10   3.1737388913331862E-20   2.6532052811157650E+03
   9.8967700000000000E+08   4.2529138240237568E+04   4.3062837234054055E-10   3.1293897247860341E-20   2.6472201480161052E+03
   9.9167700000000000E+08   4.2753510726045373E+04   4.2367858832988238E-10   3.0858388043122918E-20   2.6412551199380441E+03
   9.9367700000000000E+08   4.2978933978264045E+04   4.1686597396945857E-10   3.0430685746923192E-20   2.6353104265515954E+03
   9.9567700000000000E+08   4.3205401273344942E+04   4.1018736703650306E-10   3.0010619334786788E-20   2.6293862904302428E+03
   9.9767700000000000E+08   4.3432906964657712E+04   4.0363968956162382E-10   2.9598022274858551E-20   2.6234829273150722E+03
   9.9967700000000000E+08   4.3661449076125544E+04   3.9721994894499217E-10   2.9192732655989630E-20   2.6176005466724023E+03
   1.0016770000000000E+09   4.3891032597828591E+04   3.9092524114682001E-10   2.8794593465387556E-20   2.6117393527487525E+03
   1.0036770000000000E+09   4.4121672506606010E+04   3.8475275502453186E-10   2.8403452949407024E-20   2.6058995461903555E+03
   1.0056770000000000E+09   4.4353394377048557E+04   3.7869977319404555E-10   2.8019164718639192E-20   2.6000813260955374E+03
   1.0076770000000000E+09   4.4586230707237817E+04   3.7276366122662384E-10   2.7641586991614771E-20   2.5942848920067972E+03
   1.0096770000000000E+09   4.4820213186556713E+04   3.6694184966793697E-10   2.7270581306369395E-20   2.5885104449438118E+03
   1.0116770000000000E+09   4.5055363566647204E+04   3.6123181803809488E-10   2.6906011379590795E-20   2.5827581868277771E+03
   1.0136770000000000E+09   4.5291686520564748E+04   3.5563108343227148E-10   2.6547742309130352E-20   2.5770283183624397E+03
   1.0156770000000000E+09   4.5529163501002076E+04   3.5013719159221751E-10   2.6195639960510102E-20   2.5713210357765197E+03
   1.0176770000000000E+09   4.5767749372610808E+04   3.4474771087729184E-10   2.5849570567703761E-20   2.5656365268134650E+03
   1.0196770000000000E+09   4.6007377895743884E+04   3.3946023789501013E-10   2.5509401203086586E-20   2.5599749665984027E+03
   1.0216770000000000E+09   4.6247972942879125E+04   3.3427241354773619E-10   2.5175001023361975E-20   2.5543365147138798E+03
   1.0236770000000000E+09   4.6489459980165506E+04   3.2918194054300665E-10   2.4846242620087301E-20   2.5487213143867939E+03
   1.0256770000000000E+09   4.6731776192420686E+04   3.2418659718118571E-10   2.4523003087014388E-20   2.5431294936645804E+03
   1.0276770000000000E+09   4.6974877014989819E+04   3.1928424495688615E-10   2.4205164618625684E-20   2.5375611681603427E+03
   1.0296770000000000E+09   4.7218738250168601E+04   3.1447282919961822E-10   2.3892614581730346E-20   2.5320164446424687E+03
   1.0316770000000000E+09   4.7463354234650476E+04   3.0975037388372773E-10   2.3585245145770074E-20   2.5264954246960447E+03
   1.0336770000000000E+09   4.7708733375730109E+04   3.0511497284793245E-10   2.3282952641637970E-20   2.5209982078371213E+03
   1.0356770000000000E+09   4.7954892628994654E+04   3.0056477987324257E-10   2.2985636834837398E-20   2.5155248937249207E+03
   1.0376770000000000E+09   4.8201852257963590E+04   2.9609799958472387E-10   2.2693200262318928E-20   2.5100755833886492E+03
   1.0396770000000000E+09   4.8449631728617169E+04   2.9171288032163618E-10   2.2405547720018875E-20   2.5046503795926919E+03
   1.0416770000000000E+09   4.8698247069992751E+04   2.8740770930724443E-10   2.2122585926180854E-20   2.4992493865772308E+03
   1.0436770000000000E+09   4.8947709620458525E+04   2.8318080986801681E-10   2.1844223341107851E-20   2.4938727094367869E+03
   1.0456770000000000E+09   4.9198025840781062E+04   2.7903054016256166E-10   2.1570370101820790E-20   2.4885204533629317E+03
   1.0476770000000000E+09   4.9449197803200928E+04   2.7495529282845343E-10   2.1300938026077045E-20   2.4831927229117978E+03
   1.0496770000000000E+09   4.9701224007271507E+04   2.7095349504875256E-10   2.1035840647387402E-20   2.4778896213883868E+03
   1.0516770000000000E+09   4.9954100266618167E+04   2.6702360869430050E-10   2.0774993254544157E-20   2.4726112503836666E+03
   1.0536770000000000E+09   5.0207820512423583E+04   2.6316413034820177E-10   2.0518312920770591E-20   2.4673577094627562E+03
   1.0556770000000000E+09   5.0462377444199614E+04   2.5937359113288756E-10   2.0265718516411960E-20   2.4621290959820758E+03
   1.0576770000000000E+09   5.0717763015308992E+04   2.5565055633371746E-10   2.0017130704782227E-20   2.4569255050059883E+03
   1.0596770000000000E+09   5.0973968771854234E+04   2.5199362485200197E-10   1.9772471923797227E-20   2.4517470292942230E+03
   1.0616770000000000E+09   5.1230986076208559E+04   2.4840142853370532E-10   1.9531666357061366E-20   2.4465937593360482E+03
   1.0636770000000000E+09   5.1488806247170702E+04   2.4487263141901375E-10   1.9294639897987255E-20   2.4414657834131172E+03
   1.0656770000000000E+09   5.1747420643690406E+04   2.4140592895002326E-10   1.9061320109906273E-20   2.4363631876783402E+03
   1.0676770000000000E+09   5.2006820712592053E+04   2.3800004716375476E-10   1.8831636184339459E-20   2.4312860562426113E+03
   1.0696770000000000E+09   5.2266998014622179E+04   2.3465374188881179E-10   1.8605518898899975E-20   2.4262344712643285E+03
   1.0716770000000000E+09   5.2527944238494711E+04   2.3136579795716449E-10   1.8382900575759623E-20   2.4212085130389214E+03
   1.0736770000000000E+09   5.2789651209337091E+04   2.2813502843766183E-10   1.8163715041227148E-20   2.4162082600869044E+03
   1.0756770000000000E+09   5.3052110895579906E+04   2.2496027389467334E-10   1.7947897586731199E-20   2.4112337892399805E+03
   1.0776770000000000E+09   5.3315315416572550E+04   2.2184040167292875E-10   1.7735384931316159E-20   2.4062851757251110E+03
   1.0796770000000000E+09   5.3579257051767221E+04   2.1877430520801207E-10   1.7526115185628691E-20   2.4013624932468288E+03
   1.0816770000000000E+09   5.3843928251204452E+04   2.1576090336088729E-10   1.7320027817286171E-20   2.3964658140680599E+03
   1.0836770000000000E+09   5.4109321646365206E+04   2.1279913977427864E-10   1.7117063617472400E-20   2.3915952090896299E+03
   1.0856770000000000E+09   5.4375430060238163E+04   2.0988798224874184E-10   1.6917164668605347E-20   2.3867507479285327E+03
   1.0876770000000000E+09   5.4642246515658058E+04   2.0702642213663930E-10   1.6720274312950930E-20   2.3819324989948227E+03
   1.0896770000000000E+09   5.4909764241407276E+04   2.0421347375282498E-10   1.6526337122103318E-20   2.3771405295668937E+03
   1.0916770000000000E+09   5.5177976676025537E+04   2.0144817380140583E-10   1.6335298867296490E-20   2.3723749058648923E+03
   1.0936770000000000E+09   5.5446877469599051E+04   1.9872958081831361E-10   1.6147106490540931E-20   2.3676356931219752E+03
   1.0956770000000000E+09   5.5716460483887495E+04   1.9605677462956825E-10   1.5961708076590600E-20   2.3629229556532109E+03
   1.0976770000000000E+09   5.5986719791054427E+04   1.9342885582504526E-10   1.5779052825739361E-20   2.3582367569219427E+03
   1.0996770000000000E+09   5.6257649671036495E+04   1.9084494524740071E-10   1.5599091027432643E-20   2.3535771596035074E+03
   1.1016770000000000E+09   5.6529244607331515E+04   1.8830418349564373E-10   1.5421774034666515E-20   2.3489442256461439E+03
   1.1036770000000000E+09   5.6801499280796743E+04   1.8580573044271694E-10   1.5247054239135122E-20   2.3443380163289662E+03
   1.1056770000000000E+09   5.7074408560922013E+04   1.8334876476643490E-10   1.5074885047086273E-20   2.3397585923167899E+03
   1.1076770000000000E+09   5.7347967494026590E+04   1.8093248349315317E-10   1.4905220855846660E-20   2.3352060137115200E+03
   1.1096770000000000E+09   5.7622171287855366E+04   1.7855610155366726E-10   1.4738017030987633E-20   2.3306803400998328E+03
   1.1116770000000000E+09   5.7897015292148797E+04   1.7621885135092042E-10   1.4573229884109412E-20   2.3261816305967395E+03
   1.1136770000000000E+09   5.8172494974838126E+04   1.7391998233923022E-10   1.4410816651231572E-20   2.3217099438846662E+03
   1.1156770000000000E+09   5.8448605893622298E+04   1.7165876061480973E-10   1.4250735471783180E-20   2.3172653382476087E+03
   1.1176770000000000E+09   5.8725343662765335E+04   1.6943446851741331E-10   1.4092945368189947E-20   2.3128478715999640E+03
   1.1196770000000000E+09   5.9002703915031496E+04   1.6724640424295448E-10   1.3937406226057263E-20   2.3084576015095786E+03
   1.1216770000000000E+09   5.9280682258753026E+04   1.6509388146693894E-10   1.3784078774946949E-20   2.3040945852146397E+03
   1.1236770000000000E+09   5.9559274230106370E+04   1.6297622897853169E-10   1.3632924569743523E-20   2.2997588796339860E+03
   1.1256770000000000E+09   5.9838475240776490E+04   1.6089279032501425E-10   1.3483905972599847E-20   2.2954505413704965E+03
   1.1276770000000000E+09   6.0118280521284323E+04   1.5884292346634319E-10   1.3336986135447901E-20   2.2911696267072193E+03
   1.1296770000000000E+09   6.0398685060382741E+04   1.5682600043944470E-10   1.3192128983053212E-20   2.2869161915959817E+03
   1.1316770000000000E+09   6.0679683541078688E+04   1.5484140703179038E-10   1.3049299196583208E-20   2.2826902916382496E+03
   1.1336770000000000E+09   6.0961270273993956E+04   1.5288854246372210E-10   1.2908462197652314E-20   2.2784919820581194E+03
   1.1356770000000000E+09   6.1243439128961589E+04   1.5096681907889608E-10   1.2769584132797151E-20   2.2743213176673894E+03
   1.1376770000000000E+09   6.1526183465944356E+04   1.4907566204212640E-10   1.2632631858326514E-20   2.2701783528227593E+03
   1.1396770000000000E+09   6.1809496066565604E+04   1.4721450904382730E-10   1.2497572925482233E-20   2.2660631413753699E+03
   1.1416770000000000E+09   6.2093369067743188E+04   1.4538281001016796E-10   1.2364375565838542E-20   2.2619757366129797E+03
   1.1436770000000000E+09   6.2377793899110817E+04   1.4358002681800019E-10   1.2233008676861108E-20   2.2579161911952679E+03
   1.1456770000000000E+09   6.2662761226094568E+04   1.4180563301357215E-10   1.2103441807541243E-20   2.2538845570829067E+03
   1.1476770000000000E+09   6.2948260900658075E+04   1.4005911353402517E-10   1.1975645144017578E-20   2.2498808854612303E+03
   1.1496770000000000E+09   6.3234281921842980E+04   1.3833996443068657E-10   1.1849589495097230E-20   2.2459052266594922E+03
   1.1516770000000000E+09   6.3520812408287020E+04   1.3664769259321229E-10   1.1725246277590135E-20   2.2419576300669260E+03
   1.1536770000000000E+09   6.3807839584886548E+04   1.3498181547373683E-10   1.1602587501377785E-20   2.2380381440469678E+03
   1.1556770000000000E+09   6.4095349785687533E+04   1.3334186081029376E-10   1.1481585754145356E-20   2.2341468158511943E+03
   1.1576770000000000E+09   6.4383328474892878E+04   1.3172736634897231E-10   1.1362214185722630E-20   2.2302836915346857E+03
   1.1596770000000000E+09   6.4671760287603916E+04   1.3013787956446611E-10   1.1244446491995232E-20   2.2264488158746021E+03
   1.1616770000000000E+09   6.4960629091515948E+04   1.2857295737895173E-10   1.1128256898371610E-20   2.2226422322939334E+03
   1.1636770000000000E+09   6.5249918070303007E+04   1.2703216587951442E-10   1.1013620142816294E-20   2.2188639827923266E+03
   1.1656770000000000E+09   6.5539609828836561E+04   1.2551508003467236E-10   1.0900511458489628E-20   2.2151141078859750E+03
   1.1676770000000000E+09   6.5829686519703406E+04   1.2402128341088690E-10   1.0788906556065398E-20   2.2113926465584127E+03
   1.1696770000000000E+09   6.6120129989753681E+04   1.2255036789029469E-10   1.0678781605830201E-20   2.2076996362239902E+03
   1.1716770000000000E+09   6.6410921944619608E+04   1.2110193339122903E-10   1.0570113219700438E-20   2.2040351127055483E+03
   1.1736770000000000E+09   6.6702044128365349E+04   1.1967558759339250E-10   1.0462878433322045E-20   2.2003991102275900E+03
   1.1756770000000000E+09   6.6993478514662871E+04   1.1827094566979248E-10   1.0357054688443809E-20   2.1967916614259038E+03
   1.1776770000000000E+09   6.7285207505209648E+04   1.1688763002771576E-10   1.0252619815774173E-20   2.1932127973742031E+03
   1.1796770000000000E+09   6.7577214130527398E+04   1.1552527006110543E-10   1.0149552018543303E-20   2.1896625476279487E+03
   1.1816770000000000E+09   6.7869482247872278E+04   1.1418350191666632E-10   1.0047829856993828E-20   2.1861409402850177E+03
   1.1836770000000000E+09   6.8161996730767802E+04   1.1286196827588580E-10   9.9474322340156284E-21   2.1826480020624526E+03
   1.1856770000000000E+09   6.8454743644675007E+04   1.1156031815489407E-10   9.8483383821207714E-21   2.1791837583880447E+03
   1.1876770000000000E+09   6.8747710403556790E+04   1.1027820672370557E-10   9.7505278519244774E-21   2.1757482335050377E+03
   1.1896770000000000E+09   6.9040885902561902E+04   1.0901529514592106E-10   9.6539805022594920E-21   2.1723414505878718E+03
   1.1916770000000000E+09   6.9334260622779751E+04   1.0777125043940595E-10   9.5586764920029156E-21   2.1689634318665244E+03
   1.1936770000000000E+09   6.9627826704899620E+04   1.0654574535786431E-10   9.4645962736421814E-21   2.1656141987567571E+03
   1.1956770000000000E+09   6.9921577989660538E+04   1.0533845829262337E-10   9.3717205885523753E-21   2.1622937719934157E+03
   1.1976770000000000E+09   7.0215510024143325E+04   1.0414907319332585E-10   9.2800304639006605E-21   2.1590021717638292E+03
   1.1996770000000000E+09   7.0509620034121894E+04   1.0297727950570022E-10   9.1895072110434974E-21   2.1557394178384184E+03
   1.2016770000000000E+09   7.0803906863870885E+04   1.0182277212410153E-10   9.1001324252361940E-21   2.1525055296957312E+03
   1.2036770000000000E+09   7.1098370885906465E+04   1.0068525135615449E-10   9.0118879864375442E-21   2.1493005266393484E+03
   1.2056770000000000E+09   7.1393013884103028E+04   9.9564422896579654E-11   8.9247560609648048E-21   2.1461244279043926E+03
   1.2076770000000000E+09   7.1687838914434862E+04   9.8459997807147713E-11   8.8387191037368221E-21   2.1429772527517416E+03
   1.2096770000000000E+09   7.1982850148194600E+04   9.7371692499711495E-11   8.7537598608379422E-21   2.1398590205484597E+03
   1.2116770000000000E+09   7.2278052702987246E+04   9.6299228719344604E-11   8.6698613721372669E-21   2.1367697508333945E+03
   1.2136770000000000E+09   7.2573452466977396E+04   9.5242333524837589E-11   8.5870069737126022E-21   2.1337094633673523E+03
   1.2156770000000000E+09   7.2869055921881794E+04   9.4200739264085813E-11   8.5051802998495010E-21   2.1306781781677068E+03
   1.2176770000000000E+09   7.3164869969985797E+04   9.3174183542269292E-11   8.4243652844147388E-21   2.1276759155277514E+03
   1.2196770000000000E+09   7.3460901770020355E+04   9.2162409181166496E-11   8.3445461614404226E-21   2.1247026960214503E+03
   1.2216770000000000E+09   7.3757158586122721E+04   9.1165164168416293E-11   8.2657074647949730E-21   2.1217585404946658E+03
   1.2236770000000000E+09   7.4053647653282984E+04   9.0182201596069726E-11   8.1878340268636887E-21   2.1188434700441517E+03
   1.2256770000000000E+09   7.4350376061738600E+04   8.9213279588281695E-11   8.1109109762070135E-21   2.1159575059858266E+03
   1.2276770000000000E+09   7.4647350661702541E+04   8.8258161218530551E-11   8.0349237342136454E-21   2.1131006698140131E+03
   1.2296770000000000E+09   7.4944577988763238E+04   8.7316614417201711E-11   7.9598580108076757E-21   2.1102729831532938E+03
   1.2316770000000000E+09   7.5242064209254953E+04   8.6388411870784410E-11   7.8856997993081910E-21   2.1074744677046642E+03
   1.2336770000000000E+09   7.5539815084014917E+04   8.5473330914223264E-11   7.8124353705690072E-21   2.1047051451875104E+03
   1.2356770000000000E+09   7.5837835948259672E+04   8.4571153418151598E-11   7.7400512665458035E-21   2.1019650372787951E+03
   1.2376770000000000E+09   7.6136131704866522E+04   8.3681665672788437E-11   7.6685342934460132E-21   2.0992541655506093E+03
   1.2396770000000000E+09   7.6434706828170660E+04   8.2804658270224786E-11   7.5978715146145053E-21   2.0965725514070587E+03
   1.2416770000000000E+09   7.6733565375441700E+04   8.1939925986664995E-11   7.5280502432963804E-21   2.0939202160211580E+03
   1.2436770000000000E+09   7.7032711003446515E+04   8.1087267665964074E-11   7.4590580353997231E-21   2.0912971802722891E+03
   1.2456770000000000E+09   7.7332146987864020E+04   8.0246486105551459E-11   7.3908826823604034E-21   2.0887034646844877E+03
   1.2476770000000000E+09   7.7631876243764869E+04   7.9417387945551676E-11   7.3235122041865775E-21   2.0861390893657622E+03
   1.2496770000000000E+09   7.7931901345757404E+04   7.8599783561686658E-11   7.2569348427409691E-21   2.0836040739484711E+03
   1.2516770000000000E+09   7.8232224546812533E+04   7.7793486962323436E-11   7.1911390552993618E-21   2.0810984375307094E+03
   1.2536770000000000E+09   7.8532847795097900E+04   7.6998315689866520E-11   7.1261135084088463E-21   2.0786221986186297E+03
   1.2556770000000000E+09   7.8833772748445030E+04   7.6214090726547367E-11   7.0618470720561360E-21   2.0761753750695179E+03
   1.2576770000000000E+09   7.9135000786279503E+04   7.5440636404571846E-11   6.9983288141475599E-21   2.0737579840354992E+03
   1.2596770000000000E+09   7.9436533019055365E+04   7.4677780320497363E-11   6.9355479952940069E-21   2.0713700419077095E+03
   1.2616770000000000E+09   7.9738370295370216E+04   7.3925353253653122E-11   6.8734940638884222E-21   2.0690115642607670E+03
   1.2636770000000000E+09   8.0040513207022203E+04   7.3183189088393333E-11   6.8121566514608369E-21   2.0666825657974309E+03
   1.2656770000000000E+09   8.0342962092328991E+04   7.2451124739951375E-11   6.7515255682936045E-21   2.0643830602933299E+03
   1.2676770000000000E+09   8.0645717037999566E+04   7.1729000083678753E-11   6.6915907992805299E-21   2.0621130605416688E+03
   1.2696770000000000E+09   8.0948777879809670E+04   7.1016657887473374E-11   6.6323425000152687E-21   2.0598725782978590E+03
   1.2716770000000000E+09   8.1252144202254291E+04   7.0313943747226674E-11   6.5737709930962835E-21   2.0576616242240184E+03
   1.2736770000000000E+09   8.1555815337263790E+04   6.9620706025155049E-11   6.5158667646388705E-21   2.0554802078333087E+03
   1.2756770000000000E+09   8.1859790362021187E+04   6.8936795790891386E-11   6.4586204609854898E-21   2.0533283374340685E+03
   1.2776770000000000E+09   8.2164068095865616E+04   6.8262066765227572E-11   6.4020228856068410E-21   2.0512060200737328E+03
   1.2796770000000000E+09   8.2468647096236222E+04   6.7596375266401309E-11   6.3460649961862320E-21   2.0491132614825019E+03
   1.2816770000000000E+09   8.2773525653593722E+04   6.6939580158813372E-11   6.2907379018789865E-21   2.0470500660167338E+03
   1.2836770000000000E+09   8.3078701785219571E+04   6.6291542804064271E-11   6.2360328607387169E-21   2.0450164366020301E+03
   1.2856770000000000E+09   8.3384173227740815E+04   6.5652127014198821E-11   6.1819412773021089E-21   2.0430123746759959E+03
   1.2876770000000000E+09   8.3689937428167803E+04   6.5021199007053123E-11   6.1284547003243997E-21   2.0410378801306042E+03
   1.2896770000000000E+09   8.3995991533119828E+04   6.4398627363616003E-11   6.0755648206591298E-21   2.0390929512541472E+03
   1.2916770000000000E+09   8.4302332375801503E+04   6.3784282987334917E-11   6.0232634692774996E-21   2.0371775846726885E+03
   1.2936770000000000E+09   8.4608956460120055E+04   6.3178039065333718E-11   5.9715426154261252E-21   2.0352917752909216E+03
   1.2956770000000000E+09   8.4915859941142553E+04   6.2579771031547139E-11   5.9203943649254991E-21   2.0334355162323227E+03
   1.2976770000000000E+09   8.5223038600889588E+04   6.1989356531829494E-11   5.8698109586165240E-21   2.0316087987784288E+03
   1.2996770000000000E+09   8.5530487818348949E+04   6.1406675391113739E-11   5.8197847709643917E-21   2.0298116123070233E+03
   1.3016770000000000E+09   8.5838202532668380E+04   6.0831609582680954E-11   5.7703083088276127E-21   2.0280439442289701E+03
   1.3036770000000000E+09   8.6146177198978417E+04   6.0264043199476513E-11   5.7213742103883748E-21   2.0263057799233702E+03
   1.3056770000000000E+09   8.6454405737450303E+04   5.9703862427130262E-11   5.6729752442136442E-21   2.0245971026707646E+03
   1.3076770000000000E+09   8.6762881478253083E+04   5.9150955517841714E-11   5.6251043083688147E-21   2.0229178935841289E+03
   1.3096770000000000E+09   8.7071597108220172E+04   5.8605212763557480E-11   5.5777544294346810E-21   2.0212681315376303E+03
   1.3116770000000000E+09   8.7380544629251366E+04   5.8066526465902388E-11   5.5309187611844671E-21   2.0196477930935032E+03
   1.3136770000000000E+09   8.7689715343309566E+04   5.7534790899262798E-11   5.4845905825733589E-21   2.0180568524279722E+03
   1.3156770000000000E+09   8.7999099883405725E+04   5.7009902262496139E-11   5.4387632946005733E-21   2.0164952812580352E+03
   1.3176770000000000E+09   8.8308688312604980E+04   5.6491758614339018E-11   5.3934304155610173E-21   2.0149630487718634E+03
   1.3196770000000000E+09   8.8618470311790748E+04   5.5980259788186392E-11   5.3485855742559412E-21   2.0134601215667467E+03
   1.3216770000000000E+09   8.8928435469459087E+04   5.5475307284001765E-11   5.3042225009281869E-21   2.0119864635993181E+03
   1.3236770000000000E+09   8.9238573671693652E+04   5.4976804138983743E-11   5.2603350160566228E-21   2.0105420361532310E+03
   1.3256770000000000E+09   8.9548875567877476E+04   5.4484654784103644E-11   5.2169170176739033E-21   2.0091267978289034E+03
   1.3276770000000000E+09   8.9859333060513338E+04   5.3998764899961848E-11   5.1739624684880909E-21   2.0077407045582349E+03
   1.3296770000000000E+09   9.0169939742095507E+04   5.3519041291012998E-11   5.1314653846414936E-21   2.0063837096441662E+03
   1.3316770000000000E+09   9.0480691187344783E+04   5.3045391799928781E-11   5.0894198282211635E-21   2.0050557638207451E+03
   1.3336770000000000E+09   9.0791585014989891E+04   5.2577725281535768E-11   5.0478199054322009E-21   2.0037568153249772E+03
   1.3356770000000000E+09   9.1102620666438175E+04   5.2115951646973318E-11   5.0066597715166790E-21   2.0024868099678176E+03
   1.3376770000000000E+09   9.1413798908264653E+04   5.1659981973971756E-11   4.9659336420884582E-21   2.0012456911901327E+03
   1.3396770000000000E+09   9.1725121139898867E+04   5.1209728661420049E-11   4.9256358088385200E-21   2.0000334000908892E+03
   1.3416770000000000E+09   9.2036588655041545E+04   5.0765105591030294E-11   4.8857606560601238E-21   1.9988498754200255E+03
   1.3436770000000000E+09   9.2348202037886731E+04   5.0326028252246411E-11   4.8463026737632825E-21   1.9976950535364051E+03
   1.3456770000000000E+09   9.2659960851398617E+04   4.9892413793390600E-11   4.8072564637675120E-21   1.9965688683400094E+03
   1.3476770000000000E+09   9.2971863690936167E+04   4.9464180982874795E-11   4.7686167371413992E-21   1.9954712511942246E+03
   1.3496770000000000E+09   9.3283908554632872E+04   4.9041250093539158E-11   4.7303783041711749E-21   1.9944021308560543E+03
   1.3516770000000000E+09   9.3596093367436712E+04   4.8623542750099857E-11   4.6925360606590609E-21   1.9933614334280994E+03
   1.3536770000000000E+09   9.3908416440592904E+04   4.8210981792242641E-11   4.6550849756054091E-21   1.9923490823373097E+03
   1.3556770000000000E+09   9.4220876685176321E+04   4.7803491196777445E-11   4.6180200844938860E-21   1.9913649983350415E+03
   1.3576770000000000E+09   9.4533473518138009E+04   4.7400996073807399E-11   4.5813364896798952E-21   1.9904090995054985E+03
   1.3596770000000000E+09   9.4846206547889000E+04   4.7003422716750066E-11   4.5450293659911596E-21   1.9894813012683746E+03
   1.3616770000000000E+09   9.5159075227047782E+04   4.6610698662033780E-11   4.5090939673018846E-21   1.9885815163670627E+03
   1.3636770000000000E+09   9.5472078656118290E+04   4.6222752714460299E-11   4.4735256298192815E-21   1.9877096548430181E+03
   1.3656770000000000E+09   9.5785215615078036E+04   4.5839514918468928E-11   4.4383197701364749E-21   1.9868656240047062E+03
   1.3676770000000000E+09   9.6098484755570360E+04   4.5460916489147636E-11   4.4034718793527968E-21   1.9860493284016864E+03
   1.3696770000000000E+09   9.6411884796606420E+04   4.5086889738802546E-11   4.3689775167083320E-21   1.9852606698100171E+03
   1.3716770000000000E+09   9.6725414588303567E+04   4.4717368031720736E-11   4.3348323059009875E-21   1.9844995472276523E+03
   1.3736770000000000E+09   9.7039073020247903E+04   4.4352285775306373E-11   4.3010319349039686E-21   1.9837658568730531E+03
   1.3756770000000000E+09   9.7352858866984985E+04   4.3991578428986155E-11   4.2675721575032595E-21   1.9830594921803975E+03
   1.3776770000000000E+09   9.7666770695563406E+04   4.3635182503153515E-11   4.2344487938713591E-21   1.9823803437897025E+03
   1.3796770000000000E+09   9.7980806890705659E+04   4.3283035534212373E-11   4.2016577288128318E-21   1.9817282995356277E+03
   1.3816770000000000E+09   9.8294965747036767E+04   4.2935076045086827E-11   4.1691949085744871E-21   1.9811032444402792E+03
   1.3836770000000000E+09   9.8609245524560960E+04   4.2591243513272089E-11   4.1370563383577351E-21   1.9805050607122257E+03
   1.3856770000000000E+09   9.8923644391221562E+04   4.2251478362684735E-11   4.1052380821214749E-21   1.9799336277489606E+03
   1.3876770000000000E+09   9.9238160210613249E+04   4.1915721984671589E-11   4.0737362652143177E-21   1.9793888221367442E+03
   1.3896770000000000E+09   9.9552790020836648E+04   4.1583916806638408E-11   4.0425470816540488E-21   1.9788705176388416E+03
   1.3916770000000000E+09   9.9867528574968877E+04   4.1256006500784684E-11   4.0116668150937914E-21   1.9783785851523219E+03
   1.3936770000000000E+09   1.0018236405903591E+05   4.0931936622878195E-11   3.9810919018071973E-21   1.9779128925758357E+03
   1.3956770000000000E+09   1.0049726607332134E+05   4.0611656441927849E-11   3.9508191100813630E-21   1.9774733044281832E+03
   1.3976770000000000E+09   1.0081215398624625E+05   4.0295123804639845E-11   3.9208460163692270E-21   1.9770596808099051E+03
   1.3996770000000000E+09   1.0112681906690773E+05   3.9982317182743591E-11   3.8911721840899433E-21   1.9766718747445498E+03
   1.4016770000000000E+09   1.0144074692017812E+05   3.9673263337899758E-11   3.8618018708489129E-21   1.9763097257867355E+03
   1.4036770000000000E+09   1.0175274782933200E+05   3.9368095449774393E-11   3.8327497187570691E-21   1.9759730456528453E+03
   1.4056770000000000E+09   1.0206027074226453E+05   3.9067162407727357E-11   3.8040514599276564E-21   1.9756615882644428E+03
   1.4076770000000000E+09   1.0235831486802438E+05   3.8771205693797897E-11   3.7757812612718282E-21   1.9753749925891711E+03
   1.4096770000000000E+09   1.0263808581023612E+05   3.8481585859781510E-11   3.7480739820185319E-21   1.9751126848755061E+03
   1.4116770000000000E+09   1.0288610304887738E+05   3.8200452055152245E-11   3.7211419735400356E-21   1.9748737341277481E+03
   1.4136770000000000E+09   1.0308525960283469E+05   3.7930611827719749E-11   3.6952627185730742E-21   1.9746566815667691E+03
   1.4156770000000000E+09   1.0321963301208786E+05   3.7674780209353976E-11   3.6707058739407950E-21   1.9744594188760627E+03
   1.4176770000000000E+09   1.0328319221833734E+05   3.7434109883436042E-11   3.6475898622508577E-21   1.9742792559420304E+03
   1.4196770000000000E+09   1.0328818930406732E+05   3.7206618697383301E-11   3.6257277811345665E-21   1.9741133288841640E+03
   1.4216770000000000E+09   1.0326514760167981E+05   3.6986926789037326E-11   3.6046003163901547E-21   1.9739593397808114E+03
   1.4236770000000000E+09   1.0325048473403510E+05   3.6768292761502687E-11   3.5835528204122127E-21   1.9738162782439156E+03
   1.4256770000000000E+09   1.0327203643079058E+05   3.6545522515958469E-11   3.5620786038039832E-21   1.9736845816515665E+03
   1.4276770000000000E+09   1.0335056207165684E+05   3.6315297218046764E-11   3.5398519511859739E-21   1.9735656413984648E+03
   1.4296770000000000E+09   1.0351687926583384E+05   3.6073315605397139E-11   3.5164502836087404E-21   1.9734614686485343E+03
   1.4316770000000000E+09   1.0379679247768671E+05   3.5812527494722651E-11   3.4911815935686791E-21   1.9733749230869855E+03
   1.4336770000000000E+09   1.0436465537612581E+05   3.5538268918750633E-11   3.4645548935901533E-21   1.9733126230632909E+03
   1.4356770000000000E+09   1.0329789058007099E+05   3.5145772407334725E-11   3.4263688861611222E-21   1.9732678776046814E+03
   6.5767700000000000E+08  -8.7203112558962530E+03   2.9033815541147043E-12   3.8779608068195827E-23   9.0769153257229289E+02
   6.5967700000000000E+08  -7.6642154560520185E+03   5.5752883615086091E-12   7.1593649127806543E-23   9.4412700924494800E+02
   6.6167700000000000E+08  -6.7791738426558886E+03   9.0910641869166909E-12   1.1330088907847092E-22   9.7278976494608526E+02
   6.6367700000000000E+08  -5.8225661733566540E+03   1.3578030016724212E-11   1.6470270322578973E-22   9.9947888477471815E+02
   6.6567700000000000E+08  -4.8359991805610052E+03   1.9434580316512873E-11   2.2903248192697753E-22   1.0287637990648454E+03
   6.6767700000000000E+08  -4.0374540214498529E+03   2.7415631146426813E-11   3.1304586761855122E-22   1.0617636659365050E+03
   6.6967700000000000E+08  -3.4793803924148710E+03   3.8375824978744762E-11   4.2319352326112849E-22   1.0994014328323381E+03
   6.7167700000000000E+08  -3.0296051953249348E+03   5.3092520619539611E-11   5.6319601496456022E-22   1.1429082233384320E+03
   6.7367700000000000E+08  -2.5426929609703407E+03   7.2037905741720076E-11   7.3031012311268146E-22   1.1958903030488950E+03
   6.7567700000000000E+08  -1.8306071815665730E+03   9.5291776034112831E-11   9.1292402544297240E-22   1.2654889900740375E+03
   6.7767700000000000E+08  -7.8510107260002508E+02   1.2256530399564130E-10   1.0920027830044696E-21   1.3607595403458697E+03
   6.7967700000000000E+08   5.2945973281465194E+02   1.5310154897743366E-10   1.2503698829933789E-21   1.4844947513418690E+03
   6.8167700000000000E+08   2.0121519657124979E+03   1.8573906461848925E-10   1.3841032427189358E-21   1.6269430622593122E+03
   6.8367700000000000E+08   3.6521506362908226E+03   2.1903472635274054E-10   1.4977259454567157E-21   1.7730386696431547E+03
   6.8567700000000000E+08   5.5517184701904262E+03   2.5163373812369076E-10   1.5955963288823212E-21   1.9119803613844022E+03
   6.8767700000000000E+08   7.7920556956427072E+03   2.8251454158496191E-10   1.6797320346423415E-21   2.0390993593824176E+03
   6.8967700000000000E+08   1.0399088149401981E+04   3.1102799814416802E-10   1.7509507545678388E-21   2.1535905642175640E+03
   6.9167700000000000E+08   1.3340948258053244E+04   3.3682356274060304E-10   1.8097992553466490E-21   2.2563665167773979E+03
   6.9367700000000000E+08   1.6581818188797581E+04   3.5985438892336019E-10   1.8575910048210009E-21   2.3486283063420533E+03
   6.9567700000000000E+08   2.0088970741009271E+04   3.8012350761900414E-10   1.8950185521777977E-21   2.4319175584993536E+03
   6.9767700000000000E+08   2.3815768749057195E+04   3.9773662716260568E-10   1.9229675476240227E-21   2.5076170716623410E+03
   6.9967700000000000E+08   2.7721292501345375E+04   4.1285629690926913E-10   1.9424156360506830E-21   2.5768808245851387E+03
   7.0167700000000000E+08   3.1771738380501265E+04   4.2566918814557573E-10   1.9543215288450771E-21   2.6406678939361768E+03
   7.0367700000000000E+08   3.5939040769029423E+04   4.3636745345658872E-10   1.9595767392044249E-21   2.6997755623632643E+03
   7.0567700000000000E+08   4.0199499258289856E+04   4.4513764755391991E-10   1.9589847132199306E-21   2.7548684518398773E+03
   7.0767700000000000E+08   4.4532579163246475E+04   4.5215453490575029E-10   1.9532554512091812E-21   2.8065024925399057E+03
   7.0967700000000000E+08   4.8919958450008511E+04   4.5757799653107476E-10   1.9430085212091141E-21   2.8551439778403087E+03
   7.1167700000000000E+08   5.3344825767547482E+04   4.6155186622753356E-10   1.9287802072428311E-21   2.9011845559454878E+03
   7.1367700000000000E+08   5.7791429721775807E+04   4.6420397197000013E-10   1.9110324049425158E-21   2.9449531295034335E+03
   7.1567700000000000E+08   6.2244889838617601E+04   4.6564698753606033E-10   1.8901621731543261E-21   2.9867255447181010E+03
   7.1767700000000000E+08   6.6691285794417665E+04   4.6597991825471181E-10   1.8665116583898061E-21   3.0267327800138869E+03
   7.1967700000000000E+08   7.1118022819186997E+04   4.6529015254079118E-10   1.8403784707863106E-21   3.0651681441479627E+03
   7.2167700000000000E+08   7.5514425466825560E+04   4.6365600957001869E-10   1.8120265443219239E-21   3.1021937899274740E+03
   7.2367700000000000E+08   7.9872451500133509E+04   4.6114962651876082E-10   1.7816971695410618E-21   3.1379466634853748E+03
   7.2567700000000000E+08   8.4187367586037057E+04   4.5783990551097204E-10   1.7496194348848961E-21   3.1725438635584578E+03
   7.2767700000000000E+08   8.8458215385531643E+04   4.5379514654238305E-10   1.7160189881698007E-21   3.2060873007604810E+03
   7.2967700000000000E+08   9.2687934341451459E+04   4.4908498624963710E-10   1.6811240255886144E-21   3.2386675321878802E+03
   7.3167700000000000E+08   9.6883087783468480E+04   4.4378136681626231E-10   1.6451677921889173E-21   3.2703666931675743E+03
   7.3367700000000000E+08   1.0105323407167131E+05   4.3795844980309170E-10   1.6083875271422431E-21   3.3012605312471028E+03
   7.3567700000000000E+08   1.0521006082563472E+05   4.3169160401723757E-10   1.5710204820514276E-21   3.3314196365295893E+03
   7.3767700000000000E+08   1.0936643494386240E+05   4.2505576476019128E-10   1.5332981444702114E-21   3.3609100304152157E+03
   7.3967700000000000E+08   1.1353551074204447E+05   4.1812353778624507E-10   1.4954399718261867E-21   3.3897933071726443E+03
   7.4167700000000000E+08   1.1772999668146241E+05   4.1096339847771340E-10   1.4576477841632645E-21   3.4181265187941221E+03
   7.4367700000000000E+08   1.2196162830545266E+05   4.0363824260068772E-10   1.4201015899415752E-21   3.4459619626196877E+03
   7.4567700000000000E+08   1.2624084854586727E+05   3.9620442215701058E-10   1.3829571800488589E-21   3.4733469866411519E+03
   7.4767700000000000E+08   1.3057666567816638E+05   3.8871128650510929E-10   1.3463454473870828E-21   3.5003238814616184E+03
   7.4967700000000000E+08   1.3497664504688411E+05   3.8120116777330794E-10   1.3103731395688027E-21   3.5269298888487547E+03
   7.5167700000000000E+08   1.3944698949292320E+05   3.7370970659054318E-10   1.2751246389545891E-21   3.5531973284493347E+03
   7.5367700000000000E+08   1.4399266989248467E+05   3.6626640357641604E-10   1.2406643589496318E-21   3.5791538267761757E+03
   7.5567700000000000E+08   1.4861757674396565E+05   3.5889529303702069E-10   1.2070394063513738E-21   3.6048226242181645E+03
   7.5767700000000000E+08   1.5332467323963391E+05   3.5161565707017107E-10   1.1742822483789637E-21   3.6302229339655605E+03
   7.5967700000000000E+08   1.5811613816728364E+05   3.4444272258910232E-10   1.1424132128746890E-21   3.6553703288748220E+03
   7.6167700000000000E+08   1.6299349281983954E+05   3.3738830567454289E-10   1.1114427262027076E-21   3.6802771364142618E+03
   7.6367700000000000E+08   1.6795770998061908E+05   3.3046138494297012E-10   1.0813732501603763E-21   3.7049528265456725E+03
   7.6567700000000000E+08   1.7300930539292636E+05   3.2366859788910006E-10   1.0522009172122765E-21   3.7294043818722280E+03
   7.6767700000000000E+08   1.7814841335607329E+05   3.1701466202946220E-10   1.0239168858541908E-21   3.7536366432026784E+03
   7.6967700000000000E+08   1.8337484859922802E+05   3.1050272712983907E-10   9.9650844902195876E-22   3.7776526267074100E+03
   7.7167700000000000E+08   1.8868815666095258E+05   3.0413466685011089E-10   9.6995993197551922E-22   3.8014538110978237E+03
   7.7367700000000000E+08   1.9408765484716254E+05   2.9791131863846882E-10   9.4425341503193476E-22   3.8250403948507351E+03
   7.7567700000000000E+08   1.9957246558188982E+05   2.9183268029767827E-10   9.1936931305994588E-22   3.8484115245552280E+03
   7.7767700000000000E+08   2.0514154367926135E+05   2.8589807077609621E-10   8.9528683920778008E-22   3.8715654961088912E+03
   7.7967700000000000E+08   2.1079369879181124E+05   2.8010626169241315E-10   8.7198437577377395E-22   3.8944999308447736E+03
   7.8167700000000000E+08   2.1652761404812225E+05   2.7445558505490171E-10   8.4943977090779824E-22   3.9172119288191002E+03
   7.8367700000000000E+08   2.2234186168765876E+05   2.6894402167275325E-10   8.2763057615671334E-22   3.9396982015014005E+03
   7.8567700000000000E+08   2.2823491633169947E+05   2.6356927391754424E-10   8.0653423679246904E-22   3.9619551860329457E+03
   7.8767700000000000E+08   2.3420516639262825E+05   2.5832882578581457E-10   7.8612824435748678E-22   3.9839791430922351E+03
   7.8967700000000000E+08   2.4025092401466321E+05   2.5321999263184556E-10   7.6639025886053703E-22   4.0057662402517199E+03
   7.9167700000000000E+08   2.4637043385247479E+05   2.4823996246843825E-10   7.4729820647731347E-22   4.0273126225447850E+03
   7.9367700000000000E+08   2.5256188092575909E+05   2.4338583035575354E-10   7.2883035737465583E-22   4.0486144717960547E+03
   7.9567700000000000E+08   2.5882339773397759E+05   2.3865462709763995E-10   7.1096538731608576E-22   4.0696680561084686E+03
   7.9767700000000000E+08   2.6515307077309099E+05   2.3404334322650431E-10   6.9368242595997463E-22   4.0904697707503728E+03
   7.9967700000000000E+08   2.7154894656280690E+05   2.2954894906906359E-10   6.7696109418207840E-22   4.1110161715473778E+03
   8.0167700000000000E+08   2.7800903726663173E+05   2.2516841153590949E-10   6.6078153230329456E-22   4.1313040017573794E+03
   8.0367700000000000E+08   2.8453132596644218E+05   2.2089870815924383E-10   6.4512442075115440E-22   4.1513302132930030E+03
   8.0567700000000000E+08   2.9111377163707092E+05   2.1673683880882590E-10   6.2997099440692538E-22   4.1710919830532748E+03
   8.0767700000000000E+08   2.9775431385374826E+05   2.1267983544076678E-10   6.1530305167130545E-22   4.1905867250349029E+03
   8.0967700000000000E+08   3.0445087725539244E+05   2.0872477017325875E-10   6.0110295910724029E-22   4.2098120988120754E+03
   8.1167700000000000E+08   3.1120137577918434E+05   2.0486876193442284E-10   5.8735365237806112E-22   4.2287660149017165E+03
   8.1367700000000000E+08   3.1800371667618921E+05   2.0110898188770823E-10   5.7403863408524413E-22   4.2474466374672129E+03
   8.1567700000000000E+08   3.2485580431374779E+05   1.9744265780776262E-10   5.6114196901670705E-22   4.2658523847575570E+03
   8.1767700000000000E+08   3.3175554376764968E+05   1.9386707755295849E-10   5.4864827723943589E-22   4.2839819276292874E+03
   8.1967700000000000E+08   3.3870084420557809E+05   1.9037959175861119E-10   5.3654272540586047E-22   4.3018341864552158E+03
   8.2167700000000000E+08   3.4568962206281989E+05   1.8697761585653442E-10   5.2481101658944606E-22   4.3194083266858443E+03
   8.2367700000000000E+08   3.5271980401159602E+05   1.8365863151123250E-10   5.1343937891943786E-22   4.3367037532961149E+03
   8.2567700000000000E+08   3.5978932972645201E+05   1.8042018755021758E-10   5.0241455324620107E-22   4.3537201043209852E+03
   8.2767700000000000E+08   3.6689615444979293E+05   1.7725990045525047E-10   4.9172378003601600E-22   4.3704572436578965E+03
   8.2967700000000000E+08   3.7403825136362476E+05   1.7417545447241423E-10   4.8135478566665936E-22   4.3869152532919816E+03
   8.3167700000000000E+08   3.8121361377577012E+05   1.7116460139157422E-10   4.7129576827191098E-22   4.4030944250803559E+03
   8.3367700000000000E+08   3.8842025713094341E+05   1.6822516003972868E-10   4.6153538326366552E-22   4.4189952522147341E+03
   8.3567700000000000E+08   3.9565622085897188E+05   1.6535501552781408E-10   4.5206272864407408E-22   4.4346184204664123E+03
   8.3767700000000000E+08   4.0291957007391850E+05   1.6255211828651972E-10   4.4286733020658490E-22   4.4499647993043072E+03
   8.3967700000000000E+08   4.1020839713869448E+05   1.5981448292340393E-10   4.3393912671344254E-22   4.4650354329644706E+03
   8.4167700000000000E+08   4.1752082310989581E+05   1.5714018693092936E-10   4.2526845512764698E-22   4.4798315315387708E+03
   8.4367700000000000E+08   4.2485499907692277E+05   1.5452736927278825E-10   4.1684603596919592E-22   4.4943544621402889E+03
   8.4567700000000000E+08   4.3220910740799905E+05   1.5197422887392514E-10   4.0866295885820012E-22   4.5086057401939024E+03
   8.4767700000000000E+08   4.3958136291352235E+05   1.4947902303784653E-10   4.0071066830082244E-22   4.5225870208921215E+03
   8.4967700000000000E+08   4.4697001393443038E+05   1.4704006581303786E-10   3.9298094976769350E-22   4.5363000908484082E+03
   8.5167700000000000E+08   4.5437334336013644E+05   1.4465572632848182E-10   3.8546591610820624E-22   4.5497468599731337E+03
   8.5367700000000000E+08   4.6178966957726853E+05   1.4232442711635545E-10   3.7815799433781160E-22   4.5629293535908491E+03
   8.5567700000000000E+08   4.6921734734727599E+05   1.4004464243792988E-10   3.7104991282900312E-22   4.5758497048117215E+03
   8.5767700000000000E+08   4.7665476860810368E+05   1.3781489662651577E-10   3.6413468893011675E-22   4.5885101471648568E+03
   8.5967700000000000E+08   4.8410036319287802E+05   1.3563376245901763E-10   3.5740561702944801E-22   4.6009130074968598E+03
   8.6167700000000000E+08   4.9155259945702326E+05   1.3349985956532750E-10   3.5085625707562168E-22   4.6130606991352952E+03
   8.6367700000000000E+08   4.9900998480459157E+05   1.3141185288246486E-10   3.4448042355879265E-22   4.6249557153138157E+03
   8.6567700000000000E+08   5.0647106610485615E+05   1.2936845115813660E-10   3.3827217495130020E-22   4.6366006228535198E+03
   8.6767700000000000E+08   5.1393442999138864E+05   1.2736840550630340E-10   3.3222580360098030E-22   4.6479980560935974E+03
   8.6967700000000000E+08   5.2139870303777838E+05   1.2541050801548593E-10   3.2633582606565810E-22   4.6591507110634520E+03
   8.7167700000000000E+08   5.2886255180672649E+05   1.2349359040895956E-10   3.2059697387347827E-22   4.6700613398881123E+03
   8.7367700000000000E+08   5.3632468277226517E+05   1.2161652275471999E-10   3.1500418469076812E-22   4.6807327454189144E+03
   8.7567700000000000E+08   5.4378384211801155E+05   1.1977821222217660E-10   3.0955259387712551E-22   4.6911677760818857E+03
   8.7767700000000000E+08   5.5123881541760184E+05   1.1797760188192381E-10   3.0423752640628768E-22   4.7013693209369212E+03
   8.7967700000000000E+08   5.5868842720633373E+05   1.1621366954466834E-10   2.9905448913108719E-22   4.7113403049418048E+03
   8.8167700000000000E+08   5.6613154045564204E+05   1.1448542663537872E-10   2.9399916337124323E-22   4.7210836844158821E+03
   8.8367700000000000E+08   5.7356705596420285E+05   1.1279191709893286E-10   2.8906739780373596E-22   4.7306024426992053E+03
   8.8567700000000000E+08   5.8099391168139002E+05   1.1113221633388349E-10   2.8425520163685323E-22   4.7398995860036648E+03
   8.8767700000000000E+08   5.8841108198116778E+05   1.0950543015129873E-10   2.7955873805030032E-22   4.7489781394534348E+03
   8.8967700000000000E+08   5.9581757690919226E+05   1.0791069375571807E-10   2.7497431788440147E-22   4.7578411433126566E+03
   8.9167700000000000E+08   6.0321244143649971E+05   1.0634717074466915E-10   2.7049839356030685E-22   4.7664916493992641E+03
   8.9367700000000000E+08   6.1059475477843557E+05   1.0481405212103029E-10   2.6612755320802001E-22   4.7749327176852039E+03
   8.9567700000000000E+08   6.1796362989286683E+05   1.0331055530733405E-10   2.6185851496629245E-22   4.7831674130859674E+03
   8.9767700000000000E+08   6.2531821338329616E+05   1.0183592314062961E-10   2.5768812139235108E-22   4.7911988024472867E+03
   8.9967700000000000E+08   6.3265768623333646E+05   1.0038942280827459E-10   2.5361333387390099E-22   4.7990299517454105E+03
   9.0167700000000000E+08   6.3998126610709098E+05   9.8970344658775739E-11   2.4963122687053255E-22   4.8066639235303464E+03
   9.0367700000000000E+08   6.4728821230448212E+05   9.7578000795575976E-11   2.4573898174707042E-22   4.8141037746584443E+03
   9.0567700000000000E+08   6.5457783459506580E+05   9.6211723362754502E-11   2.4193387996620075E-22   4.8213525543772948E+03
   9.0767700000000000E+08   6.6184950643175130E+05   9.4870862518355171E-11   2.3821329562785134E-22   4.8284133028326605E+03
   9.0967700000000000E+08   6.6910268042096868E+05   9.3554784350127431E-11   2.3457468799313209E-22   4.8352890500488029E+03
   9.1167700000000000E+08   6.7633689842526708E+05   9.2262869483313394E-11   2.3101559586529271E-22   4.8419828153697626E+03
   9.1367700000000000E+08   6.8355178092223848E+05   9.0994513764288599E-11   2.2753363727223531E-22   4.8484976072103836E+03
   9.1567700000000000E+08   6.9074697497855267E+05   8.9749132720621245E-11   2.2412651866351672E-22   4.8548364227000739E+03
   9.1767700000000000E+08   6.9792204778369190E+05   8.8526170606424476E-11   2.2079205559263922E-22   4.8610022463286223E+03
   9.1967700000000000E+08   7.0507634444835980E+05   8.7325111889905459E-11   2.1752819951673225E-22   4.8669980460424704E+03
   9.2167700000000000E+08   7.1220888219424686E+05   8.6145488499452650E-11   2.1433305412347353E-22   4.8728267647739412E+03
   9.2367700000000000E+08   7.1931838974338537E+05   8.4986873525927023E-11   2.1120485818103261E-22   4.8784913066808749E+03
   9.2567700000000000E+08   7.2640355761692626E+05   8.3848856569921379E-11   2.0814192307736857E-22   4.8839945214273403E+03
   9.2767700000000000E+08   7.3346340443244774E+05   8.2731010446031344E-11   2.0514254901143131E-22   4.8893391971511310E+03
   9.2967700000000000E+08   7.4049749518385099E+05   8.1632872590103021E-11   2.0220497724468629E-22   4.8945280760068981E+03
   9.3167700000000000E+08   7.4750585148621385E+05   8.0553953125458273E-11   1.9932740799920413E-22   4.8995638867909247E+03
   9.3367700000000000E+08   7.5448873958065396E+05   7.9493751720088643E-11   1.9650804000382018E-22   4.9044493797905316E+03
   9.3567700000000000E+08   7.6144695512316376E+05   7.8451714146413248E-11   1.9374496139776312E-22   4.9091873520972231E+03
   9.3767700000000000E+08   7.6838360867452214E+05   7.7427007047879071E-11   1.9103559529027437E-22   4.9137806090588874E+03
   9.3967700000000000E+08   7.7530718133936182E+05   7.6418163529036271E-11   1.8837583094725266E-22   4.9182318942703687E+03
   9.4167700000000000E+08   7.8223241886101989E+05   7.5423048515037506E-11   1.8575993848160186E-22   4.9225440352846726E+03
   9.4367700000000000E+08   7.8917512570885883E+05   7.4439570133082892E-11   1.8318230864889237E-22   4.9267203854683157E+03
   9.4567700000000000E+08   7.9614253398875543E+05   7.3466808623194253E-11   1.8064021772322090E-22   4.9307650947031325E+03
   9.4767700000000000E+08   8.0312694991613168E+05   7.2505602965650050E-11   1.7813527266519062E-22   4.9346826910351429E+03
   9.4967700000000000E+08   8.1010871735407552E+05   7.1558016655043437E-11   1.7567211069064149E-22   4.9384773001155472E+03
   9.5167700000000000E+08   8.1706795501022227E+05   7.0626226136302548E-11   1.7325569073399247E-22   4.9421517758485270E+03
   9.5367700000000000E+08   8.2397637011225882E+05   6.9713420869483580E-11   1.7089370472898390E-22   4.9457016715645868E+03
   9.5567700000000000E+08   8.3073631980091217E+05   6.8827780417454191E-11   1.6860517981412927E-22   4.9491479647774913E+03
   9.5767700000000000E+08   8.3741968466635200E+05   6.7961667216551364E-11   1.6637188399549491E-22   4.9524679770166595E+03
   9.5967700000000000E+08   8.4405944229282159E+05   6.7111257887051890E-11   1.6418389764359496E-22   4.9556702865314492E+03
   9.6167700000000000E+08   8.5066545297933929E+05   6.6275198529558065E-11   1.6203753744191876E-22   4.9587588579715311E+03
   9.6367700000000000E+08   8.5724078266669740E+05   6.5452867780818947E-11   1.5993101259777016E-22   4.9617351551458332E+03
   9.6567700000000000E+08   8.6378644659339543E+05   6.4643882451033723E-11   1.5786311215996413E-22   4.9646010845932624E+03
   9.6767700000000000E+08   8.7030280418796884E+05   6.3847936450490228E-11   1.5583281801575045E-22   4.9673587613744603E+03
   9.6967700000000000E+08   8.7678996609651262E+05   6.3064754222063813E-11   1.5383919620258476E-22   4.9700103340888363E+03
   9.7167700000000000E+08   8.8324794270550995E+05   6.2294076105006326E-11   1.5188136215703617E-22   4.9725579370494315E+03
   9.7367700000000000E+08   8.8967671137155464E+05   6.1535652490588490E-11   1.4995846630445463E-22   4.9750036791833163E+03
   9.7567700000000000E+08   8.9607624793521094E+05   6.0789240990722910E-11   1.4806968677638891E-22   4.9773496413720877E+03
   9.7767700000000000E+08   9.0244653964821959E+05   6.0054605093668347E-11   1.4621422572208728E-22   4.9795978758594183E+03
   9.7967700000000000E+08   9.0878758926734864E+05   5.9331513628945013E-11   1.4439130760176883E-22   4.9817504061322506E+03
   9.8167700000000000E+08   9.1509941562251281E+05   5.8619740608445901E-11   1.4260017841141352E-22   4.9838092269406152E+03
   9.8367700000000000E+08   9.2138205258295522E+05   5.7919065216324547E-11   1.4084010528201587E-22   4.9857763044799658E+03
   9.8567700000000000E+08   9.2763554722680757E+05   5.7229271831085246E-11   1.3911037617129386E-22   4.9876535766389779E+03
   9.8767700000000000E+08   9.3385995802333881E+05   5.6550150009815665E-11   1.3741029948121765E-22   4.9894429531569131E+03
   9.8967700000000000E+08   9.4005535309139220E+05   5.5881494449311935E-11   1.3573920363649862E-22   4.9911463156935506E+03
   9.9167700000000000E+08   9.4622180717806332E+05   5.5223105048654221E-11   1.3409643692328116E-22   4.9927655179060630E+03
   9.9367700000000000E+08   9.5235939499548730E+05   5.4574787248782786E-11   1.3248136801133982E-22   4.9943023855987312E+03
   9.9567700000000000E+08   9.5846817895881599E+05   5.3936352743650212E-11   1.3089338738673199E-22   4.9957587169791886E+03
   9.9767700000000000E+08   9.6454819229199260E+05   5.3307620394430603E-11   1.2933190928661764E-22   4.9971362829319805E+03
   9.9967700000000000E+08   9.7059942381186003E+05   5.2688416803123258E-11   1.2779637282554662E-22   4.9984368269661509E+03
   1.0016770000000000E+09   9.7662181494086375E+05   5.2078575805257161E-11   1.2628624051859061E-22   4.9996620648514099E+03
   1.0036770000000000E+09   9.8261528231232974E+05   5.1477936128552285E-11   1.2480099239428892E-22   5.0008136833276130E+03
   1.0056770000000000E+09   9.8857977071905439E+05   5.0886337218005800E-11   1.2334011568460104E-22   5.0018933386134768E+03
   1.0076770000000000E+09   9.9451532528407208E+05   5.0303614338192880E-11   1.2190309275018094E-22   5.0029026562482486E+03
   1.0096770000000000E+09   1.0004221602360022E+06   4.9729594642439578E-11   1.2048939131940846E-22   5.0038432329825255E+03
   1.0116770000000000E+09   1.0063006992230620E+06   4.9164095688952561E-11   1.1909846059293872E-22   5.0047166420326357E+03
   1.0136770000000000E+09   1.0121515842200996E+06   4.8606926113352899E-11   1.1772973264909903E-22   5.0055244356534840E+03
   1.0156770000000000E+09   1.0179756418065993E+06   4.8057889511976528E-11   1.1638263164696678E-22   5.0062681469439631E+03
   1.0176770000000000E+09   1.0237737750701008E+06   4.7516792409826425E-11   1.1505659272648085E-22   5.0069492999392887E+03
   1.0196770000000000E+09   1.0295468322170996E+06   4.6983452274507878E-11   1.1375108123203241E-22   5.0075694105838202E+03
   1.0216770000000000E+09   1.0352955036512597E+06   4.6457703183642638E-11   1.1246560641508233E-22   5.0081299803602315E+03
   1.0236770000000000E+09   1.0410202474654029E+06   4.5939399075092361E-11   1.1119972917729029E-22   5.0086324944113785E+03
   1.0256770000000000E+09   1.0467212611512328E+06   4.5428413843301723E-11   1.0995306226352416E-22   5.0090784160701214E+03
   1.0276770000000000E+09   1.0523984987321210E+06   4.4924638739873134E-11   1.0872526392795154E-22   5.0094691817090343E+03
   1.0296770000000000E+09   1.0580517222675045E+06   4.4427978039283387E-11   1.0751602738223143E-22   5.0098061968372995E+03
   1.0316770000000000E+09   1.0636805714218440E+06   4.3938344094031016E-11   1.0632506873923004E-22   5.0100908338874360E+03
   1.0336770000000000E+09   1.0692846349932863E+06   4.3455652744180006E-11   1.0515211578820556E-22   5.0103244316838545E+03
   1.0356770000000000E+09   1.0748635122534651E+06   4.2979819707595999E-11   1.0399689912349450E-22   5.0105082962634706E+03
   1.0376770000000000E+09   1.0804168574538482E+06   4.2510758205152077E-11   1.0285914625085082E-22   5.0106437025751929E+03
   1.0396770000000000E+09   1.0859444060141030E+06   4.2048377773488015E-11   1.0173857856515122E-22   5.0107318965946861E+03
   1.0416770000000000E+09   1.0914459845888980E+06   4.1592584033209008E-11   1.0063491064420341E-22   5.0107740974950448E+03
   1.0436770000000000E+09   1.0969215090963589E+06   4.1143279110515245E-11   9.9547851131745460E-23   5.0107714996486202E+03
   1.0456770000000000E+09   1.1023709751708580E+06   4.0700362424133519E-11   9.8477104514185794E-23   5.0107252743517111E+03
   1.0476770000000000E+09   1.1077944449187939E+06   4.0263731608741859E-11   9.7422373237734127E-23   5.0106365712437791E+03
   1.0496770000000000E+09   1.1131920328354225E+06   3.9833283419277110E-11   9.6383359788831234E-23   5.0105065194408098E+03
   1.0516770000000000E+09   1.1185638926759253E+06   3.9408914527283822E-11   9.5359768521934720E-23   5.0103362284248988E+03
   1.0536770000000000E+09   1.1239102061931014E+06   3.8990522171187312E-11   9.4351307141363688E-23   5.0101267887369104E+03
   1.0556770000000000E+09   1.1292311740354428E+06   3.8578004655569020E-11   9.3357687824290097E-23   5.0098792725152489E+03
   1.0576770000000000E+09   1.1345270087248902E+06   3.8171261713122765E-11   9.2378628017073116E-23   5.0095947339179993E+03
   1.0596770000000000E+09   1.1397979294478523E+06   3.7770194751142265E-11   9.1413850957033502E-23   5.0092742094589785E+03
   1.0616770000000000E+09   1.1450441583316878E+06   3.7374707006099997E-11   9.0463085976029356E-23   5.0089187182818305E+03
   1.0636770000000000E+09   1.1502659178860076E+06   3.6984703628208028E-11   8.9526068638259027E-23   5.0085292623914775E+03
   1.0656770000000000E+09   1.1554634293270011E+06   3.6600091714725501E-11   8.8602540757254475E-23   5.0081068268577365E+03
   1.0676770000000000E+09   1.1606369115509195E+06   3.6220780307318461E-11   8.7692250328744516E-23   5.0076523800022187E+03
   1.0696770000000000E+09   1.1657865805687068E+06   3.5846680365522111E-11   8.6794951408259794E-23   5.0071668735768344E+03
   1.0716770000000000E+09   1.1709126492542699E+06   3.5477704725476206E-11   8.5910403955451763E-23   5.0066512429393870E+03
   1.0736770000000000E+09   1.1760153272934223E+06   3.5113768050654026E-11   8.5038373661214636E-23   5.0061064072299741E+03
   1.0756770000000000E+09   1.1810948212502375E+06   3.4754786779250478E-11   8.4178631768771939E-23   5.0055332695500429E+03
   1.0776770000000000E+09   1.1861513346927152E+06   3.4400679071235414E-11   8.3330954895901618E-23   5.0049327171448494E+03
   1.0796770000000000E+09   1.1911850683402510E+06   3.4051364756799330E-11   8.2495124862397831E-23   5.0043056215893203E+03
   1.0816770000000000E+09   1.1961962202109846E+06   3.3706765287014766E-11   8.1670928524691510E-23   5.0036528389769474E+03
   1.0836770000000000E+09   1.2011849857577479E+06   3.3366803686961789E-11   8.0858157618166757E-23   5.0029752101111972E+03
   1.0856770000000000E+09   1.2061515579874937E+06   3.3031404511263357E-11   8.0056608606979504E-23   5.0022735606989236E+03
   1.0876770000000000E+09   1.2110961275621078E+06   3.2700493801857274E-11   7.9266082540897555E-23   5.0015487015454664E+03
   1.0896770000000000E+09   1.2160188828796814E+06   3.2373999047814227E-11   7.8486384918644610E-23   5.0008014287508786E+03
   1.0916770000000000E+09   1.2209200101358288E+06   3.2051849147039092E-11   7.7717325557296324E-23   5.0000325239070407E+03
   1.0936770000000000E+09   1.2257996933653760E+06   3.1733974369714704E-11   7.6958718467339139E-23   4.9992427542949245E+03
   1.0956770000000000E+09   1.2306581144656283E+06   3.1420306323365538E-11   7.6210381733040460E-23   4.9984328730818515E+03
   1.0976770000000000E+09   1.2354954532036423E+06   3.1110777919416846E-11   7.5472137397784926E-23   4.9976036195179940E+03
   1.0996770000000000E+09   1.2403118872107852E+06   3.0805323341128719E-11   7.4743811354034165E-23   4.9967557191319411E+03
   1.1016770000000000E+09   1.2451075919685003E+06   3.0503878012783483E-11   7.4025233237572174E-23   4.9958898839248141E+03
   1.1036770000000000E+09   1.2498827407890649E+06   3.0206378570020656E-11   7.3316236325729903E-23   4.9950068125629432E+03
   1.1056770000000000E+09   1.2546375047947981E+06   2.9912762831222554E-11   7.2616657439313265E-23   4.9941071905686877E+03
   1.1076770000000000E+09   1.2593720528981956E+06   2.9622969769879483E-11   7.1926336848013775E-23   4.9931916905095713E+03
   1.1096770000000000E+09   1.2640865517846083E+06   2.9336939487874204E-11   7.1245118179116323E-23   4.9922609721854378E+03
   1.1116770000000000E+09   1.2687811658980870E+06   2.9054613189643989E-11   7.0572848329359522E-23   4.9913156828137298E+03
   1.1136770000000000E+09   1.2734560574302326E+06   2.8775933157184545E-11   6.9909377379823477E-23   4.9903564572127725E+03
   1.1156770000000000E+09   1.2781113863112719E+06   2.8500842725867676E-11   6.9254558513737727E-23   4.9893839179831148E+03
   1.1176770000000000E+09   1.2827473102022335E+06   2.8229286261044353E-11   6.8608247937106696E-23   4.9883986756867034E+03
   1.1196770000000000E+09   1.2873639844868463E+06   2.7961209135408225E-11   6.7970304802055373E-23   4.9874013290240146E+03
   1.1216770000000000E+09   1.2919615622618105E+06   2.7696557707091748E-11   6.7340591132796072E-23   4.9863924650089575E+03
   1.1236770000000000E+09   1.2965401943241903E+06   2.7435279298467635E-11   6.6718971754118533E-23   4.9853726591414979E+03
   1.1256770000000000E+09   1.3011000291548793E+06   2.7177322175628069E-11   6.6105314222305453E-23   4.9843424755779761E+03
   1.1276770000000000E+09   1.3056412128974146E+06   2.6922635528512333E-11   6.5499488758374513E-23   4.9833024672989486E+03
   1.1296770000000000E+09   1.3101638893317466E+06   2.6671169451653949E-11   6.4901368183547912E-23   4.9822531762745621E+03
   1.1316770000000000E+09   1.3146681998430237E+06   2.6422874925515429E-11   6.4310827856846138E-23   4.9811951336272978E+03
   1.1336770000000000E+09   1.3191542833858212E+06   2.6177703798379078E-11   6.3727745614701738E-23   4.9801288597921721E+03
   1.1356770000000000E+09   1.3236222764447920E+06   2.5935608768756456E-11   6.3152001712479725E-23   4.9790548646741299E+03
   1.1376770000000000E+09   1.3280723129931365E+06   2.5696543368278057E-11   6.2583478767784773E-23   4.9779736478027671E+03
   1.1396770000000000E+09   1.3325045244507880E+06   2.5460461945020775E-11   6.2022061705428726E-23   4.9768856984843351E+03
   1.1416770000000000E+09   1.3369190396446683E+06   2.5227319647225887E-11   6.1467637703921255E-23   4.9757914959509662E+03
   1.1436770000000000E+09   1.3413159847737998E+06   2.4997072407358209E-11   6.0920096143339571E-23   4.9746915095072573E+03
   1.1456770000000000E+09   1.3456954833824486E+06   2.4769676926453530E-11   6.0379328554427572E-23   4.9735861986741693E+03
   1.1476770000000000E+09   1.3500576563447651E+06   2.4545090658700757E-11   5.9845228568770417E-23   4.9724760133304790E+03
   1.1496770000000000E+09   1.3544026218646320E+06   2.4323271796204577E-11   5.9317691869892112E-23   4.9713613938518220E+03
   1.1516770000000000E+09   1.3587304954945473E+06   2.4104179253876123E-11   5.8796616145126694E-23   4.9702427712475101E+03
   1.1536770000000000E+09   1.3630413901772725E+06   2.3887772654404733E-11   5.8281901038127035E-23   4.9691205672953838E+03
   1.1556770000000000E+09   1.3673354163138783E+06   2.3674012313267938E-11   5.7773448101886612E-23   4.9679951946748961E+03
   1.1576770000000000E+09   1.3716126818613575E+06   2.3462859223747420E-11   5.7271160752175060E-23   4.9668670570987233E+03
   1.1596770000000000E+09   1.3758732924624393E+06   2.3254275041928770E-11   5.6774944221313996E-23   4.9657365494431679E+03
   1.1616770000000000E+09   1.3801173516094491E+06   2.3048222071677034E-11   5.6284705512253544E-23   4.9646040578777347E+03
   1.1636770000000000E+09   1.3843449608430481E+06   2.2844663249594547E-11   5.5800353352947218E-23   4.9634699599941869E+03
   1.1656770000000000E+09   1.3885562199855414E+06   2.2643562129984250E-11   5.5321798151064790E-23   4.9623346249353517E+03
   1.1676770000000000E+09   1.3927512274070394E+06   2.2444882869860395E-11   5.4848951949127174E-23   4.9611984135241310E+03
   1.1696770000000000E+09   1.3969300803213455E+06   2.2248590214063791E-11   5.4381728380188477E-23   4.9600616783929490E+03
   1.1716770000000000E+09   1.4010928751068793E+06   2.2054649480557132E-11   5.3920042624235470E-23   4.9589247641138827E+03
   1.1736770000000000E+09   1.4052397076464677E+06   2.1863026545989114E-11   5.3463811365507114E-23   4.9577880073298484E+03
   1.1756770000000000E+09   1.4093706736784158E+06   2.1673687831627171E-11   5.3012952750969143E-23   4.9566517368868153E+03
   1.1776770000000000E+09   1.4134858691500800E+06   2.1486600289766681E-11   5.2567386350195191E-23   4.9555162739673688E+03
   1.1796770000000000E+09   1.4175853905642470E+06   2.1301731390725197E-11   5.2127033116914017E-23   4.9543819322254958E+03
   1.1816770000000000E+09   1.4216693353080992E+06   2.1119049110527548E-11   5.1691815352475141E-23   4.9532490179225524E+03
   1.1836770000000000E+09   1.4257378019544112E+06   2.0938521919378519E-11   5.1261656671464224E-23   4.9521178300643451E+03
   1.1856770000000000E+09   1.4297908905250775E+06   2.0760118771002992E-11   5.0836481969662014E-23   4.9509886605389447E+03
   1.1876770000000000E+09   1.4338287027078627E+06   2.0583809092915085E-11   5.0416217394495024E-23   4.9498617942549854E+03
   1.1896770000000000E+09   1.4378513420186681E+06   2.0409562777651819E-11   5.0000790318064407E-23   4.9487375092800239E+03
   1.1916770000000000E+09   1.4418589139033775E+06   2.0237350174978718E-11   4.9590129312772354E-23   4.9476160769783810E+03
   1.1936770000000000E+09   1.4458515257753816E+06   2.0067142085047237E-11   4.9184164129496006E-23   4.9464977621480830E+03
   1.1956770000000000E+09   1.4498292869872290E+06   1.9898909752452907E-11   4.8782825678185767E-23   4.9453828231561984E+03
   1.1976770000000000E+09   1.4537923087372477E+06   1.9732624861116788E-11   4.8386046010698465E-23   4.9442715120720304E+03
   1.1996770000000000E+09   1.4577407039142633E+06   1.9568259529890204E-11   4.7993758305618722E-23   4.9431640747977708E+03
   1.2016770000000000E+09   1.4616745868858595E+06   1.9405786308760235E-11   4.7605896854769954E-23   4.9420607511958051E+03
   1.2036770000000000E+09   1.4655940732374077E+06   1.9245178175523593E-11   4.7222397051085287E-23   4.9409617752125259E+03
   1.2056770000000000E+09   1.4694992794708274E+06   1.9086408532784790E-11   4.6843195377483733E-23   4.9398673749980699E+03
   1.2076770000000000E+09   1.4733903226731152E+06   1.8929451205134639E-11   4.6468229396392613E-23   4.9387777730218040E+03
   1.2096770000000000E+09   1.4772673201655340E+06   1.8774280436366672E-11   4.6097437739561640E-23   4.9376931861832727E+03
   1.2116770000000000E+09   1.4811303891446844E+06   1.8620870886598147E-11   4.5730760097833580E-23   4.9366138259185909E+03
   1.2136770000000000E+09   1.4849796463265717E+06   1.8469197629174745E-11   4.5368137210566378E-23   4.9355398983022360E+03
   1.2156770000000000E+09   1.4888152076043310E+06   1.8319236147254020E-11   4.5009510854440451E-23   4.9344716041442716E+03
   1.2176770000000000E+09   1.4926371877293736E+06   1.8170962329982615E-11   4.4654823831431280E-23   4.9334091390832900E+03
   1.2196770000000000E+09   1.4964457000244407E+06   1.8024352468203848E-11   4.4304019955782081E-23   4.9323526936751323E+03
   1.2216770000000000E+09   1.5002408561354952E+06   1.7879383249656686E-11   4.3957044039867659E-23   4.9313024534779834E+03
   1.2236770000000000E+09   1.5040227658275210E+06   1.7736031753650519E-11   4.3613841878902839E-23   4.9302585991338219E+03
   1.2256770000000000E+09   1.5077915368272187E+06   1.7594275445226259E-11   4.3274360234507130E-23   4.9292213064469970E+03
   1.2276770000000000E+09   1.5115472747134711E+06   1.7454092168836583E-11   4.2938546817197259E-23   4.9281907464601527E+03
   1.2296770000000000E+09   1.5152900828544109E+06   1.7315460141598565E-11   4.2606350267927716E-23   4.9271670855279972E+03
   1.2316770000000000E+09   1.5190200623879842E+06   1.7178357946189324E-11   4.2277720138843144E-23   4.9261504853893748E+03
   1.2336770000000000E+09   1.5227373122414418E+06   1.7042764523465572E-11   4.1952606873434031E-23   4.9251411032379265E+03
   1.2356770000000000E+09   1.5264419291840091E+06   1.6908659164895199E-11   4.1630961786304154E-23   4.9241390917917824E+03
   1.2376770000000000E+09   1.5301340079064355E+06   1.6776021504888094E-11   4.1312737042758500E-23   4.9231445993625284E+03
   1.2396770000000000E+09   1.5338136411209661E+06   1.6644831513108587E-11   4.0997885638410385E-23   4.9221577699235413E+03
   1.2416770000000000E+09   1.5374809196755558E+06   1.6515069486843859E-11   4.0686361378985471E-23   4.9211787431779812E+03
   1.2436770000000000E+09   1.5411359326767640E+06   1.6386716043490073E-11   4.0378118860472868E-23   4.9202076546263861E+03
   1.2456770000000000E+09   1.5447787676165013E+06   1.6259752113206785E-11   4.0073113449745093E-23   4.9192446356339397E+03
   1.2476770000000000E+09   1.5484095104987076E+06   1.6134158931777345E-11   3.9771301265737223E-23   4.9182898134975130E+03
   1.2496770000000000E+09   1.5520282459627995E+06   1.6009918033702058E-11   3.9472639161251431E-23   4.9173433115122480E+03
   1.2516770000000000E+09   1.5556350574014843E+06   1.5887011245542273E-11   3.9177084705428808E-23   4.9164052490378481E+03
   1.2536770000000000E+09   1.5592300270711563E+06   1.5765420679525468E-11   3.8884596166912527E-23   4.9154757415645063E+03
   1.2556770000000000E+09   1.5628132361936513E+06   1.5645128727414864E-11   3.8595132497710810E-23   4.9145549007783411E+03
   1.2576770000000000E+09   1.5663847650485430E+06   1.5526118054643013E-11   3.8308653317756712E-23   4.9136428346263829E+03
   1.2596770000000000E+09   1.5699446930555713E+06   1.5408371594704417E-11   3.8025118900152003E-23   4.9127396473810268E+03
   1.2616770000000000E+09   1.5734930988470425E+06   1.5291872543799596E-11   3.7744490157075501E-23   4.9118454397039195E+03
   1.2636770000000000E+09   1.5770300603302594E+06   1.5176604355721158E-11   3.7466728626332246E-23   4.9109603087091682E+03
   1.2656770000000000E+09   1.5805556547401370E+06   1.5062550736971387E-11   3.7191796458516725E-23   4.9100843480258318E+03
   1.2676770000000000E+09   1.5840699586821375E+06   1.4949695642101787E-11   3.6919656404764519E-23   4.9092176478598121E+03
   1.2696770000000000E+09   1.5875730481657095E+06   1.4838023269263242E-11   3.6650271805065658E-23   4.9083602950548102E+03
   1.2716770000000000E+09   1.5910649986282359E+06   1.4727518055958913E-11   3.6383606577116709E-23   4.9075123731526783E+03
   1.2736770000000000E+09   1.5945458849495812E+06   1.4618164674989051E-11   3.6119625205686403E-23   4.9066739624527872E+03
   1.2756770000000000E+09   1.5980157814572107E+06   1.4509948030579881E-11   3.5858292732471894E-23   4.9058451400707472E+03
   1.2776770000000000E+09   1.6014747619219942E+06   1.4402853254685449E-11   3.5599574746420196E-23   4.9050259799960422E+03
   1.2796770000000000E+09   1.6049228995447683E+06   1.4296865703453397E-11   3.5343437374488783E-23   4.9042165531489418E+03
   1.2816770000000000E+09   1.6083602669339427E+06   1.4191970953842149E-11   3.5089847272815577E-23   4.9034169274363521E+03
   1.2836770000000000E+09   1.6117869360744038E+06   1.4088154800378578E-11   3.4838771618269655E-23   4.9026271678067014E+03
   1.2856770000000000E+09   1.6152029782880780E+06   1.3985403252043969E-11   3.4590178100351402E-23   4.9018473363038365E+03
   1.2876770000000000E+09   1.6186084641865024E+06   1.3883702529276314E-11   3.4344034913412173E-23   4.9010774921198308E+03
   1.2896770000000000E+09   1.6220034636156959E+06   1.3783039061078410E-11   3.4100310749165257E-23   4.9003176916468456E+03
   1.2916770000000000E+09   1.6253880455935644E+06   1.3683399482220773E-11   3.3858974789462119E-23   4.8995679885277123E+03
   1.2936770000000000E+09   1.6287622782398006E+06   1.3584770630532533E-11   3.3619996699313687E-23   4.8988284337055566E+03
   1.2956770000000000E+09   1.6321262286980534E+06   1.3487139544274349E-11   3.3383346620141580E-23   4.8980990754723480E+03
   1.2976770000000000E+09   1.6354799630498460E+06   1.3390493459590142E-11   3.3148995163250744E-23   4.8973799595163055E+03
   1.2996770000000000E+09   1.6388235462196274E+06   1.3294819808036724E-11   3.2916913403517896E-23   4.8966711289685063E+03
   1.3016770000000000E+09   1.6421570418706525E+06   1.3200106214187220E-11   3.2687072873285903E-23   4.8959726244485000E+03
   1.3036770000000000E+09   1.6454805122923704E+06   1.3106340493299997E-11   3.2459445556438344E-23   4.8952844841095757E+03
   1.3056770000000000E+09   1.6487940182822682E+06   1.3013510649027285E-11   3.2234003882591818E-23   4.8946067436833500E+03
   1.3076770000000000E+09   1.6520976190287464E+06   1.2921604871115937E-11   3.2010720721283730E-23   4.8939394365242097E+03
   1.3096770000000000E+09   1.6553913720070240E+06   1.2830611533016019E-11   3.1789569375947453E-23   4.8932825936533691E+03
   1.3116770000000000E+09   1.6586753329069002E+06   1.2740519189270300E-11   3.1570523577360363E-23   4.8926362438023898E+03
   1.3136770000000000E+09   1.6619495556184826E+06   1.2651316572513538E-11   3.1353557476143965E-23   4.8920004134554210E+03
   1.3156770000000000E+09   1.6652140923079362E+06   1.2562992589879021E-11   3.1138645633817709E-23   4.8913751268893338E+03
   1.3176770000000000E+09   1.6684689936171274E+06   1.2475536318608246E-11   3.0925763011906410E-23   4.8907604062104065E+03
   1.3196770000000000E+09   1.6717143090153977E+06   1.2388937000711122E-11   3.0714884958725446E-23   4.8901562713866597E+03
   1.3216770000000000E+09   1.6749500873154255E+06   1.2303184036645038E-11   3.0505987193765348E-23   4.8895627402752589E+03
   1.3236770000000000E+09   1.6781763773368190E+06   1.2218266978178831E-11   3.0299045790075667E-23   4.8889798286463219E+03
   1.3256770000000000E+09   1.6813932286624881E+06   1.2134175520862490E-11   3.0094037155670669E-23   4.8884075502061351E+03
   1.3276770000000000E+09   1.6846006923904209E+06   1.2050899496789787E-11   2.9890938015626015E-23   4.8878459166254352E+03
   1.3296770000000000E+09   1.6877988217489105E+06   1.1968428868535710E-11   2.9689725397014502E-23   4.8872949375796561E+03
   1.3316770000000000E+09   1.6909876724313009E+06   1.1886753725181621E-11   2.9490376618911372E-23   4.8867546208077947E+03
   1.3336770000000000E+09   1.6941673025308647E+06   1.1805864281123518E-11   2.9292869289184248E-23   4.8862249721931485E+03
   1.3356770000000000E+09   1.6973377720241812E+06   1.1725750877866244E-11   2.9097181308602881E-23   4.8857059958624059E+03
   1.3376770000000000E+09   1.7004991418551577E+06   1.1646403988306115E-11   2.8903290881114103E-23   4.8851976942911497E+03
   1.3396770000000000E+09   1.7036514727872631E+06   1.1567814222273213E-11   2.8711176527351133E-23   4.8847000683964134E+03
   1.3416770000000000E+09   1.7067948242804066E+06   1.1489972331595159E-11   2.8520817097185778E-23   4.8842131175946961E+03
   1.3436770000000000E+09   1.7099292536702999E+06   1.1412869212910980E-11   2.8332191777001912E-23   4.8837368398103918E+03
   1.3456770000000000E+09   1.7130548158570442E+06   1.1336495907033342E-11   2.8145280088682459E-23   4.8832712314356895E+03
   1.3476770000000000E+09   1.7161715635541438E+06   1.1260843594732339E-11   2.7960061879853914E-23   4.8828162872633111E+03
   1.3496770000000000E+09   1.7192795479573500E+06   1.1185903590046495E-11   2.7776517307903128E-23   4.8823720004304032E+03
   1.3516770000000000E+09   1.7223788195412231E+06   1.1111667333110725E-11   2.7594626822482822E-23   4.8819383624133652E+03
   1.3536770000000000E+09   1.7254694286530863E+06   1.1038126384593944E-11   2.7414371151590098E-23   4.8815153630960740E+03
   1.3556770000000000E+09   1.7285514256791703E+06   1.0965272423028207E-11   2.7235731294492702E-23   4.8811029908991004E+03
   1.3576770000000000E+09   1.7316248607668481E+06   1.0893097244919736E-11   2.7058688521499856E-23   4.8807012329248719E+03
   1.3596770000000000E+09   1.7346897833005625E+06   1.0821592766223564E-11   2.6883224377388109E-23   4.8803100750594804E+03
   1.3616770000000000E+09   1.7377462414342901E+06   1.0750751023239467E-11   2.6709320683863422E-23   4.8799295019915253E+03
   1.3636770000000000E+09   1.7407942819206261E+06   1.0680564171538140E-11   2.6536959537544820E-23   4.8795594971547271E+03
   1.3656770000000000E+09   1.7438339502829073E+06   1.0611024482821764E-11   2.6366123302924336E-23   4.8792000426471523E+03
   1.3676770000000000E+09   1.7468652911722159E+06   1.0542124340856885E-11   2.6196794602752636E-23   4.8788511191960833E+03
   1.3696770000000000E+09   1.7498883486653375E+06   1.0473856238009053E-11   2.6028956309455751E-23   4.8785127062070869E+03
   1.3716770000000000E+09   1.7529031663424084E+06   1.0406212773253017E-11   2.5862591539883024E-23   4.8781847818770684E+03
   1.3736770000000000E+09   1.7559097871647961E+06   1.0339186651365349E-11   2.5697683653021055E-23   4.8778673233054660E+03
   1.3756770000000000E+09   1.7589082533146578E+06   1.0272770682223354E-11   2.5534216248322883E-23   4.8775603065417517E+03
   1.3776770000000000E+09   1.7618986061545918E+06   1.0206957779294129E-11   2.5372173162410561E-23   4.8772637065594718E+03
   1.3796770000000000E+09   1.7648808863353173E+06   1.0141740957276349E-11   2.5211538463789021E-23   4.8769774972054320E+03
   1.3816770000000000E+09   1.7678551339407535E+06   1.0077113329648722E-11   2.5052296447130871E-23   4.8767016511840548E+03
   1.3836770000000000E+09   1.7708213885250494E+06   1.0013068106932588E-11   2.4894431629107617E-23   4.8764361400848111E+03
   1.3856770000000000E+09   1.7737796889572013E+06   9.9495985959147710E-12   2.4737928746796920E-23   4.8761809343724808E+03
   1.3876770000000000E+09   1.7767300729922263E+06   9.8866981998003195E-12   2.4582772759452757E-23   4.8759360031676852E+03
   1.3896770000000000E+09   1.7796725761807607E+06   9.8243604204770723E-12   2.4428948858063581E-23   4.8757013135120978E+03
   1.3916770000000000E+09   1.7826072287257866E+06   9.7625788682997744E-12   2.4276442499137723E-23   4.8754768284955144E+03
   1.3936770000000000E+09   1.7855340463676206E+06   9.7013472954877929E-12   2.4125239509034177E-23   4.8752625029248620E+03
   1.3956770000000000E+09   1.7884530053760116E+06   9.6406596953836791E-12   2.3975326375445670E-23   4.8750582740865675E+03
   1.3976770000000000E+09   1.7913639783159639E+06   9.5805105709086377E-12   2.3826690998884044E-23   4.8748640441589787E+03
   1.3996770000000000E+09   1.7942665803353100E+06   9.5208956038445027E-12   2.3679324489133793E-23   4.8746796521152955E+03
   1.4016770000000000E+09   1.7971598300718665E+06   9.4618131847386440E-12   2.3533225117482461E-23   4.8745048415189049E+03
   1.4036770000000000E+09   1.8000414721150063E+06   9.4032675688629156E-12   2.3388406185535442E-23   4.8743392539632005E+03
   1.4056770000000000E+09   1.8029067854627320E+06   9.3452745913724606E-12   2.3244909802381254E-23   4.8741825185034095E+03
   1.4076770000000000E+09   1.8057468364854611E+06   9.2878702866105884E-12   2.3102826959578793E-23   4.8740345402844696E+03
   1.4096770000000000E+09   1.8085466241187269E+06   9.2311203379627261E-12   2.2962318581474039E-23   4.8738960318622003E+03
   1.4116770000000000E+09   1.8112845305875018E+06   9.1751232579311031E-12   2.2823621072627758E-23   4.8737690440890574E+03
   1.4136770000000000E+09   1.8139355335975077E+06   9.1199944744425440E-12   2.2687007999706343E-23   4.8736567345288222E+03
   1.4156770000000000E+09   1.8164802918384722E+06   9.0658199009071940E-12   2.2552683879132532E-23   4.8735613906838980E+03
   1.4176770000000000E+09   1.8189184247167376E+06   9.0125877658573973E-12   2.2420630262673636E-23   4.8734809913819681E+03
   1.4196770000000000E+09   1.8212775496660268E+06   8.9601445880222519E-12   2.2290502676510709E-23   4.8734076615631284E+03
   1.4216770000000000E+09   1.8236070911856988E+06   8.9082350825848532E-12   2.2161706385631109E-23   4.8733326706991184E+03
   1.4236770000000000E+09   1.8259573995096029E+06   8.8566196843660321E-12   2.2033644783953889E-23   4.8732561385805302E+03
   1.4256770000000000E+09   1.8283649289123472E+06   8.8051483287249976E-12   2.1905897830783280E-23   4.8731884350585051E+03
   1.4276770000000000E+09   1.8308629822664794E+06   8.7536809428388964E-12   2.1778099521434965E-23   4.8731336387876881E+03
   1.4296770000000000E+09   1.8335039798553900E+06   8.7019302967577162E-12   2.1649672052667467E-23   4.8730611866867275E+03
   1.4316770000000000E+09   1.8363045574207751E+06   8.6497698502851464E-12   2.1520458904371905E-23   4.8729349101429534E+03
   1.4336770000000000E+09   1.8397439359606577E+06   8.5931083121477876E-12   2.1384916702150924E-23   4.8716974507912755E+03
   1.4356770000000000E+09   1.8399144101487817E+06   8.5565412502394713E-12   2.1288295433463490E-23   4.8729835586847230E+03
   6.5767700000000000E+08  -5.0571456006181706E+03   1.4685322395804130E-15   8.5813448399833447E-26   8.2387305958324328E+02
   6.5967700000000000E+08  -5.4449889517224201E+03   2.9718993850618780E-15   1.6932540887563605E-25   8.4497554512742829E+02
   6.6167700000000000E+08  -5.8720290261160289E+03   6.0907163825817070E-15   3.3841772617102270E-25   8.6645785766632105E+02
   6.6367700000000000E+08  -6.1979813220983015E+03   1.3322241834978331E-14   7.2011735318329007E-25   8.9064822625575641E+02
   6.6567700000000000E+08  -5.9834503860261548E+03   3.1832954972211630E-14   1.6797706709568417E-24   9.1234507430873873E+02
   6.6767700000000000E+08  -5.1549311228659681E+03   7.6441183701695911E-14   3.9562335038172890E-24   9.3020283311535229E+02
   6.6967700000000000E+08  -4.1562668482141189E+03   1.6584873477996766E-13   8.3937625948926051E-24   9.5123462869428909E+02
   6.7167700000000000E+08  -3.2202834971792636E+03   3.1194316024441508E-13   1.5311838748336985E-23   9.8079962617383023E+02
   6.7367700000000000E+08  -2.3234438882132922E+03   5.1251413237016115E-13   2.4153502068791346E-23   1.0215459522554231E+03
   6.7567700000000000E+08  -1.2948158024454115E+03   7.5378304972745599E-13   3.3688079917443731E-23   1.0772147202439164E+03
   6.7767700000000000E+08  -1.2892984833012287E+01   1.0183537689656572E-12   4.2470021973915566E-23   1.1543788474254286E+03
   6.7967700000000000E+08   1.4894448977496345E+03   1.2900773950812953E-12   4.9391952260912760E-23   1.2574529498373054E+03
   6.8167700000000000E+08   3.1162381403686627E+03   1.5548106125904202E-12   5.4086830118291471E-23   1.3839427911412865E+03
   6.8367700000000000E+08   4.8304304209021029E+03   1.8010530293714462E-12   5.6886329404468615E-23   1.5242308917001778E+03
   6.8567700000000000E+08   6.6801015762684247E+03   2.0218627911203927E-12   5.8362919567621469E-23   1.6678110299947614E+03
   6.8767700000000000E+08   8.7218931811004586E+03   2.2155528844203959E-12   5.9044949961206049E-23   1.8064732414140553E+03
   6.8967700000000000E+08   1.0983131462808446E+04   2.3815883444673156E-12   5.9221930735042609E-23   1.9360488228269769E+03
   6.9167700000000000E+08   1.3447971258757399E+04   2.5210328377736722E-12   5.9051025013110811E-23   2.0553379110836863E+03
   6.9367700000000000E+08   1.6084141149753241E+04   2.6360982017391612E-12   5.8637279319707804E-23   2.1643123829058241E+03
   6.9567700000000000E+08   1.8856772213425476E+04   2.7293321098112725E-12   5.8048370322468191E-23   2.2635939462697152E+03
   6.9767700000000000E+08   2.1731469437200220E+04   2.8032368292346129E-12   5.7329231049241106E-23   2.3540508754773755E+03
   6.9967700000000000E+08   2.4676209177853612E+04   2.8600918790834167E-12   5.6510545658053703E-23   2.4365911076432353E+03
   7.0167700000000000E+08   2.7661360845223990E+04   2.9018973783234991E-12   5.5613814868051631E-23   2.5120688265012864E+03
   7.0367700000000000E+08   3.0659376582749126E+04   2.9303747657213718E-12   5.4654441065830943E-23   2.5812488733505807E+03
   7.0567700000000000E+08   3.3644522928895480E+04   2.9469945909654142E-12   5.3643708509543670E-23   2.6447992655681433E+03
   7.0767700000000000E+08   3.6592770796075820E+04   2.9530146358792224E-12   5.2590115381343910E-23   2.7032962792849503E+03
   7.0967700000000000E+08   3.9481850947674859E+04   2.9495194815417319E-12   5.1500301552780238E-23   2.7572342708702622E+03
   7.1167700000000000E+08   4.2291438897141074E+04   2.9374571942471280E-12   5.0379709175808546E-23   2.8070365098657394E+03
   7.1367700000000000E+08   4.5003438340279063E+04   2.9176713897584220E-12   4.9233058029516978E-23   2.8530654563402204E+03
   7.1567700000000000E+08   4.7602343220871349E+04   2.8909284314378126E-12   4.8064689150655438E-23   2.8956320386620132E+03
   7.1767700000000000E+08   5.0075663315661928E+04   2.8579402110625143E-12   4.6878813163616236E-23   2.9350040291799660E+03
   7.1967700000000000E+08   5.2414386907112334E+04   2.8193830471160124E-12   4.5679686891517427E-23   2.9714138032511250E+03
   7.2167700000000000E+08   5.4613428766936042E+04   2.7759128882977354E-12   4.4471730474983957E-23   3.0050657258093956E+03
   7.2367700000000000E+08   5.6671982499623969E+04   2.7281764870481007E-12   4.3259587777234356E-23   3.0361432315952270E+03
   7.2567700000000000E+08   5.8593679355176297E+04   2.6768178202864953E-12   4.2048127328376999E-23   3.0648154411995556E+03
   7.2767700000000000E+08   6.0386465346542493E+04   2.6224790530567686E-12   4.0842381384169293E-23   3.0912429749514049E+03
   7.2967700000000000E+08   6.2062149647024198E+04   2.5657958682136962E-12   3.9647427006793645E-23   3.1155825596119594E+03
   7.3167700000000000E+08   6.3635640535567531E+04   2.5073878854372562E-12   3.8468223053790715E-23   3.1379900955922758E+03
   7.3367700000000000E+08   6.5123950444901428E+04   2.4478458369343906E-12   3.7309426398608737E-23   3.1586220409158805E+03
   7.3567700000000000E+08   6.6545097195061055E+04   2.3877177879708077E-12   3.6175215477003891E-23   3.1776352097139024E+03
   7.3767700000000000E+08   6.7917040912853714E+04   2.3274967574959819E-12   3.5069147245754144E-23   3.1951853033898237E+03
   7.3967700000000000E+08   6.9256775395797769E+04   2.2676116085818934E-12   3.3994065593512958E-23   3.2114246339440697E+03
   7.4167700000000000E+08   7.0579649869713758E+04   2.2084222421719840E-12   3.2952068084807201E-23   3.2264995367140664E+03
   7.4367700000000000E+08   7.1898947810136306E+04   2.1502192254892495E-12   3.1944527178747435E-23   3.2405479133420431E+03
   7.4567700000000000E+08   7.3225707135750927E+04   2.0932272592733817E-12   3.0972154386173781E-23   3.2536972271583190E+03
   7.4767700000000000E+08   7.4568738087772115E+04   2.0376114602789343E-12   3.0035092256356841E-23   3.2660631314529792E+03
   7.4967700000000000E+08   7.5934782760839327E+04   1.9834853115051519E-12   2.9133019209691918E-23   3.2777487795816919E+03
   7.5167700000000000E+08   7.7328760609298726E+04   1.9309192379159179E-12   2.8265254828959840E-23   3.2888447652355671E+03
   7.5367700000000000E+08   7.8754052641947594E+04   1.8799489983000288E-12   2.7430856910548021E-23   3.2994295789385892E+03
   7.5567700000000000E+08   8.0212788936532088E+04   1.8305833541303519E-12   2.6628705267634542E-23   3.3095704402088168E+03
   7.5767700000000000E+08   8.1706116216545241E+04   1.7828107227842578E-12   2.5857570323654629E-23   3.3193243654574035E+03
   7.5967700000000000E+08   8.3234432588769734E+04   1.7366047149295072E-12   2.5116166693651875E-23   3.3287393495753263E+03
   7.6167700000000000E+08   8.4797584353786209E+04   1.6919285872284263E-12   2.4403193254438041E-23   3.3378555652717546E+03
   7.6367700000000000E+08   8.6395025062708912E+04   1.6487387185797688E-12   2.3717361821934276E-23   3.3467065118815431E+03
   7.6567700000000000E+08   8.8025940102469438E+04   1.6069872535915403E-12   2.3057416694139702E-23   3.3553200703763350E+03
   7.6767700000000000E+08   8.9689341592657991E+04   1.5666240642165266E-12   2.2422147169558549E-23   3.3637194416538118E+03
   7.6967700000000000E+08   9.1384138793879974E+04   1.5275981708391981E-12   2.1810394858368963E-23   3.3719239603206170E+03
   7.7167700000000000E+08   9.3109188991256146E+04   1.4898587460067429E-12   2.1221057264726616E-23   3.3799497865224494E+03
   7.7367700000000000E+08   9.4863333241920278E+04   1.4533558030706580E-12   2.0653088791482633E-23   3.3878104847466225E+03
   7.7567700000000000E+08   9.6645420672065840E+04   1.4180406515987376E-12   2.0105500032441060E-23   3.3955175018836544E+03
   7.7767700000000000E+08   9.8454324303882895E+04   1.3838661832561697E-12   1.9577355982481343E-23   3.4030805580755314E+03
   7.7967700000000000E+08   1.0028895075286365E+05   1.3507870366076844E-12   1.9067773611932999E-23   3.4105079637364274E+03
   7.8167700000000000E+08   1.0214824559021591E+05   1.3187596770022629E-12   1.8575919112532130E-23   3.4178068751713777E+03
   7.8367700000000000E+08   1.0403119571861076E+05   1.2877424180929889E-12   1.8101005020244855E-23   3.4249834998414403E+03
   7.8567700000000000E+08   1.0593682975539876E+05   1.2576954042059252E-12   1.7642287347235143E-23   3.4320432607998268E+03
   7.8767700000000000E+08   1.0786421714327431E+05   1.2285805672708229E-12   1.7199062804219051E-23   3.4389909283205066E+03
   7.8967700000000000E+08   1.0981246649990720E+05   1.2003615679692714E-12   1.6770666159625326E-23   3.4458307253531111E+03
   7.9167700000000000E+08   1.1178072356239808E+05   1.1730037278014960E-12   1.6356467758775713E-23   3.4525664122120302E+03
   7.9367700000000000E+08   1.1376816896771999E+05   1.1464739566485851E-12   1.5955871211291700E-23   3.4592013548569603E+03
   7.9567700000000000E+08   1.1577401602707541E+05   1.1207406788960048E-12   1.5568311245580349E-23   3.4657385802423087E+03
   7.9767700000000000E+08   1.1779750859257022E+05   1.0957737601217506E-12   1.5193251723726939E-23   3.4721808214892103E+03
   7.9967700000000000E+08   1.1983791907273735E+05   1.0715444356141807E-12   1.4830183807140786E-23   3.4785305550465132E+03
   8.0167700000000000E+08   1.2189454662470413E+05   1.0480252414770422E-12   1.4478624261944940E-23   3.4847900315365086E+03
   8.0367700000000000E+08   1.2396671553136955E+05   1.0251899487367770E-12   1.4138113892787956E-23   3.4909613016068924E+03
   8.0567700000000000E+08   1.2605377375947664E+05   1.0030135006388744E-12   1.3808216094041660E-23   3.4970462378158581E+03
   8.0767700000000000E+08   1.2815509168669007E+05   9.8147195317230487E-13   1.3488515507987408E-23   3.5030465533462575E+03
   8.0967700000000000E+08   1.3027006098150696E+05   9.6054241876723170E-13   1.3178616780383041E-23   3.5089638181653013E+03
   8.1167700000000000E+08   1.3239809361775380E+05   9.4020301305461763E-13   1.2878143404650701E-23   3.5147994731071435E+03
   8.1367700000000000E+08   1.3453862100479490E+05   9.2043280454487193E-13   1.2586736646767923E-23   3.5205548422483348E+03
   8.1567700000000000E+08   1.3669109321507326E+05   9.0121176706653868E-13   1.2304054543726745E-23   3.5262311438637089E+03
   8.1767700000000000E+08   1.3885497829159800E+05   8.8252073480077141E-13   1.2029770969150231E-23   3.5318295001870106E+03
   8.1967700000000000E+08   1.4102976161935984E+05   8.6434135974840087E-13   1.1763574760306345E-23   3.5373509461523126E+03
   8.2167700000000000E+08   1.4321494534620002E+05   8.4665607147181004E-13   1.1505168901346213E-23   3.5427964372553320E+03
   8.2367700000000000E+08   1.4541004784037426E+05   8.2944803896134677E-13   1.1254269758113158E-23   3.5481668566457502E+03
   8.2567700000000000E+08   1.4761460317374358E+05   8.1270113448559018E-13   1.1010606360341536E-23   3.5534630215404277E+03
   8.2767700000000000E+08   1.4982816062129158E+05   7.9639989929521674E-13   1.0773919727490025E-23   3.5586856890312361E+03
   8.2967700000000000E+08   1.5205028416945389E+05   7.8052951106139754E-13   1.0543962234842439E-23   3.5638355613492245E+03
   8.3167700000000000E+08   1.5428055202757768E+05   7.6507575294112496E-13   1.0320497016864093E-23   3.5689132906378886E+03
   8.3367700000000000E+08   1.5651855613852013E+05   7.5002498417408086E-13   1.0103297405136703E-23   3.5739194832816142E+03
   8.3567700000000000E+08   1.5876390168622340E+05   7.3536411212712982E-13   9.8921463984947251E-24   3.5788547038305433E+03
   8.3767700000000000E+08   1.6101620659969206E+05   7.2108056571419204E-13   9.6868361632684956E-24   3.5837194785596566E+03
   8.3967700000000000E+08   1.6327510105436912E+05   7.0716227012977774E-13   9.4871675617901472E-24   3.5885142986972319E+03
   8.4167700000000000E+08   1.6554022697318299E+05   6.9359762284416006E-13   9.2929497075437114E-24   3.5932396233560048E+03
   8.4367700000000000E+08   1.6781123753057563E+05   6.8037547081655908E-13   9.1039995455378230E-24   3.5978958821987280E+03
   8.4567700000000000E+08   1.7008779666375401E+05   6.6748508888849294E-13   8.9201414566317481E-24   3.6024834778685527E+03
   8.4767700000000000E+08   1.7236957859565594E+05   6.5491615932457814E-13   8.7412068846818126E-24   3.6070027882131399E+03
   8.4967700000000000E+08   1.7465626737438646E+05   6.4265875246994505E-13   8.5670339854615384E-24   3.6114541683299603E+03
   8.5167700000000000E+08   1.7694755643357671E+05   6.3070330849404267E-13   8.3974672963731329E-24   3.6158379524583866E+03
   8.5367700000000000E+08   1.7924314817765119E+05   6.1904062018889088E-13   8.2323574259969113E-24   3.6201544557420725E+03
   8.5567700000000000E+08   1.8154275359514816E+05   6.0766181678703598E-13   8.0715607625357296E-24   3.6244039758828235E+03
   8.5767700000000000E+08   1.8384609190232903E+05   5.9655834876012562E-13   7.9149392001986067E-24   3.6285867947044007E+03
   8.5967700000000000E+08   1.8615289021828712E+05   5.8572197355403011E-13   7.7623598825428048E-24   3.6327031796419806E+03
   8.6167700000000000E+08   1.8846288327153321E+05   5.7514474221186252E-13   7.6136949617717069E-24   3.6367533851699222E+03
   8.6367700000000000E+08   1.9077581313720555E+05   5.6481898683095379E-13   7.4688213729509895E-24   3.6407376541777344E+03
   8.6567700000000000E+08   1.9309142900288547E+05   5.5473730879661807E-13   7.3276206220961207E-24   3.6446562193010809E+03
   8.6767700000000000E+08   1.9540948696044317E+05   5.4489256773226198E-13   7.1899785870704851E-24   3.6485093042121634E+03
   8.6967700000000000E+08   1.9772974982072122E+05   5.3527787110421439E-13   7.0557853302447971E-24   3.6522971248715007E+03
   8.7167700000000000E+08   2.0005198694749910E+05   5.2588656441986149E-13   6.9249349218954930E-24   3.6560198907411041E+03
   8.7367700000000000E+08   2.0237597410704024E+05   5.1671222195947299E-13   6.7973252733648229E-24   3.6596778059574872E+03
   8.7567700000000000E+08   2.0470149332978146E+05   5.0774863798480393E-13   6.6728579790594465E-24   3.6632710704618698E+03
   8.7767700000000000E+08   2.0702833278075728E+05   4.9898981837241363E-13   6.5514381664443695E-24   3.6667998810842541E+03
   8.7967700000000000E+08   2.0935628663586717E+05   4.9042997262465833E-13   6.4329743532688702E-24   3.6702644325776737E+03
   8.8167700000000000E+08   2.1168515496155567E+05   4.8206350621725919E-13   6.3173783113507521E-24   3.6736649185990636E+03
   8.8367700000000000E+08   2.1401474359593284E+05   4.7388501324883783E-13   6.2045649363404891E-24   3.6770015326334515E+03
   8.8567700000000000E+08   2.1634486403026016E+05   4.6588926936340757E-13   6.0944521229684265E-24   3.6802744688588532E+03
   8.8767700000000000E+08   2.1867533329049547E+05   4.5807122492289104E-13   5.9869606453649296E-24   3.6834839229500694E+03
   8.8967700000000000E+08   2.2100597382074528E+05   4.5042599841039902E-13   5.8820140420970669E-24   3.6866300928207406E+03
   8.9167700000000000E+08   2.2333661337443115E+05   4.4294887004707888E-13   5.7795385055965769E-24   3.6897131793049739E+03
   8.9367700000000000E+08   2.2566708492862314E+05   4.3563527560171689E-13   5.6794627756084723E-24   3.6927333867831494E+03
   8.9567700000000000E+08   2.2799722665812727E+05   4.2848080035929155E-13   5.5817180361172835E-24   3.6956909237636669E+03
   8.9767700000000000E+08   2.3032688204994943E+05   4.2148117318419644E-13   5.4862378147993263E-24   3.6985860034468201E+03
   8.9967700000000000E+08   2.3265590032246202E+05   4.1463226055474743E-13   5.3929578832518224E-24   3.7014188443266157E+03
   9.0167700000000000E+08   2.3498413745165424E+05   4.0793006035119843E-13   5.3018161549672598E-24   3.7041896709417283E+03
   9.0367700000000000E+08   2.3731145828960452E+05   4.0137069506260122E-13   5.2127525764111500E-24   3.7068987149804402E+03
   9.0567700000000000E+08   2.3963774039687155E+05   3.9495040401329704E-13   5.1257090056006581E-24   3.7095462170784990E+03
   9.0767700000000000E+08   2.4196288004483178E+05   3.8866553438680433E-13   5.0406290747719735E-24   3.7121324297891406E+03
   9.0967700000000000E+08   2.4428679989572035E+05   3.8251253157358282E-13   4.9574580434736007E-24   3.7146576222375152E+03
   9.1167700000000000E+08   2.4660945556983544E+05   3.7648793104005689E-13   4.8761426705028102E-24   3.7171220866629201E+03
   9.1367700000000000E+08   2.4893083462415999E+05   3.7058835642658872E-13   4.7966311667142277E-24   3.7195261460775832E+03
   9.1567700000000000E+08   2.5125093810120231E+05   3.6481053059954906E-13   4.7188733187034611E-24   3.7218701604315847E+03
   9.1767700000000000E+08   2.5356973634355702E+05   3.5915130466338598E-13   4.6428208531562849E-24   3.7241545263843273E+03
   9.1967700000000000E+08   2.5588710338082773E+05   3.5360770037749191E-13   4.5684279885090591E-24   3.7263796646444666E+03
   9.2167700000000000E+08   2.5820275937269337E+05   3.4817694356193303E-13   4.4956518861517357E-24   3.7285459915673773E+03
   9.2367700000000000E+08   2.6051627370212885E+05   3.4285645049101150E-13   4.4244525030877313E-24   3.7306538803140238E+03
   9.2567700000000000E+08   2.6282717169750639E+05   3.3764373746719404E-13   4.3547914427007072E-24   3.7327036289156608E+03
   9.2767700000000000E+08   2.6513511787331552E+05   3.3253627620005160E-13   4.2866300732774020E-24   3.7346954586712959E+03
   9.2967700000000000E+08   2.6744005358666903E+05   3.2753138456471568E-13   4.2199280618195792E-24   3.7366295542637886E+03
   9.3167700000000000E+08   2.6974216100083815E+05   3.2262625767766423E-13   4.1546436981763766E-24   3.7385061269927946E+03
   9.3367700000000000E+08   2.7204164310942870E+05   3.1781817304351248E-13   4.0907364865422763E-24   3.7403254583950752E+03
   9.3567700000000000E+08   2.7433848606631847E+05   3.1310469896893712E-13   4.0281698330516926E-24   3.7420878905149179E+03
   9.3767700000000000E+08   2.7663245339718746E+05   3.0848362956193383E-13   3.9669102536224615E-24   3.7437937741406699E+03
   9.3967700000000000E+08   2.7892334608705895E+05   3.0395274760286497E-13   3.9069243533431573E-24   3.7454434301940319E+03
   9.4167700000000000E+08   2.8121120791707863E+05   2.9950992172097917E-13   3.8481800508415311E-24   3.7470371647290913E+03
   9.4367700000000000E+08   2.8349620883879415E+05   2.9515357537012930E-13   3.7906525496198751E-24   3.7485753102736066E+03
   9.4567700000000000E+08   2.8577833429306111E+05   2.9088282193561615E-13   3.7343260448157091E-24   3.7500582354118997E+03
   9.4767700000000000E+08   2.8805718678362749E+05   2.8669680113118610E-13   3.6791852277180440E-24   3.7514863042641277E+03
   9.4967700000000000E+08   2.9033201923008118E+05   2.8259363542422584E-13   3.6252019508335552E-24   3.7528598173782184E+03
   9.5167700000000000E+08   2.9260185280255292E+05   2.7856986257724810E-13   3.5723280032883315E-24   3.7541789721417804E+03
   9.5367700000000000E+08   2.9486653587137378E+05   2.7462108557462915E-13   3.5205034836736777E-24   3.7554438420593310E+03
   9.5567700000000000E+08   2.9712746505315008E+05   2.7074418831985545E-13   3.4696850544186841E-24   3.7566545321414324E+03
   9.5767700000000000E+08   2.9938555082009418E+05   2.6693809627143768E-13   3.4198554164479518E-24   3.7578114403373497E+03
   9.5967700000000000E+08   3.0164056670413911E+05   2.6320207865569045E-13   3.3710016578879837E-24   3.7589151247758928E+03
   9.6167700000000000E+08   3.0389232022491813E+05   2.5953496689321055E-13   3.3231054283697400E-24   3.7599660989027348E+03
   9.6367700000000000E+08   3.0614068404516933E+05   2.5593538861876671E-13   3.2761459134181591E-24   3.7609648571946896E+03
   9.6567700000000000E+08   3.0838557362123340E+05   2.5240189770642400E-13   3.2301014899290063E-24   3.7619118828480800E+03
   9.6767700000000000E+08   3.1062692816273711E+05   2.4893303273601337E-13   3.1849504642562160E-24   3.7628076550448059E+03
   9.6967700000000000E+08   3.1286469812536170E+05   2.4552734397131862E-13   3.1406714098324233E-24   3.7636526527818987E+03
   9.7167700000000000E+08   3.1509883427523653E+05   2.4218340991474987E-13   3.0972433732704090E-24   3.7644473564001801E+03
   9.7367700000000000E+08   3.1732927749016398E+05   2.3889984961249056E-13   3.0546460276730454E-24   3.7651922471699841E+03
   9.7567700000000000E+08   3.1955595044847025E+05   2.3567533119397168E-13   3.0128597790513153E-24   3.7658878052487771E+03
   9.7767700000000000E+08   3.2177875354627159E+05   2.3250857521471700E-13   2.9718658071394926E-24   3.7665345065110987E+03
   9.7967700000000000E+08   3.2399756751145859E+05   2.2939835145081640E-13   2.9316460227168656E-24   3.7671328190722575E+03
   9.8167700000000000E+08   3.2621226296998211E+05   2.2634346973777664E-13   2.8921829482493117E-24   3.7676832006059071E+03
   9.8367700000000000E+08   3.2842271391532157E+05   2.2334276793670699E-13   2.8534595606201673E-24   3.7681860974413935E+03
   9.8567700000000000E+08   3.3062881040760386E+05   2.2039510111612017E-13   2.8154591480220136E-24   3.7686419458255464E+03
   9.8767700000000000E+08   3.3283046674955712E+05   2.1749933498850364E-13   2.7781652201953705E-24   3.7690511749846196E+03
   9.8967700000000000E+08   3.3502762359043513E+05   2.1465434457634521E-13   2.7415614851331767E-24   3.7694142111213941E+03
   9.9167700000000000E+08   3.3722024463207409E+05   2.1185901710470813E-13   2.7056318801322580E-24   3.7697314813677840E+03
   9.9367700000000000E+08   3.3940831020492112E+05   2.0911225677895453E-13   2.6703606277825650E-24   3.7700034169259602E+03
   9.9567700000000000E+08   3.4159181050882750E+05   2.0641298873570493E-13   2.6357322824429128E-24   3.7702304550432159E+03
   9.9767700000000000E+08   3.4377074107168661E+05   2.0376015995517521E-13   2.6017317388057523E-24   3.7704130399464275E+03
   9.9967700000000000E+08   3.4594510734408314E+05   2.0115273262126325E-13   2.5683441439963362E-24   3.7705516240183497E+03
   1.0016770000000000E+09   3.4811505560642591E+05   1.9858958789972766E-13   2.5355536599992599E-24   3.7706466779871807E+03
   1.0036770000000000E+09   3.5028264946498518E+05   1.9606826300108091E-13   2.5033273261267194E-24   3.7706987078220795E+03
   1.0056770000000000E+09   3.5245569514350715E+05   1.9358234197941708E-13   2.4715816289948126E-24   3.7707084315996590E+03
   1.0076770000000000E+09   3.5464017516619794E+05   1.9112697690486597E-13   2.4402524241637908E-24   3.7706776652801627E+03
   1.0096770000000000E+09   3.5683267978473986E+05   1.8870419899550986E-13   2.4093630136130763E-24   3.7706089651379875E+03
   1.0116770000000000E+09   3.5902649011897098E+05   1.8632095240569293E-13   2.3789996925820696E-24   3.7705046475456065E+03
   1.0136770000000000E+09   3.6120640595239127E+05   1.8398194792546041E-13   2.3492224356564500E-24   3.7703636846061145E+03
   1.0156770000000000E+09   3.6335802956325473E+05   1.8169694300221383E-13   2.3201528280810818E-24   3.7701896652988580E+03
   1.0176770000000000E+09   3.6549905363083811E+05   1.7945317565638256E-13   2.2916296927358119E-24   3.7699785413982140E+03
   1.0196770000000000E+09   3.6763356899449113E+05   1.7724731266893083E-13   2.2636095490657964E-24   3.7697305825024587E+03
   1.0216770000000000E+09   3.6976260393677093E+05   1.7507803136050934E-13   2.2360746950658609E-24   3.7694459348225646E+03
   1.0236770000000000E+09   3.7188643902663939E+05   1.7294447226798902E-13   2.2090132647597579E-24   3.7691249292988587E+03
   1.0256770000000000E+09   3.7400514341848955E+05   1.7084589787174598E-13   2.1824149526209176E-24   3.7687679494680010E+03
   1.0276770000000000E+09   3.7611872549276619E+05   1.6878160354437126E-13   2.1562698977809230E-24   3.7683753951190238E+03
   1.0296770000000000E+09   3.7822718508241524E+05   1.6675088804060133E-13   2.1305683117617754E-24   3.7679476727094229E+03
   1.0316770000000000E+09   3.8033053298382723E+05   1.6475304548892130E-13   2.1053003759868724E-24   3.7674851936113882E+03
   1.0336770000000000E+09   3.8242880095040437E+05   1.6278736492876772E-13   2.0804562342071921E-24   3.7669883748715724E+03
   1.0356770000000000E+09   3.8452205530725967E+05   1.6085312804042409E-13   2.0560259612908563E-24   3.7664576410108898E+03
   1.0376770000000000E+09   3.8661041947665688E+05   1.5894960109501281E-13   2.0319994574702963E-24   3.7658934271228795E+03
   1.0396770000000000E+09   3.8869409773271263E+05   1.5707602555622827E-13   2.0083663241842124E-24   3.7652961841909096E+03
   1.0416770000000000E+09   3.9077338122006576E+05   1.5523161816974420E-13   1.9851158601075546E-24   3.7646663866756990E+03
   1.0436770000000000E+09   3.9284861889887106E+05   1.5341558968390358E-13   1.9622372955966632E-24   3.7640045403316431E+03
   1.0456770000000000E+09   3.9492015263743565E+05   1.5162718145087389E-13   1.9397202582009716E-24   3.7633111864640368E+03
   1.0476770000000000E+09   3.9698823631079600E+05   1.4986570795515136E-13   1.9175553183070932E-24   3.7625868990674130E+03
   1.0496770000000000E+09   3.9905296913003299E+05   1.4813058871998483E-13   1.8957344035872128E-24   3.7618322737152598E+03
   1.0516770000000000E+09   4.0111426736984384E+05   1.4642135763984430E-13   1.8742509277702602E-24   3.7610479103452094E+03
   1.0536770000000000E+09   4.0317188144525915E+05   1.4473764783223313E-13   1.8530996065516151E-24   3.7602343943725509E+03
   1.0556770000000000E+09   4.0522544772746600E+05   1.4307915938190636E-13   1.8322760522558639E-24   3.7593922808416874E+03
   1.0576770000000000E+09   4.0727455494151503E+05   1.4144562163257059E-13   1.8117762947581014E-24   3.7585220848084737E+03
   1.0596770000000000E+09   4.0931880541371048E+05   1.3983676048411002E-13   1.7915963622911105E-24   3.7576242788578807E+03
   1.0616770000000000E+09   4.1135785854307236E+05   1.3825227670174010E-13   1.7717319999308732E-24   3.7566992966695475E+03
   1.0636770000000000E+09   4.1339145266754256E+05   1.3669183636121375E-13   1.7521785415907818E-24   3.7557475404495785E+03
   1.0656770000000000E+09   4.1541940824499651E+05   1.3515507112953615E-13   1.7329309074728332E-24   3.7547693898971747E+03
   1.0676770000000000E+09   4.1744161855641211E+05   1.3364158465758162E-13   1.7139836803184976E-24   3.7537652108633711E+03
   1.0696770000000000E+09   4.1945803440746933E+05   1.3215096152483764E-13   1.6953312154177985E-24   3.7527353625939104E+03
   1.0716770000000000E+09   4.2146864781961701E+05   1.3068277616548745E-13   1.6769677515931887E-24   3.7516802031292987E+03
   1.0736770000000000E+09   4.2347347769513074E+05   1.2923660035487481E-13   1.6588875048398032E-24   3.7506000929140769E+03
   1.0756770000000000E+09   4.2547255869856314E+05   1.2781200876225171E-13   1.6410847380553381E-24   3.7494953969228777E+03
   1.0776770000000000E+09   4.2746593343362340E+05   1.2640858265507038E-13   1.6235538076953359E-24   3.7483664856908299E+03
   1.0796770000000000E+09   4.2945364739576291E+05   1.2502591211090589E-13   1.6062891916952587E-24   3.7472137356094659E+03
   1.0816770000000000E+09   4.3143574599195685E+05   1.2366359715437231E-13   1.5892855038415695E-24   3.7460375287752304E+03
   1.0836770000000000E+09   4.3341227296260558E+05   1.2232124818734657E-13   1.5725374991997126E-24   3.7448382525950060E+03
   1.0856770000000000E+09   4.3538326968040044E+05   1.2099848599210339E-13   1.5560400741133256E-24   3.7436162992817963E+03
   1.0876770000000000E+09   4.3734877495549549E+05   1.1969494149857502E-13   1.5397882631867741E-24   3.7423720653202204E+03
   1.0896770000000000E+09   4.3930882510682667E+05   1.1841025543598394E-13   1.5237772347731066E-24   3.7411059509452571E+03
   1.0916770000000000E+09   4.4126345415520301E+05   1.1714407793889703E-13   1.5080022858575880E-24   3.7398183596551039E+03
   1.0936770000000000E+09   4.4321269405761053E+05   1.1589606814544900E-13   1.4924588368191626E-24   3.7385096977658695E+03
   1.0956770000000000E+09   4.4515657494127291E+05   1.1466589380642570E-13   1.4771424263108892E-24   3.7371803740088812E+03
   1.0976770000000000E+09   4.4709512531884323E+05   1.1345323091334746E-13   1.4620487063663616E-24   3.7358307991680849E+03
   1.0996770000000000E+09   4.4902837227802124E+05   1.1225776334851705E-13   1.4471734377731023E-24   3.7344613857536328E+03
   1.1016770000000000E+09   4.5095634164503618E+05   1.1107918255756679E-13   1.4325124857226262E-24   3.7330725477075953E+03
   1.1036770000000000E+09   4.5287905812394986E+05   1.0991718724412275E-13   1.4180618157348650E-24   3.7316647001378751E+03
   1.1056770000000000E+09   4.5479654541458003E+05   1.0877148308588266E-13   1.4038174898501925E-24   3.7302382590768789E+03
   1.1076770000000000E+09   4.5670882631211256E+05   1.0764178247120077E-13   1.3897756630794013E-24   3.7287936412618674E+03
   1.1096770000000000E+09   4.5861592279094650E+05   1.0652780425526386E-13   1.3759325801015766E-24   3.7273312639343835E+03
   1.1116770000000000E+09   4.6051785607504030E+05   1.0542927353479574E-13   1.3622845721976730E-24   3.7258515446565425E+03
   1.1136770000000000E+09   4.6241464669649792E+05   1.0434592144013342E-13   1.3488280544062263E-24   3.7243549011421505E+03
   1.1156770000000000E+09   4.6430631454375904E+05   1.0327748494340973E-13   1.3355595228860096E-24   3.7228417511010121E+03
   1.1176770000000000E+09   4.6619287890025659E+05   1.0222370668152342E-13   1.3224755524696370E-24   3.7213125120948334E+03
   1.1196770000000000E+09   4.6807435847401043E+05   1.0118433479255514E-13   1.3095727943916519E-24   3.7197676014034218E+03
   1.1216770000000000E+09   4.6995077141850669E+05   1.0015912276421350E-13   1.2968479741736213E-24   3.7182074358998043E+03
   1.1236770000000000E+09   4.7182213534477196E+05   9.9147829292993737E-14   1.2842978896498573E-24   3.7166324319331579E+03
   1.1256770000000000E+09   4.7368846732463897E+05   9.8150218152702458E-14   1.2719194091169793E-24   3.7150430052183242E+03
   1.1276770000000000E+09   4.7554978388507705E+05   9.7166058071094613E-14   1.2597094695915949E-24   3.7134395707308609E+03
   1.1296770000000000E+09   4.7740610099349875E+05   9.6195122613451414E-14   1.2476650751613858E-24   3.7118225426065569E+03
   1.1316770000000000E+09   4.7925743403426843E+05   9.5237190071969580E-14   1.2357832954153432E-24   3.7101923340443786E+03
   1.1336770000000000E+09   4.8110379777676146E+05   9.4292043359965712E-14   1.2240612639405267E-24   3.7085493572119426E+03
   1.1356770000000000E+09   4.8294520633575413E+05   9.3359469909970183E-14   1.2124961768735779E-24   3.7068940231525830E+03
   1.1376770000000000E+09   4.8478167312522099E+05   9.2439261574921925E-14   1.2010852914968880E-24   3.7052267416933005E+03
   1.1396770000000000E+09   4.8661321080708323E+05   9.1531214531769203E-14   1.1898259248704752E-24   3.7035479213528902E+03
   1.1416770000000000E+09   4.8843983123700862E+05   9.0635129186862196E-14   1.1787154524915752E-24   3.7018579692497765E+03
   1.1436770000000000E+09   4.9026154540961963E+05   8.9750810082677345E-14   1.1677513069758681E-24   3.7001572910092218E+03
   1.1456770000000000E+09   4.9207836340599769E+05   8.8878065805475929E-14   1.1569309767550106E-24   3.6984462906697586E+03
   1.1476770000000000E+09   4.9389029434668913E+05   8.8016708893588476E-14   1.1462520047862014E-24   3.6967253705889416E+03
   1.1496770000000000E+09   4.9569734635359223E+05   8.7166555746111717E-14   1.1357119872706799E-24   3.6949949313487468E+03
   1.1516770000000000E+09   4.9749952652434906E+05   8.6327426531827397E-14   1.1253085723782997E-24   3.6932553716611019E+03
   1.1536770000000000E+09   4.9929684092258022E+05   8.5499145098274762E-14   1.1150394589768184E-24   3.6915070882744008E+03
   1.1556770000000000E+09   5.0108929458737298E+05   8.4681538880872681E-14   1.1049023953640791E-24   3.6897504758819146E+03
   1.1576770000000000E+09   5.0287689156482718E+05   8.3874438812084966E-14   1.0948951780024546E-24   3.6879859270333159E+03
   1.1596770000000000E+09   5.0465963496392808E+05   8.3077679230651941E-14   1.0850156502553154E-24   3.6862138320506397E+03
   1.1616770000000000E+09   5.0643752703841915E+05   8.2291097790913540E-14   1.0752617011253053E-24   3.6844345789501112E+03
   1.1636770000000000E+09   5.0821056929529161E+05   8.1514535372341333E-14   1.0656312639954194E-24   3.6826485533713840E+03
   1.1656770000000000E+09   5.0997876262960845E+05   8.0747835989423857E-14   1.0561223153742774E-24   3.6808561385156540E+03
   1.1676770000000000E+09   5.1174210748438002E+05   7.9990846702089734E-14   1.0467328736475506E-24   3.6790577150941613E+03
   1.1696770000000000E+09   5.1350060403310030E+05   7.9243417526921581E-14   1.0374609978384922E-24   3.6772536612883350E+03
   1.1716770000000000E+09   5.1525425238142296E+05   7.8505401349494234E-14   1.0283047863816215E-24   3.6754443527228336E+03
   1.1736770000000000E+09   5.1700305278365128E+05   7.7776653838184882E-14   1.0192623759139456E-24   3.6736301624523162E+03
   1.1756770000000000E+09   5.1874700586884096E+05   7.7057033359858326E-14   1.0103319400889085E-24   3.6718114609626223E+03
   1.1776770000000000E+09   5.2048611287055921E+05   7.6346400897893980E-14   1.0015116884192272E-24   3.6699886161866452E+03
   1.1796770000000000E+09   5.2222037585409684E+05   7.5644619972984311E-14   9.9279986515440729E-25   3.6681619935348394E+03
   1.1816770000000000E+09   5.2394979793450312E+05   7.4951556567186342E-14   9.8419474819953005E-25   3.6663319559399465E+03
   1.1836770000000000E+09   5.2567438347922883E+05   7.4267079051604236E-14   9.7569464808066695E-25   3.6644988639151202E+03
   1.1856770000000000E+09   5.2739413828906673E+05   7.3591058118127355E-14   9.6729790696296991E-25   3.6626630756243112E+03
   1.1876770000000000E+09   5.2910906975221762E+05   7.2923366715460194E-14   9.5900289772513119E-25   3.6608249469633693E+03
   1.1896770000000000E+09   5.3081918696667557E+05   7.2263879989700185E-14   9.5080802309418326E-25   3.6589848316501616E+03
   1.1916770000000000E+09   5.3252450082753005E+05   7.1612475229534466E-14   9.4271171484227755E-25   3.6571430813215879E+03
   1.1936770000000000E+09   5.3422502407679847E+05   7.0969031816067144E-14   9.3471243304625354E-25   3.6553000456354130E+03
   1.1956770000000000E+09   5.3592077131485811E+05   7.0333431177131884E-14   9.2680866540878308E-25   3.6534560723745731E+03
   1.1976770000000000E+09   5.3761175897371094E+05   6.9705556745883440E-14   9.1899892663901453E-25   3.6516115075516755E+03
   1.1996770000000000E+09   5.3929800525373756E+05   6.9085293923329890E-14   9.1128175788883394E-25   3.6497666955114955E+03
   1.2016770000000000E+09   5.4097953002669569E+05   6.8472530044410846E-14   9.0365572624006910E-25   3.6479219790293000E+03
   1.2036770000000000E+09   5.4265635470897367E+05   6.7867154347118930E-14   8.9611942423641111E-25   3.6460776994031248E+03
   1.2056770000000000E+09   5.4432850210962864E+05   6.7269057944195909E-14   8.8867146945419224E-25   3.6442341965383125E+03
   1.2076770000000000E+09   5.4599599625882600E+05   6.6678133796820702E-14   8.8131050410451793E-25   3.6423918090229699E+03
   1.2096770000000000E+09   5.4765886222244531E+05   6.6094276689769701E-14   8.7403519465999855E-25   3.6405508741932153E+03
   1.2116770000000000E+09   5.4931712590903428E+05   6.5517383207508718E-14   8.6684423149889232E-25   3.6387117281875685E+03
   1.2136770000000000E+09   5.5097081387507531E+05   6.4947351710747729E-14   8.5973632856033891E-25   3.6368747059900898E+03
   1.2156770000000000E+09   5.5261995313471463E+05   6.4384082312966916E-14   8.5271022300396414E-25   3.6350401414621779E+03
   1.2176770000000000E+09   5.5426457097925432E+05   6.3827476856564726E-14   8.4576467486890477E-25   3.6332083673633842E+03
   1.2196770000000000E+09   5.5590469481132913E+05   6.3277438888305724E-14   8.3889846672760663E-25   3.6313797153617902E+03
   1.2216770000000000E+09   5.5754035199781775E+05   6.2733873633839834E-14   8.3211040333093994E-25   3.6295545160347451E+03
   1.2236770000000000E+09   5.5917156974452920E+05   6.2196687971162735E-14   8.2539931124242536E-25   3.6277330988610120E+03
   1.2256770000000000E+09   5.6079837499456969E+05   6.1665790402985938E-14   8.1876403846065791E-25   3.6259157922055274E+03
   1.2276770000000000E+09   5.6242079435114900E+05   6.1141091028072812E-14   8.1220345403020202E-25   3.6241029232979631E+03
   1.2296770000000000E+09   5.6403885402440256E+05   6.0622501511684954E-14   8.0571644764239519E-25   3.6222948182064492E+03
   1.2316770000000000E+09   5.6565257980071311E+05   6.0109935055357249E-14   7.9930192922853714E-25   3.6204918018076764E+03
   1.2336770000000000E+09   5.6726199703216658E+05   5.9603306366262114E-14   7.9295882854855852E-25   3.6186941977545061E+03
   1.2356770000000000E+09   5.6886713064304006E+05   5.9102531626463501E-14   7.8668609477883605E-25   3.6169023284421801E+03
   1.2376770000000000E+09   5.7046800514991628E+05   5.8607528462348694E-14   7.8048269610273668E-25   3.6151165149739704E+03
   1.2396770000000000E+09   5.7206464469189092E+05   5.8118215914510477E-14   7.7434761930734742E-25   3.6133370771269060E+03
   1.2416770000000000E+09   5.7365707306746021E+05   5.7634514408315172E-14   7.6827986938937468E-25   3.6115643333181961E+03
   1.2436770000000000E+09   5.7524531377503963E+05   5.7156345725337005E-14   7.6227846917256864E-25   3.6097986005725752E+03
   1.2456770000000000E+09   5.7682939005450299E+05   5.6683632975783939E-14   7.5634245893829836E-25   3.6080401944908426E+03
   1.2476770000000000E+09   5.7840932492750208E+05   5.6216300572006535E-14   7.5047089607050896E-25   3.6062894292196188E+03
   1.2496770000000000E+09   5.7998514123499650E+05   5.5754274203103022E-14   7.4466285471526303E-25   3.6045466174223288E+03
   1.2516770000000000E+09   5.8155686167057138E+05   5.5297480810637462E-14   7.3891742545514802E-25   3.6028120702512410E+03
   1.2536770000000000E+09   5.8312450880872109E+05   5.4845848565424123E-14   7.3323371499797078E-25   3.6010860973204585E+03
   1.2556770000000000E+09   5.8468810512736056E+05   5.4399306845343200E-14   7.2761084587934061E-25   3.5993690066796180E+03
   1.2576770000000000E+09   5.8624767302424274E+05   5.3957786214112134E-14   7.2204795617819133E-25   3.5976611047880779E+03
   1.2596770000000000E+09   5.8780323482705350E+05   5.3521218400946668E-14   7.1654419924441463E-25   3.5959626964893746E+03
   1.2616770000000000E+09   5.8935481279723102E+05   5.3089536281022382E-14   7.1109874343747190E-25   3.5942740849856677E+03
   1.2636770000000000E+09   5.9090242912758153E+05   5.2662673856660930E-14   7.0571077187501254E-25   3.5925955718119658E+03
   1.2656770000000000E+09   5.9244610593397217E+05   5.2240566239147834E-14   7.0037948219028993E-25   3.5909274568099031E+03
   1.2676770000000000E+09   5.9398586524131557E+05   5.1823149631104780E-14   6.9510408629737233E-25   3.5892700381008640E+03
   1.2696770000000000E+09   5.9552172896416078E+05   5.1410361309336232E-14   6.8988381016310224E-25   3.5876236120582253E+03
   1.2716770000000000E+09   5.9705371888219705E+05   5.1002139608071988E-14   6.8471789358475515E-25   3.5859884732786099E+03
   1.2736770000000000E+09   5.9858185661104100E+05   5.0598423902526668E-14   6.7960558997235754E-25   3.5843649145519207E+03
   1.2756770000000000E+09   6.0010616356863827E+05   5.0199154592710412E-14   6.7454616613477112E-25   3.5827532268300638E+03
   1.2776770000000000E+09   6.0162666093784093E+05   4.9804273087399692E-14   6.6953890206832145E-25   3.5811536991941985E+03
   1.2796770000000000E+09   6.0314336962562962E+05   4.9413721788201014E-14   6.6458309074704648E-25   3.5795666188204427E+03
   1.2816770000000000E+09   6.0465631021975144E+05   4.9027444073612095E-14   6.5967803791326788E-25   3.5779922709439102E+03
   1.2836770000000000E+09   6.0616550294339925E+05   4.8645384283011496E-14   6.5482306186752996E-25   3.5764309388210245E+03
   1.2856770000000000E+09   6.0767096760869795E+05   4.8267487700503483E-14   6.5001749325687513E-25   3.5748829036901152E+03
   1.2876770000000000E+09   6.0917272356969409E+05   4.7893700538557525E-14   6.4526067486061919E-25   3.5733484447301930E+03
   1.2896770000000000E+09   6.1067078967550665E+05   4.7523969921396594E-14   6.4055196137294806E-25   3.5718278390179917E+03
   1.2916770000000000E+09   6.1216518422395224E+05   4.7158243868132249E-14   6.3589071918226921E-25   3.5703213614832612E+03
   1.2936770000000000E+09   6.1365592491601198E+05   4.6796471275635117E-14   6.3127632614711928E-25   3.5688292848623319E+03
   1.2956770000000000E+09   6.1514302881092462E+05   4.6438601901198625E-14   6.2670817136935668E-25   3.5673518796500257E+03
   1.2976770000000000E+09   6.1662651228152204E+05   4.6084586345064438E-14   6.2218565496552764E-25   3.5658894140499124E+03
   1.2996770000000000E+09   6.1810639096913568E+05   4.5734376032907622E-14   6.1770818783769874E-25   3.5644421539229243E+03
   1.3016770000000000E+09   6.1958267973740760E+05   4.5387923198389611E-14   6.1327519144518489E-25   3.5630103627343560E+03
   1.3036770000000000E+09   6.2105539262469683E+05   4.5045180865873298E-14   6.0888609757844781E-25   3.5615943014991508E+03
   1.3056770000000000E+09   6.2252454279597709E+05   4.4706102833329942E-14   6.0454034813554254E-25   3.5601942287255165E+03
   1.3076770000000000E+09   6.2399014249714173E+05   4.4370643655356467E-14   6.0023739490000944E-25   3.5588104003568133E+03
   1.3096770000000000E+09   6.2545220301776088E+05   4.4038758626058212E-14   5.9597669931686227E-25   3.5574430697118223E+03
   1.3116770000000000E+09   6.2691073467246769E+05   4.3710403761324732E-14   5.9175773226019211E-25   3.5560924874237976E+03
   1.3136770000000000E+09   6.2836574681570020E+05   4.3385535779794288E-14   5.8757997378271598E-25   3.5547589013788688E+03
   1.3156770000000000E+09   6.2981724790836801E+05   4.3064112081616331E-14   5.8344291283494841E-25   3.5534425566550594E+03
   1.3176770000000000E+09   6.3126524565663817E+05   4.2746090724062543E-14   5.7934604694076699E-25   3.5521436954636961E+03
   1.3196770000000000E+09   6.3270974724047619E+05   4.2431430393200098E-14   5.7528888181823514E-25   3.5508625570956292E+03
   1.3216770000000000E+09   6.3415075964026130E+05   4.2120090371386492E-14   5.7127093094183224E-25   3.5495993778753850E+03
   1.3236770000000000E+09   6.3558829005368508E+05   4.1812030501193866E-14   5.6729171505376726E-25   3.5483543911264246E+03
   1.3256770000000000E+09   6.3702234637183254E+05   4.1507211147607022E-14   5.6335076164889647E-25   3.5471278271506503E+03
   1.3276770000000000E+09   6.3845293765762309E+05   4.1205593161608210E-14   5.5944760447530185E-25   3.5459199132239728E+03
   1.3296770000000000E+09   6.3988007454756135E+05   4.0907137849311831E-14   5.5558178310723661E-25   3.5447308736081013E+03
   1.3316770000000000E+09   6.4130376948855398E+05   4.0611806951110377E-14   5.5175284265178436E-25   3.5435609295758964E+03
   1.3336770000000000E+09   6.4272403673402616E+05   4.0319562634434986E-14   5.4796033363948711E-25   3.5424102994447117E+03
   1.3356770000000000E+09   6.4414089206236077E+05   4.0030367501538911E-14   5.4420381211980397E-25   3.5412791986096504E+03
   1.3376770000000000E+09   6.4555435224252741E+05   3.9744184610407979E-14   5.4048283993749850E-25   3.5401678395672170E+03
   1.3396770000000000E+09   6.4696443434286781E+05   3.9460977503259511E-14   5.3679698511620257E-25   3.5390764319207387E+03
   1.3416770000000000E+09   6.4837115503618226E+05   3.9180710234332863E-14   5.3314582223711162E-25   3.5380051823620879E+03
   1.3436770000000000E+09   6.4977453007250512E+05   3.8903347388037310E-14   5.2952893269099208E-25   3.5369542946294573E+03
   1.3456770000000000E+09   6.5117457405320369E+05   3.8628854080785327E-14   5.2594590471129708E-25   3.5359239694470143E+03
   1.3476770000000000E+09   6.5257130054894486E+05   3.8357195944749659E-14   5.2239633316222592E-25   3.5349144044569780E+03
   1.3496770000000000E+09   6.5396472248708515E+05   3.8088339097817390E-14   5.1887981913758157E-25   3.5339257941564542E+03
   1.3516770000000000E+09   6.5535485263708234E+05   3.7822250108820107E-14   5.1539596949240907E-25   3.5329583298487637E+03
   1.3536770000000000E+09   6.5674170399162371E+05   3.7558895968424905E-14   5.1194439644845155E-25   3.5320121996128701E+03
   1.3556770000000000E+09   6.5812528989790240E+05   3.7298244072930270E-14   5.0852471737305162E-25   3.5310875882870205E+03
   1.3576770000000000E+09   6.5950562391792319E+05   3.7040262221786700E-14   5.0513655474449299E-25   3.5301846774570090E+03
   1.3596770000000000E+09   6.6088271952971607E+05   3.6784918623016418E-14   5.0177953622615253E-25   3.5293036454386915E+03
   1.3616770000000000E+09   6.6225658985331608E+05   3.6532181897275771E-14   4.9845329472417365E-25   3.5284446672485924E+03
   1.3636770000000000E+09   6.6362724755446648E+05   3.6282021073084252E-14   4.9515746832630740E-25   3.5276079145639337E+03
   1.3656770000000000E+09   6.6499470496380364E+05   3.6034405571626340E-14   4.9189170009883777E-25   3.5267935556795946E+03
   1.3676770000000000E+09   6.6635897431968595E+05   3.5789305186017545E-14   4.8865563780687886E-25   3.5260017554709971E+03
   1.3696770000000000E+09   6.6772006798122299E+05   3.5546690062940391E-14   4.8544893366525943E-25   3.5252326753679031E+03
   1.3716770000000000E+09   6.6907799850057217E+05   3.5306530692412742E-14   4.8227124419913075E-25   3.5244864733370473E+03
   1.3736770000000000E+09   6.7043277855402359E+05   3.5068797905960817E-14   4.7912223021915920E-25   3.5237633038669032E+03
   1.3756770000000000E+09   6.7178442082450713E+05   3.4833462878803787E-14   4.7600155685229710E-25   3.5230633179483207E+03
   1.3776770000000000E+09   6.7313293793681869E+05   3.4600497131005365E-14   4.7290889355939825E-25   3.5223866630496918E+03
   1.3796770000000000E+09   6.7447834247377864E+05   3.4369872525802053E-14   4.6984391411461480E-25   3.5217334830905579E+03
   1.3816770000000000E+09   6.7582064701602934E+05   3.4141561267206295E-14   4.6680629657454043E-25   3.5211039184185465E+03
   1.3836770000000000E+09   6.7715986412241659E+05   3.3915535900084712E-14   4.6379572328075139E-25   3.5204981057904711E+03
   1.3856770000000000E+09   6.7849600620262860E+05   3.3691769314159056E-14   4.6081188091620125E-25   3.5199161783529839E+03
   1.3876770000000000E+09   6.7982908524157899E+05   3.3470234752475362E-14   4.5785446062405842E-25   3.5193582656144563E+03
   1.3896770000000000E+09   6.8115911216481857E+05   3.3250905830933721E-14   4.5492315828083745E-25   3.5188244933952105E+03
   1.3916770000000000E+09   6.8248609506001649E+05   3.3033756596588181E-14   4.5201767530655245E-25   3.5183149837283718E+03
   1.3936770000000000E+09   6.8381003401740734E+05   3.2818761704964830E-14   4.4913772111965717E-25   3.5178298546380934E+03
   1.3956770000000000E+09   6.8513090689747408E+05   3.2605896920671106E-14   4.4628302005565657E-25   3.5173692196196330E+03
   1.3976770000000000E+09   6.8644863257069932E+05   3.2395140425291471E-14   4.4345332942336710E-25   3.5169331864503215E+03
   1.3996770000000000E+09   6.8776298242897482E+05   3.2186475989148931E-14   4.4064848325475605E-25   3.5165218546417204E+03
   1.4016770000000000E+09   6.8907338380521792E+05   3.1979900064463440E-14   4.3786849006879959E-25   3.5161353104166205E+03
   1.4036770000000000E+09   6.9037852368453960E+05   3.1775436187632093E-14   4.3511373124669480E-25   3.5157736176860271E+03
   1.4056770000000000E+09   6.9167564335084881E+05   3.1573160834392004E-14   4.3238531701024881E-25   3.5154368032996558E+03
   1.4076770000000000E+09   6.9295948500789271E+05   3.1373242474981153E-14   4.2968562420178087E-25   3.5151248346798275E+03
   1.4096770000000000E+09   6.9422113016415806E+05   3.1175985492646251E-14   4.2701890210776230E-25   3.5148375864120712E+03
   1.4116770000000000E+09   6.9544754292433290E+05   3.0981849264569350E-14   4.2439154047011249E-25   3.5145747868074786E+03
   1.4136770000000000E+09   6.9662329283965356E+05   3.0791386947360236E-14   4.2181124165617510E-25   3.5143359275501289E+03
   1.4156770000000000E+09   6.9773583606015786E+05   3.0605049404308812E-14   4.1928434946521106E-25   3.5141201310210845E+03
   1.4176770000000000E+09   6.9878359526723053E+05   3.0422877391621525E-14   4.1681164182147886E-25   3.5139260487892880E+03
   1.4196770000000000E+09   6.9978196645604935E+05   3.0244263502476075E-14   4.1438504837204779E-25   3.5137520097994384E+03
   1.4216770000000000E+09   7.0076037171980413E+05   3.0068055393196814E-14   4.1198899013933542E-25   3.5135966331785662E+03
   1.4236770000000000E+09   7.0174983019834140E+05   2.9893042687025987E-14   4.0960695615796148E-25   3.5134596453959125E+03
   1.4256770000000000E+09   7.0277306612401700E+05   2.9718372106756119E-14   4.0722718501210503E-25   3.5133419791124638E+03
   1.4276770000000000E+09   7.0385001829894842E+05   2.9543355741873568E-14   4.0484015636410323E-25   3.5132447903535663E+03
   1.4296770000000000E+09   7.0501193226468679E+05   2.9366868379336263E-14   4.0243055978828817E-25   3.5131674867551528E+03
   1.4316770000000000E+09   7.0626673262150609E+05   2.9188833629155619E-14   3.9999579737718455E-25   3.5131240374936729E+03
   1.4336770000000000E+09   7.0790652332979604E+05   2.8996224494648226E-14   3.9737246575184326E-25   3.5129814224921888E+03
   1.4356770000000000E+09   7.0740463641771930E+05   2.8895425672050710E-14   3.9597365095649071E-25   3.5131361388703017E+03
   6.5767700000000000E+08  -3.1232819201503985E+03   3.0373056736860081E-08   1.1062653665693644E-22   1.8113857477362794E+03
   6.5967700000000000E+08  -3.5351551748382976E+03   4.6916487595397122E-08   1.3763196248606288E-22   2.2489940859938652E+03
   6.6167700000000000E+08  -3.7432827670941488E+03   5.5891537946876721E-08   1.4508386513544653E-22   2.5416434635895462E+03
   6.6367700000000000E+08  -3.5530917767510705E+03   5.8659766660315190E-08   1.3987481974361496E-22   2.7669056574698739E+03
   6.6567700000000000E+08  -2.9933062693581664E+03   5.7561104389869673E-08   1.2864254945827426E-22   2.9521807941642642E+03
   6.6767700000000000E+08  -2.3330275352152580E+03   5.4698417053107406E-08   1.1602400836546619E-22   3.1104923917869660E+03
   6.6967700000000000E+08  -1.7400739864758275E+03   5.1319603414461494E-08   1.0421197527318694E-22   3.2491498504185183E+03
   6.7167700000000000E+08  -1.2093232618209156E+03   4.7951153325371523E-08   9.3804173750303442E-23   3.3727311116070719E+03
   6.7367700000000000E+08  -6.6837366525963114E+02   4.4786747131044803E-08   8.4807511635527116E-23   3.4843313724993709E+03
   6.7567700000000000E+08   3.8435475424102258E+01   4.1857861396632927E-08   7.7010454269419058E-23   3.5861623097528613E+03
   6.7767700000000000E+08   1.0114097222879575E+03   3.9112154068762283E-08   7.0126073328325658E-23   3.6798687600081321E+03
   6.7967700000000000E+08   2.1999979754949832E+03   3.6526199400944005E-08   6.3979396586276742E-23   3.7667044663212396E+03
   6.8167700000000000E+08   3.5019969785274097E+03   3.4125769246267616E-08   5.8516994911057285E-23   3.8476423651968707E+03
   6.8367700000000000E+08   4.8850481024728297E+03   3.1967320894450170E-08   5.3756305541577745E-23   3.9234536661820421E+03
   6.8567700000000000E+08   6.4002619270238156E+03   3.0071211024843433E-08   4.9664886417498560E-23   3.9947643167323677E+03
   6.8767700000000000E+08   8.0834660690853561E+03   2.8423075232409188E-08   4.6164657335978002E-23   4.0620913617969709E+03
   6.8967700000000000E+08   9.9339101438159996E+03   2.6990499046852177E-08   4.3160163688753143E-23   4.1258660979484821E+03
   6.9167700000000000E+08   1.1923799787367163E+04   2.5737292741594506E-08   4.0560532895650870E-23   4.1864510144940468E+03
   6.9367700000000000E+08   1.4015066449128830E+04   2.4630300191597581E-08   3.8288236531009850E-23   4.2441531061448823E+03
   6.9567700000000000E+08   1.6167102986824137E+04   2.3641117268513726E-08   3.6279712471500211E-23   4.2992344649273819E+03
   6.9767700000000000E+08   1.8338921863307518E+04   2.2746405886843771E-08   3.4484141181104806E-23   4.3519205907236965E+03
   6.9967700000000000E+08   2.0490912315789166E+04   2.1927267196580995E-08   3.2861159953640771E-23   4.4024069177386918E+03
   7.0167700000000000E+08   2.2585300592179301E+04   2.1168498978731249E-08   3.1378748499674737E-23   4.4508639808178468E+03
   7.0367700000000000E+08   2.4586594886392875E+04   2.0457936625166431E-08   3.0011508488071243E-23   4.4974415348123403E+03
   7.0567700000000000E+08   2.6462265100708548E+04   1.9785924439231348E-08   2.8739333986975681E-23   4.5422718759623622E+03
   7.0767700000000000E+08   2.8183631664496188E+04   1.9144907628018904E-08   2.7546402184728558E-23   4.5854725507211788E+03
   7.0967700000000000E+08   2.9726875328589307E+04   1.8529116633009080E-08   2.6420402125537359E-23   4.6271485881229664E+03
   7.1167700000000000E+08   3.1074054339645183E+04   1.7934315164058802E-08   2.5351931482064939E-23   4.6673943554867983E+03
   7.1367700000000000E+08   3.2214009810464373E+04   1.7357586697067156E-08   2.4334005548070144E-23   4.7062951107498557E+03
   7.1567700000000000E+08   3.3143031027698591E+04   1.6797139041298646E-08   2.3361636120546281E-23   4.7439283054314965E+03
   7.1767700000000000E+08   3.3865148905284499E+04   1.6252111815414985E-08   2.2431449871702676E-23   4.7803646782174419E+03
   7.1967700000000000E+08   3.4391939755041429E+04   1.5722377865384652E-08   2.1541327481062995E-23   4.8156691692361601E+03
   7.2167700000000000E+08   3.4741765845316084E+04   1.5208336876976876E-08   2.0690056602718185E-23   4.8499016785528011E+03
   7.2367700000000000E+08   3.4938456653789159E+04   1.4710706962086770E-08   1.9877002928104895E-23   4.8831176886865942E+03
   7.2567700000000000E+08   3.5009533459567254E+04   1.4230326258986281E-08   1.9101812278936083E-23   4.9153687694460950E+03
   7.2767700000000000E+08   3.4984174258461768E+04   1.3767979765989154E-08   1.8364160697229448E-23   4.9467029832571288E+03
   7.2967700000000000E+08   3.4891175221219601E+04   1.3324265553864136E-08   1.7663567697118549E-23   4.9771652094705350E+03
   7.3167700000000000E+08   3.4757166826447181E+04   1.2899509367622035E-08   1.6999280824674575E-23   5.0067974059821408E+03
   7.3367700000000000E+08   3.4605284766579956E+04   1.2493729069141143E-08   1.6370229849775468E-23   5.0356388252835413E+03
   7.3567700000000000E+08   3.4454396645288842E+04   1.2106642805090232E-08   1.5775039535528107E-23   5.0637261996593152E+03
   7.3767700000000000E+08   3.4318877086347406E+04   1.1737709375625552E-08   1.5212083720980778E-23   5.0910939069642791E+03
   7.3967700000000000E+08   3.4208836649824363E+04   1.1386187132778703E-08   1.4679561631461496E-23   5.1177741248234533E+03
   7.4167700000000000E+08   3.4130661757785936E+04   1.1051198694921758E-08   1.4175579460924274E-23   5.1437969777875442E+03
   7.4367700000000000E+08   3.4087715353584266E+04   1.0731791781484442E-08   1.3698224838599411E-23   5.1691906793668741E+03
   7.4567700000000000E+08   3.4081070790478465E+04   1.0426990242460795E-08   1.3245627048250595E-23   5.1939816691265014E+03
   7.4767700000000000E+08   3.4110189273897246E+04   1.0135832819085701E-08   1.2816000471274370E-23   5.2181947441030425E+03
   7.4967700000000000E+08   3.4173490587116336E+04   9.8573997392620999E-09   1.2407671995475575E-23   5.2418531835130889E+03
   7.5167700000000000E+08   3.4268799299526007E+04   9.5908287856613151E-09   1.2019094976366866E-23   5.2649788658353282E+03
   7.5367700000000000E+08   3.4393670864554566E+04   9.3353231276358653E-09   1.1648853020620490E-23   5.2875923776600375E+03
   7.5567700000000000E+08   3.4545614345837464E+04   9.0901532506620777E-09   1.1295656772336212E-23   5.3097131140621432E+03
   7.5767700000000000E+08   3.4722233219858266E+04   8.8546550169188145E-09   1.0958336386059963E-23   5.3313593705799085E+03
   7.5967700000000000E+08   3.4921305481926996E+04   8.6282254537529096E-09   1.0635831734237382E-23   5.3525484271304458E+03
   7.6167700000000000E+08   3.5140821447099086E+04   8.4103174240099008E-09   1.0327181784122625E-23   5.3732966243583633E+03
   7.6367700000000000E+08   3.5378993837272625E+04   8.2004339508978773E-09   1.0031514068572405E-23   5.3936194330045455E+03
   7.6567700000000000E+08   3.5634250976777817E+04   7.9981226738598545E-09   9.7480347890876714E-24   5.4135315169155083E+03
   7.6767700000000000E+08   3.5905220675797784E+04   7.8029706992172764E-09   9.4760198194394780E-24   5.4330467903071749E+03
   7.6967700000000000E+08   3.6190709829473817E+04   7.6145999667282139E-09   9.2148067025426806E-24   5.4521784698653109E+03
   7.7167700000000000E+08   3.6489682881073961E+04   7.4326631639819386E-09   8.9637876276316760E-24   5.4709391222197182E+03
   7.7367700000000000E+08   3.6801240986099809E+04   7.2568401691427986E-09   8.7224033176223868E-24   5.4893407072784448E+03
   7.7567700000000000E+08   3.7124602842844986E+04   7.0868349763058700E-09   8.4901377307791292E-24   5.5073946178568494E+03
   7.7767700000000000E+08   3.7459087603893080E+04   6.9223730472234257E-09   8.2665134740774366E-24   5.5251117159875394E+03
   7.7967700000000000E+08   3.7804099953619669E+04   6.7631990318604888E-09   8.0510878295541813E-24   5.5425023662522808E+03
   7.8167700000000000E+08   3.8159117253917597E+04   6.6090748038396778E-09   7.8434493040656619E-24   5.5595764664367816E+03
   7.8367700000000000E+08   3.8523678570334312E+04   6.4597777626648068E-09   7.6432146239660437E-24   5.5763434757737041E+03
   7.8567700000000000E+08   3.8897375356818586E+04   6.3150993611014876E-09   7.4500261074283464E-24   5.5928124410080836E+03
   7.8767700000000000E+08   3.9279843575194987E+04   6.1748438223919592E-09   7.2635493575173655E-24   5.6089920204922973E+03
   7.8967700000000000E+08   3.9670757040088218E+04   6.0388270176812319E-09   7.0834712282881664E-24   5.6248905064939663E+03
   7.9167700000000000E+08   4.0069821802093691E+04   5.9068754789827158E-09   6.9094980240313055E-24   5.6405158458798305E+03
   7.9367700000000000E+08   4.0476771406205437E+04   5.7788255272037798E-09   6.7413538983824874E-24   5.6558756593206608E+03
   7.9567700000000000E+08   4.0891362886015340E+04   5.6545224982455193E-09   6.5787794254963986E-24   5.6709772591467154E+03
   7.9767700000000000E+08   4.1313373375598218E+04   5.5338200530744449E-09   6.4215303200110353E-24   5.6858276659697349E+03
   7.9967700000000000E+08   4.1742597239765702E+04   5.4165795600306467E-09   6.2693762862557745E-24   5.7004336241753608E+03
   8.0167700000000000E+08   4.2178843639478582E+04   5.3026695395755218E-09   6.1220999802230749E-24   5.7148016163795801E+03
   8.0367700000000000E+08   4.2621934462820667E+04   5.1919651632690870E-09   5.9794960703504765E-24   5.7289378769334253E+03
   8.0567700000000000E+08   4.3071702563361672E+04   5.0843478000692717E-09   5.8413703852478623E-24   5.7428484045520299E+03
   8.0767700000000000E+08   4.3527990257302401E+04   4.9797046041160878E-09   5.7075391382355490E-24   5.7565389741369281E+03
   8.0967700000000000E+08   4.3990648038797895E+04   4.8779281390480048E-09   5.5778282200006485E-24   5.7700151478540156E+03
   8.1167700000000000E+08   4.4459533479584577E+04   4.7789160346304886E-09   5.4520725518842018E-24   5.7832822855239401E+03
   8.1367700000000000E+08   4.4934510284724434E+04   4.6825706720871402E-09   5.3301154933248234E-24   5.7963455543764248E+03
   8.1567700000000000E+08   4.5415447481121417E+04   4.5887988950344904E-09   5.2118082978394869E-24   5.8092099382156675E+03
   8.1767700000000000E+08   4.5902218719623968E+04   4.4975117433498317E-09   5.0970096126464148E-24   5.8218802460396537E+03
   8.1967700000000000E+08   4.6394701675088734E+04   4.4086242076625373E-09   4.9855850176511732E-24   5.8343611201526755E+03
   8.2167700000000000E+08   4.6892777531857049E+04   4.3220550024638368E-09   4.8774066000423767E-24   5.8466570438069675E+03
   8.2367700000000000E+08   4.7396330544711032E+04   4.2377263560867755E-09   4.7723525611916449E-24   5.8587723484063918E+03
   8.2567700000000000E+08   4.7905247667555828E+04   4.1555638160249585E-09   4.6703068529362047E-24   5.8707112203024226E+03
   8.2767700000000000E+08   4.8419418243845139E+04   4.0754960682400458E-09   4.5711588406491816E-24   5.8824777072102052E+03
   8.2967700000000000E+08   4.8938733754098444E+04   3.9974547692602177E-09   4.4748029907823347E-24   5.8940757242702803E+03
   8.3167700000000000E+08   4.9463087616783654E+04   3.9213743899982120E-09   4.3811385808039410E-24   5.9055090597794897E+03
   8.3367700000000000E+08   4.9992375039344624E+04   3.8471920703213929E-09   4.2900694296565313E-24   5.9167813806128870E+03
   8.3567700000000000E+08   5.0526492916253359E+04   3.7748474834932230E-09   4.2015036470331104E-24   5.9278962373565737E+03
   8.3767700000000000E+08   5.1065339770752733E+04   3.7042827096757942E-09   4.1153533999172881E-24   5.9388570691701443E+03
   8.3967700000000000E+08   5.1608815736414814E+04   3.6354421177432974E-09   4.0315346949617774E-24   5.9496672083957628E+03
   8.4167700000000000E+08   5.2156822573927398E+04   3.5682722547067768E-09   3.9499671753912501E-24   5.9603298849297953E+03
   8.4367700000000000E+08   5.2709263717678310E+04   3.5027217420965083E-09   3.8705739312168048E-24   5.9708482303717137E+03
   8.4567700000000000E+08   5.3266044345885450E+04   3.4387411786901921E-09   3.7932813216410958E-24   5.9812252819638361E+03
   8.4767700000000000E+08   5.3827071467285430E+04   3.3762830490171254E-09   3.7180188086204362E-24   5.9914639863346156E+03
   8.4967700000000000E+08   5.4392254016879218E+04   3.3153016371105983E-09   3.6447188006339132E-24   6.0015672030571259E+03
   8.5167700000000000E+08   5.4961502953005642E+04   3.2557529450246540E-09   3.5733165057912071E-24   6.0115377080337958E+03
   8.5367700000000000E+08   5.5534731348116751E+04   3.1975946156775973E-09   3.5037497934920724E-24   6.0213781967173391E+03
   8.5567700000000000E+08   5.6111854466128141E+04   3.1407858596323733E-09   3.4359590639298457E-24   6.0310912871774999E+03
   8.5767700000000000E+08   5.6692789820057733E+04   3.0852873854731978E-09   3.3698871248098875E-24   6.0406795230223352E+03
   8.5967700000000000E+08   5.7277457204851518E+04   3.0310613334868496E-09   3.3054790747292748E-24   6.0501453761822277E+03
   8.6167700000000000E+08   5.7865778701733849E+04   2.9780712124047444E-09   3.2426821927358212E-24   6.0594912495643257E+03
   8.6367700000000000E+08   5.8457678652027957E+04   2.9262818390069919E-09   3.1814458336510087E-24   6.0687194795845699E+03
   8.6567700000000000E+08   5.9053083600083330E+04   2.8756592804300430E-09   3.1217213288011184E-24   6.0778323385839976E+03
   8.6767700000000000E+08   5.9651922206585055E+04   2.8261707990548777E-09   3.0634618918530993E-24   6.0868320371356112E+03
   8.6967700000000000E+08   6.0254125135032249E+04   2.7777847998813382E-09   3.0066225294953564E-24   6.0957207262477204E+03
   8.7167700000000000E+08   6.0859624915451313E+04   2.7304707803161614E-09   2.9511599567386436E-24   6.1045004994692617E+03
   8.7367700000000000E+08   6.1468355790394038E+04   2.6841992823171769E-09   2.8970325166385758E-24   6.1131733949023010E+03
   8.7567700000000000E+08   6.2080253548917855E+04   2.6389418468444422E-09   2.8442001042594953E-24   6.1217413971266033E+03
   8.7767700000000000E+08   6.2695255354532193E+04   2.5946709705714839E-09   2.7926240947105692E-24   6.1302064390408968E+03
   8.7967700000000000E+08   6.3313299573045479E+04   2.5513600648070890E-09   2.7422672750900184E-24   6.1385704036250954E+03
   8.8167700000000000E+08   6.3934325605873179E+04   2.5089834165719672E-09   2.6930937801740778E-24   6.1468351256276101E+03
   8.8367700000000000E+08   6.4558273733775233E+04   2.4675161517652570E-09   2.6450690316843088E-24   6.1550023931815558E+03
   8.8567700000000000E+08   6.5185084975237631E+04   2.4269342003453058E-09   2.5981596809620887E-24   6.1630739493534538E+03
   8.8767700000000000E+08   6.5814700963003270E+04   2.3872142634370823E-09   2.5523335548723960E-24   6.1710514936278723E+03
   8.8967700000000000E+08   6.6447063841950890E+04   2.3483337822639728E-09   2.5075596047493283E-24   6.1789366833312197E+03
   8.9167700000000000E+08   6.7082116192321162E+04   2.3102709087807534E-09   2.4638078581790533E-24   6.1867311349976262E+03
   8.9367700000000000E+08   6.7719800985854454E+04   2.2730044778462409E-09   2.4210493733803874E-24   6.1944364256798781E+03
   8.9567700000000000E+08   6.8360061592020880E+04   2.2365139806964692E-09   2.3792561958658576E-24   6.2020540942080461E+03
   8.9767700000000000E+08   6.9002841873332960E+04   2.2007795393205306E-09   2.3384013169027661E-24   6.2095856423983932E+03
   8.9967700000000000E+08   6.9648086452333271E+04   2.1657818810400684E-09   2.2984586329804423E-24   6.2170325362151389E+03
   9.0167700000000000E+08   7.0295741308816927E+04   2.1315023120869697E-09   2.2594029049620149E-24   6.2243962068874807E+03
   9.0367700000000000E+08   7.0945754974202209E+04   2.0979226882838520E-09   2.2212097148828601E-24   6.2316780519845670E+03
   9.0567700000000000E+08   7.1598080691216572E+04   2.0650253803590162E-09   2.1838554177762437E-24   6.2388794364511705E+03
   9.0767700000000000E+08   7.2252679871869288E+04   2.0327932318738665E-09   2.1473170864142560E-24   6.2460016936069551E+03
   9.0967700000000000E+08   7.2909526748359174E+04   2.0012095109736222E-09   2.1115724503039208E-24   6.2530461261123291E+03
   9.1167700000000000E+08   7.3568612910375989E+04   1.9702578654277592E-09   2.0765998389934029E-24   6.2600140069027448E+03
   9.1367700000000000E+08   7.4229948308570252E+04   1.9399223043098934E-09   2.0423781542774473E-24   6.2669065800909502E+03
   9.1567700000000000E+08   7.4893553026870504E+04   1.9101872436712270E-09   2.0088869103480436E-24   6.2737250618323878E+03
   9.1767700000000000E+08   7.5559434124005274E+04   1.8810376514330057E-09   1.9761063782080949E-24   6.2804706411439483E+03
   9.1967700000000000E+08   7.6227547888405388E+04   1.8524592842800713E-09   1.9440178256115818E-24   6.2871444806643003E+03
   9.2167700000000000E+08   7.6897761800817345E+04   1.8244389178340653E-09   1.9126037479061893E-24   6.2937477173512134E+03
   9.2367700000000000E+08   7.7569845499111470E+04   1.7969643740932319E-09   1.8818478845846207E-24   6.3002814631304500E+03
   9.2567700000000000E+08   7.8243518596022623E+04   1.7700241725499292E-09   1.8517348424015389E-24   6.3067468055357967E+03
   9.2767700000000000E+08   7.8918546889966572E+04   1.7436068623463656E-09   1.8222493893795174E-24   6.3131448083877949E+03
   9.2967700000000000E+08   7.9594823590367087E+04   1.7177004522096609E-09   1.7933758576325681E-24   6.3194765125285103E+03
   9.3167700000000000E+08   8.0272364357800878E+04   1.6922924719766488E-09   1.7650982090222302E-24   6.3257429365750450E+03
   9.3367700000000000E+08   8.0951211380251058E+04   1.6673705655929571E-09   1.7374006522245533E-24   6.3319450776125868E+03
   9.3567700000000000E+08   8.1631343344912835E+04   1.6429229180594373E-09   1.7102680803046027E-24   6.3380839117737196E+03
   9.3767700000000000E+08   8.2312713158011291E+04   1.6189383872692742E-09   1.6836861977795997E-24   6.3441603947660706E+03
   9.3967700000000000E+08   8.2995360697994227E+04   1.5954066328742153E-09   1.6576416487839394E-24   6.3501754624599080E+03
   9.4167700000000000E+08   8.3679380370439845E+04   1.5723176270771532E-09   1.6321215101324339E-24   6.3561300314970149E+03
   9.4367700000000000E+08   8.4364701911473123E+04   1.5496599996130106E-09   1.6071115759560823E-24   6.3620249997442206E+03
   9.4567700000000000E+08   8.5050936680184706E+04   1.5274199162277596E-09   1.5825951913058996E-24   6.3678612465511305E+03
   9.4767700000000000E+08   8.5737512046465563E+04   1.5055827435624933E-09   1.5585549676125354E-24   6.3736396330314255E+03
   9.4967700000000000E+08   8.6424021149532025E+04   1.4841364495028927E-09   1.5349762929058317E-24   6.3793610026651322E+03
   9.5167700000000000E+08   8.7110667767544874E+04   1.4630736731126052E-09   1.5118494567047604E-24   6.3850261822473194E+03
   9.5367700000000000E+08   8.7798603395534054E+04   1.4423934753296012E-09   1.4891713917588174E-24   6.3906359826807493E+03
   9.5567700000000000E+08   8.8488183146687516E+04   1.4221029015565758E-09   1.4669474783911059E-24   6.3961911993658077E+03
   9.5767700000000000E+08   8.9179790485742313E+04   1.4021875464086853E-09   1.4451610704354967E-24   6.4016926122383302E+03
   9.5967700000000000E+08   8.9872943510904894E+04   1.3826349961141617E-09   1.4237974906784863E-24   6.4071409858183797E+03
   9.6167700000000000E+08   9.0567387558681745E+04   1.3634353961219353E-09   1.4028448143757014E-24   6.4125370695933252E+03
   9.6367700000000000E+08   9.1262990282523606E+04   1.3445801440061570E-09   1.3822924843139565E-24   6.4178815984659177E+03
   9.6567700000000000E+08   9.1959672527895527E+04   1.3260612735127026E-09   1.3621306677138185E-24   6.4231752931631700E+03
   9.6767700000000000E+08   9.2657377690874055E+04   1.3078712061029387E-09   1.3423499944008416E-24   6.4284188606129737E+03
   9.6967700000000000E+08   9.3356060493344121E+04   1.2900026554614702E-09   1.3229414545082817E-24   6.4336129942984753E+03
   9.7167700000000000E+08   9.4055682829960817E+04   1.2724485851906458E-09   1.3038963519259124E-24   6.4387583745961501E+03
   9.7367700000000000E+08   9.4756211873078966E+04   1.2552021814874229E-09   1.2852062736466161E-24   6.4438556691003041E+03
   9.7567700000000000E+08   9.5457618761499616E+04   1.2382568314233083E-09   1.2668630651368479E-24   6.4489055329360817E+03
   9.7767700000000000E+08   9.6159877356802594E+04   1.2216061065599642E-09   1.2488588113505063E-24   6.4539086090620203E+03
   9.7967700000000000E+08   9.6862963258805408E+04   1.2052437507318193E-09   1.2311858221423197E-24   6.4588655285626928E+03
   9.8167700000000000E+08   9.7566853328862650E+04   1.1891636699190706E-09   1.2138366199412655E-24   6.4637769109323499E+03
   9.8367700000000000E+08   9.8271525560125534E+04   1.1733599237914105E-09   1.1968039292462267E-24   6.4686433643498713E+03
   9.8567700000000000E+08   9.8976959010173989E+04   1.1578267193016707E-09   1.1800806683145627E-24   6.4734654859456741E+03
   9.8767700000000000E+08   9.9683133706238936E+04   1.1425584058390294E-09   1.1636599425270897E-24   6.4782438620607209E+03
   9.8967700000000000E+08   1.0039003049445506E+05   1.1275494710923621E-09   1.1475350385535383E-24   6.4829790684980899E+03
   9.9167700000000000E+08   1.0109763080705146E+05   1.1127945372247348E-09   1.1316994189029866E-24   6.4876716707671558E+03
   9.9367700000000000E+08   1.0180591652886439E+05   1.0982883574225231E-09   1.1161467169126630E-24   6.4923222243206301E+03
   9.9567700000000000E+08   1.0251487036220779E+05   1.0840258137641137E-09   1.1008707331254591E-24   6.4969312747849535E+03
   9.9767700000000000E+08   1.0322447702440810E+05   1.0700019184678341E-09   1.0858654351401275E-24   6.5014993581845665E+03
   9.9967700000000000E+08   1.0393472519717491E+05   1.0562118201711894E-09   1.0711249626051823E-24   6.5060270011607445E+03
   1.0016770000000000E+09   1.0464560948957042E+05   1.0426508136787975E-09   1.0566436357681483E-24   6.5105147211851954E+03
   1.0036770000000000E+09   1.0535713153403533E+05   1.0293143481024623E-09   1.0424159624342205E-24   6.5149630267684788E+03
   1.0056770000000000E+09   1.0606929892268471E+05   1.0161980215563568E-09   1.0284366313781790E-24   6.5193724176623173E+03
   1.0076770000000000E+09   1.0678212137620995E+05   1.0032975596172852E-09   1.0147004894170448E-24   6.5237433850546786E+03
   1.0096770000000000E+09   1.0749560490790410E+05   9.9060877662572545E-10   1.0012025012384073E-24   6.5280764117570070E+03
   1.0116770000000000E+09   1.0820974675211548E+05   9.7812753246413648E-10   9.8793770480133157E-25   6.5323719723832974E+03
   1.0136770000000000E+09   1.0892452597000368E+05   9.6584969526380435E-10   9.7490117250941204E-25   6.5366305335220241E+03
   1.0156770000000000E+09   1.0963990685294350E+05   9.5377113737289259E-10   9.6208800722895643E-25   6.5408525539026377E+03
   1.0176770000000000E+09   1.1035583696829394E+05   9.4188768696967924E-10   9.4949329168703873E-25   6.5450384845584294E+03
   1.0196770000000000E+09   1.1107225226806986E+05   9.3019520904177404E-10   9.3711216993304810E-25   6.5491887689871983E+03
   1.0216770000000000E+09   1.1178908687757257E+05   9.1868964357446995E-10   9.2493988493025314E-25   6.5533038433115871E+03
   1.0236770000000000E+09   1.1250628160664595E+05   9.0736705384162149E-10   9.1297182635568016E-25   6.5573841364392620E+03
   1.0256770000000000E+09   1.1322379075242614E+05   8.9622366316820256E-10   9.0120356672583306E-25   6.5614300702217279E+03
   1.0276770000000000E+09   1.1394158574363089E+05   8.8525587265561797E-10   8.8963087832483386E-25   6.5654420596106975E+03
   1.0296770000000000E+09   1.1465965535105841E+05   8.7446025876446464E-10   8.7824972986654076E-25   6.5694205128101767E+03
   1.0316770000000000E+09   1.1537800308622915E+05   8.6383355503425946E-10   8.6705626723993125E-25   6.5733658314236500E+03
   1.0336770000000000E+09   1.1609664293123265E+05   8.5337262493912895E-10   8.5604678540877898E-25   6.5772784105952851E+03
   1.0356770000000000E+09   1.1681559461462821E+05   8.4307443301140184E-10   8.4521769865100727E-25   6.5811586391454903E+03
   1.0376770000000000E+09   1.1753487938966835E+05   8.3293601966125876E-10   8.3456551459226241E-25   6.5850068997011131E+03
   1.0396770000000000E+09   1.1825451687012681E+05   8.2295448262549002E-10   8.2408681496821425E-25   6.5888235688208515E+03
   1.0416770000000000E+09   1.1897452309071284E+05   8.1312696563745763E-10   8.1377824369261423E-25   6.5926090171168516E+03
   1.0436770000000000E+09   1.1969490967040628E+05   8.0345065329690633E-10   8.0363650118798825E-25   6.5963636093726946E+03
   1.0456770000000000E+09   1.2041568380046780E+05   7.9392277035727442E-10   7.9365834317533444E-25   6.6000877046586347E+03
   1.0476770000000000E+09   1.2113684874367816E+05   7.8454058356304064E-10   7.8384058203888907E-25   6.6037816564441428E+03
   1.0496770000000000E+09   1.2185840457451290E+05   7.7530140449776173E-10   7.7418008921609476E-25   6.6074458127080770E+03
   1.0516770000000000E+09   1.2258034896492635E+05   7.6620259240089313E-10   7.6467379756564487E-25   6.6110805160464897E+03
   1.0536770000000000E+09   1.2330267789800436E+05   7.5724155638978499E-10   7.5531870314843068E-25   6.6146861037781864E+03
   1.0556770000000000E+09   1.2402538625594201E+05   7.4841575688333092E-10   7.4611186621839654E-25   6.6182629080479855E+03
   1.0576770000000000E+09   1.2474846827162213E+05   7.3972270625041932E-10   7.3705041144781201E-25   6.6218112559276251E+03
   1.0596770000000000E+09   1.2547191785664778E+05   7.3115996881870415E-10   7.2813152752384879E-25   6.6253314695145464E+03
   1.0616770000000000E+09   1.2619572882893070E+05   7.2272516040967474E-10   7.1935246628356688E-25   6.6288238660282213E+03
   1.0636770000000000E+09   1.2691989506423904E+05   7.1441594755286945E-10   7.1071054154077472E-25   6.6322887579044464E+03
   1.0656770000000000E+09   1.2764441059303166E+05   7.0623004650099123E-10   7.0220312772683743E-25   6.6357264528873184E+03
   1.0676770000000000E+09   1.2836926965965707E+05   6.9816522213393737E-10   6.9382765843340422E-25   6.6391372541191304E+03
   1.0696770000000000E+09   1.2909446675671295E+05   6.9021928681195293E-10   6.8558162491705458E-25   6.6425214602281067E+03
   1.0716770000000000E+09   1.2981999664388922E+05   6.8239009921773497E-10   6.7746257460530955E-25   6.6458793654141782E+03
   1.0736770000000000E+09   1.3054585435795701E+05   6.7467556321294141E-10   6.6946810962903619E-25   6.6492112595327417E+03
   1.0756770000000000E+09   1.3127203521838976E+05   6.6707362672479490E-10   6.6159588539646915E-25   6.6525174281763857E+03
   1.0776770000000000E+09   1.3199853483137712E+05   6.5958228067100068E-10   6.5384360921657382E-25   6.6557981527548800E+03
   1.0796770000000000E+09   1.3272534909353364E+05   6.5219955792547506E-10   6.4620903897382100E-25   6.6590537105732465E+03
   1.0816770000000000E+09   1.3345247419548398E+05   6.4492353232332110E-10   6.3868998185239422E-25   6.6622843749080139E+03
   1.0836770000000000E+09   1.3417990662481892E+05   6.3775231770107575E-10   6.3128429310545184E-25   6.6654904150818465E+03
   1.0856770000000000E+09   1.3490764316761630E+05   6.3068406696760920E-10   6.2398987486449518E-25   6.6686720965363538E+03
   1.0876770000000000E+09   1.3563568090779916E+05   6.2371697120179121E-10   6.1680467498459079E-25   6.6718296809033272E+03
   1.0896770000000000E+09   1.3636401722387262E+05   6.1684925877445996E-10   6.0972668592264727E-25   6.6749634260744087E+03
   1.0916770000000000E+09   1.3709264978289432E+05   6.1007919449368167E-10   6.0275394364741089E-25   6.6780735862690981E+03
   1.0936770000000000E+09   1.3782157653178673E+05   6.0340507877329187E-10   5.9588452658082766E-25   6.6811604121013161E+03
   1.0956770000000000E+09   1.3855079568619354E+05   5.9682524682504892E-10   5.8911655457078686E-25   6.6842241506444743E+03
   1.0976770000000000E+09   1.3928030571707597E+05   5.9033806787450672E-10   5.8244818789504765E-25   6.6872650454951327E+03
   1.0996770000000000E+09   1.4001010533512698E+05   5.8394194440020527E-10   5.7587762629567631E-25   6.6902833368350957E+03
   1.1016770000000000E+09   1.4074019347293381E+05   5.7763531139535306E-10   5.6940310804286173E-25   6.6932792614924574E+03
   1.1036770000000000E+09   1.4147056926470975E+05   5.7141663565068486E-10   5.6302290902659981E-25   6.6962530530009044E+03
   1.1056770000000000E+09   1.4220123202330628E+05   5.6528441505726784E-10   5.5673534187471680E-25   6.6992049416581149E+03
   1.1076770000000000E+09   1.4293218121417932E+05   5.5923717792798585E-10   5.5053875509579088E-25   6.7021351545825610E+03
   1.1096770000000000E+09   1.4366341642593817E+05   5.5327348233687372E-10   5.4443153224587073E-25   6.7050439157693781E+03
   1.1116770000000000E+09   1.4439493733713171E+05   5.4739191547563160E-10   5.3841209111815236E-25   6.7079314461447275E+03
   1.1136770000000000E+09   1.4512674367890734E+05   5.4159109302709318E-10   5.3247888295512718E-25   6.7107979636192476E+03
   1.1156770000000000E+09   1.4585883519321098E+05   5.3586965855553013E-10   5.2663039168291517E-25   6.7136436831401697E+03
   1.1176770000000000E+09   1.4659121158622106E+05   5.3022628291388341E-10   5.2086513316763172E-25   6.7164688167425174E+03
   1.1196770000000000E+09   1.4732387247674726E+05   5.2465966366798081E-10   5.1518165449369680E-25   6.7192735735988908E+03
   1.1216770000000000E+09   1.4805681733938685E+05   5.1916852453786311E-10   5.0957853326395482E-25   6.7220581600685691E+03
   1.1236770000000000E+09   1.4879004544231264E+05   5.1375161485615502E-10   5.0405437692140521E-25   6.7248227797453592E+03
   1.1256770000000000E+09   1.4952355577969961E+05   5.0840770904326826E-10   4.9860782209214074E-25   6.7275676335044163E+03
   1.1276770000000000E+09   1.5025734699892264E+05   5.0313560609906903E-10   4.9323753394895025E-25   6.7302929195481565E+03
   1.1296770000000000E+09   1.5099141732284302E+05   4.9793412911036068E-10   4.8794220559479006E-25   6.7329988334511681E+03
   1.1316770000000000E+09   1.5172576446771907E+05   4.9280212477325134E-10   4.8272055746505098E-25   6.7356855682042069E+03
   1.1336770000000000E+09   1.5246038555750399E+05   4.8773846292919883E-10   4.7757133674728203E-25   6.7383533142572760E+03
   1.1356770000000000E+09   1.5319527703556206E+05   4.8274203611317252E-10   4.7249331681671202E-25   6.7410022595616592E+03
   1.1376770000000000E+09   1.5393043457511594E+05   4.7781175911209628E-10   4.6748529668560361E-25   6.7436325896113749E+03
   1.1396770000000000E+09   1.5466585299003666E+05   4.7294656853134437E-10   4.6254610046417746E-25   6.7462444874834491E+03
   1.1416770000000000E+09   1.5540152614788874E+05   4.6814542236683965E-10   4.5767457683054884E-25   6.7488381338776016E+03
   1.1436770000000000E+09   1.5613744688743242E+05   4.6340729957998573E-10   4.5286959850689550E-25   6.7514137071550122E+03
   1.1456770000000000E+09   1.5687360694306900E+05   4.5873119967249246E-10   4.4813006173887294E-25   6.7539713833762507E+03
   1.1476770000000000E+09   1.5760999687894355E+05   4.5411614225802673E-10   4.4345488577518845E-25   6.7565113363386163E+03
   1.1496770000000000E+09   1.5834660603561180E+05   4.4956116662755702E-10   4.3884301234423070E-25   6.7590337376123643E+03
   1.1516770000000000E+09   1.5908342249229562E+05   4.4506533130540069E-10   4.3429340512471321E-25   6.7615387565767469E+03
   1.1536770000000000E+09   1.5982043304776066E+05   4.4062771359311174E-10   4.2980504920755723E-25   6.7640265604548376E+03
   1.1556770000000000E+09   1.6055762322279258E+05   4.3624740909874522E-10   4.2537695054650797E-25   6.7664973143479074E+03
   1.1576770000000000E+09   1.6129497728700368E+05   4.3192353124953898E-10   4.2100813539556094E-25   6.7689511812691308E+03
   1.1596770000000000E+09   1.6203247831238326E+05   4.2765521078664764E-10   4.1669764973183481E-25   6.7713883221765618E+03
   1.1616770000000000E+09   1.6277010825548097E+05   4.2344159524143340E-10   4.1244455866337356E-25   6.7738088960055702E+03
   1.1636770000000000E+09   1.6350784806947660E+05   4.1928184839369863E-10   4.0824794582223416E-25   6.7762130597006380E+03
   1.1656770000000000E+09   1.6424567784658726E+05   4.1517514971332170E-10   4.0410691274426301E-25   6.7786009682464373E+03
   1.1676770000000000E+09   1.6498357699033109E+05   4.1112069378791981E-10   4.0002057823805558E-25   6.7809727746987228E+03
   1.1696770000000000E+09   1.6572152441613437E+05   4.0711768974024402E-10   3.9598807774672878E-25   6.7833286302140623E+03
   1.1716770000000000E+09   1.6645949877765254E+05   4.0316536064031728E-10   3.9200856270726138E-25   6.7856686840797283E+03
   1.1736770000000000E+09   1.6719747871504750E+05   3.9926294291823281E-10   3.8808119991317401E-25   6.7879930837424872E+03
   1.1756770000000000E+09   1.6793544312034704E+05   3.9540968578460426E-10   3.8420517088722500E-25   6.7903019748372390E+03
   1.1776770000000000E+09   1.6867337141399842E+05   3.9160485066627575E-10   3.8037967127145747E-25   6.7925955012150534E+03
   1.1796770000000000E+09   1.6941124382585243E+05   3.8784771066537208E-10   3.7660391024234600E-25   6.7948738049706471E+03
   1.1816770000000000E+09   1.7014904167316548E+05   3.8413755004985777E-10   3.7287710995884454E-25   6.7971370264695788E+03
   1.1836770000000000E+09   1.7088674762782516E+05   3.8047366378346167E-10   3.6919850505084726E-25   6.7993853043748477E+03
   1.1856770000000000E+09   1.7162434596493829E+05   3.7685535710216891E-10   3.6556734215489573E-25   6.8016187756730760E+03
   1.1876770000000000E+09   1.7236182278520186E+05   3.7328194514339202E-10   3.6198287950290174E-25   6.8038375757002614E+03
   1.1896770000000000E+09   1.7309916620408825E+05   3.6975275263254644E-10   3.5844438656830326E-25   6.8060418381670725E+03
   1.1916770000000000E+09   1.7383636650186172E+05   3.6626711363002211E-10   3.5495114377237372E-25   6.8082316951837283E+03
   1.1936770000000000E+09   1.7457341622968178E+05   3.6282437133964524E-10   3.5150244225157503E-25   6.8104072772844265E+03
   1.1956770000000000E+09   1.7531031026852256E+05   3.5942387797776054E-10   3.4809758368493167E-25   6.8125687134513792E+03
   1.1976770000000000E+09   1.7604704583931423E+05   3.5606499470000427E-10   3.4473588017843407E-25   6.8147161311383088E+03
   1.1996770000000000E+09   1.7678362246438517E+05   3.5274709158104775E-10   3.4141665420173095E-25   6.8168496562936916E+03
   1.2016770000000000E+09   1.7752004188200517E+05   3.4946954764086936E-10   3.3813923857075607E-25   6.8189694133833755E+03
   1.2036770000000000E+09   1.7825630791740667E+05   3.4623175090981238E-10   3.3490297646866024E-25   6.8210755254129626E+03
   1.2056770000000000E+09   1.7899242631509723E+05   3.4303309852363668E-10   3.3170722149645972E-25   6.8231681139496122E+03
   1.2076770000000000E+09   1.7972840453847763E+05   3.3987299683915316E-10   3.2855133774421227E-25   6.8252472991435707E+03
   1.2096770000000000E+09   1.8046425154369883E+05   3.3675086156079594E-10   3.2543469987335733E-25   6.8273131997490791E+03
   1.2116770000000000E+09   1.8119997753538613E+05   3.3366611786857645E-10   3.2235669320093312E-25   6.8293659331450945E+03
   1.2136770000000000E+09   1.8193559371216648E+05   3.3061820053834676E-10   3.1931671377690694E-25   6.8314056153555821E+03
   1.2156770000000000E+09   1.8267111201000225E+05   3.2760655404604582E-10   3.1631416844659906E-25   6.8334323610691108E+03
   1.2176770000000000E+09   1.8340654485107271E+05   3.2463063264869194E-10   3.1334847489119634E-25   6.8354462836585544E+03
   1.2196770000000000E+09   1.8414190490534180E+05   3.2168990043611839E-10   3.1041906164064844E-25   6.8374474951999900E+03
   1.2216770000000000E+09   1.8487720487110276E+05   3.1878383134897474E-10   3.0752536805464202E-25   6.8394361064914447E+03
   1.2236770000000000E+09   1.8561245727962017E+05   3.1591190916014303E-10   3.0466684426897591E-25   6.8414122270711896E+03
   1.2256770000000000E+09   1.8634767432765235E+05   3.1307362741839084E-10   3.0184295110625044E-25   6.8433759652358503E+03
   1.2276770000000000E+09   1.8708286774007278E+05   3.1026848935482647E-10   2.9905315995149807E-25   6.8453274280578671E+03
   1.2296770000000000E+09   1.8781804866328620E+05   3.0749600775429985E-10   2.9629695259485004E-25   6.8472667214029370E+03
   1.2316770000000000E+09   1.8855322758859809E+05   3.0475570479527919E-10   2.9357382104470583E-25   6.8491939499471646E+03
   1.2336770000000000E+09   1.8928841430338184E+05   3.0204711186279379E-10   2.9088326731588679E-25   6.8511092171934533E+03
   1.2356770000000000E+09   1.9002361786683914E+05   2.9936976933982181E-10   2.8822480319794094E-25   6.8530126254881980E+03
   1.2376770000000000E+09   1.9075884660645359E+05   2.9672322638271287E-10   2.8559795000903985E-25   6.8549042760373040E+03
   1.2396770000000000E+09   1.9149410813091876E+05   2.9410704068623046E-10   2.8300223834082470E-25   6.8567842689220824E+03
   1.2416770000000000E+09   1.9222940935534620E+05   2.9152077824334425E-10   2.8043720779914693E-25   6.8586527031147916E+03
   1.2436770000000000E+09   1.9296475653487179E+05   2.8896401310426163E-10   2.7790240674499760E-25   6.8605096764939572E+03
   1.2456770000000000E+09   1.9370015530325618E+05   2.8643632713842997E-10   2.7539739203919330E-25   6.8623552858595149E+03
   1.2476770000000000E+09   1.9443561071370763E+05   2.8393730980235911E-10   2.7292172879353206E-25   6.8641896269477038E+03
   1.2496770000000000E+09   1.9517112727970790E+05   2.8146655791538966E-10   2.7047499013044643E-25   6.8660127944453043E+03
   1.2516770000000000E+09   1.9590670901420939E+05   2.7902367544488862E-10   2.6805675695249507E-25   6.8678248820044282E+03
   1.2536770000000000E+09   1.9664235946603768E+05   2.7660827330169843E-10   2.6566661772251327E-25   6.8696259822562688E+03
   1.2556770000000000E+09   1.9737808175276881E+05   2.7421996914630564E-10   2.6330416825478073E-25   6.8714161868251858E+03
   1.2576770000000000E+09   1.9811387858965481E+05   2.7185838720578249E-10   2.6096901151725956E-25   6.8731955863421535E+03
   1.2596770000000000E+09   1.9884975231448797E+05   2.6952315810132631E-10   2.5866075744466582E-25   6.8749642704584521E+03
   1.2616770000000000E+09   1.9958570490850788E+05   2.6721391868593766E-10   2.5637902276193695E-25   6.8767223278586771E+03
   1.2636770000000000E+09   2.0032173801358632E+05   2.6493031189174642E-10   2.5412343081756909E-25   6.8784698462736997E+03
   1.2656770000000000E+09   2.0105785294602689E+05   2.6267198658638211E-10   2.5189361142621276E-25   6.8802069124936188E+03
   1.2676770000000000E+09   2.0179405070728422E+05   2.6043859743780206E-10   2.4968920071995578E-25   6.8819336123802650E+03
   1.2696770000000000E+09   2.0253033199185744E+05   2.5822980478707317E-10   2.4750984100777540E-25   6.8836500308794530E+03
   1.2716770000000000E+09   2.0326669719251595E+05   2.5604527452868004E-10   2.4535518064271197E-25   6.8853562520333926E+03
   1.2736770000000000E+09   2.0400314640288710E+05   2.5388467799799841E-10   2.4322487389642441E-25   6.8870523589924005E+03
   1.2756770000000000E+09   2.0473967941737847E+05   2.5174769186566486E-10   2.4111858084081481E-25   6.8887384340269091E+03
   1.2776770000000000E+09   2.0547629572834517E+05   2.4963399803854821E-10   2.3903596723644800E-25   6.8904145585389142E+03
   1.2796770000000000E+09   2.0621299452037533E+05   2.4754328356708460E-10   2.3697670442749736E-25   6.8920808130734213E+03
   1.2816770000000000E+09   2.0694977466157288E+05   2.4547524055867355E-10   2.3494046924291616E-25   6.8937372773297402E+03
   1.2836770000000000E+09   2.0768663469168043E+05   2.4342956609684292E-10   2.3292694390353959E-25   6.8953840301724576E+03
   1.2856770000000000E+09   2.0842357280684539E+05   2.4140596216589121E-10   2.3093581593481268E-25   6.8970211496423881E+03
   1.2876770000000000E+09   2.0916058684076680E+05   2.3940413558071366E-10   2.2896677808486050E-25   6.8986487129671241E+03
   1.2896770000000000E+09   2.0989767424183682E+05   2.3742379792160466E-10   2.2701952824766459E-25   6.9002667965717847E+03
   1.2916770000000000E+09   2.1063483204575232E+05   2.3546466547383881E-10   2.2509376939117092E-25   6.9018754760891552E+03
   1.2936770000000000E+09   2.1137205684284199E+05   2.3352645917201906E-10   2.2318920949027815E-25   6.9034748263700003E+03
   1.2956770000000000E+09   2.1210934473910436E+05   2.3160890454926411E-10   2.2130556146477558E-25   6.9050649214930763E+03
   1.2976770000000000E+09   2.1284669130964743E+05   2.2971173169151490E-10   2.1944254312248048E-25   6.9066458347750640E+03
   1.2996770000000000E+09   2.1358409154306352E+05   2.2783467519729844E-10   2.1759987710788903E-25   6.9082176387801728E+03
   1.3016770000000000E+09   2.1432153977535339E+05   2.2597747414325006E-10   2.1577729085660341E-25   6.9097804053297377E+03
   1.3036770000000000E+09   2.1505902961270552E+05   2.2413987205525367E-10   2.1397451655539092E-25   6.9113342055116555E+03
   1.3056770000000000E+09   2.1579655384410001E+05   2.2232161688408525E-10   2.1219129110679099E-25   6.9128791096896348E+03
   1.3076770000000000E+09   2.1653410434771623E+05   2.2052246098269773E-10   2.1042735609552245E-25   6.9144151875122352E+03
   1.3096770000000000E+09   2.1727167199976614E+05   2.1874216107968330E-10   2.0868245775145944E-25   6.9159425079218045E+03
   1.3116770000000000E+09   2.1800924660068404E+05   2.1698047824000269E-10   2.0695634690065943E-25   6.9174611391634598E+03
   1.3136770000000000E+09   2.1874681684091440E+05   2.1523717780021733E-10   2.0524877889229464E-25   6.9189711487935747E+03
   1.3156770000000000E+09   2.1948437033554821E+05   2.1351202926210267E-10   2.0355951348612285E-25   6.9204726036883494E+03
   1.3176770000000000E+09   2.2022189376137263E+05   2.1180480612691518E-10   2.0188831468366128E-25   6.9219655700523008E+03
   1.3196770000000000E+09   2.2095937312846107E+05   2.1011528565449542E-10   2.0023495048808805E-25   6.9234501134265565E+03
   1.3216770000000000E+09   2.2169679420778604E+05   2.0844324853858905E-10   1.9859919258478993E-25   6.9249262986969698E+03
   1.3236770000000000E+09   2.2243414311405944E+05   2.0678847850329965E-10   1.9698081594739052E-25   6.9263941901022627E+03
   1.3256770000000000E+09   2.2317140700914181E+05   2.0515076184501186E-10   1.9537959839259688E-25   6.9278538512422183E+03
   1.3276770000000000E+09   2.2390857484993633E+05   2.0352988696672706E-10   1.9379532012869742E-25   6.9293053450855350E+03
   1.3296770000000000E+09   2.2464563806504160E+05   2.0192564397207998E-10   1.9222776336176644E-25   6.9307487339778372E+03
   1.3316770000000000E+09   2.2538259102024703E+05   2.0033782439660360E-10   1.9067671203331670E-25   6.9321840796494143E+03
   1.3336770000000000E+09   2.2611943113918204E+05   1.9876622114640777E-10   1.8914195175588739E-25   6.9336114432231943E+03
   1.3356770000000000E+09   2.2685615859313894E+05   1.9721062868402769E-10   1.8762326998399823E-25   6.9350308852221287E+03
   1.3376770000000000E+09   2.2759277556302445E+05   1.9567084344945283E-10   1.8612045640853007E-25   6.9364424655770918E+03
   1.3396770000000000E+09   2.2832928519011647E+05   1.9414666444133687E-10   1.8463330350277607E-25   6.9378462436337213E+03
   1.3416770000000000E+09   2.2906569043772545E+05   1.9263789382827227E-10   1.8316160709608882E-25   6.9392422781601008E+03
   1.3436770000000000E+09   2.2980199314102737E+05   1.9114433743496198E-10   1.8170516682766146E-25   6.9406306273533919E+03
   1.3456770000000000E+09   2.3053819349242086E+05   1.8966580497093699E-10   1.8026378635494401E-25   6.9420113488468887E+03
   1.3476770000000000E+09   2.3127429008633422E+05   1.8820210994200543E-10   1.7883727326049016E-25   6.9433844997164224E+03
   1.3496770000000000E+09   2.3201028046173757E+05   1.8675306928786414E-10   1.7742543869915557E-25   6.9447501364873842E+03
   1.3516770000000000E+09   2.3274616190063977E+05   1.8531850288523074E-10   1.7602809691858661E-25   6.9461083151408102E+03
   1.3536770000000000E+09   2.3348193214748605E+05   1.8389823310183334E-10   1.7464506482912362E-25   6.9474590911200867E+03
   1.3556770000000000E+09   2.3421758976147254E+05   1.8249208455582396E-10   1.7327616176962256E-25   6.9488025193371577E+03
   1.3576770000000000E+09   2.3495313399275314E+05   1.8109988413545753E-10   1.7192120952064733E-25   6.9501386541789434E+03
   1.3596770000000000E+09   2.3568856430447605E+05   1.7972146120948696E-10   1.7058003249842780E-25   6.9514675495132797E+03
   1.3616770000000000E+09   2.3642387982702922E+05   1.7835664787278107E-10   1.6925245798168219E-25   6.9527892586951011E+03
   1.3636770000000000E+09   2.3715907903659870E+05   1.7700527907096901E-10   1.6793831622322924E-25   6.9541038345723236E+03
   1.3656770000000000E+09   2.3789415979212898E+05   1.7566719253298978E-10   1.6663744037934973E-25   6.9554113294922226E+03
   1.3676770000000000E+09   2.3862911963907437E+05   1.7434222855947116E-10   1.6534966630285928E-25   6.9567117953075021E+03
   1.3696770000000000E+09   2.3936395613842510E+05   1.7303022979347250E-10   1.6407483232008663E-25   6.9580052833828877E+03
   1.3716770000000000E+09   2.4009866700089359E+05   1.7173104108967497E-10   1.6281277910168265E-25   6.9592918446015383E+03
   1.3736770000000000E+09   2.4083324997506314E+05   1.7044450951179993E-10   1.6156334965511296E-25   6.9605715293710837E+03
   1.3756770000000000E+09   2.4156770262389237E+05   1.6917048439279449E-10   1.6032638937648367E-25   6.9618443876293786E+03
   1.3776770000000000E+09   2.4230202218564815E+05   1.6790881735934114E-10   1.5910174606842693E-25   6.9631104688485766E+03
   1.3796770000000000E+09   2.4303620561513334E+05   1.6665936227085686E-10   1.5788926987704897E-25   6.9643698220383958E+03
   1.3816770000000000E+09   2.4377024973396756E+05   1.6542197510591028E-10   1.5668881317941384E-25   6.9656224957477443E+03
   1.3836770000000000E+09   2.4450415132752759E+05   1.6419651387456468E-10   1.5550023049595649E-25   6.9668685380660490E+03
   1.3856770000000000E+09   2.4523790706451685E+05   1.6298283861492130E-10   1.5432337848286320E-25   6.9681079966253292E+03
   1.3876770000000000E+09   2.4597151317584430E+05   1.6178081149397786E-10   1.5315811602332874E-25   6.9693409186060890E+03
   1.3896770000000000E+09   2.4670496467650350E+05   1.6059029708090705E-10   1.5200430448245960E-25   6.9705673507491210E+03
   1.3916770000000000E+09   2.4743825321307941E+05   1.5941116312864367E-10   1.5086180844484922E-25   6.9717873393749414E+03
   1.3936770000000000E+09   2.4817136074679837E+05   1.5824328291456261E-10   1.4973049793189909E-25   6.9730009304094992E+03
   1.3956770000000000E+09   2.4890424174655855E+05   1.5708654189805191E-10   1.4861025471404483E-25   6.9742081694090357E+03
   1.3976770000000000E+09   2.4963677607617676E+05   1.5594085537947016E-10   1.4750098905282416E-25   6.9754091015712038E+03
   1.3996770000000000E+09   2.5036865246849431E+05   1.5480621219739889E-10   1.4640268111390883E-25   6.9766037717092886E+03
   1.4016770000000000E+09   2.5109910119366314E+05   1.5368277503568655E-10   1.4531547598103632E-25   6.9777922241667420E+03
   1.4036770000000000E+09   2.5182633335304490E+05   1.5257109113953259E-10   1.4423988312671062E-25   6.9789745026488572E+03
   1.4056770000000000E+09   2.5254649013153612E+05   1.5147248845643476E-10   1.4317715112573365E-25   6.9801506499724037E+03
   1.4076770000000000E+09   2.5325195226001448E+05   1.5038971679629532E-10   1.4212987352942525E-25   6.9813207077764964E+03
   1.4096770000000000E+09   2.5392920055707009E+05   1.4932776918119972E-10   1.4110276377195689E-25   6.9824847163106260E+03
   1.4116770000000000E+09   2.5455727288245407E+05   1.4829449869418029E-10   1.4010323441068809E-25   6.9836427145053722E+03
   1.4136770000000000E+09   2.5510913379343710E+05   1.4730015452773794E-10   1.3914095222123534E-25   6.9847947405819114E+03
   1.4156770000000000E+09   2.5555889041426638E+05   1.4635467957247912E-10   1.3822527780936860E-25   6.9859408333156634E+03
   1.4176770000000000E+09   2.5589545339784710E+05   1.4546241586540635E-10   1.3736026278939130E-25   6.9870810334683647E+03
   1.4196770000000000E+09   2.5613647618481447E+05   1.4461643575240597E-10   1.3653930838729456E-25   6.9882153836529988E+03
   1.4216770000000000E+09   2.5632968421894853E+05   1.4379757394457439E-10   1.3574427785650387E-25   6.9893439235589385E+03
   1.4236770000000000E+09   2.5653401226399175E+05   1.4298170852824174E-10   1.3495239176646215E-25   6.9904666785929821E+03
   1.4256770000000000E+09   2.5679529731141147E+05   1.4215016793704242E-10   1.3414604195785721E-25   6.9915836488279901E+03
   1.4276770000000000E+09   2.5714637502153884E+05   1.4129089465420564E-10   1.3331385686235322E-25   6.9926948260227982E+03
   1.4296770000000000E+09   2.5763382367929263E+05   1.4038819794006733E-10   1.3244102671946792E-25   6.9938002808764504E+03
   1.4316770000000000E+09   2.5831063992315129E+05   1.3941680510797135E-10   1.3150373216980613E-25   6.9949003025220109E+03
   1.4336770000000000E+09   2.5932320265791746E+05   1.3839193766931549E-10   1.3051639169401157E-25   6.9959953842613459E+03
   1.4356770000000000E+09   2.5929503455420249E+05   1.3696886626926820E-10   1.2915394991759449E-25   6.9970837694128004E+03
