   99.999999999996461        5.0000000000000003E-002         390        2001
   85.496482518031740        21.474155359186554     
   6.5767700000000000E+08  -3.1100549197124665E+03   1.3918466096667680E-08   3.2792247026560056E-18   8.1652083405680060E+02
   6.5967700000000000E+08  -3.5460051709528548E+03   1.7369900591490850E-08   4.0170531887785822E-18   8.3183429647399430E+02
   6.6167700000000000E+08  -3.7904261574954030E+03   1.8541432643455102E-08   4.2153322085217609E-18   8.4617180924320292E+02
   6.6367700000000000E+08  -3.6167879949979033E+03   1.8163719857061936E-08   4.0579443125663142E-18   8.6108452365174958E+02
   6.6567700000000000E+08  -3.0485059833923451E+03   1.7036317929134137E-08   3.7301299032850636E-18   8.7861548101484209E+02
   6.6767700000000000E+08  -2.3625320013398455E+03   1.5749809754533363E-08   3.3632141083038974E-18   9.0088191275359770E+02
   6.6967700000000000E+08  -1.7350146671397454E+03   1.4583627116836894E-08   3.0197509713026257E-18   9.2905514632182314E+02
   6.7167700000000000E+08  -1.1582187804718694E+03   1.3615389775859761E-08   2.7168495048544375E-18   9.6407665827121696E+02
   6.7367700000000000E+08  -5.5262181623618483E+02   1.2855406595234034E-08   2.4546482511876886E-18   1.0074966756251999E+03
   6.7567700000000000E+08   2.4021656237038297E+02   1.2308022881221753E-08   2.2270357029760758E-18   1.0631833994967537E+03
   6.7767700000000000E+08   1.3122985224404540E+03   1.1986499060354204E-08   2.0258138298752992E-18   1.1382558618235032E+03
   6.7967700000000000E+08   2.6010892145534585E+03   1.1878263220309458E-08   1.8460879083085925E-18   1.2377919066920706E+03
   6.8167700000000000E+08   3.9940594602749929E+03   1.1922795032620858E-08   1.6861841291063166E-18   1.3602544401583882E+03
   6.8367700000000000E+08   5.4465662795419021E+03   1.2033441004444439E-08   1.5464658165730944E-18   1.4969130685200391E+03
   6.8567700000000000E+08   7.0007167155137222E+03   1.2139403321435047E-08   1.4259890230698945E-18   1.6376769249368651E+03
   6.8767700000000000E+08   8.6892831376043341E+03   1.2204128846606646E-08   1.3225935055667024E-18   1.7751189889816412E+03
   6.8967700000000000E+08   1.0513676270397866E+04   1.2216750781460806E-08   1.2336274661763572E-18   1.9051042935253945E+03
   6.9167700000000000E+08   1.2451295339937664E+04   1.2179642092724097E-08   1.1565444657347065E-18   2.0259058717675830E+03
   6.9367700000000000E+08   1.4469537886522427E+04   1.2099952120400117E-08   1.0891398026619007E-18   2.1372094887096441E+03
   6.9567700000000000E+08   1.6532252501935811E+04   1.1985455591798962E-08   1.0295967565693389E-18   2.2394143295086756E+03
   6.9767700000000000E+08   1.8602153931308047E+04   1.1842833446842822E-08   9.7644584089614485E-19   2.3332137824339738E+03
   6.9967700000000000E+08   2.0642008942614702E+04   1.1677241687442783E-08   9.2850703607640085E-19   2.4193691660983836E+03
   7.0167700000000000E+08   2.2615150175386279E+04   1.1492424666418931E-08   8.8483495406711563E-19   2.4985984525446006E+03
   7.0367700000000000E+08   2.4486156119597148E+04   1.1291016565264810E-08   8.4467311563603178E-19   2.5715291070784506E+03
   7.0567700000000000E+08   2.6221810754764854E+04   1.1074879867631281E-08   8.0741799247145444E-19   2.6386857550414170E+03
   7.0767700000000000E+08   2.7792271056384543E+04   1.0845417007518672E-08   7.7259124766139582E-19   2.7004960286533724E+03
   7.0967700000000000E+08   2.9172332950515723E+04   1.0603830119079542E-08   7.3981815113199347E-19   2.7573052680308110E+03
   7.1167700000000000E+08   3.0342675584375436E+04   1.0351321585839141E-08   7.0881040815144551E-19   2.8093948792996725E+03
   7.1367700000000000E+08   3.1290964144145310E+04   1.0089234652954507E-08   6.7935196696589739E-19   2.8570014263302182E+03
   7.1567700000000000E+08   3.2012681648254424E+04   9.8191356371170105E-09   6.5128669621384875E-19   2.9003347346305045E+03
   7.1767700000000000E+08   3.2511552276102087E+04   9.5428403198364117E-09   6.2450711968927082E-19   2.9395938793626956E+03
   7.1967700000000000E+08   3.2799428212946368E+04   9.2623889307147633E-09   5.9894370260548513E-19   2.9749802141418504E+03
   7.2167700000000000E+08   3.2895554637894114E+04   8.9799773844433708E-09   5.7455450935467890E-19   3.0067067799704741E+03
   7.2367700000000000E+08   3.2825208328638502E+04   8.6978567161508704E-09   5.5131537259582430E-19   3.0350036539234270E+03
   7.2567700000000000E+08   3.2617812915866263E+04   8.4182166360632194E-09   5.2921096762346034E-19   3.0601191251920936E+03
   7.2767700000000000E+08   3.2304740350337466E+04   8.1430711243734244E-09   5.0822730690741633E-19   3.0823170153899127E+03
   7.2967700000000000E+08   3.1917078936147314E+04   7.8741627797654074E-09   4.8834611783052216E-19   3.1018709141791087E+03
   7.3167700000000000E+08   3.1483656719427363E+04   7.6128980953014775E-09   4.6954135726772506E-19   3.1190564649959465E+03
   7.3367700000000000E+08   3.1029549787478612E+04   7.3603190943916768E-09   4.5177782042260973E-19   3.1341430042517504E+03
   7.3567700000000000E+08   3.0575197401762780E+04   7.1171097241065349E-09   4.3501151597347370E-19   3.1473857833069660E+03
   7.3767700000000000E+08   3.0136124785936419E+04   6.8836299194062264E-09   4.1919128854293185E-19   3.1590197153168338E+03
   7.3967700000000000E+08   2.9723174657889613E+04   6.6599673922990206E-09   4.0426111132312742E-19   3.1692551797441688E+03
   7.4167700000000000E+08   2.9343091581232366E+04   6.4459970188603584E-09   3.9016253437106428E-19   3.1782759982874891E+03
   7.4367700000000000E+08   2.8999292047372124E+04   6.2414394704449763E-09   3.7683691215228101E-19   3.1862393592533308E+03
   7.4567700000000000E+08   2.8692676847522223E+04   6.0459134372326481E-09   3.6422719394030793E-19   3.1932772606132426E+03
   7.4767700000000000E+08   2.8422383835903187E+04   5.8589785199647695E-09   3.5227920131377923E-19   3.1994989669521942E+03
   7.4967700000000000E+08   2.8186423260045802E+04   5.6801680590757289E-09   3.4094241703598350E-19   3.2049940029006370E+03
   7.5167700000000000E+08   2.7982174544267451E+04   5.5090126247788642E-09   3.3017036592754825E-19   3.2098352941412868E+03
   7.5367700000000000E+08   2.7806748739112012E+04   5.3450556543016233E-09   3.1992068892942380E-19   3.2140821785315952E+03
   7.5567700000000000E+08   2.7657235053214641E+04   5.1878629637220405E-09   3.1015500840048623E-19   3.2177831170401791E+03
   7.5767700000000000E+08   2.7530855426066515E+04   5.0370277757541555E-09   3.0083866703814731E-19   3.2209780221059291E+03
   7.5967700000000000E+08   2.7425050996845199E+04   4.8921726541019792E-09   2.9194040294463302E-19   3.2237001846661910E+03
   7.6167700000000000E+08   2.7337521202098655E+04   4.7529494325878432E-09   2.8343200432425010E-19   3.2259778217802805E+03
   7.6367700000000000E+08   2.7266231975828850E+04   4.6190379392605251E-09   2.7528797149952431E-19   3.2278352889067305E+03
   7.6567700000000000E+08   2.7209405274397363E+04   4.4901440731040897E-09   2.6748520204882569E-19   3.2292940096991947E+03
   7.6767700000000000E+08   2.7165498478740879E+04   4.3659976024391067E-09   2.6000270660942411E-19   3.2303731764117433E+03
   7.6967700000000000E+08   2.7133179333693162E+04   4.2463499161491434E-09   2.5282135756692412E-19   3.2310902693738890E+03
   7.7167700000000000E+08   2.7111299951608475E+04   4.1309718628108580E-09   2.4592366969841572E-19   3.2314614371360594E+03
   7.7367700000000000E+08   2.7098871919440440E+04   4.0196517488722522E-09   2.3929361017385573E-19   3.2315017714771234E+03
   7.7567700000000000E+08   2.7095043560886945E+04   3.9121935263493886E-09   2.3291643461592554E-19   3.2312255044679823E+03
   7.7767700000000000E+08   2.7099079782369812E+04   3.8084151759268067E-09   2.2677854578848014E-19   3.2306461486665758E+03
   7.7967700000000000E+08   2.7110344561213933E+04   3.7081472774509500E-09   2.2086737166764710E-19   3.2297765964346463E+03
   7.8167700000000000E+08   2.7128285930918228E+04   3.6112317527452486E-09   2.1517125998208409E-19   3.2286291902924163E+03
   7.8367700000000000E+08   2.7152423220512446E+04   3.5175207628086005E-09   2.0967938669068434E-19   3.2272157730519561E+03
   7.8567700000000000E+08   2.7182336270654185E+04   3.4268757410411972E-09   2.0438167624211704E-19   3.2255477240488017E+03
   7.8767700000000000E+08   2.7217656350761481E+04   3.3391665450587174E-09   1.9926873180382350E-19   3.2236359859779122E+03
   7.8967700000000000E+08   2.7258058521701612E+04   3.2542707112183360E-09   1.9433177394767516E-19   3.2214910855023118E+03
   7.9167700000000000E+08   2.7303255216837879E+04   3.1720727977796432E-09   1.8956258653397313E-19   3.2191231498289480E+03
   7.9367700000000000E+08   2.7352990844525804E+04   3.0924638044288928E-09   1.8495346874790073E-19   3.2165419207462564E+03
   7.9567700000000000E+08   2.7407037244208204E+04   3.0153406575857970E-09   1.8049719241807635E-19   3.2137567671204342E+03
   7.9767700000000000E+08   2.7465189854560802E+04   2.9406057524331201E-09   1.7618696389101595E-19   3.2107766964984285E+03
   7.9967700000000000E+08   2.7527264475115211E+04   2.8681665439443110E-09   1.7201638985345566E-19   3.2076103662237701E+03
   8.0167700000000000E+08   2.7593094522435265E+04   2.7979351803375492E-09   1.6797944659127526E-19   3.2042660943066112E+03
   8.0367700000000000E+08   2.7662528698507860E+04   2.7298281733700275E-09   1.6407045225321102E-19   3.2007518701788117E+03
   8.0567700000000000E+08   2.7735429002901001E+04   2.6637661007232063E-09   1.6028404175293964E-19   3.1970753653929892E+03
   8.0767700000000000E+08   2.7811669031835940E+04   2.5996733364376586E-09   1.5661514399718318E-19   3.1932439442788032E+03
   8.0967700000000000E+08   2.7891132517025075E+04   2.5374778059536129E-09   1.5305896117235572E-19   3.1892646745427196E+03
   8.1167700000000000E+08   2.7973712065261425E+04   2.4771107628171365E-09   1.4961094985971509E-19   3.1851443377825481E+03
   8.1367700000000000E+08   2.8059308066604568E+04   2.4185065845373229E-09   1.4626680378039030E-19   3.1808894398815878E+03
   8.1567700000000000E+08   2.8147827744857503E+04   2.3616025854385137E-09   1.4302243799809039E-19   3.1765062212460084E+03
   8.1767700000000000E+08   2.8239184329015101E+04   2.3063388446551640E-09   1.3987397442970084E-19   3.1720006668513638E+03
   8.1967700000000000E+08   2.8333296328667064E+04   2.2526580476730956E-09   1.3681772853297203E-19   3.1673785160684306E+03
   8.2167700000000000E+08   2.8430086900021910E+04   2.2005053400378264E-09   1.3385019705670570E-19   3.1626452722441031E+03
   8.2367700000000000E+08   2.8529483292358611E+04   2.1498281920336581E-09   1.3096804675267236E-19   3.1578062120189320E+03
   8.2567700000000000E+08   2.8631416367335703E+04   2.1005762732913417E-09   1.2816810396028026E-19   3.1528663943690885E+03
   8.2767700000000000E+08   2.8735820185689758E+04   2.0527013364118004E-09   1.2544734498511093E-19   3.1478306693661848E+03
   8.2967700000000000E+08   2.8842631657449998E+04   2.0061571088015205E-09   1.2280288720101597E-19   3.1427036866537960E+03
   8.3167700000000000E+08   2.8951790252861232E+04   1.9608991920052943E-09   1.2023198081279329E-19   3.1374899036440916E+03
   8.3367700000000000E+08   2.9063237771757413E+04   1.9168849678966800E-09   1.1773200122269527E-19   3.1321935934418216E+03
   8.3567700000000000E+08   2.9176918169189143E+04   1.8740735111478819E-09   1.1530044194931410E-19   3.1268188525057303E+03
   8.3767700000000000E+08   2.9292777434708056E+04   1.8324255074520669E-09   1.1293490805194524E-19   3.1213696080593872E+03
   8.3967700000000000E+08   2.9410763521943009E+04   1.7919031770135431E-09   1.1063311001743491E-19   3.1158496252642149E+03
   8.4167700000000000E+08   2.9530826324038178E+04   1.7524702028577900E-09   1.0839285806995627E-19   3.1102625141673734E+03
   8.4367700000000000E+08   2.9652917689315964E+04   1.7140916635454013E-09   1.0621205686722454E-19   3.1046117364360648E+03
   8.4567700000000000E+08   2.9776991470271663E+04   1.6767339699033112E-09   1.0408870054946405E-19   3.0989006118879220E+03
   8.4767700000000000E+08   2.9903003597863866E+04   1.6403648054150398E-09   1.0202086811009090E-19   3.0931323248247068E+03
   8.4967700000000000E+08   3.0030912172166452E+04   1.6049530699394263E-09   1.0000671905960428E-19   3.0873099301735783E+03
   8.5167700000000000E+08   3.0160677559885014E+04   1.5704688264558467E-09   9.8044489356671676E-20   3.0814363594371894E+03
   8.5367700000000000E+08   3.0292262489117806E+04   1.5368832505630358E-09   9.6132487582848073E-20   3.0755144264508590E+03
   8.5567700000000000E+08   3.0425632132093124E+04   1.5041685824884028E-09   9.4269091339790536E-20   3.0695468329424034E+03
   8.5767700000000000E+08   3.0560754167448467E+04   1.4722980813949999E-09   9.2452743850218946E-20   3.0635361738880479E+03
   8.5967700000000000E+08   3.0697598814900168E+04   1.4412459818031601E-09   9.0681950746176628E-20   3.0574849426563947E+03
   8.6167700000000000E+08   3.0836138836809281E+04   1.4109874519727601E-09   8.8955277030342130E-20   3.0513955359317347E+03
   8.6367700000000000E+08   3.0976349503080528E+04   1.3814985541190985E-09   8.7271344198179161E-20   3.0452702584081271E+03
   8.6567700000000000E+08   3.1118208517906089E+04   1.3527562063599180E-09   8.5628827510553620E-20   3.0391113272467192E+03
   8.6767700000000000E+08   3.1261695908957270E+04   1.3247381463122774E-09   8.4026453408053958E-20   3.0329208762904209E+03
   8.6967700000000000E+08   3.1406793881597801E+04   1.2974228962755425E-09   8.2462997059605081E-20   3.0267009600325105E+03
   8.7167700000000000E+08   3.1553486642425709E+04   1.2707897299501654E-09   8.0937280039046343E-20   3.0204535573384842E+03
   8.7367700000000000E+08   3.1701760197849795E+04   1.2448186406515154E-09   7.9448168124168670E-20   3.0141805749236019E+03
   8.7567700000000000E+08   3.1851602134406337E+04   1.2194903109835629E-09   7.7994569213268326E-20   3.0078838505917288E+03
   8.7767700000000000E+08   3.2003001388080567E+04   1.1947860839394837E-09   7.6575431354621766E-20   3.0015651562441581E+03
   8.7967700000000000E+08   3.2155948010023880E+04   1.1706879353956304E-09   7.5189740884444585E-20   2.9952262006698284E+03
   8.8167700000000000E+08   3.2310432935778448E+04   1.1471784479624168E-09   7.3836520668905857E-20   2.9888686321307596E+03
   8.8367700000000000E+08   3.2466447764501718E+04   1.1242407861512736E-09   7.2514828445675046E-20   2.9824940407583395E+03
   8.8567700000000000E+08   3.2623984553834845E+04   1.1018586728114682E-09   7.1223755260316424E-20   2.9761039607773582E+03
   8.8767700000000000E+08   3.2783035635143737E+04   1.0800163667845088E-09   6.9962423992624554E-20   2.9696998725754424E+03
   8.8967700000000000E+08   3.2943593453199988E+04   1.0586986417170003E-09   6.8729987967710576E-20   2.9632832046358285E+03
   8.9167700000000000E+08   3.3105650434614799E+04   1.0378907659631418E-09   6.7525629646156585E-20   2.9568553353515631E+03
   8.9367700000000000E+08   3.3269198891829430E+04   1.0175784834918914E-09   6.6348559386599542E-20   2.9504175947399444E+03
   8.9567700000000000E+08   3.3434230977021281E+04   9.9774799568140477E-10   6.5198014272009915E-20   2.9439712660786677E+03
   8.9767700000000000E+08   3.3600738718051150E+04   9.7838594381806292E-10   6.4073256986530329E-20   2.9375175874924498E+03
   8.9967700000000000E+08   3.3768714204708165E+04   9.5947939199386102E-10   6.2973574721223510E-20   2.9310577535361817E+03
   9.0167700000000000E+08   3.3938150057119012E+04   9.4101580988930428E-10   6.1898278072600963E-20   2.9245929168552439E+03
   9.0367700000000000E+08   3.4109040399833211E+04   9.2298305465089392E-10   6.0846699877869662E-20   2.9181241900645787E+03
   9.0567700000000000E+08   3.4281382652435306E+04   9.0536935085239478E-10   5.9818193913927555E-20   2.9116526480773541E+03
   9.0767700000000000E+08   3.4455180422606827E+04   8.8816326774912539E-10   5.8812133399159772E-20   2.9051793312083164E+03
   9.0967700000000000E+08   3.4630447425533144E+04   8.7135369442994177E-10   5.7827909329059116E-20   2.8987052493971182E+03
   9.1167700000000000E+08   3.4807211347309581E+04   8.5492981695254284E-10   5.6864928913900504E-20   2.8922313876789904E+03
   9.1367700000000000E+08   3.4985514783124941E+04   8.3888110729875639E-10   5.5922614788244483E-20   2.8857587123510930E+03
   9.1567700000000000E+08   3.5165408430110183E+04   8.2319733959317164E-10   5.5000406071214217E-20   2.8792881760215946E+03
   9.1767700000000000E+08   3.5346931653855441E+04   8.0786864761238370E-10   5.4097762304943317E-20   2.8728207182170408E+03
   9.1967700000000000E+08   3.5530080592196391E+04   7.9288561916524817E-10   5.3214170082203128E-20   2.8663572576253846E+03
   9.2167700000000000E+08   3.5714775807514481E+04   7.7823938439727468E-10   5.2349149531072247E-20   2.8598986742026127E+03
   9.2367700000000000E+08   3.5900854335037562E+04   7.6392161519642752E-10   5.1502254974589306E-20   2.8534457853209897E+03
   9.2567700000000000E+08   3.6088110243993964E+04   7.4992436555361010E-10   5.0673064716913558E-20   2.8469993275172892E+03
   9.2767700000000000E+08   3.6276376485965055E+04   7.3623978196060395E-10   4.9861161527257372E-20   2.8405599574827816E+03
   9.2967700000000000E+08   3.6465593844281291E+04   7.2285986492236511E-10   4.9066115944580185E-20   2.8341282757810932E+03
   9.3167700000000000E+08   3.6655807544413692E+04   7.0977651104403290E-10   4.8287488347561292E-20   2.8277048589616020E+03
   9.3367700000000000E+08   3.6847082356983279E+04   6.9698178067616501E-10   4.7524846719959510E-20   2.8212902781549437E+03
   9.3567700000000000E+08   3.7039426911185212E+04   6.8446810916326584E-10   4.6777781222182099E-20   2.8148850945628728E+03
   9.3767700000000000E+08   3.7232873875157777E+04   6.7222849535773419E-10   4.6045917470029978E-20   2.8084898506441327E+03
   9.3967700000000000E+08   3.7427657578268940E+04   6.6025677070054860E-10   4.5328934978315553E-20   2.8021050944107001E+03
   9.4167700000000000E+08   3.7624163767589125E+04   6.4854737097749439E-10   4.4626551140683425E-20   2.7957314371031621E+03
   9.4367700000000000E+08   3.7822540916425023E+04   6.3709412295132446E-10   4.3938437722873346E-20   2.7893695733697446E+03
   9.4567700000000000E+08   3.8022362338838153E+04   6.2588908760047175E-10   4.3264141793657664E-20   2.7830201956546844E+03
   9.4767700000000000E+08   3.8222770944243806E+04   6.1492305234254605E-10   4.2603120708881187E-20   2.7766838424625789E+03
   9.4967700000000000E+08   3.8423051340222584E+04   6.0418742387643247E-10   4.1954873618182381E-20   2.7703608135552131E+03
   9.5167700000000000E+08   3.8623144523186849E+04   5.9367580882457326E-10   4.1319050645404209E-20   2.7640512390730833E+03
   9.5367700000000000E+08   3.8823908942542497E+04   5.8338412317937152E-10   4.0695459319993910E-20   2.7577552655953273E+03
   9.5567700000000000E+08   3.9026296829346735E+04   5.7330908746228602E-10   4.0083958781451942E-20   2.7514732214631968E+03
   9.5767700000000000E+08   3.9230460995751659E+04   5.6344650006370188E-10   3.9484339718020991E-20   2.7452056066201781E+03
   9.5967700000000000E+08   3.9436199240036316E+04   5.5379120756069547E-10   3.8896323698740999E-20   2.7389529502870078E+03
   9.6167700000000000E+08   3.9643359413585313E+04   5.4433794313801732E-10   3.8319622539031174E-20   2.7327157316837274E+03
   9.6367700000000000E+08   3.9851839829165139E+04   5.3508161244811600E-10   3.7753958218390348E-20   2.7264943859502937E+03
   9.6567700000000000E+08   4.0061572442445155E+04   5.2601731121515357E-10   3.7199064056933781E-20   2.7202893141125123E+03
   9.6767700000000000E+08   4.0272509966243990E+04   5.1714030675941414E-10   3.6654683393047554E-20   2.7141008909965649E+03
   9.6967700000000000E+08   4.0484618624214323E+04   5.0844602307808908E-10   3.6120568541825092E-20   2.7079294705125963E+03
   9.7167700000000000E+08   4.0697873792526800E+04   4.9993003055521560E-10   3.5596480098265970E-20   2.7017753892715500E+03
   9.7367700000000000E+08   4.0912257319356650E+04   4.9158803663229793E-10   3.5082186317923907E-20   2.6956389691799959E+03
   9.7567700000000000E+08   4.1127755680297596E+04   4.8341587693939567E-10   3.4577462534178559E-20   2.6895205193754618E+03
   9.7767700000000000E+08   4.1344358422496931E+04   4.7540950776843742E-10   3.4082090672822835E-20   2.6834203376647688E+03
   9.7967700000000000E+08   4.1562056928846941E+04   4.6756499981703336E-10   3.3595858858434095E-20   2.6773387115582673E+03
   9.8167700000000000E+08   4.1780843675134893E+04   4.5987853261261660E-10   3.3118561069458592E-20   2.6712759190152037E+03
   9.8367700000000000E+08   4.2000711856754009E+04   4.5234638960143366E-10   3.2649996839829058E-20   2.6652322290155112E+03
   9.8567700000000000E+08   4.2221655161748116E+04   4.4496495412335769E-10   3.2189971022736954E-20   2.6592079020277465E+03
   9.8767700000000000E+08   4.2443667600629837E+04   4.3773070609317402E-10   3.1738293603978172E-20   2.6532031904066662E+03
   9.8967700000000000E+08   4.2666743312739585E+04   4.3064021902470388E-10   3.1294779538924615E-20   2.6472183387364144E+03
   9.9167700000000000E+08   4.2890876259562319E+04   4.2369015716003108E-10   3.0859248596146763E-20   2.6412535841138242E+03
   9.9367700000000000E+08   4.3116059948735288E+04   4.1687727262091743E-10   3.0431525201767642E-20   2.6353091563607736E+03
   9.9567700000000000E+08   4.3342287651913321E+04   4.1019840290780041E-10   3.0011438307874767E-20   2.6293852781994697E+03
   9.9767700000000000E+08   4.3569553685029852E+04   4.0365046968773340E-10   2.9598821352957520E-20   2.6234821655129304E+03
   9.9967700000000000E+08   4.3797855984684204E+04   3.9723047985135213E-10   2.9193512385629799E-20   2.6176000278960250E+03
   1.0016770000000000E+09   4.4027199404091822E+04   3.9093552870492244E-10   2.8795354342362659E-20   2.6117390697008914E+03
   1.0036770000000000E+09   4.4257598794969876E+04   3.8476280448403819E-10   2.8404195421245060E-20   2.6058994916489933E+03
   1.0056770000000000E+09   4.4489079684182929E+04   3.7870958931674784E-10   2.8019889194533686E-20   2.6000814928903264E+03
   1.0076770000000000E+09   4.4721674600149672E+04   3.7277324822476220E-10   2.7642293837749889E-20   2.5942852730130630E+03
   1.0096770000000000E+09   4.4955415386006884E+04   3.6695121122919775E-10   2.7271270847499539E-20   2.5885110330885864E+03
   1.0116770000000000E+09   4.5190324278554646E+04   3.6124095804864156E-10   2.6906683952392246E-20   2.5827589751188393E+03
   1.0136770000000000E+09   4.5426407122872850E+04   3.5564000711459593E-10   2.6548398346549703E-20   2.5770292999737439E+03
   1.0156770000000000E+09   4.5663646080036247E+04   3.5014590564047725E-10   2.6196280001022934E-20   2.5713222042390994E+03
   1.0176770000000000E+09   4.5901996091338799E+04   3.4475622267378504E-10   2.5850195196679037E-20   2.5656378761281853E+03
   1.0196770000000000E+09   4.6141391108789634E+04   3.3946855513958837E-10   2.5510011025717603E-20   2.5599764912352985E+03
   1.0216770000000000E+09   4.6381754829031852E+04   3.3428054402682765E-10   2.5175596647754466E-20   2.5543382096154123E+03
   1.0236770000000000E+09   4.6623012246011211E+04   3.2918989168456020E-10   2.4846824624534169E-20   2.5487231749150192E+03
   1.0256770000000000E+09   4.6865099890992511E+04   3.2419437569735006E-10   2.4523571993904199E-20   2.5431315155061316E+03
   1.0276770000000000E+09   4.7107972505570709E+04   3.1929185665650040E-10   2.4205720881073437E-20   2.5375633472097725E+03
   1.0296770000000000E+09   4.7351605283469762E+04   3.1448027897788687E-10   2.3893158583426643E-20   2.5320187768875335E+03
   1.0316770000000000E+09   4.7595992120954674E+04   3.0975766584878653E-10   2.3585777210985299E-20   2.5264979061238391E+03
   1.0336770000000000E+09   4.7841141184568842E+04   3.0512211052223678E-10   2.3283473050698395E-20   2.5210008343717900E+03
   1.0356770000000000E+09   4.8087069375395942E+04   3.0057176640925684E-10   2.2986145840521857E-20   2.5155276611990316E+03
   1.0376770000000000E+09   4.8333797046014472E+04   2.9610483795080049E-10   2.2693698103873486E-20   2.5100784875435274E+03
   1.0396770000000000E+09   4.8581343840922404E+04   2.9171957343544140E-10   2.2406034633114166E-20   2.5046534160992164E+03
   1.0416770000000000E+09   4.8829726006128461E+04   2.8741426011303650E-10   2.2123062148569458E-20   2.4992525510677801E+03
   1.0436770000000000E+09   4.9078955096119098E+04   2.8318722136668865E-10   2.1844689114689828E-20   2.4938759975402486E+03
   1.0456770000000000E+09   4.9329037762170388E+04   2.7903681540893993E-10   2.1570825672240561E-20   2.4885238607371139E+03
   1.0476770000000000E+09   4.9579976229961212E+04   2.7496143491040583E-10   2.1301383640971812E-20   2.4831962452700191E+03
   1.0496770000000000E+09   4.9831769113842463E+04   2.7095950705962909E-10   2.1036276554169382E-20   2.4778932545191492E+03
   1.0516770000000000E+09   5.0084412308014522E+04   2.6702949370627229E-10   2.0775419698291557E-20   2.4726149901637345E+03
   1.0536770000000000E+09   5.0337899797108206E+04   2.6316989139041974E-10   2.0518730142521194E-20   2.4673615518647402E+03
   1.0556770000000000E+09   5.0592224314420368E+04   2.5937923117572104E-10   2.0266126751948657E-20   2.4621330370778496E+03
   1.0576770000000000E+09   5.0847377833971055E+04   2.5565607827871561E-10   2.0017530183875586E-20   2.4569295409672727E+03
   1.0596770000000000E+09   5.1103351914466686E+04   2.5199903152648523E-10   1.9772862869815439E-20   2.4517511563913563E+03
   1.0616770000000000E+09   5.1360137926430165E+04   2.4840672268869665E-10   1.9532048986843381E-20   2.4465979739357676E+03
   1.0636770000000000E+09   5.1617727194702995E+04   2.4487781572938261E-10   1.9295014421889121E-20   2.4414700819758664E+03
   1.0656770000000000E+09   5.1876111083581200E+04   2.4141100601596114E-10   1.9061686731950420E-20   2.4363675667554653E+03
   1.0676770000000000E+09   5.2135281045303243E+04   2.3800501951296989E-10   1.8831995102418546E-20   2.4312905124736103E+03
   1.0696770000000000E+09   5.2395228646442112E+04   2.3465861197905956E-10   1.8605870305004788E-20   2.4262390013742852E+03
   1.0716770000000000E+09   5.2655945582040353E+04   2.3137056817885138E-10   1.8383244656210714E-20   2.4212131138361224E+03
   1.0736770000000000E+09   5.2917423683991328E+04   2.2813970111639993E-10   1.8164051976900345E-20   2.4162129284606794E+03
   1.0756770000000000E+09   5.3179654927788666E+04   2.2496485129368772E-10   1.7948227553269881E-20   2.4112385221587047E+03
   1.0776770000000000E+09   5.3442631439977202E+04   2.2184488599528807E-10   1.7735708099327734E-20   2.4062899702343857E+03
   1.0796770000000000E+09   5.3706345507174570E+04   2.1877869859869371E-10   1.7526431720866705E-20   2.4013673464677750E+03
   1.0816770000000000E+09   5.3970789586438055E+04   2.1576520790868616E-10   1.7320337880818753E-20   2.3964707231957182E+03
   1.0836770000000000E+09   5.4235956316031545E+04   2.1280335751360484E-10   1.7117367365840803E-20   2.3916001713914493E+03
   1.0856770000000000E+09   5.4501838525447034E+04   2.0989211516133661E-10   1.6917462253975055E-20   2.3867557607429303E+03
   1.0876770000000000E+09   5.4768429243723374E+04   2.0703047215323249E-10   1.6720565883257283E-20   2.3819375597298031E+03
   1.0896770000000000E+09   5.5035721705529497E+04   2.0421744275474534E-10   1.6526622821192615E-20   2.3771456356987351E+03
   1.0916770000000000E+09   5.5303709354954954E+04   2.0145206362214073E-10   1.6335578835062375E-20   2.3723800549368821E+03
   1.0936770000000000E+09   5.5572385847267338E+04   1.9873339324501070E-10   1.6147380863055461E-20   2.3676408827432060E+03
   1.0956770000000000E+09   5.5841745048998389E+04   1.9606051140446558E-10   1.5961976986228963E-20   2.3629281834974240E+03
   1.0976770000000000E+09   5.6111781036625347E+04   1.9343251864682866E-10   1.5779316401298220E-20   2.3582420207264145E+03
   1.0996770000000000E+09   5.6382488093889842E+04   1.9084853577249266E-10   1.5599349394242458E-20   2.3535824571679677E+03
   1.1016770000000000E+09   5.6653860707544569E+04   1.8830770333942469E-10   1.5422027314697941E-20   2.3489495548317341E+03
   1.1036770000000000E+09   5.6925893561115990E+04   1.8580918118069757E-10   1.5247302551101008E-20   2.3443433750572176E+03
   1.1056770000000000E+09   5.7198581526146438E+04   1.8335214793538948E-10   1.5075128506540226E-20   2.3397639785686229E+03
   1.1076770000000000E+09   5.7471919650362885E+04   1.8093580059223392E-10   1.4905459575279692E-20   2.3352114255262663E+03
   1.1096770000000000E+09   5.7745903142250470E+04   1.7855935404549954E-10   1.4738251119923047E-20   2.3306857755742685E+03
   1.1116770000000000E+09   5.8020527351584620E+04   1.7622204066270076E-10   1.4573459449197752E-20   2.3261870878841296E+03
   1.1136770000000000E+09   5.8295787745587106E+04   1.7392310986382216E-10   1.4411041796345251E-20   2.3217154211938182E+03
   1.1156770000000000E+09   5.8571679880445154E+04   1.7166182771184401E-10   1.4250956298111448E-20   2.3172708338419288E+03
   1.1176770000000000E+09   5.8848199368034730E+04   1.6943747651439687E-10   1.4093161974334678E-20   2.3128533837964951E+03
   1.1196770000000000E+09   5.9125341837768814E+04   1.6724935443637706E-10   1.3937618708128607E-20   2.3084631286780382E+03
   1.1216770000000000E+09   5.9403102893556999E+04   1.6509677512338653E-10   1.3784287226659834E-20   2.3041001257764151E+03
   1.1236770000000000E+09   5.9681478065965719E+04   1.6297906733578671E-10   1.3633129082513352E-20   2.2997644320610952E+03
   1.1256770000000000E+09   5.9960462759744660E+04   1.6089557459314880E-10   1.3484106635638053E-20   2.2954561041844904E+03
   1.1276770000000000E+09   6.0240052197011479E+04   1.5884565482878970E-10   1.3337183035856121E-20   2.2911751984780067E+03
   1.1296770000000000E+09   6.0520241356500454E+04   1.5682868005403695E-10   1.3192322205915564E-20   2.2869217709405652E+03
   1.1316770000000000E+09   6.0801024909437176E+04   1.5484403603176354E-10   1.3049488825055802E-20   2.2826958772193534E+03
   1.1336770000000000E+09   6.1082397152759309E+04   1.5289112195865792E-10   1.2908648313048869E-20   2.2784975725826848E+03
   1.1356770000000000E+09   6.1364351940585650E+04   1.5096935015560288E-10   1.2769766814669913E-20   2.2743269118849216E+03
   1.1376770000000000E+09   6.1646882615033850E+04   1.4907814576543871E-10   1.2632811184541076E-20   2.2701839495235276E+03
   1.1396770000000000E+09   6.1929981937681288E+04   1.4721694645731070E-10   1.2497748972285153E-20   2.2660687393884232E+03
   1.1416770000000000E+09   6.2213642023170629E+04   1.4538520213671622E-10   1.2364548407916517E-20   2.2619813348039838E+03
   1.1436770000000000E+09   6.2497854276657315E+04   1.4358237466031075E-10   1.2233178387390407E-20   2.2579217884641562E+03
   1.1456770000000000E+09   6.2782609336971866E+04   1.4180793755448842E-10   1.2103608458226322E-20   2.2538901523613431E+03
   1.1476770000000000E+09   6.3067897027522733E+04   1.4006137573673558E-10   1.1975808805117835E-20   2.2498864777098870E+03
   1.1496770000000000E+09   6.3353706317072996E+04   1.3834218523877214E-10   1.1849750235440921E-20   2.2459108148651671E+03
   1.1516770000000000E+09   6.3640025292579223E+04   1.3664987293054173E-10   1.1725404164575138E-20   2.2419632132395132E+03
   1.1536770000000000E+09   6.3926841146265659E+04   1.3498395624420307E-10   1.1602742600958457E-20   2.2380437212163001E+03
   1.1556770000000000E+09   6.4214140179014277E+04   1.3334396289740528E-10   1.1481738130806175E-20   2.2341523860638190E+03
   1.1576770000000000E+09   6.4501907821962741E+04   1.3172943061530064E-10   1.1362363902438551E-20   2.2302892538505853E+03
   1.1596770000000000E+09   6.4790128677916007E+04   1.3013990685097357E-10   1.1244593610180324E-20   2.2264543693639466E+03
   1.1616770000000000E+09   6.5078786583787667E+04   1.2857494850421380E-10   1.1128401477816981E-20   2.2226477760338985E+03
   1.1636770000000000E+09   6.5367864694785210E+04   1.2703412163887214E-10   1.1013762241619920E-20   2.2188695158640539E+03
   1.1656770000000000E+09   6.5657345590469136E+04   1.2551700119934351E-10   1.0900651132980337E-20   2.2151196293717385E+03
   1.1676770000000000E+09   6.5947211402128756E+04   1.2402317072707724E-10   1.0789043860724223E-20   2.2113981555390733E+03
   1.1696770000000000E+09   6.6237443960169810E+04   1.2255222207835397E-10   1.0678916593212833E-20   2.2077051317767923E+03
   1.1716770000000000E+09   6.6528024959439252E+04   1.2110375514489635E-10   1.0570245940364428E-20   2.2040405939023467E+03
   1.1736770000000000E+09   6.6818936139603640E+04   1.1967737757917930E-10   1.0463008935762874E-20   2.2004045761335678E+03
   1.1756770000000000E+09   6.7110159476947054E+04   1.1827270452654997E-10   1.0357183019043983E-20   2.1967971110988328E+03
   1.1776770000000000E+09   6.7401677383273636E+04   1.1688935836643473E-10   1.0252746018769512E-20   2.1932182298643079E+03
   1.1796770000000000E+09   6.7693472907028045E+04   1.1552696846498235E-10   1.0149676136009707E-20   2.1896679619783940E+03
   1.1816770000000000E+09   6.7985529931338111E+04   1.1418517094147256E-10   1.0047951928857951E-20   2.1861463355330602E+03
   1.1836770000000000E+09   6.8277833363475656E+04   1.1286360845066007E-10   9.9475522980916124E-21   2.1826533772412586E+03
   1.1856770000000000E+09   6.8570369310236987E+04   1.1156192998297155E-10   9.8484564741747470E-21   2.1791891125291504E+03
   1.1876770000000000E+09   6.8863125234003193E+04   1.1027979068408307E-10   9.7506440057672354E-21   2.1757535656414507E+03
   1.1896770000000000E+09   6.9156090084714946E+04   1.0901685169494262E-10   9.6540947498665748E-21   2.1723467597577464E+03
   1.1916770000000000E+09   6.9449254403726023E+04   1.0777278001274234E-10   9.5587888636603617E-21   2.1689687171173728E+03
   1.1936770000000000E+09   6.9742610396397868E+04   1.0654724837274794E-10   9.4647067981151355E-21   2.1656194591501180E+03
   1.1956770000000000E+09   7.0036151971356085E+04   1.0533993515028437E-10   9.3718292932723964E-21   2.1622990066098937E+03
   1.1976770000000000E+09   7.0329874745494846E+04   1.0415052428157222E-10   9.2801373751671675E-21   2.1590073797084196E+03
   1.1996770000000000E+09   7.0623776014991818E+04   1.0297870520157116E-10   9.1896123542335500E-21   2.1557445982460354E+03
   1.2016770000000000E+09   7.0917854693770278E+04   1.0182417279652803E-10   9.1002358250172307E-21   2.1525106817368201E+03
   1.2036770000000000E+09   7.1212111221936910E+04   1.0068662736855235E-10   9.0119896669766531E-21   2.1493056495255069E+03
   1.2056770000000000E+09   7.1506547447672565E+04   9.9565774609305584E-11   8.9248560461286228E-21   2.1461295208939114E+03
   1.2076770000000000E+09   7.1801166486856091E+04   9.8461325579761092E-11   8.8388174172770488E-21   2.1429823151549735E+03
   1.2096770000000000E+09   7.2095972565326752E+04   9.7372996692978591E-11   8.7538565265568027E-21   2.1398640517329618E+03
   1.2116770000000000E+09   7.2390970849088873E+04   9.6300509696943800E-11   8.6699564140291460E-21   2.1367747502287798E+03
   1.2136770000000000E+09   7.2686167267963203E+04   9.5243591654732516E-11   8.5871004160787033E-21   2.1337144304698099E+03
   1.2156770000000000E+09   7.2981568338196783E+04   9.4201974919539836E-11   8.5052721673828551E-21   2.1306831125441690E+03
   1.2176770000000000E+09   7.3277180989303291E+04   9.3175397102495246E-11   8.4244556022547412E-21   2.1276808168196803E+03
   1.2196770000000000E+09   7.3573012399972664E+04   9.2163601031615308E-11   8.3446349551967280E-21   2.1247075639482805E+03
   1.2216770000000000E+09   7.3869069847258506E+04   9.1166334700720462E-11   8.2657947605418711E-21   2.1217633748568896E+03
   1.2236770000000000E+09   7.4165360572426362E+04   9.0183351207669788E-11   8.1879198511070102E-21   2.1188482707260914E+03
   1.2256770000000000E+09   7.4461891665893112E+04   8.9214408681777699E-11   8.1109953558268843E-21   2.1159622729581515E+03
   1.2276770000000000E+09   7.4758669972615389E+04   8.8259270200805312E-11   8.0350066963869548E-21   2.1131054031360350E+03
   1.2296770000000000E+09   7.5055702018229189E+04   8.7317703698370678E-11   7.9599395829147934E-21   2.1102776829751087E+03
   1.2316770000000000E+09   7.5352993955192942E+04   8.6389481863032006E-11   7.8857800088290347E-21   2.1074791342692060E+03
   1.2336770000000000E+09   7.5650551527325239E+04   8.5474382030585739E-11   7.8125142449736169E-21   2.1047097788325746E+03
   1.2356770000000000E+09   7.5948380050436332E+04   8.4572186071299059E-11   7.7401288331839851E-21   2.1019696384390995E+03
   1.2376770000000000E+09   7.6246484406308926E+04   8.3682680273860694E-11   7.6686105794408444E-21   2.0992587347599583E+03
   1.2396770000000000E+09   7.6544869047129105E+04   8.2805655227760836E-11   7.5979465467632971E-21   2.0965770893006402E+03
   1.2416770000000000E+09   7.6843538007518597E+04   8.1940905705657637E-11   7.5281240479818121E-21   2.0939247233380611E+03
   1.2436770000000000E+09   7.7142494921564910E+04   8.1088230547066755E-11   7.4591306385137276E-21   2.0913016578582460E+03
   1.2456770000000000E+09   7.7441743042630973E+04   8.0247432544441657E-11   7.3909541092411726E-21   2.0887079134949008E+03
   1.2476770000000000E+09   7.7741285264140010E+04   7.9418318332463114E-11   7.3235824795698814E-21   2.0861435104690390E+03
   1.2496770000000000E+09   7.8041124139961321E+04   7.8600698281100446E-11   7.2570039907249729E-21   2.0836084685296878E+03
   1.2516770000000000E+09   7.8341261903404491E+04   7.7794386392814511E-11   7.1912070993226767E-21   2.0811028068956343E+03
   1.2536770000000000E+09   7.8641700484175104E+04   7.6999200204083108E-11   7.1261804712399168E-21   2.0786265441980972E+03
   1.2556770000000000E+09   7.8942441522892710E+04   7.6214960691318350E-11   7.0619129757935097E-21   2.0761796984241937E+03
   1.2576770000000000E+09   7.9243486383039679E+04   7.5441492181119966E-11   6.9983936802291647E-21   2.0737622868610247E+03
   1.2596770000000000E+09   7.9544836160377672E+04   7.4678622264736338E-11   6.9356118445134796E-21   2.0713743260402321E+03
   1.2616770000000000E+09   7.9846491690002746E+04   7.3926181716558036E-11   6.8735569164175933E-21   2.0690158316828633E+03
   1.2636770000000000E+09   8.0148453551323662E+04   7.3184004416423087E-11   6.8122185268764969E-21   2.0666868186444194E+03
   1.2656770000000000E+09   8.0450722071275653E+04   7.2451927275509900E-11   6.7515864856073736E-21   2.0643873008599685E+03
   1.2676770000000000E+09   8.0753297326072061E+04   7.1729790165601509E-11   6.6916507769706672E-21   2.0621172912892430E+03
   1.2696770000000000E+09   8.1056179141744404E+04   7.1017435851525342E-11   6.6324015560591603E-21   2.0598768018616502E+03
   1.2716770000000000E+09   8.1359367093637309E+04   7.0314709926607979E-11   6.5738291450033492E-21   2.0576658434211454E+03
   1.2736770000000000E+09   8.1662860504964527E+04   6.9621460751001935E-11   6.5159240294827651E-21   2.0554844256709425E+03
   1.2756770000000000E+09   8.1966658444449495E+04   6.8937539392769955E-11   6.4586768554354139E-21   2.0533325571180098E+03
   1.2776770000000000E+09   8.2270759723044597E+04   6.8262799571616001E-11   6.4020784259575725E-21   2.0512102450173502E+03
   1.2796770000000000E+09   8.2575162889688130E+04   6.7597097605155296E-11   6.3461196983864758E-21   2.0491174953160175E+03
   1.2816770000000000E+09   8.2879866226034646E+04   6.6940292357614481E-11   6.2907917815580055E-21   2.0470543125968525E+03
   1.2836770000000000E+09   8.3184867740061934E+04   6.6292245190848579E-11   6.2360859332310483E-21   2.0450207000219050E+03
   1.2856770000000000E+09   8.3490165158408694E+04   6.5652819917564615E-11   6.1819935576702860E-21   2.0430166592755179E+03
   1.2876770000000000E+09   8.3795755917219096E+04   6.5021882756650837E-11   6.1285062033799816E-21   2.0410421905070182E+03
   1.2896770000000000E+09   8.4101637151183080E+04   6.4399302290518268E-11   6.0756155609818968E-21   2.0390972922729752E+03
   1.2916770000000000E+09   8.4407805680322665E+04   6.3784949424391132E-11   6.0233134612332444E-21   2.0371819614789581E+03
   1.2936770000000000E+09   8.4714257993912237E+04   6.3178697347512029E-11   5.9715918731833336E-21   2.0352961933206909E+03
   1.2956770000000000E+09   8.5020990230725089E+04   6.2580421496270249E-11   5.9204429024715481E-21   2.0334399812244985E+03
   1.2976770000000000E+09   8.5327998154601111E+04   6.1989999519307326E-11   5.8698587897737549E-21   2.0316133167868543E+03
   1.2996770000000000E+09   8.5635277124209300E+04   6.1407311244680067E-11   5.8198319094067279E-21   2.0298161897128380E+03
   1.3016770000000000E+09   8.5942822055969518E+04   6.0832238649137221E-11   5.7703547680981049E-21   2.0280485877532176E+03
   1.3036770000000000E+09   8.6250627379609374E+04   6.0264665829439906E-11   5.7214200039173849E-21   2.0263104966398600E+03
   1.3056770000000000E+09   8.6558686986989313E+04   5.9704478975376079E-11   5.6730203853368408E-21   2.0246019000191429E+03
   1.3076770000000000E+09   8.6866994176945969E+04   5.9151566343616058E-11   5.6251488103426549E-21   2.0229227793831783E+03
   1.3096770000000000E+09   8.7175541602075027E+04   5.8605818230814728E-11   5.5777983054450757E-21   2.0212731139987732E+03
   1.3116770000000000E+09   8.7484321227624503E+04   5.8067126943402844E-11   5.5309620243424102E-21   2.0196528808345272E+03
   1.3136770000000000E+09   8.7793324317526596E+04   5.7535386760447127E-11   5.4846332458893836E-21   2.0180620544870173E+03
   1.3156770000000000E+09   8.8102541467118717E+04   5.7010493885041114E-11   5.4388053709287513E-21   2.0165006071078719E+03
   1.3176770000000000E+09   8.8411962704678925E+04   5.6492346379308821E-11   5.3934719175038585E-21   2.0149685083345973E+03
   1.3196770000000000E+09   8.8721577682450385E+04   5.5980844078730805E-11   5.3486265140251068E-21   2.0134657252290522E+03
   1.3216770000000000E+09   8.9031375970167574E+04   5.5475888483632073E-11   5.3042628901633687E-21   2.0119922222283853E+03
   1.3236770000000000E+09   8.9341347448719171E+04   5.4977382629562228E-11   5.2603748656150507E-21   2.0105479611136006E+03
   1.3256770000000000E+09   8.9651482778717866E+04   5.4485230943825335E-11   5.2169563374167275E-21   2.0091329010003569E+03
   1.3276770000000000E+09   8.9961773891455217E+04   5.3999339101729884E-11   5.1740012671019107E-21   2.0077469983548690E+03
   1.3296770000000000E+09   9.0272214424337624E+04   5.3519613901686479E-11   5.1315036695412778E-21   2.0063902070346360E+03
   1.3316770000000000E+09   9.0582800008650593E+04   5.3045963180897268E-11   5.0894576055788036E-21   2.0050624783496032E+03
   1.3336770000000000E+09   9.0893528324050538E+04   5.2578295790902796E-11   5.0478571803591706E-21   2.0037637611347945E+03
   1.3356770000000000E+09   9.1204398868212069E+04   5.2116521643320339E-11   5.0066965483995426E-21   2.0024940018217383E+03
   1.3376770000000000E+09   9.1515412450464864E+04   5.1660551821263002E-11   4.9659699250367063E-21   2.0012531444943729E+03
   1.3396770000000000E+09   9.1826570493129300E+04   5.1210298734215225E-11   4.9256716021658415E-21   2.0000411309167823E+03
   1.3416770000000000E+09   9.2137874291120999E+04   5.0765676278934622E-11   4.8857959646966803E-21   1.9988579005253316E+03
   1.3436770000000000E+09   9.2449324411797919E+04   5.0326599962590225E-11   4.8463375035015613E-21   1.9977033903858483E+03
   1.3456770000000000E+09   9.2760920391483713E+04   4.9892986951538616E-11   4.8072908212826680E-21   1.9965775351252573E+03
   1.3476770000000000E+09   9.3072660799354140E+04   4.9464756030244110E-11   4.7686506297918721E-21   1.9954802668537177E+03
   1.3496770000000000E+09   9.3384543616475654E+04   4.9041827484147191E-11   4.7304117396569576E-21   1.9944115150951536E+03
   1.3516770000000000E+09   9.3696566763714553E+04   4.8624122946943580E-11   4.6925690466619461E-21   1.9933712067399235E+03
   1.3536770000000000E+09   9.4008728558952018E+04   4.8211565264813575E-11   4.6551175195370538E-21   1.9923592660243498E+03
   1.3556770000000000E+09   9.4321027923581772E+04   4.7804078420475054E-11   4.6180521934261334E-21   1.9913756145314026E+03
   1.3576770000000000E+09   9.4633464280345172E+04   4.7401587531131273E-11   4.5813681704472342E-21   1.9904201711994003E+03
   1.3596770000000000E+09   9.4946037233616633E+04   4.7004018899357897E-11   4.5450606253783684E-21   1.9894928523245312E+03
   1.3616770000000000E+09   9.5258746222220681E+04   4.6611300072438761E-11   4.5091248121988563E-21   1.9885935715487203E+03
   1.3636770000000000E+09   9.5571590327942817E+04   4.6223359866492284E-11   4.4735560672580416E-21   1.9877222398336842E+03
   1.3656770000000000E+09   9.5884568313445096E+04   4.5840128336433196E-11   4.4383498072030794E-21   1.9868787654298046E+03
   1.3676770000000000E+09   9.6197678818413187E+04   4.5461536706383400E-11   4.4035015230412528E-21   1.9860630538503822E+03
   1.3696770000000000E+09   9.6510920554831886E+04   4.5087517296612406E-11   4.3690067738102207E-21   1.9852750078573586E+03
   1.3716770000000000E+09   9.6824292367029731E+04   4.4718003479252407E-11   4.3348611829874179E-21   1.9845145274569468E+03
   1.3736770000000000E+09   9.7137793136298482E+04   4.4352929670237914E-11   4.3010604383860681E-21   1.9837815098982799E+03
   1.3756770000000000E+09   9.7451421625388670E+04   4.3992231338341644E-11   4.2676002937063997E-21   1.9830758496684921E+03
   1.3776770000000000E+09   9.7765176388106585E+04   4.3635845003616449E-11   4.2344765690617892E-21   1.9823974384826677E+03
   1.3796770000000000E+09   9.8079055797363078E+04   4.3283708211827577E-11   4.2016851491657965E-21   1.9817461652725592E+03
   1.3816770000000000E+09   9.8393058138432491E+04   4.2935759494771482E-11   4.1692219801243191E-21   1.9811219161794131E+03
   1.3836770000000000E+09   9.8707181662629999E+04   4.2591938338683763E-11   4.1370830669831114E-21   1.9805245745529912E+03
   1.3856770000000000E+09   9.9021424526038405E+04   4.2252185176730806E-11   4.1052644735937304E-21   1.9799540209539323E+03
   1.3876770000000000E+09   9.9335784570978460E+04   4.1916441410839617E-11   4.0737623253268084E-21   1.9794101331532479E+03
   1.3896770000000000E+09   9.9650258789386557E+04   4.1584649482158282E-11   4.0425728165316406E-21   1.9788927861198210E+03
   1.3916770000000000E+09   9.9964841816350949E+04   4.1256753085486649E-11   4.0116922320601396E-21   1.9784018519754918E+03
   1.3936770000000000E+09   1.0027952151310293E+05   4.0932697824589560E-11   3.9811170118698674E-21   1.9779371998583888E+03
   1.3956770000000000E+09   1.0059426659028337E+05   4.0612433085455620E-11   3.9508439346803916E-21   1.9774986955297582E+03
   1.3976770000000000E+09   1.0090899407926713E+05   4.0295917007009756E-11   3.9208706045219078E-21   1.9770862003058348E+03
   1.3996770000000000E+09   1.0122348945187668E+05   3.9983128767805953E-11   3.8911966529644216E-21   1.9766995683279636E+03
   1.4016770000000000E+09   1.0153722487741194E+05   3.9674096740278087E-11   3.8618264942606464E-21   1.9763386400111890E+03
   1.4036770000000000E+09   1.0184898189128720E+05   3.9368957497642811E-11   3.8327751018101097E-21   1.9760032273438637E+03
   1.4056770000000000E+09   1.0215615354674110E+05   3.9068066406669805E-11   3.8040788414161839E-21   1.9756930833046947E+03
   1.4076770000000000E+09   1.0245364261409470E+05   3.8772175831042713E-11   3.7758129464024879E-21   1.9754078436515883E+03
   1.4096770000000000E+09   1.0273251294024082E+05   3.8482661586104856E-11   3.7481137753146314E-21   1.9751469276630180E+03
   1.4116770000000000E+09   1.0297912148969321E+05   3.8201688480261264E-11   3.7211952257571861E-21   1.9749093920312569E+03
   1.4136770000000000E+09   1.0317625538450334E+05   3.7932069397853877E-11   3.6953353301147691E-21   1.9746937597121291E+03
   1.4156770000000000E+09   1.0330806886574801E+05   3.7676498097912239E-11   3.6708017075458680E-21   1.9744979004041786E+03
   1.4176770000000000E+09   1.0336888734645981E+05   3.7436068704657083E-11   3.6477071042523761E-21   1.9743191052013024E+03
   1.4196770000000000E+09   1.0337151941726796E+05   3.7208719033990115E-11   3.6258568267807213E-21   1.9741545053782061E+03
   1.4216770000000000E+09   1.0334690991315438E+05   3.6989020729411873E-11   3.6047268088907432E-21   1.9740018199149645E+03
   1.4236770000000000E+09   1.0333137507536511E+05   3.6770274603159264E-11   3.5836664665551235E-21   1.9738600710501548E+03
   1.4256770000000000E+09   1.0335209709248639E+05   3.6547421075892513E-11   3.5621821847963431E-21   1.9737297219443262E+03
   1.4276770000000000E+09   1.0342901819748244E+05   3.6317300887388701E-11   3.5399638198043039E-21   1.9736121600779777E+03
   1.4296770000000000E+09   1.0359214968308054E+05   3.6075762457909302E-11   3.5166034642535919E-21   1.9735093601612189E+03
   1.4316770000000000E+09   1.0386581626488597E+05   3.5815979645824162E-11   3.4914310817986589E-21   1.9734241210691189E+03
   1.4336770000000000E+09   1.0442322614407695E+05   3.5543585965278463E-11   3.4649849294278280E-21   1.9733629170776067E+03
   1.4356770000000000E+09   1.0333174041776609E+05   3.5155170918214813E-11   3.4271960830720815E-21   1.9733191588659206E+03
   6.5767700000000000E+08  -8.5722757488568805E+03   3.1160447552204605E-12   4.0997099972182836E-23   9.2148471562646284E+02
   6.5967700000000000E+08  -7.6589716653005944E+03   5.8850587259278850E-12   7.4411475281970663E-23   9.5884514218568017E+02
   6.6167700000000000E+08  -6.8613969290652667E+03   9.5278331635060399E-12   1.1692872002426339E-22   9.8789442488467296E+02
   6.6367700000000000E+08  -5.9339582122894972E+03   1.4169072279773733E-11   1.6923521750230034E-22   1.0150519226539265E+03
   6.6567700000000000E+08  -4.9385226140240011E+03   2.0206370202772175E-11   2.3444411791241090E-22   1.0449284429042712E+03
   6.6767700000000000E+08  -4.1087604709301904E+03   2.8387426194072016E-11   3.1909723455080054E-22   1.0785506974344598E+03
   6.6967700000000000E+08  -3.5088216338897587E+03   3.9532892566615263E-11   4.2920217775890228E-22   1.1166942030480402E+03
   6.7167700000000000E+08  -3.0056954109880799E+03   5.4362883765730545E-11   5.6805180562568068E-22   1.1602514723033767E+03
   6.7367700000000000E+08  -2.4471629274690958E+03   7.3288481938759130E-11   7.3274701632195281E-22   1.2126047179452894E+03
   6.7567700000000000E+08  -1.6417423157239423E+03   9.6351816669621625E-11   9.1193871652380134E-22   1.2809490019774373E+03
   6.7767700000000000E+08  -4.8869848694372928E+02   1.2326630019303321E-10   1.0872514203918994E-21   1.3745228488015564E+03
   6.7967700000000000E+08   9.3481073701832906E+02   1.5331240762465750E-10   1.2421040910825882E-21   1.4964316944306545E+03
   6.8167700000000000E+08   2.5182170630266592E+03   1.8540609113651161E-10   1.3728559454153466E-21   1.6373314933293429E+03
   6.8367700000000000E+08   4.2397197101071715E+03   2.1818606674698260E-10   1.4840683432815839E-21   1.7824226750449434E+03
   6.8567700000000000E+08   6.1950318970868220E+03   2.5035393035562707E-10   1.5801434700707873E-21   1.9208589673318766E+03
   6.8767700000000000E+08   8.4645594961875613E+03   2.8091074340496662E-10   1.6631042700164125E-21   2.0477948986723925E+03
   6.8967700000000000E+08   1.1077002913616596E+04   3.0920385939115067E-10   1.7336962619496769E-21   2.1622677929518031E+03
   6.9167700000000000E+08   1.4007535181634867E+04   3.3487176983528666E-10   1.7923880093838113E-21   2.2650828603564837E+03
   6.9367700000000000E+08   1.7227691511394547E+04   3.5784375280961763E-10   1.8403523834295299E-21   2.3573824070575288E+03
   6.9567700000000000E+08   2.0708313155976241E+04   3.7809808090102085E-10   1.8781254523645795E-21   2.4407171965346902E+03
   6.9767700000000000E+08   2.4405822514128766E+04   3.9572847624336410E-10   1.9065399315865621E-21   2.5164539263312290E+03
   6.9967700000000000E+08   2.8282654035041869E+04   4.1088708439796488E-10   1.9265250650010000E-21   2.5857433274427722E+03
   7.0167700000000000E+08   3.2307350246787348E+04   4.2375345426688145E-10   1.9390067740654208E-21   2.6495462898414175E+03
   7.0367700000000000E+08   3.6453446071747931E+04   4.3451520901280763E-10   1.9448562111249587E-21   2.7086635930324842E+03
   7.0567700000000000E+08   4.0698251906148347E+04   4.4335617790452796E-10   1.9448650181459676E-21   2.7637635572336521E+03
   7.0767700000000000E+08   4.5021775444648491E+04   4.5044954079573100E-10   1.9397367802110065E-21   2.8154053666122231E+03
   7.0967700000000000E+08   4.9405872905534983E+04   4.5595424469708181E-10   1.9300877719884921E-21   2.8640578782587454E+03
   7.1167700000000000E+08   5.3833634318106444E+04   4.6001350589884046E-10   1.9164526020896227E-21   2.9101145630124483E+03
   7.1367700000000000E+08   5.8289003127778902E+04   4.6275463811770432E-10   1.8992921661544301E-21   2.9539054471773939E+03
   7.1567700000000000E+08   6.2756642931856804E+04   4.6428977715622880E-10   1.8790026394004962E-21   2.9957068849094821E+03
   7.1767700000000000E+08   6.7222071722212466E+04   4.6471729893050344E-10   1.8559250940862553E-21   3.0357498457272277E+03
   7.1967700000000000E+08   7.1672065523007215E+04   4.6412384413857924E-10   1.8303557340391873E-21   3.0742272147999306E+03
   7.2167700000000000E+08   7.6095286751143052E+04   4.6258686859129132E-10   1.8025567268331646E-21   3.1113004063769572E+03
   7.2367700000000000E+08   8.0483030612601739E+04   4.6017755566681963E-10   1.7727672911948885E-21   3.1471054072133652E+03
   7.2567700000000000E+08   8.4829930981544472E+04   4.5696380564435429E-10   1.7412142545539377E-21   3.1817582221390117E+03
   7.2767700000000000E+08   8.9134452613921618E+04   4.5301292224323767E-10   1.7081209716771420E-21   3.2153596095647313E+03
   7.2967700000000000E+08   9.3399033626107819E+04   4.4839360884316226E-10   1.6737134875082086E-21   3.2479989801996358E+03
   7.3167700000000000E+08   9.7629822911483177E+04   4.4317699037133931E-10   1.6382232011851307E-21   3.2797573792610933E+03
   7.3367700000000000E+08   1.0183605355634548E+05   4.3743656800792250E-10   1.6018859395870120E-21   3.3107095567072561E+03
   7.3567700000000000E+08   1.0602917124009355E+05   4.3124723065635825E-10   1.5649380514572670E-21   3.3409252201882832E+03
   7.3767700000000000E+08   1.1022187255244446E+05   4.2468361895403164E-10   1.5276106485760324E-21   3.3704696344389145E+03
   7.3967700000000000E+08   1.1442719836571366E+05   4.1781821717916976E-10   1.4901233050312853E-21   3.3994037639223093E+03
   7.4167700000000000E+08   1.1865778536952571E+05   4.1071952813193339E-10   1.4526783771218693E-21   3.4277841518444197E+03
   7.4367700000000000E+08   1.2292532533000143E+05   4.0345059293885146E-10   1.4154567355900045E-21   3.4556626975614308E+03
   7.4567700000000000E+08   1.2724023430892330E+05   3.9606799448658111E-10   1.3786152616068181E-21   3.4830864494217599E+03
   7.4767700000000000E+08   1.3161150242399631E+05   3.8862136855925460E-10   1.3422860760812846E-21   3.5100974836183782E+03
   7.4967700000000000E+08   1.3604668004486183E+05   3.8115336402044147E-10   1.3065772170247049E-21   3.5367329000611653E+03
   7.5167700000000000E+08   1.4055195485762352E+05   3.7369994895741287E-10   1.2715743619045804E-21   3.5630249374605146E+03
   7.5367700000000000E+08   1.4513228063828903E+05   3.6629094808926798E-10   1.2373431833652903E-21   3.5890011920215466E+03
   7.5567700000000000E+08   1.4979152815365823E+05   3.5895070714316094E-10   1.2039319856955412E-21   3.6146849155629293E+03
   7.5767700000000000E+08   1.5453263821455205E+05   3.5169880141472299E-10   1.1713743575180582E-21   3.6400953668823668E+03
   7.5967700000000000E+08   1.5935776492943289E+05   3.4455073002973907E-10   1.1396916660493260E-21   3.6652481922558377E+03
   7.6167700000000000E+08   1.6426840313908079E+05   3.3751855945240937E-10   1.1088952947351079E-21   3.6901558150512142E+03
   7.6367700000000000E+08   1.6926549797909343E+05   3.3061149724187964E-10   1.0789885834341361E-21   3.7148278191527625E+03
   7.6567700000000000E+08   1.7434953691115612E+05   3.2383638950811667E-10   1.0499684688903850E-21   3.7392713153829791E+03
   7.6767700000000000E+08   1.7952062583174015E+05   3.1719814354153314E-10   1.0218268462227563E-21   3.7634912839476560E+03
   7.6967700000000000E+08   1.8477855139659709E+05   3.1070008166798935E-10   9.9455168365225681E-22   3.7874908889757744E+03
   7.7167700000000000E+08   1.9012283178700393E+05   3.0434423452037457E-10   9.6812792648151175E-22   3.8112717635000349E+03
   7.7367700000000000E+08   1.9555275799398232E+05   2.9813158247785146E-10   9.4253822547698376E-22   3.8348342648296712E+03
   7.7567700000000000E+08   2.0106742744042672E+05   2.9206225365498823E-10   9.1776352146811266E-22   3.8581777013359601E+03
   7.7767700000000000E+08   2.0666577147543614E+05   2.8613568597827391E-10   8.9378351361371936E-22   3.8813005323306647E+03
   7.7967700000000000E+08   2.1234657800146603E+05   2.8035075985860474E-10   8.7057703426778170E-22   3.9042005430805084E+03
   7.8167700000000000E+08   2.1810851025207134E+05   2.7470590692822618E-10   8.4812234917776074E-22   3.9268749971562443E+03
   7.8367700000000000E+08   2.2395012253222059E+05   2.6919919935121703E-10   8.2639739808315677E-22   3.9493207683317501E+03
   7.8567700000000000E+08   2.2986987356363624E+05   2.6382842337835064E-10   8.0537998770876020E-22   3.9715344541773343E+03
   7.8767700000000000E+08   2.3586613794052589E+05   2.5859114010997123E-10   7.8504794664022925E-22   3.9935124733676839E+03
   7.8967700000000000E+08   2.4193721609157984E+05   2.5348473584778753E-10   7.6537924956328226E-22   4.0152511485734162E+03
   7.9167700000000000E+08   2.4808134305726684E+05   2.4850646394400032E-10   7.4635211676303517E-22   4.0367467766422219E+03
   7.9367700000000000E+08   2.5429669632291529E+05   2.4365347967720897E-10   7.2794509353907978E-22   4.0579956876118131E+03
   7.9567700000000000E+08   2.6058140289409715E+05   2.3892286938268007E-10   7.1013711322523773E-22   4.0789942939388102E+03
   7.9767700000000000E+08   2.6693354575836990E+05   2.3431167482508238E-10   6.9290754675177263E-22   4.0997391311789661E+03
   7.9967700000000000E+08   2.7335116984402377E+05   2.2981691361209528E-10   6.7623624110408637E-22   4.1202268912167065E+03
   8.0167700000000000E+08   2.7983228756018612E+05   2.2543559629701571E-10   6.6010354857738072E-22   4.1404544490166882E+03
   8.0367700000000000E+08   2.8637488398193795E+05   2.2116474069918939E-10   6.4449034837140838E-22   4.1604188837566580E+03
   8.0567700000000000E+08   2.9297692172781070E+05   2.1700138387611631E-10   6.2937806179014669E-22   4.1801174950992163E+03
   8.0767700000000000E+08   2.9963634556422976E+05   2.1294259210514604E-10   6.1474866209021869E-22   4.1995478152691203E+03
   8.0967700000000000E+08   3.0635108676151989E+05   2.0898546917165268E-10   6.0058467984557395E-22   4.2187076175219399E+03
   8.1167700000000000E+08   3.1311906721838948E+05   2.0512716321127800E-10   5.8686920455413448E-22   4.2375949215180726E+03
   8.1367700000000000E+08   3.1993820336599281E+05   2.0136487231374670E-10   5.7358588309694039E-22   4.2562079960528399E+03
   8.1567700000000000E+08   3.2680640985851630E+05   1.9769584906294046E-10   5.6071891556591826E-22   4.2745453595372792E+03
   8.1767700000000000E+08   3.3372160305434250E+05   1.9411740416093985E-10   5.4825304889840285E-22   4.2926057785751709E+03
   8.1967700000000000E+08   3.4068170429022657E+05   1.9062690926137831E-10   5.3617356869147041E-22   4.3103882649385187E+03
   8.2167700000000000E+08   3.4768464295026398E+05   1.8722179911887696E-10   5.2446628951460192E-22   4.3278920712058261E+03
   8.2367700000000000E+08   3.5472835933168355E+05   1.8389957314582588E-10   5.1311754399317658E-22   4.3451166852944034E+03
   8.2567700000000000E+08   3.6181080731048092E+05   1.8065779645482456E-10   5.0211417089639670E-22   4.3620618240888989E+03
   8.2767700000000000E+08   3.6892995681141393E+05   1.7749410045430136E-10   4.9144350243036331E-22   4.3787274263429590E+03
   8.2967700000000000E+08   3.7608379608884262E+05   1.7440618305582998E-10   4.8109335090918898E-22   4.3951136450087952E+03
   8.3167700000000000E+08   3.8327033382693538E+05   1.7139180854423824E-10   4.7105199495366975E-22   4.4112208391300301E+03
   8.3367700000000000E+08   3.9048760106990224E+05   1.6844880715547184E-10   4.6130816534736994E-22   4.4270495654161496E+03
   8.3567700000000000E+08   3.9773365299471671E+05   1.6557507440219225E-10   4.5185103066360360E-22   4.4426005696018756E+03
   8.3767700000000000E+08   4.0500657054020761E+05   1.6276857018302828E-10   4.4267018276314734E-22   4.4578747776813098E+03
   8.3967700000000000E+08   4.1230446190722001E+05   1.6002731770810699E-10   4.3375562225111263E-22   4.4728732870947479E+03
   8.4167700000000000E+08   4.1962546394461585E+05   1.5734940227078751E-10   4.2509774397181550E-22   4.4875973579351703E+03
   8.4367700000000000E+08   4.2696774343520298E+05   1.5473296989325915E-10   4.1668732261226159E-22   4.5020484042314965E+03
   8.4567700000000000E+08   4.3432949829416635E+05   1.5217622587168572E-10   4.0851549847760491E-22   4.5162279853566624E+03
   8.4767700000000000E+08   4.4170895869036036E+05   1.4967743324475649E-10   4.0057376349531264E-22   4.5301377976000940E+03
   8.4967700000000000E+08   4.4910438809802977E+05   1.4723491120772128E-10   3.9285394749842888E-22   4.5437796659365822E+03
   8.5167700000000000E+08   4.5651408428332041E+05   1.4484703349216332E-10   3.8534820483211160E-22   4.5571555360163557E+03
   8.5367700000000000E+08   4.6393638022659865E+05   1.4251222672983607E-10   3.7804900132130861E-22   4.5702674663947955E+03
   8.5567700000000000E+08   4.7136964497835655E+05   1.4022896881682851E-10   3.7094910163099642E-22   4.5831176210144286E+03
   8.5767700000000000E+08   4.7881228444356518E+05   1.3799578729213995E-10   3.6404155704384301E-22   4.5957082619467383E+03
   8.5967700000000000E+08   4.8626274208704469E+05   1.3581125774244520E-10   3.5731969367348444E-22   4.6080417423969584E+03
   8.6167700000000000E+08   4.9371949955087306E+05   1.3367400224248744E-10   3.5077710112501786E-22   4.6201204999714182E+03
   8.6367700000000000E+08   5.0118107717415487E+05   1.3158268783819879E-10   3.4440762160792498E-22   4.6319470502040249E+03
   8.6567700000000000E+08   5.0864603440578521E+05   1.2953602507738652E-10   3.3820533950061282E-22   4.6435239803363647E+03
   8.6767700000000000E+08   5.1611297010196489E+05   1.2753276659072540E-10   3.3216457136031694E-22   4.6548539433443630E+03
   8.6967700000000000E+08   5.2358052270220511E+05   1.2557170572391749E-10   3.2627985636736294E-22   4.6659396522036113E+03
   8.7167700000000000E+08   5.3104737028016127E+05   1.2365167522027626E-10   3.2054594718886687E-22   4.6767838743850898E+03
   8.7367700000000000E+08   5.3851223046866967E+05   1.2177154595170988E-10   3.1495780124394813E-22   4.6873894265732224E+03
   8.7567700000000000E+08   5.4597386026162771E+05   1.1993022569512750E-10   3.0951057235046441E-22   4.6977591695985748E+03
   8.7767700000000000E+08   5.5343105569855822E+05   1.1812665795068567E-10   3.0419960273212593E-22   4.7078960035783412E+03
   8.7967700000000000E+08   5.6088265144072624E+05   1.1635982079799407E-10   2.9902041536453830E-22   4.7178028632585438E+03
   8.8167700000000000E+08   5.6832752025027550E+05   1.1462872578638886E-10   2.9396870663915165E-22   4.7274827135528176E+03
   8.8367700000000000E+08   5.7576457238610496E+05   1.1293241685558353E-10   2.8904033932507222E-22   4.7369385452735551E+03
   8.8567700000000000E+08   5.8319275493216189E+05   1.1126996928334804E-10   2.8423133581001759E-22   4.7461733710519602E+03
   8.8767700000000000E+08   5.9061105107632698E+05   1.0964048865719690E-10   2.7953787160297299E-22   4.7551902214443353E+03
   8.8967700000000000E+08   5.9801847936276509E+05   1.0804310986715443E-10   2.7495626908174975E-22   4.7639921412226131E+03
   8.9167700000000000E+08   6.0541409295156330E+05   1.0647699611604437E-10   2.7048299146746312E-22   4.7725821858480513E+03
   8.9367700000000000E+08   6.1279697894513211E+05   1.0494133794156248E-10   2.6611463700277799E-22   4.7809634181284418E+03
   8.9567700000000000E+08   6.2016625789725024E+05   1.0343535223912785E-10   2.6184793329782805E-22   4.7891389050618909E+03
   8.9767700000000000E+08   6.2752108373400511E+05   1.0195828126388989E-10   2.5767973178130393E-22   4.7971117148751891E+03
   8.9967700000000000E+08   6.3486064451977750E+05   1.0050939157180323E-10   2.5360700214818115E-22   4.8048849142735144E+03
   9.0167700000000000E+08   6.4218416481356020E+05   9.9087972833154481E-11   2.4962682662962591E-22   4.8124615659312230E+03
   9.0367700000000000E+08   6.4949091071897594E+05   9.7693336425509760E-11   2.4573639384560372E-22   4.8198447262707678E+03
   9.0567700000000000E+08   6.5678019886368781E+05   9.6324813714418307E-11   2.4193299200625991E-22   4.8270374435933118E+03
   9.0767700000000000E+08   6.6405140980399819E+05   9.4981754018443500E-11   2.3821400145173801E-22   4.8340427566314875E+03
   9.0967700000000000E+08   6.7130400367859867E+05   9.3663522517751907E-11   2.3457688717866409E-22   4.8408636935760915E+03
   9.1167700000000000E+08   6.7853753035073518E+05   9.2369498866439504E-11   2.3101919324997820E-22   4.8475032715643702E+03
   9.1367700000000000E+08   6.8575161842568580E+05   9.1099077909847147E-11   2.2753854257229373E-22   4.8539644964778545E+03
   9.1567700000000000E+08   6.9294592222983972E+05   8.9851674226707486E-11   2.2413264629707908E-22   4.8602503626298167E+03
   9.1767700000000000E+08   7.0012001361119770E+05   8.8626731309741660E-11   2.2079932482629784E-22   4.8663638514432041E+03
   9.1967700000000000E+08   7.0727323774712405E+05   8.7423733204088201E-11   2.1753653496785746E-22   4.8723079275481250E+03
   9.2167700000000000E+08   7.1440460649110423E+05   8.6242211812326175E-11   2.1434238640326735E-22   4.8780855302399041E+03
   9.2367700000000000E+08   7.2151283993374824E+05   8.5081740420785887E-11   2.1121512413468590E-22   4.8836995595528979E+03
   9.2567700000000000E+08   7.2859662286765594E+05   8.3941908549395630E-11   2.0815306487746033E-22   4.8891528602731560E+03
   9.2767700000000000E+08   7.3565497791321413E+05   8.2822288120288754E-11   2.0515451202736000E-22   4.8944482148115367E+03
   9.2967700000000000E+08   7.4268748387600190E+05   8.1722414875881790E-11   2.0221770797931257E-22   4.8995883592734472E+03
   9.3167700000000000E+08   7.4969417740520043E+05   8.0641797165390423E-11   1.9934085377176961E-22   4.9045760167389863E+03
   9.3367700000000000E+08   7.5667532648217794E+05   7.9579934286222598E-11   1.9652215219434427E-22   4.9094139338031873E+03
   9.3567700000000000E+08   7.6363172837006510E+05   7.8536270969196680E-11   1.9375969358809510E-22   4.9141049081142337E+03
   9.3767700000000000E+08   7.7056662408902636E+05   7.7509955747953026E-11   1.9105086176740405E-22   4.9186517444013043E+03
   9.3967700000000000E+08   7.7748897312809969E+05   7.6499461873342305E-11   1.8839140583611086E-22   4.9230571742561942E+03
   9.4167700000000000E+08   7.8441434324586974E+05   7.5502559581530274E-11   1.8577537181338071E-22   4.9273240144134033E+03
   9.4367700000000000E+08   7.9135921982432029E+05   7.4517090049475668E-11   1.8319699335398267E-22   4.9314556486581478E+03
   9.4567700000000000E+08   7.9833076648815698E+05   7.3542160254446435E-11   1.8065361530970124E-22   4.9354563115253331E+03
   9.4767700000000000E+08   8.0532047104282479E+05   7.2578714831332042E-11   1.7814710382859042E-22   4.9393305813440138E+03
   9.4967700000000000E+08   8.1230766885303298E+05   7.1628928394640055E-11   1.7568238415504848E-22   4.9430820995749154E+03
   9.5167700000000000E+08   8.1927529228091752E+05   7.0695287224135869E-11   1.7326507082914599E-22   4.9467165891118384E+03
   9.5367700000000000E+08   8.2615966870663397E+05   6.9782762724418448E-11   1.7090748286043279E-22   4.9502219064987275E+03
   9.5567700000000000E+08   8.3290157734052266E+05   6.8897663016890799E-11   1.6862362725374985E-22   4.9536309738714644E+03
   9.5767700000000000E+08   8.3957963171976863E+05   6.8030610753835826E-11   1.6639149462563262E-22   4.9569077134089821E+03
   9.5967700000000000E+08   8.4621624704158574E+05   6.7179014847545005E-11   1.6420388407906025E-22   4.9600698379233027E+03
   9.6167700000000000E+08   8.5281962855980301E+05   6.6341720230090302E-11   1.6205769905790628E-22   4.9631185213459476E+03
   9.6367700000000000E+08   8.5939243057908234E+05   6.5518169813282744E-11   1.5995130669051039E-22   4.9660552994213058E+03
   9.6567700000000000E+08   8.6593557116659684E+05   6.4707991668934731E-11   1.5788352327073578E-22   4.9688821659415071E+03
   9.6767700000000000E+08   8.7244937775435660E+05   6.3910878979047126E-11   1.5585333088059413E-22   4.9716012488257948E+03
   9.6967700000000000E+08   8.7893395166516013E+05   6.3126554660810041E-11   1.5385979422357005E-22   4.9742146927037702E+03
   9.7167700000000000E+08   8.8538930442015594E+05   6.2354758273209216E-11   1.5190202917375936E-22   4.9767246262123645E+03
   9.7367700000000000E+08   8.9181541705483373E+05   6.1595239756545085E-11   1.4997918730283825E-22   4.9791331527782595E+03
   9.7567700000000000E+08   8.9821226809765887E+05   6.0847756264367659E-11   1.4809044778984421E-22   4.9814423478089830E+03
   9.7767700000000000E+08   9.0457984618564404E+05   6.0112070763888118E-11   1.4623501360717333E-22   4.9836542579886009E+03
   9.7967700000000000E+08   9.1091815486963873E+05   5.9387951545960014E-11   1.4441210992610222E-22   4.9857709012025316E+03
   9.8167700000000000E+08   9.1722721370480873E+05   5.8675172098540737E-11   1.4262098342122465E-22   4.9877942666214740E+03
   9.8367700000000000E+08   9.2350705737101845E+05   5.7973511101909135E-11   1.4086090188424688E-22   4.9897263149121436E+03
   9.8567700000000000E+08   9.2975773382325866E+05   5.7282752446313242E-11   1.3913115390711398E-22   4.9915689784870892E+03
   9.8767700000000000E+08   9.3597930243828124E+05   5.6602685212783116E-11   1.3743104849359329E-22   4.9933241616587884E+03
   9.8967700000000000E+08   9.4217183227487048E+05   5.5933103632182582E-11   1.3575991463495008E-22   4.9949937407098842E+03
   9.9167700000000000E+08   9.4833539910519030E+05   5.5273807143747628E-11   1.3411710114075667E-22   4.9965795639717289E+03
   9.9367700000000000E+08   9.5447007884858060E+05   5.4624600727906260E-11   1.3250197714610577E-22   4.9980834519735781E+03
   9.9567700000000000E+08   9.6057593538537424E+05   5.3985295613090700E-11   1.3091393353436169E-22   4.9995071977014341E+03
   9.9767700000000000E+08   9.6665300360722933E+05   5.3355710195707019E-11   1.2935238488610708E-22   5.0008525668781376E+03
   9.9967700000000000E+08   9.7270127388185845E+05   5.2735670637084367E-11   1.2781677066250220E-22   5.0021212979282591E+03
   1.0016770000000000E+09   9.7872068846635288E+05   5.2125010395075788E-11   1.2630655382456723E-22   5.0033151016489255E+03
   1.0036770000000000E+09   9.8471116360782611E+05   5.1523567909890309E-11   1.2482121501830366E-22   5.0044356598975637E+03
   1.0056770000000000E+09   9.9067264235242712E+05   5.0931182429626271E-11   1.2336024227639865E-22   5.0054846240179413E+03
   1.0076770000000000E+09   9.9660516659381264E+05   5.0347689114874749E-11   1.2192311895894082E-22   5.0064636146615167E+03
   1.0096770000000000E+09   1.0025089455552767E+06   4.9772915123275007E-11   1.2050931403449182E-22   5.0073742237809383E+03
   1.0116770000000000E+09   1.0083843963570739E+06   4.9206678018833906E-11   1.1911827791721179E-22   5.0082180203807175E+03
   1.0136770000000000E+09   1.0142321616902517E+06   4.8648786012176317E-11   1.1774944288326988E-22   5.0089965506549952E+03
   1.0156770000000000E+09   1.0200530725991648E+06   4.8099042118988694E-11   1.1640223286913366E-22   5.0097113424957624E+03
   1.0176770000000000E+09   1.0258480351117214E+06   4.7557252343251351E-11   1.1507608286939754E-22   5.0103639161141173E+03
   1.0196770000000000E+09   1.0316179044590697E+06   4.7023233420967725E-11   1.1377045756414604E-22   5.0109557820241671E+03
   1.0216770000000000E+09   1.0373633794760337E+06   4.6496818664106420E-11   1.1248486538319549E-22   5.0114884371607768E+03
   1.0236770000000000E+09   1.0430849265965368E+06   4.5977861292096350E-11   1.1121886645886520E-22   5.0119633623124782E+03
   1.0256770000000000E+09   1.0487827501826310E+06   4.5466234599337134E-11   1.0997207299285434E-22   5.0123820166604746E+03
   1.0276770000000000E+09   1.0544568087907974E+06   4.4961829391568886E-11   1.0874414301569929E-22   5.0127458325961798E+03
   1.0296770000000000E+09   1.0601068664094538E+06   4.4464549651678287E-11   1.0753476984484253E-22   5.0130562117652407E+03
   1.0316770000000000E+09   1.0657325622855730E+06   4.3974307567776452E-11   1.0634366997303361E-22   5.0133145228040912E+03
   1.0336770000000000E+09   1.0713334830532582E+06   4.3491018901357565E-11   1.0517057175233536E-22   5.0135221007718492E+03
   1.0356770000000000E+09   1.0769092248042324E+06   4.3014599334297278E-11   1.0401520642494395E-22   5.0136802479509161E+03
   1.0376770000000000E+09   1.0824594382785314E+06   4.2544962057938358E-11   1.0287730214642956E-22   5.0137902355408096E+03
   1.0396770000000000E+09   1.0879838555810021E+06   4.2082016561237637E-11   1.0175658090600365E-22   5.0138533057771656E+03
   1.0416770000000000E+09   1.0934823005803172E+06   4.1625668386229210E-11   1.0065275778999309E-22   5.0138706741114538E+03
   1.0436770000000000E+09   1.0989546870872397E+06   4.1175819546584674E-11   9.9565541856861942E-23   5.0138435312230586E+03
   1.0456770000000000E+09   1.1044010093181727E+06   4.0732369317863914E-11   9.8494637920926327E-23   5.0137730447531339E+03
   1.0476770000000000E+09   1.1098213285744064E+06   4.0295215167473167E-11   9.7439748684117506E-23   5.0136603607309062E+03
   1.0496770000000000E+09   1.1152157590409457E+06   3.9864253666289632E-11   9.6400576833058828E-23   5.0135066047120199E+03
   1.0516770000000000E+09   1.1205844545312147E+06   3.9439381291613684E-11   9.5376826882011111E-23   5.0133128826713246E+03
   1.0536770000000000E+09   1.1259275971098947E+06   3.9020495082644416E-11   9.4368206666762499E-23   5.0130802816974510E+03
   1.0556770000000000E+09   1.1312453878967236E+06   3.8607493143440314E-11   9.3374428476258171E-23   5.0128098705324737E+03
   1.0576770000000000E+09   1.1365380399724049E+06   3.8200275007251141E-11   9.2395209854628345E-23   5.0125026999943493E+03
   1.0596770000000000E+09   1.1418057731181129E+06   3.7798741884401237E-11   9.1430274126465842E-23   5.0121598033127138E+03
   1.0616770000000000E+09   1.1470488100571167E+06   3.7402796817615135E-11   9.0479350702467015E-23   5.0117821964024906E+03
   1.0636770000000000E+09   1.1522673738740699E+06   3.7012344766941158E-11   8.9542175218468226E-23   5.0113708780944999E+03
   1.0656770000000000E+09   1.1574616863267792E+06   3.6627292643225565E-11   8.8618489553259579E-23   5.0109268303381241E+03
   1.0676770000000000E+09   1.1626319668139094E+06   3.6247549305555295E-11   8.7708041762102897E-23   5.0104510183872044E+03
   1.0696770000000000E+09   1.1677784318085955E+06   3.5873025534774149E-11   8.6810585954941093E-23   5.0099443909774027E+03
   1.0716770000000000E+09   1.1729012946087616E+06   3.5503633992269879E-11   8.5925882141318807E-23   5.0094078805007230E+03
   1.0736770000000000E+09   1.1780007652899926E+06   3.5139289170752643E-11   8.5053696058094717E-23   5.0088424031808972E+03
   1.0756770000000000E+09   1.1830770507766802E+06   3.4779907341686953E-11   8.4193798991093638E-23   5.0082488592514410E+03
   1.0776770000000000E+09   1.1881303549726142E+06   3.4425406502376107E-11   8.3345967597850618E-23   5.0076281331371501E+03
   1.0796770000000000E+09   1.1931608789129835E+06   3.4075706324421842E-11   8.2509983735531539E-23   5.0069810936391787E+03
   1.0816770000000000E+09   1.1981688209156333E+06   3.3730728104375475E-11   8.1685634295938454E-23   5.0063085941230593E+03
   1.0836770000000000E+09   1.2031543767201523E+06   3.3390394716829357E-11   8.0872711048135494E-23   5.0056114727093309E+03
   1.0856770000000000E+09   1.2081177396097318E+06   3.3054630569893452E-11   8.0071010488499797E-23   5.0048905524662823E+03
   1.0876770000000000E+09   1.2130591005138305E+06   3.2723361562884173E-11   7.9280333697723153E-23   5.0041466416041767E+03
   1.0896770000000000E+09   1.2179786480907616E+06   3.2396515046042996E-11   7.8500486204259597E-23   5.0033805336709102E+03
   1.0916770000000000E+09   1.2228765687899890E+06   3.2074019782122132E-11   7.7731277853776826E-23   5.0025930077482581E+03
   1.0936770000000000E+09   1.2277530468944265E+06   3.1755805909706772E-11   7.6972522684239204E-23   5.0017848286485560E+03
   1.0956770000000000E+09   1.2326082645440632E+06   3.1441804908152461E-11   7.6224038806281025E-23   5.0009567471112032E+03
   1.0976770000000000E+09   1.2374424017433182E+06   3.1131949564019725E-11   7.5485648288537594E-23   5.0001094999984753E+03
   1.0996770000000000E+09   1.2422556363554536E+06   3.0826173938886423E-11   7.4757177047595926E-23   4.9992438104903940E+03
   1.1016770000000000E+09   1.2470481440879803E+06   3.0524413338418772E-11   7.4038454742232312E-23   4.9983603882782136E+03
   1.1036770000000000E+09   1.2518200984729221E+06   3.0226604282593267E-11   7.3329314671629613E-23   4.9974599297563273E+03
   1.1056770000000000E+09   1.2565716708453763E+06   2.9932684476975940E-11   7.2629593677302507E-23   4.9965431182124521E+03
   1.1076770000000000E+09   1.2613030303229364E+06   2.9642592784985067E-11   7.1939132048506852E-23   4.9956106240160580E+03
   1.1096770000000000E+09   1.2660143437876357E+06   2.9356269201077455E-11   7.1257773430948037E-23   4.9946631048048057E+03
   1.1116770000000000E+09   1.2707057758710363E+06   2.9073654824817402E-11   7.0585364738645089E-23   4.9937012056691638E+03
   1.1136770000000000E+09   1.2753774889423577E+06   2.8794691835792198E-11   6.9921756068826433E-23   4.9927255593349801E+03
   1.1156770000000000E+09   1.2800296430988628E+06   2.8519323469346259E-11   6.9266800619749726E-23   4.9917367863441095E+03
   1.1176770000000000E+09   1.2846623961573835E+06   2.8247493993106458E-11   6.8620354611345544E-23   4.9907354952329206E+03
   1.1196770000000000E+09   1.2892759036456186E+06   2.7979148684273361E-11   6.7982277208587641E-23   4.9897222827087307E+03
   1.1216770000000000E+09   1.2938703187918453E+06   2.7714233807650350E-11   6.7352430447490588E-23   4.9886977338239994E+03
   1.1236770000000000E+09   1.2984457925117826E+06   2.7452696594383788E-11   6.6730679163637233E-23   4.9876624221483034E+03
   1.1256770000000000E+09   1.3030024733915678E+06   2.7194485221385446E-11   6.6116890923136934E-23   4.9866169099379485E+03
   1.1276770000000000E+09   1.3075405076660886E+06   2.6939548791408457E-11   6.5510935955916280E-23   4.9855617483031501E+03
   1.1296770000000000E+09   1.3120600391923063E+06   2.6687837313746015E-11   6.4912687091239191E-23   4.9844974773727481E+03
   1.1316770000000000E+09   1.3165612094175890E+06   2.6439301685521459E-11   6.4322019695355069E-23   4.9834246264562862E+03
   1.1336770000000000E+09   1.3210441573435357E+06   2.6193893673536108E-11   6.3738811611165595E-23   4.9823437142035609E+03
   1.1356770000000000E+09   1.3255090194862459E+06   2.5951565896637541E-11   6.3162943099797267E-23   4.9812552487613702E+03
   1.1376770000000000E+09   1.3299559298344473E+06   2.5712271808569663E-11   6.2594296783959309E-23   4.9801597279276230E+03
   1.1396770000000000E+09   1.3343850198074314E+06   2.5475965681259615E-11   6.2032757592955491E-23   4.9790576393026931E+03
   1.1416770000000000E+09   1.3387964182151419E+06   2.5242602588495754E-11   6.1478212709215291E-23   4.9779494604380334E+03
   1.1436770000000000E+09   1.3431902512232610E+06   2.5012138389945186E-11   6.0930551516196286E-23   4.9768356589821315E+03
   1.1456770000000000E+09   1.3475666423264777E+06   2.4784529715458841E-11   6.0389665547508501E-23   4.9757166928239030E+03
   1.1476770000000000E+09   1.3519257123334883E+06   2.4559733949608117E-11   5.9855448437105093E-23   4.9745930102334460E+03
   1.1496770000000000E+09   1.3562675793674204E+06   2.4337709216400907E-11   5.9327795870386804E-23   4.9734650500006046E+03
   1.1516770000000000E+09   1.3605923588855772E+06   2.4118414364122675E-11   5.8806605536070756E-23   4.9723332415711848E+03
   1.1536770000000000E+09   1.3649001637222786E+06   2.3901808950255626E-11   5.8291777078685013E-23   4.9711980051813061E+03
   1.1556770000000000E+09   1.3691911041584052E+06   2.3687853226434204E-11   5.7783212051568213E-23   4.9700597519899820E+03
   1.1576770000000000E+09   1.3734652880208937E+06   2.3476508123403198E-11   5.7280813870271900E-23   4.9689188842102121E+03
   1.1596770000000000E+09   1.3777228208147837E+06   2.3267735235957879E-11   5.6784487766294810E-23   4.9677757952389393E+03
   1.1616770000000000E+09   1.3819638058896533E+06   2.3061496807858216E-11   5.6294140741110389E-23   4.9666308697862323E+03
   1.1636770000000000E+09   1.3861883446413032E+06   2.2857755716723145E-11   5.5809681520485366E-23   4.9654844840038522E+03
   1.1656770000000000E+09   1.3903965367482679E+06   2.2656475458931197E-11   5.5331020509133356E-23   4.9643370056137728E+03
   1.1676770000000000E+09   1.3945884804414723E+06   2.2457620134567330E-11   5.4858069745786267E-23   4.9631887940367978E+03
   1.1696770000000000E+09   1.3987642728037494E+06   2.2261154432477098E-11   5.4390742858815825E-23   4.9620402005217102E+03
   1.1716770000000000E+09   1.4029240100945330E+06   2.2067043615502212E-11   5.3928955022572821E-23   4.9608915682751322E+03
   1.1736770000000000E+09   1.4070677880933860E+06   2.1875253505989382E-11   5.3472622914654475E-23   4.9597432325924756E+03
   1.1756770000000000E+09   1.4111957024547248E+06   2.1685750471672083E-11   5.3021664674334543E-23   4.9585955209899284E+03
   1.1776770000000000E+09   1.4153078490648149E+06   2.1498501412035130E-11   5.2575999862412352E-23   4.9574487533378469E+03
   1.1796770000000000E+09   1.4194043243912535E+06   2.1313473745271079E-11   5.2135549422741939E-23   4.9563032419953697E+03
   1.1816770000000000E+09   1.4234852258145874E+06   2.1130635395935549E-11   5.1700235645696317E-23   4.9551592919462501E+03
   1.1836770000000000E+09   1.4275506519316330E+06   2.0949954783398517E-11   5.1269982133799133E-23   4.9540172009358357E+03
   1.1856770000000000E+09   1.4316007028204808E+06   2.0771400811172173E-11   5.0844713769719896E-23   4.9528772596087538E+03
   1.1876770000000000E+09   1.4356354802580476E+06   2.0594942857176695E-11   5.0424356686779751E-23   4.9517397516471365E+03
   1.1896770000000000E+09   1.4396550878824124E+06   2.0420550764978996E-11   5.0008838242054257E-23   4.9506049539088499E+03
   1.1916770000000000E+09   1.4436596312939653E+06   2.0248194836012093E-11   4.9598086992092109E-23   4.9494731365652779E+03
   1.1936770000000000E+09   1.4476492180915156E+06   2.0077845822752773E-11   4.9192032671195800E-23   4.9483445632381072E+03
   1.1956770000000000E+09   1.4516239578418178E+06   1.9909474922806781E-11   4.8790606172140628E-23   4.9472194911345814E+03
   1.1976770000000000E+09   1.4555839619834416E+06   1.9743053773821443E-11   4.8393739529137728E-23   4.9460981711805307E+03
   1.1996770000000000E+09   1.4595293436682113E+06   1.9578554449124571E-11   4.8001365902791054E-23   4.9449808481508235E+03
   1.2016770000000000E+09   1.4634602175457045E+06   1.9415949453966798E-11   4.7613419566748112E-23   4.9438677607965665E+03
   1.2036770000000000E+09   1.4673766994982539E+06   1.9255211722230969E-11   4.7229835895707594E-23   4.9427591419686387E+03
   1.2056770000000000E+09   1.4712789063354484E+06   1.9096314613465013E-11   4.6850551354428667E-23   4.9416552187371881E+03
   1.2076770000000000E+09   1.4751669554583426E+06   1.8939231910092292E-11   4.6475503487378154E-23   4.9405562125068845E+03
   1.2096770000000000E+09   1.4790409645044110E+06   1.8783937814655214E-11   4.6104630908658182E-23   4.9394623391275272E+03
   1.2116770000000000E+09   1.4829010509845256E+06   1.8630406946959082E-11   4.5737873291877826E-23   4.9383738090001780E+03
   1.2136770000000000E+09   1.4867473319232522E+06   1.8478614340992885E-11   4.5375171359660152E-23   4.9372908271785755E+03
   1.2156770000000000E+09   1.4905799235131757E+06   1.8328535441522778E-11   4.5016466872518584E-23   4.9362135934660055E+03
   1.2176770000000000E+09   1.4943989407930907E+06   1.8180146100272733E-11   4.4661702616881435E-23   4.9351423025079102E+03
   1.2196770000000000E+09   1.4982044973586313E+06   1.8033422571628583E-11   4.4310822392099164E-23   4.9340771438802485E+03
   1.2216770000000000E+09   1.5019967051122806E+06   1.7888341507826810E-11   4.3963770996326716E-23   4.9330183021741241E+03
   1.2236770000000000E+09   1.5057756740578054E+06   1.7744879953613909E-11   4.3620494211235404E-23   4.9319659570769636E+03
   1.2256770000000000E+09   1.5095415121421425E+06   1.7603015340386216E-11   4.3280938785567168E-23   4.9309202834506823E+03
   1.2276770000000000E+09   1.5132943251455277E+06   1.7462725479844769E-11   4.2945052417605811E-23   4.9298814514072274E+03
   1.2296770000000000E+09   1.5170342166186424E+06   1.7323988557219518E-11   4.2612783736687403E-23   4.9288496263820298E+03
   1.2316770000000000E+09   1.5207612878636252E+06   1.7186783124133859E-11   4.2284082283915982E-23   4.9278249692056852E+03
   1.2336770000000000E+09   1.5244756379542516E+06   1.7051088091192475E-11   4.1958898492278952E-23   4.9268076361743642E+03
   1.2356770000000000E+09   1.5281773637895228E+06   1.6916882720380058E-11   4.1637183666371874E-23   4.9257977791191197E+03
   1.2376770000000000E+09   1.5318665601742205E+06   1.6784146617360474E-11   4.1318889961944272E-23   4.9247955454746480E+03
   1.2396770000000000E+09   1.5355433199199792E+06   1.6652859723757805E-11   4.1003970365465551E-23   4.9238010783472637E+03
   1.2416770000000000E+09   1.5392077339605929E+06   1.6523002309495131E-11   4.0692378673890293E-23   4.9228145165826645E+03
   1.2436770000000000E+09   1.5428598914759750E+06   1.6394554965252818E-11   4.0384069474773792E-23   4.9218359948333155E+03
   1.2456770000000000E+09   1.5464998800199614E+06   1.6267498595096085E-11   4.0078998126858613E-23   4.9208656436254441E+03
   1.2476770000000000E+09   1.5501277856479571E+06   1.6141814409310764E-11   3.9777120741224573E-23   4.9199035894258195E+03
   1.2496770000000000E+09   1.5537436930412913E+06   1.6017483917473513E-11   3.9478394163066453E-23   4.9189499547081896E+03
   1.2516770000000000E+09   1.5573476856258728E+06   1.5894488921774337E-11   3.9182775954142298E-23   4.9180048580193270E+03
   1.2536770000000000E+09   1.5609398456833744E+06   1.5772811510601388E-11   3.8890224375914762E-23   4.9170684140447711E+03
   1.2556770000000000E+09   1.5645202544536800E+06   1.5652434052391964E-11   3.8600698373395782E-23   4.9161407336740531E+03
   1.2576770000000000E+09   1.5680889922278372E+06   1.5533339189748485E-11   3.8314157559689134E-23   4.9152219240655268E+03
   1.2596770000000000E+09   1.5716461384310704E+06   1.5415509833814600E-11   3.8030562201219244E-23   4.9143120887106534E+03
   1.2616770000000000E+09   1.5751917716957228E+06   1.5298929158903580E-11   3.7749873203626002E-23   4.9134113274976607E+03
   1.2636770000000000E+09   1.5787259699241708E+06   1.5183580597369774E-11   3.7472052098301691E-23   4.9125197367746177E+03
   1.2656770000000000E+09   1.5822488103418604E+06   1.5069447834712683E-11   3.7197061029543523E-23   4.9116374094118391E+03
   1.2676770000000000E+09   1.5857603695406539E+06   1.4956514804902884E-11   3.6924862742295090E-23   4.9107644348635031E+03
   1.2696770000000000E+09   1.5892607235125809E+06   1.4844765685920438E-11   3.6655420570451839E-23   4.9099008992285508E+03
   1.2716770000000000E+09   1.5927499476740698E+06   1.4734184895495939E-11   3.6388698425705445E-23   4.9090468853108323E+03
   1.2736770000000000E+09   1.5962281168806886E+06   1.4624757087044994E-11   3.6124660786903793E-23   4.9082024726784239E+03
   1.2756770000000000E+09   1.5996953054324167E+06   1.4516467145786818E-11   3.5863272689902582E-23   4.9073677377220893E+03
   1.2776770000000000E+09   1.6031515870694753E+06   1.4409300185037644E-11   3.5604499717883961E-23   4.9065427537129517E+03
   1.2796770000000000E+09   1.6065970349589074E+06   1.4303241542667364E-11   3.5348307992114536E-23   4.9057275908591018E+03
   1.2816770000000000E+09   1.6100317216720509E+06   1.4198276777709914E-11   3.5094664163115711E-23   4.9049223163614697E+03
   1.2836770000000000E+09   1.6134557191532885E+06   1.4094391667113495E-11   3.4843535402214231E-23   4.9041269944685018E+03
   1.2856770000000000E+09   1.6168690986803172E+06   1.3991572202620892E-11   3.4594889393445212E-23   4.9033416865299914E+03
   1.2876770000000000E+09   1.6202719308163682E+06   1.3889804587766216E-11   3.4348694325774678E-23   4.9025664510497791E+03
   1.2896770000000000E+09   1.6236642853546413E+06   1.3789075234977878E-11   3.4104918885614967E-23   4.9018013437373820E+03
   1.2916770000000000E+09   1.6270462312551436E+06   1.3689370762777912E-11   3.3863532249606706E-23   4.9010464175586385E+03
   1.2936770000000000E+09   1.6304178365739377E+06   1.3590677993069359E-11   3.3624504077647382E-23   4.9003017227851424E+03
   1.2956770000000000E+09   1.6337791683845283E+06   1.3492983948506372E-11   3.3387804506151279E-23   4.8995673070425910E+03
   1.2976770000000000E+09   1.6371302926908517E+06   1.3396275849944615E-11   3.3153404141532403E-23   4.8988432153582462E+03
   1.2996770000000000E+09   1.6404712743312821E+06   1.3300541113969333E-11   3.2921274053904470E-23   4.8981294902072677E+03
   1.3016770000000000E+09   1.6438021768732946E+06   1.3205767350499189E-11   3.2691385770988866E-23   4.8974261715584298E+03
   1.3036770000000000E+09   1.6471230624996112E+06   1.3111942360454323E-11   3.2463711272202009E-23   4.8967332969190875E+03
   1.3056770000000000E+09   1.6504339918887685E+06   1.3019054133465171E-11   3.2238222982860212E-23   4.8960509013798410E+03
   1.3076770000000000E+09   1.6537350240969695E+06   1.2927090845570721E-11   3.2014893768374330E-23   4.8953790176588764E+03
   1.3096770000000000E+09   1.6570262164534882E+06   1.2836040856820968E-11   3.1793696928222691E-23   4.8947176761459086E+03
   1.3116770000000000E+09   1.6603076244888231E+06   1.2745892708654568E-11   3.1574606189381805E-23   4.8940669049456974E+03
   1.3136770000000000E+09   1.6635793019222303E+06   1.2656635120876831E-11   3.1357595698786966E-23   4.8934267299201329E+03
   1.3156770000000000E+09   1.6668413007411391E+06   1.2568256988033901E-11   3.1142640014318535E-23   4.8927971747282882E+03
   1.3176770000000000E+09   1.6700936714067115E+06   1.2480747374976535E-11   3.0929714093809770E-23   4.8921782608628509E+03
   1.3196770000000000E+09   1.6733364632137974E+06   1.2394095511462175E-11   3.0718793281702660E-23   4.8915700076821531E+03
   1.3216770000000000E+09   1.6765697248168420E+06   1.2308290785767341E-11   3.0509853293281823E-23   4.8909724324373483E+03
   1.3236770000000000E+09   1.6797935049043337E+06   1.2223322737483502E-11   3.0302870196905623E-23   4.8903855502957749E+03
   1.3256770000000000E+09   1.6830078529651088E+06   1.2139181049929667E-11   3.0097820395283891E-23   4.8898093743641020E+03
   1.3276770000000000E+09   1.6862128200469974E+06   1.2055855542881151E-11   2.9894680607504124E-23   4.8892439157164890E+03
   1.3296770000000000E+09   1.6894084593736148E+06   1.1973336166510480E-11   2.9693427853984359E-23   4.8886891834353301E+03
   1.3316770000000000E+09   1.6925948266738486E+06   1.1891612997459182E-11   2.9494039446600576E-23   4.8881451846707287E+03
   1.3336770000000000E+09   1.6957719801043528E+06   1.1810676237735608E-11   2.9296492985700501E-23   4.8876119247223169E+03
   1.3356770000000000E+09   1.6989399797151287E+06   1.1730516216626457E-11   2.9100766364504704E-23   4.8870894071393332E+03
   1.3376770000000000E+09   1.7020988865138660E+06   1.1651123395100371E-11   2.8906837779682075E-23   4.8865776338268843E+03
   1.3396770000000000E+09   1.7052487613014597E+06   1.1572488371443385E-11   2.8714685745094453E-23   4.8860766051384753E+03
   1.3416770000000000E+09   1.7083896635398059E+06   1.1494601886361150E-11   2.8524289104454202E-23   4.8855863199330752E+03
   1.3436770000000000E+09   1.7115216505325444E+06   1.1417454825763301E-11   2.8335627038540185E-23   4.8851067755818149E+03
   1.3456770000000000E+09   1.7146447771250005E+06   1.1341038220037007E-11   2.8148679063984082E-23   4.8846379679258162E+03
   1.3476770000000000E+09   1.7177590959704267E+06   1.1265343239713289E-11   2.7963425023241946E-23   4.8841798912073009E+03
   1.3496770000000000E+09   1.7208646582153463E+06   1.1190361188674932E-11   2.7779845068367710E-23   4.8837325380131097E+03
   1.3516770000000000E+09   1.7239615143054782E+06   1.1116083496933677E-11   2.7597919643395327E-23   4.8832958992709009E+03
   1.3536770000000000E+09   1.7270497145785172E+06   1.1042501715084071E-11   2.7417629470454888E-23   4.8828699643195496E+03
   1.3556770000000000E+09   1.7301293094198981E+06   1.0969607511702415E-11   2.7238955542865686E-23   4.8824547210409410E+03
   1.3576770000000000E+09   1.7332003489712058E+06   1.0897392673540290E-11   2.7061879125111939E-23   4.8820501560062676E+03
   1.3596770000000000E+09   1.7362628825959770E+06   1.0825849107051163E-11   2.6886381756407609E-23   4.8816562545770348E+03
   1.3616770000000000E+09   1.7393169584105080E+06   1.0754968839282865E-11   2.6712445253168951E-23   4.8812730009214556E+03
   1.3636770000000000E+09   1.7423626231194367E+06   1.0684744016753182E-11   2.6540051706894055E-23   4.8809003779542663E+03
   1.3656770000000000E+09   1.7453999221975037E+06   1.0615166902247918E-11   2.6369183476981439E-23   4.8805383672546932E+03
   1.3676770000000000E+09   1.7484289002529783E+06   1.0546229870717415E-11   2.6199823181027747E-23   4.8801869490322424E+03
   1.3696770000000000E+09   1.7514496013253150E+06   1.0477925405817461E-11   2.6031953686254152E-23   4.8798461021782014E+03
   1.3716770000000000E+09   1.7544620689573553E+06   1.0410246097953173E-11   2.5865558104333416E-23   4.8795158043807596E+03
   1.3736770000000000E+09   1.7574663460676137E+06   1.0343184643500827E-11   2.5700619789179971E-23   4.8791960322366476E+03
   1.3756770000000000E+09   1.7604624747885633E+06   1.0276733844105962E-11   2.5537122335292566E-23   4.8788867612967742E+03
   1.3776770000000000E+09   1.7634504964297451E+06   1.0210886605145024E-11   2.5375049574406062E-23   4.8785879660380451E+03
   1.3796770000000000E+09   1.7664304515900994E+06   1.0145635933336889E-11   2.5214385570141976E-23   4.8782996198113824E+03
   1.3816770000000000E+09   1.7694023803045717E+06   1.0080974934283012E-11   2.5055114612274699E-23   4.8780216948267816E+03
   1.3836770000000000E+09   1.7723663220778625E+06   1.0016896810746910E-11   2.4897221212607671E-23   4.8777541621811852E+03
   1.3856770000000000E+09   1.7753223157212059E+06   9.9533948619085996E-12   2.4740690103479161E-23   4.8774969918456827E+03
   1.3876770000000000E+09   1.7782703989077241E+06   9.8904624835671004E-12   2.4585506239717146E-23   4.8772501524345880E+03
   1.3896770000000000E+09   1.7812106070392868E+06   9.8280931705423950E-12   2.4431654808684422E-23   4.8770136104415378E+03
   1.3916770000000000E+09   1.7841429699768294E+06   9.7662805269093103E-12   2.4279121265499880E-23   4.8767873283005665E+03
   1.3936770000000000E+09   1.7870675025705956E+06   9.7050183007429790E-12   2.4127891441385016E-23   4.8765712599129765E+03
   1.3956770000000000E+09   1.7899841787248212E+06   9.6443004870712069E-12   2.3977951845588763E-23   4.8763653411322157E+03
   1.3976770000000000E+09   1.7928928649044216E+06   9.5841216057010260E-12   2.3829290442156858E-23   4.8761694717161499E+03
   1.3996770000000000E+09   1.7957931613361195E+06   9.5244773923839586E-12   2.3681898502943766E-23   4.8759834866642314E+03
   1.4016770000000000E+09   1.7986840525070946E+06   9.4653663749934638E-12   2.3535774674709508E-23   4.8758071237946897E+03
   1.4036770000000000E+09   1.8015632107962794E+06   9.4067931156807319E-12   2.3390933053715417E-23   4.8756400184872336E+03
   1.4056770000000000E+09   1.8044257763204309E+06   9.3487740604763154E-12   2.3247417270875221E-23   4.8754817978632200E+03
   1.4076770000000000E+09   1.8072625778274969E+06   9.2913463129845605E-12   2.3105320900806445E-23   4.8753323789413498E+03
   1.4096770000000000E+09   1.8100582655496933E+06   9.2345771457414149E-12   2.2964808609462785E-23   4.8751925109893946E+03
   1.4116770000000000E+09   1.8127908140667914E+06   9.1785669232885261E-12   2.2826121068880446E-23   4.8750643054462007E+03
   1.4136770000000000E+09   1.8154348975455007E+06   9.1234323722252854E-12   2.2689534786151227E-23   4.8749509691912426E+03
   1.4156770000000000E+09   1.8179712320195134E+06   9.0692588627896948E-12   2.2555253060799797E-23   4.8748547527405362E+03
   1.4176770000000000E+09   1.8204000427959135E+06   9.0160313384940775E-12   2.2423250125648943E-23   4.8747734543480137E+03
   1.4196770000000000E+09   1.8227499476851930E+06   8.9635912229848330E-12   2.2293170050647862E-23   4.8746989538324842E+03
   1.4216770000000000E+09   1.8250711779494223E+06   8.9116795076654084E-12   2.2164409285156284E-23   4.8746224537326998E+03
   1.4236770000000000E+09   1.8274140933903777E+06   8.8600572842519931E-12   2.2036371789233876E-23   4.8745443390877617E+03
   1.4256770000000000E+09   1.8298144054937479E+06   8.8085787205827029E-12   2.1908646706562995E-23   4.8744753005960920E+03
   1.4276770000000000E+09   1.8323045356885130E+06   8.7571077461788084E-12   2.1780878635492860E-23   4.8744192972771334E+03
   1.4296770000000000E+09   1.8349359834087193E+06   8.7053604702169633E-12   2.1652500483854983E-23   4.8743452649875471E+03
   1.4316770000000000E+09   1.8377231792034423E+06   8.6532207607095560E-12   2.1523380148004553E-23   4.8742173761932372E+03
   1.4336770000000000E+09   1.8411440731458399E+06   8.5965990759227864E-12   2.1387990123107215E-23   4.8729761324230058E+03
   1.4356770000000000E+09   1.8412782678886463E+06   8.5601646178494481E-12   2.1291697053866885E-23   4.8742682296434205E+03
   6.5767700000000000E+08  -5.0204142577002258E+03   1.2585064706935772E-15   7.2358904016807420E-26   8.3732805664137970E+02
   6.5967700000000000E+08  -5.4571094799862194E+03   2.5162336845638108E-15   1.4111787153228807E-25   8.5842256526500137E+02
   6.6167700000000000E+08  -5.9600704375544492E+03   5.0922528777538378E-15   2.7845645870178289E-25   8.8040973791554575E+02
   6.6367700000000000E+08  -6.4266638363511192E+03   1.1036992413084634E-14   5.8601435392051177E-25   9.0672306022239400E+02
   6.6567700000000000E+08  -6.3815388631730011E+03   2.6594565846887095E-14   1.3748463459679536E-24   9.3125992008626213E+02
   6.6767700000000000E+08  -5.5828041366219231E+03   6.5785708078384469E-14   3.3337413589602873E-24   9.5001797254063365E+02
   6.6967700000000000E+08  -4.5054753597408799E+03   1.4812482277138713E-13   7.3478707844130650E-24   9.7050662451715516E+02
   6.7167700000000000E+08  -3.4634905119743094E+03   2.8801065240304568E-13   1.3878484897032541E-23   9.9907631811012971E+02
   6.7367700000000000E+08  -2.4523427795549042E+03   4.8545500478319156E-13   2.2504914761053082E-23   1.0384934968909195E+03
   6.7567700000000000E+08  -1.2998352373515299E+03   7.2711041465268459E-13   3.2041729716402144E-23   1.0924877688253996E+03
   6.7767700000000000E+08   1.0953097837022531E+02   9.9450904113753020E-13   4.1002066395697866E-23   1.1677104370654470E+03
   6.7967700000000000E+08   1.7346385137093898E+03   1.2700208487796244E-12   4.8195895524336398E-23   1.2686241280692013E+03
   6.8167700000000000E+08   3.4737670937999123E+03   1.5384676937818445E-12   5.3171771224558521E-23   1.3929624980511012E+03
   6.8367700000000000E+08   5.2810058017639903E+03   1.7879289651282606E-12   5.6207203074229926E-23   1.5314063942843663E+03
   6.8567700000000000E+08   7.1982280615566679E+03   2.0114555631907029E-12   5.7861024360658692E-23   1.6736186063497576E+03
   6.8767700000000000E+08   9.2813863870451041E+03   2.2074200422213477E-12   5.8672853566851150E-23   1.8112564353943194E+03
   6.8967700000000000E+08   1.1560096207566832E+04   2.3752045866336431E-12   5.8937078800883197E-23   1.9401914558854025E+03
   6.9167700000000000E+08   1.4022633790942793E+04   2.5159680636853013E-12   5.8825582078323797E-23   2.0590697660598248E+03
   6.9367700000000000E+08   1.6642447547225951E+04   2.6319845360728170E-12   5.8452220434921561E-23   2.1677764339637101E+03
   6.9567700000000000E+08   1.9389682546358879E+04   2.7258710475736218E-12   5.7890861791765744E-23   2.2668744262435030E+03
   6.9767700000000000E+08   2.2234197040254614E+04   2.8001999892748789E-12   5.7190745697539762E-23   2.3571947286394711E+03
   6.9967700000000000E+08   2.5147317275298123E+04   2.8573166777096945E-12   5.6385538389914254E-23   2.4396235408552438E+03
   7.0167700000000000E+08   2.8101868815686888E+04   2.8992780041824867E-12   5.5498780925962052E-23   2.5150034663637302E+03
   7.0367700000000000E+08   3.1071969865085292E+04   2.9278510803219683E-12   5.4547249947749803E-23   2.5840939194444577E+03
   7.0567700000000000E+08   3.4032901398668757E+04   2.9445408823295993E-12   5.3543134637049549E-23   2.6475609469015794E+03
   7.0767700000000000E+08   3.6961139664634917E+04   2.9506293990829681E-12   5.2495509802951023E-23   2.7059805986161532E+03
   7.0967700000000000E+08   3.9834541372149499E+04   2.9472167742720203E-12   5.1411364669919113E-23   2.7598477170600422E+03
   7.1167700000000000E+08   4.2632637436814177E+04   2.9352596979293755E-12   5.0296335475679801E-23   2.8095861825644706E+03
   7.1367700000000000E+08   4.5337003001318059E+04   2.9156050716744851E-12   4.9155231769941956E-23   2.8555588813743389E+03
   7.1567700000000000E+08   4.7931686265853139E+04   2.8890186025515700E-12   4.7992415892243497E-23   2.8980768432325885E+03
   7.1767700000000000E+08   5.0403685147863282E+04   2.8562087570122719E-12   4.6812076523950713E-23   2.9374075777976450E+03
   7.1967700000000000E+08   5.2743449625375608E+04   2.8178466347991178E-12   4.5618423219784640E-23   2.9737828546280148E+03
   7.2167700000000000E+08   5.4945361449213393E+04   2.7745819877275308E-12   4.4415816514697480E-23   3.0074061471288387E+03
   7.2367700000000000E+08   5.7008112400708029E+04   2.7270550784485082E-12   4.3208837952713615E-23   3.0384597920124770E+03
   7.2567700000000000E+08   5.8934883923443827E+04   2.6759036701729302E-12   4.2002298203866203E-23   3.0671116959961273E+03
   7.2767700000000000E+08   6.0733239606262825E+04   2.6217644399012072E-12   4.0801181272191815E-23   3.0935212426436779E+03
   7.2967700000000000E+08   6.2414682684865867E+04   2.5652686253475189E-12   3.9610528843477703E-23   3.1178439855666065E+03
   7.3167700000000000E+08   6.3993894283625807E+04   2.5070326174247607E-12   3.8435278718318297E-23   3.1402347877582588E+03
   7.3367700000000000E+08   6.5487734200067629E+04   2.4476451663433820E-12   3.7280080796020026E-23   3.1608492572436326E+03
   7.3567700000000000E+08   6.6914132518751227E+04   2.3876535076327314E-12   3.6149119009092343E-23   3.1798435737385612E+03
   7.3767700000000000E+08   6.8291013487979115E+04   2.3275507971794750E-12   3.5045965747806039E-23   3.1973730247591143E+03
   7.3967700000000000E+08   6.9635372607082274E+04   2.2677667669871094E-12   3.3973487328624113E-23   3.2135897140356506E+03
   7.4167700000000000E+08   7.0962584823554789E+04   2.2086626758043414E-12   3.2933807855115524E-23   3.2286399449300893E+03
   7.4367700000000000E+08   7.2285971881816629E+04   2.1505307176458863E-12   3.1928327952767945E-23   3.2426617259146301E+03
   7.4567700000000000E+08   7.3616613812412848E+04   2.0935973114100275E-12   3.0957787021649248E-23   3.2557827261617476E+03
   7.4767700000000000E+08   7.4963360946672503E+04   2.0380292547672821E-12   3.0022353933564990E-23   3.2681188663660000E+03
   7.4967700000000000E+08   7.6332990073203415E+04   1.9839415922171419E-12   2.9121731123790828E-23   3.2797735967998074E+03
   7.5167700000000000E+08   7.7730448499649079E+04   1.9314061470524666E-12   2.8255259570985147E-23   3.2908378124224469E+03
   7.5367700000000000E+08   7.9159138131849992E+04   1.8804598978715692E-12   2.7422015835869311E-23   3.3013902913191323E+03
   7.5567700000000000E+08   8.0621203669756578E+04   1.8311126508949018E-12   2.6620896034106607E-23   3.3114985152477029E+03
   7.5767700000000000E+08   8.2117801250660821E+04   1.7833537075371760E-12   2.5850684691364451E-23   3.3212197312346643E+03
   7.5967700000000000E+08   8.3649334354398699E+04   1.7371574212226940E-12   2.5110108615858878E-23   3.3306021308861027E+03
   7.6167700000000000E+08   8.5215651710371880E+04   1.6924876707457314E-12   2.4397877251240658E-23   3.3396860502567883E+03
   7.6367700000000000E+08   8.6816207292283914E+04   1.6493013561206004E-12   2.3712711608292617E-23   3.3485051209595540E+03
   7.6567700000000000E+08   8.8450185653138702E+04   1.6075510594748201E-12   2.3053364026197903E-23   3.3570873284436552E+03
   7.6767700000000000E+08   9.0116597388512746E+04   1.5671870215181139E-12   2.2418630872861030E-23   3.3654559539358938E+03
   7.6967700000000000E+08   9.1814349951047770E+04   1.5281585749113301E-12   2.1807360005013684E-23   3.3736303918731587E+03
   7.7167700000000000E+08   9.3542298809491156E+04   1.4904151579853194E-12   2.1218454471464411E-23   3.3816268451459855E+03
   7.7367700000000000E+08   9.5299283370878431E+04   1.4539070114199407E-12   2.0650873615934104E-23   3.3894589069557724E+03
   7.7567700000000000E+08   9.7084151377839720E+04   1.4185856400944599E-12   2.0103632449279601E-23   3.3971380415257304E+03
   7.7767700000000000E+08   9.8895774783132350E+04   1.3844041041270448E-12   1.9575799925356578E-23   3.4046739771947537E+03
   7.7967700000000000E+08   1.0073305945887807E+05   1.3513171878264152E-12   1.9066496570055508E-23   3.4120750253090546E+03
   7.8167700000000000E+08   1.0259495054799489E+05   1.3192814829372201E-12   1.8574891773274354E-23   3.4193483373797649E+03
   7.8367700000000000E+08   1.0448043481521631E+05   1.2882554129065092E-12   1.8100200950977289E-23   3.4265001116017247E+03
   7.8567700000000000E+08   1.0638854099835071E+05   1.2581992175195109E-12   1.7641682710999461E-23   3.4335357583039277E+03
   7.8767700000000000E+08   1.0831833888404710E+05   1.2290749117216323E-12   1.7198636104893016E-23   3.4404600323948243E+03
   7.8967700000000000E+08   1.1026893762248402E+05   1.2008462283607287E-12   1.6770398013012703E-23   3.4472771394729280E+03
   7.9167700000000000E+08   1.1223948363860162E+05   1.1734785516104243E-12   1.6356340686644188E-23   3.4539908210415092E+03
   7.9367700000000000E+08   1.1422915838199799E+05   1.1469388456971839E-12   1.5955869455842164E-23   3.4606044232102995E+03
   7.9567700000000000E+08   1.1623717607395780E+05   1.1211955820314338E-12   1.5568420602180278E-23   3.4671209523825728E+03
   7.9767700000000000E+08   1.1826278155016075E+05   1.0962186667730547E-12   1.5193459390024753E-23   3.4735431206981784E+03
   7.9967700000000000E+08   1.2030524825556700E+05   1.0719793701171303E-12   1.4830478246905642E-23   3.4798733834124296E+03
   8.0167700000000000E+08   1.2236387641909283E+05   1.0484502580738159E-12   1.4478995082164048E-23   3.4861139699173068E+03
   8.0367700000000000E+08   1.2443799141613740E+05   1.0256051271709617E-12   1.4138551732718397E-23   3.4922669097348698E+03
   8.0567700000000000E+08   1.2652694231459170E+05   1.0034189422768479E-12   1.3808712525049078E-23   3.4983340545164247E+03
   8.0767700000000000E+08   1.2863010059215190E+05   9.8186777759081577E-13   1.3489062943121881E-23   3.5043170968486475E+03
   8.0967700000000000E+08   1.3074685900847128E+05   9.6092876075427320E-13   1.3179208392745947E-23   3.5102175864872679E+03
   8.1167700000000000E+08   1.3287663061354303E+05   9.4058001997739025E-13   1.2878773053705735E-23   3.5160369444988351E+03
   8.1367700000000000E+08   1.3501884787325209E+05   9.2080063404362080E-13   1.2587398811827300E-23   3.5217764756831325E+03
   8.1567700000000000E+08   1.3717296189345737E+05   9.0157058503771929E-13   1.2304744263918662E-23   3.5274373795658203E+03
   8.1767700000000000E+08   1.3933844172498037E+05   8.8287071363709471E-13   1.2030483789241220E-23   3.5330207601872489E+03
   8.1967700000000000E+08   1.4151477373329570E+05   8.6468267680680564E-13   1.1764306681812029E-23   3.5385276348647444E+03
   8.2167700000000000E+08   1.4370146101829657E+05   8.4698890774333877E-13   1.1505916338415500E-23   3.5439589420685679E+03
   8.2367700000000000E+08   1.4589802287117264E+05   8.2977257791993330E-13   1.1255029497723817E-23   3.5493155485234429E+03
   8.2567700000000000E+08   1.4810399425728724E+05   8.1301756109476434E-13   1.1011375526382914E-23   3.5545982556263425E+03
   8.2767700000000000E+08   1.5031892531556671E+05   7.9670839915422088E-13   1.0774695748353141E-23   3.5598078052547271E+03
   8.2967700000000000E+08   1.5254238086688850E+05   7.8083026967376775E-13   1.0544742814168147E-23   3.5649448850275971E+03
   8.3167700000000000E+08   1.5477393992562994E+05   7.6536895509088116E-13   1.0321280107137664E-23   3.5700101330724588E+03
   8.3367700000000000E+08   1.5701319521045283E+05   7.5031081339577806E-13   1.0104081183840352E-23   3.5750041423447306E+03
   8.3567700000000000E+08   1.5925975265205788E+05   7.3564275025775901E-13   9.8929292465608766E-24   3.5799274645412006E+03
   8.3767700000000000E+08   1.6151323089739250E+05   7.2135219251598234E-13   9.6876166455980302E-24   3.5847806136456516E+03
   8.3967700000000000E+08   1.6377326081129600E+05   7.0742706297423053E-13   9.4879444096236552E-24   3.5895640691421459E+03
   8.4167700000000000E+08   1.6603948497787252E+05   6.9385575644883123E-13   9.2937218024956842E-24   3.5942782789296325E+03
   8.4367700000000000E+08   1.6831155720501367E+05   6.8062711702684077E-13   9.1047659051191412E-24   3.5989236619698586E+03
   8.4567700000000000E+08   1.7058914203621930E+05   6.6773041649812080E-13   8.9209012211107376E-24   3.6035006106992805E+03
   8.4767700000000000E+08   1.7287191427441227E+05   6.5515533392898631E-13   8.7419593051439358E-24   3.6080094932342440E+03
   8.4967700000000000E+08   1.7515955852240676E+05   6.4289193634785939E-13   8.5677784129492059E-24   3.6124506553970928E+03
   8.5167700000000000E+08   1.7745176874461205E+05   6.3093066051316992E-13   8.3982031719972662E-24   3.6168244225891199E+03
   8.5367700000000000E+08   1.7974824785387309E+05   6.1926229573260020E-13   8.2330842719295320E-24   3.6211311015340561E+03
   8.5567700000000000E+08   1.8204870732668604E+05   6.0787796769928975E-13   8.0722781738011441E-24   3.6253709819134970E+03
   8.5767700000000000E+08   1.8435286684897405E+05   5.9676912330654024E-13   7.9156468371922301E-24   3.6295443379129524E+03
   8.5967700000000000E+08   1.8666045399354902E+05   5.8592751639755215E-13   7.7630574642180218E-24   3.6336514296942692E+03
   8.6167700000000000E+08   1.8897120392927589E+05   5.7534519440166769E-13   7.6143822594395268E-24   3.6376925048072985E+03
   8.6367700000000000E+08   1.9128485916095486E+05   5.6501448580361129E-13   7.4694982046460712E-24   3.6416677995506175E+03
   8.6567700000000000E+08   1.9360116929784938E+05   5.5492798838870458E-13   7.3282868474670996E-24   3.6455775402882923E+03
   8.6767700000000000E+08   1.9591989084819093E+05   5.4507855820375175E-13   7.1906341027570702E-24   3.6494219447269170E+03
   8.6967700000000000E+08   1.9824078703643577E+05   5.3545929917187217E-13   7.0564300657051727E-24   3.6532012231549347E+03
   8.7167700000000000E+08   2.0056362763952027E+05   5.2606355330018600E-13   6.9255688356541058E-24   3.6569155796441155E+03
   8.7367700000000000E+08   2.0288818883857693E+05   5.1688489142010031E-13   6.7979483496442331E-24   3.6605652132116061E+03
   8.7567700000000000E+08   2.0521425308231529E+05   5.0791710440395195E-13   6.6734702247708572E-24   3.6641503189397354E+03
   8.7767700000000000E+08   2.0754160895888470E+05   4.9915419480523431E-13   6.5520396085037822E-24   3.6676710890501622E+03
   8.7967700000000000E+08   2.0987005107312076E+05   4.9059036887571251E-13   6.4335650362120543E-24   3.6711277139285703E+03
   8.8167700000000000E+08   2.1219937992682966E+05   4.8222002891808421E-13   6.3179582952185904E-24   3.6745203830961727E+03
   8.8367700000000000E+08   2.1452940180017552E+05   4.7403776593946645E-13   6.2051342948059573E-24   3.6778492861247491E+03
   8.8567700000000000E+08   2.1685992863300710E+05   4.6603835257696251E-13   6.0950109416812690E-24   3.6811146134924375E+03
   8.8767700000000000E+08   2.1919077790603816E+05   4.5821673627204208E-13   5.9875090204866887E-24   3.6843165573784431E+03
   8.8967700000000000E+08   2.2152177252370355E+05   4.5056803267474150E-13   5.8825520790035276E-24   3.6874553123960372E+03
   8.9167700000000000E+08   2.2385274070476388E+05   4.4308751926033819E-13   5.7800663177235376E-24   3.6905310762651029E+03
   8.9367700000000000E+08   2.2618351589647267E+05   4.3577062913762147E-13   5.6799804834164673E-24   3.6935440504290164E+03
   8.9567700000000000E+08   2.2851393674974600E+05   4.2861294501453379E-13   5.5822257661458611E-24   3.6964944406277814E+03
   8.9767700000000000E+08   2.3084384723764111E+05   4.2161019325593949E-13   5.4867356987690439E-24   3.6993824574541754E+03
   8.9967700000000000E+08   2.3317309708439125E+05   4.1475823790874863E-13   5.3934460571537105E-24   3.7022083169497409E+03
   9.0167700000000000E+08   2.3550154281258248E+05   4.0805307447363537E-13   5.3022947580395940E-24   3.7049722413537474E+03
   9.0367700000000000E+08   2.3782904990037344E+05   4.0149082308556435E-13   5.2132217498603890E-24   3.7076744602133463E+03
   9.0567700000000000E+08   2.4015549667670834E+05   3.9506772070173311E-13   5.1261688908915137E-24   3.7103152121987168E+03
   9.0767700000000000E+08   2.4248078040913594E+05   3.8878011207788788E-13   5.0410798113481803E-24   3.7128947481084469E+03
   9.0967700000000000E+08   2.4480482506838627E+05   3.8262444007678386E-13   4.9578997659915050E-24   3.7154133355813224E+03
   9.1167700000000000E+08   2.4712758791571693E+05   3.7659723754547191E-13   4.8765755061709084E-24   3.7178712657138626E+03
   9.1367700000000000E+08   2.4944905832446943E+05   3.7069512553286021E-13   4.7970552341730010E-24   3.7202688607900759E+03
   9.1567700000000000E+08   2.5176923886186528E+05   3.6491482463954834E-13   4.7192887307838881E-24   3.7226064804629395E+03
   9.1767700000000000E+08   2.5408810027896886E+05   3.5925318451378129E-13   4.6432277260246766E-24   3.7248845214114895E+03
   9.1967700000000000E+08   2.5640551493364605E+05   3.5370722678777033E-13   4.5688264578380921E-24   3.7271034043614518E+03
   9.2167700000000000E+08   2.5872119879031560E+05   3.4827417863958336E-13   4.4960421258401938E-24   3.7292635451573287E+03
   9.2367700000000000E+08   2.6103471551919513E+05   3.4295145842652055E-13   4.4248347348071822E-24   3.7313653153557730E+03
   9.2567700000000000E+08   2.6334558625539445E+05   3.3773658321341565E-13   4.3551659194727804E-24   3.7334090100510980E+03
   9.2767700000000000E+08   2.6565347660307819E+05   3.3262702166848663E-13   4.2869970307741440E-24   3.7353948467799437E+03
   9.2967700000000000E+08   2.6795833554263861E+05   3.2762008366924073E-13   4.2202876536997498E-24   3.7373230069284541E+03
   9.3167700000000000E+08   2.7026035579384456E+05   3.2271295395593608E-13   4.1549959632303578E-24   3.7391937003338194E+03
   9.3367700000000000E+08   2.7255974569877365E+05   3.1790290475603033E-13   4.0910814114854229E-24   3.7410072092126320E+03
   9.3567700000000000E+08   2.7485648637583735E+05   3.1318750661140737E-13   4.0285074474286336E-24   3.7427638770214403E+03
   9.3767700000000000E+08   2.7715033512481058E+05   3.0856455101908884E-13   3.9672405678754415E-24   3.7444640547660047E+03
   9.3967700000000000E+08   2.7944110201507568E+05   3.0403180954372284E-13   3.9072472489141950E-24   3.7461080626527778E+03
   9.4167700000000000E+08   2.8172885158715135E+05   2.9958716581533895E-13   3.8484956147721444E-24   3.7476962077766730E+03
   9.4367700000000000E+08   2.8401376069053565E+05   2.9522911677285890E-13   3.7909618209218993E-24   3.7492288264275758E+03
   9.4567700000000000E+08   2.8629578833159321E+05   2.9095686752703998E-13   3.7346312461805079E-24   3.7507062902862704E+03
   9.4767700000000000E+08   2.8857446455366630E+05   2.8676957203525075E-13   3.6794887756178754E-24   3.7521289603760611E+03
   9.4967700000000000E+08   2.9084891592991253E+05   2.8266519318885918E-13   3.6255042397887787E-24   3.7534971217290631E+03
   9.5167700000000000E+08   2.9311806573049049E+05   2.7863993771066077E-13   3.5726252299085475E-24   3.7548109381254608E+03
   9.5367700000000000E+08   2.9538223779408907E+05   2.7468930839636740E-13   3.5207906246884396E-24   3.7560704348291979E+03
   9.5567700000000000E+08   2.9764301220241870E+05   2.7081058849728328E-13   3.4699621782464269E-24   3.7572757602539750E+03
   9.5767700000000000E+08   2.9990091857873008E+05   2.6700293143744138E-13   3.4201254588183183E-24   3.7584273779921127E+03
   9.5967700000000000E+08   3.0215570188933890E+05   2.6326548149491197E-13   3.3712659698550887E-24   3.7595258359382751E+03
   9.6167700000000000E+08   3.0440718944146531E+05   2.5959700404338668E-13   3.3233645301372575E-24   3.7605716400373694E+03
   9.6367700000000000E+08   3.0665526522312773E+05   2.5599610132358050E-13   3.2764000129400067E-24   3.7615652801532287E+03
   9.6567700000000000E+08   3.0889984962417599E+05   2.5246131865232460E-13   3.2303506968748765E-24   3.7625072366536951E+03
   9.6767700000000000E+08   3.1114088413306978E+05   2.4899119171367335E-13   3.1851948615160517E-24   3.7633979867366766E+03
   9.6967700000000000E+08   3.1337832055015187E+05   2.4558426963735683E-13   3.1409110754289687E-24   3.7642380078147994E+03
   9.7167700000000000E+08   3.1561211064053170E+05   2.4223913028201788E-13   3.0974783861258609E-24   3.7650277788760286E+03
   9.7367700000000000E+08   3.1784219612755947E+05   2.3895439212801501E-13   3.0548764681540319E-24   3.7657677799986823E+03
   9.7567700000000000E+08   3.2006850043836777E+05   2.3572872271148055E-13   3.0130857281976914E-24   3.7664584902723914E+03
   9.7767700000000000E+08   3.2229092461690388E+05   2.3256084197881996E-13   2.9720873460729499E-24   3.7671003846029789E+03
   9.7967700000000000E+08   3.2450934991493582E+05   2.2944951912225109E-13   2.9318632326147070E-24   3.7676939302119335E+03
   9.8167700000000000E+08   3.2672364734529098E+05   2.2639356344731647E-13   2.8923959107350107E-24   3.7682395839274036E+03
   9.8367700000000000E+08   3.2893369115921186E+05   2.2339181234335306E-13   2.8536683582617364E-24   3.7687377912545703E+03
   9.8567700000000000E+08   3.3113937157555489E+05   2.2044312044764932E-13   2.8156638646501531E-24   3.7691889876140331E+03
   9.8767700000000000E+08   3.3334060300059395E+05   2.1754635305317747E-13   2.7783659408830535E-24   3.7695936013873447E+03
   9.8967700000000000E+08   3.3553732617221551E+05   2.1470038475079986E-13   2.7417582958833931E-24   3.7699520579065174E+03
   9.9167700000000000E+08   3.3772950488823990E+05   2.1190410231651618E-13   2.7058248674966349E-24   3.7702647834063009E+03
   9.9367700000000000E+08   3.3991711958280287E+05   2.0915640950575114E-13   2.6705498786845493E-24   3.7705322081685804E+03
   9.9567700000000000E+08   3.4210016054418514E+05   2.0645623103641186E-13   2.6359178844059339E-24   3.7707547685000886E+03
   9.9767700000000000E+08   3.4427862332467595E+05   2.0380251353555804E-13   2.6019137806238019E-24   3.7709329076648905E+03
   9.9967700000000000E+08   3.4645251307301689E+05   2.0119421904931323E-13   2.5685227183060704E-24   3.7710670771002578E+03
   1.0016770000000000E+09   3.4862197975415707E+05   1.9863022554057423E-13   2.5357288234890602E-24   3.7711577475824406E+03
   1.0036770000000000E+09   3.5078927673672111E+05   1.9610793360880202E-13   2.5034973995332995E-24   3.7712054238224223E+03
   1.0056770000000000E+09   3.5296260573094152E+05   1.9362065288964042E-13   2.4717414301095898E-24   3.7712108444202195E+03
   1.0076770000000000E+09   3.5514795137747796E+05   1.9116355630568898E-13   2.4403969965680977E-24   3.7711759047842411E+03
   1.0096770000000000E+09   3.5734156928903662E+05   1.8873906941435372E-13   2.4094923708315969E-24   3.7711032631560297E+03
   1.0116770000000000E+09   3.5953703832133976E+05   1.8635399938347458E-13   2.3791121963282633E-24   3.7709950746763366E+03
   1.0136770000000000E+09   3.6171154730724508E+05   1.8401747199587377E-13   2.3493721880409468E-24   3.7708513087133060E+03
   1.0156770000000000E+09   3.6386141391519632E+05   1.8173240971285575E-13   2.3203079275706879E-24   3.7706735301757758E+03
   1.0176770000000000E+09   3.6600162188226345E+05   1.7948802313836452E-13   2.2917828329347558E-24   3.7704586581286208E+03
   1.0196770000000000E+09   3.6813553656289261E+05   1.7728146684315029E-13   2.2637596756265726E-24   3.7702069334279608E+03
   1.0216770000000000E+09   3.7026401913254370E+05   1.7511149788795090E-13   2.2362217539608238E-24   3.7699185377046847E+03
   1.0236770000000000E+09   3.7238731024622475E+05   1.7297726461949350E-13   2.2091572993529650E-24   3.7695938113676675E+03
   1.0256770000000000E+09   3.7450547054375848E+05   1.7087803144393028E-13   2.1825560327777114E-24   3.7692331401393817E+03
   1.0276770000000000E+09   3.7661850708947750E+05   1.6881309544832742E-13   2.1564081179935106E-24   3.7688369244830724E+03
   1.0296770000000000E+09   3.7872641909439943E+05   1.6678175624950788E-13   2.1307037803949491E-24   3.7684055712311824E+03
   1.0316770000000000E+09   3.8082921656474040E+05   1.6478330804830264E-13   2.1054332052443718E-24   3.7679394919713500E+03
   1.0336770000000000E+09   3.8292693047634425E+05   1.6281703945647035E-13   2.0805865337842520E-24   3.7674391038177068E+03
   1.0356770000000000E+09   3.8501962639115215E+05   1.6088223143105427E-13   2.0561538346244839E-24   3.7669048312296495E+03
   1.0376770000000000E+09   3.8710742685731454E+05   1.5897814939268650E-13   2.0321250001411535E-24   3.7663371091200911E+03
   1.0396770000000000E+09   3.8919053513499099E+05   1.5710403396339880E-13   2.0084896240707828E-24   3.7657363881654387E+03
   1.0416770000000000E+09   3.9126924138650269E+05   1.5525910110177875E-13   1.9852369981261022E-24   3.7651031423827071E+03
   1.0436770000000000E+09   3.9334389394501073E+05   1.5344256076430067E-13   1.9623563456456062E-24   3.7644378769550126E+03
   1.0456770000000000E+09   3.9541483471872692E+05   1.5165365340637185E-13   1.9398372857449168E-24   3.7637411325334447E+03
   1.0476770000000000E+09   3.9748231841099355E+05   1.4989169246290012E-13   1.9176703782453150E-24   3.7630134824524225E+03
   1.0496770000000000E+09   3.9954644570251583E+05   1.4815609630994473E-13   1.8958475387412654E-24   3.7622555217063950E+03
   1.0516770000000000E+09   4.0160713462538895E+05   1.4644639773559044E-13   1.8743621691026579E-24   3.7614678498025255E+03
   1.0536770000000000E+09   4.0366413723235263E+05   1.4476222894618452E-13   1.8532089753798672E-24   3.7606510519015760E+03
   1.0556770000000000E+09   4.0571709110201674E+05   1.4310328941392912E-13   1.8323835638559004E-24   3.7598056829532470E+03
   1.0576770000000000E+09   4.0776558560249850E+05   1.4146930818874720E-13   1.8118819623134463E-24   3.7589322580312678E+03
   1.0596770000000000E+09   4.0980922317574569E+05   1.3986001114096811E-13   1.7917002002262229E-24   3.7580312497922359E+03
   1.0616770000000000E+09   4.1184766295553703E+05   1.3827509917448545E-13   1.7718340260750623E-24   3.7571030919882310E+03
   1.0636770000000000E+09   4.1388064281446900E+05   1.3671423857139060E-13   1.7522787780854348E-24   3.7561481868619039E+03
   1.0656770000000000E+09   4.1590798270236870E+05   1.3517706119326343E-13   1.7330293806677352E-24   3.7551669140949894E+03
   1.0676770000000000E+09   4.1792957545548247E+05   1.3366317082566237E-13   1.7140804200413181E-24   3.7541596394643016E+03
   1.0696770000000000E+09   4.1994537154999183E+05   1.3217215210402364E-13   1.6954262539837820E-24   3.7531267220917443E+03
   1.0716770000000000E+09   4.2195536280330626E+05   1.3070357944170259E-13   1.6770611228203121E-24   3.7520685198558867E+03
   1.0736770000000000E+09   4.2395956802405260E+05   1.2925702452982039E-13   1.6589792432184822E-24   3.7509853930132595E+03
   1.0756770000000000E+09   4.2595802186802134E+05   1.2783206190708207E-13   1.6411748781243082E-24   3.7498777063346602E+03
   1.0776770000000000E+09   4.2795076698857575E+05   1.2642827268021540E-13   1.6236423836162664E-24   3.7487458301432243E+03
   1.0796770000000000E+09   4.2993784896690369E+05   1.2504524674889359E-13   1.6063762369893933E-24   3.7475901406155099E+03
   1.0816770000000000E+09   4.3191931331532681E+05   1.2368258395198737E-13   1.5893710512440724E-24   3.7464110196331035E+03
   1.0836770000000000E+09   4.3389520388813253E+05   1.2233989450395062E-13   1.5726215805927451E-24   3.7452088543898249E+03
   1.0856770000000000E+09   4.3586556217367057E+05   1.2101679900168877E-13   1.5561227205077435E-24   3.7439840368881551E+03
   1.0876770000000000E+09   4.3783042709573085E+05   1.1971292819390131E-13   1.5398695047318190E-24   3.7427369634049223E+03
   1.0896770000000000E+09   4.3978983508301195E+05   1.1842792263373555E-13   1.5238571007807083E-24   3.7414680339699780E+03
   1.0916770000000000E+09   4.4174382026142720E+05   1.1716143228526664E-13   1.5080808048337041E-24   3.7401776518788843E+03
   1.0936770000000000E+09   4.4369241468821833E+05   1.1591311612180858E-13   1.4925360364977935E-24   3.7388662232473830E+03
   1.0956770000000000E+09   4.4563564858607098E+05   1.1468264173491791E-13   1.4772183336885489E-24   3.7375341566085408E+03
   1.0976770000000000E+09   4.4757355055844394E+05   1.1346968496231622E-13   1.4621233477358960E-24   3.7361818625499618E+03
   1.0996770000000000E+09   4.4950614777939155E+05   1.1227392953771607E-13   1.4472468387559638E-24   3.7348097533872924E+03
   1.1016770000000000E+09   4.5143346615715139E+05   1.1109506676315279E-13   1.4325846712996317E-24   3.7334182428698318E+03
   1.1036770000000000E+09   4.5335553047355963E+05   1.0993279520341037E-13   1.4181328102750603E-24   3.7320077459143895E+03
   1.1056770000000000E+09   4.5527236450211040E+05   1.0878682040183868E-13   1.4038873171374721E-24   3.7305786783639019E+03
   1.1076770000000000E+09   4.5718399110761209E+05   1.0765685461670440E-13   1.3898443463371626E-24   3.7291314567677650E+03
   1.1096770000000000E+09   4.5909043233007588E+05   1.0654261657713386E-13   1.3760001420153542E-24   3.7276664981812519E+03
   1.1116770000000000E+09   4.6099170945510699E+05   1.0544383125758576E-13   1.3623510349357369E-24   3.7261842199817615E+03
   1.1136770000000000E+09   4.6288784307252138E+05   1.0436022966971340E-13   1.3488934396383082E-24   3.7246850396999434E+03
   1.1156770000000000E+09   4.6477885312445957E+05   1.0329154867037366E-13   1.3356238518006390E-24   3.7231693748639836E+03
   1.1176770000000000E+09   4.6666475894396979E+05   1.0223753078443717E-13   1.3225388457902267E-24   3.7216376428554927E+03
   1.1196770000000000E+09   4.6854557928454719E+05   1.0119792404104461E-13   1.3096350723913049E-24   3.7200902607756593E+03
   1.1216770000000000E+09   4.7042133234085079E+05   1.0017248182193898E-13   1.2969092566892063E-24   3.7185276453203560E+03
   1.1236770000000000E+09   4.7229203576063109E+05   9.9160962720513499E-14   1.2843581960953823E-24   3.7169502126629918E+03
   1.1256770000000000E+09   4.7415770664776431E+05   9.8163130410258688E-14   1.2719787584966567E-24   3.7153583783439699E+03
   1.1276770000000000E+09   4.7601836155639880E+05   9.7178753521312910E-14   1.2597678805124650E-24   3.7137525571656524E+03
   1.1296770000000000E+09   4.7787401647597709E+05   9.6207605523990491E-14   1.2477225658459528E-24   3.7121331630917780E+03
   1.1316770000000000E+09   4.7972468680754112E+05   9.5249464618100647E-14   1.2358398837139461E-24   3.7105006091502792E+03
   1.1336770000000000E+09   4.8157038733151666E+05   9.4304113627108660E-14   1.2241169673437761E-24   3.7088553073386174E+03
   1.1356770000000000E+09   4.8341113216784864E+05   9.3371339896185207E-14   1.2125510125248253E-24   3.7071976685307045E+03
   1.1376770000000000E+09   4.8524693472955690E+05   9.2450935193358746E-14   1.2011392762047493E-24   3.7055281023846660E+03
   1.1396770000000000E+09   4.8707780767138134E+05   9.1542695613041185E-14   1.1898790751209637E-24   3.7038470172507846E+03
   1.1416770000000000E+09   4.8890376283539907E+05   9.0646421481378327E-14   1.1787677844602577E-24   3.7021548200791499E+03
   1.1436770000000000E+09   4.9072481119619287E+05   8.9761917262903626E-14   1.1678028365396626E-24   3.7004519163266591E+03
   1.1456770000000000E+09   4.9254096280845918E+05   8.8888991468100682E-14   1.1569817195032804E-24   3.6987387098632339E+03
   1.1476770000000000E+09   4.9435222676011245E+05   8.8027456561614043E-14   1.1463019760314061E-24   3.6970156028774054E+03
   1.1496770000000000E+09   4.9615861113455048E+05   8.7177128870815589E-14   1.1357612020578419E-24   3.6952829957814979E+03
   1.1516770000000000E+09   4.9796012298548111E+05   8.6337828494608114E-14   1.1253570454934413E-24   3.6935412871170324E+03
   1.1536770000000000E+09   4.9975676832777454E+05   8.5509379212362048E-14   1.1150872049540983E-24   3.6917908734610805E+03
   1.1556770000000000E+09   5.0154855214782420E+05   8.4691608392870241E-14   1.1049494284911740E-24   3.6900321493345941E+03
   1.1576770000000000E+09   5.0333547843606572E+05   8.3884346903358290E-14   1.0949415123243199E-24   3.6882655071138979E+03
   1.1596770000000000E+09   5.0511755024406553E+05   8.3087429018538514E-14   1.0850612995760033E-24   3.6864913369466544E+03
   1.1616770000000000E+09   5.0689476976780442E+05   8.2300692329748833E-14   1.0753066790077128E-24   3.6847100266737907E+03
   1.1636770000000000E+09   5.0866713845770073E+05   8.1523977654310328E-14   1.0656755837590637E-24   3.6829219617588842E+03
   1.1656770000000000E+09   5.1043465715518873E+05   8.0757128945224093E-14   1.0561659900908753E-24   3.6811275252265345E+03
   1.1676770000000000E+09   5.1219732625444105E+05   7.9999993201420998E-14   1.0467759161345663E-24   3.6793270976111903E+03
   1.1696770000000000E+09   5.1395514588676835E+05   7.9252420378829595E-14   1.0375034206509716E-24   3.6775210569177270E+03
   1.1716770000000000E+09   5.1570811612423207E+05   7.8514263302576884E-14   1.0283466018023940E-24   3.6757097785950018E+03
   1.1736770000000000E+09   5.1745623719809903E+05   7.7785377580670044E-14   1.0193035959422797E-24   3.6738936355232377E+03
   1.1756770000000000E+09   5.1919950972666364E+05   7.7065621519620349E-14   1.0103725764284714E-24   3.6720729980158885E+03
   1.1776770000000000E+09   5.2093793494670338E+05   7.6354856042408955E-14   1.0015517524653297E-24   3.6702482338362743E+03
   1.1796770000000000E+09   5.2267151494204003E+05   7.5652944609289012E-14   9.9283936798135695E-25   3.6684197082289388E+03
   1.1816770000000000E+09   5.2440025286274287E+05   7.4959753141856846E-14   9.8423370054830623E-25   3.6665877839652262E+03
   1.1836770000000000E+09   5.2612415312845993E+05   7.4275149950823676E-14   9.7573306034780912E-25   3.6647528214023296E+03
   1.1856770000000000E+09   5.2784322160982259E+05   7.3599005667844713E-14   9.6733578919071732E-25   3.6629151785545773E+03
   1.1876770000000000E+09   5.2955746578239196E+05   7.2931193181716184E-14   9.5904025959380874E-25   3.6610752111754655E+03
   1.1896770000000000E+09   5.3126689484858164E+05   7.2271587579127367E-14   9.5084487391695646E-25   3.6592332728486181E+03
   1.1916770000000000E+09   5.3297151982406597E+05   7.1620066090063861E-14   9.4274806356271077E-25   3.6573897150856455E+03
   1.1936770000000000E+09   5.3467135358628200E+05   7.0976508037861513E-14   9.3474828823896240E-25   3.6555448874287308E+03
   1.1956770000000000E+09   5.3636641088414926E+05   7.0340794793760996E-14   9.2684403528342967E-25   3.6536991375555540E+03
   1.1976770000000000E+09   5.3805670830931456E+05   6.9712809735741656E-14   9.1903381904765279E-25   3.6518528113844059E+03
   1.1996770000000000E+09   5.3974226423059171E+05   6.9092438211295032E-14   9.1131618033665900E-25   3.6500062531770686E+03
   1.2016770000000000E+09   5.4142309869457234E+05   6.8479567503709837E-14   9.0368968589912814E-25   3.6481598056374787E+03
   1.2036770000000000E+09   5.4309923329617141E+05   6.7874086801421756E-14   8.9615292796260521E-25   3.6463138100041861E+03
   1.2056770000000000E+09   5.4477069102410693E+05   6.7275887169872014E-14   8.8870452380672459E-25   3.6444686061349635E+03
   1.2076770000000000E+09   5.4643749608674878E+05   6.6684861525342464E-14   8.8134311536762689E-25   3.6426245325821765E+03
   1.2096770000000000E+09   5.4809967372424866E+05   6.6100904610227321E-14   8.7406736886651600E-25   3.6407819266578726E+03
   1.2116770000000000E+09   5.4975725001318683E+05   6.5523912969200236E-14   8.6687597445517445E-25   3.6389411244878916E+03
   1.2136770000000000E+09   5.5141025166985323E+05   6.4953784925790400E-14   8.5976764587187580E-25   3.6371024610546133E+03
   1.2156770000000000E+09   5.5305870585820626E+05   6.4390420558903651E-14   8.5274112010132481E-25   3.6352662702283169E+03
   1.2176770000000000E+09   5.5470264000793616E+05   6.3833721678926382E-14   8.4579515703349662E-25   3.6334328847875104E+03
   1.2196770000000000E+09   5.5634208164764906E+05   6.3283591803075447E-14   8.3892853911655002E-25   3.6316026364287191E+03
   1.2216770000000000E+09   5.5797705825702369E+05   6.2739936129810866E-14   8.3214007100091568E-25   3.6297758557666971E+03
   1.2236770000000000E+09   5.5960759714120766E+05   6.2202661512141207E-14   8.2542857917185747E-25   3.6279528723259591E+03
   1.2256770000000000E+09   5.6123372532914614E+05   6.1671676429830913E-14   8.1879291157009309E-25   3.6261340145250133E+03
   1.2276770000000000E+09   5.6285546949671942E+05   6.1146890960542384E-14   8.1223193720046740E-25   3.6243196096543520E+03
   1.2296770000000000E+09   5.6447285591412673E+05   6.0628216750083717E-14   8.0574454573043643E-25   3.6225099838496808E+03
   1.2316770000000000E+09   5.6608591041595873E+05   6.0115566981982136E-14   7.9932964708087695E-25   3.6207054620615504E+03
   1.2336770000000000E+09   5.6769465839158359E+05   5.9608856346641993E-14   7.9298617101228128E-25   3.6189063680225713E+03
   1.2356770000000000E+09   5.6929912479265116E+05   5.9108001010401163E-14   7.8671306671018995E-25   3.6171130242132631E+03
   1.2376770000000000E+09   5.7089933415427932E+05   5.8612918584772360E-14   7.8050930237342818E-25   3.6153257518273731E+03
   1.2396770000000000E+09   5.7249531062632066E+05   5.8123528096152872E-14   7.7437386480872443E-25   3.6135448707374103E+03
   1.2416770000000000E+09   5.7408707801135373E+05   5.7639749956222197E-14   7.6830575903452759E-25   3.6117706994608066E+03
   1.2436770000000000E+09   5.7567465980617283E+05   5.7161505933237161E-14   7.6230400789671718E-25   3.6100035551271721E+03
   1.2456770000000000E+09   5.7725807924428955E+05   5.6688719124325703E-14   7.5636765169756181E-25   3.6082437534466794E+03
   1.2476770000000000E+09   5.7883735933714733E+05   5.6221313928879762E-14   7.5049574783924211E-25   3.6064916086797925E+03
   1.2496770000000000E+09   5.8041252291243232E+05   5.5759216023065040E-14   7.4468737048222946E-25   3.6047474336081809E+03
   1.2516770000000000E+09   5.8198359264812386E+05   5.5302352335455774E-14   7.3894161021866809E-25   3.6030115395067864E+03
   1.2536770000000000E+09   5.8355059110140020E+05   5.4850651023755225E-14   7.3325757376030192E-25   3.6012842361168055E+03
   1.2556770000000000E+09   5.8511354073170305E+05   5.4404041452557478E-14   7.2763438364040984E-25   3.5995658316194390E+03
   1.2576770000000000E+09   5.8667246391763375E+05   5.3962454172080879E-14   7.2207117792888667E-25   3.5978566326101381E+03
   1.2596770000000000E+09   5.8822738296744169E+05   5.3525820897803368E-14   7.1656710995959788E-25   3.5961569440731055E+03
   1.2616770000000000E+09   5.8977832012317225E+05   5.3094074490910296E-14   7.1112134806885910E-25   3.5944670693558496E+03
   1.2636770000000000E+09   5.9132529755852104E+05   5.2667148939479917E-14   7.0573307534410587E-25   3.5927873101434566E+03
   1.2656770000000000E+09   5.9286833737071371E+05   5.2244979340308971E-14   7.0040148938145768E-25   3.5911179664324945E+03
   1.2676770000000000E+09   5.9440746156660398E+05   5.1827501881303369E-14   6.9512580205123862E-25   3.5894593365041633E+03
   1.2696770000000000E+09   5.9594269204334100E+05   5.1414653824347428E-14   6.8990523927027877E-25   3.5878117168966915E+03
   1.2716770000000000E+09   5.9747405056385195E+05   5.1006373488581442E-14   6.8473904078010525E-25   3.5861754023766098E+03
   1.2736770000000000E+09   5.9900155872754182E+05   5.0602600234003356E-14   6.7962645992987173E-25   3.5845506859089037E+03
   1.2756770000000000E+09   6.0052523793659278E+05   5.0203274445320678E-14   6.7456676346305665E-25   3.5829378586257776E+03
   1.2776770000000000E+09   6.0204510935831850E+05   4.9808337515975460E-14   6.6955923130687110E-25   3.5813372097939891E+03
   1.2796770000000000E+09   6.0356119388418912E+05   4.9417731832253749E-14   6.6460315636318711E-25   3.5797490267805770E+03
   1.2816770000000000E+09   6.0507351208615873E+05   4.9031400757403323E-14   6.5969784429992915E-25   3.5781735950169505E+03
   1.2836770000000000E+09   6.0658208417100133E+05   4.8649288615679313E-14   6.5484261334182775E-25   3.5766111979612451E+03
   1.2856770000000000E+09   6.0808692993346113E+05   4.8271340676235900E-14   6.5003679405940455E-25   3.5750621170588729E+03
   1.2876770000000000E+09   6.0958806870882073E+05   4.7897503136821113E-14   6.4527972915554917E-25   3.5735266317013698E+03
   1.2896770000000000E+09   6.1108551932561339E+05   4.7527723107212092E-14   6.4057077324883445E-25   3.5720050191833543E+03
   1.2916770000000000E+09   6.1257930005879304E+05   4.7161948592394031E-14   6.3590929265353286E-25   3.5704975546578034E+03
   1.2936770000000000E+09   6.1406942858371779E+05   4.6800128475469744E-14   6.3129466515612726E-25   3.5690045110895835E+03
   1.2956770000000000E+09   6.1555592193067889E+05   4.6442212500363840E-14   6.2672627978913935E-25   3.5675261592072484E+03
   1.2976770000000000E+09   6.1703879643967724E+05   4.6088151254379244E-14   6.2220353660299214E-25   3.5660627674532507E+03
   1.2996770000000000E+09   6.1851806771470990E+05   4.5737896150711853E-14   6.1772584643733422E-25   3.5646146019324096E+03
   1.3016770000000000E+09   6.1999375057692197E+05   4.5391399411028323E-14   6.1329263069319221E-25   3.5631819263587845E+03
   1.3036770000000000E+09   6.2146585901633673E+05   4.5048614048202896E-14   6.0890332110724979E-25   3.5617650020008332E+03
   1.3056770000000000E+09   6.2293440614313388E+05   4.4709493849234762E-14   6.0455735952853242E-25   3.5603640876248337E+03
   1.3076770000000000E+09   6.2439940414146718E+05   4.4373993358267389E-14   6.0025419769642365E-25   3.5589794394365572E+03
   1.3096770000000000E+09   6.2586086423207493E+05   4.4042067859449606E-14   5.9599329701644477E-25   3.5576113110213919E+03
   1.3116770000000000E+09   6.2731879665406968E+05   4.3713673359159458E-14   5.9177412832725598E-25   3.5562599532831182E+03
   1.3136770000000000E+09   6.2877321068084496E+05   4.3388766566880823E-14   5.8759617164909705E-25   3.5549256143821494E+03
   1.3156770000000000E+09   6.3022411468899972E+05   4.3067304873826632E-14   5.8345891590114658E-25   3.5536085396744020E+03
   1.3176770000000000E+09   6.3167151630070666E+05   4.2749246328348923E-14   5.7936185857443252E-25   3.5523089716525669E+03
   1.3196770000000000E+09   6.3311542261700914E+05   4.2434549607374748E-14   5.7530450534946804E-25   3.5510271498924117E+03
   1.3216770000000000E+09   6.3455584055031394E+05   4.2123173983621081E-14   5.7128636965470575E-25   3.5497633110070456E+03
   1.3236770000000000E+09   6.3599277724749187E+05   4.1815079289253384E-14   5.6730697217422525E-25   3.5485176886125337E+03
   1.3256770000000000E+09   6.3742624057166337E+05   4.1510225877862214E-14   5.6336584032959661E-25   3.5472905133079098E+03
   1.3276770000000000E+09   6.3885623958435992E+05   4.1208574587954447E-14   5.5946250777911698E-25   3.5460820126713797E+03
   1.3296770000000000E+09   6.4028278494791745E+05   4.0910086712157160E-14   5.5559651399160069E-25   3.5448924112728891E+03
   1.3316770000000000E+09   6.4170588915884891E+05   4.0614723976634513E-14   5.5176740395663463E-25   3.5437219307001883E+03
   1.3336770000000000E+09   6.4312556653632387E+05   4.0322448534308296E-14   5.4797472808139155E-25   3.5425707895927808E+03
   1.3356770000000000E+09   6.4454183292976453E+05   4.0033222973223096E-14   5.4421804229397549E-25   3.5414392036755307E+03
   1.3376770000000000E+09   6.4595470517255226E+05   3.9747010338044502E-14   5.4049690832784592E-25   3.5403273857822760E+03
   1.3396770000000000E+09   6.4736420038070134E+05   3.9463774159008161E-14   5.3681089411160418E-25   3.5392355458608854E+03
   1.3416770000000000E+09   6.4877033525245544E+05   3.9183478479896282E-14   5.3315957415038248E-25   3.5381638909542444E+03
   1.3436770000000000E+09   6.5017312554188271E+05   3.8906087876047402E-14   5.2954252977615373E-25   3.5371126251571836E+03
   1.3456770000000000E+09   6.5157258583980997E+05   3.8631567455772760E-14   5.2595934917534650E-25   3.5360819495553305E+03
   1.3476770000000000E+09   6.5296872970228782E+05   3.8359882843547043E-14   5.2240962716932884E-25   3.5350720621566288E+03
   1.3496770000000000E+09   6.5436157004808891E+05   3.8091000149459804E-14   5.1889296480649400E-25   3.5340831578279735E+03
   1.3516770000000000E+09   6.5575111964998743E+05   3.7824885934182615E-14   5.1540896889033160E-25   3.5331154282466887E+03
   1.3536770000000000E+09   6.5713739151529141E+05   3.7561507179925900E-14   5.1195725158575557E-25   3.5321690618703406E+03
   1.3556770000000000E+09   6.5852039901093475E+05   3.7300831274558202E-14   5.0853743020241408E-25   3.5312442439205661E+03
   1.3576770000000000E+09   6.5990015571528021E+05   3.7042826009540258E-14   5.0514912716567181E-25   3.5303411563714817E+03
   1.3596770000000000E+09   6.6127667511302489E+05   3.6787459585622508E-14   5.0179197009463607E-25   3.5294599779317982E+03
   1.3616770000000000E+09   6.6264997031992092E+05   3.6534700616933804E-14   4.9846559186027947E-25   3.5286008840149912E+03
   1.3636770000000000E+09   6.6402005399040843E+05   3.6284518125985547E-14   4.9516963052132827E-25   3.5277640466987382E+03
   1.3656770000000000E+09   6.6538693844273617E+05   3.6036881528173120E-14   4.9190372911716638E-25   3.5269496346815295E+03
   1.3676770000000000E+09   6.6675063590597978E+05   3.5791760610835393E-14   4.8866753538535292E-25   3.5261578132454647E+03
   1.3696770000000000E+09   6.6811115873318142E+05   3.5549125514883086E-14   4.8546070151242270E-25   3.5253887442300706E+03
   1.3716770000000000E+09   6.6946851947056840E+05   3.5308946724702151E-14   4.8228288399635139E-25   3.5246425860149620E+03
   1.3736770000000000E+09   6.7082273078522645E+05   3.5071195066474268E-14   4.7913374362379966E-25   3.5239194935044493E+03
   1.3756770000000000E+09   6.7217380534673668E+05   3.4835841710386768E-14   4.7601294550128764E-25   3.5232196181078430E+03
   1.3776770000000000E+09   6.7352175576446101E+05   3.4602858171677958E-14   4.7292015907142029E-25   3.5225431077142498E+03
   1.3796770000000000E+09   6.7486659460645763E+05   3.4372216308840276E-14   4.6985505809061176E-25   3.5218901066659732E+03
   1.3816770000000000E+09   6.7620833444041957E+05   3.4143888321166177E-14   4.6681732059747626E-25   3.5212607557352831E+03
   1.3836770000000000E+09   6.7754698781204724E+05   3.3917846748915001E-14   4.6380662891658770E-25   3.5206551921055043E+03
   1.3856770000000000E+09   6.7888256711315690E+05   3.3694064477481785E-14   4.6082266971720927E-25   3.5200735493514012E+03
   1.3876770000000000E+09   6.8021508429715945E+05   3.3472514746162828E-14   4.5786513413627102E-25   3.5195159574104105E+03
   1.3896770000000000E+09   6.8154455022108357E+05   3.3253171168431693E-14   4.5493371806186931E-25   3.5189825425316012E+03
   1.3916770000000000E+09   6.8287097279789497E+05   3.3036007792486122E-14   4.5202812297452940E-25   3.5184734271734806E+03
   1.3936770000000000E+09   6.8419435164187418E+05   3.2820999284988210E-14   4.4914805849082441E-25   3.5179887297752493E+03
   1.3956770000000000E+09   6.8551466332459205E+05   3.2608121448585397E-14   4.4629324951527482E-25   3.5175285642203353E+03
   1.3976770000000000E+09   6.8683182336387155E+05   3.2397352571217031E-14   4.4346345486725145E-25   3.5170930386115137E+03
   1.3996770000000000E+09   6.8814559490746458E+05   3.2188676691613211E-14   4.4065851232126320E-25   3.5166822526516294E+03
   1.4016770000000000E+09   6.8945538633696479E+05   3.1982090885360848E-14   4.3787843902409234E-25   3.5162962924917570E+03
   1.4036770000000000E+09   6.9075984438957868E+05   3.1777620018190082E-14   4.3512363469406639E-25   3.5159352214993478E+03
   1.4056770000000000E+09   6.9205613257276616E+05   3.1575343136888813E-14   4.3239524495934023E-25   3.5155990652013365E+03
   1.4076770000000000E+09   6.9333885931483214E+05   3.1375433124013052E-14   4.2969570737967998E-25   3.5152877884827803E+03
   1.4096770000000000E+09   6.9459890866473108E+05   3.1178200826758239E-14   4.2702936020677077E-25   3.5150012615052710E+03
   1.4116770000000000E+09   6.9582301243028336E+05   3.0984113066129599E-14   4.2440269584404486E-25   3.5147392050772842E+03
   1.4136770000000000E+09   6.9699556624677521E+05   3.0793728105205442E-14   4.2182348784096612E-25   3.5145010982980066E+03
   1.4156770000000000E+09   6.9810406102225673E+05   3.0607494289856733E-14   4.1929804761532208E-25   3.5142860438246776E+03
   1.4176770000000000E+09   6.9914727820942178E+05   3.0425438277633295E-14   4.1682696289868248E-25   3.5140926678694582E+03
   1.4196770000000000E+09   7.0014121490198770E+05   3.0246930218596236E-14   4.1440185856039862E-25   3.5139192788169917E+03
   1.4216770000000000E+09   7.0111579099757923E+05   3.0070799909559362E-14   4.1200691131715370E-25   3.5137644972641929E+03
   1.4236770000000000E+09   7.0210204453816882E+05   2.9895837736130794E-14   4.0962561790810085E-25   3.5136280783179996E+03
   1.4256770000000000E+09   7.0312223938180588E+05   2.9721209671094671E-14   4.0724647774854320E-25   3.5135109838185549E+03
   1.4276770000000000E+09   7.0419574063193076E+05   2.9546251084732286E-14   4.0486029073017111E-25   3.5134143629740570E+03
   1.4296770000000000E+09   7.0535320280126855E+05   2.9369859146051278E-14   4.0245205880756197E-25   3.5133375803115891E+03
   1.4316770000000000E+09   7.0660118895346543E+05   2.9192007663503471E-14   4.0001986472092091E-25   3.5132946680884838E+03
   1.4336770000000000E+09   7.0823113854110579E+05   2.8999688095004496E-14   3.9740062025718862E-25   3.5131521355673176E+03
   1.4356770000000000E+09   7.0770749585385201E+05   2.8899614878726206E-14   3.9601166935445017E-25   3.5133081457073272E+03
   6.5767700000000000E+08  -3.1112455956034632E+03   3.1196567766571999E-08   1.1249009065224164E-22   1.8296811830684489E+03
   6.5967700000000000E+08  -3.5473006645289606E+03   4.7428775890976519E-08   1.3781363311486900E-22   2.2705563506120197E+03
   6.6167700000000000E+08  -3.7918596443951183E+03   5.6244209289960482E-08   1.4463717787804293E-22   2.5655786208982122E+03
   6.6367700000000000E+08  -3.6184062047938783E+03   5.8950597379776338E-08   1.3926774346817324E-22   2.7927410920130005E+03
   6.6567700000000000E+08  -3.0504846797606074E+03   5.7833546605911587E-08   1.2806026810428948E-22   2.9796360397264857E+03
   6.6767700000000000E+08  -2.3652694181373436E+03   5.4967990669586284E-08   1.1552247221756421E-22   3.1393877049158568E+03
   6.6967700000000000E+08  -1.7391429119044749E+03   5.1593683457609365E-08   1.0380316637223674E-22   3.2793611471999411E+03
   6.7167700000000000E+08  -1.1644956090507617E+03   4.8236600022949830E-08   9.3490994635519582E-23   3.4041670989331578E+03
   6.7367700000000000E+08  -5.6175486189586513E+02   4.5089319951407001E-08   8.4589073227207609E-23   3.5169218196119778E+03
   6.7567700000000000E+08   2.2783558755865613E+02   4.2180402614525229E-08   7.6881456658789758E-23   3.6198512476004016E+03
   6.7767700000000000E+08   1.2968381579325685E+03   3.9453731423163229E-08   7.0076772691875360E-23   3.7146097471619210E+03
   6.7967700000000000E+08   2.5832294411082357E+03   3.6883657843922643E-08   6.3997960039070849E-23   3.8024571989308142E+03
   6.8167700000000000E+08   3.9749890788819653E+03   3.4491928186466911E-08   5.8585568745492431E-23   3.8843705320259578E+03
   6.8367700000000000E+08   5.4282445778655920E+03   3.2333256578037211E-08   5.3854580135981615E-23   3.9611235563734622E+03
   6.8567700000000000E+08   6.9866152540571629E+03   3.0428984107253008E-08   4.9775091880206473E-23   4.0333439581751345E+03
   6.8767700000000000E+08   8.6847628153269434E+03   2.8767238036143093E-08   4.6274188850800313E-23   4.1015502011037452E+03
   6.8967700000000000E+08   1.0525915740877257E+04   2.7318058833294866E-08   4.3261368237729751E-23   4.1661750344432066E+03
   6.9167700000000000E+08   1.2488695928961115E+04   2.6047169658987582E-08   4.0649573214522890E-23   4.2275825565339101E+03
   6.9367700000000000E+08   1.4541729043152012E+04   2.4922696381455947E-08   3.8363842888422844E-23   4.2860815025000611E+03
   6.9567700000000000E+08   1.6650044444209547E+04   2.3916988068966479E-08   3.6342170946476183E-23   4.3419357552142183E+03
   6.9767700000000000E+08   1.8777051272870325E+04   2.3007106025819847E-08   3.4534618238525401E-23   4.3953725779573542E+03
   6.9967700000000000E+08   2.0886240476597690E+04   2.2174292991913679E-08   3.2901223879078328E-23   4.4465890865947667E+03
   7.0167700000000000E+08   2.2941773903860747E+04   2.1403326440877653E-08   3.1410070958558944E-23   4.4957573811887132E+03
   7.0367700000000000E+08   2.4909175880405994E+04   2.0681928269709061E-08   3.0035690851461727E-23   4.5430286477595691E+03
   7.0567700000000000E+08   2.6756261574745786E+04   2.0000283498075068E-08   2.8757816800304464E-23   4.5885364748668962E+03
   7.0767700000000000E+08   2.8454240688064714E+04   1.9350663360898578E-08   2.7560427396438857E-23   4.6323995658676804E+03
   7.0967700000000000E+08   2.9978896645866706E+04   1.8727128792787936E-08   2.6431006840254170E-23   4.6747239794394700E+03
   7.1167700000000000E+08   3.1311728949079585E+04   1.8125289333793127E-08   2.5359959181444422E-23   4.7156049957363175E+03
   7.1367700000000000E+08   3.2440947009810516E+04   1.7542095023542672E-08   2.4340125962906150E-23   4.7551286799515483E+03
   7.1567700000000000E+08   3.3362196253031463E+04   1.6975642887990267E-08   2.3366368538108588E-23   4.7933731964362614E+03
   7.1767700000000000E+08   3.4078892765398501E+04   1.6424984178647479E-08   2.2435186977984752E-23   4.8304099129520528E+03
   7.1967700000000000E+08   3.4602054696667401E+04   1.5889924216046643E-08   2.1544358217661090E-23   4.8663043249794500E+03
   7.2167700000000000E+08   3.4949560710915452E+04   1.5370813579011919E-08   2.0692587260812905E-23   4.9011168235828136E+03
   7.2367700000000000E+08   3.5144841376051445E+04   1.4868336728172888E-08   1.9879176051745856E-23   4.9349033266483348E+03
   7.2567700000000000E+08   3.5215106955605188E+04   1.4383310345780073E-08   1.9103723099112543E-23   4.9677157917845325E+03
   7.2767700000000000E+08   3.5189309038106927E+04   1.3916506850801224E-08   1.8365870906645868E-23   4.9996026290211103E+03
   7.2967700000000000E+08   3.5096092989736499E+04   1.3468517485622613E-08   1.7665116484114330E-23   5.0306090317288817E+03
   7.3167700000000000E+08   3.4962000796331675E+04   1.3039664220450542E-08   1.7000693235271471E-23   5.0607772440261851E+03
   7.3367700000000000E+08   3.4810126426439027E+04   1.2629962101409447E-08   1.6371522715633163E-23   5.0901467817474904E+03
   7.3567700000000000E+08   3.4659326960227918E+04   1.2239126003589243E-08   1.5776225348865407E-23   5.1187546216896217E+03
   7.3767700000000000E+08   3.4523984009234264E+04   1.1866610234348899E-08   1.5213172918761914E-23   5.1466353706175778E+03
   7.3967700000000000E+08   3.4414222024742558E+04   1.1511667199945729E-08   1.4680563757676859E-23   5.1738214219625434E+03
   7.4167700000000000E+08   3.4336441080834702E+04   1.1173412260677067E-08   1.4176503619741802E-23   5.2003431048611874E+03
   7.4367700000000000E+08   3.4294013558621649E+04   1.0850884914459743E-08   1.3699079759073506E-23   5.2262288275842693E+03
   7.4567700000000000E+08   3.4288016523032929E+04   1.0543100247006091E-08   1.3246420981035627E-23   5.2515052156562770E+03
   7.4767700000000000E+08   3.4317909288032017E+04   1.0249088090864991E-08   1.2816741049647284E-23   5.2761972440298505E+03
   7.4967700000000000E+08   3.4382105153331337E+04   9.9679199450645926E-09   1.2408366126727082E-23   5.3003283623675889E+03
   7.5167700000000000E+08   3.4478418950378262E+04   9.6987252750323140E-09   1.2019748786416013E-23   5.3239206125756727E+03
   7.5367700000000000E+08   3.4604394447475002E+04   9.4406994877061474E-09   1.1649471850625439E-23   5.3469947380270514E+03
   7.5567700000000000E+08   3.4757528168028970E+04   9.1931059307977993E-09   1.1296245215440564E-23   5.3695702842599057E+03
   7.5767700000000000E+08   3.4935411007561757E+04   8.9552739687913385E-09   1.0958898349920959E-23   5.3916656912520793E+03
   7.5967700000000000E+08   3.5135808886707026E+04   8.7265947504441580E-09   1.0636370516612679E-23   5.4132983776137717E+03
   7.6167700000000000E+08   3.5356700877257608E+04   8.5065158365823910E-09   1.0327700151952888E-23   5.4344848172007078E+03
   7.6367700000000000E+08   3.5596289448199517E+04   8.2945354718593073E-09   1.0032014334248811E-23   5.4552406087378085E+03
   7.6567700000000000E+08   3.5852993706159672E+04   8.0901969844377514E-09   9.7485188802930637E-24   5.4755805390748174E+03
   7.6767700000000000E+08   3.6125433252106224E+04   7.8930835820128833E-09   9.4764893409203240E-24   5.4955186406879275E+03
   7.6967700000000000E+08   3.6412407713687186E+04   7.7028136678937022E-09   9.2152629894614503E-24   5.5150682440093869E+03
   7.7167700000000000E+08   3.6712875123227350E+04   7.5190367102292938E-09   8.9642317909102970E-24   5.5342420251218145E+03
   7.7367700000000000E+08   3.7025930992031463E+04   7.3414296451695355E-09   8.7228362820734268E-24   5.5530520493031290E+03
   7.7567700000000000E+08   3.7350789054526911E+04   7.1696937679876453E-09   8.4905602669636060E-24   5.5715098108567490E+03
   7.7767700000000000E+08   3.7686764100828055E+04   7.0035520554310674E-09   8.2669262248278160E-24   5.5896262696129997E+03
   7.7967700000000000E+08   3.8033256984386411E+04   6.8427468611665851E-09   8.0514913320250143E-24   5.6074118844428658E+03
   7.8167700000000000E+08   3.8389741707063469E+04   6.6870379297810269E-09   7.8438440080666606E-24   5.6248766440851541E+03
   7.8367700000000000E+08   3.8755754393143208E+04   6.5362006806705337E-09   7.6436009072181570E-24   5.6420300955526691E+03
   7.8567700000000000E+08   3.9130883929454874E+04   6.3900247197036797E-09   7.4504042882758612E-24   5.6588813703519099E+03
   7.8767700000000000E+08   3.9514764046601151E+04   6.2483125429126209E-09   7.2639197055348894E-24   5.6754392087237329E+03
   7.8967700000000000E+08   3.9907066630945330E+04   6.1108784022325301E-09   7.0838339731412069E-24   5.6917119820888292E+03
   7.9167700000000000E+08   4.0307496079198339E+04   5.9775473083205389E-09   6.9098533628835391E-24   5.7077077138613795E+03
   7.9367700000000000E+08   4.0715784531808720E+04   5.8481541497287757E-09   6.7417020020889822E-24   5.7234340987764008E+03
   7.9567700000000000E+08   4.1131687844996253E+04   5.7225429112433855E-09   6.5791204437792463E-24   5.7388985208607182E+03
   7.9767700000000000E+08   4.1554982182806030E+04   5.6005659771202453E-09   6.4218643857792049E-24   5.7541080701638593E+03
   7.9967700000000000E+08   4.1985461129441152E+04   5.4820835073442240E-09   6.2697035192032273E-24   5.7690695583532506E+03
   8.0167700000000000E+08   4.2422933238324273E+04   5.3669628770010933E-09   6.1224204898168562E-24   5.7837895332676208E+03
   8.0367700000000000E+08   4.2867219948032012E+04   5.2550781704577207E-09   5.9798099583027423E-24   5.7982742925132006E+03
   8.0567700000000000E+08   4.3318153806734961E+04   5.1463097233636880E-09   5.8416777475506239E-24   5.8125298961791777E+03
   8.0767700000000000E+08   4.3775576956375313E+04   5.0405437065715244E-09   5.7078400668253032E-24   5.8265621787415866E+03
   8.0967700000000000E+08   4.4239339835864368E+04   4.9376717469669550E-09   5.5781228041096674E-24   5.8403767602183671E+03
   8.1167700000000000E+08   4.4709300069335994E+04   4.8375905809421096E-09   5.4523608791269407E-24   5.8539790566326092E+03
   8.1367700000000000E+08   4.5185321511191272E+04   4.7402017368624160E-09   5.3303976505609286E-24   5.8673742898358269E+03
   8.1567700000000000E+08   4.5667273424542967E+04   4.6454112433936583E-09   5.2120843718484204E-24   5.8805674967385330E+03
   8.1767700000000000E+08   4.6155029773816663E+04   4.5531293609898176E-09   5.0972796906438206E-24   5.8935635379912910E+03
   8.1967700000000000E+08   4.6648468615855571E+04   4.4632703342068012E-09   4.9858491876723520E-24   5.9063671061557179E+03
   8.2167700000000000E+08   4.7147471576946446E+04   4.3757521628153837E-09   4.8776649512142292E-24   5.9189827334015190E+03
   8.2367700000000000E+08   4.7651923405804591E+04   4.2904963899466438E-09   4.7726051839114507E-24   5.9314147987627066E+03
   8.2567700000000000E+08   4.8161711594751301E+04   4.2074279057218407E-09   4.6705538389720512E-24   5.9436675349834204E+03
   8.2767700000000000E+08   4.8676726063077745E+04   4.1264747650030140E-09   4.5714002831749968E-24   5.9557450349813262E+03
   8.2967700000000000E+08   4.9196858897941966E+04   4.0475680180539288E-09   4.4750389843581080E-24   5.9676512579542277E+03
   8.3167700000000000E+08   4.9722004149063279E+04   3.9706415530289629E-09   4.3813692213098630E-24   5.9793900351537122E+03
   8.3367700000000000E+08   5.0252057673988158E+04   3.8956319493133044E-09   4.2902948141891269E-24   5.9909650753476299E+03
   8.3567700000000000E+08   5.0786917030824952E+04   3.8224783408244301E-09   4.2017238737694914E-24   6.0023799699915380E+03
   8.3767700000000000E+08   5.1326481415105700E+04   3.7511222884575036E-09   4.1155685679537699E-24   6.0136381981279228E+03
   8.3967700000000000E+08   5.1870651636921713E+04   3.6815076609168383E-09   4.0317449041319578E-24   6.0247431310302527E+03
   8.4167700000000000E+08   5.2419330133742937E+04   3.6135805232276361E-09   3.9501725260687074E-24   6.0356980366079961E+03
   8.4367700000000000E+08   5.2972421013509069E+04   3.5472890322678936E-09   3.8707745241070635E-24   6.0465060835872810E+03
   8.4567700000000000E+08   5.3529830121737112E+04   3.4825833387030513E-09   3.7934772575674047E-24   6.0571703454809913E+03
   8.4767700000000000E+08   5.4091465125656228E+04   3.4194154947481773E-09   3.7182101883078603E-24   6.0676938043609880E+03
   8.4967700000000000E+08   5.4657235607862385E+04   3.3577393672246617E-09   3.6449057244957776E-24   6.0780793544442749E+03
   8.5167700000000000E+08   5.5227053161739277E+04   3.2975105554229526E-09   3.5734990737219116E-24   6.0883298055040832E+03
   8.5367700000000000E+08   5.5800831480998058E+04   3.2386863133292800E-09   3.5039281046697967E-24   6.0984478861161169E+03
   8.5567700000000000E+08   5.6378486436168714E+04   3.1812254758224210E-09   3.4361332166322652E-24   6.1084362467494529E+03
   8.5767700000000000E+08   5.6959936131714981E+04   3.1250883884963177E-09   3.3700572162454693E-24   6.1182974627108970E+03
   8.5967700000000000E+08   5.7545100938619493E+04   3.0702368408138489E-09   3.3056452008861332E-24   6.1280340369512096E+03
   8.6167700000000000E+08   5.8133903498721840E+04   3.0166340023451904E-09   3.2428444482494993E-24   6.1376484027407078E+03
   8.6367700000000000E+08   5.8726268698702217E+04   2.9642443618897351E-09   3.1816043116918093E-24   6.1471429262216561E+03
   8.6567700000000000E+08   5.9322123613288451E+04   2.9130336693215380E-09   3.1218761209810361E-24   6.1565199088441004E+03
   8.6767700000000000E+08   5.9921397418912267E+04   2.8629688800338119E-09   3.0636130881517403E-24   6.1657815896914180E+03
   8.6967700000000000E+08   6.0524021280554931E+04   2.8140181018873395E-09   3.0067702182037921E-24   6.1749301477016616E+03
   8.7167700000000000E+08   6.1129928215810185E+04   2.7661505445896120E-09   2.9513042244196190E-24   6.1839677037901174E+03
   8.7367700000000000E+08   6.1739052941183887E+04   2.7193364714469958E-09   2.8971734481012727E-24   6.1928963228784114E+03
   8.7567700000000000E+08   6.2351331706309000E+04   2.6735471534404705E-09   2.8443377825468189E-24   6.2017180158350357E+03
   8.7767700000000000E+08   6.2966702122049624E+04   2.6287548255780317E-09   2.7927586010967894E-24   6.2104347413318756E+03
   8.7967700000000000E+08   6.3585102988422448E+04   2.5849326454744164E-09   2.7423986890867673E-24   6.2190484076212215E+03
   8.8167700000000000E+08   6.4206474127909911E+04   2.5420546541022204E-09   2.6932221795426610E-24   6.2275608742372597E+03
   8.8367700000000000E+08   6.4830756229138911E+04   2.5000957386494011E-09   2.6451944924525696E-24   6.2359739536258912E+03
   8.8567700000000000E+08   6.5457890705161859E+04   2.4590315974074162E-09   2.5982822774443028E-24   6.2442894127066038E+03
   8.8767700000000000E+08   6.6087819569879255E+04   2.4188387066017168E-09   2.5524533596907242E-24   6.2525089743697463E+03
   8.8967700000000000E+08   6.6720485335836725E+04   2.3794942890618940E-09   2.5076766888557196E-24   6.2606343189125073E+03
   8.9167700000000000E+08   6.7355830937493694E+04   2.3409762846066589E-09   2.4639222908760608E-24   6.2686670854164977E+03
   8.9367700000000000E+08   6.7993799687698192E+04   2.3032633219800198E-09   2.4211612223388271E-24   6.2766088730700603E+03
   8.9567700000000000E+08   6.8634335284930232E+04   2.2663346920946000E-09   2.3793655271350911E-24   6.2844612424377174E+03
   8.9767700000000000E+08   6.9277381911081800E+04   2.2301703221754322E-09   2.3385081949052423E-24   6.2922257166796744E+03
   8.9967700000000000E+08   6.9922884503847847E+04   2.1947507500883589E-09   2.2985631204740784E-24   6.2999037827236552E+03
   9.0167700000000000E+08   7.0570789364784621E+04   2.1600570976194495E-09   2.2595050629412075E-24   6.3074968923917395E+03
   9.0367700000000000E+08   7.1221045373454646E+04   2.1260710407691456E-09   2.2213096023729960E-24   6.3150064634847367E+03
   9.0567700000000000E+08   7.1873606179208058E+04   2.0927747745483336E-09   2.1839530914653666E-24   6.3224338808269804E+03
   9.0767700000000000E+08   7.2528433703262417E+04   2.0601509702407018E-09   2.1474126000810049E-24   6.3297804972743188E+03
   9.0967700000000000E+08   7.3185502834674524E+04   2.0281827264315274E-09   2.1116658540786744E-24   6.3370476346883743E+03
   9.1167700000000000E+08   7.3844805982295686E+04   1.9968535235693714E-09   2.0766911786702814E-24   6.3442365848788359E+03
   9.1367700000000000E+08   7.4506354005564499E+04   1.9661472060031498E-09   2.0424674711817465E-24   6.3513486105133206E+03
   9.1567700000000000E+08   7.5170167758127005E+04   1.9360480296382957E-09   2.0089742425510898E-24   6.3583849459900503E+03
   9.1767700000000000E+08   7.5836254516274203E+04   1.9065408109376121E-09   1.9761917638878993E-24   6.3653467982635711E+03
   9.1967700000000000E+08   7.6504569740069783E+04   1.8776111692795064E-09   1.9441013086362980E-24   6.3722353476121507E+03
   9.2167700000000000E+08   7.7174978787615473E+04   1.8492457609752860E-09   1.9126853840040960E-24   6.3790517483424110E+03
   9.2367700000000000E+08   7.7847248346425811E+04   1.8214323038822501E-09   1.8819277440130055E-24   6.3857971294460285E+03
   9.2567700000000000E+08   7.8521095725154708E+04   1.7941592159975160E-09   1.8518130044171009E-24   6.3924725952480867E+03
   9.2767700000000000E+08   7.9196286883011489E+04   1.7674149289738180E-09   1.8223259268211149E-24   6.3990792260937742E+03
   9.2967700000000000E+08   7.9872718151942085E+04   1.7411873086403457E-09   1.7934508199287736E-24   6.4056180790901826E+03
   9.3167700000000000E+08   8.0550409333100470E+04   1.7154637328330775E-09   1.7651716212762148E-24   6.4120901888658300E+03
   9.3367700000000000E+08   8.1229403924542828E+04   1.6902317081165648E-09   1.7374725303594794E-24   6.4184965682675311E+03
   9.3567700000000000E+08   8.1909677883384982E+04   1.6654793032420437E-09   1.7103384466206244E-24   6.4248382089418192E+03
   9.3767700000000000E+08   8.2591183257946672E+04   1.6411952878849664E-09   1.6837551014364345E-24   6.4311160818672897E+03
   9.3967700000000000E+08   8.3273965408138945E+04   1.6173692620258201E-09   1.6577091851329756E-24   6.4373311379531388E+03
   9.4167700000000000E+08   8.3958119511404278E+04   1.5939910819591023E-09   1.6321877605593652E-24   6.4434843086543369E+03
   9.4367700000000000E+08   8.4643555130711771E+04   1.5710490662323750E-09   1.6071764288754902E-24   6.4495765064140842E+03
   9.4567700000000000E+08   8.5329847336587656E+04   1.5485289036837611E-09   1.5826582089098113E-24   6.4556086249047148E+03
   9.4767700000000000E+08   8.6016394444861464E+04   1.5264155866676016E-09   1.5586155030672978E-24   6.4615815393241073E+03
   9.4967700000000000E+08   8.6702797944073929E+04   1.5046970571430914E-09   1.5350338098843598E-24   6.4674961070646041E+03
   9.5167700000000000E+08   8.7389670861077480E+04   1.4833666072139424E-09   1.5119041779425492E-24   6.4733531687034774E+03
   9.5367700000000000E+08   8.8077372402637193E+04   1.4624265529002357E-09   1.4892267018172747E-24   6.4791535487502915E+03
   9.5567700000000000E+08   8.8767343117993587E+04   1.4418812687212407E-09   1.4670041679157621E-24   6.4848980559723950E+03
   9.5767700000000000E+08   8.9459171438737627E+04   1.4217138875466224E-09   1.4452174177589734E-24   6.4905874834011738E+03
   9.5967700000000000E+08   9.0152442200993755E+04   1.4019130029151519E-09   1.4238529811975377E-24   6.4962226084359181E+03
   9.6167700000000000E+08   9.0846970768773303E+04   1.3824689946956989E-09   1.4028992865422433E-24   6.5018041932825627E+03
   9.6367700000000000E+08   9.1542651034611670E+04   1.3633732927780549E-09   1.3823459069868015E-24   6.5073329853951136E+03
   9.6567700000000000E+08   9.2239408691357239E+04   1.3446178828501576E-09   1.3621830490335376E-24   6.5128097178790858E+03
   9.6767700000000000E+08   9.2937186162472790E+04   1.3261951152436776E-09   1.3424013530056970E-24   6.5182351098673325E+03
   9.6967700000000000E+08   9.3635937320811514E+04   1.3080976287013180E-09   1.3229918121042289E-24   6.5236098668764707E+03
   9.7167700000000000E+08   9.4335624100117391E+04   1.2903183127842226E-09   1.3039457314197174E-24   6.5289346811477089E+03
   9.7367700000000000E+08   9.5036213996243023E+04   1.2728502811439815E-09   1.2852546982901481E-24   6.5342102319744436E+03
   9.7567700000000000E+08   9.5737678354611038E+04   1.2556868497863631E-09   1.2669105579266695E-24   6.5394371860182728E+03
   9.7767700000000000E+08   9.6439991088430936E+04   1.2388215207606677E-09   1.2489053946953665E-24   6.5446161976144740E+03
   9.7967700000000000E+08   9.7143127786703757E+04   1.2222479700102151E-09   1.2312315177434453E-24   6.5497479090677562E+03
   9.8167700000000000E+08   9.7847065305369790E+04   1.2059600372269095E-09   1.2138814487748116E-24   6.5548329509387277E+03
   9.8367700000000000E+08   9.8551781654010629E+04   1.1899517173359991E-09   1.1968479115847156E-24   6.5598719423218172E+03
   9.8567700000000000E+08   9.9257255920788986E+04   1.1742171540382596E-09   1.1801238237657511E-24   6.5648654911148733E+03
   9.8767700000000000E+08   9.9963468169155152E+04   1.1587506349257961E-09   1.1637022900824339E-24   6.5698141942810535E+03
   9.8967700000000000E+08   1.0067039928257112E+05   1.1435465873166912E-09   1.1475765966456507E-24   6.5747186381029924E+03
   9.9167700000000000E+08   1.0137803072835034E+05   1.1285995743938562E-09   1.1317402054615461E-24   6.5795793984295769E+03
   9.9367700000000000E+08   1.0208634442079702E+05   1.1139042916813283E-09   1.1161867493770503E-24   6.5843970409155527E+03
   9.9567700000000000E+08   1.0279532308219525E+05   1.0994555647914116E-09   1.1009100283474968E-24   6.5891721212544426E+03
   9.9767700000000000E+08   1.0350495143760653E+05   1.0852483505628648E-09   1.0859040091416111E-24   6.5939051854051513E+03
   9.9967700000000000E+08   1.0421521816109437E+05   1.0712777433282324E-09   1.0711628302170436E-24   6.5985967698131972E+03
   1.0016770000000000E+09   1.0492611784354650E+05   1.0575389848675696E-09   1.0566808103189700E-24   6.6032474016265614E+03
   1.0036770000000000E+09   1.0563765212576673E+05   1.0440274729401327E-09   1.0424524556953329E-24   6.6078575989063147E+03
   1.0056770000000000E+09   1.0634982867234059E+05   1.0307387561759179E-09   1.0284724537618457E-24   6.6124278708311967E+03
   1.0076770000000000E+09   1.0706265735226026E+05   1.0176685125074198E-09   1.0147356504352817E-24   6.6169587178949469E+03
   1.0096770000000000E+09   1.0777614450638846E+05   1.0048125103152193E-09   1.0012370103383487E-24   6.6214506320956598E+03
   1.0116770000000000E+09   1.0849028779156943E+05   9.9216656469861778E-10   9.8797157227302253E-25   6.6259040971171853E+03
   1.0136770000000000E+09   1.0920506654460354E+05   9.7972650887950430E-10   9.7493441969144720E-25   6.6303195885031728E+03
   1.0156770000000000E+09   1.0992044596166794E+05   9.6748816065425934E-10   9.6212064717151594E-25   6.6346975738258288E+03
   1.0176770000000000E+09   1.1063637338833587E+05   9.5544730581230267E-10   9.4952534234021703E-25   6.6390385128504649E+03
   1.0196770000000000E+09   1.1135278476539804E+05   9.4359976336150350E-10   9.3714365042216254E-25   6.6433428576980768E+03
   1.0216770000000000E+09   1.1206961391863060E+05   9.3194142661284630E-10   9.2497081417045385E-25   6.6476110530073383E+03
   1.0236770000000000E+09   1.1278680119951037E+05   9.2046831234639732E-10   9.1300222183428930E-25   6.6518435360963513E+03
   1.0256770000000000E+09   1.1350430038896496E+05   9.0917659855430461E-10   9.0123344372085301E-25   6.6560407371230249E+03
   1.0276770000000000E+09   1.1422208243945018E+05   8.9806264293696605E-10   8.8966024962005956E-25   6.6602030792428395E+03
   1.0296770000000000E+09   1.1494013576128153E+05   8.8712298092872724E-10   8.7827860592418419E-25   6.6643309787627095E+03
   1.0316770000000000E+09   1.1565846366148458E+05   8.7635430749116053E-10   8.6708465669152747E-25   6.6684248452894863E+03
   1.0336770000000000E+09   1.1637708007615390E+05   8.6575344973165527E-10   8.5607469568464983E-25   6.6724850818729501E+03
   1.0356770000000000E+09   1.1709600481984529E+05   8.5531733760132174E-10   8.4524513658839195E-25   6.6765120851428883E+03
   1.0376770000000000E+09   1.1781525932199990E+05   8.4504297823375582E-10   8.3459248691682569E-25   6.6805062454409735E+03
   1.0396770000000000E+09   1.1853486341891928E+05   8.3492743696273496E-10   8.2411332860538154E-25   6.6844679469478087E+03
   1.0416770000000000E+09   1.1925483337758412E+05   8.2496782567037625E-10   8.1380430591500240E-25   6.6883975678059878E+03
   1.0436770000000000E+09   1.1997518103395200E+05   8.1516129746059895E-10   8.0366211963519673E-25   6.6922954802397362E+03
   1.0456770000000000E+09   1.2069591376766657E+05   8.0550504586063396E-10   7.9368352579267820E-25   6.6961620506714935E+03
   1.0476770000000000E+09   1.2141703499741841E+05   7.9599630665255117E-10   7.8386533697774747E-25   6.6999976398360559E+03
   1.0496770000000000E+09   1.2213854492338955E+05   7.8663236076202015E-10   7.7420442472741729E-25   6.7038026028920340E+03
   1.0516770000000000E+09   1.2286044131832404E+05   7.7741053713479198E-10   7.6469772190567232E-25   6.7075772895310638E+03
   1.0536770000000000E+09   1.2358272024716318E+05   7.6832821501830456E-10   7.5534222450505408E-25   6.7113220440846590E+03
   1.0556770000000000E+09   1.2430537666031804E+05   7.5938282543451838E-10   7.4613499265927991E-25   6.7150372056288170E+03
   1.0576770000000000E+09   1.2502840484928356E+05   7.5057185186326868E-10   7.3707315088733548E-25   6.7187231080861329E+03
   1.0596770000000000E+09   1.2575179877739389E+05   7.4189283027208804E-10   7.2815388770447394E-25   6.7223800803258055E+03
   1.0616770000000000E+09   1.2647555230908919E+05   7.3334334866083606E-10   7.1937445476719295E-25   6.7260084462612494E+03
   1.0636770000000000E+09   1.2719965936242939E+05   7.2492104627702306E-10   7.1073216570653342E-25   6.7296085249454691E+03
   1.0656770000000000E+09   1.2792411400650429E+05   7.1662361262634860E-10   7.0222439477272691E-25   6.7331806306642629E+03
   1.0676770000000000E+09   1.2864891052104745E+05   7.0844878636862702E-10   6.9384857538006457E-25   6.7367250730272226E+03
   1.0696770000000000E+09   1.2937404343117979E+05   7.0039435416087641E-10   6.8560219861266170E-25   6.7402421570565884E+03
   1.0716770000000000E+09   1.3009950752667332E+05   6.9245814948835098E-10   6.7748281173092489E-25   6.7437321832741418E+03
   1.0736770000000000E+09   1.3082529787238620E+05   6.8463805150967102E-10   6.6948801670409027E-25   6.7471954477859172E+03
   1.0756770000000000E+09   1.3155140981435272E+05   6.7693198393209237E-10   6.6161546878412494E-25   6.7506322423651663E+03
   1.0776770000000000E+09   1.3227783898425821E+05   6.6933791392534329E-10   6.5386287512886016E-25   6.7540428545332225E+03
   1.0796770000000000E+09   1.3300458130356407E+05   6.6185385107673576E-10   6.4622799347654377E-25   6.7574275676386023E+03
   1.0816770000000000E+09   1.3373163298747595E+05   6.5447784638594392E-10   6.3870863086980470E-25   6.7607866609343655E+03
   1.0836770000000000E+09   1.3445899054820964E+05   6.4720799129547115E-10   6.3130264242475511E-25   6.7641204096535112E+03
   1.0856770000000000E+09   1.3518665079675539E+05   6.4004241675216933E-10   6.2400793014023564E-25   6.7674290850829639E+03
   1.0876770000000000E+09   1.3591461084240922E+05   6.3297929229576872E-10   6.1682244174294289E-25   6.7707129546355945E+03
   1.0896770000000000E+09   1.3664286808960335E+05   6.2601682517195399E-10   6.0974416956560768E-25   6.7739722819208464E+03
   1.0916770000000000E+09   1.3737142023190763E+05   6.1915325946891616E-10   6.0277114945686172E-25   6.7772073268136892E+03
   1.0936770000000000E+09   1.3810026524331517E+05   6.1238687527735679E-10   5.9590145972242961E-25   6.7804183455220327E+03
   1.0956770000000000E+09   1.3882940136703054E+05   6.0571598787428673E-10   5.8913322009765724E-25   6.7836055906526217E+03
   1.0976770000000000E+09   1.3955882710196468E+05   5.9913894693078174E-10   5.8246459075121560E-25   6.7867693112756115E+03
   1.0996770000000000E+09   1.4028854118702325E+05   5.9265413574329812E-10   5.7589377131932808E-25   6.7899097529875507E+03
   1.1016770000000000E+09   1.4101854258313737E+05   5.8625997048768725E-10   5.6941899996937686E-25   6.7930271579730379E+03
   1.1036770000000000E+09   1.4174883045285023E+05   5.7995489949469186E-10   5.6303855249143272E-25   6.7961217650651388E+03
   1.1056770000000000E+09   1.4247940413717565E+05   5.7373740254556854E-10   5.5675074141615906E-25   6.7991938098042601E+03
   1.1076770000000000E+09   1.4321026312940018E+05   5.6760599018667573E-10   5.5055391515766646E-25   6.8022435244960443E+03
   1.1096770000000000E+09   1.4394140704546997E+05   5.6155920306204026E-10   5.4444645718017057E-25   6.8052711382677498E+03
   1.1116770000000000E+09   1.4467283559059008E+05   5.5559561126336506E-10   5.3842678518767347E-25   6.8082768771235014E+03
   1.1136770000000000E+09   1.4540454852170122E+05   5.4971381369713035E-10   5.3249335033610482E-25   6.8112609639984548E+03
   1.1156770000000000E+09   1.4613654560548055E+05   5.4391243746872470E-10   5.2664463646767231E-25   6.8142236188116840E+03
   1.1176770000000000E+09   1.4686882657156576E+05   5.3819013728367699E-10   5.2087915936726676E-25   6.8171650585179341E+03
   1.1196770000000000E+09   1.4760139106074572E+05   5.3254559486604959E-10   5.1519546604078056E-25   6.8200854971583667E+03
   1.1216770000000000E+09   1.4833423856789240E+05   5.2697751839411982E-10   5.0959213401527194E-25   6.8229851459101747E+03
   1.1236770000000000E+09   1.4906736837953527E+05   5.2148464195324302E-10   5.0406777066068899E-25   6.8258642131350889E+03
   1.1256770000000000E+09   1.4980077950605896E+05   5.1606572500576425E-10   4.9862101253282660E-25   6.8287229044270116E+03
   1.1276770000000000E+09   1.5053447060868383E+05   5.1071955187751184E-10   4.9325052473690738E-25   6.8315614226584930E+03
   1.1296770000000000E+09   1.5126843992154009E+05   5.0544493126026312E-10   4.8795500031101681E-25   6.8343799680263064E+03
   1.1316770000000000E+09   1.5200268516937940E+05   5.0024069572922352E-10   4.8273315962830336E-25   6.8371787380961032E+03
   1.1336770000000000E+09   1.5273720348169107E+05   4.9510570127427570E-10   4.7758374981659884E-25   6.8399579278460324E+03
   1.1356770000000000E+09   1.5347199130426080E+05   4.9003882684345165E-10   4.7250554419380667E-25   6.8427177297095786E+03
   1.1376770000000000E+09   1.5420704430949932E+05   4.8503897389669957E-10   4.6749734171707425E-25   6.8454583336173719E+03
   1.1396770000000000E+09   1.5494235730715556E+05   4.8010506596776145E-10   4.6255796644349425E-25   6.8481799270383790E+03
   1.1416770000000000E+09   1.5567792415733999E+05   4.7523604823158255E-10   4.5768626699977431E-25   6.8508826950198272E+03
   1.1436770000000000E+09   1.5641373768807456E+05   4.7043088707453673E-10   4.5288111605808742E-25   6.8535668202268262E+03
   1.1456770000000000E+09   1.5714978961985791E+05   4.6568856966441294E-10   4.4814140981513073E-25   6.8562324829807567E+03
   1.1476770000000000E+09   1.5788607049997937E+05   4.6100810351708651E-10   4.4346606747130093E-25   6.8588798612971041E+03
   1.1496770000000000E+09   1.5862256964949126E+05   4.5638851605671017E-10   4.3885403070688728E-25   6.8615091309224599E+03
   1.1516770000000000E+09   1.5935927512587162E+05   4.5182885416636588E-10   4.3430426315226304E-25   6.8641204653708683E+03
   1.1536770000000000E+09   1.6009617370442086E+05   4.4732818372630954E-10   4.2981574984928239E-25   6.8667140359593286E+03
   1.1556770000000000E+09   1.6083325088135747E+05   4.4288558913732466E-10   4.2538749670143229E-25   6.8692900118426969E+03
   1.1576770000000000E+09   1.6157049090135648E+05   4.3850017282717199E-10   4.2101852991078380E-25   6.8718485600477961E+03
   1.1596770000000000E+09   1.6230787681192043E+05   4.3417105473883381E-10   4.1670789540044145E-25   6.8743898455070712E+03
   1.1616770000000000E+09   1.6304539054647472E+05   4.2989737179999310E-10   4.1245465822194936E-25   6.8769140310914527E+03
   1.1636770000000000E+09   1.6378301303740562E+05   4.2567827737421685E-10   4.0825790194807169E-25   6.8794212776425675E+03
   1.1656770000000000E+09   1.6452072435948093E+05   4.2151294069533086E-10   4.0411672805233569E-25   6.8819117440045311E+03
   1.1676770000000000E+09   1.6525850390313988E+05   4.1740054628763434E-10   4.0003025527786574E-25   6.8843855870550096E+03
   1.1696770000000000E+09   1.6599633057609815E+05   4.1334029337581289E-10   3.9599761899916138E-25   6.8868429617358070E+03
   1.1716770000000000E+09   1.6673418303061751E+05   4.0933139528954173E-10   3.9201797058156630E-25   6.8892840210827908E+03
   1.1736770000000000E+09   1.6747203991263290E+05   4.0537307886890675E-10   3.8809047674422492E-25   6.8917089162554876E+03
   1.1756770000000000E+09   1.6820988012782676E+05   4.0146458387766463E-10   3.8421431893320033E-25   6.8941177965660208E+03
   1.1776770000000000E+09   1.6894768311872651E+05   3.9760516243211090E-10   3.8038869271209302E-25   6.8965108095075584E+03
   1.1796770000000000E+09   1.6968542914603476E+05   3.9379407845373176E-10   3.7661280717788089E-25   6.8988881007823329E+03
   1.1816770000000000E+09   1.7042309956674767E+05   3.9003060715392145E-10   3.7288588440978593E-25   6.9012498143291605E+03
   1.1836770000000000E+09   1.7116067710125429E+05   3.8631403455872299E-10   3.6920715895863788E-25   6.9035960923505208E+03
   1.1856770000000000E+09   1.7189814608154004E+05   3.8264365708087419E-10   3.6557587738355354E-25   6.9059270753390465E+03
   1.1876770000000000E+09   1.7263549267292491E+05   3.7901878114534725E-10   3.6199129784165660E-25   6.9082429021038852E+03
   1.1896770000000000E+09   1.7337270506238105E+05   3.7543872287309743E-10   3.5845268973521387E-25   6.9105437097960712E+03
   1.1916770000000000E+09   1.7410977360746681E+05   3.7190280782608905E-10   3.5495933341887560E-25   6.9128296339341396E+03
   1.1936770000000000E+09   1.7484669094116692E+05   3.6841037081460650E-10   3.5151051996787084E-25   6.9151008084286441E+03
   1.1956770000000000E+09   1.7558345202941753E+05   3.6496075576597690E-10   3.4810555100608896E-25   6.9173573656067083E+03
   1.1976770000000000E+09   1.7632005417975903E+05   3.6155331565168803E-10   3.4474373859103970E-25   6.9195994362358833E+03
   1.1996770000000000E+09   1.7705649700125953E+05   3.5818741246806817E-10   3.4142440515090435E-25   6.9218271495476820E+03
   1.2016770000000000E+09   1.7779278231754465E+05   3.5486241726401630E-10   3.3814688346734186E-25   6.9240406332606599E+03
   1.2036770000000000E+09   1.7852891403638403E+05   3.5157771020786064E-10   3.3491051669637574E-25   6.9262400136029783E+03
   1.2056770000000000E+09   1.7926489798067865E+05   3.4833268068446370E-10   3.3171465841879427E-25   6.9284254153346701E+03
   1.2076770000000000E+09   1.8000074168689881E+05   3.4512672741302871E-10   3.2855867271090113E-25   6.9305969617694709E+03
   1.2096770000000000E+09   1.8073645417797062E+05   3.4195925857580120E-10   3.2544193422623024E-25   6.9327547747961171E+03
   1.2116770000000000E+09   1.8147204571823566E+05   3.3882969194801528E-10   3.2236382827900060E-25   6.9348989748993044E+03
   1.2136770000000000E+09   1.8220752755844654E+05   3.3573745501990771E-10   3.1932375092056767E-25   6.9370296811803064E+03
   1.2156770000000000E+09   1.8294291167882571E+05   3.3268198510236141E-10   3.1632110900086794E-25   6.9391470113770074E+03
   1.2176770000000000E+09   1.8367821053790662E+05   3.2966272940887036E-10   3.1335532020791595E-25   6.9412510818837272E+03
   1.2196770000000000E+09   1.8441343683429874E+05   3.2667914510778868E-10   3.1042581307966806E-25   6.9433420077705641E+03
   1.2216770000000000E+09   1.8514860328764180E+05   3.2373069934033741E-10   3.0753202698399422E-25   6.9454199028024941E+03
   1.2236770000000000E+09   1.8588372244384157E+05   3.2081686920150596E-10   3.0467341206411255E-25   6.9474848794578566E+03
   1.2256770000000000E+09   1.8661880650832615E+05   3.1793714168270583E-10   3.0184942914844469E-25   6.9495370489467186E+03
   1.2276770000000000E+09   1.8735386720950721E+05   3.1509101357678392E-10   2.9905954962553835E-25   6.9515765212289016E+03
   1.2296770000000000E+09   1.8808891569309341E+05   3.1227799134755241E-10   2.9630325528617749E-25   6.9536034050314411E+03
   1.2316770000000000E+09   1.8882396244636111E+05   3.0949759096748263E-10   2.9358003813616598E-25   6.9556178078660278E+03
   1.2336770000000000E+09   1.8955901725019122E+05   3.0674933772822352E-10   2.9088940018427050E-25   6.9576198360459721E+03
   1.2356770000000000E+09   1.9029408915564060E+05   3.0403276602935167E-10   2.8823085321047020E-25   6.9596095947029280E+03
   1.2376770000000000E+09   1.9102918648110505E+05   3.0134741915107383E-10   2.8560391851996235E-25   6.9615871878032231E+03
   1.2396770000000000E+09   1.9176431682585535E+05   2.9869284901649792E-10   2.8300812668824189E-25   6.9635527181640509E+03
   1.2416770000000000E+09   1.9249948709574531E+05   2.9606861594865661E-10   2.8044301730216928E-25   6.9655062874693895E+03
   1.2436770000000000E+09   1.9323470353719546E+05   2.9347428842682645E-10   2.7790813870131755E-25   6.9674479962855448E+03
   1.2456770000000000E+09   1.9396997177608887E+05   2.9090944284585469E-10   2.7540304772309027E-25   6.9693779440763728E+03
   1.2476770000000000E+09   1.9470529685877980E+05   2.8837366328144242E-10   2.7292730945435160E-25   6.9712962292186749E+03
   1.2496770000000000E+09   1.9544068329303880E+05   2.8586654126343847E-10   2.7048049699152804E-25   6.9732029490166469E+03
   1.2516770000000000E+09   1.9617613508729535E+05   2.8338767555868220E-10   2.6806219121054105E-25   6.9750981997168310E+03
   1.2536770000000000E+09   1.9691165578705157E+05   2.8093667196418417E-10   2.6567198054733389E-25   6.9769820765222539E+03
   1.2556770000000000E+09   1.9764724850769949E+05   2.7851314311115122E-10   2.6330946078940305E-25   6.9788546736065800E+03
   1.2576770000000000E+09   1.9838291596336855E+05   2.7611670827988893E-10   2.6097423487833546E-25   6.9807160841280720E+03
   1.2596770000000000E+09   1.9911866049169539E+05   2.7374699322535913E-10   2.5866591272311378E-25   6.9825664002432140E+03
   1.2616770000000000E+09   1.9985448407460091E+05   2.7140363001301078E-10   2.5638411102378781E-25   6.9844057131201644E+03
   1.2636770000000000E+09   2.0059038835534590E+05   2.6908625686432191E-10   2.5412845310495127E-25   6.9862341129519646E+03
   1.2656770000000000E+09   2.0132637465218647E+05   2.6679451801146917E-10   2.5189856875843906E-25   6.9880516889696701E+03
   1.2676770000000000E+09   2.0206244396894792E+05   2.6452806356053242E-10   2.4969409409467050E-25   6.9898585294549757E+03
   1.2696770000000000E+09   2.0279859700277372E+05   2.6228654936273196E-10   2.4751467140212071E-25   6.9916547217528541E+03
   1.2716770000000000E+09   2.0353483414918330E+05   2.6006963689328339E-10   2.4535994901450473E-25   6.9934403522841931E+03
   1.2736770000000000E+09   2.0427115550450503E+05   2.5787699313747401E-10   2.4322958118530544E-25   6.9952155065576035E+03
   1.2756770000000000E+09   2.0500756086562856E+05   2.5570829048373700E-10   2.4112322796936535E-25   6.9969802691817313E+03
   1.2776770000000000E+09   2.0574404972699602E+05   2.5356320662340421E-10   2.3904055511126103E-25   6.9987347238769134E+03
   1.2796770000000000E+09   2.0648062127471477E+05   2.5144142445690035E-10   2.3698123394018957E-25   7.0004789534869115E+03
   1.2816770000000000E+09   2.0721727437766027E+05   2.4934263200607699E-10   2.3494494127108157E-25   7.0022130399902271E+03
   1.2836770000000000E+09   2.0795400757541880E+05   2.4726652233240244E-10   2.3293135931163738E-25   7.0039370645114459E+03
   1.2856770000000000E+09   2.0869081906287710E+05   2.4521279346069656E-10   2.3094017557498841E-25   7.0056511073323327E+03
   1.2876770000000000E+09   2.0942770667117878E+05   2.4318114830813811E-10   2.2897108279771088E-25   7.0073552479025630E+03
   1.2896770000000000E+09   2.1016466784468197E+05   2.4117129461831517E-10   2.2702377886294177E-25   7.0090495648507404E+03
   1.2916770000000000E+09   2.1090169961337076E+05   2.3918294490013524E-10   2.2509796672844188E-25   7.0107341359946367E+03
   1.2936770000000000E+09   2.1163879855996673E+05   2.3721581637159083E-10   2.2319335435955024E-25   7.0124090383518715E+03
   1.2956770000000000E+09   2.1237596078072133E+05   2.3526963090844404E-10   2.2130965466711013E-25   7.0140743481499085E+03
   1.2976770000000000E+09   2.1311318183858157E+05   2.3334411499813003E-10   2.1944658545060770E-25   7.0157301408362646E+03
   1.2996770000000000E+09   2.1385045670724605E+05   2.3143899969922025E-10   2.1760386934684825E-25   7.0173764910883092E+03
   1.3016770000000000E+09   2.1458777970473576E+05   2.2955402060674623E-10   2.1578123378442249E-25   7.0190134728231169E+03
   1.3036770000000000E+09   2.1532514441582197E+05   2.2768891782320873E-10   2.1397841094379420E-25   7.0206411592069808E+03
   1.3056770000000000E+09   2.1606254360432050E+05   2.2584343593412989E-10   2.1219513772190825E-25   7.0222596226648311E+03
   1.3076770000000000E+09   2.1679996911934685E+05   2.2401732398518292E-10   2.1043115569851497E-25   7.0238689348895650E+03
   1.3096770000000000E+09   2.1753741180431686E+05   2.2221033545526614E-10   2.0868621109891121E-25   7.0254691668510450E+03
   1.3116770000000000E+09   2.1827486142381304E+05   2.2042222821640848E-10   2.0696005474451160E-25   7.0270603888053947E+03
   1.3136770000000000E+09   2.1901230663079023E+05   2.1865276446744931E-10   2.0525244197903233E-25   7.0286426703034949E+03
   1.3156770000000000E+09   2.1974973500357458E+05   2.1690171062508719E-10   2.0356313255488042E-25   7.0302160801998598E+03
   1.3176770000000000E+09   2.2048713318633233E+05   2.1516883715428786E-10   2.0189189046293166E-25   7.0317806866611973E+03
   1.3196770000000000E+09   2.2122448716502820E+05   2.1345391832212463E-10   2.0023848369084612E-25   7.0333365571748664E+03
   1.3216770000000000E+09   2.2196178269996200E+05   2.1175673186656894E-10   1.9860268390209856E-25   7.0348837585573774E+03
   1.3236770000000000E+09   2.2269900591336322E+05   2.1007705858558034E-10   1.9698426604091542E-25   7.0364223569624291E+03
   1.3256770000000000E+09   2.2343614399627101E+05   2.0841468187176047E-10   1.9538300788694447E-25   7.0379524178893171E+03
   1.3276770000000000E+09   2.2417318595739684E+05   2.0676938724071371E-10   1.9379868960491925E-25   7.0394740061911016E+03
   1.3296770000000000E+09   2.2491012329711218E+05   2.0514096192174673E-10   1.9223109335366491E-25   7.0409871860825460E+03
   1.3316770000000000E+09   2.2564695046609000E+05   2.0352919458967786E-10   1.9068000302812626E-25   7.0424920211481322E+03
   1.3336770000000000E+09   2.2638366497534097E+05   2.0193387530845647E-10   1.8914520420036395E-25   7.0439885743502637E+03
   1.3356770000000000E+09   2.2712026707332404E+05   2.0035479572588024E-10   1.8762648429591056E-25   7.0454769080365722E+03
   1.3376770000000000E+09   2.2785675899586867E+05   1.9879174950578777E-10   1.8612363299216803E-25   7.0469570839480411E+03
   1.3396770000000000E+09   2.2859314390889736E+05   1.9724453292008932E-10   1.8463644276573490E-25   7.0484291632262475E+03
   1.3416770000000000E+09   2.2932942476884357E+05   1.9571294546751742E-10   1.8316470946374454E-25   7.0498932064207183E+03
   1.3436770000000000E+09   2.3006560337909829E+05   1.9419679036165694E-10   1.8170823275190692E-25   7.0513492734960982E+03
   1.3456770000000000E+09   2.3080167988839064E+05   1.9269587475515159E-10   1.8026681631508076E-25   7.0527974238391198E+03
   1.3476770000000000E+09   2.3153765285103972E+05   1.9121000964174391E-10   1.7884026775643468E-25   7.0542377162653047E+03
   1.3496770000000000E+09   2.3227351978197205E+05   1.8973900948292748E-10   1.7742839823963026E-25   7.0556702090259678E+03
   1.3516770000000000E+09   2.3300927796023482E+05   1.8828269170257953E-10   1.7603102200862475E-25   7.0570949598145789E+03
   1.3536770000000000E+09   2.3374492514419515E+05   1.8684087623794257E-10   1.7464795596129292E-25   7.0585120257733997E+03
   1.3556770000000000E+09   2.3448045991274421E+05   1.8541338530212526E-10   1.7327901942159107E-25   7.0599214635000981E+03
   1.3576770000000000E+09   2.3521588152901494E+05   1.8400004341067213E-10   1.7192403415876522E-25   7.0613233290539138E+03
   1.3596770000000000E+09   2.3595118945464087E+05   1.8260067759870342E-10   1.7058282458430711E-25   7.0627176779620067E+03
   1.3616770000000000E+09   2.3668638280444770E+05   1.8121511766943447E-10   1.6925521797765643E-25   7.0641045652255907E+03
   1.3636770000000000E+09   2.3742146003255187E+05   1.7984319631661161E-10   1.6794104459371588E-25   7.0654840453262768E+03
   1.3656770000000000E+09   2.3815641897886319E+05   1.7848474905145599E-10   1.6664013758784372E-25   7.0668561722321720E+03
   1.3676770000000000E+09   2.3889125717853333E+05   1.7713961398563044E-10   1.6535233280688986E-25   7.0682209994046161E+03
   1.3696770000000000E+09   2.3962597218990079E+05   1.7580763159975596E-10   1.6407746856740403E-25   7.0695785798047718E+03
   1.3716770000000000E+09   2.4036056172267767E+05   1.7448864461407332E-10   1.6281538552965475E-25   7.0709289659000988E+03
   1.3736770000000000E+09   2.4109502352018928E+05   1.7318249798889013E-10   1.6156592669285702E-25   7.0722722096706266E+03
   1.3756770000000000E+09   2.4182935513434251E+05   1.7188903898638141E-10   1.6032893744747685E-25   7.0736083626146010E+03
   1.3776770000000000E+09   2.4256355378979372E+05   1.7060811719384560E-10   1.5910426559145655E-25   7.0749374757523283E+03
   1.3796770000000000E+09   2.4329761642969740E+05   1.6933958445966052E-10   1.5789176126512105E-25   7.0762595996292112E+03
   1.3816770000000000E+09   2.4403153986764312E+05   1.6808329477731504E-10   1.5669127683803348E-25   7.0775747843169893E+03
   1.3836770000000000E+09   2.4476532088189502E+05   1.6683910419778185E-10   1.5550266682263863E-25   7.0788830794151327E+03
   1.3856770000000000E+09   2.4549895612926155E+05   1.6560687082850369E-10   1.5432578786886022E-25   7.0801845340531299E+03
   1.3876770000000000E+09   2.4623244181506528E+05   1.6438645493910409E-10   1.5316049885823867E-25   7.0814791968976360E+03
   1.3896770000000000E+09   2.4696577289343669E+05   1.6317771924610340E-10   1.5200666116527881E-25   7.0827671161658427E+03
   1.3916770000000000E+09   2.4769894084911709E+05   1.6198052972854344E-10   1.5086413941494114E-25   7.0840483396469299E+03
   1.3936770000000000E+09   2.4843192719082741E+05   1.6079475806825185E-10   1.4973280375764789E-25   7.0853229147298571E+03
   1.3956770000000000E+09   2.4916468514041082E+05   1.5962028857751333E-10   1.4861253633344677E-25   7.0865908884287983E+03
   1.3976770000000000E+09   2.4989709127699598E+05   1.5845703653964672E-10   1.4750324838447722E-25   7.0878523073913448E+03
   1.3996770000000000E+09   2.5062882617348281E+05   1.5730499350586204E-10   1.4640492250249791E-25   7.0891072178677596E+03
   1.4016770000000000E+09   2.5135910116931747E+05   1.5616433105216382E-10   1.4531770934930688E-25   7.0903556656150286E+03
   1.4036770000000000E+09   2.5208608682965761E+05   1.5503561819245340E-10   1.4424213019460595E-25   7.0915976957186531E+03
   1.4056770000000000E+09   2.5280584549903523E+05   1.5392022881546166E-10   1.4317945617995068E-25   7.0928333523362726E+03
   1.4076770000000000E+09   2.5351062196158004E+05   1.5282099823565811E-10   1.4213231884552134E-25   7.0940626784169617E+03
   1.4096770000000000E+09   2.5418669778390939E+05   1.5174305795909199E-10   1.4110548509605678E-25   7.0952857155211013E+03
   1.4116770000000000E+09   2.5481288469349363E+05   1.5069444803975467E-10   1.4010642285661173E-25   7.0965025039528800E+03
   1.4136770000000000E+09   2.5536200761300311E+05   1.4968560622518109E-10   1.3914481936407347E-25   7.0977130834497693E+03
   1.4156770000000000E+09   2.5580830504233757E+05   1.4872656157257448E-10   1.3822996467161712E-25   7.0989174945064360E+03
   1.4176770000000000E+09   2.5614123153961552E+05   1.4782151407467261E-10   1.3736571170040401E-25   7.1001157797699689E+03
   1.4196770000000000E+09   2.5637927327001965E+05   1.4696313083906121E-10   1.3654518818874869E-25   7.1013079836744355E+03
   1.4216770000000000E+09   2.5657076518293156E+05   1.4613175596248226E-10   1.3575008957809311E-25   7.1024941472049186E+03
   1.4236770000000000E+09   2.5677442870130713E+05   1.4530302659397023E-10   1.3495777611582101E-25   7.1036742960354040E+03
   1.4256770000000000E+09   2.5703500993584353E+05   1.4445845611803963E-10   1.3415109309074995E-25   7.1048484295431226E+03
   1.4276770000000000E+09   2.5738398256931509E+05   1.4358637275529065E-10   1.3331920880777152E-25   7.1060165394430160E+03
   1.4296770000000000E+09   2.5786658977342446E+05   1.4267137950622974E-10   1.3244782257187039E-25   7.1071787005115002E+03
   1.4316770000000000E+09   2.5853354892785256E+05   1.4168861906036574E-10   1.3151388195076103E-25   7.1083352122738788E+03
   1.4336770000000000E+09   2.5952888752708377E+05   1.4065464907375356E-10   1.3053281710381717E-25   7.1094865760417470E+03
   1.4356770000000000E+09   2.5946147574952210E+05   1.3922410488160959E-10   1.2918417674615650E-25   7.1106309879242608E+03
