   99.999999999996461        5.0000000000000003E-002         390        2001
   75.412314104628862        19.515062174606918     
   6.5767700000000000E+08  -3.0154852287424387E+03   1.4867664015074068E-08   3.4915594824483530E-18   8.1916306932013117E+02
   6.5967700000000000E+08  -3.4246123018836397E+03   1.7887415292902938E-08   4.1154192060460207E-18   8.3614304489310632E+02
   6.6167700000000000E+08  -3.6785789525353471E+03   1.8822261690727117E-08   4.2523499351053132E-18   8.5151025443597314E+02
   6.6367700000000000E+08  -3.5178179116626070E+03   1.8339763970614301E-08   4.0696247004659933E-18   8.6693483297839146E+02
   6.6567700000000000E+08  -2.9550104891882102E+03   1.7165814444089785E-08   3.7331134559765742E-18   8.8458647739196704E+02
   6.6767700000000000E+08  -2.2653034772813057E+03   1.5852881883663084E-08   3.3637882188793731E-18   9.0662282819364475E+02
   6.6967700000000000E+08  -1.6215640329770210E+03   1.4665443963577552E-08   3.0201564752626035E-18   9.3414187738751275E+02
   6.7167700000000000E+08  -1.0189221777713050E+03   1.3676506895155857E-08   2.7175543822621605E-18   9.6815304686983654E+02
   6.7367700000000000E+08  -3.8475934807653277E+02   1.2896215578231488E-08   2.4558068459433081E-18   1.0102181109558386E+03
   6.7567700000000000E+08   4.3492904836086558E+02   1.2329711020264174E-08   2.2286289418110292E-18   1.0642954444951017E+03
   6.7767700000000000E+08   1.5290280677439328E+03   1.1991542198886063E-08   2.0277557250090246E-18   1.1376442480987807E+03
   6.7967700000000000E+08   2.8327450365657442E+03   1.1870726737514240E-08   1.8481767335655861E-18   1.2356084809461572E+03
   6.8167700000000000E+08   4.2298963226503893E+03   1.1907604189042770E-08   1.6881686199784850E-18   1.3569243577951281E+03
   6.8367700000000000E+08   5.6736396589194319E+03   1.2014842521109313E-08   1.5481417583395990E-18   1.4929815102706921E+03
   6.8567700000000000E+08   7.2078760012823841E+03   1.2120022600723762E-08   1.4272632683761921E-18   1.6336025856003753E+03
   6.8767700000000000E+08   8.8701580591469738E+03   1.2185143179644623E-08   1.3234640799562955E-18   1.7711916230937015E+03
   6.8967700000000000E+08   1.0666787371433065E+04   1.2198530304717161E-08   1.2341437987137864E-18   1.9014671007194863E+03
   6.9167700000000000E+08   1.2578864433115214E+04   1.2162252772624009E-08   1.1567764404469851E-18   2.0226077259668655E+03
   6.9367700000000000E+08   1.4576082408195707E+04   1.2083407982392424E-08   1.0891594019695569E-18   2.1342488982508985E+03
   6.9567700000000000E+08   1.6623374307386941E+04   1.1969801239371461E-08   1.0294687661706444E-18   2.2367674578615843E+03
   6.9767700000000000E+08   1.8683653867468573E+04   1.1828147343388023E-08   9.7622404798052812E-19   2.3308498387139311E+03
   6.9967700000000000E+08   2.0719291428754692E+04   1.1663614838272657E-08   9.2823355932191003E-19   2.4172578284532715E+03
   7.0167700000000000E+08   2.2692879799589246E+04   1.1479938551697559E-08   8.8454115471283767E-19   2.4967128183225786E+03
   7.0367700000000000E+08   2.4568105025249690E+04   1.1279728579970761E-08   8.4438120336586052E-19   2.5698463866922093E+03
   7.0567700000000000E+08   2.6310836126510680E+04   1.1064816774965673E-08   8.0714280266172971E-19   2.6371869607053668E+03
   7.0767700000000000E+08   2.7890371090810120E+04   1.0836574312494194E-08   7.7234191048160121E-19   2.6991653054828348E+03
   7.0967700000000000E+08   2.9280742861304287E+04   1.0596174956052881E-08   7.3959952601390607E-19   2.7561291714102922E+03
   7.1167700000000000E+08   3.0461978200391499E+04   1.0344797256406519E-08   7.0862424943654987E-19   2.8083617224149593E+03
   7.1367700000000000E+08   3.1421200567895270E+04   1.0083765646389552E-08   6.7919783701039012E-19   2.8561007361049496E+03
   7.1567700000000000E+08   3.2153455432311246E+04   9.8146325422195888E-09   6.5116266559119648E-19   2.8995568192642504E+03
   7.1767700000000000E+08   3.2662125671015539E+04   9.5392044166553007E-09   6.2441030045106102E-19   2.9389295003165566E+03
   7.1967700000000000E+08   3.2958811567677090E+04   9.2595164418687223E-09   5.9887065677242475E-19   2.9744203551084188E+03
   7.2167700000000000E+08   3.3062590479368453E+04   8.9777634104275414E-09   5.7450156563457907E-19   3.0062425071227140E+03
   7.2367700000000000E+08   3.2998650629903823E+04   8.6961988331433167E-09   5.5127887331701092E-19   3.0346260616330460E+03
   7.2567700000000000E+08   3.2796400354478472E+04   8.4170180584702701E-09   5.2918745787864079E-19   3.0598193582316535E+03
   7.2767700000000000E+08   3.2487260803939651E+04   8.1422432806567247E-09   5.0821367100900682E-19   3.0820863531557798E+03
   7.2967700000000000E+08   3.2102421773798738E+04   7.8736271517513293E-09   4.8833966533648209E-19   3.1017008967279944E+03
   7.3167700000000000E+08   3.1670849968070750E+04   7.6125872323506028E-09   4.6953986164466025E-19   3.1189390370267906E+03
   7.3367700000000000E+08   3.1217780831849781E+04   7.3601768124600891E-09   4.5177951636141782E-19   3.1340706532447798E+03
   7.3567700000000000E+08   3.0763817958843127E+04   7.1170906007835990E-09   4.3501506454823734E-19   3.1473516521446313E+03
   7.3767700000000000E+08   3.0324642794141051E+04   6.8836982682457758E-09   4.1919572128448232E-19   3.1590176767530561E+03
   7.3967700000000000E+08   2.9911236912531764E+04   6.6600959276048349E-09   4.0426576422070647E-19   3.1692798681340614E+03
   7.4167700000000000E+08   2.9530461240790446E+04   6.4461654077327375E-09   3.9016698105007384E-19   3.1783228011195688E+03
   7.4367700000000000E+08   2.9185824660059257E+04   6.2416329264167765E-09   3.7684090275042510E-19   3.1863043759692109E+03
   7.4567700000000000E+08   2.8878297617360782E+04   6.0461214565792398E-09   3.6423060334054121E-19   3.1933572385652024E+03
   7.4767700000000000E+08   2.8607067795108116E+04   5.8591938117924310E-09   3.5228198798528881E-19   3.1995912244758310E+03
   7.4967700000000000E+08   2.8370179084962860E+04   5.6803856814978664E-09   3.4094459205508626E-19   3.2050963480927371E+03
   7.5167700000000000E+08   2.8165032067681190E+04   5.5092293141205209E-09   3.3017197080165532E-19   3.2099459458134975E+03
   7.5367700000000000E+08   2.7988749791602721E+04   5.3452693208500343E-09   3.1992178047912390E-19   3.2141996935816283E+03
   7.5567700000000000E+08   2.7838427067687557E+04   5.1880723229470620E-09   3.1015564897054273E-19   3.2179063265342943E+03
   7.5767700000000000E+08   2.7711287196692938E+04   5.0372320848812182E-09   3.0083891853099451E-19   3.2211059768741216E+03
   7.5967700000000000E+08   2.7604770032898105E+04   4.8923715277596654E-09   2.9194032347092365E-19   3.2238321101957276E+03
   7.6167700000000000E+08   2.7516572209275080E+04   4.7531427161259857E-09   2.8343164656499662E-19   3.2261130815893257E+03
   7.6367700000000000E+08   2.7444656100148146E+04   4.6192256231440245E-09   2.7528738213374817E-19   3.2279733552889998E+03
   7.6567700000000000E+08   2.7387239838453050E+04   4.4903262359875122E-09   2.6748442180584380E-19   3.2294344406538185E+03
   7.6767700000000000E+08   2.7342777018893375E+04   4.3661743739297794E-09   2.6000177065726129E-19   3.2305155976265291E+03
   7.6967700000000000E+08   2.7309931807950783E+04   4.2465214528859177E-09   2.5282029605597195E-19   3.2312343602533715E+03
   7.7167700000000000E+08   2.7287553032982119E+04   4.1311383334263447E-09   2.4592250835229250E-19   3.2316069200159081E+03
   7.7367700000000000E+08   2.7274649321317669E+04   4.0198133248037136E-09   2.3929237086685464E-19   3.2316484033179572E+03
   7.7567700000000000E+08   2.7270366362561923E+04   3.9123503764478351E-09   2.3291513590618951E-19   3.2313730704606287E+03
   7.7767700000000000E+08   2.7273966737040893E+04   3.8085674634943133E-09   2.2677720339392800E-19   3.2307944573006134E+03
   7.7967700000000000E+08   2.7284812377746937E+04   3.7082951588005807E-09   2.2086599888190137E-19   3.2299254756817900E+03
   7.8167700000000000E+08   2.7302349526150614E+04   3.6113753766911316E-09   2.1516986803311891E-19   3.2287784846365189E+03
   7.8367700000000000E+08   2.7326095942056432E+04   3.5176602707028159E-09   2.0967798504747957E-19   3.2273653411609635E+03
   7.8567700000000000E+08   2.7355630091874140E+04   3.4270112671127466E-09   2.0438027287552954E-19   3.2256974369332975E+03
   7.8767700000000000E+08   2.7390582040420970E+04   3.3392982169012029E-09   1.9926733340790178E-19   3.2237857255189547E+03
   7.8967700000000000E+08   2.7430625791067705E+04   3.2543986503322725E-09   1.9433038612719553E-19   3.2216407432601300E+03
   7.9167700000000000E+08   2.7475472847008936E+04   3.1721971201140664E-09   1.8956121396335010E-19   3.2192726260660838E+03
   7.9367700000000000E+08   2.7524866796577469E+04   3.0925846208915340E-09   1.8495211530594951E-19   3.2166911236151782E+03
   7.9567700000000000E+08   2.7578578754509977E+04   3.0154580745066050E-09   1.8049586130244736E-19   3.2139056119781549E+03
   7.9767700000000000E+08   2.7636403517344290E+04   2.9407198719755755E-09   1.7618565771554294E-19   3.2109251053199164E+03
   7.9967700000000000E+08   2.7698156314109812E+04   2.8682774644647407E-09   1.7201511073114258E-19   3.2077582670929869E+03
   8.0167700000000000E+08   2.7763670053144659E+04   2.7980429966957647E-09   1.6797819620520771E-19   3.2044134209691520E+03
   8.0367700000000000E+08   2.7832792982474584E+04   2.7299329771963494E-09   1.6406923191730429E-19   3.2008985616441178E+03
   8.0567700000000000E+08   2.7905386695107649E+04   2.6638679806475314E-09   1.6028285246412868E-19   3.1972213655769233E+03
   8.0767700000000000E+08   2.7981324422221594E+04   2.5997723782861846E-09   1.5661398648038644E-19   3.1933892016796608E+03
   8.0967700000000000E+08   2.8060489566939636E+04   2.5375740929185618E-09   1.5305783591933455E-19   3.1894091419453007E+03
   8.1167700000000000E+08   2.8142774439548204E+04   2.4772043756041891E-09   1.4960985716275922E-19   3.1852879719861744E+03
   8.1367700000000000E+08   2.8228079161889040E+04   2.4185976014948105E-09   1.4626574376160474E-19   3.1810322014488079E+03
   8.1567700000000000E+08   2.8316310714515697E+04   2.3616910826717754E-09   1.4302141063492783E-19   3.1766480742694880E+03
   8.1767700000000000E+08   2.8407382105211025E+04   2.3064248961286772E-09   1.3987297957726986E-19   3.1721415787368305E+03
   8.1967700000000000E+08   2.8501211641773996E+04   2.2527417253024573E-09   1.3681676594355829E-19   3.1675184573320134E+03
   8.2167700000000000E+08   2.8597722295679145E+04   2.2005867137730228E-09   1.3384926639686314E-19   3.1627842163226305E+03
   8.2367700000000000E+08   2.8696841146365761E+04   2.1499073299345344E-09   1.3096714761817130E-19   3.1579441350919342E+03
   8.2567700000000000E+08   2.8798498898543989E+04   2.1006532415958648E-09   1.2816723588915046E-19   3.1530032751914173E+03
   8.2767700000000000E+08   2.8902629467027411E+04   2.0527761995973198E-09   1.2544650746896779E-19   3.1479664891102639E+03
   8.2967700000000000E+08   2.9009169625195645E+04   2.0062299296390381E-09   1.2280207969482533E-19   3.1428384287605882E+03
   8.3167700000000000E+08   2.9118058714272353E+04   1.9609700316067876E-09   1.2023120274321203E-19   3.1376235536819618E+03
   8.3367700000000000E+08   2.9229238411172781E+04   1.9169538857552915E-09   1.1773125199509545E-19   3.1323261389725135E+03
   8.3567700000000000E+08   2.9342652552725376E+04   1.8741405651711443E-09   1.1529972095360382E-19   3.1269502829567705E+03
   8.3767700000000000E+08   2.9458247013696091E+04   1.8324907539883216E-09   1.1293421466728656E-19   3.1214999146022787E+03
   8.3967700000000000E+08   2.9575969635269565E+04   1.7919666708719847E-09   1.1063244361596338E-19   3.1159788006978692E+03
   8.4167700000000000E+08   2.9695770199585277E+04   1.7525319973228642E-09   1.0839221801961377E-19   3.1103905528063306E+03
   8.4367700000000000E+08   2.9817600444713324E+04   1.7141518103864328E-09   1.0621144253381835E-19   3.1047386340030976E+03
   8.4567700000000000E+08   2.9941414113194329E+04   1.6767925193805507E-09   1.0408811129807432E-19   3.0990263654107771E+03
   8.4767700000000000E+08   3.0067167026122923E+04   1.6404218062834351E-09   1.0202030330595049E-19   3.0932569325367745E+03
   8.4967700000000000E+08   3.0194817173841122E+04   1.6050085694515725E-09   1.0000617806857696E-19   3.0874333914184194E+03
   8.5167700000000000E+08   3.0324324813737840E+04   1.5705228703655828E-09   9.8043971545452010E-20   3.0815586745769074E+03
   8.5367700000000000E+08   3.0455652565515022E+04   1.5369358831311062E-09   9.6131992318998783E-20   3.0756355967783848E+03
   8.5567700000000000E+08   3.0588765494622316E+04   1.5042198464914675E-09   9.4268617991722759E-20   3.0696668605978261E+03
   8.5767700000000000E+08   3.0723631175383718E+04   1.4723480181391009E-09   9.2452291787207657E-20   3.0636550617791477E+03
   8.5967700000000000E+08   3.0860219726619282E+04   1.4412946311424475E-09   9.0681519338483541E-20   3.0576026943835705E+03
   8.6167700000000000E+08   3.0998503814212723E+04   1.4110348523340112E-09   8.8954865649501180E-20   3.0515121557175016E+03
   8.6367700000000000E+08   3.1138458617006527E+04   1.3815447425322093E-09   8.7270952217476699E-20   3.0453857510313551E+03
   8.6567700000000000E+08   3.1280061754482973E+04   1.3528012184942502E-09   8.5628454305718449E-20   3.0392256979816921E+03
   8.6767700000000000E+08   3.1423293176785115E+04   1.3247820165184646E-09   8.4026098358152192E-20   3.0330341308508441E+03
   8.6967700000000000E+08   3.1568135019610312E+04   1.2974656576320271E-09   8.2462659548116693E-20   3.0268131045204082E+03
   8.7167700000000000E+08   3.1714571428248219E+04   1.2708314143136436E-09   8.0936959455092524E-20   3.0205645981979301E+03
   8.7367700000000000E+08   3.1862588356454467E+04   1.2448592787102394E-09   7.9447863863844124E-20   3.0142905188991440E+03
   8.7567700000000000E+08   3.2012173346851345E+04   1.2195299323124057E-09   7.7994280681030197E-20   3.0079927046912749E+03
   8.7767700000000000E+08   3.2163315300125632E+04   1.1948247170556921E-09   7.6575157964685833E-20   3.0016729277060372E+03
   8.7967700000000000E+08   3.2316004240428010E+04   1.1707256078141809E-09   7.5189482062137680E-20   2.9953328969337094E+03
   8.8167700000000000E+08   3.2470231084106465E+04   1.1472151862500550E-09   7.3836275851932414E-20   2.9889742608120355E+03
   8.8367700000000000E+08   3.2625987418300952E+04   1.1242766159783885E-09   7.2514597085258661E-20   2.9825986096255619E+03
   8.8567700000000000E+08   3.2783265295075638E+04   1.1018936190011343E-09   7.1223536822185316E-20   2.9762074777323451E+03
   8.8767700000000000E+08   3.2942057045865986E+04   1.0800504533582010E-09   6.9962217957820818E-20   2.9698023456356068E+03
   8.8967700000000000E+08   3.3102355120365995E+04   1.0587318919365037E-09   6.8729793833199836E-20   2.9633846419183701E+03
   8.9167700000000000E+08   3.3264151954259672E+04   1.0379232023682833E-09   6.7525446925219643E-20   2.9569557450591910E+03
   8.9367700000000000E+08   3.3427439872780596E+04   1.0176101279333105E-09   6.6348387608957310E-20   2.9505169851478840E+03
   8.9567700000000000E+08   3.3592211044805714E+04   9.9777886934687015E-10   6.5197852983581233E-20   2.9440696455228917E+03
   8.9767700000000000E+08   3.3758457520326869E+04   9.7841606724902402E-10   6.4073105748592725E-20   2.9376149643594886E+03
   8.9967700000000000E+08   3.3926171420896193E+04   9.5950878508556811E-10   6.2973433108509937E-20   2.9311541362555481E+03
   9.0167700000000000E+08   3.4095345417157958E+04   9.4104449186271110E-10   6.1898145669496703E-20   2.9246883138968606E+03
   9.0367700000000000E+08   3.4265973720088303E+04   9.2301104397827685E-10   6.0846576271407293E-20   2.9182186099458222E+03
   9.0567700000000000E+08   3.4438053899609498E+04   9.0539666511585143E-10   5.9818078682022210E-20   2.9117460993875152E+03
   9.0767700000000000E+08   3.4611589815591251E+04   8.8818992342137015E-10   5.8812026093131283E-20   2.9052718226616862E+03
   9.0967700000000000E+08   3.4786595573822808E+04   8.7137970660673576E-10   5.7827809452117152E-20   2.8987967899273017E+03
   9.1167700000000000E+08   3.4963099394534831E+04   8.5495519915020668E-10   5.6864835903010279E-20   2.8923219865817291E+03
   9.1367700000000000E+08   3.5141144472668326E+04   8.3890587155003520E-10   5.5922528015234587E-20   2.8858483794648655E+03
   9.1567700000000000E+08   3.5320781954208047E+04   8.2322149716377277E-10   5.5000324885783739E-20   2.8793769219007700E+03
   9.1767700000000000E+08   3.5502051140705291E+04   8.0789221057829407E-10   5.4097686137764466E-20   2.8729085542089183E+03
   9.1967700000000000E+08   3.5684947205575103E+04   7.9290860267094187E-10   5.3214098598717847E-20   2.8664441957365434E+03
   9.2167700000000000E+08   3.5869388730277016E+04   7.7826180867076093E-10   5.2349082775581498E-20   2.8599847266758147E+03
   9.2367700000000000E+08   3.6055210256639264E+04   7.6394350564771587E-10   5.1502193390406568E-20   2.8535309639758184E+03
   9.2567700000000000E+08   3.6242204091915984E+04   7.4994574961253079E-10   5.0673008945595220E-20   2.8470836431034413E+03
   9.2767700000000000E+08   3.6430203454730174E+04   7.3626068295498975E-10   4.9861111998060785E-20   2.8406434194198614E+03
   9.2967700000000000E+08   3.6619151549918039E+04   7.2288029666787432E-10   4.9066072497432777E-20   2.8342108924955419E+03
   9.3167700000000000E+08   3.6809096650189902E+04   7.0979647904325179E-10   4.8287450295370758E-20   2.8277866386037181E+03
   9.3367700000000000E+08   3.7000104175464337E+04   6.9700128768014398E-10   4.7524813212758074E-20   2.8213712291294114E+03
   9.3567700000000000E+08   3.7192180628900904E+04   6.8448716053836569E-10   4.6777751614383692E-20   2.8149652253414988E+03
   9.3767700000000000E+08   3.7385361971222934E+04   6.7224711710117276E-10   4.6045892559151079E-20   2.8085691694880661E+03
   9.3967700000000000E+08   3.7579897827180801E+04   6.6027504144181567E-10   4.5328919182918560E-20   2.8021836112084011E+03
   9.4167700000000000E+08   3.7776185731004545E+04   6.4856541477388347E-10   4.4626551968988627E-20   2.7958091676689182E+03
   9.4367700000000000E+08   3.7974354907699177E+04   6.3711201895740117E-10   4.3938459550471600E-20   2.7894465411694405E+03
   9.4567700000000000E+08   3.8173926359352845E+04   6.2590676150792276E-10   4.3264178446633841E-20   2.7830964249942444E+03
   9.4767700000000000E+08   3.8373992679648698E+04   6.1494027830497629E-10   4.2603155714076770E-20   2.7767593447157351E+03
   9.4967700000000000E+08   3.8573833299654194E+04   6.0420396133259024E-10   4.1954889757481628E-20   2.7704355764738361E+03
   9.5167700000000000E+08   3.8773502620622909E+04   5.9369161457182919E-10   4.1319044577203153E-20   2.7641252338265185E+03
   9.5367700000000000E+08   3.8974015299894832E+04   5.8339942647123325E-10   4.0695446595553211E-20   2.7578284691434051E+03
   9.5567700000000000E+08   3.9176237624906556E+04   5.7332411585553892E-10   4.0083954479420187E-20   2.7515456423039345E+03
   9.5767700000000000E+08   3.9380188039941524E+04   5.6346128737088976E-10   3.9484345201632608E-20   2.7452772715885976E+03
   9.5967700000000000E+08   3.9585683527501351E+04   5.5380571641296946E-10   3.8896335489527117E-20   2.7390238782029328E+03
   9.6167700000000000E+08   3.9792586739979044E+04   5.4435215171285339E-10   3.8319638336141498E-20   2.7327859357843477E+03
   9.6367700000000000E+08   4.0000804355912915E+04   5.3509551416740996E-10   3.7753976847102767E-20   2.7265638764457049E+03
   9.6567700000000000E+08   4.0210271955127384E+04   5.2603090773446409E-10   3.7199084956860175E-20   2.7203580998677394E+03
   9.6767700000000000E+08   4.0420943740273724E+04   5.1715360336737134E-10   3.6654706285484566E-20   2.7141689802988403E+03
   9.6967700000000000E+08   4.0632786521383961E+04   5.0845902651062073E-10   3.6120593271696729E-20   2.7079968713875910E+03
   9.7167700000000000E+08   4.0845775877903572E+04   4.9994274802786895E-10   3.5596506563948895E-20   2.7018421096018492E+03
   9.7367700000000000E+08   4.1059893707439413E+04   4.9160047540512410E-10   3.5082214439477812E-20   2.6957050167428470E+03
   9.7567700000000000E+08   4.1275126481232503E+04   4.8342804412552475E-10   3.4577492239103996E-20   2.6895859018501242E+03
   9.7767700000000000E+08   4.1491463728219176E+04   4.7542141026281924E-10   3.4082121890437742E-20   2.6834850626296420E+03
   9.7967700000000000E+08   4.1708896816386616E+04   4.6757664427688987E-10   3.3595891517955298E-20   2.6774027864857021E+03
   9.8167700000000000E+08   4.1927418217908671E+04   4.5988992545568680E-10   3.3118595099348843E-20   2.6713393512674966E+03
   9.8367700000000000E+08   4.2147021136233037E+04   4.5235753701382803E-10   3.2650032167820299E-20   2.6652950258433484E+03
   9.8567700000000000E+08   4.2367699275092084E+04   4.4497586207512408E-10   3.2190007576405238E-20   2.6592700705708507E+03
   9.8767700000000000E+08   4.2589446664374089E+04   4.3774138035844846E-10   3.1738331311661879E-20   2.6532647376957752E+03
   9.8967700000000000E+08   4.2812257463585149E+04   4.3065066520585116E-10   3.1294818330956667E-20   2.6472792716958188E+03
   9.9167700000000000E+08   4.3036125651993352E+04   4.2370038071263728E-10   3.0859288406183265E-20   2.6413139095638435E+03
   9.9367700000000000E+08   4.3261044747335924E+04   4.1688727886411809E-10   3.0431565967087099E-20   2.6353688810196263E+03
   9.9567700000000000E+08   4.3487008012707127E+04   4.1020819699124624E-10   3.0011479966544136E-20   2.6294444086835142E+03
   9.9767700000000000E+08   4.3714009722316267E+04   4.0366005649612392E-10   2.9598863836443901E-20   2.6235407083331743E+03
   9.9967700000000000E+08   4.3942047719717957E+04   3.9723986384593615E-10   2.9193555606778543E-20   2.6176579894479073E+03
   1.0016770000000000E+09   4.4171126715191262E+04   3.9094471376957635E-10   2.8795398183684745E-20   2.6117964562442576E+03
   1.0036770000000000E+09   4.4401261432947489E+04   3.8477179397248321E-10   2.8404239737994562E-20   2.6059563092805274E+03
   1.0056770000000000E+09   4.4632477347367640E+04   3.7871838618350283E-10   2.8019933823925053E-20   2.6001377475236677E+03
   1.0076770000000000E+09   4.4864806992308171E+04   3.7278185490001498E-10   2.7642338589127685E-20   2.5943409703757884E+03
   1.0096770000000000E+09   4.5098282328194990E+04   3.6695962961133202E-10   2.7271315501107730E-20   2.5885661787262570E+03
   1.0116770000000000E+09   4.5332926231388876E+04   3.6124919037981169E-10   2.6906728323646871E-20   2.5828135744272922E+03
   1.0136770000000000E+09   4.5568745735960118E+04   3.5564805725019889E-10   2.6548442379655522E-20   2.5770833583115068E+03
   1.0156770000000000E+09   4.5805723615034025E+04   3.5015377895364239E-10   2.6196323760742859E-20   2.5713757271245331E+03
   1.0176770000000000E+09   4.6043814959270196E+04   3.4476392522606264E-10   2.5850238806046914E-20   2.5656908693454466E+03
   1.0196770000000000E+09   4.6282953913470483E+04   3.3947609344245047E-10   2.5510054648458701E-20   2.5600289608448825E+03
   1.0216770000000000E+09   4.6523063987092180E+04   3.3428792474721299E-10   2.5175640466299935E-20   2.5543901619618227E+03
   1.0236770000000000E+09   4.6764069677451975E+04   3.2919712117290959E-10   2.4846868804945233E-20   2.5487746165752842E+03
   1.0256770000000000E+09   4.7005906830991138E+04   3.2420145961288978E-10   2.4523616658141140E-20   2.5431824531937295E+03
   1.0276770000000000E+09   4.7248529463579507E+04   3.1929879977064386E-10   2.4205766092610622E-20   2.5376137876559519E+03
   1.0296770000000000E+09   4.7491912133241443E+04   3.1448708516242643E-10   2.3893204346664439E-20   2.5320687267246881E+03
   1.0316770000000000E+09   4.7736048277009060E+04   3.0976433820665167E-10   2.3585823481255744E-20   2.5265473717907557E+03
   1.0336770000000000E+09   4.7980945811222176E+04   3.0512865159603542E-10   2.3283519749980264E-20   2.5210498220519976E+03
   1.0356770000000000E+09   4.8226621581338281E+04   3.0057817840440563E-10   2.2986192874113086E-20   2.5155761767943959E+03
   1.0376770000000000E+09   4.8473096033892267E+04   2.9611112292726516E-10   2.2693745374576492E-20   2.5101265366781222E+03
   1.0396770000000000E+09   4.8720389000096722E+04   2.9172573344453169E-10   2.2406082051187532E-20   2.5047010041445769E+03
   1.0416770000000000E+09   4.8968516951985941E+04   2.8742029727550919E-10   2.2123109637197938E-20   2.4992996831797018E+03
   1.0436770000000000E+09   4.9217491668311355E+04   2.8319313790160011E-10   2.1844736611718729E-20   2.4939226786987119E+03
   1.0456770000000000E+09   4.9467319997107545E+04   2.7904261362847423E-10   2.1570873129353072E-20   2.4885700957833269E+03
   1.0476770000000000E+09   4.9718004321530447E+04   2.7496711719594140E-10   2.1301431021482277E-20   2.4832420389372778E+03
   1.0496770000000000E+09   4.9969543372714710E+04   2.7096507583109936E-10   2.1036323830354936E-20   2.4779386114563504E+03
   1.0516770000000000E+09   5.0221933125780270E+04   2.6703495139270790E-10   2.0775466848861367E-20   2.4726599149519270E+03
   1.0536770000000000E+09   5.0475167617991065E+04   2.6317524040572776E-10   2.0518777150527235E-20   2.4674060490278530E+03
   1.0556770000000000E+09   5.0729239614904945E+04   2.5938447390097244E-10   2.0266173603227617E-20   2.4621771110890604E+03
   1.0576770000000000E+09   5.0984141109317134E+04   2.5566121705052900E-10   2.0017576865983138E-20   2.4569731962523438E+03
   1.0596770000000000E+09   5.1239863670549814E+04   2.5200406863030682E-10   1.9772909371354173E-20   2.4517943973300862E+03
   1.0616770000000000E+09   5.1496398675325130E+04   2.4841166035564173E-10   1.9532095297076933E-20   2.4466408048623707E+03
   1.0636770000000000E+09   5.1753737452695997E+04   2.4488265613540809E-10   1.9295060530544288E-20   2.4415125071788398E+03
   1.0656770000000000E+09   5.2011871370621171E+04   2.4141575128246162E-10   1.9061732629134775E-20   2.4364095904773062E+03
   1.0676770000000000E+09   5.2270791885216553E+04   2.3800967170815533E-10   1.8832040778602687E-20   2.4313321389105636E+03
   1.0696770000000000E+09   5.2530490567478235E+04   2.3466317311969566E-10   1.8605915751035958E-20   2.4262802346762278E+03
   1.0716770000000000E+09   5.2790959117482031E+04   2.3137504023212189E-10   1.8383289863338694E-20   2.4212539581066258E+03
   1.0736770000000000E+09   5.3052189372680281E+04   2.2814408600172629E-10   1.8164096936802779E-20   2.4162533877572296E+03
   1.0756770000000000E+09   5.3314173314488682E+04   2.2496915088443478E-10   1.7948272258071339E-20   2.4112786004930763E+03
   1.0776770000000000E+09   5.3576903075548486E+04   2.2184910212032130E-10   1.7735752541609892E-20   2.4063296715731317E+03
   1.0796770000000000E+09   5.3840370948578195E+04   2.1878283304377917E-10   1.7526475893668949E-20   2.4014066747328056E+03
   1.0816770000000000E+09   5.4104569396600469E+04   2.1576926241777015E-10   1.7320381777632197E-20   2.3965096822649416E+03
   1.0836770000000000E+09   5.4369491063620735E+04   2.1280733379000158E-10   1.7117410980597916E-20   2.3916387650994566E+03
   1.0856770000000000E+09   5.4635128784597917E+04   2.0989601486886336E-10   1.6917505581038053E-20   2.3867939928817109E+03
   1.0876770000000000E+09   5.4901475593737494E+04   2.0703429691730792E-10   1.6720608917406514E-20   2.3819754340494833E+03
   1.0896770000000000E+09   5.5168524730556856E+04   2.0422119416347211E-10   1.6526665557616491E-20   2.3771831559083421E+03
   1.0916770000000000E+09   5.5436269643657855E+04   2.0145574322735736E-10   1.6335621269347644E-20   2.3724172247051260E+03
   1.0936770000000000E+09   5.5704703992449082E+04   1.9873700256330792E-10   1.6147422991177350E-20   2.3676777056992801E+03
   1.0956770000000000E+09   5.5973821647189056E+04   1.9606405191815682E-10   1.5962018804540308E-20   2.3629646632318099E+03
   1.0976770000000000E+09   5.6243616687617621E+04   1.9343599180486480E-10   1.5779357906516622E-20   2.3582781607917082E+03
   1.0996770000000000E+09   5.6514083400222487E+04   1.9085194299132518E-10   1.5599390583435856E-20   2.3536182610796955E+03
   1.1016770000000000E+09   5.6785216273941871E+04   1.8831104600382464E-10   1.5422068185269021E-20   2.3489850260691724E+03
   1.1036770000000000E+09   5.7057009993887557E+04   1.8581246064453720E-10   1.5247343100771053E-20   2.3443785170642009E+03
   1.1056770000000000E+09   5.7329459432556709E+04   1.8335536552240840E-10   1.5075168733334050E-20   2.3397987947543379E+03
   1.1076770000000000E+09   5.7602559637974249E+04   1.8093895759679358E-10   1.4905499477511953E-20   2.3352459192660340E+03
   1.1096770000000000E+09   5.7876305818235407E+04   1.7856245173334876E-10   1.4738290696187802E-20   2.3307199502103022E+03
   1.1116770000000000E+09   5.8150693322006562E+04   1.7622508027174607E-10   1.4573498698360624E-20   2.3262209467262796E+03
   1.1136770000000000E+09   5.8425717614631452E+04   1.7392609260492381E-10   1.4411080717540047E-20   2.3217489675202778E+03
   1.1156770000000000E+09   5.8701374249594970E+04   1.7166475476962727E-10   1.4250994890740227E-20   2.3173040708999201E+03
   1.1176770000000000E+09   5.8977658835169292E+04   1.6944034904808132E-10   1.4093200238071603E-20   2.3128863148029113E+03
   1.1196770000000000E+09   5.9254566996165740E+04   1.6725217358062994E-10   1.3937656642928084E-20   2.3084957568200334E+03
   1.1216770000000000E+09   5.9532094330787280E+04   1.6509954198918150E-10   1.3784324832767411E-20   2.3041324542119341E+03
   1.1236770000000000E+09   5.9810236362659700E+04   1.6298178301127462E-10   1.3633166360479932E-20   2.2997964639193319E+03
   1.1256770000000000E+09   6.0088988488218572E+04   1.6089824014452357E-10   1.3484143586336105E-20   2.2954878425662478E+03
   1.1276770000000000E+09   6.0368345919742409E+04   1.5884827130114750E-10   1.3337219660497673E-20   2.2912066464559639E+03
   1.1296770000000000E+09   6.0648303624447020E+04   1.5683124847221230E-10   1.3192358506070741E-20   2.2869529315594041E+03
   1.1316770000000000E+09   6.0928856260204753E+04   1.5484655740113236E-10   1.3049524802671010E-20   2.2827267534957482E+03
   1.1336770000000000E+09   6.1209998108617532E+04   1.5289359726589677E-10   1.2908683970463709E-20   2.2785281675051328E+03
   1.1356770000000000E+09   6.1491723006356588E+04   1.5097178036938445E-10   1.2769802154631147E-20   2.2743572284133920E+03
   1.1376770000000000E+09   6.1774024275871132E+04   1.4908053183705510E-10   1.2632846210212883E-20   2.2702139905889144E+03
   1.1396770000000000E+09   6.2056894656778401E+04   1.4721928932120445E-10   1.2497783687253855E-20   2.2660985078917975E+03
   1.1416770000000000E+09   6.2340326239441318E+04   1.4538750271090680E-10   1.2364582816188660E-20   2.2620108336156218E+03
   1.1436770000000000E+09   6.2624310402442439E+04   1.4358463384670201E-10   1.2233212493382792E-20   2.2579510204223538E+03
   1.1456770000000000E+09   6.2908837755838620E+04   1.4181015623904298E-10   1.2103642266746604E-20   2.2539191202710085E+03
   1.1476770000000000E+09   6.3193898092230411E+04   1.4006355478950667E-10   1.1975842321334619E-20   2.2499151843409236E+03
   1.1496770000000000E+09   6.3479480347787736E+04   1.3834432551378436E-10   1.1849783464842429E-20   2.2459392629506560E+03
   1.1516770000000000E+09   6.3765572575427497E+04   1.3665197526551541E-10   1.1725437112915635E-20   2.2419914054737183E+03
   1.1536770000000000E+09   6.4052161932318952E+04   1.3498602146012417E-10   1.1602775274192217E-20   2.2380716602525376E+03
   1.1556770000000000E+09   6.4339234683801202E+04   1.3334599179794304E-10   1.1481770535008893E-20   2.2341800745122132E+03
   1.1576770000000000E+09   6.4626776225598522E+04   1.3173142398608640E-10   1.1362396043716895E-20   2.2303166942757725E+03
   1.1596770000000000E+09   6.4914771125938874E+04   1.3014186545875329E-10   1.1244625494570352E-20   2.2264815642827725E+03
   1.1616770000000000E+09   6.5203203188773456E+04   1.2857687309590382E-10   1.1128433111173514E-20   2.2226747279131764E+03
   1.1636770000000000E+09   6.5492055538805747E+04   1.2703601294053867E-10   1.1013793629498300E-20   2.2188962271184550E+03
   1.1656770000000000E+09   6.5781310728428012E+04   1.2551885991514963E-10   1.0900682280513991E-20   2.2151461023618758E+03
   1.1676770000000000E+09   6.6070950865994251E+04   1.2402499753823473E-10   1.0789074772500868E-20   2.2114243925698756E+03
   1.1696770000000000E+09   6.6360957764092891E+04   1.2255401764212412E-10   1.0678947273153002E-20   2.2077311350962209E+03
   1.1716770000000000E+09   6.6651313105707610E+04   1.2110552009369207E-10   1.0570276391606576E-20   2.2040663657005484E+03
   1.1736770000000000E+09   6.6941998625357344E+04   1.1967911251981503E-10   1.0463039160559056E-20   2.2004301185425156E+03
   1.1756770000000000E+09   6.7232996301544597E+04   1.1827441003969112E-10   1.0357213018670552E-20   2.1968224261925297E+03
   1.1776770000000000E+09   6.7524288556161948E+04   1.1689103500629123E-10   1.0252775793456817E-20   2.1932433196596003E+03
   1.1796770000000000E+09   6.7815858455945228E+04   1.1552861675928995E-10   1.0149705684894771E-20   2.1896928284364326E+03
   1.1816770000000000E+09   6.8107689910649962E+04   1.1418679139179230E-10   1.0047981249963110E-20   2.1861709805614287E+03
   1.1836770000000000E+09   6.8399767862429973E+04   1.1286520153302318E-10   9.9475813883318095E-21   2.1826778026967859E+03
   1.1856770000000000E+09   6.8692078460913559E+04   1.1156349614887783E-10   9.8484853293947120E-21   2.1792133202213886E+03
   1.1876770000000000E+09   6.8984609218729223E+04   1.1028133036185599E-10   9.7506726208092903E-21   2.1757775573367967E+03
   1.1896770000000000E+09   6.9277349142735271E+04   1.0901836529142223E-10   9.6541231186680578E-21   2.1723705371841529E+03
   1.1916770000000000E+09   6.9570288836924999E+04   1.0777426791529031E-10   9.5588169793788964E-21   2.1689922819696085E+03
   1.1936770000000000E+09   6.9863420573904383E+04   1.0654871095152138E-10   9.4647346532786104E-21   2.1656428130954801E+03
   1.1956770000000000E+09   7.0156738332898036E+04   1.0534137276072266E-10   9.3718568799492827E-21   2.1623221512942991E+03
   1.1976770000000000E+09   7.0450237803402269E+04   1.0415193726703560E-10   9.2801646851522620E-21   2.1590303167627885E+03
   1.1996770000000000E+09   7.0743916354801113E+04   1.0298009389606218E-10   9.1896393792435903E-21   2.1557673292928430E+03
   1.2016770000000000E+09   7.1037772973427040E+04   1.0182553752741713E-10   9.1002625568896775E-21   2.1525332083967564E+03
   1.2036770000000000E+09   7.1331808169629687E+04   1.0068796845923592E-10   9.0120160978657040E-21   2.1493279734241114E+03
   1.2056770000000000E+09   7.1626023858383021E+04   9.9567092381725965E-11   8.9248821686923080E-21   2.1461516436681036E+03
   1.2076770000000000E+09   7.1920423217755466E+04   9.8462620356718087E-11   8.8388432248491905E-21   2.1430042384594153E+03
   1.2096770000000000E+09   7.2215010530164611E+04   9.7374268800176168E-11   8.7538820132989202E-21   2.1398857772461452E+03
   1.2116770000000000E+09   7.2509791011757770E+04   9.6301759464727924E-11   8.6699815750581358E-21   2.1367962796588108E+03
   1.2136770000000000E+09   7.2804770635451889E+04   9.5244819419476338E-11   8.5871252475662440E-21   2.1337357655598298E+03
   1.2156770000000000E+09   7.3099955953140830E+04   9.4203181024659549E-11   8.5052966666247032E-21   2.1307042550773958E+03
   1.2176770000000000E+09   7.3395353922356764E+04   9.3176581899083939E-11   8.4244797677084480E-21   2.1277017686240556E+03
   1.2196770000000000E+09   7.3690971742214650E+04   9.2164764878699895E-11   8.3446587864878101E-21   2.1247283269007257E+03
   1.2216770000000000E+09   7.3986816702840122E+04   9.1167477965158970E-11   8.2658182584395704E-21   2.1217839508871903E+03
   1.2236770000000000E+09   7.4282896051638585E+04   9.0184474263718469E-11   8.1879430174717736E-21   2.1188686618204579E+03
   1.2256770000000000E+09   7.4579216878806285E+04   8.9215511910371204E-11   8.1110181935330658E-21   2.1159824811624835E+03
   1.2276770000000000E+09   7.4875786023409950E+04   8.8260353988598800E-11   8.0350292092246613E-21   2.1131254305589641E+03
   1.2296770000000000E+09   7.5172610000293309E+04   8.7318768436603675E-11   7.9599617754759233E-21   2.1102975317908658E+03
   1.2316770000000000E+09   7.5469694947031938E+04   8.6390527946274186E-11   7.8858018863825486E-21   2.1074988067203954E+03
   1.2336770000000000E+09   7.5767046589284320E+04   8.5475409855425410E-11   7.8125358133353057E-21   2.1047292772329097E+03
   1.2356770000000000E+09   7.6064670222204382E+04   8.4573196035036703E-11   7.7401500985861506E-21   2.1019889651761687E+03
   1.2376770000000000E+09   7.6362570705156730E+04   8.3683672773256917E-11   7.6686315484061689E-21   2.0992778922980910E+03
   1.2396770000000000E+09   7.6660752466806560E+04   8.2806630657883614E-11   7.5979672259869210E-21   2.0965960801839242E+03
   1.2416770000000000E+09   7.6959219517725840E+04   8.1941864458863937E-11   7.5281444442247697E-21   2.0939435501935554E+03
   1.2436770000000000E+09   7.7257975467915443E+04   8.1089173012140396E-11   7.4591507585096868E-21   2.0913203233994491E+03
   1.2456770000000000E+09   7.7557023547020421E+04   8.0248359105901850E-11   7.3909739596178376E-21   2.0887264205255051E+03
   1.2476770000000000E+09   7.7856366625438124E+04   7.9419229370044840E-11   7.3236020667852504E-21   2.0861618618869957E+03
   1.2496770000000000E+09   7.8156007234952544E+04   7.8601594169406028E-11   7.2570233210184286E-21   2.0836266673316209E+03
   1.2516770000000000E+09   7.8455947587909352E+04   7.7795267501124465E-11   7.1912261786799220E-21   2.0811208561816120E+03
   1.2536770000000000E+09   7.8756189594289390E+04   7.7000066896313646E-11   7.1261993053706675E-21   2.0786444471767900E+03
   1.2556770000000000E+09   7.9056734876292612E+04   7.6215813326109678E-11   7.0619315701205991E-21   2.0761974584184163E+03
   1.2576770000000000E+09   7.9357584780305391E+04   7.5442331112033441E-11   6.9984120398871161E-21   2.0737799073136798E+03
   1.2596770000000000E+09   7.9658740386291523E+04   7.4679447840548631E-11   6.9356299743555536E-21   2.0713918105206553E+03
   1.2616770000000000E+09   7.9960202514796460E+04   7.3926994281626661E-11   6.8735748210290034E-21   2.0690331838935749E+03
   1.2636770000000000E+09   8.0261971731839716E+04   7.3184804311109757E-11   6.8122362105926242E-21   2.0667040424282823E+03
   1.2656770000000000E+09   8.0564048352024110E+04   7.2452714836645571E-11   6.7516039525355632E-21   2.0644044002077480E+03
   1.2676770000000000E+09   8.0866432440161778E+04   7.1730565726977249E-11   6.6916680310141599E-21   2.0621342703475766E+03
   1.2696770000000000E+09   8.1169123811668673E+04   7.1018199744399884E-11   6.6324186009424308E-21   2.0598936649413977E+03
   1.2716770000000000E+09   8.1472122031904801E+04   7.0315462480220118E-11   6.5738459842977118E-21   2.0576825950061525E+03
   1.2736770000000000E+09   8.1775426414556292E+04   6.9622202293081793E-11   6.5159406666318187E-21   2.0555010704271708E+03
   1.2756770000000000E+09   8.2079036019095438E+04   6.8938270250042488E-11   6.4586932937796507E-21   2.0533490999030705E+03
   1.2776770000000000E+09   8.2382949647306683E+04   6.8263520070292072E-11   6.4020946687578810E-21   2.0512266908903894E+03
   1.2796770000000000E+09   8.2687165838845351E+04   6.7597808071408362E-11   6.3461357488462649E-21   2.0491338495479813E+03
   1.2816770000000000E+09   8.2991682865771174E+04   6.6940993118037434E-11   6.2908076428435479E-21   2.0470705806811040E+03
   1.2836770000000000E+09   8.3296498725954487E+04   6.6292936572891320E-11   6.2361016084900859E-21   2.0450368876851978E+03
   1.2856770000000000E+09   8.3601611135210493E+04   6.5653502249952119E-11   6.1820090500489376E-21   2.0430327724893061E+03
   1.2876770000000000E+09   8.3907017517950531E+04   6.5022556369779100E-11   6.1285215160377037E-21   2.0410582354991029E+03
   1.2896770000000000E+09   8.4212714996021736E+04   6.4399967516832960E-11   6.0756306971049741E-21   2.0391132755394829E+03
   1.2916770000000000E+09   8.4518700375293454E+04   6.3785606598749753E-11   6.0233284240469408E-21   2.0371978897966299E+03
   1.2936770000000000E+09   8.4824970129371999E+04   6.3179346807532920E-11   5.9716066659630082E-21   2.0353120737594897E+03
   1.2956770000000000E+09   8.5131520379624664E+04   6.2581063582675270E-11   5.9204575285534329E-21   2.0334558211605120E+03
   1.2976770000000000E+09   8.5438346870507943E+04   6.1990634576262419E-11   5.8698732525658198E-21   2.0316291239154887E+03
   1.2996770000000000E+09   8.5745444939067442E+04   6.1407939620139752E-11   5.8198462124002153E-21   2.0298319720622978E+03
   1.3016770000000000E+09   8.6052809477575996E+04   6.0832860695196251E-11   5.7703689148801330E-21   2.0280643536982420E+03
   1.3036770000000000E+09   8.6360434888805365E+04   6.0265281902691280E-11   5.7214339981845399E-21   2.0263262549157141E+03
   1.3056770000000000E+09   8.6668315034615778E+04   5.9705089437261716E-11   5.6730342309085097E-21   2.0246176597358490E+03
   1.3076770000000000E+09   8.6976443180682894E+04   5.9152171560745133E-11   5.6251625111717608E-21   2.0229385500399662E+03
   1.3096770000000000E+09   8.7284811943408451E+04   5.8606418575203231E-11   5.5778118656217611E-21   2.0212889054987565E+03
   1.3116770000000000E+09   8.7593413249340374E+04   5.8067722792566002E-11   5.5309754480840848E-21   2.0196687034996155E+03
   1.3136770000000000E+09   8.7902238322307021E+04   5.7535978497254934E-11   5.4846465375084768E-21   2.0180779190730800E+03
   1.3156770000000000E+09   8.8211277717976322E+04   5.7011081897239194E-11   5.4388185347685060E-21   2.0165165248202434E+03
   1.3176770000000000E+09   8.8520521428060165E+04   5.6492931058613458E-11   5.3934849578331173E-21   2.0149844908440029E+03
   1.3196770000000000E+09   8.8829959074768165E+04   5.5981425819451022E-11   5.3486394348870722E-21   2.0134817846881081E+03
   1.3216770000000000E+09   8.9139580208247280E+04   5.5476467680849242E-11   5.3042756951806675E-21   2.0120083712888393E+03
   1.3236770000000000E+09   8.9449374704088201E+04   5.4977959677017176E-11   5.2603875577648613E-21   2.0105642129445150E+03
   1.3256770000000000E+09   8.9759333234852398E+04   5.4485806231801547E-11   5.2169689188031797E-21   2.0091492693073990E+03
   1.3276770000000000E+09   9.0069447762146345E+04   5.3999913015359809E-11   5.1740137387665187E-21   2.0077634974008254E+03
   1.3296770000000000E+09   9.0379711970472621E+04   5.3520186820180529E-11   5.1315160313595544E-21   2.0064068516611765E+03
   1.3316770000000000E+09   9.0690121550224110E+04   5.3046535478168992E-11   5.0894698562893082E-21   2.0050792840001511E+03
   1.3336770000000000E+09   9.1000674244478258E+04   5.2578867837880077E-11   5.0478693177540827E-21   2.0037807438782349E+03
   1.3356770000000000E+09   9.1311369609172994E+04   5.2117093811905571E-11   5.0067085696748894E-21   2.0025111783765337E+03
   1.3376770000000000E+09   9.1622208497525411E+04   5.1661124489473033E-11   4.9659818272587752E-21   2.0012705322526265E+03
   1.3396770000000000E+09   9.1933192354832194E+04   5.1210872291621772E-11   4.9256833827705351E-21   2.0000587479678049E+03
   1.3416770000000000E+09   9.2244322476336820E+04   5.0766251131286117E-11   4.8858076219147183E-21   1.9988757656784303E+03
   1.3436770000000000E+09   9.2555599411050978E+04   5.0327176534562273E-11   4.8463490366077030E-21   1.9977215231923090E+03
   1.3456770000000000E+09   9.2867022667017634E+04   4.9893565687002093E-11   4.8073022306087980E-21   1.9965959558997458E+03
   1.3476770000000000E+09   9.3178590785956971E+04   4.9465337390151466E-11   4.7686619165116994E-21   1.9954989966955429E+03
   1.3496770000000000E+09   9.3490301731278654E+04   4.9042411942905250E-11   4.7304229054242338E-21   1.9944305759098713E+03
   1.3516770000000000E+09   9.3802153419854309E+04   4.8624710988643219E-11   4.6925800932331819E-21   1.9933906212616648E+03
   1.3536770000000000E+09   9.4114144176672737E+04   4.8212157380672045E-11   4.6551284485095018E-21   1.9923790578389599E+03
   1.3556770000000000E+09   9.4426272933853499E+04   4.7804675108268555E-11   4.6180630061669729E-21   1.9913958081002309E+03
   1.3576770000000000E+09   9.4738539119884808E+04   4.7402189296475021E-11   4.5813788682016526E-21   1.9904407918833376E+03
   1.3596770000000000E+09   9.5050942334491352E+04   4.7004626257860858E-11   4.5450712094638335E-21   1.9895139264078973E+03
   1.3616770000000000E+09   9.5363482001688273E+04   4.6611913551451717E-11   4.5091352841622427E-21   1.9886151262627920E+03
   1.3636770000000000E+09   9.5676157183462929E+04   4.6223980005551668E-11   4.4735664289084829E-21   1.9877443033798961E+03
   1.3656770000000000E+09   9.5988966624321329E+04   4.5840755686347481E-11   4.4383600605145047E-21   1.9869013670028562E+03
   1.3676770000000000E+09   9.6301908951464386E+04   4.5462171827717637E-11   4.4035116699968238E-21   1.9860862236615460E+03
   1.3696770000000000E+09   9.6614982869491621E+04   4.5088160758577600E-11   4.3690168162858760E-21   1.9852987771580881E+03
   1.3716770000000000E+09   9.6928187216503313E+04   4.4718655859598235E-11   4.3348711227327625E-21   1.9845389285627257E+03
   1.3736770000000000E+09   9.7241520864835824E+04   4.4353591555974042E-11   4.3010702770863426E-21   1.9838065762124975E+03
   1.3756770000000000E+09   9.7554982564611579E+04   4.3992903326577869E-11   4.2676100330571755E-21   1.9831016157061633E+03
   1.3776770000000000E+09   9.7868570855563841E+04   4.3636527701867541E-11   4.2344862107929788E-21   1.9824239398939599E+03
   1.3796770000000000E+09   9.8182284098099888E+04   4.3284402237682975E-11   4.2016946950049439E-21   1.9817734388662245E+03
   1.3816770000000000E+09   9.8496120567568520E+04   4.2936465475379745E-11   4.1692314317425206E-21   1.9811499999462203E+03
   1.3836770000000000E+09   9.8810078505978498E+04   4.2592656910621029E-11   4.1370924259787806E-21   1.9805535076891706E+03
   1.3856770000000000E+09   9.9124156056643551E+04   4.2252916986546573E-11   4.1052737415430394E-21   1.9799838438844824E+03
   1.3876770000000000E+09   9.9438351038993758E+04   4.1917187116469693E-11   4.0737715039197892E-21   1.9794408875548579E+03
   1.3896770000000000E+09   9.9752660395269078E+04   4.1585409756305808E-11   4.0425819079018008E-21   1.9789245149429883E+03
   1.3916770000000000E+09   1.0006707863347787E+05   4.1257528625118557E-11   4.0117012397128952E-21   1.9784345994647936E+03
   1.3936770000000000E+09   1.0038159326522046E+05   4.0933489378152460E-11   3.9811259433440823E-21   1.9779710115679497E+03
   1.3956770000000000E+09   1.0069617204475957E+05   4.0613241526682504E-11   3.9508528087665396E-21   1.9775336183261259E+03
   1.3976770000000000E+09   1.0101072949529960E+05   4.0296743522092020E-11   3.9208794695700556E-21   1.9771222823389780E+03
   1.3996770000000000E+09   1.0132504487853730E+05   3.9983975297389222E-11   3.8912056301290298E-21   1.9767368589261753E+03
   1.4016770000000000E+09   1.0163857600157494E+05   3.9674966940999128E-11   3.8618358716147185E-21   1.9763771894057338E+03
   1.4036770000000000E+09   1.0195007374325710E+05   3.9369858633375036E-11   3.8327855195694135E-21   1.9760430860410102E+03
   1.4056770000000000E+09   1.0225687172151565E+05   3.9069012608417583E-11   3.8040916115208528E-21   1.9757343007924355E+03
   1.4076770000000000E+09   1.0255377052750198E+05   3.8773192727298024E-11   3.7758305073212573E-21   1.9754504659930401E+03
   1.4096770000000000E+09   1.0283168456381522E+05   3.8483790853546261E-11   3.7481401414764503E-21   1.9751909935178924E+03
   1.4116770000000000E+09   1.0307680093555791E+05   3.8202988099699582E-11   3.7212360210012224E-21   1.9749549270306684E+03
   1.4136770000000000E+09   1.0327179906984477E+05   3.7933602538573100E-11   3.6953967139752639E-21   1.9747407702424493E+03
   1.4156770000000000E+09   1.0340092019171924E+05   3.7678304931128487E-11   3.6708876344368868E-21   1.9745463698323317E+03
   1.4176770000000000E+09   1.0345887033912202E+05   3.7438127418671121E-11   3.6478155193032025E-21   1.9743689974662848E+03
   1.4196770000000000E+09   1.0345904170554221E+05   3.7210924263238517E-11   3.6259775413820401E-21   1.9742057798760029E+03
   1.4216770000000000E+09   1.0343280779954839E+05   3.6991218222820768E-11   3.6048448444867090E-21   1.9740544543005408E+03
   1.4236770000000000E+09   1.0341635441358620E+05   3.6772357347573141E-11   3.5837713984449966E-21   1.9739140771870050E+03
   1.4256770000000000E+09   1.0343615693774687E+05   3.6549425172924876E-11   3.5622775019286747E-21   1.9737851377628183E+03
   1.4276770000000000E+09   1.0351129375762766E+05   3.6319429334911908E-11   3.5400693009425320E-21   1.9736690176550633E+03
   1.4296770000000000E+09   1.0367093709376398E+05   3.6078372294713618E-11   3.5167539926314168E-21   1.9735676515253799E+03
   1.4316770000000000E+09   1.0393788739743337E+05   3.5819656902165415E-11   3.4916840042033705E-21   1.9734837732229146E+03
   1.4336770000000000E+09   1.0448419339375317E+05   3.5549214478619693E-11   3.4654268755827584E-21   1.9734237064739473E+03
   1.4356770000000000E+09   1.0336713350161412E+05   3.5165009813349229E-11   3.4280478880486848E-21   1.9733809630103869E+03
   6.5767700000000000E+08  -8.1112357687932308E+03   3.3494761829037493E-12   4.3950061277225985E-23   9.2396388313464877E+02
   6.5967700000000000E+08  -7.3226749503393121E+03   6.1024777862961909E-12   7.6752400089636871E-23   9.6394405347890279E+02
   6.6167700000000000E+08  -6.6473064482138661E+03   9.7221698089199347E-12   1.1855952700484323E-22   9.9417841681990330E+02
   6.6367700000000000E+08  -5.7860797647432801E+03   1.4338261987716120E-11   1.7012381643931685E-22   1.0218072528957759E+03
   6.6567700000000000E+08  -4.8156678972972031E+03   2.0336149753191618E-11   2.3442390403681600E-22   1.0517303904654236E+03
   6.6767700000000000E+08  -3.9892543012066021E+03   2.8441498448979054E-11   3.1777917584716248E-22   1.0850871627511247E+03
   6.6967700000000000E+08  -3.3761765642347164E+03   3.9458939661573942E-11   4.2617249800494163E-22   1.1225290188326123E+03
   6.7167700000000000E+08  -2.8485749300700049E+03   5.4105317124530476E-11   5.6306719220436850E-22   1.1649768889444053E+03
   6.7367700000000000E+08  -2.2622393387812022E+03   7.2804278435697132E-11   7.2598008938803005E-22   1.2158213860617009E+03
   6.7567700000000000E+08  -1.4291261827707003E+03   9.5625006365073898E-11   9.0403490582937459E-22   1.2824010471642573E+03
   6.7767700000000000E+08  -2.5153466405885865E+02   1.2231758610387901E-10   1.0791137937635264E-21   1.3742294275097202E+03
   6.7967700000000000E+08   1.1914091746657587E+03   1.5220336145881276E-10   1.2344447514273729E-21   1.4948243816358274E+03
   6.8167700000000000E+08   2.7857193936596018E+03   1.8422725157674376E-10   1.3659999346039550E-21   1.6350866807052787E+03
   6.8367700000000000E+08   4.5073412334833974E+03   2.1703230974735032E-10   1.4781540394021392E-21   1.7800913267783039E+03
   6.8567700000000000E+08   6.4529841261515930E+03   2.4930169931617230E-10   1.5752612261083964E-21   1.9187139884879111E+03
   6.8767700000000000E+08   8.7071183945038392E+03   2.8000785340250176E-10   1.6592870315542715E-21   2.0459088436177794E+03
   6.8967700000000000E+08   1.1302491093446091E+04   3.0847055130125280E-10   1.7309034779309500E-21   2.1606202663140548E+03
   6.9167700000000000E+08   1.4217685808330796E+04   3.3430860319689417E-10   1.7905273008588547E-21   2.2636234901500070E+03
   6.9367700000000000E+08   1.7426246587979607E+04   3.5743706579551538E-10   1.8392916277992285E-21   2.3560612614817237E+03
   6.9567700000000000E+08   2.0899747258613614E+04   3.7782777743936854E-10   1.8777216327785381E-21   2.4394968416225483E+03
   6.9767700000000000E+08   2.4595083331143829E+04   3.9557311618012517E-10   1.9066613516997171E-21   2.5153057951499572E+03
   6.9967700000000000E+08   2.8474824035604383E+04   4.1082631520264104E-10   1.9270567011950911E-21   2.5846476532399497E+03
   7.0167700000000000E+08   3.2507334255158519E+04   4.2376943918294621E-10   1.9398529076988261E-21   2.6484905021469731E+03
   7.0367700000000000E+08   3.6665784249274817E+04   4.3459316678360244E-10   1.9459401089234027E-21   2.7076405540210403E+03
   7.0567700000000000E+08   4.0927010922727161E+04   4.4348437289770228E-10   1.9461269652457350E-21   2.7627700366698382E+03
   7.0767700000000000E+08   4.5270493783701851E+04   4.5061897958457485E-10   1.9411314405368716E-21   2.8144408272170249E+03
   7.0967700000000000E+08   4.9677542445343381E+04   4.5615824643672886E-10   1.9315814635301787E-21   2.8631235405286820E+03
   7.1167700000000000E+08   5.4130703846956087E+04   4.6024724395422375E-10   1.9180207840225435E-21   2.9092126940964872E+03
   7.1367700000000000E+08   5.8613393289639767E+04   4.6301470254191107E-10   1.9009172500410732E-21   2.9530388215394705E+03
   7.1567700000000000E+08   6.3109766126905626E+04   4.6457377885790802E-10   1.8806721366155428E-21   2.9948783759032281E+03
   7.1767700000000000E+08   6.7604854394908747E+04   4.6502352189629147E-10   1.8576300698680114E-21   3.0349621194408646E+03
   7.1967700000000000E+08   7.2084973566757020E+04   4.6445094711575229E-10   1.8320895324735399E-21   3.0734825077418359E+03
   7.2167700000000000E+08   7.6538356943511491E+04   4.6293363793139402E-10   1.8043139424862251E-21   3.1106003757364447E+03
   7.2367700000000000E+08   8.0955911634348886E+04   4.6054271300678231E-10   1.7745429781516131E-21   3.1464510463563784E+03
   7.2567700000000000E+08   8.5331936514335888E+04   4.5734587500725702E-10   1.7430033725092421E-21   3.1811498350329853E+03
   7.2767700000000000E+08   8.9664626568752748E+04   4.5341015936449857E-10   1.7099180663908837E-21   3.2147968367520425E+03
   7.2967700000000000E+08   9.3956224526182923E+04   4.4880399088673630E-10   1.6755125896183589E-21   3.2474808668235919E+03
   7.3167700000000000E+08   9.8212761884519132E+04   4.4359825790271871E-10   1.6400179080938712E-21   3.2792824736093189E+03
   7.3367700000000000E+08   1.0244342915875489E+05   4.3786630518288600E-10   1.6036696274375815E-21   3.3102760266580422E+03
   7.3567700000000000E+08   1.0665969478407119E+05   4.3168296603801610E-10   1.5667041548758554E-21   3.3405309752704247E+03
   7.3767700000000000E+08   1.1087432945042210E+05   4.2512292924127923E-10   1.5293529480740366E-21   3.3701124429036859E+03
   7.3967700000000000E+08   1.1510048353188203E+05   4.1825881921191476E-10   1.4918361745105774E-21   3.3990813568665458E+03
   7.4167700000000000E+08   1.1935092314286326E+05   4.1115934963117154E-10   1.4543569623248231E-21   3.4274943094416944E+03
   7.4367700000000000E+08   1.2363747615577887E+05   4.0388781798153165E-10   1.4170970532124211E-21   3.4554033153165969E+03
   7.4567700000000000E+08   1.2797069133224696E+05   3.9650108440622990E-10   1.3802142239645913E-21   3.4828555846910808E+03
   7.4767700000000000E+08   1.3235968129826387E+05   3.8904906210223762E-10   1.3438414557027807E-21   3.5098933842642368E+03
   7.4967700000000000E+08   1.3681210488292007E+05   3.8157466208062950E-10   1.3080875693965222E-21   3.5365540180417870E+03
   7.5167700000000000E+08   1.4133424261946892E+05   3.7411408937434306E-10   1.2730389241674289E-21   3.5628699305057235E+03
   7.5367700000000000E+08   1.4593112556537852E+05   3.6669737530551210E-10   1.2387617637846927E-21   3.5888689164767256E+03
   7.5567700000000000E+08   1.5060668725373028E+05   3.5934904043069368E-10   1.2053048547632755E-21   3.6145744131555161E+03
   7.5767700000000000E+08   1.5536391832783123E+05   3.5208880423395866E-10   1.1727021476447994E-21   3.6400058477112038E+03
   7.5967700000000000E+08   1.6020501157395501E+05   3.4493228207713545E-10   1.1409752835649744E-21   3.6651790158191684E+03
   7.6167700000000000E+08   1.6513149112040701E+05   3.3789163216787545E-10   1.1101358455192804E-21   3.6901064706743159E+03
   7.6367700000000000E+08   1.7014432362934409E+05   3.3097613299480602E-10   1.0801873119187202E-21   3.7147979067824958E+03
   7.6567700000000000E+08   1.7524401176597291E+05   3.2419268432949377E-10   1.0511267092596601E-21   3.7392605273956037E+03
   7.6767700000000000E+08   1.8043067153819068E+05   3.1754623307313739E-10   1.0229459842051224E-21   3.7634993883665770E+03
   7.6967700000000000E+08   1.8570409565299124E+05   3.1104012991199884E-10   9.9563312718716044E-22   3.7875177143098645E+03
   7.7167700000000000E+08   1.9106380513540041E+05   3.0467642495528838E-10   9.6917308362583212E-22   3.8113171852798250E+03
   7.7367700000000000E+08   1.9650909131040104E+05   2.9845611113011019E-10   9.4354848809422763E-22   3.8348981938273268E+03
   7.7567700000000000E+08   2.0203904999227924E+05   2.9237932375984607E-10   9.1874025346008658E-22   3.8582600733952850E+03
   7.7767700000000000E+08   2.0765260943822778E+05   2.8644550391526622E-10   8.9472804267157212E-22   3.8814012996973629E+03
   7.7967700000000000E+08   2.1334855334644255E+05   2.8065353209861942E-10   8.7149064631794894E-22   3.9043196671036221E+03
   7.8167700000000000E+08   2.1912553993306836E+05   2.7500183777659498E-10   8.4900628486994193E-22   3.9270124422240315E+03
   7.8367700000000000E+08   2.2498211791366804E+05   2.6948848931261194E-10   8.2725285081020778E-22   3.9494764969054609E+03
   7.8567700000000000E+08   2.3091674004280579E+05   2.6411126800420214E-10   8.0620810276408062E-22   3.9717084227914529E+03
   7.8767700000000000E+08   2.3692777472613787E+05   2.5886772921791978E-10   7.8584982121008866E-22   3.9937046294734409E+03
   7.8967700000000000E+08   2.4301351610812472E+05   2.5375525302605550E-10   7.6615593332353899E-22   4.0154614281120462E+03
   7.9167700000000000E+08   2.4917219295019942E+05   2.4877108627232459E-10   7.4710461290549490E-22   4.0369751022449946E+03
   7.9367700000000000E+08   2.5540197654453712E+05   2.4391237761088649E-10   7.2867436009564987E-22   4.0582419673343052E+03
   7.9567700000000000E+08   2.6170098785367890E+05   2.3917620675807297E-10   7.1084406459083696E-22   4.0792584204470609E+03
   7.9767700000000000E+08   2.6806730402304517E+05   2.3455960895421952E-10   6.9359305533193540E-22   4.1000209813147248E+03
   7.9967700000000000E+08   2.7449896437939198E+05   2.3005959544130787E-10   6.7690113903217506E-22   4.1205263258778596E+03
   8.0167700000000000E+08   2.8099397600150562E+05   2.2567317061025766E-10   6.6074862946067271E-22   4.1407713132969875E+03
   8.0367700000000000E+08   2.8755031892834196E+05   2.2139734635117758E-10   6.4511636903620392E-22   4.1607530072962336E+03
   8.0567700000000000E+08   2.9416595105324499E+05   2.1722915404393195E-10   6.2998574400427149E-22   4.1804686926038639E+03
   8.0767700000000000E+08   3.0083881273984117E+05   2.1316565454967727E-10   6.1533869424749769E-22   4.1999158871622112E+03
   8.0967700000000000E+08   3.0756683118505648E+05   2.0920394650240123E-10   6.0115771860154982E-22   4.2190923506979198E+03
   8.1167700000000000E+08   3.1434792454684828E+05   2.0534117314972769E-10   5.8742587640584346E-22   4.2379960901711247E+03
   8.1367700000000000E+08   3.2118000584832806E+05   2.0157452795178611E-10   5.7412678590220617E-22   4.2566253625582058E+03
   8.1567700000000000E+08   3.2806098666565993E+05   1.9790125911385489E-10   5.6124461999964052E-22   4.2749786753662993E+03
   8.1767700000000000E+08   3.3498878060418327E+05   1.9431867320126112E-10   5.4876409984478582E-22   4.2930547852280815E+03
   8.1967700000000000E+08   3.4196130656550603E+05   1.9082413796248420E-10   5.3667048657223403E-22   4.3108526948817334E+03
   8.2167700000000000E+08   3.4897649180762394E+05   1.8741508446768706E-10   5.2494957155400474E-22   4.3283716488027148E+03
   8.2367700000000000E+08   3.5603227480033477E+05   1.8408900865427722E-10   5.1358766542122869E-22   4.3456111277205382E+03
   8.2567700000000000E+08   3.6312660787916387E+05   1.8084347235806372E-10   5.0257158609202072E-22   4.3625708422244770E+03
   8.2767700000000000E+08   3.7025745970255008E+05   1.7767610389769547E-10   4.9188864600646815E-22   4.3792507256365789E+03
   8.2967700000000000E+08   3.7742281751892762E+05   1.7458459827102726E-10   4.8152663874176602E-22   4.3956509263080043E+03
   8.3167700000000000E+08   3.8462068925246451E+05   1.7156671701457137E-10   4.7147382515703276E-22   4.4117717994751902E+03
   8.3367700000000000E+08   3.9184910541830369E+05   1.6862028777103836E-10   4.6171891919764007E-22   4.4276138987950662E+03
   8.3567700000000000E+08   3.9910612087996642E+05   1.6574320360496969E-10   4.5225107347250609E-22   4.4431779676634605E+03
   8.3767700000000000E+08   4.0638981646305806E+05   1.6293342210237239E-10   4.4305986470407163E-22   4.4584649304072427E+03
   8.3967700000000000E+08   4.1369830044017464E+05   1.6018896428697699E-10   4.3413527913932042E-22   4.4734758834286640E+03
   8.4167700000000000E+08   4.2102970990203600E+05   1.5750791338303445E-10   4.2546769800059679E-22   4.4882120863694545E+03
   8.4367700000000000E+08   4.2838221202915959E+05   1.5488841345229934E-10   4.1704788304676298E-22   4.5026749533521734E+03
   8.4567700000000000E+08   4.3575400527684612E+05   1.5232866793088662E-10   4.0886696230803027E-22   4.5168660443472381E+03
   8.4767700000000000E+08   4.4314332048404805E+05   1.4982693808986109E-10   4.0091641605115576E-22   4.5307870567055443E+03
   8.4967700000000000E+08   4.5054842191383051E+05   1.4738154144165405E-10   3.9318806302541693E-22   4.5444398168889056E+03
   8.5167700000000000E+08   4.5796760822989931E+05   1.4499085011258292E-10   3.8567404703356426E-22   4.5578262724233482E+03
   8.5367700000000000E+08   4.6539921341028332E+05   1.4265328919982631E-10   3.7836682386566088E-22   4.5709484840938339E+03
   8.5567700000000000E+08   4.7284160759593721E+05   1.4036733512915502E-10   3.7125914862729864E-22   4.5838086183931810E+03
   8.5767700000000000E+08   4.8029319786910136E+05   1.3813151402752886E-10   3.6434406348709834E-22   4.5964089402327827E+03
   8.5967700000000000E+08   4.8775242895386385E+05   1.3594440012237646E-10   3.5761488586175224E-22   4.6087518059183394E+03
   8.6167700000000000E+08   4.9521778382980160E+05   1.3380461417701829E-10   3.5106519705024291E-22   4.6208396563901042E+03
   8.6367700000000000E+08   5.0268778424883750E+05   1.3171082196935345E-10   3.4468883132247472E-22   4.6326750107242860E+03
   8.6567700000000000E+08   5.1016099114572559E+05   1.2966173281865345E-10   3.3847986546149549E-22   4.6442604598899197E+03
   8.6767700000000000E+08   5.1763600493368978E+05   1.2765609816320378E-10   3.3243260875302152E-22   4.6555986607541345E+03
   8.6967700000000000E+08   5.2511146567872737E+05   1.2569271018963416E-10   3.2654159341118837E-22   4.6666923303277590E+03
   8.7167700000000000E+08   5.3258605314869457E+05   1.2377040051316864E-10   3.2080156542551251E-22   4.6775442402429089E+03
   8.7367700000000000E+08   5.4005848673636187E+05   1.2188803890672959E-10   3.1520747581101246E-22   4.6881572114543324E+03
   8.7567700000000000E+08   5.4752752525891655E+05   1.2004453207587155E-10   3.0975447224135069E-22   4.6985341091567298E+03
   8.7767700000000000E+08   5.5499196663963969E+05   1.1823882247590604E-10   3.0443789104369393E-22   4.7086778379110110E+03
   8.7967700000000000E+08   5.6245064748055884E+05   1.1646988716727759E-10   2.9925324953366691E-22   4.7185913369733689E+03
   8.8167700000000000E+08   5.6990244253752113E+05   1.1473673670523581E-10   2.9419623866920298E-22   4.7282775758218349E+03
   8.8367700000000000E+08   5.7734626411143737E+05   1.1303841406005457E-10   2.8926271600307758E-22   4.7377395498760879E+03
   8.8567700000000000E+08   5.8478106137145113E+05   1.1137399356438956E-10   2.8444869891524197E-22   4.7469802764069118E+03
   8.8767700000000000E+08   5.9220581962837197E+05   1.0974257988469811E-10   2.7975035810735699E-22   4.7560027906325913E+03
   8.8967700000000000E+08   5.9961955958150851E+05   1.0814330701373083E-10   2.7516401134256328E-22   4.7648101420002122E+03
   8.9167700000000000E+08   6.0702133657328214E+05   1.0657533728046799E-10   2.7068611741230864E-22   4.7734053906507288E+03
   8.9367700000000000E+08   6.1441023991216230E+05   1.0503786037164930E-10   2.6631327030678904E-22   4.7817916040681957E+03
   8.9567700000000000E+08   6.2178539238201245E+05   1.0353009235369414E-10   2.6204219355240106E-22   4.7899718539162504E+03
   8.9767700000000000E+08   6.2914595017141430E+05   1.0205127467302917E-10   2.5786973465278629E-22   4.7979492130700837E+03
   8.9967700000000000E+08   6.3649110366382834E+05   1.0060067309412793E-10   2.5379285952342013E-22   4.8057267528608445E+03
   9.0167700000000000E+08   6.4382007984612137E+05   9.9177576507728187E-11   2.4980864674299285E-22   4.8133075405628560E+03
   9.0367700000000000E+08   6.5113214745432674E+05   9.7781295515144422E-11   2.4591428137952021E-22   4.8206946371712947E+03
   9.0567700000000000E+08   6.5842662610353925E+05   9.6411160696489518E-11   2.4210704815601007E-22   4.8278910955348601E+03
   9.0767700000000000E+08   6.6570289988541265E+05   9.5066520560930207E-11   2.3838432394928841E-22   4.8348999589147224E+03
   9.0967700000000000E+08   6.7296043318727775E+05   9.3746739444342255E-11   2.3474357028547775E-22   4.8417242600219188E+03
   9.1167700000000000E+08   6.8019878080751956E+05   9.2451196127639378E-11   2.3118232776114478E-22   4.8483670205199778E+03
   9.1367700000000000E+08   6.8741757649360783E+05   9.1179284596347115E-11   2.2769821592166981E-22   4.8548312508372310E+03
   9.1567700000000000E+08   6.9461647873731609E+05   8.9930418678015600E-11   2.2428894289370307E-22   4.8611199498607884E+03
   9.1767700000000000E+08   7.0179506071542727E+05   8.8704041364755994E-11   2.2095232673579623E-22   4.8672361035974063E+03
   9.1967700000000000E+08   7.0895266423738806E+05   8.7499636584765671E-11   2.1768632291552985E-22   4.8731826812074669E+03
   9.2167700000000000E+08   7.1608829274355539E+05   8.6316736514882936E-11   2.1448904079008410E-22   4.8789626263236405E+03
   9.2367700000000000E+08   7.2320065564996132E+05   8.5154914869221542E-11   2.1135872546656659E-22   4.8845788429217173E+03
   9.2567700000000000E+08   7.3028843102830462E+05   8.4013761242082816E-11   2.0829369295348548E-22   4.8900341791060428E+03
   9.2767700000000000E+08   7.3735064466411923E+05   8.2892846816520386E-11   2.0529224400473577E-22   4.8953314199851529E+03
   9.2967700000000000E+08   7.4438688747897721E+05   8.1791705880965154E-11   2.0235261667400466E-22   4.9004733042935613E+03
   9.3167700000000000E+08   7.5139720907294296E+05   8.0709845291352637E-11   1.9947300761035981E-22   4.9054625581728997E+03
   9.3367700000000000E+08   7.5838187855468551E+05   7.9646764129413425E-11   1.9665161834798502E-22   4.9103019331985633E+03
   9.3567700000000000E+08   7.6534169586604566E+05   7.8601906082348202E-11   1.9388653582468136E-22   4.9149942363491364E+03
   9.3767700000000000E+08   7.7228003499831760E+05   7.7574401338048009E-11   1.9117509803778339E-22   4.9195422807798623E+03
   9.3967700000000000E+08   7.7920633391162986E+05   7.6562663279913548E-11   1.8851290694374769E-22   4.9239487961576806E+03
   9.4167700000000000E+08   7.8613696762694931E+05   7.5564369273521814E-11   1.8589378088081065E-22   4.9282166019460674E+03
   9.4367700000000000E+08   7.9308908944594790E+05   7.4577295351994908E-11   1.8331179316294870E-22   4.9323491258267795E+03
   9.4567700000000000E+08   8.0006981347411952E+05   7.3600573545344601E-11   1.8076434800559829E-22   4.9363506955985367E+03
   9.4767700000000000E+08   8.0706979443424463E+05   7.2635256872833521E-11   1.7825357342550892E-22   4.9402260136523855E+03
   9.4967700000000000E+08   8.1406750709250220E+05   7.1683640429150659E-11   1.7578466442887107E-22   4.9439794257210260E+03
   9.5167700000000000E+08   8.2104605169046100E+05   7.0748228900428774E-11   1.7336348901164706E-22   4.9476106972092202E+03
   9.5367700000000000E+08   8.2790505950891622E+05   6.9837828789304892E-11   1.7101113282384206E-22   4.9511254607057463E+03
   9.5567700000000000E+08   8.3464140914298838E+05   6.8952529271002009E-11   1.6872727508691789E-22   4.9545303694898748E+03
   9.5767700000000000E+08   8.4131929187138216E+05   6.8084738721721166E-11   1.6649365027996069E-22   4.9578078001524191E+03
   9.5967700000000000E+08   8.4795760494421830E+05   6.7232231671204837E-11   1.6430413250343371E-22   4.9609702972707419E+03
   9.6167700000000000E+08   8.5456311631034559E+05   6.6394007260532020E-11   1.6215600095876178E-22   4.9640190849749360E+03
   9.6367700000000000E+08   8.6113808561891259E+05   6.5569540267488541E-11   1.6004769663130933E-22   4.9669558162758003E+03
   9.6567700000000000E+08   8.6768332709856494E+05   6.4758462214109416E-11   1.5797804260910853E-22   4.9697825295615949E+03
   9.6767700000000000E+08   8.7419914966998505E+05   6.3960466235267306E-11   1.5594602028681780E-22   4.9725013652860971E+03
   9.6967700000000000E+08   8.8068565911160933E+05   6.3175275358892227E-11   1.5395069431667548E-22   4.9751144731195518E+03
   9.7167700000000000E+08   8.8714287275531131E+05   6.2402629133354269E-11   1.5199118028311200E-22   4.9776239852380313E+03
   9.7367700000000000E+08   8.9357077423884370E+05   6.1642277220581135E-11   1.5006662884878887E-22   4.9800320079166731E+03
   9.7567700000000000E+08   8.9996934282470215E+05   6.0893976382590527E-11   1.4817621803320683E-22   4.9823406190012483E+03
   9.7767700000000000E+08   9.0633856762143620E+05   6.0157489215671118E-11   1.4631914971637340E-22   4.9845518674584118E+03
   9.7967700000000000E+08   9.1267845293694816E+05   5.9432583688522323E-11   1.4449464810853539E-22   4.9866677734179193E+03
   9.8167700000000000E+08   9.1898901930979802E+05   5.8719032993312874E-11   1.4270195899901410E-22   4.9886903282664680E+03
   9.8367700000000000E+08   9.2527030247832125E+05   5.8016615519744315E-11   1.4094034931839830E-22   4.9906214948396901E+03
   9.8567700000000000E+08   9.3152235146138247E+05   5.7325114865976948E-11   1.3920910680498196E-22   4.9924632076618600E+03
   9.8767700000000000E+08   9.3774522669876646E+05   5.6644319820566402E-11   1.3750753961845243E-22   4.9942173731012244E+03
   9.8967700000000000E+08   9.4393899833253969E+05   5.5974024322590582E-11   1.3583497591747680E-22   4.9958858694454757E+03
   9.9167700000000000E+08   9.5010374329187383E+05   5.5314027517468041E-11   1.3419076368327448E-22   4.9974705469828104E+03
   9.9367700000000000E+08   9.5623953882128175E+05   5.4664134083984730E-11   1.3257427121219369E-22   4.9989732281487004E+03
   9.9567700000000000E+08   9.6234645037160523E+05   5.4024154938065355E-11   1.3098488853030449E-22   5.0003957077851392E+03
   9.9767700000000000E+08   9.6842451460389886E+05   5.3393908159568953E-11   1.2942202935798989E-22   5.0017397534232778E+03
   9.9967700000000000E+08   9.7447372354102822E+05   5.2773219613425509E-11   1.2788513235082410E-22   5.0030071052640833E+03
   1.0016770000000000E+09   9.8049402038929297E+05   5.2161922519965832E-11   1.2637365981152503E-22   5.0041994758849041E+03
   1.0036770000000000E+09   9.8648532118373248E+05   5.1559855164272287E-11   1.2488709193323921E-22   5.0053185488998943E+03
   1.0056770000000000E+09   9.9244756751267146E+05   5.0966856718845860E-11   1.2342491649784055E-22   5.0063659772929841E+03
   1.0076770000000000E+09   9.9838079829198366E+05   5.0382762360329720E-11   1.2198661684725909E-22   5.0073433832462370E+03
   1.0096770000000000E+09   1.0042852175258149E+06   4.9807399392462044E-11   1.2057166225110834E-22   5.0082523604413072E+03
   1.0116770000000000E+09   1.0101612366976285E+06   4.9240585454878992E-11   1.1917950326127916E-22   5.0090944797096836E+03
   1.0136770000000000E+09   1.0160095002191366E+06   4.8682128398193051E-11   1.1780957128721223E-22   5.0098712873583154E+03
   1.0156770000000000E+09   1.0218308436394363E+06   4.8131830779949688E-11   1.1646128914270053E-22   5.0105843124545427E+03
   1.0176770000000000E+09   1.0276261763876087E+06   4.7589498184253714E-11   1.1513409077529960E-22   5.0112350772817790E+03
   1.0196770000000000E+09   1.0333963610614151E+06   4.7054946727850975E-11   1.1382743937051268E-22   5.0118250929420665E+03
   1.0216770000000000E+09   1.0391421051350989E+06   4.6528009076350180E-11   1.1254084177774272E-22   5.0123558577297645E+03
   1.0236770000000000E+09   1.0448638834308702E+06   4.6008537857570795E-11   1.1127385667539820E-22   5.0128288538914385E+03
   1.0256770000000000E+09   1.0505619071109581E+06   4.5496405896658915E-11   1.1002609510120402E-22   5.0132455421591521E+03
   1.0276770000000000E+09   1.0562361391458865E+06   4.4991503682698138E-11   1.0879721428653195E-22   5.0136073565295474E+03
   1.0296770000000000E+09   1.0618863453593652E+06   4.4493735028837543E-11   1.0758690710356455E-22   5.0139157002509091E+03
   1.0316770000000000E+09   1.0675121645759575E+06   4.4003012068874713E-11   1.0639488988045042E-22   5.0141719435088962E+03
   1.0336770000000000E+09   1.0731131813928047E+06   4.3519250581665279E-11   1.0522089098191203E-22   5.0143774228243310E+03
   1.0356770000000000E+09   1.0786889889994592E+06   4.3042366294673577E-11   1.0406464173658325E-22   5.0145334418387001E+03
   1.0376770000000000E+09   1.0842392350472095E+06   4.2572272438501575E-11   1.0292587037742173E-22   5.0146412730090333E+03
   1.0396770000000000E+09   1.0897636488684588E+06   4.2108878513098359E-11   1.0180429890896769E-22   5.0147021597381354E+03
   1.0416770000000000E+09   1.0952620521706643E+06   4.1652090033575485E-11   1.0069964234704877E-22   5.0147173185701413E+03
   1.0436770000000000E+09   1.1007343573233213E+06   4.1201808948612633E-11   9.9611609592729555E-23   5.0146879412185872E+03
   1.0456770000000000E+09   1.1061805577942361E+06   4.0757934436396115E-11   9.8539905228992193E-23   5.0146151963139946E+03
   1.0476770000000000E+09   1.1116007147218878E+06   4.0320363842770937E-11   9.7484231671550778E-23   5.0145002308407556E+03
   1.0496770000000000E+09   1.1169949425756603E+06   3.9888993601146800E-11   9.6444291285279398E-23   5.0143441712828926E+03
   1.0516770000000000E+09   1.1223633957634298E+06   3.9463720042439736E-11   9.5419788243494812E-23   5.0141481245218010E+03
   1.0536770000000000E+09   1.1277062571372045E+06   3.9044440055725949E-11   9.4410430033915397E-23   5.0139131785339468E+03
   1.0556770000000000E+09   1.1330237287066486E+06   3.8631051594618731E-11   9.3415928598198339E-23   5.0136404029324067E+03
   1.0576770000000000E+09   1.1383160244812325E+06   3.8223454043596588E-11   9.2436001138524666E-23   5.0133308493903305E+03
   1.0596770000000000E+09   1.1435833651683410E+06   3.7821548466890335E-11   9.1470370645097893E-23   5.0129855519773209E+03
   1.0616770000000000E+09   1.1488259743905547E+06   3.7425237764204791E-11   9.0518766202587878E-23   5.0126055274332521E+03
   1.0636770000000000E+09   1.1540440760927044E+06   3.7034426755720586E-11   8.9580923129237294E-23   5.0121917753989792E+03
   1.0656770000000000E+09   1.1592378928494272E+06   3.6649022215517813E-11   8.8656582994462624E-23   5.0117452786189260E+03
   1.0676770000000000E+09   1.1644076448336605E+06   3.6268932868941613E-11   8.7745493552112271E-23   5.0112670031269636E+03
   1.0696770000000000E+09   1.1695535492539315E+06   3.5894069366057951E-11   8.6847408618470747E-23   5.0107578984236925E+03
   1.0716770000000000E+09   1.1746758201097578E+06   3.5524344240405800E-11   8.5962087917042233E-23   5.0102188976510433E+03
   1.0736770000000000E+09   1.1797746681499858E+06   3.5159671859758755E-11   8.5089296906177482E-23   5.0096509177676626E+03
   1.0756770000000000E+09   1.1848503009491100E+06   3.4799968373546958E-11   8.4228806600658714E-23   5.0090548597271045E+03
   1.0776770000000000E+09   1.1899029230422885E+06   3.4445151659929003E-11   8.3380393394371792E-23   5.0084316086595954E+03
   1.0796770000000000E+09   1.1949327360808484E+06   3.4095141274227851E-11   8.2543838888131464E-23   5.0077820340572825E+03
   1.0816770000000000E+09   1.1999399389860411E+06   3.3749858399546145E-11   8.1718929724561650E-23   5.0071069899625882E+03
   1.0836770000000000E+09   1.2049247280897994E+06   3.3409225799805428E-11   8.0905457430559197E-23   5.0064073151591056E+03
   1.0856770000000000E+09   1.2098872972575917E+06   3.3073167775157131E-11   8.0103218267151855E-23   5.0056838333646265E+03
   1.0876770000000000E+09   1.2148278379916321E+06   3.2741610119594251E-11   7.9312013086279236E-23   5.0049373534257338E+03
   1.0896770000000000E+09   1.2197465395137514E+06   3.2414480080584319E-11   7.8531647194003787E-23   5.0041686695136223E+03
   1.0916770000000000E+09   1.2246435888278189E+06   3.2091706320566775E-11   7.7761930219716985E-23   5.0033785613207519E+03
   1.0936770000000000E+09   1.2295191707621117E+06   3.1773218880186437E-11   7.7002675990980696E-23   5.0025677942577113E+03
   1.0956770000000000E+09   1.2343734679929148E+06   3.1458949143147555E-11   7.6253702413671393E-23   5.0017371196500280E+03
   1.0976770000000000E+09   1.2392066610517937E+06   3.1148829802569928E-11   7.5514831357095687E-23   5.0008872749342645E+03
   1.0996770000000000E+09   1.2440189283198419E+06   3.0842794828729738E-11   7.4785888543744270E-23   5.0000189838531142E+03
   1.1016770000000000E+09   1.2488104460128073E+06   3.0540779438065336E-11   7.4066703443349115E-23   4.9991329566491322E+03
   1.1036770000000000E+09   1.2535813881610020E+06   3.0242720063338916E-11   7.3357109170932956E-23   4.9982298902569255E+03
   1.1056770000000000E+09   1.2583319265874128E+06   2.9948554324859032E-11   7.2656942388577500E-23   4.9973104684935433E+03
   1.1076770000000000E+09   1.2630622308866382E+06   2.9658221002688342E-11   7.1966043210681634E-23   4.9963753622470867E+03
   1.1096770000000000E+09   1.2677724684062789E+06   2.9371660009777611E-11   7.1284255112524649E-23   4.9954252296634249E+03
   1.1116770000000000E+09   1.2724628042314788E+06   2.9088812365982445E-11   7.0611424841988394E-23   4.9944607163309447E+03
   1.1136770000000000E+09   1.2771334011724752E+06   2.8809620172928866E-11   6.9947402334316280E-23   4.9934824554633478E+03
   1.1156770000000000E+09   1.2817844197544365E+06   2.8534026589698068E-11   6.9292040629799731E-23   4.9924910680804232E+03
   1.1176770000000000E+09   1.2864160182084260E+06   2.8261975809305221E-11   6.8645195794295655E-23   4.9914871631867363E+03
   1.1196770000000000E+09   1.2910283524621574E+06   2.7993413035945981E-11   6.8006726842476185E-23   4.9904713379482046E+03
   1.1216770000000000E+09   1.2956215761291767E+06   2.7728284462984035E-11   6.7376495663713875E-23   4.9894441778664541E+03
   1.1236770000000000E+09   1.3001958404951943E+06   2.7466537251652535E-11   6.6754366950504946E-23   4.9884062569509078E+03
   1.1256770000000000E+09   1.3047512945005307E+06   2.7208119510440796E-11   6.6140208129330964E-23   4.9873581378885438E+03
   1.1276770000000000E+09   1.3092880847179275E+06   2.6952980275137073E-11   6.5533889293859890E-23   4.9863003722111971E+03
   1.1296770000000000E+09   1.3138063553253508E+06   2.6701069489496340E-11   6.4935283140383278E-23   4.9852335004603619E+03
   1.1316770000000000E+09   1.3183062480738072E+06   2.6452337986501826E-11   6.4344264905386803E-23   4.9841580523494322E+03
   1.1336770000000000E+09   1.3227879022506771E+06   2.6206737470185115E-11   6.3760712305143592E-23   4.9830745469232779E+03
   1.1356770000000000E+09   1.3272514546395089E+06   2.5964220497968241E-11   6.3184505477216032E-23   4.9819834927151587E+03
   1.1376770000000000E+09   1.3316970394777483E+06   2.5724740463486761E-11   6.2615526923743009E-23   4.9808853879008630E+03
   1.1396770000000000E+09   1.3361247884143221E+06   2.5488251579850662E-11   6.2053661456382739E-23   4.9797807204501896E+03
   1.1416770000000000E+09   1.3405348304695073E+06   2.5254708863294097E-11   6.1498796142770963E-23   4.9786699682756152E+03
   1.1436770000000000E+09   1.3449272919999326E+06   2.5024068117164108E-11   6.0950820254348735E-23   4.9775535993783524E+03
   1.1456770000000000E+09   1.3493022966719556E+06   2.4796285916194202E-11   6.0409625215407126E-23   4.9764320719917650E+03
   1.1476770000000000E+09   1.3536599654469767E+06   2.4571319591008118E-11   5.9875104553193536E-23   4.9753058347222723E+03
   1.1496770000000000E+09   1.3580004165824633E+06   2.4349127212799278E-11   5.9347153848925029E-23   4.9741753266879296E+03
   1.1516770000000000E+09   1.3623237656525832E+06   2.4129667578133028E-11   5.8825670689559580E-23   4.9730409776547567E+03
   1.1536770000000000E+09   1.3666301255922702E+06   2.3912900193823774E-11   5.8310554620186000E-23   4.9719032081711684E+03
   1.1556770000000000E+09   1.3709196067683720E+06   2.3698785261845030E-11   5.7801707096911171E-23   4.9707624297006278E+03
   1.1576770000000000E+09   1.3751923170811061E+06   2.3487283664239735E-11   5.7299031440143642E-23   4.9696190447528725E+03
   1.1596770000000000E+09   1.3794483620984762E+06   2.3278356948009492E-11   5.6802432788202439E-23   4.9684734470139856E+03
   1.1616770000000000E+09   1.3836878452254490E+06   2.3071967309975784E-11   5.6311818051214117E-23   4.9673260214756747E+03
   1.1636770000000000E+09   1.3879108679087374E+06   2.2868077581619781E-11   5.5827095865296787E-23   4.9661771445640225E+03
   1.1656770000000000E+09   1.3921175298767365E+06   2.2666651213927337E-11   5.5348176547076822E-23   4.9650271842681586E+03
   1.1676770000000000E+09   1.3963079294128448E+06   2.2467652262280942E-11   5.4874972048625310E-23   4.9638765002690416E+03
   1.1696770000000000E+09   1.4004821636588767E+06   2.2271045371459225E-11   5.4407395912944570E-23   4.9627254440688239E+03
   1.1716770000000000E+09   1.4046403289437138E+06   2.2076795760821096E-11   5.3945363230180362E-23   4.9615743591209612E+03
   1.1736770000000000E+09   1.4087825211308151E+06   2.1884869209765871E-11   5.3488790594769802E-23   4.9604235809613156E+03
   1.1756770000000000E+09   1.4129088359768009E+06   2.1695232043571840E-11   5.3037596063763274E-23   4.9592734373405092E+03
   1.1776770000000000E+09   1.4170193694920740E+06   2.1507851119722999E-11   5.2591699116580544E-23   4.9581242483574961E+03
   1.1796770000000000E+09   1.4211142182935860E+06   2.1322693814834888E-11   5.2151020616463150E-23   4.9569763265945039E+03
   1.1816770000000000E+09   1.4251934799392584E+06   2.1139728012287421E-11   5.1715482773881944E-23   4.9558299772531718E+03
   1.1836770000000000E+09   1.4292572532335413E+06   2.0958922090661841E-11   5.1285009112132647E-23   4.9546854982917748E+03
   1.1856770000000000E+09   1.4333056384939903E+06   2.0780244913063661E-11   5.0859524435316879E-23   4.9535431805632616E+03
   1.1876770000000000E+09   1.4373387377696580E+06   2.0603665817392369E-11   5.0438954798856196E-23   4.9524033079537603E+03
   1.1896770000000000E+09   1.4413566550034985E+06   2.0429154607592721E-11   5.0023227482624432E-23   4.9512661575210677E+03
   1.1916770000000000E+09   1.4453594961327889E+06   2.0256681545895060E-11   4.9612270966715993E-23   4.9501319996327466E+03
   1.1936770000000000E+09   1.4493473691237427E+06   2.0086217346020968E-11   4.9206014909794310E-23   4.9490010981031455E+03
   1.1956770000000000E+09   1.4533203839388217E+06   1.9917733167301958E-11   4.8804390129892643E-23   4.9478737103288395E+03
   1.1976770000000000E+09   1.4572786524376904E+06   1.9751200609631505E-11   4.8407328587472156E-23   4.9467500874219741E+03
   1.1996770000000000E+09   1.4612222882152023E+06   1.9586591709145035E-11   4.8014763370480684E-23   4.9456304743407982E+03
   1.2016770000000000E+09   1.4651514063820008E+06   1.9423878934505086E-11   4.7626628681108494E-23   4.9445151100170406E+03
   1.2036770000000000E+09   1.4690661232952524E+06   1.9263035183653678E-11   4.7242859823902521E-23   4.9434042274795420E+03
   1.2056770000000000E+09   1.4729665562486975E+06   1.9104033780886347E-11   4.6863393194877323E-23   4.9422980539739056E+03
   1.2076770000000000E+09   1.4768528231323629E+06   1.8946848474099540E-11   4.6488166271256235E-23   4.9411968110776843E+03
   1.2096770000000000E+09   1.4807250420730554E+06   1.8791453432068118E-11   4.6117117601483195E-23   4.9401007148111648E+03
   1.2116770000000000E+09   1.4845833310670983E+06   1.8637823241616352E-11   4.5750186795165358E-23   4.9390099757433381E+03
   1.2136770000000000E+09   1.4884278076166739E+06   1.8485932904560599E-11   4.5387314512636098E-23   4.9379247990934218E+03
   1.2156770000000000E+09   1.4922585883806180E+06   1.8335757834316930E-11   4.5028442453870429E-23   4.9368453848276267E+03
   1.2176770000000000E+09   1.4960757888495484E+06   1.8187273852089444E-11   4.4673513346532254E-23   4.9357719277517190E+03
   1.2196770000000000E+09   1.4998795230539776E+06   1.8040457182574577E-11   4.4322470932986800E-23   4.9347046175993219E+03
   1.2216770000000000E+09   1.5036699033123711E+06   1.7895284449143388E-11   4.3975259956171721E-23   4.9336436391164489E+03
   1.2236770000000000E+09   1.5074470400242023E+06   1.7751732668488456E-11   4.3631826144282790E-23   4.9325891721426524E+03
   1.2256770000000000E+09   1.5112110415110183E+06   1.7609779244745075E-11   4.3292116194288513E-23   4.9315413916889875E+03
   1.2276770000000000E+09   1.5149620139062211E+06   1.7469401963124349E-11   4.2956077754351255E-23   4.9305004680136626E+03
   1.2296770000000000E+09   1.5187000610923544E+06   1.7330578983110414E-11   4.2623659405278006E-23   4.9294665666952396E+03
   1.2316770000000000E+09   1.5224252846825700E+06   1.7193288831297202E-11   4.2294810641171626E-23   4.9284398487043918E+03
   1.2336770000000000E+09   1.5261377840415817E+06   1.7057510393945999E-11   4.1969481849477665E-23   4.9274204704741542E+03
   1.2356770000000000E+09   1.5298376563401928E+06   1.6923222909354493E-11   4.1647624290640088E-23   4.9264085839692989E+03
   1.2376770000000000E+09   1.5335249966369481E+06   1.6790405960125642E-11   4.1329190077578011E-23   4.9254043367549684E+03
   1.2396770000000000E+09   1.5371998979803438E+06   1.6659039465419939E-11   4.1014132155185162E-23   4.9244078720646603E+03
   1.2416770000000000E+09   1.5408624515252779E+06   1.6529103673267080E-11   4.0702404280032132E-23   4.9234193288680553E+03
   1.2436770000000000E+09   1.5445127466581592E+06   1.6400579152997595E-11   4.0393961000421760E-23   4.9224388419382494E+03
   1.2456770000000000E+09   1.5481508711257903E+06   1.6273446787846547E-11   4.0088757636920025E-23   4.9214665419188614E+03
   1.2476770000000000E+09   1.5517769111640346E+06   1.6147687767766636E-11   3.9786750263454426E-23   4.9205025553907817E+03
   1.2496770000000000E+09   1.5553909516231334E+06   1.6023283582477263E-11   3.9487895689043516E-23   4.9195470049386004E+03
   1.2516770000000000E+09   1.5589930760872487E+06   1.5900216014767636E-11   3.9192151440200743E-23   4.9186000092166878E+03
   1.2536770000000000E+09   1.5625833669864575E+06   1.5778467134063456E-11   3.8899475744034866E-23   4.9176616830149260E+03
   1.2556770000000000E+09   1.5661619056999530E+06   1.5658019290261103E-11   3.8609827512056357E-23   4.9167321373239620E+03
   1.2576770000000000E+09   1.5697287726496735E+06   1.5538855107828024E-11   3.8323166324684589E-23   4.9158114794000867E+03
   1.2596770000000000E+09   1.5732840473839459E+06   1.5420957480164032E-11   3.8039452416443805E-23   4.9148998128294506E+03
   1.2616770000000000E+09   1.5768278086509921E+06   1.5304309564216255E-11   3.7758646661826913E-23   4.9139972375918678E+03
   1.2636770000000000E+09   1.5803601344623663E+06   1.5188894775337529E-11   3.7480710561803664E-23   4.9131038501238199E+03
   1.2656770000000000E+09   1.5838811021464628E+06   1.5074696782378371E-11   3.7205606230945997E-23   4.9122197433809133E+03
   1.2676770000000000E+09   1.5873907883922709E+06   1.4961699503001720E-11   3.6933296385144374E-23   4.9113450068995344E+03
   1.2696770000000000E+09   1.5908892692834954E+06   1.4849887099210503E-11   3.6663744329889383E-23   4.9104797268577458E+03
   1.2716770000000000E+09   1.5943766203230796E+06   1.4739243973079138E-11   3.6396913949094617E-23   4.9096239861355134E+03
   1.2736770000000000E+09   1.5978529164481843E+06   1.4629754762678622E-11   3.6132769694436539E-23   4.9087778643739694E+03
   1.2756770000000000E+09   1.6013182320356008E+06   1.4521404338187216E-11   3.5871276575187801E-23   4.9079414380340477E+03
   1.2776770000000000E+09   1.6047726408976908E+06   1.4414177798175512E-11   3.5612400148519377E-23   4.9071147804539460E+03
   1.2796770000000000E+09   1.6082162162689264E+06   1.4308060466057264E-11   3.5356106510244470E-23   4.9062979619060334E+03
   1.2816770000000000E+09   1.6116490307833073E+06   1.4203037886692904E-11   3.5102362285975261E-23   4.9054910496525872E+03
   1.2836770000000000E+09   1.6150711564429214E+06   1.4099095823134699E-11   3.4851134622663038E-23   4.9046941080005081E+03
   1.2856770000000000E+09   1.6184826645779572E+06   1.3996220253502350E-11   3.4602391180491090E-23   4.9039071983552567E+03
   1.2876770000000000E+09   1.6218836257985726E+06   1.3894397367975556E-11   3.4356100125089644E-23   4.9031303792734961E+03
   1.2896770000000000E+09   1.6252741099388751E+06   1.3793613565893659E-11   3.4112230120044761E-23   4.9023637065147868E+03
   1.2916770000000000E+09   1.6286541859932053E+06   1.3693855452952341E-11   3.3870750319675834E-23   4.9016072330922625E+03
   1.2936770000000000E+09   1.6320239220447214E+06   1.3595109838488718E-11   3.3631630362061066E-23   4.9008610093220068E+03
   1.2956770000000000E+09   1.6353833851859728E+06   1.3497363732850633E-11   3.3394840362296455E-23   4.9001250828715556E+03
   1.2976770000000000E+09   1.6387326414309568E+06   1.3400604344846192E-11   3.3160350905979528E-23   4.8993994988072418E+03
   1.2996770000000000E+09   1.6420717556180255E+06   1.3304819079272463E-11   3.2928133042912226E-23   4.8986842996406313E+03
   1.3016770000000000E+09   1.6454007913033236E+06   1.3209995534520151E-11   3.2698158281013223E-23   4.8979795253742104E+03
   1.3036770000000000E+09   1.6487198106456099E+06   1.3116121500243181E-11   3.2470398580410438E-23   4.8972852135464509E+03
   1.3056770000000000E+09   1.6520288742855615E+06   1.3023184955067876E-11   3.2244826347648973E-23   4.8966013992764510E+03
   1.3076770000000000E+09   1.6553280412265698E+06   1.2931174064290240E-11   3.2021414429884885E-23   4.8959281153083466E+03
   1.3096770000000000E+09   1.6586173687296496E+06   1.2840077177473295E-11   3.1800136108846855E-23   4.8952653920553503E+03
   1.3116770000000000E+09   1.6618969122420934E+06   1.2749882825812641E-11   3.1580965094239596E-23   4.8946132576431892E+03
   1.3136770000000000E+09   1.6651667253869476E+06   1.2660579719093854E-11   3.1363875516154418E-23   4.8939717379523636E+03
   1.3156770000000000E+09   1.6684268600463828E+06   1.2572156742032775E-11   3.1148841915975503E-23   4.8933408566579492E+03
   1.3176770000000000E+09   1.6716773665735216E+06   1.2484602949792799E-11   3.0935839235274213E-23   4.8927206352661333E+03
   1.3196770000000000E+09   1.6749182941610778E+06   1.2397907562526600E-11   3.0724842802320378E-23   4.8921110931458761E+03
   1.3216770000000000E+09   1.6781496913778305E+06   1.2312059958920093E-11   3.0515828316150070E-23   4.8915122475559483E+03
   1.3236770000000000E+09   1.6813716068544569E+06   1.2227049668918712E-11   3.0308771828628470E-23   4.8909241136680575E+03
   1.3256770000000000E+09   1.6845840900601591E+06   1.2142866366082113E-11   3.0103649725587693E-23   4.8903467045898497E+03
   1.3276770000000000E+09   1.6877871920683447E+06   1.2059499860280422E-11   2.9900438708773648E-23   4.8897800313932585E+03
   1.3296770000000000E+09   1.6909809661748388E+06   1.1976940091640926E-11   2.9699115780813214E-23   4.8892241031556177E+03
   1.3316770000000000E+09   1.6941654682215350E+06   1.1895177126672431E-11   2.9499658235467712E-23   4.8886789270201225E+03
   1.3336770000000000E+09   1.6973407565056954E+06   1.1814201157258275E-11   2.9302043654878134E-23   4.8881445082786122E+03
   1.3356770000000000E+09   1.7005068912267063E+06   1.1734002502692416E-11   2.9106249914268749E-23   4.8876208504728602E+03
   1.3376770000000000E+09   1.7036639335298217E+06   1.1654571614209532E-11   2.8912255192832291E-23   4.8871079555015867E+03
   1.3396770000000000E+09   1.7068119443244024E+06   1.1575899080716580E-11   2.8720037987713446E-23   4.8866058237129928E+03
   1.3416770000000000E+09   1.7099509831426085E+06   1.1497975633933001E-11   2.8529577126766901E-23   4.8861144539608631E+03
   1.3436770000000000E+09   1.7130811073220796E+06   1.1420792151141964E-11   2.8340851775702122E-23   4.8856338436095630E+03
   1.3456770000000000E+09   1.7162023717182186E+06   1.1344339654369366E-11   2.8153841436649217E-23   4.8851639884897013E+03
   1.3476770000000000E+09   1.7193148289886755E+06   1.1268609305928006E-11   2.7968525937837280E-23   4.8847048828278685E+03
   1.3496770000000000E+09   1.7224185302959506E+06   1.1193592401519419E-11   2.7784885417108444E-23   4.8842565191898884E+03
   1.3516770000000000E+09   1.7255135261228245E+06   1.1119280362961304E-11   2.7602900304170553E-23   4.8838188884784686E+03
   1.3536770000000000E+09   1.7285998668634410E+06   1.1045664732663068E-11   2.7422551306754208E-23   4.8833919800062504E+03
   1.3556770000000000E+09   1.7316776029678818E+06   1.0972737171099975E-11   2.7243819403880361E-23   4.8829757816300880E+03
   1.3576770000000000E+09   1.7347467846359825E+06   1.0900489457094191E-11   2.7066685846048084E-23   4.8825702798985549E+03
   1.3596770000000000E+09   1.7378074612727037E+06   1.0828913489394867E-11   2.6891132158938845E-23   4.8821754601519951E+03
   1.3616770000000000E+09   1.7408596810175274E+06   1.0758001287565761E-11   2.6717140145892044E-23   4.8817913065364328E+03
   1.3636770000000000E+09   1.7439034905871495E+06   1.0687744990807015E-11   2.6544691885667793E-23   4.8814178019405681E+03
   1.3656770000000000E+09   1.7469389354674076E+06   1.0618136854688736E-11   2.6373769725112964E-23   4.8810549279126117E+03
   1.3676770000000000E+09   1.7499660602833012E+06   1.0549169247011356E-11   2.6204356269364435E-23   4.8807026646272161E+03
   1.3696770000000000E+09   1.7529849090961006E+06   1.0480834644355393E-11   2.6036434373285127E-23   4.8803609909395627E+03
   1.3716770000000000E+09   1.7559955254696428E+06   1.0413125630162727E-11   2.5869987136372788E-23   4.8800298845028610E+03
   1.3736770000000000E+09   1.7589979523368017E+06   1.0346034893988417E-11   2.5704997900625784E-23   4.8797093218800646E+03
   1.3756770000000000E+09   1.7619922318365842E+06   1.0279555230798063E-11   2.5541450248894479E-23   4.8793992785877772E+03
   1.3776770000000000E+09   1.7649784052810105E+06   1.0213679539400432E-11   2.5379328001474739E-23   4.8790997290657215E+03
   1.3796770000000000E+09   1.7679565132723360E+06   1.0148400820028201E-11   2.5218615210688318E-23   4.8788106466237778E+03
   1.3816770000000000E+09   1.7709265958511669E+06   1.0083712171870385E-11   2.5059296155127596E-23   4.8785320034277129E+03
   1.3836770000000000E+09   1.7738886925265717E+06   1.0019606791371437E-11   2.4901355335578136E-23   4.8782637705277129E+03
   1.3856770000000000E+09   1.7768428421044878E+06   9.9560779715196155E-12   2.4744777473626126E-23   4.8780059178423480E+03
   1.3876770000000000E+09   1.7797890822260419E+06   9.8931191021032732E-12   2.4589547513809481E-23   4.8777584139152787E+03
   1.3896770000000000E+09   1.7827274481881368E+06   9.8307236722633651E-12   2.4435650634187504E-23   4.8775212251209259E+03
   1.3916770000000000E+09   1.7856579695370106E+06   9.7688852812157042E-12   2.4283072283114564E-23   4.8772943136558915E+03
   1.3936770000000000E+09   1.7885806602154614E+06   9.7075976744546277E-12   2.4131798291924348E-23   4.8770776329168339E+03
   1.3956770000000000E+09   1.7914954916284222E+06   9.6468548506868643E-12   2.3981815188115572E-23   4.8768711176955294E+03
   1.3976770000000000E+09   1.7944023237216293E+06   9.5866513497246201E-12   2.3833110999330921E-23   4.8766746656544701E+03
   1.3996770000000000E+09   1.7973007407308826E+06   9.5269829670742146E-12   2.3685677167083733E-23   4.8764881080885416E+03
   1.4016770000000000E+09   1.8001896905612615E+06   9.4678483794396061E-12   2.3539512736783617E-23   4.8763111773147184E+03
   1.4036770000000000E+09   1.8030667683894166E+06   9.4092524782871256E-12   2.3394632651662469E-23   4.8761435028515561E+03
   1.4056770000000000E+09   1.8059269662764550E+06   9.3512123609439103E-12   2.3251082164169703E-23   4.8759847106504603E+03
   1.4076770000000000E+09   1.8087608606278992E+06   9.2937662643260030E-12   2.3108957594294258E-23   4.8758347311998814E+03
   1.4096770000000000E+09   1.8115527333839871E+06   9.2369831335316324E-12   2.2968427566583652E-23   4.8756943530516373E+03
   1.4116770000000000E+09   1.8142801324648855E+06   9.1809652608154955E-12   2.2829737230532248E-23   4.8755657507757069E+03
   1.4136770000000000E+09   1.8169174218242541E+06   9.1258306828501036E-12   2.2693166103789523E-23   4.8754521801748433E+03
   1.4156770000000000E+09   1.8194453943313342E+06   9.0716641110586326E-12   2.2558916042983396E-23   4.8753558479082949E+03
   1.4176770000000000E+09   1.8218649293368573E+06   9.0184469608331386E-12   2.2426953410292160E-23   4.8752743591681301E+03
   1.4196770000000000E+09   1.8242056982194555E+06   8.9660153220900533E-12   2.2296910205517849E-23   4.8751993408341214E+03
   1.4216770000000000E+09   1.8265187535607440E+06   8.9141064466804114E-12   2.2168173877591224E-23   4.8751219390186297E+03
   1.4236770000000000E+09   1.8288544152498215E+06   8.8624823850814897E-12   2.2040149484812665E-23   4.8750428299512860E+03
   1.4256770000000000E+09   1.8312475658380189E+06   8.8110019699680380E-12   2.1912436292428778E-23   4.8749730393423260E+03
   1.4276770000000000E+09   1.8337296723109866E+06   8.7595334398150038E-12   2.1784690264332025E-23   4.8749163925995172E+03
   1.4296770000000000E+09   1.8363512511274216E+06   8.7077965143639777E-12   2.1656355604792530E-23   4.8748413245133861E+03
   1.4316770000000000E+09   1.8391244342889837E+06   8.6556859788001719E-12   2.1527325542577172E-23   4.8747124223278115E+03
   1.4336770000000000E+09   1.8425258253698295E+06   8.5991150501638135E-12   2.1392088833950078E-23   4.8734683782152988E+03
   1.4356770000000000E+09   1.8426226087029863E+06   8.5628213993012433E-12   2.1296128313103881E-23   4.8747664917402017E+03
   6.5767700000000000E+08  -4.8871935656135438E+03   1.5344354387592762E-15   8.7934017518138287E-26   8.4008624807162573E+02
   6.5967700000000000E+08  -5.3038527171791329E+03   3.0683751513620228E-15   1.7122020523876782E-25   8.6275128459743360E+02
   6.6167700000000000E+08  -5.8065070707982777E+03   6.1909082670937494E-15   3.3666313701972199E-25   8.8530103913059963E+02
   6.6367700000000000E+08  -6.2004696218730523E+03   1.3250410517618755E-14   7.0047288724251237E-25   9.1068917528180305E+02
   6.6567700000000000E+08  -6.0764561081604534E+03   3.0970659587517293E-14   1.5960677250201419E-24   9.3418160212687519E+02
   6.6767700000000000E+08  -5.2917588170019035E+03   7.3603239240545552E-14   3.7178399566325373E-24   9.5309986517722700E+02
   6.6967700000000000E+08  -4.2515692526795392E+03   1.5999394625890656E-13   7.9099207355834794E-24   9.7378614201233393E+02
   6.7167700000000000E+08  -3.2216633513562301E+03   3.0324395315907429E-13   1.4570718490412297E-23   1.0019437783450029E+03
   6.7367700000000000E+08  -2.2026273994639446E+03   5.0245249034387549E-13   2.3251649095022735E-23   1.0403354889730381E+03
   6.7567700000000000E+08  -1.0332794747230751E+03   7.4425105028665613E-13   3.2785388426247515E-23   1.0928770189650386E+03
   6.7767700000000000E+08   3.9462290371747741E+02   1.0107472564606856E-12   4.1717174189212566E-23   1.1664331646576563E+03
   6.7967700000000000E+08   2.0357214002086052E+03   1.2850087965390877E-12   4.8874200482036242E-23   1.2657810965466263E+03
   6.8167700000000000E+08   3.7833498838338769E+03   1.5523610375306736E-12   5.3806767573894682E-23   1.3889544453476735E+03
   6.8367700000000000E+08   5.5874508736618445E+03   1.8010666728678471E-12   5.6792246533881158E-23   1.5267675206220554E+03
   6.8567700000000000E+08   7.4910246540918042E+03   2.0241873858813390E-12   5.8395698438637808E-23   1.6687913034100254E+03
   6.8767700000000000E+08   9.5546165942507923E+03   2.2199120303135037E-12   5.9162538574513563E-23   1.8064299911463027E+03
   6.8967700000000000E+08   1.1811429031638951E+04   2.3873763082838250E-12   5.9381558017731989E-23   1.9355369315987175E+03
   6.9167700000000000E+08   1.4252322015211023E+04   2.5277209824846293E-12   5.9228066826579956E-23   2.0546305753879019E+03
   6.9367700000000000E+08   1.6853105513339542E+04   2.6432210847629881E-12   5.8816432998154329E-23   2.1635502091768603E+03
   6.9567700000000000E+08   1.9585228573944656E+04   2.7365192537006333E-12   5.8220596879085732E-23   2.2628409292143015E+03
   6.9767700000000000E+08   2.2419161623634856E+04   2.8102208412758176E-12   5.7489680643502302E-23   2.3533294247164054E+03
   6.9967700000000000E+08   2.5326346819498613E+04   2.8667016392543071E-12   5.6657125336208524E-23   2.4359037841456325E+03
   7.0167700000000000E+08   2.8279386557534577E+04   2.9080422151683036E-12   5.5746181918018452E-23   2.5114107558485566E+03
   7.0367700000000000E+08   3.1251961738334430E+04   2.9360257320243365E-12   5.4773304066771293E-23   2.5806142370033326E+03
   7.0567700000000000E+08   3.4218797999916569E+04   2.9521664741959703E-12   5.3750350133474501E-23   2.6441842691019451E+03
   7.0767700000000000E+08   3.7155767801059366E+04   2.9577504892358404E-12   5.2686074557083923E-23   2.7027001367812927E+03
   7.0967700000000000E+08   4.0040122298064365E+04   2.9538782434529302E-12   5.1587168532432716E-23   2.7566591431331231E+03
   7.1167700000000000E+08   4.2850813415340017E+04   2.9415042852758398E-12   5.0458998955196124E-23   2.8064869420610898E+03
   7.1367700000000000E+08   4.5568878926552730E+04   2.9214718702513576E-12   4.9306136869431142E-23   2.8525476182916764E+03
   7.1567700000000000E+08   4.8177877973636168E+04   2.8945422309949939E-12   4.8132736329459616E-23   2.8951529295809510E+03
   7.1767700000000000E+08   5.0664370258370247E+04   2.8614189927543788E-12   4.6942805855579670E-23   2.9345707317064225E+03
   7.1967700000000000E+08   5.3018419941166925E+04   2.8227683699179752E-12   4.5740400392521774E-23   2.9710328335524991E+03
   7.2167700000000000E+08   5.5234077853341129E+04   2.7792354307461389E-12   4.4529749025310343E-23   3.0047425091567807E+03
   7.2367700000000000E+08   5.7309763753555868E+04   2.7314561641664191E-12   4.3315323099058042E-23   3.0358817241282181E+03
   7.2567700000000000E+08   5.9248450740786553E+04   2.6800646521490310E-12   4.2101842883881475E-23   3.0646179108951947E+03
   7.2767700000000000E+08   6.1057561686606517E+04   2.6256946308636589E-12   4.0894220528626033E-23   3.0911099444750826E+03
   7.2967700000000000E+08   6.2748527964293688E+04   2.5689752298079618E-12   3.9697442998261050E-23   3.1155129004548371E+03
   7.3167700000000000E+08   6.4336024737288477E+04   2.5105215810731037E-12   3.8516408647116471E-23   3.1379812488279536E+03
   7.3367700000000000E+08   6.5836964119967379E+04   2.4509219594498403E-12   3.7355740779234859E-23   3.1586703282482381E+03
   7.3567700000000000E+08   6.7269375147474246E+04   2.3907237697483421E-12   3.6219606700144835E-23   3.1777361920621406E+03
   7.3767700000000000E+08   6.8651313540724470E+04   2.3304207955893390E-12   3.5111569075334187E-23   3.1953341444247076E+03
   7.3967700000000000E+08   6.9999924166172801E+04   2.2704436538856864E-12   3.4034488491845000E-23   3.2116164322820919E+03
   7.4167700000000000E+08   7.1330735898271756E+04   2.2111545598155442E-12   3.2990484870374980E-23   3.2267296009605743E+03
   7.4367700000000000E+08   7.2657218204450299E+04   2.1528465871567456E-12   3.1980954390078130E-23   3.2408119662512145E+03
   7.4567700000000000E+08   7.3990585039926955E+04   2.0957468574082542E-12   3.1006630612198245E-23   3.2539915364222679E+03
   7.4767700000000000E+08   7.5339802419146232E+04   2.0400226405100851E-12   3.0067674656942999E-23   3.2663845733701487E+03
   7.4967700000000000E+08   7.6711742831532567E+04   1.9857892094414122E-12   2.9163779243733071E-23   3.2780948473621725E+03
   7.5167700000000000E+08   7.8111429602040909E+04   1.9331183874246216E-12   2.8294273928268081E-23   3.2892135360823731E+03
   7.5367700000000000E+08   7.9542322612623757E+04   1.8820469571283536E-12   2.7458222561463278E-23   3.2998196539392643E+03
   7.5567700000000000E+08   8.1006608872947982E+04   1.8325843736097824E-12   2.6654507733239725E-23   3.3099808693325608E+03
   7.5767700000000000E+08   8.2505473800862455E+04   1.7847194734792000E-12   2.5881900074263010E-23   3.3197545673974137E+03
   7.5967700000000000E+08   8.4039339706911313E+04   1.7384260698649337E-12   2.5139112509371465E-23   3.3291890334436898E+03
   7.6167700000000000E+08   8.5608066033334544E+04   1.6936674581897114E-12   2.4424840909107643E-23   3.3383246586617465E+03
   7.6367700000000000E+08   8.7211111344198289E+04   1.6503999379444948E-12   2.3737793237863716E-23   3.3471950977746483E+03
   7.6567700000000000E+08   8.8847660298422881E+04   1.6085754932278627E-12   2.3076709458653225E-23   3.3558283338502238E+03
   7.6767700000000000E+08   9.0516720414401367E+04   1.5681437833255001E-12   2.2440374317179504E-23   3.3642476263088615E+03
   7.6967700000000000E+08   9.2217193891033225E+04   1.5290535856087427E-12   2.1827624839692148E-23   3.3724723337042606E+03
   7.7167700000000000E+08   9.3947929527842745E+04   1.4912538151741638E-12   2.1237354040487501E-23   3.3805186134957471E+03
   7.7367700000000000E+08   9.5707759211388286E+04   1.4546942247144580E-12   2.0668512005899722E-23   3.3884000076148213E+03
   7.7567700000000000E+08   9.7495522723362068E+04   1.4193258675743399E-12   2.0120105232752855E-23   3.3961279261264140E+03
   7.7767700000000000E+08   9.9310083909006047E+04   1.3851013886047167E-12   1.9591194861640941E-23   3.4037120426051561E+03
   7.7967700000000000E+08   1.0115034059279665E+05   1.3519751919969362E-12   1.9080894258950670E-23   3.4111606147436396E+03
   7.8167700000000000E+08   1.0301523007185558E+05   1.3199035228216234E-12   1.8588366260417707E-23   3.4184807427608475E+03
   7.8367700000000000E+08   1.0490373156202176E+05   1.2888444892483510E-12   1.8112820285363991E-23   3.4256785767973956E+03
   7.8567700000000000E+08   1.0681486661035621E+05   1.2587580449697189E-12   1.7653509456521406E-23   3.4327594829474333E+03
   7.8767700000000000E+08   1.0874769820796011E+05   1.2296059457677156E-12   1.7209727808467429E-23   3.4397281760568676E+03
   7.8967700000000000E+08   1.1070132912457976E+05   1.2013516900362209E-12   1.6780807632232967E-23   3.4465888260128763E+03
   7.9167700000000000E+08   1.1267489982766127E+05   1.1739604500713720E-12   1.6366116980015001E-23   3.4533451430070631E+03
   7.9367700000000000E+08   1.1466758623161743E+05   1.1473989987826674E-12   1.5965057338636527E-23   3.4600004461896128E+03
   7.9567700000000000E+08   1.1667859743835840E+05   1.1216356349410483E-12   1.5577061470840043E-23   3.4665577192395308E+03
   7.9767700000000000E+08   1.1870717356944714E+05   1.0966401090008034E-12   1.5201591417861273E-23   3.4730196556422761E+03
   7.9967700000000000E+08   1.2075258374770753E+05   1.0723835507809501E-12   1.4838136653662298E-23   3.4793886958703433E+03
   8.0167700000000000E+08   1.2281412425679737E+05   1.0488383997761128E-12   1.4486212379804570E-23   3.4856670581852122E+03
   8.0367700000000000E+08   1.2489111688749075E+05   1.0259783385188523E-12   1.4145357949604164E-23   3.4918567643995489E+03
   8.0567700000000000E+08   1.2698290746675769E+05   1.0037782291830420E-12   1.3815135410480170E-23   3.4979596616398508E+03
   8.0767700000000000E+08   1.2908886455781893E+05   9.8221405346740363E-13   1.3495128154035794E-23   3.5039774409157221E+03
   8.0967700000000000E+08   1.3120837831489110E+05   9.6126285570350091E-13   1.3184939664209358E-23   3.5099116531199270E+03
   8.1167700000000000E+08   1.3334085947431027E+05   9.4090268907427889E-13   1.2884192354672592E-23   3.5157637229424245E+03
   8.1367700000000000E+08   1.3548573846296794E+05   9.2111256479783662E-13   1.2592526487507954E-23   3.5215349610727194E+03
   8.1567700000000000E+08   1.3764246460561163E+05   9.0187240411391840E-13   1.2309599165971936E-23   3.5272265749814246E+03
   8.1767700000000000E+08   1.3981050541339102E+05   8.8316299290601330E-13   1.2035083394890568E-23   3.5328396785077425E+03
   8.1967700000000000E+08   1.4198934593753176E+05   8.6496593879246958E-13   1.1768667202880254E-23   3.5383753004306773E+03
   8.2167700000000000E+08   1.4417848817349563E+05   8.4726363052581412E-13   1.1510052821181625E-23   3.5438343921643732E+03
   8.2367700000000000E+08   1.4637745050274098E+05   8.3003919954706824E-13   1.1258955914416322E-23   3.5492178346895735E+03
   8.2567700000000000E+08   1.4858576716092505E+05   8.1327648355144551E-13   1.1015104859050411E-23   3.5545264448116841E+03
   8.2767700000000000E+08   1.5080298772313088E+05   7.9695999193264791E-13   1.0778240065779756E-23   3.5597609808195311E+03
   8.2967700000000000E+08   1.5302867659857270E+05   7.8107487298409644E-13   1.0548113342440171E-23   3.5649221476068205E+03
   8.3167700000000000E+08   1.5526241252898818E+05   7.6560688274751096E-13   1.0324487294408906E-23   3.5700106013090713E+03
   8.3367700000000000E+08   1.5750378808679810E+05   7.5054235541108891E-13   1.0107134759792975E-23   3.5750269535022553E+03
   8.3567700000000000E+08   1.5975240917079171E+05   7.3586817517186356E-13   9.8958382770117609E-24   3.5799717750042887E+03
   8.3767700000000000E+08   1.6200789449886762E+05   7.2157174948817404E-13   9.6903895826586530E-24   3.5848455993171729E+03
   8.3967700000000000E+08   1.6426987509882957E+05   7.0764098365931334E-13   9.4905891377850959E-24   3.5896489257449002E+03
   8.4167700000000000E+08   1.6653799379960570E+05   6.9406425667912105E-13   9.2962456809755249E-24   3.5943822222203662E+03
   8.4367700000000000E+08   1.6881190472629204E+05   6.8083039831888977E-13   9.1071758067808868E-24   3.5990459278730245E+03
   8.4567700000000000E+08   1.7109127280331904E+05   6.6792866740107441E-13   8.9232035682351657E-24   3.6036404553676061E+03
   8.4767700000000000E+08   1.7337577327034995E+05   6.5534873123032740E-13   8.7441601023139446E-24   3.6081661930428427E+03
   8.4967700000000000E+08   1.7566509121569368E+05   6.4308064615065463E-13   8.5698832772852719E-24   3.6126235068775914E+03
   8.5167700000000000E+08   1.7795892113174257E+05   6.3111483919800145E-13   8.4002173609659007E-24   3.6170127423099730E+03
   8.5367700000000000E+08   1.8025696649642481E+05   6.1944209081600050E-13   8.2350127089266287E-24   3.6213342259329434E+03
   8.5567700000000000E+08   1.8255893938380299E+05   6.0805351859980132E-13   8.0741254717007736E-24   3.6255882670874021E+03
   8.5767700000000000E+08   1.8486456010603593E+05   5.9694056202840527E-13   7.9174173200345088E-24   3.6297751593712173E+03
   8.5967700000000000E+08   1.8717355688771760E+05   5.8609496814135463E-13   7.7647551871986302E-24   3.6338951820796847E+03
   8.6167700000000000E+08   1.8948566557255323E+05   5.7550877811038332E-13   7.6160110273502418E-24   3.6379486015898974E+03
   8.6367700000000000E+08   1.9180062936125862E+05   5.6517431465186994E-13   7.4710615889053593E-24   3.6419356726985529E+03
   8.6567700000000000E+08   1.9411819857857388E+05   5.5508417022214428E-13   7.3297882018659839E-24   3.6458566399198130E+03
   8.6767700000000000E+08   1.9643813046661488E+05   5.4523119593460073E-13   7.1920765780341334E-24   3.6497117387471671E+03
   8.6967700000000000E+08   1.9876018900108532E+05   5.3560849113657215E-13   7.0578166230590750E-24   3.6535011968808453E+03
   8.7167700000000000E+08   2.0108414472671741E+05   5.2620939358361400E-13   6.9269022592839891E-24   3.6572252354203829E+03
   8.7367700000000000E+08   2.0340977460812556E+05   5.1702747015077162E-13   6.7992312584049651E-24   3.6608840700203314E+03
   8.7567700000000000E+08   2.0573686189231803E+05   5.0805650802365281E-13   6.6747050830164627E-24   3.6644779120060125E+03
   8.7767700000000000E+08   2.0806519597948130E+05   4.9929050631633952E-13   6.5532287361889033E-24   3.6680069694454864E+03
   8.7967700000000000E+08   2.1039457229910561E+05   4.9072366806842877E-13   6.4347106183066962E-24   3.6714714481736764E+03
   8.8167700000000000E+08   2.1272479218887084E+05   4.8235039257991171E-13   6.3190623904909192E-24   3.6748715527646777E+03
   8.8367700000000000E+08   2.1505566277448146E+05   4.7416526804849266E-13   6.2061988440181008E-24   3.6782074874485988E+03
   8.8567700000000000E+08   2.1738699684925613E+05   4.6616306448040181E-13   6.0960377752391813E-24   3.6814794569700234E+03
   8.8767700000000000E+08   2.1971861275346894E+05   4.5833872685108533E-13   5.9884998655794836E-24   3.6846876673860611E+03
   8.8967700000000000E+08   2.2205033425531152E+05   4.5068736849665515E-13   5.8835085662649204E-24   3.6878323268032059E+03
   8.9167700000000000E+08   2.2438199043980244E+05   4.4320426471839269E-13   5.7809899874422547E-24   3.6909136460541663E+03
   8.9367700000000000E+08   2.2671341562189674E+05   4.3588484657906854E-13   5.6808727913164519E-24   3.6939318393195140E+03
   8.9567700000000000E+08   2.2904444932204072E+05   4.2872469485639390E-13   5.5830880887499205E-24   3.6968871247061902E+03
   8.9767700000000000E+08   2.3137493638835952E+05   4.2171953408712305E-13   5.4875693383417526E-24   3.6997797248101874E+03
   8.9967700000000000E+08   2.3370472743604824E+05   4.1486522657506891E-13   5.3942522461917814E-24   3.7026098673212546E+03
   9.0167700000000000E+08   2.3603367991696991E+05   4.0815776613933122E-13   5.3030746632365290E-24   3.7053777857849432E+03
   9.0367700000000000E+08   2.3836166031858456E+05   4.0159327126142422E-13   5.2139764754221925E-24   3.7080837207337440E+03
   9.0567700000000000E+08   2.4068854812632853E+05   3.9516797722773947E-13   5.1268994810462095E-24   3.7107279215364938E+03
   9.0767700000000000E+08   2.4301424200023437E+05   3.8887822705357219E-13   5.0417872519542328E-24   3.7133106494573358E+03
   9.0967700000000000E+08   2.4533866762110509E+05   3.8272046175291118E-13   4.9585849854117973E-24   3.7158321824439654E+03
   9.1167700000000000E+08   2.4766178427902126E+05   3.7669121223622953E-13   4.8772393761752730E-24   3.7182928218380748E+03
   9.1367700000000000E+08   2.4998358349445072E+05   3.7078709767554576E-13   4.7976985725351144E-24   3.7206929001874696E+03
   9.1567700000000000E+08   2.5230406957311794E+05   3.6500483718734726E-13   4.7199123080466950E-24   3.7230327874432714E+03
   9.1767700000000000E+08   2.5462321373822718E+05   3.5934127982319280E-13   4.6438322786679291E-24   3.7253128904870259E+03
   9.1967700000000000E+08   2.5694088666059577E+05   3.5379344795892676E-13   4.5694127075119890E-24   3.7275336398116410E+03
   9.2167700000000000E+08   2.5925680023277487E+05   3.4835857084578646E-13   4.4966107988615429E-24   3.7296954600698323E+03
   9.2367700000000000E+08   2.6157051292552368E+05   3.4303406930828222E-13   4.4253865699957621E-24   3.7317987301558728E+03
   9.2567700000000000E+08   2.6388154254948790E+05   3.3781746128016307E-13   4.3557016503798027E-24   3.7338437508918564E+03
   9.2767700000000000E+08   2.6618955649922747E+05   3.3270621263632474E-13   4.2875173407201032E-24   3.7358307445113542E+03
   9.2967700000000000E+08   2.6849451126917964E+05   3.2769762616808727E-13   4.2207931214382433E-24   3.7377598973061308E+03
   9.3167700000000000E+08   2.7079660939668113E+05   3.2278887766369554E-13   4.1554870385732834E-24   3.7396314254380077E+03
   9.3367700000000000E+08   2.7309606448955153E+05   3.1797723486716862E-13   4.0915584719759029E-24   3.7414456191130412E+03
   9.3567700000000000E+08   2.7539285404097493E+05   3.1326026983788349E-13   4.0289708756404527E-24   3.7432028302434496E+03
   9.3767700000000000E+08   2.7768673106073134E+05   3.0863577037076874E-13   3.9676906861208951E-24   3.7449034171227577E+03
   9.3967700000000000E+08   2.7997751534998720E+05   3.0410149801828861E-13   3.9076842400318579E-24   3.7465477063434359E+03
   9.4167700000000000E+08   2.8226529177877016E+05   2.9965535469573490E-13   3.8489198848247477E-24   3.7481360128789911E+03
   9.4367700000000000E+08   2.8455024343733466E+05   2.9529591426250078E-13   3.7913747491701669E-24   3.7496686831854886E+03
   9.4567700000000000E+08   2.8683229823276913E+05   2.9102247657567877E-13   3.7350354133250501E-24   3.7511460979125536E+03
   9.4767700000000000E+08   2.8911090281514550E+05   2.8683420118801826E-13   3.6798868263877923E-24   3.7525686196766824E+03
   9.4967700000000000E+08   2.9138502444820927E+05   2.8272886160527815E-13   3.6258963982945264E-24   3.7539365208917989E+03
   9.5167700000000000E+08   2.9365361332138343E+05   2.7870231087437536E-13   3.5730072220404229E-24   3.7552499286231632E+03
   9.5367700000000000E+08   2.9591747684218746E+05   2.7475007327655542E-13   3.5211584822169825E-24   3.7565088411818269E+03
   9.5567700000000000E+08   2.9817821126416797E+05   2.7086984637426750E-13   3.4703171856599966E-24   3.7577134680229433E+03
   9.5767700000000000E+08   3.0043600942506228E+05   2.6706089525656079E-13   3.4204702788195704E-24   3.7588643251953504E+03
   9.5967700000000000E+08   3.0269063893913163E+05   2.6332225035799378E-13   3.3716018137013187E-24   3.7599619501892757E+03
   9.6167700000000000E+08   3.0494194056652230E+05   2.5965262785810648E-13   3.3236919782020727E-24   3.7610068486489645E+03
   9.6367700000000000E+08   3.0718980678854248E+05   2.5605061117453647E-13   3.2767194038645524E-24   3.7619995108128519E+03
   9.6567700000000000E+08   3.0943416189908393E+05   2.5251473933026833E-13   3.2306622871896772E-24   3.7629404187581149E+03
   9.6767700000000000E+08   3.1167494948156970E+05   2.4904354595738371E-13   3.1854988797551085E-24   3.7638300518850574E+03
   9.6967700000000000E+08   3.1391212269038241E+05   2.4563557947362936E-13   3.1412077392961856E-24   3.7646688900068689E+03
   9.7167700000000000E+08   3.1614563429620239E+05   2.4228941737285433E-13   3.0977679070416927E-24   3.7654574145710426E+03
   9.7367700000000000E+08   3.1837542687288614E+05   2.3900367778943422E-13   3.0551590516324717E-24   3.7661961081054142E+03
   9.7567700000000000E+08   3.2060142462248309E+05   2.3577702785812639E-13   3.0133615732783852E-24   3.7668854521078024E+03
   9.7767700000000000E+08   3.2282352928492182E+05   2.3260818709433467E-13   2.9723566450807623E-24   3.7675259238349086E+03
   9.7967700000000000E+08   3.2504162269591517E+05   2.2949592427848707E-13   2.9321261715499422E-24   3.7681179927859989E+03
   9.8167700000000000E+08   3.2725557631851814E+05   2.2643904835712224E-13   2.8926526701098229E-24   3.7686621179740805E+03
   9.8367700000000000E+08   3.2946526472457795E+05   2.2343639642013790E-13   2.8539191140439889E-24   3.7691587469757001E+03
   9.8567700000000000E+08   3.3167057835370878E+05   2.2048682284732911E-13   2.8159087889973879E-24   3.7696083171529208E+03
   9.8767700000000000E+08   3.3387143177755800E+05   2.1758919268589762E-13   2.7786052024930686E-24   3.7700112586907608E+03
   9.8967700000000000E+08   3.3606776588504581E+05   2.1474238026666420E-13   2.7419920600012463E-24   3.7703679985883177E+03
   9.9167700000000000E+08   3.3825954463282833E+05   2.1194527208450363E-13   2.7060532958122819E-24   3.7706789646204547E+03
   9.9367700000000000E+08   3.4044674862167286E+05   2.0919677160852636E-13   2.6707731294071092E-24   3.7709445884950551E+03
   9.9567700000000000E+08   3.4262936828976905E+05   2.0649580329798900E-13   2.6361361127342314E-24   3.7711653078425256E+03
   9.9767700000000000E+08   3.4480739927233505E+05   2.0384131358433263E-13   2.6021271396551292E-24   3.7713415671535390E+03
   9.9967700000000000E+08   3.4698084639995667E+05   2.0123226458042155E-13   2.5687313624569161E-24   3.7714738190444373E+03
   1.0016770000000000E+09   3.4914986316994607E+05   1.9866753130180402E-13   2.5359328694112495E-24   3.7715625366316995E+03
   1.0036770000000000E+09   3.5131693119647028E+05   1.9614435035256059E-13   2.5036948738348598E-24   3.7716082249773408E+03
   1.0056770000000000E+09   3.5349069890968810E+05   1.9365572230376956E-13   2.4719264054842718E-24   3.7716116499856803E+03
   1.0076770000000000E+09   3.5567713982565817E+05   1.9119685940700237E-13   2.4405639932931508E-24   3.7715748017483847E+03
   1.0096770000000000E+09   3.5787222769712680E+05   1.8877069536612327E-13   2.4096423281091289E-24   3.7715004425942757E+03
   1.0116770000000000E+09   3.6006855281850492E+05   1.8638439698678421E-13   2.3792507079869278E-24   3.7713906201026675E+03
   1.0136770000000000E+09   3.6223758017149090E+05   1.8405034785224748E-13   2.3495459220756778E-24   3.7712461141800522E+03
   1.0156770000000000E+09   3.6438581042229763E+05   1.8176521579835407E-13   2.3204848961706506E-24   3.7710665898336565E+03
   1.0176770000000000E+09   3.6652528356163600E+05   1.7952029116156200E-13   2.2919569921281941E-24   3.7708499464050901E+03
   1.0196770000000000E+09   3.6865864299160172E+05   1.7731313331300308E-13   2.2639301741377296E-24   3.7705963892352747E+03
   1.0216770000000000E+09   3.7078659610287234E+05   1.7514255768089734E-13   2.2363884664812725E-24   3.7703061338820817E+03
   1.0236770000000000E+09   3.7290935812747042E+05   1.7300772479815545E-13   2.2093202525896592E-24   3.7699795289036661E+03
   1.0256770000000000E+09   3.7502698796644178E+05   1.7090790485997564E-13   2.1827153269696765E-24   3.7696169628348630E+03
   1.0276770000000000E+09   3.7713949231450958E+05   1.6884239737743787E-13   2.1565638844434364E-24   3.7692188381615929E+03
   1.0296770000000000E+09   3.7924686928846716E+05   1.6681050268408349E-13   2.1308561598919597E-24   3.7687855634384414E+03
   1.0316770000000000E+09   3.8134912784453831E+05   1.6481151500835033E-13   2.1055823394660506E-24   3.7683175517028394E+03
   1.0336770000000000E+09   3.8344629812695528E+05   1.6284472258168524E-13   2.0807325602478101E-24   3.7678152212966093E+03
   1.0356770000000000E+09   3.8553844489016419E+05   1.6090940567082411E-13   2.0562968828567408E-24   3.7672789977258817E+03
   1.0376770000000000E+09   3.8762568973331351E+05   1.5900482885615707E-13   2.0322651898863342E-24   3.7667093167825242E+03
   1.0396770000000000E+09   3.8970823483027302E+05   1.5713023193574380E-13   2.0086270656278908E-24   3.7661066298495330E+03
   1.0416770000000000E+09   3.9178636932336353E+05   1.5528483012387345E-13   1.9853717934909291E-24   3.7654714114746862E+03
   1.0436770000000000E+09   3.9386044093069434E+05   1.5346783264949255E-13   1.9624885888088145E-24   3.7648041672145087E+03
   1.0456770000000000E+09   3.9593079166280641E+05   1.5167847914196916E-13   1.9399670614368817E-24   3.7641054379897964E+03
   1.0476770000000000E+09   3.9799767715473741E+05   1.4991608204862376E-13   1.9177977597751110E-24   3.7633757973846650E+03
   1.0496770000000000E+09   4.0006119968406518E+05   1.4818005864437759E-13   1.8959725863634631E-24   3.7626158407134903E+03
   1.0516770000000000E+09   4.0212127917112358E+05   1.4646994064315574E-13   1.8744849301396971E-24   3.7618261679409511E+03
   1.0536770000000000E+09   4.0417766942263319E+05   1.4478535936662223E-13   1.8533294864367585E-24   3.7610073648473540E+03
   1.0556770000000000E+09   4.0623000931462314E+05   1.4312601370398439E-13   1.8325018545290195E-24   3.7601599871434973E+03
   1.0576770000000000E+09   4.0827788891826168E+05   1.4149163244980611E-13   1.8119980593106929E-24   3.7592845507541388E+03
   1.0596770000000000E+09   4.1032091082438646E+05   1.3988194149347069E-13   1.7918141308814371E-24   3.7583815292145541E+03
   1.0616770000000000E+09   4.1235873391519475E+05   1.3829664193416183E-13   1.7719458206604690E-24   3.7574513571282791E+03
   1.0636770000000000E+09   4.1439109560025804E+05   1.3673540032091869E-13   1.7523884708134929E-24   3.7564944375250161E+03
   1.0656770000000000E+09   4.1641781531917339E+05   1.3519784877049161E-13   1.7331370096294891E-24   3.7555111507916413E+03
   1.0676770000000000E+09   4.1843878546150494E+05   1.3368359126061299E-13   1.7141860264777463E-24   3.7545018633268305E+03
   1.0696770000000000E+09   4.2045395617462241E+05   1.3219221253532896E-13   1.6955298812749466E-24   3.7534669347997033E+03
   1.0716770000000000E+09   4.2246331907574000E+05   1.3072328703456889E-13   1.6771628154739331E-24   3.7524067235744919E+03
   1.0736770000000000E+09   4.2446689288668061E+05   1.2927638640765607E-13   1.6590790460159028E-24   3.7513215903451905E+03
   1.0756770000000000E+09   4.2646471226364170E+05   1.2785108510098809E-13   1.6412728354817286E-24   3.7502119002832460E+03
   1.0776770000000000E+09   4.2845681992038758E+05   1.2644696409557422E-13   1.6237385391556158E-24   3.7490780240842855E+03
   1.0796770000000000E+09   4.3044326153582736E+05   1.2506361314573096E-13   1.6064706332797033E-24   3.7479203382751957E+03
   1.0816770000000000E+09   4.3242408274041675E+05   1.2370063193538301E-13   1.5894637296681656E-24   3.7467392250696394E+03
   1.0836770000000000E+09   4.3439932751573354E+05   1.2235763052107338E-13   1.5727125812970348E-24   3.7455350719776852E+03
   1.0856770000000000E+09   4.3636903747962386E+05   1.2103422934287016E-13   1.5562120824030290E-24   3.7443082713036943E+03
   1.0876770000000000E+09   4.3833325168368925E+05   1.1973005899593188E-13   1.5399572655223693E-24   3.7430592196129278E+03
   1.0896770000000000E+09   4.4029200668067980E+05   1.1844475988427835E-13   1.5239432970077417E-24   3.7417883172108600E+03
   1.0916770000000000E+09   4.4224533671592688E+05   1.1717798182768275E-13   1.5081654719243686E-24   3.7404959676563199E+03
   1.0936770000000000E+09   4.4419327396105672E+05   1.1592938366007994E-13   1.4926192088156307E-24   3.7391825773164219E+03
   1.0956770000000000E+09   4.4613584874807228E+05   1.1469863283845895E-13   1.4773000445827881E-24   3.7378485549641027E+03
   1.0976770000000000E+09   4.4807308978472441E+05   1.1348540507061113E-13   1.4622036295887488E-24   3.7364943114157522E+03
   1.0996770000000000E+09   4.5000502434438345E+05   1.1228938396476296E-13   1.4473257230276690E-24   3.7351202592051177E+03
   1.1016770000000000E+09   4.5193167842979165E+05   1.1111026070166535E-13   1.4326621885705992E-24   3.7337268122893038E+03
   1.1036770000000000E+09   4.5385307691251166E+05   1.0994773372882008E-13   1.4182089902856448E-24   3.7323143857830455E+03
   1.1056770000000000E+09   4.5576924365111510E+05   1.0880150847606110E-13   1.4039621888249079E-24   3.7308833957176885E+03
   1.1076770000000000E+09   4.5768020159092819E+05   1.0767129709168565E-13   1.3899179378698446E-24   3.7294342588218938E+03
   1.1096770000000000E+09   4.5958597284799215E+05   1.0655681819818616E-13   1.3760724808245738E-24   3.7279673923214127E+03
   1.1116770000000000E+09   4.6148657877948997E+05   1.0545779666652965E-13   1.3624221477450882E-24   3.7264832137556709E+03
   1.1136770000000000E+09   4.6338204004234500E+05   1.0437396340784972E-13   1.3489633524910526E-24   3.7249821408092207E+03
   1.1156770000000000E+09   4.6527237664137554E+05   1.0330505518127658E-13   1.3356925900849196E-24   3.7234645911563161E+03
   1.1176770000000000E+09   4.6715760796781140E+05   1.0225081441660892E-13   1.3226064342626389E-24   3.7219309823170875E+03
   1.1196770000000000E+09   4.6903775282873248E+05   1.0121098905045183E-13   1.3097015351990859E-24   3.7203817315239617E+03
   1.1216770000000000E+09   4.7091282946764084E+05   1.0018533237445417E-13   1.2969746173913514E-24   3.7188172555969791E+03
   1.1236770000000000E+09   4.7278285557626019E+05   9.9173602894260374E-14   1.2844224776826615E-24   3.7172379708268800E+03
   1.1256770000000000E+09   4.7464784829737985E+05   9.8175564197887836E-14   1.2720419834108831E-24   3.7156442928647321E+03
   1.1276770000000000E+09   4.7650782421872101E+05   9.7190984832241187E-14   1.2598300706654504E-24   3.7140366366170629E+03
   1.1296770000000000E+09   4.7836279935778945E+05   9.6219638186573778E-14   1.2477837426377663E-24   3.7124154161453848E+03
   1.1316770000000000E+09   4.8021278913785703E+05   9.5261302381790258E-14   1.2359000680511188E-24   3.7107810445691530E+03
   1.1336770000000000E+09   4.8205780835554918E+05   9.4315760164557384E-14   1.2241761796570394E-24   3.7091339339711258E+03
   1.1356770000000000E+09   4.8389787114068284E+05   9.3382798805338433E-14   1.2126092727868243E-24   3.7074744953043823E+03
   1.1376770000000000E+09   4.8573299090966542E+05   9.2462209999492615E-14   1.2011966039472604E-24   3.7058031383000794E+03
   1.1396770000000000E+09   4.8756318031389976E+05   9.1553789770780975E-14   1.1899354894520416E-24   3.7041202713754260E+03
   1.1416770000000000E+09   4.8938845118530979E+05   9.0657338376662744E-14   1.1788233040808715E-24   3.7024263015413103E+03
   1.1436770000000000E+09   4.9120881448149588E+05   8.9772660214884265E-14   1.1678574797596922E-24   3.7007216343092632E+03
   1.1456770000000000E+09   4.9302428023334022E+05   8.8899563730990954E-14   1.1570355042570357E-24   3.6990066735976807E+03
   1.1476770000000000E+09   4.9483485749837878E+05   8.8037861326428708E-14   1.1463549198919251E-24   3.6972818216373471E+03
   1.1496770000000000E+09   4.9664055432337860E+05   8.7187369267016106E-14   1.1358133222501425E-24   3.6955474788766101E+03
   1.1516770000000000E+09   4.9844137771959411E+05   8.6347907591646838E-14   1.1254083589066313E-24   3.6938040438867833E+03
   1.1536770000000000E+09   5.0023733365441684E+05   8.5519300021060236E-14   1.1151377281514853E-24   3.6920519132685158E+03
   1.1556770000000000E+09   5.0202842706248461E+05   8.4701373866678683E-14   1.1049991777189874E-24   3.6902914815602003E+03
   1.1576770000000000E+09   5.0381466187933361E+05   8.3893959939439151E-14   1.0949905035182399E-24   3.6885231411495470E+03
   1.1596770000000000E+09   5.0559604109976633E+05   8.3096892458673390E-14   1.0851095483655266E-24   3.6867472821897236E+03
   1.1616770000000000E+09   5.0737256686256739E+05   8.2310008961076489E-14   1.0753542007183793E-24   3.6849642925215171E+03
   1.1636770000000000E+09   5.0914424056218093E+05   8.1533150209882927E-14   1.0657223934123731E-24   3.6831745576030307E+03
   1.1656770000000000E+09   5.1091106298711261E+05   8.0766160104380349E-14   1.0562121024018468E-24   3.6813784604484304E+03
   1.1676770000000000E+09   5.1267303448354115E+05   8.0008885589999077E-14   1.0468213455072060E-24   3.6795763815772684E+03
   1.1696770000000000E+09   5.1443015514174337E+05   7.9261176569219800E-14   1.0375481811716249E-24   3.6777686989756312E+03
   1.1716770000000000E+09   5.1618242500173813E+05   7.8522885813637935E-14   1.0283907072312667E-24   3.6759557880703555E+03
   1.1736770000000000E+09   5.1792984427371249E+05   7.7793868877541329E-14   1.0193470597035275E-24   3.6741380217171677E+03
   1.1756770000000000E+09   5.1967241356770799E+05   7.7073984013461926E-14   1.0104154115992513E-24   3.6723157702033986E+03
   1.1776770000000000E+09   5.2141013412679592E+05   7.6363092090097989E-14   1.0015939717641728E-24   3.6704894012655395E+03
   1.1796770000000000E+09   5.2314300805711106E+05   7.5661056513114048E-14   9.9288098375640159E-25   3.6686592801215616E+03
   1.1816770000000000E+09   5.2487103854818817E+05   7.4967743149258710E-14   9.8427472476601512E-25   3.6668257695175380E+03
   1.1836770000000000E+09   5.2659423007708811E+05   7.4283020254219261E-14   9.7577350458265617E-25   3.6649892297877409E+03
   1.1856770000000000E+09   5.2831258859021042E+05   7.3606758404571220E-14   9.6737566461634131E-25   3.6631500189269959E+03
   1.1876770000000000E+09   5.3002612165713729E+05   7.2938830434147124E-14   9.5907957697632733E-25   3.6613084926737561E+03
   1.1896770000000000E+09   5.3173483859207993E+05   7.2279111374979135E-14   9.5088364361070632E-25   3.6594650046020829E+03
   1.1916770000000000E+09   5.3343875053930597E+05   7.1627478402930012E-14   9.4278629550893008E-25   3.6576199062204596E+03
   1.1936770000000000E+09   5.3513787052026915E+05   7.0983810787987541E-14   9.3478599196762410E-25   3.6557735470752382E+03
   1.1956770000000000E+09   5.3683221344154130E+05   7.0347989849078344E-14   9.2688121991849115E-25   3.6539262748563870E+03
   1.1976770000000000E+09   5.3852179606392630E+05   6.9719898913161994E-14   9.1907049331580301E-25   3.6520784355032183E+03
   1.1996770000000000E+09   5.4020663693453930E+05   6.9099423278253468E-14   9.1135235257943105E-25   3.6502303733078506E+03
   1.2016770000000000E+09   5.4188675628477242E+05   6.8486450179960089E-14   9.0372536408847014E-25   3.6483824310142827E+03
   1.2036770000000000E+09   5.4356217589821806E+05   6.7880868761032169E-14   8.9618811971927827E-25   3.6465349499111117E+03
   1.2056770000000000E+09   5.4523291895334038E+05   6.7282570043427206E-14   8.8873923642162368E-25   3.6446882699162998E+03
   1.2076770000000000E+09   5.4689900984665437E+05   6.6691446902296108E-14   8.8137735582534529E-25   3.6428427296525433E+03
   1.2096770000000000E+09   5.4856047400230181E+05   6.6107394041372483E-14   8.7410114387073069E-25   3.6409986665122742E+03
   1.2116770000000000E+09   5.5021733767428377E+05   6.5530307969224448E-14   8.6690929045545668E-25   3.6391564167115248E+03
   1.2136770000000000E+09   5.5186962774768937E+05   6.4960086975855453E-14   8.5980050909114536E-25   3.6373163153323599E+03
   1.2156770000000000E+09   5.5351737154477625E+05   6.4396631109233509E-14   8.5277353656373495E-25   3.6354786963538595E+03
   1.2176770000000000E+09   5.5516059664162307E+05   6.3839842151337814E-14   8.4582713259190423E-25   3.6336438926719561E+03
   1.2196770000000000E+09   5.5679933070017037E+05   6.3289623593433439E-14   8.3896007947932191E-25   3.6318122361087408E+03
   1.2216770000000000E+09   5.5843360131972772E+05   6.2745880610352431E-14   8.3217118175732819E-25   3.6299840574121076E+03
   1.2236770000000000E+09   5.6006343591095053E+05   6.2208520033664225E-14   8.2545926581601746E-25   3.6281596862468018E+03
   1.2256770000000000E+09   5.6168886159424775E+05   6.1677450323694873E-14   8.1882317952268276E-25   3.6263394511780593E+03
   1.2276770000000000E+09   5.6330990512319189E+05   6.1152581540486048E-14   8.1226179182834008E-25   3.6245236796491208E+03
   1.2296770000000000E+09   5.6492659283249045E+05   6.0633825313838014E-14   8.0577399236376015E-25   3.6227126979539862E+03
   1.2316770000000000E+09   5.6653895060886769E+05   6.0121094812672027E-14   7.9935869102771813E-25   3.6209068312066152E+03
   1.2336770000000000E+09   5.6814700388240465E+05   5.9614304713978927E-14   7.9301481757062851E-25   3.6191064033077391E+03
   1.2356770000000000E+09   5.6975077763507864E+05   5.9113371171674819E-14   7.8674132117749712E-25   3.6173117369104134E+03
   1.2376770000000000E+09   5.7135029642308131E+05   5.8618211785645376E-14   7.8053717005370544E-25   3.6155231533850729E+03
   1.2396770000000000E+09   5.7294558440920466E+05   5.8128745571272979E-14   7.7440135101735281E-25   3.6137409727848176E+03
   1.2416770000000000E+09   5.7453666540189344E+05   5.7644892929674884E-14   7.6833286910106836E-25   3.6119655138114481E+03
   1.2436770000000000E+09   5.7612356289784156E+05   5.7166575618837704E-14   7.6233074716569286E-25   3.6101970937825822E+03
   1.2456770000000000E+09   5.7770630012543255E+05   5.6693716725785956E-14   7.5639402552765443E-25   3.6084360285999837E+03
   1.2476770000000000E+09   5.7928490008689172E+05   5.6226240639853934E-14   7.5052176160095153E-25   3.6066826327192571E+03
   1.2496770000000000E+09   5.8085938559741108E+05   5.5764073027097939E-14   7.4471302955429770E-25   3.6049372191207417E+03
   1.2516770000000000E+09   5.8242977931997029E+05   5.5307140805843828E-14   7.3896691998338053E-25   3.6032000992816475E+03
   1.2536770000000000E+09   5.8399610379486973E+05   5.4855372123343672E-14   7.3328253959798263E-25   3.6014715831490703E+03
   1.2556770000000000E+09   5.8555838146341988E+05   5.4408696333478439E-14   7.2765901092316387E-25   3.5997519791138029E+03
   1.2576770000000000E+09   5.8711663468529016E+05   5.3967043975458106E-14   7.2209547201391786E-25   3.5980415939847044E+03
   1.2596770000000000E+09   5.8867088574942481E+05   5.3530346753429995E-14   7.1659107618219352E-25   3.5963407329632851E+03
   1.2616770000000000E+09   5.9022115687854111E+05   5.3098537516911465E-14   7.1114499173519757E-25   3.5946496996183560E+03
   1.2636770000000000E+09   5.9176747022723791E+05   5.2671550241976724E-14   7.0575640172409236E-25   3.5929687958604532E+03
   1.2656770000000000E+09   5.9330984787408833E+05   5.2249320013089128E-14   7.0042450370167886E-25   3.5912983219158177E+03
   1.2676770000000000E+09   5.9484831180786248E+05   5.1831783005511871E-14   6.9514850948819406E-25   3.5896385762997111E+03
   1.2696770000000000E+09   5.9638288390823372E+05   5.1418876468208306E-14   6.8992764494405839E-25   3.5879898557888800E+03
   1.2716770000000000E+09   5.9791358592129429E+05   5.1010538707150269E-14   6.8476114974849554E-25   3.5863524553929769E+03
   1.2736770000000000E+09   5.9944043943015719E+05   5.0606709068967538E-14   6.7964827718312660E-25   3.5847266683248122E+03
   1.2756770000000000E+09   6.0096346582112892E+05   5.0207327924846329E-14   6.7458829391932241E-25   3.5831127859692110E+03
   1.2776770000000000E+09   6.0248268624590407E+05   4.9812336654602750E-14   6.6958047980829669E-25   3.5815110978504122E+03
   1.2796770000000000E+09   6.0399812158029305E+05   4.9421677630856048E-14   6.6462412767291257E-25   3.5799218915979382E+03
   1.2816770000000000E+09   6.0550979238028720E+05   4.9035294203198036E-14   6.5971854309982230E-25   3.5783454529106657E+03
   1.2836770000000000E+09   6.0701771883604198E+05   4.8653130682298095E-14   6.5486304423104980E-25   3.5767820655192872E+03
   1.2856770000000000E+09   6.0852192072462989E+05   4.8275132323854226E-14   6.5005696155382324E-25   3.5752320111468780E+03
   1.2876770000000000E+09   6.1002241736222617E+05   4.7901245312336759E-14   6.4529963768786552E-25   3.5736955694677304E+03
   1.2896770000000000E+09   6.1151922755632875E+05   4.7531416744481640E-14   6.4059042716953543E-25   3.5721730180643617E+03
   1.2916770000000000E+09   6.1301236955847673E+05   4.7165594612513108E-14   6.3592869623249709E-25   3.5706646323827367E+03
   1.2936770000000000E+09   6.1450186101768340E+05   4.6803727787101605E-14   6.3131382258494325E-25   3.5691706856857654E+03
   1.2956770000000000E+09   6.1598771893441421E+05   4.6445766000107518E-14   6.2674519518401914E-25   3.5676914490050567E+03
   1.2976770000000000E+09   6.1746995961479179E+05   4.6091659827169392E-14   6.2222221400818666E-25   3.5662271910910199E+03
   1.2996770000000000E+09   6.1894859862418368E+05   4.5741360670257691E-14   6.1774428982914027E-25   3.5647781783612754E+03
   1.3016770000000000E+09   6.2042365073967702E+05   4.5394820740279001E-14   6.1331084398439472E-25   3.5633446748473789E+03
   1.3036770000000000E+09   6.2189512990112661E+05   4.5051993039832019E-14   6.0892130815189940E-25   3.5619269421398394E+03
   1.3056770000000000E+09   6.2336304916174954E+05   4.4712831346144151E-14   6.0457512412706186E-25   3.5605252393313704E+03
   1.3076770000000000E+09   6.2482742064147128E+05   4.4377290194088735E-14   6.0027174360081447E-25   3.5591398229583888E+03
   1.3096770000000000E+09   6.2628825548940222E+05   4.4045324859023098E-14   5.9601062793516857E-25   3.5577709469408996E+03
   1.3116770000000000E+09   6.2774556386601424E+05   4.3716891338965308E-14   5.9179124792964906E-25   3.5564188625211154E+03
   1.3136770000000000E+09   6.2919935496035812E+05   4.3391946335371752E-14   5.8761308356847662E-25   3.5550838182014468E+03
   1.3156770000000000E+09   6.3064963706137741E+05   4.3070447231614877E-14   5.8347562373601336E-25   3.5537660596832570E+03
   1.3176770000000000E+09   6.3209641770403110E+05   4.2752352068187048E-14   5.7937836588692939E-25   3.5524658298080494E+03
   1.3196770000000000E+09   6.3353970390761143E+05   4.2437619513885911E-14   5.7532081566046799E-25   3.5511833685037968E+03
   1.3216770000000000E+09   6.3497950251444185E+05   4.2126208832733140E-14   5.7130248643488571E-25   3.5499189127393715E+03
   1.3236770000000000E+09   6.3641582061942969E+05   4.1818079847360120E-14   5.6732289883139366E-25   3.5486726964905788E+03
   1.3256770000000000E+09   6.3784866605772625E+05   4.1513192900760115E-14   5.6338158019292108E-25   3.5474449507206396E+03
   1.3276770000000000E+09   6.3927804789072857E+05   4.1211508819683028E-14   5.5947806408193688E-25   3.5462359033771700E+03
   1.3296770000000000E+09   6.4070397680899792E+05   4.0912988883917298E-14   5.5561188985520130E-25   3.5450457794054801E+03
   1.3316770000000000E+09   6.4212646536183462E+05   4.0617594806001634E-14   5.5178260237791465E-25   3.5438748007754575E+03
   1.3336770000000000E+09   6.4354552793764928E+05   4.0325288724928209E-14   5.4798975192701325E-25   3.5427231865161480E+03
   1.3356770000000000E+09   6.4496118046010099E+05   4.0036033215122312E-14   5.4423289430284089E-25   3.5415911527496905E+03
   1.3376770000000000E+09   6.4637343982939492E+05   3.9749791308547968E-14   5.4051159112186193E-25   3.5404789127149575E+03
   1.3396770000000000E+09   6.4778232321053278E+05   3.9466526524118537E-14   5.3682541021284021E-25   3.5393866767721179E+03
   1.3416770000000000E+09   6.4918784732735786E+05   3.9186202895861882E-14   5.3317392600094082E-25   3.5383146523829664E+03
   1.3436770000000000E+09   6.5059002793730353E+05   3.8908784990773911E-14   5.2955671975610618E-25   3.5372630440669077E+03
   1.3456770000000000E+09   6.5198887961980165E+05   3.8634237909782051E-14   5.2597337961468018E-25   3.5362320533389725E+03
   1.3476770000000000E+09   6.5338441591574147E+05   3.8362527270353064E-14   5.2242350035208153E-25   3.5352218786407825E+03
   1.3496770000000000E+09   6.5477664973553829E+05   3.8093619175420423E-14   5.1890668296781522E-25   3.5342327152770199E+03
   1.3516770000000000E+09   6.5616559385629802E+05   3.7827480178092128E-14   5.1542253421001729E-25   3.5332647553670658E+03
   1.3536770000000000E+09   6.5755126130148803E+05   3.7564077252686983E-14   5.1197066618283736E-25   3.5323181878151618E+03
   1.3556770000000000E+09   6.5893366545929771E+05   3.7303377779205475E-14   5.0855069613451244E-25   3.5313931982945783E+03
   1.3576770000000000E+09   6.6031281992551172E+05   3.7045349541693626E-14   5.0516224643423183E-25   3.5304899692359995E+03
   1.3596770000000000E+09   6.6168873819190881E+05   3.6789960734226300E-14   5.0180494465412180E-25   3.5296086798093652E+03
   1.3616770000000000E+09   6.6306143336991873E+05   3.6537179965008072E-14   4.9847842362764036E-25   3.5287495058934633E+03
   1.3636770000000000E+09   6.6443091810248361E+05   3.6286976251141049E-14   4.9518232138234627E-25   3.5279126200348151E+03
   1.3656770000000000E+09   6.6579720469547680E+05   3.6039319002806325E-14   4.9191628092851047E-25   3.5270981914039212E+03
   1.3676770000000000E+09   6.6716030536899390E+05   3.5794178002115753E-14   4.8867994997383675E-25   3.5263063857579386E+03
   1.3696770000000000E+09   6.6852023247051705E+05   3.5551523384734116E-14   4.8547298067418325E-25   3.5255373654145696E+03
   1.3716770000000000E+09   6.6987699854067387E+05   3.5311325629940923E-14   4.8229502949820233E-25   3.5247912892347335E+03
   1.3736770000000000E+09   6.7123061623741745E+05   3.5073555559097896E-14   4.7914575720662682E-25   3.5240683126069907E+03
   1.3756770000000000E+09   6.7258109821681143E+05   3.4838184337885166E-14   4.7602482888385871E-25   3.5233685874274938E+03
   1.3776770000000000E+09   6.7392845707250433E+05   3.4605183477237554E-14   4.7293191395275947E-25   3.5226922620744331E+03
   1.3796770000000000E+09   6.7527270535771048E+05   3.4374524831401261E-14   4.6986668615041900E-25   3.5220394813811249E+03
   1.3816770000000000E+09   6.7661385562705866E+05   3.4146180595443979E-14   4.6682882349606534E-25   3.5214103866127457E+03
   1.3836770000000000E+09   6.7795192041293439E+05   3.3920123305502206E-14   4.6381800829594331E-25   3.5208051154472791E+03
   1.3856770000000000E+09   6.7928691208863293E+05   3.3696325843139650E-14   4.6083392720466495E-25   3.5202238019556794E+03
   1.3876770000000000E+09   6.8061884257433261E+05   3.3474761444424534E-14   4.5787627135253822E-25   3.5196665765724124E+03
   1.3896770000000000E+09   6.8194772265385953E+05   3.3255403721010167E-14   4.5494473664025234E-25   3.5191335660429540E+03
   1.3916770000000000E+09   6.8327356005221652E+05   3.3038226723113856E-14   4.5203902461378051E-25   3.5186248933185025E+03
   1.3936770000000000E+09   6.8459635387074307E+05   3.2823205130162608E-14   4.4915884510337668E-25   3.5181406773195708E+03
   1.3956770000000000E+09   6.8591607929263811E+05   3.2610314786479182E-14   4.4630392362604372E-25   3.5176810323819000E+03
   1.3976770000000000E+09   6.8723264822943427E+05   3.2399534094972651E-14   4.4347402062406800E-25   3.5172460669933048E+03
   1.3996770000000000E+09   6.8854581497772003E+05   3.2190847382833041E-14   4.4066897788475318E-25   3.5168358810981563E+03
   1.4016770000000000E+09   6.8985496761735913E+05   3.1984252393164569E-14   4.3788882178516533E-25   3.5164505608084191E+03
   1.4036770000000000E+09   6.9115870988135762E+05   3.1779775410762133E-14   4.3513397161127443E-25   3.5160901689496950E+03
   1.4056770000000000E+09   6.9245412243207521E+05   3.1577498218009902E-14   4.3240561065895899E-25   3.5157547296771322E+03
   1.4076770000000000E+09   6.9373567176043952E+05   3.1377598373605665E-14   4.2970624083674314E-25   3.5154442052085647E+03
   1.4096770000000000E+09   6.9499403353524464E+05   3.1180393538095880E-14   4.2704029418208224E-25   3.5151584610200202E+03
   1.4116770000000000E+09   6.9621569659331930E+05   3.0986358306917021E-14   4.2441437035220134E-25   3.5148972099348139E+03
   1.4136770000000000E+09   6.9738487887102738E+05   3.0796056133709016E-14   4.2183631533986917E-25   3.5146599176368263E+03
   1.4156770000000000E+09   6.9848911716068489E+05   3.0609932411569896E-14   4.1931240237940838E-25   3.5144456658192817E+03
   1.4176770000000000E+09   6.9952757952704921E+05   3.0427998689947400E-14   4.1684301535730095E-25   3.5142530539684431E+03
   1.4196770000000000E+09   7.0051689548701001E+05   3.0249601567242532E-14   4.1441945926013873E-25   3.5140803692494751E+03
   1.4216770000000000E+09   7.0148749193824187E+05   3.0073552688214651E-14   4.1202566236615462E-25   3.5139262346508867E+03
   1.4236770000000000E+09   7.0247039682455338E+05   2.9898644293763340E-14   4.0964514381892671E-25   3.5137904359391910E+03
   1.4256770000000000E+09   7.0348736143551103E+05   2.9724063514452521E-14   4.0726668986247399E-25   3.5136739649523151E+03
   1.4276770000000000E+09   7.0455713224644761E+05   2.9549170561510140E-14   4.0488144218335817E-25   3.5135779620612238E+03
   1.4296770000000000E+09   7.0570973646769172E+05   2.9372886101201271E-14   4.0247473064477831E-25   3.5135017460359168E+03
   1.4316770000000000E+09   7.0695032277196553E+05   2.9195235773419020E-14   4.0004534106548033E-25   3.5134594110142798E+03
   1.4336770000000000E+09   7.0856962819981657E+05   2.9003230846457926E-14   3.9743051682033325E-25   3.5133170124990888E+03
   1.4356770000000000E+09   7.0802334951443411E+05   2.8903909226810553E-14   3.9605178056732544E-25   3.5134743342872662E+03
   6.5767700000000000E+08  -3.0169513645436050E+03   3.3479522324719073E-08   1.1977415871561794E-22   1.8441842693588155E+03
   6.5967700000000000E+08  -3.4261427309278711E+03   4.9008157040017051E-08   1.4118857649071106E-22   2.2901074458922644E+03
   6.6167700000000000E+08  -3.6802538360121630E+03   5.7242269268353253E-08   1.4590767258363277E-22   2.5883842251757192E+03
   6.6367700000000000E+08  -3.5196974930233391E+03   5.9655727208694417E-08   1.3966884571521994E-22   2.8180379291386726E+03
   6.6567700000000000E+08  -2.9572720443975827E+03   5.8411176197565527E-08   1.2816261451028801E-22   3.0069963871370924E+03
   6.6767700000000000E+08  -2.2683413884395932E+03   5.5487538007849354E-08   1.1554149786231884E-22   3.1685391942750684E+03
   6.6967700000000000E+08  -1.6260013301158071E+03   5.2083741306371074E-08   1.0381550221241847E-22   3.3101159924290164E+03
   6.7167700000000000E+08  -1.0255038265251128E+03   4.8704405254099419E-08   9.3512552052334907E-23   3.4363878399563896E+03
   6.7367700000000000E+08  -3.9418353459493119E+02   4.5539311756701534E-08   8.4625229332235498E-23   3.5505023965232303E+03
   6.7567700000000000E+08   4.2227880624484794E+02   4.2614491613011503E-08   7.6931900653488255E-23   3.6547060843102659E+03
   6.7767700000000000E+08   1.5133273527396107E+03   3.9872094579274568E-08   7.0139043415155992E-23   3.7506673289204505E+03
   6.7967700000000000E+08   2.8146910610452665E+03   3.7283783354559752E-08   6.4065525278487412E-23   3.8396561642721481E+03
   6.8167700000000000E+08   4.2107128937625776E+03   3.4870169176319402E-08   5.8649986866263435E-23   3.9226571378663130E+03
   6.8367700000000000E+08   5.6553369930599092E+03   3.2687178877774682E-08   5.3908921569500033E-23   4.0004499355635148E+03
   6.8567700000000000E+08   7.1939795122696469E+03   3.0758549809786483E-08   4.9816211059874502E-23   4.0736670040582444E+03
   6.8767700000000000E+08   8.8660836971967456E+03   2.9074225178646668E-08   4.6302036725233001E-23   4.1428308998970515E+03
   6.8967700000000000E+08   1.0679763212693933E+04   2.7605126180766911E-08   4.3277617980584327E-23   4.2083780236328448E+03
   6.9167700000000000E+08   1.2617340927998564E+04   2.6317185531365909E-08   4.0656571809108672E-23   4.2706757521528816E+03
   6.9367700000000000E+08   1.4649731915176326E+04   2.5178359752680926E-08   3.8363987727920471E-23   4.3300357465053585E+03
   6.9567700000000000E+08   1.6743034788924499E+04   2.4160654501243310E-08   3.6337606678810956E-23   4.3867244787678928E+03
   6.9767700000000000E+08   1.8860856227359975E+04   2.3240733174013397E-08   3.4527118439738240E-23   4.4409714889216575E+03
   6.9967700000000000E+08   2.0966297911259659E+04   2.2399446590748115E-08   3.2892170972163220E-23   4.4929758877310514E+03
   7.0167700000000000E+08   2.3022793540237446E+04   2.1621218549091225E-08   3.1400488884170713E-23   4.5429115211114095E+03
   7.0367700000000000E+08   2.4994989728650791E+04   2.0893468902968641E-08   3.0026299966570579E-23   4.5909311041972687E+03
   7.0567700000000000E+08   2.6849802421832650E+04   2.0206134959412718E-08   2.8749093761051390E-23   4.6371695678107480E+03
   7.0767700000000000E+08   2.8557597368226659E+04   1.9551291535417203E-08   2.7552660968309409E-23   4.6817467971284268E+03
   7.0967700000000000E+08   3.0093408183577623E+04   1.8922848708841942E-08   2.6424345616394767E-23   4.7247698948258512E+03
   7.1167700000000000E+08   3.1438092572187117E+04   1.8316304136806208E-08   2.5354450197340739E-23   4.7663350662494813E+03
   7.1367700000000000E+08   3.2579325752073320E+04   1.7728528518898479E-08   2.4335744826261533E-23   4.8065291988428062E+03
   7.1567700000000000E+08   3.3512319685364171E+04   1.7157566271559082E-08   2.3363042439686027E-23   4.8454311895386181E+03
   7.1767700000000000E+08   3.4240149397659014E+04   1.6602437686566303E-08   2.2432812143420763E-23   4.8831130602630419E+03
   7.1967700000000000E+08   3.4773577125839089E+04   1.6062934343118368E-08   2.1542813227131857E-23   4.9196408919771620E+03
   7.2167700000000000E+08   3.5130305138923555E+04   1.5539406353793825E-08   2.0691743355056714E-23   4.9550756011591457E+03
   7.2367700000000000E+08   3.5333662266726184E+04   1.5032547382220277E-08   1.9878905173616797E-23   4.9894735788242906E+03
   7.2567700000000000E+08   3.5410826057295577E+04   1.4543189636147205E-08   1.9103904081929976E-23   5.0228872105307855E+03
   7.2767700000000000E+08   3.5390776537635720E+04   1.4072124314974692E-08   1.8366393982853071E-23   5.0553652955605266E+03
   7.2967700000000000E+08   3.5302237840401198E+04   1.3619962012297653E-08   1.7665886182993170E-23   5.0869533836782302E+03
   7.3167700000000000E+08   3.5171867607009328E+04   1.3187042459814804E-08   1.7001629755629765E-23   5.1176940476825584E+03
   7.3367700000000000E+08   3.5022897602440004E+04   1.2773395353117274E-08   1.6372561950860289E-23   5.1476271087791220E+03
   7.3567700000000000E+08   3.4874330578985398E+04   1.2378746260083964E-08   1.5777317845589166E-23   5.1767898294784300E+03
   7.3767700000000000E+08   3.4740689595069278E+04   1.2002556003493898E-08   1.5214282116089188E-23   5.2052170855331315E+03
   7.3967700000000000E+08   3.4632227486681055E+04   1.1644079599827489E-08   1.4681663858886946E-23   5.2329415249207113E+03
   7.4167700000000000E+08   3.4555454408885467E+04   1.1302431708435943E-08   1.4177577397805829E-23   5.2599937186219604E+03
   7.4367700000000000E+08   3.4513832529950618E+04   1.0976648561215842E-08   1.3700116514187866E-23   5.2864023053552728E+03
   7.4567700000000000E+08   3.4508508908243901E+04   1.0665740172787239E-08   1.3247414778397254E-23   5.3121941306763692E+03
   7.4767700000000000E+08   3.4538995154169548E+04   1.0368730180817718E-08   1.2817689288288972E-23   5.3373943799009094E+03
   7.4967700000000000E+08   3.4603742050042922E+04   1.0084683320444137E-08   1.2409268434713612E-23   5.3620267039774753E+03
   7.5167700000000000E+08   3.4700590152326964E+04   9.8127221399951230E-09   1.2020606204906651E-23   5.3861133375108047E+03
   7.5367700000000000E+08   3.4827100034242969E+04   9.5520352633315034E-09   1.1650286255046322E-23   5.4096752084115142E+03
   7.5567700000000000E+08   3.4980778521891436E+04   9.3018795697638826E-09   1.1297018920375197E-23   5.4327320389828219E+03
   7.5767700000000000E+08   3.5159222246703059E+04   9.0615783694664210E-09   1.0959633849837808E-23   5.4553024385598455E+03
   7.5967700000000000E+08   3.5360199773605324E+04   8.8305172128166621E-09   1.0637070323100089E-23   5.4774039880517230E+03
   7.6167700000000000E+08   3.5581690806773135E+04   8.6081385220618859E-09   1.0328366697115265E-23   5.4990533168925822E+03
   7.6367700000000000E+08   3.5821897198646606E+04   8.3939358439120673E-09   1.0032649917953440E-23   5.5202661729924830E+03
   7.6567700000000000E+08   3.6079236712579128E+04   8.1874482176364549E-09   9.7491256454978561E-24   5.5410574863097218E+03
   7.6767700000000000E+08   3.6352327226038804E+04   7.9882549341670479E-09   9.4770692663052407E-24   5.5614414266578515E+03
   7.6967700000000000E+08   3.6639966485523692E+04   7.7959708143591124E-09   9.2158178922195540E-24   5.5814314563286589E+03
   7.7167700000000000E+08   3.6941110622268840E+04   7.6102420420500319E-09   8.9647633350980392E-24   5.6010403780671586E+03
   7.7367700000000000E+08   3.7254853307661455E+04   7.4307425340113080E-09   8.7233459896454263E-24   5.6202803788840756E+03
   7.7567700000000000E+08   3.7580406541707103E+04   7.2571708013385444E-09   8.4910495297564079E-24   5.6391630701403428E+03
   7.7767700000000000E+08   3.7917083506634532E+04   7.0892472455964610E-09   8.2673963164896480E-24   5.6576995242894609E+03
   7.7967700000000000E+08   3.8264283581291398E+04   6.9267118313824720E-09   8.0519434193478971E-24   5.6759003086191615E+03
   7.8167700000000000E+08   3.8621479424522702E+04   6.7693220804495790E-09   7.8442791614586667E-24   5.6937755162937838E+03
   7.8367700000000000E+08   3.8988205942788867E+04   6.6168513383611820E-09   7.6440201102195665E-24   5.7113347949633335E+03
   7.8567700000000000E+08   3.9364050921526796E+04   6.4690872712092703E-09   7.4508084461178159E-24   5.7285873731743559E+03
   7.8767700000000000E+08   3.9748647096673754E+04   6.3258305563241106E-09   7.2643096527898182E-24   5.7455420847905634E+03
   7.8967700000000000E+08   4.0141665456856514E+04   6.1868937367068613E-09   7.0842104805381146E-24   5.7622073916076752E+03
   7.9167700000000000E+08   4.0542809588557422E+04   6.0521002139668287E-09   6.9102171433701996E-24   5.7785914043264238E+03
   7.9367700000000000E+08   4.0951810900712335E+04   5.9212833588253875E-09   6.7420537162232877E-24   5.7947019020298349E+03
   7.9567700000000000E+08   4.1368424588698232E+04   5.7942857218185618E-09   6.5794607045272089E-24   5.8105463502952307E+03
   7.9767700000000000E+08   4.1792426219113258E+04   5.6709583297782819E-09   6.4221937627908825E-24   5.8261319180578712E+03
   7.9967700000000000E+08   4.2223608835589643E+04   5.5511600560925476E-09   6.2700225426303969E-24   5.8414654933311322E+03
   8.0167700000000000E+08   4.2661780502049740E+04   5.4347570547273089E-09   6.1227296537289873E-24   5.8565536978775253E+03
   8.0367700000000000E+08   4.3106762213487586E+04   5.3216222496166812E-09   5.9801097237509075E-24   5.8714029009157521E+03
   8.0567700000000000E+08   4.3558386115844383E+04   5.2116348723598219E-09   5.8419685453228951E-24   5.8860192319406160E+03
   8.0767700000000000E+08   4.4016493986149217E+04   5.1046800422580029E-09   5.7081222999311713E-24   5.9004085927253936E+03
   8.0967700000000000E+08   4.4480935932138818E+04   5.0006483836302024E-09   5.5783968500263463E-24   5.9145766685698054E+03
   8.1167700000000000E+08   4.4951569277331524E+04   4.8994356760944758E-09   5.4526270918357572E-24   5.9285289388509555E+03
   8.1367700000000000E+08   4.5428257603236314E+04   4.8009425341271619E-09   5.3306563623981011E-24   5.9422706869293970E+03
   8.1567700000000000E+08   4.5910869925247091E+04   4.7050741127335301E-09   5.2123358951911165E-24   5.9558070094579962E+03
   8.1767700000000000E+08   4.6399279982932756E+04   4.6117398365019485E-09   5.0975243194492505E-24   5.9691428251369471E+03
   8.1967700000000000E+08   4.6893365629025233E+04   4.5208531496825710E-09   4.9860871988850570E-24   5.9822828829547334E+03
   8.2167700000000000E+08   4.7393008304483621E+04   4.4323312852429028E-09   4.8778966060543823E-24   5.9952317699514579E+03
   8.2367700000000000E+08   4.7898092589641412E+04   4.3460950511153465E-09   4.7728307290548722E-24   6.0079939185377543E+03
   8.2567700000000000E+08   4.8408505823641135E+04   4.2620686320732499E-09   4.6707735076311603E-24   6.0205736134000745E+03
   8.2767700000000000E+08   4.8924137786139188E+04   4.1801794058580097E-09   4.5716142960883192E-24   6.0329749980204397E+03
   8.2967700000000000E+08   4.9444880436610423E+04   4.1003577723349901E-09   4.4752475506948901E-24   6.0452020808365405E+03
   8.3167700000000000E+08   4.9970627707514759E+04   4.0225369945856929E-09   4.3815725394957443E-24   6.0572587410661235E+03
   8.3367700000000000E+08   5.0501275348114323E+04   3.9466530509498920E-09   4.2904930726577642E-24   6.0691487342176724E+03
   8.3567700000000000E+08   5.1036720815838758E+04   3.8726444971199757E-09   4.2019172516452117E-24   6.0808756973076997E+03
   8.3767700000000000E+08   5.1576863211883683E+04   3.8004523374622526E-09   4.1157572356698028E-24   6.0924431538034587E+03
   8.3967700000000000E+08   5.2121603257205934E+04   3.7300199048008031E-09   4.0319290239889208E-24   6.1038545183084807E+03
   8.4167700000000000E+08   5.2670843304353119E+04   3.6612927479516844E-09   3.9503522527381875E-24   6.1151131010070039E+03
   8.4367700000000000E+08   5.3224487379736776E+04   3.5942185263414102E-09   3.8709500050851607E-24   6.1262221118822390E+03
   8.4567700000000000E+08   5.3782441250111777E+04   3.5287469110867246E-09   3.7936486335833850E-24   6.1371846647221964E+03
   8.4767700000000000E+08   5.4344612506290796E+04   3.4648294919551906E-09   3.7183775936931105E-24   6.1480037809260821E+03
   8.4967700000000000E+08   5.4910910656590866E+04   3.4024196896685227E-09   3.6450692875183238E-24   6.1586823931229901E+03
   8.5167700000000000E+08   5.5481247222256934E+04   3.3414726730555470E-09   3.5736589168917052E-24   6.1692233486141113E+03
   8.5367700000000000E+08   5.6055535827204432E+04   3.2819452806082419E-09   3.5040843450196974E-24   6.1796294126486018E+03
   8.5567700000000000E+08   5.6633692274891378E+04   3.2237959460430243E-09   3.4362859659793613E-24   6.1899032715428675E+03
   8.5767700000000000E+08   5.7215634605961051E+04   3.1669846275194784E-09   3.3702065814369400E-24   6.2000475356520710E+03
   8.5967700000000000E+08   5.7801283131467673E+04   3.1114727402185122E-09   3.3057912840331929E-24   6.2100647422022384E+03
   8.6167700000000000E+08   5.8390560437922672E+04   3.0572230920308879E-09   3.2429873469524085E-24   6.2199573579907301E+03
   8.6367700000000000E+08   5.8983391362011273E+04   3.0041998221526760E-09   3.1817441192581526E-24   6.2297277819624378E+03
   8.6567700000000000E+08   5.9579702934511159E+04   2.9523683424258931E-09   3.1220129266388710E-24   6.2393783476683211E+03
   8.6767700000000000E+08   6.0179424294598815E+04   2.9016952812986162E-09   3.0637469772585246E-24   6.2489113256128849E+03
   8.6967700000000000E+08   6.0782486577247975E+04   2.8521484303082507E-09   3.0069012724513227E-24   6.2583289254963956E+03
   8.7167700000000000E+08   6.1388822777714624E+04   2.8036966930144745E-09   2.9514325220348945E-24   6.2676332983575858E+03
   8.7367700000000000E+08   6.1998367598114790E+04   2.7563100363235140E-09   2.8972990640426298E-24   6.2768265386220182E+03
   8.7567700000000000E+08   6.2611057281756526E+04   2.7099594441543020E-09   2.8444607886944942E-24   6.2859106860611155E+03
   8.7767700000000000E+08   6.3226829441200207E+04   2.6646168733995805E-09   2.7928790664369675E-24   6.2948877276665244E+03
   8.7967700000000000E+08   6.3845622885984056E+04   2.6202552121324379E-09   2.7425166798879916E-24   6.3037595994441926E+03
   8.8167700000000000E+08   6.4467377455599555E+04   2.5768482400024682E-09   2.6933377595237198E-24   6.3125281881322289E+03
   8.8367700000000000E+08   6.5092033862718177E+04   2.5343705907563679E-09   2.6453077229409700E-24   6.3211953328465997E+03
   8.8567700000000000E+08   6.5719533550929744E+04   2.4927977168068741E-09   2.5983932175246175E-24   6.3297628266581623E+03
   8.8767700000000000E+08   6.6349818570571369E+04   2.4521058557614334E-09   2.5525620663424072E-24   6.3382324181045306E+03
   8.8967700000000000E+08   6.6982831475937128E+04   2.4122719988068799E-09   2.5077832170797740E-24   6.3466058126401394E+03
   8.9167700000000000E+08   6.7618515248061143E+04   2.3732738608241017E-09   2.4640266938100020E-24   6.3548846740273357E+03
   8.9367700000000000E+08   6.8256813251019848E+04   2.3350898520661929E-09   2.4212635513581925E-24   6.3630706256717558E+03
   8.9567700000000000E+08   6.8897669239732684E+04   2.2976990511510555E-09   2.3794658319376966E-24   6.3711652519042955E+03
   8.9767700000000000E+08   6.9541027459904668E+04   2.2610811789518262E-09   2.3386065235694326E-24   6.3791700992127153E+03
   8.9967700000000000E+08   7.0186832925821116E+04   2.2252165726509337E-09   2.2986595194732781E-24   6.3870866774251499E+03
   9.0167700000000000E+08   7.0835032039777230E+04   2.1900861586937041E-09   2.2595995770831560E-24   6.3949164608481733E+03
   9.0367700000000000E+08   7.1485573827313012E+04   2.1556714226612166E-09   2.2214022746146573E-24   6.4026608893620069E+03
   9.0567700000000000E+08   7.2138412163110435E+04   2.1219543735047286E-09   2.1840439625450490E-24   6.4103213694757378E+03
   9.0767700000000000E+08   7.2793509318884346E+04   2.0889175000985556E-09   2.1475017079321051E-24   6.4178992753453640E+03
   9.0967700000000000E+08   7.3450840702780377E+04   2.0565437215238520E-09   2.1117532330879900E-24   6.4253959497576698E+03
   9.1167700000000000E+08   7.4110399415593114E+04   2.0248163411945103E-09   2.0767768590584292E-24   6.4328127050817102E+03
   9.1367700000000000E+08   7.4772197084342042E+04   1.9937190294130703E-09   2.0425514790987322E-24   6.4401508241874226E+03
   9.1567700000000000E+08   7.5436255141318063E+04   1.9632358732937450E-09   2.0090566017353346E-24   6.4474115613265894E+03
   9.1767700000000000E+08   7.6102580815362278E+04   1.9333515301400245E-09   1.9762724995749876E-24   6.4545961429666077E+03
   9.1967700000000000E+08   7.6771128432564496E+04   1.9040514752012592E-09   1.9441804533822745E-24   6.4617057685659074E+03
   9.2167700000000000E+08   7.7441761005647058E+04   1.8753222388246390E-09   1.9127629831828932E-24   6.4687416112869596E+03
   9.2367700000000000E+08   7.8114242293736810E+04   1.8471514271148430E-09   1.8820038567423400E-24   6.4757048186619986E+03
   9.2567700000000000E+08   7.8788287587453742E+04   1.8195273474684698E-09   1.8518876962284471E-24   6.4825965132507845E+03
   9.2767700000000000E+08   7.9463663286588737E+04   1.7924383047436655E-09   1.8223992545200977E-24   6.4894177933362153E+03
   9.2967700000000000E+08   8.0140268721567263E+04   1.7658720147375395E-09   1.7935228177318560E-24   6.4961697336737507E+03
   9.3167700000000000E+08   8.0818127283640191E+04   1.7398156987288446E-09   1.7652423029182144E-24   6.5028533862572085E+03
   9.3367700000000000E+08   8.1497283410752527E+04   1.7142567208875465E-09   1.7375419032959442E-24   6.5094697810201760E+03
   9.3567700000000000E+08   8.2177710632687362E+04   1.6891830254026642E-09   1.7104065234653960E-24   6.5160199264203420E+03
   9.3767700000000000E+08   8.2859360720131575E+04   1.6645832853177417E-09   1.6838219193551838E-24   6.5225048099780879E+03
   9.3967700000000000E+08   8.3542284382382204E+04   1.6404470337634562E-09   1.6577748253844390E-24   6.5289253988865285E+03
   9.4167700000000000E+08   8.4226576630513315E+04   1.6167640006223586E-09   1.6322522864928533E-24   6.5352826406326594E+03
   9.4367700000000000E+08   8.4912126166217975E+04   1.5935221791133679E-09   1.6072397092746686E-24   6.5415774634279132E+03
   9.4567700000000000E+08   8.5598471016179610E+04   1.5707067599709948E-09   1.5827197832122334E-24   6.5478107764343504E+03
   9.4767700000000000E+08   8.6284980243893893E+04   1.5483023441202565E-09   1.5586746999970335E-24   6.5539834700845986E+03
   9.4967700000000000E+08   8.6971266471138733E+04   1.5262968539344850E-09   1.5350900790909189E-24   6.5600964168209721E+03
   9.5167700000000000E+08   8.7658115523799235E+04   1.5046841634699693E-09   1.5119575823157313E-24   6.5661504721123365E+03
   9.5367700000000000E+08   8.8346098192455407E+04   1.4834719609232811E-09   1.4892827231505430E-24   6.5721464751688345E+03
   9.5567700000000000E+08   8.9036289830873298E+04   1.4626569883978895E-09   1.4670604751925266E-24   6.5780852491600644E+03
   9.5767700000000000E+08   8.9728221167246331E+04   1.4422237244403835E-09   1.4452732471999742E-24   6.5839676012183363E+03
   9.5967700000000000E+08   9.0421561285283198E+04   1.4221610432041357E-09   1.4239079877926147E-24   6.5897943226523184E+03
   9.6167700000000000E+08   9.1116150312419850E+04   1.4024594542299495E-09   1.4029533700745884E-24   6.5955661893937713E+03
   9.6367700000000000E+08   9.1811884851641458E+04   1.3831103673801986E-09   1.3823990460230842E-24   6.6012839624306425E+03
   9.6567700000000000E+08   9.2508688955033984E+04   1.3641057024874591E-09   1.3622352468964790E-24   6.6069483882084887E+03
   9.6767700000000000E+08   9.3206505007819869E+04   1.3454377332770951E-09   1.3424526223010765E-24   6.6125601990079613E+03
   9.6967700000000000E+08   9.3905287850032561E+04   1.3270990201635076E-09   1.3230421696485073E-24   6.6181201133040813E+03
   9.7167700000000000E+08   9.4605000140293268E+04   1.3090823746482606E-09   1.3039951957041255E-24   6.6236288361103125E+03
   9.7367700000000000E+08   9.5305609596320981E+04   1.2913808333760704E-09   1.2853032880540764E-24   6.6290870593094824E+03
   9.7567700000000000E+08   9.6007087541502508E+04   1.2739876369296910E-09   1.2669582915327897E-24   6.6344954619732753E+03
   9.7767700000000000E+08   9.6709407852758246E+04   1.2568962137764204E-09   1.2489522899732717E-24   6.6398547106711576E+03
   9.7967700000000000E+08   9.7412546139676720E+04   1.2401001681244730E-09   1.2312775919953926E-24   6.6451654597695233E+03
   9.8167700000000000E+08   9.8116479322074112E+04   1.2235932696649228E-09   1.2139267187946699E-24   6.6504283517214526E+03
   9.8367700000000000E+08   9.8821185489869313E+04   1.2073694449507884E-09   1.1968923936720371E-24   6.6556440173479132E+03
   9.8567700000000000E+08   9.9526643813190400E+04   1.1914227708779514E-09   1.1801675337496542E-24   6.6608130761104858E+03
   9.8767700000000000E+08   1.0023283443500155E+05   1.1757474697646341E-09   1.1637452433583515E-24   6.6659361363763692E+03
   9.8967700000000000E+08   1.0093973831440344E+05   1.1603379051580141E-09   1.1476188082238421E-24   6.6710137956755025E+03
   9.9167700000000000E+08   1.0164733698770699E+05   1.1451885779360898E-09   1.1317816900149605E-24   6.6760466409502715E+03
   9.9367700000000000E+08   1.0235561242847574E+05   1.1302941227080048E-09   1.1162275212459441E-24   6.6810352487980444E+03
   9.9567700000000000E+08   1.0306454740565947E+05   1.1156493054334200E-09   1.1009501014322081E-24   6.6859801857067196E+03
   9.9767700000000000E+08   1.0377412667758332E+05   1.1012490244455923E-09   1.0859433966477050E-24   6.6908820082841758E+03
   9.9967700000000000E+08   1.0448433893610569E+05   1.0870883166990154E-09   1.0712015442731864E-24   6.6957412634820193E+03
   1.0016770000000000E+09   1.0519517878057192E+05   1.0731623679435492E-09   1.0567188616500187E-24   6.7005584888140129E+03
   1.0036770000000000E+09   1.0590664788903986E+05   1.0594665216679204E-09   1.0424898535584287E-24   6.7053342125692398E+03
   1.0056770000000000E+09   1.0661875402530209E+05   1.0459962741727294E-09   1.0285092061170538E-24   6.7100689540191688E+03
   1.0076770000000000E+09   1.0733150722538889E+05   1.0327472529272891E-09   1.0147717643382701E-24   6.7147632236173467E+03
   1.0096770000000000E+09   1.0804491423360964E+05   1.0197151777317187E-09   1.0012724928902552E-24   6.7194175231914196E+03
   1.0116770000000000E+09   1.0875897308664312E+05   1.0068958173127674E-09   9.8800643249414370E-25   6.7240323461267508E+03
   1.0136770000000000E+09   1.0947366352224728E+05   9.9428496609002955E-10   9.7496867617659284E-25   6.7286081775431294E+03
   1.0156770000000000E+09   1.1018895165027810E+05   9.8187838540893873E-10   9.6215431125971688E-25   6.7331454944657908E+03
   1.0176770000000000E+09   1.1090478468010975E+05   9.6967181614270880E-10   9.4955843035476141E-25   6.7376447659920796E+03
   1.0196770000000000E+09   1.1162109853229331E+05   9.5766102873866518E-10   9.3717617998021541E-25   6.7421064534559655E+03
   1.0216770000000000E+09   1.1233782675500753E+05   9.4584186723118430E-10   9.2500280277015303E-25   6.7465310105920353E+03
   1.0236770000000000E+09   1.1305490927116752E+05   9.3421029935248520E-10   9.1303368564193273E-25   6.7509188836989933E+03
   1.0256770000000000E+09   1.1377229937299977E+05   9.2276245526710717E-10   9.0126439676683746E-25   6.7552705118017211E+03
   1.0276770000000000E+09   1.1448996756427801E+05   9.1149464687381383E-10   8.8969070349823034E-25   6.7595863268108933E+03
   1.0296770000000000E+09   1.1520790192656091E+05   9.0040336629937957E-10   8.7830856996130764E-25   6.7638667536783860E+03
   1.0316770000000000E+09   1.1592610559906795E+05   8.8948526776954027E-10   8.6711413844201502E-25   6.7681122105477243E+03
   1.0336770000000000E+09   1.1664459251213340E+05   8.7873713997730949E-10   8.5610370156531263E-25   6.7723231088987322E+03
   1.0356770000000000E+09   1.1736338260803935E+05   8.6815587633254098E-10   8.4527367248988290E-25   6.7764998536864687E+03
   1.0376770000000000E+09   1.1808249753370827E+05   8.5773844879500444E-10   8.3462055868498307E-25   6.7806428434748823E+03
   1.0396770000000000E+09   1.1880195738734301E+05   8.4748188843940600E-10   8.2414094234881586E-25   6.7847524705655851E+03
   1.0416770000000000E+09   1.1952177870472934E+05   8.3738327346635696E-10   8.1383146814614952E-25   6.7888291211227179E+03
   1.0436770000000000E+09   1.2024197357211837E+05   8.2743972367096447E-10   8.0368883728255094E-25   6.7928731752941976E+03
   1.0456770000000000E+09   1.2096254958767671E+05   8.1764839955597707E-10   7.9370980613216907E-25   6.7968850073300700E+03
   1.0476770000000000E+09   1.2168351035328426E+05   8.0800650415891430E-10   7.8389118752689187E-25   6.8008649856980865E+03
   1.0496770000000000E+09   1.2240485621969700E+05   7.9851128598516684E-10   7.7422985313424081E-25   6.8048134731967930E+03
   1.0516770000000000E+09   1.2312658508338207E+05   7.8916004194829661E-10   7.6472273585148330E-25   6.8087308270662534E+03
   1.0536770000000000E+09   1.2384869311259378E+05   7.7995011971498747E-10   7.5536683162921435E-25   6.8126173990964326E+03
   1.0556770000000000E+09   1.2457117534637112E+05   7.7087891922981976E-10   7.4615920050670079E-25   6.8164735357329801E+03
   1.0576770000000000E+09   1.2529402615457696E+05   7.6194389343534118E-10   7.3709696687539660E-25   6.8202995781810614E+03
   1.0596770000000000E+09   1.2601723957175447E+05   7.5314254832371294E-10   7.2817731910456866E-25   6.8240958625065305E+03
   1.0616770000000000E+09   1.2674080952839887E+05   7.4447244249109074E-10   7.1939750869636263E-25   6.8278627197348951E+03
   1.0636770000000000E+09   1.2746473000474474E+05   7.3593118635371340E-10   7.1075484912540699E-25   6.8316004759481220E+03
   1.0656770000000000E+09   1.2818899512900163E+05   7.2751644115322889E-10   7.0224671448715988E-25   6.8353094523788805E+03
   1.0676770000000000E+09   1.2891359923756283E+05   7.1922591784378585E-10   6.9387053804476271E-25   6.8389899655030631E+03
   1.0696770000000000E+09   1.2963853691024214E+05   7.1105737592417955E-10   6.8562381073573029E-25   6.8426423271297190E+03
   1.0716770000000000E+09   1.3036380298997046E+05   7.0300862225699941E-10   6.7750407967876347E-25   6.8462668444891933E+03
   1.0736770000000000E+09   1.3108939259362521E+05   6.9507750990150204E-10   6.6950894670624327E-25   6.8498638203190039E+03
   1.0756770000000000E+09   1.3181530111845725E+05   6.8726193697673171E-10   6.6163606693791131E-25   6.8534335529479840E+03
   1.0776770000000000E+09   1.3254152424683704E+05   6.7955984556351825E-10   6.5388314740368651E-25   6.8569763363782013E+03
   1.0796770000000000E+09   1.3326805795059452E+05   6.7196922064820638E-10   6.4624794571786203E-25   6.8604924603653899E+03
   1.0816770000000000E+09   1.3399489849512893E+05   6.6448808910652905E-10   6.3872826880279215E-25   6.8639822104971126E+03
   1.0836770000000000E+09   1.3472204244276756E+05   6.5711451872367902E-10   6.3132197165776648E-25   6.8674458682694867E+03
   1.0856770000000000E+09   1.3544948665456925E+05   6.4984661724580136E-10   6.2402695616811624E-25   6.8708837111620633E+03
   1.0876770000000000E+09   1.3617722828985227E+05   6.4268253145882379E-10   6.1684116995022403E-25   6.8742960127109263E+03
   1.0896770000000000E+09   1.3690526480298032E+05   6.3562044629211634E-10   6.0976260522962910E-25   6.8776830425803764E+03
   1.0916770000000000E+09   1.3763359393729758E+05   6.2865858394578848E-10   6.0278929775077239E-25   6.8810450666327661E+03
   1.0936770000000000E+09   1.3836221371632192E+05   6.2179520304168661E-10   5.9591932571805355E-25   6.8843823469970330E+03
   1.0956770000000000E+09   1.3909112243243406E+05   6.1502859779837522E-10   5.8915080876819917E-25   6.8876951421354597E+03
   1.0976770000000000E+09   1.3982031863327121E+05   6.0835709723031058E-10   5.8248190697378119E-25   6.8909837069091845E+03
   1.0996770000000000E+09   1.4054980110591408E+05   6.0177906437085060E-10   5.7591081987728312E-25   6.8942482926421762E+03
   1.1016770000000000E+09   1.4127956885882359E+05   5.9529289551821314E-10   5.6943578555456783E-25   6.8974891471837154E+03
   1.1036770000000000E+09   1.4200962110133513E+05   5.8889701950317998E-10   5.6305507970629589E-25   6.9007065149697610E+03
   1.1056770000000000E+09   1.4273995722042257E+05   5.8258989697719358E-10   5.5676701477578191E-25   6.9039006370826855E+03
   1.1076770000000000E+09   1.4347057675440528E+05   5.7637001971962479E-10   5.5056993909181285E-25   6.9070717513100508E+03
   1.1096770000000000E+09   1.4420147936322034E+05   5.7023590996325578E-10   5.4446223603533840E-25   6.9102200922016655E+03
   1.1116770000000000E+09   1.4493266479490642E+05   5.6418611973739950E-10   5.3844232322916402E-25   6.9133458911259822E+03
   1.1136770000000000E+09   1.4566413284793383E+05   5.5821923022830262E-10   5.3250865175017029E-25   6.9164493763248092E+03
   1.1156770000000000E+09   1.4639588332905681E+05   5.5233385115675034E-10   5.2665970536370854E-25   6.9195307729670640E+03
   1.1176770000000000E+09   1.4712791600636591E+05   5.4652862017296432E-10   5.2089399978006728E-25   6.9225903032013830E+03
   1.1196770000000000E+09   1.4786023055728636E+05   5.4080220226885624E-10   5.1521008193287097E-25   6.9256281862075666E+03
   1.1216770000000000E+09   1.4859282651131891E+05   5.3515328920771300E-10   5.0960652927927838E-25   6.9286446382469803E+03
   1.1236770000000000E+09   1.4932570318740184E+05   5.2958059897127500E-10   5.0408194912176356E-25   6.9316398727117976E+03
   1.1256770000000000E+09   1.5005885962589746E+05   5.2408287522401199E-10   4.9863497795108818E-25   6.9346141001733886E+03
   1.1276770000000000E+09   1.5079229451535511E+05   5.1865888679415469E-10   4.9326428080989486E-25   6.9375675284294848E+03
   1.1296770000000000E+09   1.5152600611437569E+05   5.1330742717084615E-10   4.8796855067611553E-25   6.9405003625505487E+03
   1.1316770000000000E+09   1.5225999216912148E+05   5.0802731401642599E-10   4.8274650786511770E-25   6.9434128049249903E+03
   1.1336770000000000E+09   1.5299424982724825E+05   5.0281738869261807E-10   4.7759689944924102E-25   6.9463050553036064E+03
   1.1356770000000000E+09   1.5372877554931014E+05   4.9767651579899885E-10   4.7251849869304555E-25   6.9491773108430270E+03
   1.1376770000000000E+09   1.5446356501896423E+05   4.9260358272183052E-10   4.6751010450231911E-25   6.9520297661482091E+03
   1.1396770000000000E+09   1.5519861305361276E+05   4.8759749919100462E-10   4.6257054088455054E-25   6.9548626133142079E+03
   1.1416770000000000E+09   1.5593391351740944E+05   4.8265719684251864E-10   4.5769865641833249E-25   6.9576760419669745E+03
   1.1436770000000000E+09   1.5666945923886332E+05   4.7778162878366638E-10   4.5289332372889418E-25   6.9604702393032876E+03
   1.1456770000000000E+09   1.5740524193554028E+05   4.7296976915791502E-10   4.4815343896679382E-25   6.9632453901300369E+03
   1.1476770000000000E+09   1.5814125214860271E+05   4.6822061270629052E-10   4.4347792128668813E-25   6.9660016769025178E+03
   1.1496770000000000E+09   1.5887747919010959E+05   4.6353317432210505E-10   4.3886571232308269E-25   6.9687392797621615E+03
   1.1516770000000000E+09   1.5961391110611474E+05   4.5890648859589074E-10   4.3431577566005091E-25   6.9714583765733469E+03
   1.1536770000000000E+09   1.6035053465860899E+05   4.5433960934767935E-10   4.2982709629214606E-25   6.9741591429595301E+03
   1.1556770000000000E+09   1.6108733532927508E+05   4.4983160914409484E-10   4.2539868007406180E-25   6.9768417523388034E+03
   1.1576770000000000E+09   1.6182429734779036E+05   4.4538157879823708E-10   4.2102955315711110E-25   6.9795063759585146E+03
   1.1596770000000000E+09   1.6256140374706485E+05   4.4098862685104313E-10   4.1671876141122525E-25   6.9821531829294681E+03
   1.1616770000000000E+09   1.6329863644728105E+05   4.3665187903361248E-10   4.1246536983197919E-25   6.9847823402593513E+03
   1.1636770000000000E+09   1.6403597636995168E+05   4.3237047771094060E-10   4.0826846193303649E-25   6.9873940128854847E+03
   1.1656770000000000E+09   1.6477340358238661E+05   4.2814358130864988E-10   4.0412713912547385E-25   6.9899883637071480E+03
   1.1676770000000000E+09   1.6551089747204611E+05   4.2397036372539166E-10   4.0004052008649538E-25   6.9925655536172426E+03
   1.1696770000000000E+09   1.6624843694918181E+05   4.1985001373484702E-10   3.9600774012121549E-25   6.9951257415331884E+03
   1.1716770000000000E+09   1.6698600067507400E+05   4.1578173438247065E-10   3.9202795052228512E-25   6.9976690844276163E+03
   1.1736770000000000E+09   1.6772356731202645E+05   4.1176474238313304E-10   3.8810031793314511E-25   7.0001957373582854E+03
   1.1756770000000000E+09   1.6846111579016427E+05   4.0779826752685857E-10   3.8422402372160052E-25   7.0027058534975486E+03
   1.1776770000000000E+09   1.6919862558507372E+05   4.0388155210051942E-10   3.8039826337104040E-25   7.0051995841613079E+03
   1.1796770000000000E+09   1.6993607699946189E+05   4.0001385033379114E-10   3.7662224589702386E-25   7.0076770788374542E+03
   1.1816770000000000E+09   1.7067345144136637E+05   3.9619442787776209E-10   3.7289519329700639E-25   7.0101384852139290E+03
   1.1836770000000000E+09   1.7141073169108573E+05   3.9242256132425588E-10   3.6921634004066719E-25   7.0125839492061359E+03
   1.1856770000000000E+09   1.7214790214895632E+05   3.8869753777324045E-10   3.6558493260760556E-25   7.0150136149840455E+03
   1.1876770000000000E+09   1.7288494905639594E+05   3.8501865445455611E-10   3.6200022907811597E-25   7.0174276249987270E+03
   1.1896770000000000E+09   1.7362186068329003E+05   3.8138521840875200E-10   3.5846149878135652E-25   7.0198261200085090E+03
   1.1916770000000000E+09   1.7435862747576911E+05   3.7779654623004693E-10   3.5496802200357178E-25   7.0222092391046299E+03
   1.1936770000000000E+09   1.7509524215971399E+05   3.7425196387247077E-10   3.5151908975717281E-25   7.0245771197364757E+03
   1.1956770000000000E+09   1.7583169979681223E+05   3.7075080651818869E-10   3.4811400360956145E-25   7.0269298977363351E+03
   1.1976770000000000E+09   1.7656799779165053E+05   3.6729241850497517E-10   3.4475207556867109E-25   7.0292677073437590E+03
   1.1996770000000000E+09   1.7730413585004676E+05   3.6387615330787444E-10   3.4143262802041308E-25   7.0315906812294515E+03
   1.2016770000000000E+09   1.7804011589052071E+05   3.6050137356840443E-10   3.3815499371164827E-25   7.0338989505186692E+03
   1.2036770000000000E+09   1.7877594191238566E+05   3.5716745116329318E-10   3.3491851577103805E-25   7.0361926448143240E+03
   1.2056770000000000E+09   1.7951161982536834E+05   3.5387376730369062E-10   3.3172254775919389E-25   7.0384718922194879E+03
   1.2076770000000000E+09   1.8024715724685884E+05   3.5061971265518134E-10   3.2856645373896065E-25   7.0407368193596030E+03
   1.2096770000000000E+09   1.8098256327380036E+05   3.4740468746867250E-10   3.2544960835648943E-25   7.0429875514042087E+03
   1.2116770000000000E+09   1.8171784823688125E+05   3.4422810171237241E-10   3.2237139692390059E-25   7.0452242120881083E+03
   1.2136770000000000E+09   1.8245302344502677E+05   3.4108937519556097E-10   3.1933121549479585E-25   7.0474469237325247E+03
   1.2156770000000000E+09   1.8318810092819767E+05   3.3798793767563056E-10   3.1632847092469130E-25   7.0496558072653470E+03
   1.2176770000000000E+09   1.8392309318623223E+05   3.3492322894100790E-10   3.1336258090944408E-25   7.0518509822413498E+03
   1.2196770000000000E+09   1.8465801295085213E+05   3.3189469886386989E-10   3.1043297399603663E-25   7.0540325668619480E+03
   1.2216770000000000E+09   1.8539287296707882E+05   3.2890180741807816E-10   3.0753908956149909E-25   7.0562006779944340E+03
   1.2236770000000000E+09   1.8612768579912087E+05   3.2594402465949193E-10   3.0468037775735990E-25   7.0583554311909493E+03
   1.2256770000000000E+09   1.8686246366442516E+05   3.2302083066752360E-10   3.0185629941862887E-25   7.0604969407072085E+03
   1.2276770000000000E+09   1.8759721829803826E+05   3.2013171544856391E-10   2.9906632593797752E-25   7.0626253195206700E+03
   1.2296770000000000E+09   1.8833196084786835E+05   3.1727617880353852E-10   2.9630993910727386E-25   7.0647406793484815E+03
   1.2316770000000000E+09   1.8906670179991311E+05   3.1445373016327274E-10   2.9358663092996140E-25   7.0668431306651974E+03
   1.2336770000000000E+09   1.8980145093121755E+05   3.1166388839642316E-10   2.9089590340877585E-25   7.0689327827200814E+03
   1.2356770000000000E+09   1.9053621728728266E+05   3.0890618159545853E-10   2.8823726831395365E-25   7.0710097435538728E+03
   1.2376770000000000E+09   1.9127100917997921E+05   3.0618014684650763E-10   2.8561024693734343E-25   7.0730741200159073E+03
   1.2396770000000000E+09   1.9200583420171624E+05   3.0348532998869940E-10   2.8301436983773052E-25   7.0751260177802205E+03
   1.2416770000000000E+09   1.9274069925165587E+05   3.0082128536829393E-10   2.8044917658226003E-25   7.0771655413619173E+03
   1.2436770000000000E+09   1.9347561057009801E+05   2.9818757559214560E-10   2.7791421548820695E-25   7.0791927941330068E+03
   1.2456770000000000E+09   1.9421057377766477E+05   2.9558377128425350E-10   2.7540904336856623E-25   7.0812078783378538E+03
   1.2476770000000000E+09   1.9494559391650627E+05   2.9300945084835394E-10   2.7293322528416476E-25   7.0832108951087966E+03
   1.2496770000000000E+09   1.9568067549135894E+05   2.9046420023865442E-10   2.7048633430424490E-25   7.0852019444812040E+03
   1.2516770000000000E+09   1.9641582250883622E+05   2.8794761274018604E-10   2.6806795127684743E-25   7.0871811254082932E+03
   1.2536770000000000E+09   1.9715103851383273E+05   2.8545928875963192E-10   2.6567766460975429E-25   7.0891485357757319E+03
   1.2556770000000000E+09   1.9788632662228795E+05   2.8299883562710520E-10   2.6331507006238959E-25   7.0911042724161316E+03
   1.2576770000000000E+09   1.9862168954995036E+05   2.8056586740888718E-10   2.6097977054866317E-25   7.0930484311231548E+03
   1.2596770000000000E+09   1.9935712963702771E+05   2.7816000473094965E-10   2.5867137595054749E-25   7.0949811066654620E+03
   1.2616770000000000E+09   2.0009264886884121E+05   2.7578087461281368E-10   2.5638950294194470E-25   7.0969023928003535E+03
   1.2636770000000000E+09   2.0082824889273784E+05   2.7342811031122641E-10   2.5413377482231898E-25   7.0988123822873240E+03
   1.2656770000000000E+09   2.0156393103159725E+05   2.7110135117304270E-10   2.5190382135950135E-25   7.1007111669013711E+03
   1.2676770000000000E+09   2.0229969629425462E+05   2.6880024249672022E-10   2.4969927864109310E-25   7.1025988374459130E+03
   1.2696770000000000E+09   2.0303554538308471E+05   2.6652443540194002E-10   2.4751978893397247E-25   7.1044754837657656E+03
   1.2716770000000000E+09   2.0377147869890311E+05   2.6427358670689981E-10   2.4536500055147559E-25   7.1063411947596906E+03
   1.2736770000000000E+09   2.0450749634322495E+05   2.6204735881295195E-10   2.4323456772790909E-25   7.1081960583929176E+03
   1.2756770000000000E+09   2.0524359811784560E+05   2.5984541959628153E-10   2.4112815050010252E-25   7.1100401617092684E+03
   1.2776770000000000E+09   2.0597978352165193E+05   2.5766744230638026E-10   2.3904541459573631E-25   7.1118735908433064E+03
   1.2796770000000000E+09   2.0671605174454962E+05   2.5551310547103201E-10   2.3698603132817339E-25   7.1136964310321664E+03
   1.2816770000000000E+09   2.0745240165838817E+05   2.5338209280752427E-10   2.3494967749750367E-25   7.1155087666272129E+03
   1.2836770000000000E+09   2.0818883180471961E+05   2.5127409313979234E-10   2.3293603529751532E-25   7.1173106811054340E+03
   1.2856770000000000E+09   2.0892534037919695E+05   2.4918880032120718E-10   2.3094479222829216E-25   7.1191022570809291E+03
   1.2876770000000000E+09   2.0966192521235236E+05   2.4712591316269383E-10   2.2897564101415703E-25   7.1208835763157695E+03
   1.2896770000000000E+09   2.1039858374635887E+05   2.4508513536599177E-10   2.2702827952673323E-25   7.1226547197312912E+03
   1.2916770000000000E+09   2.1113531300723919E+05   2.4306617546184605E-10   2.2510241071296029E-25   7.1244157674184235E+03
   1.2936770000000000E+09   2.1187210957176343E+05   2.4106874675314729E-10   2.2319774252801010E-25   7.1261667986487373E+03
   1.2956770000000000E+09   2.1260896952798980E+05   2.3909256726308168E-10   2.2131398787320181E-25   7.1279078918845207E+03
   1.2976770000000000E+09   2.1334588842815167E+05   2.3713735968860217E-10   2.1945086453914366E-25   7.1296391247892725E+03
   1.2996770000000000E+09   2.1408286123239400E+05   2.3520285135956161E-10   2.1760809515443375E-25   7.1313605742376521E+03
   1.3016770000000000E+09   2.1481988224198867E+05   2.3328877420381488E-10   2.1578540714016536E-25   7.1330723163255443E+03
   1.3036770000000000E+09   2.1555694502139976E+05   2.3139486471809116E-10   2.1398253267005188E-25   7.1347744263797986E+03
   1.3056770000000000E+09   2.1629404231028171E+05   2.2952086394342729E-10   2.1219920863502695E-25   7.1364669789677555E+03
   1.3076770000000000E+09   2.1703116592959993E+05   2.2766651744211995E-10   2.1043517660947973E-25   7.1381500479069628E+03
   1.3096770000000000E+09   2.1776830669082844E+05   2.2583157527036806E-10   2.0869018281374770E-25   7.1398237062741791E+03
   1.3116770000000000E+09   2.1850545432355773E+05   2.2401579193727944E-10   2.0696397806420572E-25   7.1414880264148351E+03
   1.3136770000000000E+09   2.1924259744421949E+05   2.2221892633688856E-10   2.0525631769865716E-25   7.1431430799518475E+03
   1.3156770000000000E+09   2.1997972359558663E+05   2.2044074163646078E-10   2.0356696146158372E-25   7.1447889377946540E+03
   1.3176770000000000E+09   2.2071681939083303E+05   2.1868100510280197E-10   2.0189567333245459E-25   7.1464256701479535E+03
   1.3196770000000000E+09   2.2145387079405104E+05   2.1693948785053006E-10   2.0024222128238439E-25   7.1480533465201970E+03
   1.3216770000000000E+09   2.2219086355789614E+05   2.1521596450397716E-10   1.9860637695157384E-25   7.1496720357324693E+03
   1.3236770000000000E+09   2.2292778381604803E+05   2.1351021277857257E-10   1.9698791525312807E-25   7.1512818059266538E+03
   1.3256770000000000E+09   2.2366461879358371E+05   2.1182201300790282E-10   1.9538661392755596E-25   7.1528827245738603E+03
   1.3276770000000000E+09   2.2440135755664972E+05   2.1015114766591525E-10   1.9380225309369601E-25   7.1544748584829722E+03
   1.3296770000000000E+09   2.2513799168345414E+05   2.0849740095429297E-10   1.9223461486068529E-25   7.1560582738085932E+03
   1.3316770000000000E+09   2.2587451571554126E+05   2.0686055853502747E-10   1.9068348307459937E-25   7.1576330360592947E+03
   1.3336770000000000E+09   2.2661092725661304E+05   2.0524040747940272E-10   1.8914864326511464E-25   7.1591992101059441E+03
   1.3356770000000000E+09   2.2734722663633907E+05   2.0363673647217034E-10   1.8762988282750616E-25   7.1607568601892544E+03
   1.3376770000000000E+09   2.2808341614785983E+05   2.0204933625548398E-10   1.8612699142519949E-25   7.1623060499278381E+03
   1.3396770000000000E+09   2.2881949898240567E+05   2.0047800023218678E-10   1.8463976153835848E-25   7.1638468423258346E+03
   1.3416770000000000E+09   2.2955547808879073E+05   1.9892252509220502E-10   1.8316798903273557E-25   7.1653792997804085E+03
   1.3436770000000000E+09   2.3029135523716224E+05   1.9738271130219673E-10   1.8171147360163881E-25   7.1669034840888326E+03
   1.3456770000000000E+09   2.3102713053122847E+05   1.9585836332473596E-10   1.8027001895828443E-25   7.1684194564558338E+03
   1.3476770000000000E+09   2.3176280248468110E+05   1.9434928951027586E-10   1.7884343272696446E-25   7.1699272775004629E+03
   1.3496770000000000E+09   2.3249836858909545E+05   1.9285530171224194E-10   1.7743152608006354E-25   7.1714270072629788E+03
   1.3516770000000000E+09   2.3323382612231988E+05   1.9137621477288772E-10   1.7603411325725931E-25   7.1729187052116531E+03
   1.3536770000000000E+09   2.3396917285892199E+05   1.8991184607136611E-10   1.7465101114311979E-25   7.1744024302494327E+03
   1.3556770000000000E+09   2.3470440739956591E+05   1.8846201528969922E-10   1.7328203904592068E-25   7.1758782407205163E+03
   1.3576770000000000E+09   2.3543952902168859E+05   1.8702654444673437E-10   1.7192701872310559E-25   7.1773461944168321E+03
   1.3596770000000000E+09   2.3617453718588536E+05   1.8560525812231396E-10   1.7058577458127419E-25   7.1788063485845569E+03
   1.3616770000000000E+09   2.3690943099139177E+05   1.8419798370866127E-10   1.6925813390061250E-25   7.1802587599301132E+03
   1.3636770000000000E+09   2.3764420887027518E+05   1.8280455153030236E-10   1.6794392693808155E-25   7.1817034846269526E+03
   1.3656770000000000E+09   2.3837886864392916E+05   1.8142479476501602E-10   1.6664298684785685E-25   7.1831405783219625E+03
   1.3676770000000000E+09   2.3911340783826736E+05   1.8005854922113963E-10   1.6535514947032019E-25   7.1845700961420571E+03
   1.3696770000000000E+09   2.3984782401031582E+05   1.7870565310388009E-10   1.6408025311161411E-25   7.1859920927012699E+03
   1.3716770000000000E+09   2.4058211486999146E+05   1.7736594688766150E-10   1.6281813842104451E-25   7.1874066221074318E+03
   1.3736770000000000E+09   2.4131627815622924E+05   1.7603927331977989E-10   1.6156864838913049E-25   7.1888137379682667E+03
   1.3756770000000000E+09   2.4205031141051304E+05   1.7472547748383784E-10   1.6033162840035020E-25   7.1902134933969401E+03
   1.3776770000000000E+09   2.4278421184455950E+05   1.7342440682159198E-10   1.5910692624759579E-25   7.1916059410159314E+03
   1.3796770000000000E+09   2.4351797639078251E+05   1.7213591106565383E-10   1.5789439206495886E-25   7.1929911329594088E+03
   1.3816770000000000E+09   2.4425160185583305E+05   1.7085984212106573E-10   1.5669387821397858E-25   7.1943691208744531E+03
   1.3836770000000000E+09   2.4498508501188748E+05   1.6959605397778167E-10   1.5550523919860839E-25   7.1957399559223359E+03
   1.3856770000000000E+09   2.4571842250446678E+05   1.6834440271231886E-10   1.5432833166215571E-25   7.1971036887814189E+03
   1.3876770000000000E+09   2.4645161051296815E+05   1.6710474659866549E-10   1.5316301448446526E-25   7.1984603696553177E+03
   1.3896770000000000E+09   2.4718464392781397E+05   1.6587694640538060E-10   1.5200914905019040E-25   7.1998100482882182E+03
   1.3916770000000000E+09   2.4791751406180044E+05   1.6466086624811911E-10   1.5086660002767173E-25   7.2011527739891017E+03
   1.3936770000000000E+09   2.4865020194049482E+05   1.6345637613761936E-10   1.4973523770575718E-25   7.2024885956608450E+03
   1.3956770000000000E+09   2.4938265945357777E+05   1.6226335919890095E-10   1.4861494462040733E-25   7.2038175618260148E+03
   1.3976770000000000E+09   2.5011475967551023E+05   1.6108173074590749E-10   1.4750563306240123E-25   7.2051397206324373E+03
   1.3996770000000000E+09   2.5084617448943586E+05   1.5991148529669474E-10   1.4640728821335431E-25   7.2064551198149984E+03
   1.4016770000000000E+09   2.5157609512299206E+05   1.5875280402547609E-10   1.4532006667809401E-25   7.2077638065896335E+03
   1.4036770000000000E+09   2.5230264919967111E+05   1.5760627932209556E-10   1.4424450226739555E-25   7.2090658274636662E+03
   1.4056770000000000E+09   2.5302181584043347E+05   1.5647333422050110E-10   1.4318189004860385E-25   7.2103612279748249E+03
   1.4076770000000000E+09   2.5372569698697655E+05   1.5535689514602291E-10   1.4213490170139650E-25   7.2116500524209559E+03
   1.4096770000000000E+09   2.5440036625914488E+05   1.5426224046130484E-10   1.4110836034847472E-25   7.2129323437164003E+03
   1.4116770000000000E+09   2.5502440231908413E+05   1.5319760712012841E-10   1.4010979156430944E-25   7.2142081435910077E+03
   1.4136770000000000E+09   2.5557049262860144E+05   1.5217362881444894E-10   1.3914890260685785E-25   7.2154774933633280E+03
   1.4156770000000000E+09   2.5601302677823877E+05   1.5120041877608861E-10   1.3823490710968223E-25   7.2167404353215989E+03
   1.4176770000000000E+09   2.5634204102376167E+05   1.5028201808501983E-10   1.3737144758191856E-25   7.2179970140688947E+03
   1.4196770000000000E+09   2.5657689174832101E+05   1.4941066078645223E-10   1.3655136618602009E-25   7.2192472759023867E+03
   1.4216770000000000E+09   2.5676652601764133E+05   1.4856617943575273E-10   1.3575618915017056E-25   7.2204912630888239E+03
   1.4236770000000000E+09   2.5696939742446470E+05   1.4772397709909383E-10   1.3496343350634393E-25   7.2217290014920327E+03
   1.4256770000000000E+09   2.5722907106037522E+05   1.4686578739495332E-10   1.3415642728820060E-25   7.2229604897061572E+03
   1.4276770000000000E+09   2.5757558044405608E+05   1.4598036272738638E-10   1.3332490372548991E-25   7.2241857194439253E+03
   1.4296770000000000E+09   2.5805277711498868E+05   1.4505262389162421E-10   1.3245508635470692E-25   7.2254047699022994E+03
   1.4316770000000000E+09   2.5870902411849820E+05   1.4405815804343202E-10   1.3152470705993728E-25   7.2266179516024567E+03
   1.4336770000000000E+09   2.5968598245174336E+05   1.4301490769988602E-10   1.3055020921409201E-25   7.2278257739905648E+03
   1.4356770000000000E+09   2.5957764321585480E+05   1.4157686808486001E-10   1.2921580818544926E-25   7.2290263834648485E+03
