   99.999999999996461        5.0000000000000003E-002         390        2001
   70.257250056770772        19.138618998371783     
   6.5767700000000000E+08  -3.1753621530487553E+03   1.4068262133219120E-08   3.3142242518593804E-18   8.1659296189325619E+02
   6.5967700000000000E+08  -3.6072135846410142E+03   1.7277236216013256E-08   3.9847181805044404E-18   8.3411077458433647E+02
   6.6167700000000000E+08  -3.8718513044147157E+03   1.8369954531321444E-08   4.1580830795823497E-18   8.4988857379306774E+02
   6.6367700000000000E+08  -3.7268693260102136E+03   1.8011986677985041E-08   4.0030701033188260E-18   8.6559650232784134E+02
   6.6567700000000000E+08  -3.1872749936617456E+03   1.6932105106921918E-08   3.6870697386560623E-18   8.8343921881198901E+02
   6.6767700000000000E+08  -2.5173820974874257E+03   1.5685249639353274E-08   3.3322151638853352E-18   9.0553547804598838E+02
   6.6967700000000000E+08  -1.8901991819898362E+03   1.4541569094345551E-08   2.9977686406891350E-18   9.3316884416627158E+02
   6.7167700000000000E+08  -1.2999667246371109E+03   1.3582069453540538E-08   2.7014795869834409E-18   9.6718895463570175E+02
   6.7367700000000000E+08  -6.6466234414219980E+02   1.2821480362134230E-08   2.4439777969225817E-18   1.0092249693829363E+03
   6.7567700000000000E+08   1.6694504468551534E+02   1.2268718605532497E-08   2.2197146981844918E-18   1.0632836096316528E+03
   6.7767700000000000E+08   1.2815041390147007E+03   1.1940585150312972E-08   2.0209225239725184E-18   1.1366402140015948E+03
   6.7967700000000000E+08   2.6112009834658534E+03   1.1827491739166016E-08   1.8428795826671845E-18   1.2346468889097216E+03
   6.8167700000000000E+08   4.0366050159495994E+03   1.1870602020826475E-08   1.6840592186945887E-18   1.3560086418841017E+03
   6.8367700000000000E+08   5.5094699917874850E+03   1.1983059795625348E-08   1.5449574333137341E-18   1.4921012002904513E+03
   6.8567700000000000E+08   7.0726210659970611E+03   1.2092777169315960E-08   1.4248011214294970E-18   1.6327469213343759E+03
   6.8767700000000000E+08   8.7630065133095795E+03   1.2161895694765521E-08   1.3215590755992472E-18   1.7703607173198584E+03
   6.8967700000000000E+08   1.0586091231417444E+04   1.2178806793241733E-08   1.2326663625142929E-18   1.9006680194900307E+03
   6.9167700000000000E+08   1.2522433907682329E+04   1.2145599591325722E-08   1.1556261622475745E-18   2.0218487584993957E+03
   6.9367700000000000E+08   1.4541442815244272E+04   1.2069394493702466E-08   1.0882594863858203E-18   2.1335365760873633E+03
   6.9567700000000000E+08   1.6608002177356946E+04   1.1958030948446182E-08   1.0287607974605575E-18   2.2361057489335826E+03
   6.9767700000000000E+08   1.8685135345807572E+04   1.1818267296442104E-08   9.7566371585287220E-19   2.3302403898443040E+03
   6.9967700000000000E+08   2.0735421227689301E+04   1.1655319741200144E-08   9.2778729189817747E-19   2.4167005669523742E+03
   7.0167700000000000E+08   2.2721704948696985E+04   1.1472970270493520E-08   8.8418352460925708E-19   2.4962065675261706E+03
   7.0367700000000000E+08   2.4607929846094237E+04   1.1273872403920447E-08   8.4409293651110284E-19   2.5693893561144941E+03
   7.0567700000000000E+08   2.6360202691824325E+04   1.1059895944692513E-08   8.0690925558038223E-19   2.6367770831378425E+03
   7.0767700000000000E+08   2.7948026717339118E+04   1.0832443944745005E-08   7.7215190931026527E-19   2.6988004393650394E+03
   7.0967700000000000E+08   2.9345602877112949E+04   1.0592716101462061E-08   7.3944448419738767E-19   2.7558072006720658E+03
   7.1167700000000000E+08   3.0533089388804648E+04   1.0341911511882526E-08   7.0849749997041886E-19   2.8080805855612675E+03
   7.1367700000000000E+08   3.1497708643824546E+04   1.0081370532780076E-08   6.7909413030212451E-19   2.8558584110560469E+03
   7.1567700000000000E+08   3.2234578577223845E+04   9.8126577316435098E-09   6.5107779611754656E-19   2.8993512847513025E+03
   7.1767700000000000E+08   3.2747135300611812E+04   9.5375888197674134E-09   6.2434083452176749E-19   2.9387586899847811E+03
   7.1967700000000000E+08   3.3047020836850912E+04   9.2582061145836694E-09   5.9881374000941037E-19   2.9742821169197368E+03
   7.2167700000000000E+08   3.3153350323645675E+04   8.9767101941354882E-09   5.7445479259648346E-19   3.0061345775497289E+03
   7.2367700000000000E+08   3.3091352328430177E+04   8.6953595977547902E-09   5.5124020375466214E-19   3.0345460608176973E+03
   7.2567700000000000E+08   3.2890482774179851E+04   8.4163543806508487E-09   5.2915516536903613E-19   3.0597648084183220E+03
   7.2767700000000000E+08   3.2582219865865260E+04   8.1417213722970876E-09   5.0818631114283632E-19   3.0820547185185801E+03
   7.2967700000000000E+08   3.2197819498365807E+04   7.8732178648651416E-09   4.8831605284100738E-19   3.1016896388894575E+03
   7.3167700000000000E+08   3.1766320816000502E+04   7.6122660057901032E-09   4.6951904886634040E-19   3.1189456779700363E+03
   7.3367700000000000E+08   3.1313033881712454E+04   7.3599234826652787E-09   4.5176076895369305E-19   3.1340928365705372E+03
   7.3567700000000000E+08   3.0858634505074078E+04   7.1168890573772396E-09   4.3499783331550641E-19   3.1473871947938351E+03
   7.3767700000000000E+08   3.0418869909551140E+04   6.8835359812771399E-09   4.1917961134371873E-19   3.1590646059064752E+03
   7.3967700000000000E+08   3.0004778164414609E+04   6.6599633989134830E-09   4.0425050372151404E-19   3.1693364411681487E+03
   7.4167700000000000E+08   2.9623265991167867E+04   6.4460556043861705E-09   3.9015239177297853E-19   3.1783875093969518E+03
   7.4367700000000000E+08   2.9277877270381287E+04   6.2415407451151144E-09   3.7682687433763587E-19   3.1863759352998759E+03
   7.4567700000000000E+08   2.8969607549912922E+04   6.0460432518005006E-09   3.6421707209850296E-19   3.1934345701941784E+03
   7.4767700000000000E+08   2.8697661203168282E+04   5.8591270036259674E-09   3.5226892043454685E-19   3.1996734305524419E+03
   7.4967700000000000E+08   2.8460092120801193E+04   5.6803284454518879E-09   3.4093197284864349E-19   3.2051826850457637E+03
   7.5167700000000000E+08   2.8254305868711719E+04   5.5091803461228294E-09   3.3015979432397510E-19   3.2100357982152268E+03
   7.5367700000000000E+08   2.8077426942286780E+04   5.3452276659471594E-09   3.1991004533543935E-19   3.2142925501909663E+03
   7.5567700000000000E+08   2.7926549262421151E+04   5.1880372547959876E-09   3.1014435461308812E-19   3.2180017594272604E+03
   7.5767700000000000E+08   2.7798893820213718E+04   5.0372030238098820E-09   3.0082806338019307E-19   3.2212036239729223E+03
   7.5967700000000000E+08   2.7691897403367402E+04   4.8923479869234426E-09   2.9192990402653516E-19   3.2239316611047020E+03
   7.6167700000000000E+08   2.7603253274508290E+04   4.7531242673882740E-09   2.8342165713435703E-19   3.2262142664105418E+03
   7.6367700000000000E+08   2.7530920425830886E+04   4.6192118763311793E-09   2.7527781491646670E-19   3.2280759359813951E+03
   7.6567700000000000E+08   2.7473113771002769E+04   4.4903168269032744E-09   2.6747526716194418E-19   3.2295382044766307E+03
   7.6767700000000000E+08   2.7428283941658123E+04   4.3661689578956963E-09   2.5999301744992236E-19   3.2306203522360711E+03
   7.6967700000000000E+08   2.7395092437095871E+04   4.2465197016162826E-09   2.5281193200458748E-19   3.2313399300764731E+03
   7.7167700000000000E+08   2.7372385719542606E+04   4.1311399337998098E-09   2.4591452036106159E-19   3.2317131435867614E+03
   7.7367700000000000E+08   2.7359170339881421E+04   4.0198179786199542E-09   2.3928474531270885E-19   3.2317551313274125E+03
   7.7567700000000000E+08   2.7354590176356523E+04   3.9123578006137461E-09   2.3290785888096904E-19   3.2314801643226947E+03
   7.7767700000000000E+08   2.7357906235131628E+04   3.8085773903182245E-09   2.2677026090189256E-19   3.2309017880880615E+03
   7.7967700000000000E+08   2.7368479083637365E+04   3.7083073362221306E-09   2.2085937699675430E-19   3.2300329233206676E+03
   7.8167700000000000E+08   2.7385753779105562E+04   3.6113895683667917E-09   2.1516355301995292E-19   3.2288859372794318E+03
   7.8367700000000000E+08   2.7409247053493025E+04   3.5176762559212209E-09   2.0967196345522843E-19   3.2274726946816445E+03
   7.8567700000000000E+08   2.7438536479575876E+04   3.4270288405447457E-09   2.0437453160515815E-19   3.2258045945021818E+03
   7.8767700000000000E+08   2.7473251343379838E+04   3.3393171882046480E-09   1.9926185976094888E-19   3.2238925972319780E+03
   7.8967700000000000E+08   2.7513064967605500E+04   3.2544188436382168E-09   1.9432516783862275E-19   3.2217472458020889E+03
   7.9167700000000000E+08   2.7557688258588769E+04   3.1722183734220317E-09   1.8955623922198991E-19   3.2193786823963110E+03
   7.9367700000000000E+08   2.7606864279436548E+04   3.0926067853998862E-09   1.8494737276525569E-19   3.2167966626678640E+03
   7.9567700000000000E+08   2.7660363680964216E+04   3.0154810139011605E-09   1.8049134008375237E-19   3.2140105683726874E+03
   7.9767700000000000E+08   2.7717980848354706E+04   2.9407434616958952E-09   1.7618134740558529E-19   3.2110294190787622E+03
   7.9967700000000000E+08   2.7779530644465063E+04   2.8683015909641679E-09   1.7201100137528539E-19   3.2078618833659120E+03
   8.0167700000000000E+08   2.7844845650406085E+04   2.7980675567080002E-09   1.6797427829747383E-19   3.2045162897635150E+03
   8.0367700000000000E+08   2.7913773820650473E+04   2.7299578770184701E-09   1.6406549638812335E-19   3.2010006375614225E+03
   8.0567700000000000E+08   2.7986176483869793E+04   2.6638931354468425E-09   1.6027929066649680E-19   3.1973226075561042E+03
   8.0767700000000000E+08   2.8061926632343238E+04   2.5997977114363363E-09   1.5661059017499693E-19   3.1934895727476628E+03
   8.0967700000000000E+08   2.8140907452525389E+04   2.5375995353684359E-09   1.5305459725910168E-19   3.1895086089755332E+03
   8.1167700000000000E+08   2.8223011057525400E+04   2.4772298652818906E-09   1.4960676867707184E-19   3.1853865054653816E+03
   8.1367700000000000E+08   2.8308137389152871E+04   2.4186230827477634E-09   1.4626279834055705E-19   3.1811297752527780E+03
   8.1567700000000000E+08   2.8396193263048921E+04   2.3617165057431147E-09   1.4301860151371534E-19   3.1767446654479086E+03
   8.1767700000000000E+08   2.8487091535442138E+04   2.3064502166694149E-09   1.3987030032088467E-19   3.1722371673075381E+03
   8.1967700000000000E+08   2.8580750374385723E+04   2.2527669039182753E-09   1.3681421043187446E-19   3.1676130260847035E+03
   8.2167700000000000E+08   2.8677092622038675E+04   2.2006117156042420E-09   1.3384682881017363E-19   3.1628777506320216E+03
   8.2367700000000000E+08   2.8776045237716418E+04   2.1499321242674142E-09   1.3096482242320519E-19   3.1580366227403115E+03
   8.2567700000000000E+08   2.8877538814068837E+04   2.1006778015032076E-09   1.2816501782558227E-19   3.1530947062003088E+03
   8.2767700000000000E+08   2.8981507160875703E+04   2.0528005016063247E-09   1.2544439153641591E-19   3.1480568555810373E+03
   8.2967700000000000E+08   2.9087886952550798E+04   2.0062539534242603E-09   1.2280006114032471E-19   3.1429277247236396E+03
   8.3167700000000000E+08   2.9196617436534139E+04   1.9609937597060635E-09   1.2022927704913811E-19   3.1377117749541144E+03
   8.3367700000000000E+08   2.9307640200318179E+04   1.9169773033066984E-09   1.1772941486751877E-19   3.1324132830222552E+03
   8.3567700000000000E+08   2.9420898994921816E+04   1.8741636596691797E-09   1.1529796831105462E-19   3.1270363487769046E+03
   8.3767700000000000E+08   2.9536339612245301E+04   1.8325135150575858E-09   1.1293254262990522E-19   3.1215849025895991E+03
   8.3967700000000000E+08   2.9653909812964510E+04   1.7919890900570366E-09   1.1063084849502971E-19   3.1160627125394517E+03
   8.4167700000000000E+08   2.9773559300580178E+04   1.7525540678929810E-09   1.0839069630744371E-19   3.1104733913720552E+03
   8.4367700000000000E+08   2.9895239736009578E+04   1.7141735271543166E-09   1.0620999089402915E-19   3.1048204032440635E+03
   8.4567700000000000E+08   3.0018904785856852E+04   1.6768138785342331E-09   1.0408672655622606E-19   3.0991070702632833E+03
   8.4767700000000000E+08   3.0144510196345873E+04   1.6404428052307699E-09   1.0201898244057309E-19   3.0933365788316287E+03
   8.4967700000000000E+08   3.0272013883981395E+04   1.6050292066768757E-09   1.0000491820260020E-19   3.0875119857952909E+03
   8.5167700000000000E+08   3.0401376033432894E+04   1.5705431452980945E-09   9.8042769938055048E-20   3.0816362244036004E+03
   8.5367700000000000E+08   3.0532559192989334E+04   1.5369557960249521E-09   9.6130846357894890E-20   3.0757121100748354E+03
   8.5567700000000000E+08   3.0665528358274809E+04   1.5042393983169128E-09   9.4267525185897869E-20   3.0697423459647075E+03
   8.5767700000000000E+08   3.0800251035730467E+04   1.4723672104847414E-09   9.2451249760117918E-20   3.0637295283310323E+03
   8.5967700000000000E+08   3.0936697278638687E+04   1.4413134661280472E-09   9.0680525821721779E-20   3.0576761516865108E+03
   8.6167700000000000E+08   3.1074839690121393E+04   1.4110533325335011E-09   8.8953918476925176E-20   3.0515846137309932E+03
   8.6367700000000000E+08   3.1214653389464074E+04   1.3815628709063760E-09   8.7270049319793041E-20   3.0454572200545963E+03
   8.6567700000000000E+08   3.1356115940201118E+04   1.3528189983324746E-09   8.5627593705502796E-20   3.0392961886040684E+03
   8.6767700000000000E+08   3.1499207240493422E+04   1.3247994513887751E-09   8.4025278165280852E-20   3.0331036539065021E+03
   8.6967700000000000E+08   3.1643909378307515E+04   1.2974827513387199E-09   8.2461877955581177E-20   3.0268816710468082E+03
   8.7167700000000000E+08   3.1790206455660726E+04   1.2708481708616138E-09   8.0936214735160868E-20   3.0206322193982278E+03
   8.7367700000000000E+08   3.1938084387608113E+04   1.2448757022751359E-09   7.9447154364530587E-20   3.0143572061082032E+03
   8.7567700000000000E+08   3.2087530682658264E+04   1.2195460272157699E-09   7.7993604822834901E-20   3.0080584693451324E+03
   8.7767700000000000E+08   3.2238534211891903E+04   1.1948404877442078E-09   7.6574514237564700E-20   3.0017377813145508E+03
   8.7967700000000000E+08   3.2391084974193374E+04   1.1707410588422811E-09   7.5188869022667449E-20   2.9953968510561690E+03
   8.8167700000000000E+08   3.2545173864738383E+04   1.1472303222650920E-09   7.3835692120632167E-20   2.9890373270354635E+03
   8.8367700000000000E+08   3.2700792453273854E+04   1.1242914417078081E-09   7.2514041344042901E-20   2.9826607995454369E+03
   8.8567700000000000E+08   3.2857932777892631E+04   1.1019081392410615E-09   7.1223007811919937E-20   2.9762688029354717E+03
   8.8767700000000000E+08   3.3016587159093724E+04   1.0800646729629854E-09   6.9961714475960519E-20   2.9698628176848902E+03
   8.8967700000000000E+08   3.3176748038284662E+04   1.0587458158088399E-09   6.8729314731489005E-20   2.9634442723392272E+03
   8.9167700000000000E+08   3.3338407845171700E+04   1.0379368354495006E-09   6.7524991107434762E-20   2.9570145453274035E+03
   8.9367700000000000E+08   3.3501558901102173E+04   1.0176234751933600E-09   6.6347954028663892E-20   2.9505749666787010E+03
   8.9567700000000000E+08   3.3666193373232476E+04   9.9779193577313259E-10   6.5197440641847503E-20   2.9441268196613337E+03
   8.9767700000000000E+08   3.3832303312692675E+04   9.7842885783227269E-10   6.4072713691547315E-20   2.9376713423719343E+03
   8.9967700000000000E+08   3.3999880846963279E+04   9.5952130479992335E-10   6.2973060424523476E-20   2.9312097293230477E+03
   9.0167700000000000E+08   3.4168918661621588E+04   9.4105674563401919E-10   6.1897791485594127E-20   2.9247431331112466E+03
   9.0367700000000000E+08   3.4339410999518019E+04   9.2302303663250562E-10   6.0846239748306815E-20   2.9182726663107051E+03
   9.0567700000000000E+08   3.4511355492371746E+04   9.0540840129774545E-10   5.9817759007073849E-20   2.9117994038277338E+03
   9.0767700000000000E+08   3.4684756109425645E+04   8.8820140747814269E-10   5.8811722470692659E-20   2.9053243860464163E+03
   9.0967700000000000E+08   3.4859627130578287E+04   8.7139094244973341E-10   5.7827521092100024E-20   2.8988486231126308E+03
   9.1167700000000000E+08   3.5035997017724781E+04   8.5496619014586015E-10   5.6864562010946866E-20   2.8923731004762458E+03
   9.1367700000000000E+08   3.5213909239557062E+04   8.3891662054690749E-10   5.5922267791121372E-20   2.8858987851133847E+03
   9.1567700000000000E+08   3.5393415147970321E+04   8.2323200680493136E-10   5.5000077542179781E-20   2.8794266305654946E+03
   9.1767700000000000E+08   3.5574554014016016E+04   8.0790248401392862E-10   5.4097450945812471E-20   2.8729575774068599E+03
   9.1967700000000000E+08   3.5757320561186214E+04   7.9291864459698215E-10   5.3213874958351939E-20   2.8664925451793861E+03
   9.2167700000000000E+08   3.5941632441380600E+04   7.7827162627820564E-10   5.2348870282843633E-20   2.8600324140741022E+03
   9.2367700000000000E+08   3.6127323014211892E+04   7.6395310870864350E-10   5.1501991849113299E-20   2.8535780007298995E+03
   9.2567700000000000E+08   3.6314183733439910E+04   7.4995514905608173E-10   5.0672818276853735E-20   2.8471300399960460E+03
   9.2767700000000000E+08   3.6502047916804251E+04   7.3626988799099523E-10   4.9860932047193336E-20   2.8406891864881659E+03
   9.2967700000000000E+08   3.6690859917522597E+04   7.2288931214095425E-10   4.9065902849542920E-20   2.8342560391894222E+03
   9.3167700000000000E+08   3.6880669490016502E+04   7.0980530584605525E-10   4.8287290293890751E-20   2.8278311741350944E+03
   9.3367700000000000E+08   3.7071542362820597E+04   6.9700992539547860E-10   4.7524662131888002E-20   2.8214151627344081E+03
   9.3567700000000000E+08   3.7263483955526710E+04   6.8449561026881152E-10   4.6777608852444069E-20   2.8150085661833232E+03
   9.3767700000000000E+08   3.7456531909193487E+04   6.7225539046355424E-10   4.6045758256739666E-20   2.8086119265204802E+03
   9.3967700000000000E+08   3.7650943327285968E+04   6.6028317487564249E-10   4.5328795195184788E-20   2.8022257941099028E+03
   9.4167700000000000E+08   3.7847120877872760E+04   6.4857346422057479E-10   4.4626441481820146E-20   2.7958507889077418E+03
   9.4367700000000000E+08   3.8045183895327929E+04   6.3712001989799556E-10   4.3938364329845148E-20   2.7894876166233857E+03
   9.4567700000000000E+08   3.8244627710957597E+04   6.2591467659205571E-10   4.3264095263258999E-20   2.7831369705361876E+03
   9.4767700000000000E+08   3.8444520802667306E+04   6.1494799342956162E-10   4.2603076127876294E-20   2.7767993696068265E+03
   9.4967700000000000E+08   3.8644142500816160E+04   6.0421136143461251E-10   4.1954805402428762E-20   2.7704750782599181E+03
   9.5167700000000000E+08   3.8843615638820869E+04   5.9369869353753672E-10   4.1318954733716460E-20   2.7641642026191994E+03
   9.5367700000000000E+08   3.9044012761763159E+04   5.8340630165581542E-10   4.0695359073925137E-20   2.7578669005162265E+03
   9.5567700000000000E+08   3.9246145499157377E+04   5.7333088230473427E-10   4.0083875379879084E-20   2.7515835462482883E+03
   9.5767700000000000E+08   3.9449985438760428E+04   5.6346795047520191E-10   3.9484274314391693E-20   2.7453146640756268E+03
   9.5967700000000000E+08   3.9655358587258597E+04   5.5381225952517270E-10   3.8896271129348120E-20   2.7390607714759963E+03
   9.6167700000000000E+08   3.9862133849044425E+04   5.4435856550532049E-10   3.8319579373878849E-20   2.7328223396320659E+03
   9.6367700000000000E+08   4.0070221261039325E+04   5.3510179573242053E-10   3.7753922633135342E-20   2.7265997993240480E+03
   9.6567700000000000E+08   4.0279557883362373E+04   5.2603705757233151E-10   3.7199035101372705E-20   2.7203935495933051E+03
   9.6767700000000000E+08   4.0490098537674334E+04   5.1715962350045150E-10   3.6654660521917665E-20   2.7142039643628909E+03
   9.6967700000000000E+08   4.0701810274960764E+04   5.0846491958540800E-10   3.6120551391640437E-20   2.7080313970855632E+03
   9.7167700000000000E+08   4.0914668753803722E+04   4.9994851691314211E-10   3.5596468387819911E-20   2.7018761840828984E+03
   9.7367700000000000E+08   4.1128655887907829E+04   4.9160612300800332E-10   3.5082179802907332E-20   2.6957386470269803E+03
   9.7567700000000000E+08   4.1343758143644875E+04   4.8343357330837300E-10   3.4577460986582843E-20   2.6896190948328931E+03
   9.7767700000000000E+08   4.1559965039856812E+04   4.7542682381080524E-10   3.4082093872602398E-20   2.6835178250824588E+03
   9.7967700000000000E+08   4.1777267935930511E+04   4.6758194488773818E-10   3.3595866590470989E-20   2.6774351250550626E+03
   9.8167700000000000E+08   4.1995659300360232E+04   4.5989511573734356E-10   3.3118573122361693E-20   2.6713712724746933E+03
   9.8367700000000000E+08   4.2215132338074036E+04   4.5236261948675383E-10   3.2650013005741004E-20   2.6653265360852738E+03
   9.8567700000000000E+08   4.2435680757675218E+04   4.4498083917839103E-10   3.2189991097970245E-20   2.6593011761217881E+03
   9.8767700000000000E+08   4.2657298595561071E+04   4.3774625445805807E-10   3.1738317390165472E-20   2.6532954447097918E+03
   9.8967700000000000E+08   4.2879980018098577E+04   4.3065543860494567E-10   3.1294806844636637E-20   2.6473095862093783E+03
   9.9167700000000000E+08   4.3103719010369830E+04   4.2370505566216436E-10   3.0859279238659735E-20   2.6413438374983980E+03
   9.9367700000000000E+08   4.3328509092514141E+04   4.1689185756689720E-10   3.0431559007342817E-20   2.6353984281839294E+03
   9.9567700000000000E+08   4.3554343521558578E+04   4.1021268158626644E-10   3.0011475107480670E-20   2.6294735807751749E+03
   9.9767700000000000E+08   4.3781216550610334E+04   4.0366444901439616E-10   2.9598860971367098E-20   2.6235695109384901E+03
   9.9967700000000000E+08   4.4009125978390453E+04   3.9724416613640839E-10   2.9193554623687230E-20   2.6176864280386048E+03
   1.0016770000000000E+09   4.4238076447393301E+04   3.9094892742742277E-10   2.8795398959724999E-20   2.6118245361696640E+03
   1.0036770000000000E+09   4.4468082622550362E+04   3.8477592036803841E-10   2.8404242141320091E-20   2.6059840357562371E+03
   1.0056770000000000E+09   4.4699169949930780E+04   3.7872242651858057E-10   2.8019937717565795E-20   2.6001651256239234E+03
   1.0076770000000000E+09   4.4931370950732649E+04   3.7278581011612795E-10   2.7642343823859308E-20   2.5943680050328467E+03
   1.0096770000000000E+09   4.5164717626749138E+04   3.6696350038454228E-10   2.7271321914693964E-20   2.5885928747305484E+03
   1.0116770000000000E+09   4.5399233199046095E+04   3.6125297759073323E-10   2.6906735775319366E-20   2.5828399364433631E+03
   1.0136770000000000E+09   4.5634925231970628E+04   3.5565176257699066E-10   2.6548450793722417E-20   2.5771093909388924E+03
   1.0156770000000000E+09   4.5871776737178385E+04   3.5015740474111726E-10   2.6196333116293569E-20   2.5714014349867316E+03
   1.0176770000000000E+09   4.6109742904025756E+04   3.4476747411857827E-10   2.5850249109342011E-20   2.5657162571345675E+03
   1.0196770000000000E+09   4.6348757966152574E+04   3.3947956832215946E-10   2.5510065928328713E-20   2.5600540333315107E+03
   1.0216770000000000E+09   4.6588745347755459E+04   3.3429132857899839E-10   2.5175652762503425E-20   2.5544149240003794E+03
   1.0236770000000000E+09   4.6829629316840204E+04   3.2920045678393955E-10   2.4846882151723550E-20   2.5487990730817978E+03
   1.0256770000000000E+09   4.7071345402489053E+04   3.2420472951827907E-10   2.4523631071258824E-20   2.5432066091027004E+03
   1.0276770000000000E+09   4.7313847283333853E+04   3.1930200608137700E-10   2.4205781562562722E-20   2.5376376478665611E+03
   1.0296770000000000E+09   4.7557109221070328E+04   3.1449022957873636E-10   2.3893220838267036E-20   2.5320922960477842E+03
   1.0316770000000000E+09   4.7801124437633152E+04   3.0976742207757215E-10   2.3585840938156560E-20   2.5265706549058273E+03
   1.0336770000000000E+09   4.8045900730921087E+04   3.0513167601526352E-10   2.3283538101837262E-20   2.5210728234794074E+03
   1.0356770000000000E+09   4.8291454918198651E+04   3.0058114431323670E-10   2.2986212044242349E-20   2.5155989008838915E+03
   1.0376770000000000E+09   4.8537807487389065E+04   2.9611403120323159E-10   2.2693765286467870E-20   2.5101489876114201E+03
   1.0396770000000000E+09   4.8784978354406805E+04   2.9172858496472559E-10   2.2406102633071021E-20   2.5047231859478597E+03
   1.0416770000000000E+09   4.9032984094511230E+04   2.8742309295276542E-10   2.2123130824538855E-20   2.4993215997415155E+03
   1.0436770000000000E+09   4.9281836589096121E+04   2.8319587869784299E-10   2.1844758347982078E-20   2.4939443337893304E+03
   1.0456770000000000E+09   4.9531542776240334E+04   2.7904530055225585E-10   2.1570895365581049E-20   2.4885914930727945E+03
   1.0476770000000000E+09   4.9782105111017561E+04   2.7496975129124150E-10   2.1301453715228331E-20   2.4832631820105817E+03
   1.0496770000000000E+09   5.0033522377651243E+04   2.7096765816298025E-10   2.1036346944402372E-20   2.4779595038251723E+03
   1.0516770000000000E+09   5.0285790587729003E+04   2.6703748303349757E-10   2.0775490350005534E-20   2.4726805600631451E+03
   1.0536770000000000E+09   5.0538903801864435E+04   2.6317772242362926E-10   2.0518801008563548E-20   2.4674264502693259E+03
   1.0556770000000000E+09   5.0792854799518303E+04   2.5938690735168817E-10   2.0266197790186843E-20   2.4621972717933668E+03
   1.0576770000000000E+09   5.1047635581139992E+04   2.5566360297172063E-10   2.0017601355596826E-20   2.4569931196990960E+03
   1.0596770000000000E+09   5.1303237719931254E+04   2.5200640803834301E-10   1.9772934138705120E-20   2.4518140867473467E+03
   1.0616770000000000E+09   5.1559652594464234E+04   2.4841395424399747E-10   1.9532120318383518E-20   2.4466602634275491E+03
   1.0636770000000000E+09   5.1816871534740967E+04   2.4488490547416207E-10   1.9295085783034151E-20   2.4415317380193492E+03
   1.0656770000000000E+09   5.2074885909438060E+04   2.4141795701846066E-10   1.9061758090973767E-20   2.4364285966711145E+03
   1.0676770000000000E+09   5.2333687175514002E+04   2.3801183476554614E-10   1.8832066428854978E-20   2.4313509234867620E+03
   1.0696770000000000E+09   5.2593266905084492E+04   2.3466529440063305E-10   1.8605941569640288E-20   2.4262988006156393E+03
   1.0716770000000000E+09   5.2853616799653835E+04   2.3137712061753590E-10   1.8383315831091445E-20   2.4212723083424689E+03
   1.0736770000000000E+09   5.3114728698369683E+04   2.2814612635207506E-10   1.8164123035341966E-20   2.4162715251758573E+03
   1.0756770000000000E+09   5.3376594584531762E+04   2.2497115204041366E-10   1.7948298469859202E-20   2.4112965279347673E+03
   1.0776770000000000E+09   5.3639206592768343E+04   2.2185106490349912E-10   1.7735778849911922E-20   2.4063473918329096E+03
   1.0796770000000000E+09   5.3902557017804436E+04   2.1878475825717419E-10   1.7526502282530122E-20   2.4014241905612967E+03
   1.0816770000000000E+09   5.4166638324626860E+04   2.1577115084636639E-10   1.7320408231850612E-20   2.3965269963692385E+03
   1.0836770000000000E+09   5.4431443159116912E+04   2.1280918620123125E-10   1.7117437485697694E-20   2.3916558801440019E+03
   1.0856770000000000E+09   5.4696964357997698E+04   2.0989783201306385E-10   1.6917532123242355E-20   2.3868109114891622E+03
   1.0876770000000000E+09   5.4963194957112304E+04   2.0703607952817171E-10   1.6720635483611848E-20   2.3819921588015932E+03
   1.0896770000000000E+09   5.5230128197485523E+04   2.0422294295848532E-10   1.6526692135368098E-20   2.3771996893468254E+03
   1.0916770000000000E+09   5.5497757529083901E+04   2.0145745890823078E-10   1.6335647846816111E-20   2.3724335693325306E+03
   1.0936770000000000E+09   5.5766076612522673E+04   1.9873868581639592E-10   1.6147449557136096E-20   2.3676938639798482E+03
   1.0956770000000000E+09   5.6035079319089753E+04   1.9606570341485438E-10   1.5962045348343023E-20   2.3629806375923381E+03
   1.0976770000000000E+09   5.6304759729352802E+04   1.9343761220198675E-10   1.5779384418075028E-20   2.3582939536223953E+03
   1.0996770000000000E+09   5.6575112130404181E+04   1.9085353293145763E-10   1.5599417053196817E-20   2.3536338747349860E+03
   1.1016770000000000E+09   5.6846131011539313E+04   1.8831260611566225E-10   1.5422094604192182E-20   2.3490004628685815E+03
   1.1036770000000000E+09   5.7117811057963670E+04   1.8581399154320750E-10   1.5247369460306967E-20   2.3443937792931260E+03
   1.1056770000000000E+09   5.7390147141990012E+04   1.8335686780978566E-10   1.5075195025403009E-20   2.3398138846648544E+03
   1.1076770000000000E+09   5.7663134311168542E+04   1.8094043186181414E-10   1.4905525694484411E-20   2.3352608390776754E+03
   1.1096770000000000E+09   5.7936767772814557E+04   1.7856389855232854E-10   1.4738316830866432E-20   2.3307347021108235E+03
   1.1116770000000000E+09   5.8211042874491846E+04   1.7622650020870748E-10   1.4573524743964657E-20   2.3262355328723888E+03
   1.1136770000000000E+09   5.8485955080101172E+04   1.7392748621193109E-10   1.4411106667691640E-20   2.3217633900383626E+03
   1.1156770000000000E+09   5.8761499941313486E+04   1.7166612258713260E-10   1.4251020739453174E-20   2.3173183318867345E+03
   1.1176770000000000E+09   5.9037673064180432E+04   1.6944169160528343E-10   1.4093225979742444E-20   2.3129004163262471E+03
   1.1196770000000000E+09   5.9314470070844975E+04   1.6725349139583898E-10   1.3937682272329141E-20   2.3085097009193496E+03
   1.1216770000000000E+09   5.9591886556341218E+04   1.6510083557019286E-10   1.3784350345041928E-20   2.3041462428989571E+03
   1.1236770000000000E+09   5.9869918040565513E+04   1.6298305285574781E-10   1.3633191751139030E-20   2.2998100991786082E+03
   1.1256770000000000E+09   6.0148559915599610E+04   1.6089948674036083E-10   1.3484168851257116E-20   2.2955013263556471E+03
   1.1276770000000000E+09   6.0427807388674577E+04   1.5884949512686921E-10   1.3337244795923585E-20   2.2912199807071247E+03
   1.1296770000000000E+09   6.0707655421193711E+04   1.5683244999732228E-10   1.3192383508610178E-20   2.2869661181781134E+03
   1.1316770000000000E+09   6.0988098664378711E+04   1.5484773708647133E-10   1.3049549669298605E-20   2.2827397943622486E+03
   1.1336770000000000E+09   6.1269131392276162E+04   1.5289475556397294E-10   1.2908708698519954E-20   2.2785410644743438E+03
   1.1356770000000000E+09   6.1550747433035285E+04   1.5097291772468060E-10   1.2769826741821566E-20   2.2743699833150467E+03
   1.1376770000000000E+09   6.1832940099570325E+04   1.4908164868629729E-10   1.2632870654605334E-20   2.2702266052275959E+03
   1.1396770000000000E+09   6.2115702120914619E+04   1.4722038609359343E-10   1.2497807987273949E-20   2.2661109840468707E+03
   1.1416770000000000E+09   6.2399025575787367E+04   1.4538857982829978E-10   1.2364606970612189E-20   2.2620231730410637E+03
   1.1436770000000000E+09   6.2682901830079383E+04   1.4358569172373989E-10   1.2233236501324701E-20   2.2579632248464723E+03
   1.1456770000000000E+09   6.2967321480150822E+04   1.4181119528321914E-10   1.2103666127646024E-20   2.2539311913960551E+03
   1.1476770000000000E+09   6.3252274303978877E+04   1.4006457540116731E-10   1.1975866034935076E-20   2.2499271238426008E+03
   1.1496770000000000E+09   6.3537749222296770E+04   1.3834532808606231E-10   1.1849807031167155E-20   2.2459510724775314E+03
   1.1516770000000000E+09   6.3823734271929599E+04   1.3665296018419119E-10   1.1725460532237406E-20   2.2420030866465445E+03
   1.1536770000000000E+09   6.4110216593498095E+04   1.3498698910341635E-10   1.1602798546997639E-20   2.2380832146635094E+03
   1.1556770000000000E+09   6.4397182435578419E+04   1.3334694253622998E-10   1.1481793661957201E-20   2.2341915037241624E+03
   1.1576770000000000E+09   6.4684617177205080E+04   1.3173235818156258E-10   1.1362419025593316E-20   2.2303279998213347E+03
   1.1596770000000000E+09   6.4972505370313200E+04   1.3014278346503023E-10   1.1244648332234687E-20   2.2264927476635507E+03
   1.1616770000000000E+09   6.5260830803318328E+04   1.2857777525756323E-10   1.1128455805504485E-20   2.2226857905989186E+03
   1.1636770000000000E+09   6.5549576586530908E+04   1.2703689959265643E-10   1.1013816181334985E-20   2.2189071705462934E+03
   1.1656770000000000E+09   6.5838725259501924E+04   1.2551973138279996E-10   1.0900704690595013E-20   2.2151569279356568E+03
   1.1676770000000000E+09   6.6128258919704604E+04   1.2402585413599990E-10   1.0789097041403457E-20   2.2114351016596006E+03
   1.1696770000000000E+09   6.6418159371215806E+04   1.2255485967362774E-10   1.0678969401233212E-20   2.2077417290376648E+03
   1.1716770000000000E+09   6.6708408291261338E+04   1.2110634785117694E-10   1.0570298378942570E-20   2.2040768457950512E+03
   1.1736770000000000E+09   6.6998987411705762E+04   1.1967992628379255E-10   1.0463061006899610E-20   2.2004404860570094E+03
   1.1756770000000000E+09   6.7289878711798214E+04   1.1827521007868180E-10   1.0357234723390485E-20   2.1968326823598227E+03
   1.1776770000000000E+09   6.7581064617810596E+04   1.1689182157667908E-10   1.0252797355521469E-20   2.1932534656789257E+03
   1.1796770000000000E+09   6.7872528204642644E+04   1.1552939010530801E-10   1.0149727102834982E-20   2.1897028654743021E+03
   1.1816770000000000E+09   6.8164253394057334E+04   1.1418755174565768E-10   1.0048002521862531E-20   2.1861809097527835E+03
   1.1836770000000000E+09   6.8456225144021024E+04   1.1286594911523024E-10   9.9476025118274197E-21   2.1826876251464619E+03
   1.1856770000000000E+09   6.8748429623636766E+04   1.1156423116865576E-10   9.8485063016913130E-21   2.1792230370058833E+03
   1.1876770000000000E+09   6.9040854368424669E+04   1.1028205301778992E-10   9.7506934387081563E-21   2.1757871695063254E+03
   1.1896770000000000E+09   6.9333488411203187E+04   1.0901907577223261E-10   9.6541437786094772E-21   2.1723800457649850E+03
   1.1916770000000000E+09   6.9626322384560845E+04   1.0777496640075309E-10   9.5588374774974362E-21   2.1690016879666377E+03
   1.1936770000000000E+09   6.9919348591816452E+04   1.0654939761351384E-10   9.4647549854699845E-21   2.1656521174950035E+03
   1.1956770000000000E+09   7.0212561044447808E+04   1.0534204776436911E-10   9.3718770419467843E-21   2.1623313550669750E+03
   1.1976770000000000E+09   7.0505955465126128E+04   1.0415260077192147E-10   9.2801846726102964E-21   2.1590394208667112E+03
   1.1996770000000000E+09   7.0799529256687209E+04   1.0298074605748461E-10   9.1896591878256376E-21   2.1557763346767092E+03
   1.2016770000000000E+09   7.1093281438542544E+04   1.0182617849764172E-10   9.1002821823582056E-21   2.1525421160030587E+03
   1.2036770000000000E+09   7.1387212553124700E+04   1.0068859838871920E-10   9.0120355361705621E-21   2.1493367841923309E+03
   1.2056770000000000E+09   7.1681324545904819E+04   9.9567711420274600E-11   8.9249014160551119E-21   2.1461603585378507E+03
   1.2076770000000000E+09   7.1975620623327108E+04   9.8463228654553063E-11   8.8388622778409348E-21   2.1430128583734772E+03
   1.2096770000000000E+09   7.2270105093604099E+04   9.7374866508875904E-11   8.7539008689084420E-21   2.1398943031534195E+03
   1.2116770000000000E+09   7.2564783195723125E+04   9.6302346738025151E-11   8.6700002307491614E-21   2.1368047125170888E+03
   1.2136770000000000E+09   7.2859660922199851E+04   9.5245396413896724E-11   8.5871437013218252E-21   2.1337441063384131E+03
   1.2156770000000000E+09   7.3154744841105246E+04   9.4203747899988035E-11   8.5053149169776682E-21   2.1307125047595337E+03
   1.2176770000000000E+09   7.3450041922643126E+04   9.3177138818656048E-11   8.4244978137574239E-21   2.1277099282091981E+03
   1.2196770000000000E+09   7.3745559375114011E+04   9.2165312009518120E-11   8.3446766278986810E-21   2.1247363974065929E+03
   1.2216770000000000E+09   7.4041304494452328E+04   9.1168015477844951E-11   8.2658358954330526E-21   2.1217919333516797E+03
   1.2236770000000000E+09   7.4337284530691162E+04   9.0185002332311783E-11   8.1879604507979505E-21   2.1188765573033811E+03
   1.2256770000000000E+09   7.4633506573733932E+04   8.9216030711997159E-11   8.1110354244346077E-21   2.1159902907471883E+03
   1.2276770000000000E+09   7.4929977459753587E+04   8.8260863703025754E-11   8.0350462393904626E-21   2.1131331553538280E+03
   1.2296770000000000E+09   7.5226703698450627E+04   8.7319269245718990E-11   7.9599786069875021E-21   2.1103051729307304E+03
   1.2316770000000000E+09   7.5523691420380870E+04   8.6391020033504155E-11   7.8858185216554380E-21   2.1075063653679358E+03
   1.2336770000000000E+09   7.5820946342676645E+04   8.5475893405131621E-11   7.8125522550581653E-21   2.1047367545799957E+03
   1.2356770000000000E+09   7.6118473750822770E+04   8.4573671231912730E-11   7.7401663496596824E-21   2.1019963624452398E+03
   1.2376770000000000E+09   7.6416278493704667E+04   8.3684139801749572E-11   7.6686476118839859E-21   2.0992852107435669E+03
   1.2396770000000000E+09   7.6714364988998510E+04   8.2807089701662045E-11   7.5979831050203998E-21   2.0966033210936876E+03
   1.2416770000000000E+09   7.7012737236045912E+04   8.1942315700348947E-11   7.5281601420129912E-21   2.0939507148905309E+03
   1.2436770000000000E+09   7.7311398833598869E+04   8.1089616632105277E-11   7.4591662782555388E-21   2.0913274132432798E+03
   1.2456770000000000E+09   7.7610353000217714E+04   8.0248795283153426E-11   7.3909893044910126E-21   2.0887334369143746E+03
   1.2476770000000000E+09   7.7909602595531207E+04   7.9419658281183200E-11   7.3236172398920868E-21   2.0861688062595827E+03
   1.2496770000000000E+09   7.8209150140985905E+04   7.8602015988662061E-11   7.2570383253784957E-21   2.0836335411692180E+03
   1.2516770000000000E+09   7.8508997839103002E+04   7.7795682400270612E-11   7.1912410172090069E-21   2.0811276610104064E+03
   1.2536770000000000E+09   7.8809147590604509E+04   7.7000475044645667E-11   7.1262139808699843E-21   2.0786511845703149E+03
   1.2556770000000000E+09   7.9109601009031845E+04   7.6216214890483060E-11   7.0619460852707443E-21   2.0762041300001865E+03
   1.2576770000000000E+09   7.9410359432717320E+04   7.5442726256956313E-11   6.9984263972470096E-21   2.0737865147600060E+03
   1.2596770000000000E+09   7.9711423934170700E+04   7.4679836728314037E-11   6.9356441763648085E-21   2.0713983555636382E+03
   1.2616770000000000E+09   8.0012795327054235E+04   7.3927377072481560E-11   6.8735888700135066E-21   2.0690396683242957E+03
   1.2636770000000000E+09   8.0314474171041686E+04   7.3185181163449194E-11   6.8122501087723215E-21   2.0667104681001679E+03
   1.2656770000000000E+09   8.0616460774876410E+04   7.2453085907225158E-11   6.7516177020338065E-21   2.0644107690401283E+03
   1.2676770000000000E+09   8.0918755197938008E+04   7.1730931171141544E-11   6.6916816338684545E-21   2.0621405843294215E+03
   1.2696770000000000E+09   8.1221357250578105E+04   7.1018559716314040E-11   6.6324320591154031E-21   2.0598999261352419E+03
   1.2716770000000000E+09   8.1524266493383126E+04   7.0315817133106729E-11   6.5738592996885350E-21   2.0576888055521922E+03
   1.2736770000000000E+09   8.1827482235479445E+04   6.9622551779456511E-11   6.5159538410874542E-21   2.0555072325475521E+03
   1.2756770000000000E+09   8.2131003531907700E+04   6.8938614721946434E-11   6.4587063291058468E-21   2.0533552159063315E+03
   1.2776770000000000E+09   8.2434829180063447E+04   6.8263859679518550E-11   6.4021075667295844E-21   2.0512327631760936E+03
   1.2796770000000000E+09   8.2738957715165903E+04   6.7598142969721401E-11   6.3461485112173245E-21   2.0491398806115071E+03
   1.2816770000000000E+09   8.3043387404694135E+04   6.6941323457384374E-11   6.2908202713558838E-21   2.0470765731186077E+03
   1.2836770000000000E+09   8.3348116241705531E+04   6.6293262505604463E-11   6.2361141048819108E-21   2.0450428441987262E+03
   1.2856770000000000E+09   8.3653141936877917E+04   6.5653823928941099E-11   6.1820214160621393E-21   2.0430386958920785E+03
   1.2876770000000000E+09   8.3958461909067191E+04   6.5022873948714625E-11   6.1285337534245196E-21   2.0410641287209392E+03
   1.2896770000000000E+09   8.4264073274057664E+04   6.4400281150321199E-11   6.0756428076338653E-21   2.0391191416323854E+03
   1.2916770000000000E+09   8.4569972831054678E+04   6.3785916442499831E-11   6.0233404095079133E-21   2.0372037319405131E+03
   1.2936770000000000E+09   8.4876157046303342E+04   6.3179653018518863E-11   5.9716185281725426E-21   2.0353178952680462E+03
   1.2956770000000000E+09   8.5182622033013075E+04   6.2581366319293505E-11   5.9204692693591085E-21   2.0334616254872217E+03
   1.2976770000000000E+09   8.5489363526572910E+04   6.1990933998489575E-11   5.8698848738511012E-21   2.0316349146597640E+03
   1.2996770000000000E+09   8.5796376853929105E+04   6.1408235889692248E-11   5.8198577160895918E-21   2.0298377529757513E+03
   1.3016770000000000E+09   8.6103656896093977E+04   6.0833153975692609E-11   5.7703803029446599E-21   2.0280701286910812E+03
   1.3036770000000000E+09   8.6411198043286437E+04   6.0265572359817148E-11   5.7214452726478679E-21   2.0263320280632461E+03
   1.3056770000000000E+09   8.6718994143411299E+04   5.9705377238932419E-11   5.6730453938528632E-21   2.0246234352851016E+03
   1.3076770000000000E+09   8.7027038446737090E+04   5.9152456877252304E-11   5.6251735647426377E-21   2.0229443324164072E+03
   1.3096770000000000E+09   8.7335323552866990E+04   5.8606701579324957E-11   5.5778228120293798E-21   2.0212946993131179E+03
   1.3116770000000000E+09   8.7643841370405891E+04   5.8068003659607918E-11   5.5309862895984545E-21   2.0196745135548183E+03
   1.3136770000000000E+09   8.7952583104605612E+04   5.7536257404983292E-11   5.4846572764442660E-21   2.0180837503712901E+03
   1.3156770000000000E+09   8.8261539292782414E+04   5.7011359025657251E-11   5.4388291734549848E-21   2.0165223825700748E+03
   1.3176770000000000E+09   8.8570699909749092E+04   5.6493206589542660E-11   5.3934954985652975E-21   2.0149903804679193E+03
   1.3196770000000000E+09   8.8880054563855534E+04   5.5981699935894965E-11   5.3486498798557066E-21   2.0134877118300876E+03
   1.3216770000000000E+09   8.9189592796233293E+04   5.5476740566152665E-11   5.3042860463820006E-21   2.0120143418223863E+03
   1.3236770000000000E+09   8.9499304480060251E+04   5.4978231513892838E-11   5.2603978168968509E-21   2.0105702329811015E+03
   1.3256770000000000E+09   8.9809180293438534E+04   5.4486077201357838E-11   5.2169790871606976E-21   2.0091553452054195E+03
   1.3276770000000000E+09   9.0119212211959064E+04   5.4000183296325224E-11   5.1740238171542442E-21   2.0077696357751213E+03
   1.3296770000000000E+09   9.0429393941793824E+04   5.3520456588557590E-11   5.1315260200450148E-21   2.0064130593931245E+03
   1.3316770000000000E+09   9.0739721200469867E+04   5.3046804907530530E-11   5.0894797550168476E-21   2.0050855682482668E+03
   1.3336770000000000E+09   9.1050191760092232E+04   5.2579137100444691E-11   5.0478791258335095E-21   2.0037871120891514E+03
   1.3356770000000000E+09   9.1360805203162163E+04   5.2117363080367828E-11   5.0067182861432063E-21   2.0025176382961722E+03
   1.3376770000000000E+09   9.1671562402766067E+04   5.1661393939372885E-11   4.9659914510950512E-21   2.0012770919373349E+03
   1.3396770000000000E+09   9.1982464814413644E+04   5.1211142103844522E-11   4.9256929131252539E-21   2.0000654157952561E+03
   1.3416770000000000E+09   9.2293513733159096E+04   5.0766521494178899E-11   4.8858170583043119E-21   1.9988825503581768E+03
   1.3436770000000000E+09   9.2604709699308500E+04   5.0327447645185157E-11   4.8463583790277629E-21   1.9977284337759525E+03
   1.3456770000000000E+09   9.2916052207748944E+04   4.9893837751234505E-11   4.8073114795383511E-21   1.9966030017908540E+03
   1.3476770000000000E+09   9.3227539787542148E+04   4.9465610621709682E-11   4.7686710728130966E-21   1.9955061876594966E+03
   1.3496770000000000E+09   9.3539170394035144E+04   4.9042686561671733E-11   4.7304319701763819E-21   1.9944379220838882E+03
   1.3516770000000000E+09   9.3850941942348305E+04   4.8624987218940871E-11   4.6925890675587128E-21   1.9933981331651396E+03
   1.3536770000000000E+09   9.4162852760786001E+04   4.8212435450104202E-11   4.6551373334556874E-21   1.9923867463841996E+03
   1.3556770000000000E+09   9.4474901786366405E+04   4.7804955247475466E-11   4.6180718026747316E-21   1.9914036846034689E+03
   1.3576770000000000E+09   9.4787088450107985E+04   4.7402471739734559E-11   4.5813875771563224E-21   1.9904488680758586E+03
   1.3596770000000000E+09   9.5099412349443475E+04   4.7004911244081687E-11   4.5450798317846275E-21   1.9895222144471027E+03
   1.3616770000000000E+09   9.5411872901437353E+04   4.6612201324970549E-11   4.5091438208738166E-21   1.9886236387430806E+03
   1.3636770000000000E+09   9.5724469158891225E+04   4.6224270816325081E-11   4.4735748811547940E-21   1.9877530533434024E+03
   1.3656770000000000E+09   9.6037199857937390E+04   4.5841049789523621E-11   4.4383684295131312E-21   1.9869103679501477E+03
   1.3676770000000000E+09   9.6350063620034489E+04   4.5462469482937207E-11   4.4035199569671735E-21   1.9860954895624066E+03
   1.3696770000000000E+09   9.6663059146362211E+04   4.5088462229469298E-11   4.3690250223961540E-21   1.9853083224624474E+03
   1.3716770000000000E+09   9.6976185272089555E+04   4.4718961413735370E-11   4.3348792490917260E-21   1.9845487682116866E+03
   1.3736770000000000E+09   9.7289440865328390E+04   4.4353901465211091E-11   4.3010783247722091E-21   1.9838167256493832E+03
   1.3756770000000000E+09   9.7602824670286296E+04   4.3993217867432860E-11   4.2676180031515804E-21   1.9831120908874743E+03
   1.3776770000000000E+09   9.7916335220140114E+04   4.3636847155656999E-11   4.2344941043914700E-21   1.9824347573002572E+03
   1.3796770000000000E+09   9.8229970869487617E+04   4.3284726890365443E-11   4.2017025131996622E-21   1.9817846155129478E+03
   1.3816770000000000E+09   9.8543729889056820E+04   4.2936795617318811E-11   4.1692391755973075E-21   1.9811615533945260E+03
   1.3836770000000000E+09   9.8857610516492277E+04   4.2592992836529725E-11   4.1371000965221925E-21   1.9805654560567575E+03
   1.3856770000000000E+09   9.9171610889105563E+04   4.2253258995743662E-11   4.1052813397920629E-21   1.9799962058563540E+03
   1.3876770000000000E+09   9.9485728815574650E+04   4.1917535513538702E-11   4.0737790309433531E-21   1.9794536823939000E+03
   1.3896770000000000E+09   9.9799961214798459E+04   4.1585764852676483E-11   4.0425893649749872E-21   1.9789377625001723E+03
   1.3916770000000000E+09   1.0011430253509276E+05   4.1257890743513825E-11   4.0117086287517479E-21   1.9784483201885091E+03
   1.3936770000000000E+09   1.0042874012391854E+05   4.0933858865323434E-11   3.9811332681511115E-21   1.9779852265110819E+03
   1.3956770000000000E+09   1.0074324128699942E+05   4.0613618787905312E-11   3.9508600784046654E-21   1.9775483491472330E+03
   1.3976770000000000E+09   1.0105771937266034E+05   4.0297129108538907E-11   3.9208867069092724E-21   1.9771375512885527E+03
   1.3996770000000000E+09   1.0137195073762488E+05   3.9984370112162288E-11   3.8912128920061462E-21   1.9767526887973393E+03
   1.4016770000000000E+09   1.0168538648094457E+05   3.9675372686627973E-11   3.8618432926373582E-21   1.9763936034054907E+03
   1.4036770000000000E+09   1.0199676318812979E+05   3.9370278690277104E-11   3.8327933981583127E-21   1.9760601074971971E+03
   1.4056770000000000E+09   1.0230338682402413E+05   3.9069453545185392E-11   3.8041005579869420E-21   1.9757519525513223E+03
   1.4076770000000000E+09   1.0260001056505533E+05   3.8773666437414952E-11   3.7758416537739359E-21   1.9754687693005731E+03
   1.4096770000000000E+09   1.0287747972229414E+05   3.8484316636422808E-11   3.7481553474247158E-21   1.9752099661747295E+03
   1.4116770000000000E+09   1.0312190337306868E+05   3.8203592725110597E-11   3.7212578836161592E-21   1.9749745807925096E+03
   1.4136770000000000E+09   1.0331591249944520E+05   3.7934315029169375E-11   3.6954280640629449E-21   1.9747611079646560E+03
   1.4156770000000000E+09   1.0344379061762930E+05   3.7679143486287322E-11   3.6709302648664758E-21   1.9745673837724444E+03
   1.4176770000000000E+09   1.0350042133575506E+05   3.7439081501699880E-11   3.6478684368657727E-21   1.9743906710187218E+03
   1.4196770000000000E+09   1.0349946548628957E+05   3.7211944994631687E-11   3.6260360199975835E-21   1.9742280945123075E+03
   1.4216770000000000E+09   1.0347248914605701E+05   3.6992234905904752E-11   3.6049020194410660E-21   1.9740774000647725E+03
   1.4236770000000000E+09   1.0345560924554242E+05   3.6773322116921622E-11   3.5838226067351205E-21   1.9739376598473943E+03
   1.4256770000000000E+09   1.0347496749166700E+05   3.6550356893882839E-11   3.5623245684910608E-21   1.9738093747159435E+03
   1.4276770000000000E+09   1.0354924106535662E+05   3.6320423753237861E-11   3.5401215553119353E-21   1.9736939229320164E+03
   1.4296770000000000E+09   1.0370721739485697E+05   3.6079595223647625E-11   3.5168276360353441E-21   1.9735932199857832E+03
   1.4316770000000000E+09   1.0397100517149884E+05   3.5821377531275210E-11   3.4918053801542545E-21   1.9735099692320027E+03
   1.4336770000000000E+09   1.0451213495204964E+05   3.5551833910797736E-11   3.4656353024025076E-21   1.9734504251036940E+03
   1.4356770000000000E+09   1.0338340886062723E+05   3.5169547109634896E-11   3.4284429820098528E-21   1.9734081439592492E+03
   6.5767700000000000E+08  -8.6892069430952342E+03   3.2019951551794087E-12   4.2040154191113403E-23   9.2340868845467799E+02
   6.5967700000000000E+08  -7.7867359368885091E+03   5.9527051395274754E-12   7.4940523305375764E-23   9.6301984267211583E+02
   6.6167700000000000E+08  -7.0304427538930986E+03   9.5850848672630483E-12   1.1698595780468423E-22   9.9334432205608096E+02
   6.6367700000000000E+08  -6.1341613046586126E+03   1.4231356964608621E-11   1.6896753655560145E-22   1.0211290372041431E+03
   6.6567700000000000E+08  -5.1572410873832623E+03   2.0279913268933925E-11   2.3391393834244684E-22   1.0511085736465238E+03
   6.6767700000000000E+08  -4.3280839162125540E+03   2.8452717024322426E-11   3.1810307793746637E-22   1.0844098646675254E+03
   6.6967700000000000E+08  -3.7120276974733124E+03   3.9556339624291868E-11   4.2749710758442148E-22   1.1218130883181225E+03
   6.7167700000000000E+08  -3.1803433962936738E+03   5.4304180450445705E-11   5.6557510552272994E-22   1.1640739347755516E+03
   6.7367700000000000E+08  -2.5768535541471038E+03   7.3113738225006174E-11   7.2972765788821517E-22   1.2147188439079869E+03
   6.7567700000000000E+08  -1.7182175112446157E+03   9.6049079197819001E-11   9.0894033763129782E-22   1.2811365300584671E+03
   6.7767700000000000E+08  -5.0870710858784253E+02   1.2285616446229112E-10   1.0849732282856936E-21   1.3728260668503706E+03
   6.7967700000000000E+08   9.7050057954619513E+02   1.5285359536885300E-10   1.2410191770588533E-21   1.4932576635274979E+03
   6.8167700000000000E+08   2.6027766474090286E+03   1.8498014704377239E-10   1.3730657807936524E-21   1.6333203110937329E+03
   6.8367700000000000E+08   4.3630296404129494E+03   2.1787255896788464E-10   1.4855187912081093E-21   1.7781237010963839E+03
   6.8567700000000000E+08   6.3468366091849293E+03   2.5021039491662703E-10   1.5827658219693699E-21   1.9165769956690062E+03
   6.8767700000000000E+08   8.6381058645814628E+03   2.8096572363117681E-10   1.6668055423023447E-21   2.0436475168270472E+03
   6.8967700000000000E+08   1.1268489884275954E+04   3.0946003671760511E-10   1.7383412037507060E-21   2.1582767618532421E+03
   6.9167700000000000E+08   1.4215968192850774E+04   3.3531483033201382E-10   1.7978169428993541E-21   2.2612307318112084E+03
   6.9367700000000000E+08   1.7453954752781578E+04   3.5844839182754322E-10   1.8463932491766607E-21   2.3536399063839485E+03
   6.9567700000000000E+08   2.0954122865609421E+04   3.7883412217908441E-10   1.8846035025106888E-21   2.4370625841337528E+03
   6.9767700000000000E+08   2.4673470249941372E+04   3.9656626052459602E-10   1.9133017163341644E-21   2.5128692234171267E+03
   6.9967700000000000E+08   2.8574795169593202E+04   4.1179966961683959E-10   1.9334416503989765E-21   2.5822156575742397E+03
   7.0167700000000000E+08   3.2626738509605857E+04   4.2471786519754858E-10   1.9459747946466426E-21   2.6460674166583290E+03
   7.0367700000000000E+08   3.6802761194837862E+04   4.3551281068416133E-10   1.9517962725625649E-21   2.7052290125478521E+03
   7.0567700000000000E+08   4.1079980609730039E+04   4.4437251020839497E-10   1.9517186977756262E-21   2.7603715859356130E+03
   7.0767700000000000E+08   4.5438130025954692E+04   4.5147386688241336E-10   1.9464631400125230E-21   2.8120563494133717E+03
   7.0967700000000000E+08   4.9858736059818781E+04   4.5697897763603689E-10   1.9366599222617591E-21   2.8607535318624823E+03
   7.1167700000000000E+08   5.4324520713783029E+04   4.6103360956633010E-10   1.9228545764435122E-21   2.9068574370951019E+03
   7.1367700000000000E+08   5.8819030898034493E+04   4.6376705168283752E-10   1.9055161948116501E-21   2.9506984810766721E+03
   7.1567700000000000E+08   6.3326511480871122E+04   4.6529288490306289E-10   1.8850468171168035E-21   2.9925530427843610E+03
   7.1767700000000000E+08   6.7832045746783740E+04   4.6571045384829492E-10   1.8617914059329742E-21   3.0326518207238523E+03
   7.1967700000000000E+08   7.2321968267080709E+04   4.6510695002896706E-10   1.8360484045362142E-21   3.0711871992620690E+03
   7.2167700000000000E+08   7.6784507502085587E+04   4.6356002689705530E-10   1.8080808763850660E-21   3.1083199290504772E+03
   7.2367700000000000E+08   8.1210551618058947E+04   4.6114078578688932E-10   1.7781279028647592E-21   3.1441852391612674E+03
   7.2567700000000000E+08   8.5594377004017952E+04   4.5791684792146519E-10   1.7464154624503005E-21   3.1788983509029567E+03
   7.2767700000000000E+08   8.9934162606831989E+04   4.5395512923403124E-10   1.7131656739885997E-21   3.2125592768394490E+03
   7.2967700000000000E+08   9.4232149581903446E+04   4.4932392293323502E-10   1.6786032639569921E-21   3.2452567732571101E+03
   7.3167700000000000E+08   9.8494387244186393E+04   4.4409399617463372E-10   1.6429584842705734E-21   3.2770713620186211E+03
   7.3367700000000000E+08   1.0273010466006512E+05   4.3833859926953037E-10   1.6064663624986062E-21   3.3080774238239519E+03
   7.3567700000000000E+08   1.0695082758466485E+05   4.3213250632849190E-10   1.5693628824256251E-21   3.3383444574347054E+03
   7.3767700000000000E+08   1.1116939841311354E+05   4.2555038312697369E-10   1.5318792257372103E-21   3.3679376706646140E+03
   7.3967700000000000E+08   1.1539904800210778E+05   4.1866486219302498E-10   1.4942354051717752E-21   3.3969181035743295E+03
   7.4167700000000000E+08   1.1965262603844555E+05   4.1154468764770809E-10   1.4566344790137364E-21   3.4253424812696439E+03
   7.4367700000000000E+08   1.2394204213776172E+05   4.0425319972586284E-10   1.4192581660605705E-21   3.4532629624283632E+03
   7.4567700000000000E+08   1.2827792128499282E+05   3.9684730433175844E-10   1.3822642340322823E-21   3.4807269039481139E+03
   7.4767700000000000E+08   1.3266944445465776E+05   3.8937695605697964E-10   1.3457856439789878E-21   3.5077767146242095E+03
   7.4967700000000000E+08   1.3712432979391905E+05   3.8188509797230797E-10   1.3099311701721899E-21   3.5344498301797976E+03
   7.5167700000000000E+08   1.4164890790570169E+05   3.7440795519065023E-10   1.2747870910517658E-21   3.5607788122969046E+03
   7.5367700000000000E+08   1.4624825109737334E+05   3.6697556639953619E-10   1.2404195347531777E-21   3.5867915558878817E+03
   7.5567700000000000E+08   1.5092632614595434E+05   3.5961244744134856E-10   1.2068771205103606E-21   3.6125115798830775E+03
   7.5767700000000000E+08   1.5568614992702630E+05   3.5233830248639167E-10   1.1741936256180841E-21   3.6379583746388244E+03
   7.5967700000000000E+08   1.6052993547892675E+05   3.4516872287491750E-10   1.1423904985920930E-21   3.6631477810982237E+03
   7.6167700000000000E+08   1.6545922218079094E+05   3.3811583607306969E-10   1.1114791169420244E-21   3.6880923809839055E+03
   7.6367700000000000E+08   1.7047498782257977E+05   3.3118888498798863E-10   1.0814627465612624E-21   3.7128018821174292E+03
   7.6567700000000000E+08   1.7557774283220907E+05   3.2439473062851471E-10   1.0523381992807598E-21   3.7372834875657545E+03
   7.6767700000000000E+08   1.8076760825157398E+05   3.1773827934196270E-10   1.0240972088176303E-21   3.7615422412671710E+03
   7.6967700000000000E+08   1.8604437961683120E+05   3.1122284058657065E-10   9.9672755728785694E-22   3.7855813459342817E+03
   7.7167700000000000E+08   1.9140757900260642E+05   3.0485042343402511E-10   9.7021398850260458E-22   3.8094024513878985E+03
   7.7367700000000000E+08   1.9685649734594120E+05   2.9862198060952657E-10   9.4453894352419288E-22   3.8330059131462012E+03
   7.7567700000000000E+08   2.0239022890921604E+05   2.9253760853247939E-10   9.1968315065673598E-22   3.8563910222109239E+03
   7.7767700000000000E+08   2.0800769945216764E+05   2.8659671098262398E-10   8.9562609766814956E-22   3.8795562076877777E+03
   7.7967700000000000E+08   2.1370768940458592E+05   2.8079813298369113E-10   8.7234640948289703E-22   3.9024992142660640E+03
   7.8167700000000000E+08   2.1948885308346199E+05   2.7514027044754370E-10   8.4982215033763948E-22   3.9252172567548068E+03
   7.8367700000000000E+08   2.2534973478788038E+05   2.6962116015149388E-10   8.2803106567820163E-22   3.9477071539006274E+03
   7.8567700000000000E+08   2.3128878243130821E+05   2.6423855377232173E-10   8.0695077595941951E-22   3.9699654436478381E+03
   7.8767700000000000E+08   2.3730435923042044E+05   2.5898997898334091E-10   7.8655893196534563E-22   3.9919884818812320E+03
   7.8967700000000000E+08   2.4339475385725196E+05   2.5387279002947290E-10   7.6683333923044441E-22   4.0137725265419667E+03
   7.9167700000000000E+08   2.4955818937233766E+05   2.4888420971560281E-10   7.4775205753339266E-22   4.0353138088442784E+03
   7.9367700000000000E+08   2.5579283118611234E+05   2.4402136435862063E-10   7.2929348017518495E-22   4.0566085931562534E+03
   7.9567700000000000E+08   2.6209679424042293E+05   2.3928131294698346E-10   7.1143639677207655E-22   4.0776532269485192E+03
   7.9767700000000000E+08   2.6846814955838240E+05   2.3466107150842253E-10   6.9416004253168294E-22   4.0984441820645879E+03
   7.9967700000000000E+08   2.7490493027647102E+05   2.3015763349381225E-10   6.7744413638856212E-22   4.1189780884275115E+03
   8.0167700000000000E+08   2.8140513724581519E+05   2.2576798683264125E-10   6.6126890991484058E-22   4.1392517611705071E+03
   8.0367700000000000E+08   2.8796674426828732E+05   2.2148912819448990E-10   6.4561512856157274E-22   4.1592622220643825E+03
   8.0567700000000000E+08   2.9458770301637339E+05   2.1731807489457021E-10   6.3046410650385045E-22   4.1790067160112412E+03
   8.0767700000000000E+08   3.0126594767261075E+05   2.1325187480440546E-10   6.1579771613920810E-22   4.1984827232816642E+03
   8.0967700000000000E+08   3.0799939931419230E+05   2.0928761456690605E-10   6.0159839311077818E-22   4.2176879680904904E+03
   8.1167700000000000E+08   3.1478597006040975E+05   2.0542242636517635E-10   5.8784913758352579E-22   4.2366204240333691E+03
   8.1367700000000000E+08   3.2162356699468824E+05   2.0165349345382390E-10   5.7453351238576750E-22   4.2552783168418346E+03
   8.1567700000000000E+08   3.2851009586861898E+05   1.9797805462837918E-10   5.6163563853310754E-22   4.2736601248578099E+03
   8.1767700000000000E+08   3.3544346459248377E+05   1.9439340778116023E-10   5.4914018857339775E-22   4.2917645775783858E+03
   8.1967700000000000E+08   3.4242158651503373E+05   1.9089691266934980E-10   5.3703237812592631E-22   4.3095906525777837E+03
   8.2167700000000000E+08   3.4944238349460834E+05   1.8748599300230737E-10   5.2529795593321364E-22   4.3271375710748789E+03
   8.2367700000000000E+08   3.5650378876389412E+05   1.8415813793950930E-10   5.1392319269760624E-22   4.3444047923809439E+03
   8.2567700000000000E+08   3.6360374959159002E+05   1.8091090307746379E-10   5.0289486893581137E-22   4.3613920074328362E+03
   8.2767700000000000E+08   3.7074022974576853E+05   1.7774191099307481E-10   4.9220026205153848E-22   4.3780991315910815E+03
   8.2967700000000000E+08   3.7791121176565479E+05   1.7464885140188485E-10   4.8182713279853872E-22   4.3945262968598090E+03
   8.3167700000000000E+08   3.8511469905066292E+05   1.7162948098214793E-10   4.7176371128289116E-22   4.4106738436658143E+03
   8.3367700000000000E+08   3.9234871777761762E+05   1.6868162290954565E-10   4.6199868263375033E-22   4.4265423123166656E+03
   8.3567700000000000E+08   3.9961131865898025E+05   1.6580316614234594E-10   4.5252117245536530E-22   4.4421324342425551E+03
   8.3767700000000000E+08   4.0690057855631493E+05   1.6299206449274971E-10   4.4332073215957519E-22   4.4574451231128924E+03
   8.3967700000000000E+08   4.1421460196405079E+05   1.6024633551687797E-10   4.3438732426661076E-22   4.4724814659065678E+03
   8.4167700000000000E+08   4.2155152237872098E+05   1.5756405925316051E-10   4.2571130775248733E-22   4.4872427140036998E+03
   8.4367700000000000E+08   4.2890950356813293E+05   1.5494337683664205E-10   4.1728342351311258E-22   4.5017302743567079E+03
   8.4567700000000000E+08   4.3628674075340998E+05   1.5238248901476370E-10   4.0909478000804450E-22   4.5159457007893161E+03
   8.4767700000000000E+08   4.4368146171461081E+05   1.4987965458837196E-10   4.0113683914024881E-22   4.5298906854635934E+03
   8.4967700000000000E+08   4.5109192782775580E+05   1.4743318879995412E-10   3.9340140242195809E-22   4.5435670505473909E+03
   8.5167700000000000E+08   4.5851643503786891E+05   1.4504146168928806E-10   3.8588059747054117E-22   4.5569767401073077E+03
   8.5367700000000000E+08   4.6595331476917688E+05   1.4270289643478857E-10   3.7856686487204974E-22   4.5701218122458222E+03
   8.5567700000000000E+08   4.7340093477032386E+05   1.4041596769678045E-10   3.7145294544368572E-22   4.5830044314953866E+03
   8.5767700000000000E+08   4.8085769988944189E+05   1.3817919997675479E-10   3.6453186791989767E-22   4.5956268614770706E+03
   8.5967700000000000E+08   4.8832205277155031E+05   1.3599116600436581E-10   3.5779693708014380E-22   4.6079914578269681E+03
   8.6167700000000000E+08   4.9579247446912306E+05   1.3385048516158221E-10   3.5124172232977612E-22   4.6201006613898062E+03
   8.6367700000000000E+08   5.0326748495593556E+05   1.3175582195105849E-10   3.4486004673907480E-22   4.6319569916762985E+03
   8.6567700000000000E+08   5.1074564353453350E+05   1.2970588451352483E-10   3.3864597653943085E-22   4.6435630405785432E+03
   8.6767700000000000E+08   5.1822554912879301E+05   1.2769942319687846E-10   3.3259381107018276E-22   4.6549214663362118E+03
   8.6967700000000000E+08   5.2570584045500238E+05   1.2573522917776859E-10   3.2669807316484130E-22   4.6660349877454073E+03
   8.7167700000000000E+08   5.3318519606752985E+05   1.2381213313484721E-10   3.2095349996147680E-22   4.6769063786017196E+03
   8.7367700000000000E+08   5.4066233427819924E+05   1.2192900397156350E-10   3.1535503411901927E-22   4.6875384623691134E+03
   8.7567700000000000E+08   5.4813601295179641E+05   1.2008474758542105E-10   3.0989781541913002E-22   4.6979341070667679E+03
   8.7767700000000000E+08   5.5560502918342617E+05   1.1827830567999447E-10   3.0457717273212729E-22   4.7080962203667159E+03
   8.7967700000000000E+08   5.6306821886649344E+05   1.1650865461571228E-10   2.9938861632515670E-22   4.7180277448960096E+03
   8.8167700000000000E+08   5.7052445616277319E+05   1.1477480429539304E-10   2.9432783049121281E-22   4.7277316537380684E+03
   8.8367700000000000E+08   5.7797265288834297E+05   1.1307579708072805E-10   2.8939066647861268E-22   4.7372109461287610E+03
   8.8567700000000000E+08   5.8541175783119467E+05   1.1141070673625347E-10   2.8457313570187081E-22   4.7464686433436318E+03
   8.8767700000000000E+08   5.9284075601895549E+05   1.0977863739768392E-10   2.7987140321620769E-22   4.7555077847734174E+03
   8.8967700000000000E+08   6.0025866795998695E+05   1.0817872256157145E-10   2.7528178143857703E-22   4.7643314241857788E+03
   8.9167700000000000E+08   6.0766454889250477E+05   1.0661012409260689E-10   2.7080072409685440E-22   4.7729426261720646E+03
   8.9367700000000000E+08   6.1505748810279591E+05   1.0507203124264265E-10   2.6642482038353863E-22   4.7813444627794206E+03
   8.9567700000000000E+08   6.2243660843166092E+05   1.0356365967012154E-10   2.6215078927704324E-22   4.7895400103313768E+03
   8.9767700000000000E+08   6.2980106620465429E+05   1.0208425043775270E-10   2.5797547396668547E-22   4.7975323464451449E+03
   8.9967700000000000E+08   6.3715005203064496E+05   1.0063306894742780E-10   2.5389583627050715E-22   4.8053245472626859E+03
   9.0167700000000000E+08   6.4448279323195049E+05   9.9209403744412129E-11   2.4990895086805570E-22   4.8129196849261552E+03
   9.0367700000000000E+08   6.5179855903218465E+05   9.7812565096217064E-11   2.4601199910475373E-22   4.8203208253456860E+03
   9.0567700000000000E+08   6.5909666975415731E+05   9.6441883253700171E-11   2.4220226213199821E-22   4.8275310263244583E+03
   9.0767700000000000E+08   6.6637651050561771E+05   9.5096706393231438E-11   2.3847711337839598E-22   4.8345533361127746E+03
   9.0967700000000000E+08   6.7363754707437451E+05   9.3776398508127563E-11   2.3483401102278493E-22   4.8413907924434498E+03
   9.1167700000000000E+08   6.8087933603020117E+05   9.2480338028760994E-11   2.3127049241348001E-22   4.8480464220347349E+03
   9.1367700000000000E+08   6.8810151303694921E+05   9.1207918601019043E-11   2.2778417398810509E-22   4.8545232404033113E+03
   9.1567700000000000E+08   6.9530373808891978E+05   8.9958553767727242E-11   2.2437276101085343E-22   4.8608242515548964E+03
   9.1767700000000000E+08   7.0248558456912613E+05   8.8731686357628117E-11   2.2103406908432047E-22   4.8669524466298280E+03
   9.1967700000000000E+08   7.0964639230416552E+05   8.7526800319995086E-11   2.1776605177962037E-22   4.8729107998989402E+03
   9.2167700000000000E+08   7.1678516037231730E+05   8.6343428041914415E-11   2.1456681712470175E-22   4.8787022600087257E+03
   9.2367700000000000E+08   7.2390059273877461E+05   8.5181143525939842E-11   2.1143460918459082E-22   4.8843297357516794E+03
   9.2567700000000000E+08   7.3099136389897950E+05   8.4039536490758508E-11   2.0836774260768457E-22   4.8897960797416681E+03
   9.2767700000000000E+08   7.3805650083561102E+05   8.2918177854513074E-11   2.0536451590555290E-22   4.8951040812912497E+03
   9.2967700000000000E+08   7.4509560014049092E+05   8.1816601284018206E-11   2.0242316407667873E-22   4.9002564832877943E+03
   9.3167700000000000E+08   7.5210871768870333E+05   8.0734312977134069E-11   1.9954188068633462E-22   4.9052560162156124E+03
   9.3367700000000000E+08   7.5909612313291151E+05   7.9670811975228524E-11   1.9671886574131818E-22   4.9101054369323538E+03
   9.3567700000000000E+08   7.6605861786831694E+05   7.8625541492597243E-11   1.9395220355872496E-22   4.9148075598197547E+03
   9.3767700000000000E+08   7.7299964203773974E+05   7.7597622702648681E-11   1.9123920853188658E-22   4.9193652048049289E+03
   9.3967700000000000E+08   7.7992886672240228E+05   7.6585440006323300E-11   1.8857541013656157E-22   4.9237811030645507E+03
   9.4167700000000000E+08   7.8686304221349617E+05   7.5586627861964274E-11   1.8595452003023318E-22   4.9280580807042543E+03
   9.4367700000000000E+08   7.9381963375038304E+05   7.4598932232713885E-11   1.8337053613824494E-22   4.9321995905744943E+03
   9.4567700000000000E+08   8.0080576358029817E+05   7.3621493537247077E-11   1.8082088161896530E-22   4.9362100003920441E+03
   9.4767700000000000E+08   8.0781164833506476E+05   7.2655421090930890E-11   1.7830781987580883E-22   4.9400940876372042E+03
   9.4967700000000000E+08   8.1481536596753704E+05   7.1703074850322540E-11   1.7583669845378211E-22   4.9438563754590268E+03
   9.5167700000000000E+08   8.2179780424635764E+05   7.0767206981013066E-11   1.7341406121344632E-22   4.9474946412406389E+03
   9.5367700000000000E+08   8.2864697774016811E+05   6.9857783342134656E-11   1.7106360422828583E-22   4.9510210074253728E+03
   9.5567700000000000E+08   8.3538217618857929E+05   6.8972440677386703E-11   1.6877935287509175E-22   4.9544318993371762E+03
   9.5767700000000000E+08   8.4206113702992653E+05   6.8104396076952968E-11   1.6654476278569525E-22   4.9577172252105847E+03
   9.5967700000000000E+08   8.4870127106190426E+05   6.7251572603265021E-11   1.6435414732266325E-22   4.9608873235443116E+03
   9.6167700000000000E+08   8.5530874729300919E+05   6.6413023987445409E-11   1.6220491710513708E-22   4.9639434626354232E+03
   9.6367700000000000E+08   8.6188566206265555E+05   6.5588235245806321E-11   1.6009553573602034E-22   4.9668873499345518E+03
   9.6567700000000000E+08   8.6843279731948127E+05   6.4776839887358363E-11   1.5802482996606845E-22   4.9697210432864003E+03
   9.6767700000000000E+08   8.7495046306187415E+05   6.3978531917006191E-11   1.5599178253410914E-22   4.9724466911335685E+03
   9.6967700000000000E+08   8.8143876925269084E+05   6.3193034701895963E-11   1.5399545826432528E-22   4.9750664481662352E+03
   9.7167700000000000E+08   8.8789773474277323E+05   6.2420087747486214E-11   1.5203497204259684E-22   4.9775824504518960E+03
   9.7367700000000000E+08   8.9432734331393649E+05   6.1659440550313255E-11   1.5010947357444709E-22   4.9799968076591058E+03
   9.7567700000000000E+08   9.0072757442133443E+05   6.0910849735539694E-11   1.4821814001941044E-22   4.9823116008752068E+03
   9.7767700000000000E+08   9.0709841773258126E+05   6.0174077812324738E-11   1.4636017254115794E-22   4.9845288822785933E+03
   9.7967700000000000E+08   9.1343987829062692E+05   5.9448892683741929E-11   1.4453479470735114E-22   4.9866506751807383E+03
   9.8167700000000000E+08   9.1975197736226348E+05   5.8735067474393921E-11   1.4274125168116731E-22   4.9886789740953600E+03
   9.8367700000000000E+08   9.2603475134895963E+05   5.8032380497052193E-11   1.4097880976486282E-22   4.9906157449189468E+03
   9.8567700000000000E+08   9.3228824987648951E+05   5.7340615265010488E-11   1.3924675606880186E-22   4.9924629251708247E+03
   9.8767700000000000E+08   9.3851253395534516E+05   5.6659560477029882E-11   1.3754439813151150E-22   4.9942224241521108E+03
   9.8967700000000000E+08   9.4470767428113078E+05   5.5989009979048803E-11   1.3587106350022957E-22   4.9958961230238538E+03
   9.9167700000000000E+08   9.5087374835154996E+05   5.5328762819604569E-11   1.3422609955272618E-22   4.9974858748885399E+03
   9.9367700000000000E+08   9.5701083404820773E+05   5.4678623575145283E-11   1.3260887398501597E-22   4.9989935049353526E+03
   9.9567700000000000E+08   9.6311899757407606E+05   5.4038403053300156E-11   1.3101877622400503E-22   5.0004208106998140E+03
   9.9767700000000000E+08   9.6919827644708427E+05   5.3407919223351988E-11   1.2945521940026512E-22   5.0017695623474601E+03
   9.9967700000000000E+08   9.7524866351426346E+05   5.2786997848847217E-11   1.2791764161582371E-22   5.0030415026623941E+03
   1.0016770000000000E+09   9.8127010250212229E+05   5.2175472075933207E-11   1.2640550469860277E-22   5.0042383467725558E+03
   1.0036770000000000E+09   9.8726250946765603E+05   5.1573180152404276E-11   1.2491828846898122E-22   5.0053617807941810E+03
   1.0056770000000000E+09   9.9322582548428082E+05   5.0979961249083371E-11   1.2345548043559247E-22   5.0064134601180613E+03
   1.0076770000000000E+09   9.9916008818084246E+05   5.0395650588014707E-11   1.2201656379326921E-22   5.0073950092644518E+03
   1.0096770000000000E+09   1.0050654990833470E+06   4.9820075587860518E-11   1.2060100784008508E-22   5.0083080243705581E+03
   1.0116770000000000E+09   1.0109424674434561E+06   4.9253053942180214E-11   1.1920826302214926E-22   5.0091540785750040E+03
   1.0136770000000000E+09   1.0167916386986679E+06   4.8694393361065292E-11   1.1783776019837759E-22   5.0099347198027126E+03
   1.0156770000000000E+09   1.0226138503258607E+06   4.8143896239951668E-11   1.1648892157610161E-22   5.0106514792724493E+03
   1.0176770000000000E+09   1.0284100134406612E+06   4.7601368002318151E-11   1.1516118050391042E-22   5.0113058816267876E+03
   1.0196770000000000E+09   1.0341809941153476E+06   4.7066624510987665E-11   1.1385399936456723E-22   5.0118994397268443E+03
   1.0216770000000000E+09   1.0399275038857321E+06   4.6539498161674651E-11   1.1256688416640235E-22   5.0124336539292435E+03
   1.0236770000000000E+09   1.0456500215172659E+06   4.6019841336251115E-11   1.1129939281114329E-22   5.0129100085597747E+03
   1.0256770000000000E+09   1.0513487613890623E+06   4.5507526669173741E-11   1.1005113569957798E-22   5.0133299664420438E+03
   1.0276770000000000E+09   1.0570236885965534E+06   4.5002444527885026E-11   1.0882176959924535E-22   5.0136949636593645E+03
   1.0296770000000000E+09   1.0626745699062366E+06   4.4504498670380643E-11   1.0761098708571796E-22   5.0140064055155672E+03
   1.0316770000000000E+09   1.0683010440500362E+06   4.4013601227503319E-11   1.0641850432352777E-22   5.0142656641972544E+03
   1.0336770000000000E+09   1.0739026947934690E+06   4.3529668007446693E-11   1.0524404959883464E-22   5.0144740781560849E+03
   1.0356770000000000E+09   1.0794791141013862E+06   4.3052614779499291E-11   1.0408735419887562E-22   5.0146329528881497E+03
   1.0376770000000000E+09   1.0850299483203145E+06   4.2582354812800115E-11   1.0294814631406888E-22   5.0147435626303886E+03
   1.0396770000000000E+09   1.0905549256289848E+06   4.2118797632531711E-11   1.0182614788075882E-22   5.0148071524972156E+03
   1.0416770000000000E+09   1.0960538668667022E+06   4.1661848761330220E-11   1.0072107380990468E-22   5.0148249406845907E+03
   1.0436770000000000E+09   1.1015266838682801E+06   4.1211410137618567E-11   9.9632632860470319E-23   5.0147981205065680E+03
   1.0456770000000000E+09   1.1069733698852595E+06   4.0767380914137740E-11   9.8560529441999147E-23   5.0147278621502746E+03
   1.0476770000000000E+09   1.1123939861066658E+06   4.0329658399825195E-11   9.7504465774095514E-23   5.0146153141184550E+03
   1.0496770000000000E+09   1.1177886472534363E+06   3.9898138983482745E-11   9.6464144011640073E-23   5.0144616043794122E+03
   1.0516770000000000E+09   1.1231575081215128E+06   3.9472718946889059E-11   9.5439268111466097E-23   5.0142678412676278E+03
   1.0536770000000000E+09   1.1285007520329331E+06   3.9053295127800115E-11   9.4429545343751182E-23   5.0140351141833626E+03
   1.0556770000000000E+09   1.1338185815078556E+06   3.8639765427879110E-11   9.3434687435093567E-23   5.0137644941354911E+03
   1.0576770000000000E+09   1.1391112110779707E+06   3.8232029179942067E-11   9.2454411377120919E-23   5.0134570341658473E+03
   1.0596770000000000E+09   1.1443788619665555E+06   3.7829987397320832E-11   9.1488439954962958E-23   5.0131137696862024E+03
   1.0616770000000000E+09   1.1496217582957726E+06   3.7433542929792648E-11   9.0536502054034716E-23   5.0127357187525640E+03
   1.0636770000000000E+09   1.1548401244893160E+06   3.7042600548651611E-11   8.9598332799160016E-23   5.0123238822962339E+03
   1.0656770000000000E+09   1.1600341835791648E+06   3.6657066980142966E-11   8.8673673572055260E-23   5.0118792443268103E+03
   1.0676770000000000E+09   1.1652041561753969E+06   3.6276850902823566E-11   8.7762271944442188E-23   5.0114027721183211E+03
   1.0696770000000000E+09   1.1703502599058449E+06   3.5901862921014575E-11   8.6863881555916108E-23   5.0108954163869294E+03
   1.0716770000000000E+09   1.1754727091742672E+06   3.5532015523552504E-11   8.5978261958606752E-23   5.0103581114658291E+03
   1.0736770000000000E+09   1.1805717151213638E+06   3.5167223034551004E-11   8.5105178444688044E-23   5.0097917754811060E+03
   1.0756770000000000E+09   1.1856474857034325E+06   3.4807401560817663E-11   8.4244401867840527E-23   5.0091973105302959E+03
   1.0776770000000000E+09   1.1907002258292197E+06   3.4452468938914875E-11   8.3395708465789709E-23   5.0085756028646201E+03
   1.0796770000000000E+09   1.1957301375167156E+06   3.4102344683577315E-11   8.2558879687984220E-23   5.0079275230746989E+03
   1.0816770000000000E+09   1.2007374200477179E+06   3.3756949938301534E-11   8.1733702030316429E-23   5.0072539262793343E+03
   1.0836770000000000E+09   1.2057222701089885E+06   3.3416207428355242E-11   8.0919966877418861E-23   5.0065556523169216E+03
   1.0856770000000000E+09   1.2106848819152706E+06   3.3080041416153747E-11   8.0117470352349542E-23   5.0058335259388778E+03
   1.0876770000000000E+09   1.2156254473124838E+06   3.2748377658836941E-11   7.9326013173202526E-23   5.0050883570046963E+03
   1.0896770000000000E+09   1.2205441558605838E+06   3.2421143367866829E-11   7.8545400516150483E-23   5.0043209406782189E+03
   1.0916770000000000E+09   1.2254411948959576E+06   3.2098267170492173E-11   7.7775441884493539E-23   5.0035320576246559E+03
   1.0936770000000000E+09   1.2303167495737998E+06   3.1779679072953247E-11   7.7015950983354290E-23   5.0027224742079497E+03
   1.0956770000000000E+09   1.2351710028917762E+06   3.1465310425309403E-11   7.6266745599686951E-23   5.0018929426879022E+03
   1.0976770000000000E+09   1.2400041356973406E+06   3.1155093887774542E-11   7.5527647487272415E-23   5.0010442014167375E+03
   1.0996770000000000E+09   1.2448163266820232E+06   3.0848963398439548E-11   7.4798482256361885E-23   5.0001769750345575E+03
   1.1016770000000000E+09   1.2496077523665631E+06   3.0546854142262290E-11   7.4079079267631690E-23   4.9992919746634834E+03
   1.1036770000000000E+09   1.2543785870807639E+06   3.0248702521215130E-11   7.3369271530137814E-23   4.9983898981002094E+03
   1.1056770000000000E+09   1.2591290029415202E+06   2.9954446125492700E-11   7.2668895602990074E-23   4.9974714300067644E+03
   1.1076770000000000E+09   1.2638591698315933E+06   2.9664023705705534E-11   7.1977791500519893E-23   4.9965372420995018E+03
   1.1096770000000000E+09   1.2685692553808212E+06   2.9377375145998247E-11   7.1295802600752062E-23   4.9955879933361421E+03
   1.1116770000000000E+09   1.2732594249504325E+06   2.9094441438050171E-11   7.0622775557036340E-23   4.9946243301008899E+03
   1.1136770000000000E+09   1.2779298416203598E+06   2.8815164655923236E-11   6.9958560212714869E-23   4.9936468863875352E+03
   1.1156770000000000E+09   1.2825806661788109E+06   2.8539487931729909E-11   6.9303009518720582E-23   4.9926562839805702E+03
   1.1176770000000000E+09   1.2872120571129641E+06   2.8267355432094700E-11   6.8655979454007910E-23   4.9916531326341774E+03
   1.1196770000000000E+09   1.2918241705994459E+06   2.7998712335384289E-11   6.8017328948719422E-23   4.9906380302491289E+03
   1.1216770000000000E+09   1.2964171604932509E+06   2.7733504809678838E-11   6.7386919809991052E-23   4.9896115630473851E+03
   1.1236770000000000E+09   1.3009911783137904E+06   2.7471679991459693E-11   6.6764616650301475E-23   4.9885743057445425E+03
   1.1256770000000000E+09   1.3055463732270750E+06   2.7213185964982562E-11   6.6150286818263914E-23   4.9875268217198063E+03
   1.1276770000000000E+09   1.3100828920232661E+06   2.6957971742308293E-11   6.5543800331761621E-23   4.9864696631835714E+03
   1.1296770000000000E+09   1.3146008790892188E+06   2.6705987243960259E-11   6.4945029813324655E-23   4.9854033713425133E+03
   1.1316770000000000E+09   1.3191004763760446E+06   2.6457183280176088E-11   6.4353850427643764E-23   4.9843284765620410E+03
   1.1336770000000000E+09   1.3235818233622140E+06   2.6211511532718582E-11   6.3770139821109277E-23   4.9832454985261402E+03
   1.1356770000000000E+09   1.3280450570131312E+06   2.5968924537209267E-11   6.3193778063261601E-23   4.9821549463945057E+03
   1.1376770000000000E+09   1.3324903117386743E+06   2.5729375665943277E-11   6.2624647590028809E-23   4.9810573189569568E+03
   1.1396770000000000E+09   1.3369177193506369E+06   2.5492819111141011E-11   6.2062633148620055E-23   4.9799531047850433E+03
   1.1416770000000000E+09   1.3413274090224900E+06   2.5259209868589549E-11   6.1507621743934992E-23   4.9788427823810580E+03
   1.1436770000000000E+09   1.3457195072543733E+06   2.5028503721620739E-11   6.0959502586341113E-23   4.9777268203242038E+03
   1.1456770000000000E+09   1.3500941378465132E+06   2.4800657225374714E-11   6.0418167040668649E-23   4.9766056774142626E+03
   1.1476770000000000E+09   1.3544514218847102E+06   2.4575627691291336E-11   5.9883508576262931E-23   4.9754798028127170E+03
   1.1496770000000000E+09   1.3587914777416512E+06   2.4353373171776359E-11   5.9355422717943381E-23   4.9743496361814632E+03
   1.1516770000000000E+09   1.3631144210979640E+06   2.4133852444989131E-11   5.8833806997716327E-23   4.9732156078194239E+03
   1.1536770000000000E+09   1.3674203649868642E+06   2.3917024999703525E-11   5.8318560907105019E-23   4.9720781387971292E+03
   1.1556770000000000E+09   1.3717094198660464E+06   2.3702851020200346E-11   5.7809585849973515E-23   4.9709376410895738E+03
   1.1576770000000000E+09   1.3759816937200723E+06   2.3491291371158309E-11   5.7306785095743849E-23   4.9697945177076226E+03
   1.1596770000000000E+09   1.3802372921958773E+06   2.3282307582523183E-11   5.6810063732936438E-23   4.9686491628283302E+03
   1.1616770000000000E+09   1.3844763187732296E+06   2.3075861834347171E-11   5.6319328622996303E-23   4.9675019619243858E+03
   1.1636770000000000E+09   1.3886988749709360E+06   2.2871916941606735E-11   5.5834488354405964E-23   4.9663532918930650E+03
   1.1656770000000000E+09   1.3929050605883712E+06   2.2670436339024702E-11   5.5355453197129345E-23   4.9652035211851271E+03
   1.1676770000000000E+09   1.3970949739804950E+06   2.2471384065939502E-11   5.4882135057476128E-23   4.9640530099338312E+03
   1.1696770000000000E+09   1.4012687123630554E+06   2.2274724751282227E-11   5.4414447433518193E-23   4.9629021100844893E+03
   1.1716770000000000E+09   1.4054263721430658E+06   2.2080423598739728E-11   5.3952305371234931E-23   4.9617511655248200E+03
   1.1736770000000000E+09   1.4095680492681519E+06   2.1888446372194753E-11   5.3495625421597489E-23   4.9606005122162815E+03
   1.1756770000000000E+09   1.4136938395869043E+06   2.1698759381546943E-11   5.3044325598833718E-23   4.9594504783266448E+03
   1.1776770000000000E+09   1.4178038392111759E+06   2.1511329469024687E-11   5.2598325340133573E-23   4.9583013843638400E+03
   1.1796770000000000E+09   1.4218981448703464E+06   2.1326123996099010E-11   5.2157545467059390E-23   4.9571535433110976E+03
   1.1816770000000000E+09   1.4259768542470322E+06   2.1143110831108279E-11   5.1721908148920110E-23   4.9560072607633711E+03
   1.1836770000000000E+09   1.4300400662836691E+06   2.0962258337690668E-11   5.1291336868343542E-23   4.9548628350647805E+03
   1.1856770000000000E+09   1.4340878814498130E+06   2.0783535364106633E-11   5.0865756389244133E-23   4.9537205574468935E+03
   1.1876770000000000E+09   1.4381204019609131E+06   2.0606911233512341E-11   5.0445092727334504E-23   4.9525807121674588E+03
   1.1896770000000000E+09   1.4421377319407398E+06   2.0432355735218637E-11   5.0029273123265036E-23   4.9514435766491661E+03
   1.1916770000000000E+09   1.4461399775214817E+06   2.0259839116942401E-11   4.9618226018408933E-23   4.9503094216179115E+03
   1.1936770000000000E+09   1.4501272468776710E+06   2.0089332078026549E-11   4.9211881033235563E-23   4.9491785112400285E+03
   1.1956770000000000E+09   1.4540996501924559E+06   1.9920805763576392E-11   4.8810168948143954E-23   4.9480511032580152E+03
   1.1976770000000000E+09   1.4580572995572621E+06   1.9754231759429873E-11   4.8413021686557576E-23   4.9469274491239203E+03
   1.1996770000000000E+09   1.4620003088081812E+06   1.9589582087858586E-11   4.8020372300024739E-23   4.9458077941301590E+03
   1.2016770000000000E+09   1.4659287933047775E+06   1.9426829203873786E-11   4.7632154955017753E-23   4.9446923775370014E+03
   1.2036770000000000E+09   1.4698428696588958E+06   1.9265945991999390E-11   4.7248304921089924E-23   4.9435814326963364E+03
   1.2056770000000000E+09   1.4737426554226773E+06   1.9106905763366019E-11   4.6868758560028202E-23   4.9424751871714561E+03
   1.2076770000000000E+09   1.4776282687462119E+06   1.8949682252977028E-11   4.6493453315633237E-23   4.9413738628523670E+03
   1.2096770000000000E+09   1.4814998280160164E+06   1.8794249617001962E-11   4.6122327703764509E-23   4.9402776760665874E+03
   1.2116770000000000E+09   1.4853574514858315E+06   1.8640582429961823E-11   4.5755321302310825E-23   4.9391868376853572E+03
   1.2136770000000000E+09   1.4892012569111816E+06   1.8488655681682051E-11   4.5392374740774731E-23   4.9381015532250349E+03
   1.2156770000000000E+09   1.4930313611985531E+06   1.8338444773908512E-11   4.5033429689201769E-23   4.9370220229440938E+03
   1.2176770000000000E+09   1.4968478800791523E+06   1.8189925516499755E-11   4.4678428846233890E-23   4.9359484419356077E+03
   1.2196770000000000E+09   1.5006509278158692E+06   1.8043074123132992E-11   4.4327315926120532E-23   4.9348810002156888E+03
   1.2216770000000000E+09   1.5044406169504644E+06   1.7897867206484373E-11   4.3980035644581234E-23   4.9338198828080012E+03
   1.2236770000000000E+09   1.5082170580960086E+06   1.7754281772871113E-11   4.3636533703475459E-23   4.9327652698249640E+03
   1.2256770000000000E+09   1.5119803597775709E+06   1.7612295216365850E-11   4.3296756774296425E-23   4.9317173365457766E+03
   1.2276770000000000E+09   1.5157306283218742E+06   1.7471885312420167E-11   4.2960652480565569E-23   4.9306762534920581E+03
   1.2296770000000000E+09   1.5194679677946346E+06   1.7333030211051234E-11   4.2628169379253702E-23   4.9296421865011134E+03
   1.2316770000000000E+09   1.5231924799822497E+06   1.7195708429666830E-11   4.2299256941399953E-23   4.9286152967977423E+03
   1.2336770000000000E+09   1.5269042644131107E+06   1.7059898845610125E-11   4.1973865532124479E-23   4.9275957410644896E+03
   1.2356770000000000E+09   1.5306034184125615E+06   1.6925580688516418E-11   4.1651946390250209E-23   4.9265836715111336E+03
   1.2376770000000000E+09   1.5342900371850564E+06   1.6792733532569095E-11   4.1333451607745664E-23   4.9255792359432817E+03
   1.2396770000000000E+09   1.5379642139168710E+06   1.6661337288740308E-11   4.1018334109192295E-23   4.9245825778304925E+03
   1.2416770000000000E+09   1.5416260398931017E+06   1.6531372197090535E-11   4.0706547631454733E-23   4.9235938363740852E+03
   1.2436770000000000E+09   1.5452756046232807E+06   1.6402818819189777E-11   4.0398046703707429E-23   4.9226131465744729E+03
   1.2456770000000000E+09   1.5489129959707381E+06   1.6275658030711273E-11   4.0092786627938119E-23   4.9216406392983454E+03
   1.2476770000000000E+09   1.5525383002817617E+06   1.6149871014234648E-11   3.9790723460019942E-23   4.9206764413453848E+03
   1.2496770000000000E+09   1.5561516025113293E+06   1.6025439252286910E-11   3.9491813991417620E-23   4.9197206755148600E+03
   1.2516770000000000E+09   1.5597529863430671E+06   1.5902344520637033E-11   3.9196015731568669E-23   4.9187734606716740E+03
   1.2536770000000000E+09   1.5633425343016032E+06   1.5780568881855623E-11   3.8903286890963550E-23   4.9178349118122287E+03
   1.2556770000000000E+09   1.5669203278561204E+06   1.5660094679141901E-11   3.8613586364932578E-23   4.9169051401296620E+03
   1.2576770000000000E+09   1.5704864475142953E+06   1.5540904530417810E-11   3.8326873718135050E-23   4.9159842530788328E+03
   1.2596770000000000E+09   1.5740409729062226E+06   1.5422981322683582E-11   3.8043109169738568E-23   4.9150723544406346E+03
   1.2616770000000000E+09   1.5775839828582052E+06   1.5306308206626455E-11   3.7762253579266597E-23   4.9141695443856988E+03
   1.2636770000000000E+09   1.5811155554564074E+06   1.5190868591474642E-11   3.7484268433092203E-23   4.9132759195376493E+03
   1.2656770000000000E+09   1.5846357681005984E+06   1.5076646140083848E-11   3.7209115831549014E-23   4.9123915730354720E+03
   1.2676770000000000E+09   1.5881446975480942E+06   1.4963624764247701E-11   3.6936758476634521E-23   4.9115165945952958E+03
   1.2696770000000000E+09   1.5916424199480477E+06   1.4851788620221116E-11   3.6667159660279264E-23   4.9106510705713627E+03
   1.2716770000000000E+09   1.5951290108661307E+06   1.4741122104447379E-11   3.6400283253158041E-23   4.9097950840161748E+03
   1.2736770000000000E+09   1.5986045452996022E+06   1.4631609849480375E-11   3.6136093694019270E-23   4.9089487147400296E+03
   1.2756770000000000E+09   1.6020690976828167E+06   1.4523236720091330E-11   3.5874555979508763E-23   4.9081120393694673E+03
   1.2776770000000000E+09   1.6055227418831957E+06   1.4415987809551443E-11   3.5615635654462645E-23   4.9072851314049867E+03
   1.2796770000000000E+09   1.6089655511877812E+06   1.4309848436079840E-11   3.5359298802643307E-23   4.9064680612779111E+03
   1.2816770000000000E+09   1.6123975982806236E+06   1.4204804139444724E-11   3.5105512037889086E-23   4.9056608964061315E+03
   1.2836770000000000E+09   1.6158189552112506E+06   1.4100840677707024E-11   3.4854242495648204E-23   4.9048637012490090E+03
   1.2856770000000000E+09   1.6192296933545948E+06   1.3997944024093662E-11   3.4605457824865632E-23   4.9040765373612021E+03
   1.2876770000000000E+09   1.6226298833626888E+06   1.3896100363989200E-11   3.4359126180193631E-23   4.9032994634454626E+03
   1.2896770000000000E+09   1.6260195951084490E+06   1.3795296092034329E-11   3.4115216214496678E-23   4.9025325354043507E+03
   1.2916770000000000E+09   1.6293988976217136E+06   1.3695517809321662E-11   3.3873697071625808E-23   4.9017758063909123E+03
   1.2936770000000000E+09   1.6327678590175195E+06   1.3596752320680575E-11   3.3634538379441654E-23   4.9010293268581790E+03
   1.2956770000000000E+09   1.6361265464163227E+06   1.3498986632046055E-11   3.3397710243072026E-23   4.9002931446076009E+03
   1.2976770000000000E+09   1.6394750258556211E+06   1.3402207947908810E-11   3.3163183238395230E-23   4.8995673048365315E+03
   1.2996770000000000E+09   1.6428133621923621E+06   1.3306403668844496E-11   3.2930928405743574E-23   4.8988518501846584E+03
   1.3016770000000000E+09   1.6461416189958320E+06   1.3211561389119105E-11   3.2700917243816488E-23   4.8981468207797179E+03
   1.3036770000000000E+09   1.6494598584318652E+06   1.3117668894359873E-11   3.2473121703775062E-23   4.8974522542826471E+03
   1.3056770000000000E+09   1.6527681411415746E+06   1.3024714159264991E-11   3.2247514183450528E-23   4.8967681859322365E+03
   1.3076770000000000E+09   1.6560665261216799E+06   1.2932685345300701E-11   3.2024067521536613E-23   4.8960946485895984E+03
   1.3096770000000000E+09   1.6593550706192066E+06   1.2841570798296664E-11   3.1802754991545297E-23   4.8954316727822716E+03
   1.3116770000000000E+09   1.6626338300603705E+06   1.2751359045806571E-11   3.1583550295197194E-23   4.8947792867476992E+03
   1.3136770000000000E+09   1.6659028580409931E+06   1.2662038794055879E-11   3.1366427554807799E-23   4.8941375164754727E+03
   1.3156770000000000E+09   1.6691622064117023E+06   1.2573598924267371E-11   3.1151361304156205E-23   4.8935063857472423E+03
   1.3176770000000000E+09   1.6724119254926855E+06   1.2486028488156863E-11   3.0938326477326760E-23   4.8928859161730716E+03
   1.3196770000000000E+09   1.6756520644463182E+06   1.2399316702448232E-11   3.0727298395153256E-23   4.8922761272231974E+03
   1.3216770000000000E+09   1.6788826718185365E+06   1.2313452942385785E-11   3.0518252749209600E-23   4.8916770362548568E+03
   1.3236770000000000E+09   1.6821037962298549E+06   1.2228426734429880E-11   3.0311165583796199E-23   4.8910886585354510E+03
   1.3256770000000000E+09   1.6853154871567385E+06   1.2144227748585124E-11   3.0106013277013010E-23   4.8905110072653724E+03
   1.3276770000000000E+09   1.6885177957004094E+06   1.2060845791083292E-11   2.9902772522671735E-23   4.8899440936065748E+03
   1.3296770000000000E+09   1.6917107752056234E+06   1.1978270798333585E-11   2.9701420315270335E-23   4.8893879267238899E+03
   1.3316770000000000E+09   1.6948944815815433E+06   1.1896492833071820E-11   2.9501933940305465E-23   4.8888425138458479E+03
   1.3336770000000000E+09   1.6980689732048598E+06   1.1815502083398308E-11   2.9304290971625028E-23   4.8883078603480317E+03
   1.3356770000000000E+09   1.7012343103578510E+06   1.1735288864871416E-11   2.9108469276270423E-23   4.8877839698549342E+03
   1.3376770000000000E+09   1.7043905542626865E+06   1.1655843625095365E-11   2.8914447025502602E-23   4.8872708443472475E+03
   1.3396770000000000E+09   1.7075377658918088E+06   1.1577156949495487E-11   2.8722202708893175E-23   4.8867684842544431E+03
   1.3416770000000000E+09   1.7106760048226053E+06   1.1499219566474889E-11   2.8531715147125109E-23   4.8862768885105015E+03
   1.3436770000000000E+09   1.7138053284211799E+06   1.1422022350149235E-11   2.8342963499101510E-23   4.8857960545580218E+03
   1.3456770000000000E+09   1.7169257915604683E+06   1.1345556319481850E-11   2.8155927260407398E-23   4.8853259783030308E+03
   1.3476770000000000E+09   1.7200374469131986E+06   1.1269812633771617E-11   2.7970586252852442E-23   4.8848666540439990E+03
   1.3496770000000000E+09   1.7231403456623792E+06   1.1194782585707240E-11   2.7786920607866697E-23   4.8844180744151372E+03
   1.3516770000000000E+09   1.7262345383209828E+06   1.1120457594073022E-11   2.7604910748695693E-23   4.8839802303847173E+03
   1.3536770000000000E+09   1.7293200753221130E+06   1.1046829198235398E-11   2.7424537376578147E-23   4.8835531113292909E+03
   1.3556770000000000E+09   1.7323970071582703E+06   1.0973889055653280E-11   2.7245781464096291E-23   4.8831367051692214E+03
   1.3576770000000000E+09   1.7354653840684413E+06   1.0901628942199258E-11   2.7068624255460622E-23   4.8827309985166894E+03
   1.3596770000000000E+09   1.7385252554887382E+06   1.0830040753764033E-11   2.6893047270276963E-23   4.8823359767753036E+03
   1.3616770000000000E+09   1.7415766695812794E+06   1.0759116507141049E-11   2.6719032306021234E-23   4.8819516241528117E+03
   1.3636770000000000E+09   1.7446196730802332E+06   1.0688848338823631E-11   2.6546561435747260E-23   4.8815779235969385E+03
   1.3656770000000000E+09   1.7476543114884759E+06   1.0619228501708727E-11   2.6375617000681895E-23   4.8812148567116283E+03
   1.3676770000000000E+09   1.7506806294505750E+06   1.0550249360941619E-11   2.6206181600386041E-23   4.8808624037245709E+03
   1.3696770000000000E+09   1.7536986710495413E+06   1.0481903390470867E-11   2.6038238084196308E-23   4.8805205435426324E+03
   1.3716770000000000E+09   1.7567084798703732E+06   1.0414183171146731E-11   2.5871769546171888E-23   4.8801892538702105E+03
   1.3736770000000000E+09   1.7597100988638292E+06   1.0347081389987519E-11   2.5706759322995158E-23   4.8798685113212068E+03
   1.3756770000000000E+09   1.7627035701830483E+06   1.0280590839476074E-11   2.5543190992325911E-23   4.8795582914620027E+03
   1.3776770000000000E+09   1.7656889351522138E+06   1.0214704415979035E-11   2.5381048369367269E-23   4.8792585687798646E+03
   1.3796770000000000E+09   1.7686662343860283E+06   1.0149415117313703E-11   2.5220315501413662E-23   4.8789693166295729E+03
   1.3816770000000000E+09   1.7716355079384726E+06   1.0084716040277653E-11   2.5060976662086253E-23   4.8786905072195823E+03
   1.3836770000000000E+09   1.7745967953312038E+06   1.0020600378956923E-11   2.4903016347277159E-23   4.8784221116407189E+03
   1.3856770000000000E+09   1.7775501353780325E+06   9.9570614240305665E-12   2.4746419273804446E-23   4.8781640998486710E+03
   1.3876770000000000E+09   1.7804955657152522E+06   9.8940925630523169E-12   2.4591170381654753E-23   4.8779164404149769E+03
   1.3896770000000000E+09   1.7834331216004556E+06   9.8316872830738197E-12   2.4437254844799272E-23   4.8776790997183534E+03
   1.3916770000000000E+09   1.7863628324417244E+06   9.7698391815972006E-12   2.4284658108696785E-23   4.8774520399037974E+03
   1.3936770000000000E+09   1.7892847117648646E+06   9.7085420034633726E-12   2.4133366005012919E-23   4.8772352141910533E+03
   1.3956770000000000E+09   1.7921987298102353E+06   9.6477897496521777E-12   2.3983365070079934E-23   4.8770285569354273E+03
   1.3976770000000000E+09   1.7951047434743298E+06   9.5875769698828108E-12   2.3834643361596196E-23   4.8768319648832949E+03
   1.3996770000000000E+09   1.7980023295108937E+06   9.5278994881327668E-12   2.3687192400679348E-23   4.8766452676716453E+03
   1.4016770000000000E+09   1.8008904187260617E+06   9.4687560510940787E-12   2.3541011419096272E-23   4.8764681951420307E+03
   1.4036770000000000E+09   1.8037665702736659E+06   9.4101517041198991E-12   2.3396115754901328E-23   4.8763003742065639E+03
   1.4056770000000000E+09   1.8066257072904564E+06   9.3521038475706415E-12   2.3252551414312994E-23   4.8761414304430955E+03
   1.4076770000000000E+09   1.8094582890629857E+06   9.2946512434968604E-12   2.3110415989243536E-23   4.8759913008024014E+03
   1.4096770000000000E+09   1.8122484273233868E+06   9.2378636080346360E-12   2.2969879929820578E-23   4.8758507922069584E+03
   1.4116770000000000E+09   1.8149734742193690E+06   9.1818441146082462E-12   2.2831190434135537E-23   4.8757221083264185E+03
   1.4136770000000000E+09   1.8176076541148974E+06   9.1267113838104227E-12   2.2694628364938658E-23   4.8756085268220795E+03
   1.4156770000000000E+09   1.8201318013361006E+06   9.0725497920944871E-12   2.2560394845818098E-23   4.8755122326087776E+03
   1.4176770000000000E+09   1.8225471027029166E+06   9.0193391021160101E-12   2.2428452551210557E-23   4.8754307404379060E+03
   1.4196770000000000E+09   1.8248837154474573E+06   8.9669129536608775E-12   2.2298427929519245E-23   4.8753555612233704E+03
   1.4216770000000000E+09   1.8271930602837799E+06   8.9150069389275088E-12   2.2169704413822083E-23   4.8752778187494987E+03
   1.4236770000000000E+09   1.8295254195348304E+06   8.8633836508335644E-12   2.2041687790531872E-23   4.8751983275644934E+03
   1.4256770000000000E+09   1.8319152747438096E+06   8.8119041578255911E-12   2.1913982195735811E-23   4.8751282680236172E+03
   1.4276770000000000E+09   1.8343936411708451E+06   8.7604387287433148E-12   2.1786248947707647E-23   4.8750714014324030E+03
   1.4296770000000000E+09   1.8370105758063414E+06   8.7087087801573242E-12   2.1657937508621027E-23   4.8749959360913444E+03
   1.4316770000000000E+09   1.8397771599152414E+06   8.6566140910991369E-12   2.1528952652782405E-23   4.8748666575623720E+03
   1.4336770000000000E+09   1.8431693674948579E+06   8.6000694543830485E-12   2.1393790785922921E-23   4.8736215331855010E+03
   1.4356770000000000E+09   1.8432490533303365E+06   8.5638409377214470E-12   2.1297983294339557E-23   4.8749222832994428E+03
   6.5767700000000000E+08  -5.1476040451044164E+03   1.7728903488629340E-15   1.0187107631571807E-25   8.3784397699791214E+02
   6.5967700000000000E+08  -5.5694496604139431E+03   3.5559271311046292E-15   1.9882533857866453E-25   8.6102010592807937E+02
   6.6167700000000000E+08  -6.0509097769519140E+03   7.1910601150639211E-15   3.9175982272762896E-25   8.8370069329410217E+02
   6.6367700000000000E+08  -6.3834154170831507E+03   1.5350566069121732E-14   8.1362186911854178E-25   9.0830970123424083E+02
   6.6567700000000000E+08  -6.1880101957972247E+03   3.5327381946029732E-14   1.8273046219785542E-24   9.3074920067701748E+02
   6.6767700000000000E+08  -5.3955719437953085E+03   8.1760842361831183E-14   4.1452234897325549E-24   9.4957566780235425E+02
   6.6967700000000000E+08  -4.3917132970709245E+03   1.7292713980443852E-13   8.5748962278717368E-24   9.7088201526980720E+02
   6.7167700000000000E+08  -3.3992280872251486E+03   3.2044008085378154E-13   1.5433564941556829E-23   9.9956893341701834E+02
   6.7367700000000000E+08  -2.3975953238614911E+03   5.2213306597230819E-13   2.4209418618696821E-23   1.0383147131252176E+03
   6.7567700000000000E+08  -1.2292120171357199E+03   7.6438394507444215E-13   3.3727739027491280E-23   1.0910797580712263E+03
   6.7767700000000000E+08   2.1047668186650594E+02   1.0298854003134067E-12   4.2567646256853978E-23   1.1647733772756194E+03
   6.7967700000000000E+08   1.8717205314645503E+03   1.3025132694766129E-12   4.9601721723208685E-23   1.2642052098605313E+03
   6.8167700000000000E+08   3.6434351544181259E+03   1.5681712016631295E-12   5.4415810305315931E-23   1.3873963394923849E+03
   6.8367700000000000E+08   5.4733724356526736E+03   1.8153856772573566E-12   5.7303937356261335E-23   1.5251642336994096E+03
   6.8567700000000000E+08   7.4032176716186241E+03   2.0372784442209381E-12   5.8833023184573443E-23   1.6670990169011561E+03
   6.8767700000000000E+08   9.4930087474016764E+03   2.2320105007650045E-12   5.9544348158013758E-23   1.8046286962208089E+03
   6.8967700000000000E+08   1.1775147519802178E+04   2.3986487768729293E-12   5.9720773748032134E-23   1.9336301354486932E+03
   6.9167700000000000E+08   1.4239874048382830E+04   2.5382824855689919E-12   5.9533451624361535E-23   2.0526318395111980E+03
   6.9367700000000000E+08   1.6862632122617189E+04   2.6531495943552291E-12   5.9094001628153088E-23   2.1614764537367141E+03
   6.9567700000000000E+08   1.9614722637282168E+04   2.7458673700975768E-12   5.8474564979059185E-23   2.2607093347702153E+03
   6.9767700000000000E+08   2.2466608354714561E+04   2.8190249153738285E-12   5.7723101830151067E-23   2.3511558865872457E+03
   6.9967700000000000E+08   2.5389831091278040E+04   2.8749883179884398E-12   5.6872301671368248E-23   2.4337022876326873E+03
   7.0167700000000000E+08   2.8357157045925134E+04   2.9158329081757112E-12   5.5944924495533921E-23   2.5091932578412579E+03
   7.0367700000000000E+08   3.1342461442115324E+04   2.9433394558459830E-12   5.4957096566447971E-23   2.5783907984214716E+03
   7.0567700000000000E+08   3.4320668753834369E+04   2.9590215289127611E-12   5.3920451027623214E-23   2.6419632944870827E+03
   7.0767700000000000E+08   3.7267836730618837E+04   2.9641653345105778E-12   5.2843580944372233E-23   2.7004886414156235E+03
   7.0967700000000000E+08   4.0161377160083495E+04   2.9598718491353291E-12   5.1733056149055067E-23   2.7544630052557613E+03
   7.1167700000000000E+08   4.2980372353839593E+04   2.9470961522590711E-12   5.0594147472407129E-23   2.8043111191885114E+03
   7.1367700000000000E+08   4.5705958803908048E+04   2.9266818566271486E-12   4.9431346143681151E-23   2.8503963192376032E+03
   7.1567700000000000E+08   4.8321764339940302E+04   2.8993902768835108E-12   4.8248737140674284E-23   2.8930297415504515E+03
   7.1767700000000000E+08   5.0814391264005069E+04   2.8659248108758853E-12   4.7050267376328808E-23   2.9324787070255006E+03
   7.1967700000000000E+08   5.3173925974482961E+04   2.8269511529460583E-12   4.5839935852764289E-23   2.9689745442201893E+03
   7.2167700000000000E+08   5.5394428219437759E+04   2.7831136151170705E-12   4.4621920548918991E-23   3.0027200797187029E+03
   7.2367700000000000E+08   5.7474321122491499E+04   2.7350472785378521E-12   4.3400646339810355E-23   3.0338968542027546E+03
   7.2567700000000000E+08   5.9416583293018834E+04   2.6833852643724110E-12   4.2180791794848448E-23   3.0626718978145732E+03
   7.2767700000000000E+08   6.1228651922679208E+04   2.6287603902999297E-12   4.0967232332178001E-23   3.0892037139672607E+03
   7.2967700000000000E+08   6.2921986217199577E+04   2.5718009849138252E-12   3.9764923200290069E-23   3.1136470495368708E+03
   7.3167700000000000E+08   6.4511304784965054E+04   2.5131215396064164E-12   3.8578735794709351E-23   3.1361561009221559E+03
   7.3367700000000000E+08   6.6013578142845814E+04   2.4533098538797361E-12   3.7413270623970923E-23   3.1568859969141581E+03
   7.3567700000000000E+08   6.7446905661716912E+04   2.3929129945604173E-12   3.6272675498575139E-23   3.1759926474253875E+03
   7.3767700000000000E+08   6.8829420738214991E+04   2.3324244942560429E-12   3.5160495900581392E-23   3.1936312757298647E+03
   7.3967700000000000E+08   7.0178348069470347E+04   2.2722747474192638E-12   3.4079576593384945E-23   3.2099541008759984E+03
   7.4167700000000000E+08   7.1509293640458491E+04   2.2128257218376521E-12   3.3032022253403329E-23   3.2251076799340667E+03
   7.4367700000000000E+08   7.2835797390431180E+04   2.1543701793517689E-12   3.2019213861614376E-23   3.2392303652897390E+03
   7.4567700000000000E+08   7.4169134467947370E+04   2.0971348430424772E-12   3.1041869553335733E-23   3.2524502125555405E+03
   7.4767700000000000E+08   7.5518321468191076E+04   2.0412864930419757E-12   3.0100134743671866E-23   3.2648835298831050E+03
   7.4967700000000000E+08   7.6890270639034963E+04   1.9869398296909755E-12   2.9193686275228806E-23   3.2766341239851358E+03
   7.5167700000000000E+08   7.8290034868887305E+04   1.9341660380219758E-12   2.8321837852833021E-23   3.2877931937674234E+03
   7.5367700000000000E+08   7.9721094564731931E+04   1.8830012183633537E-12   2.7483637731217517E-23   3.2984397572193707E+03
   7.5567700000000000E+08   8.1185649637625436E+04   1.8334541211275370E-12   2.6677953376030989E-23   3.3086414686589874E+03
   7.5767700000000000E+08   8.2684892248810400E+04   1.7855128757871504E-12   2.5903540945961013E-23   3.3184556831445616E+03
   7.5967700000000000E+08   8.4219246672318564E+04   1.7391506022603072E-12   2.5159099678792328E-23   3.3279306425972363E+03
   7.6167700000000000E+08   8.5788570746300335E+04   1.6943299292412715E-12   2.4443312627091006E-23   3.3371066846447525E+03
   7.6367700000000000E+08   8.7392318877512356E+04   1.6510065247827529E-12   2.3754875847385057E-23   3.3460174034485599E+03
   7.6567700000000000E+08   8.9029669829674356E+04   1.6091317823561330E-12   2.3092518311009189E-23   3.3546907174517683E+03
   7.6767700000000000E+08   9.0699624121604676E+04   1.5686548142688819E-12   2.2455014668046434E-23   3.3631498199278722E+03
   7.6967700000000000E+08   9.2401076325985312E+04   1.5295238953395979E-12   2.1841192706904247E-23   3.3714140038427686E+03
   7.7167700000000000E+08   9.4132867339812132E+04   1.4916874818181679E-12   2.1249937012107946E-23   3.3794993632471183E+03
   7.7367700000000000E+08   9.5893821120665001E+04   1.4550949095167045E-12   2.0680189992403434E-23   3.3874193800382868E+03
   7.7567700000000000E+08   9.7682769667744229E+04   1.4196968544820724E-12   2.0130951160993317E-23   3.3951854084490078E+03
   7.7767700000000000E+08   9.9498569305788216E+04   1.3854456211087920E-12   1.9601275310956221E-23   3.4028070709463959E+03
   7.7967700000000000E+08   1.0134011067432955E+05   1.3522953070803731E-12   1.9090270041505862E-23   3.4102925791204361E+03
   7.8167700000000000E+08   1.0320632426462318E+05   1.3202018820075747E-12   1.8597092948942379E-23   3.4176489921860471E+03
   7.8367700000000000E+08   1.0509618288815941E+05   1.2891232068339749E-12   1.8120948691988842E-23   3.4248824243333429E+03
   7.8567700000000000E+08   1.0700870209704638E+05   1.2590190135915537E-12   1.7661086066638347E-23   3.4319982106152152E+03
   7.8767700000000000E+08   1.0894293929491333E+05   1.2298508594764819E-12   1.7216795173519635E-23   3.4390010395332383E+03
   7.8967700000000000E+08   1.1089799206312498E+05   1.2015820650737923E-12   1.6787404725192428E-23   3.4458950590710001E+03
   7.9167700000000000E+08   1.1287299606729671E+05   1.1741776435457490E-12   1.6372279517080735E-23   3.4526839616755315E+03
   7.9367700000000000E+08   1.1486712279151875E+05   1.1476042254312639E-12   1.5970818070411581E-23   3.4593710526175519E+03
   7.9567700000000000E+08   1.1687957726234665E+05   1.1218299821638408E-12   1.5582450445976986E-23   3.4659593052654095E+03
   7.9767700000000000E+08   1.1890959586374339E+05   1.0968245503321437E-12   1.5206636221882293E-23   3.4724514060706142E+03
   7.9967700000000000E+08   1.2095644430122511E+05   1.0725589579558916E-12   1.4842862625401200E-23   3.4788497914652953E+03
   8.0167700000000000E+08   1.2301941574402989E+05   1.0490055535338160E-12   1.4490642807677377E-23   3.4851566783928347E+03
   8.0367700000000000E+08   1.2509782915428613E+05   1.0261379382723610E-12   1.4149514249689136E-23   3.4913740898124115E+03
   8.0567700000000000E+08   1.2719102779937100E+05   1.0039309016724561E-12   1.3819037288187790E-23   3.4975038762185950E+03
   8.0767700000000000E+08   1.2929837793572535E+05   9.8236036050200710E-13   1.3498793750968152E-23   3.5035477339825202E+03
   8.0967700000000000E+08   1.3141926764792539E+05   9.6140330108738406E-13   1.3188385691638743E-23   3.5095072211388679E+03
   8.1167700000000000E+08   1.3355310582459328E+05   9.4103772480128853E-13   1.2887434214936742E-23   3.5153837711013744E+03
   8.1367700000000000E+08   1.3569932125230646E+05   9.2124259659169428E-13   1.2595578384470817E-23   3.5211787046809104E+03
   8.1567700000000000E+08   1.3785736180884929E+05   9.0199779638248103E-13   1.2312474205596682E-23   3.5268932406963240E+03
   8.1767700000000000E+08   1.4002669373831991E+05   8.8328407317096814E-13   1.2037793676859265E-23   3.5325285054040992E+03
   8.1967700000000000E+08   1.4220680099191578E+05   8.6508300164953496E-13   1.1771223904103327E-23   3.5380855409240412E+03
   8.2167700000000000E+08   1.4439718461977321E+05   8.4737694118464950E-13   1.1512466271955043E-23   3.5435653128006284E+03
   8.2367700000000000E+08   1.4659736220092938E+05   8.3014899699509111E-13   1.1261235667911531E-23   3.5489687168113433E+03
   8.2567700000000000E+08   1.4880686730027242E+05   8.1338298338094188E-13   1.1017259754752161E-23   3.5542965851118170E+03
   8.2767700000000000E+08   1.5102524894303878E+05   7.9706338886645812E-13   1.0780278287427247E-23   3.5595496917912192E+03
   8.2967700000000000E+08   1.5325207109929572E+05   7.8117534313143818E-13   1.0550042470972748E-23   3.5647287578992737E+03
   8.3167700000000000E+08   1.5548691217261189E+05   7.6570458561815985E-13   1.0326314356368632E-23   3.5698344559971042E+03
   8.3367700000000000E+08   1.5772936448899665E+05   7.5063743571309859E-13   1.0108866271592158E-23   3.5748674142774967E+03
   8.3567700000000000E+08   1.5997903378387785E+05   7.3596076441531607E-13   9.8974802854334691E-24   3.5798282202953437E+03
   8.3767700000000000E+08   1.6223553868662092E+05   7.2166196741517061E-13   9.6919477019248187E-24   3.5847174243454097E+03
   8.3967700000000000E+08   1.6449851020362732E+05   7.0772893951813444E-13   9.4920685834926484E-24   3.5895355425222015E+03
   8.4167700000000000E+08   1.6676759120234018E+05   6.9415005035887790E-13   9.2976513011765758E-24   3.5942830594947104E+03
   8.4367700000000000E+08   1.6904243589966730E+05   6.8091412135887376E-13   9.1085121104517251E-24   3.5989604310273489E+03
   8.4567700000000000E+08   1.7132270935898166E+05   6.6801040388809181E-13   8.9244747513636673E-24   3.6035680862770664E+03
   8.4767700000000000E+08   1.7360808700041164E+05   6.5542855859570382E-13   8.7453700718108247E-24   3.6081064298952278E+03
   8.4967700000000000E+08   1.7589825412921910E+05   6.4315863587739433E-13   8.5710356729059524E-24   3.6125758439613592E+03
   8.5167700000000000E+08   1.7819290548669614E+05   6.3119105744782736E-13   8.4013155754171797E-24   3.6169766897740305E+03
   8.5367700000000000E+08   1.8049174482765244E+05   6.1951659898480142E-13   8.2360599063138454E-24   3.6213093095220743E+03
   8.5567700000000000E+08   1.8279448452750623E+05   6.0812637380949271E-13   8.0751246044619152E-24   3.6255740278569619E+03
   8.5767700000000000E+08   1.8510084522121525E+05   5.9701181756237204E-13   7.9183711444945062E-24   3.6297711533844313E+03
   8.5967700000000000E+08   1.8741055547505716E+05   5.8616467382986505E-13   7.7656662778645580E-24   3.6339009800906347E+03
   8.6167700000000000E+08   1.8972335149112408E+05   5.7557698067188227E-13   7.6168817900597987E-24   3.6379637887150852E+03
   8.6367700000000000E+08   1.9203897684337469E+05   5.6524105799547905E-13   7.4718942729314768E-24   3.6419598480796376E+03
   8.6567700000000000E+08   1.9435718224314399E+05   5.5514949571597751E-13   7.3305849110691601E-24   3.6458894163799146E+03
   8.6767700000000000E+08   1.9667772533114304E+05   5.4529514264432946E-13   7.1928392811501850E-24   3.6497527424428463E+03
   8.6967700000000000E+08   1.9900037049257141E+05   5.3567109603780437E-13   7.0585471631969078E-24   3.6535500669516955E+03
   8.7167700000000000E+08   2.0132488869153464E+05   5.2627069175151168E-13   6.9276023627048015E-24   3.6572816236378794E+03
   8.7367700000000000E+08   2.0365105732098842E+05   5.1708749492967834E-13   6.7999025426441822E-24   3.6609476404374363E+03
   8.7567700000000000E+08   2.0597866006431007E+05   5.0811529117936799E-13   6.6753490644068485E-24   3.6645483406087365E+03
   8.7767700000000000E+08   2.0830748676522778E+05   4.9934807817296677E-13   6.5538468368325098E-24   3.6680839438074959E+03
   8.7967700000000000E+08   2.1063733330298169E+05   4.9078005763181328E-13   6.4353041725434227E-24   3.6715546671148145E+03
   8.8167700000000000E+08   2.1296800147028171E+05   4.8240562764900942E-13   6.3196326509014949E-24   3.6749607260140838E+03
   8.8367700000000000E+08   2.1529929885208694E+05   4.7421937531613346E-13   6.2067469869997340E-24   3.6783023353130015E+03
   8.8567700000000000E+08   2.1763103870417117E+05   4.6621606962437551E-13   6.0965649061840899E-24   3.6815797100076438E+03
   8.8767700000000000E+08   2.1996303983136837E+05   4.5839065461655053E-13   5.9890070236864546E-24   3.6847930660864454E+03
   8.8967700000000000E+08   2.2229512646747686E+05   4.5073824277057125E-13   5.8839967290091947E-24   3.6879426212731928E+03
   8.9167700000000000E+08   2.2462712816322732E+05   4.4325410859656388E-13   5.7814600747263988E-24   3.6910285957102519E+03
   8.9367700000000000E+08   2.2695887969875336E+05   4.3593368242618030E-13   5.6813256693214538E-24   3.6940512125867203E+03
   8.9567700000000000E+08   2.2929022105921985E+05   4.2877254435913840E-13   5.5835245735008451E-24   3.6970106987237214E+03
   8.9767700000000000E+08   2.3162099755863435E+05   4.2176641829994638E-13   5.4879901989939298E-24   3.6999072851443220E+03
   8.9967700000000000E+08   2.3395106028396406E+05   4.1491116595712550E-13   5.3946582080297683E-24   3.7027412076864639E+03
   9.0167700000000000E+08   2.3628026717505266E+05   4.0820278057988365E-13   5.3034664103588644E-24   3.7055127077751490E+03
   9.0367700000000000E+08   2.3860848524285411E+05   4.0163738008920791E-13   5.2143546530602448E-24   3.7082220335673214E+03
   9.0567700000000000E+08   2.4093559456295535E+05   3.9521119919884804E-13   5.1272646974499069E-24   3.7108694418211039E+03
   9.0767700000000000E+08   2.4326149449360205E+05   3.8892058031458722E-13   5.0421400798024537E-24   3.7134552009835352E+03
   9.0967700000000000E+08   2.4558611156016946E+05   3.8276196378556146E-13   4.9589259628274437E-24   3.7159795960182332E+03
   9.1167700000000000E+08   2.4790940604528534E+05   3.7673187981036427E-13   4.8775690076934859E-24   3.7184429351630311E+03
   9.1367700000000000E+08   2.5023137051829544E+05   3.7082694686895548E-13   4.7980173307959229E-24   3.7208455577846921E+03
   9.1567700000000000E+08   2.5255201014623084E+05   3.6504388355888146E-13   4.7202206373686853E-24   3.7231878405879634E+03
   9.1767700000000000E+08   2.5487129642575368E+05   3.5937953881609329E-13   4.6441306015695763E-24   3.7254701970867031E+03
   9.1967700000000000E+08   2.5718909929092674E+05   3.5383093551958790E-13   4.5697014340891747E-24   3.7276930641300914E+03
   9.2167700000000000E+08   2.5950512876868650E+05   3.4839530404850734E-13   4.4968903364056682E-24   3.7298568722079540E+03
   9.2367700000000000E+08   2.6181894090676936E+05   3.4307006655725977E-13   4.4256573273241228E-24   3.7319620052909595E+03
   9.2567700000000000E+08   2.6413005194560287E+05   3.3785274157902297E-13   4.3559640301507394E-24   3.7340087684464888E+03
   9.2767700000000000E+08   2.6643813012481807E+05   3.3274079385930261E-13   4.2877717185659625E-24   3.7359973875921110E+03
   9.2967700000000000E+08   2.6874313556679856E+05   3.2773152296097427E-13   4.2210398196969633E-24   3.7379280527357355E+03
   9.3167700000000000E+08   2.7104527560308541E+05   3.2282210048941277E-13   4.1557263141116628E-24   3.7398009843834684E+03
   9.3367700000000000E+08   2.7334476637427328E+05   3.1800979218514165E-13   4.0917905441130072E-24   3.7416164778456059E+03
   9.3567700000000000E+08   2.7564158342968294E+05   3.1329217108808877E-13   4.0291959648938691E-24   3.7433748903028777E+03
   9.3767700000000000E+08   2.7793547783885646E+05   3.0866702329295850E-13   3.9679089809360728E-24   3.7450765846642266E+03
   9.3967700000000000E+08   2.8022627453458827E+05   3.0413210591395040E-13   3.9078958627076745E-24   3.7467218916782972E+03
   9.4167700000000000E+08   2.8251406819040410E+05   2.9968533020976761E-13   3.8491250682781764E-24   3.7483111312284814E+03
   9.4367700000000000E+08   2.8479904460722324E+05   2.9532530749158798E-13   3.7915741966832884E-24   3.7498446557263183E+03
   9.4567700000000000E+08   2.8708111392188270E+05   2.9105138477148704E-13   3.7352304232027774E-24   3.7513228510222157E+03
   9.4767700000000000E+08   2.8935967776068766E+05   2.8686271941522942E-13   3.6800786626922992E-24   3.7527460808350124E+03
   9.4967700000000000E+08   2.9163362213757134E+05   2.8275697927915124E-13   3.6260849724657856E-24   3.7541146112176621E+03
   9.5167700000000000E+08   2.9390196361268999E+05   2.7872985207904186E-13   3.5731903425986570E-24   3.7554285504439545E+03
   9.5367700000000000E+08   2.9616571422353090E+05   2.7477691384502264E-13   3.5213346253436734E-24   3.7566878924308826E+03
   9.5567700000000000E+08   2.9842642694882199E+05   2.7089605280265602E-13   3.4704872391345290E-24   3.7578928782798580E+03
   9.5767700000000000E+08   3.0068417190238147E+05   2.6708655412082928E-13   3.4206353668666629E-24   3.7590440427863937E+03
   9.5967700000000000E+08   3.0293872784391278E+05   2.6334740082276264E-13   3.3717624536814244E-24   3.7601419201285012E+03
   9.6167700000000000E+08   3.0518994157083030E+05   2.5967728962716614E-13   3.3238484357145901E-24   3.7611870166402923E+03
   9.6367700000000000E+08   3.0743770900146215E+05   2.5607479662913993E-13   3.2768718482651032E-24   3.7621798236185136E+03
   9.6567700000000000E+08   3.0968195611397142E+05   2.5253845839295054E-13   3.2308108536580948E-24   3.7631208247053860E+03
   9.6767700000000000E+08   3.1192262743637839E+05   2.4906680776112023E-13   3.1856436906852373E-24   3.7640105010560042E+03
   9.6967700000000000E+08   3.1415967672079045E+05   2.4565839289100814E-13   3.1413489111799319E-24   3.7648493342984593E+03
   9.7167700000000000E+08   3.1639305717772362E+05   2.4231179115160409E-13   3.0979055523542880E-24   3.7656378076884707E+03
   9.7367700000000000E+08   3.1862271176489966E+05   2.3902562055713401E-13   3.0552932790538800E-24   3.7663764055244642E+03
   9.7567700000000000E+08   3.2084856504599890E+05   2.3579854809724370E-13   3.0134924875311071E-24   3.7670656110248242E+03
   9.7767700000000000E+08   3.2307051909114397E+05   2.3262929312894507E-13   2.9724843469112993E-24   3.7677059031097883E+03
   9.7967700000000000E+08   3.2528845601484919E+05   2.2951662428267526E-13   2.9322507579867807E-24   3.7682977528764713E+03
   9.8167700000000000E+08   3.2750224749610212E+05   2.2645935037843678E-13   2.8927742349182842E-24   3.7688416208591480E+03
   9.8367700000000000E+08   3.2971176826178801E+05   2.2345630840590195E-13   2.8540377482233152E-24   3.7693379560684934E+03
   9.8567700000000000E+08   3.3191690885961498E+05   2.2050635266274155E-13   2.8160245811754040E-24   3.7697871972062535E+03
   9.8767700000000000E+08   3.3411758394331299E+05   2.1760834811793217E-13   2.7787182391354659E-24   3.7701897757007855E+03
   9.8967700000000000E+08   3.3631373447702563E+05   2.1476116901591643E-13   2.7421024254557722E-24   3.7705461197023938E+03
   9.9167700000000000E+08   3.3850532449636253E+05   2.1196370175383055E-13   2.7061610722952980E-24   3.7708566580543284E+03
   9.9367700000000000E+08   3.4069233468499302E+05   2.0921484969922160E-13   2.6708783970675474E-24   3.7711218234620478E+03
   9.9567700000000000E+08   3.4287475555675081E+05   2.0651353722151331E-13   2.6362389498987325E-24   3.7713420544948508E+03
   9.9767700000000000E+08   3.4505258279204211E+05   2.0385871069104816E-13   2.6022276232778636E-24   3.7715177965324856E+03
   9.9967700000000000E+08   3.4722582105925650E+05   2.0124933229692966E-13   2.5688295699343903E-24   3.7716495030599503E+03
   1.0016770000000000E+09   3.4939462534979108E+05   1.9868427581344079E-13   2.5360288614522372E-24   3.7717376486851285E+03
   1.0036770000000000E+09   3.5156159556798975E+05   1.9616069292378439E-13   2.5037876281599938E-24   3.7717827388430142E+03
   1.0056770000000000E+09   3.5373560709346610E+05   1.9367142742621175E-13   2.4720128930144432E-24   3.7717855538640538E+03
   1.0076770000000000E+09   3.5592261373203294E+05   1.9121172407020730E-13   2.4406415704802010E-24   3.7717481331007757E+03
   1.0096770000000000E+09   3.5811847925749613E+05   1.8878482787536111E-13   2.4097122949932778E-24   3.7716732846905329E+03
   1.0116770000000000E+09   3.6031477230539900E+05   1.8639816751689466E-13   2.3793177207260386E-24   3.7715630316800857E+03
   1.0136770000000000E+09   3.6248132790548581E+05   1.8406517019650431E-13   2.3496277858155902E-24   3.7714184232593302E+03
   1.0156770000000000E+09   3.6462888282417681E+05   1.8177998758179294E-13   2.3205677857713254E-24   3.7712383470071272E+03
   1.0176770000000000E+09   3.6676804753893078E+05   1.7953483328799105E-13   2.2920385955621621E-24   3.7710211414762070E+03
   1.0196770000000000E+09   3.6890115365524881E+05   1.7732741319009172E-13   2.2640100636979924E-24   3.7707669906350466E+03
   1.0216770000000000E+09   3.7102885679442500E+05   1.7515656923832507E-13   2.2364665455249786E-24   3.7704761230073173E+03
   1.0236770000000000E+09   3.7315136858130386E+05   1.7302147091726210E-13   2.2093965372708352E-24   3.7701488901876619E+03
   1.0256770000000000E+09   3.7526874816787511E+05   1.7092139151254828E-13   2.1827898723480964E-24   3.7697856822032677E+03
   1.0276770000000000E+09   3.7738100159112847E+05   1.6885563131628275E-13   2.1566367552121607E-24   3.7693869027218084E+03
   1.0296770000000000E+09   3.7948812627551734E+05   1.6682349087942613E-13   2.1309274233392794E-24   3.7689529612690303E+03
   1.0316770000000000E+09   3.8159013073582423E+05   1.6482426447931983E-13   2.1056520634436050E-24   3.7684842717015390E+03
   1.0336770000000000E+09   3.8368704477139388E+05   1.6285724020679027E-13   2.0808008108380493E-24   3.7679812530728400E+03
   1.0356770000000000E+09   3.8577893274954293E+05   1.6092169801337287E-13   2.0563637222160545E-24   3.7674443315116664E+03
   1.0376770000000000E+09   3.8786591579364013E+05   1.5901690208185605E-13   2.0323306752627493E-24   3.7668739433472838E+03
   1.0396770000000000E+09   3.8994819554355665E+05   1.5714209182403944E-13   2.0086912495775493E-24   3.7662705404143089E+03
   1.0416770000000000E+09   3.9202606065537292E+05   1.5529648211503126E-13   1.9854347245462950E-24   3.7656345976284729E+03
   1.0436770000000000E+09   3.9409985856540722E+05   1.5347928186198896E-13   1.9625503117472070E-24   3.7649666208430804E+03
   1.0456770000000000E+09   3.9616993134605524E+05   1.5168973033247212E-13   1.9400276167776563E-24   3.7642671512321758E+03
   1.0476770000000000E+09   3.9823653508296557E+05   1.4992713953813359E-13   1.9178571827981803E-24   3.7635367626295056E+03
   1.0496770000000000E+09   4.0029977281176293E+05   1.4819092626312431E-13   1.8960309063283964E-24   3.7627760506369541E+03
   1.0516770000000000E+09   4.0235956534207769E+05   1.4648062173911087E-13   1.8745421702994952E-24   3.7619856155743560E+03
   1.0536770000000000E+09   4.0441566730311682E+05   1.4479585688941857E-13   1.8533856650226035E-24   3.7611660436542156E+03
   1.0556770000000000E+09   4.0646771817748167E+05   1.4313633034190403E-13   1.8325569864408322E-24   3.7603178910850515E+03
   1.0576770000000000E+09   4.0851530836385390E+05   1.4150177078004863E-13   1.8120521580140663E-24   3.7594416743291281E+03
   1.0596770000000000E+09   4.1055804052108660E+05   1.3989190410871112E-13   1.7918672100358297E-24   3.7585378674686585E+03
   1.0616770000000000E+09   4.1259557341205241E+05   1.3830643152418488E-13   1.7719978951976183E-24   3.7576069056370297E+03
   1.0636770000000000E+09   4.1462764422800357E+05   1.3674501970611017E-13   1.7524395574125986E-24   3.7566491923587164E+03
   1.0656770000000000E+09   4.1665407216833200E+05   1.3520730089663735E-13   1.7331871266992401E-24   3.7556651084717741E+03
   1.0676770000000000E+09   4.1867474941231159E+05   1.3369287917000384E-13   1.7142351938297921E-24   3.7546550207816631E+03
   1.0696770000000000E+09   4.2068962595256424E+05   1.3220133932824919E-13   1.6955781196654024E-24   3.7536192893239904E+03
   1.0716770000000000E+09   4.2269869331234304E+05   1.3073225583136674E-13   1.6772101461428152E-24   3.7525582727954647E+03
   1.0736770000000000E+09   4.2470197017315595E+05   1.2928520031706908E-13   1.6591254902982389E-24   3.7514723321950514E+03
   1.0756770000000000E+09   4.2669949119214981E+05   1.2785974719666196E-13   1.6413184145169963E-24   3.7503618329773662E+03
   1.0776770000000000E+09   4.2869129911251401E+05   1.2645547740035481E-13   1.6237832736920418E-24   3.7492271461037813E+03
   1.0796770000000000E+09   4.3067743966016179E+05   1.2507198062228619E-13   1.6065145435565186E-24   3.7480686483526965E+03
   1.0816770000000000E+09   4.3265795852209191E+05   1.2370885648139232E-13   1.5895068353544260E-24   3.7468867221772211E+03
   1.0836770000000000E+09   4.3463289974050858E+05   1.2236571496746587E-13   1.5727549014683419E-24   3.7456817553162527E+03
   1.0856770000000000E+09   4.3660230499465973E+05   1.2104217645391578E-13   1.5562536355413304E-24   3.7444541402933301E+03
   1.0876770000000000E+09   4.3856621339641709E+05   1.1973787147040123E-13   1.5399980695290743E-24   3.7432042738839127E+03
   1.0896770000000000E+09   4.4052466155678226E+05   1.1845244035712940E-13   1.5239833692233727E-24   3.7419325565951913E+03
   1.0916770000000000E+09   4.4247768377691659E+05   1.1718553287199783E-13   1.5082048291512733E-24   3.7406393921796471E+03
   1.0936770000000000E+09   4.4442531228176382E+05   1.1593680778907781E-13   1.4926578673415682E-24   3.7393251871903217E+03
   1.0956770000000000E+09   4.4636757745415001E+05   1.1470593250750618E-13   1.4773380202044257E-24   3.7379903505786879E+03
   1.0976770000000000E+09   4.4830450805022242E+05   1.1349258267918927E-13   1.4622409376345179E-24   3.7366352933325993E+03
   1.0996770000000000E+09   4.5023613138942909E+05   1.1229644185835477E-13   1.4473623783795409E-24   3.7352604281504437E+03
   1.1016770000000000E+09   4.5216247351831506E+05   1.1111720117357019E-13   1.4326982056848848E-24   3.7338661691474540E+03
   1.1036770000000000E+09   4.5408355935007293E+05   1.0995455902186305E-13   1.4182443832123944E-24   3.7324529315902018E+03
   1.1056770000000000E+09   4.5599941278276907E+05   1.0880822078421301E-13   1.4039969712261173E-24   3.7310211316558389E+03
   1.1076770000000000E+09   4.5791005679909355E+05   1.0767789856159892E-13   1.3899521230365435E-24   3.7295711862130211E+03
   1.1096770000000000E+09   4.5981551355040557E+05   1.0656331093061681E-13   1.3761060816924206E-24   3.7281035126218799E+03
   1.1116770000000000E+09   4.6171580442713836E+05   1.0546418271768363E-13   1.3624551769089463E-24   3.7266185285508400E+03
   1.1136770000000000E+09   4.6361095011743385E+05   1.0438024479063710E-13   1.3489958222183632E-24   3.7251166518082309E+03
   1.1156770000000000E+09   4.6550097065527790E+05   1.0331123386649453E-13   1.3357245123281263E-24   3.7235983001870427E+03
   1.1176770000000000E+09   4.6738588545895129E+05   1.0225689233407414E-13   1.3226378206709355E-24   3.7220638913212870E+03
   1.1196770000000000E+09   4.6926571336048102E+05   1.0121696809006161E-13   1.3097323971292285E-24   3.7205138425525461E+03
   1.1216770000000000E+09   4.7114047262611124E+05   1.0019121438721458E-13   1.2970049659180262E-24   3.7189485708054558E+03
   1.1236770000000000E+09   4.7301018096804287E+05   9.9179389693273950E-14   1.2844523236083249E-24   3.7173684924708978E+03
   1.1256770000000000E+09   4.7487485554718971E+05   9.8181257559312263E-14   1.2720713372752144E-24   3.7157740232957722E+03
   1.1276770000000000E+09   4.7673451296693267E+05   9.7196586496228574E-14   1.2598589427545579E-24   3.7141655782782095E+03
   1.1296770000000000E+09   4.7858916925786587E+05   9.6225149858190741E-14   1.2478121429931451E-24   3.7125435715672170E+03
   1.1316770000000000E+09   4.8043883985368075E+05   9.5266725731918941E-14   1.2359280064783780E-24   3.7109084163656835E+03
   1.1336770000000000E+09   4.8228353955858393E+05   9.4321096830799806E-14   1.2242036657346792E-24   3.7092605248358468E+03
   1.1356770000000000E+09   4.8412328250710556E+05   9.3388050392885059E-14   1.2126363158745806E-24   3.7076003080063238E+03
   1.1376770000000000E+09   4.8595808211731969E+05   9.2467378082002055E-14   1.2012232131946117E-24   3.7059281756799487E+03
   1.1396770000000000E+09   4.8778795103918726E+05   9.1558875891238362E-14   1.1899616738064748E-24   3.7042445363417551E+03
   1.1416770000000000E+09   4.8961290110007534E+05   9.0662344048206592E-14   1.1788490722957737E-24   3.7025497970666374E+03
   1.1436770000000000E+09   4.9143294324984384E+05   8.9777586921624431E-14   1.1678828404021591E-24   3.7008443634263372E+03
   1.1456770000000000E+09   4.9324808750851935E+05   8.8904412928786244E-14   1.1570604657152004E-24   3.6991286393956734E+03
   1.1476770000000000E+09   4.9505834291973250E+05   8.8042634443634284E-14   1.1463794903819330E-24   3.6974030272580817E+03
   1.1496770000000000E+09   4.9686371751344536E+05   8.7192067705187229E-14   1.1358375098225937E-24   3.6956679275108168E+03
   1.1516770000000000E+09   4.9866421828149376E+05   8.6352532726175409E-14   1.1254321714521920E-24   3.6939237387703574E+03
   1.1536770000000000E+09   5.0045985116945260E+05   8.5523853201778015E-14   1.1151611734060910E-24   3.6921708576788419E+03
   1.1556770000000000E+09   5.0225062108825124E+05   8.4705856418365074E-14   1.1050222632678406E-24   3.6904096788124912E+03
   1.1576770000000000E+09   5.0403653194824624E+05   8.3898373162277395E-14   1.0950132367991446E-24   3.6886405945932956E+03
   1.1596770000000000E+09   5.0581758671819937E+05   8.3101237628621627E-14   1.0851319366711342E-24   3.6868639952052299E+03
   1.1616770000000000E+09   5.0759378751066164E+05   8.2314287330161030E-14   1.0753762511974207E-24   3.6850802685165518E+03
   1.1636770000000000E+09   5.0936513569443696E+05   8.1537363006403228E-14   1.0657441130697342E-24   3.6832898000096502E+03
   1.1656770000000000E+09   5.1113163203377521E+05   8.0770308533043563E-14   1.0562334980977036E-24   3.6814929727200138E+03
   1.1676770000000000E+09   5.1289327685289510E+05   8.0012970831971838E-14   1.0468424239550531E-24   3.6796901671857768E+03
   1.1696770000000000E+09   5.1465007022333337E+05   7.9265199782109757E-14   1.0375689489353438E-24   3.6778817614091627E+03
   1.1716770000000000E+09   5.1640201217048999E+05   7.8526848131422290E-14   1.0284111707214540E-24   3.6760681308310186E+03
   1.1736770000000000E+09   5.1814910289495421E+05   7.7797771410448883E-14   1.0193672251731506E-24   3.6742496483193358E+03
   1.1756770000000000E+09   5.1989134300312790E+05   7.7077827847804925E-14   1.0104352851385861E-24   3.6724266841723488E+03
   1.1776770000000000E+09   5.2162873374110763E+05   7.6366878288104499E-14   1.0016135592956721E-24   3.6705996061365363E+03
   1.1796770000000000E+09   5.2336127722539922E+05   7.5664786112758944E-14   9.9290029102946740E-25   3.6687687794394178E+03
   1.1816770000000000E+09   5.2508897666383779E+05   7.4971417164101848E-14   9.8429375735178621E-25   3.6669345668366591E+03
   1.1836770000000000E+09   5.2681183656000986E+05   7.4286639673299394E-14   9.7579226786945336E-25   3.6650973286726617E+03
   1.1856770000000000E+09   5.2852986289524229E+05   7.3610324192356455E-14   9.6739416380577981E-25   3.6632574229534334E+03
   1.1876770000000000E+09   5.3024306328247848E+05   7.2942343530548696E-14   9.5909781708019930E-25   3.6614152054301430E+03
   1.1896770000000000E+09   5.3195144708740653E+05   7.2282572695474377E-14   9.5090162944924096E-25   3.6595710296915972E+03
   1.1916770000000000E+09   5.3365502551350882E+05   7.1630888838774834E-14   9.4280403171019228E-25   3.6577252472634923E+03
   1.1936770000000000E+09   5.3535381164850516E+05   7.0987171206552834E-14   9.3480348296851251E-25   3.6558782077122960E+03
   1.1956770000000000E+09   5.3704782047148049E+05   7.0351301094300203E-14   9.2689846996723556E-25   3.6540302587513293E+03
   1.1976770000000000E+09   5.3873706882103812E+05   6.9723161806110552E-14   9.1908750647602310E-25   3.6521817463468506E+03
   1.1996770000000000E+09   5.4042157532627252E+05   6.9102638617820862E-14   9.1136913273580010E-25   3.6503330148217533E+03
   1.2016770000000000E+09   5.4210136030354188E+05   6.8489618743660298E-14   9.0374191495389761E-25   3.6484844069548558E+03
   1.2036770000000000E+09   5.4377644562312646E+05   6.7883991305907149E-14   8.9620444484356388E-25   3.6466362640737439E+03
   1.2056770000000000E+09   5.4544685455071577E+05   6.7285647307026511E-14   8.8875533920116587E-25   3.6447889261396131E+03
   1.2076770000000000E+09   5.4711261156928062E+05   6.6694479603744305E-14   8.8139323951410217E-25   3.6429427318226735E+03
   1.2096770000000000E+09   5.4877374218750850E+05   6.6110382882483867E-14   8.7411681159192993E-25   3.6410980185670746E+03
   1.2116770000000000E+09   5.5043027274094778E+05   6.5533253635656532E-14   8.6692474521393406E-25   3.6392551226447104E+03
   1.2136770000000000E+09   5.5208223019222461E+05   6.4962990138286218E-14   8.5981575378613794E-25   3.6374143791974907E+03
   1.2156770000000000E+09   5.5372964193637553E+05   6.4399492424522478E-14   8.5278857400159902E-25   3.6355761222681581E+03
   1.2176770000000000E+09   5.5537253561675525E+05   6.3842662263680982E-14   8.4584196549889644E-25   3.6337406848199166E+03
   1.2196770000000000E+09   5.5701093895661994E+05   6.3292403135471718E-14   8.3897471051390757E-25   3.6319083987455228E+03
   1.2216770000000000E+09   5.5864487961030612E+05   6.2748620204226931E-14   8.3218561352193022E-25   3.6300795948666841E+03
   1.2236770000000000E+09   5.6027438503702811E+05   6.2211220292007519E-14   8.2547350086805230E-25   3.6282546029248765E+03
   1.2256770000000000E+09   5.6189948239932163E+05   6.1680111850537277E-14   8.1883722038460901E-25   3.6264337515647126E+03
   1.2276770000000000E+09   5.6352019848655362E+05   6.1155204932082913E-14   8.1227564099676963E-25   3.6246173683112870E+03
   1.2296770000000000E+09   5.6513655966320855E+05   6.0636411159396001E-14   8.0578765231735178E-25   3.6228057795426776E+03
   1.2316770000000000E+09   5.6674859184012318E+05   6.0123643694981365E-14   7.9937216423392667E-25   3.6209993104589516E+03
   1.2336770000000000E+09   5.6835632046621689E+05   5.9616817209958158E-14   7.9302810649137453E-25   3.6191982850488548E+03
   1.2356770000000000E+09   5.6995977053758281E+05   5.9115847852811045E-14   7.8675442827353983E-25   3.6174030260551690E+03
   1.2376770000000000E+09   5.7155896662024828E+05   5.8620653218356291E-14   7.8055009778804136E-25   3.6156138549396746E+03
   1.2396770000000000E+09   5.7315393288310582E+05   5.8131152317180089E-14   7.7441410185749279E-25   3.6138310918483467E+03
   1.2416770000000000E+09   5.7474469313746970E+05   5.7647265545799790E-14   7.6834544552034251E-25   3.6120550555773139E+03
   1.2436770000000000E+09   5.7633127088011871E+05   5.7168914657735629E-14   7.6234315164376438E-25   3.6102860635399238E+03
   1.2456770000000000E+09   5.7791368933721771E+05   5.6696022735611927E-14   7.5640626055016663E-25   3.6085244317350612E+03
   1.2476770000000000E+09   5.7949197150687804E+05   5.6228514164377376E-14   7.5053382965852155E-25   3.6067704747168054E+03
   1.2496770000000000E+09   5.8106614019865997E+05   5.5766314605671449E-14   7.4472493314091293E-25   3.6050245055653722E+03
   1.2516770000000000E+09   5.8263621806871751E+05   5.5309350973336416E-14   7.3897866159435065E-25   3.6032868358592091E+03
   1.2536770000000000E+09   5.8420222764967580E+05   5.4857551410035458E-14   7.3329412172738364E-25   3.6015577756480766E+03
   1.2556770000000000E+09   5.8576419137453591E+05   5.4410845264939249E-14   7.2767043606107294E-25   3.5998376334269205E+03
   1.2576770000000000E+09   5.8732213159428409E+05   5.3969163072401719E-14   7.2210674264334491E-25   3.5981267161102196E+03
   1.2596770000000000E+09   5.8887607058899954E+05   5.3532436531557623E-14   7.1660219477586329E-25   3.5964253290066813E+03
   1.2616770000000000E+09   5.9042603057249624E+05   5.3100598486750619E-14   7.1115596075228097E-25   3.5947337757939122E+03
   1.2636770000000000E+09   5.9197203369057470E+05   5.2673582908716503E-14   7.0576722360689354E-25   3.5930523584929133E+03
   1.2656770000000000E+09   5.9351410201318935E+05   5.2251324876422137E-14   7.0043518087241540E-25   3.5913813774421101E+03
   1.2676770000000000E+09   5.9505225752072607E+05   5.1833760559485823E-14   6.9515904434591192E-25   3.5897211312707304E+03
   1.2696770000000000E+09   5.9658652208476188E+05   5.1420827201087403E-14   6.8993803986168281E-25   3.5880719168713267E+03
   1.2716770000000000E+09   5.9811691744356439E+05   5.1012463101295136E-14   6.8477140707013640E-25   3.5864340293712512E+03
   1.2736770000000000E+09   5.9964346517267847E+05   5.0608607600732590E-14   6.7965839922162981E-25   3.5848077621029406E+03
   1.2756770000000000E+09   6.0116618665102811E+05   5.0209201064501767E-14   6.7459828295415244E-25   3.5831934065728606E+03
   1.2776770000000000E+09   6.0268510302301461E+05   4.9814184866282291E-14   6.6959033808378129E-25   3.5815912524289151E+03
   1.2796770000000000E+09   6.0420023515715939E+05   4.9423501372526360E-14   6.6463385739679092E-25   3.5800015874263586E+03
   1.2816770000000000E+09   6.0571160360201530E+05   4.9037093926657372E-14   6.5972814644219611E-25   3.5784246973919171E+03
   1.2836770000000000E+09   6.0721922853998886E+05   4.8654906833202625E-14   6.5487252332372749E-25   3.5768608661862481E+03
   1.2856770000000000E+09   6.0872312973993400E+05   4.8276885341768828E-14   6.5006631849000741E-25   3.5753103756645496E+03
   1.2876770000000000E+09   6.1022332650913333E+05   4.7902975630812563E-14   6.4530887452222313E-25   3.5737735056353886E+03
   1.2896770000000000E+09   6.1171983764530637E+05   4.7533124791158737E-14   6.4059954591862658E-25   3.5722505338177225E+03
   1.2916770000000000E+09   6.1321268138912623E+05   4.7167280809242553E-14   6.3593769887549005E-25   3.5707417357961076E+03
   1.2936770000000000E+09   6.1470187537737563E+05   4.6805392550093770E-14   6.3132271106471051E-25   3.5692473849741714E+03
   1.2956770000000000E+09   6.1618743659672653E+05   4.6447409740091612E-14   6.2675397140840722E-25   3.5677677525263744E+03
   1.2976770000000000E+09   6.1766938133759669E+05   4.6093282949578843E-14   6.2223087985166825E-25   3.5663031073480470E+03
   1.2996770000000000E+09   6.1914772514747723E+05   4.5742963575425890E-14   6.1775284713463355E-25   3.5648537160037795E+03
   1.3016770000000000E+09   6.2062248278310639E+05   4.5396403823646281E-14   6.1331929456526963E-25   3.5634198426740691E+03
   1.3036770000000000E+09   6.2209366816113156E+05   4.5053556692170879E-14   6.0892965379425889E-25   3.5620017491003032E+03
   1.3056770000000000E+09   6.2356129430846917E+05   4.4714375953783177E-14   6.0458336659204700E-25   3.5605996945278944E+03
   1.3076770000000000E+09   6.2502537331539078E+05   4.4378816139141686E-14   6.0027988462700519E-25   3.5592139356477460E+03
   1.3096770000000000E+09   6.2648591629794438E+05   4.4046832519607584E-14   5.9601866924088488E-25   3.5578447265360146E+03
   1.3116770000000000E+09   6.2794293338034861E+05   4.3718381089394895E-14   5.9179919121492983E-25   3.5564923185926150E+03
   1.3136770000000000E+09   6.2939643371278350E+05   4.3393418546307743E-14   5.8762093051653342E-25   3.5551569604791930E+03
   1.3156770000000000E+09   6.3084642554384843E+05   4.3071902270146519E-14   5.8348337601375606E-25   3.5538388980577320E+03
   1.3176770000000000E+09   6.3229291636837262E+05   4.2753790297822665E-14   5.7938602514429204E-25   3.5525383743317775E+03
   1.3196770000000000E+09   6.3373591316814336E+05   4.2439041294418120E-14   5.7532838352805072E-25   3.5512556293927187E+03
   1.3216770000000000E+09   6.3517542275335500E+05   4.2127614519980928E-14   5.7130996451990998E-25   3.5499909003743865E+03
   1.3236770000000000E+09   6.3661145219521970E+05   4.1819469792774072E-14   5.6733028871179690E-25   3.5487444214191764E+03
   1.3256770000000000E+09   6.3804400931623694E+05   4.1514567450934429E-14   5.6338888341014573E-25   3.5475164236588403E+03
   1.3276770000000000E+09   6.3947310317797179E+05   4.1212868315818737E-14   5.5948528213301423E-25   3.5463071352117818E+03
   1.3296770000000000E+09   6.4089874448411784E+05   4.0914333661329475E-14   5.5561902418538291E-25   3.5451167811967093E+03
   1.3316770000000000E+09   6.4232094580831600E+05   4.0618925193758399E-14   5.5178965437504480E-25   3.5439455837598862E+03
   1.3336770000000000E+09   6.4373972157071577E+05   4.0326605045717408E-14   5.4799672291895847E-25   3.5427937621099964E+03
   1.3356770000000000E+09   6.4515508772883739E+05   4.0037335785398783E-14   5.4423978555871612E-25   3.5416615325522694E+03
   1.3376770000000000E+09   6.4656706121319102E+05   3.9751080438956705E-14   5.4051840385703402E-25   3.5405491085120339E+03
   1.3396770000000000E+09   6.4797565921071463E+05   3.9467802520135122E-14   5.3683214559691942E-25   3.5394567005391868E+03
   1.3416770000000000E+09   6.4938089845642785E+05   3.9187466058507387E-14   5.3318058516686916E-25   3.5383845162881039E+03
   1.3436770000000000E+09   6.5078279470881773E+05   3.8910035617253361E-14   5.2956330380828703E-25   3.5373327604732235E+03
   1.3456770000000000E+09   6.5218136254170060E+05   3.8635476293918656E-14   5.2597988963440176E-25   3.5363016348067208E+03
   1.3476770000000000E+09   6.5357661548882513E+05   3.8363753702748924E-14   5.2242993739927856E-25   3.5352913379291836E+03
   1.3496770000000000E+09   6.5496856645676307E+05   3.8094833943379987E-14   5.1891304807962544E-25   3.5343020653460194E+03
   1.3516770000000000E+09   6.5635722822470823E+05   3.7828683565430921E-14   5.1542882839777351E-25   3.5333340093791899E+03
   1.3536770000000000E+09   6.5774261382364738E+05   3.7565269539582075E-14   5.1197689042961606E-25   3.5323873591375345E+03
   1.3556770000000000E+09   6.5912473665155983E+05   3.7304559242209545E-14   5.0855685139489943E-25   3.5314623005010776E+03
   1.3576770000000000E+09   6.6050361031215987E+05   3.7046520453947659E-14   5.0516833363680400E-25   3.5305590161094228E+03
   1.3596770000000000E+09   6.6187924830033036E+05   3.6791121365802217E-14   5.0181096470572861E-25   3.5296776853434635E+03
   1.3616770000000000E+09   6.6325166372539196E+05   3.6538330583250210E-14   4.9848437741772015E-25   3.5288184842947016E+03
   1.3636770000000000E+09   6.6462086922492133E+05   3.6288117120901214E-14   4.9518820978583509E-25   3.5279815857238882E+03
   1.3656770000000000E+09   6.6598687709913857E+05   3.6040450386526229E-14   4.9192210480670618E-25   3.5271671590170836E+03
   1.3676770000000000E+09   6.6734969956410828E+05   3.5795300159817568E-14   4.8868571017401573E-25   3.5263753701483497E+03
   1.3696770000000000E+09   6.6870934896480932E+05   3.5552636574015480E-14   4.8547867802929209E-25   3.5256063816535871E+03
   1.3716770000000000E+09   6.7006583783936279E+05   3.5312430106035472E-14   4.8230066482744019E-25   3.5248603526132715E+03
   1.3736770000000000E+09   6.7141917884149763E+05   3.5074651575013517E-14   4.7915133131710685E-25   3.5241374386367825E+03
   1.3756770000000000E+09   6.7276938462103927E+05   3.4839272144546869E-14   4.7603034257235772E-25   3.5234377918421960E+03
   1.3776770000000000E+09   6.7411646776442660E+05   3.4606263323578508E-14   4.7293736800678822E-25   3.5227615608305291E+03
   1.3796770000000000E+09   6.7546044081804296E+05   3.4375596964392704E-14   4.6987208134846920E-25   3.5221088906587593E+03
   1.3816770000000000E+09   6.7680131633052102E+05   3.4147245260103441E-14   4.6683416060757023E-25   3.5214799228164870E+03
   1.3836770000000000E+09   6.7813910682809621E+05   3.3921180744942303E-14   4.6382328808179809E-25   3.5208747952068461E+03
   1.3856770000000000E+09   6.7947382467543951E+05   3.3697376298705776E-14   4.6083915041897624E-25   3.5202936421265586E+03
   1.3876770000000000E+09   6.8080548177719780E+05   3.3475805155975955E-14   4.5788143874637867E-25   3.5197365942361239E+03
   1.3896770000000000E+09   6.8213408888282476E+05   3.3256440927583956E-14   4.5494984897072647E-25   3.5192037785067091E+03
   1.3916770000000000E+09   6.8345965362896211E+05   3.3039257664727216E-14   4.5204408266884504E-25   3.5186953181133449E+03
   1.3936770000000000E+09   6.8478217487580795E+05   3.2824230052858194E-14   4.4916384977144646E-25   3.5182113321949387E+03
   1.3956770000000000E+09   6.8610162715432828E+05   3.2611333955888399E-14   4.4630887608307980E-25   3.5177519352919985E+03
   1.3976770000000000E+09   6.8741792068396893E+05   3.2400547830642553E-14   4.4347892280678723E-25   3.5173172360655249E+03
   1.3996770000000000E+09   6.8873080561427842E+05   3.2191856139351269E-14   4.4067383360807693E-25   3.5169073345660058E+03
   1.4016770000000000E+09   6.9003966052886401E+05   3.1985256937072881E-14   4.3789363917715903E-25   3.5165223168806797E+03
   1.4036770000000000E+09   6.9134306908381835E+05   3.1780777170515734E-14   4.3513876792641739E-25   3.5161622455765673E+03
   1.4056770000000000E+09   6.9263807335328287E+05   3.1578499895187208E-14   4.3241042068065288E-25   3.5158271441649790E+03
   1.4076770000000000E+09   6.9391907390708046E+05   3.1378604839834434E-14   4.2971112920859092E-25   3.5155169736193593E+03
   1.4096770000000000E+09   6.9517665002313268E+05   3.1181412814276266E-14   4.2704536889509604E-25   3.5152315972356464E+03
   1.4116770000000000E+09   6.9639717889858992E+05   3.0987401982912500E-14   4.2441978863373414E-25   3.5149707241262199E+03
   1.4136770000000000E+09   6.9756479828662623E+05   3.0797138132995811E-14   4.2184226700298716E-25   3.5147338137466058E+03
   1.4156770000000000E+09   6.9866706937001285E+05   3.0611065191005937E-14   4.1931905819516734E-25   3.5145199380805511E+03
   1.4176770000000000E+09   6.9970334175918391E+05   3.0429187640685593E-14   4.1685045074567530E-25   3.5143276843065892E+03
   1.4196770000000000E+09   7.0069053670912678E+05   3.0250841235919384E-14   4.1442760234169244E-25   3.5141553299697730E+03
   1.4216770000000000E+09   7.0165930900808144E+05   3.0074829473465164E-14   4.1203432972104460E-25   3.5140014994670078E+03
   1.4236770000000000E+09   7.0264067100232223E+05   2.9899945832732945E-14   4.0965416758529991E-25   3.5138659929037681E+03
   1.4256770000000000E+09   7.0365612682779052E+05   2.9725387550972232E-14   4.0727603926339208E-25   3.5137498157192390E+03
   1.4276770000000000E+09   7.0472413138262101E+05   2.9550526455857598E-14   4.0489124633203728E-25   3.5136541035782602E+03
   1.4296770000000000E+09   7.0587442016966920E+05   2.9374294053054350E-14   4.0248526995275279E-25   3.5135781537920188E+03
   1.4316770000000000E+09   7.0711149652217899E+05   2.9196739529124929E-14   4.0005721541742419E-25   3.5135360877820904E+03
   1.4336770000000000E+09   7.0872577282223629E+05   2.9004883364803400E-14   3.9744447921741525E-25   3.5133937595312236E+03
   1.4356770000000000E+09   7.0816913114497659E+05   2.8905904249962782E-14   3.9607039890360869E-25   3.5135516718933604E+03
   6.5767700000000000E+08  -3.1766848133304811E+03   3.1914536438223767E-08   1.1369104401172974E-22   1.8520158280175149E+03
   6.5967700000000000E+08  -3.6086362599854533E+03   4.7679580412191245E-08   1.3670493318497343E-22   2.3010668769169965E+03
   6.6167700000000000E+08  -3.8734281181075062E+03   5.6247625161486452E-08   1.4267374768705776E-22   2.6010295287146678E+03
   6.6367700000000000E+08  -3.7286541066750310E+03   5.8967828286433476E-08   1.3738560488392278E-22   2.8318121321189687E+03
   6.6567700000000000E+08  -3.1894463753413820E+03   5.7972346429491314E-08   1.2658320449010782E-22   3.0216226043153983E+03
   6.6767700000000000E+08  -2.5203370545647840E+03   5.5233740598516180E-08   1.1445886971138728E-22   3.1838635075164361E+03
   6.6967700000000000E+08  -1.8945631936671482E+03   5.1947940059168240E-08   1.0304847728299117E-22   3.3260468768772807E+03
   6.7167700000000000E+08  -1.3064846082366166E+03   4.8650381100041249E-08   9.2962716900095888E-23   3.4528669715073652E+03
   6.7367700000000000E+08  -6.7401436035304050E+02   4.5539140749357019E-08   8.4221698440003319E-23   3.5674905215768240E+03
   6.7567700000000000E+08   1.5440054491372763E+02   4.2649685192928387E-08   7.6628967027184456E-23   3.6721753647591045E+03
   6.7767700000000000E+08   1.2659779905149633E+03   3.9930805627649273E-08   6.9907990019464033E-23   3.7685966514798642E+03
   6.7967700000000000E+08   2.5934347949410749E+03   3.7358170073878979E-08   6.3887526143172920E-23   3.8580285395675573E+03
   6.8167700000000000E+08   4.0178729153225981E+03   3.4955509923953688E-08   5.8512975250643445E-23   3.9414581493327978E+03
   6.8367700000000000E+08   5.4918384179918376E+03   3.2780195057951637E-08   5.3803786676266802E-23   4.0196668449788208E+03
   6.8567700000000000E+08   7.0596757624094344E+03   3.0856924201849849E-08   4.9735910665096536E-23   4.0932882079318560E+03
   6.8767700000000000E+08   8.7602274507188577E+03   2.9176113129740747E-08   4.6240844648238662E-23   4.1628456257774651E+03
   6.8967700000000000E+08   1.0600763860377096E+04   2.7709103790204259E-08   4.3231040433434514E-23   4.2287761533934281E+03
   6.9167700000000000E+08   1.2563056782943500E+04   2.6422158622174476E-08   4.0621129594747279E-23   4.2914477161596915E+03
   6.9367700000000000E+08   1.4617733085690188E+04   2.5283503596591960E-08   3.8337026080627305E-23   4.3511724636334047E+03
   6.9567700000000000E+08   1.6730840092379283E+04   2.4265347577954288E-08   3.6317105419748265E-23   4.4082173196551885E+03
   6.9767700000000000E+08   1.8866087086445135E+04   2.3344510572964294E-08   3.4511546436192792E-23   4.4628122505919191E+03
   6.9967700000000000E+08   2.0986779547289560E+04   2.2501961601098297E-08   3.2880369552721721E-23   4.5151567731066061E+03
   7.0167700000000000E+08   2.3056600390828571E+04   2.1722212945761677E-08   3.1391582051029070E-23   4.5654251201518391E+03
   7.0367700000000000E+08   2.5040452073671539E+04   2.0992750073468059E-08   3.0019625430892326E-23   4.6137703750217333E+03
   7.0567700000000000E+08   2.6905488201722124E+04   2.0303558614592703E-08   2.8744150170365209E-23   4.6603278171655165E+03
   7.0767700000000000E+08   2.8622280602850344E+04   1.9646748962770970E-08   2.7549067635760232E-23   4.7052176600925050E+03
   7.0967700000000000E+08   3.0166032157406549E+04   1.9016257680200477E-08   2.6421811878539645E-23   4.7485473139216192E+03
   7.1167700000000000E+08   3.1517733162894576E+04   1.8407602704347419E-08   2.5352752182369960E-23   4.7904132702486531E+03
   7.1367700000000000E+08   3.2665158270600063E+04   1.7817671039483791E-08   2.4334707941610085E-23   4.8309026816019214E+03
   7.1567700000000000E+08   3.3603591295538266E+04   1.7244521094011488E-08   2.3362528307998264E-23   4.8700946892046850E+03
   7.1767700000000000E+08   3.4336158364004434E+04   1.6687186012499886E-08   2.2432709033601531E-23   4.9080615391806950E+03
   7.1967700000000000E+08   3.4873659512519589E+04   1.6145469828659814E-08   2.1543029247683110E-23   4.9448695176103793E+03
   7.2167700000000000E+08   3.5233828932121163E+04   1.5619735064307031E-08   2.0692201811712016E-23   4.9805797283108095E+03
   7.2367700000000000E+08   3.5440028132395135E+04   1.5110687759825203E-08   1.9879541565942605E-23   5.0152487333899935E+03
   7.2567700000000000E+08   3.5519473152104823E+04   1.4619172206073428E-08   1.9104664256451584E-23   5.0489290749557204E+03
   7.2767700000000000E+08   3.5501191158134927E+04   1.4145990949670963E-08   1.8367233005970496E-23   5.0816696960820809E+03
   7.2967700000000000E+08   3.5413962439013871E+04   1.3691764686140743E-08   1.7666767567194599E-23   5.1135162793412419E+03
   7.3167700000000000E+08   3.5284507941456504E+04   1.3256841543372198E-08   1.7002524770790021E-23   5.1445115210222184E+03
   7.3367700000000000E+08   3.5136126466758687E+04   1.2841257589635490E-08   1.6373448864951701E-23   5.1746953579921619E+03
   7.3567700000000000E+08   3.4987887484288382E+04   1.2444742618666775E-08   1.5778181043604820E-23   5.2041051618560705E+03
   7.3767700000000000E+08   3.4854376658648085E+04   1.2066759606956587E-08   1.5215111122944108E-23   5.2327759119124303E+03
   7.3967700000000000E+08   3.4745902430213071E+04   1.1706563888606957E-08   1.4682452332774138E-23   5.2607403549211231E+03
   7.4167700000000000E+08   3.4669021862292713E+04   1.1363268942695632E-08   1.4178322168078815E-23   5.2880291564632262E+03
   7.4367700000000000E+08   3.4627234814042626E+04   1.1035908700413611E-08   1.3700816723112166E-23   5.3146710460921004E+03
   7.4567700000000000E+08   3.4621717232689523E+04   1.0723490119729158E-08   1.3248071161633799E-23   5.3406929567266798E+03
   7.4767700000000000E+08   3.4652001842392274E+04   1.0425033342519133E-08   1.2818303604678180E-23   5.3661201577817446E+03
   7.4967700000000000E+08   3.4716554088800418E+04   1.0139599421336991E-08   1.2409843037396495E-23   5.3909763811932007E+03
   7.5167700000000000E+08   3.4813224117712743E+04   9.8663072204997863E-09   1.2021143734704588E-23   5.4152839395609917E+03
   7.5367700000000000E+08   3.4939578285226031E+04   9.6043418034682419E-09   1.1650789432474263E-23   5.4390638359014893E+03
   7.5567700000000000E+08   3.5093126469196308E+04   9.3529566886196017E-09   1.1297490412773207E-23   5.4623358648297353E+03
   7.5767700000000000E+08   3.5271466479096045E+04   9.1114720635026932E-09   1.0960076192891868E-23   5.4851187052925779E+03
   7.5967700000000000E+08   3.5472366834167493E+04   8.8792706071231201E-09   1.0637485879921617E-23   5.5074300052055842E+03
   7.6167700000000000E+08   3.5693806440858221E+04   8.6557921177600539E-09   1.0328757642037886E-23   5.5292864585004445E+03
   7.6367700000000000E+08   3.5933985930606461E+04   8.4405277517868112E-09   1.0033018235735823E-23   5.5507038751737300E+03
   7.6567700000000000E+08   3.6191321642626419E+04   8.2330143729212265E-09   9.7494731394768813E-24   5.5716972449576169E+03
   7.6767700000000000E+08   3.6464429968179342E+04   8.0328292906170803E-09   9.4773975712095644E-24   5.5922807952249677E+03
   7.6967700000000000E+08   3.6752107191127456E+04   7.8395855177256215E-09   9.2161284889156871E-24   5.6124680437091165E+03
   7.7167700000000000E+08   3.7053308051752625E+04   7.6529275841833265E-09   8.9650575656208899E-24   5.6322718465735998E+03
   7.7367700000000000E+08   3.7367124925751792E+04   7.4725278893623334E-09   8.7236250715835055E-24   5.6517044423167663E+03
   7.7567700000000000E+08   3.7692768620857001E+04   7.2980835478107685E-09   8.4913145695220063E-24   5.6707774919451940E+03
   7.7767700000000000E+08   3.8029551229359087E+04   7.1293136716729497E-09   8.2676483212865743E-24   5.6895021158016134E+03
   7.7967700000000000E+08   3.8376871136266665E+04   6.9659570313147606E-09   8.0521833078148786E-24   5.7078889273884397E+03
   7.8167700000000000E+08   3.8734200093909792E+04   6.8077700391075376E-09   7.8445077730563595E-24   5.7259480644883206E+03
   7.8367700000000000E+08   3.9101072179867369E+04   6.6545250071428186E-09   7.6442382134722124E-24   5.7436892178476373E+03
   7.8567700000000000E+08   3.9477074418685130E+04   6.5060086362171319E-09   7.4510167458365844E-24   5.7611216576581201E+03
   7.8767700000000000E+08   3.9861838844346014E+04   6.3620206998394659E-09   7.2645087964042322E-24   5.7782542580445852E+03
   7.8967700000000000E+08   4.0255035794260119E+04   6.2223728928392116E-09   7.0844010636542596E-24   5.7950955197434314E+03
   7.9167700000000000E+08   4.0656368247197046E+04   6.0868878192235384E-09   6.9103997146621656E-24   5.8116535911359324E+03
   7.9367700000000000E+08   4.1065567041622322E+04   5.9553980982334612E-09   6.7422287817512036E-24   5.8279362877825724E+03
   7.9567700000000000E+08   4.1482386834346231E+04   5.8277455711361034E-09   6.5796287315629399E-24   5.8439511105890660E+03
   7.9767700000000000E+08   4.1906602680813943E+04   5.7037805942530540E-09   6.4223551832202218E-24   5.8597052627211015E+03
   7.9967700000000000E+08   4.2338007137186723E+04   5.5833614061588374E-09   6.2701777559906928E-24   5.8752056653728614E+03
   8.0167700000000000E+08   4.2776407800532244E+04   5.4663535589763077E-09   6.1228790299318822E-24   5.8904589724838115E+03
   8.0367700000000000E+08   4.3221625217116911E+04   5.3526294053290070E-09   5.9802536055323241E-24   5.9054715844890543E+03
   8.0567700000000000E+08   4.3673491100284678E+04   5.2420676338493812E-09   5.8421072504556737E-24   5.9202496611802026E+03
   8.0767700000000000E+08   4.4131846809013572E+04   5.1345528472438076E-09   5.7082561232305993E-24   5.9347991337465846E+03
   8.0967700000000000E+08   4.4596542046298418E+04   5.0299751778243554E-09   5.5785260651737204E-24   5.9491257160599471E+03
   8.1167700000000000E+08   4.5067433743265334E+04   4.9282299361714816E-09   5.4527519530416373E-24   5.9632349152602146E+03
   8.1367700000000000E+08   4.5544385100648295E+04   4.8292172892193803E-09   5.3307771059233556E-24   5.9771320416945809E+03
   8.1567700000000000E+08   4.6027264764124986E+04   4.7328419645806500E-09   5.2124527407412100E-24   5.9908222182576446E+03
   8.1767700000000000E+08   4.6515946114182509E+04   4.6390129783677995E-09   5.0976374714548559E-24   6.0043103891761129E+03
   8.1967700000000000E+08   4.7010306654774788E+04   4.5476433841400857E-09   4.9861968476800331E-24   6.0176013282779650E+03
   8.2167700000000000E+08   4.7510227488118908E+04   4.4586500409173366E-09   4.8780029289606517E-24   6.0306996467824665E+03
   8.2367700000000000E+08   4.8015592865614381E+04   4.3719533984666688E-09   4.7729338913821378E-24   6.0436098006445554E+03
   8.2567700000000000E+08   4.8526289807066205E+04   4.2874772982905483E-09   4.6708736635983248E-24   6.0563360974842408E+03
   8.2767700000000000E+08   4.9042207782179597E+04   4.2051487889319385E-09   4.5717115896725874E-24   6.0688827031293204E+03
   8.2967700000000000E+08   4.9563238449648292E+04   4.1248979543682245E-09   4.4753421164136729E-24   6.0812536477972899E+03
   8.3167700000000000E+08   5.0089275450095884E+04   4.0466577543960132E-09   4.3816645031258559E-24   6.0934528319405599E+03
   8.3367700000000000E+08   5.0620214249652352E+04   3.9703638760159274E-09   4.2905825518961215E-24   6.1054840317768649E+03
   8.3567700000000000E+08   5.1155952031075096E+04   3.8959545949155476E-09   4.2020043567149056E-24   6.1173509045254414E+03
   8.3767700000000000E+08   5.1696387629106888E+04   3.8233706462211954E-09   4.1158420698750012E-24   6.1290569933676888E+03
   8.3967700000000000E+08   5.2241421506238767E+04   3.7525551037511080E-09   4.0320116842223485E-24   6.1406057321498320E+03
   8.4167700000000000E+08   5.2790955764336853E+04   3.6834532670543081E-09   3.9504328299445341E-24   6.1520004498436720E+03
   8.4367700000000000E+08   5.3344894186746795E+04   3.6160125555663033E-09   3.8710285846839522E-24   6.1632443747804573E+03
   8.4567700000000000E+08   5.3903142304653578E+04   3.5501824092558506E-09   3.7937252958548746E-24   6.1743406386715860E+03
   8.4767700000000000E+08   5.4465607480734696E+04   3.4859141951795571E-09   3.7184524141305919E-24   6.1852922804292302E+03
   8.4967700000000000E+08   5.5032199002606663E+04   3.4231611194039357E-09   3.6451423371504027E-24   6.1961022497986387E+03
   8.5167700000000000E+08   5.5602828178315205E+04   3.3618781437992868E-09   3.5737302625778361E-24   6.2067734108132863E+03
   8.5367700000000000E+08   5.6177408426204405E+04   3.3020219072568352E-09   3.5041540497221769E-24   6.2173085450832605E+03
   8.5567700000000000E+08   5.6755855351970080E+04   3.2435506509293112E-09   3.4363540890148906E-24   6.2277103549264066E+03
   8.5767700000000000E+08   5.7338086806529725E+04   3.1864241471451440E-09   3.3702731787103252E-24   6.2379814663512261E+03
   8.5967700000000000E+08   5.7924022919499803E+04   3.1306036316970762E-09   3.3058564082557868E-24   6.2481244318999352E+03
   8.6167700000000000E+08   5.8513586104508933E+04   3.0760517392543697E-09   3.2430510478472048E-24   6.2581417333594436E+03
   8.6367700000000000E+08   5.9106701034172060E+04   3.0227324416942835E-09   3.1818064437533715E-24   6.2680357843475149E+03
   8.6567700000000000E+08   5.9703294584242249E+04   2.9706109891901033E-09   3.1220739190513281E-24   6.2778089327810239E+03
   8.6767700000000000E+08   6.0303295748108241E+04   2.9196538539292125E-09   3.0638066794677562E-24   6.2874634632326515E+03
   8.6967700000000000E+08   6.0906635524322235E+04   2.8698286763645488E-09   3.0069597240652260E-24   6.2970015991820374E+03
   8.7167700000000000E+08   6.1513246781149166E+04   2.8211042139253881E-09   2.9514897605472621E-24   6.3064255051669570E+03
   8.7367700000000000E+08   6.2123064103129975E+04   2.7734502921290628E-09   2.8973551249827598E-24   6.3157372888399623E+03
   8.7567700000000000E+08   6.2736023625315815E+04   2.7268377580439085E-09   2.8445157057689634E-24   6.3249390029352653E+03
   8.7767700000000000E+08   6.3352062861150866E+04   2.6812384360564667E-09   2.7929328716634774E-24   6.3340326471507333E+03
   8.7967700000000000E+08   6.3971120529943859E+04   2.6366250858933891E-09   2.7425694037212623E-24   6.3430201699492072E+03
   8.8167700000000000E+08   6.4593136389523679E+04   2.5929713628420291E-09   2.6933894309731780E-24   6.3519034702834806E+03
   8.8367700000000000E+08   6.5218051079082601E+04   2.5502517801046466E-09   2.6453583696803326E-24   6.3606843992487075E+03
   8.8567700000000000E+08   6.5845805976492775E+04   2.5084416732097448E-09   2.5984428659932819E-24   6.3693647616659473E+03
   8.8767700000000000E+08   6.6476343073686789E+04   2.4675171663917999E-09   2.5526107418386807E-24   6.3779463176003510E+03
   8.8967700000000000E+08   6.7109604873421093E+04   2.4274551408351593E-09   2.5078309438460338E-24   6.3864307838171935E+03
   8.9167700000000000E+08   6.7745534311662384E+04   2.3882332046554650E-09   2.4640734951096362E-24   6.3948198351789133E+03
   8.9367700000000000E+08   6.8384074713636292E+04   2.3498296644507426E-09   2.4213094495438922E-24   6.4031151059859885E+03
   8.9567700000000000E+08   6.9025169801720942E+04   2.3122234981707715E-09   2.3795108485094231E-24   6.4113181912644122E+03
   8.9767700000000000E+08   6.9668763796231156E+04   2.2753943288833723E-09   2.3386506792182676E-24   6.4194306480024743E+03
   8.9967700000000000E+08   7.0314801695562652E+04   2.2393223986949791E-09   2.2987028341032030E-24   6.4274539963393354E+03
   9.0167700000000000E+08   7.0963229900757535E+04   2.2039885415469837E-09   2.2596420697962841E-24   6.4353897207079181E+03
   9.0367700000000000E+08   7.1613997460404164E+04   2.1693741528871974E-09   2.2214439636374848E-24   6.4432392709348669E+03
   9.0567700000000000E+08   7.2267058312298308E+04   2.1354611536375776E-09   2.1840848650686905E-24   6.4510040633002482E+03
   9.0767700000000000E+08   7.2922374852644498E+04   2.1022319464114116E-09   2.1475418398495556E-24   6.4586854815599736E+03
   9.0967700000000000E+08   7.3579922695858826E+04   2.0696693654445942E-09   2.1117926086563745E-24   6.4662848779338610E+03
   9.1167700000000000E+08   7.4239695233283463E+04   2.0377566305125408E-09   2.0768154906123338E-24   6.4738035740610921E+03
   9.1367700000000000E+08   7.4901704422269497E+04   2.0064773297226924E-09   2.0425893770872419E-24   6.4812428619226521E+03
   9.1567700000000000E+08   7.5565971942516262E+04   1.9758154704922810E-09   2.0090937754767324E-24   6.4886040047258894E+03
   9.1767700000000000E+08   7.6232504982659419E+04   1.9457556349736533E-09   1.9763089590572622E-24   6.4958882377417958E+03
   9.1967700000000000E+08   7.6901257321973972E+04   1.9162832303502635E-09   1.9442162119768028E-24   6.5030967690839161E+03
   9.2167700000000000E+08   7.7572090852990819E+04   1.8873847274881907E-09   1.9127980602632097E-24   6.5102307804250477E+03
   9.2367700000000000E+08   7.8244767924971762E+04   1.8590476797746308E-09   1.8820382782411356E-24   6.5172914276669035E+03
   9.2567700000000000E+08   7.8919002829007673E+04   1.8312603425176774E-09   1.8519214913601063E-24   6.5242798416019468E+03
   9.2767700000000000E+08   7.9594562124850534E+04   1.8040109608048738E-09   1.8224324486758046E-24   6.5311971286130401E+03
   9.2967700000000000E+08   8.0271346553979325E+04   1.7772871794760241E-09   1.7935554257080830E-24   6.5380443714260891E+03
   9.3167700000000000E+08   8.0949381247946047E+04   1.7510761455414733E-09   1.7652743295356145E-24   6.5448226298787558E+03
   9.3367700000000000E+08   8.1628711092131547E+04   1.7253651558180841E-09   1.7375733501643448E-24   6.5515329416237273E+03
   9.3567700000000000E+08   8.2309308365122852E+04   1.7001420962897442E-09   1.7104373950255419E-24   6.5581763227142046E+03
   9.3767700000000000E+08   8.2991124744534187E+04   1.6753955957516935E-09   1.6838522326558220E-24   6.5647537681453296E+03
   9.3967700000000000E+08   8.3674213672282218E+04   1.6511151547814916E-09   1.6578046168246244E-24   6.5712662524695934E+03
   9.4167700000000000E+08   8.4358669839452370E+04   1.6272904395182659E-09   1.6322815800704954E-24   6.5777147304204736E+03
   9.4367700000000000E+08   8.5044371410770938E+04   1.6039092902551358E-09   1.6072684393261317E-24   6.5841001373368190E+03
   9.4567700000000000E+08   8.5730837981987584E+04   1.5809566547191883E-09   1.5827477231413762E-24   6.5904233893817582E+03
   9.4767700000000000E+08   8.6417424983087098E+04   1.5584169423920495E-09   1.5587015181671040E-24   6.5966853838771058E+03
   9.4967700000000000E+08   8.7103759200565517E+04   1.5362780968999684E-09   1.5351155292326298E-24   6.6028870000767602E+03
   9.5167700000000000E+08   8.7790725205462324E+04   1.5145346137570742E-09   1.5119820479343634E-24   6.6090291001847745E+03
   9.5367700000000000E+08   8.8478934481055563E+04   1.4931959177355407E-09   1.4893083010106312E-24   6.6151125300517233E+03
   9.5567700000000000E+08   8.9169310311994836E+04   1.4722556299096190E-09   1.4670861268610247E-24   6.6211381193574798E+03
   9.5767700000000000E+08   8.9861385460193822E+04   1.4516988600394106E-09   1.4452986545295290E-24   6.6271066816164930E+03
   9.5967700000000000E+08   9.0554861859572062E+04   1.4315146090257878E-09   1.4239330209998139E-24   6.6330190144329245E+03
   9.6167700000000000E+08   9.1249583322782826E+04   1.4116934252325587E-09   1.4029779899326767E-24   6.6388758999488655E+03
   9.6367700000000000E+08   9.1945445297228158E+04   1.3922267018733896E-09   1.3824232420470824E-24   6.6446781052753822E+03
   9.6567700000000000E+08   9.2642372139004248E+04   1.3731063275155761E-09   1.3622590195005914E-24   6.6504263828938974E+03
   9.6767700000000000E+08   9.3340307371224611E+04   1.3543245406105020E-09   1.3424759768565802E-24   6.6561214710344802E+03
   9.6967700000000000E+08   9.4039206566256689E+04   1.3358738649150872E-09   1.3230651136137986E-24   6.6617640940362990E+03
   9.7167700000000000E+08   9.4739032562417953E+04   1.3177470751022362E-09   1.3040177371455621E-24   6.6673549626930162E+03
   9.7367700000000000E+08   9.5439753033482615E+04   1.2999371715487584E-09   1.2853254350384241E-24   6.6728947745852611E+03
   9.7567700000000000E+08   9.6141339268324606E+04   1.2824373594428087E-09   1.2669800519621290E-24   6.6783842144015907E+03
   9.7767700000000000E+08   9.6843765168540471E+04   1.2652410327806312E-09   1.2489736715700794E-24   6.6838239542490064E+03
   9.7967700000000000E+08   9.7547006399575170E+04   1.2483417621680245E-09   1.2312986023044054E-24   6.6892146539536297E+03
   9.8167700000000000E+08   9.8251039940565417E+04   1.2317332844931992E-09   1.2139473651731047E-24   6.6945569613519556E+03
   9.8367700000000000E+08   9.8955843933622076E+04   1.2154094942605900E-09   1.1969126832810501E-24   6.6998515125734230E+03
   9.8567700000000000E+08   9.9661397592972018E+04   1.1993644370495055E-09   1.1801874735567116E-24   6.7050989323146096E+03
   9.8767700000000000E+08   1.0036768109898714E+05   1.1835923045796412E-09   1.1637648401489015E-24   6.7102998341055791E+03
   9.8967700000000000E+08   1.0107467544216436E+05   1.1680874305056516E-09   1.1476380686198450E-24   6.7154548205683104E+03
   9.9167700000000000E+08   1.0178236218405428E+05   1.1528442865025679E-09   1.1318006204942790E-24   6.7205644836678339E+03
   9.9367700000000000E+08   1.0249072331736323E+05   1.1378574786316844E-09   1.1162461281433735E-24   6.7256294049558228E+03
   9.9567700000000000E+08   1.0319974162428993E+05   1.1231217449011513E-09   1.1009683908906263E-24   6.7306501558076116E+03
   9.9767700000000000E+08   1.0390940187147813E+05   1.1086319562355395E-09   1.0859613745026864E-24   6.7356272976527016E+03
   9.9967700000000000E+08   1.0461969275383052E+05   1.0943831227107812E-09   1.0712192158771053E-24   6.7405613821997158E+03
   1.0016770000000000E+09   1.0533060887157793E+05   1.0803704038307714E-09   1.0567362317223563E-24   6.7454529516560378E+03
   1.0036770000000000E+09   1.0604215191926570E+05   1.0665891176645146E-09   1.0425069261589694E-24   6.7503025389420209E+03
   1.0056770000000000E+09   1.0675432970465840E+05   1.0530347359829064E-09   1.0285259847061245E-24   6.7551106678991746E+03
   1.0076770000000000E+09   1.0746715233518645E+05   1.0397028625718248E-09   1.0147882519286963E-24   6.7598778534910389E+03
   1.0096770000000000E+09   1.0818062677935732E+05   1.0265891945609002E-09   1.0012886926045397E-24   6.7646046019961741E+03
   1.0116770000000000E+09   1.0889475115065800E+05   1.0136894792179785E-09   9.8802234859345596E-25   6.7692914111929804E+03
   1.0136770000000000E+09   1.0960950548041887E+05   1.0009994921295849E-09   9.7498431665647329E-25   6.7739387705375202E+03
   1.0156770000000000E+09   1.1032485627861800E+05   9.8851496878299475E-10   9.6216968132964112E-25   6.7785471613356040E+03
   1.0176770000000000E+09   1.1104075069504886E+05   9.7623162894957810E-10   9.4957353740797857E-25   6.7831170569103142E+03
   1.0196770000000000E+09   1.1175712463131036E+05   9.6414522038656056E-10   9.3719103200544076E-25   6.7876489227674492E+03
   1.0216770000000000E+09   1.1247391151716343E+05   9.5225156412273871E-10   9.2501740771855230E-25   6.7921432167604053E+03
   1.0236770000000000E+09   1.1319105108434736E+05   9.4054660498733638E-10   9.1304805086822951E-25   6.7966003892544613E+03
   1.0256770000000000E+09   1.1390849640132704E+05   9.2902645079744383E-10   9.0127852865075882E-25   6.8010208832896869E+03
   1.0276770000000000E+09   1.1462621776425671E+05   9.1768739203988149E-10   8.8970460730173256E-25   6.8054051347411678E+03
   1.0296770000000000E+09   1.1534420310116779E+05   9.0652590058715855E-10   8.7832224990457082E-25   6.8097535724753943E+03
   1.0316770000000000E+09   1.1606245547113223E+05   8.9553861160792217E-10   8.6712759793024223E-25   6.8140666185013279E+03
   1.0336770000000000E+09   1.1678098879873012E+05   8.8472229582182918E-10   8.5611694348090290E-25   6.8183446881159589E+03
   1.0356770000000000E+09   1.1749982308230641E+05   8.7407382954272914E-10   8.4528669947466042E-25   6.8225881900440327E+03
   1.0376770000000000E+09   1.1821898006695694E+05   8.6359016827753053E-10   8.3463337336290874E-25   6.8267975265724444E+03
   1.0396770000000000E+09   1.1893847997047989E+05   8.5326832708067427E-10   8.2415354746866768E-25   6.8309730936799369E+03
   1.0416770000000000E+09   1.1965833945236646E+05   8.4310536840757304E-10   8.1384386664723395E-25   6.8351152811626316E+03
   1.0436770000000000E+09   1.2037857071478259E+05   8.3309839648693773E-10   8.0370103230069302E-25   6.8392244727560801E+03
   1.0456770000000000E+09   1.2109918145763222E+05   8.2324455639184974E-10   7.9372180096809853E-25   6.8433010462543507E+03
   1.0476770000000000E+09   1.2182017536841173E+05   8.1354103586405242E-10   7.8390298559721225E-25   6.8473453736263200E+03
   1.0496770000000000E+09   1.2254155286835400E+05   8.0398506826708442E-10   7.7424145791981910E-25   6.8513578211295307E+03
   1.0516770000000000E+09   1.2326331191170633E+05   7.9457393555587523E-10   7.6473415085215187E-25   6.8553387494214694E+03
   1.0536770000000000E+09   1.2398544871464076E+05   7.8530497065095018E-10   7.5537806032862327E-25   6.8592885136686518E+03
   1.0556770000000000E+09   1.2470795835684000E+05   7.7617555898726062E-10   7.4617024634767217E-25   6.8632074636531597E+03
   1.0576770000000000E+09   1.2543083524359386E+05   7.6718313925124527E-10   7.3710783324430256E-25   6.8670959438769387E+03
   1.0596770000000000E+09   1.2615407344115491E+05   7.5832520344264261E-10   7.2818800932254899E-25   6.8709542936637008E+03
   1.0616770000000000E+09   1.2687766690905136E+05   7.4959929643336239E-10   7.1940802601524155E-25   6.8747828472584670E+03
   1.0636770000000000E+09   1.2760160965458733E+05   7.4100301518390811E-10   7.1076519672660265E-25   6.8785819339248865E+03
   1.0656770000000000E+09   1.2832589583158409E+05   7.3253400774628617E-10   7.0225689548235726E-25   6.8823518780402792E+03
   1.0676770000000000E+09   1.2905051980097723E+05   7.2418997214689127E-10   6.9388055547753360E-25   6.8860929991884132E+03
   1.0696770000000000E+09   1.2977547616636194E+05   7.1596865521354626E-10   6.8563366758361502E-25   6.8898056122502239E+03
   1.0716770000000000E+09   1.3050075979394306E+05   7.0786785138903415E-10   6.7751377885551957E-25   6.8934900274923830E+03
   1.0736770000000000E+09   1.3122636582356182E+05   6.9988540155820482E-10   6.6951849106407177E-25   6.8971465506538307E+03
   1.0756770000000000E+09   1.3195228967526180E+05   6.9201919190535012E-10   6.6164545926958201E-25   6.9007754830302893E+03
   1.0776770000000000E+09   1.3267852705412853E+05   6.8426715281060491E-10   6.5389239044448072E-25   6.9043771215568722E+03
   1.0796770000000000E+09   1.3340507395467034E+05   6.7662725778827720E-10   6.4625704214735016E-25   6.9079517588888139E+03
   1.0816770000000000E+09   1.3413192666493874E+05   6.6909752246556920E-10   6.3873722124644377E-25   6.9114996834802951E+03
   1.0836770000000000E+09   1.3485908176986632E+05   6.6167600359771878E-10   6.3133078268844853E-25   6.9150211796616140E+03
   1.0856770000000000E+09   1.3558653615303792E+05   6.5436079811474159E-10   6.2403562830750507E-25   6.9185165277144488E+03
   1.0876770000000000E+09   1.3631428699617230E+05   6.4715004219570932E-10   6.1684970567017001E-25   6.9219860039456034E+03
   1.0896770000000000E+09   1.3704233177586787E+05   6.4004191036792572E-10   6.0977100695346802E-25   6.9254298807589612E+03
   1.0916770000000000E+09   1.3777066825749015E+05   6.3303461462989480E-10   6.0279756785459389E-25   6.9288484267259073E+03
   1.0936770000000000E+09   1.3849929448632256E+05   6.2612640359806845E-10   5.9592746653191922E-25   6.9322419066542188E+03
   1.0956770000000000E+09   1.3922820877622318E+05   6.1931556167768354E-10   5.8915882257728611E-25   6.9356105816553263E+03
   1.0976770000000000E+09   1.3995740969598602E+05   6.1260040825791710E-10   5.8248979601947133E-25   6.9389547092102102E+03
   1.0996770000000000E+09   1.4068689605351014E+05   6.0597929693096791E-10   5.7591858635816902E-25   6.9422745432337570E+03
   1.1016770000000000E+09   1.4141666687771049E+05   5.9945061473425870E-10   5.6944343162742136E-25   6.9455703341377694E+03
   1.1036770000000000E+09   1.4214672139799502E+05   5.9301278141447190E-10   5.6306260748700175E-25   6.9488423288926188E+03
   1.1056770000000000E+09   1.4287705902100640E+05   5.8666424871210277E-10   5.5677442634024419E-25   6.9520907710874708E+03
   1.1076770000000000E+09   1.4360767930429956E+05   5.8040349966528194E-10   5.5057723647686599E-25   6.9553159009892333E+03
   1.1096770000000000E+09   1.4433858192657444E+05   5.7422904793196058E-10   5.4446942123966545E-25   6.9585179556004950E+03
   1.1116770000000000E+09   1.4506976665410851E+05   5.6813943712974164E-10   5.3844939821424278E-25   6.9616971687156565E+03
   1.1136770000000000E+09   1.4580123330302909E+05   5.6213324019316018E-10   5.3251561844123901E-25   6.9648537709764496E+03
   1.1156770000000000E+09   1.4653298169709084E+05   5.5620905874821097E-10   5.2666656565076468E-25   6.9679879899259258E+03
   1.1176770000000000E+09   1.4726501162064480E+05   5.5036552250426897E-10   5.2090075551890050E-25   6.9711000500614227E+03
   1.1196770000000000E+09   1.4799732276654814E+05   5.4460128866343755E-10   5.1521673494611742E-25   6.9741901728863759E+03
   1.1216770000000000E+09   1.4872991467880449E+05   5.3891504134741804E-10   5.0961308135750320E-25   6.9772585769609868E+03
   1.1236770000000000E+09   1.4946278668982125E+05   5.3330549104187189E-10   5.0408840202456490E-25   6.9803054779519789E+03
   1.1256770000000000E+09   1.5019593785229043E+05   5.2777137405802942E-10   4.9864133340821194E-25   6.9833310886811460E+03
   1.1276770000000000E+09   1.5092936686584531E+05   5.2231145201115346E-10   4.9327054052234997E-25   6.9863356191729199E+03
   1.1296770000000000E+09   1.5166307199882131E+05   5.1692451131517917E-10   4.8797471631727596E-25   6.9893192767010187E+03
   1.1316770000000000E+09   1.5239705100566387E+05   5.1160936269256791E-10   4.8275258108180677E-25   6.9922822658340829E+03
   1.1336770000000000E+09   1.5313130104077188E+05   5.0636484069809396E-10   4.7760288186276777E-25   6.9952247884803137E+03
   1.1356770000000000E+09   1.5386581856982197E+05   5.0118980325496971E-10   4.7252439190019057E-25   6.9981470439312861E+03
   1.1376770000000000E+09   1.5460059927991734E+05   4.9608313120134552E-10   4.6751591007622840E-25   7.0010492289047716E+03
   1.1396770000000000E+09   1.5533563799018742E+05   4.9104372784493876E-10   4.6257626037553842E-25   7.0039315375867391E+03
   1.1416770000000000E+09   1.5607092856478508E+05   4.8607051852317582E-10   4.5770429135455520E-25   7.0067941616724202E+03
   1.1436770000000000E+09   1.5680646383051123E+05   4.8116245016603446E-10   4.5289887561687769E-25   7.0096372904066893E+03
   1.1456770000000000E+09   1.5754223550157534E+05   4.7631849085850538E-10   4.4815890929179920E-25   7.0124611106234297E+03
   1.1476770000000000E+09   1.5827823411423966E+05   4.7153762939950213E-10   4.4348331151288157E-25   7.0152658067842685E+03
   1.1496770000000000E+09   1.5901444897426647E+05   4.6681887485402351E-10   4.3887102389350878E-25   7.0180515610164794E+03
   1.1516770000000000E+09   1.5975086812021723E+05   4.6216125609541263E-10   4.3432100999638548E-25   7.0208185531500994E+03
   1.1536770000000000E+09   1.6048747830564648E+05   4.5756382133485152E-10   4.2983225479422702E-25   7.0235669607544423E+03
   1.1556770000000000E+09   1.6122426500316092E+05   4.5302563763551120E-10   4.2540376411919559E-25   7.0262969591736310E+03
   1.1576770000000000E+09   1.6196121243307946E+05   4.4854579040938511E-10   4.2103456409915789E-25   7.0290087215617696E+03
   1.1596770000000000E+09   1.6269830361907269E+05   4.4412338289543874E-10   4.1672370057948229E-25   7.0317024189172171E+03
   1.1616770000000000E+09   1.6343552047264681E+05   4.3975753561859696E-10   4.1247023852987974E-25   7.0343782201163467E+03
   1.1636770000000000E+09   1.6417284390767210E+05   4.3544738583003363E-10   4.0827326143671071E-25   7.0370362919465942E+03
   1.1656770000000000E+09   1.6491025398535008E+05   4.3119208693032488E-10   4.0413187068219267E-25   7.0396767991388997E+03
   1.1676770000000000E+09   1.6564773008906044E+05   4.2699080787823203E-10   4.0004518491307030E-25   7.0422999043995778E+03
   1.1696770000000000E+09   1.6638525112749427E+05   4.2284273258905161E-10   3.9601233940240053E-25   7.0449057684416794E+03
   1.1716770000000000E+09   1.6712279576335254E+05   4.1874705932769413E-10   3.9203248540924650E-25   7.0474945500157564E+03
   1.1736770000000000E+09   1.6786034266375392E+05   4.1470300010273118E-10   3.8810478954207583E-25   7.0500664059398923E+03
   1.1756770000000000E+09   1.6859787076738288E+05   4.1070978006865948E-10   3.8422843313254130E-25   7.0526214911296147E+03
   1.1776770000000000E+09   1.6933535956239630E+05   4.0676663694427633E-10   3.8040261162698305E-25   7.0551599586269804E+03
   1.1796770000000000E+09   1.7007278936825437E+05   4.0287282045552792E-10   3.7662653400335225E-25   7.0576819596291425E+03
   1.1816770000000000E+09   1.7081014161398599E+05   3.9902759181131154E-10   3.7289942222134192E-25   7.0601876435167378E+03
   1.1836770000000000E+09   1.7154739910506099E+05   3.9523022322029078E-10   3.6922051071315480E-25   7.0626771578814942E+03
   1.1856770000000000E+09   1.7228454627098344E+05   3.9147999745615707E-10   3.6558904592167202E-25   7.0651506485534446E+03
   1.1876770000000000E+09   1.7302156938603290E+05   3.8777620747760738E-10   3.6200428589171217E-25   7.0676082596277811E+03
   1.1896770000000000E+09   1.7375845675622829E+05   3.8411815610782233E-10   3.5846549991868046E-25   7.0700501334910987E+03
   1.1916770000000000E+09   1.7449519886658923E+05   3.8050515577647557E-10   3.5497196825723756E-25   7.0724764108473219E+03
   1.1936770000000000E+09   1.7523178848402970E+05   3.7693652832531753E-10   3.5152298189079058E-25   7.0748872307430320E+03
   1.1956770000000000E+09   1.7596822071274035E+05   3.7341160487632297E-10   3.4811784236066403E-25   7.0772827305925239E+03
   1.1976770000000000E+09   1.7670449300056853E+05   3.6992972575930145E-10   3.4475586165190424E-25   7.0796630462022576E+03
   1.1996770000000000E+09   1.7744060509661661E+05   3.6649024049399017E-10   3.4143636213090022E-25   7.0820283117949357E+03
   1.2016770000000000E+09   1.7817655896198101E+05   3.6309250781993737E-10   3.3815867652844616E-25   7.0843786600331778E+03
   1.2036770000000000E+09   1.7891235863715745E+05   3.5973589576605926E-10   3.3492214796056383E-25   7.0867142220426440E+03
   1.2056770000000000E+09   1.7964801007102052E+05   3.5641978175080624E-10   3.3172612997853760E-25   7.0890351274348050E+03
   1.2076770000000000E+09   1.8038352091750834E+05   3.5314355270316656E-10   3.2856998663898646E-25   7.0913415043292871E+03
   1.2096770000000000E+09   1.8111890030704215E+05   3.4990660519452937E-10   3.2545309258464156E-25   7.0936334793757051E+03
   1.2116770000000000E+09   1.8185415860035564E+05   3.4670834557157199E-10   3.2237483312663290E-25   7.0959111777752696E+03
   1.2136770000000000E+09   1.8258930713273009E+05   3.4354819008079106E-10   3.1933460431958062E-25   7.0981747233015849E+03
   1.2156770000000000E+09   1.8332435795666109E+05   3.4042556497617578E-10   3.1633181302155598E-25   7.1004242383215824E+03
   1.2176770000000000E+09   1.8405932359068276E+05   3.3733990660252661E-10   3.1336587693201620E-25   7.1026598438156379E+03
   1.2196770000000000E+09   1.8479421678147040E+05   3.3429066144834479E-10   3.1043622460208889E-25   7.1048816593974279E+03
   1.2216770000000000E+09   1.8552905028545420E+05   3.3127728616371896E-10   3.0754229541301325E-25   7.1070898033334843E+03
   1.2236770000000000E+09   1.8626383667499392E+05   3.2829924754032506E-10   3.0468353952013471E-25   7.1092843925621983E+03
   1.2256770000000000E+09   1.8699858817278250E+05   3.2535602245245057E-10   3.0185941776148876E-25   7.1114655427127127E+03
   1.2276770000000000E+09   1.8773331651661373E+05   3.2244709775967242E-10   2.9906940153163776E-25   7.1136333681233536E+03
   1.2296770000000000E+09   1.8846803285507171E+05   3.1957197017347022E-10   2.9631297262294120E-25   7.1157879818595338E+03
   1.2316770000000000E+09   1.8920274767319611E+05   3.1673014609150434E-10   2.9358962303774509E-25   7.1179294957317761E+03
   1.2336770000000000E+09   1.8993747074585274E+05   3.1392114140434082E-10   2.9089885477600239E-25   7.1200580203129939E+03
   1.2356770000000000E+09   1.9067221111553401E+05   3.1114448128015162E-10   2.8824017960345528E-25   7.1221736649556260E+03
   1.2376770000000000E+09   1.9140697709061397E+05   3.0839969993321793E-10   2.8561311880579555E-25   7.1242765378086742E+03
   1.2396770000000000E+09   1.9214177625980353E+05   3.0568634038193140E-10   2.8301720293410815E-25   7.1263667458340669E+03
   1.2416770000000000E+09   1.9287661551860956E+05   3.0300395420157568E-10   2.8045197154645077E-25   7.1284443948231201E+03
   1.2436770000000000E+09   1.9361150110390282E+05   3.0035210127646542E-10   2.7791697294982003E-25   7.1305095894124252E+03
   1.2456770000000000E+09   1.9434643863323447E+05   2.9773034955523147E-10   2.7541176394596283E-25   7.1325624330997043E+03
   1.2476770000000000E+09   1.9508143314614019E+05   2.9513827481215881E-10   2.7293590958370845E-25   7.1346030282592892E+03
   1.2496770000000000E+09   1.9581648914525675E+05   2.9257546041672948E-10   2.7048898291977071E-25   7.1366314761573367E+03
   1.2516770000000000E+09   1.9655161063563789E+05   2.9004149711283725E-10   2.6807056478933850E-25   7.1386478769668893E+03
   1.2536770000000000E+09   1.9728680116115199E+05   2.8753598280853559E-10   2.6568024358721995E-25   7.1406523297825688E+03
   1.2556770000000000E+09   1.9802206383723617E+05   2.8505852237675451E-10   2.6331761505989666E-25   7.1426449326351458E+03
   1.2576770000000000E+09   1.9875740137961347E+05   2.8260872746706036E-10   2.6098228210852732E-25   7.1446257825057401E+03
   1.2596770000000000E+09   1.9949281612890371E+05   2.8018621632821765E-10   2.5867385460263403E-25   7.1465949753399182E+03
   1.2616770000000000E+09   2.0022831007121498E+05   2.7779061364115373E-10   2.5639194920407015E-25   7.1485526060615921E+03
   1.2636770000000000E+09   2.0096388485499864E+05   2.7542155036175735E-10   2.5413618920072022E-25   7.1504987685865108E+03
   1.2656770000000000E+09   2.0169954180448898E+05   2.7307866357292609E-10   2.5190620434935110E-25   7.1524335558356115E+03
   1.2676770000000000E+09   2.0243528193005006E+05   2.7076159634529514E-10   2.4970163072705599E-25   7.1543570597484504E+03
   1.2696770000000000E+09   2.0317110593570038E+05   2.6846999760606714E-10   2.4752211059076176E-25   7.1562693712957116E+03
   1.2716770000000000E+09   2.0390701422393159E+05   2.6620352201561642E-10   2.4536729224441975E-25   7.1581705804924004E+03
   1.2736770000000000E+09   2.0464300689789181E+05   2.6396182985143032E-10   2.4323682991350604E-25   7.1600607764101205E+03
   1.2756770000000000E+09   2.0537908376088491E+05   2.6174458689915847E-10   2.4113038362656044E-25   7.1619400471895497E+03
   1.2776770000000000E+09   2.0611524431310082E+05   2.5955146435047561E-10   2.3904761910348938E-25   7.1638084800525230E+03
   1.2796770000000000E+09   2.0685148774546070E+05   2.5738213870750177E-10   2.3698820765036901E-25   7.1656661613139704E+03
   1.2816770000000000E+09   2.0758781293044816E+05   2.5523629169349933E-10   2.3495182606046760E-25   7.1675131763937507E+03
   1.2836770000000000E+09   2.0832421840978754E+05   2.5311361016952784E-10   2.3293815652118075E-25   7.1693496098281885E+03
   1.2856770000000000E+09   2.0906070237875549E+05   2.5101378605677602E-10   2.3094688652659707E-25   7.1711755452815196E+03
   1.2876770000000000E+09   2.0979726266686679E+05   2.4893651626427645E-10   2.2897770879541472E-25   7.1729910655569820E+03
   1.2896770000000000E+09   2.1053389671454730E+05   2.4688150262178493E-10   2.2703032119397350E-25   7.1747962526080883E+03
   1.2916770000000000E+09   2.1127060154524463E+05   2.4484845181764271E-10   2.2510442666424971E-25   7.1765911875492129E+03
   1.2936770000000000E+09   2.1200737373221802E+05   2.4283707534161552E-10   2.2319973315675774E-25   7.1783759506665783E+03
   1.2956770000000000E+09   2.1274420935896572E+05   2.4084708943278898E-10   2.2131595356845378E-25   7.1801506214284636E+03
   1.2976770000000000E+09   2.1348110397197271E+05   2.3887821503283774E-10   2.1945280568588295E-25   7.1819152784958387E+03
   1.2996770000000000E+09   2.1421805252429127E+05   2.3693017774500401E-10   2.1761001213389259E-25   7.1836699997324204E+03
   1.3016770000000000E+09   2.1495504930858850E+05   2.3500270779908424E-10   2.1578730033015182E-25   7.1854148622147659E+03
   1.3036770000000000E+09   2.1569208787903609E+05   2.3309554002223062E-10   2.1398440244529433E-25   7.1871499422420065E+03
   1.3056770000000000E+09   2.1642916096316004E+05   2.3120841381433760E-10   2.1220105536751695E-25   7.1888753153458156E+03
   1.3076770000000000E+09   2.1716626036789487E+05   2.2934107312488292E-10   2.1043700066877071E-25   7.1905910562997406E+03
   1.3096770000000000E+09   2.1790337688886514E+05   2.2749326642537667E-10   2.0869198456713834E-25   7.1922972391286621E+03
   1.3116770000000000E+09   2.1864050023833345E+05   2.2566474666793238E-10   2.0696575787669790E-25   7.1939939371181481E+03
   1.3136770000000000E+09   2.1937761901462171E+05   2.2385527121650768E-10   2.0525807593255039E-25   7.1956812228234185E+03
   1.3156770000000000E+09   2.2011472074278066E+05   2.2206460173392057E-10   2.0356869847553735E-25   7.1973591680785039E+03
   1.3176770000000000E+09   2.2085179202031301E+05   2.2029250400625092E-10   2.0189738947987610E-25   7.1990278440048969E+03
   1.3196770000000000E+09   2.2158881879981695E+05   2.1853874768854195E-10   2.0024391690905617E-25   7.2006873210204503E+03
   1.3216770000000000E+09   2.2232578682902598E+05   2.1680310596349558E-10   1.9860805239254296E-25   7.2023376688479602E+03
   1.3236770000000000E+09   2.2306268224554317E+05   2.1508535511931488E-10   1.9698957082909042E-25   7.2039789565235733E+03
   1.3256770000000000E+09   2.2379949228886698E+05   2.1338527407328957E-10   1.9538824994116986E-25   7.2056112524055134E+03
   1.3276770000000000E+09   2.2453620605047219E+05   2.1170264389117824E-10   1.9380386982648361E-25   7.2072346241822370E+03
   1.3296770000000000E+09   2.2527281514344027E+05   2.1003724737312647E-10   1.9223621257131516E-25   7.2088491388808643E+03
   1.3316770000000000E+09   2.2600931415036027E+05   2.0838886878664270E-10   1.9068506199929077E-25   7.2104548628754037E+03
   1.3336770000000000E+09   2.2674570071696155E+05   2.0675729381812348E-10   1.8915020362066225E-25   7.2120518618949654E+03
   1.3356770000000000E+09   2.2748197520978525E+05   2.0514230978142601E-10   1.8763142481688680E-25   7.2136402010314459E+03
   1.3376770000000000E+09   2.2821813994792700E+05   2.0354370606723798E-10   1.8612851524507923E-25   7.2152199447479234E+03
   1.3396770000000000E+09   2.2895419813389605E+05   2.0196127475150314E-10   1.8464126738715479E-25   7.2167911568860081E+03
   1.3416770000000000E+09   2.2969015271265345E+05   2.0039481122526213E-10   1.8316947711750887E-25   7.2183539006736028E+03
   1.3436770000000000E+09   2.3042600543870530E+05   1.9884411468494620E-10   1.8171294414217531E-25   7.2199082387320477E+03
   1.3456770000000000E+09   2.3116175639470966E+05   1.9730898834912448E-10   1.8027147218738568E-25   7.2214542330833274E+03
   1.3476770000000000E+09   2.3189740407532657E+05   1.9578923934576381E-10   1.7884486888708251E-25   7.2229919451572287E+03
   1.3496770000000000E+09   2.3263294596104693E+05   1.9428467832198253E-10   1.7743294541758494E-25   7.2245214357984214E+03
   1.3516770000000000E+09   2.3336837932880758E+05   1.9279511892589222E-10   1.7603551601654995E-25   7.2260427652728913E+03
   1.3536770000000000E+09   2.3410370196022975E+05   1.9132037735342274E-10   1.7465239756242403E-25   7.2275559932750157E+03
   1.3556770000000000E+09   2.3483891246553967E+05   1.8986027211596931E-10   1.7328340935632741E-25   7.2290611789340137E+03
   1.3576770000000000E+09   2.3557401012824723E+05   1.8841462407779800E-10   1.7192837315037155E-25   7.2305583808205984E+03
   1.3596770000000000E+09   2.3630899440792683E+05   1.8698325668343394E-10   1.7058711334900855E-25   7.2320476569533776E+03
   1.3616770000000000E+09   2.3704386439608809E+05   1.8556599621032429E-10   1.6925945723284747E-25   7.2335290648053106E+03
   1.3636770000000000E+09   2.3777861851412102E+05   1.8416267188750840E-10   1.6794523505983357E-25   7.2350026613100608E+03
   1.3656770000000000E+09   2.3851325457437892E+05   1.8277311581377982E-10   1.6664427998360707E-25   7.2364685028689400E+03
   1.3676770000000000E+09   2.3924777009799707E+05   1.8139716273238447E-10   1.6535642784157603E-25   7.2379266453572800E+03
   1.3696770000000000E+09   2.3998216264082669E+05   1.8003464979636959E-10   1.6408151693511749E-25   7.2393771441319413E+03
   1.3716770000000000E+09   2.4071642991226012E+05   1.7868541644173523E-10   1.6281938790853688E-25   7.2408200540376447E+03
   1.3736770000000000E+09   2.4145056964854506E+05   1.7734930439260161E-10   1.6156988374841116E-25   7.2422554294134470E+03
   1.3756770000000000E+09   2.4218457938569455E+05   1.7602615772536410E-10   1.6033284983650954E-25   7.2436833240982287E+03
   1.3776770000000000E+09   2.4291845632880519E+05   1.7471582288984978E-10   1.5910813396342855E-25   7.2451037914340504E+03
   1.3796770000000000E+09   2.4365219740469498E+05   1.7341814864051092E-10   1.5789558626040577E-25   7.2465168842687444E+03
   1.3816770000000000E+09   2.4438579941616140E+05   1.7213298591687529E-10   1.5669505908530317E-25   7.2479226549569485E+03
   1.3836770000000000E+09   2.4511925913187611E+05   1.7086018775610740E-10   1.5550640693819977E-25   7.2493211553612000E+03
   1.3856770000000000E+09   2.4585257319139320E+05   1.6959960929592116E-10   1.5432948645941040E-25   7.2507124368554869E+03
   1.3876770000000000E+09   2.4658573776124534E+05   1.6835110788791657E-10   1.5316415652808400E-25   7.2520965503335447E+03
   1.3896770000000000E+09   2.4731874770115508E+05   1.6711454340053129E-10   1.5201027853372037E-25   7.2534735462257840E+03
   1.3916770000000000E+09   2.4805159424211079E+05   1.6588977908895052E-10   1.5086771716507168E-25   7.2548434745239319E+03
   1.3936770000000000E+09   2.4878425818105467E+05   1.6467668419385571E-10   1.4973634277588049E-25   7.2562063848111984E+03
   1.3956770000000000E+09   2.4951669077889100E+05   1.6347514129774055E-10   1.4861603808737073E-25   7.2575623262880881E+03
   1.3976770000000000E+09   2.5024876345836080E+05   1.6228506574423971E-10   1.4750671588032432E-25   7.2589113477764568E+03
   1.3996770000000000E+09   2.5098014401180754E+05   1.6110645345871139E-10   1.4640836254489745E-25   7.2602534976777233E+03
   1.4016770000000000E+09   2.5171001420866317E+05   1.5993949012847327E-10   1.4532113745523660E-25   7.2615888238617745E+03
   1.4036770000000000E+09   2.5243648149828170E+05   1.5878477909539281E-10   1.4424558025654224E-25   7.2629173734726182E+03
   1.4056770000000000E+09   2.5315548594393197E+05   1.5764376635574135E-10   1.4318299712568721E-25   7.2642391926650489E+03
   1.4076770000000000E+09   2.5385906252341889E+05   1.5651942078329839E-10   1.4213607833478842E-25   7.2655543263403315E+03
   1.4096770000000000E+09   2.5453318748324155E+05   1.5541708891793759E-10   1.4110967295365491E-25   7.2668628180204005E+03
   1.4116770000000000E+09   2.5515633047029102E+05   1.5434509864785658E-10   1.4011133297801354E-25   7.2681647100777991E+03
   1.4136770000000000E+09   2.5570111465366557E+05   1.5331417324685226E-10   1.3915077441529784E-25   7.2694600445472270E+03
   1.4156770000000000E+09   2.5614199972550911E+05   1.5233446254396104E-10   1.3823717489934752E-25   7.2707488645302901E+03
   1.4176770000000000E+09   2.5646929169649904E+05   1.5140993100977527E-10   1.3737407936503530E-25   7.2720312155134488E+03
   1.4196770000000000E+09   2.5670274885849105E+05   1.5053261056037802E-10   1.3655419890699437E-25   7.2733071446244376E+03
   1.4216770000000000E+09   2.5689159760822717E+05   1.4968209943115329E-10   1.3575898420378939E-25   7.2745766946818940E+03
   1.4236770000000000E+09   2.5709416134369178E+05   1.4883369969241254E-10   1.3496602819799293E-25   7.2758398915966691E+03
   1.4256770000000000E+09   2.5735345424186761E+05   1.4796925599387966E-10   1.3415888411007020E-25   7.2770967335799342E+03
   1.4276770000000000E+09   2.5769884539778758E+05   1.4707772347988812E-10   1.3332754549125455E-25   7.2783472123622178E+03
   1.4296770000000000E+09   2.5817355341323229E+05   1.4614417302687401E-10   1.3245847443904459E-25   7.2795914092281100E+03
   1.4316770000000000E+09   2.5882488028388901E+05   1.4514439909876344E-10   1.3152975701507018E-25   7.2808296397718705E+03
   1.4336770000000000E+09   2.5979342812484046E+05   1.4409697438247704E-10   1.3055828577397412E-25   7.2820624170233650E+03
   1.4356770000000000E+09   2.5966664181925150E+05   1.4265560821727067E-10   1.2923037079778692E-25   7.2832878645098262E+03
