   1.0000000000001425E+02   1.0000000000000000E-02 800 10001
  80.4798129794941701  20.1994512522668508
   6.1743000000000000E+09  -8.9305161185701354E+02   9.9193607471588122E-10   3.6073339899288064E-20   1.0000598938504299E+03
   6.1818000000000000E+09  -2.3772300341587588E+03   9.9012359327825920E-10   3.6003457866838174E-20   1.0001701190226426E+03
   6.1893000000000000E+09  -4.3017346025807537E+03   9.8735689748242249E-10   3.5897399401692482E-20   1.0003220846067632E+03
   6.1968000000000000E+09  -6.5608344435922309E+03   9.8360350761696784E-10   3.5754354296323384E-20   1.0005062575423942E+03
   6.2043000000000000E+09  -8.9685622136968614E+03   9.7883293199318954E-10   3.5573607601634065E-20   1.0007125398233228E+03
   6.2118000000000000E+09  -1.1269833220559807E+04   9.7302080545886974E-10   3.5354604329937732E-20   1.0009325789086804E+03
   6.2193000000000000E+09  -1.3377032407382920E+04   9.6615119080135081E-10   3.5096996738475146E-20   1.0011607567573610E+03
   6.2268000000000000E+09  -1.5337634233073581E+04   9.5821503574522825E-10   3.4800633716033721E-20   1.0013929015466878E+03
   6.2343000000000000E+09  -1.7188914992934417E+04   9.4920919217963558E-10   3.4465553234333720E-20   1.0016254732511819E+03
   6.2418000000000000E+09  -1.8960222666864978E+04   9.3913582371096996E-10   3.4091977549647165E-20   1.0018550535093203E+03
   6.2493000000000000E+09  -2.0674585470782411E+04   9.2800203601651964E-10   3.3680310682748476E-20   1.0020779821292846E+03
   6.2568000000000000E+09  -2.2349882919985786E+04   9.1581968107012921E-10   3.3231137719776900E-20   1.0022901025686164E+03
   6.2643000000000000E+09  -2.3999714007560411E+04   9.0260525279145114E-10   3.2745225521732507E-20   1.0024865406906048E+03
   6.2718000000000000E+09  -2.5633950929923816E+04   8.8837995592155954E-10   3.2223524460786076E-20   1.0026616196998611E+03
   6.2793000000000000E+09  -2.7258985923095592E+04   8.7316977985657541E-10   3.1667170898664594E-20   1.0028087400161222E+03
   6.2868000000000000E+09  -2.8877900605446055E+04   8.5700548909849813E-10   3.1077490199551406E-20   1.0029201227632988E+03
   6.2943000000000000E+09  -3.0490677009126313E+04   8.3992258863450233E-10   3.0456000045997781E-20   1.0029864744909796E+03
   6.3018000000000000E+09  -3.2094378764452329E+04   8.2213526800210833E-10   2.9805304162282607E-20   1.0031789267626036E+03
   6.3093000000000000E+09  -3.3683296294222193E+04   8.0452193204930124E-10   2.9155498621658063E-20   1.0035663584054837E+03
   6.3168000000000000E+09  -3.5249714254709506E+04   7.8774503199008166E-10   2.8533999786183801E-20   1.0040415813092911E+03
   6.3243000000000000E+09  -3.6785511530766125E+04   7.7176398942626041E-10   2.7939076219365927E-20   1.0046184453563428E+03
   6.3318000000000000E+09  -3.8282913052344178E+04   7.5653961332580846E-10   2.7369058967445644E-20   1.0053111227350325E+03
   6.3393000000000000E+09  -3.9734636159813468E+04   7.4203409708035781E-10   2.6822345115814877E-20   1.0061339311509220E+03
   6.3468000000000000E+09  -4.1134017235143052E+04   7.2821098870642112E-10   2.6297400483887886E-20   1.0071011400653282E+03
   6.3543000000000000E+09  -4.2475100800685213E+04   7.1503516645165008E-10   2.5792761556717839E-20   1.0082268014807407E+03
   6.3618000000000000E+09  -4.3752693482523049E+04   7.0247281860894267E-10   2.5307036740087519E-20   1.0095246053057823E+03
   6.3693000000000000E+09  -4.4962399869531146E+04   6.9049143081434610E-10   2.4838907014514376E-20   1.0110077652865743E+03
   6.3768000000000000E+09  -4.6100641939647678E+04   6.7905978165862408E-10   2.4387126055975694E-20   1.0126889381636089E+03
   6.3843000000000000E+09  -4.7164663816471977E+04   6.6814794655006787E-10   2.3950519884960040E-20   1.0145801771820497E+03
   6.3918000000000000E+09  -4.8152523708463974E+04   6.5772730885510311E-10   2.3527986100041324E-20   1.0166929193710303E+03
   6.3993000000000000E+09  -4.9063074907869239E+04   6.4777057640219646E-10   2.3118492747377274E-20   1.0190380041000275E+03
   6.4068000000000000E+09  -4.9895937752412996E+04   6.3825180086349705E-10   2.2721076873352790E-20   1.0216257189440472E+03
   6.4143000000000000E+09  -5.0651464409236898E+04   6.2914639686854053E-10   2.2334842803846095E-20   1.0244658671926049E+03
   6.4218000000000000E+09  -5.1330698311495842E+04   6.2043115749429414E-10   2.1958960190316575E-20   1.0275678502689557E+03
   6.4293000000000000E+09  -5.1935329976303219E+04   6.1208426246914827E-10   2.1592661859925393E-20   1.0309407570741976E+03
   6.4368000000000000E+09  -5.2467650863475443E+04   6.0408527561447833E-10   2.1235241504257465E-20   1.0345934517907237E+03
   6.4443000000000000E+09  -5.2930506787915037E+04   5.9641512808331252E-10   2.0886051238746442E-20   1.0385346509728072E+03
   6.4518000000000000E+09  -5.3327252305280985E+04   5.8905608447406385E-10   2.0544499062696467E-20   1.0427729808693643E+03
   6.4593000000000000E+09  -5.3661707312091326E+04   5.8199168916154197E-10   2.0210046247676803E-20   1.0473170056662150E+03
   6.4668000000000000E+09  -5.3938117000413949E+04   5.7520669089917072E-10   1.9882204680150206E-20   1.0521752178923925E+03
   6.4743000000000000E+09  -5.4161116108848568E+04   5.6868694409652218E-10   1.9560534182312008E-20   1.0573559822334362E+03
   6.4818000000000000E+09  -5.4335698318573261E+04   5.6241928596200167E-10   1.9244639833403034E-20   1.0628674248228558E+03
   6.4893000000000000E+09  -5.4467191435259265E+04   5.5639138904637528E-10   1.8934169312040397E-20   1.0687172602014105E+03
   6.4968000000000000E+09  -5.4561234348689912E+04   5.5059158953175685E-10   1.8628810278668929E-20   1.0749125491629700E+03
   6.5043000000000000E+09  -5.4623747654004525E+04   5.4500870665217755E-10   1.8328287815811330E-20   1.0814594101363236E+03
   6.5118000000000000E+09  -5.4660898397613841E+04   5.3963187907778174E-10   1.8032361941404276E-20   1.0883627313268917E+03
   6.5193000000000000E+09  -5.4679065142826817E+04   5.3445042819885465E-10   1.7740825207288639E-20   1.0956259048620241E+03
   6.5268000000000000E+09  -5.4684802546861931E+04   5.2945374841447729E-10   1.7453500392768823E-20   1.1032505865180331E+03
   6.5343000000000000E+09  -5.4683752635049903E+04   5.2463122497545802E-10   1.7170238301406927E-20   1.1112364859239228E+03
   6.5418000000000000E+09  -5.4674838718143124E+04   5.1997218086035873E-10   1.6890915667348893E-20   1.1195811947213988E+03
   6.5493000000000000E+09  -5.4651312373977235E+04   5.1546584370374861E-10   1.6615432973301011E-20   1.1282800519414407E+03
   6.5568000000000000E+09  -5.4606578901802233E+04   5.1110129035969999E-10   1.6343711302093719E-20   1.1373260193832512E+03
   6.5643000000000000E+09  -5.4534280754335428E+04   5.0686742957738118E-10   1.6075689393429936E-20   1.1467096267828983E+03
   6.5718000000000000E+09  -5.4428376010488231E+04   5.0275302423168753E-10   1.5811320909843744E-20   1.1564189990386471E+03
   6.5793000000000000E+09  -5.4283211675496161E+04   4.9874675315630218E-10   1.5550571913664823E-20   1.1664399757883336E+03
   6.5868000000000000E+09  -5.4093591489889332E+04   4.9483731251280692E-10   1.5293418554791234E-20   1.1767563342798951E+03
   6.5943000000000000E+09  -5.3854838240902813E+04   4.9101355481265647E-10   1.5039844967199204E-20   1.1873501229899898E+03
   6.6018000000000000E+09  -5.3562850532392746E+04   4.8726463914024038E-10   1.4789841370484860E-20   1.1982020533525549E+03
   6.6093000000000000E+09  -5.3214153849828414E+04   4.8358016384232445E-10   1.4543402371250660E-20   1.2092918833405988E+03
   6.6168000000000000E+09  -5.2805945649190864E+04   4.7995027998550778E-10   1.4300525457913542E-20   1.2205987859527006E+03
   6.6243000000000000E+09  -5.2336134245658905E+04   4.7636578569106920E-10   1.4061209681400285E-20   1.2321016993896108E+03
   6.6318000000000000E+09  -5.1803371215043808E+04   4.7281820368344723E-10   1.3825454513302727E-20   1.2437796611726485E+03
   6.6393000000000000E+09  -5.1207077068989754E+04   4.6929984285431009E-10   1.3593258872287269E-20   1.2556121247406286E+03
   6.6468000000000000E+09  -5.0547459931209261E+04   4.6580384704856609E-10   1.3364620308978975E-20   1.2675792634815900E+03
   6.6543000000000000E+09  -4.9825527000219568E+04   4.6232423198832096E-10   1.3139534339057578E-20   1.2796622616090247E+03
   6.6618000000000000E+09  -4.9043088579824158E+04   4.5885591399890922E-10   1.2917993914006341E-20   1.2918435990427795E+03
   6.6693000000000000E+09  -4.8202754540191185E+04   4.5539473110728692E-10   1.2699989018721059E-20   1.3041073297081841E+03
   6.6768000000000000E+09  -4.7307923049638492E+04   4.5193746038500946E-10   1.2485506385127478E-20   1.3164393622961193E+03
   6.6843000000000000E+09  -4.6362750025283611E+04   4.4848183144467722E-10   1.2274529310935036E-20   1.3288277421524756E+03
   6.6918000000000000E+09  -4.5374152493142683E+04   4.4502654006479735E-10   1.2067037572603042E-20   1.3412629451236553E+03
   6.6993000000000000E+09  -4.4387730881824122E+04   4.4157074370872440E-10   1.1863007418380141E-20   1.3537365952088030E+03
   6.7068000000000000E+09  -4.3442171257960865E+04   4.3811304388026542E-10   1.1662411904849440E-20   1.3662383984102437E+03
   6.7143000000000000E+09  -4.2533158266706276E+04   4.3465139596141833E-10   1.1465226086099920E-20   1.3787551111112416E+03
   6.7218000000000000E+09  -4.1656768767468682E+04   4.3118332177952100E-10   1.1271426237357085E-20   1.3912710889007062E+03
   6.7293000000000000E+09  -4.0809441584825028E+04   4.2770609215954226E-10   1.1080989205858835E-20   1.4037687955575466E+03
   6.7368000000000000E+09  -3.9987948269232067E+04   4.2421686882311154E-10   1.0893891874653265E-20   1.4162292290225964E+03
   6.7443000000000000E+09  -3.9189365388725761E+04   4.2071276733377067E-10   1.0710110726020780E-20   1.4286321216940137E+03
   6.7518000000000000E+09  -3.8411049976938593E+04   4.1719086707485519E-10   1.0529621492409626E-20   1.4409559755753376E+03
   6.7593000000000000E+09  -3.7650617600315803E+04   4.1364822741188182E-10   1.0352398883840210E-20   1.4531781195880176E+03
   6.7668000000000000E+09  -3.6905921570625374E+04   4.1008190632462181E-10   1.0178416381969406E-20   1.4652747787434628E+03
   6.7743000000000000E+09  -3.6175033161082814E+04   4.0648898277329275E-10   1.0007646091855798E-20   1.4772211613118338E+03
   6.7818000000000000E+09  -3.5456222937192550E+04   4.0286657999248955E-10   9.8400586434625354E-21   1.4889915557386316E+03
   6.7893000000000000E+09  -3.4747943004090906E+04   3.9921189072066695E-10   9.6756231356161136E-21   1.5005594420868529E+03
   6.7968000000000000E+09  -3.4048810338158895E+04   3.9552220215332357E-10   9.5143071160055618E-21   1.5118976109815264E+03
   6.8043000000000000E+09  -3.3357591009373959E+04   3.9179492141813622E-10   9.3560765913380217E-21   1.5229782936493730E+03
   6.8118000000000000E+09  -3.2673185552320621E+04   3.8802759982158682E-10   9.2008960625202170E-21   1.5337732969519909E+03
   6.8193000000000000E+09  -3.1994615265142329E+04   3.8421795650447143E-10   9.0487285801552211E-21   1.5442541460032801E+03
   6.8268000000000000E+09  -3.1321009745825864E+04   3.8036390013549370E-10   8.8995358163270381E-21   1.5543922290315661E+03
   6.8343000000000000E+09  -3.0651595346067290E+04   3.7646354917478829E-10   8.7532781489952452E-21   1.5641589462989994E+03
   6.8418000000000000E+09  -2.9985684873899107E+04   3.7251524965620849E-10   8.6099147559546060E-21   1.5735258584055805E+03
   6.8493000000000000E+09  -2.9322668093797860E+04   3.6851759100587618E-10   8.4694037156031976E-21   1.5824648354233268E+03
   6.8568000000000000E+09  -2.8662003413368686E+04   3.6446941894955226E-10   8.3317021123286715E-21   1.5909482020954135E+03
   6.8643000000000000E+09  -2.8003210197711724E+04   3.6036984696458616E-10   8.1967661445379776E-21   1.5989488844118041E+03
   6.8718000000000000E+09  -2.7345862241382354E+04   3.5621826102521467E-10   8.0645512338291745E-21   1.6064405333559976E+03
   6.8793000000000000E+09  -2.6689581763951577E+04   3.5201434151339554E-10   7.9350121339479876E-21   1.6133977319811522E+03
   6.8868000000000000E+09  -2.6034034675353854E+04   3.4775798889115367E-10   7.8081030385434908E-21   1.6197957665904869E+03
   6.8943000000000000E+09  -2.5378926392186739E+04   3.4349939253443034E-10   7.6837776868410546E-21   1.6258477042137999E+03
   6.9018000000000000E+09  -2.4723999114914594E+04   3.3929104870837257E-10   7.5619894666300964E-21   1.6317928045531230E+03
   6.9093000000000000E+09  -2.4069104439866420E+04   3.3513529914611799E-10   7.4426915132698415E-21   1.6376414976909859E+03
   6.9168000000000000E+09  -2.3414122017157672E+04   3.3103228977142829E-10   7.3258368075885359E-21   1.6433943815273735E+03
   6.9243000000000000E+09  -2.2758839466668032E+04   3.2698209504834118E-10   7.2113782733768805E-21   1.6490520918345019E+03
   6.9318000000000000E+09  -2.2102917646390677E+04   3.2298473889940624E-10   7.0992688672163147E-21   1.6546153833326725E+03
   6.9393000000000000E+09  -2.1445890831491935E+04   3.1904019205562353E-10   6.9894616582879122E-21   1.6600850976137085E+03
   6.9468000000000000E+09  -2.0787169344512633E+04   3.1514837439603443E-10   6.8819098987215897E-21   1.6654621558494975E+03
   6.9543000000000000E+09  -2.0126044730519847E+04   3.1130915637634271E-10   6.7765670850761828E-21   1.6707475474919163E+03
   6.9618000000000000E+09  -1.9461697526927364E+04   3.0752236073363435E-10   6.6733870115686652E-21   1.6759423209831041E+03
   6.9693000000000000E+09  -1.8793207606052227E+04   3.0378776412173154E-10   6.5723238156972700E-21   1.6810475747735111E+03
   6.9768000000000000E+09  -1.8119567006661135E+04   3.0010509874602847E-10   6.4733320169239476E-21   1.6860644490287652E+03
   6.9843000000000000E+09  -1.7439695097547283E+04   2.9647405388798836E-10   6.3763665490969950E-21   1.6909941174153980E+03
   6.9918000000000000E+09  -1.6752455865132473E+04   2.9289427738140188E-10   6.2813827873007143E-21   1.6958377792582198E+03
   6.9993000000000000E+09  -1.6056677070851216E+04   2.8936537694446932E-10   6.1883365698166622E-21   1.7005966514579418E+03
   7.0068000000000000E+09  -1.5351171006552771E+04   2.8588692147091181E-10   6.0971842158674677E-21   1.7052719606627222E+03
   7.0143000000000000E+09  -1.4634756565957794E+04   2.8245844217580379E-10   6.0078825397915259E-21   1.7098649349887421E+03
   7.0218000000000000E+09  -1.3906282358710059E+04   2.7907943373894801E-10   5.9203888622637840E-21   1.7143767960178679E+03
   7.0293000000000000E+09  -1.3164650595299348E+04   2.7574935531546598E-10   5.8346610191372587E-21   1.7188087501906093E+03
   7.0368000000000000E+09  -1.2408841472441856E+04   2.7246763159504843E-10   5.7506573684314238E-21   1.7231619805852908E+03
   7.0443000000000000E+09  -1.1637937770000801E+04   2.6923365373664695E-10   5.6683367959401626E-21   1.7274376379277364E+03
   7.0518000000000000E+09  -1.0851149346490778E+04   2.6604678040338409E-10   5.5876587198731953E-21   1.7316368321406683E+03
   7.0593000000000000E+09  -1.0047837185502645E+04   2.6290633866566731E-10   5.5085830948832421E-21   1.7357606228958941E+03
   7.0668000000000000E+09  -9.2275366246979884E+03   2.5981162505174956E-10   5.4310704157662701E-21   1.7398100108908804E+03
   7.0743000000000000E+09  -8.3899793935702110E+03   2.5676190643840919E-10   5.3550817210562424E-21   1.7437859278072797E+03
   7.0818000000000000E+09  -7.5351141173664091E+03   2.5375642113276521E-10   5.2805785966689680E-21   1.7476892272240279E+03
   7.0893000000000000E+09  -6.6631250024788933E+03   2.5079437974327673E-10   5.2075231796842764E-21   1.7515206737820936E+03
   7.0968000000000000E+09  -5.7744485098957939E+03   2.4787496628626460E-10   5.1358781622927568E-21   1.7552809336133423E+03
   7.1043000000000000E+09  -4.8703006618474346E+03   2.4499733900691769E-10   5.0656067958749340E-21   1.7589705624652111E+03
   7.1118000000000000E+09  -3.9666655544614778E+03   2.4216063148625133E-10   4.9966728951283020E-21   1.7625899955164261E+03
   7.1193000000000000E+09  -3.0781904525945588E+03   2.3936395582774659E-10   4.9290408702522953E-21   1.7661395422836781E+03
   7.1268000000000000E+09  -2.2040787051026473E+03   2.3660646926163606E-10   4.8626765466087757E-21   1.7696195693821044E+03
   7.1343000000000000E+09  -1.3435647433029344E+03   2.3388737022365374E-10   4.7975470809343428E-21   1.7730304946088786E+03
   7.1418000000000000E+09  -4.9591623010101017E+02   2.3120589484689506E-10   4.7336208830876443E-21   1.7763727821372277E+03
   7.1493000000000000E+09   3.3956438680508182E+02   2.2856131367568536E-10   4.6708675432254110E-21   1.7796469374657361E+03
   7.1568000000000000E+09   1.1635388016036316E+03   2.2595292863288632E-10   4.6092577642157194E-21   1.7828535024041296E+03
   7.1643000000000000E+09   1.9766326411987939E+03   2.2338007027617434E-10   4.5487632990470295E-21   1.7859930504619356E+03
   7.1718000000000000E+09   2.7794359071627232E+03   2.2084209532524438E-10   4.4893568929489373E-21   1.7890661826293267E+03
   7.1793000000000000E+09   3.5725038956845301E+03   2.1833838443956475E-10   4.4310122299144115E-21   1.7920735235288528E+03
   7.1868000000000000E+09   4.3563584565946421E+03   2.1586834022616467E-10   4.3737038833030081E-21   1.7950157179169883E+03
   7.1943000000000000E+09   5.1314894814907893E+03   2.1343138545715527E-10   4.3174072702055019E-21   1.7978934275134379E+03
   7.2018000000000000E+09   5.8983565351151537E+03   2.1102696147738004E-10   4.2620986092595034E-21   1.8007073281358889E+03
   7.2093000000000000E+09   6.6573905639447194E+03   2.0865452678358022E-10   4.2077548816199236E-21   1.8034581071181615E+03
   7.2168000000000000E+09   7.4089956320058900E+03   2.0631355575762170E-10   4.1543537948057991E-21   1.8061464609901677E+03
   7.2243000000000000E+09   8.1535506467559871E+03   2.0400353753758919E-10   4.1018737491644962E-21   1.8087730933987314E+03
   7.2318000000000000E+09   8.8914110480058935E+03   2.0172397501185420E-10   4.0502938067143140E-21   1.8113387132492903E+03
   7.2393000000000000E+09   9.6229104407607811E+03   1.9947438392250148E-10   3.9995936621466112E-21   1.8138440330493456E+03
   7.2468000000000000E+09   1.0348362158947795E+04   1.9725429206575436E-10   3.9497536157879354E-21   1.8162897674356409E+03
   7.2543000000000000E+09   1.1068060751638610E+04   1.9506323857821963E-10   3.9007545483411624E-21   1.8186766318680250E+03
   7.2618000000000000E+09   1.1782283386866016E+04   1.9290077329889758E-10   3.8525778972418757E-21   1.8210053414741089E+03
   7.2693000000000000E+09   1.2491291170725332E+04   1.9076645619793584E-10   3.8052056344823626E-21   1.8232766100298004E+03
   7.2768000000000000E+09   1.3195330381349137E+04   1.8865985686407141E-10   3.7586202457703506E-21   1.8254911490618942E+03
   7.2843000000000000E+09   1.3894633618707418E+04   1.8658055404358527E-10   3.7128047109031469E-21   1.8276496670598940E+03
   7.2918000000000000E+09   1.4589420872145023E+04   1.8452813522439375E-10   3.6677424852501107E-21   1.8297528687851834E+03
   7.2993000000000000E+09   1.5279900508220648E+04   1.8250219625963878E-10   3.6234174822476118E-21   1.8318014546666313E+03
   7.3068000000000000E+09   1.5966270181835327E+04   1.8050234102578766E-10   3.5798140568206090E-21   1.8337961202725194E+03
   7.3143000000000000E+09   1.6648717673888619E+04   1.7852818111086514E-10   3.5369169896540975E-21   1.8357375558496406E+03
   7.3218000000000000E+09   1.7327421658822863E+04   1.7657933552895567E-10   3.4947114722458110E-21   1.8376264459210206E+03
   7.3293000000000000E+09   1.8002552405441751E+04   1.7465543045761325E-10   3.4531830926788469E-21   1.8394634689346283E+03
   7.3368000000000000E+09   1.8674272414460789E+04   1.7275609899523659E-10   3.4123178220594087E-21   1.8412492969560690E+03
   7.3443000000000000E+09   1.9342736996928870E+04   1.7088098093593388E-10   3.3721020015707193E-21   1.8429845953997753E+03
   7.3518000000000000E+09   2.0008094798128706E+04   1.6902972255977361E-10   3.3325223300993118E-21   1.8446700227942795E+03
   7.3593000000000000E+09   2.0670488271310511E+04   1.6720197643661261E-10   3.2935658523945648E-21   1.8463062305777260E+03
   7.3668000000000000E+09   2.1330054105355281E+04   1.6539740124193250E-10   3.2552199477263404E-21   1.8478938629202025E+03
   7.3743000000000000E+09   2.1986923610205315E+04   1.6361566158333529E-10   3.2174723190092512E-21   1.8494335565698448E+03
   7.3818000000000000E+09   2.2641223063645852E+04   1.6185642783653479E-10   3.1803109823652070E-21   1.8509259407200341E+03
   7.3893000000000000E+09   2.3293074022773435E+04   1.6011937598984728E-10   3.1437242570986984E-21   1.8523716368953501E+03
   7.3968000000000000E+09   2.3942593603249126E+04   1.5840418749631962E-10   3.1077007560617487E-21   1.8537712588541360E+03
   7.4043000000000000E+09   2.4589894729206313E+04   1.5671054913276233E-10   3.0722293763876019E-21   1.8551254125058715E+03
   7.4118000000000000E+09   2.5235086356466592E+04   1.5503815286505727E-10   3.0372992905741754E-21   1.8564346958417177E+03
   7.4193000000000000E+09   2.5878273671514231E+04   1.5338669571919817E-10   3.0028999378999140E-21   1.8576996988767851E+03
   7.4268000000000000E+09   2.6519558268487257E+04   1.5175587965760332E-10   2.9690210161562349E-21   1.8589210036028649E+03
   7.4343000000000000E+09   2.7159038306265920E+04   1.5014541146030503E-10   2.9356524736819922E-21   1.8600991839505266E+03
   7.4418000000000000E+09   2.7796808647572965E+04   1.4855500261067671E-10   2.9027845016865905E-21   1.8612348057595816E+03
   7.4493000000000000E+09   2.8432960981846601E+04   1.4698436918540695E-10   2.8704075268493537E-21   1.8623284267570664E+03
   7.4568000000000000E+09   2.9067583933506598E+04   1.4543323174847176E-10   2.8385122041836590E-21   1.8633805965419945E+03
   7.4643000000000000E+09   2.9700763157102672E+04   1.4390131524889095E-10   2.8070894101551615E-21   1.8643918565762240E+03
   7.4718000000000000E+09   3.0332581420716844E+04   1.4238834892208285E-10   2.7761302360440978E-21   1.8653627401808690E+03
   7.4793000000000000E+09   3.0963118678881667E+04   1.4089406619465791E-10   2.7456259815423219E-21   1.8662937725377665E+03
   7.4868000000000000E+09   3.1592452136177686E+04   1.3941820459251262E-10   2.7155681485762516E-21   1.8671854706955974E+03
   7.4943000000000000E+09   3.2220656302583247E+04   1.3796050565209968E-10   2.6859484353474160E-21   1.8680383435802739E+03
   7.5018000000000000E+09   3.2847803041567604E+04   1.3652071483477149E-10   2.6567587305827436E-21   1.8688528920093574E+03
   7.5093000000000000E+09   3.3473961611844068E+04   1.3509858144409660E-10   2.6279911079871080E-21   1.8696296087102039E+03
   7.5168000000000000E+09   3.4099198703631810E+04   1.3369385854606933E-10   2.5996378208910335E-21   1.8703689783417256E+03
   7.5243000000000000E+09   3.4723578470213477E+04   1.3230630289213115E-10   2.5716912970867734E-21   1.8710714775195665E+03
   7.5318000000000000E+09   3.5347162555519608E+04   1.3093567484493699E-10   2.5441441338462698E-21   1.8717375748446568E+03
   7.5393000000000000E+09   3.5970010118418671E+04   1.2958173830679831E-10   2.5169890931147759E-21   1.8723677309350487E+03
   7.5468000000000000E+09   3.6592177854345246E+04   1.2824426065074515E-10   2.4902190968741634E-21   1.8729623984610755E+03
   7.5543000000000000E+09   3.7213720014853534E+04   1.2692301265414678E-10   2.4638272226701657E-21   1.8735220221838179E+03
   7.5618000000000000E+09   3.7834688425644330E+04   1.2561776843483766E-10   2.4378066992980056E-21   1.8740470389969785E+03
   7.5693000000000000E+09   3.8455132503573506E+04   1.2432830538969331E-10   2.4121509026410589E-21   1.8745378779722266E+03
   7.5768000000000000E+09   3.9075099273115549E+04   1.2305440413560568E-10   2.3868533516573731E-21   1.8749949604081771E+03
   7.5843000000000000E+09   3.9694633382720072E+04   1.2179584845280357E-10   2.3619077045090178E-21   1.8754186998831226E+03
   7.5918000000000000E+09   4.0313777121466585E+04   1.2055242523046982E-10   2.3373077548294204E-21   1.8758095023117453E+03
   7.5993000000000000E+09   4.0932570436390808E+04   1.1932392441459946E-10   2.3130474281239547E-21   1.8761677660059615E+03
   7.6068000000000000E+09   4.1551050950824421E+04   1.1811013895805062E-10   2.2891207782992020E-21   1.8764938817401885E+03
   7.6143000000000000E+09   4.2169253984059244E+04   1.1691086477273137E-10   2.2655219843164271E-21   1.8767882328212220E+03
   7.6218000000000000E+09   4.2787212572616940E+04   1.1572590068387351E-10   2.2422453469649389E-21   1.8770511951630633E+03
   7.6293000000000000E+09   4.3404957493375281E+04   1.1455504838633337E-10   2.2192852857511004E-21   1.8772831373669037E+03
   7.6368000000000000E+09   4.4022517288771582E+04   1.1339811240287029E-10   2.1966363358988883E-21   1.8774844208066595E+03
   7.6443000000000000E+09   4.4639918294275223E+04   1.1225490004433968E-10   2.1742931454579813E-21   1.8776553997202807E+03
   7.6518000000000000E+09   4.5257184668290167E+04   1.1112522137175010E-10   2.1522504725154900E-21   1.8777964213072553E+03
   7.6593000000000000E+09   4.5874338424619942E+04   1.1000888916011907E-10   2.1305031825074984E-21   1.8779078258325633E+03
   7.6668000000000000E+09   4.6491399467597148E+04   1.0890571886407526E-10   2.1090462456267186E-21   1.8779899467375315E+03
   7.6743000000000000E+09   4.7108385629950237E+04   1.0781552858514065E-10   2.0878747343226306E-21   1.8780431107578586E+03
   7.6818000000000000E+09   4.7725312713450257E+04   1.0673813904063798E-10   2.0669838208905870E-21   1.8780676380492796E+03
   7.6893000000000000E+09   4.8342194532352369E+04   1.0567337353415733E-10   2.0463687751464260E-21   1.8780638423211799E+03
   7.6968000000000000E+09   4.8959042959614882E+04   1.0462105792752559E-10   2.0260249621832640E-21   1.8780320309786348E+03
   7.7043000000000000E+09   4.9575867975852947E+04   1.0358102061421181E-10   2.0059478402071732E-21   1.8779725052732069E+03
   7.7118000000000000E+09   5.0192677720951724E+04   1.0255309249411494E-10   1.9861329584485987E-21   1.8778855604630337E+03
   7.7193000000000000E+09   5.0809478548238789E+04   1.0153710694966367E-10   1.9665759551463862E-21   1.8777714859825137E+03
   7.7268000000000000E+09   5.1426275081084248E+04   1.0053289982317948E-10   1.9472725556014440E-21   1.8776305656222173E+03
   7.7343000000000000E+09   5.2043070271772543E+04   9.9540309395432093E-11   1.9282185702970969E-21   1.8774630777193065E+03
   7.7418000000000000E+09   5.2659865667596117E+04   9.8559176365342576E-11   1.9094098930832967E-21   1.8772692953592020E+03
   7.7493000000000000E+09   5.3276662955887856E+04   9.7589343830762652E-11   1.8908424994219436E-21   1.8770494865887390E+03
   7.7568000000000000E+09   5.3893465239447534E+04   9.6630657269914234E-11   1.8725124446862163E-21   1.8768039146387764E+03
   7.7643000000000000E+09   5.4510276968538208E+04   9.5682964521074741E-11   1.8544158624842840E-21   1.8765328381376969E+03
   7.7718000000000000E+09   5.5127103871958054E+04   9.4746115760670544E-11   1.8365489630078059E-21   1.8762365113161466E+03
   7.7793000000000000E+09   5.5743952887520369E+04   9.3819963479922324E-11   1.8189080314056098E-21   1.8759151842031201E+03
   7.7868000000000000E+09   5.6360832092258410E+04   9.2904362460181107E-11   1.8014894261828934E-21   1.8755691028135559E+03
   7.7943000000000000E+09   5.6977750632654970E+04   9.1999169747087749E-11   1.7842895776262633E-21   1.8751985093276062E+03
   7.8018000000000000E+09   5.7594718655179640E+04   9.1104244623681873E-11   1.7673049862548703E-21   1.8748036422617754E+03
   7.8093000000000000E+09   5.8211747237398471E+04   9.0219448582580647E-11   1.7505322212978914E-21   1.8743847366321052E+03
   7.8168000000000000E+09   5.8828848319902536E+04   8.9344645297340616E-11   1.7339679191985379E-21   1.8739420241096068E+03
   7.8243000000000000E+09   5.9446034639283396E+04   8.8479700593111165E-11   1.7176087821447525E-21   1.8734757331681583E+03
   7.8318000000000000E+09   6.0063319662363938E+04   8.7624482416680814E-11   1.7014515766267112E-21   1.8729860892250624E+03
   7.8393000000000000E+09   6.0680717521874205E+04   8.6778860806012709E-11   1.6854931320212186E-21   1.8724733147744853E+03
   7.8468000000000000E+09   6.1298242953743218E+04   8.5942707859360001E-11   1.6697303392030256E-21   1.8719376295140141E+03
   7.8543000000000000E+09   6.1915911236156797E+04   8.5115897704045604E-11   1.6541601491830957E-21   1.8713792504645353E+03
   7.8618000000000000E+09   6.2533738130515136E+04   8.4298306464985765E-11   1.6387795717737815E-21   1.8707983920836666E+03
   7.8693000000000000E+09   6.3151739824402306E+04   8.3489812233032581E-11   1.6235856742808564E-21   1.8701952663729908E+03
   7.8768000000000000E+09   6.3769932876664112E+04   8.2690295033203686E-11   1.6085755802223135E-21   1.8695700829792854E+03
   7.8843000000000000E+09   6.4388334164670363E+04   8.1899636792864410E-11   1.5937464680738014E-21   1.8689230492900112E+03
   7.8918000000000000E+09   6.5006960833822930E+04   8.1117721309921889E-11   1.5790955700405513E-21   1.8682543705232724E+03
   7.8993000000000000E+09   6.5625830249351915E+04   8.0344434221086253E-11   1.5646201708556093E-21   1.8675642498124814E+03
   7.9068000000000000E+09   6.6244959950428514E+04   7.9579662970249910E-11   1.5503176066041705E-21   1.8668528882859534E+03
   7.9143000000000000E+09   6.6864367606606917E+04   7.8823296777031555E-11   1.5361852635737869E-21   1.8661204851416469E+03
   7.9218000000000000E+09   6.7484070976595744E+04   7.8075226605528378E-11   1.5222205771301814E-21   1.8653672377172991E+03
   7.9293000000000000E+09   6.8104087869345050E+04   7.7335345133314265E-11   1.5084210306184049E-21   1.8645933415561358E+03
   7.9368000000000000E+09   6.8724436107426503E+04   7.6603546720720507E-11   1.4947841542890281E-21   1.8637989904683982E+03
   7.9443000000000000E+09   6.9345133492672787E+04   7.5879727380430643E-11   1.4813075242490574E-21   1.8629843765888938E+03
   7.9518000000000000E+09   6.9966197774035463E+04   7.5163784747418238E-11   1.4679887614372445E-21   1.8621496904307653E+03
   7.9593000000000000E+09   7.0587646617613573E+04   7.4455618049252813E-11   1.4548255306234307E-21   1.8612951209356850E+03
   7.9668000000000000E+09   7.1209497578799957E+04   7.3755128076797546E-11   1.4418155394315765E-21   1.8604208555206742E+03
   7.9743000000000000E+09   7.1831768076488544E+04   7.3062217155317957E-11   1.4289565373860920E-21   1.8595270801217312E+03
   7.9818000000000000E+09   7.2454475369282707E+04   7.2376789116019604E-11   1.4162463149810861E-21   1.8586139792344536E+03
   7.9893000000000000E+09   7.3077636533643585E+04   7.1698749268029050E-11   1.4036827027721387E-21   1.8576817359518270E+03
   7.9968000000000000E+09   7.3701268443915396E+04   7.1028004370831748E-11   1.3912635704901907E-21   1.8567305319993638E+03
   8.0043000000000000E+09   7.4325387754165378E+04   7.0364462607176503E-11   1.3789868261771444E-21   1.8557605477677353E+03
   8.0118000000000000E+09   7.4950010881775379E+04   6.9708033556456023E-11   1.3668504153427489E-21   1.8547719623430858E+03
   8.0193000000000000E+09   7.5575153992723761E+04   6.9058628168569226E-11   1.3548523201423622E-21   1.8537649535351370E+03
   8.0268000000000000E+09   7.6200832988495793E+04   6.8416158738271324E-11   1.3429905585751479E-21   1.8527396979032708E+03
   8.0343000000000000E+09   7.6827063494562230E+04   6.7780538880014575E-11   1.3312631837022964E-21   1.8516963707806924E+03
   8.0418000000000000E+09   7.7453860850366982E+04   6.7151683503281246E-11   1.3196682828848221E-21   1.8506351462968157E+03
   8.0493000000000000E+09   7.8081240100764335E+04   6.6529508788410491E-11   1.3082039770405230E-21   1.8495561973980045E+03
   8.0568000000000000E+09   7.8709215988847936E+04   6.5913932162917167E-11   1.2968684199196582E-21   1.8484596958667616E+03
   8.0643000000000000E+09   7.9337802950112411E+04   6.5304872278301871E-11   1.2856597973989233E-21   1.8473458123395026E+03
   8.0718000000000000E+09   7.9967015107890125E+04   6.4702248987348459E-11   1.2745763267932817E-21   1.8462147163229954E+03
   8.0793000000000000E+09   8.0596866270003171E+04   6.4105983321905788E-11   1.2636162561852448E-21   1.8450665762095700E+03
   8.0868000000000000E+09   8.1227369926572384E+04   6.3515997471149023E-11   1.2527778637711552E-21   1.8439015592911992E+03
   8.0943000000000000E+09   8.1858539248921879E+04   6.2932214760314635E-11   1.2420594572240683E-21   1.8427198317725149E+03
   8.1018000000000000E+09   8.2490387089518656E+04   6.2354559629903734E-11   1.2314593730728063E-21   1.8415215587828664E+03
   8.1093000000000000E+09   8.3122925982884262E+04   6.1782957615346404E-11   1.2209759760967751E-21   1.8403069043874714E+03
   8.1168000000000000E+09   8.3756168147415447E+04   6.1217335327120092E-11   1.2106076587361385E-21   1.8390760315977400E+03
   8.1243000000000000E+09   8.4390125488049074E+04   6.0657620431314573E-11   1.2003528405169397E-21   1.8378291023808426E+03
   8.1318000000000000E+09   8.5024809599706059E+04   6.0103741630635053E-11   1.1902099674907824E-21   1.8365662776685699E+03
   8.1393000000000000E+09   8.5660231771447972E+04   5.9555628645835502E-11   1.1801775116886744E-21   1.8352877173655520E+03
   8.1468000000000000E+09   8.6296402991280207E+04   5.9013212197573141E-11   1.1702539705886512E-21   1.8339935803568831E+03
   8.1543000000000000E+09   8.6933333951533947E+04   5.8476423988675437E-11   1.1604378665968003E-21   1.8326840245152036E+03
   8.1618000000000000E+09   8.7571035054761727E+04   5.7945196686810922E-11   1.1507277465413185E-21   1.8313592067072923E+03
   8.1693000000000000E+09   8.8209516420079191E+04   5.7419463907554012E-11   1.1411221811792358E-21   1.8300192828001948E+03
   8.1768000000000000E+09   8.8848787889889005E+04   5.6899160197835067E-11   1.1316197647154487E-21   1.8286644076669422E+03
   8.1843000000000000E+09   8.9488859036922528E+04   5.6384221019766673E-11   1.1222191143337213E-21   1.8272947351918967E+03
   8.1918000000000000E+09   9.0129739171538677E+04   5.5874582734836087E-11   1.1129188697393020E-21   1.8259104182757433E+03
   8.1993000000000000E+09   9.0771437349219748E+04   5.5370182588455777E-11   1.1037176927128363E-21   1.8245116088401851E+03
   8.2068000000000000E+09   9.1413962378210650E+04   5.4870958694861659E-11   1.0946142666752385E-21   1.8230984578323453E+03
   8.2143000000000000E+09   9.2057322827246899E+04   5.4376850022351178E-11   1.0856072962632177E-21   1.8216711152289258E+03
   8.2218000000000000E+09   9.2701527033326347E+04   5.3887796378851288E-11   1.0766955069151388E-21   1.8202297300401362E+03
   8.2293000000000000E+09   9.3346583109479645E+04   5.3403738397808059E-11   1.0678776444669279E-21   1.8187744503134163E+03
   8.2368000000000000E+09   9.3992498952502952E+04   5.2924617524389223E-11   1.0591524747577229E-21   1.8173054231369942E+03
   8.2443000000000000E+09   9.4639282250619377E+04   5.2450376001990456E-11   1.0505187832449924E-21   1.8158227946432589E+03
   8.2518000000000000E+09   9.5286940491042245E+04   5.1980956859038182E-11   1.0419753746288424E-21   1.8143267100120192E+03
   8.2593000000000000E+09   9.5935480967418553E+04   5.1516303896079444E-11   1.0335210724852439E-21   1.8128173134736255E+03
   8.2668000000000000E+09   9.6584910787134912E+04   5.1056361673152134E-11   1.0251547189079254E-21   1.8112947483120024E+03
   8.2743000000000000E+09   9.7235236878474898E+04   5.0601075497426327E-11   1.0168751741586770E-21   1.8097591568675689E+03
   8.2818000000000000E+09   9.7886465997619322E+04   5.0150391411110402E-11   1.0086813163258176E-21   1.8082106805401081E+03
   8.2893000000000000E+09   9.8538604735486238E+04   4.9704256179613612E-11   1.0005720409905989E-21   1.8066494597915525E+03
   8.2968000000000000E+09   9.9191659524408824E+04   4.9262617279958204E-11   9.9254626090130530E-22   1.8050756341487293E+03
   8.3043000000000000E+09   9.9845636644654456E+04   4.8825422889434259E-11   9.8460290565483693E-22   1.8034893422060677E+03
   8.3118000000000000E+09   1.0050054223078712E+05   4.8392621874489826E-11   9.7674092138555850E-22   1.8018907216282587E+03
   8.3193000000000000E+09   1.0115638227787915E+05   4.7964163779850011E-11   9.6895927046119860E-22   1.8002799091529077E+03
   8.3268000000000000E+09   1.0181316264757779E+05   4.7539998817858769E-11   9.6125693118561194E-22   1.7986570405931616E+03
   8.3343000000000000E+09   1.0247088907403150E+05   4.7120077858036628E-11   9.5363289750819528E-22   1.7970222508403278E+03
   8.3418000000000000E+09   1.0312956716968295E+05   4.6704352416848644E-11   9.4608617873977815E-22   1.7953756738664936E+03
   8.3493000000000000E+09   1.0378920243093194E+05   4.6292774647676236E-11   9.3861579927479902E-22   1.7937174427271339E+03
   8.3568000000000000E+09   1.0444980024367418E+05   4.5885297330987755E-11   9.3122079831959284E-22   1.7920476895637414E+03
   8.3643000000000000E+09   1.0511136588871590E+05   4.5481873864701690E-11   9.2390022962662082E-22   1.7903665456064484E+03
   8.3718000000000000E+09   1.0577390454706906E+05   4.5082458254737254E-11   9.1665316123446876E-22   1.7886741411766677E+03
   8.3793000000000000E+09   1.0643742130512536E+05   4.4687005105747499E-11   9.0947867521346197E-22   1.7869706056897539E+03
   8.3868000000000000E+09   1.0710192115970860E+05   4.4295469612029358E-11   9.0237586741673659E-22   1.7852560676576691E+03
   8.3943000000000000E+09   1.0776740902300400E+05   4.3907807548606158E-11   8.9534384723661978E-22   1.7835306546916718E+03
   8.4018000000000000E+09   1.0843388972736070E+05   4.3523975262477904E-11   8.8838173736616932E-22   1.7817944935050368E+03
   8.4093000000000000E+09   1.0910136802996384E+05   4.3143929664034190E-11   8.8148867356573565E-22   1.7800477099157727E+03
   8.4168000000000000E+09   1.0976984861737071E+05   4.2767628218626323E-11   8.7466380443440931E-22   1.7782904288493867E+03
   8.4243000000000000E+09   1.1043933610990788E+05   4.2395028938293609E-11   8.6790629118622259E-22   1.7765227743416565E+03
   8.4318000000000000E+09   1.1110983506592079E+05   4.2026090373640088E-11   8.6121530743097683E-22   1.7747448695414309E+03
   8.4393000000000000E+09   1.1178134998587432E+05   4.1660771605857622E-11   8.5459003895957139E-22   1.7729568367134582E+03
   8.4468000000000000E+09   1.1245388531629545E+05   4.1299032238891783E-11   8.4802968353372180E-22   1.7711587972412324E+03
   8.4543000000000000E+09   1.1312744545355668E+05   4.0940832391746623E-11   8.4153345067994348E-22   1.7693508716298729E+03
   8.4618000000000000E+09   1.1380203474749513E+05   4.0586132690924742E-11   8.3510056148769690E-22   1.7675331795090137E+03
   8.4693000000000000E+09   1.1447765750486437E+05   4.0234894262999886E-11   8.2873024841158286E-22   1.7657058396357434E+03
   8.4768000000000000E+09   1.1515431799261883E+05   3.9887078727317841E-11   8.2242175507748728E-22   1.7638689698975406E+03
   8.4843000000000000E+09   1.1583202044102941E+05   3.9542648188823268E-11   8.1617433609257252E-22   1.7620226873152537E+03
   8.4918000000000000E+09   1.1651076904663244E+05   3.9201565231009350E-11   8.0998725685902235E-22   1.7601671080461037E+03
   8.4993000000000000E+09   1.1719056797501340E+05   3.8863792908986753E-11   8.0385979339144284E-22   1.7583023473866972E+03
   8.5068000000000000E+09   1.1787142136343093E+05   3.8529294742669923E-11   7.9779123213783276E-22   1.7564285197760769E+03
   8.5143000000000000E+09   1.1855333332328389E+05   3.8198034710077516E-11   7.9178086980403360E-22   1.7545457387987906E+03
   8.5218000000000000E+09   1.1923630794242967E+05   3.7869977240744397E-11   7.8582801318157790E-22   1.7526541171879765E+03
   8.5293000000000000E+09   1.1992034928735792E+05   3.7545087209242984E-11   7.7993197897885072E-22   1.7507537668284776E+03
   8.5368000000000000E+09   1.2060546140522843E+05   3.7223329928811045E-11   7.7409209365549020E-22   1.7488447987599609E+03
   8.5443000000000000E+09   1.2129164832578012E+05   3.6904671145084253E-11   7.6830769325994558E-22   1.7469273231800742E+03
   8.5518000000000000E+09   1.2197891406311566E+05   3.6589077029930687E-11   7.6257812327012545E-22   1.7450014494475995E+03
   8.5593000000000000E+09   1.2266726261737254E+05   3.6276514175385593E-11   7.5690273843705968E-22   1.7430672860856407E+03
   8.5668000000000000E+09   1.2335669797628159E+05   3.5966949587683691E-11   7.5128090263150835E-22   1.7411249407848029E+03
   8.5743000000000000E+09   1.2404722411662195E+05   3.5660350681387843E-11   7.4571198869345178E-22   1.7391745204064021E+03
   8.5818000000000000E+09   1.2473884500557360E+05   3.5356685273611320E-11   7.4019537828439443E-22   1.7372161309856717E+03
   8.5893000000000000E+09   1.2543156460197286E+05   3.5055921578332434E-11   7.3473046174242414E-22   1.7352498777349826E+03
   8.5968000000000000E+09   1.2612538685747067E+05   3.4758028200799267E-11   7.2931663793996138E-22   1.7332758650470653E+03
   8.6043000000000000E+09   1.2682031571759663E+05   3.4462974132022970E-11   7.2395331414414344E-22   1.7312941964982379E+03
   8.6118000000000000E+09   1.2751635512272840E+05   3.4170728743357887E-11   7.1863990587978476E-22   1.7293049748516330E+03
   8.6193000000000000E+09   1.2821350900896576E+05   3.3881261781166889E-11   7.1337583679485859E-22   1.7273083020604290E+03
   8.6268000000000000E+09   1.2891178130891011E+05   3.3594543361570213E-11   7.0816053852844649E-22   1.7253042792710739E+03
   8.6343000000000000E+09   1.2961117595234755E+05   3.3310543965276467E-11   7.0299345058110406E-22   1.7232930068265091E+03
   8.6418000000000000E+09   1.3031169686683587E+05   3.3029234432494193E-11   6.9787402018759222E-22   1.7212745842693880E+03
   8.6493000000000000E+09   1.3101334797819534E+05   3.2750585957922601E-11   6.9280170219192509E-22   1.7192491103452896E+03
   8.6568000000000000E+09   1.3171613321090385E+05   3.2474570085820092E-11   6.8777595892468779E-22   1.7172166830059218E+03
   8.6643000000000000E+09   1.3242005648839800E+05   3.2201158705149118E-11   6.8279626008257664E-22   1.7151773994123162E+03
   8.6718000000000000E+09   1.3312512173328342E+05   3.1930324044796470E-11   6.7786208261011877E-22   1.7131313559380235E+03
   8.6793000000000000E+09   1.3383133286745698E+05   3.1662038668867152E-11   6.7297291058352776E-22   1.7110786481722841E+03
   8.6868000000000000E+09   1.3453869381214736E+05   3.1396275472051313E-11   6.6812823509665166E-22   1.7090193709232090E+03
   8.6943000000000000E+09   1.3524720848787852E+05   3.1133007675062270E-11   6.6332755414897393E-22   1.7069536182209258E+03
   8.7018000000000000E+09   1.3595688081436514E+05   3.0872208820145319E-11   6.5857037253562728E-22   1.7048814833207389E+03
   8.7093000000000000E+09   1.3666771471034671E+05   3.0613852766655593E-11   6.5385620173938051E-22   1.7028030587062653E+03
   8.7168000000000000E+09   1.3737971409337097E+05   3.0357913686704209E-11   6.4918455982456379E-22   1.7007184360925660E+03
   8.7243000000000000E+09   1.3809288287953549E+05   3.0104366060871547E-11   6.4455497133289129E-22   1.6986277064292688E+03
   8.7318000000000000E+09   1.3880722498319851E+05   2.9853184673986552E-11   6.3996696718114837E-22   1.6965309599036773E+03
   8.7393000000000000E+09   1.3952274431666904E+05   2.9604344610971304E-11   6.3542008456070948E-22   1.6944282859438761E+03
   8.7468000000000000E+09   1.4023944478988685E+05   2.9357821252749597E-11   6.3091386683884783E-22   1.6923197732218289E+03
   8.7543000000000000E+09   1.4095733031010313E+05   2.9113590272218679E-11   6.2644786346181012E-22   1.6902055096564611E+03
   8.7618000000000000E+09   1.4167640478157054E+05   2.8871627630283188E-11   6.2202162985961710E-22   1.6880855824167429E+03
   8.7693000000000000E+09   1.4239667210525274E+05   2.8631909571950434E-11   6.1763472735256458E-22   1.6859600779247619E+03
   8.7768000000000000E+09   1.4311813617856021E+05   2.8394412622485796E-11   6.1328672305938692E-22   1.6838290818587868E+03
   8.7843000000000000E+09   1.4384080089511964E+05   2.8159113583627903E-11   6.0897718980705884E-22   1.6816926791563380E+03
   8.7918000000000000E+09   1.4456467014458284E+05   2.7925989529861846E-11   6.0470570604220151E-22   1.6795509540172250E+03
   8.7993000000000000E+09   1.4528974781247752E+05   2.7695017804750403E-11   6.0047185574406414E-22   1.6774039899066065E+03
   8.8068000000000000E+09   1.4601603778010455E+05   2.7466176017321736E-11   5.9627522833905320E-22   1.6752518695580225E+03
   8.8143000000000000E+09   1.4674354392447975E+05   2.7239442038513195E-11   5.9211541861678032E-22   1.6730946749764410E+03
   8.8218000000000000E+09   1.4747227011832318E+05   2.7014793997669742E-11   5.8799202664759995E-22   1.6709324874412737E+03
   8.8293000000000000E+09   1.4820222023008927E+05   2.6792210279096921E-11   5.8390465770161233E-22   1.6687653875094111E+03
   8.8368000000000000E+09   1.4893339812403914E+05   2.6571669518666638E-11   5.7985292216910030E-22   1.6665934550182258E+03
   8.8443000000000000E+09   1.4966580766034612E+05   2.6353150600475888E-11   5.7583643548237860E-22   1.6644167690885977E+03
   8.8518000000000000E+09   1.5039945269523354E+05   2.6136632653556524E-11   5.7185481803902597E-22   1.6622354081278979E+03
   8.8593000000000000E+09   1.5113433708113444E+05   2.5922095048636359E-11   5.6790769512647423E-22   1.6600494498330065E+03
   8.8668000000000000E+09   1.5187046466687156E+05   2.5709517394949646E-11   5.6399469684793436E-22   1.6578589711932766E+03
   8.8743000000000000E+09   1.5260783929784808E+05   2.5498879537097482E-11   5.6011545804962779E-22   1.6556640484935458E+03
   8.8818000000000000E+09   1.5334646481624543E+05   2.5290161551955673E-11   5.5626961824930335E-22   1.6534647573170860E+03
   8.8893000000000000E+09   1.5408634506122291E+05   2.5083343745630966E-11   5.5245682156601575E-22   1.6512611725485838E+03
   8.8968000000000000E+09   1.5482748386911530E+05   2.4878406650463785E-11   5.4867671665114066E-22   1.6490533683771039E+03
   8.9043000000000000E+09   1.5556988507362537E+05   2.4675331022077000E-11   5.4492895662060461E-22   1.6468414182990371E+03
   8.9118000000000000E+09   1.5631355250601031E+05   2.4474097836470213E-11   5.4121319898830602E-22   1.6446253951210592E+03
   8.9193000000000000E+09   1.5705848999526270E+05   2.4274688287158466E-11   5.3752910560070782E-22   1.6424053709630664E+03
   8.9268000000000000E+09   1.5780470136828607E+05   2.4077083782355083E-11   5.3387634257257686E-22   1.6401814172611257E+03
   8.9343000000000000E+09   1.5855219045006970E+05   2.3881265942197443E-11   5.3025458022385092E-22   1.6379536047704071E+03
   8.9418000000000000E+09   1.5930096106386548E+05   2.3687216596015436E-11   5.2666349301761073E-22   1.6357220035681257E+03
   8.9493000000000000E+09   1.6005101703137302E+05   2.3494917779641508E-11   5.2310275949913880E-22   1.6334866830564649E+03
   8.9568000000000000E+09   1.6080236217293848E+05   2.3304351732762069E-11   5.1957206223604177E-22   1.6312477119655221E+03
   8.9643000000000000E+09   1.6155500030777478E+05   2.3115500896309131E-11   5.1607108775941876E-22   1.6290051583562390E+03
   8.9718000000000000E+09   1.6230893525420924E+05   2.2928347909891834E-11   5.1259952650605427E-22   1.6267590896233430E+03
   8.9793000000000000E+09   1.6306417082996620E+05   2.2742875609267011E-11   5.0915707276161700E-22   1.6245095724982891E+03
   8.9868000000000000E+09   1.6382071085249179E+05   2.2559067023848314E-11   5.0574342460484663E-22   1.6222566730522110E+03
   8.9943000000000000E+09   1.6457855913932706E+05   2.2376905374253036E-11   5.0235828385270543E-22   1.6200004566988794E+03
   9.0018000000000000E+09   1.6533771950853470E+05   2.2196374069886259E-11   4.9900135600648192E-22   1.6177409881976744E+03
   9.0093000000000000E+09   1.6609819577918484E+05   2.2017456706561268E-11   4.9567235019882267E-22   1.6154783316565549E+03
   9.0168000000000000E+09   1.6685999177190335E+05   2.1840137064156126E-11   4.9237097914167780E-22   1.6132125505350587E+03
   9.0243000000000000E+09   1.6762311130948563E+05   2.1664399104305364E-11   4.8909695907513879E-22   1.6109437076473107E+03
   9.0318000000000000E+09   1.6838755821757665E+05   2.1490226968126275E-11   4.8585000971715408E-22   1.6086718651650424E+03
   9.0393000000000000E+09   1.6915333632541922E+05   2.1317604973979325E-11   4.8262985421410186E-22   1.6063970846206437E+03
   9.0468000000000000E+09   1.6992044946666848E+05   2.1146517615261859E-11   4.7943621909220333E-22   1.6041194269102264E+03
   9.0543000000000000E+09   1.7068890148027265E+05   2.0976949558234560E-11   4.7626883420975997E-22   1.6018389522967132E+03
   9.0618000000000000E+09   1.7145869621141689E+05   2.0808885639880058E-11   4.7312743271019677E-22   1.5995557204129491E+03
   9.0693000000000000E+09   1.7222983751252809E+05   2.0642310865793198E-11   4.7001175097589405E-22   1.5972697902648522E+03
   9.0768000000000000E+09   1.7300232924433763E+05   2.0477210408102045E-11   4.6692152858279215E-22   1.5949812202345761E+03
   9.0843000000000000E+09   1.7377617527699811E+05   2.0313569603419430E-11   4.6385650825575124E-22   1.5926900680837232E+03
   9.0918000000000000E+09   1.7455137949125140E+05   2.0151373950824065E-11   4.6081643582465060E-22   1.5903963909565737E+03
   9.0993000000000000E+09   1.7532794577964445E+05   1.9990609109870962E-11   4.5780106018121090E-22   1.5881002453833662E+03
   9.1068000000000000E+09   1.7610587804778878E+05   1.9831260898630333E-11   4.5481013323652308E-22   1.5858016872836067E+03
   9.1143000000000000E+09   1.7688518021566249E+05   1.9673315291754550E-11   4.5184340987926882E-22   1.5835007719694215E+03
   9.1218000000000000E+09   1.7766585621894922E+05   1.9516758418572490E-11   4.4890064793461627E-22   1.5811975541489501E+03
   9.1293000000000000E+09   1.7844791001041548E+05   1.9361576561210884E-11   4.4598160812377683E-22   1.5788920879297891E+03
   9.1368000000000000E+09   1.7923134556132049E+05   1.9207756152741774E-11   4.4308605402420587E-22   1.5765844268224696E+03
   9.1443000000000000E+09   1.8001616686285954E+05   1.9055283775356026E-11   4.4021375203043449E-22   1.5742746237440019E+03
   9.1518000000000000E+09   1.8080237792763865E+05   1.8904146158561825E-11   4.3736447131551635E-22   1.5719627310214512E+03
   9.1593000000000000E+09   1.8158998279117662E+05   1.8754330177408064E-11   4.3453798379307728E-22   1.5696488003955740E+03
   9.1668000000000000E+09   1.8237898551343824E+05   1.8605822850731843E-11   4.3173406407995028E-22   1.5673328830245086E+03
   9.1743000000000000E+09   1.8316939018039123E+05   1.8458611339429657E-11   4.2895248945938429E-22   1.5650150294875170E+03
   9.1818000000000000E+09   1.8396120090559131E+05   1.8312682944751822E-11   4.2619303984481219E-22   1.5626952897887929E+03
   9.1893000000000000E+09   1.8475442183178687E+05   1.8168025106619430E-11   4.2345549774416657E-22   1.5603737133613058E+03
   9.1968000000000000E+09   1.8554905713254816E+05   1.8024625401963627E-11   4.2073964822472641E-22   1.5580503490707245E+03
   9.2043000000000000E+09   1.8634511101391213E+05   1.7882471543086564E-11   4.1804527887848606E-22   1.5557252452193895E+03
   9.2118000000000000E+09   1.8714258771604384E+05   1.7741551376043566E-11   4.1537217978803015E-22   1.5533984495503501E+03
   9.2193000000000000E+09   1.8794149151490940E+05   1.7601852879046067E-11   4.1272014349290523E-22   1.5510700092514544E+03
   9.2268000000000000E+09   1.8874182672395546E+05   1.7463364160884914E-11   4.1008896495647388E-22   1.5487399709595086E+03
   9.2343000000000000E+09   1.8954359769579265E+05   1.7326073459373504E-11   4.0747844153324183E-22   1.5464083807644872E+03
   9.2418000000000000E+09   1.9034680882387614E+05   1.7189969139810422E-11   4.0488837293664400E-22   1.5440752842138124E+03
   9.2493000000000000E+09   1.9115146454417938E+05   1.7055039693461108E-11   4.0231856120728086E-22   1.5417407263166881E+03
   9.2568000000000000E+09   1.9195756933685334E+05   1.6921273736058092E-11   3.9976881068159280E-22   1.5394047515484915E+03
   9.2643000000000000E+09   1.9276512772786862E+05   1.6788660006319556E-11   3.9723892796096296E-22   1.5370674038552279E+03
   9.2718000000000000E+09   1.9357414429063056E+05   1.6657187364485768E-11   3.9472872188123841E-22   1.5347287266580440E+03
   9.2793000000000000E+09   1.9438462364756537E+05   1.6526844790872796E-11   3.9223800348265859E-22   1.5323887628577852E+03
   9.2868000000000000E+09   1.9519657047166798E+05   1.6397621384443653E-11   3.8976658598018437E-22   1.5300475548396248E+03
   9.2943000000000000E+09   1.9600998948800971E+05   1.6269506361395974E-11   3.8731428473421545E-22   1.5277051444777321E+03
   9.3018000000000000E+09   1.9682488547519804E+05   1.6142489053766266E-11   3.8488091722169020E-22   1.5253615731399987E+03
   9.3093000000000000E+09   1.9764126326678341E+05   1.6016558908050287E-11   3.8246630300755849E-22   1.5230168816928096E+03
   9.3168000000000000E+09   1.9845912775261182E+05   1.5891705483839200E-11   3.8007026371661898E-22   1.5206711105058603E+03
   9.3243000000000000E+09   1.9927848388011617E+05   1.5767918452471389E-11   3.7769262300571487E-22   1.5183242994570257E+03
   9.3318000000000000E+09   2.0009933665554418E+05   1.5645187595699407E-11   3.7533320653628030E-22   1.5159764879372535E+03
   9.3393000000000000E+09   2.0092169114511975E+05   1.5523502804372080E-11   3.7299184194722951E-22   1.5136277148555153E+03
   9.3468000000000000E+09   2.0174555247613601E+05   1.5402854077131280E-11   3.7066835882818476E-22   1.5112780186437751E+03
   9.3543000000000000E+09   2.0257092583797500E+05   1.5283231519123222E-11   3.6836258869303563E-22   1.5089274372619902E+03
   9.3618000000000000E+09   2.0339781648305524E+05   1.5164625340724225E-11   3.6607436495382296E-22   1.5065760082031554E+03
   9.3693000000000000E+09   2.0422622972770207E+05   1.5047025856280372E-11   3.6380352289494538E-22   1.5042237684983434E+03
   9.3768000000000000E+09   2.0505617095294103E+05   1.4930423482861340E-11   3.6154989964768083E-22   1.5018707547217903E+03
   9.3843000000000000E+09   2.0588764560520989E+05   1.4814808739027731E-11   3.5931333416501970E-22   1.4995170029959697E+03
   9.3918000000000000E+09   2.0672065919698981E+05   1.4700172243612175E-11   3.5709366719680552E-22   1.4971625489966953E+03
   9.3993000000000000E+09   2.0755521730735086E+05   1.4586504714513759E-11   3.5489074126517964E-22   1.4948074279582124E+03
   9.4068000000000000E+09   2.0839132558241091E+05   1.4473796967505773E-11   3.5270440064032612E-22   1.4924516746782954E+03
   9.4143000000000000E+09   2.0922898973570438E+05   1.4362039915056630E-11   3.5053449131651469E-22   1.4900953235233292E+03
   9.4218000000000000E+09   2.1006821554845874E+05   1.4251224565163859E-11   3.4838086098843808E-22   1.4877384084333885E+03
   9.4293000000000000E+09   2.1090900886977543E+05   1.4141342020201012E-11   3.4624335902784220E-22   1.4853809629272860E+03
   9.4368000000000000E+09   2.1175137561671258E+05   1.4032383475777433E-11   3.4412183646044762E-22   1.4830230201075960E+03
   9.4443000000000000E+09   2.1259532177426596E+05   1.3924340219610876E-11   3.4201614594315997E-22   1.4806646126656522E+03
   9.4518000000000000E+09   2.1344085339524751E+05   1.3817203630412712E-11   3.3992614174156783E-22   1.4783057728864912E+03
   9.4593000000000000E+09   2.1428797660005689E+05   1.3710965176785958E-11   3.3785167970772885E-22   1.4759465326537661E+03
   9.4668000000000000E+09   2.1513669757634529E+05   1.3605616416135835E-11   3.3579261725824158E-22   1.4735869234545953E+03
   9.4743000000000000E+09   2.1598702257857154E+05   1.3501148993592875E-11   3.3374881335260393E-22   1.4712269763843476E+03
   9.4818000000000000E+09   2.1683895792744751E+05   1.3397554640948690E-11   3.3172012847185692E-22   1.4688667221513717E+03
   9.4893000000000000E+09   2.1769251000927613E+05   1.3294825175604216E-11   3.2970642459751624E-22   1.4665061910816371E+03
   9.4968000000000000E+09   2.1854768527518041E+05   1.3192952499530562E-11   3.2770756519078933E-22   1.4641454131233054E+03
   9.5043000000000000E+09   2.1940449024022787E+05   1.3091928598242356E-11   3.2572341517208111E-22   1.4617844178512005E+03
   9.5118000000000000E+09   2.2026293148245342E+05   1.2991745539783705E-11   3.2375384090078775E-22   1.4594232344711902E+03
   9.5193000000000000E+09   2.2112301564178366E+05   1.2892395473726681E-11   3.2179871015538009E-22   1.4570618918244609E+03
   9.5268000000000000E+09   2.2198474941887087E+05   1.2793870630182465E-11   3.1985789211377849E-22   1.4547004183916818E+03
   9.5343000000000000E+09   2.2284813957383981E+05   1.2696163318825148E-11   3.1793125733401977E-22   1.4523388422970581E+03
   9.5418000000000000E+09   2.2371319292495839E+05   1.2599265927928141E-11   3.1601867773521863E-22   1.4499771913122504E+03
   9.5493000000000000E+09   2.2457991634723809E+05   1.2503170923413380E-11   3.1412002657882463E-22   1.4476154928601750E+03
   9.5568000000000000E+09   2.2544831677097481E+05   1.2407870847913265E-11   3.1223517845017666E-22   1.4452537740186635E+03
   9.5643000000000000E+09   2.2631840118024044E+05   1.2313358319845401E-11   3.1036400924035698E-22   1.4428920615239817E+03
   9.5718000000000000E+09   2.2719017661133435E+05   1.2219626032500304E-11   3.0850639612834685E-22   1.4405303817742106E+03
   9.5793000000000000E+09   2.2806365015120956E+05   1.2126666753141838E-11   3.0666221756348421E-22   1.4381687608324628E+03
   9.5868000000000000E+09   2.2893882893588039E+05   1.2034473322120782E-11   3.0483135324822791E-22   1.4358072244299537E+03
   9.5943000000000000E+09   2.2981572014883009E+05   1.1943038652001295E-11   3.0301368412122703E-22   1.4334457979689078E+03
   9.6018000000000000E+09   2.3069433101942434E+05   1.1852355726700490E-11   3.0120909234069934E-22   1.4310845065253068E+03
   9.6093000000000000E+09   2.3157466882134858E+05   1.1762417600641086E-11   2.9941746126811976E-22   1.4287233748514689E+03
   9.6168000000000000E+09   2.3245674087107932E+05   1.1673217397917151E-11   2.9763867545221982E-22   1.4263624273784549E+03
   9.6243000000000000E+09   2.3334055452640334E+05   1.1584748311472996E-11   2.9587262061329950E-22   1.4240016882183061E+03
   9.6318000000000000E+09   2.3422611718499599E+05   1.1497003602295381E-11   2.9411918362785305E-22   1.4216411811661212E+03
   9.6393000000000000E+09   2.3511343628307560E+05   1.1409976598618673E-11   2.9237825251350864E-22   1.4192809297019360E+03
   9.6468000000000000E+09   2.3600251929414150E+05   1.1323660695143385E-11   2.9064971641428333E-22   1.4169209569924453E+03
   9.6543000000000000E+09   2.3689337372781363E+05   1.1238049352267846E-11   2.8893346558615282E-22   1.4145612858925483E+03
   9.6618000000000000E+09   2.3778600712878373E+05   1.1153136095333056E-11   2.8722939138293627E-22   1.4122019389467177E+03
   9.6693000000000000E+09   2.3868042707589269E+05   1.1068914513880687E-11   2.8553738624249633E-22   1.4098429383901985E+03
   9.6768000000000000E+09   2.3957664118134519E+05   1.0985378260924296E-11   2.8385734367325288E-22   1.4074843061500419E+03
   9.6843000000000000E+09   2.4047465709007805E+05   1.0902521052233433E-11   2.8218915824100933E-22   1.4051260638459610E+03
   9.6918000000000000E+09   2.4137448247929115E+05   1.0820336665630982E-11   2.8053272555609109E-22   1.4027682327910386E+03
   9.6993000000000000E+09   2.4227612505815775E+05   1.0738818940303280E-11   2.7888794226079302E-22   1.4004108339922645E+03
   9.7068000000000000E+09   2.4317959256772365E+05   1.0657961776123176E-11   2.7725470601713436E-22   1.3980538881509244E+03
   9.7143000000000000E+09   2.4408489278101167E+05   1.0577759132985838E-11   2.7563291549491861E-22   1.3956974156628403E+03
   9.7218000000000000E+09   2.4499203350334096E+05   1.0498205030157206E-11   2.7402247036009432E-22   1.3933414366184707E+03
   9.7293000000000000E+09   2.4590102257287569E+05   1.0419293545634954E-11   2.7242327126341315E-22   1.3909859708028812E+03
   9.7368000000000000E+09   2.4681186786141424E+05   1.0341018815521784E-11   2.7083521982938267E-22   1.3886310376955753E+03
   9.7443000000000000E+09   2.4772457727543116E+05   1.0263375033411021E-11   2.6925821864550667E-22   1.3862766564702317E+03
   9.7518000000000000E+09   2.4863915875738295E+05   1.0186356449784099E-11   2.6769217125180995E-22   1.3839228459943101E+03
   9.7593000000000000E+09   2.4955562028728897E+05   1.0109957371420027E-11   2.6613698213064135E-22   1.3815696248285810E+03
   9.7668000000000000E+09   2.5047396988459607E+05   1.0034172160816354E-11   2.6459255669674847E-22   1.3792170112265535E+03
   9.7743000000000000E+09   2.5139421561033768E+05   9.9589952356216287E-12   2.6305880128761745E-22   1.3768650231338443E+03
   9.7818000000000000E+09   2.5231636556959452E+05   9.8844210680789582E-12   2.6153562315407141E-22   1.3745136781874746E+03
   9.7893000000000000E+09   2.5324042791426508E+05   9.8104441844804591E-12   2.6002293045111939E-22   1.3721629937151179E+03
   9.7968000000000000E+09   2.5416641084614975E+05   9.7370591646324086E-12   2.5852063222904721E-22   1.3698129867343264E+03
   9.8043000000000000E+09   2.5509432262035698E+05   9.6642606413306167E-12   2.5702863842474266E-22   1.3674636739517182E+03
   9.8118000000000000E+09   2.5602417154903000E+05   9.5920432998459387E-12   2.5554685985324495E-22   1.3651150717621749E+03
   9.8193000000000000E+09   2.5695596600540145E+05   9.5204018774194209E-12   2.5407520819950937E-22   1.3627671962480385E+03
   9.8268000000000000E+09   2.5788971442817125E+05   9.4493311627668949E-12   2.5261359601037736E-22   1.3604200631783410E+03
   9.8343000000000000E+09   2.5882542532621094E+05   9.3788259955924990E-12   2.5116193668674096E-22   1.3580736880080599E+03
   9.8418000000000000E+09   2.5976310728358783E+05   9.3088812661110292E-12   2.4972014447589140E-22   1.3557280858774550E+03
   9.8493000000000000E+09   2.6070276896490855E+05   9.2394919145784405E-12   2.4828813446404036E-22   1.3533832716114550E+03
   9.8568000000000000E+09   2.6164441912097135E+05   9.1706529308303765E-12   2.4686582256900229E-22   1.3510392597191519E+03
   9.8643000000000000E+09   2.6258806659472414E+05   9.1023593538282287E-12   2.4545312553302712E-22   1.3486960643933951E+03
   9.8718000000000000E+09   2.6353372032751469E+05   9.0346062712122647E-12   2.4404996091576896E-22   1.3463536995105108E+03
   9.8793000000000000E+09   2.6448138936562405E+05   8.9673888188615411E-12   2.4265624708738093E-22   1.3440121786301625E+03
   9.8868000000000000E+09   2.6543108286706981E+05   8.9007021804601096E-12   2.4127190322172207E-22   1.3416715149953700E+03
   9.8943000000000000E+09   2.6638281010866206E+05   8.8345415870691505E-12   2.3989684928966411E-22   1.3393317215327079E+03
   9.9018000000000000E+09   2.6733658049330045E+05   8.7689023167045462E-12   2.3853100605248550E-22   1.3369928108526879E+03
   9.9093000000000000E+09   2.6829240355748765E+05   8.7037796939195073E-12   2.3717429505533963E-22   1.3346547952503493E+03
   9.9168000000000000E+09   2.6925028897904576E+05   8.6391690893918987E-12   2.3582663862078430E-22   1.3323176867060845E+03
   9.9243000000000000E+09   2.7021024658500997E+05   8.5750659195156441E-12   2.3448795984235961E-22   1.3299814968866838E+03
   9.9318000000000000E+09   2.7117228635967593E+05   8.5114656459960349E-12   2.3315818257820149E-22   1.3276462371466528E+03
   9.9393000000000000E+09   2.7213641845278104E+05   8.4483637754483241E-12   2.3183723144467855E-22   1.3253119185297815E+03
   9.9468000000000000E+09   2.7310265318778623E+05   8.3857558589993200E-12   2.3052503181003938E-22   1.3229785517710052E+03
   9.9543000000000000E+09   2.7407100107023818E+05   8.3236374918914971E-12   2.2922150978805819E-22   1.3206461472985518E+03
   9.9618000000000000E+09   2.7504147279617749E+05   8.2620043130892343E-12   2.2792659223166639E-22   1.3183147152363931E+03
   9.9693000000000000E+09   2.7601407926056458E+05   8.2008520048869318E-12   2.2664020672655987E-22   1.3159842654070253E+03
   9.9768000000000000E+09   2.7698883156569442E+05   8.1401762925183263E-12   2.2536228158476911E-22   1.3136548073345477E+03
   9.9843000000000000E+09   2.7796574102956365E+05   8.0799729437670067E-12   2.2409274583818184E-22   1.3113263502481043E+03
   9.9918000000000000E+09   2.7894481919416162E+05   8.0202377685775186E-12   2.2283152923200855E-22   1.3089989030856507E+03
   9.9993000000000000E+09   2.7992607783364924E+05   7.9609666186668651E-12   2.2157856221818066E-22   1.3066724744980725E+03
   1.0006800000000000E+10   2.8090952896239067E+05   7.9021553871359893E-12   2.2033377594867272E-22   1.3043470728536488E+03
   1.0014300000000000E+10   2.8189518484280666E+05   7.8438000080811088E-12   2.1909710226873863E-22   1.3020227062428899E+03
   1.0021800000000000E+10   2.8288305799301225E+05   7.7858964562044129E-12   2.1786847371005633E-22   1.2996993824837098E+03
   1.0029300000000000E+10   2.8387316119420470E+05   7.7284407464240855E-12   2.1664782348377225E-22   1.2973771091269755E+03
   1.0036800000000000E+10   2.8486550749776914E+05   7.6714289334833167E-12   2.1543508547343990E-22   1.2950558934624094E+03
   1.0044300000000000E+10   2.8586011023206427E+05   7.6148571115581051E-12   2.1423019422784751E-22   1.2927357425248424E+03
   1.0051800000000000E+10   2.8685698300885892E+05   7.5587214138637679E-12   2.1303308495372897E-22   1.2904166631008354E+03
   1.0059300000000000E+10   2.8785613972938468E+05   7.5030180122598270E-12   2.1184369350835639E-22   1.2880986617356193E+03
   1.0066800000000000E+10   2.8885759458997159E+05   7.4477431168534513E-12   2.1066195639200989E-22   1.2857817447404093E+03
   1.0074300000000000E+10   2.8986136208723963E+05   7.3928929756010664E-12   2.0948781074032359E-22   1.2834659182000262E+03
   1.0081800000000000E+10   2.9086745702281583E+05   7.3384638739082880E-12   2.0832119431650723E-22   1.2811511879808554E+03
   1.0089300000000000E+10   2.9187589450754831E+05   7.2844521342280012E-12   2.0716204550344320E-22   1.2788375597391030E+03
   1.0096800000000000E+10   2.9288668996519304E+05   7.2308541156567833E-12   2.0601030329566103E-22   1.2765250389293681E+03
   1.0104300000000000E+10   2.9389985913555045E+05   7.1776662135294613E-12   2.0486590729119102E-22   1.2742136308134795E+03
   1.0111800000000000E+10   2.9491541807702859E+05   7.1248848590121346E-12   2.0372879768330082E-22   1.2719033404696206E+03
   1.0119300000000000E+10   2.9593338316861604E+05   7.0725065186935077E-12   2.0259891525211942E-22   1.2695941728016844E+03
   1.0126800000000000E+10   2.9695377111124602E+05   7.0205276941748936E-12   2.0147620135615392E-22   1.2672861325488791E+03
   1.0134300000000000E+10   2.9797659892854252E+05   6.9689449216589210E-12   2.0036059792370573E-22   1.2649792242955400E+03
   1.0141800000000000E+10   2.9900188396693196E+05   6.9177547715371158E-12   1.9925204744419377E-22   1.2626734524811254E+03
   1.0149300000000000E+10   3.0002964389511955E+05   6.8669538479767943E-12   1.9815049295939360E-22   1.2603688214104106E+03
   1.0156800000000000E+10   3.0105989670292166E+05   6.8165387885071470E-12   1.9705587805460144E-22   1.2580653352637894E+03
   1.0164300000000000E+10   3.0209266069945786E+05   6.7665062636052097E-12   1.9596814684973426E-22   1.2557629981077343E+03
   1.0171800000000000E+10   3.0312795451070432E+05   6.7168529762817346E-12   1.9488724399037712E-22   1.2534618139053380E+03
   1.0179300000000000E+10   3.0416579707641550E+05   6.6675756616674957E-12   1.9381311463879016E-22   1.2511617865269438E+03
   1.0186800000000000E+10   3.0520620764642884E+05   6.6186710866002128E-12   1.9274570446488823E-22   1.2488629197608141E+03
   1.0194300000000000E+10   3.0624920577636518E+05   6.5701360492126540E-12   1.9168495963720787E-22   1.2465652173238270E+03
   1.0201800000000000E+10   3.0729481132274715E+05   6.5219673785222712E-12   1.9063082681387547E-22   1.2442686828721869E+03
   1.0209300000000000E+10   3.0834304443756078E+05   6.4741619340226719E-12   1.8958325313359217E-22   1.2419733200120820E+03
   1.0216800000000000E+10   3.0939392556228570E+05   6.4267166052775985E-12   1.8854218620665227E-22   1.2396791323103107E+03
   1.0224300000000000E+10   3.1044747542143578E+05   6.3796283115177293E-12   1.8750757410601037E-22   1.2373861233048272E+03
   1.0231800000000000E+10   3.1150371501563955E+05   6.3328940012408509E-12   1.8647936535841532E-22   1.2350942965151867E+03
   1.0239300000000000E+10   3.1256266561431007E+05   6.2865106518158670E-12   1.8545750893562737E-22   1.2328036554528701E+03
   1.0246800000000000E+10   3.1362434874795075E+05   6.2404752690911255E-12   1.8444195424573661E-22   1.2305142036314569E+03
   1.0254300000000000E+10   3.1468878620014590E+05   6.1947848870077063E-12   1.8343265112460073E-22   1.2282259445766497E+03
   1.0261800000000000E+10   3.1575599999930040E+05   6.1494365672179572E-12   1.8242954982741885E-22   1.2259388818360903E+03
   1.0269300000000000E+10   3.1682601241018088E+05   6.1044273987100686E-12   1.8143260102046058E-22   1.2236530189889991E+03
   1.0276800000000000E+10   3.1789884592533240E+05   6.0597544974389503E-12   1.8044175577296701E-22   1.2213683596555782E+03
   1.0284300000000000E+10   3.1897452325643302E+05   6.0154150059641719E-12   1.7945696554924192E-22   1.2190849075062038E+03
   1.0291800000000000E+10   3.2005306732566614E+05   5.9714060930952291E-12   1.7847818220094972E-22   1.2168026662703576E+03
   1.0299300000000000E+10   3.2113450125718192E+05   5.9277249535449004E-12   1.7750535795963737E-22   1.2145216397453385E+03
   1.0306800000000000E+10   3.2221884836873523E+05   5.8843688075909396E-12   1.7653844542949662E-22   1.2122418318046957E+03
   1.0314300000000000E+10   3.2330613216357533E+05   5.8413349007467940E-12   1.7557739758038190E-22   1.2099632464064330E+03
   1.0321800000000000E+10   3.2439637632268475E+05   5.7986205034416316E-12   1.7462216774109857E-22   1.2076858876009451E+03
   1.0329300000000000E+10   3.2548960469744512E+05   5.7562229107102994E-12   1.7367270959297633E-22   1.2054097595387309E+03
   1.0336800000000000E+10   3.2658584130283276E+05   5.7141394418933980E-12   1.7272897716373979E-22   1.2031348664778452E+03
   1.0344300000000000E+10   3.2768511031122744E+05   5.6723674403481768E-12   1.7179092482168927E-22   1.2008612127911674E+03
   1.0351800000000000E+10   3.2878743604693777E+05   5.6309042731702815E-12   1.7085850727020229E-22   1.1985888029734342E+03
   1.0359300000000000E+10   3.2989284298153233E+05   5.5897473309270413E-12   1.6993167954256471E-22   1.1963176416481381E+03
   1.0366800000000000E+10   3.3100135573008034E+05   5.5488940274022029E-12   1.6901039699714078E-22   1.1940477335742339E+03
   1.0374300000000000E+10   3.3211299904839235E+05   5.5083417993528020E-12   1.6809461531288860E-22   1.1917790836527706E+03
   1.0381800000000000E+10   3.3322779783136572E+05   5.4680881062781042E-12   1.6718429048522571E-22   1.1895116969334329E+03
   1.0389300000000000E+10   3.3434577711252321E+05   5.4281304302009474E-12   1.6627937882224911E-22   1.1872455786210601E+03
   1.0396800000000000E+10   3.3546696206485044E+05   5.3884662754615848E-12   1.6537983694131148E-22   1.1849807340821797E+03
   1.0404300000000000E+10   3.3659137800301681E+05   5.3490931685242570E-12   1.6448562176595380E-22   1.1827171688516398E+03
   1.0411800000000000E+10   3.3771905038708332E+05   5.3100086577963630E-12   1.6359669052319274E-22   1.1804548886393570E+03
   1.0419300000000000E+10   3.3885000482777756E+05   5.2712103134605105E-12   1.6271300074115943E-22   1.1781938993373017E+03
   1.0426800000000000E+10   3.3998426709343330E+05   5.2326957273192210E-12   1.6183451024708424E-22   1.1759342070267537E+03
   1.0434300000000000E+10   3.4112186311867158E+05   5.1944625126523950E-12   1.6096117716562033E-22   1.1736758179859437E+03
   1.0441800000000000E+10   3.4226281901491247E+05   5.1565083040872840E-12   1.6009295991749622E-22   1.1714187386981353E+03
   1.0449300000000000E+10   3.4340716108278820E+05   5.1188307574809443E-12   1.5922981721848686E-22   1.1691629758602742E+03
   1.0456800000000000E+10   3.4455491582653444E+05   5.0814275498149017E-12   1.5837170807868896E-22   1.1669085363922870E+03
   1.0464300000000000E+10   3.4570610997042834E+05   5.0442963791018139E-12   1.5751859180208605E-22   1.1646554274471473E+03
   1.0471800000000000E+10   3.4686077047733282E+05   5.0074349643038566E-12   1.5667042798638547E-22   1.1624036564218216E+03
   1.0479300000000000E+10   3.4801892456940660E+05   4.9708410452624960E-12   1.5582717652310815E-22   1.1601532309692259E+03
   1.0486800000000000E+10   3.4918059975103335E+05   4.9345123826392221E-12   1.5498879759790968E-22   1.1579041590113022E+03
   1.0494300000000000E+10   3.5034582383400947E+05   4.8984467578669106E-12   1.5415525169111005E-22   1.1556564487533722E+03
   1.0501800000000000E+10   3.5151462496503338E+05   4.8626419731113624E-12   1.5332649957840644E-22   1.1534101086999135E+03
   1.0509300000000000E+10   3.5268703165552585E+05   4.8270958512423977E-12   1.5250250233174235E-22   1.1511651476718785E+03
   1.0516800000000000E+10   3.5386307281380467E+05   4.7918062358141589E-12   1.5168322132030508E-22   1.1489215748257498E+03
   1.0524300000000000E+10   3.5504277777963062E+05   4.7567709910539830E-12   1.5086861821162052E-22   1.1466793996744827E+03
   1.0531800000000000E+10   3.5622617636113608E+05   4.7219880018591270E-12   1.5005865497271441E-22   1.1444386321104719E+03
   1.0539300000000000E+10   3.5741329887413309E+05   4.6874551738010016E-12   1.4925329387130627E-22   1.1421992824307829E+03
   1.0546800000000000E+10   3.5860417618379951E+05   4.6531704331360091E-12   1.4845249747700201E-22   1.1399613613647678E+03
   1.0554300000000000E+10   3.5979883974872489E+05   4.6191317268224684E-12   1.4765622866244903E-22   1.1377248801042933E+03
   1.0561800000000000E+10   3.6099732166729646E+05   4.5853370225429087E-12   1.4686445060441786E-22   1.1354898503367592E+03
   1.0569300000000000E+10   3.6219965472639538E+05   4.5517843087310043E-12   1.4607712678477216E-22   1.1332562842811017E+03
   1.0576800000000000E+10   3.6340587245236535E+05   4.5184715946024752E-12   1.4529422099128899E-22   1.1310241947269958E+03
   1.0584300000000000E+10   3.6461600916420884E+05   4.4853969101892949E-12   1.4451569731829021E-22   1.1287935950774765E+03
   1.0591800000000000E+10   3.6583010002896184E+05   4.4525583063763129E-12   1.4374152016704582E-22   1.1265644993951526E+03
   1.0599300000000000E+10   3.6704818111918314E+05   4.4199538549398396E-12   1.4297165424590929E-22   1.1243369224522939E+03
   1.0606800000000000E+10   3.6827028947249992E+05   4.3875816485872267E-12   1.4220606457014558E-22   1.1221108797849513E+03
   1.0614300000000000E+10   3.6949646315313171E+05   4.3554398009969289E-12   1.4144471646141205E-22   1.1198863877513804E+03
   1.0621800000000000E+10   3.7072674131532077E+05   4.3235264468583101E-12   1.4068757554685266E-22   1.1176634635949897E+03
   1.0629300000000000E+10   3.7196116426858213E+05   4.2918397419104792E-12   1.3993460775776721E-22   1.1154421255120280E+03
   1.0636800000000000E+10   3.7319977354469104E+05   4.2603778629796198E-12   1.3918577932781699E-22   1.1132223927242767E+03
   1.0644300000000000E+10   3.7444261196630914E+05   4.2291390080141096E-12   1.3844105679072983E-22   1.1110042855569611E+03
   1.0651800000000000E+10   3.7568972371716297E+05   4.1981213961169310E-12   1.3770040697746851E-22   1.1087878255221442E+03
   1.0659300000000000E+10   3.7694115441366803E+05   4.1673232675747627E-12   1.3696379701282736E-22   1.1065730354078216E+03
   1.0666800000000000E+10   3.7819695117790147E+05   4.1367428838833463E-12   1.3623119431142408E-22   1.1043599393729935E+03
   1.0674300000000000E+10   3.7945716271182208E+05   4.1063785277684670E-12   1.3550256657305413E-22   1.1021485630489046E+03
   1.0681800000000000E+10   3.8072183937262883E+05   4.0762285032025003E-12   1.3477788177737960E-22   1.0999389336467837E+03
   1.0689300000000000E+10   3.8199103324915766E+05   4.0462911354157528E-12   1.3405710817792289E-22   1.0977310800722280E+03
   1.0696800000000000E+10   3.8326479823920957E+05   4.0165647709026048E-12   1.3334021429534056E-22   1.0955250330465594E+03
   1.0704300000000000E+10   3.8454319012770744E+05   3.9870477774220252E-12   1.3262716890995468E-22   1.0933208252353350E+03
   1.0711800000000000E+10   3.8582626666557917E+05   3.9577385439923948E-12   1.3191794105351998E-22   1.0911184913843060E+03
   1.0719300000000000E+10   3.8711408764926670E+05   3.9286354808803691E-12   1.3121250000020990E-22   1.0889180684630096E+03
   1.0726800000000000E+10   3.8840671500076551E+05   3.8997370195838968E-12   1.3051081525680675E-22   1.0867195958162840E+03
   1.0734300000000000E+10   3.8970421284809982E+05   3.8710416128091969E-12   1.2981285655208346E-22   1.0845231153238910E+03
   1.0741800000000000E+10   3.9100664760614437E+05   3.8425477344418736E-12   1.2911859382536902E-22   1.0823286715684958E+03
   1.0749300000000000E+10   3.9231408805770910E+05   3.8142538795122864E-12   1.2842799721429147E-22   1.0801363120122351E+03
   1.0756800000000000E+10   3.9362660543480638E+05   3.7861585641553218E-12   1.2774103704169791E-22   1.0779460871820629E+03
   1.0764300000000000E+10   3.9494427350002958E+05   3.7582603255648456E-12   1.2705768380175157E-22   1.0757580508641083E+03
   1.0771800000000000E+10   3.9626716862797411E+05   3.7305577219431154E-12   1.2637790814521261E-22   1.0735722603072156E+03
   1.0779300000000000E+10   3.9759536988664110E+05   3.7030493324456596E-12   1.2570168086391081E-22   1.0713887764359117E+03
   1.0786800000000000E+10   3.9892895911877218E+05   3.6757337571217560E-12   1.2502897287442291E-22   1.0692076640728922E+03
   1.0794300000000000E+10   4.0026802102306887E+05   3.6486096168514296E-12   1.2435975520097151E-22   1.0670289921713170E+03
   1.0801800000000000E+10   4.0161264323525666E+05   3.6216755532790791E-12   1.2369399895756565E-22   1.0648528340569535E+03
   1.0809300000000000E+10   4.0296291640896723E+05   3.5949302287446075E-12   1.2303167532940720E-22   1.0626792676803977E+03
   1.0816800000000000E+10   4.0431893429641303E+05   3.5683723262125710E-12   1.2237275555359099E-22   1.0605083758794649E+03
   1.0824300000000000E+10   4.0568079382884258E+05   3.5420005491999455E-12   1.2171721089913109E-22   1.0583402466518489E+03
   1.0831800000000000E+10   4.0704859519676387E+05   3.5158136217034427E-12   1.2106501264634848E-22   1.0561749734382095E+03
   1.0839300000000000E+10   4.0842244192994281E+05   3.4898102881267612E-12   1.2041613206565961E-22   1.0540126554156686E+03
   1.0846800000000000E+10   4.0980244097717968E+05   3.4639893132087925E-12   1.1977054039580905E-22   1.0518533978018536E+03
   1.0854300000000000E+10   4.1118870278587693E+05   3.4383494819534186E-12   1.1912820882159335E-22   1.0496973121694789E+03
   1.0861800000000000E+10   4.1258134138142102E+05   3.4128895995615920E-12   1.1848910845112588E-22   1.0475445167714659E+03
   1.0869300000000000E+10   4.1398047444639978E+05   3.3876084913666355E-12   1.1785321029269753E-22   1.0453951368766213E+03
   1.0876800000000000E+10   4.1538622339969076E+05   3.3625050027731669E-12   1.1722048523128887E-22   1.0432493051157448E+03
   1.0884300000000000E+10   4.1679871347544657E+05   3.3375779992007740E-12   1.1659090400479618E-22   1.0411071618381914E+03
   1.0891800000000000E+10   4.1821807380202226E+05   3.3128263660327499E-12   1.1596443718003315E-22   1.0389688554786810E+03
   1.0899300000000000E+10   4.1964443748087675E+05   3.2882490085706704E-12   1.1534105512857585E-22   1.0368345429342357E+03
   1.0906800000000000E+10   4.2107794166549307E+05   3.2638448519954601E-12   1.1472072800251964E-22   1.0347043899510870E+03
   1.0914300000000000E+10   4.2251872764035303E+05   3.2396128413352704E-12   1.1410342571022055E-22   1.0325785715212510E+03
   1.0921800000000000E+10   4.2396694090000656E+05   3.2155519414407881E-12   1.1348911789209471E-22   1.0304572722885673E+03
   1.0929300000000000E+10   4.2542273122827068E+05   3.1916611369682347E-12   1.1287777389655370E-22   1.0283406869638327E+03
   1.0936800000000000E+10   4.2688625277758931E+05   3.1679394323703029E-12   1.1226936275615352E-22   1.0262290207486649E+03
   1.0944300000000000E+10   4.2835766414857900E+05   3.1443858518952830E-12   1.1166385316403878E-22   1.0241224897676998E+03
   1.0951800000000000E+10   4.2983712846978009E+05   3.1209994395942139E-12   1.1106121345076384E-22   1.0220213215085737E+03
   1.0959300000000000E+10   4.3132481347762560E+05   3.0977792593362847E-12   1.1046141156157589E-22   1.0199257552692558E+03
   1.0966800000000000E+10   4.3282089159662835E+05   3.0747243948318537E-12   1.0986441503424422E-22   1.0178360426119932E+03
   1.0974300000000000E+10   4.3432554001977656E+05   3.0518339496631462E-12   1.0927019097752350E-22   1.0157524478233423E+03
   1.0981800000000000E+10   4.3583894078911695E+05   3.0291070473217630E-12   1.0867870605033726E-22   1.0136752483794397E+03
   1.0989300000000000E+10   4.3736128087649104E+05   3.0065428312525220E-12   1.0808992644177079E-22   1.0116047354157740E+03
   1.0996800000000000E+10   4.3889275226437597E+05   2.9841404649026831E-12   1.0750381785196142E-22   1.0095412142005470E+03
   1.1004300000000000E+10   4.4043355202676181E+05   2.9618991317755398E-12   1.0692034547397625E-22   1.0074850046106657E+03
   1.1011800000000000E+10   4.4198388240998832E+05   2.9398180354872385E-12   1.0633947397676547E-22   1.0054364416093623E+03
   1.1019300000000000E+10   4.4354395091343712E+05   2.9178963998253678E-12   1.0576116748928175E-22   1.0033958757242901E+03
   1.1026800000000000E+10   4.4511397036996775E+05   2.8961334688077179E-12   1.0518538958585393E-22   1.0013636735248938E+03
   1.1034300000000000E+10   4.4669415902595635E+05   2.8745285067395124E-12   1.0461210327290385E-22   9.9934021809778835E+02
   1.1041800000000000E+10   4.4828474062078830E+05   2.8530807982670847E-12   1.0404127097709464E-22   9.9732590951874522E+02
   1.1049300000000000E+10   4.4988594446562545E+05   2.8317896484259122E-12   1.0347285453499782E-22   9.9532116531983843E+02
   1.1056800000000000E+10   4.5149800552126253E+05   2.8106543826805429E-12   1.0290681518436527E-22   9.9332642095015592E+02
   1.1064300000000000E+10   4.5312116447485442E+05   2.7896743469540397E-12   1.0234311355709184E-22   9.9134213022846848E+02
   1.1071800000000000E+10   4.5475566781529546E+05   2.7688489076441146E-12   1.0178170967395273E-22   9.8936876578607314E+02
   1.1079300000000000E+10   4.5640176790699968E+05   2.7481774516230902E-12   1.0122256294119802E-22   9.8740681949798079E+02
   1.1086800000000000E+10   4.5805972306182818E+05   2.7276593862186816E-12   1.0066563214908568E-22   9.8545680290052803E+02
   1.1094300000000000E+10   4.5972979760888621E+05   2.7072941391723038E-12   1.0011087547243284E-22   9.8351924759335509E+02
   1.1101800000000000E+10   4.6141226196191268E+05   2.6870811585716556E-12   9.9558250473262167E-23   9.8159470562367437E+02
   1.1109300000000000E+10   4.6310739268396678E+05   2.6670199127539501E-12   9.9007714105619613E-23   9.7968374985056187E+02
   1.1116800000000000E+10   4.6481547254911787E+05   2.6471098901763158E-12   9.8459222722636208E-23   9.7778697428703003E+02
   1.1124300000000000E+10   4.6653679060083692E+05   2.6273505992496059E-12   9.7912732085905371E-23   9.7590499441747158E+02
   1.1131800000000000E+10   4.6827164220679936E+05   2.6077415681317272E-12   9.7368197377243727E-23   9.7403844748797769E+02
   1.1139300000000000E+10   4.7002032910980325E+05   2.5882823444768622E-12   9.6825573212901562E-23   9.7218799276706750E+02
   1.1146800000000000E+10   4.7178315947453101E+05   2.5689724951363795E-12   9.6284813660285069E-23   9.7035431177410271E+02
   1.1154300000000000E+10   4.7356044792988972E+05   2.5498116058077475E-12   9.5745872257250637E-23   9.6853810847278135E+02
   1.1161800000000000E+10   4.7535251560669555E+05   2.5307992806273865E-12   9.5208702034027083E-23   9.6674010942690722E+02
   1.1169300000000000E+10   4.7715969017049391E+05   2.5119351417035892E-12   9.4673255537818793E-23   9.6496106391563239E+02
   1.1176800000000000E+10   4.7898230584934429E+05   2.4932188285855887E-12   9.4139484860138393E-23   9.6320174400528117E+02
   1.1184300000000000E+10   4.8082070345644344E+05   2.4746499976651108E-12   9.3607341666914090E-23   9.6146294457488625E+02
   1.1191800000000000E+10   4.8267523040751473E+05   2.4562283215064667E-12   9.3076777231411715E-23   9.5974548329238473E+02
   1.1199300000000000E+10   4.8454624073294865E+05   2.4379534881018346E-12   9.2547742470007112E-23   9.5805020053856992E+02
   1.1206800000000000E+10   4.8643409508476011E+05   2.4198252000480090E-12   9.2020187980839470E-23   9.5637795927566549E+02
   1.1214300000000000E+10   4.8833916073849151E+05   2.4018431736415069E-12   9.1494064085370657E-23   9.5472964485753994E+02
   1.1221800000000000E+10   4.9026181159030891E+05   2.3840071378887527E-12   9.0969320872869414E-23   9.5310616477843496E+02
   1.1229300000000000E+10   4.9220242814960860E+05   2.3663168334283284E-12   9.0445908247833014E-23   9.5150844835708199E+02
   1.1236800000000000E+10   4.9416139752759662E+05   2.3487720113626895E-12   8.9923775980352188E-23   9.4993744635316193E+02
   1.1244300000000000E+10   4.9613911342240789E+05   2.3313724319964198E-12   8.9402873759417621E-23   9.4839413051283373E+02
   1.1251800000000000E+10   4.9813597610148386E+05   2.3141178634791143E-12   8.8883151249157775E-23   9.4687949304037068E+02
   1.1259300000000000E+10   5.0015239238207252E+05   2.2970080803500291E-12   8.8364558147990165E-23   9.4539454599245607E+02
   1.1266800000000000E+10   5.0218877561088948E+05   2.2800428619833002E-12   8.7847044250657332E-23   9.4394032059227345E+02
   1.1274300000000000E+10   5.0424554564414936E+05   2.2632219909308387E-12   8.7330559513109853E-23   9.4251786645972413E+02
   1.1281800000000000E+10   5.0632312882938114E+05   2.2465452511624214E-12   8.6815054120187273E-23   9.4112825075499279E+02
   1.1289300000000000E+10   5.0842195799065038E+05   2.2300124261997765E-12   8.6300478556035683E-23   9.3977255723145834E+02
   1.1296800000000000E+10   5.1054247241903341E+05   2.2136232971449436E-12   8.5786783677188971E-23   9.3845188519526891E+02
   1.1304300000000000E+10   5.1268511787043896E+05   2.1973776405989404E-12   8.5273920788225948E-23   9.3716734836702790E+02
   1.1311800000000000E+10   5.1485034657312656E+05   2.1812752264718304E-12   8.4761841719901994E-23   9.3592007364303515E+02
   1.1319300000000000E+10   5.1703861724755383E+05   2.1653158156787350E-12   8.4250498909637283E-23   9.3471119975064232E+02
   1.1326800000000000E+10   5.1925039514147269E+05   2.1494991577237036E-12   8.3739845484227776E-23   9.3354187579527559E+02
   1.1334300000000000E+10   5.2148615208351589E+05   2.1338249881635123E-12   8.3229835344626431E-23   9.3241325969233640E+02
   1.1341800000000000E+10   5.2374636655883258E+05   2.1182930259542841E-12   8.2720423252623842E-23   9.3132651648168383E+02
   1.1349300000000000E+10   5.2603152381070121E+05   2.1029029706688972E-12   8.2211564919236396E-23   9.3028281651578129E+02
   1.1356800000000000E+10   5.2834211597238865E+05   2.0876544995892722E-12   8.1703217094589523E-23   9.2928333351940648E+02
   1.1364300000000000E+10   5.3067864223394403E+05   2.0725472646551473E-12   8.1195337659060130E-23   9.2832924250877056E+02
   1.1371800000000000E+10   5.3304160904898820E+05   2.0575808892753310E-12   8.0687885715418326E-23   9.2742171756837990E+02
   1.1379300000000000E+10   5.3543153038701718E+05   2.0427549649730091E-12   8.0180821681684173E-23   9.2656192946841384E+02
   1.1386800000000000E+10   5.3784892803715984E+05   2.0280690478743358E-12   7.9674107384387159E-23   9.2575104312186659E+02
   1.1394300000000000E+10   5.4029433196980995E+05   2.0135226549964617E-12   7.9167706151889747E-23   9.2499021485643061E+02
   1.1401800000000000E+10   5.4276828076303122E+05   1.9991152603498908E-12   7.8661582907406135E-23   9.2428058950217928E+02
   1.1409300000000000E+10   5.4527132210114505E+05   1.9848462907878994E-12   7.8155704261317843E-23   9.2362329725812640E+02
   1.1416800000000000E+10   5.4780401335343020E+05   1.9707151216273232E-12   7.7650038602355706E-23   9.2301945034195467E+02
   1.1424300000000000E+10   5.5036692224141746E+05   1.9567210719384244E-12   7.7144556187185765E-23   9.2247013936801227E+02
   1.1431800000000000E+10   5.5296062760381587E+05   1.9428633995441371E-12   7.6639229227902635E-23   9.2197642946373753E+02
   1.1439300000000000E+10   5.5558572026871343E+05   1.9291412955729402E-12   7.6134031976899025E-23   9.2153935604189780E+02
   1.1446800000000000E+10   5.5824280404326797E+05   1.9155538786333449E-12   7.5628940808545793E-23   9.2115992024955085E+02
   1.1454300000000000E+10   5.6093249683176901E+05   1.9021001883730482E-12   7.5123934297079254E-23   9.2083908396856339E+02
   1.1461800000000000E+10   5.6365543189354485E+05   1.8887791785365775E-12   7.4618993290056585E-23   9.2057776440713383E+02
   1.1469300000000000E+10   5.6641225925290934E+05   1.8755897091611658E-12   7.4114100976702935E-23   9.2037682809176511E+02
   1.1476800000000000E+10   5.6920364727393887E+05   1.8625305381006164E-12   7.3609242950435889E-23   9.2023708433096874E+02
   1.1484300000000000E+10   5.7203028441366646E+05   1.8496003113270707E-12   7.3104407264815713E-23   9.2015927785842655E+02
   1.1491800000000000E+10   5.7489288116785057E+05   1.8367975523222003E-12   7.2599584482132366E-23   9.2014408077933319E+02
   1.1499300000000000E+10   5.7779217222437065E+05   1.8241206496989786E-12   7.2094767713802858E-23   9.2019208336086956E+02
   1.1506800000000000E+10   5.8072891883977351E+05   1.8115678435045914E-12   7.1589952651716636E-23   9.2030378384779328E+02
   1.1514300000000000E+10   5.8370391143938445E+05   1.7991372083327454E-12   7.1085136683492542E-23   9.2047958804065411E+02
   1.1521800000000000E+10   5.8671797239498619E+05   1.7868266394109345E-12   7.0580316285907369E-23   9.2071983283369843E+02
   1.1529300000000000E+10   5.8977195891906612E+05   1.7746338466148333E-12   7.0075485309118199E-23   9.2102480322130123E+02
   1.1536800000000000E+10   5.9286676605793054E+05   1.7625563518460935E-12   6.9570634962714778E-23   9.2139472933169702E+02
   1.1544300000000000E+10   5.9600332979646791E+05   1.7505914881288172E-12   6.9065753797737949E-23   9.2182978432733614E+02
   1.1551800000000000E+10   5.9918263028798380E+05   1.7387363990390183E-12   6.8560827685013277E-23   9.2233008247731539E+02
   1.1559300000000000E+10   6.0240569521547796E+05   1.7269880382920656E-12   6.8055839790119208E-23   9.2289567731342083E+02
   1.1566800000000000E+10   6.0567360327974788E+05   1.7153431702219738E-12   6.7550770545279238E-23   9.2352656026566478E+02
   1.1574300000000000E+10   6.0898748781417590E+05   1.7037983702885892E-12   6.7045597618430672E-23   9.2422265933070935E+02
   1.1581800000000000E+10   6.1234854053783219E+05   1.6923500268690582E-12   6.6540295879685503E-23   9.2498383845874309E+02
   1.1589300000000000E+10   6.1575801546344708E+05   1.6809943429251119E-12   6.6034837365363183E-23   9.2580989691903721E+02
   1.1596800000000000E+10   6.1921723297750391E+05   1.6697273395613919E-12   6.5529191239743829E-23   9.2670056975921705E+02
   1.1604300000000000E+10   6.2272758411160426E+05   1.6585448592014734E-12   6.5023323754659412E-23   9.2765552814428133E+02
   1.1611800000000000E+10   6.2629053502495971E+05   1.6474425716297917E-12   6.4517198207013838E-23   9.2867438139808007E+02
   1.1619300000000000E+10   6.2990763172050973E+05   1.6364159792131779E-12   6.4010774894296307E-23   9.2975667874558508E+02
   1.1626800000000000E+10   6.3358050501773262E+05   1.6254604265622211E-12   6.3504011068128948E-23   9.3090191375061545E+02
   1.1634300000000000E+10   6.3731087580903922E+05   1.6145711086242976E-12   6.2996860885868155E-23   9.3210952813135737E+02
   1.1641800000000000E+10   6.4110056062664476E+05   1.6037430857729383E-12   6.2489275360258283E-23   9.3337891990255628E+02
   1.1649300000000000E+10   6.4495147755248891E+05   1.5929712960473828E-12   6.1981202307119196E-23   9.3470945031500696E+02
   1.1656800000000000E+10   6.4886565250292711E+05   1.5822505785642098E-12   6.1472586291030993E-23   9.3610045781929875E+02
   1.1664300000000000E+10   6.5284522592826840E+05   1.5715756918713385E-12   6.0963368568966471E-23   9.3755126978354042E+02
   1.1671800000000000E+10   6.5689245996461972E+05   1.5609413503409904E-12   6.0453487031806387E-23   9.3906122573062180E+02
   1.1679300000000000E+10   6.6100974608820595E+05   1.5503422516851431E-12   5.9942876143664605E-23   9.4062969645463443E+02
   1.1686800000000000E+10   6.6519961331646983E+05   1.5397731338860691E-12   5.9431466878936666E-23   9.4225612220898665E+02
   1.1694300000000000E+10   6.6946473702000268E+05   1.5292288166127346E-12   5.8919186656984261E-23   9.4394004340190656E+02
   1.1701800000000000E+10   6.7380794839757541E+05   1.5187042910547582E-12   5.8405959274355949E-23   9.4568116316452176E+02
   1.1709300000000000E+10   6.7823224469795160E+05   1.5081947826657964E-12   5.7891704834452510E-23   9.4747939635443015E+02
   1.1716800000000000E+10   6.8274080024970614E+05   1.4976958943721618E-12   5.7376339674534054E-23   9.4933497235060292E+02
   1.1724300000000000E+10   6.8733697841131536E+05   1.4872037025033511E-12   5.6859776289988148E-23   9.5124851338580595E+02
   1.1731800000000000E+10   6.9202434451215377E+05   1.4767149881940963E-12   5.6341923255767147E-23   9.5322120487224356E+02
   1.1739300000000000E+10   6.9680667993951787E+05   1.4662273877109228E-12   5.5822685144945883E-23   9.5525492269125812E+02
   1.1746800000000000E+10   7.0168799745434616E+05   1.4557394695179531E-12   5.5301962444339592E-23   9.5735231987465102E+02
   1.1754300000000000E+10   7.0667255788691808E+05   1.4452494273874642E-12   5.4779651467194300E-23   9.5951599990254772E+02
   1.1761800000000000E+10   7.1176488804446952E+05   1.4347540184524735E-12   5.4255644262905843E-23   9.6174780686501788E+02
   1.1769300000000000E+10   7.1696980005473387E+05   1.4242487986986492E-12   5.3729828523721697E-23   9.6404895239152813E+02
   1.1776800000000000E+10   7.2229241223125730E+05   1.4137281506051139E-12   5.3202087488259005E-23   9.6642000790974510E+02
   1.1784300000000000E+10   7.2773817172071419E+05   1.4031854336323539E-12   5.2672299841721893E-23   9.6886098114569120E+02
   1.1791800000000000E+10   7.3331287904214975E+05   1.3926130131758397E-12   5.2140339612563167E-23   9.7137131237529786E+02
   1.1799300000000000E+10   7.3902271482001571E+05   1.3820023566423984E-12   5.1606076065409888E-23   9.7394991759190793E+02
   1.1806800000000000E+10   7.4487426886770537E+05   1.3713440579383950E-12   5.1069373589914858E-23   9.7659518321538485E+02
   1.1814300000000000E+10   7.5087457196853298E+05   1.3606278971832354E-12   5.0530091585287294E-23   9.7930498560157594E+02
   1.1821800000000000E+10   7.5703113057734247E+05   1.3498428579499875E-12   4.9988084340080051E-23   9.8207668065691792E+02
   1.1829300000000000E+10   7.6335196484690811E+05   1.3389771618655755E-12   4.9443200906906180E-23   9.8490710523784901E+02
   1.1836800000000000E+10   7.6984565028889757E+05   1.3280182775485025E-12   4.8895284971565836E-23   9.8779255919857064E+02
   1.1844300000000000E+10   7.7652136355059838E+05   1.3169529369604477E-12   4.8344174716151027E-23   9.9072879137330654E+02
   1.1851800000000000E+10   7.8338893272767286E+05   1.3057671355884274E-12   4.7789702675487747E-23   9.9371097178389596E+02
   1.1859300000000000E+10   7.9045889279921714E+05   1.2944461344213297E-12   4.7231695586339243E-23   9.9673366268023210E+02
   1.1866800000000000E+10   7.9774254674692638E+05   1.2829744508541434E-12   4.6669974228566430E-23   9.9979077817589473E+02
   1.1874300000000000E+10   8.0525203308785241E+05   1.2713358479977531E-12   4.6104353257468375E-23   1.0028755388479433E+03
   1.1881800000000000E+10   8.1300040056607989E+05   1.2595133152969455E-12   4.5534641026270341E-23   1.0059804150328966E+03
   1.1889300000000000E+10   8.2100169092772296E+05   1.2474890451618883E-12   4.4960639397698892E-23   1.0090970614287389E+03
   1.1896800000000000E+10   8.2927103076596023E+05   1.2352444014946978E-12   4.4382143543285669E-23   1.0122162386101305E+03
   1.1904300000000000E+10   8.3782473362598754E+05   1.2227598820736922E-12   4.3798941728937020E-23   1.0153277215981387E+03
   1.1911800000000000E+10   8.4668041367924726E+05   1.2100150720694008E-12   4.3210815084942369E-23   1.0184201916337909E+03
   1.1919300000000000E+10   8.5585711251717259E+05   1.1969885889635666E-12   4.2617537358384650E-23   1.0214811093605219E+03
   1.1926800000000000E+10   8.6537544082430401E+05   1.1836580165800008E-12   4.2018874645448969E-23   1.0244965651078874E+03
   1.1934300000000000E+10   8.7525773690872232E+05   1.1699998275506449E-12   4.1414585100773743E-23   1.0274511027713104E+03
   1.1941800000000000E+10   8.8552824480334634E+05   1.1559892881077952E-12   4.0804418620348077E-23   1.0303275083835990E+03
   1.1949300000000000E+10   8.9621331286826369E+05   1.1416003750887534E-12   4.0188116493973537E-23   1.0331065857798726E+03
   1.1956800000000000E+10   9.0720255764421658E+05   1.1268055549214572E-12   3.9565411022189957E-23   1.0357667787887910E+03
   1.1964300000000000E+10   9.1805273511671845E+05   1.1115755004575133E-12   3.8935962986829191E-23   1.0382853483559204E+03
   1.1971800000000000E+10   9.2842990179813956E+05   1.0958799666655339E-12   3.8299216455713466E-23   1.0406430270884464E+03
   1.1979300000000000E+10   9.3830662192181521E+05   1.0796872259211612E-12   3.7654392765584272E-23   1.0428239445586507E+03
   1.1986800000000000E+10   9.4765808413152618E+05   1.0629643369185942E-12   3.7000484203420094E-23   1.0448163646830476E+03
   1.1994300000000000E+10   9.5646238412444689E+05   1.0456764803581299E-12   3.6336247345592190E-23   1.0466125700895836E+03
   1.2001800000000000E+10   9.6470079751715995E+05   1.0277866061320574E-12   3.5660195996889542E-23   1.0482090565214328E+03
   1.2009300000000000E+10   9.7235803233657812E+05   1.0092546168464993E-12   3.4970593684366921E-23   1.0496062770213641E+03
   1.2016800000000000E+10   9.7942255653227272E+05   9.9003666779272543E-13   3.4265445649329978E-23   1.0508084948001410E+03
   1.2024300000000000E+10   9.8588696416805638E+05   9.7008425321866707E-13   3.3542490318603587E-23   1.0518234079760857E+03
   1.2031800000000000E+10   9.9174839049802569E+05   9.4934332439561529E-13   3.2799190209948623E-23   1.0526617905093590E+03
   1.2039300000000000E+10   9.9700893485984637E+05   9.2775330400250327E-13   3.2032722261487285E-23   1.0533370037123154E+03
   1.2046800000000000E+10   1.0016761440377778E+06   9.0524628496658396E-13   3.1239967532227157E-23   1.0538646984787854E+03
   1.2054300000000000E+10   1.0057635105686147E+06   8.8174361574164943E-13   3.0417500261024893E-23   1.0542594028622868E+03
   1.2061800000000000E+10   1.0092910586257275E+06   8.5716885877457352E-13   2.9561576207011325E-23   1.0545507324402377E+03
   1.2069300000000000E+10   1.0122859647332950E+06   8.3164436527935036E-13   2.8678943131436726E-23   1.0546374434853153E+03
   1.2076800000000000E+10   1.0147828575426360E+06   8.0630587800273930E-13   2.7807132914772856E-23   1.0545624246520249E+03
   1.2084300000000000E+10   1.0168226178817517E+06   7.8218812856313183E-13   2.6977149090082599E-23   1.0544933565021281E+03
   1.2091800000000000E+10   1.0184501657961339E+06   7.5940373011775141E-13   2.6193160063773873E-23   1.0544196940079569E+03
   1.2099300000000000E+10   1.0197127069274440E+06   7.3807403752862186E-13   2.5459168658666865E-23   1.0543490000363824E+03
   1.2106800000000000E+10   1.0206589521570662E+06   7.1831039355045572E-13   2.4778974309977589E-23   1.0542837309625047E+03
   1.2114300000000000E+10   1.0213381991915487E+06   7.0021653202314542E-13   2.4156137365616204E-23   1.0542255788091250E+03
   1.2121800000000000E+10   1.0217992861293430E+06   6.8388771046993714E-13   2.3593945814415557E-23   1.0541754586317008E+03
   1.2129300000000000E+10   1.0220894350785210E+06   6.6941006166251831E-13   2.3095384718964208E-23   1.0541337408312952E+03
   1.2136800000000000E+10   1.0222530157086542E+06   6.5685996116840135E-13   2.2663108586986043E-23   1.0541004297768984E+03
   1.2144300000000000E+10   1.0223302696006093E+06   6.4630344957937054E-13   2.2299416864196225E-23   1.0540753260096137E+03
   1.2151800000000000E+10   1.0223560474692867E+06   6.3779561528379250E-13   2.2006232696506591E-23   1.0540579982434977E+03
   1.2159300000000000E+10   1.0223586188747544E+06   6.3138012327364261E-13   2.1785085065802741E-23   1.0540478463398927E+03
   1.2166800000000000E+10   1.0223538312237519E+06   6.2708851836997146E-13   2.1637094382396761E-23   1.0540436334633046E+03
   6.1743000000000000E+09  -1.9443121495574394E+03   2.4819082084184890E-11   3.0088102452642475E-22   1.0000656315397716E+03
   6.1818000000000000E+09  -4.9705109602384191E+03   2.5353697701266876E-11   3.0732929577469292E-22   1.0001725552629445E+03
   6.1893000000000000E+09  -8.2143463010010055E+03   2.6151668238941025E-11   3.1696086216689477E-22   1.0003024786017413E+03
   6.1968000000000000E+09  -1.0982592210902618E+04   2.7210404118499597E-11   3.2974530535471277E-22   1.0004467022106656E+03
   6.2043000000000000E+09  -1.3284061525601126E+04   2.8527209215147598E-11   3.4565030883075379E-22   1.0005986768585069E+03
   6.2118000000000000E+09  -1.5259088357361867E+04   3.0099166794508020E-11   3.6464041773299189E-22   1.0007538154608771E+03
   6.2193000000000000E+09  -1.7000984830160873E+04   3.1922951990130168E-11   3.8667588781233220E-22   1.0009065694058741E+03
   6.2268000000000000E+09  -1.8574847353567206E+04   3.3994772839584786E-11   4.1171183278001391E-22   1.0010514079553448E+03
   6.2343000000000000E+09  -2.0027204409336842E+04   3.6310227133908977E-11   4.3969733216260143E-22   1.0011812816746146E+03
   6.2418000000000000E+09  -2.1392181313245444E+04   3.8864252199558791E-11   4.7057425790027310E-22   1.0012896706907777E+03
   6.2493000000000000E+09  -2.2695587635191474E+04   4.1650992206469758E-11   5.0427630197136875E-22   1.0013695441909653E+03
   6.2568000000000000E+09  -2.3957676858694569E+04   4.4663781662910391E-11   5.4072812302381018E-22   1.0014150649947874E+03
   6.2643000000000000E+09  -2.5195026194032762E+04   4.7728570729401998E-11   5.7797203240321016E-22   1.0011731450586086E+03
   6.2718000000000000E+09  -2.6421511729303384E+04   5.0626958318576269E-11   6.1334351173694853E-22   1.0007270671385406E+03
   6.2793000000000000E+09  -2.7645363124051368E+04   5.3315344163588134E-11   6.4614245388367349E-22   1.0003719980487484E+03
   6.2868000000000000E+09  -2.8871151580618538E+04   5.5802902189636990E-11   6.7646403256270270E-22   1.0001143583454156E+03
   6.2943000000000000E+09  -3.0104684558192268E+04   5.8099378625501392E-11   7.0440604642624290E-22   9.9996776148390177E+02
   6.3018000000000000E+09  -3.1355242927786061E+04   6.0214964018863984E-11   7.3006836605782498E-22   9.9995046496257578E+02
   6.3093000000000000E+09  -3.2633812161287344E+04   6.2160167879738565E-11   7.5355244177959213E-22   1.0000835495441606E+03
   6.3168000000000000E+09  -3.3949968388483619E+04   6.3945759301911214E-11   7.7496087112495826E-22   1.0003905025893605E+03
   6.3243000000000000E+09  -3.5310836974776423E+04   6.5582734332724932E-11   7.9439701563361374E-22   1.0008972639515737E+03
   6.3318000000000000E+09  -3.6710424198115092E+04   6.7082225100638116E-11   8.1196465213960975E-22   1.0016313816054492E+03
   6.3393000000000000E+09  -3.8098375272952580E+04   6.8455405539254194E-11   8.2776765500583002E-22   1.0026211959323304E+03
   6.3468000000000000E+09  -3.9430714678968230E+04   6.9713379028169057E-11   8.4190960495971642E-22   1.0038949180346825E+03
   6.3543000000000000E+09  -4.0702037205206849E+04   7.0867019634348425E-11   8.5449312238869283E-22   1.0054794139643396E+03
   6.3618000000000000E+09  -4.1907082116055681E+04   7.1926861559212462E-11   8.6561958175387075E-22   1.0073992536895996E+03
   6.3693000000000000E+09  -4.3040956822680877E+04   7.2902990266860675E-11   8.7538886172590439E-22   1.0096757183376940E+03
   6.3768000000000000E+09  -4.4099310820754617E+04   7.3804935796938920E-11   8.8389913185257868E-22   1.0123257542881906E+03
   6.3843000000000000E+09  -4.5078473599317687E+04   7.4641572234193187E-11   8.9124667565403882E-22   1.0153609157073892E+03
   6.3918000000000000E+09  -4.5975565890550919E+04   7.5421024159487575E-11   8.9752574988247599E-22   1.0187862960721664E+03
   6.3993000000000000E+09  -4.6788590562736637E+04   7.6150584968863705E-11   9.0282847953709973E-22   1.0225995088155585E+03
   6.4068000000000000E+09  -4.7516506976095370E+04   7.6836647590801874E-11   9.0724478808744990E-22   1.0267897213879805E+03
   6.4143000000000000E+09  -4.8159290831698519E+04   7.7484652666491509E-11   9.1086236222349663E-22   1.0313368131062991E+03
   6.4218000000000000E+09  -4.8717980046298886E+04   7.8099053564908779E-11   9.1376665032101231E-22   1.0362106550116412E+03
   6.4293000000000000E+09  -4.9194706143015123E+04   7.8683303169628190E-11   9.1604089368232589E-22   1.0413705894519414E+03
   6.4368000000000000E+09  -4.9592709829627696E+04   7.9239860595962318E-11   9.1776618949277603E-22   1.0467651010152954E+03
   6.4443000000000000E+09  -4.9916338935451451E+04   7.9770223243564306E-11   9.1902158431955281E-22   1.0523317708669920E+03
   6.4518000000000000E+09  -5.0171026642395998E+04   8.0274981536381427E-11   9.1988419688305470E-22   1.0579975029397001E+03
   6.4593000000000000E+09  -5.0363247905610158E+04   8.0753902700072507E-11   9.2042936874806465E-22   1.0636791319409078E+03
   6.4668000000000000E+09  -5.0500452293038441E+04   8.1206039739594184E-11   9.2073084152568837E-22   1.0692843899025772E+03
   6.4743000000000000E+09  -5.0590971837439545E+04   8.1629872365791646E-11   9.2086095914225864E-22   1.0747133477494376E+03
   6.4818000000000000E+09  -5.0643903379865966E+04   8.2023473374301928E-11   9.2089089373099956E-22   1.0798602722150197E+03
   6.4893000000000000E+09  -5.0668965536114665E+04   8.2384705915292072E-11   9.2085123459746836E-22   1.0846627043200642E+03
   6.4968000000000000E+09  -5.0676318102262318E+04   8.2711468091653446E-11   9.2070294278657695E-22   1.0891401909678650E+03
   6.5043000000000000E+09  -5.0673418725011514E+04   8.3001950355818370E-11   9.2037787668078289E-22   1.0933512677306901E+03
   6.5118000000000000E+09  -5.0657812772891019E+04   8.3254857463139901E-11   9.1980898404884677E-22   1.0973609984698408E+03
   6.5193000000000000E+09  -5.0620416233993674E+04   8.3469591238578108E-11   9.1893064763143474E-22   1.1012429393188629E+03
   6.5268000000000000E+09  -5.0553001616112459E+04   8.3646382496007515E-11   9.1767903918922006E-22   1.1050805566630627E+03
   6.5343000000000000E+09  -5.0448204283764688E+04   8.3786396584053324E-11   9.1599247968029590E-22   1.1089684513780544E+03
   6.5418000000000000E+09  -5.0299426573298493E+04   8.3891801155202211E-11   9.1381180350241409E-22   1.1130132684244657E+03
   6.5493000000000000E+09  -5.0100704835777178E+04   8.3965806869592467E-11   9.1108072480920911E-22   1.1173344605688308E+03
   6.5568000000000000E+09  -4.9846588883657176E+04   8.4012668047781860E-11   9.0774620363553233E-22   1.1220647578831145E+03
   6.5643000000000000E+09  -4.9532037112223639E+04   8.4037656524258935E-11   9.0375880912602101E-22   1.1273505368726487E+03
   6.5718000000000000E+09  -4.9152328510683677E+04   8.4046993798188629E-11   8.9907307681598353E-22   1.1333519019555790E+03
   6.5793000000000000E+09  -4.8702992287513647E+04   8.4047759194260125E-11   8.9364785659770532E-22   1.1402427181660028E+03
   6.5868000000000000E+09  -4.8179754457975738E+04   8.4040205225365626E-11   8.8744664776755476E-22   1.1481071916755993E+03
   6.5943000000000000E+09  -4.7578593580277848E+04   8.4016509863946095E-11   8.8043791725868052E-22   1.1569204159876228E+03
   6.6018000000000000E+09  -4.6895819625014359E+04   8.3968078430319928E-11   8.7259539663466971E-22   1.1666454280973835E+03
   6.6093000000000000E+09  -4.6128162068433230E+04   8.3886534969993109E-11   8.6389835356909386E-22   1.1772459247505060E+03
   6.6168000000000000E+09  -4.5272864371799595E+04   8.3763926768264940E-11   8.5433183378194114E-22   1.1886884026727184E+03
   6.6243000000000000E+09  -4.4327782353246759E+04   8.3592901780958968E-11   8.4388686976702278E-22   1.2009440033227722E+03
   6.6318000000000000E+09  -4.3291484808883812E+04   8.3366863835089206E-11   8.3256065315050706E-22   1.2139901645416114E+03
   6.6393000000000000E+09  -4.2163355221675381E+04   8.3080100941118776E-11   8.2035666814726884E-22   1.2278120442819570E+03
   6.6468000000000000E+09  -4.0943694086965348E+04   8.2727891259573282E-11   8.0728478432552648E-22   1.2424038072670644E+03
   6.6543000000000000E+09  -3.9633821879692638E+04   8.2306583485032328E-11   7.9336130772320129E-22   1.2577697481942832E+03
   6.6618000000000000E+09  -3.8236183167887386E+04   8.1813654586795764E-11   7.7860899026587699E-22   1.2739253071361404E+03
   6.6693000000000000E+09  -3.6754452838192774E+04   8.1247750954881141E-11   7.6305699838675678E-22   1.2908980787661608E+03
   6.6768000000000000E+09  -3.5193645467992501E+04   8.0608675716581237E-11   7.4674084270000037E-22   1.3087282199524989E+03
   6.6843000000000000E+09  -3.3560194414529462E+04   7.9897642362037256E-11   7.2976146002031213E-22   1.3273658093516506E+03
   6.6918000000000000E+09  -3.1863405444690707E+04   7.9117378200151322E-11   7.1284126572086337E-22   1.3456020521445264E+03
   6.6993000000000000E+09  -3.0168390919275786E+04   7.8272531209188806E-11   6.9659975564871993E-22   1.3622714250544097E+03
   6.7068000000000000E+09  -2.8530905876662484E+04   7.7368593262142321E-11   6.8099562490701537E-22   1.3773932964245162E+03
   6.7143000000000000E+09  -2.6943975857317022E+04   7.6411371952420366E-11   6.6599038089172031E-22   1.3910015924564461E+03
   6.7218000000000000E+09  -2.5401112077721413E+04   7.5407082109472388E-11   6.5154819362085507E-22   1.4031470168058243E+03
   6.7293000000000000E+09  -2.3896225621329610E+04   7.4368810873807887E-11   6.3763574429616208E-22   1.4140207062740126E+03
   6.7368000000000000E+09  -2.2423556341784526E+04   7.3337751998363304E-11   6.2422207390751741E-22   1.4243806250172236E+03
   6.7443000000000000E+09  -2.0977749995379636E+04   7.2342401183826056E-11   6.1127843345864189E-22   1.4348002125997689E+03
   6.7518000000000000E+09  -1.9554307600202872E+04   7.1378389005048927E-11   5.9877813712939680E-22   1.4452347429674335E+03
   6.7593000000000000E+09  -1.8149453363276742E+04   7.0441954647673897E-11   5.8669642135726171E-22   1.4556452433143211E+03
   6.7668000000000000E+09  -1.6760020825896732E+04   6.9529820994944193E-11   5.7501031062569398E-22   1.4659969455068201E+03
   6.7743000000000000E+09  -1.5383356067733430E+04   6.8639158232314877E-11   5.6369849010185550E-22   1.4762593579550889E+03
   6.7818000000000000E+09  -1.4017234963352766E+04   6.7767535340586300E-11   5.5274118517788594E-22   1.4864060072538330E+03
   6.7893000000000000E+09  -1.2659792701618875E+04   6.6912879315093845E-11   5.4212004789412679E-22   1.4964142547736517E+03
   6.7968000000000000E+09  -1.1309463938446906E+04   6.6073437401238921E-11   5.3181805015656537E-22   1.5062651012702220E+03
   6.8043000000000000E+09  -9.9649322615931942E+03   6.5247742671178404E-11   5.2181938360597390E-22   1.5159429936737417E+03
   6.8118000000000000E+09  -8.6250878547766042E+03   6.4434582336305955E-11   5.1210936595197170E-22   1.5254356274878294E+03
   6.8193000000000000E+09  -7.2889924368816683E+03   6.3632968472252390E-11   5.0267435355116132E-22   1.5347337430673779E+03
   6.8268000000000000E+09  -5.9558506916174092E+03   6.2842110830480187E-11   4.9350165998323567E-22   1.5438309129616307E+03
   6.8343000000000000E+09  -4.6249875287439618E+03   6.2061391489705901E-11   4.8457948036179875E-22   1.5527233184309991E+03
   6.8418000000000000E+09  -3.2958306049251532E+03   6.1290341113310327E-11   4.7589682110617611E-22   1.5614095127748487E+03
   6.8493000000000000E+09  -1.9678976146539794E+03   6.0528616643067333E-11   4.6744343489609516E-22   1.5698901699961336E+03
   6.8568000000000000E+09  -6.4078791055311342E+02   5.9775980254109282E-11   4.5920976053155809E-22   1.5781678166271533E+03
   6.8643000000000000E+09   6.8582193658524091E+02   5.9032279458710998E-11   4.5118686742504379E-22   1.5862465456306745E+03
   6.8718000000000000E+09   2.0121790068285729E+03   5.8297428222429096E-11   4.4336640446130720E-22   1.5941317102602718E+03
   6.8793000000000000E+09   3.3384516698517218E+03   5.7571389023214095E-11   4.3574055297109381E-22   1.6018295971560176E+03
   6.8868000000000000E+09   4.6647317032233495E+03   5.6854155739680210E-11   4.2830198357809008E-22   1.6093470764655008E+03
   6.8943000000000000E+09   5.9911267656575374E+03   5.6145737333822316E-11   4.2104381669300657E-22   1.6166912286517288E+03
   6.9018000000000000E+09   7.3178490529325854E+03   5.5446142199809647E-11   4.1395958640934323E-22   1.6238689449361575E+03
   6.9093000000000000E+09   8.6452149874409042E+03   5.4755370837715252E-11   4.0704320716928331E-22   1.6308867314221416E+03
   6.9168000000000000E+09   9.9736437931939345E+03   5.4073416630506810E-11   4.0028894302131115E-22   1.6377507375836210E+03
   6.9243000000000000E+09   1.1303655216682457E+04   5.3400266667632571E-11   3.9369137930395794E-22   1.6444667887427718E+03
   6.9318000000000000E+09   1.2635866267084501E+04   5.2735902365330647E-11   3.8724539659433092E-22   1.6510404146970088E+03
   6.9393000000000000E+09   1.3970986815378094E+04   5.2080299929297184E-11   3.8094614676642838E-22   1.6574768750686940E+03
   6.9468000000000000E+09   1.5309813883981566E+04   5.1433430687309334E-11   3.7478903101093697E-22   1.6637811815627726E+03
   6.9543000000000000E+09   1.6653224502231591E+04   5.0795261326671098E-11   3.6876967967545168E-22   1.6699581176793472E+03
   6.9618000000000000E+09   1.8002167018943284E+04   5.0165754050839565E-11   3.6288393379137223E-22   1.6760122558986779E+03
   6.9693000000000000E+09   1.9357650819905233E+04   4.9544866682541234E-11   3.5712782816139911E-22   1.6819479728651372E+03
   6.9768000000000000E+09   2.0720734431224686E+04   4.8932552717372056E-11   3.5149757588928168E-22   1.6877694624173578E+03
   6.9843000000000000E+09   2.2092512051285412E+04   4.8328761352132349E-11   3.4598955424144867E-22   1.6934807470447565E+03
   6.9918000000000000E+09   2.3474098593569197E+04   4.7733437483328708E-11   3.4060029173812883E-22   1.6990856874347999E+03
   6.9993000000000000E+09   2.4866613379319810E+04   4.7146521700548187E-11   3.3532645637960260E-22   1.7045879908152024E+03
   7.0068000000000000E+09   2.6271162653744694E+04   4.6567950262159159E-11   3.3016484492107136E-22   1.7099912175371328E+03
   7.0143000000000000E+09   2.7688821142081695E+04   4.5997655081534579E-11   3.2511237311723972E-22   1.7152987868063026E+03
   7.0218000000000000E+09   2.9120612884405338E+04   4.5435563702591494E-11   3.2016606686486928E-22   1.7205139807231305E+03
   7.0293000000000000E+09   3.0567491612654179E+04   4.4881599299242303E-11   3.1532305417817975E-22   1.7256399478382134E+03
   7.0368000000000000E+09   3.2030320942312286E+04   4.4335680666927649E-11   3.1058055793792054E-22   1.7306797049936990E+03
   7.0443000000000000E+09   3.3509854658999408E+04   4.3797722250425438E-11   3.0593588936011933E-22   1.7356361390840077E+03
   7.0518000000000000E+09   3.5006717378078618E+04   4.3267634162175422E-11   3.0138644213492636E-22   1.7405120069597647E+03
   7.0593000000000000E+09   3.6521385849019520E+04   4.2745322248915063E-11   2.9692968718955889E-22   1.7453099357127983E+03
   7.0668000000000000E+09   3.8054171164770683E+04   4.2230688142111732E-11   2.9256316803222739E-22   1.7500324207952492E+03
   7.0743000000000000E+09   3.9605202115303480E+04   4.1723629369011798E-11   2.8828449663606458E-22   1.7546818250664342E+03
   7.0818000000000000E+09   4.1174409901545223E+04   4.1224039434336454E-11   2.8409134982371163E-22   1.7592603751310669E+03
   7.0893000000000000E+09   4.2761514385197748E+04   4.0731807976059520E-11   2.7998146611432303E-22   1.7637701592779661E+03
   7.0968000000000000E+09   4.4366012010598330E+04   4.0246820870629666E-11   2.7595264299562799E-22   1.7682131218400716E+03
   7.1043000000000000E+09   4.5987165467920116E+04   3.9768960428376027E-11   2.7200273458431419E-22   1.7725910600162574E+03
   7.1118000000000000E+09   4.7623995674790305E+04   3.9298105507017061E-11   2.6812964963868612E-22   1.7769056157831958E+03
   7.1193000000000000E+09   4.9275291548758854E+04   3.8834131743905274E-11   2.6433134988805739E-22   1.7811582717578606E+03
   7.1268000000000000E+09   5.0938285825803861E+04   3.8376911885279828E-11   2.6060584863744177E-22   1.7853503506273080E+03
   7.1343000000000000E+09   5.2599930999109798E+04   3.7926316455906376E-11   2.5695120957908991E-22   1.7894830303917597E+03
   7.1418000000000000E+09   5.4249969093126798E+04   3.7482215157889594E-11   2.5336554963609393E-22   1.7935573684326143E+03
   7.1493000000000000E+09   5.5889706339985125E+04   3.7044484533393129E-11   2.4984706710883669E-22   1.7975744502128366E+03
   7.1568000000000000E+09   5.7520325768108734E+04   3.6613007044991576E-11   2.4639403520761447E-22   1.8015353794015393E+03
   7.1643000000000000E+09   5.9142897665899553E+04   3.6187670341367770E-11   2.4300479629078286E-22   1.8054412721315373E+03
   7.1718000000000000E+09   6.0758389410241689E+04   3.5768366614348744E-11   2.3967775673269618E-22   1.8092932515457123E+03
   7.1793000000000000E+09   6.2367674586293047E+04   3.5354992050104287E-11   2.3641138235141534E-22   1.8130924432671027E+03
   7.1868000000000000E+09   6.3971541363661549E+04   3.4947446359869150E-11   2.3320419433222930E-22   1.8168399715523472E+03
   7.1943000000000000E+09   6.5570700123041432E+04   3.4545632380240554E-11   2.3005476558918584E-22   1.8205369560647953E+03
   7.2018000000000000E+09   6.7165790349989213E+04   3.4149455733645015E-11   2.2696171751283201E-22   1.8241845091826619E+03
   7.2093000000000000E+09   6.8757386828814226E+04   3.3758824540778180E-11   2.2392371705807181E-22   1.8277837337722062E+03
   7.2168000000000000E+09   7.0346005180510678E+04   3.3373649177838859E-11   2.2093947413136457E-22   1.8313357213647139E+03
   7.2243000000000000E+09   7.1932106795186337E+04   3.2993842072285306E-11   2.1800773924135454E-22   1.8348415506831921E+03
   7.2318000000000000E+09   7.3516103212458722E+04   3.2619317531700834E-11   2.1512730138142101E-22   1.8383022864736424E+03
   7.2393000000000000E+09   7.5098360003671609E+04   3.2249991601059192E-11   2.1229698611657427E-22   1.8417189786005608E+03
   7.2468000000000000E+09   7.6679200208253780E+04   3.1885781944370431E-11   2.0951565385061943E-22   1.8450926613744459E+03
   7.2543000000000000E+09   7.8258907373777329E+04   3.1526607747210664E-11   2.0678219825259010E-22   1.8484243530817682E+03
   7.2618000000000000E+09   7.9837728245745995E+04   3.1172389637190871E-11   2.0409554482416835E-22   1.8517150556955692E+03
   7.2693000000000000E+09   8.1415875149307118E+04   3.0823049619788085E-11   2.0145464959217652E-22   1.8549657547453407E+03
   7.2768000000000000E+09   8.2993528101179632E+04   3.0478511027416011E-11   1.9885849791230614E-22   1.8581774193330148E+03
   7.2843000000000000E+09   8.4570836686395778E+04   3.0138698479848013E-11   1.9630610337206255E-22   1.8613510022798691E+03
   7.2918000000000000E+09   8.6147921731042094E+04   2.9803537854500581E-11   1.9379650678248877E-22   1.8644874403988156E+03
   7.2993000000000000E+09   8.7724876799204692E+04   2.9472956265204092E-11   1.9132877524961764E-22   1.8675876548815388E+03
   7.3068000000000000E+09   8.9301769539742163E+04   2.9146882048462910E-11   1.8890200131781064E-22   1.8706525518023811E+03
   7.3143000000000000E+09   9.0878642906399575E+04   2.8825244756210471E-11   1.8651530217819756E-22   1.8736830227319401E+03
   7.3218000000000000E+09   9.2455519448173000E+04   2.8507975154461185E-11   1.8416781893635413E-22   1.8766799454703605E+03
   7.3293000000000000E+09   9.4032423785538456E+04   2.8195005227140380E-11   1.8185871593415584E-22   1.8796441848959798E+03
   7.3368000000000000E+09   9.5609400702865212E+04   2.7886268183166288E-11   1.7958718011488340E-22   1.8825765939052449E+03
   7.3443000000000000E+09   9.7186513726142352E+04   2.7581698456761571E-11   1.7735242039070677E-22   1.8854780141838683E+03
   7.3518000000000000E+09   9.8763843593834332E+04   2.7281231701937101E-11   1.7515366701407051E-22   1.8883492768305550E+03
   7.3593000000000000E+09   1.0034148665173569E+05   2.6984804781917084E-11   1.7299017095448991E-22   1.8911912028460156E+03
   7.3668000000000000E+09   1.0191955319970053E+05   2.6692355754251474E-11   1.7086120328222265E-22   1.8940046035012426E+03
   7.3743000000000000E+09   1.0349816581523321E+05   2.6403823852305284E-11   1.6876605456020858E-22   1.8967902805981603E+03
   7.3818000000000000E+09   1.0507745767618727E+05   2.6119149463764076E-11   1.6670403424557845E-22   1.8995490266353468E+03
   7.3893000000000000E+09   1.0665757090224265E+05   2.5838274106740941E-11   1.6467447010192577E-22   1.9022816248908280E+03
   7.3968000000000000E+09   1.0823865493244847E+05   2.5561140404017848E-11   1.6267670762341852E-22   1.9049888494332913E+03
   7.4043000000000000E+09   1.0982086495392057E+05   2.5287692055903395E-11   1.6071010947170482E-22   1.9076714650724389E+03
   7.4118000000000000E+09   1.1140436039478467E+05   2.5017873812137433E-11   1.5877405492643876E-22   1.9103302272583940E+03
   7.4193000000000000E+09   1.1298930349263230E+05   2.4751631443225835E-11   1.5686793935012616E-22   1.9129658819394426E+03
   7.4268000000000000E+09   1.1457585794809894E+05   2.4488911711541663E-11   1.5499117366786308E-22   1.9155791653866133E+03
   7.4343000000000000E+09   1.1616418767165627E+05   2.4229662342484916E-11   1.5314318386241739E-22   1.9181708039928762E+03
   7.4418000000000000E+09   1.1775445563030140E+05   2.3973831995952441E-11   1.5132341048498623E-22   1.9207415140540641E+03
   7.4493000000000000E+09   1.1934682279950428E+05   2.3721370238329736E-11   1.4953130818184811E-22   1.9232920015378772E+03
   7.4568000000000000E+09   1.2094144722450037E+05   2.3472227515180975E-11   1.4776634523702361E-22   1.9258229618466637E+03
   7.4643000000000000E+09   1.2253848319377871E+05   2.3226355124780331E-11   1.4602800313095807E-22   1.9283350795790575E+03
   7.4718000000000000E+09   1.2413808052637104E+05   2.2983705192596056E-11   1.4431577611515080E-22   1.9308290282947901E+03
   7.4793000000000000E+09   1.2574038397331053E+05   2.2744230646812390E-11   1.4262917080256833E-22   1.9333054702865718E+03
   7.4868000000000000E+09   1.2734553273235752E+05   2.2507885194947302E-11   1.4096770577360634E-22   1.9357650563621530E+03
   7.4943000000000000E+09   1.2895366007381730E+05   2.2274623301602964E-11   1.3933091119729630E-22   1.9382084256393030E+03
   7.5018000000000000E+09   1.3056489307398692E+05   2.2044400167364651E-11   1.3771832846739383E-22   1.9406362053558173E+03
   7.5093000000000000E+09   1.3217935245149894E+05   2.1817171708846303E-11   1.3612950985293512E-22   1.9430490106962070E+03
   7.5168000000000000E+09   1.3379715250060085E+05   2.1592894539865766E-11   1.3456401816280472E-22   1.9454474446362888E+03
   7.5243000000000000E+09   1.3541840111425545E+05   2.1371525953719666E-11   1.3302142642382338E-22   1.9478320978064737E+03
   7.5318000000000000E+09   1.3704319988890880E+05   2.1153023906516697E-11   1.3150131757183734E-22   1.9502035483741629E+03
   7.5393000000000000E+09   1.3867164430189025E+05   2.0937347001519774E-11   1.3000328415527145E-22   1.9525623619453329E+03
   7.5468000000000000E+09   1.4030382395171930E+05   2.0724454474440180E-11   1.2852692805059514E-22   1.9549090914850874E+03
   7.5543000000000000E+09   1.4193982285113240E+05   2.0514306179622477E-11   1.2707186018914549E-22   1.9572442772567099E+03
   7.5618000000000000E+09   1.4357971976243125E+05   2.0306862577055035E-11   1.2563770029475187E-22   1.9595684467784893E+03
   7.5693000000000000E+09   1.4522358856480278E+05   2.0102084720139930E-11   1.2422407663161234E-22   1.9618821147974622E+03
   7.5768000000000000E+09   1.4687149864356240E+05   1.9899934244155264E-11   1.2283062576188416E-22   1.9641857832790233E+03
   7.5843000000000000E+09   1.4852351529181734E+05   1.9700373355344350E-11   1.2145699231246558E-22   1.9664799414113088E+03
   7.5918000000000000E+09   1.5017970011577522E+05   1.9503364820567469E-11   1.2010282875046535E-22   1.9687650656231017E+03
   7.5993000000000000E+09   1.5184011143582073E+05   1.9308871957455863E-11   1.1876779516687901E-22   1.9710416196140832E+03
   7.6068000000000000E+09   1.5350480467645309E+05   1.9116858625010013E-11   1.1745155906801451E-22   1.9733100543961407E+03
   7.6143000000000000E+09   1.5517383273919360E+05   1.8927289214589251E-11   1.1615379517423748E-22   1.9755708083445152E+03
   7.6218000000000000E+09   1.5684724635355396E+05   1.8740128641243802E-11   1.1487418522563041E-22   1.9778243072576247E+03
   7.6293000000000000E+09   1.5852509440206364E+05   1.8555342335345083E-11   1.1361241779419108E-22   1.9800709644244125E+03
   7.6368000000000000E+09   1.6020742421616332E+05   1.8372896234474902E-11   1.1236818810221919E-22   1.9823111806981794E+03
   7.6443000000000000E+09   1.6189428184044152E+05   1.8192756775539076E-11   1.1114119784657010E-22   1.9845453445759399E+03
   7.6518000000000000E+09   1.6358571226326443E+05   1.8014890887075361E-11   1.0993115502847875E-22   1.9867738322824132E+03
   7.6593000000000000E+09   1.6528175961231385E+05   1.7839265981730649E-11   1.0873777378868304E-22   1.9889970078579056E+03
   7.6668000000000000E+09   1.6698246731396881E+05   1.7665849948886281E-11   1.0756077424760011E-22   1.9912152232494016E+03
   7.6743000000000000E+09   1.6868787821587900E+05   1.7494611147414860E-11   1.0639988235033196E-22   1.9934288184043276E+03
   7.6818000000000000E+09   1.7039803467253206E+05   1.7325518398555456E-11   1.0525482971629811E-22   1.9956381213665345E+03
   7.6893000000000000E+09   1.7211297859415572E+05   1.7158540978898467E-11   1.0412535349331487E-22   1.9978434483742085E+03
   7.6968000000000000E+09   1.7383275145994290E+05   1.6993648613473994E-11   1.0301119621595701E-22   2.0000451039595018E+03
   7.7043000000000000E+09   1.7555739429734866E+05   1.6830811468941499E-11   1.0191210566805814E-22   2.0022433810498301E+03
   7.7118000000000000E+09   1.7728694763005842E+05   1.6670000146880880E-11   1.0082783474921883E-22   2.0044385610709103E+03
   7.7193000000000000E+09   1.7902145139813656E+05   1.6511185677187944E-11   9.9758141345207076E-23   2.0066309140517587E+03
   7.7268000000000000E+09   1.8076094485475437E+05   1.6354339511579486E-11   9.8702788202145985E-23   2.0088206987320411E+03
   7.7343000000000000E+09   1.8250546644471207E+05   1.6199433517215004E-11   9.7661542804394151E-23   2.0110081626723008E+03
   7.7418000000000000E+09   1.8425505367062261E+05   1.6046439970443792E-11   9.6634177256030638E-23   2.0131935423677994E+03
   7.7493000000000000E+09   1.8600974295298630E+05   1.5895331550687403E-11   9.5620468165861810E-23   2.0153770633668917E+03
   7.7568000000000000E+09   1.8776956949002820E+05   1.5746081334467964E-11   9.4620196535870406E-23   2.0175589403950069E+03
   7.7643000000000000E+09   1.8953456712258921E+05   1.5598662789586746E-11   9.3633147653027747E-23   2.0197393774846566E+03
   7.7718000000000000E+09   1.9130476820893001E+05   1.5453049769452144E-11   9.2659110984390101E-23   2.0219185681113156E+03
   7.7793000000000000E+09   1.9308020351362776E+05   1.5309216507555898E-11   9.1697880075398145E-23   2.0240966953350453E+03
   7.7868000000000000E+09   1.9486090211387895E+05   1.5167137612095671E-11   9.0749252451296753E-23   2.0262739319477491E+03
   7.7943000000000000E+09   1.9664689132556086E+05   1.5026788060741310E-11   8.9813029521590004E-23   2.0284504406259123E+03
   7.8018000000000000E+09   1.9843819665041374E+05   1.4888143195541248E-11   8.8889016487442284E-23   2.0306263740887246E+03
   7.8093000000000000E+09   2.0023484174480088E+05   1.4751178717964424E-11   8.7977022251935136E-23   2.0328018752613912E+03
   7.8168000000000000E+09   2.0203684840971432E+05   1.4615870684072286E-11   8.7076859333085814E-23   2.0349770774434719E+03
   7.8243000000000000E+09   2.0384423660109096E+05   1.4482195499814405E-11   8.6188343779532470E-23   2.0371521044819881E+03
   7.8318000000000000E+09   2.0565702445908112E+05   1.4350129916440756E-11   8.5311295088789112E-23   2.0393270709490739E+03
   7.8393000000000000E+09   2.0747522835466798E+05   1.4219651026022823E-11   8.4445536127972913E-23   2.0415020823238497E+03
   7.8468000000000000E+09   2.0929886295191888E+05   1.4090736257075503E-11   8.3590893056906849E-23   2.0436772351782092E+03
   7.8543000000000000E+09   2.1112794128412745E+05   1.3963363370271315E-11   8.2747195253500233E-23   2.0458526173661733E+03
   7.8618000000000000E+09   2.1296247484209563E+05   1.3837510454238341E-11   8.1914275241312285E-23   2.0480283082164219E+03
   7.8693000000000000E+09   2.1480247367278542E+05   1.3713155921433325E-11   8.1091968619204179E-23   2.0502043787276421E+03
   7.8768000000000000E+09   2.1664794648648353E+05   1.3590278504081274E-11   8.0280113992987915E-23   2.0523808917662541E+03
   7.8843000000000000E+09   2.1849890077046945E+05   1.3468857250173328E-11   7.9478552908982782E-23   2.0545579022661254E+03
   7.8918000000000000E+09   2.2035534290696753E+05   1.3348871519514681E-11   7.8687129789392518E-23   2.0567354574298352E+03
   7.8993000000000000E+09   2.2221727829291450E+05   1.3230300979814875E-11   7.7905691869420491E-23   2.0589135969310473E+03
   7.9068000000000000E+09   2.2408471145885030E+05   1.3113125602813227E-11   7.7134089136042972E-23   2.0610923531175845E+03
   7.9143000000000000E+09   2.2595764618406739E+05   1.2997325660432463E-11   7.6372174268365511E-23   2.0632717512147142E+03
   7.9218000000000000E+09   2.2783608560509639E+05   1.2882881720954759E-11   7.5619802579491501E-23   2.0654518095282647E+03
   7.9293000000000000E+09   2.2972003231468503E+05   1.2769774645214601E-11   7.4876831959837206E-23   2.0676325396471020E+03
   7.9368000000000000E+09   2.3160948844866472E+05   1.2657985582804175E-11   7.4143122821832414E-23   2.0698139466445823E+03
   7.9443000000000000E+09   2.3350445575848679E+05   1.2547495968287545E-11   7.3418538045951850E-23   2.0719960292785586E+03
   7.9518000000000000E+09   2.3540493566772438E+05   1.2438287517421113E-11   7.2702942928027518E-23   2.0741787801895971E+03
   7.9593000000000000E+09   2.3731092931144990E+05   1.2330342223378731E-11   7.1996205127798040E-23   2.0763621860970557E+03
   7.9668000000000000E+09   2.3922243755804497E+05   1.2223642352980820E-11   7.1298194618656396E-23   2.0785462279927256E+03
   7.9743000000000000E+09   2.4113946101366411E+05   1.2118170442927877E-11   7.0608783638562285E-23   2.0807308813317909E+03
   7.9818000000000000E+09   2.4306200001018544E+05   1.2013909296039549E-11   6.9927846642090482E-23   2.0829161162208825E+03
   7.9893000000000000E+09   2.4499005457803421E+05   1.1910841977501447E-11   6.9255260253590264E-23   2.0851018976030873E+03
   7.9968000000000000E+09   2.4692362440571596E+05   1.1808951811122287E-11   6.8590903221434951E-23   2.0872881854397720E+03
   8.0043000000000000E+09   2.4886270878826088E+05   1.1708222375604719E-11   6.7934656373342984E-23   2.0894749348891714E+03
   8.0118000000000000E+09   2.5080730656703041E+05   1.1608637500833642E-11   6.7286402572755309E-23   2.0916620964817139E+03
   8.0193000000000000E+09   2.5275741606350039E+05   1.1510181264185891E-11   6.6646026676254210E-23   2.0938496162920874E+03
   8.0268000000000000E+09   2.5471303500969900E+05   1.1412837986865439E-11   6.6013415492010616E-23   2.0960374361080967E+03
   8.0343000000000000E+09   2.5667416047795641E+05   1.1316592230268430E-11   6.5388457739247112E-23   2.0982254935964115E+03
   8.0418000000000000E+09   2.5864078881252318E+05   1.1221428792381778E-11   6.4771044008703943E-23   2.1004137224652545E+03
   8.0493000000000000E+09   2.6061291556542777E+05   1.1127332704219354E-11   6.4161066724094018E-23   2.1026020526242060E+03
   8.0568000000000000E+09   2.6259053543869039E+05   1.1034289226299074E-11   6.3558420104533510E-23   2.1047904103411997E+03
   8.0643000000000000E+09   2.6457364223468996E+05   1.0942283845163977E-11   6.2963000127931318E-23   2.1069787183968951E+03
   8.0718000000000000E+09   2.6656222881610476E+05   1.0851302269949708E-11   6.2374704495321416E-23   2.1091668962364934E+03
   8.0793000000000000E+09   2.6855628707644442E+05   1.0761330429000598E-11   6.1793432596118599E-23   2.1113548601191906E+03
   8.0868000000000000E+09   2.7055580792177015E+05   1.0672354466535621E-11   6.1219085474277658E-23   2.1135425232653320E+03
   8.0943000000000000E+09   2.7256078126378579E+05   1.0584360739365318E-11   6.0651565795334467E-23   2.1157297960013943E+03
   8.1018000000000000E+09   2.7457119602412032E+05   1.0497335813659916E-11   6.0090777814304792E-23   2.1179165859028735E+03
   8.1093000000000000E+09   2.7658704014928028E+05   1.0411266461768585E-11   5.9536627344417236E-23   2.1201027979351211E+03
   8.1168000000000000E+09   2.7860830063550069E+05   1.0326139659089296E-11   5.8989021726653437E-23   2.1222883345922146E+03
   8.1243000000000000E+09   2.8063496356250631E+05   1.0241942580988270E-11   5.8447869800070147E-23   2.1244730960338416E+03
   8.1318000000000000E+09   2.8266701413505804E+05   1.0158662599767606E-11   5.7913081872875127E-23   2.1266569802202134E+03
   8.1393000000000000E+09   2.8470443673104729E+05   1.0076287281679691E-11   5.7384569694230075E-23   2.1288398830450055E+03
   8.1468000000000000E+09   2.8674721495482972E+05   9.9948043839864186E-12   5.6862246426752946E-23   2.1310216984662629E+03
   8.1543000000000000E+09   2.8879533169443661E+05   9.9142018520613456E-12   5.6346026619692296E-23   2.1332023186352521E+03
   8.1618000000000000E+09   2.9084876918125048E+05   9.8344678165326349E-12   5.5835826182747125E-23   2.1353816340231560E+03
   8.1693000000000000E+09   2.9290750905069109E+05   9.7555905904649303E-12   5.5331562360506263E-23   2.1375595335455828E+03
   8.1768000000000000E+09   2.9497153240243462E+05   9.6775586665778678E-12   5.4833153707481709E-23   2.1397359046847719E+03
   8.1843000000000000E+09   2.9704081985867250E+05   9.6003607144994043E-12   5.4340520063712514E-23   2.1419106336094142E+03
   8.1918000000000000E+09   2.9911535161894775E+05   9.5239855780520597E-12   5.3853582530916023E-23   2.1440836052919913E+03
   8.1993000000000000E+09   3.0119510751018760E+05   9.4484222725704057E-12   5.3372263449165208E-23   2.1462547036235437E+03
   8.2068000000000000E+09   3.0328006703067390E+05   9.3736599822483360E-12   5.2896486374072875E-23   2.1484238115257504E+03
   8.2143000000000000E+09   3.0537020938690804E+05   9.2996880575148700E-12   5.2426176054464121E-23   2.1505908110602386E+03
   8.2218000000000000E+09   3.0746551352257526E+05   9.2264960124375750E-12   5.1961258410521368E-23   2.1527555835350336E+03
   8.2293000000000000E+09   3.0956595813913929E+05   9.1540735221529029E-12   5.1501660512387174E-23   2.1549180096080604E+03
   8.2368000000000000E+09   3.1167152170794480E+05   9.0824104203231003E-12   5.1047310559212229E-23   2.1570779693876379E+03
   8.2443000000000000E+09   3.1378218247407355E+05   9.0114966966196176E-12   5.0598137858637496E-23   2.1592353425299161E+03
   8.2518000000000000E+09   3.1589791845256154E+05   8.9413224942332081E-12   5.0154072806700878E-23   2.1613900083332082E+03
   8.2593000000000000E+09   3.1801870741791336E+05   8.8718781074111644E-12   4.9715046868160177E-23   2.1635418458292179E+03
   8.2668000000000000E+09   3.2014452688812057E+05   8.8031539790223681E-12   4.9280992557225232E-23   2.1656907338711612E+03
   8.2743000000000000E+09   3.2227535410460405E+05   8.7351406981509717E-12   4.8851843418692946E-23   2.1678365512187997E+03
   8.2818000000000000E+09   3.2441116600961523E+05   8.6678289977196227E-12   4.8427534009479666E-23   2.1699791766204371E+03
   8.2893000000000000E+09   3.2655193922267877E+05   8.6012097521432719E-12   4.8007999880545330E-23   2.1721184888919379E+03
   8.2968000000000000E+09   3.2869765001759835E+05   8.5352739750145242E-12   4.7593177559204576E-23   2.1742543669928386E+03
   8.3043000000000000E+09   3.3084827430143527E+05   8.4700128168215613E-12   4.7183004531819173E-23   2.1763866900996627E+03
   8.3118000000000000E+09   3.3300378759666724E+05   8.4054175626992978E-12   4.6777419226866600E-23   2.1785153376764702E+03
   8.3193000000000000E+09   3.3516416502750252E+05   8.3414796302148462E-12   4.6376360998378486E-23   2.1806401895428489E+03
   8.3268000000000000E+09   3.3732938131105062E+05   8.2781905671874320E-12   4.5979770109742687E-23   2.1827611259393279E+03
   8.3343000000000000E+09   3.3949941075377516E+05   8.2155420495435501E-12   4.5587587717861874E-23   2.1848780275904255E+03
   8.3418000000000000E+09   3.4167422725337918E+05   8.1535258792072518E-12   4.5199755857661100E-23   2.1869907757653427E+03
   8.3493000000000000E+09   3.4385380430602864E+05   8.0921339820257793E-12   4.4816217426936145E-23   2.1890992523364525E+03
   8.3568000000000000E+09   3.4603811501860671E+05   8.0313584057302413E-12   4.4436916171534180E-23   2.1912033398356325E+03
   8.3643000000000000E+09   3.4822713212551008E+05   7.9711913179310692E-12   4.4061796670857604E-23   2.1933029215085303E+03
   8.3718000000000000E+09   3.5042082800938911E+05   7.9116250041477108E-12   4.3690804323681874E-23   2.1953978813668145E+03
   8.3793000000000000E+09   3.5261917472511722E+05   7.8526518658719932E-12   4.3323885334277791E-23   2.1974881042384786E+03
   8.3868000000000000E+09   3.5482214402625279E+05   7.7942644186644299E-12   4.2960986698828710E-23   2.1995734758162316E+03
   8.3943000000000000E+09   3.5702970739321091E+05   7.7364552902826453E-12   4.2602056192133024E-23   2.2016538827040094E+03
   8.4018000000000000E+09   3.5924183606237150E+05   7.6792172188411921E-12   4.2247042354582752E-23   2.2037292124616515E+03
   8.4093000000000000E+09   3.6145850105536846E+05   7.6225430510017703E-12   4.1895894479408843E-23   2.2057993536477325E+03
   8.4168000000000000E+09   3.6367967320782796E+05   7.5664257401931188E-12   4.1548562600184420E-23   2.2078641958605949E+03
   8.4243000000000000E+09   3.6590532319686847E+05   7.5108583448596796E-12   4.1204997478577438E-23   2.2099236297775810E+03
   8.4318000000000000E+09   3.6813542156672996E+05   7.4558340267382741E-12   4.0865150592344832E-23   2.2119775471924663E+03
   8.4393000000000000E+09   3.7036993875195505E+05   7.4013460491620546E-12   4.0528974123560622E-23   2.2140258410511083E+03
   8.4468000000000000E+09   3.7260884509764583E+05   7.3473877753910086E-12   4.0196420947070833E-23   2.2160684054852982E+03
   8.4543000000000000E+09   3.7485211087639153E+05   7.2939526669685201E-12   3.9867444619168960E-23   2.2181051358448499E+03
   8.4618000000000000E+09   3.7709970630161039E+05   7.2410342821033868E-12   3.9541999366486243E-23   2.2201359287278879E+03
   8.4693000000000000E+09   3.7935160153715021E+05   7.1886262740769578E-12   3.9220040075091239E-23   2.2221606820093853E+03
   8.4768000000000000E+09   3.8160776670316298E+05   7.1367223896750158E-12   3.8901522279794316E-23   2.2241792948679245E+03
   8.4843000000000000E+09   3.8386817187840142E+05   7.0853164676441711E-12   3.8586402153652599E-23   2.2261916678107173E+03
   8.4918000000000000E+09   3.8613278709925222E+05   7.0344024371726830E-12   3.8274636497672034E-23   2.2281977026969003E+03
   8.4993000000000000E+09   3.8840158235594799E+05   6.9839743163955209E-12   3.7966182730702995E-23   2.2301973027591157E+03
   8.5068000000000000E+09   3.9067452758654120E+05   6.9340262109237810E-12   3.7660998879526692E-23   2.2321903726234436E+03
   8.5143000000000000E+09   3.9295159266930784E+05   6.8845523123983758E-12   3.7359043569129662E-23   2.2341768183276845E+03
   8.5218000000000000E+09   3.9523274741432455E+05   6.8355468970681542E-12   3.7060276013163910E-23   2.2361565473380674E+03
   8.5293000000000000E+09   3.9751796155498776E+05   6.7870043243924578E-12   3.6764656004590159E-23   2.2381294685644225E+03
   8.5368000000000000E+09   3.9980720474023791E+05   6.7389190356682546E-12   3.6472143906502007E-23   2.2400954923738796E+03
   8.5443000000000000E+09   4.0210044652819051E+05   6.6912855526818267E-12   3.6182700643128193E-23   2.2420545306031540E+03
   8.5518000000000000E+09   4.0439765638180007E+05   6.6440984763850896E-12   3.5896287691010677E-23   2.2440064965694878E+03
   8.5593000000000000E+09   4.0669880366705143E+05   6.5973524855964205E-12   3.5612867070355332E-23   2.2459513050803030E+03
   8.5668000000000000E+09   4.0900385765403620E+05   6.5510423357259501E-12   3.5332401336552328E-23   2.2478888724416579E+03
   8.5743000000000000E+09   4.1131278752110072E+05   6.5051628575250855E-12   3.5054853571862784E-23   2.2498191164655505E+03
   8.5818000000000000E+09   4.1362556236208905E+05   6.4597089558600047E-12   3.4780187377268106E-23   2.2517419564761390E+03
   8.5893000000000000E+09   4.1594215119653544E+05   6.4146756085088255E-12   3.4508366864477960E-23   2.2536573133149654E+03
   8.5968000000000000E+09   4.1826252298250142E+05   6.3700578649819405E-12   3.4239356648093047E-23   2.2555651093451884E+03
   8.6043000000000000E+09   4.2058664663163066E+05   6.3258508453651308E-12   3.3973121837918035E-23   2.2574652684549310E+03
   8.6118000000000000E+09   4.2291449102586723E+05   6.2820497391848515E-12   3.3709628031420650E-23   2.2593577160597388E+03
   8.6193000000000000E+09   4.2524602503523492E+05   6.2386498042951508E-12   3.3448841306332105E-23   2.2612423791042297E+03
   8.6268000000000000E+09   4.2758121753601258E+05   6.1956463657855845E-12   3.3190728213384703E-23   2.2631191860629292E+03
   8.6343000000000000E+09   4.2992003742865921E+05   6.1530348149095186E-12   3.2935255769182116E-23   2.2649880669403392E+03
   8.6418000000000000E+09   4.3226245365486137E+05   6.1108106080321675E-12   3.2682391449198054E-23   2.2668489532702511E+03
   8.6493000000000000E+09   4.3460843521314737E+05   6.0689692655978016E-12   3.2432103180899503E-23   2.2687017781143209E+03
   8.6568000000000000E+09   4.3695795117260335E+05   6.0275063711154806E-12   3.2184359336990497E-23   2.2705464760599075E+03
   8.6643000000000000E+09   4.3931097068432771E+05   5.9864175701628449E-12   3.1939128728772962E-23   2.2723829832172123E+03
   8.6718000000000000E+09   4.4166746299039759E+05   5.9456985694073361E-12   3.1696380599621357E-23   2.2742112372156812E+03
   8.6793000000000000E+09   4.4402739743022021E+05   5.9053451356445358E-12   3.1456084618568215E-23   2.2760311771997226E+03
   8.6868000000000000E+09   4.4639074344429548E+05   5.8653530948530674E-12   3.1218210873997628E-23   2.2778427438237181E+03
   8.6943000000000000E+09   4.4875747057549213E+05   5.8257183312658537E-12   3.0982729867444704E-23   2.2796458792463527E+03
   8.7018000000000000E+09   4.5112754846807156E+05   5.7864367864572753E-12   3.0749612507498220E-23   2.2814405271242699E+03
   8.7093000000000000E+09   4.5350094686474465E+05   5.7475044584460690E-12   3.0518830103805043E-23   2.2832266326050694E+03
   8.7168000000000000E+09   4.5587763560213125E+05   5.7089174008136598E-12   3.0290354361174107E-23   2.2850041423196531E+03
   8.7243000000000000E+09   4.5825758460501744E+05   5.6706717218377643E-12   3.0064157373778438E-23   2.2867730043739671E+03
   8.7318000000000000E+09   4.6064076387984207E+05   5.6327635836410728E-12   2.9840211619453579E-23   2.2885331683401409E+03
   8.7393000000000000E+09   4.6302714350784529E+05   5.5951892013548084E-12   2.9618489954090954E-23   2.2902845852470537E+03
   8.7468000000000000E+09   4.6541669363831147E+05   5.5579448422970227E-12   2.9398965606124385E-23   2.2920272075703783E+03
   8.7543000000000000E+09   4.6780938448231306E+05   5.5210268251654561E-12   2.9181612171108605E-23   2.2937609892221062E+03
   8.7618000000000000E+09   4.7020518630734622E+05   5.4844315192446946E-12   2.8966403606387628E-23   2.2954858855396005E+03
   8.7693000000000000E+09   4.7260406943319098E+05   5.4481553436275720E-12   2.8753314225851742E-23   2.2972018532742327E+03
   8.7768000000000000E+09   4.7500600422930636E+05   5.4121947664504124E-12   2.8542318694780919E-23   2.2989088505796053E+03
   8.7843000000000000E+09   4.7741096111398411E+05   5.3765463041419680E-12   2.8333392024773013E-23   2.3006068369994096E+03
   8.7918000000000000E+09   4.7981891055544728E+05   5.3412065206857366E-12   2.8126509568754484E-23   2.3022957734549727E+03
   8.7993000000000000E+09   4.8222982307497819E+05   5.3061720268953173E-12   2.7921647016071515E-23   2.3039756222325050E+03
   8.8068000000000000E+09   4.8464366925210750E+05   5.2714394797024609E-12   2.7718780387659215E-23   2.3056463469700911E+03
   8.8143000000000000E+09   4.8706041973178054E+05   5.2370055814574238E-12   2.7517886031286324E-23   2.3073079126444645E+03
   8.8218000000000000E+09   4.8948004523335496E+05   5.2028670792412389E-12   2.7318940616873044E-23   2.3089602855575945E+03
   8.8293000000000000E+09   4.9190251656117802E+05   5.1690207641893586E-12   2.7121921131879210E-23   2.3106034333230859E+03
   8.8368000000000000E+09   4.9432780461642722E+05   5.1354634708263645E-12   2.6926804876760272E-23   2.3122373248524609E+03
   8.8443000000000000E+09   4.9675588040981797E+05   5.1021920764110910E-12   2.6733569460488081E-23   2.3138619303413061E+03
   8.8518000000000000E+09   4.9918671507474629E+05   5.0692035002918040E-12   2.6542192796134202E-23   2.3154772212553166E+03
   8.8593000000000000E+09   5.0162027988038864E+05   5.0364947032708494E-12   2.6352653096512645E-23   2.3170831703162494E+03
   8.8668000000000000E+09   5.0405654624429095E+05   5.0040626869783676E-12   2.6164928869879877E-23   2.3186797514877894E+03
   8.8743000000000000E+09   5.0649548574398592E+05   4.9719044932545247E-12   2.5978998915689318E-23   2.3202669399613410E+03
   8.8818000000000000E+09   5.0893707012723596E+05   4.9400172035398837E-12   2.5794842320398362E-23   2.3218447121417416E+03
   8.8893000000000000E+09   5.1138127132055582E+05   4.9083979382734466E-12   2.5612438453325578E-23   2.3234130456328940E+03
   8.8968000000000000E+09   5.1382806143577222E+05   4.8770438562980358E-12   2.5431766962556428E-23   2.3249719192233288E+03
   8.9043000000000000E+09   5.1627741277447093E+05   4.8459521542726367E-12   2.5252807770895636E-23   2.3265213128716846E+03
   8.9118000000000000E+09   5.1872929783030425E+05   4.8151200660914197E-12   2.5075541071864966E-23   2.3280612076920929E+03
   8.9193000000000000E+09   5.2118368928924430E+05   4.7845448623091916E-12   2.4899947325745001E-23   2.3295915859394904E+03
   8.9268000000000000E+09   5.2364056002797512E+05   4.7542238495730796E-12   2.4726007255660045E-23   2.3311124309948350E+03
   8.9343000000000000E+09   5.2609988311072602E+05   4.7241543700602381E-12   2.4553701843705185E-23   2.3326237273502388E+03
   8.9418000000000000E+09   5.2856163178491930E+05   4.6943338009215031E-12   2.4383012327114973E-23   2.3341254605940135E+03
   8.9493000000000000E+09   5.3102577947607392E+05   4.6647595537308287E-12   2.4213920194473023E-23   2.3356176173956374E+03
   8.9568000000000000E+09   5.3349229978243774E+05   4.6354290739404915E-12   2.4046407181962185E-23   2.3371001854906526E+03
   8.9643000000000000E+09   5.3596116646983067E+05   4.6063398403419477E-12   2.3880455269654797E-23   2.3385731536655044E+03
   8.9718000000000000E+09   5.3843235346715979E+05   4.5774893645323639E-12   2.3716046677842787E-23   2.3400365117423435E+03
   8.9793000000000000E+09   5.4090583486303163E+05   4.5488751903866862E-12   2.3553163863407099E-23   2.3414902505637851E+03
   8.9868000000000000E+09   5.4338158490381006E+05   4.5204948935352950E-12   2.3391789516226158E-23   2.3429343619776714E+03
   8.9943000000000000E+09   5.4585957799340331E+05   4.4923460808471339E-12   2.3231906555622917E-23   2.3443688388218411E+03
   9.0018000000000000E+09   5.4833978869494889E+05   4.4644263899182962E-12   2.3073498126850053E-23   2.3457936749089258E+03
   9.0093000000000000E+09   5.5082219173448440E+05   4.4367334885659682E-12   2.2916547597612725E-23   2.3472088650112005E+03
   9.0168000000000000E+09   5.5330676200657885E+05   4.4092650743276846E-12   2.2761038554628359E-23   2.3486144048455094E+03
   9.0243000000000000E+09   5.5579347458181041E+05   4.3820188739657400E-12   2.2606954800222809E-23   2.3500102910582632E+03
   9.0318000000000000E+09   5.5828230471588683E+05   4.3549926429767363E-12   2.2454280348962278E-23   2.3513965212105554E+03
   9.0393000000000000E+09   5.6077322786013759E+05   4.3281841651061038E-12   2.2302999424320313E-23   2.3527730937633969E+03
   9.0468000000000000E+09   5.6326621967305103E+05   4.3015912518674903E-12   2.2153096455379299E-23   2.3541400080630642E+03
   9.0543000000000000E+09   5.6576125603249331E+05   4.2752117420669467E-12   2.2004556073565757E-23   2.3554972643266060E+03
   9.0618000000000000E+09   5.6825831304823665E+05   4.2490435013317764E-12   2.1857363109419033E-23   2.3568448636274816E+03
   9.0693000000000000E+09   5.7075736707442801E+05   4.2230844216439541E-12   2.1711502589392855E-23   2.3581828078813342E+03
   9.0768000000000000E+09   5.7325839472164854E+05   4.1973324208781118E-12   2.1566959732689402E-23   2.3595110998319428E+03
   9.0843000000000000E+09   5.7576137286826619E+05   4.1717854423439710E-12   2.1423719948125835E-23   2.3608297430372872E+03
   9.0918000000000000E+09   5.7826627867081668E+05   4.1464414543332703E-12   2.1281768831033068E-23   2.3621387418557802E+03
   9.0993000000000000E+09   5.8077308957323804E+05   4.1212984496711385E-12   2.1141092160186990E-23   2.3634381014326163E+03
   9.1068000000000000E+09   5.8328178331482154E+05   4.0963544452720276E-12   2.1001675894772369E-23   2.3647278276862735E+03
   9.1143000000000000E+09   5.8579233793683979E+05   4.0716074817002292E-12   2.0863506171379935E-23   2.3660079272951175E+03
   9.1218000000000000E+09   5.8830473178785946E+05   4.0470556227351397E-12   2.0726569301037069E-23   2.3672784076841613E+03
   9.1293000000000000E+09   5.9081894352782681E+05   4.0226969549413472E-12   2.0590851766273056E-23   2.3685392770119020E+03
   9.1368000000000000E+09   5.9333495213105623E+05   3.9985295872437975E-12   2.0456340218219643E-23   2.3697905441572948E+03
   9.1443000000000000E+09   5.9585273688831227E+05   3.9745516505081926E-12   2.0323021473747919E-23   2.3710322187068264E+03
   9.1518000000000000E+09   5.9837227740819484E+05   3.9507612971268455E-12   2.0190882512642679E-23   2.3722643109416877E+03
   9.1593000000000000E+09   6.0089355361807242E+05   3.9271567006102853E-12   2.0059910474815356E-23   2.3734868318250678E+03
   9.1668000000000000E+09   6.0341654576481180E+05   3.9037360551848285E-12   1.9930092657556969E-23   2.3746997929895338E+03
   9.1743000000000000E+09   6.0594123441554536E+05   3.8804975753964191E-12   1.9801416512832140E-23   2.3759032067245312E+03
   9.1818000000000000E+09   6.0846760045870452E+05   3.8574394957210572E-12   1.9673869644615795E-23   2.3770970859639974E+03
   9.1893000000000000E+09   6.1099562510552385E+05   3.8345600701820027E-12   1.9547439806273552E-23   2.3782814442740687E+03
   9.1968000000000000E+09   6.1352528989217209E+05   3.8118575719741997E-12   1.9422114897987459E-23   2.3794562958409392E+03
   9.2043000000000000E+09   6.1605657668263873E+05   3.7893302930960696E-12   1.9297882964228165E-23   2.3806216554588182E+03
   9.2118000000000000E+09   6.1858946767243708E+05   3.7669765439890600E-12   1.9174732191274859E-23   2.3817775385180412E+03
   9.2193000000000000E+09   6.2112394539314718E+05   3.7447946531851511E-12   1.9052650904784240E-23   2.3829239609932984E+03
   9.2268000000000000E+09   6.2365999271775736E+05   3.7227829669626738E-12   1.8931627567409732E-23   2.3840609394320290E+03
   9.2343000000000000E+09   6.2619759286672424E+05   3.7009398490106004E-12   1.8811650776471953E-23   2.3851884909429441E+03
   9.2418000000000000E+09   6.2873672941461345E+05   3.6792636801016666E-12   1.8692709261681738E-23   2.3863066331847258E+03
   9.2493000000000000E+09   6.3127738629715540E+05   3.6577528577744641E-12   1.8574791882916553E-23   2.3874153843548647E+03
   9.2568000000000000E+09   6.3381954781850381E+05   3.6364057960248057E-12   1.8457887628051470E-23   2.3885147631786676E+03
   9.2643000000000000E+09   6.3636319865848497E+05   3.6152209250065574E-12   1.8341985610845573E-23   2.3896047888984276E+03
   9.2718000000000000E+09   6.3890832387959748E+05   3.5941966907421476E-12   1.8227075068884793E-23   2.3906854812627480E+03
   9.2793000000000000E+09   6.4145490893353906E+05   3.5733315548429569E-12   1.8113145361581966E-23   2.3917568605160291E+03
   9.2868000000000000E+09   6.4400293966703338E+05   3.5526239942398246E-12   1.8000185968235105E-23   2.3928189473881248E+03
   9.2943000000000000E+09   6.4655240232677606E+05   3.5320725009237856E-12   1.7888186486144674E-23   2.3938717630841234E+03
   9.3018000000000000E+09   6.4910328356332774E+05   3.5116755816973277E-12   1.7777136628790656E-23   2.3949153292743108E+03
   9.3093000000000000E+09   6.5165557043384062E+05   3.4914317579362438E-12   1.7667026224070242E-23   2.3959496680842467E+03
   9.3168000000000000E+09   6.5420925040353439E+05   3.4713395653623504E-12   1.7557845212596850E-23   2.3969748020850111E+03
   9.3243000000000000E+09   6.5676431134589738E+05   3.4513975538271557E-12   1.7449583646061310E-23   2.3979907542835467E+03
   9.3318000000000000E+09   6.5932074154161988E+05   3.4316042871066907E-12   1.7342231685655662E-23   2.3989975481131573E+03
   9.3393000000000000E+09   6.6187852967632096E+05   3.4119583427076203E-12   1.7235779600560396E-23   2.3999952074241073E+03
   9.3468000000000000E+09   6.6443766483715863E+05   3.3924583116847773E-12   1.7130217766495480E-23   2.4009837564743534E+03
   9.3543000000000000E+09   6.6699813650844852E+05   3.3731027984702169E-12   1.7025536664335734E-23   2.4019632199203634E+03
   9.3618000000000000E+09   6.6955993456643110E+05   3.3538904207139154E-12   1.6921726878790851E-23   2.4029336228080633E+03
   9.3693000000000000E+09   6.7212304927334096E+05   3.3348198091361663E-12   1.6818779097150172E-23   2.4038949905638897E+03
   9.3768000000000000E+09   6.7468747127093945E+05   3.3158896073916965E-12   1.6716684108092503E-23   2.4048473489859161E+03
   9.3843000000000000E+09   6.7725319157364627E+05   3.2970984719455763E-12   1.6615432800560682E-23   2.4057907242351121E+03
   9.3918000000000000E+09   6.7982020156140951E+05   3.2784450719608670E-12   1.6515016162700815E-23   2.4067251428266904E+03
   9.3993000000000000E+09   6.8238849297241541E+05   3.2599280891979533E-12   1.6415425280865696E-23   2.4076506316215482E+03
   9.4068000000000000E+09   6.8495805789571453E+05   3.2415462179254836E-12   1.6316651338681782E-23   2.4085672178178133E+03
   9.4143000000000000E+09   6.8752888876381330E+05   3.2232981648428218E-12   1.6218685616179063E-23   2.4094749289425022E+03
   9.4218000000000000E+09   6.9010097834523756E+05   3.2051826490137711E-12   1.6121519488982684E-23   2.4103737928432588E+03
   9.4293000000000000E+09   6.9267431973705371E+05   3.1871984018114394E-12   1.6025144427565227E-23   2.4112638376802174E+03
   9.4368000000000000E+09   6.9524890635729476E+05   3.1693441668739565E-12   1.5929551996558264E-23   2.4121450919179624E+03
   9.4443000000000000E+09   6.9782473193722125E+05   3.1516187000707477E-12   1.5834733854121543E-23   2.4130175843175862E+03
   9.4518000000000000E+09   7.0040179051332350E+05   3.1340207694790675E-12   1.5740681751368067E-23   2.4138813439288706E+03
   9.4593000000000000E+09   7.0298007641897129E+05   3.1165491553703696E-12   1.5647387531843093E-23   2.4147364000825473E+03
   9.4668000000000000E+09   7.0555958427559538E+05   3.0992026502061452E-12   1.5554843131054845E-23   2.4155827823826785E+03
   9.4743000000000000E+09   7.0814030898331001E+05   3.0819800586427758E-12   1.5463040576054626E-23   2.4164205206991496E+03
   9.4818000000000000E+09   7.1072224571088515E+05   3.0648801975448487E-12   1.5371971985063830E-23   2.4172496451602219E+03
   9.4893000000000000E+09   7.1330538988499483E+05   3.0479018960065391E-12   1.5281629567145112E-23   2.4180701861452440E+03
   9.4968000000000000E+09   7.1588973717869818E+05   3.0310439953803424E-12   1.5192005621914947E-23   2.4188821742773894E+03
   9.5043000000000000E+09   7.1847528349912609E+05   3.0143053493127160E-12   1.5103092539294449E-23   2.4196856404165510E+03
   9.5118000000000000E+09   7.2106202497438760E+05   2.9976848237858965E-12   1.5014882799295474E-23   2.4204806156522745E+03
   9.5193000000000000E+09   7.2364995793972840E+05   2.9811812971653001E-12   1.4927368971838531E-23   2.4212671312968064E+03
   9.5268000000000000E+09   7.2623907892300468E+05   2.9647936602518071E-12   1.4840543716599224E-23   2.4220452188782124E+03
   9.5343000000000000E+09   7.2882938462957146E+05   2.9485208163382195E-12   1.4754399782879509E-23   2.4228149101335835E+03
   9.5418000000000000E+09   7.3142087192668905E+05   2.9323616812691615E-12   1.4668930009500255E-23   2.4235762370023122E+03
   9.5493000000000000E+09   7.3401353782758454E+05   2.9163151835036581E-12   1.4584127324711117E-23   2.4243292316194556E+03
   9.5568000000000000E+09   7.3660737947530556E+05   2.9003802641796007E-12   1.4499984746113909E-23   2.4250739263091618E+03
   9.5643000000000000E+09   7.3920239412651653E+05   2.8845558771793027E-12   1.4416495380595405E-23   2.4258103535781765E+03
   9.5718000000000000E+09   7.4179857913538686E+05   2.8688409891953166E-12   1.4333652424265432E-23   2.4265385461094306E+03
   9.5793000000000000E+09   7.4439593193771224E+05   2.8532345797956428E-12   1.4251449162396036E-23   2.4272585367556885E+03
   9.5868000000000000E+09   7.4699445003540348E+05   2.8377356414874943E-12   1.4169878969357400E-23   2.4279703585332836E+03
   9.5943000000000000E+09   7.4959413098146394E+05   2.8223431797787190E-12   1.4088935308546208E-23   2.4286740446159220E+03
   9.6018000000000000E+09   7.5219497236555803E+05   2.8070562132359878E-12   1.4008611732301904E-23   2.4293696283285722E+03
   9.6093000000000000E+09   7.5479697180025338E+05   2.7918737735388388E-12   1.3928901881806439E-23   2.4300571431414273E+03
   9.6168000000000000E+09   7.5740012690801790E+05   2.7767949055287019E-12   1.3849799486963080E-23   2.4307366226639583E+03
   9.6243000000000000E+09   7.6000443530900031E+05   2.7618186672519495E-12   1.3771298366249671E-23   2.4314081006390447E+03
   9.6318000000000000E+09   7.6260989460964769E+05   2.7469441299961070E-12   1.3693392426541933E-23   2.4320716109372015E+03
   9.6393000000000000E+09   7.6521650239216560E+05   2.7321703783182757E-12   1.3616075662902333E-23   2.4327271875508804E+03
   9.6468000000000000E+09   7.6782425620484725E+05   2.7174965100649116E-12   1.3539342158330109E-23   2.4333748645888782E+03
   9.6543000000000000E+09   7.7043315355325909E+05   2.7029216363820707E-12   1.3463186083468202E-23   2.4340146762708282E+03
   9.6618000000000000E+09   7.7304319189229805E+05   2.6884448817152592E-12   1.3387601696262846E-23   2.4346466569217928E+03
   9.6693000000000000E+09   7.7565436861911521E+05   2.6740653837980557E-12   1.3312583341571699E-23   2.4352708409669526E+03
   9.6768000000000000E+09   7.7826668106692075E+05   2.6597822936286966E-12   1.3238125450716662E-23   2.4358872629263897E+03
   9.6843000000000000E+09   7.8088012649967871E+05   2.6455947754338673E-12   1.3164222540977553E-23   2.4364959574099780E+03
   9.6918000000000000E+09   7.8349470210772578E+05   2.6315020066189391E-12   1.3090869215023110E-23   2.4370969591123571E+03
   9.6993000000000000E+09   7.8611040500434395E+05   2.6175031777040109E-12   1.3018060160275946E-23   2.4376903028080437E+03
   9.7068000000000000E+09   7.8872723222334404E+05   2.6035974922450377E-12   1.2945790148208347E-23   2.4382760233465974E+03
   9.7143000000000000E+09   7.9134518071771739E+05   2.5897841667395651E-12   1.2874054033566063E-23   2.4388541556479536E+03
   9.7218000000000000E+09   7.9396424735943321E+05   2.5760624305163827E-12   1.2802846753517501E-23   2.4394247346977795E+03
   9.7293000000000000E+09   7.9658442894045333E+05   2.5624315256088135E-12   1.2732163326726045E-23   2.4399877955430320E+03
   9.7368000000000000E+09   7.9920572217506799E+05   2.5488907066110444E-12   1.2661998852343511E-23   2.4405433732875463E+03
   9.7443000000000000E+09   8.0182812370362435E+05   2.5354392405172729E-12   1.2592348508923104E-23   2.4410915030877709E+03
   9.7518000000000000E+09   8.0445163009775034E+05   2.5220764065433695E-12   1.2523207553250573E-23   2.4416322201486237E+03
   9.7593000000000000E+09   8.0707623786714743E+05   2.5088014959308223E-12   1.2454571319092652E-23   2.4421655597194331E+03
   9.7668000000000000E+09   8.0970194346803694E+05   2.4956138117328787E-12   1.2386435215862139E-23   2.4426915570900155E+03
   9.7743000000000000E+09   8.1232874331331369E+05   2.4825126685828330E-12   1.2318794727199524E-23   2.4432102475868733E+03
   9.7818000000000000E+09   8.1495663378446235E+05   2.4694973924444806E-12   1.2251645409471318E-23   2.4437216665695073E+03
   9.7893000000000000E+09   8.1758561124526162E+05   2.4565673203448682E-12   1.2184982890185709E-23   2.4442258494268535E+03
   9.7968000000000000E+09   8.2021567205729464E+05   2.4437218000895619E-12   1.2118802866326621E-23   2.4447228315738562E+03
   9.8043000000000000E+09   8.2284681259724870E+05   2.4309601899606778E-12   1.2053101102607577E-23   2.4452126484481455E+03
   9.8118000000000000E+09   8.2547902927598148E+05   2.4182818583981539E-12   1.1987873429647316E-23   2.4456953355069027E+03
   9.8193000000000000E+09   8.2811231855931529E+05   2.4056861836645738E-12   1.1923115742069445E-23   2.4461709282237680E+03
   9.8268000000000000E+09   8.3074667699047481E+05   2.3931725534943177E-12   1.1858823996528957E-23   2.4466394620859974E+03
   9.8343000000000000E+09   8.3338210121411551E+05   2.3807403647274754E-12   1.1794994209668785E-23   2.4471009725916474E+03
   9.8418000000000000E+09   8.3601858800182620E+05   2.3683890229294583E-12   1.1731622456010067E-23   2.4475554952469988E+03
   9.8493000000000000E+09   8.3865613427902455E+05   2.3561179419969818E-12   1.1668704865780276E-23   2.4480030655640267E+03
   9.8568000000000000E+09   8.4129473715311917E+05   2.3439265437515008E-12   1.1606237622683711E-23   2.4484437190580911E+03
   9.8643000000000000E+09   8.4393439394283807E+05   2.3318142575209781E-12   1.1544216961619345E-23   2.4488774912457152E+03
   9.8718000000000000E+09   8.4657510220859514E+05   2.3197805197112018E-12   1.1482639166351489E-23   2.4493044176425360E+03
   9.8793000000000000E+09   8.4921685978378763E+05   2.3078247733677631E-12   1.1421500567139018E-23   2.4497245337613808E+03
   9.8868000000000000E+09   8.5185966480690276E+05   2.2959464677300083E-12   1.1360797538329471E-23   2.4501378751104749E+03
   9.8943000000000000E+09   8.5450351575431437E+05   2.2841450577783316E-12   1.1300526495924615E-23   2.4505444771918169E+03
   9.9018000000000000E+09   8.5714841147367202E+05   2.2724200037761955E-12   1.1240683895124403E-23   2.4509443754996632E+03
   9.9093000000000000E+09   8.5979435121774930E+05   2.2607707708084092E-12   1.1181266227856744E-23   2.4513376055191507E+03
   9.9168000000000000E+09   8.6244133467866329E+05   2.2491968283172438E-12   1.1122270020300654E-23   2.4517242027250713E+03
   9.9243000000000000E+09   8.6508936202233832E+05   2.2376976496379755E-12   1.1063691830410791E-23   2.4521042025807483E+03
   9.9318000000000000E+09   8.6773843392310769E+05   2.2262727115355820E-12   1.1005528245451509E-23   2.4524776405370662E+03
   9.9393000000000000E+09   8.7038855159833981E+05   2.2149214937442977E-12   1.0947775879548960E-23   2.4528445520316045E+03
   9.9468000000000000E+09   8.7303971684296196E+05   2.2036434785118172E-12   1.0890431371269782E-23   2.4532049724879107E+03
   9.9543000000000000E+09   8.7569193206375733E+05   2.1924381501499459E-12   1.0833491381235236E-23   2.4535589373148805E+03
   9.9618000000000000E+09   8.7834520031330234E+05   2.1813049945935347E-12   1.0776952589779689E-23   2.4539064819062514E+03
   9.9693000000000000E+09   8.8099952532339259E+05   2.1702434989695586E-12   1.0720811694662455E-23   2.4542476416402119E+03
   9.9768000000000000E+09   8.8365491153781326E+05   2.1592531511781931E-12   1.0665065408842032E-23   2.4545824518791137E+03
   9.9843000000000000E+09   8.8631136414428195E+05   2.1483334394877659E-12   1.0609710458321778E-23   2.4549109479692984E+03
   9.9918000000000000E+09   8.8896888910540042E+05   2.1374838521454097E-12   1.0554743580076073E-23   2.4552331652409939E+03
   9.9993000000000000E+09   8.9162749318842439E+05   2.1267038770053072E-12   1.0500161520065821E-23   2.4555491390083453E+03
   1.0006800000000000E+10   8.9428718399368203E+05   2.1159930011762701E-12   1.0445961031352141E-23   2.4558589045694862E+03
   1.0014300000000000E+10   8.9694796998142859E+05   2.1053507106904904E-12   1.0392138872316803E-23   2.4561624972067220E+03
   1.0021800000000000E+10   8.9960986049696244E+05   2.0947764901951742E-12   1.0338691804997813E-23   2.4564599521867963E+03
   1.0029300000000000E+10   9.0227286579379789E+05   2.0842698226686955E-12   1.0285616593548242E-23   2.4567513047611910E+03
   1.0036800000000000E+10   9.0493699705470877E+05   2.0738301891629367E-12   1.0232910002826078E-23   2.4570365901665236E+03
   1.0044300000000000E+10   9.0760226641045546E+05   2.0634570685733136E-12   1.0180568797122532E-23   2.4573158436249910E+03
   1.0051800000000000E+10   9.1026868695602065E+05   2.0531499374379311E-12   1.0128589739035775E-23   2.4575891003448514E+03
   1.0059300000000000E+10   9.1293627276418381E+05   2.0429082697672369E-12   1.0076969588496670E-23   2.4578563955209520E+03
   1.0066800000000000E+10   9.1560503889628104E+05   2.0327315369054309E-12   1.0025705101952509E-23   2.4581177643353039E+03
   1.0074300000000000E+10   9.1827500141000794E+05   2.0226192074247450E-12   9.9747930317142336E-24   2.4583732419576745E+03
   1.0081800000000000E+10   9.2094617736414960E+05   2.0125707470536111E-12   9.9242301254720242E-24   2.4586228635461875E+03
   1.0089300000000000E+10   9.2361858482012025E+05   2.0025856186396109E-12   9.8740131259834914E-24   2.4588666642479384E+03
   1.0096800000000000E+10   9.2629224284022744E+05   1.9926632821479633E-12   9.8241387709380340E-24   2.4591046791996341E+03
   1.0104300000000000E+10   9.2896717148259375E+05   1.9828031946960870E-12   9.7746037930001915E-24   2.4593369435281761E+03
   1.0111800000000000E+10   9.3164339179266978E+05   1.9730048106247768E-12   9.7254049200341064E-24   2.4595634923512857E+03
   1.0119300000000000E+10   9.3432092579132027E+05   1.9632675816061711E-12   9.6765388755103479E-24   2.4597843607780669E+03
   1.0126800000000000E+10   9.3699979645944701E+05   1.9535909567886908E-12   9.6280023790955973E-24   2.4599995839095513E+03
   1.0134300000000000E+10   9.3968002771915728E+05   1.9439743829788597E-12   9.5797921474248241E-24   2.4602091968392092E+03
   1.0141800000000000E+10   9.4236164441148809E+05   1.9344173048597655E-12   9.5319048950546828E-24   2.4604132346534093E+03
   1.0149300000000000E+10   9.4504467227071687E+05   1.9249191652457337E-12   9.4843373355960281E-24   2.4606117324318129E+03
   1.0156800000000000E+10   9.4772913789530122E+05   1.9154794053726321E-12   9.4370861830224560E-24   2.4608047252477477E+03
   1.0164300000000000E+10   9.5041506871550635E+05   1.9060974652229472E-12   9.3901481531509493E-24   2.4609922481684644E+03
   1.0171800000000000E+10   9.5310249295779783E+05   1.8967727838847056E-12   9.3435199652896885E-24   2.4611743362553607E+03
   1.0179300000000000E+10   9.5579143960608484E+05   1.8875047999430018E-12   9.2971983440472300E-24   2.4613510245640964E+03
   1.0186800000000000E+10   9.5848193835991749E+05   1.8782929519028108E-12   9.2511800212962593E-24   2.4615223481446560E+03
   1.0194300000000000E+10   9.6117401958976150E+05   1.8691366786414812E-12   9.2054617382843024E-24   2.4616883420412978E+03
   1.0201800000000000E+10   9.6386771428948629E+05   1.8600354198891600E-12   9.1600402478827102E-24   2.4618490412923952E+03
   1.0209300000000000E+10   9.6656305402621056E+05   1.8509886167352867E-12   9.1149123169645416E-24   2.4620044809302426E+03
   1.0216800000000000E+10   9.6926007088769390E+05   1.8419957121589257E-12   9.0700747289009073E-24   2.4621546959806778E+03
   1.0224300000000000E+10   9.7195879742744495E+05   1.8330561515807685E-12   9.0255242861646378E-24   2.4622997214626585E+03
   1.0231800000000000E+10   9.7465926660777442E+05   1.8241693834342897E-12   8.9812578130292395E-24   2.4624395923877105E+03
   1.0239300000000000E+10   9.7736151174100500E+05   1.8153348597534652E-12   8.9372721583503898E-24   2.4625743437592596E+03
   1.0246800000000000E+10   9.8006556642910244E+05   1.8065520367743132E-12   8.8935641984164723E-24   2.4627040105718652E+03
   1.0254300000000000E+10   9.8277146450198721E+05   1.7978203755473398E-12   8.8501308398539747E-24   2.4628286278103328E+03
   1.0261800000000000E+10   9.8547923995482014E+05   1.7891393425578865E-12   8.8069690225729592E-24   2.4629482304487155E+03
   1.0269300000000000E+10   9.8818892688456830E+05   1.7805084103512343E-12   8.7640757227372504E-24   2.4630628534492125E+03
   1.0276800000000000E+10   9.9090055942618055E+05   1.7719270581592215E-12   8.7214479557434740E-24   2.4631725317609389E+03
   1.0284300000000000E+10   9.9361417168870801E+05   1.7633947725250487E-12   8.6790827791926804E-24   2.4632773003185830E+03
   1.0291800000000000E+10   9.9632979769173265E+05   1.7549110479229093E-12   8.6369772958378789E-24   2.4633771940410097E+03
   1.0299300000000000E+10   9.9904747130247031E+05   1.7464753873688897E-12   8.5951286564905539E-24   2.4634722478296699E+03
   1.0306800000000000E+10   1.0017672261739303E+06   1.7380873030197735E-12   8.5535340628690526E-24   2.4635624965670058E+03
   1.0314300000000000E+10   1.0044890956845160E+06   1.7297463167560881E-12   8.5121907703715864E-24   2.4636479751146667E+03
   1.0321800000000000E+10   1.0072131128794661E+06   1.7214519607460017E-12   8.4710960907565330E-24   2.4637287183117323E+03
   1.0329300000000000E+10   1.0099393104145275E+06   1.7132037779864310E-12   8.4302473947128586E-24   2.4638047609727741E+03
   1.0336800000000000E+10   1.0126677205022635E+06   1.7050013228179661E-12   8.3896421143035910E-24   2.4638761378858776E+03
   1.0344300000000000E+10   1.0153983748613880E+06   1.6968441614101373E-12   8.3492777452654848E-24   2.4639428838105941E+03
   1.0351800000000000E+10   1.0181313046695202E+06   1.6887318722136715E-12   8.3091518491484112E-24   2.4640050334758294E+03
   1.0359300000000000E+10   1.0208665405197478E+06   1.6806640463764696E-12   8.2692620552784831E-24   2.4640626215776724E+03
   1.0366800000000000E+10   1.0236041123813646E+06   1.6726402881201397E-12   8.2296060625293267E-24   2.4641156827771911E+03
   1.0374300000000000E+10   1.0263440495651631E+06   1.6646602150740784E-12   8.1901816408866959E-24   2.4641642516982133E+03
   1.0381800000000000E+10   1.0290863806936260E+06   1.6567234585641753E-12   8.1509866327922702E-24   2.4642083629250415E+03
   1.0389300000000000E+10   1.0318311336763542E+06   1.6488296638534995E-12   8.1120189542533721E-24   2.4642480510002056E+03
   1.0396800000000000E+10   1.0345783356910620E+06   1.6409784903324056E-12   8.0732765957061600E-24   2.4642833504222081E+03
   1.0404300000000000E+10   1.0373280131704378E+06   1.6331696116557450E-12   8.0347576226209814E-24   2.4643142956432516E+03
   1.0411800000000000E+10   1.0400801917951594E+06   1.6254027158251551E-12   7.9964601758396445E-24   2.4643409210670425E+03
   1.0419300000000000E+10   1.0428348964933311E+06   1.6176775052145157E-12   7.9583824716354784E-24   2.4643632610465820E+03
   1.0426800000000000E+10   1.0455921514465823E+06   1.6099936965370823E-12   7.9205228014884832E-24   2.4643813498820650E+03
   1.0434300000000000E+10   1.0483519801030466E+06   1.6023510207529200E-12   7.8828795315690544E-24   2.4643952218187956E+03
   1.0441800000000000E+10   1.0511144051974220E+06   1.5947492229157030E-12   7.8454511019253208E-24   2.4644049110452311E+03
   1.0449300000000000E+10   1.0538794487782763E+06   1.5871880619581037E-12   7.8082360253705539E-24   2.4644104516910493E+03
   1.0456800000000000E+10   1.0566471322427324E+06   1.5796673104154810E-12   7.7712328860686590E-24   2.4644118778254028E+03
   1.0464300000000000E+10   1.0594174763786504E+06   1.5721867540877326E-12   7.7344403378174257E-24   2.4644092234552336E+03
   1.0471800000000000E+10   1.0621905014143784E+06   1.5647461916396205E-12   7.6978571020307229E-24   2.4644025225237260E+03
   1.0479300000000000E+10   1.0649662270761209E+06   1.5573454341402367E-12   7.6614819654226810E-24   2.4643918089089502E+03
   1.0486800000000000E+10   1.0677446726529330E+06   1.5499843045425066E-12   7.6253137773984878E-24   2.4643771164225977E+03
   1.0494300000000000E+10   1.0705258570693128E+06   1.5426626371041348E-12   7.5893514471581693E-24   2.4643584788089456E+03
   1.0501800000000000E+10   1.0733097989653326E+06   1.5353802767516220E-12   7.5535939405215397E-24   2.4643359297439561E+03
   1.0509300000000000E+10   1.0760965167842112E+06   1.5281370783894292E-12   7.5180402764841318E-24   2.4643095028346006E+03
   1.0516800000000000E+10   1.0788860288671837E+06   1.5209329061566699E-12   7.4826895235157672E-24   2.4642792316183868E+03
   1.0524300000000000E+10   1.0816783535554968E+06   1.5137676326340482E-12   7.4475407956150179E-24   2.4642451495630708E+03
   1.0531800000000000E+10   1.0844735092993076E+06   1.5066411380041694E-12   7.4125932481345970E-24   2.4642072900666321E+03
   1.0539300000000000E+10   1.0872715147732440E+06   1.4995533091686033E-12   7.3778460733942389E-24   2.4641656864574693E+03
   1.0546800000000000E+10   1.0900723889983178E+06   1.4925040388254526E-12   7.3432984960993291E-24   2.4641203719948439E+03
   1.0554300000000000E+10   1.0928761514698830E+06   1.4854932245114297E-12   7.3089497685849244E-24   2.4640713798695269E+03
   1.0561800000000000E+10   1.0956828222912529E+06   1.4785207676128812E-12   7.2747991659064303E-24   2.4640187432047974E+03
   1.0569300000000000E+10   1.0984924223125982E+06   1.4715865723502416E-12   7.2408459807993442E-24   2.4639624950576035E+03
   1.0576800000000000E+10   1.1013049732746792E+06   1.4646905447409044E-12   7.2070895185319199E-24   2.4639026684200794E+03
   1.0584300000000000E+10   1.1041204979569698E+06   1.4578325915455119E-12   7.1735290916756781E-24   2.4638392962212465E+03
   1.0591800000000000E+10   1.1069390203296689E+06   1.4510126192030785E-12   7.1401640148197389E-24   2.4637724113290792E+03
   1.0599300000000000E+10   1.1097605657091015E+06   1.4442305327603501E-12   7.1069935992558801E-24   2.4637020465527712E+03
   1.0606800000000000E+10   1.1125851609159717E+06   1.4374862348011159E-12   7.0740171476619891E-24   2.4636282346453177E+03
   1.0614300000000000E+10   1.1154128344359142E+06   1.4307796243812478E-12   7.0412339488122515E-24   2.4635510083063914E+03
   1.0621800000000000E+10   1.1182436165817829E+06   1.4241105959752986E-12   7.0086432723428676E-24   2.4634704001854316E+03
   1.0629300000000000E+10   1.1210775396570975E+06   1.4174790384406701E-12   6.9762443636024287E-24   2.4633864428850734E+03
   1.0636800000000000E+10   1.1239146381200543E+06   1.4108848340052579E-12   6.9440364386162469E-24   2.4632991689648002E+03
   1.0644300000000000E+10   1.1267549487475283E+06   1.4043278572845934E-12   6.9120186791939408E-24   2.4632086109448987E+03
   1.0651800000000000E+10   1.1295985107984552E+06   1.3978079743343536E-12   6.8801902282093930E-24   2.4631148013106235E+03
   1.0659300000000000E+10   1.1324453661760287E+06   1.3913250417441466E-12   6.8485501850818027E-24   2.4630177725166709E+03
   1.0666800000000000E+10   1.1352955595881043E+06   1.3848789057782454E-12   6.8170976014860247E-24   2.4629175569918511E+03
   1.0674300000000000E+10   1.1381491387052739E+06   1.3784694015689023E-12   6.7858314773197365E-24   2.4628141871440262E+03
   1.0681800000000000E+10   1.1410061543160260E+06   1.3720963523675847E-12   6.7547507569538990E-24   2.4627076953652358E+03
   1.0689300000000000E+10   1.1438666604784806E+06   1.3657595688593569E-12   6.7238543257920275E-24   2.4625981140371032E+03
   1.0696800000000000E+10   1.1467307146681740E+06   1.3594588485452226E-12   6.6931410071624443E-24   2.4624854755363599E+03
   1.0704300000000000E+10   1.1495983779214134E+06   1.3531939751971233E-12   6.6626095595662165E-24   2.4623698122406536E+03
   1.0711800000000000E+10   1.1524697149737508E+06   1.3469647183897467E-12   6.6322586743018720E-24   2.4622511565344503E+03
   1.0719300000000000E+10   1.1553447943931594E+06   1.3407708331131284E-12   6.6020869734861787E-24   2.4621295408151623E+03
   1.0726800000000000E+10   1.1582236887075265E+06   1.3346120594694674E-12   6.5720930084882609E-24   2.4620049974994090E+03
   1.0734300000000000E+10   1.1611064745261455E+06   1.3284881224572170E-12   6.5422752587922733E-24   2.4618775590293935E+03
   1.0741800000000000E+10   1.1639932326548912E+06   1.3223987318450623E-12   6.5126321313014926E-24   2.4617472578794564E+03
   1.0749300000000000E+10   1.1668840482048774E+06   1.3163435821378133E-12   6.4831619600943611E-24   2.4616141265626670E+03
   1.0756800000000000E+10   1.1697790106943659E+06   1.3103223526358409E-12   6.4538630066404178E-24   2.4614781976375625E+03
   1.0764300000000000E+10   1.1726782141438448E+06   1.3043347075890586E-12   6.4247334604814472E-24   2.4613395037149517E+03
   1.0771800000000000E+10   1.1755817571641589E+06   1.2983802964459138E-12   6.3957714403804048E-24   2.4611980774647709E+03
   1.0779300000000000E+10   1.1784897430377249E+06   1.2924587541972815E-12   6.3669749959378716E-24   2.4610539516229865E+03
   1.0786800000000000E+10   1.1814022797928415E+06   1.2865697018145861E-12   6.3383421096728649E-24   2.4609071589985579E+03
   1.0794300000000000E+10   1.1843194802712400E+06   1.2807127467808145E-12   6.3098706995619342E-24   2.4607577324803865E+03
   1.0801800000000000E+10   1.1872414621890371E+06   1.2748874837125482E-12   6.2815586220274335E-24   2.4606057050443019E+03
   1.0809300000000000E+10   1.1901683481913407E+06   1.2690934950704620E-12   6.2534036753629088E-24   2.4604511097599848E+03
   1.0816800000000000E+10   1.1931002659008063E+06   1.2633303519552442E-12   6.2254036035805485E-24   2.4602939797979679E+03
   1.0824300000000000E+10   1.1960373479605308E+06   1.2575976149851105E-12   6.1975561006626287E-24   2.4601343484365116E+03
   1.0831800000000000E+10   1.1989797320716947E+06   1.2518948352506778E-12   6.1698588151960502E-24   2.4599722490684699E+03
   1.0839300000000000E+10   1.2019275610264707E+06   1.2462215553422755E-12   6.1423093553661125E-24   2.4598077152081205E+03
   1.0846800000000000E+10   1.2048809827367165E+06   1.2405773104442407E-12   6.1149052942829559E-24   2.4596407804979217E+03
   1.0854300000000000E+10   1.2078401502590945E+06   1.2349616294901984E-12   6.0876441756114269E-24   2.4594714787151961E+03
   1.0861800000000000E+10   1.2108052218172378E+06   1.2293740363728260E-12   6.0605235194725490E-24   2.4592998437787392E+03
   1.0869300000000000E+10   1.2137763608216890E+06   1.2238140512011211E-12   6.0335408285824211E-24   2.4591259097553711E+03
   1.0876800000000000E+10   1.2167537358883496E+06   1.2182811915976997E-12   6.0066935945921044E-24   2.4589497108663536E+03
   1.0884300000000000E+10   1.2197375208562114E+06   1.2127749740283337E-12   5.9799793045900248E-24   2.4587712814937904E+03
   1.0891800000000000E+10   1.2227278948051990E+06   1.2072949151554445E-12   5.9533954477265871E-24   2.4585906561868728E+03
   1.0899300000000000E+10   1.2257250420749455E+06   1.2018405332070733E-12   5.9269395219190463E-24   2.4584078696680995E+03
   1.0906800000000000E+10   1.2287291522853668E+06   1.1964113493524490E-12   5.9006090405933235E-24   2.4582229568393354E+03
   1.0914300000000000E+10   1.2317404203598874E+06   1.1910068890751928E-12   5.8744015394183067E-24   2.4580359527878813E+03
   1.0921800000000000E+10   1.2347590465522076E+06   1.1856266835348711E-12   5.8483145829873422E-24   2.4578468927923700E+03
   1.0929300000000000E+10   1.2377852364774453E+06   1.1802702709076759E-12   5.8223457714010181E-24   2.4576558123286991E+03
   1.0936800000000000E+10   1.2408192011485475E+06   1.1749371976967566E-12   5.7964927467050743E-24   2.4574627470757719E+03
   1.0944300000000000E+10   1.2438611570187598E+06   1.1696270200029650E-12   5.7707531991372950E-24   2.4572677329212820E+03
   1.0951800000000000E+10   1.2469113260309796E+06   1.1643393047466785E-12   5.7451248731375630E-24   2.4570708059674471E+03
   1.0959300000000000E+10   1.2499699356747561E+06   1.1590736308315362E-12   5.7196055730759186E-24   2.4568720025366160E+03
   1.0966800000000000E+10   1.2530372190516288E+06   1.1538295902412508E-12   5.6941931686544447E-24   2.4566713591769699E+03
   1.0974300000000000E+10   1.2561134149494951E+06   1.1486067890607588E-12   5.6688855999400883E-24   2.4564689126681496E+03
   1.0981800000000000E+10   1.2591987679265700E+06   1.1434048484134104E-12   5.6436808819871780E-24   2.4562647000268730E+03
   1.0989300000000000E+10   1.2622935284054629E+06   1.1382234053063326E-12   5.6185771090103497E-24   2.4560587585126377E+03
   1.0996800000000000E+10   1.2653979527778148E+06   1.1330621133764437E-12   5.5935724580708363E-24   2.4558511256333859E+03
   1.1004300000000000E+10   1.2685123035198133E+06   1.1279206435302719E-12   5.5686651922417236E-24   2.4556418391512584E+03
   1.1011800000000000E+10   1.2716368493188438E+06   1.1227986844712330E-12   5.5438536632206271E-24   2.4554309370884152E+03
   1.1019300000000000E+10   1.2747718652113900E+06   1.1176959431086913E-12   5.5191363133614484E-24   2.4552184577329053E+03
   1.1026800000000000E+10   1.2779176327322056E+06   1.1126121448438850E-12   5.4945116771003426E-24   2.4550044396446879E+03
   1.1034300000000000E+10   1.2810744400746359E+06   1.1075470337284702E-12   5.4699783817547770E-24   2.4547889216616963E+03
   1.1041800000000000E+10   1.2842425822618585E+06   1.1025003724923614E-12   5.4455351476785113E-24   2.4545719429061078E+03
   1.1049300000000000E+10   1.2874223613286491E+06   1.0974719424382805E-12   5.4211807877595870E-24   2.4543535427906727E+03
   1.1056800000000000E+10   1.2906140865131693E+06   1.0924615432014585E-12   5.3969142062527834E-24   2.4541337610252954E+03
   1.1064300000000000E+10   1.2938180744581004E+06   1.0874689923737159E-12   5.3727343969426320E-24   2.4539126376236864E+03
   1.1071800000000000E+10   1.2970346494203147E+06   1.0824941249922582E-12   5.3486404406378005E-24   2.4536902129102614E+03
   1.1079300000000000E+10   1.3002641434881305E+06   1.0775367928944021E-12   5.3246315020025297E-24   2.4534665275272050E+03
   1.1086800000000000E+10   1.3035068968050261E+06   1.0725968639405081E-12   5.3007068257358051E-24   2.4532416224417420E+03
   1.1094300000000000E+10   1.3067632577985644E+06   1.0676742211083873E-12   5.2768657321139105E-24   2.4530155389536139E+03
   1.1101800000000000E+10   1.3100335834131155E+06   1.0627687614634698E-12   5.2531076119171369E-24   2.4527883187027346E+03
   1.1109300000000000E+10   1.3133182393448213E+06   1.0578803950100844E-12   5.2294319207663945E-24   2.4525600036771225E+03
   1.1116800000000000E+10   1.3166176002771209E+06   1.0530090434301130E-12   5.2058381729005483E-24   2.4523306362209664E+03
   1.1124300000000000E+10   1.3199320501149956E+06   1.0481546387163949E-12   5.1823259344301542E-24   2.4521002590429739E+03
   1.1131800000000000E+10   1.3232619822160064E+06   1.0433171217091062E-12   5.1588948161081511E-24   2.4518689152248671E+03
   1.1139300000000000E+10   1.3266077996160421E+06   1.0384964405443553E-12   5.1355444656626457E-24   2.4516366482300978E+03
   1.1146800000000000E+10   1.3299699152476171E+06   1.0336925490251035E-12   5.1122745597414545E-24   2.4514035019127568E+03
   1.1154300000000000E+10   1.3333487521484650E+06   1.0289054049253374E-12   5.0890847955222401E-24   2.4511695205266351E+03
   1.1161800000000000E+10   1.3367447436580954E+06   1.0241349682392538E-12   5.0659748820460700E-24   2.4509347487344407E+03
   1.1169300000000000E+10   1.3401583335999153E+06   1.0193811993879295E-12   5.0429445313358801E-24   2.4506992316171704E+03
   1.1176800000000000E+10   1.3435899764465056E+06   1.0146440573965855E-12   5.0199934493646247E-24   2.4504630146835675E+03
   1.1184300000000000E+10   1.3470401374655869E+06   1.0099234980561698E-12   4.9971213269408472E-24   2.4502261438796759E+03
   1.1191800000000000E+10   1.3505092928442545E+06   1.0052194720834609E-12   4.9743278305819157E-24   2.4499886655984528E+03
   1.1199300000000000E+10   1.3539979297890598E+06   1.0005319232942999E-12   4.9516125934472880E-24   2.4497506266893888E+03
   1.1206800000000000E+10   1.3575065465995967E+06   9.9586078680489566E-13   4.9289752064057388E-24   2.4495120744681440E+03
   1.1214300000000000E+10   1.3610356527133270E+06   9.9120598727631396E-13   4.9064152093116324E-24   2.4492730567261065E+03
   1.1221800000000000E+10   1.3645857687194932E+06   9.8656743721741265E-13   4.8839320825659060E-24   2.4490336217398649E+03
   1.1229300000000000E+10   1.3681574263401332E+06   9.8194503536146774E-13   4.8615252390374885E-24   2.4487938182805779E+03
   1.1236800000000000E+10   1.3717511683763876E+06   9.7733866513157272E-13   4.8391940164203127E-24   2.4485536956231149E+03
   1.1244300000000000E+10   1.3753675486185055E+06   9.7274819320973720E-13   4.8169376701000540E-24   2.4483133035550154E+03
   1.1251800000000000E+10   1.3790071317182388E+06   9.6817346822418262E-13   4.7947553666029747E-24   2.4480726923851598E+03
   1.1259300000000000E+10   1.3826704930225895E+06   9.6361431956887997E-13   4.7726461776969683E-24   2.4478319129520960E+03
   1.1266800000000000E+10   1.3863582183682532E+06   9.5907055636880199E-13   4.7506090752120142E-24   2.4475910166320259E+03
   1.1274300000000000E+10   1.3900709038364587E+06   9.5454196660358224E-13   4.7286429266437034E-24   2.4473500553463214E+03
   1.1281800000000000E+10   1.3938091554683601E+06   9.5002831640150780E-13   4.7067464915994166E-24   2.4471090815686171E+03
   1.1289300000000000E+10   1.3975735889416297E+06   9.4552934951471048E-13   4.6849184191419537E-24   2.4468681483313094E+03
   1.1296800000000000E+10   1.4013648292094055E+06   9.4104478698544189E-13   4.6631572460801602E-24   2.4466273092315173E+03
   1.1304300000000000E+10   1.4051835101033580E+06   9.3657432701204494E-13   4.6414613962501709E-24   2.4463866184363792E+03
   1.1311800000000000E+10   1.4090302739032824E+06   9.3211764502197086E-13   4.6198291808244520E-24   2.4461461306876899E+03
   1.1319300000000000E+10   1.4129057708762968E+06   9.2767439395775838E-13   4.5982587996788632E-24   2.4459059013057858E+03
   1.1326800000000000E+10   1.4168106587895008E+06   9.2324420478039633E-13   4.5767483438404722E-24   2.4456659861926855E+03
   1.1334300000000000E+10   1.4207456024007502E+06   9.1882668719286269E-13   4.5552957990309183E-24   2.4454264418343801E+03
   1.1341800000000000E+10   1.4247112729330829E+06   9.1442143058496261E-13   4.5338990503117019E-24   2.4451873253022736E+03
   1.1349300000000000E+10   1.4287083475392575E+06   9.1002800519883395E-13   4.5125558878290646E-24   2.4449486942537710E+03
   1.1356800000000000E+10   1.4327375087638926E+06   9.0564596351259678E-13   4.4912640136469009E-24   2.4447106069319093E+03
   1.1364300000000000E+10   1.4367994440117322E+06   9.0127484183779877E-13   4.4700210496468092E-24   2.4444731221640882E+03
   1.1371800000000000E+10   1.4408948450317506E+06   8.9691416212428728E-13   4.4488245464646164E-24   2.4442362993597794E+03
   1.1379300000000000E+10   1.4450244074279827E+06   8.9256343396425580E-13   4.4276719934228756E-24   2.4440001985073600E+03
   1.1386800000000000E+10   1.4491888302093013E+06   8.8822215678507646E-13   4.4065608294087803E-24   2.4437648801698820E+03
   1.1394300000000000E+10   1.4533888153917305E+06   8.8388982221863496E-13   4.3854884546368287E-24   2.4435304054799467E+03
   1.1401800000000000E+10   1.4576250676683397E+06   8.7956591663274522E-13   4.3644522432254514E-24   2.4432968361335456E+03
   1.1409300000000000E+10   1.4618982941633500E+06   8.7524992380832141E-13   4.3434495565066895E-24   2.4430642343830687E+03
   1.1416800000000000E+10   1.4662092042887216E+06   8.7094132774383855E-13   4.3224777569780621E-24   2.4428326630292459E+03
   1.1424300000000000E+10   1.4705585097232792E+06   8.6663961556694661E-13   4.3015342227958697E-24   2.4426021854126448E+03
   1.1431800000000000E+10   1.4749469245363020E+06   8.6234428053043323E-13   4.2806163626997204E-24   2.4423728654031474E+03
   1.1439300000000000E+10   1.4793751654795099E+06   8.5805482506959841E-13   4.2597216312486312E-24   2.4421447673907333E+03
   1.1446800000000000E+10   1.4838439524735222E+06   8.5377076389363166E-13   4.2388475442403251E-24   2.4419179562732070E+03
   1.1454300000000000E+10   1.4883540093171501E+06   8.4949162708611444E-13   4.2179916941766686E-24   2.4416924974485578E+03
   1.1461800000000000E+10   1.4929060646503312E+06   8.4521696317848336E-13   4.1971517656304301E-24   2.4414684567917825E+03
   1.1469300000000000E+10   1.4975008532041167E+06   8.4094634217809579E-13   4.1763255503609256E-24   2.4412459006512640E+03
   1.1476800000000000E+10   1.5021391173739743E+06   8.3667935850840700E-13   4.1555109620194839E-24   2.4410248958346265E+03
   1.1484300000000000E+10   1.5068216091556360E+06   8.3241563384999336E-13   4.1347060502793610E-24   2.4408055096479511E+03
   1.1491800000000000E+10   1.5115490924861042E+06   8.2815481976320105E-13   4.1139090142195084E-24   2.4405878097397213E+03
   1.1499300000000000E+10   1.5163223460356330E+06   8.2389660017367260E-13   4.0931182147867486E-24   2.4403718640873590E+03
   1.1506800000000000E+10   1.5211421665008380E+06   8.1964069368585324E-13   4.0723321861572880E-24   2.4401577411343128E+03
   1.1514300000000000E+10   1.5260093724042668E+06   8.1538685587897963E-13   4.0515496458152708E-24   2.4399455106546152E+03
   1.1521800000000000E+10   1.5309248082673613E+06   8.1113488035868774E-13   4.0307695031644303E-24   2.4397352417916472E+03
   1.1529300000000000E+10   1.5358893489681997E+06   8.0688459935446502E-13   4.0099908664899136E-24   2.4395270006683231E+03
   1.1536800000000000E+10   1.5409039042315900E+06   8.0263588560065816E-13   3.9892130480951311E-24   2.4393208529405138E+03
   1.1544300000000000E+10   1.5459694232876173E+06   7.9838865802451550E-13   3.9684355674516492E-24   2.4391168792829430E+03
   1.1551800000000000E+10   1.5510868997452031E+06   7.9414287157810833E-13   3.9476581522156272E-24   2.4389151439855468E+03
   1.1559300000000000E+10   1.5562573766595768E+06   7.8989848394753637E-13   3.9268805990779099E-24   2.4387156782107049E+03
   1.1566800000000000E+10   1.5614819517154789E+06   7.8565542758030156E-13   3.9061025704840694E-24   2.4385185192141748E+03
   1.1574300000000000E+10   1.5667617824988838E+06   7.8141359480108883E-13   3.8853235318561978E-24   2.4383237034287567E+03
   1.1581800000000000E+10   1.5720980918649929E+06   7.7717284145120675E-13   3.8645427532663166E-24   2.4381312767570362E+03
   1.1589300000000000E+10   1.5774921734706180E+06   7.7293299020393642E-13   3.8437593102158692E-24   2.4379413047452063E+03
   1.1596800000000000E+10   1.5829453974821111E+06   7.6869382264397223E-13   3.8229720835737987E-24   2.4377538479953328E+03
   1.1604300000000000E+10   1.5884592165115897E+06   7.6445504436204421E-13   3.8021797587191917E-24   2.4375688512385423E+03
   1.1611800000000000E+10   1.5940351717337167E+06   7.6021636762734142E-13   3.7813808239239121E-24   2.4373864062142288E+03
   1.1619300000000000E+10   1.5996748995282487E+06   7.5597754455699100E-13   3.7605735680082439E-24   2.4372068641523842E+03
   1.1626800000000000E+10   1.6053801384816973E+06   7.5173821217391299E-13   3.7397560772972505E-24   2.4370303426436030E+03
   1.1634300000000000E+10   1.6111527366548197E+06   7.4749792522213557E-13   3.7189262319028649E-24   2.4368568284865055E+03
   1.1641800000000000E+10   1.6169946593528744E+06   7.4325622804979497E-13   3.6980817013456115E-24   2.4366864125193333E+03
   1.1649300000000000E+10   1.6229079974501259E+06   7.3901262290917832E-13   3.6772199395320377E-24   2.4365191913534240E+03
   1.1656800000000000E+10   1.6288949763482579E+06   7.3476656310148435E-13   3.6563381790989047E-24   2.4363552485516216E+03
   1.1664300000000000E+10   1.6349579655709884E+06   7.3051745233261130E-13   3.6354334251348299E-24   2.4361946562907947E+03
   1.1671800000000000E+10   1.6410994891586949E+06   7.2626464898678487E-13   3.6145024482884992E-24   2.4360374939924809E+03
   1.1679300000000000E+10   1.6473222368852198E+06   7.2200746272661328E-13   3.5935417772715811E-24   2.4358838421284727E+03
   1.1686800000000000E+10   1.6536290764641755E+06   7.1774515288674964E-13   3.5725476907673477E-24   2.4357337823037965E+03
   1.1694300000000000E+10   1.6600230667920355E+06   7.1347692626059988E-13   3.5515162087547063E-24   2.4355873956749551E+03
   1.1701800000000000E+10   1.6665074724119008E+06   7.0920193574647692E-13   3.5304430832639993E-24   2.4354447646585618E+03
   1.1709300000000000E+10   1.6730857792833273E+06   7.0491927820005288E-13   3.5093237885806438E-24   2.4353059723465144E+03
   1.1716800000000000E+10   1.6797617120621610E+06   7.0062799242827521E-13   3.4881535109230984E-24   2.4351711027629112E+03
   1.1724300000000000E+10   1.6865392530199443E+06   6.9632705692489147E-13   3.4669271376235382E-24   2.4350402405807504E+03
   1.1731800000000000E+10   1.6934226628371808E+06   6.9201538764460835E-13   3.4456392458540550E-24   2.4349134712903979E+03
   1.1739300000000000E+10   1.7004165034532205E+06   6.8769183561346923E-13   3.4242840909467450E-24   2.4347908810888448E+03
   1.1746800000000000E+10   1.7075256632501581E+06   6.8335518450586657E-13   3.4028555943751112E-24   2.4346725568944289E+03
   1.1754300000000000E+10   1.7147553848185518E+06   6.7900414813669641E-13   3.3813473314750497E-24   2.4345585862521270E+03
   1.1761800000000000E+10   1.7221112956439543E+06   6.7463736793354702E-13   3.3597525190087118E-24   2.4344490572844411E+03
   1.1769300000000000E+10   1.7295994420459142E+06   6.7025341038307351E-13   3.3380640026926299E-24   2.4343440585807953E+03
   1.1776800000000000E+10   1.7372263267908478E+06   6.6585076449862696E-13   3.3162742448444492E-24   2.4342436790820989E+03
   1.1784300000000000E+10   1.7449989508130497E+06   6.6142783933404461E-13   3.2943753123306239E-24   2.4341480079178586E+03
   1.1791800000000000E+10   1.7529248595736842E+06   6.5698296159424035E-13   3.2723588650410288E-24   2.4340571342139110E+03
   1.1799300000000000E+10   1.7610121946241921E+06   6.5251437339030876E-13   3.2502161451576125E-24   2.4339711468480400E+03
   1.1806800000000000E+10   1.7692697510479076E+06   6.4802023020498163E-13   3.2279379675422007E-24   2.4338901341538594E+03
   1.1814300000000000E+10   1.7777070415179145E+06   6.4349859914165808E-13   3.2055147116273918E-24   2.4338141835565607E+03
   1.1821800000000000E+10   1.7863343678357757E+06   6.3894745754790501E-13   3.1829363152719135E-24   2.4337433811312180E+03
   1.1829300000000000E+10   1.7951629009136539E+06   6.3436469211886781E-13   3.1601922711242114E-24   2.4336778110660430E+03
   1.1836800000000000E+10   1.8042047703176346E+06   6.2974809860726840E-13   3.1372716261418877E-24   2.4336175550132357E+03
   1.1844300000000000E+10   1.8134731646304009E+06   6.2509538228833946E-13   3.1141629850286035E-24   2.4335626913040760E+03
   1.1851800000000000E+10   1.8229824440876488E+06   6.2040415935566893E-13   3.0908545184896907E-24   2.4335132940015187E+03
   1.1859300000000000E+10   1.8327482671380294E+06   6.1567195945418059E-13   3.0673339773642305E-24   2.4334694317568019E+03
   1.1866800000000000E+10   1.8427877328298173E+06   6.1089622959337180E-13   3.0435887138795839E-24   2.4334311664302700E+03
   1.1874300000000000E+10   1.8531195411956001E+06   6.0607433972532147E-13   3.0196057114882239E-24   2.4333985514270098E+03
   1.1881800000000000E+10   1.8637641741387788E+06   6.0120359032167670E-13   2.9953716250010596E-24   2.4333716296880712E+03
   1.1889300000000000E+10   1.8747440996908946E+06   5.9628122234021484E-13   2.9708728330231504E-24   2.4333504312637897E+03
   1.1896800000000000E+10   1.8860840029501058E+06   5.9130443003856516E-13   2.9460955050422249E-24   2.4333349703800050E+03
   1.1904300000000000E+10   1.8978110475072300E+06   5.8627037716955379E-13   2.9210256859183403E-24   2.4333252418870156E+03
   1.1911800000000000E+10   1.9099551717563015E+06   5.8117621718344189E-13   2.8956494009912898E-24   2.4333212169570597E+03
   1.1919300000000000E+10   1.9225494251598942E+06   5.7601911816806794E-13   2.8699527855661274E-24   2.4333228378683707E+03
   1.1926800000000000E+10   1.9356303503339989E+06   5.7079629338067166E-13   2.8439222431764757E-24   2.4333300116737405E+03
   1.1934300000000000E+10   1.9492384177308728E+06   5.6550503835885879E-13   2.8175446377711100E-24   2.4333426024618047E+03
   1.1941800000000000E+10   1.9634185207705465E+06   5.6014277572509445E-13   2.7908075258469745E-24   2.4333604216762474E+03
   1.1949300000000000E+10   1.9782205405101050E+06   5.5470710900698229E-13   2.7636994355805438E-24   2.4333832159139238E+03
   1.1956800000000000E+10   1.9936999903218308E+06   5.4919588728640552E-13   2.7362102012229364E-24   2.4334106526613668E+03
   1.1964300000000000E+10   2.0099187476759658E+06   5.4360728244204349E-13   2.7083313624325848E-24   2.4334423029713166E+03
   1.1971800000000000E+10   2.0269458688605318E+06   5.3793987417127070E-13   2.6800566397471619E-24   2.4334775888400050E+03
   1.1979300000000000E+10   2.0448584846605600E+06   5.3219279669635926E-13   2.6513824989044664E-24   2.4335159273596159E+03
   1.1986800000000000E+10   2.0637428166575299E+06   5.2638532254235842E-13   2.6224061177141118E-24   2.4335563561970680E+03
   1.1994300000000000E+10   2.0836954222303992E+06   5.2059738472311735E-13   2.5935270356561070E-24   2.4335977143020759E+03
   1.2001800000000000E+10   2.1048245759330499E+06   5.1488816234061707E-13   2.5650411173007819E-24   2.4336390325811612E+03
   1.2009300000000000E+10   2.1265711236429205E+06   5.0925305071022212E-13   2.5369273985008489E-24   2.4336783960288899E+03
   1.2016800000000000E+10   2.1476372211511973E+06   5.0368417655510845E-13   2.5091492374790723E-24   2.4337132193353541E+03
   1.2024300000000000E+10   2.1672865440708669E+06   4.9817460391317077E-13   2.4816728777993865E-24   2.4337425560065353E+03
   1.2031800000000000E+10   2.1854200966918366E+06   4.9272201230175917E-13   2.4544870520242672E-24   2.4337659214197097E+03
   1.2039300000000000E+10   2.2019615336671490E+06   4.8732888429792576E-13   2.4276040488295588E-24   2.4337831849299182E+03
   1.2046800000000000E+10   2.2168598003933197E+06   4.8200259634539867E-13   2.4010601527728595E-24   2.4337946019823071E+03
   1.2054300000000000E+10   2.2300916751398519E+06   4.7675535937298398E-13   2.3749154158534094E-24   2.4338007665825239E+03
   1.2061800000000000E+10   2.2416641933519533E+06   4.7160401588022008E-13   2.3492527344191498E-24   2.4338025393947860E+03
   1.2069300000000000E+10   2.2516169332231260E+06   4.6656970012229937E-13   2.3241762197854586E-24   2.4338009960684249E+03
   1.2076800000000000E+10   2.2600228024529838E+06   4.6167733713417421E-13   2.2998088626847888E-24   2.4337972689551830E+03
   1.2084300000000000E+10   2.2669831181018297E+06   4.5695499588440259E-13   2.2762895064316066E-24   2.4337923395953085E+03
   1.2091800000000000E+10   2.2726183357163118E+06   4.5243314549757330E-13   2.2537692221486126E-24   2.4337869416347758E+03
   1.2099300000000000E+10   2.2770618275466971E+06   4.4814386106428426E-13   2.2324072697347103E-24   2.4337816357782713E+03
   1.2106800000000000E+10   2.2804565851928038E+06   4.4411996051393325E-13   2.2123668121972858E-24   2.4337767831748115E+03
   1.2114300000000000E+10   2.2829515431256746E+06   4.4039413199828298E-13   2.1938104992023155E-24   2.4337726107187323E+03
   1.2121800000000000E+10   2.2846975945734982E+06   4.3699803321478542E-13   2.1768960288914136E-24   2.4337691487861580E+03
   1.2129300000000000E+10   2.2858433891587597E+06   4.3396145205750795E-13   2.1617717958973856E-24   2.4337664143662164E+03
   1.2136800000000000E+10   2.2865310274222409E+06   4.3131144889615901E-13   2.1485727323240215E-24   2.4337642810328516E+03
   1.2144300000000000E+10   2.2868917816350069E+06   4.2907163036065229E-13   2.1374164416095275E-24   2.4337627574598159E+03
   1.2151800000000000E+10   2.2870419915487985E+06   4.2726137182101064E-13   2.1283997197805549E-24   2.4337615400119689E+03
   1.2159300000000000E+10   2.2870792861126419E+06   4.2589531833805235E-13   2.1215955472469941E-24   2.4337606063259668E+03
   1.2166800000000000E+10   2.2870724657934876E+06   4.2498280217997460E-13   2.1170506261966772E-24   2.4337597165972752E+03
   6.1743000000000000E+09  -9.1871282966594731E+02   3.5025349262299975E-09   6.7080190874925464E-24   3.4450235062207917E+03
   6.1818000000000000E+09  -2.4419770305549887E+03   4.4487677456937435E-09   6.6988505898102749E-24   4.3817086869870136E+03
   6.1893000000000000E+09  -4.4026940619303105E+03   5.0584073452642401E-09   6.6848514933303953E-24   4.9925931387330274E+03
   6.1968000000000000E+09  -6.6798719676276087E+03   5.5159563758781169E-09   6.6658582595774556E-24   5.4597027198846663E+03
   6.2043000000000000E+09  -9.0907853979594038E+03   5.8825622309267974E-09   6.6417235984711217E-24   5.8437296469206003E+03
   6.2118000000000000E+09  -1.1389553756412401E+04   6.1863074748488922E-09   6.6123275315474186E-24   6.1727926731862890E+03
   6.2193000000000000E+09  -1.3492971388190692E+04   6.4425197882780932E-09   6.5775853435364497E-24   6.4624025348267105E+03
   6.2268000000000000E+09  -1.5448583125521349E+04   6.6605196225722948E-09   6.5374451929046413E-24   6.7221005772557728E+03
   6.2343000000000000E+09  -1.7293532892793686E+04   6.8464180197602304E-09   6.4918862569022339E-24   6.9582128830032789E+03
   6.2418000000000000E+09  -1.9056917445918320E+04   7.0044569046358678E-09   6.4409172224840012E-24   7.1751705143953031E+03
   6.2493000000000000E+09  -2.0761455449639212E+04   7.1377201838822179E-09   6.3845752999559880E-24   7.3762102188917170E+03
   6.2568000000000000E+09  -2.2424709804290826E+04   7.2485413778930839E-09   6.3229256317292734E-24   7.5637760568552358E+03
   6.2643000000000000E+09  -2.4059820908397127E+04   7.3375559888155520E-09   6.2550419451341934E-24   7.7397638250362143E+03
   6.2718000000000000E+09  -2.5676490257300607E+04   7.4045000804323456E-09   6.1796465956525698E-24   7.9056770805796295E+03
   6.2793000000000000E+09  -2.7281271350645515E+04   7.4500618046975980E-09   6.0965647321497819E-24   8.0627308008691107E+03
   6.2868000000000000E+09  -2.8877486929381310E+04   7.4752987426276676E-09   6.0060885912090872E-24   8.2119225388162613E+03
   6.2943000000000000E+09  -3.0465633937077546E+04   7.4811923505315961E-09   5.9085467275338529E-24   8.3540826602017842E+03
   6.3018000000000000E+09  -3.2043785591024625E+04   7.4688976540621982E-09   5.8044658486077079E-24   8.4899106816347667E+03
   6.3093000000000000E+09  -3.3607781928658369E+04   7.4460303779751531E-09   5.6993610702833347E-24   8.6200021084044602E+03
   6.3168000000000000E+09  -3.5151798766858599E+04   7.4198977017050758E-09   5.5982619905751337E-24   8.7448685741995851E+03
   6.3243000000000000E+09  -3.6669616294956664E+04   7.3909902251938155E-09   5.5009107497764458E-24   8.8649532353156937E+03
   6.3318000000000000E+09  -3.8154405155141489E+04   7.3597058630893696E-09   5.4070610495482082E-24   8.9806427673365524E+03
   6.3393000000000000E+09  -3.9595991444409367E+04   7.3263671793332565E-09   5.3164786251781016E-24   9.0922768137367875E+03
   6.3468000000000000E+09  -4.0984768771655188E+04   7.2912353864986757E-09   5.2289415215975969E-24   9.2001555069882634E+03
   6.3543000000000000E+09  -4.2314821275606992E+04   7.2545215462106632E-09   5.1442400809806904E-24   9.3045455030979374E+03
   6.3618000000000000E+09  -4.3580943622327235E+04   7.2163960081265238E-09   5.0621770150184067E-24   9.4056848856753386E+03
   6.3693000000000000E+09  -4.4778686085445646E+04   7.1769962420718700E-09   4.9825673875871849E-24   9.5037871950935187E+03
   6.3768000000000000E+09  -4.5904383691987066E+04   7.1364333614366109E-09   4.9052385205527317E-24   9.5990447598154497E+03
   6.3843000000000000E+09  -4.6955171352190249E+04   7.0947975752333050E-09   4.8300298338290728E-24   9.6916314716943452E+03
   6.3918000000000000E+09  -4.7928986870394969E+04   7.0521627557807333E-09   4.7567926297444472E-24   9.7817051142986256E+03
   6.3993000000000000E+09  -4.8824563660881831E+04   7.0085902710685956E-09   4.6853898308164984E-24   9.8694093289657048E+03
   6.4068000000000000E+09  -4.9641414900695461E+04   6.9641322020062442E-09   4.6156956792056316E-24   9.9548752849924786E+03
   6.4143000000000000E+09  -5.0379810714365660E+04   6.9188340425632879E-09   4.5475954053632299E-24   1.0038223106477963E+04
   6.4218000000000000E+09  -5.1040749856824674E+04   6.8727369635252420E-09   4.4809848727258032E-24   1.0119563097683465E+04
   6.4293000000000000E+09  -5.1625927191390459E+04   6.8258797070095259E-09   4.4157702046942498E-24   1.0198996800537481E+04
   6.4368000000000000E+09  -5.2137698128151569E+04   6.7783001680845762E-09   4.3518673995928500E-24   1.0276617911486524E+04
   6.4443000000000000E+09  -5.2579041011373760E+04   6.7300367111869567E-09   4.2892019387931873E-24   1.0352513079841017E+04
   6.4518000000000000E+09  -5.2953518337309921E+04   6.6811292620102483E-09   4.2277083927351490E-24   1.0426762605764154E+04
   6.4593000000000000E+09  -5.3265237516436413E+04   6.6316202098250842E-09   4.1673300291478562E-24   1.0499441052860413E+04
   6.4668000000000000E+09  -5.3518811832996311E+04   6.5815551504614860E-09   4.1080184273952983E-24   1.0570617787758692E+04
   6.4743000000000000E+09  -5.3719322105426298E+04   6.5309834962848941E-09   4.0497331025107235E-24   1.0640357457015663E+04
   6.4818000000000000E+09  -5.3872279551504827E+04   6.4799589762160942E-09   3.9924411421727372E-24   1.0708720409983667E+04
   6.4893000000000000E+09  -5.3983608402716985E+04   6.4285047481353622E-09   3.9360952766890350E-24   1.0775763074883784E+04
   6.4968000000000000E+09  -5.4059623715396789E+04   6.3765864913490783E-09   3.8806175973210532E-24   1.0841538294242100E+04
   6.5043000000000000E+09  -5.4106581843136861E+04   6.3241471384486120E-09   3.8259211463340685E-24   1.0906095625593643E+04
   6.5118000000000000E+09  -5.4129652283890027E+04   6.2711334666745573E-09   3.7719258966869425E-24   1.0969481613306152E+04
   6.5193000000000000E+09  -5.4133236913092580E+04   6.2174964837100665E-09   3.7185585044312058E-24   1.1031740033884198E+04
   6.5268000000000000E+09  -5.4121899625689788E+04   6.1631917763260870E-09   3.6657520829625518E-24   1.1092912115046884E+04
   6.5343000000000000E+09  -5.4099438524251003E+04   6.1081798317702746E-09   3.6134459993364139E-24   1.1153036733474128E+04
   6.5418000000000000E+09  -5.4063898487401158E+04   6.0524263437423684E-09   3.5615856926664846E-24   1.1212150601967252E+04
   6.5493000000000000E+09  -5.4008520524454274E+04   5.9959024436535890E-09   3.5101224776239057E-24   1.1270288444567032E+04
   6.5568000000000000E+09  -5.3926773425732521E+04   5.9385845782256559E-09   3.4590131725099567E-24   1.1327483147402483E+04
   6.5643000000000000E+09  -5.3812415422094382E+04   5.8804543925203712E-09   3.4082197629760223E-24   1.1383765889127004E+04
   6.5718000000000000E+09  -5.3659551867133356E+04   5.8214986270412470E-09   3.3577091004608641E-24   1.1439166259648991E+04
   6.5793000000000000E+09  -5.3462689260391890E+04   5.7617090318494344E-09   3.3074526338385880E-24   1.1493712368402572E+04
   6.5868000000000000E+09  -5.3216785686776064E+04   5.7010822991517096E-09   3.2574261722798462E-24   1.1547430943248772E+04
   6.5943000000000000E+09  -5.2917311899227403E+04   5.6396200144147000E-09   3.2076096768306758E-24   1.1600347420957482E+04
   6.6018000000000000E+09  -5.2560311180382851E+04   5.5773286244633908E-09   3.1579870776288944E-24   1.1652486030102169E+04
   6.6093000000000000E+09  -5.2142455979698709E+04   5.5142194202117945E-09   3.1085461134904657E-24   1.1703869867114790E+04
   6.6168000000000000E+09  -5.1661100724890799E+04   5.4503085310136456E-09   3.0592781905079873E-24   1.1754520966172699E+04
   6.6243000000000000E+09  -5.1114330211795619E+04   5.3856169271975287E-09   3.0101782562993841E-24   1.1804460363517559E+04
   6.6318000000000000E+09  -5.0501002970808011E+04   5.3201704271298618E-09   2.9612446866583490E-24   1.1853708156742192E+04
   6.6393000000000000E+09  -4.9820789047550737E+04   5.2539997051683611E-09   2.9124791815578192E-24   1.1902283559525518E+04
   6.6468000000000000E+09  -4.9074201642185770E+04   5.1871402970702657E-09   2.8638866677584433E-24   1.1950204952245878E+04
   6.6543000000000000E+09  -4.8262622110707991E+04   5.1196325998267992E-09   2.8154752056396293E-24   1.1997489928859333E+04
   6.6618000000000000E+09  -4.7388317836884002E+04   5.0515218634397147E-09   2.7672558983103300E-24   1.2044155340390456E+04
   6.6693000000000000E+09  -4.6454452559364894E+04   4.9828581728489554E-09   2.7192428015316013E-24   1.2090217335348369E+04
   6.6768000000000000E+09  -4.5465088666116477E+04   4.9136964190028775E-09   2.6714528334897887E-24   1.2135691397344977E+04
   6.6843000000000000E+09  -4.4425032646436790E+04   4.8441566933293431E-09   2.6239378949320905E-24   1.2180592380419421E+04
   6.6918000000000000E+09  -4.3340346939576768E+04   4.7749842108606214E-09   2.5770874625427843E-24   1.2224934541431465E+04
   6.6993000000000000E+09  -4.2258137006963399E+04   4.7068274265102031E-09   2.5312343631137223E-24   1.2268731535647024E+04
   6.7068000000000000E+09  -4.1219563969838651E+04   4.6396714236860778E-09   2.4863512301498670E-24   1.2311996420387473E+04
   6.7143000000000000E+09  -4.0219822584945585E+04   4.5735030864682042E-09   2.4424125900129021E-24   1.2354741731486607E+04
   6.7218000000000000E+09  -3.9254532216234024E+04   4.5083108237866981E-09   2.3993946396231929E-24   1.2396979548081101E+04
   6.7293000000000000E+09  -3.8319695940136815E+04   4.4440843048586475E-09   2.3572750462841307E-24   1.2438721514952349E+04
   6.7368000000000000E+09  -3.7411663101842860E+04   4.3808142209335152E-09   2.3160327680155698E-24   1.2479978863434728E+04
   6.7443000000000000E+09  -3.6527115180585912E+04   4.3184920718237955E-09   2.2756478928430278E-24   1.2520762431064979E+04
   6.7518000000000000E+09  -3.5663108484771707E+04   4.2571099757926636E-09   2.2361014955613205E-24   1.2561082680021997E+04
   6.7593000000000000E+09  -3.4817033610078586E+04   4.1966605032858786E-09   2.1973755115921332E-24   1.2600949714474802E+04
   6.7668000000000000E+09  -3.3986579188339230E+04   4.1371365330481127E-09   2.1594526265847181E-24   1.2640373296959924E+04
   6.7743000000000000E+09  -3.3169699474076675E+04   4.0785311286976697E-09   2.1223161802119542E-24   1.2679362863849294E+04
   6.7818000000000000E+09  -3.2364585298756730E+04   4.0208374338904073E-09   2.0859500827465773E-24   1.2717927539966162E+04
   6.7893000000000000E+09  -3.1569637866069737E+04   3.9640485843379064E-09   2.0503387430848101E-24   1.2756076152402489E+04
   6.7968000000000000E+09  -3.0783445220947222E+04   3.9081576349888424E-09   2.0154670070057848E-24   1.2793817243587717E+04
   6.8043000000000000E+09  -3.0004760978762301E+04   3.8531575008177669E-09   1.9813201045217220E-24   1.2831159083655426E+04
   6.8118000000000000E+09  -2.9232485331895834E+04   3.7990409097041823E-09   1.9478836052864853E-24   1.2868109682151229E+04
   6.8193000000000000E+09  -2.8465647979176629E+04   3.7458003660277776E-09   1.9151433810877352E-24   1.2904676799122135E+04
   6.8268000000000000E+09  -2.7703393106287371E+04   3.6934281236495341E-09   1.8830855745581103E-24   1.2940867955624935E+04
   6.8343000000000000E+09  -2.6944966030662203E+04   3.6419161671053711E-09   1.8516965732949593E-24   1.2976690443688454E+04
   6.8418000000000000E+09  -2.6189701699576530E+04   3.5912561998912269E-09   1.8209629886872323E-24   1.3012151335762233E+04
   6.8493000000000000E+09  -2.5437014574751218E+04   3.5414396388835744E-09   1.7908716387981200E-24   1.3047257493682038E+04
   6.8568000000000000E+09  -2.4686390167050424E+04   3.4924576139919369E-09   1.7614095347549418E-24   1.3082015577180462E+04
   6.8643000000000000E+09  -2.3937377681032183E+04   3.4443009722982020E-09   1.7325638701395668E-24   1.3116432051969205E+04
   6.8718000000000000E+09  -2.3189584167560679E+04   3.3969602859814024E-09   1.7043220129629107E-24   1.3150513197417838E+04
   6.8793000000000000E+09  -2.2442669589080269E+04   3.3504258634650130E-09   1.6766714998392195E-24   1.3184265113852023E+04
   6.8868000000000000E+09  -2.1696342346117886E+04   3.3046877632595040E-09   1.6496000320503460E-24   1.3217693729493665E+04
   6.8943000000000000E+09  -2.0950342529277077E+04   3.2597358100882700E-09   1.6230954732169928E-24   1.3250804807070028E+04
   6.9018000000000000E+09  -2.0204427037045643E+04   3.2155596128820938E-09   1.5971458483340453E-24   1.3283603950112178E+04
   6.9093000000000000E+09  -1.9458432012566202E+04   3.1721485835745704E-09   1.5717393435910404E-24   1.3316096608925858E+04
   6.9168000000000000E+09  -1.8712203212259461E+04   3.1294919576235053E-09   1.5468643074023311E-24   1.3348288086285127E+04
   6.9243000000000000E+09  -1.7965493151074708E+04   3.0875788164296171E-09   1.5225092526839594E-24   1.3380183542938354E+04
   6.9318000000000000E+09  -1.7217931664358377E+04   3.0463981088489933E-09   1.4986628589724665E-24   1.3411788002913054E+04
   6.9393000000000000E+09  -1.6469026621721598E+04   3.0059386707811539E-09   1.4753139738741938E-24   1.3443106358582305E+04
   6.9468000000000000E+09  -1.5718166938987199E+04   2.9661892428788015E-09   1.4524516138659028E-24   1.3474143375492851E+04
   6.9543000000000000E+09  -1.4964627985811820E+04   2.9271384864466099E-09   1.4300649644770875E-24   1.3504903696965495E+04
   6.9618000000000000E+09  -1.4207579446431522E+04   2.8887749976162645E-09   1.4081433798933537E-24   1.3535391848478952E+04
   6.9693000000000000E+09  -1.3446095621450086E+04   2.8510873199032777E-09   1.3866763820292291E-24   1.3565612241847048E+04
   6.9768000000000000E+09  -1.2679168100835894E+04   2.8140639552691332E-09   1.3656536591267090E-24   1.3595569179199054E+04
   6.9843000000000000E+09  -1.1905720666703606E+04   2.7776933738278193E-09   1.3450650639429989E-24   1.3625266856772467E+04
   6.9918000000000000E+09  -1.1124626235063432E+04   2.7419640223489903E-09   1.3249006115963279E-24   1.3654709368526876E+04
   6.9993000000000000E+09  -1.0334725598045581E+04   2.7068643317194967E-09   1.3051504771426795E-24   1.3683900709587753E+04
   7.0068000000000000E+09  -9.5348477082151294E+03   2.6723827235308965E-09   1.2858049929580796E-24   1.3712844779528175E+04
   7.0143000000000000E+09  -8.7238312318956505E+03   2.6385076159621211E-09   1.2668546460011168E-24   1.3741545385496702E+04
   7.0218000000000000E+09  -7.9005471026281211E+03   2.6052274291241001E-09   1.2482900750282621E-24   1.3770006245198972E+04
   7.0293000000000000E+09  -7.0639218039950547E+03   2.5725305900267262E-09   1.2301020678307945E-24   1.3798230989740707E+04
   7.0368000000000000E+09  -6.2129611109625102E+03   2.5404055373185703E-09   1.2122815585565791E-24   1.3826223166339052E+04
   7.0443000000000000E+09  -5.3467740019136991E+03   2.5088407259364901E-09   1.1948196251730666E-24   1.3853986240909668E+04
   7.0518000000000000E+09  -4.4645964331718296E+03   2.4778246317859663E-09   1.1777074871196251E-24   1.3881523600535924E+04
   7.0593000000000000E+09  -3.5658146388120049E+03   2.4473457565541980E-09   1.1609365031880723E-24   1.3908838555827044E+04
   7.0668000000000000E+09  -2.6499876023058509E+03   2.4173926327368499E-09   1.1444981696600790E-24   1.3935934343171408E+04
   7.0743000000000000E+09  -1.7168683447118531E+03   2.3879538289364642E-09   1.1283841187193075E-24   1.3962814126891408E+04
   7.0818000000000000E+09  -7.6642370408066802E+02   2.3590179554664005E-09   1.1125861171449188E-24   1.3989481001305721E+04
   7.0893000000000000E+09   2.0114766382143870E+02   2.3305736702693306E-09   1.0970960652818297E-24   1.4015937992703453E+04
   7.0968000000000000E+09   1.1853992493872390E+03   2.3026096851443214E-09   1.0819059962721418E-24   1.4042188061290875E+04
   7.1043000000000000E+09   2.1851811021453286E+03   2.2751147721897356E-09   1.0670080755219273E-24   1.4068234102783443E+04
   7.1118000000000000E+09   3.1865895758950360E+03   2.2480777698736388E-09   1.0523946003684069E-24   1.4094078946303915E+04
   7.1193000000000000E+09   4.1768362442224970E+03   2.2214876011915500E-09   1.0380580050096539E-24   1.4119725353264248E+04
   7.1268000000000000E+09   5.1562172976890088E+03   2.1953335978818250E-09   1.0239910084446820E-24   1.4145176023518070E+04
   7.1343000000000000E+09   6.1235795203350508E+03   2.1696054766494615E-09   1.0101865986262521E-24   1.4170433600385475E+04
   7.1418000000000000E+09   7.0781306184752520E+03   2.1442933212119169E-09   9.9663801981211234E-25   1.4195500672043358E+04
   7.1493000000000000E+09   8.0206508816784426E+03   2.1193875954701511E-09   9.8333877467114712E-25   1.4220379773613688E+04
   7.1568000000000000E+09   8.9518726476107986E+03   2.0948791179990211E-09   9.7028260850246035E-25   1.4245073389040230E+04
   7.1643000000000000E+09   9.8724815736381897E+03   2.0707590386970626E-09   9.5746349474472247E-25   1.4269583952483163E+04
   7.1718000000000000E+09   1.0783118379370733E+04   2.0470188175108518E-09   9.4487562168303928E-25   1.4293913849658580E+04
   7.1793000000000000E+09   1.1684380901384775E+04   2.0236502050756441E-09   9.3251338025894831E-25   1.4318065419133020E+04
   7.1868000000000000E+09   1.2576826336070926E+04   2.0006452251116895E-09   9.2037135289059963E-25   1.4342040953575050E+04
   7.1943000000000000E+09   1.3460973575424350E+04   1.9779961584194012E-09   9.0844430321368353E-25   1.4365842700965793E+04
   7.2018000000000000E+09   1.4337305564437032E+04   1.9556955283234698E-09   8.9672716665860217E-25   1.4389472865770080E+04
   7.2093000000000000E+09   1.5206271628020580E+04   1.9337360874250518E-09   8.8521504178507551E-25   1.4412933610069556E+04
   7.2168000000000000E+09   1.6068289730684950E+04   1.9121108055313598E-09   8.7390318230146937E-25   1.4436227054659612E+04
   7.2243000000000000E+09   1.6923748644119671E+04   1.8908128586425171E-09   8.6278698970231854E-25   1.4459355280111089E+04
   7.2318000000000000E+09   1.7773010006940425E+04   1.8698356188862747E-09   8.5186200646354354E-25   1.4482320327798414E+04
   7.2393000000000000E+09   1.8616410267701354E+04   1.8491726453013932E-09   8.4112390974064540E-25   1.4505124200895214E+04
   7.2468000000000000E+09   1.9454262507291631E+04   1.8288176753803626E-09   8.3056850552058071E-25   1.4527768865338681E+04
   7.2543000000000000E+09   2.0286858140435044E+04   1.8087646172912490E-09   8.2019172318305265E-25   1.4550256250763818E+04
   7.2618000000000000E+09   2.1114468498521150E+04   1.7890075427069293E-09   8.0998961043155841E-25   1.4572588251408530E+04
   7.2693000000000000E+09   2.1937346297691314E+04   1.7695406801777615E-09   7.9995832855875158E-25   1.4594766726990898E+04
   7.2768000000000000E+09   2.2755726997194251E+04   1.7503584089907448E-09   7.9009414801448271E-25   1.4616793503559362E+04
   7.2843000000000000E+09   2.3569830053686797E+04   1.7314552534646471E-09   7.8039344424832952E-25   1.4638670374316820E+04
   7.2918000000000000E+09   2.4379860077510777E+04   1.7128258776363701E-09   7.7085269380150816E-25   1.4660399100419760E+04
   7.2993000000000000E+09   2.5186007897126801E+04   1.6944650802989487E-09   7.6146847062585662E-25   1.4681981411753044E+04
   7.3068000000000000E+09   2.5988451537896450E+04   1.6763677903562890E-09   7.5223744261004251E-25   1.4703419007681399E+04
   7.3143000000000000E+09   2.6787357121330031E+04   1.6585290624638755E-09   7.4315636829537830E-25   1.4724713557778327E+04
   7.3218000000000000E+09   2.7582880124211079E+04   1.6409440729284171E-09   7.3422209376560747E-25   1.4745866702533405E+04
   7.3293000000000000E+09   2.8375169061093791E+04   1.6236081158427410E-09   7.2543154969677914E-25   1.4766880054039180E+04
   7.3368000000000000E+09   2.9164368505546725E+04   1.6065165994270586E-09   7.1678174855132294E-25   1.4787755196658700E+04
   7.3443000000000000E+09   2.9950619392249162E+04   1.5896650425130237E-09   7.0826978188520204E-25   1.4808493687673890E+04
   7.3518000000000000E+09   3.0734059257761459E+04   1.5730490711598831E-09   6.9989281776102775E-25   1.4829097057914591E+04
   7.3593000000000000E+09   3.1514822427965133E+04   1.5566644153936759E-09   6.9164809826085721E-25   1.4849566812369321E+04
   7.3668000000000000E+09   3.2293040159529588E+04   1.5405069060616733E-09   6.8353293709309705E-25   1.4869904430778139E+04
   7.3743000000000000E+09   3.3068840742138258E+04   1.5245724717953894E-09   6.7554471728856034E-25   1.4890111368208254E+04
   7.3818000000000000E+09   3.3842349567608428E+04   1.5088571360764338E-09   6.6768088898124192E-25   1.4910189055613113E+04
   7.3893000000000000E+09   3.4613689171468235E+04   1.4933570144002249E-09   6.5993896726982837E-25   1.4930138900375416E+04
   7.3968000000000000E+09   3.5382979252020166E+04   1.4780683115332537E-09   6.5231653015634299E-25   1.4949962286834554E+04
   7.4043000000000000E+09   3.6150336671419187E+04   1.4629873188601459E-09   6.4481121655864844E-25   1.4969660576799182E+04
   7.4118000000000000E+09   3.6915875442831391E+04   1.4481104118171831E-09   6.3742072439381404E-25   1.4989235110045269E+04
   7.4193000000000000E+09   3.7679706707311474E+04   1.4334340474093321E-09   6.3014280872957908E-25   1.5008687204800237E+04
   7.4268000000000000E+09   3.8441938703642169E+04   1.4189547618081007E-09   6.2297528000135613E-25   1.5028018158213545E+04
   7.4343000000000000E+09   3.9202676734015935E+04   1.4046691680278036E-09   6.1591600229237419E-25   1.5047229246814242E+04
   7.4418000000000000E+09   3.9962023128100540E+04   1.3905739536779892E-09   6.0896289167471938E-25   1.5066321726955932E+04
   7.4493000000000000E+09   4.0720077207714530E+04   1.3766658787899243E-09   6.0211391460914233E-25   1.5085296835249530E+04
   7.4568000000000000E+09   4.1476935254041426E+04   1.3629417737151648E-09   5.9536708640160998E-25   1.5104155788984295E+04
   7.4643000000000000E+09   4.2232690479026620E+04   1.3493985370942899E-09   5.8872046971467345E-25   1.5122899786537400E+04
   7.4718000000000000E+09   4.2987433002328464E+04   1.3360331338939857E-09   5.8217217313179275E-25   1.5141530007772501E+04
   7.4793000000000000E+09   4.3741249834929251E+04   1.3228425935106746E-09   5.7572034977283758E-25   1.5160047614427667E+04
   7.4868000000000000E+09   4.4494224870252925E+04   1.3098240079389501E-09   5.6936319595903076E-25   1.5178453750493023E+04
   7.4943000000000000E+09   4.5246438883383940E+04   1.2969745300030616E-09   5.6309894992566745E-25   1.5196749542578329E+04
   7.5018000000000000E+09   4.5997969538735597E+04   1.2842913716497603E-09   5.5692589058098020E-25   1.5214936100271048E+04
   7.5093000000000000E+09   4.6748891406279690E+04   1.2717718023007762E-09   5.5084233630957334E-25   1.5233014516484876E+04
   7.5168000000000000E+09   4.7499275986224769E+04   1.2594131472632614E-09   5.4484664381888553E-25   1.5250985867799427E+04
   7.5243000000000000E+09   4.8249191741822011E+04   1.2472127861964878E-09   5.3893720702718491E-25   1.5268851214791019E+04
   7.5318000000000000E+09   4.8998704139790767E+04   1.2351681516331445E-09   5.3311245599163551E-25   1.5286611602355038E+04
   7.5393000000000000E+09   4.9747875697694100E+04   1.2232767275535561E-09   5.2737085587501475E-25   1.5304268060020035E+04
   7.5468000000000000E+09   5.0496766037464382E+04   1.2115360480111910E-09   5.2171090594969761E-25   1.5321821602253922E+04
   7.5543000000000000E+09   5.1245431944181219E+04   1.1999436958078063E-09   5.1613113863756189E-25   1.5339273228762406E+04
   7.5618000000000000E+09   5.1993927429145704E+04   1.1884973012166248E-09   5.1063011858450517E-25   1.5356623924779911E+04
   7.5693000000000000E+09   5.2742303796270797E+04   1.1771945407519654E-09   5.0520644176830463E-25   1.5373874661353342E+04
   7.5768000000000000E+09   5.3490609710823199E+04   1.1660331359837433E-09   4.9985873463858539E-25   1.5391026395618715E+04
   7.5843000000000000E+09   5.4238891269598222E+04   1.1550108523953269E-09   4.9458565328770460E-25   1.5408080071071043E+04
   7.5918000000000000E+09   5.4987192071683698E+04   1.1441254982832322E-09   4.8938588265139432E-25   1.5425036617827529E+04
   7.5993000000000000E+09   5.5735553289065239E+04   1.1333749236972062E-09   4.8425813573804576E-25   1.5441896952884412E+04
   7.6068000000000000E+09   5.6484013736432273E+04   1.1227570194192523E-09   4.7920115288555427E-25   1.5458661980367500E+04
   7.6143000000000000E+09   5.7232609939656810E+04   1.1122697159802185E-09   4.7421370104468169E-25   1.5475332591776718E+04
   7.6218000000000000E+09   5.7981376202526073E+04   1.1019109827125870E-09   4.6929457308793079E-25   1.5491909666224787E+04
   7.6293000000000000E+09   5.8730344671407860E+04   1.0916788268381466E-09   4.6444258714295827E-25   1.5508394070670154E+04
   7.6368000000000000E+09   5.9479545397611917E+04   1.0815712925892711E-09   4.5965658594959333E-25   1.5524786660144378E+04
   7.6443000000000000E+09   6.0229006397278157E+04   1.0715864603625636E-09   4.5493543623955622E-25   1.5541088277974151E+04
   7.6518000000000000E+09   6.0978753708673430E+04   1.0617224459036698E-09   4.5027802813800990E-25   1.5557299755998170E+04
   7.6593000000000000E+09   6.1728811446818756E+04   1.0519773995220769E-09   4.4568327458610342E-25   1.5573421914778828E+04
   7.6668000000000000E+09   6.2479201855400104E+04   1.0423495053347769E-09   4.4115011078370221E-25   1.5589455563808981E+04
   7.6743000000000000E+09   6.3229945355947340E+04   1.0328369805377012E-09   4.3667749365152388E-25   1.5605401501713997E+04
   7.6818000000000000E+09   6.3981060594301940E+04   1.0234380747038455E-09   4.3226440131193242E-25   1.5621260516449027E+04
   7.6893000000000000E+09   6.4732564484442919E+04   1.0141510691070787E-09   4.2790983258766394E-25   1.5637033385491815E+04
   7.6968000000000000E+09   6.5484472249799423E+04   1.0049742760706203E-09   4.2361280651779320E-25   1.5652720876031166E+04
   7.7043000000000000E+09   6.6236797462258401E+04   9.9590603833922158E-10   4.1937236189026171E-25   1.5668323745150974E+04
   7.7118000000000000E+09   6.6989552079160116E+04   9.8694472847411407E-10   4.1518755679032848E-25   1.5683842740010205E+04
   7.7193000000000000E+09   6.7742746478672416E+04   9.7808874826981495E-10   4.1105746816431097E-25   1.5699278598018747E+04
   7.7268000000000000E+09   6.8496389494024741E+04   9.6933652819190905E-10   4.0698119139802067E-25   1.5714632047009438E+04
   7.7343000000000000E+09   6.9250488447166717E+04   9.6068652683493418E-10   4.0295783990930624E-25   1.5729903805406020E+04
   7.7418000000000000E+09   7.0005049360571982E+04   9.5213723039956220E-10   3.9898654475414354E-25   1.5745094582387714E+04
   7.7493000000000000E+09   7.0760078278695029E+04   9.4368715218823062E-10   3.9506645424572894E-25   1.5760205078049959E+04
   7.7568000000000000E+09   7.1515582355977167E+04   9.3533483211655018E-10   3.9119673358524331E-25   1.5775235983562090E+04
   7.7643000000000000E+09   7.2271569779589729E+04   9.2707883622790883E-10   3.8737656449887008E-25   1.5790187981321411E+04
   7.7718000000000000E+09   7.3028049692755041E+04   9.1891775621171795E-10   3.8360514488109726E-25   1.5805061745104178E+04
   7.7793000000000000E+09   7.3785032119484138E+04   9.1085020892564781E-10   3.7988168844433040E-25   1.5819857940212891E+04
   7.7868000000000000E+09   7.4542527891439182E+04   9.0287483592226485E-10   3.7620542437483408E-25   1.5834577223620752E+04
   7.7943000000000000E+09   7.5300548577484544E+04   8.9499030298037044E-10   3.7257559699501238E-25   1.5849220244112703E+04
   7.8018000000000000E+09   7.6059106416344584E+04   8.8719529964138106E-10   3.6899146543202674E-25   1.5863787642423646E+04
   7.8093000000000000E+09   7.6818214252648366E+04   8.7948853875100808E-10   3.6545230329274848E-25   1.5878280051373538E+04
   7.8168000000000000E+09   7.7577885476523341E+04   8.7186875600651249E-10   3.6195739834502545E-25   1.5892698095999649E+04
   7.8243000000000000E+09   7.8338133966802241E+04   8.6433470950975357E-10   3.5850605220524238E-25   1.5907042393686048E+04
   7.8318000000000000E+09   7.9098974037836553E+04   8.5688517932623974E-10   3.5509758003214255E-25   1.5921313554290311E+04
   7.8393000000000000E+09   7.9860420389861029E+04   8.4951896705035649E-10   3.5173131022687323E-25   1.5935512180267526E+04
   7.8468000000000000E+09   8.0622488062822813E+04   8.4223489537694123E-10   3.4840658413920869E-25   1.5949638866791794E+04
   7.8543000000000000E+09   8.1385192393567806E+04   8.3503180767932334E-10   3.4512275577990145E-25   1.5963694201875136E+04
   7.8618000000000000E+09   8.2148548976262216E+04   8.2790856759395683E-10   3.4187919153910317E-25   1.5977678766483910E+04
   7.8693000000000000E+09   8.2912573625906502E+04   8.2086405861173822E-10   3.3867526991079468E-25   1.5991593134652894E+04
   7.8768000000000000E+09   8.3677282344773892E+04   8.1389718367608236E-10   3.3551038122315828E-25   1.6005437873596917E+04
   7.8843000000000000E+09   8.4442691291570256E+04   8.0700686478782795E-10   3.3238392737482069E-25   1.6019213543820339E+04
   7.8918000000000000E+09   8.5208816753070889E+04   8.0019204261700527E-10   3.2929532157689265E-25   1.6032920699224194E+04
   7.8993000000000000E+09   8.5975675117943843E+04   7.9345167612150781E-10   3.2624398810072684E-25   1.6046559887211226E+04
   7.9068000000000000E+09   8.6743282852428456E+04   7.8678474217267639E-10   3.2322936203131296E-25   1.6060131648788736E+04
   7.9143000000000000E+09   8.7511656477503537E+04   7.8019023518781124E-10   3.2025088902622872E-25   1.6073636518669447E+04
   7.9218000000000000E+09   8.8280812547163558E+04   7.7366716676960213E-10   3.1730802508005887E-25   1.6087075025370266E+04
   7.9293000000000000E+09   8.9050767627420792E+04   7.6721456535246564E-10   3.1440023629419927E-25   1.6100447691309138E+04
   7.9368000000000000E+09   8.9821538275677391E+04   7.6083147585576932E-10   3.1152699865195628E-25   1.6113755032899977E+04
   7.9443000000000000E+09   9.0593141020152863E+04   7.5451695934391735E-10   3.0868779779885642E-25   1.6126997560645701E+04
   7.9518000000000000E+09   9.1365592339115523E+04   7.4827009269325709E-10   3.0588212882807770E-25   1.6140175779229379E+04
   7.9593000000000000E+09   9.2138908639741596E+04   7.4208996826578383E-10   3.0310949607091520E-25   1.6153290187603729E+04
   7.9668000000000000E+09   9.2913106236505526E+04   7.3597569358959081E-10   3.0036941289219510E-25   1.6166341279078773E+04
   7.9743000000000000E+09   9.3688201329088784E+04   7.2992639104602058E-10   2.9766140149055003E-25   1.6179329541407809E+04
   7.9818000000000000E+09   9.4464209979872059E+04   7.2394119756347452E-10   2.9498499270347008E-25   1.6192255456871742E+04
   7.9893000000000000E+09   9.5241148091144220E+04   7.1801926431782415E-10   2.9233972581704531E-25   1.6205119502361798E+04
   7.9968000000000000E+09   9.6019031382220652E+04   7.1215975643936374E-10   2.8972514838031288E-25   1.6217922149460528E+04
   8.0043000000000000E+09   9.6797875366707289E+04   7.0636185272626115E-10   2.8714081602412673E-25   1.6230663864521499E+04
   8.0118000000000000E+09   9.7577695330179922E+04   7.0062474536442202E-10   2.8458629228446364E-25   1.6243345108747228E+04
   8.0193000000000000E+09   9.8358506308568874E+04   6.9494763965371572E-10   2.8206114843008265E-25   1.6255966338265804E+04
   8.0268000000000000E+09   9.9140323067544858E+04   6.8932975374048608E-10   2.7956496329445218E-25   1.6268528004206024E+04
   8.0343000000000000E+09   9.9923160083200593E+04   6.8377031835626379E-10   2.7709732311186210E-25   1.6281030552771044E+04
   8.0418000000000000E+09   1.0070703152430803E+05   6.7826857656261132E-10   2.7465782135763341E-25   1.6293474425310769E+04
   8.0493000000000000E+09   1.0149195123640622E+05   6.7282378350199997E-10   2.7224605859234221E-25   1.6305860058392776E+04
   8.0568000000000000E+09   1.0227793272794153E+05   6.6743520615464184E-10   2.6986164230997056E-25   1.6318187883872086E+04
   8.0643000000000000E+09   1.0306498915863891E+05   6.6210212310115931E-10   2.6750418678989850E-25   1.6330458328959397E+04
   8.0718000000000000E+09   1.0385313333023475E+05   6.5682382429101666E-10   2.6517331295264883E-25   1.6342671816288354E+04
   8.0793000000000000E+09   1.0464237767964609E+05   6.5159961081658001E-10   2.6286864821929944E-25   1.6354828763981353E+04
   8.0868000000000000E+09   1.0543273427459921E+05   6.4642879469271493E-10   2.6058982637447234E-25   1.6366929585714275E+04
   8.0943000000000000E+09   1.0622421481168240E+05   6.4131069864179399E-10   2.5833648743281372E-25   1.6378974690779991E+04
   8.1018000000000000E+09   1.0701683061674284E+05   6.3624465588399978E-10   2.5610827750887471E-25   1.6390964484150696E+04
   8.1093000000000000E+09   1.0781059264750124E+05   6.3123000993280444E-10   2.5390484869030566E-25   1.6402899366539259E+04
   8.1168000000000000E+09   1.0860551149822485E+05   6.2626611439549053E-10   2.5172585891427584E-25   1.6414779734459225E+04
   8.1243000000000000E+09   1.0940159740627157E+05   6.2135233277860273E-10   2.4957097184703032E-25   1.6426605980284039E+04
   8.1318000000000000E+09   1.1019886026029933E+05   6.1648803829818349E-10   2.4743985676649866E-25   1.6438378492304906E+04
   8.1393000000000000E+09   1.1099730960992059E+05   6.1167261369468809E-10   2.4533218844786803E-25   1.6450097654787998E+04
   8.1468000000000000E+09   1.1179695467657229E+05   6.0690545105241954E-10   2.4324764705203727E-25   1.6461763848030187E+04
   8.1543000000000000E+09   1.1259780436536502E+05   6.0218595162339160E-10   2.4118591801686783E-25   1.6473377448414260E+04
   8.1618000000000000E+09   1.1339986727767070E+05   5.9751352565545929E-10   2.3914669195115007E-25   1.6484938828462840E+04
   8.1693000000000000E+09   1.1420315172420141E+05   5.9288759222461863E-10   2.3712966453120472E-25   1.6496448356891560E+04
   8.1768000000000000E+09   1.1500766573833337E+05   5.8830757907133248E-10   2.3513453640004119E-25   1.6507906398661158E+04
   8.1843000000000000E+09   1.1581341708942781E+05   5.8377292244077364E-10   2.3316101306899656E-25   1.6519313315028779E+04
   8.1918000000000000E+09   1.1662041329590940E+05   5.7928306692686894E-10   2.3120880482178061E-25   1.6530669463598446E+04
   8.1993000000000000E+09   1.1742866163787291E+05   5.7483746532001150E-10   2.2927762662085608E-25   1.6541975198370375E+04
   8.2068000000000000E+09   1.1823816916901353E+05   5.7043557845836323E-10   2.2736719801608280E-25   1.6553230869789910E+04
   8.2143000000000000E+09   1.1904894272770059E+05   5.6607687508260309E-10   2.2547724305556049E-25   1.6564436824795182E+04
   8.2218000000000000E+09   1.1986098894705782E+05   5.6176083169404605E-10   2.2360749019860377E-25   1.6575593406864147E+04
   8.2293000000000000E+09   1.2067431426395325E+05   5.5748693241602560E-10   2.2175767223078840E-25   1.6586700956060904E+04
   8.2368000000000000E+09   1.2148892492685527E+05   5.5325466885843859E-10   2.1992752618100772E-25   1.6597759809081093E+04
   8.2443000000000000E+09   1.2230482700255998E+05   5.4906353998537091E-10   2.1811679324048307E-25   1.6608770299296564E+04
   8.2518000000000000E+09   1.2312202638184706E+05   5.4491305198571569E-10   2.1632521868367210E-25   1.6619732756799334E+04
   8.2593000000000000E+09   1.2394052878416782E+05   5.4080271814669889E-10   2.1455255179102205E-25   1.6630647508444836E+04
   8.2668000000000000E+09   1.2476033976150601E+05   5.3673205873023169E-10   2.1279854577351755E-25   1.6641514877894289E+04
   8.2743000000000000E+09   1.2558146470158486E+05   5.3270060085202417E-10   2.1106295769897353E-25   1.6652335185656626E+04
   8.2818000000000000E+09   1.2640390883060951E+05   5.2870787836337032E-10   2.0934554842002590E-25   1.6663108749129395E+04
   8.2893000000000000E+09   1.2722767721574473E+05   5.2475343173555164E-10   2.0764608250377465E-25   1.6673835882639352E+04
   8.2968000000000000E+09   1.2805277476751995E+05   5.2083680794677827E-10   2.0596432816303375E-25   1.6684516897482106E+04
   8.3043000000000000E+09   1.2887920624234386E+05   5.1695756037160389E-10   2.0430005718914663E-25   1.6695152101961226E+04
   8.3118000000000000E+09   1.2970697624528300E+05   5.1311524867275419E-10   2.0265304488632407E-25   1.6705741801426717E+04
   8.3193000000000000E+09   1.3053608923323368E+05   5.0930943869529842E-10   2.0102307000746245E-25   1.6716286298312847E+04
   8.3268000000000000E+09   1.3136654951857874E+05   5.0553970236310322E-10   1.9940991469140504E-25   1.6726785892175380E+04
   8.3343000000000000E+09   1.3219836127338768E+05   5.0180561757751139E-10   1.9781336440160449E-25   1.6737240879728197E+04
   8.3418000000000000E+09   1.3303152853418299E+05   4.9810676811817448E-10   1.9623320786614976E-25   1.6747651554879303E+04
   8.3493000000000000E+09   1.3386605520726400E+05   4.9444274354598898E-10   1.9466923701911860E-25   1.6758018208766265E+04
   8.3568000000000000E+09   1.3470194507455194E+05   4.9081313910807566E-10   1.9312124694321998E-25   1.6768341129791199E+04
   8.3643000000000000E+09   1.3553920179989474E+05   4.8721755564473576E-10   1.9158903581369012E-25   1.6778620603655010E+04
   8.3718000000000000E+09   1.3637782893575856E+05   4.8365559949833378E-10   1.9007240484340592E-25   1.6788856913391181E+04
   8.3793000000000000E+09   1.3721782993021401E+05   4.8012688242405603E-10   1.8857115822918316E-25   1.6799050339399168E+04
   8.3868000000000000E+09   1.3805920813412301E+05   4.7663102150246991E-10   1.8708510309922501E-25   1.6809201159476859E+04
   8.3943000000000000E+09   1.3890196680842561E+05   4.7316763905386333E-10   1.8561404946168876E-25   1.6819309648853108E+04
   8.4018000000000000E+09   1.3974610913142652E+05   4.6973636255427623E-10   1.8415781015433910E-25   1.6829376080219186E+04
   8.4093000000000000E+09   1.4059163820598260E+05   4.6633682455320696E-10   1.8271620079525743E-25   1.6839400723760249E+04
   8.4168000000000000E+09   1.4143855706649431E+05   4.6296866259291755E-10   1.8128903973457801E-25   1.6849383847185880E+04
   8.4243000000000000E+09   1.4228686868561298E+05   4.5963151912931051E-10   1.7987614800722213E-25   1.6859325715760373E+04
   8.4318000000000000E+09   1.4313657598057698E+05   4.5632504145432977E-10   1.7847734928660316E-25   1.6869226592332707E+04
   8.4393000000000000E+09   1.4398768181910450E+05   4.5304888161982600E-10   1.7709246983927540E-25   1.6879086737365571E+04
   8.4468000000000000E+09   1.4484018902477581E+05   4.4980269636287430E-10   1.7572133848050252E-25   1.6888906408964533E+04
   8.4543000000000000E+09   1.4569410038185498E+05   4.4658614703247928E-10   1.7436378653072025E-25   1.6898685862906372E+04
   8.4618000000000000E+09   1.4654941863951556E+05   4.4339889951764395E-10   1.7301964777287048E-25   1.6908425352667084E+04
   8.4693000000000000E+09   1.4740614651545032E+05   4.4024062417676386E-10   1.7168875841058432E-25   1.6918125129449490E+04
   8.4768000000000000E+09   1.4826428669886864E+05   4.3711099576831300E-10   1.7037095702719309E-25   1.6927785442210370E+04
   8.4843000000000000E+09   1.4912384185290046E+05   4.3400969338279239E-10   1.6906608454554617E-25   1.6937406537687268E+04
   8.4918000000000000E+09   1.4998481461645063E+05   4.3093640037590758E-10   1.6777398418861718E-25   1.6946988660424839E+04
   8.4993000000000000E+09   1.5084720760556214E+05   4.2789080430294883E-10   1.6649450144087863E-25   1.6956532052800761E+04
   8.5068000000000000E+09   1.5171102341436732E+05   4.2487259685434846E-10   1.6522748401042825E-25   1.6966036955051397E+04
   8.5143000000000000E+09   1.5257626461571569E+05   4.2188147379238579E-10   1.6397278179184833E-25   1.6975503605296901E+04
   8.5218000000000000E+09   1.5344293376157925E+05   4.1891713488901841E-10   1.6273024682978337E-25   1.6984932239566035E+04
   8.5293000000000000E+09   1.5431103338333714E+05   4.1597928386481927E-10   1.6149973328321780E-25   1.6994323091820777E+04
   8.5368000000000000E+09   1.5518056599204286E+05   4.1306762832898152E-10   1.6028109739044018E-25   1.7003676393980142E+04
   8.5443000000000000E+09   1.5605153407876994E+05   4.1018187972039524E-10   1.5907419743467692E-25   1.7012992375944199E+04
   8.5518000000000000E+09   1.5692394011511729E+05   4.0732175324974410E-10   1.5787889371038238E-25   1.7022271265617259E+04
   8.5593000000000000E+09   1.5779778655394758E+05   4.0448696784262400E-10   1.5669504849016957E-25   1.7031513288930935E+04
   8.5668000000000000E+09   1.5867307583040325E+05   4.0167724608365580E-10   1.5552252599236800E-25   1.7040718669867048E+04
   8.5743000000000000E+09   1.5954981036323198E+05   3.9889231416155854E-10   1.5436119234919451E-25   1.7049887630479716E+04
   8.5818000000000000E+09   1.6042799255642566E+05   3.9613190181518596E-10   1.5321091557552313E-25   1.7059020390917609E+04
   8.5893000000000000E+09   1.6130762480115896E+05   3.9339574228048675E-10   1.5207156553824132E-25   1.7068117169445672E+04
   8.5968000000000000E+09   1.6218870947799028E+05   3.9068357223837459E-10   1.5094301392617813E-25   1.7077178182466447E+04
   8.6043000000000000E+09   1.6307124895927313E+05   3.8799513176349108E-10   1.4982513422059251E-25   1.7086203644541289E+04
   8.6118000000000000E+09   1.6395524561170983E+05   3.8533016427383795E-10   1.4871780166620821E-25   1.7095193768411136E+04
   8.6193000000000000E+09   1.6484070179897171E+05   3.8268841648126031E-10   1.4762089324278301E-25   1.7104148765017064E+04
   8.6268000000000000E+09   1.6572761988430287E+05   3.8006963834276175E-10   1.4653428763720059E-25   1.7113068843520450E+04
   8.6343000000000000E+09   1.6661600223302748E+05   3.7747358301263451E-10   1.4545786521607252E-25   1.7121954211322940E+04
   8.6418000000000000E+09   1.6750585121488126E+05   3.7490000679538755E-10   1.4439150799883967E-25   1.7130805074086180E+04
   8.6493000000000000E+09   1.6839716920610005E+05   3.7234866909945026E-10   1.4333509963136153E-25   1.7139621635751075E+04
   8.6568000000000000E+09   1.6928995859120734E+05   3.6981933239164337E-10   1.4228852535998268E-25   1.7148404098556988E+04
   8.6643000000000000E+09   1.7018422176445814E+05   3.6731176215239476E-10   1.4125167200606669E-25   1.7157152663060540E+04
   8.6718000000000000E+09   1.7107996113091434E+05   3.6482572683168885E-10   1.4022442794098677E-25   1.7165867528154169E+04
   8.6793000000000000E+09   1.7197717910713842E+05   3.6236099780573735E-10   1.3920668306156458E-25   1.7174548891084592E+04
   8.6868000000000000E+09   1.7287587812151507E+05   3.5991734933434865E-10   1.3819832876594743E-25   1.7183196947470627E+04
   8.6943000000000000E+09   1.7377606061421835E+05   3.5749455851899864E-10   1.3719925792991535E-25   1.7191811891321242E+04
   8.7018000000000000E+09   1.7467772903686116E+05   3.5509240526157495E-10   1.3620936488360966E-25   1.7200393915053013E+04
   8.7093000000000000E+09   1.7558088585186901E+05   3.5271067222379319E-10   1.3522854538867487E-25   1.7208943209507419E+04
   8.7168000000000000E+09   1.7648553353163393E+05   3.5034914478727184E-10   1.3425669661580625E-25   1.7217459963968020E+04
   8.7243000000000000E+09   1.7739167455750503E+05   3.4800761101425467E-10   1.3329371712269519E-25   1.7225944366177322E+04
   8.7318000000000000E+09   1.7829931141867931E+05   3.4568586160896538E-10   1.3233950683236520E-25   1.7234396602353208E+04
   8.7393000000000000E+09   1.7920844661105570E+05   3.4338368987960030E-10   1.3139396701189148E-25   1.7242816857205689E+04
   8.7468000000000000E+09   1.8011908263611389E+05   3.4110089170092532E-10   1.3045700025149671E-25   1.7251205313952734E+04
   8.7543000000000000E+09   1.8103122199987914E+05   3.3883726547749058E-10   1.2952851044401661E-25   1.7259562154336447E+04
   8.7618000000000000E+09   1.8194486721202763E+05   3.3659261210743846E-10   1.2860840276472786E-25   1.7267887558638715E+04
   8.7693000000000000E+09   1.8286002078518202E+05   3.3436673494690078E-10   1.2769658365153254E-25   1.7276181705696770E+04
   8.7768000000000000E+09   1.8377668523444142E+05   3.3215943977497643E-10   1.2679296078549132E-25   1.7284444772918523E+04
   8.7843000000000000E+09   1.8469486307717825E+05   3.2997053475927592E-10   1.2589744307169988E-25   1.7292676936297692E+04
   8.7918000000000000E+09   1.8561455683312967E+05   3.2779983042202648E-10   1.2500994062050138E-25   1.7300878370428698E+04
   8.7993000000000000E+09   1.8653576902479422E+05   3.2564713960672446E-10   1.2413036472902853E-25   1.7309049248521314E+04
   8.8068000000000000E+09   1.8745850217814060E+05   3.2351227744533279E-10   1.2325862786306873E-25   1.7317189742415361E+04
   8.8143000000000000E+09   1.8838275882361457E+05   3.2139506132600156E-10   1.2239464363924616E-25   1.7325300022594973E+04
   8.8218000000000000E+09   1.8930854149742672E+05   3.1929531086130840E-10   1.2153832680751348E-25   1.7333380258202615E+04
   8.8293000000000000E+09   1.9023585274308204E+05   3.1721284785701131E-10   1.2068959323394808E-25   1.7341430617053182E+04
   8.8368000000000000E+09   1.9116469511311169E+05   3.1514749628129786E-10   1.1984835988384507E-25   1.7349451265647749E+04
   8.8443000000000000E+09   1.9209507117094743E+05   3.1309908223452205E-10   1.1901454480510179E-25   1.7357442369187131E+04
   8.8518000000000000E+09   1.9302698349288243E+05   3.1106743391942206E-10   1.1818806711188746E-25   1.7365404091585391E+04
   8.8593000000000000E+09   1.9396043467004827E+05   3.0905238161180086E-10   1.1736884696859106E-25   1.7373336595482902E+04
   8.8668000000000000E+09   1.9489542731034616E+05   3.0705375763167286E-10   1.1655680557404302E-25   1.7381240042259662E+04
   8.8743000000000000E+09   1.9583196404026463E+05   3.0507139631485381E-10   1.1575186514600352E-25   1.7389114592048063E+04
   8.8818000000000000E+09   1.9677004750652920E+05   3.0310513398498858E-10   1.1495394890591227E-25   1.7396960403745506E+04
   8.8893000000000000E+09   1.9770968037753267E+05   3.0115480892601890E-10   1.1416298106389491E-25   1.7404777635027287E+04
   8.8968000000000000E+09   1.9865086534451271E+05   2.9922026135506220E-10   1.1337888680401958E-25   1.7412566442358730E+04
   8.9043000000000000E+09   1.9959360512244992E+05   2.9730133339571246E-10   1.1260159226979993E-25   1.7420326981007602E+04
   8.9118000000000000E+09   2.0053790245068318E+05   2.9539786905174130E-10   1.1183102454993834E-25   1.7428059405056079E+04
   8.9193000000000000E+09   2.0148376009324810E+05   2.9350971418120346E-10   1.1106711166430593E-25   1.7435763867412810E+04
   8.9268000000000000E+09   2.0243118083896139E+05   2.9163671647093163E-10   1.1030978255015418E-25   1.7443440519824730E+04
   8.9343000000000000E+09   2.0338016750128992E+05   2.8977872541141468E-10   1.0955896704855371E-25   1.7451089512888604E+04
   8.9418000000000000E+09   2.0433072291805001E+05   2.8793559227205549E-10   1.0881459589105648E-25   1.7458710996062528E+04
   8.9493000000000000E+09   2.0528284995099422E+05   2.8610717007680420E-10   1.0807660068657735E-25   1.7466305117677381E+04
   8.9568000000000000E+09   2.0623655148534721E+05   2.8429331358015388E-10   1.0734491390849055E-25   1.7473872024947941E+04
   8.9643000000000000E+09   2.0719183042935282E+05   2.8249387924350020E-10   1.0661946888193785E-25   1.7481411863984060E+04
   8.9718000000000000E+09   2.0814868971389308E+05   2.8070872521185265E-10   1.0590019977134426E-25   1.7488924779801458E+04
   8.9793000000000000E+09   2.0910713229223524E+05   2.7893771129089590E-10   1.0518704156813752E-25   1.7496410916332494E+04
   8.9868000000000000E+09   2.1006716113995321E+05   2.7718069892440126E-10   1.0447993007866825E-25   1.7503870416437163E+04
   8.9943000000000000E+09   2.1102877925506161E+05   2.7543755117196363E-10   1.0377880191232594E-25   1.7511303421913231E+04
   9.0018000000000000E+09   2.1199198965838572E+05   2.7370813268707944E-10   1.0308359446984856E-25   1.7518710073506845E+04
   9.0093000000000000E+09   2.1295679539417886E+05   2.7199230969554688E-10   1.0239424593182093E-25   1.7526090510922691E+04
   9.0168000000000000E+09   2.1392319953098681E+05   2.7028994997418823E-10   1.0171069524735900E-25   1.7533444872834269E+04
   9.0243000000000000E+09   2.1489120516274363E+05   2.6860092282988460E-10   1.0103288212297581E-25   1.7540773296893851E+04
   9.0318000000000000E+09   2.1586081541007292E+05   2.6692509907891791E-10   1.0036074701162615E-25   1.7548075919742372E+04
   9.0393000000000000E+09   2.1683203342176048E+05   2.6526235102661623E-10   9.9694231101925884E-26   1.7555352877019173E+04
   9.0468000000000000E+09   2.1780486237635417E+05   2.6361255244729529E-10   9.9033276307542364E-26   1.7562604303371736E+04
   9.0543000000000000E+09   2.1877930548384401E+05   2.6197557856448943E-10   9.8377825256752928E-26   1.7569830332465288E+04
   9.0618000000000000E+09   2.1975536598737229E+05   2.6035130603146368E-10   9.7727821282167620E-26   1.7577031096991992E+04
   9.0693000000000000E+09   2.2073304716492436E+05   2.5873961291201004E-10   9.7083208410612955E-26   1.7584206728680500E+04
   9.0768000000000000E+09   2.2171235233095259E+05   2.5714037866151242E-10   9.6443931353173571E-26   1.7591357358305086E+04
   9.0843000000000000E+09   2.2269328483789292E+05   2.5555348410827901E-10   9.5809935495388450E-26   1.7598483115694664E+04
   9.0918000000000000E+09   2.2367584807753662E+05   2.5397881143513997E-10   9.5181166887599039E-26   1.7605584129741852E+04
   9.0993000000000000E+09   2.2466004548223302E+05   2.5241624416130003E-10   9.4557572235445921E-26   1.7612660528411838E+04
   9.1068000000000000E+09   2.2564588052590119E+05   2.5086566712444679E-10   9.3939098890511735E-26   1.7619712438751143E+04
   9.1143000000000000E+09   2.2663335672484542E+05   2.4932696646310443E-10   9.3325694841107412E-26   1.7626739986896238E+04
   9.1218000000000000E+09   2.2762247763836972E+05   2.4780002959923667E-10   9.2717308703199274E-26   1.7633743298082212E+04
   9.1293000000000000E+09   2.2861324686920480E+05   2.4628474522108759E-10   9.2113889711474936E-26   1.7640722496651131E+04
   9.1368000000000000E+09   2.2960566806375873E+05   2.4478100326626251E-10   9.1515387710545140E-26   1.7647677706060487E+04
   9.1443000000000000E+09   2.3059974491221746E+05   2.4328869490504124E-10   9.0921753146279860E-26   1.7654609048891401E+04
   9.1518000000000000E+09   2.3159548114852025E+05   2.4180771252392533E-10   9.0332937057276425E-26   1.7661516646856835E+04
   9.1593000000000000E+09   2.3259288055023926E+05   2.4033794970941258E-10   8.9748891066457999E-26   1.7668400620809633E+04
   9.1668000000000000E+09   2.3359194693839987E+05   2.3887930123199747E-10   8.9169567372799920E-26   1.7675261090750479E+04
   9.1743000000000000E+09   2.3459268417726774E+05   2.3743166303039755E-10   8.8594918743182671E-26   1.7682098175835872E+04
   9.1818000000000000E+09   2.3559509617413848E+05   2.3599493219599797E-10   8.8024898504369319E-26   1.7688911994385839E+04
   9.1893000000000000E+09   2.3659918687915074E+05   2.3456900695751673E-10   8.7459460535106300E-26   1.7695702663891629E+04
   9.1968000000000000E+09   2.3760496028515205E+05   2.3315378666588749E-10   8.6898559258345054E-26   1.7702470301023415E+04
   9.2043000000000000E+09   2.3861242042762882E+05   2.3174917177935532E-10   8.6342149633583740E-26   1.7709215021637770E+04
   9.2118000000000000E+09   2.3962157138471506E+05   2.3035506384878512E-10   8.5790187149326792E-26   1.7715936940785061E+04
   9.2193000000000000E+09   2.4063241727728353E+05   2.2897136550318158E-10   8.5242627815661110E-26   1.7722636172716870E+04
   9.2268000000000000E+09   2.4164496226911573E+05   2.2759798043541701E-10   8.4699428156947323E-26   1.7729312830893272E+04
   9.2343000000000000E+09   2.4265921056714552E+05   2.2623481338816392E-10   8.4160545204624568E-26   1.7735967027989936E+04
   9.2418000000000000E+09   2.4367516642175984E+05   2.2488177014003468E-10   8.3625936490127286E-26   1.7742598875905282E+04
   9.2493000000000000E+09   2.4469283412713974E+05   2.2353875749192342E-10   8.3095560037912649E-26   1.7749208485767656E+04
   9.2568000000000000E+09   2.4571221802161707E+05   2.2220568325354339E-10   8.2569374358597199E-26   1.7755795967941944E+04
   9.2643000000000000E+09   2.4673332248802518E+05   2.2088245623017183E-10   8.2047338442201392E-26   1.7762361432036781E+04
   9.2718000000000000E+09   2.4775615195401481E+05   2.1956898620958287E-10   8.1529411751500689E-26   1.7768904986911075E+04
   9.2793000000000000E+09   2.4878071089231377E+05   2.1826518394918340E-10   8.1015554215481757E-26   1.7775426740680901E+04
   9.2868000000000000E+09   2.4980700382090296E+05   2.1697096116333793E-10   8.0505726222902943E-26   1.7781926800726098E+04
   9.2943000000000000E+09   2.5083503530309466E+05   2.1568623051088674E-10   7.9999888615957371E-26   1.7788405273696728E+04
   9.3018000000000000E+09   2.5186480994749436E+05   2.1441090558285745E-10   7.9498002684037888E-26   1.7794862265519714E+04
   9.3093000000000000E+09   2.5289633240783651E+05   2.1314490089036355E-10   7.9000030157602804E-26   1.7801297881405157E+04
   9.3168000000000000E+09   2.5392960738269420E+05   2.1188813185269383E-10   7.8505933202140965E-26   1.7807712225852738E+04
   9.3243000000000000E+09   2.5496463961506292E+05   2.1064051478558732E-10   7.8015674412235782E-26   1.7814105402657904E+04
   9.3318000000000000E+09   2.5600143389182750E+05   2.0940196688969864E-10   7.7529216805726928E-26   1.7820477514918221E+04
   9.3393000000000000E+09   2.5703999504312879E+05   2.0817240623924573E-10   7.7046523817968774E-26   1.7826828665039407E+04
   9.3468000000000000E+09   2.5808032794164878E+05   2.0695175177084496E-10   7.6567559296184884E-26   1.7833158954741491E+04
   9.3543000000000000E+09   2.5912243750183718E+05   2.0573992327252894E-10   7.6092287493917826E-26   1.7839468485064699E+04
   9.3618000000000000E+09   2.6016632867910858E+05   2.0453684137294907E-10   7.5620673065572864E-26   1.7845757356375445E+04
   9.3693000000000000E+09   2.6121200646903410E+05   2.0334242753076106E-10   7.5152681061055572E-26   1.7852025668372193E+04
   9.3768000000000000E+09   2.6225947590656072E+05   2.0215660402419292E-10   7.4688276920501909E-26   1.7858273520091385E+04
   9.3843000000000000E+09   2.6330874206527980E+05   2.0097929394079091E-10   7.4227426469100045E-26   1.7864501009912921E+04
   9.3918000000000000E+09   2.6435981005677453E+05   1.9981042116735087E-10   7.3770095912003275E-26   1.7870708235566137E+04
   9.3993000000000000E+09   2.6541268503006315E+05   1.9864991038002447E-10   7.3316251829332879E-26   1.7876895294135258E+04
   9.4068000000000000E+09   2.6646737217115855E+05   1.9749768703460480E-10   7.2865861171270151E-26   1.7883062282064984E+04
   9.4143000000000000E+09   2.6752387670275511E+05   1.9635367735698863E-10   7.2418891253236613E-26   1.7889209295165994E+04
   9.4218000000000000E+09   2.6858220388405130E+05   1.9521780833381515E-10   7.1975309751161385E-26   1.7895336428620481E+04
   9.4293000000000000E+09   2.6964235901071300E+05   1.9409000770327478E-10   7.1535084696834549E-26   1.7901443776987355E+04
   9.4368000000000000E+09   2.7070434741497459E+05   1.9297020394609307E-10   7.1098184473345718E-26   1.7907531434207656E+04
   9.4443000000000000E+09   2.7176817446587561E+05   1.9185832627668408E-10   7.0664577810606329E-26   1.7913599493609865E+04
   9.4518000000000000E+09   2.7283384556962561E+05   1.9075430463447102E-10   7.0234233780954535E-26   1.7919648047915107E+04
   9.4593000000000000E+09   2.7390136617008894E+05   1.8965806967537266E-10   6.9807121794841657E-26   1.7925677189242324E+04
   9.4668000000000000E+09   2.7497074174937757E+05   1.8856955276345134E-10   6.9383211596598811E-26   1.7931687009113208E+04
   9.4743000000000000E+09   2.7604197782854649E+05   1.8748868596272643E-10   6.8962473260282151E-26   1.7937677598457478E+04
   9.4818000000000000E+09   2.7711507996837946E+05   1.8641540202914104E-10   6.8544877185595583E-26   1.7943649047617739E+04
   9.4893000000000000E+09   2.7819005377026141E+05   1.8534963440268677E-10   6.8130394093889664E-26   1.7949601446354423E+04
   9.4968000000000000E+09   2.7926690487713169E+05   1.8429131719968196E-10   6.7718995024234796E-26   1.7955534883850873E+04
   9.5043000000000000E+09   2.8034563897451677E+05   1.8324038520519543E-10   6.7310651329567648E-26   1.7961449448717893E+04
   9.5118000000000000E+09   2.8142626179164776E+05   1.8219677386561868E-10   6.6905334672909049E-26   1.7967345228998573E+04
   9.5193000000000000E+09   2.8250877910266467E+05   1.8116041928138442E-10   6.6503017023651629E-26   1.7973222312173282E+04
   9.5268000000000000E+09   2.8359319672791811E+05   1.8013125819981842E-10   6.6103670653916052E-26   1.7979080785164126E+04
   9.5343000000000000E+09   2.8467952053538023E+05   1.7910922800813223E-10   6.5707268134973484E-26   1.7984920734339768E+04
   9.5418000000000000E+09   2.8576775644217752E+05   1.7809426672654310E-10   6.5313782333733412E-26   1.7990742245519759E+04
   9.5493000000000000E+09   2.8685791041626269E+05   1.7708631300152777E-10   6.4923186409294095E-26   1.7996545403979369E+04
   9.5568000000000000E+09   2.8794998847823893E+05   1.7608530609919385E-10   6.4535453809554733E-26   1.8002330294453772E+04
   9.5643000000000000E+09   2.8904399670335616E+05   1.7509118589877862E-10   6.4150558267886866E-26   1.8008097001142869E+04
   9.5718000000000000E+09   2.9013994122369133E+05   1.7410389288625521E-10   6.3768473799863385E-26   1.8013845607715361E+04
   9.5793000000000000E+09   2.9123782823053020E+05   1.7312336814805620E-10   6.3389174700043019E-26   1.8019576197313283E+04
   9.5868000000000000E+09   2.9233766397695633E+05   1.7214955336489955E-10   6.3012635538808656E-26   1.8025288852556310E+04
   9.5943000000000000E+09   2.9343945478066360E+05   1.7118239080571747E-10   6.2638831159256771E-26   1.8030983655545981E+04
   9.6018000000000000E+09   2.9454320702698902E+05   1.7022182332168153E-10   6.2267736674136493E-26   1.8036660687870037E+04
   9.6093000000000000E+09   2.9564892717217357E+05   1.6926779434031532E-10   6.1899327462835918E-26   1.8042320030606243E+04
   9.6168000000000000E+09   2.9675662174684729E+05   1.6832024785970115E-10   6.1533579168413297E-26   1.8047961764327090E+04
   9.6243000000000000E+09   2.9786629735973239E+05   1.6737912844275844E-10   6.1170467694671216E-26   1.8053585969103515E+04
   9.6318000000000000E+09   2.9897796070155455E+05   1.6644438121160008E-10   6.0809969203271193E-26   1.8059192724508910E+04
   9.6393000000000000E+09   3.0009161854915408E+05   1.6551595184196136E-10   6.0452060110886697E-26   1.8064782109623455E+04
   9.6468000000000000E+09   3.0120727776977821E+05   1.6459378655768876E-10   6.0096717086392087E-26   1.8070354203037969E+04
   9.6543000000000000E+09   3.0232494532554026E+05   1.6367783212528440E-10   5.9743917048085217E-26   1.8075909082857550E+04
   9.6618000000000000E+09   3.0344462827802770E+05   1.6276803584851020E-10   5.9393637160941513E-26   1.8081446826705927E+04
   9.6693000000000000E+09   3.0456633379303874E+05   1.6186434556303144E-10   5.9045854833897122E-26   1.8086967511729032E+04
   9.6768000000000000E+09   3.0569006914542872E+05   1.6096670963110450E-10   5.8700547717159000E-26   1.8092471214598878E+04
   9.6843000000000000E+09   3.0681584172404837E+05   1.6007507693630011E-10   5.8357693699539404E-26   1.8097958011517527E+04
   9.6918000000000000E+09   3.0794365903675248E+05   1.5918939687825192E-10   5.8017270905812933E-26   1.8103427978220439E+04
   9.6993000000000000E+09   3.0907352871546365E+05   1.5830961936743558E-10   5.7679257694093751E-26   1.8108881189980602E+04
   9.7068000000000000E+09   3.1020545852127188E+05   1.5743569481996063E-10   5.7343632653230847E-26   1.8114317721611886E+04
   9.7143000000000000E+09   3.1133945634955622E+05   1.5656757415237982E-10   5.7010374600219582E-26   1.8119737647472863E+04
   9.7218000000000000E+09   3.1247553023511317E+05   1.5570520877650538E-10   5.6679462577626978E-26   1.8125141041470361E+04
   9.7293000000000000E+09   3.1361368835727556E+05   1.5484855059422889E-10   5.6350875851029393E-26   1.8130527977063011E+04
   9.7368000000000000E+09   3.1475393904501235E+05   1.5399755199234017E-10   5.6024593906460594E-26   1.8135898527264799E+04
   9.7443000000000000E+09   3.1589629078199348E+05   1.5315216583734088E-10   5.5700596447868134E-26   1.8141252764648489E+04
   9.7518000000000000E+09   3.1704075221160857E+05   1.5231234547024904E-10   5.5378863394576902E-26   1.8146590761349198E+04
   9.7593000000000000E+09   3.1818733214192488E+05   1.5147804470138897E-10   5.5059374878758206E-26   1.8151912589067691E+04
   9.7668000000000000E+09   3.1933603955057054E+05   1.5064921780516587E-10   5.4742111242902570E-26   1.8157218319073931E+04
   9.7743000000000000E+09   3.2048688358952937E+05   1.4982581951481815E-10   5.4427053037295413E-26   1.8162508022210252E+04
   9.7818000000000000E+09   3.2163987358982791E+05   1.4900780501714823E-10   5.4114181017494184E-26   1.8167781768894867E+04
   9.7893000000000000E+09   3.2279501906609995E+05   1.4819512994722661E-10   5.3803476141806024E-26   1.8173039629125080E+04
   9.7968000000000000E+09   3.2395232972100517E+05   1.4738775038306747E-10   5.3494919568764883E-26   1.8178281672480494E+04
   9.8043000000000000E+09   3.2511181544948451E+05   1.4658562284027491E-10   5.3188492654607487E-26   1.8183507968126254E+04
   9.8118000000000000E+09   3.2627348634282453E+05   1.4578870426665986E-10   5.2884176950747466E-26   1.8188718584816495E+04
   9.8193000000000000E+09   3.2743735269251344E+05   1.4499695203681968E-10   5.2581954201247085E-26   1.8193913590897133E+04
   9.8268000000000000E+09   3.2860342499385617E+05   1.4421032394668929E-10   5.2281806340286553E-26   1.8199093054309233E+04
   9.8343000000000000E+09   3.2977171394933073E+05   1.4342877820805823E-10   5.1983715489630451E-26   1.8204257042592137E+04
   9.8418000000000000E+09   3.3094223047165375E+05   1.4265227344305343E-10   5.1687663956091503E-26   1.8209405622886439E+04
   9.8493000000000000E+09   3.3211498568653694E+05   1.4188076867859021E-10   5.1393634228991843E-26   1.8214538861936937E+04
   9.8568000000000000E+09   3.3328999093510339E+05   1.4111422334079707E-10   5.1101608977622189E-26   1.8219656826096012E+04
   9.8643000000000000E+09   3.3446725777594896E+05   1.4035259724940522E-10   5.0811571048699561E-26   1.8224759581326303E+04
   9.8718000000000000E+09   3.3564679798682191E+05   1.3959585061211550E-10   5.0523503463824114E-26   1.8229847193203685E+04
   9.8793000000000000E+09   3.3682862356590701E+05   1.3884394401894219E-10   5.0237389416936161E-26   1.8234919726920394E+04
   9.8868000000000000E+09   3.3801274673269730E+05   1.3809683843653443E-10   4.9953212271774528E-26   1.8239977247287759E+04
   9.8943000000000000E+09   3.3919917992843920E+05   1.3735449520248266E-10   4.9670955559337442E-26   1.8245019818739158E+04
   9.9018000000000000E+09   3.4038793581614620E+05   1.3661687601961408E-10   4.9390602975347497E-26   1.8250047505333037E+04
   9.9093000000000000E+09   3.4157902728016838E+05   1.3588394295027645E-10   4.9112138377722365E-26   1.8255060370755338E+04
   9.9168000000000000E+09   3.4277246742532216E+05   1.3515565841062628E-10   4.8835545784053005E-26   1.8260058478322691E+04
   9.9243000000000000E+09   3.4396826957557461E+05   1.3443198516491544E-10   4.8560809369091435E-26   1.8265041890984889E+04
   9.9318000000000000E+09   3.4516644727228582E+05   1.3371288631979239E-10   4.8287913462250122E-26   1.8270010671327946E+04
   9.9393000000000000E+09   3.4636701427202107E+05   1.3299832531861585E-10   4.8016842545115416E-26   1.8274964881576518E+04
   9.9468000000000000E+09   3.4756998454393214E+05   1.3228826593579554E-10   4.7747581248977414E-26   1.8279904583596697E+04
   9.9543000000000000E+09   3.4877537226672733E+05   1.3158267227116368E-10   4.7480114352378725E-26   1.8284829838898819E+04
   9.9618000000000000E+09   3.4998319182523969E+05   1.3088150874438429E-10   4.7214426778684890E-26   1.8289740708639998E+04
   9.9693000000000000E+09   3.5119345780660812E+05   1.3018474008941042E-10   4.6950503593679378E-26   1.8294637253626755E+04
   9.9768000000000000E+09   3.5240618499609339E+05   1.2949233134899607E-10   4.6688330003185844E-26   1.8299519534317591E+04
   9.9843000000000000E+09   3.5362138837254501E+05   1.2880424786927347E-10   4.6427891350720607E-26   1.8304387610825604E+04
   9.9918000000000000E+09   3.5483908310354420E+05   1.2812045529440121E-10   4.6169173115178610E-26   1.8309241542921009E+04
   9.9993000000000000E+09   3.5605928454024479E+05   1.2744091956129684E-10   4.5912160908555735E-26   1.8314081390033753E+04
   1.0006800000000000E+10   3.5728200821194029E+05   1.2676560689445625E-10   4.5656840473710833E-26   1.8318907211255795E+04
   1.0014300000000000E+10   3.5850726982038439E+05   1.2609448380087853E-10   4.5403197682170176E-26   1.8323719065343979E+04
   1.0021800000000000E+10   3.5973508523389796E+05   1.2542751706509367E-10   4.5151218531978015E-26   1.8328517010722098E+04
   1.0029300000000000E+10   3.6096547048129357E+05   1.2476467374431249E-10   4.4900889145596014E-26   1.8333301105483435E+04
   1.0036800000000000E+10   3.6219844174565759E+05   1.2410592116370369E-10   4.4652195767854787E-26   1.8338071407393323E+04
   1.0044300000000000E+10   3.6343401535802457E+05   1.2345122691180566E-10   4.4405124763960640E-26   1.8342827973891472E+04
   1.0051800000000000E+10   3.6467220779099088E+05   1.2280055883608276E-10   4.4159662617560294E-26   1.8347570862094166E+04
   1.0059300000000000E+10   3.6591303565230954E+05   1.2215388503863758E-10   4.3915795928866872E-26   1.8352300128796822E+04
   1.0066800000000000E+10   3.6715651567851362E+05   1.2151117387208385E-10   4.3673511412849557E-26   1.8357015830476412E+04
   1.0074300000000000E+10   3.6840266472862184E+05   1.2087239393558573E-10   4.3432795897489796E-26   1.8361718023293313E+04
   1.0081800000000000E+10   3.6965149977797823E+05   1.2023751407108006E-10   4.3193636322106552E-26   1.8366406763094055E+04
   1.0089300000000000E+10   3.7090303791228193E+05   1.1960650335967865E-10   4.2956019735752902E-26   1.8371082105413414E+04
   1.0096800000000000E+10   3.7215729632186337E+05   1.1897933111826175E-10   4.2719933295686250E-26   1.8375744105476533E+04
   1.0104300000000000E+10   3.7341429229627183E+05   1.1835596689627041E-10   4.2485364265914044E-26   1.8380392818201377E+04
   1.0111800000000000E+10   3.7467404321922956E+05   1.1773638047269947E-10   4.2252300015816822E-26   1.8385028298200865E+04
   1.0119300000000000E+10   3.7593656656401901E+05   1.1712054185329561E-10   4.2020728018850046E-26   1.8389650599784793E+04
   1.0126800000000000E+10   3.7720187988936383E+05   1.1650842126797199E-10   4.1790635851326060E-26   1.8394259776962535E+04
   1.0134300000000000E+10   3.7847000083586847E+05   1.1589998916842922E-10   4.1562011191277042E-26   1.8398855883444528E+04
   1.0141800000000000E+10   3.7974094712307485E+05   1.1529521622600108E-10   4.1334841817399769E-26   1.8403438972645014E+04
   1.0149300000000000E+10   3.8101473654720216E+05   1.1469407332971246E-10   4.1109115608082543E-26   1.8408009097683789E+04
   1.0156800000000000E+10   3.8229138697962463E+05   1.1409653158455852E-10   4.0884820540514395E-26   1.8412566311388277E+04
   1.0164300000000000E+10   3.8357091636614862E+05   1.1350256231000353E-10   4.0661944689876197E-26   1.8417110666295739E+04
   1.0171800000000000E+10   3.8485334272714274E+05   1.1291213703869747E-10   4.0440476228613328E-26   1.8421642214655461E+04
   1.0179300000000000E+10   3.8613868415857205E+05   1.1232522751540540E-10   4.0220403425788739E-26   1.8426161008430459E+04
   1.0186800000000000E+10   3.8742695883398841E+05   1.1174180569615186E-10   4.0001714646515219E-26   1.8430667099299601E+04
   1.0194300000000000E+10   3.8871818500752095E+05   1.1116184374757398E-10   3.9784398351465332E-26   1.8435160538659733E+04
   1.0201800000000000E+10   3.9001238101790886E+05   1.1058531404647621E-10   3.9568443096456805E-26   1.8439641377627573E+04
   1.0209300000000000E+10   3.9130956529361493E+05   1.1001218917958274E-10   3.9353837532111138E-26   1.8444109667041655E+04
   1.0216800000000000E+10   3.9260975635905226E+05   1.0944244194348011E-10   3.9140570403582715E-26   1.8448565457464359E+04
   1.0224300000000000E+10   3.9391297284195729E+05   1.0887604534474011E-10   3.8928630550355184E-26   1.8453008799183710E+04
   1.0231800000000000E+10   3.9521923348192807E+05   1.0831297260021663E-10   3.8718006906101824E-26   1.8457439742215425E+04
   1.0239300000000000E+10   3.9652855714015232E+05   1.0775319713750236E-10   3.8508688498605896E-26   1.8461858336304645E+04
   1.0246800000000000E+10   3.9784096281033853E+05   1.0719669259553872E-10   3.8300664449736991E-26   1.8466264630928064E+04
   1.0254300000000000E+10   3.9915646963085787E+05   1.0664343282536138E-10   3.8093923975478820E-26   1.8470658675295570E+04
   1.0261800000000000E+10   4.0047509689810616E+05   1.0609339189097250E-10   3.7888456386003530E-26   1.8475040518352125E+04
   1.0269300000000000E+10   4.0179686408107693E+05   1.0554654407032378E-10   3.7684251085787647E-26   1.8479410208779624E+04
   1.0276800000000000E+10   4.0312179083714710E+05   1.0500286385639795E-10   3.7481297573763998E-26   1.8483767794999083E+04
   1.0284300000000000E+10   4.0444989702905348E+05   1.0446232595836377E-10   3.7279585443504108E-26   1.8488113325171620E+04
   1.0291800000000000E+10   4.0578120274304773E+05   1.0392490530280419E-10   3.7079104383425031E-26   1.8492446847201034E+04
   1.0299300000000000E+10   4.0711572830819781E+05   1.0339057703498343E-10   3.6879844177014422E-26   1.8496768408734948E+04
   1.0306800000000000E+10   4.0845349431680981E+05   1.0285931652015089E-10   3.6681794703067643E-26   1.8501078057167335E+04
   1.0314300000000000E+10   4.0979452164592303E+05   1.0233109934484623E-10   3.6484945935930194E-26   1.8505375839639291E+04
   1.0321800000000000E+10   4.1113883147984318E+05   1.0180590131820647E-10   3.6289287945738705E-26   1.8509661803041552E+04
   1.0329300000000000E+10   4.1248644533364830E+05   1.0128369847324025E-10   3.6094810898653951E-26   1.8513935994015999E+04
   1.0336800000000000E+10   4.1383738507762150E+05   1.0076446706805535E-10   3.5901505057078595E-26   1.8518198458957078E+04
   1.0344300000000000E+10   4.1519167296253232E+05   1.0024818358702354E-10   3.5709360779853016E-26   1.8522449244013806E+04
   1.0351800000000000E+10   4.1654933164570498E+05   9.9734824741856888E-11   3.5518368522422075E-26   1.8526688395091282E+04
   1.0359300000000000E+10   4.1791038421778643E+05   9.9224367472580357E-11   3.5328518836965723E-26   1.8530915957852467E+04
   1.0366800000000000E+10   4.1927485423013795E+05   9.8716788948377051E-11   3.5139802372486752E-26   1.8535131977719615E+04
   1.0374300000000000E+10   4.2064276572275354E+05   9.8212066568291750E-11   3.4952209874848672E-26   1.8539336499876139E+04
   1.0381800000000000E+10   4.2201414325261826E+05   9.7710177961769034E-11   3.4765732186757003E-26   1.8543529569268176E+04
   1.0389300000000000E+10   4.2338901192240056E+05   9.7211100989008387E-11   3.4580360247677409E-26   1.8547711230605961E+04
   1.0396800000000000E+10   4.2476739740938396E+05   9.6714813741121699E-11   3.4396085093684390E-26   1.8551881528365811E+04
   1.0404300000000000E+10   4.2614932599452679E+05   9.6221294540069429E-11   3.4212897857234165E-26   1.8556040506791396E+04
   1.0411800000000000E+10   4.2753482459154940E+05   9.5730521938363444E-11   3.4030789766856184E-26   1.8560188209895325E+04
   1.0419300000000000E+10   4.2892392077593441E+05   9.5242474718520441E-11   3.3849752146757402E-26   1.8564324681460919E+04
   1.0426800000000000E+10   4.3031664281373791E+05   9.4757131892245963E-11   3.3669776416334347E-26   1.8568449965043397E+04
   1.0434300000000000E+10   4.3171301969009644E+05   9.4274472699343233E-11   3.3490854089588002E-26   1.8572564103971778E+04
   1.0441800000000000E+10   4.3311308113733237E+05   9.3794476606326044E-11   3.3312976774437108E-26   1.8576667141350201E+04
   1.0449300000000000E+10   4.3451685766254505E+05   9.3317123304728976E-11   3.3136136171926039E-26   1.8580759120059523E+04
   1.0456800000000000E+10   4.3592438057459239E+05   9.2842392709101702E-11   3.2960324075323507E-26   1.8584840082758481E+04
   1.0464300000000000E+10   4.3733568201036594E+05   9.2370264954683948E-11   3.2785532369109417E-26   1.8588910071885715E+04
   1.0471800000000000E+10   4.3875079496026575E+05   9.1900720394745700E-11   3.2611753027847168E-26   1.8592969129660847E+04
   1.0479300000000000E+10   4.4016975329279265E+05   9.1433739597592906E-11   3.2438978114939664E-26   1.8597017298085917E+04
   1.0486800000000000E+10   4.4159259177818382E+05   9.0969303343233996E-11   3.2267199781267579E-26   1.8601054618947037E+04
   1.0494300000000000E+10   4.4301934611101419E+05   9.0507392619702363E-11   3.2096410263709348E-26   1.8605081133815758E+04
   1.0501800000000000E+10   4.4445005293171346E+05   9.0047988619035297E-11   3.1926601883542546E-26   1.8609096884050501E+04
   1.0509300000000000E+10   4.4588474984694336E+05   8.9591072732909807E-11   3.1757767044727292E-26   1.8613101910797770E+04
   1.0516800000000000E+10   4.4732347544879897E+05   8.9136626547941052E-11   3.1589898232072849E-26   1.8617096254993914E+04
   1.0524300000000000E+10   4.4876626933280862E+05   8.8684631840641700E-11   3.1422988009289034E-26   1.8621079957366026E+04
   1.0531800000000000E+10   4.5021317211471981E+05   8.8235070572057375E-11   3.1257029016925012E-26   1.8625053058433852E+04
   1.0539300000000000E+10   4.5166422544607089E+05   8.7787924882077247E-11   3.1092013970198398E-26   1.8629015598510807E+04
   1.0546800000000000E+10   4.5311947202856751E+05   8.7343177083436194E-11   3.0927935656718378E-26   1.8632967617705421E+04
   1.0554300000000000E+10   4.5457895562729315E+05   8.6900809655417153E-11   3.0764786934107021E-26   1.8636909155922589E+04
   1.0561800000000000E+10   4.5604272108280490E+05   8.6460805237268859E-11   3.0602560727523798E-26   1.8640840252865040E+04
   1.0569300000000000E+10   4.5751081432217878E+05   8.6023146621352289E-11   3.0441250027098593E-26   1.8644760948034553E+04
   1.0576800000000000E+10   4.5898328236908850E+05   8.5587816746034923E-11   3.0280847885279289E-26   1.8648671280733546E+04
   1.0584300000000000E+10   4.6046017335302092E+05   8.5154798688345690E-11   3.0121347414100375E-26   1.8652571290065847E+04
   1.0591800000000000E+10   4.6194153651774925E+05   8.4724075656418661E-11   2.9962741782379607E-26   1.8656461014938526E+04
   1.0599300000000000E+10   4.6342742222920217E+05   8.4295630981737507E-11   2.9805024212850114E-26   1.8660340494062799E+04
   1.0606800000000000E+10   4.6491788198289141E+05   8.3869448111208935E-11   2.9648187979235863E-26   1.8664209765955457E+04
   1.0614300000000000E+10   4.6641296841107443E+05   8.3445510599085416E-11   2.9492226403278755E-26   1.8668068868940001E+04
   1.0621800000000000E+10   4.6791273528985196E+05   8.3023802098763076E-11   2.9337132851725722E-26   1.8671917841148126E+04
   1.0629300000000000E+10   4.6941723754641716E+05   8.2604306354476964E-11   2.9182900733284843E-26   1.8675756720520723E+04
   1.0636800000000000E+10   4.7092653126669285E+05   8.2187007192922081E-11   2.9029523495559358E-26   1.8679585544809182E+04
   1.0644300000000000E+10   4.7244067370361008E+05   8.1771888514825500E-11   2.8876994621968806E-26   1.8683404351576824E+04
   1.0651800000000000E+10   4.7395972328630055E+05   8.1358934286492502E-11   2.8725307628666683E-26   1.8687213178199549E+04
   1.0659300000000000E+10   4.7548373963049188E+05   8.0948128531361497E-11   2.8574456061463705E-26   1.8691012061867768E+04
   1.0666800000000000E+10   4.7701278355040337E+05   8.0539455321582751E-11   2.8424433492766231E-26   1.8694801039586899E+04
   1.0674300000000000E+10   4.7854691707247018E+05   8.0132898769659162E-11   2.8275233518538711E-26   1.8698580148179200E+04
   1.0681800000000000E+10   4.8008620345121366E+05   7.9728443020163191E-11   2.8126849755299698E-26   1.8702349424284253E+04
   1.0689300000000000E+10   4.8163070718760841E+05   7.9326072241566989E-11   2.7979275837159656E-26   1.8706108904360743E+04
   1.0696800000000000E+10   4.8318049405029207E+05   7.8925770618199667E-11   2.7832505412909521E-26   1.8709858624687280E+04
   1.0704300000000000E+10   4.8473563109997584E+05   7.8527522342361580E-11   2.7686532143168033E-26   1.8713598621363573E+04
   1.0711800000000000E+10   4.8629618671742093E+05   7.8131311606615545E-11   2.7541349697595525E-26   1.8717328930311447E+04
   1.0719300000000000E+10   4.8786223063534498E+05   7.7737122596279000E-11   2.7396951752181555E-26   1.8721049587276480E+04
   1.0726800000000000E+10   4.8943383397462714E+05   7.7344939482129370E-11   2.7253331986613032E-26   1.8724760627828469E+04
   1.0734300000000000E+10   4.9101106928517832E+05   7.6954746413349677E-11   2.7110484081729003E-26   1.8728462087362994E+04
   1.0741800000000000E+10   4.9259401059183467E+05   7.6566527510722951E-11   2.6968401717067499E-26   1.8732154001102226E+04
   1.0749300000000000E+10   4.9418273344563547E+05   7.6180266860094143E-11   2.6827078568509139E-26   1.8735836404096288E+04
   1.0756800000000000E+10   4.9577731498082104E+05   7.5795948506107433E-11   2.6686508306021762E-26   1.8739509331224057E+04
   1.0764300000000000E+10   4.9737783397789684E+05   7.5413556446232726E-11   2.6546684591508863E-26   1.8743172817194511E+04
   1.0771800000000000E+10   4.9898437093306851E+05   7.5033074625083679E-11   2.6407601076764582E-26   1.8746826896547442E+04
   1.0779300000000000E+10   5.0059700813435798E+05   7.4654486929038147E-11   2.6269251401536475E-26   1.8750471603655027E+04
   1.0786800000000000E+10   5.0221582974467205E+05   7.4277777181155363E-11   2.6131629191696748E-26   1.8754106972722431E+04
   1.0794300000000000E+10   5.0384092189208692E+05   7.3902929136396502E-11   2.5994728057521609E-26   1.8757733037788959E+04
   1.0801800000000000E+10   5.0547237276756723E+05   7.3529926477142722E-11   2.5858541592077563E-26   1.8761349832729342E+04
   1.0809300000000000E+10   5.0711027273032739E+05   7.3158752809002788E-11   2.5723063369712350E-26   1.8764957391254400E+04
   1.0816800000000000E+10   5.0875471442099509E+05   7.2789391656906639E-11   2.5588286944647479E-26   1.8768555746912385E+04
   1.0824300000000000E+10   5.1040579288271331E+05   7.2421826461469331E-11   2.5454205849668332E-26   1.8772144933089810E+04
   1.0831800000000000E+10   5.1206360569026670E+05   7.2056040575613426E-11   2.5320813594906941E-26   1.8775724983012220E+04
   1.0839300000000000E+10   5.1372825308729353E+05   7.1692017261437691E-11   2.5188103666711553E-26   1.8779295929745902E+04
   1.0846800000000000E+10   5.1539983813158562E+05   7.1329739687304964E-11   2.5056069526596375E-26   1.8782857806198313E+04
   1.0854300000000000E+10   5.1707846684844443E+05   7.0969190925135172E-11   2.4924704610264179E-26   1.8786410645119035E+04
   1.0861800000000000E+10   5.1876424839200854E+05   7.0610353947880345E-11   2.4794002326693405E-26   1.8789954479101074E+04
   1.0869300000000000E+10   5.2045729521442088E+05   7.0253211627152833E-11   2.4663956057281183E-26   1.8793489340581669E+04
   1.0876800000000000E+10   5.2215772324265639E+05   6.9897746730983466E-11   2.4534559155032480E-26   1.8797015261843313E+04
   1.0884300000000000E+10   5.2386565206276550E+05   6.9543941921679180E-11   2.4405804943785824E-26   1.8800532275014590E+04
   1.0891800000000000E+10   5.2558120511125692E+05   6.9191779753753530E-11   2.4277686717464777E-26   1.8804040412071387E+04
   1.0899300000000000E+10   5.2730450987326680E+05   6.8841242671894731E-11   2.4150197739344707E-26   1.8807539704837400E+04
   1.0906800000000000E+10   5.2903569808712427E+05   6.8492313008946978E-11   2.4023331241323672E-26   1.8811030184985699E+04
   1.0914300000000000E+10   5.3077490595485293E+05   6.8144972983865097E-11   2.3897080423186379E-26   1.8814511884039199E+04
   1.0921800000000000E+10   5.3252227435810876E+05   6.7799204699616845E-11   2.3771438451849962E-26   1.8817984833371629E+04
   1.0929300000000000E+10   5.3427794907898514E+05   6.7454990140999807E-11   2.3646398460580674E-26   1.8821449064208726E+04
   1.0936800000000000E+10   5.3604208102507622E+05   6.7112311172339821E-11   2.3521953548170534E-26   1.8824904607628854E+04
   1.0944300000000000E+10   5.3781482645812246E+05   6.6771149535043572E-11   2.3398096778063505E-26   1.8828351494564060E+04
   1.0951800000000000E+10   5.3959634722552577E+05   6.6431486844976177E-11   2.3274821177421254E-26   1.8831789755801146E+04
   1.0959300000000000E+10   5.4138681099396280E+05   6.6093304589633917E-11   2.3152119736119187E-26   1.8835219421982129E+04
   1.0966800000000000E+10   5.4318639148428256E+05   6.5756584125094233E-11   2.3029985405664093E-26   1.8838640523605773E+04
   1.0974300000000000E+10   5.4499526870682975E+05   6.5421306672711325E-11   2.2908411098025935E-26   1.8842053091027730E+04
   1.0981800000000000E+10   5.4681362919629423E+05   6.5087453315549953E-11   2.2787389684377042E-26   1.8845457154462332E+04
   1.0989300000000000E+10   5.4864166624515061E+05   6.4755004994527757E-11   2.2666913993733451E-26   1.8848852743982297E+04
   1.0996800000000000E+10   5.5047958013472112E+05   6.4423942504270882E-11   2.2546976811494203E-26   1.8852239889520923E+04
   1.1004300000000000E+10   5.5232757836285967E+05   6.4094246488657480E-11   2.2427570877876238E-26   1.8855618620871817E+04
   1.1011800000000000E+10   5.5418587586724025E+05   6.3765897436062134E-11   2.2308688886243717E-26   1.8858988967690599E+04
   1.1019300000000000E+10   5.5605469524320401E+05   6.3438875674290939E-11   2.2190323481332713E-26   1.8862350959495354E+04
   1.1026800000000000E+10   5.5793426695512014E+05   6.3113161365220879E-11   2.2072467257373805E-26   1.8865704625667433E+04
   1.1034300000000000E+10   5.5982482954018936E+05   6.2788734499155462E-11   2.1955112756117136E-26   1.8869049995452529E+04
   1.1041800000000000E+10   5.6172662980363995E+05   6.2465574888913163E-11   2.1838252464766692E-26   1.8872387097961338E+04
   1.1049300000000000E+10   5.6363992300425179E+05   6.2143662163676088E-11   2.1721878813832530E-26   1.8875715962170532E+04
   1.1056800000000000E+10   5.6556497302917333E+05   6.1822975762628553E-11   2.1605984174911996E-26   1.8879036616923535E+04
   1.1064300000000000E+10   5.6750205255700077E+05   6.1503494928423922E-11   2.1490560858413319E-26   1.8882349090931253E+04
   1.1071800000000000E+10   5.6945144320813252E+05   6.1185198700526108E-11   2.1375601111237320E-26   1.8885653412773183E+04
   1.1079300000000000E+10   5.7141343568143318E+05   6.0868065908473810E-11   2.1261097114435222E-26   1.8888949610897791E+04
   1.1086800000000000E+10   5.7338832987629261E+05   6.0552075165131606E-11   2.1147040980863200E-26   1.8892237713623865E+04
   1.1094300000000000E+10   5.7537643499921111E+05   6.0237204859986756E-11   2.1033424752856597E-26   1.8895517749140603E+04
   1.1101800000000000E+10   5.7737806965410884E+05   5.9923433152572555E-11   2.0920240399949082E-26   1.8898789745509086E+04
   1.1109300000000000E+10   5.7939356191561697E+05   5.9610737966091128E-11   2.0807479816664595E-26   1.8902053730662883E+04
   1.1116800000000000E+10   5.8142324938468996E+05   5.9299096981323936E-11   2.0695134820412044E-26   1.8905309732408485E+04
   1.1124300000000000E+10   5.8346747922595963E+05   5.8988487630925376E-11   2.0583197149515096E-26   1.8908557778426271E+04
   1.1131800000000000E+10   5.8552660818634951E+05   5.8678887094198690E-11   2.0471658461411527E-26   1.8911797896271913E+04
   1.1139300000000000E+10   5.8760100259456306E+05   5.8370272292451919E-11   2.0360510331058660E-26   1.8915030113376004E+04
   1.1146800000000000E+10   5.8969103834117576E+05   5.8062619885056996E-11   2.0249744249583154E-26   1.8918254457045601E+04
   1.1154300000000000E+10   5.9179710083917505E+05   5.7755906266318047E-11   2.0139351623215492E-26   1.8921470954464719E+04
   1.1161800000000000E+10   5.9391958496492123E+05   5.7450107563273979E-11   2.0029323772550618E-26   1.8924679632695090E+04
   1.1169300000000000E+10   5.9605889497963642E+05   5.7145199634559243E-11   1.9919651932177944E-26   1.8927880518677026E+04
   1.1176800000000000E+10   5.9821544443167094E+05   5.6841158070448579E-11   1.9810327250724704E-26   1.8931073639229715E+04
   1.1184300000000000E+10   6.0038965603994520E+05   5.6537958194221953E-11   1.9701340791357736E-26   1.8934259021052832E+04
   1.1191800000000000E+10   6.0258196155912837E+05   5.6235575064971621E-11   1.9592683532789191E-26   1.8937436690726016E+04
   1.1199300000000000E+10   6.0479280162727088E+05   5.5933983481997542E-11   1.9484346370832000E-26   1.8940606674710551E+04
   1.1206800000000000E+10   6.0702262559679232E+05   5.5633157990914552E-11   1.9376320120550918E-26   1.8943768999349970E+04
   1.1214300000000000E+10   6.0927189134988759E+05   5.5333072891605065E-11   1.9268595519054490E-26   1.8946923690870051E+04
   1.1221800000000000E+10   6.1154106509962305E+05   5.5033702248153306E-11   1.9161163228972594E-26   1.8950070775380162E+04
   1.1229300000000000E+10   6.1383062117815926E+05   5.4735019900882370E-11   1.9054013842663057E-26   1.8953210278873921E+04
   1.1236800000000000E+10   6.1614104181376006E+05   5.4436999480617373E-11   1.8947137887189251E-26   1.8956342227229441E+04
   1.1244300000000000E+10   6.1847281689843489E+05   5.4139614425296292E-11   1.8840525830108741E-26   1.8959466646210403E+04
   1.1251800000000000E+10   6.2082644374827587E+05   5.3842837999034023E-11   1.8734168086110529E-26   1.8962583561466319E+04
   1.1259300000000000E+10   6.2320242685876938E+05   5.3546643313746866E-11   1.8628055024535754E-26   1.8965692998533603E+04
   1.1266800000000000E+10   6.2560127765758522E+05   5.3251003353427070E-11   1.8522176977813251E-26   1.8968794982836000E+04
   1.1274300000000000E+10   6.2802351425756200E+05   5.2955891001151032E-11   1.8416524250837753E-26   1.8971889539684940E+04
   1.1281800000000000E+10   6.3046966121285665E+05   5.2661279068893971E-11   1.8311087131314259E-26   1.8974976694280496E+04
   1.1289300000000000E+10   6.3294024928145634E+05   5.2367140330206112E-11   1.8205855901087277E-26   1.8978056471712309E+04
   1.1296800000000000E+10   6.3543581519749400E+05   5.2073447555789155E-11   1.8100820848468677E-26   1.8981128896959293E+04
   1.1304300000000000E+10   6.3795690145706991E+05   5.1780173552007211E-11   1.7995972281571915E-26   1.8984193994891131E+04
   1.1311800000000000E+10   6.4050405612153315E+05   5.1487291202331597E-11   1.7891300542654571E-26   1.8987251790268376E+04
   1.1319300000000000E+10   6.4307783264244779E+05   5.1194773511713432E-11   1.7786796023464131E-26   1.8990302307743092E+04
   1.1326800000000000E+10   6.4567878971274069E+05   5.0902593653851705E-11   1.7682449181575225E-26   1.8993345571859671E+04
   1.1334300000000000E+10   6.4830749114881677E+05   5.0610725021301276E-11   1.7578250557698589E-26   1.8996381607055067E+04
   1.1341800000000000E+10   6.5096450580870896E+05   5.0319141278347280E-11   1.7474190793934354E-26   1.8999410437659608E+04
   1.1349300000000000E+10   6.5365040755165240E+05   5.0027816416542443E-11   1.7370260652933446E-26   1.9002432087897538E+04
   1.1356800000000000E+10   6.5636577524476557E+05   4.9736724812780946E-11   1.7266451037922410E-26   1.9005446581887372E+04
   1.1364300000000000E+10   6.5911119282287208E+05   4.9445841289756985E-11   1.7162753013537353E-26   1.9008453943642809E+04
   1.1371800000000000E+10   6.6188724940781610E+05   4.9155141178623192E-11   1.7059157827403266E-26   1.9011454197072944E+04
   1.1379300000000000E+10   6.6469453949400259E+05   4.8864600383641197E-11   1.6955656932385087E-26   1.9014447365982949E+04
   1.1386800000000000E+10   6.6753366320725193E+05   4.8574195448583127E-11   1.6852242009426306E-26   1.9017433474074827E+04
   1.1394300000000000E+10   6.7040522664446174E+05   4.8283903624610321E-11   1.6748904990880700E-26   1.9020412544947423E+04
   1.1401800000000000E+10   6.7330984230197524E+05   4.7993702939331109E-11   1.6645638084231746E-26   1.9023384602097383E+04
   1.1409300000000000E+10   6.7624812960100034E+05   4.7703572266699471E-11   1.6542433796083380E-26   1.9026349668919749E+04
   1.1416800000000000E+10   6.7922071551887086E+05   4.7413491397387344E-11   1.6439284956294601E-26   1.9029307768708240E+04
   1.1424300000000000E+10   6.8222823533544561E+05   4.7123441109231847E-11   1.6336184742119191E-26   1.9032258924655893E+04
   1.1431800000000000E+10   6.8527133350443945E+05   4.6833403237322940E-11   1.6233126702200457E-26   1.9035203159855540E+04
   1.1439300000000000E+10   6.8835066466005379E+05   4.6543360743265636E-11   1.6130104780259548E-26   1.9038140497300516E+04
   1.1446800000000000E+10   6.9146689476982225E+05   4.6253297783115065E-11   1.6027113338304858E-26   1.9041070959884753E+04
   1.1454300000000000E+10   6.9462070244525373E+05   4.5963199773455924E-11   1.5924147179178456E-26   1.9043994570403946E+04
   1.1461800000000000E+10   6.9781278042247333E+05   4.5673053455055630E-11   1.5821201568244793E-26   1.9046911351555540E+04
   1.1469300000000000E+10   7.0104383722581097E+05   4.5382846953499917E-11   1.5718272254016064E-26   1.9049821325939734E+04
   1.1476800000000000E+10   7.0431459902799840E+05   4.5092569836178347E-11   1.5615355487497975E-26   1.9052724516059716E+04
   1.1484300000000000E+10   7.0762581172150280E+05   4.4802213164964773E-11   1.5512448040029648E-26   1.9055620944322178E+04
   1.1491800000000000E+10   7.1097824321631016E+05   4.4511769543905229E-11   1.5409547219381660E-26   1.9058510633038084E+04
   1.1499300000000000E+10   7.1437268598049204E+05   4.4221233161199094E-11   1.5306650883866804E-26   1.9061393604423505E+04
   1.1506800000000000E+10   7.1780995984074450E+05   4.3930599824729683E-11   1.5203757454209681E-26   1.9064269880599182E+04
   1.1514300000000000E+10   7.2129091653823550E+05   4.3639866515324614E-11   1.5100865758525116E-26   1.9067139483592138E+04
   1.1521800000000000E+10   7.2481644743281836E+05   4.3349030034451381E-11   1.4997974564131250E-26   1.9070002435336137E+04
   1.1529300000000000E+10   7.2838749007889873E+05   4.3058086115252708E-11   1.4895082270068929E-26   1.9072858757671554E+04
   1.1536800000000000E+10   7.3200503216321126E+05   4.2767029422541734E-11   1.4792186907366892E-26   1.9075708472347273E+04
   1.1544300000000000E+10   7.3567011554816901E+05   4.2475853547555129E-11   1.4689286137493846E-26   1.9078551601020110E+04
   1.1551800000000000E+10   7.3938384043308569E+05   4.2184550997421013E-11   1.4586377248980991E-26   1.9081388165256431E+04
   1.1559300000000000E+10   7.4314736541655974E+05   4.1893112962215828E-11   1.4483457077154100E-26   1.9084218186532140E+04
   1.1566800000000000E+10   7.4696190552354290E+05   4.1601528979246182E-11   1.4380521888407348E-26   1.9087041686233995E+04
   1.1574300000000000E+10   7.5082873442337848E+05   4.1309786816787169E-11   1.4277567340427393E-26   1.9089858685659747E+04
   1.1581800000000000E+10   7.5474918872311991E+05   4.1017872457859026E-11   1.4174588477019515E-26   1.9092669206018832E+04
   1.1589300000000000E+10   7.5872467241530283E+05   4.0725770081316409E-11   1.4071579722006815E-26   1.9095473268433350E+04
   1.1596800000000000E+10   7.6275666149797244E+05   4.0433462040407887E-11   1.3968534872257920E-26   1.9098270893938465E+04
   1.1604300000000000E+10   7.6684670879253920E+05   4.0140928838936764E-11   1.3865447089889619E-26   1.9101062103483102E+04
   1.1611800000000000E+10   7.7099644897053658E+05   3.9848149105127930E-11   1.3762308893680138E-26   1.9103846917930565E+04
   1.1619300000000000E+10   7.7520760386139888E+05   3.9555099563279144E-11   1.3659112149722729E-26   1.9106625358059591E+04
   1.1626800000000000E+10   7.7948198803780100E+05   3.9261755003264197E-11   1.3555848061342108E-26   1.9109397444564511E+04
   1.1634300000000000E+10   7.8382151468903758E+05   3.8968088247932322E-11   1.3452507158290827E-26   1.9112163198056238E+04
   1.1641800000000000E+10   7.8822820184222225E+05   3.8674070118427582E-11   1.3349079285232974E-26   1.9114922639063181E+04
   1.1649300000000000E+10   7.9270417896867695E+05   3.8379669397435065E-11   1.3245553589520510E-26   1.9117675788031604E+04
   1.1656800000000000E+10   7.9725169401651062E+05   3.8084852790356279E-11   1.3141918508261691E-26   1.9120422665326147E+04
   1.1664300000000000E+10   8.0187312090607907E+05   3.7789584884402051E-11   1.3038161754678343E-26   1.9123163291231587E+04
   1.1671800000000000E+10   8.0657096754745848E+05   3.7493828105575147E-11   1.2934270303745222E-26   1.9125897685952263E+04
   1.1679300000000000E+10   8.1134788442881149E+05   3.7197542673524900E-11   1.2830230377102658E-26   1.9128625869613803E+04
   1.1686800000000000E+10   8.1620667384207493E+05   3.6900686554235449E-11   1.2726027427232747E-26   1.9131347862263741E+04
   1.1694300000000000E+10   8.2115029981135600E+05   3.6603215410518910E-11   1.2621646120888525E-26   1.9134063683871791E+04
   1.1701800000000000E+10   8.2618189880101359E+05   3.6305082550285282E-11   1.2517070321766964E-26   1.9136773354331257E+04
   1.1709300000000000E+10   8.3130479129260546E+05   3.6006238872562306E-11   1.2412283072417856E-26   1.9139476893459592E+04
   1.1716800000000000E+10   8.3652249432008853E+05   3.5706632811252035E-11   1.2307266575384399E-26   1.9142174320998882E+04
   1.1724300000000000E+10   8.4183873508534045E+05   3.5406210276625618E-11   1.2202002173576248E-26   1.9144865656617523E+04
   1.1731800000000000E+10   8.4725746575842297E+05   3.5104914594572319E-11   1.2096470329881692E-26   1.9147550919910431E+04
   1.1739300000000000E+10   8.5278287963178102E+05   3.4802686443648975E-11   1.1990650606036392E-26   1.9150230130400167E+04
   1.1746800000000000E+10   8.5841942875292059E+05   3.4499463790012206E-11   1.1884521640774507E-26   1.9152903307537628E+04
   1.1754300000000000E+10   8.6417184321537311E+05   3.4195181820346652E-11   1.1778061127306968E-26   1.9155570470703566E+04
   1.1761800000000000E+10   8.7004515203543182E+05   3.3889772872947608E-11   1.1671245790175222E-26   1.9158231639208963E+04
   1.1769300000000000E+10   8.7604470587550593E+05   3.3583166367098718E-11   1.1564051361538129E-26   1.9160886832296335E+04
   1.1776800000000000E+10   8.8217620177657797E+05   3.3275288730933238E-11   1.1456452556945849E-26   1.9163536069140871E+04
   1.1784300000000000E+10   8.8844571021565178E+05   3.2966063327961880E-11   1.1348423050678681E-26   1.9166179368851081E+04
   1.1791800000000000E+10   8.9485970469826926E+05   3.2655410382540744E-11   1.1239935450727630E-26   1.9168816750470705E+04
   1.1799300000000000E+10   9.0142509426986508E+05   3.2343246904546474E-11   1.1130961273529299E-26   1.9171448232978906E+04
   1.1806800000000000E+10   9.0814925923269300E+05   3.2029486613659989E-11   1.1021470918570738E-26   1.9174073835292351E+04
   1.1814300000000000E+10   9.1504009053430252E+05   3.1714039863666643E-11   1.0911433643028410E-26   1.9176693576265894E+04
   1.1821800000000000E+10   9.2210603322118113E+05   3.1396813567351025E-11   1.0800817536615722E-26   1.9179307474694044E+04
   1.1829300000000000E+10   9.2935613453189284E+05   3.1077711122605022E-11   1.0689589496875635E-26   1.9181915549312835E+04
   1.1836800000000000E+10   9.3680009716606431E+05   3.0756632340570227E-11   1.0577715205176689E-26   1.9184517818800738E+04
   1.1844300000000000E+10   9.4444833845086547E+05   3.0433473376725981E-11   1.0465159103748425E-26   1.9187114301780395E+04
   1.1851800000000000E+10   9.5231205613071367E+05   3.0108126666083767E-11   1.0351884374130493E-26   1.9189705016820157E+04
   1.1859300000000000E+10   9.6040330170419649E+05   2.9780480863794501E-11   1.0237852917506545E-26   1.9192289982436407E+04
   1.1866800000000000E+10   9.6873506228695461E+05   2.9450420792786484E-11   1.0123025337455138E-26   1.9194869217094190E+04
   1.1874300000000000E+10   9.7732135220369720E+05   2.9117827400283501E-11   1.0007360925771140E-26   1.9197442739210575E+04
   1.1881800000000000E+10   9.8617731563005620E+05   2.8782577725436978E-11   9.8908176521031756E-27   1.9200010567155950E+04
   1.1889300000000000E+10   9.9531934187447024E+05   2.8444544880644081E-11   9.7733521583064072E-27   1.9202572719256415E+04
   1.1896800000000000E+10   1.0047651950889793E+06   2.8103598049627297E-11   9.6549197585432736E-27   1.9205129213796488E+04
   1.1904300000000000E+10   1.0145341605391175E+06   2.7759602505815422E-11   9.5354744463625292E-27   1.9207680069020695E+04
   1.1911800000000000E+10   1.0246472098718013E+06   2.7412419655234316E-11   9.4149689101755883E-27   1.9210225303138046E+04
   1.1919300000000000E+10   1.0351271882692392E+06   2.7061907108755559E-11   9.2933545588071437E-27   1.9212764934323928E+04
   1.1926800000000000E+10   1.0459990268537066E+06   2.6707918789433247E-11   9.1705815590601620E-27   1.9215298980723474E+04
   1.1934300000000000E+10   1.0572899842528289E+06   2.6350305081558761E-11   9.0465988875773912E-27   1.9217827460455712E+04
   1.1941800000000000E+10   1.0690299222899023E+06   2.5988913029228739E-11   8.9213543996429838E-27   1.9220350391617081E+04
   1.1949300000000000E+10   1.0812516198220868E+06   2.5623586593444268E-11   8.7947949180395764E-27   1.9222867792285710E+04
   1.1956800000000000E+10   1.0938759647668793E+06   2.5254166978227025E-11   8.6668663455336564E-27   1.9225379680351016E+04
   1.1964300000000000E+10   1.1065507113590043E+06   2.4880460202757287E-11   8.5375025383618743E-27   1.9227886072938269E+04
   1.1971800000000000E+10   1.1190182710673397E+06   2.4502161059917412E-11   8.4065992242542387E-27   1.9230386986172958E+04
   1.1979300000000000E+10   1.1312786404958807E+06   2.4118850757692005E-11   8.2740132179508468E-27   1.9232882435734860E+04
   1.1986800000000000E+10   1.1433440437514398E+06   2.3730148939428349E-11   8.1396145894282974E-27   1.9235372437263963E+04
   1.1994300000000000E+10   1.1552533380082822E+06   2.3336030159824041E-11   8.0033951952128568E-27   1.9237857006413931E+04
   1.2001800000000000E+10   1.1670494849817196E+06   2.2936176004300780E-11   7.8652464283045904E-27   1.9240336158891427E+04
   1.2009300000000000E+10   1.1786445424447265E+06   2.2529632609170153E-11   7.7248418560421925E-27   1.9242809910278094E+04
   1.2016800000000000E+10   1.1898213443281755E+06   2.2115284067947852E-11   7.5817996567075942E-27   1.9245278275685221E+04
   1.2024300000000000E+10   1.2004655573721000E+06   2.1691877283357122E-11   7.4356911744301772E-27   1.9247741269740636E+04
   1.2031800000000000E+10   1.2105849574205000E+06   2.1258048201387932E-11   7.2860499377882343E-27   1.9250198906902708E+04
   1.2039300000000000E+10   1.2202018028720075E+06   2.0812318314376448E-11   7.1323704861475548E-27   1.9252651201641409E+04
   1.2046800000000000E+10   1.2293550319293032E+06   2.0353089844236032E-11   6.9741067404992213E-27   1.9255098168473352E+04
   1.2054300000000000E+10   1.2381027412358918E+06   1.9878639507684857E-11   6.8106698942625319E-27   1.9257539822001680E+04
   1.2061800000000000E+10   1.2465251123599578E+06   1.9387110810544410E-11   6.6414257956967087E-27   1.9259976176955228E+04
   1.2069300000000000E+10   1.2546543022842982E+06   1.8882237039933662E-11   6.4676552542439128E-27   1.9262407248147887E+04
   1.2076800000000000E+10   1.2623142655621953E+06   1.8384090004145911E-11   6.2962340817642677E-27   1.9264833050188896E+04
   1.2084300000000000E+10   1.2693430022913604E+06   1.7909318252813569E-11   6.1328623713642609E-27   1.9267253597310420E+04
   1.2091800000000000E+10   1.2757551496110361E+06   1.7460379756998195E-11   5.9783785525489017E-27   1.9269668903616508E+04
   1.2099300000000000E+10   1.2815668151297232E+06   1.7039658944459152E-11   5.8335954717436541E-27   1.9272078983278570E+04
   1.2106800000000000E+10   1.2867948550562251E+06   1.6649439799704062E-11   5.6992912017430014E-27   1.9274483850530603E+04
   1.2114300000000000E+10   1.2914561342222935E+06   1.6291879850608822E-11   5.5762001617421905E-27   1.9276883519665011E+04
   1.2121800000000000E+10   1.2955668067824922E+06   1.5968985387050135E-11   5.4650046660067144E-27   1.9279278005025113E+04
   1.2129300000000000E+10   1.2991416529733406E+06   1.5682588235117021E-11   5.3663270101100796E-27   1.9281667320995919E+04
   1.2136800000000000E+10   1.3021935033485938E+06   1.5434324377010793E-11   5.2807221952836164E-27   1.9284051481994884E+04
   1.2144300000000000E+10   1.3047327705478454E+06   1.5225614680444837E-11   5.2086713784418331E-27   1.9286430502460375E+04
   1.2151800000000000E+10   1.3067670974247919E+06   1.5057647961292972E-11   5.1505761261414354E-27   1.9288804396840384E+04
   1.2159300000000000E+10   1.3083011148148933E+06   1.4931366577130845E-11   5.1067535366327458E-27   1.9291173179579771E+04
   1.2166800000000000E+10   1.3093310433393123E+06   1.4847454708470546E-11   5.0774322859278115E-27   1.9293536865105674E+04
